,cell_line,modification,family_name,r,p_value,ci_low,ci_high
0,Caco-2,H3K4me1,Alu,0.001244009846163723,0.1917867695440459,-0.0006239089043545337,0.00311191991570848
1,Caco-2,H3K4me1,L1,0.0009527035957368672,0.4895562822991987,-0.001749503677021614,0.0036548969554155786
2,Caco-2,H3K4me1,MIR,4.425934242880648e-05,0.974627587233664,-0.0026831938941218997,0.0027717119204890713
3,Caco-2,H3K4me1,L2,-0.0003123817354585513,0.8520416957990911,-0.0035950012779802044,0.002970244539273238
4,Caco-2,H3K4me1,ERVL-MaLR,0.0041181615797003315,0.040197763253603136,0.00018413898071539722,0.008052056710919861
5,Caco-2,H3K4me1,hAT-Charlie,0.0026464252235022865,0.2147436733537986,-0.001534456029881047,0.006827213960486788
6,Caco-2,H3K4me1,ERV1,-0.00238111744498047,0.43834562702948365,-0.00840284609482329,0.0036407838952213422
7,Caco-2,H3K4me1,ERVL,0.009040726667018174,0.0038354315578042527,0.002912330162537199,0.01516844410169389
8,Caco-2,H3K4me1,TcMar-Tigger,-0.004359415587050743,0.17041295895708067,-0.010591840746733904,0.0018733482641083415
9,Caco-2,H3K4me1,hAT-Tip100,0.002611905301911322,0.5470337615311393,-0.005888833052925551,0.011112266185046753
10,Caco-2,H3K4me1,CR1,0.0031491382730706907,0.5047825844233249,-0.006104769495659238,0.012402506716176955
11,Caco-2,H3K4me1,Gypsy,-0.01467191259534418,0.0662891762287307,-0.030324188469124005,0.0009875571846564269
12,Caco-2,H3K4me1,hAT-Blackjack,-0.00945008324796338,0.24684104267658594,-0.025439742285121483,0.0065444098721674235
13,Caco-2,H3K4me1,TcMar-Mariner,-0.004224888153925884,0.6074162856868688,-0.020340064568152832,0.011892482996036933
14,Caco-2,H3K4me1,RTE-X,0.02109724683969831,0.04056871272709427,0.0009041172040311459,0.04127317814256778
15,Caco-2,H3K4me1,ERVK,0.006793636631144045,0.564097540161643,-0.016292260345403074,0.029872294089744997
16,Caco-2,H3K4me1,TcMar-Tc2,-0.009411640307886328,0.4473920801481154,-0.03368020804119984,0.01486801969804628
17,Caco-2,H3K4me1,SVA,-0.007482178367615686,0.6011714820625358,-0.03552455823702296,0.020571974698405906
18,Caco-2,H3K4me1,RTE-BovB,0.0003774864474466282,0.9796155951866188,-0.02857269393373062,0.029327034089807576
19,Caco-2,H3K4me1,tRNA-RTE,-0.02040896302859011,0.20402404437160446,-0.05186630731869567,0.011088842038050935
20,Caco-2,H3K4me1,hAT-Ac,-0.000666463781777198,0.9707234711744767,-0.03624513228316096,0.034913892075606336
21,Caco-2,H3K4me1,hAT,-0.0021850066311812954,0.9097971861552804,-0.03996737970355844,0.03560360572879585
22,Caco-2,H3K4me1,MULE-MuDR,-0.013009403849536163,0.5326254078360072,-0.05382786295441636,0.027852459847160584
23,Caco-2,H3K4me1,PiggyBac,0.01567501914466101,0.4742778728472977,-0.02726367167641315,0.05855597245868084
24,Caco-2,H3K4me1,5S-Deu-L2,-0.024512268082991635,0.287724048475262,-0.06961438508276076,0.020689855890981466
25,Caco-2,H3K4me1,Helitron,-0.04049358250006181,0.09687886269627483,-0.08813850275348564,0.007336198158468577
26,Caco-2,H3K4me1,hAT-Tag1,-0.004321627205952469,0.8594231854260282,-0.05210710378824459,0.04348359435482152
27,Caco-2,H3K4me1,tRNA,0.015027190111457554,0.5603481981080903,-0.03554874088168049,0.06552634362651977
28,Caco-2,H3K4me1,Penelope,0.04115507284254087,0.29256112166916803,-0.035538483295484945,0.11736671472911993
29,Caco-2,H3K4me1,TcMar-Tc1,0.0221821062005515,0.5715146952738961,-0.05464533288321956,0.0987484489459151
30,Caco-2,H3K4me1,Dong-R4,-0.09988906818239747,0.03886188589984917,-0.19307797795414966,-0.004914180617177135
31,Caco-2,H3K4me1,tRNA-Deu,-0.029422901320265215,0.5485854486867514,-0.12500575909462805,0.06670108871520432
32,Caco-2,H3K4me1,Kolobok,0.11615651037231196,0.028878311132956334,0.011715231568274281,0.2180907261347864
33,Caco-2,H3K4me1,PIF-Harbinger,0.010999787217019464,0.8377581115699306,-0.09409211247539026,0.11584924802629801
34,Caco-2,H3K4me1,Crypton,0.017289849453754825,0.7721263982695157,-0.0995169400110568,0.1336265975721502
35,Caco-2,H3K4me1,Merlin,-0.14365829059946322,0.037052126876131804,-0.27406841716511277,-0.00806038328150389
36,Caco-2,H3K4me1,TcMar,0.11002839542933292,0.11996569697551332,-0.029225520478284226,0.2450927111923412
37,Caco-2,H3K4me1,L1-Tx1,0.01966030264332556,0.8196217533757807,-0.14856098745522786,0.18677576953532815
38,Caco-2,H3K4me1,Crypton-A,-0.039412101486679986,0.654916566653224,-0.20958550185754832,0.13307865193634297
39,Caco-2,H3K4me1,I-Jockey,0.06272819942544713,0.516991446969639,-0.12705466102381974,0.24808048584438125
40,Caco-2,H3K4me1,hAT-Tip100?,0.0477106227106227,0.7081248943712366,-0.20058650116091814,0.29024823598081495
41,Caco-2,H3K4me1,TcMar-Pogo,-0.12573313782991202,0.4929117670654154,-0.4556390137852732,0.23454126608069503
42,Caco-2,H3K4me1,hAT?,0.008021390374331552,0.9646626688942839,-0.3362185821062575,0.3503705949821948
43,Caco-2,H3K4me1,hAT-hAT19,0.18235294117647058,0.49907485724580003,-0.34845230279353717,0.6245997955481012
44,Caco-2,H3K9me3,Alu,0.00044073998000299265,0.6436260177578873,-0.001426464856078799,0.002307941742850001
45,Caco-2,H3K9me3,L1,0.0009346496932393205,0.49771098710019135,-0.0017668566702568368,0.0036361424143901244
46,Caco-2,H3K9me3,MIR,0.00101501272415337,0.4657306667971636,-0.0017122581476616185,0.0037422684966941042
47,Caco-2,H3K9me3,L2,-0.0006256486104129538,0.7087171254591387,-0.003908061496742203,0.0026567777577464523
48,Caco-2,H3K9me3,ERVL-MaLR,0.003727514660356913,0.06324106440455503,-0.0002056474175904317,0.00766056141253975
49,Caco-2,H3K9me3,hAT-Charlie,-0.0024681090750917982,0.24720725138389255,-0.00664844730109526,0.001712315414753276
50,Caco-2,H3K9me3,ERV1,-0.0005085652635070838,0.8685111637671417,-0.006529448538210736,0.0055123548834666615
51,Caco-2,H3K9me3,ERVL,0.0006775765511623329,0.8284123614778052,-0.005449711369525433,0.006804813594845582
52,Caco-2,H3K9me3,TcMar-Tigger,0.00318280412266079,0.31684846050748505,-0.0030494513301980966,0.009414812336182615
53,Caco-2,H3K9me3,hAT-Tip100,0.005957601087491031,0.16953648058692428,-0.0025427165436772967,0.014457057837599497
54,Caco-2,H3K9me3,CR1,-0.011887266812256502,0.011807445807981046,-0.02113876901883042,-0.002633729001004889
55,Caco-2,H3K9me3,Gypsy,-0.0034717439008658778,0.6639126995403966,-0.019129651218952434,0.01218786595817444
56,Caco-2,H3K9me3,hAT-Blackjack,-0.01898015073339325,0.020010584120013327,-0.03496359144046266,-0.0029870029071904273
57,Caco-2,H3K9me3,TcMar-Mariner,0.0015599998002653497,0.8495526124391426,-0.014557955349028245,0.017677144448396815
58,Caco-2,H3K9me3,RTE-X,-0.006742110830825127,0.5128147244834895,-0.02692780108965637,0.01344907548295389
59,Caco-2,H3K9me3,ERVK,-0.006651439478058182,0.5721490509715735,-0.02972220833289549,0.016426412459347683
60,Caco-2,H3K9me3,TcMar-Tc2,-5.988453949930445e-05,0.9961423136026374,-0.02433185156500937,0.024212153045580012
61,Caco-2,H3K9me3,SVA,-0.018580334091754493,0.19387242099095806,-0.04658498287413916,0.009453498775624727
62,Caco-2,H3K9me3,RTE-BovB,0.013035701959675353,0.3773620261371813,-0.01590877129297381,0.04195834580905028
63,Caco-2,H3K9me3,tRNA-RTE,0.005810624318540076,0.7176199585929859,-0.025677678011019296,0.03728740785306447
64,Caco-2,H3K9me3,hAT-Ac,0.005694348594711072,0.7538402584766886,-0.02989151973497904,0.04126580017717805
65,Caco-2,H3K9me3,hAT,0.025754981240428736,0.18158688093781353,-0.012041603235237354,0.06347807385407872
66,Caco-2,H3K9me3,MULE-MuDR,-0.05697631430119079,0.006237896522384944,-0.09762736561651174,-0.016135459977610095
67,Caco-2,H3K9me3,PiggyBac,0.019094029424862838,0.3834083224089233,-0.02384713666424792,0.061964868566709734
68,Caco-2,H3K9me3,5S-Deu-L2,-0.023078804120644822,0.31672742513588886,-0.06817418762401152,0.02211069122027179
69,Caco-2,H3K9me3,Helitron,0.0006716885248965793,0.9780329149759436,-0.047111640298384945,0.048451950282707275
70,Caco-2,H3K9me3,hAT-Tag1,-0.034127901301359995,0.16180486282893658,-0.08180433590358119,0.013704370264383392
71,Caco-2,H3K9me3,tRNA,-0.02936477787980798,0.2550758419214584,-0.07980325834113436,0.021223686555500283
72,Caco-2,H3K9me3,Penelope,-0.010141121100562082,0.7955948850597563,-0.086683457939624,0.06652024092724544
73,Caco-2,H3K9me3,TcMar-Tc1,-0.002785081036957647,0.9435017137786832,-0.07967016358331265,0.07413294286018801
74,Caco-2,H3K9me3,Dong-R4,0.06047546132409237,0.21180766684068578,-0.034595943670047806,0.15446214871182543
75,Caco-2,H3K9me3,tRNA-Deu,0.055046209217562515,0.26147834718538027,-0.04115852862499862,0.150239649770452
76,Caco-2,H3K9me3,Kolobok,0.06878059881123237,0.19668577417175973,-0.03583407335748389,0.17190417386462079
77,Caco-2,H3K9me3,PIF-Harbinger,0.03764769980877538,0.48327653313257135,-0.06763672045629228,0.14210288333929944
78,Caco-2,H3K9me3,Crypton,-0.06639538326720795,0.26561030768502497,-0.18171189798466106,0.050722494849775014
79,Caco-2,H3K9me3,Merlin,-0.13076683799703934,0.05791175940555264,-0.26176167050215704,0.004958791324736992
80,Caco-2,H3K9me3,TcMar,0.14703407082126016,0.0372602611667966,0.008068061001042215,0.2804284035176168
81,Caco-2,H3K9me3,L1-Tx1,-0.19453315243389302,0.022732763515618638,-0.35220061486049636,-0.02612894183718683
82,Caco-2,H3K9me3,Crypton-A,-0.1096337578603129,0.21256228495354312,-0.27644977396022424,0.06359561237540501
83,Caco-2,H3K9me3,I-Jockey,0.1334074691872857,0.16668096071629246,-0.056944535617647854,0.31440049597129094
84,Caco-2,H3K9me3,hAT-Tip100?,-0.04642857142857143,0.7156305842266129,-0.2890642091899889,0.20181212374973315
85,Caco-2,H3K9me3,TcMar-Pogo,-0.24926686217008792,0.16888489223347697,-0.5540437365578839,0.11443204848899192
86,Caco-2,H3K9me3,hAT?,0.022727272727272728,0.9000959400442231,-0.3231441074484131,0.3632425012027816
87,Caco-2,H3K9me3,hAT-hAT19,-0.011764705882352941,0.9655081698956276,-0.5045417383784665,0.48679378978142623
88,SJCRH30,H3K27ac,Alu,-0.0005721800290642236,0.5477958610079937,-0.0024379474389842125,0.0012935913644836728
89,SJCRH30,H3K27ac,L1,0.002782810812104316,0.04335976668646621,8.300723859058922e-05,0.005482573818435072
90,SJCRH30,H3K27ac,MIR,-0.00016376202854672577,0.906273263875355,-0.0028898150879977246,0.002562293464857419
91,SJCRH30,H3K27ac,L2,0.003909886817210325,0.0195245126924414,0.0006284877734928915,0.007191201661765401
92,SJCRH30,H3K27ac,ERVL-MaLR,0.0036887033004896126,0.06575926779989101,-0.0002403788819837141,0.007617671594622054
93,SJCRH30,H3K27ac,hAT-Charlie,0.0029935355256905417,0.16016639721154496,-0.0011838875368916071,0.007170854110390138
94,SJCRH30,H3K27ac,ERV1,0.00500065829987421,0.10277165746287902,-0.0010065810352609045,0.011007536730911243
95,SJCRH30,H3K27ac,ERVL,0.0010986039001872807,0.725041315857742,-0.005023194502794726,0.007220319960704605
96,SJCRH30,H3K27ac,TcMar-Tigger,0.004965663359093156,0.11811964073047639,-0.0012623442881020631,0.011193285803527986
97,SJCRH30,H3K27ac,hAT-Tip100,-0.0013792869835000758,0.75035235983597,-0.009875454360871666,0.007117079526193372
98,SJCRH30,H3K27ac,CR1,-0.002419262511046592,0.6082537996284809,-0.01166962920430733,0.006831518232291182
99,SJCRH30,H3K27ac,Gypsy,-0.005262850211000613,0.5098237163741044,-0.02091015097730147,0.010387028142882612
100,SJCRH30,H3K27ac,hAT-Blackjack,0.007335282384308394,0.3682169161640939,-0.008642612040690235,0.02330943219146989
101,SJCRH30,H3K27ac,TcMar-Mariner,-0.0033004208568471615,0.687956419181253,-0.019404492868656916,0.012805363225389988
102,SJCRH30,H3K27ac,RTE-X,-0.012052310649888348,0.2418192918332113,-0.03222576796976064,0.008130962687797358
103,SJCRH30,H3K27ac,ERVK,-0.022011324586036454,0.06073866248725175,-0.04499477092632067,0.0009954110734586793
104,SJCRH30,H3K27ac,TcMar-Tc2,-0.004634360981222106,0.7079596628167939,-0.028875379363709697,0.019612105293344798
105,SJCRH30,H3K27ac,SVA,0.0016166952778858658,0.9101305368604371,-0.026451216830836503,0.0296820603211636
106,SJCRH30,H3K27ac,RTE-BovB,0.010164603840588827,0.4911049361830374,-0.01876944835265867,0.03908164508881792
107,SJCRH30,H3K27ac,tRNA-RTE,0.036283441234499475,0.023905726808021863,0.004791160292785579,0.06770382262897894
108,SJCRH30,H3K27ac,hAT-Ac,-0.014531281278646257,0.4233350948249739,-0.050069231665085506,0.021043419269072387
109,SJCRH30,H3K27ac,hAT,0.019070765696696485,0.32234092559799987,-0.01870370459703299,0.05679086999139388
110,SJCRH30,H3K27ac,MULE-MuDR,-0.010524082639562395,0.6134009726954828,-0.05131307720753648,0.030299964622868162
111,SJCRH30,H3K27ac,PiggyBac,-0.0005830796275601809,0.9787312671530273,-0.043427869886755184,0.042263851429943045
112,SJCRH30,H3K27ac,5S-Deu-L2,-0.033452507358443566,0.14654704631153598,-0.07849499237139823,0.011726279537905688
113,SJCRH30,H3K27ac,Helitron,-0.004304842897998338,0.8595104224896418,-0.05193486218492796,0.04334471685871379
114,SJCRH30,H3K27ac,hAT-Tag1,0.011329169261464043,0.6422323049744451,-0.03645971118764522,0.059066352459350685
115,SJCRH30,H3K27ac,tRNA,-0.010901305567400132,0.672506415810535,-0.06138149807562038,0.03963451327395206
116,SJCRH30,H3K27ac,Penelope,-0.009685136242953684,0.8045957881008766,-0.08623066482796436,0.06697406619815886
117,SJCRH30,H3K27ac,TcMar-Tc1,0.0196663073090158,0.6159237178929605,-0.057152352334358024,0.09625347093186758
118,SJCRH30,H3K27ac,Dong-R4,-0.004352555711665205,0.9284592937064657,-0.09909892295787963,0.09047202221198068
119,SJCRH30,H3K27ac,tRNA-Deu,0.018975457091101332,0.6988841253371993,-0.07708852326162687,0.1146903624033772
120,SJCRH30,H3K27ac,Kolobok,0.03976341023949702,0.45643409887645836,-0.06493002007923139,0.1435910096578233
121,SJCRH30,H3K27ac,PIF-Harbinger,-0.015022832709891127,0.7797394392673213,-0.11981982447257702,0.09010525008083527
122,SJCRH30,H3K27ac,Crypton,0.13451281563253992,0.023627355557144444,0.017672288195968357,0.24772902964066634
123,SJCRH30,H3K27ac,Merlin,-0.017384267228864454,0.8017832074822706,-0.1521057317531266,0.11797140411349707
124,SJCRH30,H3K27ac,TcMar,0.003329169629947989,0.9624011790453351,-0.13444267537914265,0.14097474659058135
125,SJCRH30,H3K27ac,L1-Tx1,-0.04417442481165019,0.6082583079623544,-0.210410546044206,0.12454447698708619
126,SJCRH30,H3K27ac,Crypton-A,0.06347681142870266,0.47134705040946856,-0.1094103902278614,0.23263617176341103
127,SJCRH30,H3K27ac,I-Jockey,0.06355296080066723,0.5114850973009442,-0.12624475307782154,0.24886207171930613
128,SJCRH30,H3K27ac,hAT-Tip100?,0.18439685314685317,0.14143960207740813,-0.06440289207748395,0.41161424200349395
129,SJCRH30,H3K27ac,TcMar-Pogo,0.08834310850439882,0.6306563470535195,-0.2692839162154985,0.4245583356173099
130,SJCRH30,H3K27ac,hAT?,-0.11718869365928188,0.509226495458543,-0.43897147052928476,0.23123782971125445
131,SJCRH30,H3K27ac,hAT-hAT19,0.2029411764705882,0.45096124172270946,-0.33047957514520065,0.6381004016505516
132,SJCRH30,H3K4me1,Alu,0.00043310381635432773,0.6493588182386176,-0.0014339629039705451,0.0023001675171372953
133,SJCRH30,H3K4me1,L1,-0.00040494302266327355,0.7688312673588492,-0.0031053869616148267,0.0022955068223131114
134,SJCRH30,H3K4me1,MIR,-0.0010173128996669785,0.464664249445353,-0.0037442254713039727,0.0017096148016532142
135,SJCRH30,H3K4me1,L2,-0.0011582957717883803,0.48908907709184146,-0.0044400793345510505,0.0021235127411277995
136,SJCRH30,H3K4me1,ERVL-MaLR,-0.0014834389401101747,0.45952785515260297,-0.005414426332922332,0.0024475942994983033
137,SJCRH30,H3K4me1,hAT-Charlie,-0.0005953626223885994,0.780077687819464,-0.004774468467631272,0.0035837640188928167
138,SJCRH30,H3K4me1,ERV1,-0.0004664338866054512,0.879140773323754,-0.0064784747863002295,0.005545640731451664
139,SJCRH30,H3K4me1,ERVL,0.002037725023559053,0.514326558365359,-0.004086754463669381,0.008162051646897667
140,SJCRH30,H3K4me1,TcMar-Tigger,-0.0004947551921371606,0.8763118049406124,-0.006724835668818099,0.005735363691549769
141,SJCRH30,H3K4me1,hAT-Tip100,-0.006988966051750197,0.10700247410957947,-0.015486665127192949,0.0015097425518272602
142,SJCRH30,H3K4me1,CR1,0.00014682033445636577,0.9751886020762031,-0.00910535232057341,0.009398967853120142
143,SJCRH30,H3K4me1,Gypsy,-0.003265045888938663,0.682645323356964,-0.018915031150123725,0.012386538916156084
144,SJCRH30,H3K4me1,hAT-Blackjack,-0.0033367767602898303,0.6823763881087057,-0.019316174825598335,0.012644325538646292
145,SJCRH30,H3K4me1,TcMar-Mariner,0.003917948737713337,0.6337039059809962,-0.012196648968182903,0.020030511841404083
146,SJCRH30,H3K4me1,RTE-X,0.008008201531289168,0.43674882961210804,-0.012174652504763607,0.028184533014200576
147,SJCRH30,H3K4me1,ERVK,0.010334817520821014,0.3793027058385601,-0.012705612701290716,0.03336427908316319
148,SJCRH30,H3K4me1,TcMar-Tc2,0.006461391413586038,0.6018093734608461,-0.017808074734779016,0.030723248021450534
149,SJCRH30,H3K4me1,SVA,0.0017680452930361758,0.90170792491884,-0.026285596359863026,0.029818904285905327
150,SJCRH30,H3K4me1,RTE-BovB,0.006515313932371346,0.6588957626760062,-0.022410702568892053,0.035430431164791346
151,SJCRH30,H3K4me1,tRNA-RTE,0.03307750554284781,0.03947287993209683,0.0015872148253699033,0.06450225923428218
152,SJCRH30,H3K4me1,hAT-Ac,0.004516915990848283,0.8035306223299132,-0.03106191954029206,0.04008431945498954
153,SJCRH30,H3K4me1,hAT,-0.007288910260919098,0.7053704088299941,-0.04504860065688682,0.030491577660287435
154,SJCRH30,H3K4me1,MULE-MuDR,0.02737922907414348,0.1884553455958097,-0.013435638232014734,0.06810301210782964
155,SJCRH30,H3K4me1,PiggyBac,0.05020425231736499,0.021688029159751685,0.007326699079241526,0.09289753495576433
156,SJCRH30,H3K4me1,5S-Deu-L2,-0.02248185026755824,0.32953909834329986,-0.06759133370761089,0.022719360667349992
157,SJCRH30,H3K4me1,Helitron,0.015417284263330073,0.5261265220443606,-0.03224968066882857,0.06301427496804095
158,SJCRH30,H3K4me1,hAT-Tag1,0.025229682833547873,0.30079243005293943,-0.02257273319530998,0.07291699999329783
159,SJCRH30,H3K4me1,tRNA,-0.03181241657155924,0.21741607913075411,-0.08222225411244403,0.018759786399707556
160,SJCRH30,H3K4me1,Penelope,-0.002846876564880554,0.9421168952566991,-0.07955467968295615,0.07389444400287684
161,SJCRH30,H3K4me1,TcMar-Tc1,0.04480513260196452,0.2529037295508775,-0.032068534200580444,0.1211518144108492
162,SJCRH30,H3K4me1,Dong-R4,-0.006233318949817015,0.897689973909272,-0.10096138783852841,0.08860675477805081
163,SJCRH30,H3K4me1,tRNA-Deu,-0.013263661797582043,0.7868709645631449,-0.10904420738487404,0.08276090608797049
164,SJCRH30,H3K4me1,Kolobok,-0.08616192386173337,0.10557551060984273,-0.1888893915764634,0.0184309361573724
165,SJCRH30,H3K4me1,PIF-Harbinger,-0.08457160924305186,0.11477562736094055,-0.1880651947374443,0.020779457123204063
166,SJCRH30,H3K4me1,Crypton,0.0907579438285076,0.12771554672182228,-0.026356724592151257,0.20541496974498152
167,SJCRH30,H3K4me1,Merlin,-0.07922657671800305,0.2518786905981401,-0.21222974437067216,0.05665842511795988
168,SJCRH30,H3K4me1,TcMar,-0.07263108198201398,0.3018992789014606,-0.2081019966453739,0.06557396521636323
169,SJCRH30,H3K4me1,L1-Tx1,-0.025778915525319582,0.7649251709250828,-0.1926885102784212,0.14258045871963929
170,SJCRH30,H3K4me1,Crypton-A,0.06316719448623653,0.4735168416433747,-0.10971584585432327,0.23234050596766007
171,SJCRH30,H3K4me1,I-Jockey,0.17131869150217777,0.07488105194377555,-0.018733171523557936,0.34942197741279224
172,SJCRH30,H3K4me1,hAT-Tip100?,0.13312937062937064,0.2904148445844574,-0.11557306873294435,0.3661246639328454
173,SJCRH30,H3K4me1,TcMar-Pogo,-0.0846774193548387,0.6449570515028771,-0.42147861539845516,0.2726526955464376
174,SJCRH30,H3K4me1,hAT?,0.14835752482811307,0.4023921045178426,-0.20168754439764497,0.46479642753198414
175,SJCRH30,H3K4me1,hAT-hAT19,-0.14705882352941177,0.5867933937012053,-0.6009674550471439,0.3785742995295686
176,SJCRH30,H3K9me3,Alu,0.0009227895106270432,0.33263106371444184,-0.0009440382933424876,0.00278961088268538
177,SJCRH30,H3K9me3,L1,0.0026105614638857427,0.058103090153297614,-8.961421025829421e-05,0.005310699071367744
178,SJCRH30,H3K9me3,MIR,0.0002018856627855006,0.8846233992980989,-0.002524913968462758,0.0029286822918210003
179,SJCRH30,H3K9me3,L2,0.001530921573066145,0.3605404902713666,-0.001750755077710302,0.004812565249878032
180,SJCRH30,H3K9me3,ERVL-MaLR,0.00284896352600493,0.15544207807192906,-0.0010817729526621136,0.006779611969028829
181,SJCRH30,H3K9me3,hAT-Charlie,0.002483595545278267,0.24405326496023522,-0.0016950519269780938,0.006662156286205843
182,SJCRH30,H3K9me3,ERV1,-0.0010924031368176451,0.7217010111843498,-0.0071033990539893154,0.004918671723062378
183,SJCRH30,H3K9me3,ERVL,0.0026789132470015496,0.3912410528381999,-0.003445157832604573,0.00880278339051269
184,SJCRH30,H3K9me3,TcMar-Tigger,0.005327744874962432,0.09370740892785381,-0.0009021468477123645,0.011557223057268263
185,SJCRH30,H3K9me3,hAT-Tip100,-0.0007225301701037893,0.8676440906069713,-0.009219871562887023,0.007774915564323525
186,SJCRH30,H3K9me3,CR1,0.007332059946643198,0.12036344524577433,-0.0019200456278918496,0.016582910353958386
187,SJCRH30,H3K9me3,Gypsy,0.0003710864306450005,0.9629395102799378,-0.015280911074864968,0.016022902117004377
188,SJCRH30,H3K9me3,hAT-Blackjack,0.006767056021099071,0.40645962344730924,-0.009210258496855951,0.022740916213072667
189,SJCRH30,H3K9me3,TcMar-Mariner,0.012434580386696247,0.1303263966995537,-0.0036761895769033544,0.028538896975605254
190,SJCRH30,H3K9me3,RTE-X,-0.009542929967449015,0.35411139118329615,-0.02972036779394186,0.010642281967867855
191,SJCRH30,H3K9me3,ERVK,0.00012503354606329715,0.9915112704386095,-0.022905460390563154,0.0231553948469529
192,SJCRH30,H3K9me3,TcMar-Tc2,-0.00592276633012976,0.6324875024210483,-0.03018878091867785,0.018350225625882618
193,SJCRH30,H3K9me3,SVA,-0.0027218560667651927,0.8491299298442839,-0.030757521289418197,0.025318088590415767
194,SJCRH30,H3K9me3,RTE-BovB,-0.0003963096771014229,0.9785830332143517,-0.029323760953755072,0.028531804876708727
195,SJCRH30,H3K9me3,tRNA-RTE,2.813534415131635e-06,0.9998603027020154,-0.03148459112043861,0.03149021261027504
196,SJCRH30,H3K9me3,hAT-Ac,-0.016884244855250356,0.35221056797766315,-0.05241725152250628,0.0186914611308738
197,SJCRH30,H3K9me3,hAT,0.010135966535102962,0.5990505249996582,-0.027647179566208286,0.04789019229134852
198,SJCRH30,H3K9me3,MULE-MuDR,0.03947172984450013,0.05796023460413231,-0.0013473735216602105,0.08015951624314295
199,SJCRH30,H3K9me3,PiggyBac,-0.05695057352690358,0.009177103862941086,-0.09959809539325655,-0.014094195046498548
200,SJCRH30,H3K9me3,5S-Deu-L2,-0.027793375977488106,0.22789242823035796,-0.07287104456597639,0.017397616176553214
201,SJCRH30,H3K9me3,Helitron,0.0020619334703147053,0.9324379553848573,-0.04558304478218723,0.049697552162794444
202,SJCRH30,H3K9me3,hAT-Tag1,-0.03744164813336685,0.12468127065966128,-0.08508789912005267,0.01037544937960494
203,SJCRH30,H3K9me3,tRNA,-0.04461285746594484,0.08360360533113219,-0.09495307466793772,0.005954945160457176
204,SJCRH30,H3K9me3,Penelope,-0.018607477424050237,0.6347957295938871,-0.09514465071565041,0.05814839745563174
205,SJCRH30,H3K9me3,TcMar-Tc1,0.017792056362135322,0.6499579304009289,-0.059019590430228516,0.0943942620145043
206,SJCRH30,H3K9me3,Dong-R4,0.07042362439444833,0.14581304983842397,-0.024644637441593606,0.1642295546337026
207,SJCRH30,H3K9me3,tRNA-Deu,0.011803139162478831,0.8098639883254706,-0.08421060251529985,0.10759972502857085
208,SJCRH30,H3K9me3,Kolobok,0.03988791608391137,0.45438168301032356,-0.06465732276102233,0.14356707376130415
209,SJCRH30,H3K9me3,PIF-Harbinger,0.05974876079496414,0.26562714337123894,-0.04561063290996141,0.16379351846624396
210,SJCRH30,H3K9me3,Crypton,0.024408093604324603,0.6826488083224131,-0.09246983274062232,0.1406225590201748
211,SJCRH30,H3K9me3,Merlin,0.0396739675443174,0.5665770254099622,-0.0959615185109349,0.17386298154520266
212,SJCRH30,H3K9me3,TcMar,-0.0027037175309897543,0.9694610601265286,-0.1403615369162435,0.13505664807509737
213,SJCRH30,H3K9me3,L1-Tx1,0.02081541834759217,0.8092202987230788,-0.147432644895106,0.18789271354193043
214,SJCRH30,H3K9me3,Crypton-A,0.03503208939541345,0.6911907063408651,-0.13737067912347506,0.20537471699703344
215,SJCRH30,H3K9me3,I-Jockey,0.15612084144194238,0.10499300147681874,-0.03410364920915135,0.3354290680290714
216,SJCRH30,H3K9me3,hAT-Tip100?,0.13562062937062938,0.2814003208123496,-0.11311010335932607,0.3683554537936723
217,SJCRH30,H3K9me3,TcMar-Pogo,0.009897360703812315,0.9571250985891424,-0.3399777792931974,0.3573658093404456
218,SJCRH30,H3K9me3,hAT?,-0.05362872421695951,0.7632415886295546,-0.38503116500798523,0.29002422423585816
219,SJCRH30,H3K9me3,hAT-hAT19,0.19705882352941176,0.46446421122573867,-0.3356458136277041,0.6342644488821559
220,SJCRH30,H3K36me3,Alu,-0.0006581724132111929,0.48965177797311243,-0.0025253900300186726,0.0012090497930479364
221,SJCRH30,H3K36me3,L1,-0.000734677972811531,0.5938783827296041,-0.0034351110566345983,0.001965765826101269
222,SJCRH30,H3K36me3,MIR,-0.0009862977489269612,0.47840553316307755,-0.0037133136169770122,0.0017407327886506145
223,SJCRH30,H3K36me3,L2,0.0014113998906162815,0.399280492217683,-0.001870451153499325,0.004693220531857305
224,SJCRH30,H3K36me3,ERVL-MaLR,-0.000222584564059587,0.9116386638705491,-0.004153811277040747,0.0037086490288195956
225,SJCRH30,H3K36me3,hAT-Charlie,0.002705296575560146,0.20455995728889587,-0.001474130124490906,0.006884628766938937
226,SJCRH30,H3K36me3,ERV1,-0.004423445112437913,0.1493064057861484,-0.010435566873028306,0.001588996447646291
227,SJCRH30,H3K36me3,ERVL,0.003527797538436508,0.2589393960462044,-0.00259708849578393,0.009652418895591923
228,SJCRH30,H3K36me3,TcMar-Tigger,0.0008770895562026924,0.7826092392657038,-0.005353167619962166,0.0071072786426596155
229,SJCRH30,H3K36me3,hAT-Tip100,0.000946932741889823,0.8271206790385265,-0.007551085894980332,0.009444814612841228
230,SJCRH30,H3K36me3,CR1,-0.00022868121963941072,0.9613628237525094,-0.00948061535160571,0.009023292061935105
231,SJCRH30,H3K36me3,Gypsy,-0.006964285662242083,0.38320425595845076,-0.022614417564148465,0.008689258627030193
232,SJCRH30,H3K36me3,hAT-Blackjack,-0.0018794063532670835,0.8177050290273361,-0.017858736560466524,0.014100883686427998
233,SJCRH30,H3K36me3,TcMar-Mariner,-0.0016250852904805839,0.8433292188649563,-0.017739486510478006,0.014490159960508724
234,SJCRH30,H3K36me3,RTE-X,0.0062265932443578975,0.5454162206617197,-0.013956989017524719,0.0264051034427929
235,SJCRH30,H3K36me3,ERVK,0.008987767482597575,0.44473999590388036,-0.014063548256204698,0.03202953486952377
236,SJCRH30,H3K36me3,TcMar-Tc2,0.008767023423879321,0.4789442404631109,-0.015503161671897803,0.033026883831812154
237,SJCRH30,H3K36me3,SVA,0.004345590895956372,0.7614663214619252,-0.02370974782823709,0.032394090311811896
238,SJCRH30,H3K36me3,RTE-BovB,0.0014809534463519683,0.9201008857927533,-0.027451176188400653,0.03041060397026325
239,SJCRH30,H3K36me3,tRNA-RTE,0.007328559128845174,0.648305883534771,-0.024160777246359358,0.038803367748495764
240,SJCRH30,H3K36me3,hAT-Ac,-0.0017474762765217553,0.9232872455921877,-0.0373012833800485,0.033810749265383626
241,SJCRH30,H3K36me3,hAT,-0.008541609676019688,0.6577211542296707,-0.046298952103217585,0.02924010437575824
242,SJCRH30,H3K36me3,MULE-MuDR,0.0033625149042021607,0.8717360714177476,-0.03744379852774172,0.04415763306335192
243,SJCRH30,H3K36me3,PiggyBac,0.04173766290727316,0.05647742897426625,-0.0011699638363724977,0.08449188840913979
244,SJCRH30,H3K36me3,5S-Deu-L2,0.04549139632104634,0.04841085177651751,0.00029623717282115726,0.09050109260832408
245,SJCRH30,H3K36me3,Helitron,-0.02328493037623497,0.33845492227033114,-0.0708672620395406,0.024403130708924903
246,SJCRH30,H3K36me3,hAT-Tag1,0.002113832717860782,0.9309257721589593,-0.04565844944679905,0.04987646844789354
247,SJCRH30,H3K36me3,tRNA,-0.017526119962960204,0.4968836115661983,-0.06799904893424247,0.0330362909661911
248,SJCRH30,H3K36me3,Penelope,-0.011123991972744504,0.7766210271416715,-0.08777646281403405,0.06565943869104289
249,SJCRH30,H3K36me3,TcMar-Tc1,0.015336993761209212,0.6954334890110064,-0.06140600943402576,0.09189972481737621
250,SJCRH30,H3K36me3,Dong-R4,0.0589050974875496,0.22393523460445242,-0.03616550352816946,0.1529190489809799
251,SJCRH30,H3K36me3,tRNA-Deu,-0.06872351323967739,0.16076401094469794,-0.16367096098811787,0.0274854429013099
252,SJCRH30,H3K36me3,Kolobok,0.030049161198760645,0.5736411543300528,-0.07459111675755235,0.13403491241848772
253,SJCRH30,H3K36me3,PIF-Harbinger,0.009797192746481727,0.8552888995360276,-0.09528340073874436,0.11466185025993575
254,SJCRH30,H3K36me3,Crypton,-0.0007687671915376041,0.9897271784253301,-0.11735578363810366,0.11583915200026004
255,SJCRH30,H3K36me3,Merlin,0.06809609794627246,0.3249089439398054,-0.0677509063542695,0.20146412491396873
256,SJCRH30,H3K36me3,TcMar,0.03717746091657421,0.5984655385516882,-0.10109710634112481,0.1740429128227026
257,SJCRH30,H3K36me3,L1-Tx1,0.09452346811519823,0.2719017335756594,-0.0747467000606024,0.2584991097300464
258,SJCRH30,H3K36me3,Crypton-A,-0.07652609790902086,0.3849775796361542,-0.24507604618490372,0.09651405240546417
259,SJCRH30,H3K36me3,I-Jockey,0.15752015568529332,0.10187551616880491,-0.032691391503775334,0.3367200461453524
260,SJCRH30,H3K36me3,hAT-Tip100?,-0.027666083916083915,0.8268330942810022,-0.269789187074898,0.21774739019062375
261,SJCRH30,H3K36me3,TcMar-Pogo,-0.06378299120234603,0.7287345717677494,-0.40381245515301767,0.29173027704515386
262,SJCRH30,H3K36me3,hAT?,0.0050420168067226885,0.9774227124166353,-0.33369462732682714,0.3426255032485169
263,SJCRH30,H3K36me3,hAT-hAT19,-0.4176470588235294,0.1074740793993006,-0.7664411434756573,0.12136572341538931
264,SJCRH30,H3K27me3,Alu,0.00022000751345055528,0.8172908882204234,-0.0016464388646010644,0.0020864523586572956
265,SJCRH30,H3K27me3,L1,-0.0010835132265836764,0.43158956166947215,-0.0037837092654508637,0.0016166986123114751
266,SJCRH30,H3K27me3,MIR,0.000599498890232736,0.6664954074881893,-0.002126944216982981,0.003325933084733956
267,SJCRH30,H3K27me3,L2,0.0003137789330508587,0.8513443529301723,-0.002967880936064831,0.0035954320438262104
268,SJCRH30,H3K27me3,ERVL-MaLR,-0.001405447335231095,0.48338597522296967,-0.005335717305445793,0.0025248660555009864
269,SJCRH30,H3K27me3,hAT-Charlie,0.0007295122614022013,0.7322068145723595,-0.003448894342171511,0.004907893391889239
270,SJCRH30,H3K27me3,ERV1,0.002138381836656849,0.48566110905833737,-0.00387280039571758,0.00814940953438528
271,SJCRH30,H3K27me3,ERVL,-0.0013472135747176134,0.6663045215121343,-0.007470321448101753,0.004775995321191834
272,SJCRH30,H3K27me3,TcMar-Tigger,0.0027027524137942503,0.39507853345080224,-0.0035261290929091394,0.008931424198035387
273,SJCRH30,H3K27me3,hAT-Tip100,0.0006411208596821523,0.8824384047310065,-0.00785608013033607,0.009138229269709877
274,SJCRH30,H3K27me3,CR1,0.0019533572096224637,0.6790232023071165,-0.007298737590549361,0.011205117600935942
275,SJCRH30,H3K27me3,Gypsy,0.013446550296377438,0.0922053657547701,-0.00220553134271496,0.029092045039362413
276,SJCRH30,H3K27me3,hAT-Blackjack,0.0011200403154669187,0.8907017830620741,-0.01485424379228641,0.01709375282421571
277,SJCRH30,H3K27me3,TcMar-Mariner,0.005105321639647214,0.5345313803864875,-0.011005099377407748,0.021213092895314253
278,SJCRH30,H3K27me3,RTE-X,-0.00046528593126793214,0.9639642485124909,-0.02064779592096936,0.019717603118923507
279,SJCRH30,H3K27me3,ERVK,-0.010015753077949224,0.3941278569715141,-0.033042315924846556,0.013021436894051113
280,SJCRH30,H3K27me3,TcMar-Tc2,-0.003991109036776568,0.747183070678797,-0.028251171673647664,0.020273652524434967
281,SJCRH30,H3K27me3,SVA,-0.00956631735426762,0.5038832774937574,-0.0376034405649714,0.018485855093240064
282,SJCRH30,H3K27me3,RTE-BovB,0.001676834433464487,0.9095657677227,-0.027252294140330376,0.03060315660467935
283,SJCRH30,H3K27me3,tRNA-RTE,0.02204063524822066,0.1700884833751489,-0.009453085276367915,0.053490672992707905
284,SJCRH30,H3K27me3,hAT-Ac,-0.009362068166035104,0.605922234863489,-0.04490399634255244,0.026203530703453777
285,SJCRH30,H3K27me3,hAT,-0.0029780503401466048,0.877215031686907,-0.04073813212152423,0.034790525776928774
286,SJCRH30,H3K27me3,MULE-MuDR,0.05227427297363182,0.012015149337740295,0.0114698591964185,0.09290487992541246
287,SJCRH30,H3K27me3,PiggyBac,-0.00886975457048055,0.6852153097534006,-0.05171729416790619,0.0340103805384694
288,SJCRH30,H3K27me3,5S-Deu-L2,0.013321863150609679,0.5632426430031848,-0.031847752553048864,0.058437173532553274
289,SJCRH30,H3K27me3,Helitron,0.019576522656410272,0.42096899528785414,-0.028108791182743037,0.0671729387155985
290,SJCRH30,H3K27me3,hAT-Tag1,-0.031070183135525186,0.20253067787063453,-0.0787324322223943,0.016733786149479322
291,SJCRH30,H3K27me3,tRNA,-0.05738068511061839,0.026012184634492848,-0.10763912273944784,-0.006829720149009594
292,SJCRH30,H3K27me3,Penelope,-0.011493540598402798,0.7692343185321454,-0.08808474789629785,0.06523276952529283
293,SJCRH30,H3K27me3,TcMar-Tc1,0.020145563397377,0.6073478925614707,-0.05667482474482709,0.09672881634695879
294,SJCRH30,H3K27me3,Dong-R4,0.008090052254017826,0.8674632379369863,-0.08676483026464636,0.10279956870005692
295,SJCRH30,H3K27me3,tRNA-Deu,-0.029646029876736153,0.5455562417211868,-0.12522589853866453,0.0664790711656793
296,SJCRH30,H3K27me3,Kolobok,-0.024783164554926466,0.6421358153206487,-0.12870168386697192,0.07967372821036998
297,SJCRH30,H3K27me3,PIF-Harbinger,0.062089444375354665,0.24732069139834972,-0.04327336121383358,0.1660863062193282
298,SJCRH30,H3K27me3,Crypton,0.035816238698030356,0.5484741032717595,-0.08115735466299079,0.15181660397772045
299,SJCRH30,H3K27me3,Merlin,0.061001104362180654,0.37796616635093605,-0.0748084577959771,0.19458897301361433
300,SJCRH30,H3K27me3,TcMar,0.07185081317090382,0.30713626577487174,-0.06635104036740738,0.20734775609834297
301,SJCRH30,H3K27me3,L1-Tx1,0.04413708773838096,0.6085617520258109,-0.12458116921200471,0.21037465866013008
302,SJCRH30,H3K27me3,Crypton-A,0.029181396827432777,0.7407458821259674,-0.14309628620798925,0.19974269150105933
303,SJCRH30,H3K27me3,I-Jockey,0.10493003428783246,0.2775353301816331,-0.08536583891123434,0.28783998492626384
304,SJCRH30,H3K27me3,hAT-Tip100?,0.2272727272727273,0.06865484136172847,-0.0207947297318845,0.4489793876791644
305,SJCRH30,H3K27me3,TcMar-Pogo,-0.12646627565982405,0.4903730755409518,-0.45624240260349863,0.23385298127055562
306,SJCRH30,H3K27me3,hAT?,0.05821237585943467,0.7436567210153646,-0.28584874859045584,0.3889788595748112
307,SJCRH30,H3K27me3,hAT-hAT19,0.0029411764705882353,0.9913748045563624,-0.4934845205018354,0.49792144373831837
308,SJCRH30,H3K4me3,Alu,-0.0008065533026846449,0.39729346896350637,-0.0026740981058667166,0.0010609971265879998
309,SJCRH30,H3K4me3,L1,-0.0011304668276697107,0.41195243932456305,-0.0038309698645989996,0.0015700526977298415
310,SJCRH30,H3K4me3,MIR,0.00016282903076092405,0.906843402538658,-0.0025643609895830816,0.0028900166290038833
311,SJCRH30,H3K4me3,L2,-0.0008678401264638394,0.6042666218822472,-0.004149738684099464,0.002414077126058143
312,SJCRH30,H3K4me3,ERVL-MaLR,0.004991940700975062,0.012825462939771175,0.0010603587277453503,0.008923368352199144
313,SJCRH30,H3K4me3,hAT-Charlie,-0.0010817642819654087,0.6119518077391239,-0.005261229624335099,0.003097738853156938
314,SJCRH30,H3K4me3,ERV1,0.0005861282377336548,0.8484586366299751,-0.0054257521578358415,0.006597966265066164
315,SJCRH30,H3K4me3,ERVL,0.004092915426516635,0.19027460239576618,-0.002031852401241711,0.01021737619124645
316,SJCRH30,H3K4me3,TcMar-Tigger,-0.0009840657046262537,0.7568971298201903,-0.007214564492446259,0.005246509485324411
317,SJCRH30,H3K4me3,hAT-Tip100,0.0004738021556077983,0.9129865311360257,-0.008024426238447813,0.008971962114323979
318,SJCRH30,H3K4me3,CR1,0.003137389484268565,0.5063165289089775,-0.006115280313839953,0.012389522112537365
319,SJCRH30,H3K4me3,Gypsy,0.0075288292606510605,0.34580527520624127,-0.008123758935551947,0.02317772893782958
320,SJCRH30,H3K4me3,hAT-Blackjack,0.0006357009904227621,0.9378581238707842,-0.01534484009808419,0.016615917397689924
321,SJCRH30,H3K4me3,TcMar-Mariner,-0.008310693165861105,0.31227543870415964,-0.024426913582655592,0.007809845821270525
322,SJCRH30,H3K4me3,RTE-X,-0.007193042714995593,0.4848915550843098,-0.027372032713051143,0.012991807181040349
323,SJCRH30,H3K4me3,ERVK,0.017330408272411973,0.14027311736176848,-0.005704024996622016,0.040346460182899176
324,SJCRH30,H3K4me3,TcMar-Tc2,-0.005017522876004355,0.685401478559438,-0.02928611131013216,0.01925697743125991
325,SJCRH30,H3K4me3,SVA,0.005793071875580222,0.6859036064381916,-0.02228035822199508,0.03385737339360415
326,SJCRH30,H3K4me3,RTE-BovB,0.025863120135907025,0.07980144506800216,-0.003078109040713019,0.05476105953456248
327,SJCRH30,H3K4me3,tRNA-RTE,0.007031090974042029,0.6617153635202466,-0.024462115540414362,0.03851035579131846
328,SJCRH30,H3K4me3,hAT-Ac,-0.0066863851936270775,0.7126254612342435,-0.042244540726447,0.02888868743563421
329,SJCRH30,H3K4me3,hAT,0.0173789536893193,0.3673145972931775,-0.020408885395478575,0.05511721138233749
330,SJCRH30,H3K4me3,MULE-MuDR,-0.008576785077630034,0.6805315210703715,-0.049370158742476536,0.032245155923403296
331,SJCRH30,H3K4me3,PiggyBac,-0.037387490606678044,0.08748786328560569,-0.08015054061871067,0.0055129300792384345
332,SJCRH30,H3K4me3,5S-Deu-L2,-0.05031725330328983,0.02892273276395939,-0.09527765822204773,-0.00515197630960347
333,SJCRH30,H3K4me3,Helitron,0.010610563488958422,0.6628260032324722,-0.03707815237293752,0.0582510613432823
334,SJCRH30,H3K4me3,hAT-Tag1,-0.023120995041843485,0.3430131203587321,-0.07081676448793409,0.02468025872016048
335,SJCRH30,H3K4me3,tRNA,-0.009162598252211641,0.7224630113464815,-0.0596653114525179,0.041386901029384214
336,SJCRH30,H3K4me3,Penelope,-0.009925841274592475,0.800141578724139,-0.08658680607554331,0.06685197929925281
337,SJCRH30,H3K4me3,TcMar-Tc1,0.06158749953770981,0.11588653253506635,-0.015282241315350007,0.13773351206560236
338,SJCRH30,H3K4me3,Dong-R4,0.054250637032455494,0.2627612892822136,-0.040815503731420316,0.14834336548560345
339,SJCRH30,H3K4me3,tRNA-Deu,0.013065261405874638,0.7899840201137838,-0.0829578537045737,0.10884800372991404
340,SJCRH30,H3K4me3,Kolobok,0.057938069616430776,0.27765215130926546,-0.04681508816697166,0.1614307614323
341,SJCRH30,H3K4me3,PIF-Harbinger,0.043091415882159055,0.42226445032389404,-0.06221862866289599,0.14745252552030522
342,SJCRH30,H3K4me3,Crypton,0.0657809519133654,0.27006883325725345,-0.051335645263224955,0.1811127837922026
343,SJCRH30,H3K4me3,Merlin,-0.011368724415128723,0.8696015920332285,-0.14621706943585558,0.12389440549175333
344,SJCRH30,H3K4me3,TcMar,-0.060139873182685356,0.39402437926008893,-0.19634503281886723,0.07834223563142952
345,SJCRH30,H3K4me3,L1-Tx1,-0.008757877248712263,0.9190971802379109,-0.17621768132392857,0.1591946002716955
346,SJCRH30,H3K4me3,Crypton-A,0.02158510529072065,0.8066782396677377,-0.15051731154576917,0.1924176960086978
347,SJCRH30,H3K4me3,I-Jockey,0.09622833843017328,0.319549983705489,-0.09400333083243362,0.27968079004852514
348,SJCRH30,H3K4me3,hAT-Tip100?,0.2049825174825175,0.10142164155110195,-0.04356110741223244,0.4296317017878222
349,SJCRH30,H3K4me3,TcMar-Pogo,-0.1660557184750733,0.3637152033781257,-0.4884817621668939,0.19626870063893206
350,SJCRH30,H3K4me3,hAT?,0.17738731856378911,0.31555388036671683,-0.17371475425417043,0.4884800772891133
351,SJCRH30,H3K4me3,hAT-hAT19,0.18235294117647058,0.49907485724580003,-0.34845230279353717,0.6245997955481012
352,BE2C,H3K4me1,Alu,0.0003159817995490332,0.7403780378482276,-0.0015530615969160872,0.002185022988363427
353,BE2C,H3K4me1,L1,-0.0017283007463331735,0.21023762711947758,-0.004431905542364822,0.0009753293159657192
354,BE2C,H3K4me1,MIR,-0.00025804288096582237,0.8529467914931803,-0.0029865374740364833,0.002470455554205271
355,BE2C,H3K4me1,L2,0.00416141893731851,0.012979898119261164,0.0008783284704493013,0.007444419695854225
356,BE2C,H3K4me1,ERVL-MaLR,-0.002130469790614462,0.2886958435861843,-0.006066034053511645,0.0018051604699593124
357,BE2C,H3K4me1,hAT-Charlie,0.0017562287262520803,0.41046194362318755,-0.002425800692286762,0.00593819671483561
358,BE2C,H3K4me1,ERV1,0.0101574900984682,0.0009571644627303006,0.004129826297908066,0.016184415814548006
359,BE2C,H3K4me1,ERVL,0.007060822361827921,0.023976909258974746,0.0009305552829830606,0.013190558766283743
360,BE2C,H3K4me1,TcMar-Tigger,0.0031371426958531983,0.32402957150300327,-0.0030975397907338285,0.009371581300165655
361,BE2C,H3K4me1,hAT-Tip100,0.003265134659132708,0.45162882545085126,-0.005236985973798594,0.011766783265830342
362,BE2C,H3K4me1,CR1,0.007255095988533494,0.12442423046803178,-0.0019998985556713084,0.01650884776482571
363,BE2C,H3K4me1,Gypsy,-0.006323952888402127,0.42876985870581164,-0.021984831489250678,0.009340028515943864
364,BE2C,H3K4me1,hAT-Blackjack,0.014218891754210514,0.0815230039946289,-0.0017807959555841244,0.030211301515613125
365,BE2C,H3K4me1,TcMar-Mariner,-0.006712178241400077,0.41472838274416035,-0.022838923183357514,0.009418058911855338
366,BE2C,H3K4me1,RTE-X,-0.010339084784266208,0.3157076151401409,-0.030528805537359375,0.009859069326370337
367,BE2C,H3K4me1,ERVK,-0.007481962336005049,0.5256397408947491,-0.03057930999004907,0.01562337159167458
368,BE2C,H3K4me1,TcMar-Tc2,-0.01487458645856377,0.22989445896021873,-0.039141242911274805,0.009409604946286036
369,BE2C,H3K4me1,SVA,-0.002332248878199189,0.8706504863758397,-0.03039699082635675,0.025736167468110655
370,BE2C,H3K4me1,RTE-BovB,0.02925458851911079,0.0475422719588426,0.00031142165734356715,0.05814878285896279
371,BE2C,H3K4me1,tRNA-RTE,-0.013900995891649797,0.3871105797203107,-0.045378179693192904,0.017603763948865404
372,BE2C,H3K4me1,hAT-Ac,-0.010023729832250753,0.580884616495208,-0.045582031630644414,0.025559940463266814
373,BE2C,H3K4me1,hAT,0.010409700051802289,0.589497369858324,-0.027401784810675973,0.04819143943606464
374,BE2C,H3K4me1,MULE-MuDR,-0.0030488126591238997,0.883788314081515,-0.04390652485989934,0.03781908125987687
375,BE2C,H3K4me1,PiggyBac,0.01612881252274402,0.46179150246479983,-0.026830867969132328,0.05902902740285895
376,BE2C,H3K4me1,5S-Deu-L2,-0.005450709544280996,0.8132428801417995,-0.050635020308875046,0.039755869427006874
377,BE2C,H3K4me1,Helitron,0.0004942609786922846,0.983839427964706,-0.04730287627761209,0.04828913999716318
378,BE2C,H3K4me1,hAT-Tag1,0.0161102198240626,0.5093347809028557,-0.031741801711770365,0.06388855696636907
379,BE2C,H3K4me1,tRNA,-0.04515237354895503,0.08013075903954893,-0.09552279776637693,0.005448689348892376
380,BE2C,H3K4me1,Penelope,-0.0026187279071693222,0.9468302731201093,-0.0794457430247609,0.07423921337466004
381,BE2C,H3K4me1,TcMar-Tc1,-0.014120155941217717,0.718941165442149,-0.09080938777225604,0.0627355576401611
382,BE2C,H3K4me1,Dong-R4,0.045934137088752956,0.34312224446872286,-0.04911631631918036,0.14016005862088643
383,BE2C,H3K4me1,tRNA-Deu,-0.05914237631095019,0.22758459687069857,-0.15426493042087863,0.037066475973692704
384,BE2C,H3K4me1,Kolobok,-0.06643337722195292,0.21178726281790575,-0.16946228661415666,0.03803190897119314
385,BE2C,H3K4me1,PIF-Harbinger,0.00010120425297835178,0.9984968912089323,-0.10488000095939563,0.10508017875776754
386,BE2C,H3K4me1,Crypton,0.002352364071626429,0.9685732378565144,-0.1142766583084146,0.1189174259339646
387,BE2C,H3K4me1,Merlin,0.02016720628593035,0.7708715898296062,-0.11522883464352922,0.154827551720685
388,BE2C,H3K4me1,TcMar,-0.09094438954379604,0.19914886459152076,-0.22676140904187173,0.04834220560250076
389,BE2C,H3K4me1,L1-Tx1,0.14257628141268902,0.09650794235671054,-0.026612763296230815,0.30382453382498037
390,BE2C,H3K4me1,Crypton-A,0.06127479438099097,0.4868960074462605,-0.11158227713869001,0.23053286409887933
391,BE2C,H3K4me1,I-Jockey,0.0028727643406542495,0.976348725926316,-0.18532948351283945,0.19087172321660884
392,BE2C,H3K4me1,hAT-Tip100?,-0.13632872503840246,0.28669907581533344,-0.3725545305494459,0.11648912810005119
393,BE2C,H3K4me1,TcMar-Pogo,0.2126099706744868,0.24269826885970927,-0.15097973310384663,0.525530060062381
394,BE2C,H3K4me1,hAT?,-0.05314171122994653,0.7689776016843931,-0.3895616864724211,0.2957899514330785
395,BE2C,H3K4me1,hAT-hAT19,0.24705882352941175,0.35627504151257705,-0.290901544635157,0.6663264868255478
396,BE2C,H3K9me3,Alu,0.00031506616834083907,0.7410217474082805,-0.0015533664978220351,0.0021834966346884963
397,BE2C,H3K9me3,L1,-0.0015005952447380104,0.2765955871874456,-0.004203807161117505,0.0012026386026321141
398,BE2C,H3K9me3,MIR,0.00071659544685913,0.6066901985820834,-0.0020116305631065323,0.0034448107893099694
399,BE2C,H3K9me3,L2,0.000712212060324956,0.6706922618338902,-0.0025707490551148196,0.003995157823622466
400,BE2C,H3K9me3,ERVL-MaLR,-0.0015989951395148389,0.4257881414448822,-0.005534026138381765,0.0023360853792830844
401,BE2C,H3K9me3,hAT-Charlie,0.0037202133285819923,0.08122300957732476,-0.0004615787233460845,0.007901875269153882
402,BE2C,H3K9me3,ERV1,0.00508282823032692,0.09826471994974789,-0.0009427500089078245,0.011108037392115409
403,BE2C,H3K9me3,ERVL,-0.0013057650627976425,0.6763134328412324,-0.00743560930517211,0.004824177309534522
404,BE2C,H3K9me3,TcMar-Tigger,0.00034822487389059493,0.9128232873813241,-0.005885921566585841,0.0065823442472530466
405,BE2C,H3K9me3,hAT-Tip100,-0.0033180649903361593,0.4443199913928779,-0.011819547586409416,0.005183897265742487
406,BE2C,H3K9me3,CR1,-0.0017651878961652374,0.7085272025146452,-0.01101944407432572,0.007489370638637641
407,BE2C,H3K9me3,Gypsy,0.005337035740550153,0.5042572119174351,-0.010326838717466265,0.02099829160403879
408,BE2C,H3K9me3,hAT-Blackjack,-0.00977894030906362,0.23090197702142753,-0.025772699040654032,0.006219823378798225
409,BE2C,H3K9me3,TcMar-Mariner,0.006387854504762652,0.4375584125272126,-0.009739619209574897,0.022512005864817643
410,BE2C,H3K9me3,RTE-X,-0.0022788237614423195,0.8249513190964108,-0.02246908490923155,0.017913295476700473
411,BE2C,H3K9me3,ERVK,0.0073933431769801815,0.5306410692479893,-0.015716783851159374,0.030495575228007676
412,BE2C,H3K9me3,TcMar-Tc2,-0.002382666579275875,0.8474522581480293,-0.026653161974682163,0.021890636209363504
413,BE2C,H3K9me3,SVA,0.015614476235271865,0.2752664789915906,-0.012439251434471827,0.04364364188602723
414,BE2C,H3K9me3,RTE-BovB,-0.0076700082007651995,0.6034476675760225,-0.03659640169475183,0.02126922729475664
415,BE2C,H3K9me3,tRNA-RTE,0.017135938097205965,0.28641255347256833,-0.014373730828900016,0.04861160660750327
416,BE2C,H3K9me3,hAT-Ac,-0.00483117808813376,0.790204133740854,-0.040403964417624005,0.03075383969997071
417,BE2C,H3K9me3,hAT,0.029923381368491767,0.12075591538979309,-0.007886642107228834,0.06764796486987815
418,BE2C,H3K9me3,MULE-MuDR,-0.0038307214624303276,0.8542835587633362,-0.04468696350872229,0.03703831350563768
419,BE2C,H3K9me3,PiggyBac,0.017600620088147344,0.4221611740189434,-0.02538082643879166,0.060517113829322115
420,BE2C,H3K9me3,5S-Deu-L2,-0.02306818505425121,0.3173363310863916,-0.06819952460119123,0.022157373114972706
421,BE2C,H3K9me3,Helitron,0.004731508602713924,0.8460684986949057,-0.04301774595644415,0.0524591968268509
422,BE2C,H3K9me3,hAT-Tag1,0.0007383856288768581,0.9758738272249328,-0.04708774951751552,0.04856114313519276
423,BE2C,H3K9me3,tRNA,-0.0064778264334730586,0.8019332064015209,-0.057039397574851464,0.04411688857982684
424,BE2C,H3K9me3,Penelope,0.06245696128865357,0.11082054285698896,-0.01441168479913506,0.13859170146103894
425,BE2C,H3K9me3,TcMar-Tc1,0.018284864969328154,0.6411910816440367,-0.05858767052631422,0.09494182972978027
426,BE2C,H3K9me3,Dong-R4,0.06535300221697997,0.17716921479102896,-0.029718641210458564,0.1592528009657837
427,BE2C,H3K9me3,tRNA-Deu,0.0906039135402089,0.06421816207824806,-0.0055549725902863155,0.18510255607415105
428,BE2C,H3K9me3,Kolobok,0.042955567379950876,0.4197454415529618,-0.061455051175246245,0.14643624475654213
429,BE2C,H3K9me3,PIF-Harbinger,-0.006171201038307557,0.9085441691959206,-0.11108031941147137,0.09887393816730577
430,BE2C,H3K9me3,Crypton,-0.05468994975886834,0.35933049554560825,-0.17028715202012876,0.062392080005738836
431,BE2C,H3K9me3,Merlin,-0.05006990880959271,0.46940906782721903,-0.18397708496209514,0.08566192973571927
432,BE2C,H3K9me3,TcMar,0.16722631175979635,0.01765436327021755,0.028545068219920366,0.2995915259829786
433,BE2C,H3K9me3,L1-Tx1,0.01772577553456391,0.8371111742609095,-0.15044994259288688,0.184904446096595
434,BE2C,H3K9me3,Crypton-A,0.0906109996796568,0.30335294150410247,-0.08254474207239476,0.2584562193262859
435,BE2C,H3K9me3,I-Jockey,0.018413492725419336,0.84927600437754,-0.17029367361410291,0.20581784776125173
436,BE2C,H3K9me3,hAT-Tip100?,-0.0820852534562212,0.5224552540907721,-0.3236568661593168,0.16953296343927216
437,BE2C,H3K9me3,TcMar-Pogo,-0.09934017595307917,0.5885515736997657,-0.43376250257310817,0.259137959645426
438,BE2C,H3K9me3,hAT?,-0.10294117647058824,0.5686312610734869,-0.431788279576054,0.2500615309338633
439,BE2C,H3K9me3,hAT-hAT19,0.2911764705882353,0.27388704841914874,-0.24975116412258716,0.6935946774924099
440,BE2C,H3K36me3,Alu,-0.0008355653297946644,0.3807935444337529,-0.002704127295091734,0.0010330024703172004
441,BE2C,H3K36me3,L1,0.001235987553909501,0.37023153542048215,-0.0014675672764941712,0.003939524316224307
442,BE2C,H3K36me3,MIR,-0.0014607519559029795,0.29396804162241,-0.0041888315856015435,0.0012673494170699377
443,BE2C,H3K36me3,L2,-0.0004017866385660371,0.8104358663399467,-0.003684833316678998,0.0028812687008017584
444,BE2C,H3K36me3,ERVL-MaLR,-0.0009536115592062739,0.6348076822449342,-0.0048886494826252125,0.0029814558969022817
445,BE2C,H3K36me3,hAT-Charlie,-0.0012999750377057947,0.5423230614652654,-0.005481593677596503,0.002881689065312609
446,BE2C,H3K36me3,ERV1,0.008008182789975421,0.009204993876862737,0.0019813895891577058,0.01403439425942407
447,BE2C,H3K36me3,ERVL,0.0014831706253192703,0.6353532619963598,-0.004646986014047555,0.007613215794862695
448,BE2C,H3K36me3,TcMar-Tigger,0.0008341696180883622,0.7931298127790802,-0.005400119169723887,0.00706839356426207
449,BE2C,H3K36me3,hAT-Tip100,0.006999968123681456,0.1065829733505648,-0.0015019380378642887,0.015500862406976462
450,BE2C,H3K36me3,CR1,0.013031261730953057,0.005781356052616499,0.0037769985719340302,0.022283293018625396
451,BE2C,H3K36me3,Gypsy,-0.007545226253785715,0.3451253003050275,-0.02320610636126787,0.008119356071564093
452,BE2C,H3K36me3,hAT-Blackjack,0.007163331820501931,0.3801371278182616,-0.008834228285014678,0.02315722607069494
453,BE2C,H3K36me3,TcMar-Mariner,0.006739987860325636,0.4128293423640901,-0.00939134458161126,0.022867813147822064
454,BE2C,H3K36me3,RTE-X,-0.0003383823107051789,0.9738024581767704,-0.020531654597255578,0.019855165942770592
455,BE2C,H3K36me3,ERVK,-0.00038193946995336976,0.9741524549252543,-0.02348243860379368,0.02271896730219593
456,BE2C,H3K36me3,TcMar-Tc2,0.0029259699535005177,0.8133204741280443,-0.021356913004941098,0.027205402727131737
457,BE2C,H3K36me3,SVA,0.012834639959193478,0.36989382462704834,-0.015221437736528367,0.04087052346507866
458,BE2C,H3K36me3,RTE-BovB,0.008644101349788451,0.5582643398708753,-0.020295605006896172,0.03756933488210269
459,BE2C,H3K36me3,tRNA-RTE,-0.006841853693979238,0.670355925365753,-0.038329494110202054,0.02465936021188494
460,BE2C,H3K36me3,hAT-Ac,-0.0013294599782619767,0.9416574906206185,-0.03691898336958413,0.03426343156344802
461,BE2C,H3K36me3,hAT,-0.03759235999809195,0.05119028412717449,-0.0752843467941839,0.00020689624562210507
462,BE2C,H3K36me3,MULE-MuDR,0.006690177627565618,0.7484538012506053,-0.03419160009730693,0.04754960372663765
463,BE2C,H3K36me3,PiggyBac,-0.00217119797372714,0.9210924735143409,-0.04510535222501195,0.04077096232702276
464,BE2C,H3K36me3,5S-Deu-L2,-0.0026797616226657845,0.9075371945939903,-0.0478704944643745,0.04252191918015121
465,BE2C,H3K36me3,Helitron,-0.026963967391099283,0.26891732972498905,-0.07465824361839069,0.020853387130204244
466,BE2C,H3K36me3,hAT-Tag1,0.01174741324400646,0.6304035832055114,-0.036098981610959494,0.059540074909814854
467,BE2C,H3K36me3,tRNA,0.0078043135814050224,0.7624889363132765,-0.04279307807393921,0.058361774755395515
468,BE2C,H3K36me3,Penelope,0.04709644155716662,0.22941884023068734,-0.029778613739668013,0.12341762031687284
469,BE2C,H3K36me3,TcMar-Tc1,-0.04224494478964029,0.2818037512507626,-0.11873634104959925,0.034744907168761836
470,BE2C,H3K36me3,Dong-R4,0.05992483911142545,0.2160049696392045,-0.035146324273104185,0.15392112559644955
471,BE2C,H3K36me3,tRNA-Deu,0.006379373588763338,0.8965368726674784,-0.08959149953183605,0.1022328723804773
472,BE2C,H3K36me3,Kolobok,-0.07279314656113708,0.17115345837270923,-0.17568510576613647,0.03167200100154677
473,BE2C,H3K36me3,PIF-Harbinger,-0.006486952661616584,0.9038868510408206,-0.11139228055063649,0.09856135533095228
474,BE2C,H3K36me3,Crypton,-0.10942993291966525,0.0660221972751416,-0.2235125091934134,0.007610334219015186
475,BE2C,H3K36me3,Merlin,0.0060385370313291165,0.9305168700568183,-0.12913657197889594,0.14099332164927017
476,BE2C,H3K36me3,TcMar,0.05717357371952138,0.42013927780987104,-0.08198195085696378,0.1941424960926055
477,BE2C,H3K36me3,L1-Tx1,0.09189587158387662,0.2855115351581354,-0.07736142404716818,0.2560045791507189
478,BE2C,H3K36me3,Crypton-A,0.10522705465331653,0.2316342118146007,-0.06799375796082252,0.2722894127620377
479,BE2C,H3K36me3,I-Jockey,0.06641645815957745,0.49260454380591356,-0.12343134522114384,0.2515742569545497
480,BE2C,H3K36me3,hAT-Tip100?,-0.20329301075268819,0.110040141667039,-0.4315471529605384,0.04942575776266092
481,BE2C,H3K36me3,TcMar-Pogo,0.018695014662756596,0.9191090205713128,-0.33219257162348675,0.36503710889964913
482,BE2C,H3K36me3,hAT?,-0.03241978609625668,0.8578565542209733,-0.3716739814476807,0.314473073663299
483,BE2C,H3K36me3,hAT-hAT19,0.3411764705882353,0.1959326248678891,-0.20099378276835864,0.7233398097217669
484,BE2C,H3K27me3,Alu,-9.476490792617301e-05,0.9208150088022681,-0.00196319796786666,0.0017736688136711202
485,BE2C,H3K27me3,L1,-0.0004063078803099853,0.7683217378141093,-0.003109719734249507,0.00229710991259356
486,BE2C,H3K27me3,MIR,-0.0008626067054646579,0.5354167478436216,-0.0035905562195932507,0.0018653556472693032
487,BE2C,H3K27me3,L2,0.0041551000349454225,0.013114346722739574,0.0008721430737988887,0.007437967431261571
488,BE2C,H3K27me3,ERVL-MaLR,-0.0027084999046329055,0.17731253362746652,-0.006643388592048068,0.0012264726584838852
489,BE2C,H3K27me3,hAT-Charlie,0.000578274220454621,0.786335507814953,-0.0036028771836323146,0.004759405405821422
490,BE2C,H3K27me3,ERV1,0.004784126523388232,0.11965703699636096,-0.0012412548708507624,0.010809160552162283
491,BE2C,H3K27me3,ERVL,-0.0007159257203494822,0.8189337003417994,-0.006845527807055259,0.0054137301644094984
492,BE2C,H3K27me3,TcMar-Tigger,0.0018652613123419448,0.5575625518237926,-0.00436842386708265,0.008098801530885342
493,BE2C,H3K27me3,hAT-Tip100,-0.002213934245946866,0.6097879991015301,-0.010715615574561433,0.006288067136355642
494,BE2C,H3K27me3,CR1,0.0001141798972256743,0.980708276288325,-0.009140361937087177,0.009368702173352294
495,BE2C,H3K27me3,Gypsy,-0.007544710779620827,0.3451428527205459,-0.023205091081968103,0.00811937125126271
496,BE2C,H3K27me3,hAT-Blackjack,0.011008148545558217,0.1774381412334233,-0.004990090174228749,0.027000753635690034
497,BE2C,H3K27me3,TcMar-Mariner,0.011038693148738853,0.17979395628126285,-0.005091194328019142,0.027162838024931968
498,BE2C,H3K27me3,RTE-X,0.017883048136995528,0.0825896139420856,-0.002310668873130274,0.03806218609369037
499,BE2C,H3K27me3,ERVK,0.0058222888452461406,0.6214099671254179,-0.017284147147606864,0.028922509173793916
500,BE2C,H3K27me3,TcMar-Tc2,0.01782048061345312,0.15011902444752426,-0.006452516874461094,0.04207249070811535
501,BE2C,H3K27me3,SVA,0.013335353718429232,0.35161256630661974,-0.01472659248733123,0.04137630944403775
502,BE2C,H3K27me3,RTE-BovB,-0.011949657742079404,0.41834032232748053,-0.04087064837977641,0.016991339534750488
503,BE2C,H3K27me3,tRNA-RTE,-0.005215259761112699,0.7455890818037998,-0.03670497638962676,0.02628480347386517
504,BE2C,H3K27me3,hAT-Ac,0.00866854631377409,0.6331549368500381,-0.026925815525989653,0.044240954672912426
505,BE2C,H3K27me3,hAT,-0.05207564196079084,0.0068924933350503655,-0.0897102108513274,-0.014292572486277574
506,BE2C,H3K27me3,MULE-MuDR,0.008951373248033724,0.6679416958812137,-0.031941995047387046,0.049814822867339854
507,BE2C,H3K27me3,PiggyBac,0.009458433683095367,0.666229349400315,-0.03351507596423503,0.05239703438054313
508,BE2C,H3K27me3,5S-Deu-L2,0.06577106285046784,0.0043314342862468104,0.020575037718861926,0.11069882383543216
509,BE2C,H3K27me3,Helitron,-0.0065182400980210685,0.7893679729355003,-0.054297847425016206,0.041291147905703623
510,BE2C,H3K27me3,hAT-Tag1,0.00686965315411214,0.7784298959534415,-0.04096883600625128,0.05467671879356437
511,BE2C,H3K27me3,tRNA,-0.016660128390160477,0.5188097409308363,-0.06718674258689589,0.033951717530616723
512,BE2C,H3K27me3,Penelope,0.082855777864034,0.0342709119413325,0.006038153696568063,0.1587012480459007
513,BE2C,H3K27me3,TcMar-Tc1,0.018811746715710845,0.6316076358729243,-0.058062775053498036,0.09546448819160008
514,BE2C,H3K27me3,Dong-R4,-0.0412111836690533,0.39507407791088633,-0.1355084283032889,0.053825965524701244
515,BE2C,H3K27me3,tRNA-Deu,-0.025396071672260993,0.6046309056747516,-0.12103166019226042,0.07070664055848286
516,BE2C,H3K27me3,Kolobok,-0.01778780048425829,0.7383854038230413,-0.1216587662125719,0.0864685427286613
517,BE2C,H3K27me3,PIF-Harbinger,-0.06063885008266496,0.25855922080406,-0.16466549442728987,0.0447219436155949
518,BE2C,H3K27me3,Crypton,-0.06433368943535711,0.28077151117002064,-0.17970134457593526,0.05277962705960028
519,BE2C,H3K27me3,Merlin,-0.014481885985966263,0.8343523107368698,-0.14926546158898207,0.12083003662198337
520,BE2C,H3K27me3,TcMar,0.0619076206943847,0.382632652115676,-0.07728067635579292,0.19872891812047838
521,BE2C,H3K27me3,L1-Tx1,0.0974824311717842,0.257109530365617,-0.07180011073639352,0.2613062346758996
522,BE2C,H3K27me3,Crypton-A,0.07685973685564385,0.38290274055944673,-0.09618374756933853,0.24539355537576701
523,BE2C,H3K27me3,I-Jockey,0.0722546566583264,0.4552805834785486,-0.11768813514211687,0.2570971710575217
524,BE2C,H3K27me3,hAT-Tip100?,0.08899769585253457,0.4879142708495082,-0.16283448607425288,0.3299432717411858
525,BE2C,H3K27me3,TcMar-Pogo,-0.04728739002932551,0.7971796452335246,-0.3897305275248658,0.30664403082940456
526,BE2C,H3K27me3,hAT?,0.039104278074866314,0.8289426989227944,-0.30846795570378016,0.3774647320208584
527,BE2C,H3K27me3,hAT-hAT19,0.16764705882352943,0.5348568245819433,-0.36110646855831324,0.6148281337779065
528,SJSA1,H3K27ac,Alu,-0.0005850236112482605,0.5383765368859993,-0.0024486330931357005,0.0012785899342705883
529,SJSA1,H3K27ac,L1,0.0009643514499090106,0.483174450812236,-0.0017311394546077742,0.0036598283411644716
530,SJSA1,H3K27ac,MIR,0.0003571414333183978,0.7973828544047302,-0.0023693346400785065,0.003083612196980577
531,SJSA1,H3K27ac,L2,-0.00034311556532192237,0.8375679753970646,-0.0036234764925058183,0.002937252746253329
532,SJSA1,H3K27ac,ERVL-MaLR,0.0002072632070825178,0.9175863998584612,-0.0037186038192802526,0.004133123844595278
533,SJSA1,H3K27ac,hAT-Charlie,-0.0007420782033867142,0.7276249498932702,-0.004918049386931377,0.0034339188621433725
534,SJSA1,H3K27ac,ERV1,-0.003277859238203516,0.28319139341083555,-0.009264066096812091,0.0027085825541739448
535,SJSA1,H3K27ac,ERVL,-0.006349971355811469,0.04194263290467785,-0.012468118759709011,-0.00023134851500496249
536,SJSA1,H3K27ac,TcMar-Tigger,0.00547041676571905,0.08497359381157533,-0.0007540986050661357,0.01169450825455937
537,SJSA1,H3K27ac,hAT-Tip100,-0.003355256202089909,0.438981410451593,-0.011852099528936674,0.005142071632315919
538,SJSA1,H3K27ac,CR1,0.0049777691980613685,0.29133132515029286,-0.004268157100238414,0.014222844482973611
539,SJSA1,H3K27ac,Gypsy,-0.006842122691924956,0.39142343243073596,-0.02248631963507149,0.0088054242197108
540,SJSA1,H3K27ac,hAT-Blackjack,-0.004379783800446316,0.5908394716063388,-0.020344498915131806,0.011587164238974268
541,SJSA1,H3K27ac,TcMar-Mariner,0.011647727160052255,0.15618016737028242,-0.00445219274275135,0.027741610153371395
542,SJSA1,H3K27ac,RTE-X,0.022942319573693276,0.025825217780005214,0.002765729514041569,0.04310023769439311
543,SJSA1,H3K27ac,ERVK,0.012793813001514664,0.27156870187979,-0.010014877392114338,0.03558919736950911
544,SJSA1,H3K27ac,TcMar-Tc2,0.008278135838671485,0.5036388878609777,-0.015982615529835525,0.0325291456949144
545,SJSA1,H3K27ac,SVA,0.004587792624796036,0.7474665368365352,-0.023336414910057113,0.03250484707497013
546,SJSA1,H3K27ac,RTE-BovB,-0.019831968740526465,0.17891450865628886,-0.0487220593686309,0.009091277924541803
547,SJSA1,H3K27ac,tRNA-RTE,-0.004884966367294565,0.7611651018160903,-0.03637102495358163,0.026610781067282114
548,SJSA1,H3K27ac,hAT-Ac,-0.01871790518874228,0.3018945599306879,-0.05421184045423771,0.016823271762155093
549,SJSA1,H3K27ac,hAT,-0.014874982326961186,0.44043132316261213,-0.052626102729485126,0.022918593226155
550,SJSA1,H3K27ac,MULE-MuDR,-0.020339835106151054,0.3288073162606193,-0.061103230805072566,0.020491296492368517
551,SJSA1,H3K27ac,PiggyBac,-0.022736376535607936,0.29790836295495615,-0.06547296156017231,0.02008346547564923
552,SJSA1,H3K27ac,5S-Deu-L2,-0.010203854763590819,0.6578729479237642,-0.055316036222215266,0.03494990121033687
553,SJSA1,H3K27ac,Helitron,-0.0014971914572301437,0.9508857572373597,-0.04910604556028646,0.04611845070600632
554,SJSA1,H3K27ac,hAT-Tag1,0.01324745007656796,0.5868464500368396,-0.03452992525481476,0.060964411965540775
555,SJSA1,H3K27ac,tRNA,-0.023189808826426034,0.3686492065684702,-0.07363956913488139,0.02737833654492933
556,SJSA1,H3K27ac,Penelope,0.016475977696823497,0.6731281024101844,-0.06003756645589895,0.09279704351794506
557,SJSA1,H3K27ac,TcMar-Tc1,-0.03413612835083806,0.38381282737294675,-0.11059367445061451,0.04272308545791532
558,SJSA1,H3K27ac,Dong-R4,0.0743199174748529,0.12474217995354633,-0.020743226376600966,0.16805126533683845
559,SJSA1,H3K27ac,tRNA-Deu,-0.06097053528265409,0.21351050721113168,-0.15606068365709244,0.03523936744986285
560,SJSA1,H3K27ac,Kolobok,0.01921859778792225,0.7185853048992326,-0.08519679732345829,0.12321645006158173
561,SJSA1,H3K27ac,PIF-Harbinger,-0.013604420522751019,0.800073886316411,-0.11842019803069237,0.09151119336212643
562,SJSA1,H3K27ac,Crypton,0.12503929541340605,0.03551522220972645,0.008109767834285037,0.23859551953693484
563,SJSA1,H3K27ac,Merlin,-0.030301446432015586,0.6608876196713045,-0.16440953000064007,0.10490652791532047
564,SJSA1,H3K27ac,TcMar,0.026041257604159578,0.7122751681553865,-0.11209367312840121,0.16318882231122542
565,SJSA1,H3K27ac,L1-Tx1,-0.04879488762871661,0.5712347677980898,-0.2148490146266497,0.12000113848881835
566,SJSA1,H3K27ac,Crypton-A,0.07554653396173577,0.39110844398395517,-0.09748366088764562,0.24414368117566804
567,SJSA1,H3K27ac,I-Jockey,0.06571216754702994,0.49721387999253497,-0.12412352936993012,0.25090738537180174
568,SJSA1,H3K27ac,hAT-Tip100?,0.1344322344322344,0.2895642928686819,-0.11629932200045301,0.36905604182483515
569,SJSA1,H3K27ac,TcMar-Pogo,0.27382697947214074,0.1293865462109822,-0.08947955242722166,0.5728214973122416
570,SJSA1,H3K27ac,hAT?,0.40840336134453775,0.016488413244645155,0.06718742935777779,0.6640916227282693
571,SJSA1,H3K27ac,hAT-hAT19,-0.14705882352941177,0.5867933937012053,-0.6009674550471439,0.3785742995295686
572,SJSA1,H3K9me3,Alu,-0.0006774862962412817,0.4759305583995618,-0.0025401802357804633,0.0011852123445637345
573,SJSA1,H3K9me3,L1,-0.00010083680999396549,0.9415442126367237,-0.002796028737481368,0.002594356582463428
574,SJSA1,H3K9me3,MIR,-0.00038518232209850745,0.7818232421733902,-0.0031111543871763054,0.002340795467513053
575,SJSA1,H3K9me3,L2,0.0022633660628482606,0.1762627164828878,-0.0010169370876145132,0.00554362050438731
576,SJSA1,H3K9me3,ERVL-MaLR,0.0017953291277809787,0.36998948058451675,-0.0021297263320027497,0.005720329270268198
577,SJSA1,H3K9me3,hAT-Charlie,-0.0002190722383652361,0.9180884689637501,-0.0043941349838265385,0.00395599814447203
578,SJSA1,H3K9me3,ERV1,0.0005138806492665826,0.866352177758264,-0.005470778646982578,0.006498503135282796
579,SJSA1,H3K9me3,ERVL,0.0019972197078565557,0.5222447172972082,-0.00412021466417854,0.008114504599028642
580,SJSA1,H3K9me3,TcMar-Tigger,-0.0004748064643720557,0.8811409899720639,-0.006698539708096946,0.005748963562698087
581,SJSA1,H3K9me3,hAT-Tip100,-0.005237134575861819,0.2269731708102749,-0.013732302146554368,0.0032587889885506392
582,SJSA1,H3K9me3,CR1,0.0027830121802601615,0.5552546481878641,-0.006463564818772396,0.012029113309545276
583,SJSA1,H3K9me3,Gypsy,0.003179462614237754,0.6904434879987884,-0.01246761830123411,0.018824986805944254
584,SJSA1,H3K9me3,hAT-Blackjack,0.0075229806180753455,0.35570524437772055,-0.008442201760986383,0.023484328680530245
585,SJSA1,H3K9me3,TcMar-Mariner,-0.0025183029494034778,0.7591099740976004,-0.018612313252173107,0.013577012034791017
586,SJSA1,H3K9me3,RTE-X,0.008561136011683377,0.4056268327517759,-0.011616456503423507,0.028731759343429888
587,SJSA1,H3K9me3,ERVK,0.010932056653802018,0.34723680799282464,-0.011864076470736864,0.03371683209615032
588,SJSA1,H3K9me3,TcMar-Tc2,0.00644706807278585,0.6023648801532775,-0.017805666441419128,0.03069222037482859
589,SJSA1,H3K9me3,SVA,-0.015305908080152858,0.28255929936486074,-0.04320165974152948,0.012613690819653172
590,SJSA1,H3K9me3,RTE-BovB,0.0027185571567736456,0.8538475955871914,-0.026201894721309786,0.031634462154388136
591,SJSA1,H3K9me3,tRNA-RTE,0.00641965503018157,0.6895661481574751,-0.02507720498158484,0.03790378240059364
592,SJSA1,H3K9me3,hAT-Ac,0.0005895387073730945,0.9740672575664522,-0.03494391385863903,0.036121502601142136
593,SJSA1,H3K9me3,hAT,-0.002996257061585953,0.8764931398885765,-0.04076332027691068,0.034779355594293425
594,SJSA1,H3K9me3,MULE-MuDR,0.016784378785179736,0.42046227070775666,-0.024053727630664247,0.05756656178423655
595,SJSA1,H3K9me3,PiggyBac,-0.033162989911305625,0.12870407642025514,-0.07584150909349106,0.009636815839004617
596,SJSA1,H3K9me3,5S-Deu-L2,0.004812782161356442,0.8345476692415733,-0.04033272600624837,0.04993868037087268
597,SJSA1,H3K9me3,Helitron,-0.001251841950022347,0.9589385852949955,-0.048875329359333405,0.0463773244917782
598,SJSA1,H3K9me3,hAT-Tag1,-0.00758161658860375,0.7558086697027169,-0.05531571298756331,0.040187056918257184
599,SJSA1,H3K9me3,tRNA,-0.01368945424952109,0.5956566249846673,-0.06417670208891336,0.03686769110978019
600,SJSA1,H3K9me3,Penelope,-0.0033934497919795607,0.9307127643364876,-0.07974771511155188,0.07300040394551528
601,SJSA1,H3K9me3,TcMar-Tc1,-0.008081637509436773,0.8365697477725597,-0.08469671167538771,0.06862843682124922
602,SJSA1,H3K9me3,Dong-R4,0.06253905103424715,0.19660019530554207,-0.03253287211750771,0.15648938502436158
603,SJSA1,H3K9me3,tRNA-Deu,-0.026795143585626256,0.5848696333040418,-0.12241267230507809,0.0693152249289028
604,SJSA1,H3K9me3,Kolobok,0.05373535847221105,0.31336926708531754,-0.05085954044463836,0.15716425782466062
605,SJSA1,H3K9me3,PIF-Harbinger,-0.0036298027469892536,0.9461301193322076,-0.10856886558197745,0.10138926636997574
606,SJSA1,H3K9me3,Crypton,0.006742596545613904,0.9100882039457865,-0.10994266993619796,0.12324453617065731
607,SJSA1,H3K9me3,Merlin,-0.06564389786607375,0.34152060303349097,-0.19877606624764055,0.0698670669066738
608,SJSA1,H3K9me3,TcMar,0.054344945252074006,0.4401131267344558,-0.0837520427004648,0.19039382517827907
609,SJSA1,H3K9me3,L1-Tx1,-0.10561957957739562,0.21931289011125166,-0.2690149476672476,0.0636853572557251
610,SJSA1,H3K9me3,Crypton-A,-0.113925689269671,0.19509099710637093,-0.28049718297826226,0.05930705804531095
611,SJSA1,H3K9me3,I-Jockey,-0.030377166156982674,0.753852993198769,-0.21727943202753194,0.15867377907261943
612,SJSA1,H3K9me3,hAT-Tip100?,0.28937728937728935,0.020381338964789202,0.041714941681632915,0.5035373932592798
613,SJSA1,H3K9me3,TcMar-Pogo,0.08614369501466275,0.6392214346724248,-0.2713059722745166,0.4227112041904252
614,SJSA1,H3K9me3,hAT?,0.13155080213903741,0.4583255532916042,-0.2176824531213584,0.4509222116279055
615,SJSA1,H3K9me3,hAT-hAT19,-0.12058823529411765,0.6564245147485952,-0.582835796857242,0.4006230717558349
616,SJSA1,H3K36me3,Alu,-0.0002441935266623054,0.7972510365956867,-0.0021071671860240543,0.0016187818277317992
617,SJSA1,H3K36me3,L1,0.0018784378680494315,0.17196952977377492,-0.0008169779546497113,0.004573826396225389
618,SJSA1,H3K36me3,MIR,-0.00046696547055418786,0.7370640676396449,-0.0031929499683418902,0.002259025967285565
619,SJSA1,H3K36me3,L2,-0.00033535972399917775,0.8411875411900407,-0.003615665614845306,0.0029449533840777086
620,SJSA1,H3K36me3,ERVL-MaLR,-0.002946964163881317,0.14114102420609403,-0.00687194622833878,0.0009781087022850555
621,SJSA1,H3K36me3,hAT-Charlie,-0.0007464292393862316,0.7260299629336125,-0.004921414892682462,0.0034285824353641643
622,SJSA1,H3K36me3,ERV1,-0.002875215133566693,0.3463857766350693,-0.008859717127534932,0.0031094928166201905
623,SJSA1,H3K36me3,ERVL,-0.002361836898084357,0.44923523562240264,-0.00847924983721153,0.0037557528199586203
624,SJSA1,H3K36me3,TcMar-Tigger,0.0032531222826912005,0.30560833168793805,-0.002970550126503804,0.009476542685907405
625,SJSA1,H3K36me3,hAT-Tip100,-0.0012374256060154307,0.7752705781225381,-0.009732488229804848,0.007257815622135236
626,SJSA1,H3K36me3,CR1,-0.007771751008350242,0.09944430715362082,-0.0170160319390088,0.001473858490307848
627,SJSA1,H3K36me3,Gypsy,0.01205089513760488,0.13114071168996325,-0.0035957748801835,0.02769166596444503
628,SJSA1,H3K36me3,hAT-Blackjack,-0.006765701500618369,0.40614847558937983,-0.022725784091889866,0.009197828769334126
629,SJSA1,H3K36me3,TcMar-Mariner,0.015374482291500685,0.06118296488911181,-0.0007219291613921077,0.031462928917459644
630,SJSA1,H3K36me3,RTE-X,0.011563899052521032,0.2613040503389382,-0.008614001458921518,0.031732386268999865
631,SJSA1,H3K36me3,ERVK,0.009104877046505772,0.43383940770463814,-0.013697101879157006,0.03189739131559064
632,SJSA1,H3K36me3,TcMar-Tc2,0.015855686256685556,0.20012123261087533,-0.008402480710251565,0.040095202050341276
633,SJSA1,H3K36me3,SVA,0.00806067852829416,0.5714650005066712,-0.019856818170302593,0.0359656152936212
634,SJSA1,H3K36me3,RTE-BovB,0.00896976272739011,0.5433142893827314,-0.019954333263005872,0.03787885702823186
635,SJSA1,H3K36me3,tRNA-RTE,0.007078677278216559,0.6594460843475405,-0.024402372622874622,0.03854570198910582
636,SJSA1,H3K36me3,hAT-Ac,-8.09271928499365e-05,0.9964389587056619,-0.03560770451714075,0.03544605441743848
637,SJSA1,H3K36me3,hAT,0.012284707838006425,0.523973598757148,-0.025500140542916813,0.050034505842217344
638,SJSA1,H3K36me3,MULE-MuDR,-0.0020497869328622237,0.9216820747094016,-0.0428915754801384,0.03879884108943319
639,SJSA1,H3K36me3,PiggyBac,-0.024227625131408435,0.2672203528713824,-0.06694906531418764,0.018582487375374327
640,SJSA1,H3K36me3,5S-Deu-L2,0.011821158656481787,0.6079177109416001,-0.03333468841474508,0.056928842536358513
641,SJSA1,H3K36me3,Helitron,0.006716972095937737,0.7823501123941391,-0.04092303868356006,0.05432651171683863
642,SJSA1,H3K36me3,hAT-Tag1,-0.014299011789645323,0.5575053062927912,-0.062012541419753674,0.03347972586472026
643,SJSA1,H3K36me3,tRNA,0.03811146272368362,0.1394567511184842,-0.012460133545564843,0.08848858706817106
644,SJSA1,H3K36me3,Penelope,0.041253747968779814,0.29066735559271845,-0.03532282970036696,0.11734872716011728
645,SJSA1,H3K36me3,TcMar-Tc1,0.05623682705134504,0.1508447643422855,-0.020578626122722675,0.13239223179834333
646,SJSA1,H3K36me3,Dong-R4,0.011819895951163124,0.8073661288846619,-0.0830632655647161,0.10649067950584577
647,SJSA1,H3K36me3,tRNA-Deu,-0.0809908189500431,0.09820472091064286,-0.17569503091499805,0.01519871651602331
648,SJSA1,H3K36me3,Kolobok,0.010832794858530668,0.8390545965054912,-0.09351098671271128,0.11494119411853251
649,SJSA1,H3K36me3,PIF-Harbinger,-0.03529134862436728,0.5110933079788283,-0.13978583003140424,0.06998053403729756
650,SJSA1,H3K36me3,Crypton,-0.05805357094883968,0.33049827641659535,-0.1735725185820531,0.05904123044122391
651,SJSA1,H3K36me3,Merlin,-0.008138656920224644,0.9062245653457638,-0.14273330951206406,0.1267515380015782
652,SJSA1,H3K36me3,TcMar,0.05496196182674556,0.4360735777154664,-0.08348284487381409,0.1913252500707307
653,SJSA1,H3K36me3,L1-Tx1,0.14706606447331316,0.0863581309625017,-0.022084242769822366,0.30803092278052924
654,SJSA1,H3K36me3,Crypton-A,0.07307226753357972,0.40685307430849726,-0.09993167569286407,0.2417875840509383
655,SJSA1,H3K36me3,I-Jockey,0.127217125382263,0.18742451978591215,-0.06314293040213367,0.3086453118127805
656,SJSA1,H3K36me3,hAT-Tip100?,0.08246336996336996,0.517108240774852,-0.1671398652354962,0.32213276332679847
657,SJSA1,H3K36me3,TcMar-Pogo,0.2624633431085044,0.14671604062076438,-0.10107260794309583,0.5641659549456125
658,SJSA1,H3K36me3,hAT?,0.30603514132925896,0.07836734613751445,-0.04397462603545305,0.5891302232142986
659,SJSA1,H3K36me3,hAT-hAT19,0.05294117647058824,0.8456104411493658,-0.4549988507346061,0.5348883254111099
660,SJSA1,H3K27me3,Alu,4.2477547938027044e-05,0.9643587943487821,-0.0018206832038896593,0.0019056380048553595
661,SJSA1,H3K27me3,L1,-0.00017168144152537195,0.9006479953397539,-0.002866979848448151,0.002523619459805293
662,SJSA1,H3K27me3,MIR,0.0012877656883191954,0.35453199085994425,-0.0014383976639277506,0.004013909899405567
663,SJSA1,H3K27me3,L2,0.0022993051496491123,0.16948866836450416,-0.0009809428543317465,0.005579503672943938
664,SJSA1,H3K27me3,ERVL-MaLR,-0.0014757223603772305,0.4612221003211703,-0.0054010611047795075,0.0024496618613501896
665,SJSA1,H3K27me3,hAT-Charlie,-0.002428303949447325,0.2543518226737006,-0.006603707763453481,0.0017471845368627137
666,SJSA1,H3K27me3,ERV1,0.002493256349935112,0.41424801612801365,-0.003492116828498265,0.008478450892307575
667,SJSA1,H3K27me3,ERVL,-0.00015541231523569758,0.9602900700911332,-0.006273141912927407,0.005962328915592324
668,SJSA1,H3K27me3,TcMar-Tigger,0.001546023928594021,0.6263616236650884,-0.004677903007488363,0.007769831089213267
669,SJSA1,H3K27me3,hAT-Tip100,0.006775681532195875,0.11800967438835974,-0.001719995866622553,0.015270380908287962
670,SJSA1,H3K27me3,CR1,0.0069829254389617325,0.13876480317577414,-0.002262183034849394,0.01622684031904867
671,SJSA1,H3K27me3,Gypsy,-0.010824665351146566,0.17511317202457125,-0.026466563643877436,0.0048225322767825735
672,SJSA1,H3K27me3,hAT-Blackjack,0.0072494544873831,0.3734825479954136,-0.008716236219325192,0.023211450035817576
673,SJSA1,H3K27me3,TcMar-Mariner,0.0064109191263272735,0.43509881357374225,-0.009688242222734293,0.022506757822238658
674,SJSA1,H3K27me3,RTE-X,0.008363658315126081,0.4165445246913928,-0.011813904380518084,0.02853441257253803
675,SJSA1,H3K27me3,ERVK,-0.005547014096897634,0.6335240048070383,-0.028343810549373256,0.017255549490680297
676,SJSA1,H3K27me3,TcMar-Tc2,0.02125652403193777,0.08587485183658332,-0.0030030320825968787,0.04549107460058502
677,SJSA1,H3K27me3,SVA,-0.008299093170526123,0.5602594279133651,-0.036212253822591765,0.01962700675381903
678,SJSA1,H3K27me3,RTE-BovB,-0.02869572719334694,0.05176869915988639,-0.057569089824671765,0.00022560001065976323
679,SJSA1,H3K27me3,tRNA-RTE,0.013719696223159168,0.39327201143767143,-0.01778093334783676,0.0451931163657199
680,SJSA1,H3K27me3,hAT-Ac,-0.020364409993250343,0.2612701267456925,-0.05584873090137321,0.015171289641858625
681,SJSA1,H3K27me3,hAT,-0.0003578197156667472,0.985192016902521,-0.03812889745122061,0.03741427901769738
682,SJSA1,H3K27me3,MULE-MuDR,0.016352507143357092,0.43251944079117377,-0.024485317389919183,0.05713584681200192
683,SJSA1,H3K27me3,PiggyBac,-0.021344005061550687,0.32825528264453707,-0.06406476143687997,0.021454837599331082
684,SJSA1,H3K27me3,5S-Deu-L2,0.020886526027123865,0.3646396834306974,-0.02427776543689308,0.06596573167592647
685,SJSA1,H3K27me3,Helitron,-0.01269153497099677,0.6016727165970553,-0.06028339277119367,0.03495789392079361
686,SJSA1,H3K27me3,hAT-Tag1,-0.008588498959376127,0.7246192618817557,-0.05631971782657138,0.03918188873694864
687,SJSA1,H3K27me3,tRNA,-0.006955862814763673,0.7874471621116853,-0.05746555392621634,0.04358934696980055
688,SJSA1,H3K27me3,Penelope,0.01618168740928386,0.6784065266978139,-0.060272501400180666,0.09244712204175269
689,SJSA1,H3K27me3,TcMar-Tc1,-0.018836585215644765,0.6306322692353794,-0.09537192239442002,0.05792014540940039
690,SJSA1,H3K27me3,Dong-R4,-0.08005817386820818,0.09811359152884773,-0.17367579608947578,0.014993435448000433
691,SJSA1,H3K27me3,tRNA-Deu,-0.06562567391441741,0.18052309615049006,-0.1606311639493495,0.03058471014476646
692,SJSA1,H3K27me3,Kolobok,0.06748163183757264,0.20529370502318955,-0.03713274331778151,0.1706329411335511
693,SJSA1,H3K27me3,PIF-Harbinger,0.0569298624180734,0.2888797101281406,-0.04842426773110247,0.1610311752711555
694,SJSA1,H3K27me3,Crypton,0.12200367096941098,0.040266615551616564,0.005049118454844144,0.23566555580010484
695,SJSA1,H3K27me3,Merlin,0.09833958552454353,0.1536256538026685,-0.03722527030940094,0.23035029736492532
696,SJSA1,H3K27me3,TcMar,-0.03441313478195833,0.6259547985176594,-0.17135093990911565,0.10382913729669827
697,SJSA1,H3K27me3,L1-Tx1,0.07305698455247397,0.39620994545834654,-0.09605641472393443,0.23807103514365105
698,SJSA1,H3K27me3,Crypton-A,-0.056721290037480464,0.5198989780525678,-0.22617969769796584,0.116069535113975
699,SJSA1,H3K27me3,I-Jockey,0.09580205726994719,0.321708438313941,-0.09442590697093632,0.279280565583432
700,SJSA1,H3K27me3,hAT-Tip100?,0.00032051282051282046,0.9979944672674576,-0.24550811805208153,0.2461104115133091
701,SJSA1,H3K27me3,TcMar-Pogo,0.10557184750733135,0.5652540068582357,-0.2533619931113645,0.43895493771307226
702,SJSA1,H3K27me3,hAT?,0.12177234530175705,0.4926817518292895,-0.2269228302068829,0.4427950160727293
703,SJSA1,H3K27me3,hAT-hAT19,-0.2911764705882353,0.27388704841914874,-0.6935946774924099,0.24975116412258716
704,SJSA1,H3K4me3,Alu,-0.00039566956538033263,0.6773301926613435,-0.002259355788793815,0.0014680194066166803
705,SJSA1,H3K4me3,L1,0.0004189825923833462,0.7606416856826552,-0.002276640986979361,0.003114600082779848
706,SJSA1,H3K4me3,MIR,-0.0022810311717394215,0.10104523037913657,-0.005007382293065333,0.00044535385995047
707,SJSA1,H3K4me3,L2,0.0011489162392766708,0.49244572569985046,-0.002131614011356749,0.004429421761069391
708,SJSA1,H3K4me3,ERVL-MaLR,-0.0022482718261941253,0.26166786538179804,-0.006173999624462466,0.0016775252714052037
709,SJSA1,H3K4me3,hAT-Charlie,-0.0014269248632278507,0.5030294880294628,-0.005602765712797709,0.00274896575145995
710,SJSA1,H3K4me3,ERV1,0.0045769919956806385,0.13402174126866545,-0.001409813586229869,0.010563469493058782
711,SJSA1,H3K4me3,ERVL,0.0029731372837894753,0.3408790404030919,-0.0031451756711368436,0.009091227653470256
712,SJSA1,H3K4me3,TcMar-Tigger,0.002942056957639934,0.3542832356118748,-0.0032829934443728854,0.009166879349246822
713,SJSA1,H3K4me3,hAT-Tip100,0.001491166610768714,0.7308904669066598,-0.007006243919291605,0.00998836180349732
714,SJSA1,H3K4me3,CR1,0.0029491276788635545,0.5319226073886629,-0.006298074376061589,0.012195825392695396
715,SJSA1,H3K4me3,Gypsy,0.005533596289702077,0.48822731975059874,-0.010113820286308531,0.021178303542290687
716,SJSA1,H3K4me3,hAT-Blackjack,-0.00435541020742809,0.5928948272844019,-0.02031960444609289,0.011611004382592785
717,SJSA1,H3K4me3,TcMar-Mariner,-0.00356287375712834,0.6645595580469547,-0.01966468184874254,0.012540782049844384
718,SJSA1,H3K4me3,RTE-X,-0.00039842602590394117,0.9691298436339364,-0.02057454687597418,0.0197780192086614
719,SJSA1,H3K4me3,ERVK,-0.0072804763947722844,0.5316329770649804,-0.03008525031475486,0.015531872978063525
720,SJSA1,H3K4me3,TcMar-Tc2,-0.001270153903470141,0.9182836716472443,-0.02553021990384265,0.02299140729165844
721,SJSA1,H3K4me3,SVA,0.022579951349329608,0.11295111932277223,-0.0053452137948852806,0.050469926567075725
722,SJSA1,H3K4me3,RTE-BovB,-0.018488330055522452,0.21019697421006198,-0.04738065933909191,0.010434909700986372
723,SJSA1,H3K4me3,tRNA-RTE,0.02035470875059398,0.20528788267953818,-0.011147162832795616,0.05181621665434845
724,SJSA1,H3K4me3,hAT-Ac,-0.013718979363256792,0.44941797200934896,-0.04923520240583536,0.021831894266400958
725,SJSA1,H3K4me3,hAT,-0.007060528759270122,0.7142409585883474,-0.04482764966743999,0.030726745548563375
726,SJSA1,H3K4me3,MULE-MuDR,0.01458886226573807,0.4838806782440328,-0.02625655685096972,0.05538565038331326
727,SJSA1,H3K4me3,PiggyBac,-0.0011268762678088952,0.9588400663758767,-0.04389916106965481,0.041649532105704254
728,SJSA1,H3K4me3,5S-Deu-L2,-0.02766868024882202,0.2297389655682951,-0.07272295319386643,0.017498288559731026
729,SJSA1,H3K4me3,Helitron,0.004460051348104122,0.8544155645243224,-0.04316167862283464,0.052061560237478745
730,SJSA1,H3K4me3,hAT-Tag1,-0.01736818475460706,0.476175659423685,-0.06507124531892304,0.03041407639546265
731,SJSA1,H3K4me3,tRNA,0.04012175477110183,0.11974857853181524,-0.010449012359738401,0.09048780813544297
732,SJSA1,H3K4me3,Penelope,0.09910208812155692,0.010973273918232725,0.02265463891438469,0.17439733238759936
733,SJSA1,H3K4me3,TcMar-Tc1,-0.0617984535529557,0.11464100989512567,-0.13794173904863455,0.015071029768485919
734,SJSA1,H3K4me3,Dong-R4,-0.032933177536743616,0.4968092736625547,-0.12734788683096077,0.0620729931397804
735,SJSA1,H3K4me3,tRNA-Deu,-0.07269899703061447,0.13784935379482252,-0.16756996157802206,0.0235060758592191
736,SJSA1,H3K4me3,Kolobok,0.035987904350729544,0.49971882194765205,-0.06853793112881251,0.139732224749592
737,SJSA1,H3K4me3,PIF-Harbinger,-0.04079293602790593,0.44745952502274944,-0.14519432567829785,0.06450685841178855
738,SJSA1,H3K4me3,Crypton,0.12596292789662736,0.034167516501010055,0.009041350196202376,0.2394866867060849
739,SJSA1,H3K4me3,Merlin,0.021738979847034583,0.752996932993917,-0.11335782732630773,0.15604652728378737
740,SJSA1,H3K4me3,TcMar,-0.04814661420729475,0.49407473644827304,-0.18437622063392695,0.08989806831357397
741,SJSA1,H3K4me3,L1-Tx1,0.0009707639049998139,0.9910172926290233,-0.16677191513531603,0.16865883073451785
742,SJSA1,H3K4me3,Crypton-A,0.021694538865212987,0.8057174536680773,-0.1504105058284312,0.19252332250067075
743,SJSA1,H3K4me3,I-Jockey,0.13059030673709573,0.17589970197948882,-0.05976676818544774,0.31178264371745834
744,SJSA1,H3K4me3,hAT-Tip100?,0.08653846153846154,0.4965423890098978,-0.16318938534932778,0.3258449290878912
745,SJSA1,H3K4me3,TcMar-Pogo,0.24596774193548382,0.17478102325974798,-0.11775483708650622,0.5515013501008161
746,SJSA1,H3K4me3,hAT?,0.13521772345301758,0.44578037477092514,-0.2142049136407816,0.45395948959023547
747,SJSA1,H3K4me3,hAT-hAT19,-0.11176470588235293,0.6802736949858406,-0.5767137615441166,0.407873364319891
748,HAP-1,H3K27ac,Alu,0.0015001656681372403,0.1159126586013675,-0.0003700425061269336,0.0033703633482419296
749,HAP-1,H3K27ac,L1,-2.8450674179440183e-05,0.9835436844495922,-0.0027318887679029006,0.0026749878354120006
750,HAP-1,H3K27ac,MIR,-5.5932529179612746e-05,0.9679598510174978,-0.002785164056286732,0.002673299831177552
751,HAP-1,H3K27ac,L2,0.0013441721060435956,0.42230360375623066,-0.0019390137045327822,0.004627328938330248
752,HAP-1,H3K27ac,ERVL-MaLR,0.0023153385251650244,0.24907766222626274,-0.0016218641336388372,0.006252469402152544
753,HAP-1,H3K27ac,hAT-Charlie,-0.002070159339299479,0.3321580409658845,-0.006253985165067973,0.0021137389618232933
754,HAP-1,H3K27ac,ERV1,0.00010875893939961394,0.9718048552876086,-0.005922172855247966,0.006139682822467107
755,HAP-1,H3K27ac,ERVL,0.0010100034874815785,0.7468747589147162,-0.005123171384888556,0.007143102376468485
756,HAP-1,H3K27ac,TcMar-Tigger,0.0015341169033620276,0.6297504944239332,-0.0047030632917186765,0.007771177738735673
757,HAP-1,H3K27ac,hAT-Tip100,-0.0008166531156947189,0.8507378974381098,-0.009322304348710954,0.007689116282382593
758,HAP-1,H3K27ac,CR1,-0.003986032000141459,0.3986521264851366,-0.01324155702961637,0.005270176015397921
759,HAP-1,H3K27ac,Gypsy,-0.00482561764019789,0.5460061493500831,-0.020488560380298115,0.010839693229110403
760,HAP-1,H3K27ac,hAT-Blackjack,0.0008275803058410157,0.919249249482999,-0.015171097419549726,0.01682583439107474
761,HAP-1,H3K27ac,TcMar-Mariner,-0.0020645757819201843,0.8020102040179617,-0.01820067382434946,0.014072597459036365
762,HAP-1,H3K27ac,RTE-X,-0.0003521904206826354,0.9727352899427906,-0.02054652877559176,0.019842435192815967
763,HAP-1,H3K27ac,ERVK,-0.0025535493919362348,0.8286073501558499,-0.025667231891483514,0.020562861875814697
764,HAP-1,H3K27ac,TcMar-Tc2,0.00998046274020236,0.4207062209970588,-0.014314247926713708,0.03426339634897617
765,HAP-1,H3K27ac,SVA,0.030165112468244354,0.03542134876985024,0.002053395552273531,0.058229189747370964
766,HAP-1,H3K27ac,RTE-BovB,0.021952899433906634,0.137209753946417,-0.007001745481375617,0.05087076401284331
767,HAP-1,H3K27ac,tRNA-RTE,-0.001418158340536939,0.9296860750939915,-0.03290817049056017,0.030074666617172365
768,HAP-1,H3K27ac,hAT-Ac,0.008087619171513492,0.6562593437743997,-0.02752388473321489,0.043678620444203724
769,HAP-1,H3K27ac,hAT,0.003453363321286409,0.8579952178590446,-0.034364983556948614,0.04126183447187966
770,HAP-1,H3K27ac,MULE-MuDR,0.01359484712781503,0.514619468783748,-0.027294177287110404,0.05443845485655492
771,HAP-1,H3K27ac,PiggyBac,-0.002853766308788271,0.8963842794804885,-0.045776254123229505,0.04007923938341122
772,HAP-1,H3K27ac,5S-Deu-L2,0.02532473539070511,0.2724228559696188,-0.01991377668285991,0.07045976290451023
773,HAP-1,H3K27ac,Helitron,-0.024838940186732366,0.3086308302673095,-0.07255616534945568,0.022991737144076083
774,HAP-1,H3K27ac,hAT-Tag1,-0.028219833305219034,0.2475246141274795,-0.07593709691799304,0.01962638989182215
775,HAP-1,H3K27ac,tRNA,0.02570661708943984,0.31927758523163,-0.024896984253730256,0.07617881833562531
776,HAP-1,H3K27ac,Penelope,-0.05371102133997408,0.17008289900980444,-0.12989710504425242,0.0231055530681251
777,HAP-1,H3K27ac,TcMar-Tc1,-0.01465602477895141,0.7096090757865839,-0.0915774265531572,0.06243924288721957
778,HAP-1,H3K27ac,Dong-R4,-0.04282700540612758,0.3767899300300437,-0.1371002008561025,0.05221505321803294
779,HAP-1,H3K27ac,tRNA-Deu,-0.014136705674465936,0.773213145266626,-0.10990751825194327,0.08189418822043124
780,HAP-1,H3K27ac,Kolobok,-0.054351288857526,0.3085359201382104,-0.15791410241513607,0.0503941953633351
781,HAP-1,H3K27ac,PIF-Harbinger,-0.046454163612920915,0.386934985769265,-0.15075486894295365,0.058869376646174615
782,HAP-1,H3K27ac,Crypton,0.11669642418706047,0.049861013125667764,-0.0002978252557989564,0.2305392088623794
783,HAP-1,H3K27ac,Merlin,-0.006668961830347714,0.9232839964705531,-0.14161145083790794,0.1285168525408936
784,HAP-1,H3K27ac,TcMar,-0.011436366919201217,0.8716697672392228,-0.14925617029740706,0.126819319035028
785,HAP-1,H3K27ac,L1-Tx1,0.14761211916987557,0.0851841209902253,-0.02153310755205311,0.30854217634963704
786,HAP-1,H3K27ac,Crypton-A,-0.06542793198855389,0.45779909334728996,-0.2344988339823756,0.10748492678223136
787,HAP-1,H3K27ac,I-Jockey,0.1540728384765082,0.10968967354621856,-0.03616952365830018,0.33353867168575096
788,HAP-1,H3K27ac,hAT-Tip100?,-0.05558755760368663,0.6652239091900283,-0.299409263999513,0.19504919406475532
789,HAP-1,H3K27ac,TcMar-Pogo,0.469208211143695,0.006746876398277365,0.12493325342561637,0.7126360108501602
790,HAP-1,H3K27ac,hAT?,-0.10127005347593585,0.574957263022393,-0.43038858835609173,0.2516154710553549
791,HAP-1,H3K27ac,hAT-hAT19,0.5470588235294118,0.028301087242108842,0.031314171667594974,0.8327446730155985
792,HAP-1,H3K4me1,Alu,8.857020403165476e-05,0.9260520427374694,-0.0017817937106613532,0.001958933499041451
793,HAP-1,H3K4me1,L1,-0.002366862097730932,0.08621563647621838,-0.005070652432252258,0.0003369628432335307
794,HAP-1,H3K4me1,MIR,-0.0010818601030990545,0.43723039125691776,-0.0038112377272866396,0.0016475336398410576
795,HAP-1,H3K4me1,L2,9.17399672116902e-05,0.9563256574367172,-0.0031914966554877134,0.0033749746120641287
796,HAP-1,H3K4me1,ERVL-MaLR,-0.001805568354004585,0.368758581488264,-0.005742816608448118,0.002131735880983518
797,HAP-1,H3K4me1,hAT-Charlie,-0.00033671394413373564,0.8746646722243816,-0.004520554607814496,0.0038471385076153304
798,HAP-1,H3K4me1,ERV1,0.003491250895795633,0.2565594576973917,-0.002539948725164734,0.00952219653327792
799,HAP-1,H3K4me1,ERVL,0.004723848090613576,0.13114047783359623,-0.0014092484162015512,0.010856589236200078
800,HAP-1,H3K4me1,TcMar-Tigger,-0.003922854532046063,0.21765897715788649,-0.010159445698655976,0.0023140418135911196
801,HAP-1,H3K4me1,hAT-Tip100,0.00497168874721164,0.2519312091809543,-0.0035337472737795254,0.013476405483046917
802,HAP-1,H3K4me1,CR1,0.008909732072868624,0.059205885867065856,-0.00034635376603970187,0.018164291357562406
803,HAP-1,H3K4me1,Gypsy,0.006023315125453675,0.4510704385867996,-0.009641636658705571,0.021685311228942634
804,HAP-1,H3K4me1,hAT-Blackjack,-0.007964061004286756,0.32922005177258606,-0.023958670406926657,0.008034624547454572
805,HAP-1,H3K4me1,TcMar-Mariner,0.0032175502599658366,0.696030072013303,-0.012923679629267569,0.019357103709376287
806,HAP-1,H3K4me1,RTE-X,0.0059672664101302255,0.5624652820800674,-0.014225896128504278,0.026155563477459773
807,HAP-1,H3K4me1,ERVK,0.008330939193398198,0.48033658733211104,-0.0148051785512353,0.031458140986909945
808,HAP-1,H3K4me1,TcMar-Tc2,-0.01719126185875907,0.1655030177051143,-0.04147010229091658,0.007107868701862446
809,HAP-1,H3K4me1,SVA,0.0005862069635425745,0.9673971692422054,-0.027518427597801064,0.02868991549992493
810,HAP-1,H3K4me1,RTE-BovB,0.005781777734733411,0.6955361939316436,-0.023172209809011437,0.03472607408451919
811,HAP-1,H3K4me1,tRNA-RTE,-0.007106276245369643,0.6584503721053844,-0.0385976326654083,0.024399181865210992
812,HAP-1,H3K4me1,hAT-Ac,-0.006682449131634874,0.7130586310820435,-0.042275784847596976,0.028927827195935583
813,HAP-1,H3K4me1,hAT,0.01408422784836036,0.4653643458523331,-0.023729958225214683,0.05185817037346349
814,HAP-1,H3K4me1,MULE-MuDR,-0.033297901982483884,0.1102254580807084,-0.07406264156816891,0.00757792887101903
815,HAP-1,H3K4me1,PiggyBac,-0.018097400954668337,0.408842674624342,-0.06098154027190064,0.02485342774743868
816,HAP-1,H3K4me1,5S-Deu-L2,-0.021423912324050706,0.3533245005646356,-0.06658508115589835,0.02382485569787265
817,HAP-1,H3K4me1,Helitron,0.006317622830957702,0.7957050424067149,-0.041491398977092045,0.05409778050974415
818,HAP-1,H3K4me1,hAT-Tag1,0.01816230878698342,0.45677840169703054,-0.02967763535331295,0.06591923509939929
819,HAP-1,H3K4me1,tRNA,-0.045236103082143146,0.07957176181666177,-0.09560602726514694,0.005364886596545348
820,HAP-1,H3K4me1,Penelope,0.03546348652853198,0.36595204652264046,-0.041457361548381616,0.11196642711393297
821,HAP-1,H3K4me1,TcMar-Tc1,-0.03814565990540291,0.33191753882407227,-0.11479766373163369,0.03895789349023292
822,HAP-1,H3K4me1,Dong-R4,-0.11189355075996124,0.020592295744380318,-0.20479597481803605,-0.016993096007061666
823,HAP-1,H3K4me1,tRNA-Deu,-0.06085519194933848,0.2143795455038844,-0.15594739890534395,0.03535465885544999
824,HAP-1,H3K4me1,Kolobok,-0.014314385732628554,0.7886972248130546,-0.11852545949613968,0.09020858944399934
825,HAP-1,H3K4me1,PIF-Harbinger,-0.06326507927501533,0.23846575011162433,-0.16723756480613072,0.04209911146588185
826,HAP-1,H3K4me1,Crypton,0.14633314065641925,0.013736260119666725,0.029626971415997856,0.2591032540602809
827,HAP-1,H3K4me1,Merlin,-0.06383641913709814,0.35615799694905925,-0.19733762336089908,0.07198933690487559
828,HAP-1,H3K4me1,TcMar,0.014926970316882303,0.8330064427297686,-0.12338589516317235,0.15267093883724628
829,HAP-1,H3K4me1,L1-Tx1,0.09787913757526971,0.2551691636216851,-0.0714048921083075,0.2616824238549237
830,HAP-1,H3K4me1,Crypton-A,-0.025297839488741227,0.7742517880441209,-0.19599961408968247,0.1468920523474525
831,HAP-1,H3K4me1,I-Jockey,0.073589102029469,0.44697539906316475,-0.11637405385516178,0.25835827356080227
832,HAP-1,H3K4me1,hAT-Tip100?,-0.12744815668202764,0.3195427717571716,-0.3646171131860628,0.1252494880197781
833,HAP-1,H3K4me1,TcMar-Pogo,0.2349706744868035,0.19548420463444008,-0.12878230709048613,0.5429926161245356
834,HAP-1,H3K4me1,hAT?,0.011697860962566845,0.9484844405922175,-0.3329591344814221,0.35359757105243916
835,HAP-1,H3K4me1,hAT-hAT19,0.32647058823529407,0.2171594905792295,-0.21558387393694425,0.7147192387183534
836,HAP-1,H3K9me3,Alu,0.0007476510540472885,0.43316269811964114,-0.0011219407381423067,0.002617237619609256
837,HAP-1,H3K9me3,L1,-0.0010781919703720963,0.43436806353182855,-0.003781404039678092,0.0016250358565081024
838,HAP-1,H3K9me3,MIR,0.0006606386189501728,0.635156982445946,-0.002068295760043195,0.0033895631583136725
839,HAP-1,H3K9me3,L2,0.0014367486669429298,0.3910420296381705,-0.0018463131424459253,0.004719779504583837
840,HAP-1,H3K9me3,ERVL-MaLR,-0.0007873677827823943,0.6950251248697934,-0.004723654880075041,0.0031489437141902594
841,HAP-1,H3K9me3,hAT-Charlie,-0.003025045009947991,0.15637195011538002,-0.007208009793465824,0.0011580256368187956
842,HAP-1,H3K9me3,ERV1,0.0007808552607289173,0.7996536143271276,-0.005249356071113526,0.006811009803891096
843,HAP-1,H3K9me3,ERVL,-0.0053907135743029985,0.08485246195594359,-0.011521747995047288,0.0007407261543622322
844,HAP-1,H3K9me3,TcMar-Tigger,-0.004452813440572938,0.16168706910308278,-0.010688921239852621,0.0017836407160939378
845,HAP-1,H3K9me3,hAT-Tip100,-0.0014591120237719317,0.7366988195695321,-0.009964387096418887,0.007046374158028252
846,HAP-1,H3K9me3,CR1,0.0020487894512345364,0.6644162066891166,-0.007207333748061209,0.011304561598952427
847,HAP-1,H3K9me3,Gypsy,0.002574610369482619,0.7473460460129517,-0.013089343281289145,0.01823730070383844
848,HAP-1,H3K9me3,hAT-Blackjack,-0.005291616839325184,0.5168342607499907,-0.021288400693161957,0.010707875767685601
849,HAP-1,H3K9me3,TcMar-Mariner,0.007728704623203179,0.3475532343033866,-0.008397797064220195,0.023851187155867114
850,HAP-1,H3K9me3,RTE-X,-0.0028259362523793312,0.7838776969723525,-0.02301700346534394,0.017367435392798055
851,HAP-1,H3K9me3,ERVK,0.000995889418920923,0.9326953596504806,-0.022113357562136646,0.024104072763696322
852,HAP-1,H3K9me3,TcMar-Tc2,-0.014091484048751206,0.2555839407188146,-0.03837019066714601,0.010203849856708136
853,HAP-1,H3K9me3,SVA,0.020446390177101974,0.15368309408359027,-0.007647795236716894,0.04850832317406334
854,HAP-1,H3K9me3,RTE-BovB,-0.03004107594113792,0.04201225989094551,-0.05895249687402609,-0.0010793012141326569
855,HAP-1,H3K9me3,tRNA-RTE,0.019834542349061353,0.2172865007837286,-0.0116795205599442,0.05130924217891057
856,HAP-1,H3K9me3,hAT-Ac,0.004196360413286029,0.8173065950504711,-0.03139974040840965,0.03978182995505123
857,HAP-1,H3K9me3,hAT,-0.03402420604863174,0.07783672770012746,-0.07175653705261772,0.0038053697027710578
858,HAP-1,H3K9me3,MULE-MuDR,0.015698999403241765,0.4519265652771588,-0.02520945760162431,0.05655496628284502
859,HAP-1,H3K9me3,PiggyBac,-0.032702106140143294,0.13550504907989236,-0.07553550821983568,0.010251759373077379
860,HAP-1,H3K9me3,5S-Deu-L2,-0.00019166294584109422,0.9933720558990964,-0.04538771988131381,0.04500517701672421
861,HAP-1,H3K9me3,Helitron,0.016677511344610197,0.4941495731839183,-0.03113242798331251,0.06441130833139248
862,HAP-1,H3K9me3,hAT-Tag1,0.03884601066075985,0.11136164800723886,-0.00899894947065367,0.08651351471343031
863,HAP-1,H3K9me3,tRNA,0.03484563964318783,0.17695158346577441,-0.01576035341954087,0.08527356746169155
864,HAP-1,H3K9me3,Penelope,0.014704720011569083,0.707613784930677,-0.06209449631455841,0.0913308294944704
865,HAP-1,H3K9me3,TcMar-Tc1,-0.027881161926638882,0.4786311243028035,-0.10469186979614505,0.049260210561416946
866,HAP-1,H3K9me3,Dong-R4,-0.03302133831353198,0.49565718915733126,-0.12743484722883075,0.06198521359395945
867,HAP-1,H3K9me3,tRNA-Deu,0.030718542139154446,0.531112157875702,-0.06541179947007673,0.12628394445702387
868,HAP-1,H3K9me3,Kolobok,-0.034227123087503544,0.5215381359554032,-0.13814663630615384,0.07043782176249205
869,HAP-1,H3K9me3,PIF-Harbinger,-0.011053706358773618,0.8369739142408388,-0.11590248055481597,0.09403869497303104
870,HAP-1,H3K9me3,Crypton,0.041066304449605344,0.4914056448111068,-0.0759437034312873,0.156960647112279
871,HAP-1,H3K9me3,Merlin,0.012061744584262643,0.8617298972006384,-0.12321241414424945,0.1468958372574189
872,HAP-1,H3K9me3,TcMar,-0.013228622511503788,0.8517739711320709,-0.15100979586098456,0.12505673209024173
873,HAP-1,H3K9me3,L1-Tx1,0.11317566978025476,0.18791082167660805,-0.0561347089457859,0.276158896662075
874,HAP-1,H3K9me3,Crypton-A,-0.01958594072255572,0.8242795178519104,-0.19048755896315395,0.15246794077209372
875,HAP-1,H3K9me3,I-Jockey,0.029200259475488835,0.7631024350433574,-0.15981860725106056,0.21615362425516205
876,HAP-1,H3K9me3,hAT-Tip100?,0.08328754578754578,0.5129144282719722,-0.16634137991940337,0.3228839880537823
877,HAP-1,H3K9me3,TcMar-Pogo,0.4233870967741935,0.015754834326364188,0.07177148487085648,0.681402942967857
878,HAP-1,H3K9me3,hAT?,-0.04679144385026738,0.7959642889922955,-0.3840999078847224,0.3015365735608944
879,HAP-1,H3K9me3,hAT-hAT19,0.45,0.0802957365433964,-0.08554250017516149,0.7838015365417142
880,HAP-1,H3K36me3,Alu,-0.0018249525846832386,0.055715880281578596,-0.0036944506998749732,4.45582871412804e-05
881,HAP-1,H3K36me3,L1,-0.0011807677475220357,0.39188411185367444,-0.003883680401355867,0.0015221621592027797
882,HAP-1,H3K36me3,MIR,0.0004927225352949566,0.7233964617400643,-0.0022358856928483277,0.0032213234265191827
883,HAP-1,H3K36me3,L2,0.0013083837155811971,0.4347433988214675,-0.001974659154632734,0.004591398381500295
884,HAP-1,H3K36me3,ERVL-MaLR,0.0005537839693681115,0.7827262362843201,-0.003382112094101812,0.0044896628752649215
885,HAP-1,H3K36me3,hAT-Charlie,3.37571572669139e-05,0.9873791772173421,-0.004148842160669283,0.004216355294098772
886,HAP-1,H3K36me3,ERV1,-0.0012031884495199482,0.6956465459871537,-0.0072311559498229845,0.004824866491232792
887,HAP-1,H3K36me3,ERVL,0.002894225624819502,0.35491043469542305,-0.0032376054352942873,0.009025839048818051
888,HAP-1,H3K36me3,TcMar-Tigger,-0.01153538105621416,0.00028823065918714047,-0.017770273509639063,-0.005299591504246858
889,HAP-1,H3K36me3,hAT-Tip100,0.0035586974822776,0.41215086566277637,-0.004946152665289518,0.012063032835686221
890,HAP-1,H3K36me3,CR1,0.0009046791874090498,0.8480798836257678,-0.008351059815289424,0.010160263187188564
891,HAP-1,H3K36me3,Gypsy,0.0067378338133699854,0.3991946586713927,-0.008926685881216201,0.02239904743446033
892,HAP-1,H3K36me3,hAT-Blackjack,0.011169821260381239,0.17104347688727084,-0.004824153844447183,0.02715808305146572
893,HAP-1,H3K36me3,TcMar-Mariner,0.010184027738296575,0.21603123463326732,-0.005950775002129159,0.026313529217326683
894,HAP-1,H3K36me3,RTE-X,0.0003955727900173121,0.9693784162102438,-0.01979907002444777,0.02058989296174943
895,HAP-1,H3K36me3,ERVK,-0.009796196743775302,0.40600907977427003,-0.032893221137001015,0.013311285389268014
896,HAP-1,H3K36me3,TcMar-Tc2,-0.003819795704293851,0.7580114431860325,-0.028113509239729502,0.020478427502477997
897,HAP-1,H3K36me3,SVA,0.0018861113251046058,0.8953198147595354,-0.026205045617036026,0.029974291861751837
898,HAP-1,H3K36me3,RTE-BovB,-0.009792955127277793,0.5072288642026737,-0.03871991908302117,0.0191504085800032
899,HAP-1,H3K36me3,tRNA-RTE,0.010251736956209713,0.5236499831821233,-0.02125555326519764,0.041738684191362126
900,HAP-1,H3K36me3,hAT-Ac,-0.004195986000442058,0.8172634029812317,-0.03976972919307079,0.03138838051740386
901,HAP-1,H3K36me3,hAT,0.000947832285189446,0.960803085388444,-0.03683912336647635,0.038732081396024506
902,HAP-1,H3K36me3,MULE-MuDR,-0.040931454232776755,0.049723867614322695,-0.08169266097959078,-3.354906842340682e-05
903,HAP-1,H3K36me3,PiggyBac,-0.002779309148000729,0.8990248589076604,-0.04568137418226157,0.04013298952738786
904,HAP-1,H3K36me3,5S-Deu-L2,0.007318445952115982,0.7510293994212289,-0.037879122007908,0.05248613154268144
905,HAP-1,H3K36me3,Helitron,-0.043639220720158724,0.07348693672428062,-0.09125337236279488,0.0041740069408381176
906,HAP-1,H3K36me3,hAT-Tag1,-0.013983354061307813,0.566699499917332,-0.061754634660936523,0.03385184712700539
907,HAP-1,H3K36me3,tRNA,-0.01703936484885282,0.5091962809128578,-0.06754772440021065,0.0335561079956304
908,HAP-1,H3K36me3,Penelope,-0.03203744734483851,0.41374450993974654,-0.10851527348397022,0.0448173781120901
909,HAP-1,H3K36me3,TcMar-Tc1,-0.0038810687786157046,0.9213908762018492,-0.08081847870902596,0.07310231622630527
910,HAP-1,H3K36me3,Dong-R4,0.006533080896587873,0.8927987864456228,-0.08830941654454973,0.10125818737836788
911,HAP-1,H3K36me3,tRNA-Deu,6.75300712146946e-05,0.9989016953967729,-0.09584817449715842,0.09598199212635679
912,HAP-1,H3K36me3,Kolobok,0.025994100601661522,0.6264462565255471,-0.07861963246175237,0.13004157017332085
913,HAP-1,H3K36me3,PIF-Harbinger,-0.0377253320809345,0.48237421926369406,-0.14217920627781558,0.06755948639247232
914,HAP-1,H3K36me3,Crypton,0.03367777403782348,0.572617751234175,-0.08327961011039639,0.1497199712393467
915,HAP-1,H3K36me3,Merlin,0.0413710685483624,0.5500831319784469,-0.09428163574485995,0.17551552785844513
916,HAP-1,H3K36me3,TcMar,0.04209907926825752,0.5519163498628947,-0.09657381044661628,0.17916870227555845
917,HAP-1,H3K36me3,L1-Tx1,0.27079645815336156,0.0013715693456789672,0.10494412496907018,0.4219929267564477
918,HAP-1,H3K36me3,Crypton-A,-0.03842986842782192,0.6629851716636339,-0.2086416299509025,0.13404157612637493
919,HAP-1,H3K36me3,I-Jockey,0.2176165322954314,0.023019897133883156,0.028535875630004735,0.391662235501823
920,HAP-1,H3K36me3,hAT-Tip100?,-0.2368951612903226,0.0615742256038145,-0.46057256733750934,0.01507243723645362
921,HAP-1,H3K36me3,TcMar-Pogo,0.3643695014662756,0.04033853417708139,0.006072805743689356,0.6397541242796794
922,HAP-1,H3K36me3,hAT?,0.16544117647058826,0.35751819232230664,-0.19093099761182858,0.48327998008557715
923,HAP-1,H3K36me3,hAT-hAT19,0.5029411764705883,0.047063140467273036,-0.02370878931401044,0.8110822633729994
924,HAP-1,H3K27me3,Alu,0.0005521279271837931,0.5627062766868087,-0.0013174320673679904,0.002421684062087043
925,HAP-1,H3K27me3,L1,0.0018625098714975979,0.1769264797653494,-0.0008409735874421196,0.00456596610510777
926,HAP-1,H3K27me3,MIR,-0.0006853458511963532,0.62252750050349,-0.003414018884477654,0.0020433373878275263
927,HAP-1,H3K27me3,L2,6.018672355653178e-05,0.9713375420628659,-0.0032228883518178775,0.003343260501476384
928,HAP-1,H3K27me3,ERVL-MaLR,0.0005216359491552163,0.795057955640095,-0.0034144263857797353,0.004457682121171799
929,HAP-1,H3K27me3,hAT-Charlie,0.0009156889537875903,0.6678751361645234,-0.0032671517587918664,0.005098497624511285
930,HAP-1,H3K27me3,ERV1,0.0013851888850349603,0.6525044580771309,-0.004644125390720727,0.007414402451759806
931,HAP-1,H3K27me3,ERVL,-0.0033716162215551328,0.2811417670147503,-0.00950286790179018,0.002759888965303522
932,HAP-1,H3K27me3,TcMar-Tigger,-0.00012554408512120384,0.9685265850444809,-0.006361786567654481,0.006110708162427318
933,HAP-1,H3K27me3,hAT-Tip100,0.005103655866789208,0.23949574736246232,-0.003400580169154592,0.01360715373407164
934,HAP-1,H3K27me3,CR1,0.004630623617177043,0.32679579308684714,-0.004624981798981687,0.0138854357081767
935,HAP-1,H3K27me3,Gypsy,-0.007773445460168044,0.33071518332651384,-0.023433728502522958,0.007890651530172883
936,HAP-1,H3K27me3,hAT-Blackjack,0.01191542304828181,0.14429142583345195,-0.004081199661543143,0.02790594909525176
937,HAP-1,H3K27me3,TcMar-Mariner,0.006148661084536053,0.45506368426255484,-0.009984248954591771,0.022278371003846206
938,HAP-1,H3K27me3,RTE-X,-0.003965584743896393,0.7003128134734586,-0.024154998798569426,0.016227062722723017
939,HAP-1,H3K27me3,ERVK,0.0016341379281060344,0.88982820031953,-0.021485064808526484,0.024751593906669492
940,HAP-1,H3K27me3,TcMar-Tc2,-0.009893876597713883,0.42464148244909494,-0.034171301213533824,0.014395217536472648
941,HAP-1,H3K27me3,SVA,0.011260611435620333,0.432309544351855,-0.01684690003708591,0.03935033941930212
942,HAP-1,H3K27me3,RTE-BovB,-0.01470352560217337,0.31943778276048357,-0.04362692120262864,0.014244497114625295
943,HAP-1,H3K27me3,tRNA-RTE,-0.0010249173319102616,0.9491519434470843,-0.03251534212887773,0.030467540310508506
944,HAP-1,H3K27me3,hAT-Ac,-0.0028418785912238554,0.8757224374168615,-0.038441057719184074,0.03276450508698322
945,HAP-1,H3K27me3,hAT,0.005034815813426652,0.7941955817505332,-0.03278541219006761,0.04284064563984912
946,HAP-1,H3K27me3,MULE-MuDR,0.0016960051478697577,0.9352367741424465,-0.039196499297381136,0.042582838254297845
947,HAP-1,H3K27me3,PiggyBac,-0.01002096321813678,0.6473676922871423,-0.05291699585590995,0.03291198340206716
948,HAP-1,H3K27me3,5S-Deu-L2,0.028425450790852104,0.217853694706033,-0.0168017052911651,0.07353652327954054
949,HAP-1,H3K27me3,Helitron,-0.06815547346109474,0.00514131169836681,-0.11560165581052435,-0.02039898777906292
950,HAP-1,H3K27me3,hAT-Tag1,0.06509798150941941,0.007588196046295947,0.01729107144990086,0.11260791855358934
951,HAP-1,H3K27me3,tRNA,0.008262216770463033,0.7489280939057625,-0.04231922075318736,0.05880140925710855
952,HAP-1,H3K27me3,Penelope,0.039593256218777885,0.3123906696302775,-0.03727499183012585,0.11599571776951666
953,HAP-1,H3K27me3,TcMar-Tc1,0.016560398282156122,0.6734446136419951,-0.060423807565163086,0.09334875713407409
954,HAP-1,H3K27me3,Dong-R4,-0.09303671058376005,0.05444203200613452,-0.1863800240618769,0.0019711755430571786
955,HAP-1,H3K27me3,tRNA-Deu,0.01209396209690708,0.8052718158598409,-0.08392195960942272,0.1078873781543534
956,HAP-1,H3K27me3,Kolobok,0.01972958250538231,0.7114324219455797,-0.08468982379324527,0.1237203485311171
957,HAP-1,H3K27me3,PIF-Harbinger,-0.010153454300899242,0.8500876812959706,-0.11501363328425092,0.09493051208755475
958,HAP-1,H3K27me3,Crypton,0.011782469063689975,0.8435603982514683,-0.10496326370710024,0.12820785877772048
959,HAP-1,H3K27me3,Merlin,0.026974772150104846,0.6968512279073718,-0.10851349564632236,0.1614791601376318
960,HAP-1,H3K27me3,TcMar,0.02943099160893609,0.6775657054840252,-0.10909285538017283,0.1668335162219882
961,HAP-1,H3K27me3,L1-Tx1,0.04005334534955963,0.64214387797262,-0.12859229223451787,0.20644744581021562
962,HAP-1,H3K27me3,Crypton-A,0.05634227619411675,0.5226964969372672,-0.11644279574369162,0.22581712927731715
963,HAP-1,H3K27me3,I-Jockey,0.14874432397368176,0.12267720856550376,-0.041538585333734786,0.3286149261469524
964,HAP-1,H3K27me3,hAT-Tip100?,-0.17713133640552994,0.16489600319543526,-0.4086810775146543,0.07584181905362353
965,HAP-1,H3K27me3,TcMar-Pogo,0.13709677419354838,0.45432458352832306,-0.22384171846112547,0.46496551576757794
966,HAP-1,H3K27me3,hAT?,-0.06049465240641711,0.7380609923298289,-0.3958639298842818,0.2891124197787805
967,HAP-1,H3K27me3,hAT-hAT19,0.34411764705882353,0.19185563142554293,-0.1980496290026333,0.7250511068377358
968,HAP-1,H3K4me3,Alu,0.0004172503535584986,0.6619420192379977,-0.0014531357689218703,0.002287633556672168
969,HAP-1,H3K4me3,L1,0.000383493361929739,0.7810253291973929,-0.0023203847448365145,0.00308736586129998
970,HAP-1,H3K4me3,MIR,0.003093481400403946,0.026326385630413607,0.00036402105340255936,0.00582289565515567
971,HAP-1,H3K4me3,L2,-0.0014653925011351493,0.38170616770298504,-0.004748694599371908,0.0018179411915487766
972,HAP-1,H3K4me3,ERVL-MaLR,0.0003188473930084934,0.8738862900756115,-0.0036183477907307583,0.004256032691542062
973,HAP-1,H3K4me3,hAT-Charlie,0.0012891093214308033,0.5459301505893003,-0.0028949170042414916,0.005473090513022706
974,HAP-1,H3K4me3,ERV1,0.0019606168888237686,0.5240302060101963,-0.004070564801905558,0.007991655946901037
975,HAP-1,H3K4me3,ERVL,0.002853811327437069,0.3617446306863653,-0.0032789797739769242,0.008986387764498031
976,HAP-1,H3K4me3,TcMar-Tigger,-0.00010798706012302914,0.9729317165400695,-0.0063454933371739275,0.006129527619733062
977,HAP-1,H3K4me3,hAT-Tip100,-0.006091666338545339,0.16046845352211755,-0.01459782489868096,0.0024153738674630595
978,HAP-1,H3K4me3,CR1,-0.0039390681879139175,0.40421133986281943,-0.013194187029008963,0.005316725532158491
979,HAP-1,H3K4me3,Gypsy,-0.0038135577140957014,0.6332254397897437,-0.019474850987946764,0.011849606559637526
980,HAP-1,H3K4me3,hAT-Blackjack,0.011794993794335493,0.1485127801516522,-0.004206429754757268,0.027790378671276168
981,HAP-1,H3K4me3,TcMar-Mariner,-0.0007907384924188048,0.9235174435116418,-0.0169326839919509,0.015351619091336532
982,HAP-1,H3K4me3,RTE-X,-0.01232961718072563,0.2315034845158935,-0.03251784301467148,0.007868665416157692
983,HAP-1,H3K4me3,ERVK,0.006058064682197012,0.6076801360034685,-0.017069349909176124,0.029179000208687324
984,HAP-1,H3K4me3,TcMar-Tc2,-0.017765995236880872,0.15187237358274128,-0.04204786012241314,0.0065368443455514
985,HAP-1,H3K4me3,SVA,0.0041233596829117454,0.7737745979061195,-0.023989499396915477,0.032229702509486126
986,HAP-1,H3K4me3,RTE-BovB,-0.03484016871476044,0.018327470513753472,-0.06373451139647816,-0.005887462750900062
987,HAP-1,H3K4me3,tRNA-RTE,0.023259600596366163,0.14777366407209017,-0.008242159617279718,0.05471523960952461
988,HAP-1,H3K4me3,hAT-Ac,-0.023824142420936747,0.18969286540864894,-0.059375950991176256,0.011788026808027827
989,HAP-1,H3K4me3,hAT,-2.041902613056616e-05,0.9991560323325696,-0.03784117604036631,0.03780039640333993
990,HAP-1,H3K4me3,MULE-MuDR,-0.01309722704762762,0.5298623427509458,-0.0539154695553467,0.027764713015335528
991,HAP-1,H3K4me3,PiggyBac,-0.011276403397017978,0.6069130215332461,-0.05418983646020236,0.03167860760160552
992,HAP-1,H3K4me3,5S-Deu-L2,-0.003400939963338957,0.8828760190884255,-0.04861409641155687,0.04182612552697664
993,HAP-1,H3K4me3,Helitron,-0.016836982832711272,0.4901582418445607,-0.06458440439739811,0.030987354659969994
994,HAP-1,H3K4me3,hAT-Tag1,0.030022132099089514,0.21859635154582482,-0.01782444879334188,0.07773152441835504
995,HAP-1,H3K4me3,tRNA,-0.017826378178251997,0.4896832616289103,-0.06831490581927054,0.03275322448006721
996,HAP-1,H3K4me3,Penelope,-0.006681441769065882,0.8646865747875863,-0.08336458387545839,0.07008036227574263
997,HAP-1,H3K4me3,TcMar-Tc1,0.03299656867017778,0.4017150652148068,-0.04415722425818656,0.10975908993828844
998,HAP-1,H3K4me3,Dong-R4,-0.1751711013567151,0.00027098605371287613,-0.2662239408844187,-0.08101979147558847
999,HAP-1,H3K4me3,tRNA-Deu,-0.005161039092274383,0.916215193877835,-0.10102674676607909,0.09079962738871918
1000,HAP-1,H3K4me3,Kolobok,-0.005969242858756601,0.9108912722752935,-0.1101367904482451,0.09832801371062902
1001,HAP-1,H3K4me3,PIF-Harbinger,0.0028012546786727608,0.9584138628626269,-0.10220909770329985,0.10774986305534143
1002,HAP-1,H3K4me3,Crypton,0.004260780973759552,0.9431108360690844,-0.1123930988700889,0.12079881137424474
1003,HAP-1,H3K4me3,Merlin,-0.06911934062917802,0.31767467472824495,-0.20245484403535136,0.0667322159361869
1004,HAP-1,H3K4me3,TcMar,-0.03513534368906726,0.6195971285916739,-0.17239196322617964,0.10345969346363199
1005,HAP-1,H3K4me3,L1-Tx1,0.09308599079433312,0.27929183048341594,-0.07617735458993541,0.2571346347521113
1006,HAP-1,H3K4me3,Crypton-A,0.10589166343498953,0.22868339192456993,-0.06733076933940707,0.2729171748939124
1007,HAP-1,H3K4me3,I-Jockey,0.14221110184412938,0.1401806439681628,-0.04810984572717046,0.3225675613480418
1008,HAP-1,H3K4me3,hAT-Tip100?,0.009984639016897081,0.9380941144744938,-0.2383760322476076,0.2571195021376158
1009,HAP-1,H3K4me3,TcMar-Pogo,0.23753665689149558,0.19050761254124116,-0.12621585628823243,0.5449826777069134
1010,HAP-1,H3K4me3,hAT?,0.021056149732620322,0.9074091398127873,-0.32463478125630524,0.3617846101405682
1011,HAP-1,H3K4me3,hAT-hAT19,0.3764705882352941,0.1506481152876309,-0.16506245786450227,0.7435929814089205
1012,HL-60,H3K27ac,Alu,-0.000860856150148531,0.36650373377037293,-0.0027292549466714647,0.0010075486567478727
1013,HL-60,H3K27ac,L1,0.00119217999874171,0.3872366936517191,-0.0015102540120512967,0.0038945965962844512
1014,HL-60,H3K27ac,MIR,-0.003679196672051974,0.008214886863959412,-0.006407408248741638,-0.000950930323981233
1015,HL-60,H3K27ac,L2,-0.002904165285946821,0.08289983515456043,-0.006186533823449208,0.0003782658319002399
1016,HL-60,H3K27ac,ERVL-MaLR,-0.0008670879668816491,0.6657717243440978,-0.004801374474640656,0.003067225383714196
1017,HL-60,H3K27ac,hAT-Charlie,-0.00010872783635315053,0.9593560853315533,-0.00429033450060708,0.00407288263029814
1018,HL-60,H3K27ac,ERV1,-0.0030728214866560404,0.3174022898547101,-0.009096384692588146,0.0029509647139284597
1019,HL-60,H3K27ac,ERVL,0.000743994646649675,0.8119281259566834,-0.005384433438088232,0.006872366846513767
1020,HL-60,H3K27ac,TcMar-Tigger,-0.00046200875914724666,0.884492776640744,-0.006695019830332185,0.005771038210727263
1021,HL-60,H3K27ac,hAT-Tip100,-0.004014422131131923,0.3547172015821042,-0.012515581915881523,0.0044873179448850714
1022,HL-60,H3K27ac,CR1,-0.004538485363677196,0.33643276150340884,-0.013791763846779746,0.004715570399662056
1023,HL-60,H3K27ac,Gypsy,-0.007736336033853068,0.3329055178239987,-0.023392636511672064,0.007923758247483967
1024,HL-60,H3K27ac,hAT-Blackjack,-0.0013530434433298233,0.8683629566883441,-0.01735221530654685,0.014646821137679221
1025,HL-60,H3K27ac,TcMar-Mariner,-0.0032478060538032416,0.6930300195552926,-0.019371502687387347,0.012877579462096996
1026,HL-60,H3K27ac,RTE-X,0.0021024459526494538,0.8382796020966624,-0.018086399284884366,0.02228957745841846
1027,HL-60,H3K27ac,ERVK,-0.004547713047951359,0.6995695140743258,-0.027639219562402832,0.01854864442759823
1028,HL-60,H3K27ac,TcMar-Tc2,0.006431573090198039,0.6036260993744713,-0.017847189988651337,0.030702755934055626
1029,HL-60,H3K27ac,SVA,-0.018914390162837223,0.1867450991224811,-0.04696728725698452,0.009168319161149826
1030,HL-60,H3K27ac,RTE-BovB,-0.019567509875586215,0.18511589097534673,-0.048480067962067296,0.009377812200519224
1031,HL-60,H3K27ac,tRNA-RTE,-0.010736034132568765,0.5041694538263005,-0.0422181968460363,0.020767426970592053
1032,HL-60,H3K27ac,hAT-Ac,0.022483919729172876,0.21560329991015723,-0.013110586167845124,0.05802151509600493
1033,HL-60,H3K27ac,hAT,0.014532095273291397,0.4511256076863891,-0.02326830288423654,0.05229100130038905
1034,HL-60,H3K27ac,MULE-MuDR,-0.015690828522711916,0.45176832562646274,-0.0565113213944601,0.025182035983622193
1035,HL-60,H3K27ac,PiggyBac,0.015571147316110074,0.4772119524637025,-0.027367456525736307,0.05845239616042962
1036,HL-60,H3K27ac,5S-Deu-L2,-0.02104694165720194,0.36173307131195753,-0.06619741850948568,0.024189547909497896
1037,HL-60,H3K27ac,Helitron,-0.008596681567906415,0.7242890174267984,-0.056313721627517306,0.0391595413758208
1038,HL-60,H3K27ac,hAT-Tag1,0.003933713450534479,0.8718894996211828,-0.0438565258328773,0.05170599073832192
1039,HL-60,H3K27ac,tRNA,-0.009275395519282041,0.7191900342027999,-0.059777742163436065,0.041274313122745154
1040,HL-60,H3K27ac,Penelope,-0.028142248595455818,0.4721345395300207,-0.10453965286497553,0.0485853450253144
1041,HL-60,H3K27ac,TcMar-Tc1,-0.05281086000730272,0.17903695551848078,-0.12929966204970647,0.024302675316368736
1042,HL-60,H3K27ac,Dong-R4,-0.0547884024651741,0.2580525158321695,-0.14887218446895317,0.04027841221659821
1043,HL-60,H3K27ac,tRNA-Deu,0.030063286849606508,0.5399138168788828,-0.06606387263631772,0.12563754682809627
1044,HL-60,H3K27ac,Kolobok,0.0628897112248364,0.2372357927494491,-0.04157287894500192,0.16599223294982948
1045,HL-60,H3K27ac,PIF-Harbinger,0.027186115962197277,0.6127513044317807,-0.07803598295476907,0.13180920668127058
1046,HL-60,H3K27ac,Crypton,0.11609946481484379,0.05105067420219195,-0.0008989277159390558,0.2299622925714486
1047,HL-60,H3K27ac,Merlin,0.014334978484675201,0.8360088624513111,-0.12097468505976705,0.14912165361406693
1048,HL-60,H3K27ac,TcMar,0.07157151961497737,0.31265417600404954,-0.06766915937457656,0.20807744469339326
1049,HL-60,H3K27ac,L1-Tx1,0.0746274751968607,0.3861074411540947,-0.09450136418750123,0.2395693169811337
1050,HL-60,H3K27ac,Crypton-A,-0.11363208699664276,0.19625194027840856,-0.2802204525635341,0.05960058555567425
1051,HL-60,H3K27ac,I-Jockey,0.15915114447224538,0.09833409217908322,-0.031044564301035287,0.3382240959272131
1052,HL-60,H3K27ac,hAT-Tip100?,-0.17198426573426573,0.17071526014935265,-0.40068129315940704,0.07688682161968204
1053,HL-60,H3K27ac,TcMar-Pogo,0.18878299120234604,0.30077577007179407,-0.1743113800763285,0.5066849114773628
1054,HL-60,H3K27ac,hAT?,0.4679144385026739,0.006033209611101573,0.12974442686757892,0.7085737958111448
1055,HL-60,H3K27ac,hAT-hAT19,-0.2764705882352941,0.2999421284923735,-0.684611693761416,0.26365264480027495
1056,MG63,H3K9me3,Alu,-0.000934935145317973,0.32574438165160335,-0.0027995864844924515,0.0009297226952829002
1057,MG63,H3K9me3,L1,0.0003129953288907387,0.8200383768440013,-0.0023835790953069436,0.003009565201196061
1058,MG63,H3K9me3,MIR,0.0005074986269956662,0.7155455276211531,-0.002221995924966383,0.003236985617104559
1059,MG63,H3K9me3,L2,0.0009429229031002462,0.5733641080843341,-0.0023390546386581686,0.004224880131810965
1060,MG63,H3K9me3,ERVL-MaLR,-0.0006046060263141062,0.7629847520909321,-0.004534118925658033,0.0033249255446552825
1061,MG63,H3K9me3,hAT-Charlie,0.001981416977776022,0.35287197933030345,-0.0021987490778711755,0.006161513788577005
1062,MG63,H3K9me3,ERV1,-0.0013656588037012113,0.6551255411021961,-0.0073582105467373225,0.0046269910245859735
1063,MG63,H3K9me3,ERVL,-0.000579851347952279,0.8527925501959104,-0.00670451929620192,0.005544860102875312
1064,MG63,H3K9me3,TcMar-Tigger,-0.0017237322754588083,0.5876468784443865,-0.007954035594664576,0.0045067048661453024
1065,MG63,H3K9me3,hAT-Tip100,0.004554671078831932,0.29385991552285146,-0.003949799240639385,0.013058482593252718
1066,MG63,H3K9me3,CR1,-0.002815873548983416,0.5507582739374262,-0.012065779809702162,0.006434514597253871
1067,MG63,H3K9me3,Gypsy,-0.011658822546214321,0.14443408331350557,-0.027310771063592056,0.003998841272056545
1068,MG63,H3K9me3,hAT-Blackjack,0.0063528598068052534,0.4359695972310841,-0.00963078799516682,0.022333262117807246
1069,MG63,H3K9me3,TcMar-Mariner,0.005223426361172115,0.5254004960112133,-0.010897906075298457,0.02134204407134226
1070,MG63,H3K9me3,RTE-X,-0.011776070768373054,0.2529562545907324,-0.03195722808817377,0.008414684739836148
1071,MG63,H3K9me3,ERVK,-0.007427443843322344,0.5239159733805521,-0.03026149754503543,0.015414358163481124
1072,MG63,H3K9me3,TcMar-Tc2,0.003166545429540958,0.7982143557913184,-0.021107140025957406,0.027436499889285017
1073,MG63,H3K9me3,SVA,0.007304530684380093,0.6083035107650376,-0.020629625144434956,0.03522729085579689
1074,MG63,H3K9me3,RTE-BovB,-0.009690432460248033,0.5118233915670276,-0.03862698587760527,0.01926235965464349
1075,MG63,H3K9me3,tRNA-RTE,-0.005292264298188547,0.7420297056583333,-0.036790018717375944,0.0262159949185436
1076,MG63,H3K9me3,hAT-Ac,-0.0008316577225085196,0.9634352770288628,-0.03637499038326835,0.034713776377742
1077,MG63,H3K9me3,hAT,-0.008484751650980107,0.6601521523305343,-0.04627729739509997,0.02933204853713682
1078,MG63,H3K9me3,MULE-MuDR,0.020285920494042774,0.3307216308673431,-0.02059844273255114,0.06110255110286357
1079,MG63,H3K9me3,PiggyBac,-0.06439095818401813,0.0032219237013599404,-0.10700601105553306,-0.021539756736443365
1080,MG63,H3K9me3,5S-Deu-L2,-0.013559048164769516,0.5568395423780391,-0.05873358998598653,0.031670912699068604
1081,MG63,H3K9me3,Helitron,0.023652337772711765,0.3314592225850649,-0.02409248964308063,0.07128951385069471
1082,MG63,H3K9me3,hAT-Tag1,0.005491599939128092,0.8221436910031995,-0.042372861165279815,0.05333091092279521
1083,MG63,H3K9me3,tRNA,0.028777387803865705,0.2659849571549384,-0.021946188798598134,0.07935319183365906
1084,MG63,H3K9me3,Penelope,-0.03636560860592298,0.35129653556494034,-0.1124530401733532,0.04014579249681647
1085,MG63,H3K9me3,TcMar-Tc1,-0.027707693619229784,0.48001756590375033,-0.10428434364541712,0.049195547942801655
1086,MG63,H3K9me3,Dong-R4,0.13717472490235422,0.004468483337133531,0.0425009425147601,0.22940695256457697
1087,MG63,H3K9me3,tRNA-Deu,-0.004157563764449239,0.9325433263301675,-0.10014813234694862,0.09190968450594933
1088,MG63,H3K9me3,Kolobok,0.05512616203220095,0.3009908642261609,-0.04947206152661514,0.15852829698945067
1089,MG63,H3K9me3,PIF-Harbinger,0.06560606734035648,0.22284055654423865,-0.040065927254577666,0.1698267488189417
1090,MG63,H3K9me3,Crypton,-0.009895495048097674,0.8683652888448665,-0.12635005713426134,0.10682811224373352
1091,MG63,H3K9me3,Merlin,0.0030959159076425027,0.9643434532271205,-0.1320281788361818,0.13810705038764567
1092,MG63,H3K9me3,TcMar,-0.04539119812197088,0.5181095128633596,-0.18136718059901077,0.09228783427792676
1093,MG63,H3K9me3,L1-Tx1,0.10895906015996677,0.2066953941904097,-0.06098497923972078,0.272763885180387
1094,MG63,H3K9me3,Crypton-A,0.02775975954778243,0.7538905852843707,-0.145152780679502,0.19902686398253688
1095,MG63,H3K9me3,I-Jockey,-0.01982207395051432,0.8378981421861222,-0.20716931436183683,0.16892760319814282
1096,MG63,H3K9me3,hAT-Tip100?,-0.10096153846153845,0.4273091577950521,-0.33893874492643367,0.14915848234226023
1097,MG63,H3K9me3,TcMar-Pogo,-0.4164222873900293,0.017752612868064545,-0.6765705586324614,-0.06386246073272911
1098,MG63,H3K9me3,hAT?,-0.1660809778456837,0.34786981554371743,-0.47929821917225346,0.18466226296447455
1099,MG63,H3K9me3,hAT-hAT19,-0.2411764705882353,0.36820660804263405,-0.6626183746983176,0.2962660669272803
1100,MG63,H3K36me3,Alu,0.002150143059648071,0.02380755145741024,0.0002856322079291351,0.004014638961900014
1101,MG63,H3K36me3,L1,-3.086060956702054e-05,0.982106519982345,-0.0027277339364002607,0.002666013166172482
1102,MG63,H3K36me3,MIR,0.0004007390520655966,0.7735194947437228,-0.0023285987556726047,0.003130070889377186
1103,MG63,H3K36me3,L2,0.001771898747210207,0.28998500115467996,-0.0015101005895360392,0.00505385991219624
1104,MG63,H3K36me3,ERVL-MaLR,0.0034778550166301683,0.08278217039382828,-0.0004514889230080976,0.007407091563523828
1105,MG63,H3K36me3,hAT-Charlie,0.0036404618134402576,0.08781196710663504,-0.0005393712755913544,0.007820167699606667
1106,MG63,H3K36me3,ERV1,0.0007861613557142007,0.7970788114654268,-0.00520630520856485,0.006778571458923397
1107,MG63,H3K36me3,ERVL,-0.002822508982980255,0.3663880271695812,-0.00894681855001184,0.0033020123216936743
1108,MG63,H3K36me3,TcMar-Tigger,0.0019757739312665713,0.5342179747306038,-0.004254227970963875,0.008205622465548259
1109,MG63,H3K36me3,hAT-Tip100,-0.0005782352966720827,0.8939820243549875,-0.009082144371673892,0.007925757411050633
1110,MG63,H3K36me3,CR1,-0.007997881743407502,0.09025050885571329,-0.017249841265690985,0.0012554472865942416
1111,MG63,H3K36me3,Gypsy,0.013660853812169183,0.0872746187258069,-0.00199820469097853,0.029313214481190824
1112,MG63,H3K36me3,hAT-Blackjack,-0.015464168665359991,0.05787617325531689,-0.03143773798995132,0.0005172979666947749
1113,MG63,H3K36me3,TcMar-Mariner,-0.012504940686974641,0.12835880746960893,-0.028617381923482153,0.0036139970176679707
1114,MG63,H3K36me3,RTE-X,0.003567748580412414,0.729073948429358,-0.016620497121559354,0.0237530864834611
1115,MG63,H3K36me3,ERVK,-0.0035028151357847947,0.7637811613963797,-0.02634275156185591,0.019340776495971625
1116,MG63,H3K36me3,TcMar-Tc2,-0.006196667292454886,0.6168592468061607,-0.030464320527556533,0.018078287089003463
1117,MG63,H3K36me3,SVA,-0.005282853009290178,0.7110382371271755,-0.03322190776234604,0.02266445190213547
1118,MG63,H3K36me3,RTE-BovB,0.0032404155714374277,0.826371337499856,-0.025708781456324097,0.03218418226151115
1119,MG63,H3K36me3,tRNA-RTE,-0.01149987795117457,0.47437607474453247,-0.042984946230750776,0.020008009747951815
1120,MG63,H3K36me3,hAT-Ac,-0.012657991377279795,0.4853933500285339,-0.04818797722605889,0.022903986761405752
1121,MG63,H3K36me3,hAT,0.018553349429782876,0.3363652206909127,-0.019277173630068953,0.05633082350162468
1122,MG63,H3K36me3,MULE-MuDR,-0.030703502680090082,0.14075222754115402,-0.0714688041083646,0.010164198378608533
1123,MG63,H3K36me3,PiggyBac,0.033865336606273735,0.12115456218118878,-0.008975131184276827,0.07658171565259138
1124,MG63,H3K36me3,5S-Deu-L2,-0.020701239855602526,0.36954691347416657,-0.06584091599098645,0.024522991834350562
1125,MG63,H3K36me3,Helitron,0.014757693079983706,0.5443373809877814,-0.032950814055693736,0.06239910006878842
1126,MG63,H3K36me3,hAT-Tag1,-0.019575151393953556,0.4225176463323639,-0.06732694244227658,0.02826611304345238
1127,MG63,H3K36me3,tRNA,0.03850171536013485,0.13662366891213754,-0.012221977304826855,0.08902776542745824
1128,MG63,H3K36me3,Penelope,-0.007791609116653864,0.8417608417101559,-0.08411742111976843,0.06862509857321411
1129,MG63,H3K36me3,TcMar-Tc1,-0.0044500719546783606,0.9096347770162938,-0.0811477689081469,0.07230001722367162
1130,MG63,H3K36me3,Dong-R4,0.09352396723811034,0.05318449206289082,-0.0014817993054198674,0.1868565201414417
1131,MG63,H3K36me3,tRNA-Deu,-0.05722163116426319,0.2436359706262193,-0.15249124232526634,0.03910163926517053
1132,MG63,H3K36me3,Kolobok,-0.0703901110490327,0.1857636738037604,-0.17333454751041508,0.034075841227510076
1133,MG63,H3K36me3,PIF-Harbinger,-0.016768820801003313,0.7556004707005401,-0.12184361076943376,0.08867766294436778
1134,MG63,H3K36me3,Crypton,-0.1415198744454906,0.017209673349112272,-0.2544745761247125,-0.024755856314911444
1135,MG63,H3K36me3,Merlin,-0.13595842134701216,0.04857009364692609,-0.26672176710448736,-0.0002799338143138535
1136,MG63,H3K36me3,TcMar,0.013002443922162155,0.8532006995117993,-0.12425970250197431,0.14977629534669587
1137,MG63,H3K36me3,L1-Tx1,0.0339954052116281,0.6933047993014072,-0.13453489376585212,0.20061429075814893
1138,MG63,H3K36me3,Crypton-A,-0.014562675906018882,0.8693807467485329,-0.18629056960186033,0.1580286397171484
1139,MG63,H3K36me3,I-Jockey,-0.01989620980446669,0.8373002104596745,-0.2072404293788341,0.16885568973536744
1140,MG63,H3K36me3,hAT-Tip100?,-0.10879120879120878,0.3921526608929452,-0.34601761112312723,0.1415095318788848
1141,MG63,H3K36me3,TcMar-Pogo,-0.009164222873900292,0.9602984288733982,-0.3567249654276055,0.3406249506882307
1142,MG63,H3K36me3,hAT?,-0.01665393430099312,0.9255203645845361,-0.35285392229688284,0.3233545608354303
1143,MG63,H3K36me3,hAT-hAT19,-0.2529411764705882,0.34456303133749866,-0.6700175745636892,0.28550911342227914
1144,MG63,H3K27me3,Alu,0.0005353524911099335,0.5735800804322311,-0.0013290685457545148,0.002399769806139771
1145,MG63,H3K27me3,L1,9.937247178628804e-05,0.9424106457618375,-0.002596713244114136,0.002795456743034686
1146,MG63,H3K27me3,MIR,0.0001764360044661082,0.8991681934527214,-0.002552643739088747,0.0029055131198763586
1147,MG63,H3K27me3,L2,-0.0006449730497362613,0.7000513171997906,-0.003926253879697703,0.0026363216688864185
1148,MG63,H3K27me3,ERVL-MaLR,-0.0013139637909475635,0.5121719532709939,-0.00524295638510422,0.002615069370970894
1149,MG63,H3K27me3,hAT-Charlie,-0.0010065447321800111,0.6369119624291347,-0.0051859643690543526,0.003172910068763666
1150,MG63,H3K27me3,ERV1,-0.003592207634624288,0.23995780142557166,-0.0095835097588008,0.0023993523936048236
1151,MG63,H3K27me3,ERVL,0.0012246013162093001,0.6950753286949373,-0.004898634312783333,0.007347745116002209
1152,MG63,H3K27me3,TcMar-Tigger,0.005976128604091512,0.06007884333330258,-0.00025353374692795266,0.012205327121601193
1153,MG63,H3K27me3,hAT-Tip100,-0.003456473861513668,0.4256520085040969,-0.011959780589196197,0.005047332750681338
1154,MG63,H3K27me3,CR1,-0.009119008531748995,0.05332092453903179,-0.018367132721288204,0.00013067590819284487
1155,MG63,H3K27me3,Gypsy,0.008799791410903689,0.2706527880301165,-0.006857858400414131,0.024453127328059255
1156,MG63,H3K27me3,hAT-Blackjack,0.0044299228818298194,0.5867829495820749,-0.011544985776758816,0.02040257080370699
1157,MG63,H3K27me3,TcMar-Mariner,0.0005720895997924687,0.9445222826233228,-0.01554018732333499,0.016684069493122372
1158,MG63,H3K27me3,RTE-X,0.010689120025705457,0.299294191081577,-0.009496207836255459,0.03086574014074152
1159,MG63,H3K27me3,ERVK,-0.013206178209061984,0.25683729581195547,-0.036021244397189095,0.00962264702100402
1160,MG63,H3K27me3,TcMar-Tc2,-0.00199894710148611,0.8717573047626066,-0.026264118057846193,0.02226857804685601
1161,MG63,H3K27me3,SVA,0.031663491853857306,0.026353962947197863,0.0037160169487640924,0.05956154242028914
1162,MG63,H3K27me3,RTE-BovB,-0.003579841428032803,0.8084590269590484,-0.03251380926924,0.025360121635842944
1163,MG63,H3K27me3,tRNA-RTE,0.009430750692729558,0.5575877222666994,-0.02208832416795758,0.04093109702399018
1164,MG63,H3K27me3,hAT-Ac,-0.021765854455000105,0.2300889052644852,-0.05726431723340435,0.013787575390361578
1165,MG63,H3K27me3,hAT,-0.021325799082088606,0.2690438234058835,-0.05908915781625033,0.01649850976037782
1166,MG63,H3K27me3,MULE-MuDR,-0.0021760279358141992,0.9168936519112876,-0.043026460382464285,0.03868166836394026
1167,MG63,H3K27me3,PiggyBac,-0.046654604351383196,0.032901584215753406,-0.08936543704411895,-0.0037725002102367887
1168,MG63,H3K27me3,5S-Deu-L2,0.0064806450322256745,0.7788560312935549,-0.03873965028303933,0.051674450541555415
1169,MG63,H3K27me3,Helitron,-0.07360525723094317,0.002456498131457391,-0.12091348367667014,-0.02596343299230601
1170,MG63,H3K27me3,hAT-Tag1,0.004773381086715829,0.844769024831042,-0.04299012843724482,0.05251512050850503
1171,MG63,H3K27me3,tRNA,-0.029006294423212325,0.26235905220959355,-0.07959790145941527,0.021734359302303594
1172,MG63,H3K27me3,Penelope,-0.010727393594521538,0.7832568995243971,-0.08697516873877567,0.0656453325278347
1173,MG63,H3K27me3,TcMar-Tc1,0.044501516834462636,0.25613674445528645,-0.032371920414793726,0.12085153305498673
1174,MG63,H3K27me3,Dong-R4,-0.05737515247248838,0.23732319029712562,-0.15163485172505123,0.03791868052494659
1175,MG63,H3K27me3,tRNA-Deu,-0.007683197695699177,0.875696703793504,-0.10363827940869551,0.08841358552507737
1176,MG63,H3K27me3,Kolobok,0.02755309950079854,0.6048717321102957,-0.0767747992339126,0.13128418332858313
1177,MG63,H3K27me3,PIF-Harbinger,0.057673121979150664,0.28331577045798617,-0.04783489409640429,0.16190836651138632
1178,MG63,H3K27me3,Crypton,-0.07147628846940535,0.23067220794126617,-0.1866636625435652,0.045649623469431744
1179,MG63,H3K27me3,Merlin,0.003102941918573815,0.9642625863393866,-0.13202127667993216,0.13811394389855644
1180,MG63,H3K27me3,TcMar,-0.1481849580105432,0.0339695524899224,-0.28023924766423247,-0.01062616911704084
1181,MG63,H3K27me3,L1-Tx1,0.005944479232844477,0.9452406218219807,-0.16255252134537002,0.17410460049790494
1182,MG63,H3K27me3,Crypton-A,0.013691428041423974,0.877132070439395,-0.15887713904181697,0.18544821993295946
1183,MG63,H3K27me3,I-Jockey,-0.05879899916597165,0.5436332258942407,-0.24435448005151447,0.13091048521583212
1184,MG63,H3K27me3,hAT-Tip100?,-0.02692307692307692,0.8327485353043786,-0.2709814311684306,0.22038769499683666
1185,MG63,H3K27me3,TcMar-Pogo,-0.11766862170087976,0.5212722285804524,-0.44898643960263956,0.24209426802865175
1186,MG63,H3K27me3,hAT?,-0.16638655462184873,0.3469709562221872,-0.479547087196259,0.18436727860113655
1187,MG63,H3K27me3,hAT-hAT19,-0.15588235294117647,0.5642819694728023,-0.6069335613825662,0.3711229460356745
1188,MG63,H3K4me3,Alu,0.0009677232051473545,0.3092324116507033,-0.0008975797068798407,0.002833019383087499
1189,MG63,H3K4me3,L1,0.002430894218202032,0.07727259312088801,-0.0002658727356741824,0.005127625814723651
1190,MG63,H3K4me3,MIR,-0.00029245612206025987,0.8336830147459136,-0.003022244201995861,0.0024373363164983714
1191,MG63,H3K4me3,L2,0.0016147684409432957,0.3348958804617055,-0.0016672949344355922,0.004896797028222693
1192,MG63,H3K4me3,ERVL-MaLR,-0.0030896938171556245,0.12335809353802003,-0.007019757423657918,0.0008404652356892361
1193,MG63,H3K4me3,hAT-Charlie,-1.234059397443143e-05,0.9953839421285102,-0.004193035639462645,0.004168354882896838
1194,MG63,H3K4me3,ERV1,0.0009409756312847668,0.758286670732957,-0.005052139589852069,0.006934023258271293
1195,MG63,H3K4me3,ERVL,0.004919417115344485,0.11544922756849207,-0.0012057063924801794,0.011044171511579116
1196,MG63,H3K4me3,TcMar-Tigger,0.006019003845453024,0.058316389542192724,-0.00021194837142399797,0.012249488707627952
1197,MG63,H3K4me3,hAT-Tip100,-0.0034664514571327216,0.42436961314431376,-0.01197071755659519,0.005038316083081214
1198,MG63,H3K4me3,CR1,-0.0004787443241790262,0.9192172046135925,-0.009730346602117187,0.00877293990801084
1199,MG63,H3K4me3,Gypsy,-0.0038319705629029743,0.6314660593333712,-0.01948776028658342,0.011825697874506127
1200,MG63,H3K4me3,hAT-Blackjack,-0.00850641188814057,0.2968840293962574,-0.024485349465802945,0.007476871009039497
1201,MG63,H3K4me3,TcMar-Mariner,-0.006143851187481752,0.4551570272629947,-0.02226428419881408,0.009979775762147172
1202,MG63,H3K4me3,RTE-X,0.014360618336371977,0.16330225861075204,-0.005831239245002054,0.034540770324858215
1203,MG63,H3K4me3,ERVK,0.007568115595025651,0.5162278530392329,-0.015281482931868592,0.030409813712660737
1204,MG63,H3K4me3,TcMar-Tc2,-0.013697234936909587,0.26890432907565526,-0.03796519746257121,0.010586874887930201
1205,MG63,H3K4me3,SVA,-0.0032616908364375558,0.8192082251712524,-0.031222583328867497,0.024704302695557158
1206,MG63,H3K4me3,RTE-BovB,0.01656976862825405,0.26207132892377094,-0.01239118815570222,0.045502949087770916
1207,MG63,H3K4me3,tRNA-RTE,-0.01915657015990688,0.23323866303409702,-0.050620382777166385,0.012345231109833057
1208,MG63,H3K4me3,hAT-Ac,0.0015287928778176798,0.9328629644283224,-0.034029175277001916,0.037082895526918624
1209,MG63,H3K4me3,hAT,-0.01153559374758244,0.5499632188282689,-0.04932205016035683,0.026283837216910137
1210,MG63,H3K4me3,MULE-MuDR,-0.03946992754750814,0.05818964219265108,-0.08019297507668807,0.0013846589767658461
1211,MG63,H3K4me3,PiggyBac,-0.012809338087841586,0.558176403847845,-0.05563666327104784,0.030065035693702027
1212,MG63,H3K4me3,5S-Deu-L2,-0.004760664972072089,0.8366569524183123,-0.04998270082462022,0.040480851139099404
1213,MG63,H3K4me3,Helitron,0.009669386998628014,0.6910318040529485,-0.03800376706896794,0.057298625643208326
1214,MG63,H3K4me3,hAT-Tag1,0.03695958980626917,0.13018335445389553,-0.010929025961603762,0.08467905299334305
1215,MG63,H3K4me3,tRNA,-0.04135760377944311,0.10958676634669728,-0.09183401221500492,0.009330799793128204
1216,MG63,H3K4me3,Penelope,-0.021660785297825374,0.5788513026278258,-0.0978824738744745,0.054813543356620524
1217,MG63,H3K4me3,TcMar-Tc1,0.012922651327363298,0.7420818603697619,-0.06398695745085706,0.08967966071443936
1218,MG63,H3K4me3,Dong-R4,0.045317626486411,0.3502123824754575,-0.0498430977962179,0.13966295563350106
1219,MG63,H3K4me3,tRNA-Deu,0.01927472874369671,0.6947212635930777,-0.07690663954485868,0.11510066736049535
1220,MG63,H3K4me3,Kolobok,-0.0038994676051985113,0.9416368169314608,-0.10794410779007758,0.1002296681404922
1221,MG63,H3K4me3,PIF-Harbinger,0.14428114695782523,0.007018481108372757,0.03920625240604041,0.24620009499790405
1222,MG63,H3K4me3,Crypton,0.055982346945192926,0.34807141035477385,-0.061104825306577536,0.17154971077168435
1223,MG63,H3K4me3,Merlin,-0.07602782555945681,0.2715938075726669,-0.2091383479263076,0.05984885808010518
1224,MG63,H3K4me3,TcMar,-0.13952153736949255,0.04602120186693593,-0.27198824422027007,-0.0018655077366809551
1225,MG63,H3K4me3,L1-Tx1,0.09221814713584858,0.2856153650413151,-0.07767369280845933,0.25690537991785695
1226,MG63,H3K4me3,Crypton-A,-0.07779506011009786,0.37898521114539463,-0.2469237873718702,0.09593311851285842
1227,MG63,H3K4me3,I-Jockey,-0.08597905662125846,0.37403185386581617,-0.2700445640614013,0.10414912142975682
1228,MG63,H3K4me3,hAT-Tip100?,-0.12435897435897433,0.32754489990388924,-0.3600315135696243,0.1262329924563277
1229,MG63,H3K4me3,TcMar-Pogo,0.014662756598240468,0.9365162935647774,-0.33576518652285725,0.3615254063639926
1230,MG63,H3K4me3,hAT?,0.01787624140565317,0.9200708216320077,-0.3222626253517512,0.35392715089512844
1231,MG63,H3K4me3,hAT-hAT19,0.18529411764705883,0.4920570502059438,-0.3459033296858209,0.626541278593295
1232,VCaP,CTCF,Alu,-9.381954158880138e-05,0.9213336693344369,-0.001955849420147485,0.001768210987543951
1233,VCaP,CTCF,L1,0.00020230811566860065,0.8830448125365623,-0.0024930541526087886,0.0028976674444211544
1234,VCaP,CTCF,MIR,-0.0012702197991217594,0.36098059594080845,-0.003995533932311623,0.001455113202930527
1235,VCaP,CTCF,L2,-0.0006222085911811212,0.7100739438589914,-0.003902579635867447,0.002658175844532017
1236,VCaP,CTCF,ERVL-MaLR,-0.003989077799082752,0.04632264039888053,-0.007913023383789972,-6.50093661290728e-05
1237,VCaP,CTCF,hAT-Charlie,0.0009062057638988877,0.6704703732885466,-0.0032679840400074937,0.005080363988812578
1238,VCaP,CTCF,ERV1,0.0008319800461759515,0.7851571534380721,-0.005149733591724008,0.006813634146640879
1239,VCaP,CTCF,ERVL,-0.0030990595948919295,0.32066010047680893,-0.009215086020508937,0.0030171986872191596
1240,VCaP,CTCF,TcMar-Tigger,0.003212892089236542,0.31155274746307804,-0.0030098075156435693,0.009435342882344074
1241,VCaP,CTCF,hAT-Tip100,-0.0036674186166654197,0.39748352383540597,-0.012162150151443887,0.004827842243470384
1242,VCaP,CTCF,CR1,-0.0012018547479714908,0.7988728993158918,-0.01044618042459447,0.008042676348654559
1243,VCaP,CTCF,Gypsy,-0.008808664617649823,0.26994077799010907,-0.02445451165501646,0.006841496534180937
1244,VCaP,CTCF,hAT-Blackjack,0.0009952915305088065,0.9027276386646101,-0.014965187349104658,0.016955263350799166
1245,VCaP,CTCF,TcMar-Mariner,0.00941598847136035,0.2514697045429997,-0.0066774065187804625,0.02550450707469011
1246,VCaP,CTCF,RTE-X,0.00604403416345861,0.557218992842452,-0.014137367718311039,0.026220513729191663
1247,VCaP,CTCF,ERVK,-0.005091694151172362,0.6614563565397167,-0.02787494166156961,0.017696840679220036
1248,VCaP,CTCF,TcMar-Tc2,0.011161443696911815,0.36705622830862616,-0.01309255387577698,0.035402315159770055
1249,VCaP,CTCF,SVA,0.00783628801026484,0.5822222971035658,-0.02008110849427194,0.035741474199065114
1250,VCaP,CTCF,RTE-BovB,0.016165302668159846,0.27327067592858084,-0.012757740264686417,0.0450613178892192
1251,VCaP,CTCF,tRNA-RTE,-0.03883857688054869,0.015587285585404375,-0.07024380305642113,-0.007356434986247344
1252,VCaP,CTCF,hAT-Ac,0.030491890617282334,0.09251278822176168,-0.005042865841674242,0.06594973686218568
1253,VCaP,CTCF,hAT,-0.04778348402060724,0.013123206070601186,-0.085415371813707,-0.010015457764280424
1254,VCaP,CTCF,MULE-MuDR,0.04373945334855285,0.035705000979273295,0.0029063941417392133,0.08442689714685844
1255,VCaP,CTCF,PiggyBac,-0.013430492933348321,0.5389575110587599,-0.05622549215866486,0.029413765332009095
1256,VCaP,CTCF,5S-Deu-L2,0.01547461631981829,0.5021614230433027,-0.029721296777613107,0.060607383536831434
1257,VCaP,CTCF,Helitron,0.010055480786428197,0.6788305511938217,-0.0375339125212024,0.057599366738972466
1258,VCaP,CTCF,hAT-Tag1,-0.007333165583149649,0.7635685693906822,-0.05506796088578369,0.04043507379082404
1259,VCaP,CTCF,tRNA,0.012336853809240825,0.6323800333520349,-0.03820136676090295,0.06281212388926558
1260,VCaP,CTCF,Penelope,0.004719703291389178,0.903600581245982,-0.07156548448208652,0.08094999740562364
1261,VCaP,CTCF,TcMar-Tc1,0.03497906680137329,0.3714386905452415,-0.04176393840715541,0.11131175523285697
1262,VCaP,CTCF,Dong-R4,-0.041245774529390405,0.3946771441581328,-0.13554250816265223,0.05379148365892565
1263,VCaP,CTCF,tRNA-Deu,0.02277529697418317,0.6424271732515854,-0.07331231854502013,0.11844396795370515
1264,VCaP,CTCF,Kolobok,0.10943485671862938,0.03959909102967412,0.004946958055766149,0.2115589464800045
1265,VCaP,CTCF,PIF-Harbinger,0.02094321093433183,0.696617451614906,-0.08423352353899943,0.1256584225117938
1266,VCaP,CTCF,Crypton,-0.06615845260728159,0.2673235489218317,-0.18148088143051277,0.05095893946754416
1267,VCaP,CTCF,Merlin,-0.060196085964428485,0.3831661214739668,-0.19349468829018904,0.0752846326477004
1268,VCaP,CTCF,TcMar,-0.005712629864854198,0.9355290388871251,-0.1433108292862324,0.13210223470970606
1269,VCaP,CTCF,L1-Tx1,-0.035155188050053354,0.6833934981955716,-0.2017317248353754,0.13339789517082823
1270,VCaP,CTCF,Crypton-A,-0.06795024242502365,0.4406096520260039,-0.23690540343020233,0.10499433435014055
1271,VCaP,CTCF,I-Jockey,-0.015976276526735243,0.8690346920044636,-0.2034781920799384,0.17265605495965172
1272,VCaP,CTCF,hAT-Tip100?,-0.04812271062271061,0.7057181729624109,-0.29062869805238356,0.20019242751024935
1273,VCaP,CTCF,TcMar-Pogo,-0.12683284457478003,0.48910623673341536,-0.4565440101324778,0.23350873544100456
1274,VCaP,CTCF,hAT?,-0.03590527119938884,0.8402328145637978,-0.3696814494179327,0.3060783737340178
1275,VCaP,CTCF,hAT-hAT19,-0.055882352941176466,0.8371372217954723,-0.5370218584269028,0.45269106223057354
1276,VCaP,H3K27ac,Alu,-0.0007513065188430093,0.42911200124903104,-0.002613589685187105,0.0011109818587287698
1277,VCaP,H3K27ac,L1,0.0004162061844778893,0.7621758884023585,-0.002279371489975562,0.003111777810519887
1278,VCaP,H3K27ac,MIR,0.000575229262546302,0.6791186785542871,-0.0021502250383359967,0.0033006750177302794
1279,VCaP,H3K27ac,L2,-0.0005010033642918392,0.764687041749064,-0.0037814587534610667,0.0027794628078982838
1280,VCaP,H3K27ac,ERVL-MaLR,-0.0006029217951771779,0.7633245394062653,-0.004527287769861917,0.003321462750375236
1281,VCaP,H3K27ac,hAT-Charlie,-0.0022577855608386143,0.2891211668036534,-0.006432209800595534,0.0019167173683220496
1282,VCaP,H3K27ac,ERV1,-0.006871739109321986,0.024363889446944894,-0.012853664855977057,-0.0008893215101365522
1283,VCaP,H3K27ac,ERVL,0.0008068272717973838,0.7960149311198823,-0.005310369298046691,0.006923963459093689
1284,VCaP,H3K27ac,TcMar-Tigger,-0.00019038926082092956,0.9521852664514706,-0.006413444196227081,0.006032680420806886
1285,VCaP,H3K27ac,hAT-Tip100,-0.008448058054415203,0.05128207377495254,-0.01694207560079723,4.7178780604025166e-05
1286,VCaP,H3K27ac,CR1,0.006893077271703107,0.14390387935845825,-0.0023517236265465716,0.016136700011907923
1287,VCaP,H3K27ac,Gypsy,-0.016562937860067108,0.03805002062918401,-0.03220557467820904,-0.0009121889734032465
1288,VCaP,H3K27ac,hAT-Blackjack,-0.006747955704475541,0.40744302637603125,-0.02271016308614616,0.00921769122590793
1289,VCaP,H3K27ac,TcMar-Mariner,0.004312098981822538,0.5995405344369252,-0.011784075555050377,0.020406039371137618
1290,VCaP,H3K27ac,RTE-X,-0.0042137028106915796,0.68239457820526,-0.024392281157632294,0.015968307609908264
1291,VCaP,H3K27ac,ERVK,-0.004250238646126685,0.7147862138145112,-0.02704021819234491,0.018544156840167667
1292,VCaP,H3K27ac,TcMar-Tc2,-0.0061499385254763055,0.6192494133719416,-0.030399045342229543,0.01810640328646915
1293,VCaP,H3K27ac,SVA,-0.015375101796861242,0.2803400213414226,-0.04326792794785786,0.012541674516331364
1294,VCaP,H3K27ac,RTE-BovB,-0.0004270202309394589,0.976913797291803,-0.029341850645179298,0.028488524236467454
1295,VCaP,H3K27ac,tRNA-RTE,-0.022829655459341743,0.1550906380220912,-0.0542618714607158,0.008647759645941085
1296,VCaP,H3K27ac,hAT-Ac,-0.01661405095916148,0.3592597345725502,-0.05209514668069218,0.018908936843619967
1297,VCaP,H3K27ac,hAT,-0.017531778078858137,0.36302677427348296,-0.05526266568755844,0.020249108220424854
1298,VCaP,H3K27ac,MULE-MuDR,0.008303718305884474,0.6902943911800856,-0.032535624361248086,0.04911537909430752
1299,VCaP,H3K27ac,PiggyBac,0.05225968014667607,0.0167479966224346,0.009426185742110078,0.09490174622551897
1300,VCaP,H3K27ac,5S-Deu-L2,-0.020249870719440625,0.37969752207153584,-0.0653551633569247,0.02493800285052433
1301,VCaP,H3K27ac,Helitron,-0.0030190153482388448,0.9010677560923821,-0.05058209736368021,0.0445577302311863
1302,VCaP,H3K27ac,hAT-Tag1,0.014316026937352039,0.5570364677653963,-0.03346273210984728,0.062029500381682735
1303,VCaP,H3K27ac,tRNA,0.04306771728813572,0.09477588464339329,-0.007484445267915184,0.09340030774169833
1304,VCaP,H3K27ac,Penelope,0.023734224106509275,0.5427410900020613,-0.05268872547637817,0.09988078273636618
1305,VCaP,H3K27ac,TcMar-Tc1,0.07385748773014421,0.05886468304784255,-0.0028704872011455227,0.14972092029135925
1306,VCaP,H3K27ac,Dong-R4,-0.05766510697860699,0.23385505276130203,-0.1517003423120766,0.037404609218818816
1307,VCaP,H3K27ac,tRNA-Deu,-0.04909723714107871,0.31663661247061153,-0.14438938908727778,0.04709719676571566
1308,VCaP,H3K27ac,Kolobok,-0.032777200533447376,0.5381868559613769,-0.1364274360718091,0.07158289622819115
1309,VCaP,H3K27ac,PIF-Harbinger,-0.11571330119613524,0.03067895105175206,-0.21838002782621516,-0.010513116058852438
1310,VCaP,H3K27ac,Crypton,0.07033467034170633,0.23906286531970994,-0.046999354986863716,0.18575419087022418
1311,VCaP,H3K27ac,Merlin,0.017396347680378038,0.8011831707736479,-0.11763848771956535,0.15179953538660432
1312,VCaP,H3K27ac,TcMar,-0.01714721399512046,0.8081453103123513,-0.15450218070441024,0.12085801894182346
1313,VCaP,H3K27ac,L1-Tx1,0.05306531538388406,0.5379890957751432,-0.11579726409863818,0.21894665874090669
1314,VCaP,H3K27ac,Crypton-A,-0.031164546726159797,0.7238172294441874,-0.20165266841012125,0.1411565023885903
1315,VCaP,H3K27ac,I-Jockey,0.09049207673060884,0.3493788927758462,-0.09968537110083794,0.2742910951727659
1316,VCaP,H3K27ac,hAT-Tip100?,0.177014652014652,0.1617277388360705,-0.07387194820120173,0.40682860493834927
1317,VCaP,H3K27ac,TcMar-Pogo,0.07111436950146627,0.6989274391699125,-0.28506035874278746,0.410032802571361
1318,VCaP,H3K27ac,hAT?,0.307563025210084,0.07681411910783509,-0.042371609060285045,0.5902829178439923
1319,VCaP,H3K27ac,hAT-hAT19,0.10294117647058824,0.7044103818167706,-0.41507516036700587,0.5705524379735629
1320,C4-2B,CTCF,Alu,0.0009751820121003202,0.3061633460776116,-0.0008926102529118777,0.0028429674729973887
1321,C4-2B,CTCF,L1,-0.000694880556645445,0.6140463586898128,-0.003395493484867234,0.002005742507578167
1322,C4-2B,CTCF,MIR,-0.0029700936479073433,0.03287859008607264,-0.005698484041601951,-0.00024165903367371274
1323,C4-2B,CTCF,L2,-0.0012159535169344595,0.467801707210895,-0.004498334351560914,0.0020664535193644987
1324,C4-2B,CTCF,ERVL-MaLR,-0.0016089031914874605,0.42287402318359013,-0.005543489887725465,0.0023257333202822248
1325,C4-2B,CTCF,hAT-Charlie,0.0036171830395001253,0.09005120507966803,-0.0005651427131894983,0.0077993822519258505
1326,C4-2B,CTCF,ERV1,0.003057685738788787,0.3195520466108384,-0.002963115313981355,0.009078265115155186
1327,C4-2B,CTCF,ERVL,-0.004211268644222552,0.17809375405452707,-0.010340240635513193,0.0019180197557108543
1328,C4-2B,CTCF,TcMar-Tigger,0.0014948214585707071,0.638400170319847,-0.0047396119684331856,0.007729138685561059
1329,C4-2B,CTCF,hAT-Tip100,-0.0014357798946516753,0.7406342032641713,-0.009936895772754403,0.0070655435136166185
1330,C4-2B,CTCF,CR1,-0.0036697383062125597,0.43702851906631957,-0.012923346942370443,0.005584498855141972
1331,C4-2B,CTCF,Gypsy,0.01013374341518763,0.20467277040583828,-0.005526435606494648,0.025788953080856273
1332,C4-2B,CTCF,hAT-Blackjack,-0.009113263496426688,0.26412056553822566,-0.025104148277618896,0.006882283706872141
1333,C4-2B,CTCF,TcMar-Mariner,-0.006846315225242395,0.4062295489849421,-0.0229992750531321,0.009310218215823632
1334,C4-2B,CTCF,RTE-X,0.0122593683161029,0.23397465760435526,-0.007930337054354147,0.03243908270031523
1335,C4-2B,CTCF,ERVK,0.02150372999192785,0.06738411943020334,-0.0015412618477564928,0.04452589385798597
1336,C4-2B,CTCF,TcMar-Tc2,-0.017763472588823142,0.15218266525979116,-0.0420602755433021,0.00655432790229901
1337,C4-2B,CTCF,SVA,-0.01024826860458123,0.47396535991988653,-0.03828457145571967,0.017804156185039482
1338,C4-2B,CTCF,RTE-BovB,0.010575879920380218,0.4738321875456165,-0.018364638439294177,0.039498691406028526
1339,C4-2B,CTCF,tRNA-RTE,-0.01995884094587038,0.2142401347878729,-0.05142111782249146,0.011543014914565664
1340,C4-2B,CTCF,hAT-Ac,0.009227724590571973,0.6112792731268276,-0.026355346820342514,0.04478744189082056
1341,C4-2B,CTCF,hAT,0.00788647279454902,0.6828174107277329,-0.029936789106790814,0.04568718198537363
1342,C4-2B,CTCF,MULE-MuDR,0.019351640530990723,0.3530636093616183,-0.021496772390113154,0.06013555125521544
1343,C4-2B,CTCF,PiggyBac,-0.018175854348387307,0.4068141583751488,-0.06105975770467497,0.02477502740038883
1344,C4-2B,CTCF,5S-Deu-L2,0.04602773017021744,0.04582098593794885,0.0008331418496735286,0.09103467367917277
1345,C4-2B,CTCF,Helitron,0.011319846238921698,0.6424073173626709,-0.03645482635206556,0.05904289477964314
1346,C4-2B,CTCF,hAT-Tag1,0.02332098369163563,0.33914112736715796,-0.02450884401488611,0.07104428862786417
1347,C4-2B,CTCF,tRNA,-0.02048163799383832,0.42735249558012134,-0.07095953922776328,0.030100898678863126
1348,C4-2B,CTCF,Penelope,0.004403241354311709,0.9105133223353873,-0.07228783715449308,0.08104255830059891
1349,C4-2B,CTCF,TcMar-Tc1,0.017368250953650237,0.6580056266033026,-0.05950075306517405,0.09403248740212362
1350,C4-2B,CTCF,Dong-R4,0.06961755020876095,0.1504930908874709,-0.025451496901233762,0.1634386440140382
1351,C4-2B,CTCF,tRNA-Deu,-0.029138239888685025,0.5524620030204563,-0.12472490083835405,0.06698432238348782
1352,C4-2B,CTCF,Kolobok,-0.009333383376857225,0.8610880550367813,-0.11346040674789308,0.09499644509868926
1353,C4-2B,CTCF,PIF-Harbinger,-0.012986185337192887,0.8089802354556981,-0.11781005319768184,0.09212389554534997
1354,C4-2B,CTCF,Crypton,0.14116964063199053,0.017489987094874523,0.024401581740670246,0.25413761624424835
1355,C4-2B,CTCF,Merlin,-0.07182946466386486,0.29902465300009656,-0.20507783099753313,0.0640331142680894
1356,C4-2B,CTCF,TcMar,-0.02968723611279089,0.6749173059769498,-0.16708334712541525,0.10883995183700786
1357,C4-2B,CTCF,L1-Tx1,-0.015980267359227706,0.8529606016303674,-0.18321518737519746,0.15215354354832553
1358,C4-2B,CTCF,Crypton-A,-0.08294607413086898,0.3481340892066357,-0.25181959060793435,0.09082945342014263
1359,C4-2B,CTCF,I-Jockey,-0.01922898711889538,0.8426848911058509,-0.20660034093527208,0.16950285682215752
1360,C4-2B,CTCF,hAT-Tip100?,0.12023601398601397,0.3400676157904685,-0.1282824627218308,0.3545462964381567
1361,C4-2B,CTCF,TcMar-Pogo,0.07184750733137829,0.6959699616344138,-0.2843919480075432,0.4106535454804418
1362,C4-2B,CTCF,hAT?,0.18114973262032086,0.31303250106105496,-0.17574760744140905,0.4959598528592809
1363,C4-2B,CTCF,hAT-hAT19,0.24705882352941175,0.35627504151257705,-0.290901544635157,0.6663264868255478
1364,C4-2B,H3K27ac,Alu,-0.00021197435911434923,0.8239535697807744,-0.002079528866631808,0.0016555816270356597
1365,C4-2B,H3K27ac,L1,-0.00011284914595127364,0.934791685895973,-0.002816173450279138,0.0025904768077722254
1366,C4-2B,H3K27ac,MIR,-0.0006935013522768384,0.6242772799389933,-0.003468591540745231,0.0020815995177197776
1367,C4-2B,H3K27ac,L2,-0.0009928390312818171,0.5533932842175997,-0.004276070769246235,0.00229041411167963
1368,C4-2B,H3K27ac,ERVL-MaLR,0.0009163073401157745,0.648469128824269,-0.0030230813295683222,0.0048556675700315985
1369,C4-2B,H3K27ac,hAT-Charlie,0.0010003171165899561,0.6425248705769475,-0.0032235169515254718,0.0052241154921076035
1370,C4-2B,H3K27ac,ERV1,-9.154102982389072e-05,0.9762921228479424,-0.006128842592879254,0.005945767206398758
1371,C4-2B,H3K27ac,ERVL,-0.0006329990400457228,0.8398340763611141,-0.006771557173402431,0.005505606798908775
1372,C4-2B,H3K27ac,TcMar-Tigger,0.004273060389773593,0.18525938409028028,-0.0020490422434554455,0.010594821455475554
1373,C4-2B,H3K27ac,hAT-Tip100,-0.004941214939779767,0.2571393244757432,-0.013486988505832636,0.0036052804211375296
1374,C4-2B,H3K27ac,CR1,-0.0022122426118919257,0.6403790341938764,-0.011493074267244136,0.007068970158860775
1375,C4-2B,H3K27ac,Gypsy,0.0006443202433954431,0.935874403898564,-0.01505084058990047,0.01633916364176477
1376,C4-2B,H3K27ac,hAT-Blackjack,-0.007277140993298793,0.3846150914637182,-0.02367859710295428,0.009128231473465772
1377,C4-2B,H3K27ac,TcMar-Mariner,0.00752731201356267,0.3884003506997834,-0.009577857113144078,0.024628077240366468
1378,C4-2B,H3K27ac,RTE-X,-0.008179757741884749,0.42723355417600695,-0.02836667907663547,0.012013832937127659
1379,C4-2B,H3K27ac,ERVK,0.01806971379660236,0.12508774779904172,-0.005023748310134227,0.041143912245060275
1380,C4-2B,H3K27ac,TcMar-Tc2,0.011957748572575016,0.3457628440531153,-0.012901365589501309,0.03680209021222579
1381,C4-2B,H3K27ac,SVA,0.014361749192915257,0.3159295211254491,-0.01370903904586777,0.042409917773527955
1382,C4-2B,H3K27ac,RTE-BovB,-0.0009635645237116978,0.9479870314218062,-0.029906290330683198,0.027980775694919097
1383,C4-2B,H3K27ac,tRNA-RTE,0.00317505687481936,0.8451994848221006,-0.028691736386867565,0.03503540288319529
1384,C4-2B,H3K27ac,hAT-Ac,-0.010258594678874496,0.5731959866236948,-0.04592232875793772,0.02543125711233674
1385,C4-2B,H3K27ac,hAT,0.0295965864397574,0.13188598633269558,-0.008915153284387843,0.06802065662651917
1386,C4-2B,H3K27ac,MULE-MuDR,0.021450406634472303,0.3040266151546519,-0.0194611195689612,0.062290220342968994
1387,C4-2B,H3K27ac,PiggyBac,0.018792731719100057,0.40435680574104793,-0.025384501908818025,0.06289670827095002
1388,C4-2B,H3K27ac,5S-Deu-L2,-0.021267169492045743,0.3604709481185886,-0.0667689333454487,0.02432286867479413
1389,C4-2B,H3K27ac,Helitron,0.03189063249666229,0.19554171768677422,-0.016418925904609676,0.0800516439603113
1390,C4-2B,H3K27ac,hAT-Tag1,-0.005014821120918535,0.837215860300951,-0.05281269381503698,0.04280597722829394
1391,C4-2B,H3K27ac,tRNA,-0.03628341305600923,0.16383304872307622,-0.0871966116593935,0.014818837277089597
1392,C4-2B,H3K27ac,Penelope,0.0406436043367267,0.301956854928665,-0.03658295031014861,0.11738759903100449
1393,C4-2B,H3K27ac,TcMar-Tc1,-0.0030250724937204974,0.940564241389073,-0.08239055685288381,0.07637853966018761
1394,C4-2B,H3K27ac,Dong-R4,-0.04321171393469972,0.37251457538400645,-0.13747912959976102,0.05183145874224228
1395,C4-2B,H3K27ac,tRNA-Deu,0.01680034637668299,0.7351121844314525,-0.08042227858440028,0.11370631462653083
1396,C4-2B,H3K27ac,Kolobok,0.11543284967080218,0.03415155530051376,0.008348382595322354,0.219899793516364
1397,C4-2B,H3K27ac,PIF-Harbinger,0.09021172071962924,0.09777127803784251,-0.016842683142285132,0.19522121143157004
1398,C4-2B,H3K27ac,Crypton,-0.07680832373902352,0.2152943812271389,-0.1963425846476199,0.04497545713624172
1399,C4-2B,H3K27ac,Merlin,-0.07313563504262156,0.3185539892072348,-0.21418972763366712,0.07090633636195115
1400,C4-2B,H3K27ac,TcMar,0.04023574510152448,0.5855719310862518,-0.10430510204772202,0.18311204362795946
1401,C4-2B,H3K27ac,L1-Tx1,0.06085476229467583,0.47992983977932846,-0.10811747772938515,0.2264096231085318
1402,C4-2B,H3K27ac,Crypton-A,0.19129006309166263,0.0355708717065245,0.011602977726089519,0.3590094088516814
1403,C4-2B,H3K27ac,I-Jockey,0.16951163006208878,0.07804801214064652,-0.02056447333306703,0.34776145684920845
1404,C4-2B,H3K27ac,hAT-Tip100?,-0.025686813186813186,0.8403251622943759,-0.2698309876616092,0.22156052625263595
1405,C4-2B,H3K27ac,TcMar-Pogo,-0.11822660098522166,0.5413235788135258,-0.465651546328266,0.26077454778603276
1406,C4-2B,H3K27ac,hAT?,0.13368983957219252,0.4582590909752243,-0.22122065715602054,0.45732938048257854
1407,C4-2B,H3K27ac,hAT-hAT19,0.1272727272727273,0.7092146257733047,-0.5137312559783207,0.6770890352912143
1408,RWPE2,CTCF,Alu,0.0007993850160472318,0.4005829522375899,-0.0010645246276530336,0.002663289105378948
1409,RWPE2,CTCF,L1,0.0006192177193178662,0.6525084700776829,-0.0020760908148463745,0.003314517256661502
1410,RWPE2,CTCF,MIR,0.0008475702297031798,0.5423977290284718,-0.0018793357423923366,0.003574463596756023
1411,RWPE2,CTCF,L2,-0.0010206688448974512,0.5419543817133439,-0.004300864006311182,0.002259548280827154
1412,RWPE2,CTCF,ERVL-MaLR,-0.0009919420631128045,0.6204327870539998,-0.004917646085658146,0.002933792533640701
1413,RWPE2,CTCF,hAT-Charlie,-0.0010177099313915922,0.632939933924981,-0.005194186730736487,0.0031588023720359975
1414,RWPE2,CTCF,ERV1,-0.0015050418982944828,0.6221256226794424,-0.007490289578318401,0.004480313614719556
1415,RWPE2,CTCF,ERVL,-0.004244846805552265,0.17392082989332094,-0.010363324429011037,0.0018739486583475475
1416,RWPE2,CTCF,TcMar-Tigger,-0.0034698869310518304,0.2746049972234496,-0.009694578885308884,0.002755073932019192
1417,RWPE2,CTCF,hAT-Tip100,-0.007103323886940783,0.10128299036578707,-0.015598529256421896,0.0013929069307038642
1418,RWPE2,CTCF,CR1,0.0009590945899916431,0.8388953897331057,-0.00828685936357684,0.010204884564804444
1419,RWPE2,CTCF,Gypsy,-0.0015627785249489668,0.8448349779736124,-0.017211780513958948,0.014086988924984905
1420,RWPE2,CTCF,hAT-Blackjack,-0.012424789567595938,0.1273863810916493,-0.028393253405655038,0.0035500142047808648
1421,RWPE2,CTCF,TcMar-Mariner,0.003978336564233958,0.6284470020388769,-0.01213463736607512,0.0200892449521005
1422,RWPE2,CTCF,RTE-X,0.02105204297905028,0.04085090843765175,0.0008738940211902405,0.0412130558982895
1423,RWPE2,CTCF,ERVK,-0.01884286720355341,0.10539125676193112,-0.041633377081838584,0.003967240712476007
1424,RWPE2,CTCF,TcMar-Tc2,0.023900195146467646,0.05341645086774109,-0.00035502744766869107,0.04812731254583301
1425,RWPE2,CTCF,SVA,0.0058728668124052585,0.6803049718283896,-0.02206056715572581,0.033797138547979694
1426,RWPE2,CTCF,RTE-BovB,0.011372757148398653,0.4408150024591426,-0.017545991890995052,0.04027249429610869
1427,RWPE2,CTCF,tRNA-RTE,0.0214667808880302,0.18165581808879935,-0.010039165018352761,0.05293014785724036
1428,RWPE2,CTCF,hAT-Ac,0.000451472541453637,0.9801260358458137,-0.035058474684881866,0.03596028122972481
1429,RWPE2,CTCF,hAT,0.02640146611321032,0.1708652081938049,-0.01139508575309442,0.06412268264218017
1430,RWPE2,CTCF,MULE-MuDR,-0.02383933937693375,0.2521794680538459,-0.06457454646690565,0.016975182788671408
1431,RWPE2,CTCF,PiggyBac,-0.022706896448386842,0.2988815464074489,-0.06547414311769871,0.020143618404758947
1432,RWPE2,CTCF,5S-Deu-L2,0.033627100431185705,0.14445004016174795,-0.011551645744367704,0.07866883414813387
1433,RWPE2,CTCF,Helitron,-0.06468220110251945,0.007744078188036822,-0.11201287234331889,-0.01705871070932077
1434,RWPE2,CTCF,hAT-Tag1,0.0025005350468824397,0.9183059754324574,-0.045258382224350115,0.050248047959002645
1435,RWPE2,CTCF,tRNA,0.03295680607780409,0.2011622970626657,-0.0175986850036261,0.08334420889792338
1436,RWPE2,CTCF,Penelope,-0.007097507832123897,0.8555867039548544,-0.0833701014929255,0.06925775912782786
1437,RWPE2,CTCF,TcMar-Tc1,-0.09443120512389433,0.015865332144164995,-0.17014894371242176,-0.01760494809698409
1438,RWPE2,CTCF,Dong-R4,-0.06688204068940319,0.16722768733151241,-0.1607539136750367,0.028188973060241505
1439,RWPE2,CTCF,tRNA-Deu,0.00552842896876114,0.9102752298918921,-0.09043533761913068,0.10139047727999607
1440,RWPE2,CTCF,Kolobok,-0.007402722638743584,0.8897716829079441,-0.11170070077487858,0.09705656807680782
1441,RWPE2,CTCF,PIF-Harbinger,0.007152190659227425,0.8940855872270734,-0.09790274263071634,0.1120494819186662
1442,RWPE2,CTCF,Crypton,0.06930155621097511,0.2452068972055358,-0.047821476265413845,0.1845447465635757
1443,RWPE2,CTCF,Merlin,0.10414760415462956,0.13064581502697203,-0.03140372191365691,0.23593709106174482
1444,RWPE2,CTCF,TcMar,-0.009221473520936404,0.8961097628392927,-0.1467478383319263,0.1286546287990692
1445,RWPE2,CTCF,L1-Tx1,-0.1652328841858698,0.05366068951726379,-0.3250009366736493,0.0037050902365255915
1446,RWPE2,CTCF,Crypton-A,0.03348934290622876,0.7041414151634833,-0.13888128064539593,0.2038904498979382
1447,RWPE2,CTCF,I-Jockey,-0.17087387637846355,0.07565084469808919,-0.3490133159096226,0.01918404703558405
1448,RWPE2,CTCF,hAT-Tip100?,0.22815934065934063,0.06978573220773175,-0.021942183902603638,0.45138589038733734
1449,RWPE2,CTCF,TcMar-Pogo,-0.37719941348973607,0.03332122848011012,-0.6489427271293087,-0.020108108425494587
1450,RWPE2,CTCF,hAT?,0.21252864782276548,0.22753375500915507,-0.1392441002865137,0.5166733133093069
1451,RWPE2,CTCF,hAT-hAT19,-0.3558823529411765,0.1761037380915931,-0.7318535353453441,0.18618358467659962
1452,RWPE2,H3K27ac,Alu,-0.0006494957217890648,0.4950289221717521,-0.0025151342474201937,0.001216147325133781
1453,RWPE2,H3K27ac,L1,0.001113654653797521,0.4181370864915357,-0.0015822064040817993,0.0038094995244119575
1454,RWPE2,H3K27ac,MIR,-0.0007162332574602638,0.6068239746597146,-0.0034440839312220957,0.00201162807557454
1455,RWPE2,H3K27ac,L2,0.001900415558050638,0.25619130723012656,-0.0013800344310670892,0.0051808246454485936
1456,RWPE2,H3K27ac,ERVL-MaLR,0.002322369959210088,0.2464437355976631,-0.0016048534560154397,0.006249521739143178
1457,RWPE2,H3K27ac,hAT-Charlie,0.002361708506877203,0.26794811949814956,-0.0018167297725998686,0.006540064319747811
1458,RWPE2,H3K27ac,ERV1,0.00023432577819432413,0.9388545843002276,-0.0057527531401547075,0.006221387897721115
1459,RWPE2,H3K27ac,ERVL,-0.01038023685828156,0.0008871724896965662,-0.016499951929427305,-0.004259744105852496
1460,RWPE2,H3K27ac,TcMar-Tigger,0.0056125216923037,0.07729986844778512,-0.0006144731480193217,0.011839081293065021
1461,RWPE2,H3K27ac,hAT-Tip100,0.0030219777100874866,0.48589200023226764,-0.005477576490111853,0.011521095298753068
1462,RWPE2,H3K27ac,CR1,0.0054824160685161515,0.24524479220625697,-0.0037651632571251837,0.014729057773566883
1463,RWPE2,H3K27ac,Gypsy,-0.013628686087130536,0.08788007686450823,-0.029274078350518422,0.0020233822765197106
1464,RWPE2,H3K27ac,hAT-Blackjack,0.007620186860762559,0.35016387749601263,-0.008366230543520599,0.023602710073335954
1465,RWPE2,H3K27ac,TcMar-Mariner,0.005700040973064123,0.4888615692117836,-0.01044156771181576,0.02183867979914858
1466,RWPE2,H3K27ac,RTE-X,-0.0005286797190763358,0.9590455261527238,-0.02070474571864144,0.0196478167129461
1467,RWPE2,H3K27ac,ERVK,-0.00975641377443542,0.40233779424091665,-0.032580822612065886,0.01307816583958756
1468,RWPE2,H3K27ac,TcMar-Tc2,-0.012217360785367757,0.32354998916454525,-0.03646087308535197,0.012040523629670596
1469,RWPE2,H3K27ac,SVA,0.0027514786341092338,0.8470308179776753,-0.02519995827439259,0.03069861680527785
1470,RWPE2,H3K27ac,RTE-BovB,-0.009486239034127101,0.5202579892146599,-0.038388405439969304,0.01943178587394046
1471,RWPE2,H3K27ac,tRNA-RTE,0.017659936976842688,0.2719925574106622,-0.01385389370614843,0.049138718813599803
1472,RWPE2,H3K27ac,hAT-Ac,-0.021941688403505303,0.22596361505481075,-0.05741060578060355,0.013582548935275083
1473,RWPE2,H3K27ac,hAT,0.008482436706201251,0.6600612530521643,-0.029313265612925535,0.04625391823488096
1474,RWPE2,H3K27ac,MULE-MuDR,-0.00010977489205186591,0.9957944418828266,-0.04091065292397886,0.040691468630236476
1475,RWPE2,H3K27ac,PiggyBac,-0.004297710330955777,0.8442182366047477,-0.04713510003659446,0.03855545843361244
1476,RWPE2,H3K27ac,5S-Deu-L2,0.018405565647691188,0.4248659711149648,-0.0268049875685521,0.06354097672784495
1477,RWPE2,H3K27ac,Helitron,-0.037746044992451024,0.12043099480735607,-0.08523607911516747,0.009915103958782416
1478,RWPE2,H3K27ac,hAT-Tag1,0.02553755074419753,0.29478721470482655,-0.02225080043904159,0.07320946862014611
1479,RWPE2,H3K27ac,tRNA,0.04724368835799732,0.06690859759397727,-0.0033216633898457662,0.09756806308782921
1480,RWPE2,H3K27ac,Penelope,0.015517480411965833,0.690689475134568,-0.060875987112025916,0.09173021406452651
1481,RWPE2,H3K27ac,TcMar-Tc1,0.008472258366533024,0.8289191337380031,-0.0682985353756111,0.08514330787445684
1482,RWPE2,H3K27ac,Dong-R4,-0.07904593203263549,0.10245035453319919,-0.17268395200043918,0.01600805839504137
1483,RWPE2,H3K27ac,tRNA-Deu,-0.0059947694709652855,0.9028591904209392,-0.10196706675841459,0.09008809083934358
1484,RWPE2,H3K27ac,Kolobok,0.005221295403077896,0.92201860592298,-0.09906848156912003,0.10939761549138341
1485,RWPE2,H3K27ac,PIF-Harbinger,-0.008448728291541897,0.8752096011965388,-0.11348079613612244,0.09677009259611262
1486,RWPE2,H3K27ac,Crypton,-0.00788409934516974,0.8949478192858273,-0.12436908339946248,0.10881524653431332
1487,RWPE2,H3K27ac,Merlin,-0.05290329050420279,0.4446079279540084,-0.18672996082057552,0.08285102089709508
1488,RWPE2,H3K27ac,TcMar,0.04338428981660761,0.5398308372979219,-0.09530187776250784,0.18041833465067003
1489,RWPE2,H3K27ac,L1-Tx1,-0.07152383098135648,0.40622293397154574,-0.23660780094174766,0.09757389376747601
1490,RWPE2,H3K27ac,Crypton-A,0.10687389649384758,0.22437094001407487,-0.06635071657551161,0.27384475280404097
1491,RWPE2,H3K27ac,I-Jockey,0.010443888425539803,0.9141676304242905,-0.1780125582291094,0.19816131679079857
1492,RWPE2,H3K27ac,hAT-Tip100?,0.16149267399267397,0.20235693015007025,-0.08942009922420231,0.3931305598784478
1493,RWPE2,H3K27ac,TcMar-Pogo,0.04252199413489736,0.8172565968522344,-0.3109285490785982,0.38564012090470395
1494,RWPE2,H3K27ac,hAT?,0.2660045836516424,0.128362946456595,-0.08542496587341843,0.5585698871222687
1495,RWPE2,H3K27ac,hAT-hAT19,0.13529411764705881,0.6173674089706418,-0.3884296309682105,0.5929522406234536
1496,RWPE2,H3K36me3,Alu,-0.0010008104131598145,0.29228845281247107,-0.0028634242462831443,0.0008618103642801257
1497,RWPE2,H3K36me3,L1,0.002020113049633333,0.1418058140150538,-0.0006749764868847838,0.004715173240138218
1498,RWPE2,H3K36me3,MIR,-0.0012890168454271784,0.35401576817058333,-0.004014884189659571,0.0014368696546714556
1499,RWPE2,H3K36me3,L2,0.0005596316492054204,0.7380758291503902,-0.002720416941052026,0.0038396681976642644
1500,RWPE2,H3K36me3,ERVL-MaLR,-0.0006057401488710567,0.7622616337281316,-0.004530279145384603,0.0033188175069652727
1501,RWPE2,H3K36me3,hAT-Charlie,-0.002509428693866435,0.23872193968312927,-0.006683892134671425,0.0016651222086584028
1502,RWPE2,H3K36me3,ERV1,-0.0035673032079669986,0.2425575062232823,-0.009550031504921886,0.0024156804723763697
1503,RWPE2,H3K36me3,ERVL,0.0020668396779148163,0.5078526778198448,-0.004050685395718413,0.00818421005551572
1504,RWPE2,H3K36me3,TcMar-Tigger,0.002442286570856069,0.4417773115603916,-0.0037808426495918733,0.008665226629414125
1505,RWPE2,H3K36me3,hAT-Tip100,-0.007868753424621188,0.06942305947671086,-0.01636191578798098,0.0006255443670845862
1506,RWPE2,H3K36me3,CR1,-0.004085728481182429,0.3863529030751488,-0.013329393546483161,0.005158634861468416
1507,RWPE2,H3K36me3,Gypsy,-0.003886531450803173,0.6263749274392507,-0.019531325462903273,0.011760165353042105
1508,RWPE2,H3K36me3,hAT-Blackjack,0.017095018116685186,0.035818641978350635,0.0011312771506691037,0.033050048267526305
1509,RWPE2,H3K36me3,TcMar-Mariner,0.00017568637041894686,0.9829315683043912,-0.015918555308545027,0.016269837035705805
1510,RWPE2,H3K36me3,RTE-X,-0.012318646303978503,0.23144861424755178,-0.03248655372045348,0.007859288699713196
1511,RWPE2,H3K36me3,ERVK,-0.0156653538858549,0.17816145365263952,-0.03845476424788451,0.00714034393198447
1512,RWPE2,H3K36me3,TcMar-Tc2,0.0007636917632828013,0.9507784329067819,-0.02348087912040676,0.025007364884852095
1513,RWPE2,H3K36me3,SVA,0.023792650825877386,0.09517819875962961,-0.004157830491578016,0.05170598548428238
1514,RWPE2,H3K36me3,RTE-BovB,-0.009551279523798912,0.5174014264416376,-0.038453364742998035,0.01936677291837936
1515,RWPE2,H3K36me3,tRNA-RTE,-0.010684684181266176,0.50588169233857,-0.04214257157879309,0.020794366958091424
1516,RWPE2,H3K36me3,hAT-Ac,-0.02095874126644238,0.2473715804381276,-0.05642420329542697,0.014559546266226044
1517,RWPE2,H3K36me3,hAT,-0.015240177920545545,0.42903259262392834,-0.05296945764055571,0.02253255059950375
1518,RWPE2,H3K36me3,MULE-MuDR,-0.022351771858072206,0.2831058837496806,-0.06310036989399735,0.01847122679776963
1519,RWPE2,H3K36me3,PiggyBac,0.018293321059110967,0.40254931330040644,-0.024544673739533267,0.06106425859602163
1520,RWPE2,H3K36me3,5S-Deu-L2,0.02458881562485766,0.28609279469699256,-0.020601323254919042,0.06967868867472583
1521,RWPE2,H3K36me3,Helitron,-0.01000518714217783,0.6806152146190039,-0.0575912693928145,0.0376262550379526
1522,RWPE2,H3K36me3,hAT-Tag1,0.01673784294926664,0.4923311830980921,-0.031043749586850022,0.0644431085000735
1523,RWPE2,H3K36me3,tRNA,0.028293279892312555,0.27267355891233863,-0.02227794884078881,0.07872008904403358
1524,RWPE2,H3K36me3,Penelope,0.02816119962545205,0.46980572940062637,-0.04821643371548212,0.10421142262622966
1525,RWPE2,H3K36me3,TcMar-Tc1,-0.025212536376257953,0.520129633994353,-0.10175284049413148,0.05162451283847347
1526,RWPE2,H3K36me3,Dong-R4,-0.009605009491259574,0.8429406729498319,-0.10429902950222425,0.08526159580953521
1527,RWPE2,H3K36me3,tRNA-Deu,-0.023021264167877566,0.638838339271063,-0.11868687171863951,0.0730678100540332
1528,RWPE2,H3K36me3,Kolobok,-0.11117318304665415,0.036280456125936236,-0.21310645362882163,-0.006845795147971739
1529,RWPE2,H3K36me3,PIF-Harbinger,-0.03324340928480953,0.5359287298663646,-0.13777134678668912,0.0720168680525082
1530,RWPE2,H3K36me3,Crypton,0.01959297430443566,0.742777434339285,-0.09723779227430733,0.1358911090837484
1531,RWPE2,H3K36me3,Merlin,0.1320932230147974,0.05481263391077168,-0.00329399090541425,0.26272509168819413
1532,RWPE2,H3K36me3,TcMar,-0.04442754098110383,0.5290891433818431,-0.181095941756527,0.0939242830951366
1533,RWPE2,H3K36me3,L1-Tx1,-0.0064919836146862565,0.9399829654196219,-0.17401972946122712,0.16140097414847948
1534,RWPE2,H3K36me3,Crypton-A,0.024558495583024694,0.7806800878667304,-0.1476142528784969,0.1952865922667265
1535,RWPE2,H3K36me3,I-Jockey,-0.018228153090538414,0.8507754515897636,-0.20563998341623926,0.17047337936602877
1536,RWPE2,H3K36me3,hAT-Tip100?,0.10979853479853478,0.38775741426532506,-0.1405238002280856,0.34692685077259516
1537,RWPE2,H3K36me3,TcMar-Pogo,-0.2598973607038123,0.1508518260983656,-0.5622036827137502,0.10367890817503843
1538,RWPE2,H3K36me3,hAT?,0.22077922077922077,0.2095685387585165,-0.13105059883490056,0.5232167793492977
1539,RWPE2,H3K36me3,hAT-hAT19,-0.2088235294117647,0.43765851094980035,-0.6419192827135224,0.32528795202893174
1540,22Rv1,CTCF,Alu,-0.00011556863072048378,0.903145742668843,-0.001976961807568327,0.001745825346968529
1541,22Rv1,CTCF,L1,0.00011720809665298678,0.9320700891465052,-0.002577789213001171,0.0028122037037409233
1542,22Rv1,CTCF,MIR,0.0028844091344612066,0.03800470967938108,0.0001596467713119211,0.005609128668317212
1543,22Rv1,CTCF,L2,0.0013242876323919061,0.4287488133134014,-0.0019556875590994362,0.004604234330079721
1544,22Rv1,CTCF,ERVL-MaLR,0.002542375668968622,0.20401910291901298,-0.0013806605604838556,0.006465333644068828
1545,22Rv1,CTCF,hAT-Charlie,8.845788389496846e-05,0.9668612415853437,-0.0040846698401311625,0.004261582526936139
1546,22Rv1,CTCF,ERV1,0.0011495906297967697,0.7063754861255643,-0.004831240291226463,0.0071303393093502775
1547,22Rv1,CTCF,ERVL,-0.0017179210307550256,0.5818949590942841,-0.007832838837395472,0.004397125252725374
1548,22Rv1,CTCF,TcMar-Tigger,0.003015132256816729,0.34217744228219216,-0.0032063113263905187,0.009236342437067951
1549,22Rv1,CTCF,hAT-Tip100,0.004263428060159813,0.3251370528341011,-0.004229054078488218,0.012755295256087372
1550,22Rv1,CTCF,CR1,-0.0035409201186778327,0.4527839833549624,-0.012784146532070242,0.005702911394755924
1551,22Rv1,CTCF,Gypsy,-0.009740612054743285,0.22236198449952316,-0.025381542466158702,0.0059050861232164365
1552,22Rv1,CTCF,hAT-Blackjack,0.004509721425449959,0.5795841066018681,-0.011445074127059545,0.02046222131283036
1553,22Rv1,CTCF,TcMar-Mariner,-0.012812123506210514,0.11845817892220577,-0.028890185449762955,0.003272566228162545
1554,22Rv1,CTCF,RTE-X,0.004439897018531432,0.6662494911270693,-0.01573575953866831,0.024611939568594428
1555,22Rv1,CTCF,ERVK,0.008993622056884445,0.4392614370950193,-0.013797540430453746,0.03177544437604972
1556,22Rv1,CTCF,TcMar-Tc2,-0.005488714913550417,0.6572172742036215,-0.02972351314773239,0.018752532554511307
1557,22Rv1,CTCF,SVA,-0.001933965124735691,0.8919371480260796,-0.029827989870393593,0.02596306950300387
1558,22Rv1,CTCF,RTE-BovB,0.01928127601558842,0.1910960109889939,-0.009629388284195758,0.04815973264564605
1559,22Rv1,CTCF,tRNA-RTE,0.010078594622340566,0.5301031987351952,-0.02138392827849168,0.04152117473799662
1560,22Rv1,CTCF,hAT-Ac,-0.00686931466015927,0.7047099095449161,-0.04237460781677464,0.028653307038062816
1561,22Rv1,CTCF,hAT,0.014638698752933768,0.44747421848454505,-0.023133680764444567,0.052369343875486515
1562,22Rv1,CTCF,MULE-MuDR,0.0063887924740083195,0.7589716280554601,-0.03441281512046646,0.0471691385300753
1563,22Rv1,CTCF,PiggyBac,0.03345490156998423,0.12555167578516677,-0.00936524316323374,0.076152576658215
1564,22Rv1,CTCF,5S-Deu-L2,0.04171904527085031,0.07008416047292089,-0.003443536244491995,0.0867117859565147
1565,22Rv1,CTCF,Helitron,-0.03794203632448056,0.11840633331262272,-0.0854171087661971,0.00970493665776183
1566,22Rv1,CTCF,hAT-Tag1,0.01795096766193685,0.4615011036772757,-0.029831886339834617,0.06565196437263664
1567,22Rv1,CTCF,tRNA,-0.019299599349673718,0.4542119685480711,-0.06974878762789795,0.031248056967700576
1568,22Rv1,CTCF,Penelope,-0.011942065894994481,0.7596094997861871,-0.08823900994971977,0.06449418676045278
1569,22Rv1,CTCF,TcMar-Tc1,-0.05142977949811076,0.18864550045229822,-0.1275849363190834,0.02532823940954443
1570,22Rv1,CTCF,Dong-R4,-0.03883130186647986,0.422957360416205,-0.1331633010040535,0.05619793936832644
1571,22Rv1,CTCF,tRNA-Deu,0.036599655530938316,0.45549163289868033,-0.05955648587389259,0.13208283109880536
1572,22Rv1,CTCF,Kolobok,-0.0019034648411260994,0.9714916122982876,-0.10597062342696899,0.10220493918218387
1573,22Rv1,CTCF,PIF-Harbinger,0.0075369644299652025,0.8884237786651784,-0.0975217694621095,0.11242957592341515
1574,22Rv1,CTCF,Crypton,-0.07567406441851408,0.20436223582884708,-0.1907514069953677,0.04145503479667353
1575,22Rv1,CTCF,Merlin,-0.07274601584396709,0.2917303576270378,-0.20565245373522642,0.06279530496552312
1576,22Rv1,CTCF,TcMar,0.04178658383848431,0.5538845214840277,-0.09653834773411216,0.17852798522497645
1577,22Rv1,CTCF,L1-Tx1,0.05457046615004964,0.5265046715367832,-0.11431448597984453,0.2203898628331359
1578,22Rv1,CTCF,Crypton-A,0.09819928388164997,0.26447797606692486,-0.07499725625494195,0.26564461900185843
1579,22Rv1,CTCF,I-Jockey,-0.12270410527291263,0.20369002948607043,-0.3044430709547078,0.06765469000827201
1580,22Rv1,CTCF,hAT-Tip100?,0.023992673992673987,0.8507312968878187,-0.22316687354250328,0.26825360924191183
1581,22Rv1,CTCF,TcMar-Pogo,-0.21774193548387094,0.23124498223353102,-0.5295569676624059,0.14591148470115567
1582,22Rv1,CTCF,hAT?,0.18319327731092436,0.2997148281762426,-0.16806640733457115,0.49317410426677855
1583,22Rv1,CTCF,hAT-hAT19,0.049999999999999996,0.8540995521297436,-0.45730167066061606,0.5327502893761625
1584,22Rv1,H3K27ac,Alu,-0.0011577080938339225,0.2230004514121137,-0.0030197458691458407,0.0007043377094988933
1585,22Rv1,H3K27ac,L1,0.0009982561533585451,0.467898661714267,-0.0016970742839917518,0.0036935720864975223
1586,22Rv1,H3K27ac,MIR,-0.0009775010801942278,0.4820202873555499,-0.003702539499767613,0.0017475518569926433
1587,22Rv1,H3K27ac,L2,-0.001737317761826042,0.2992224310227205,-0.005017385510785154,0.0015427873707350428
1588,22Rv1,H3K27ac,ERVL-MaLR,0.0024757133483067164,0.21620376612722567,-0.00144793594738795,0.006399286417683263
1589,22Rv1,H3K27ac,hAT-Charlie,-0.0017979097975714259,0.39851795444262184,-0.005971675801631461,0.002375918847968789
1590,22Rv1,H3K27ac,ERV1,0.004157336418925081,0.1731223160707728,-0.001824198913420094,0.010138574272198816
1591,22Rv1,H3K27ac,ERVL,-0.0024422578670259387,0.4337988004083425,-0.008557700306284282,0.003673367253005967
1592,22Rv1,H3K27ac,TcMar-Tigger,0.003266802337571905,0.30346439444546186,-0.0029553959876619327,0.00948874771697115
1593,22Rv1,H3K27ac,hAT-Tip100,-0.0018157887975199171,0.6752066047095255,-0.010308963747540732,0.0066776481217382415
1594,22Rv1,H3K27ac,CR1,-0.0009856268387067975,0.8344713659310093,-0.01022966580759694,0.008258580581491351
1595,22Rv1,H3K27ac,Gypsy,0.0020013064758667492,0.8020434851451108,-0.013644062065227443,0.017645695324568608
1596,22Rv1,H3K27ac,hAT-Blackjack,-0.016470169639705354,0.043067624754131326,-0.03241926528772987,-0.0005126881568300866
1597,22Rv1,H3K27ac,TcMar-Mariner,-0.008074429809769352,0.32528472105010364,-0.024159242930973126,0.008014562722076402
1598,22Rv1,H3K27ac,RTE-X,0.007446400158664258,0.46943174706019275,-0.012728870586103632,0.027615610399841582
1599,22Rv1,H3K27ac,ERVK,-0.010721886173558685,0.3567809300098993,-0.03351609584774417,0.012083471900850129
1600,22Rv1,H3K27ac,TcMar-Tc2,-0.011991329710207691,0.33239809740989135,-0.03622580156025869,0.01225723760577415
1601,22Rv1,H3K27ac,SVA,0.017934626435710584,0.2079225204986052,-0.009982359342104348,0.04582367620933957
1602,22Rv1,H3K27ac,RTE-BovB,0.012687363327136233,0.389778636114816,-0.016228652002678694,0.041582174081239945
1603,22Rv1,H3K27ac,tRNA-RTE,-0.0006212871079828719,0.9691317545493554,-0.03207966003799561,0.03083831555833549
1604,22Rv1,H3K27ac,hAT-Ac,-0.0028437169093877045,0.8753376248538607,-0.0383551275507397,0.032674867435757024
1605,22Rv1,H3K27ac,hAT,0.016624478671178923,0.388218593369836,-0.021141963570954422,0.05434354418420267
1606,22Rv1,H3K27ac,MULE-MuDR,-0.006452759170552577,0.7566853108687566,-0.047241806636827526,0.034357772008964144
1607,22Rv1,H3K27ac,PiggyBac,0.007540728991254815,0.7300103904100795,-0.03527624495562577,0.05033007047509504
1608,22Rv1,H3K27ac,5S-Deu-L2,0.0001138297782487684,0.9960583595498624,-0.045022887228302985,0.04525008297345936
1609,22Rv1,H3K27ac,Helitron,0.021967258439509994,0.3660790819217501,-0.025677664281783655,0.0695126084902546
1610,22Rv1,H3K27ac,hAT-Tag1,-0.005119745324864714,0.8336641045257789,-0.05286057251353589,0.042644431599852435
1611,22Rv1,H3K27ac,tRNA,-0.034080959112417514,0.18621046271589922,-0.08446264916083565,0.01647454612379488
1612,22Rv1,H3K27ac,Penelope,0.07629455174039418,0.05009132042973737,-0.00013356640034171304,0.1518365338082361
1613,22Rv1,H3K27ac,TcMar-Tc1,-0.01980073472745658,0.6129681258151076,-0.09626988884545605,0.05690078500592362
1614,22Rv1,H3K27ac,Dong-R4,-0.003540359249811969,0.9417826025193429,-0.0982944747250615,0.09127737282004604
1615,22Rv1,H3K27ac,tRNA-Deu,0.030549634807746404,0.5333740352170884,-0.06557989243058059,0.12611732622139707
1616,22Rv1,H3K27ac,Kolobok,-0.05969420239868888,0.261965001573043,-0.16286145022976406,0.04476425859748886
1617,22Rv1,H3K27ac,PIF-Harbinger,-0.0933629700415228,0.08155868174578403,-0.19663842502331763,0.01196144269203547
1618,22Rv1,H3K27ac,Crypton,-0.11328700522706983,0.05697799248739764,-0.2272434342339192,0.003730032492927757
1619,22Rv1,H3K27ac,Merlin,-0.09801653298662376,0.15498815366866975,-0.2300393545366258,0.037548869269249927
1620,22Rv1,H3K27ac,TcMar,-0.013647694739596115,0.8467569467179881,-0.15107990134882013,0.12430209457442237
1621,22Rv1,H3K27ac,L1-Tx1,0.03726473268976449,0.665504311495383,-0.13132894019490754,0.2037634077967037
1622,22Rv1,H3K27ac,Crypton-A,0.1352518907378122,0.12349243782819491,-0.03792445389919778,0.3005410088073558
1623,22Rv1,H3K27ac,I-Jockey,0.020053748494115467,0.8360299135321995,-0.16870286863865258,0.20739154387529654
1624,22Rv1,H3K27ac,hAT-Tip100?,0.040430402930402926,0.7510932563350571,-0.20753857352089802,0.28351727119206155
1625,22Rv1,H3K27ac,TcMar-Pogo,-0.1854838709677419,0.3094562398451983,-0.5040563080291509,0.1775164950954454
1626,22Rv1,H3K27ac,hAT?,0.2849503437738731,0.10237459274542239,-0.06593705697999862,0.573119736129552
1627,22Rv1,H3K27ac,hAT-hAT19,-0.2323529411764706,0.38651134990798475,-0.6570242802453357,0.30426131880301843
1628,RWPE1,CTCF,Alu,0.0006292374168340613,0.5083067140690929,-0.0012352015080845332,0.0024936719671359124
1629,RWPE1,CTCF,L1,0.001774191010444919,0.1976555464281652,-0.0009250742326234525,0.004473430400051558
1630,RWPE1,CTCF,MIR,0.0011709008018005616,0.3998204856514229,-0.0015548509727883175,0.0038966351775400277
1631,RWPE1,CTCF,L2,-0.0007263438360650309,0.6643848456484625,-0.004007531551562617,0.002554859519430946
1632,RWPE1,CTCF,ERVL-MaLR,0.00022066005270533596,0.9123304423651981,-0.0037074615077413962,0.004148774803532975
1633,RWPE1,CTCF,hAT-Charlie,-0.0006592060670570173,0.7570446190385253,-0.004835548777523535,0.003517159639077546
1634,RWPE1,CTCF,ERV1,-0.0027271366722500683,0.37336533723075116,-0.008731413217105695,0.003277336514353342
1635,RWPE1,CTCF,ERVL,0.0006864777457604606,0.8260336198167871,-0.005435069714638313,0.006807973757334913
1636,RWPE1,CTCF,TcMar-Tigger,0.0013393056738087701,0.6733482851342913,-0.004887567930814631,0.007566075419622621
1637,RWPE1,CTCF,hAT-Tip100,0.0009256302898658511,0.8309066030541967,-0.007570151378819862,0.009421278339685717
1638,RWPE1,CTCF,CR1,-0.004264343564795951,0.36627838302328364,-0.013514672878088684,0.004986715607102579
1639,RWPE1,CTCF,Gypsy,-0.009140474523631596,0.25235536977575973,-0.024787666521894184,0.0065111949386401574
1640,RWPE1,CTCF,hAT-Blackjack,-0.005279221607805369,0.5171061994803583,-0.021248902534529605,0.010693152575361934
1641,RWPE1,CTCF,TcMar-Mariner,-0.0007563443742000922,0.9266788466107868,-0.016863920002947803,0.015351623737470671
1642,RWPE1,CTCF,RTE-X,-0.005574877985738829,0.5882621261065992,-0.025753769978901827,0.014608555213575914
1643,RWPE1,CTCF,ERVK,0.02667339508029937,0.022825968071625,0.0037044889466715494,0.04961417146761871
1644,RWPE1,CTCF,TcMar-Tc2,0.003988130892142787,0.7471783350915832,-0.020258056806768975,0.02822963035738556
1645,RWPE1,CTCF,SVA,-0.00439858650564676,0.7573808891081232,-0.0322960182130206,0.0235056935617131
1646,RWPE1,CTCF,RTE-BovB,0.03218318473502112,0.029142412681109977,0.0032635489958742795,0.061049032374112557
1647,RWPE1,CTCF,tRNA-RTE,0.009079164429550217,0.5718734975492138,-0.0223990449771538,0.040539389950715064
1648,RWPE1,CTCF,hAT-Ac,-0.020839208336010426,0.25062365117531654,-0.056345724883611295,0.014719953491331443
1649,RWPE1,CTCF,hAT,0.013864160775569236,0.4718721674153079,-0.02390773914266284,0.051596534042729465
1650,RWPE1,CTCF,MULE-MuDR,-0.010473910477371562,0.6150936092983018,-0.0512630207790794,0.0303500854280814
1651,RWPE1,CTCF,PiggyBac,0.02058713803369214,0.3465077960757086,-0.022282924838187515,0.06338163044341369
1652,RWPE1,CTCF,5S-Deu-L2,0.020079788895109706,0.3835873975473706,-0.025095968485326307,0.06517370212465448
1653,RWPE1,CTCF,Helitron,-0.037135582639052284,0.126890815644094,-0.08467067538411116,0.01056816011380218
1654,RWPE1,CTCF,hAT-Tag1,-0.032923574456811606,0.17700578471825879,-0.08059149615893522,0.014894601650558307
1655,RWPE1,CTCF,tRNA,-0.05355890296561605,0.03775114287973671,-0.10384311264742715,-0.003001591297831563
1656,RWPE1,CTCF,Penelope,0.024654210809580496,0.5281519944119326,-0.051946293970722736,0.10096630568877053
1657,RWPE1,CTCF,TcMar-Tc1,0.062069687112088115,0.11277852205189687,-0.014740346184362225,0.1381514635823463
1658,RWPE1,CTCF,Dong-R4,0.021708749471162327,0.6542589637720191,-0.07323987990107912,0.1162673835100903
1659,RWPE1,CTCF,tRNA-Deu,-0.01780912567864997,0.716569859516589,-0.11353781104664867,0.07824718568929583
1660,RWPE1,CTCF,Kolobok,-0.008618437581067416,0.8716331247639054,-0.11275421920331488,0.0957046152718026
1661,RWPE1,CTCF,PIF-Harbinger,-0.02575768215446935,0.6315499188836555,-0.13040238379451718,0.07945457531726785
1662,RWPE1,CTCF,Crypton,0.0038388061447957294,0.9487368247356818,-0.11280963147138467,0.12038286752008036
1663,RWPE1,CTCF,Merlin,-0.013173131767942848,0.8491348990494285,-0.1479841696923441,0.12211851397769533
1664,RWPE1,CTCF,TcMar,0.010761434136146645,0.8788837366238635,-0.12714075610216297,0.14825548779003467
1665,RWPE1,CTCF,L1-Tx1,-0.07699137864821841,0.3711976464296243,-0.24182341225648946,0.09215952409103838
1666,RWPE1,CTCF,Crypton-A,-0.049442622777953416,0.5749228267648371,-0.21921067581067358,0.12323130708287608
1667,RWPE1,CTCF,I-Jockey,-0.04458344917060514,0.6452810899114436,-0.23083958659190915,0.14482462017411146
1668,RWPE1,CTCF,hAT-Tip100?,-0.24967948717948718,0.0466236829870446,-0.46986699446037583,-0.0002422880822303553
1669,RWPE1,CTCF,TcMar-Pogo,0.15212609970674487,0.4058771212990657,-0.20958728626343917,0.477215179441864
1670,RWPE1,CTCF,hAT?,-0.0961038961038961,0.5887344912074548,-0.4212685029366378,0.2509537275634548
1671,RWPE1,CTCF,hAT-hAT19,0.2676470588235294,0.3162544185483094,-0.2719034465475825,0.6791708185579431
1672,RWPE1,H3K27ac,Alu,0.0002121256684820678,0.8234866486733008,-0.001651737253455322,0.002075987116577779
1673,RWPE1,H3K27ac,L1,-0.001463545300253696,0.2878735650488744,-0.00416253048838232,0.0012354612105421356
1674,RWPE1,H3K27ac,MIR,-0.00036970296027322234,0.7904198925683918,-0.003096176249903594,0.0023567758258586815
1675,RWPE1,H3K27ac,L2,0.00048007549747126015,0.7742895954137498,-0.0028010707627808616,0.003761211420844015
1676,RWPE1,H3K27ac,ERVL-MaLR,0.0016164883216517273,0.4198867896019739,-0.002311347467158746,0.005544274232944339
1677,RWPE1,H3K27ac,hAT-Charlie,-4.8476328416212385e-06,0.9981849630980808,-0.004181516034477153,0.004171820937923551
1678,RWPE1,H3K27ac,ERV1,0.001299526713824288,0.6713687135197559,-0.0047037659769675125,0.00730272573727326
1679,RWPE1,H3K27ac,ERVL,-0.0012930687174577237,0.6788553940301016,-0.007414237938155607,0.004828197404176507
1680,RWPE1,H3K27ac,TcMar-Tigger,-0.0018696713787578335,0.5563002595427309,-0.00809798441536922,0.004358786717886856
1681,RWPE1,H3K27ac,hAT-Tip100,-0.003445873111922066,0.4266293071845445,-0.011941029651474061,0.0050497808240248755
1682,RWPE1,H3K27ac,CR1,-0.0046003855354124655,0.3297329297930064,-0.013850768458809061,0.00465078477781848
1683,RWPE1,H3K27ac,Gypsy,-0.0007209183257970304,0.9280620590229072,-0.0163701490484434,0.014928665508521403
1684,RWPE1,H3K27ac,hAT-Blackjack,-0.0006060455455317706,0.9407751743776768,-0.016592647725663805,0.015380866416593541
1685,RWPE1,H3K27ac,TcMar-Mariner,0.0023026446039543583,0.780204177165647,-0.013869697149476697,0.018473781952003727
1686,RWPE1,H3K27ac,RTE-X,-0.004909713034117354,0.6335484974766843,-0.0250900512034064,0.015274624946654346
1687,RWPE1,H3K27ac,ERVK,0.013777204417854447,0.23971951653061227,-0.009192309495371653,0.036732187103185196
1688,RWPE1,H3K27ac,TcMar-Tc2,-0.019253347949865874,0.12001151224578889,-0.043505406386675737,0.005021388259720239
1689,RWPE1,H3K27ac,SVA,0.011339343827706426,0.42584203418013566,-0.016570884065678762,0.039231914364495676
1690,RWPE1,H3K27ac,RTE-BovB,0.001976017254749571,0.8935192022331627,-0.02695333799025168,0.0309020653772441
1691,RWPE1,H3K27ac,tRNA-RTE,-0.02747149604456067,0.08721054585407656,-0.05890575879372494,0.004017191652960845
1692,RWPE1,H3K27ac,hAT-Ac,-0.024314930830626667,0.18008279273457964,-0.059812879918727316,0.011244439301420654
1693,RWPE1,H3K27ac,hAT,-0.022306863835201352,0.24718996995751172,-0.06003256201078858,0.015482468626328714
1694,RWPE1,H3K27ac,MULE-MuDR,0.046029452040959706,0.027081192300985595,0.005198880073647119,0.08670680063408691
1695,RWPE1,H3K27ac,PiggyBac,0.03013967838411112,0.16809244687706418,-0.0127323562513079,0.0729011042464638
1696,RWPE1,H3K27ac,5S-Deu-L2,0.014037476321777737,0.5424680718279808,-0.03113293611428708,0.059150666865273156
1697,RWPE1,H3K27ac,Helitron,-0.02218858467220994,0.3624056647621572,-0.06984559327348891,0.025569476398776787
1698,RWPE1,H3K27ac,hAT-Tag1,0.05164735787358097,0.03412083608592453,0.003843232392050532,0.09921596545091697
1699,RWPE1,H3K27ac,tRNA,-0.024225758401979117,0.3474784605129809,-0.07465428367504494,0.02632635533133935
1700,RWPE1,H3K27ac,Penelope,0.00453763270716341,0.9075829823440524,-0.07197869383991985,0.08100086163815706
1701,RWPE1,H3K27ac,TcMar-Tc1,0.045177056530075414,0.24898214210009237,-0.03169687694304832,0.12151963941441371
1702,RWPE1,H3K27ac,Dong-R4,-0.10225601667657054,0.03444285334849831,-0.1953900520232406,-0.007294126689309139
1703,RWPE1,H3K27ac,tRNA-Deu,0.04674313228626476,0.3404254406013323,-0.04944581091120177,0.14207295968799763
1704,RWPE1,H3K27ac,Kolobok,-0.07626940580462736,0.15214052722525054,-0.17922802247573735,0.028341761529876337
1705,RWPE1,H3K27ac,PIF-Harbinger,-0.0024375121962108186,0.9638098523842388,-0.10739027747130768,0.10256897968518501
1706,RWPE1,H3K27ac,Crypton,0.0001625423745193144,0.997827934559588,-0.11643718383155083,0.1167578490595393
1707,RWPE1,H3K27ac,Merlin,0.020975647840085508,0.7625110600280431,-0.11475542375952712,0.1559378934176724
1708,RWPE1,H3K27ac,TcMar,-0.080244715308602,0.25508399717418306,-0.2157849216223117,0.058329397867971824
1709,RWPE1,H3K27ac,L1-Tx1,-0.032984970666279735,0.701982374019235,-0.19964048670768755,0.13552520706174717
1710,RWPE1,H3K27ac,Crypton-A,0.07994522983401321,0.3640371260411027,-0.09312772141925843,0.2483285843826497
1711,RWPE1,H3K27ac,I-Jockey,0.023102585487906592,0.8115327455019928,-0.16574399416354343,0.21031473787207539
1712,RWPE1,H3K27ac,hAT-Tip100?,0.14200174825174824,0.25916367280796115,-0.1067906569945852,0.3740599675932133
1713,RWPE1,H3K27ac,TcMar-Pogo,0.01282991202346041,0.9444387008033676,-0.33738664201187407,0.35992676831846
1714,RWPE1,H3K27ac,hAT?,-0.07318563789152024,0.6808288586920515,-0.4018117981107877,0.2721406593883562
1715,RWPE1,H3K27ac,hAT-hAT19,0.22941176470588234,0.39272049088161975,-0.30691283867300784,0.6551510666048215
