,cell_line,modification,family_name,r,p_value,ci_low,ci_high
0,Caco-2,H3K4me1,Alu,0.0004906168996332698,0.6066975904741903,-0.0013773010530325083,0.0023585314286645
1,Caco-2,H3K4me1,L1,-0.0007193086778766699,0.6018592118927171,-0.00342150453265196,0.001982897681530923
2,Caco-2,H3K4me1,MIR,0.0008919684281621032,0.5215404208854975,-0.001835489491026491,0.003619413076650803
3,Caco-2,H3K4me1,L2,0.0037850307748479237,0.02382501715727925,0.0005024021112773888,0.00706757786693598
4,Caco-2,H3K4me1,ERVL-MaLR,-0.0014084004294981848,0.48288054657291757,-0.005342381682964756,0.0025256244179353384
5,Caco-2,H3K4me1,hAT-Charlie,0.0010757795573053091,0.6140381837837465,-0.0031050925735240285,0.005256614079839266
6,Caco-2,H3K4me1,ERV1,0.0012411546167539454,0.6862405593346732,-0.00478072403427055,0.007262943252949778
7,Caco-2,H3K4me1,ERVL,0.0013730568745982548,0.66057472579367,-0.004755418673962392,0.007501429285576335
8,Caco-2,H3K4me1,TcMar-Tigger,-0.0007896840231043532,0.8038823037046922,-0.007022333770886362,0.0054430270773291696
9,Caco-2,H3K4me1,hAT-Tip100,-0.0006178031155699333,0.8867302374997023,-0.009118349149089128,0.0078828322029413
10,Caco-2,H3K4me1,CR1,-0.0014556285958883955,0.7578542509032662,-0.010709196171780094,0.007798188273871325
11,Caco-2,H3K4me1,Gypsy,0.002191469362602208,0.7838627001107743,-0.013467411939513134,0.01784927603426475
12,Caco-2,H3K4me1,hAT-Blackjack,0.0017013114177162581,0.8348526632993164,-0.01429223603551718,0.01769398854678474
13,Caco-2,H3K4me1,TcMar-Mariner,-0.0032858146424390206,0.6894741115683267,-0.019401320197338392,0.01283139782634264
14,Caco-2,H3K4me1,RTE-X,-0.012394690587463862,0.22895089383035125,-0.0325785810713301,0.007799305437160886
15,Caco-2,H3K4me1,ERVK,0.0028939071097046952,0.8059264436888289,-0.020190565721633063,0.025975296042228816
16,Caco-2,H3K4me1,TcMar-Tc2,0.036963863970040825,0.002836505770521135,0.012691242944929357,0.06119294836294792
17,Caco-2,H3K4me1,SVA,-0.00028069428343108254,0.9843549136274131,-0.0283299149669643,0.02776896808447643
18,Caco-2,H3K4me1,RTE-BovB,-0.015015840960668747,0.3094240917308241,-0.04394823331344836,0.01394171795371275
19,Caco-2,H3K4me1,tRNA-RTE,0.015422540918868508,0.33715952187295084,-0.01607453852312179,0.04688904243775242
20,Caco-2,H3K4me1,hAT-Ac,-0.034109507316676245,0.06025899176602605,-0.06961486076702694,0.001482154545857817
21,Caco-2,H3K4me1,hAT,-0.006481476946792249,0.7368158513732516,-0.04425666234077968,0.031312215964137705
22,Caco-2,H3K4me1,MULE-MuDR,0.00406285695004649,0.845494909278769,-0.03678875325079381,0.04490091079652604
23,Caco-2,H3K4me1,PiggyBac,-0.04524528365518018,0.038800537723522606,-0.08801393618326954,-0.0023101243448274294
24,Caco-2,H3K4me1,5S-Deu-L2,0.029453606637705666,0.20141698206582534,-0.015749570471371963,0.07453663273889014
25,Caco-2,H3K4me1,Helitron,-0.004795966986152917,0.8441812429095518,-0.05258020535081228,0.04301018350934713
26,Caco-2,H3K4me1,hAT-Tag1,-0.020181898937953083,0.40813909539201265,-0.06791725446263756,0.027645647307972785
27,Caco-2,H3K4me1,tRNA,-0.04720346711027089,0.06723251942610374,-0.09754478045171354,0.0033787786852003936
28,Caco-2,H3K4me1,Penelope,-0.01779952830292961,0.6490682614696364,-0.09422643885367067,0.05883595246622708
29,Caco-2,H3K4me1,TcMar-Tc1,-0.016997311933743785,0.664618045655362,-0.09360577488944236,0.0598112394873287
30,Caco-2,H3K4me1,Dong-R4,0.07342545292702095,0.12935685316203666,-0.021639059747624822,0.16717411112731612
31,Caco-2,H3K4me1,tRNA-Deu,-0.01916325969791008,0.6960512316060277,-0.11487592808968734,0.07690193732796002
32,Caco-2,H3K4me1,Kolobok,0.07263151381269425,0.17271806335370626,-0.03198246770090111,0.17567134188792322
33,Caco-2,H3K4me1,PIF-Harbinger,-0.030548934267752008,0.5695010210022777,-0.13511990060418463,0.07469507076829641
34,Caco-2,H3K4me1,Crypton,-0.02519909786338602,0.6729481964013231,-0.1413994381375242,0.0916861912059445
35,Caco-2,H3K4me1,Merlin,0.13481509775000783,0.05051155025115713,-0.0008742675281997245,0.26562988377899427
36,Caco-2,H3K4me1,TcMar,0.12084348379687557,0.08748153884478432,-0.018357176827540837,0.25544851857833994
37,Caco-2,H3K4me1,L1-Tx1,-0.01475281107550198,0.864141709317986,-0.18202684362343097,0.15335108295873762
38,Caco-2,H3K4me1,Crypton-A,0.09665653739246528,0.2720929010794874,-0.07653293231943531,0.26418431811771653
39,Caco-2,H3K4me1,I-Jockey,0.04806783430636642,0.6196515055977301,-0.14141931016914003,0.2341572356239181
40,Caco-2,H3K4me1,hAT-Tip100?,0.13415750915750915,0.29056007007326984,-0.11657075404242628,0.36881036970576814
41,Caco-2,H3K4me1,TcMar-Pogo,-0.0751466275659824,0.6827160866936022,-0.41344398580489056,0.28138089471485495
42,Caco-2,H3K4me1,hAT?,0.2917780748663102,0.09943838368080939,-0.06477603381235048,0.582266039177914
43,Caco-2,H3K4me1,hAT-hAT19,-0.08529411764705883,0.7534650694747833,-0.5581113265973131,0.42933581652184877
44,Caco-2,H3K9me3,Alu,0.001870084803750457,0.04964754129718741,2.8796098119708514e-06,0.003737276957800493
45,Caco-2,H3K9me3,L1,-0.001182311872073647,0.39101576160165163,-0.0038838017234892968,0.001519195236612575
46,Caco-2,H3K9me3,MIR,0.0014017629222645319,0.31375077864090234,-0.0013255089143390827,0.00412901390632866
47,Caco-2,H3K9me3,L2,-0.0022135116755834005,0.18626597360987054,-0.005495896355640643,0.0010689207023679929
48,Caco-2,H3K9me3,ERVL-MaLR,0.0005346520501962258,0.7899106947003334,-0.0033985007784564504,0.00446778833710954
49,Caco-2,H3K9me3,hAT-Charlie,0.0005643373959392497,0.7913283253948351,-0.003616071924251201,0.004744726991696631
50,Caco-2,H3K9me3,ERV1,0.0026256334639449363,0.39271355697569765,-0.0033953334673147728,0.008646410030757811
51,Caco-2,H3K9me3,ERVL,-0.00042205260594230655,0.8926094364081255,-0.00654930053403431,0.005705227012702327
52,Caco-2,H3K9me3,TcMar-Tigger,0.005779331839654017,0.06913388325873232,-0.0004529156931484516,0.012011130440793594
53,Caco-2,H3K9me3,hAT-Tip100,-0.0032263722427650337,0.4569203984371787,-0.01172618622257112,0.005273907957848552
54,Caco-2,H3K9me3,CR1,-0.0004314280863209631,0.9271924357642644,-0.00968489050933806,0.008822108220711522
55,Caco-2,H3K9me3,Gypsy,0.015097419718417118,0.05880223741078591,-0.0005625054938896454,0.03074994196499543
56,Caco-2,H3K9me3,hAT-Blackjack,-0.005653953542511088,0.48838836504851835,-0.02164473874507807,0.010339723766237336
57,Caco-2,H3K9me3,TcMar-Mariner,0.006948077754023907,0.3981855658537481,-0.00917072304811979,0.023063268750542727
58,Caco-2,H3K9me3,RTE-X,0.017252652890197475,0.09396717599296496,-0.0029389990407279144,0.037430242522848024
59,Caco-2,H3K9me3,ERVK,0.0006669946701424027,0.9548275982114889,-0.022408428397832574,0.02374170744349218
60,Caco-2,H3K9me3,TcMar-Tc2,-0.00833878465631095,0.5007805827300899,-0.032604609542787905,0.015936865146870767
61,Caco-2,H3K9me3,SVA,-0.00774734054225524,0.588035383372091,-0.03576648683973964,0.02028397621842868
62,Caco-2,H3K9me3,RTE-BovB,0.011924234829488683,0.4193819242050818,-0.01701990953425721,0.04084841076041349
63,Caco-2,H3K9me3,tRNA-RTE,0.026766456728111537,0.09567866762963707,-0.004726501070179347,0.05820637166399618
64,Caco-2,H3K9me3,hAT-Ac,0.015006576301331391,0.40855977114151265,-0.020585941074858203,0.05056110422351925
65,Caco-2,H3K9me3,hAT,0.013592499414480633,0.4808445367686951,-0.02420027926833785,0.05134648261395357
66,Caco-2,H3K9me3,MULE-MuDR,-0.014847106725894687,0.4763663998231835,-0.05566093526846213,0.02601625645703945
67,Caco-2,H3K9me3,PiggyBac,-0.005047530147683396,0.8177826215867101,-0.04795513013271482,0.03787866399850745
68,Caco-2,H3K9me3,5S-Deu-L2,-0.002136345460639373,0.9261682849991164,-0.047292276780753484,0.0430282998456729
69,Caco-2,H3K9me3,Helitron,0.016056103970776815,0.5103808443303506,-0.03175314443146557,0.06379204636679998
70,Caco-2,H3K9me3,hAT-Tag1,0.018524562159902565,0.4477130272261465,-0.02930149447532444,0.06626599606394015
71,Caco-2,H3K9me3,tRNA,-0.0017906257517842769,0.9446828807793569,-0.05233200895475415,0.04875990719798938
72,Caco-2,H3K9me3,Penelope,0.05611198286433795,0.1514411883688673,-0.02064459057520819,0.13221097470669538
73,Caco-2,H3K9me3,TcMar-Tc1,0.05213672793587555,0.18431838718214333,-0.024917276438755527,0.1285749015112159
74,Caco-2,H3K9me3,Dong-R4,0.020332461789077275,0.6748840426807887,-0.07460788403224537,0.11490752668355192
75,Caco-2,H3K9me3,tRNA-Deu,0.0013835449261881648,0.97750108161149,-0.09454413060771193,0.0972857640785935
76,Caco-2,H3K9me3,Kolobok,0.0011094779347074909,0.983404496560057,-0.10313763550309304,0.1053324825040713
77,Caco-2,H3K9me3,PIF-Harbinger,-0.10324111207542863,0.053987640606334306,-0.20625713067066725,0.002038431528390031
78,Caco-2,H3K9me3,Crypton,-0.019168352205528528,0.7481619711267078,-0.1354736744984621,0.0976580628192315
79,Caco-2,H3K9me3,Merlin,0.19916249950029227,0.003672812749939732,0.06453044586723142,0.32667401212991265
80,Caco-2,H3K9me3,TcMar,0.08917109444969265,0.2080870124461748,-0.05011459509837237,0.22505432008850915
81,Caco-2,H3K9me3,L1-Tx1,-0.0049051580007442525,0.954634664711014,-0.17247974066576016,0.16294537079350904
82,Caco-2,H3K9me3,Crypton-A,-0.03646540231010578,0.6792380558116564,-0.2067531727107845,0.13596669228013894
83,Caco-2,H3K9me3,I-Jockey,0.1083032156426652,0.26229475127995266,-0.08201166583223482,0.2909974282323166
84,Caco-2,H3K9me3,hAT-Tip100?,0.019963369963369962,0.8755799474240958,-0.22698335838808517,0.2644980791414605
85,Caco-2,H3K9me3,TcMar-Pogo,-0.08651026392961875,0.637790707094201,-0.4230192053830996,0.27096912730509415
86,Caco-2,H3K9me3,hAT?,0.20788770053475936,0.2456769469719457,-0.14959071239574934,0.5173005879358561
87,Caco-2,H3K9me3,hAT-hAT19,0.19705882352941176,0.46446421122573867,-0.3356458136277041,0.6342644488821559
88,SJCRH30,H3K27ac,Alu,-0.0004768631842841049,0.6164152010653325,-0.002342631065931473,0.0013889080173770478
89,SJCRH30,H3K27ac,L1,-0.001248754627003586,0.36464334182071545,-0.003948541337789029,0.0014510502878990299
90,SJCRH30,H3K27ac,MIR,-0.0004541805251739933,0.7440130663643044,-0.0031802310595031103,0.0022718767595234996
91,SJCRH30,H3K27ac,L2,0.0008897067142709463,0.595129934683787,-0.0023916954840396965,0.004171089752665574
92,SJCRH30,H3K27ac,ERVL-MaLR,-0.0022185425105329,0.2684287015571382,-0.0061475590915622685,0.0017105425680692696
93,SJCRH30,H3K27ac,hAT-Charlie,-0.0008208578378696734,0.7001405879687861,-0.004998240301573507,0.003356553274849148
94,SJCRH30,H3K27ac,ERV1,0.003964433361678087,0.19584822290497253,-0.002042810434521921,0.009971391038170067
95,SJCRH30,H3K27ac,ERVL,-0.002296698611095882,0.4621493409539542,-0.008418351095763454,0.0038251260151775956
96,SJCRH30,H3K27ac,TcMar-Tigger,0.003561097442738726,0.2624203104176259,-0.0026669116663946254,0.009788830304233038
97,SJCRH30,H3K27ac,hAT-Tip100,0.004860542789439499,0.26218608508097085,-0.003635936606594527,0.013356320460110368
98,SJCRH30,H3K27ac,CR1,-0.005554072329824971,0.23929723011720683,-0.014803997372564456,0.003696803265129386
99,SJCRH30,H3K27ac,Gypsy,0.006655728802923256,0.4045301631524145,-0.00899429583816242,0.02230249369295043
100,SJCRH30,H3K27ac,hAT-Blackjack,-0.012132301090273051,0.13667102130499512,-0.028104107848244544,0.003845698845768008
101,SJCRH30,H3K27ac,TcMar-Mariner,0.0012092891606704426,0.8830067819825972,-0.014896066418550364,0.017314017426569996
102,SJCRH30,H3K27ac,RTE-X,0.006416535917321965,0.5332049427024563,-0.013766017311584632,0.026593862919516414
103,SJCRH30,H3K27ac,ERVK,0.009409516775150312,0.42277076173679073,-0.013597381905707596,0.032406457644100314
104,SJCRH30,H3K27ac,TcMar-Tc2,-0.003363282295895729,0.7857334301455365,-0.027605232496659818,0.020882621608974937
105,SJCRH30,H3K27ac,SVA,0.005843177054615786,0.6833028978156268,-0.022227401228353344,0.03390454969433146
106,SJCRH30,H3K27ac,RTE-BovB,-0.019120509967686064,0.19521246462538852,-0.04802437326586822,0.009815348213996366
107,SJCRH30,H3K27ac,tRNA-RTE,-0.018188801521236787,0.25764616263494705,-0.0496503678065719,0.013308825614101334
108,SJCRH30,H3K27ac,hAT-Ac,0.027476126674271923,0.13000218817728162,-0.008100445165169182,0.06298322922914754
109,SJCRH30,H3K27ac,hAT,0.015653059618224573,0.41663318894146595,-0.02211989661166556,0.05338139023225216
110,SJCRH30,H3K27ac,MULE-MuDR,-0.02445918524915155,0.2402572796889925,-0.06521008547869682,0.016373161668080404
111,SJCRH30,H3K27ac,PiggyBac,-0.015543238237763744,0.4772635519330547,-0.058352831154998744,0.027323415381947127
112,SJCRH30,H3K27ac,5S-Deu-L2,-0.03708370657985739,0.10749972077027395,-0.08211014221247416,0.008093806861736382
113,SJCRH30,H3K27ac,Helitron,0.0032102935913709556,0.8949892111517374,-0.04443707518407079,0.050843090196902654
114,SJCRH30,H3K27ac,hAT-Tag1,0.04825812003425673,0.04770006362908014,0.0004638107807024616,0.0958324600544939
115,SJCRH30,H3K27ac,tRNA,0.03121844545145013,0.2259758562028165,-0.019336834680729494,0.08161449453823433
116,SJCRH30,H3K27ac,Penelope,0.029780719965475228,0.44672279382070945,-0.046951056657274726,0.10616309975014064
117,SJCRH30,H3K27ac,TcMar-Tc1,0.015759543810966867,0.6877056372183884,-0.06104404246451016,0.09237760861008976
118,SJCRH30,H3K27ac,Dong-R4,0.10159098442805413,0.035638980259936885,0.006625359467555944,0.19474051756473357
119,SJCRH30,H3K27ac,tRNA-Deu,-0.01929585523920025,0.6940536435724175,-0.11500694126660968,0.07677019776411625
120,SJCRH30,H3K27ac,Kolobok,0.011263541904765298,0.8329818214808644,-0.09323223593063103,0.11551388484383637
121,SJCRH30,H3K27ac,PIF-Harbinger,-0.011915918603290023,0.824456358119309,-0.11675365197466168,0.0931844427673097
122,SJCRH30,H3K27ac,Crypton,-0.009460283869417295,0.8741055451650364,-0.12592148740776243,0.10725813313179905
123,SJCRH30,H3K27ac,Merlin,-0.03415216168057293,0.6218106705946038,-0.16848221326009435,0.10142329110591437
124,SJCRH30,H3K27ac,TcMar,-0.04877665657976582,0.48951502276714454,-0.18532179032761448,0.08961632758881177
125,SJCRH30,H3K27ac,L1-Tx1,0.08749009693810823,0.30933741181564123,-0.08174164675848533,0.25181818868289985
126,SJCRH30,H3K27ac,Crypton-A,0.07103306629182003,0.42010579540711823,-0.10194805239483484,0.23984464299844457
127,SJCRH30,H3K27ac,I-Jockey,0.06982670744138635,0.47060878720733235,-0.12007774592989866,0.2548014456218813
128,SJCRH30,H3K27ac,hAT-Tip100?,0.04222027972027972,0.7384285717637086,-0.20388351830222518,0.28330511293099436
129,SJCRH30,H3K27ac,TcMar-Pogo,-0.05351906158357771,0.7711179742669981,-0.39506441882750315,0.30102508549759954
130,SJCRH30,H3K27ac,hAT?,0.21558441558441557,0.22076204838117974,-0.13621401518730347,0.5191001870118752
131,SJCRH30,H3K27ac,hAT-hAT19,0.0,1.0,-0.4957053298235422,0.4957053298235422
132,SJCRH30,H3K4me1,Alu,-0.0005109388606938045,0.5917091574172431,-0.0023780021872560337,0.0013561280280657226
133,SJCRH30,H3K4me1,L1,0.0011245064831563506,0.4144104128856584,-0.0015759463802329844,0.0038249429458196917
134,SJCRH30,H3K4me1,MIR,6.294533467400846e-05,0.9639147311534129,-0.0026639773783739213,0.002789867111585708
135,SJCRH30,H3K4me1,L2,0.0022889487592039387,0.17162240706593068,-0.0009928623376660672,0.005570710551299625
136,SJCRH30,H3K4me1,ERVL-MaLR,0.0010940566433028174,0.5854212764936992,-0.0028369735381589037,0.0050250530121040355
137,SJCRH30,H3K4me1,hAT-Charlie,0.00045939249477622545,0.8294169124725128,-0.003719732221287983,0.0046385011642421994
138,SJCRH30,H3K4me1,ERV1,0.005322453913523535,0.08271521231622253,-0.0006896694721261617,0.011334192546023171
139,SJCRH30,H3K4me1,ERVL,0.005529992568331575,0.0767724970649295,-0.0005944965147987926,0.011654066813839325
140,SJCRH30,H3K4me1,TcMar-Tigger,-0.0022342217817247815,0.48213645545190875,-0.008464212563055266,0.003995942438039626
141,SJCRH30,H3K4me1,hAT-Tip100,-0.005228693136817507,0.22787591240654245,-0.013726656412741563,0.0032700254109953317
142,SJCRH30,H3K4me1,CR1,0.003238455187191529,0.4927032601221015,-0.006013909499502901,0.012490265437273227
143,SJCRH30,H3K4me1,Gypsy,-0.006777012159663995,0.3960819607763897,-0.022425723324154438,0.00887501900025492
144,SJCRH30,H3K4me1,hAT-Blackjack,-0.0017554249678709813,0.829545134741433,-0.017735323348546758,0.014225369986509693
145,SJCRH30,H3K4me1,TcMar-Mariner,0.0009348217970484191,0.9094778436935246,-0.015179176240293761,0.01704833437519245
146,SJCRH30,H3K4me1,RTE-X,0.012512314749780337,0.2243172848099461,-0.007670974914903043,0.032685413803366224
147,SJCRH30,H3K4me1,ERVK,-0.0053939236068817,0.6463407497327595,-0.028427349007684812,0.017645226753312055
148,SJCRH30,H3K4me1,TcMar-Tc2,-0.006026985526163851,0.6264578422433589,-0.03028919659570174,0.018242323506001506
149,SJCRH30,H3K4me1,SVA,0.00963606422465761,0.5008660847162585,-0.018421882457219138,0.03767884574699897
150,SJCRH30,H3K4me1,RTE-BovB,-0.02418940583285989,0.10118198786541176,-0.05307798220645284,0.004739625281022528
151,SJCRH30,H3K4me1,tRNA-RTE,-0.002863118307432286,0.8585709795391375,-0.03434342634616426,0.028622865557541684
152,SJCRH30,H3K4me1,hAT-Ac,-0.01725870252472038,0.34179115013332484,-0.05280259144817268,0.018328861178016898
153,SJCRH30,H3K4me1,hAT,-0.010493413906402658,0.5862290733250379,-0.04824692119716265,0.02729003350234994
154,SJCRH30,H3K4me1,MULE-MuDR,-0.04632100148144586,0.026026992408391236,-0.08697065365107454,-0.005517357881051321
155,SJCRH30,H3K4me1,PiggyBac,0.038575377372317636,0.07780686701660659,-0.004314044902737503,0.08132313858724759
156,SJCRH30,H3K4me1,5S-Deu-L2,-0.0069479244184357915,0.7631868666556236,-0.05210455074369443,0.03823705638353931
157,SJCRH30,H3K4me1,Helitron,-0.006711545174408482,0.7825842212421318,-0.054335157473371254,0.040942531653773505
158,SJCRH30,H3K4me1,hAT-Tag1,0.020187613066183455,0.4077273588061041,-0.02761149356443142,0.0678946124337955
159,SJCRH30,H3K4me1,tRNA,-0.01435282735639252,0.5779549846464443,-0.06483767888188208,0.036205308152049615
160,SJCRH30,H3K4me1,Penelope,-0.0028615725125117914,0.9418186227141259,-0.07956928432469788,0.07387982976939486
161,SJCRH30,H3K4me1,TcMar-Tc1,0.031768606342997475,0.417675920671156,-0.04508562030903142,0.10824899406312388
162,SJCRH30,H3K4me1,Dong-R4,0.15893298828200791,0.0009688806506444672,0.06453133434714384,0.2505153092518799
163,SJCRH30,H3K4me1,tRNA-Deu,0.035205677126594115,0.4728504575973782,-0.06094479852383231,0.13070878621953178
164,SJCRH30,H3K4me1,Kolobok,-0.011163893479055347,0.8342054458331221,-0.11526813346119556,0.09318292227880189
165,SJCRH30,H3K4me1,PIF-Harbinger,0.05207283459783411,0.3320619217537131,-0.05326927131792445,0.15626870739709553
166,SJCRH30,H3K4me1,Crypton,0.01837708321947278,0.7582283583481088,-0.09844113953111551,0.134695716636966
167,SJCRH30,H3K4me1,Merlin,-0.09302566218709912,0.17824782706435308,-0.22554259458797066,0.04287104463438294
168,SJCRH30,H3K4me1,TcMar,0.030657708653923855,0.6633509777008368,-0.10719690087982996,0.16735577531547616
169,SJCRH30,H3K4me1,L1-Tx1,0.02296463362765185,0.7899570256655448,-0.14533237145710473,0.18997004611547644
170,SJCRH30,H3K4me1,Crypton-A,0.04595943217520946,0.6021830284018626,-0.12665378326812618,0.21587105355058442
171,SJCRH30,H3K4me1,I-Jockey,0.0633861551292744,0.5125963005755836,-0.12640857005707837,0.2487040128321798
172,SJCRH30,H3K4me1,hAT-Tip100?,0.23343531468531467,0.061283514611362847,-0.0144631547293474,0.45429863278359733
173,SJCRH30,H3K4me1,TcMar-Pogo,0.06121700879765395,0.7392623303061464,-0.2940586753844738,0.40162977735260796
174,SJCRH30,H3K4me1,hAT?,0.06279602750190985,0.7242285218998916,-0.28166351897710273,0.3929175219712478
175,SJCRH30,H3K4me1,hAT-hAT19,0.07941176470588236,0.770025319039825,-0.43404767404251515,0.5539290093824006
176,SJCRH30,H3K9me3,Alu,-0.00026030113904858645,0.7846321249215193,-0.0021271259172900405,0.0016065254535117851
177,SJCRH30,H3K9me3,L1,-0.0012284584756150842,0.37255602013682354,-0.003928616904956524,0.0014717178668987995
178,SJCRH30,H3K9me3,MIR,-0.001382003209282928,0.32053809655919796,-0.00410878724102997,0.0013448013740165793
179,SJCRH30,H3K9me3,L2,-0.0023928996497151263,0.15296135017320875,-0.00567452571917271,0.0008887779594530467
180,SJCRH30,H3K9me3,ERVL-MaLR,1.958707384273134e-05,0.992207491236013,-0.003911129616183837,0.003950303158607903
181,SJCRH30,H3K9me3,hAT-Charlie,0.004667691361618718,0.028570633622984308,0.0004890547031546715,0.008846165017731873
182,SJCRH30,H3K9me3,ERV1,0.0020259620759681186,0.5088811672884107,-0.003985133391802198,0.008036911137439227
183,SJCRH30,H3K9me3,ERVL,0.00721195281939165,0.020989973063144374,0.001087917668394612,0.013335447038668962
184,SJCRH30,H3K9me3,TcMar-Tigger,0.001069624334267972,0.7364853395929526,-0.005160229405677608,0.007299395048678935
185,SJCRH30,H3K9me3,hAT-Tip100,0.0006837759882545306,0.8746829049585071,-0.007813667295204862,0.009181120526615526
186,SJCRH30,H3K9me3,CR1,-0.0017049804848188015,0.7179614584030176,-0.010956665366460694,0.007546996277964497
187,SJCRH30,H3K9me3,Gypsy,-0.009102936324581751,0.2543542082843584,-0.024751642077528942,0.006550229358913231
188,SJCRH30,H3K9me3,hAT-Blackjack,0.018646831927615737,0.02215796081131574,0.0026701030799909705,0.03461404371026161
189,SJCRH30,H3K9me3,TcMar-Mariner,-0.0084197887046195,0.30567142339931913,-0.024526158388298372,0.007690950915495266
190,SJCRH30,H3K9me3,RTE-X,-0.0035166118595268475,0.7327530243495758,-0.02369769509286696,0.016667336279952247
191,SJCRH30,H3K9me3,ERVK,0.009571279939456771,0.41538740108405536,-0.013462642854879572,0.03259504997315979
192,SJCRH30,H3K9me3,TcMar-Tc2,0.0012751083994650167,0.9179973715411293,-0.022995754508111036,0.025544469129161626
193,SJCRH30,H3K9me3,SVA,0.019694951547870838,0.16863660601879785,-0.008350337963594525,0.04770928158540894
194,SJCRH30,H3K9me3,RTE-BovB,-0.02129672018015015,0.1490850438942025,-0.05019685640536842,0.007639050874868328
195,SJCRH30,H3K9me3,tRNA-RTE,-0.026198625831731017,0.1029736918377805,-0.057643866531764586,0.005298546645864958
196,SJCRH30,H3K9me3,hAT-Ac,0.021937675856739603,0.22673589494617277,-0.013639190670157725,0.057459068655847295
197,SJCRH30,H3K9me3,hAT,0.002479465893753312,0.8976661196119473,-0.03529548950607627,0.04024734644126985
198,SJCRH30,H3K9me3,MULE-MuDR,-0.01287055925229364,0.5365664284762497,-0.053645136205239044,0.027946866083148145
199,SJCRH30,H3K9me3,PiggyBac,0.016553213169523805,0.4492196722631099,-0.026324507814893573,0.059370137667198494
200,SJCRH30,H3K9me3,5S-Deu-L2,-0.005533693152619507,0.8103048606806817,-0.05068181526375535,0.03963700016718538
201,SJCRH30,H3K9me3,Helitron,-0.008956278383141805,0.7126861132039568,-0.05657354294907246,0.03870163911935697
202,SJCRH30,H3K9me3,hAT-Tag1,0.021365160999527018,0.3810619383864772,-0.026449098609377747,0.06908188515454843
203,SJCRH30,H3K9me3,tRNA,-0.003532089396858583,0.8911006577098566,-0.05405187873102884,0.04700573614317119
204,SJCRH30,H3K9me3,Penelope,-0.030442882123559473,0.43702925170441065,-0.10687737535171854,0.046349316037173585
205,SJCRH30,H3K9me3,TcMar-Tc1,0.05062570975442647,0.1963458847979968,-0.026250295230071472,0.12690643479792751
206,SJCRH30,H3K9me3,Dong-R4,0.11921839502169879,0.013586874693983538,0.024373814833067543,0.21193598809693243
207,SJCRH30,H3K9me3,tRNA-Deu,0.019965980288954827,0.6839906440501531,-0.07610436026470806,0.11566903100880907
208,SJCRH30,H3K9me3,Kolobok,-0.03388540105985694,0.5251169489439563,-0.13766388055616585,0.07062898888894459
209,SJCRH30,H3K9me3,PIF-Harbinger,0.08030783313169403,0.13431233125823672,-0.025051677733449577,0.18390288868186538
210,SJCRH30,H3K9me3,Crypton,0.03097332306373665,0.6038511901823153,-0.08596242200950364,0.14706730167346496
211,SJCRH30,H3K9me3,Merlin,-0.11180555067822866,0.105338958741461,-0.24360034827758167,0.024043504697095174
212,SJCRH30,H3K9me3,TcMar,-0.07424302902645404,0.2924684935913924,-0.20999022568885856,0.06431244963054737
213,SJCRH30,H3K9me3,L1-Tx1,-0.0883955209648869,0.3043379192783512,-0.25267890902298185,0.08084187909931258
214,SJCRH30,H3K9me3,Crypton-A,-0.11560722956065085,0.1885377533565612,-0.2820816843661842,0.05762550310186861
215,SJCRH30,H3K9me3,I-Jockey,0.1312853303678992,0.17359125213581128,-0.059070712246700754,0.3124286931293032
216,SJCRH30,H3K9me3,hAT-Tip100?,-0.09707167832167832,0.44174440930983017,-0.33360538223828134,0.15096036374171226
217,SJCRH30,H3K9me3,TcMar-Pogo,0.11253665689149558,0.5397251662050342,-0.2468835192125852,0.4447383714299379
218,SJCRH30,H3K9me3,hAT?,-0.13155080213903741,0.4583255532916042,-0.4509222116279055,0.2176824531213584
219,SJCRH30,H3K9me3,hAT-hAT19,-0.06470588235294117,0.8118214513105935,-0.5433955247540582,0.44573770486135694
220,SJCRH30,H3K36me3,Alu,-7.048725799870182e-05,0.9410197435101015,-0.0019377075234644182,0.0017967334989764205
221,SJCRH30,H3K36me3,L1,0.0022142757424834167,0.1080307146228714,-0.00048617000917397415,0.0049146891995676895
222,SJCRH30,H3K36me3,MIR,-0.0005355764767949968,0.7002906968941228,-0.003262597099628831,0.002191452111844874
223,SJCRH30,H3K36me3,L2,-0.0012198554886313307,0.46629902478046936,-0.004501679433419971,0.0020619947329928276
224,SJCRH30,H3K36me3,ERVL-MaLR,3.866599383223725e-05,0.9846198650762176,-0.003892564898330136,0.003969895690861866
225,SJCRH30,H3K36me3,hAT-Charlie,-0.00027377004996426407,0.8978434759481142,-0.004453167418938098,0.0039056368831135095
226,SJCRH30,H3K36me3,ERV1,-0.002609025004304966,0.3950440577939085,-0.008621269888368565,0.0034034085042758664
227,SJCRH30,H3K36me3,ERVL,0.00034852129672842435,0.9111983843895868,-0.005776302082166705,0.006473318527251573
228,SJCRH30,H3K36me3,TcMar-Tigger,0.004615287363250887,0.14652562709367875,-0.0016150189778691472,0.010845235416736087
229,SJCRH30,H3K36me3,hAT-Tip100,0.006495957106104343,0.13407848347774207,-0.002002199032840726,0.014993175050437369
230,SJCRH30,H3K36me3,CR1,-0.0051223365830220064,0.2778708969512347,-0.014373670141908598,0.004129873894595773
231,SJCRH30,H3K36me3,Gypsy,-0.009670655866262116,0.22593778405752754,-0.025319596391216982,0.005983023017051649
232,SJCRH30,H3K36me3,hAT-Blackjack,-0.011375406583809164,0.16296513965090306,-0.027350803962686892,0.004605799968731495
233,SJCRH30,H3K36me3,TcMar-Mariner,0.0012641060758373907,0.877818025829328,-0.0148510580347551,0.0173786136391905
234,SJCRH30,H3K36me3,RTE-X,0.004946053109795521,0.6310194530959902,-0.015237224076207517,0.02512530130697932
235,SJCRH30,H3K36me3,ERVK,-0.005789053952525081,0.6225589313246547,-0.02883333698333532,0.017261379351966658
236,SJCRH30,H3K36me3,TcMar-Tc2,0.014480512911118697,0.24222367022212496,-0.009790619869561982,0.03873459351298239
237,SJCRH30,H3K36me3,SVA,-0.0010782783918486247,0.9399589527247415,-0.02912972145326709,0.02697486173306501
238,SJCRH30,H3K36me3,RTE-BovB,-0.011811762358533267,0.4236810171756231,-0.04072978960934453,0.017126036384442794
239,SJCRH30,H3K36me3,tRNA-RTE,0.009711777108818567,0.5455441803369545,-0.021778963334274256,0.04118326581910307
240,SJCRH30,H3K36me3,hAT-Ac,0.006960335800737211,0.7013119318171431,-0.028603271005906206,0.042506344017697324
241,SJCRH30,H3K36me3,hAT,-0.002497311089155054,0.8969336961705909,-0.04026516366535046,0.03527766725811747
242,SJCRH30,H3K36me3,MULE-MuDR,-0.013975519262560769,0.5021720926831089,-0.05474735107442346,0.026842838851477882
243,SJCRH30,H3K36me3,PiggyBac,0.01466958810767649,0.5027833533764339,-0.028237363288767445,0.05752258220360191
244,SJCRH30,H3K36me3,5S-Deu-L2,-0.003088800074960399,0.8934458209038421,-0.0482546101212714,0.04208961560667413
245,SJCRH30,H3K36me3,Helitron,0.005504809728690141,0.8209923482925408,-0.04216114063005972,0.05314575812355848
246,SJCRH30,H3K36me3,hAT-Tag1,0.022166148627124863,0.36331901028718583,-0.02563447394507366,0.06986564097176307
247,SJCRH30,H3K36me3,tRNA,0.029598300954066875,0.2511570287882268,-0.02097339880396881,0.08001892551004589
248,SJCRH30,H3K36me3,Penelope,-0.04391786982198853,0.2624318228087967,-0.120274266318786,0.03295509621276421
249,SJCRH30,H3K36me3,TcMar-Tc1,0.05901340902681069,0.13165643198845828,-0.017799957193701237,0.13513424910019592
250,SJCRH30,H3K36me3,Dong-R4,0.1271572270544199,0.008447140644989056,0.0323822118773631,0.2196658931441355
251,SJCRH30,H3K36me3,tRNA-Deu,0.03538978283169403,0.47053724666699315,-0.0607614571218521,0.13089027505833398
252,SJCRH30,H3K36me3,Kolobok,-0.03257047915075136,0.5419047904131715,-0.13651657867137199,0.07208501078413587
253,SJCRH30,H3K36me3,PIF-Harbinger,0.0897968963324969,0.09395163019796308,-0.015539831369298235,0.1931622801601172
254,SJCRH30,H3K36me3,Crypton,-0.015239274155665882,0.7985343120987622,-0.13160963512049603,0.10154539485153093
255,SJCRH30,H3K36me3,Merlin,-0.027481283665425772,0.6914468479885805,-0.16197370201436917,0.10801347551710218
256,SJCRH30,H3K36me3,TcMar,-0.07906661316119501,0.26214921409887215,-0.21464802078324738,0.059504437287145835
257,SJCRH30,H3K36me3,L1-Tx1,-0.03452745850571454,0.6887513972205898,-0.2011269567943307,0.1340133340849547
258,SJCRH30,H3K36me3,Crypton-A,0.010147962200484716,0.9084146003466753,-0.16166326509969844,0.18136209274987816
259,SJCRH30,H3K36me3,I-Jockey,0.042452043369474564,0.6611686104653236,-0.1469059979573503,0.22880857093854562
260,SJCRH30,H3K36me3,hAT-Tip100?,-0.12801573426573426,0.3095062088245059,-0.3615391932455115,0.12062125032179198
261,SJCRH30,H3K36me3,TcMar-Pogo,0.018695014662756596,0.9191090205713128,-0.33219257162348675,0.36503710889964913
262,SJCRH30,H3K36me3,hAT?,0.11535523300229181,0.5159210685497149,-0.23296091345971384,0.43743956230977854
263,SJCRH30,H3K36me3,hAT-hAT19,-0.2735294117647059,0.3053231563074052,-0.6828023250625798,0.26641031371384605
264,SJCRH30,H3K27me3,Alu,-0.0007823625496774082,0.4113261090732081,-0.002648804646787299,0.0010840849983376425
265,SJCRH30,H3K27me3,L1,0.00044529231049929963,0.7465301660754087,-0.002254916851018836,0.0031454949786639463
266,SJCRH30,H3K27me3,MIR,0.00041023477380269633,0.768065554168527,-0.0023162073173008655,0.003136670765969589
267,SJCRH30,H3K27me3,L2,-3.5940895957215426e-05,0.9828742620034283,-0.0033175972379904297,0.0032457162201904887
268,SJCRH30,H3K27me3,ERVL-MaLR,-0.002730239136374013,0.1733510632336291,-0.006660472492220081,0.0012000785684676755
269,SJCRH30,H3K27me3,hAT-Charlie,-0.004155878813500109,0.05124751560746749,-0.008334147667318268,2.2535153951910817e-05
270,SJCRH30,H3K27me3,ERV1,0.0004284734820934733,0.8888930504179795,-0.005582666752016421,0.006439582751601051
271,SJCRH30,H3K27me3,ERVL,-0.0013578128424099937,0.6638396970710148,-0.007480920186731017,0.004765396319234463
272,SJCRH30,H3K27me3,TcMar-Tigger,0.001014426508649181,0.7495769456064392,-0.005214418811557286,0.007243193113287163
273,SJCRH30,H3K27me3,hAT-Tip100,0.008649669412504947,0.04602747401695828,0.00015236436848619847,0.017145725461877863
274,SJCRH30,H3K27me3,CR1,-0.002927460450572952,0.5351591592429801,-0.012179104472940537,0.006324684742996362
275,SJCRH30,H3K27me3,Gypsy,-0.00045475807252546804,0.954588506713343,-0.01610555438701238,0.015196261028816792
276,SJCRH30,H3K27me3,hAT-Blackjack,-0.00964830855494673,0.23650597722631359,-0.025618745065997973,0.006327051627437673
277,SJCRH30,H3K27me3,TcMar-Mariner,0.005834322513212745,0.4778318920078951,-0.010276191351708588,0.02194180826316246
278,SJCRH30,H3K27me3,RTE-X,-0.011949700578727813,0.24590108888848952,-0.03212537547828194,0.008235708843761212
279,SJCRH30,H3K27me3,ERVK,0.009116106235059778,0.437980042069148,-0.013920903682022367,0.032143443506062165
280,SJCRH30,H3K27me3,TcMar-Tc2,-0.012798609002541542,0.3012470754234507,-0.03705079813513341,0.011468647433618136
281,SJCRH30,H3K27me3,SVA,-0.009135512759667353,0.5232843485129293,-0.03717314413916532,0.018916490194923953
282,SJCRH30,H3K27me3,RTE-BovB,0.006999559212183123,0.6353963508112244,-0.021933022319518828,0.03592042633277127
283,SJCRH30,H3K27me3,tRNA-RTE,-0.004117407159664014,0.7977516231831683,-0.03559626545359744,0.027369613418506692
284,SJCRH30,H3K27me3,hAT-Ac,0.020347293540935285,0.262142130792435,-0.015223495859577867,0.05586664601264242
285,SJCRH30,H3K27me3,hAT,-0.031265980045869224,0.10470375002462087,-0.06895833698588016,0.006515514142598938
286,SJCRH30,H3K27me3,MULE-MuDR,-0.03649063334153533,0.07965279394935608,-0.07719029598501014,0.004330442340502003
287,SJCRH30,H3K27me3,PiggyBac,0.043911341397356876,0.044672889998816225,0.0010262790639388086,0.08663518286173623
288,SJCRH30,H3K27me3,5S-Deu-L2,0.009570028355066654,0.6779721774063048,-0.035594843126507736,0.05469588684514913
289,SJCRH30,H3K27me3,Helitron,-0.006329818589581419,0.7947245555476712,-0.05396854543417115,0.0413376571370291
290,SJCRH30,H3K27me3,hAT-Tag1,-0.004982681344880224,0.8381022011351712,-0.05273804369428375,0.04279541914347488
291,SJCRH30,H3K27me3,tRNA,-0.006078820030694702,0.8137198059723412,-0.05659118229443837,0.04446458264563425
292,SJCRH30,H3K27me3,Penelope,-0.004080467632511176,0.9170484577378615,-0.08072183812893838,0.07260887017944474
293,SJCRH30,H3K27me3,TcMar-Tc1,0.062221440209961155,0.11217527811623347,-0.014647511121811264,0.13835924238242248
294,SJCRH30,H3K27me3,Dong-R4,-0.04596673820933616,0.34277946440257123,-0.14019215655127013,0.04908379598078267
295,SJCRH30,H3K27me3,tRNA-Deu,0.0570583095876237,0.2444179061310574,-0.039148753421165014,0.1522172271198483
296,SJCRH30,H3K27me3,Kolobok,0.06132749853181554,0.24978467873675445,-0.04328184261461903,0.16460667634200352
297,SJCRH30,H3K27me3,PIF-Harbinger,0.008576884002933135,0.873150867912331,-0.09649200626607615,0.11345673254406756
298,SJCRH30,H3K27me3,Crypton,-0.006534785855063967,0.9128481740356722,-0.12303978812976236,0.11014789327830084
299,SJCRH30,H3K27me3,Merlin,-0.09872247959585989,0.1530038551625898,-0.23102771867625352,0.03716755300659521
300,SJCRH30,H3K27me3,TcMar,0.042159605965524496,0.5493557778506454,-0.0958270580281985,0.1785564766081805
301,SJCRH30,H3K27me3,L1-Tx1,0.09716739961607514,0.25865760565301155,-0.07211393197421405,0.2610074691949089
302,SJCRH30,H3K27me3,Crypton-A,-0.1493981820746268,0.0885448451722264,-0.3137746245989875,0.023672710285921956
303,SJCRH30,H3K27me3,I-Jockey,0.09595032897785193,0.32095660959813094,-0.09427892988174634,0.27941977959551867
304,SJCRH30,H3K27me3,hAT-Tip100?,0.21346153846153845,0.08776095478176679,-0.034925653836733836,0.4370112798894841
305,SJCRH30,H3K27me3,TcMar-Pogo,0.34860703812316707,0.05053671865615891,-0.010993074798729208,0.6283638974368941
306,SJCRH30,H3K27me3,hAT?,-0.021237585943468293,0.9051037246828253,-0.35687515467528186,0.3192563443419387
307,SJCRH30,H3K27me3,hAT-hAT19,-0.08529411764705883,0.7534650694747833,-0.5581113265973131,0.42933581652184877
308,SJCRH30,H3K4me3,Alu,-0.000513454860651719,0.5899816266658038,-0.0023810012279867855,0.0013540950882744212
309,SJCRH30,H3K4me3,L1,-0.0018816615268288479,0.17204557655410185,-0.00458215450268285,0.0008188588940454498
310,SJCRH30,H3K4me3,MIR,0.0008471329609557286,0.5426486278470422,-0.001880060735335201,0.003574314056048259
311,SJCRH30,H3K4me3,L2,-0.0017053445690219638,0.30847200798578533,-0.004987228801515242,0.0015765763997175344
312,SJCRH30,H3K4me3,ERVL-MaLR,-0.00013932334533565488,0.9446274837265067,-0.004070899425828738,0.003792257042285068
313,SJCRH30,H3K4me3,hAT-Charlie,0.00018028282030565734,0.9326247663880316,-0.0039992081338648565,0.0043597674760726965
314,SJCRH30,H3K4me3,ERV1,0.0015743306595381813,0.6077746102403916,-0.004437575826057025,0.007586123344877767
315,SJCRH30,H3K4me3,ERVL,0.0007265442891917906,0.8161502217672305,-0.005398171784093861,0.006851205854461453
316,SJCRH30,H3K4me3,TcMar-Tigger,-0.0021295402020843086,0.5029273099796032,-0.008359977857659276,0.004101062789115986
317,SJCRH30,H3K4me3,hAT-Tip100,-0.00210190610058352,0.6278466255702546,-0.010599921753135752,0.0063964131477927556
318,SJCRH30,H3K4me3,CR1,-0.0007306444093244804,0.8770027001959175,-0.009983047668496605,0.008521883948108128
319,SJCRH30,H3K4me3,Gypsy,-0.005639981985515333,0.4800439911398714,-0.021289636250508438,0.010012435450059106
320,SJCRH30,H3K4me3,hAT-Blackjack,-0.01872983775642902,0.0216060243186269,-0.03470123521604899,-0.0027488757977998336
321,SJCRH30,H3K4me3,TcMar-Mariner,-0.0011396650431804377,0.8897944655969264,-0.01725856769699714,0.014979829846479997
322,SJCRH30,H3K4me3,RTE-X,-0.002870061767840682,0.780486650228673,-0.023051470841406088,0.01731368548658578
323,SJCRH30,H3K4me3,ERVK,0.006907585236140997,0.5566791448506632,-0.016125682655451865,0.029933525727606963
324,SJCRH30,H3K4me3,TcMar-Tc2,-0.0019374376191151194,0.87569922273857,-0.026208230301889738,0.022335637865011408
325,SJCRH30,H3K4me3,SVA,-0.008985543403753632,0.5304642015149555,-0.03704633735837919,0.01908940941448107
326,SJCRH30,H3K4me3,RTE-BovB,0.010975101489549383,0.4573019453769188,-0.017965564486931776,0.03989739226645722
327,SJCRH30,H3K4me3,tRNA-RTE,-0.010540271451069911,0.5118671438687048,-0.042014602832258406,0.02095495921131578
328,SJCRH30,H3K4me3,hAT-Ac,0.01590858799638519,0.3808122659577575,-0.019672597598723845,0.05144952776237007
329,SJCRH30,H3K4me3,hAT,0.023039936790793,0.23199293481306446,-0.01474950014756125,0.06076364931432102
330,SJCRH30,H3K4me3,MULE-MuDR,-0.0021025636000441147,0.9196027608936945,-0.04290883158777698,0.03871070779429733
331,SJCRH30,H3K4me3,PiggyBac,-0.004469770491417864,0.8381807121719727,-0.04733752976828426,0.03841442311259008
332,SJCRH30,H3K4me3,5S-Deu-L2,0.0001566356173288943,0.9945775601370919,-0.04499214211260669,0.045304774780395705
333,SJCRH30,H3K4me3,Helitron,-0.02255196908647344,0.354025710032157,-0.07015121876087148,0.025149744157599248
334,SJCRH30,H3K4me3,hAT-Tag1,0.05471375143398891,0.024750203501620202,0.00692857307267158,0.10224961780531405
335,SJCRH30,H3K4me3,tRNA,0.004244138601780988,0.869327747677533,-0.04629529566199547,0.054761900722611716
336,SJCRH30,H3K4me3,Penelope,0.040201325001317505,0.30501147981837123,-0.03666771694064481,0.11659743837740619
337,SJCRH30,H3K4me3,TcMar-Tc1,0.04414016235517784,0.2600217731318474,-0.0327329877938527,0.12049413338932861
338,SJCRH30,H3K4me3,Dong-R4,0.08378970119129908,0.08337489437629814,-0.011251846450773545,0.1773308842418297
339,SJCRH30,H3K4me3,tRNA-Deu,0.028716546633764065,0.5582291777021265,-0.06740387920310337,0.1243088204204879
340,SJCRH30,H3K4me3,Kolobok,0.05947058461267704,0.2651186346531561,-0.04528523321078425,0.16293271168949774
341,SJCRH30,H3K4me3,PIF-Harbinger,0.07186144192078112,0.18044098619675866,-0.033506188247844286,0.17564917894503929
342,SJCRH30,H3K4me3,Crypton,0.09616790468465859,0.10644545323083243,-0.020931671386270716,0.21066466264105926
343,SJCRH30,H3K4me3,Merlin,-0.011547568329743926,0.8675689261338639,-0.1463922444262364,0.12371841688288242
344,SJCRH30,H3K4me3,TcMar,0.023663176831113675,0.7375395720118242,-0.11443865354980877,0.16086775542227216
345,SJCRH30,H3K4me3,L1-Tx1,0.01505617479581442,0.8613757246255548,-0.15305514749678847,0.18232057475486207
346,SJCRH30,H3K4me3,Crypton-A,-0.08612155401389791,0.32803588031382136,-0.2541966927500627,0.08700295261040406
347,SJCRH30,H3K4me3,I-Jockey,-0.012343619683069226,0.8986315104380965,-0.19998797570486773,0.17617416317960805
348,SJCRH30,H3K4me3,hAT-Tip100?,-0.040996503496503495,0.7457506683529894,-0.282171385672427,0.20505209587138865
349,SJCRH30,H3K4me3,TcMar-Pogo,-0.03005865102639296,0.8702751611910936,-0.3748946400218863,0.3220840730014837
350,SJCRH30,H3K4me3,hAT?,0.2504201680672269,0.1531632758643883,-0.10128658848406628,0.5464859893857241
351,SJCRH30,H3K4me3,hAT-hAT19,-0.2764705882352941,0.2999421284923735,-0.684611693761416,0.26365264480027495
352,BE2C,H3K4me1,Alu,7.626853395586472e-05,0.9362542579754707,-0.0017927741569199434,0.0019453106919709432
353,BE2C,H3K4me1,L1,0.001974599123068531,0.15229731352516074,-0.0007290308902535886,0.004678200269466594
354,BE2C,H3K4me1,MIR,0.0006891475718823059,0.6205752739014916,-0.0020393532371247134,0.003417638119906214
355,BE2C,H3K4me1,L2,-5.234847040691566e-05,0.9750691176713677,-0.0033354361528142775,0.0032307403404940606
356,BE2C,H3K4me1,ERVL-MaLR,-0.002623657073931948,0.1913492900641722,-0.0065592067771946365,0.001311973904863876
357,BE2C,H3K4me1,hAT-Charlie,-0.0004835280931807835,0.8207254650399574,-0.004665527280800059,0.0036984880074698327
358,BE2C,H3K4me1,ERV1,0.0011000959274366556,0.7205680993215398,-0.004927699763837649,0.007127811677197536
359,BE2C,H3K4me1,ERVL,0.0032328894485154124,0.3013161157376506,-0.0028974149452023314,0.009362950861267644
360,BE2C,H3K4me1,TcMar-Tigger,0.005229666863834828,0.10016862481665856,-0.001005015094592908,0.011463942270183535
361,BE2C,H3K4me1,hAT-Tip100,0.008628159558038476,0.04669490542855995,0.00012605798740720285,0.017129013833167894
362,BE2C,H3K4me1,CR1,-0.0017010542079497208,0.718667357230167,-0.01095562691481334,0.007553809889705614
363,BE2C,H3K4me1,Gypsy,-0.00838806032273841,0.29391016777914364,-0.024048075938800182,0.007276070774299811
364,BE2C,H3K4me1,hAT-Blackjack,0.001237563196676825,0.8795002149990065,-0.014761209307913836,0.01723570219024579
365,BE2C,H3K4me1,TcMar-Mariner,-0.011418042581445239,0.16530668554234756,-0.027542531620078442,0.004712386781643251
366,BE2C,H3K4me1,RTE-X,-0.026185187650651805,0.011040603632136074,-0.04635968381159651,-0.005989339007280083
367,BE2C,H3K4me1,ERVK,0.016671719758810967,0.15727428536665541,-0.006434673616994961,0.03976031965500478
368,BE2C,H3K4me1,TcMar-Tc2,-0.009310224397717778,0.4523714544678633,-0.0335826094616922,0.014973136791236604
369,BE2C,H3K4me1,SVA,0.021630937021918446,0.13094209236396487,-0.006442949720652078,0.049670752654804216
370,BE2C,H3K4me1,RTE-BovB,-0.008148835399910372,0.5810728421814189,-0.037077815562174044,0.020793791393367764
371,BE2C,H3K4me1,tRNA-RTE,0.03880600839411439,0.01572824812634039,0.007307564208050991,0.07022752188238011
372,BE2C,H3K4me1,hAT-Ac,-0.004800858114790998,0.7914567358535708,-0.04036783177591216,0.030778266239247194
373,BE2C,H3K4me1,hAT,0.02292076949244712,0.23476526385367383,-0.014896777708247952,0.06067283476126189
374,BE2C,H3K4me1,MULE-MuDR,0.005767484907530544,0.7821556488521053,-0.035104215269269635,0.04661992440466864
375,BE2C,H3K4me1,PiggyBac,-0.012189577999421284,0.5781073737966189,-0.0551006390544002,0.0307664275339142
376,BE2C,H3K4me1,5S-Deu-L2,0.015456664780983228,0.502884799464666,-0.02976327406356031,0.06061346390234386
377,BE2C,H3K4me1,Helitron,-0.007393082429397772,0.761901096895874,-0.05517025618510275,0.040417868796715085
378,BE2C,H3K4me1,hAT-Tag1,0.007973485415765475,0.7439873945651805,-0.039866941988643524,0.05577744039085807
379,BE2C,H3K4me1,tRNA,0.003279100207982248,0.8989241616875419,-0.04729177296070397,0.053833206728712085
380,BE2C,H3K4me1,Penelope,0.015438044195737488,0.6941987097370054,-0.06148232804599168,0.09217612004374091
381,BE2C,H3K4me1,TcMar-Tc1,-0.02772496871732415,0.47974371455833353,-0.10430146219306405,0.04917831976089391
382,BE2C,H3K4me1,Dong-R4,0.04567332812408738,0.3458723378617008,-0.04937647356767077,0.13990326981324175
383,BE2C,H3K4me1,tRNA-Deu,-0.01467604255709911,0.7648103463839202,-0.11044078829525196,0.08135870492414334
384,BE2C,H3K4me1,Kolobok,-0.08279119857082708,0.1194518856058114,-0.1854552869739203,0.02166076167670606
385,BE2C,H3K4me1,PIF-Harbinger,-0.010296368256464909,0.8480030288634552,-0.11515474514436629,0.0947889456074917
386,BE2C,H3K4me1,Crypton,0.07308238714401231,0.2203363678490575,-0.04404511343871214,0.18822801910090423
387,BE2C,H3K4me1,Merlin,0.0038100141095703598,0.9561264432324016,-0.13132661861448852,0.13880763170003332
388,BE2C,H3K4me1,TcMar,0.12922241413140242,0.06750589469993899,-0.009919538132950231,0.2634553084179607
389,BE2C,H3K4me1,L1-Tx1,0.08782846416461058,0.3074628004493267,-0.0814054178891194,0.25213987273677707
390,BE2C,H3K4me1,Crypton-A,-0.007137204346158898,0.935515798159848,-0.1784463813788292,0.1645919297198265
391,BE2C,H3K4me1,I-Jockey,-0.0895931795014364,0.35420631042300577,-0.273445710427395,0.10057491834627887
392,BE2C,H3K4me1,hAT-Tip100?,0.0279857910906298,0.8276435514400802,-0.22136092151554476,0.27389778467201864
393,BE2C,H3K4me1,TcMar-Pogo,0.05278592375366568,0.7741719516532682,-0.3016870887457339,0.3944377892014523
394,BE2C,H3K4me1,hAT?,0.12098930481283422,0.5024104320143286,-0.23319076911770686,0.44682877103963287
395,BE2C,H3K4me1,hAT-hAT19,-0.01764705882352941,0.9482801500547112,-0.5089320166324547,0.4823095822381911
396,BE2C,H3K9me3,Alu,-0.000488462812768313,0.6083769797900693,-0.0023568924785373827,0.0013799702634838913
397,BE2C,H3K9me3,L1,-9.741737615499037e-07,0.9994364387746276,-0.0027042016137999773,0.0027022532805143075
398,BE2C,H3K9me3,MIR,-0.0008448756921638215,0.5438771034215433,-0.0035730896699448286,0.0018833508627597092
399,BE2C,H3K9me3,L2,0.0012214458702491735,0.4658693964179986,-0.0020615183091210625,0.004504383720661249
400,BE2C,H3K9me3,ERVL-MaLR,-0.0014926858939282711,0.45719740022198396,-0.005427719508959157,0.0024423939487069318
401,BE2C,H3K9me3,hAT-Charlie,8.23913637136382e-05,0.9691965261276676,-0.004099380458159407,0.004264160303997573
402,BE2C,H3K9me3,ERV1,0.0011671739492131387,0.7042037171554871,-0.00485837272030947,0.00719263586614681
403,BE2C,H3K9me3,ERVL,-0.0011104054600447047,0.7225628831951127,-0.007240259213173019,0.00501953174153053
404,BE2C,H3K9me3,TcMar-Tigger,-0.00424986193956451,0.18151127564352157,-0.010483745802031428,0.001984352256759513
405,BE2C,H3K9me3,hAT-Tip100,-0.004636073269623836,0.2851760573047692,-0.01313739375909064,0.0038659174078230795
406,BE2C,H3K9me3,CR1,-0.0025475402299797224,0.5895257927947488,-0.011801705987778334,0.006707061891796139
407,BE2C,H3K9me3,Gypsy,0.008968533508377674,0.2617694542094673,-0.006695621650326309,0.024628288407461132
408,BE2C,H3K9me3,hAT-Blackjack,0.004461714759120558,0.5846509909298088,-0.011536596551365685,0.02045774243438077
409,BE2C,H3K9me3,TcMar-Mariner,0.011609466640861713,0.15826110578655578,-0.004518228475615118,0.027731123900791764
410,BE2C,H3K9me3,RTE-X,-0.003360819917830792,0.7442733315953363,-0.023550547589655597,0.016831648065962056
411,BE2C,H3K9me3,ERVK,-0.011755988875301052,0.31874339362418946,-0.03485444481091768,0.01135502016192248
412,BE2C,H3K9me3,TcMar-Tc2,-0.002775086997874488,0.8227158581905394,-0.02704531438780063,0.021498410154027005
413,BE2C,H3K9me3,SVA,-0.013501720807595393,0.3454877901191368,-0.041533840892355296,0.014551638524187983
414,BE2C,H3K9me3,RTE-BovB,0.0017032145949492652,0.9081692271387107,-0.02723223836797779,0.030635815762299016
415,BE2C,H3K9me3,tRNA-RTE,0.04101708664213755,0.010693615924188375,0.009516551212353041,0.07243629423113229
416,BE2C,H3K9me3,hAT-Ac,0.003130618571489044,0.8631248298145027,-0.032452607319187324,0.03870591838500632
417,BE2C,H3K9me3,hAT,-0.020141712921295397,0.29635837979118357,-0.057894119755703265,0.017668218453185267
418,BE2C,H3K9me3,MULE-MuDR,-0.02431959384832438,0.24356640241295324,-0.06512398805889968,0.01656599370606717
419,BE2C,H3K9me3,PiggyBac,0.005690515210525846,0.7952507676592854,-0.03727787685163685,0.048637904263796126
420,BE2C,H3K9me3,5S-Deu-L2,-0.011521614759530348,0.6175099027455621,-0.05669004078458568,0.03369387899359819
421,BE2C,H3K9me3,Helitron,-0.007779247378863643,0.7495816334556247,-0.05549862831285675,0.03997559088601399
422,BE2C,H3K9me3,hAT-Tag1,0.02991158962560683,0.22043509407699913,-0.01794923808736439,0.0776356520650344
423,BE2C,H3K9me3,tRNA,-0.018290587604881735,0.47873873209949125,-0.06881087639540767,0.032323271533865286
424,BE2C,H3K9me3,Penelope,0.06492947916508043,0.09736393633454152,-0.011935572448895869,0.14103169174651725
425,BE2C,H3K9me3,TcMar-Tc1,0.039133305633078444,0.3184219521237879,-0.037793455541520006,0.11559897641208484
426,BE2C,H3K9me3,Dong-R4,0.00948164562651752,0.8449322272050318,-0.08538401718658269,0.10417693958533243
427,BE2C,H3K9me3,tRNA-Deu,-0.004623345277067357,0.9249169519095015,-0.1004943739957045,0.09133274935284517
428,BE2C,H3K9me3,Kolobok,0.06979833773743761,0.1894985500583505,-0.03466767239745769,0.1727555610748544
429,BE2C,H3K9me3,PIF-Harbinger,-0.04619226055657316,0.3896203445571417,-0.15049773324728197,0.059130292665298574
430,BE2C,H3K9me3,Crypton,0.01180920649011742,0.8432099724506321,-0.10493683536736502,0.12823417845023216
431,BE2C,H3K9me3,Merlin,0.004192612341193602,0.951725796994203,-0.13095069627175945,0.13918294627286384
432,BE2C,H3K9me3,TcMar,0.10341531897125712,0.14403162796906702,-0.035858741387501156,0.23874880032548987
433,BE2C,H3K9me3,L1-Tx1,0.05439544861910015,0.5278336801956578,-0.1144869311186878,0.22022207645077346
434,BE2C,H3K9me3,Crypton-A,0.05070778166354777,0.5651662566565208,-0.12198743652529898,0.2204229487852393
435,BE2C,H3K9me3,I-Jockey,-0.03336113427856547,0.7305598880934889,-0.22013217513998604,0.15576943766524365
436,BE2C,H3K9me3,hAT-Tip100?,-0.17756336405529954,0.16385150023908518,-0.4090605750482615,0.07540787614956088
437,BE2C,H3K9me3,TcMar-Pogo,0.15579178885630496,0.39452229626013813,-0.20609247954200297,0.4801881605020207
438,BE2C,H3K9me3,hAT?,-0.049799465240641716,0.7831501222160653,-0.3866892567082567,0.29881683122730646
439,BE2C,H3K9me3,hAT-hAT19,-0.12352941176470587,0.6485420669723405,-0.5848677681002367,0.3981954146302434
440,BE2C,H3K36me3,Alu,-0.00018208366473244241,0.848533553606329,-0.0020506488436496445,0.0016864827856889451
441,BE2C,H3K36me3,L1,-0.00047545541966233836,0.730330925298935,-0.0031790003800340224,0.002228096491083836
442,BE2C,H3K36me3,MIR,0.002107882960687486,0.12992960753452126,-0.0006202185034190109,0.004835953049019052
443,BE2C,H3K36me3,L2,-0.0027346233045424826,0.10256289626515773,-0.006017626822715079,0.0005484391632824809
444,BE2C,H3K36me3,ERVL-MaLR,-0.0005121777621979917,0.7986432659570555,-0.004447224430661922,0.0034228847680616847
445,BE2C,H3K36me3,hAT-Charlie,0.002364989099167418,0.2676539015373032,-0.0018166813855019811,0.006546576874870521
446,BE2C,H3K36me3,ERV1,-0.0030248822608608143,0.3252580954428559,-0.00905152324249777,0.003001978460674947
447,BE2C,H3K36me3,ERVL,0.004305742616286371,0.16861860899523065,-0.0018244449687580026,0.010435606599689926
448,BE2C,H3K36me3,TcMar-Tigger,-0.0012259452211675625,0.6999291202179243,-0.007460150167011814,0.005008355019761885
449,BE2C,H3K36me3,hAT-Tip100,-0.006447488701948427,0.1371799950245143,-0.014948470285306896,0.0020544248996292227
450,BE2C,H3K36me3,CR1,0.0006548352007611053,0.8897001064337958,-0.008599543725307537,0.00990910196334568
451,BE2C,H3K36me3,Gypsy,0.010418069581115137,0.19238212656438755,-0.005246611374334415,0.02607763883189617
452,BE2C,H3K36me3,hAT-Blackjack,-0.0073650323889031775,0.3668675439803124,-0.023358839883528475,0.008632544176360942
453,BE2C,H3K36me3,TcMar-Mariner,-0.00025353442945256506,0.975425296513355,-0.016383595965188447,0.01587665903598126
454,BE2C,H3K36me3,RTE-X,0.010259516940138193,0.31939514348303716,-0.009936484931708641,0.030447152125913837
455,BE2C,H3K36me3,ERVK,0.0002307471773117774,0.9843825762042568,-0.02287008051617483,0.02333132859776059
456,BE2C,H3K36me3,TcMar-Tc2,0.0004069472166221983,0.9737996375217506,-0.023874603372432537,0.02468801794805121
457,BE2C,H3K36me3,SVA,0.00881709781302377,0.5379080493530066,-0.01923764807217325,0.036857970158629565
458,BE2C,H3K36me3,RTE-BovB,-0.015839744949766456,0.2833637830956864,-0.04475513576157413,0.01310216402266199
459,BE2C,H3K36me3,tRNA-RTE,-0.003456977487870663,0.8297121440798032,-0.03494879802415014,0.028041701433151437
460,BE2C,H3K36me3,hAT-Ac,0.008255054185055401,0.6495062014727645,-0.027344840489521117,0.04383403559928511
461,BE2C,H3K36me3,hAT,-0.015464862754768638,0.4226034881732669,-0.05322164565565965,0.022336074903266234
462,BE2C,H3K36me3,MULE-MuDR,-0.023674676274962444,0.25640069674507476,-0.06448995679721556,0.017219680065383047
463,BE2C,H3K36me3,PiggyBac,0.011952566581637092,0.5855218184559254,-0.03100318598072496,0.05486424843016738
464,BE2C,H3K36me3,5S-Deu-L2,-0.02030533653036412,0.37877379536511446,-0.06544637011187199,0.02491863618506088
465,BE2C,H3K36me3,Helitron,-0.009466365848952257,0.6979627691419708,-0.05722336222509873,0.038333853944341606
466,BE2C,H3K36me3,hAT-Tag1,0.021140774269470832,0.38650896172958893,-0.026716040853050405,0.06890090545375474
467,BE2C,H3K36me3,tRNA,-0.017194040100223695,0.5055002370698755,-0.06771860509581057,0.03341848727104631
468,BE2C,H3K36me3,Penelope,-0.037768328460245186,0.33523574126996303,-0.11418958888775531,0.039097280724593744
469,BE2C,H3K36me3,TcMar-Tc1,0.029628713897592446,0.45044061958529813,-0.04733875526623215,0.1062464307237331
470,BE2C,H3K36me3,Dong-R4,0.06746090190088515,0.16357506817519452,-0.027609785624405834,0.16132211714422315
471,BE2C,H3K36me3,tRNA-Deu,-0.03412987872932352,0.4864913182572911,-0.12964818302229866,0.06201603339025013
472,BE2C,H3K36me3,Kolobok,0.009619182977337343,0.8566782040249923,-0.09456595368547725,0.11359589444748983
473,BE2C,H3K36me3,PIF-Harbinger,0.05826040898808795,0.27773933530135597,-0.04709636272121994,0.16233518057014704
474,BE2C,H3K36me3,Crypton,0.010669292052527571,0.8581764381180997,-0.10606346269391355,0.1271119653599985
475,BE2C,H3K36me3,Merlin,0.10479614668184557,0.12916815648079147,-0.031079319783409273,0.23686862823781688
476,BE2C,H3K36me3,TcMar,0.054061383012774966,0.4459228490063095,-0.08507005699941347,0.19112489497145738
477,BE2C,H3K36me3,L1-Tx1,0.011285130395622836,0.89586790600387,-0.1567322514136283,0.17866768388611948
478,BE2C,H3K36me3,Crypton-A,0.04840700748763567,0.5829673414151761,-0.12424919321486708,0.21821805791885268
479,BE2C,H3K36me3,I-Jockey,-0.02942266703734594,0.7613519072298717,-0.2163664038439138,0.15960229092119055
480,BE2C,H3K36me3,hAT-Tip100?,0.025057603686635947,0.8454427448025008,-0.22413644363414134,0.27117609100170764
481,BE2C,H3K36me3,TcMar-Pogo,0.04252199413489736,0.8172565968522344,-0.3109285490785982,0.38564012090470395
482,BE2C,H3K36me3,hAT?,0.10862299465240642,0.5473630062546808,-0.24476783130411545,0.4365382809774162
483,BE2C,H3K36me3,hAT-hAT19,-0.19999999999999998,0.45768790507519985,-0.6361845599460967,0.3330658485106412
484,BE2C,H3K27me3,Alu,-0.0010058335567064243,0.2913766270958597,-0.0028742620309357048,0.0008626019403364685
485,BE2C,H3K27me3,L1,0.0004691948878132716,0.7337333570695518,-0.0022342232530648378,0.00317260617051408
486,BE2C,H3K27me3,MIR,0.00047201954298411775,0.734509784441892,-0.002255940969629025,0.0031999730302934
487,BE2C,H3K27me3,L2,1.0316388217674754e-05,0.9950858666266881,-0.003272638411011357,0.0032932709650709442
488,BE2C,H3K27me3,ERVL-MaLR,-0.001009408966944809,0.6151221368768347,-0.004944342605432754,0.002925555930600078
489,BE2C,H3K27me3,hAT-Charlie,0.006077849041661438,0.004384551289505322,0.0018967162863064806,0.010258769295619597
490,BE2C,H3K27me3,ERV1,0.0015239485966607857,0.6200931722281557,-0.004501407372825419,0.007549193914274907
491,BE2C,H3K27me3,ERVL,-0.004156287120904537,0.18385625407873,-0.01028568288963227,0.0019734209683270536
492,BE2C,H3K27me3,TcMar-Tigger,-0.0009515321764710972,0.7648060542587681,-0.0071851199332325375,0.005282129529779017
493,BE2C,H3K27me3,hAT-Tip100,-0.008825693554185152,0.04188956274437335,-0.017326431597622174,-0.0003236796857376187
494,BE2C,H3K27me3,CR1,-0.009325340238749128,0.048272961665749424,-0.01857847018117077,-7.0613002788443e-05
495,BE2C,H3K27me3,Gypsy,0.006686295441555617,0.4027958932039011,-0.008977719484548752,0.022347029791040064
496,BE2C,H3K27me3,hAT-Blackjack,0.005456658047087408,0.5038030165575048,-0.010541256582697927,0.021451780000592835
497,BE2C,H3K27me3,TcMar-Mariner,9.244745210655723e-05,0.9910370710512595,-0.01603606628612634,0.016220913093964177
498,BE2C,H3K27me3,RTE-X,0.0020962464022781075,0.8387752345689905,-0.018095810492904832,0.022286594074993085
499,BE2C,H3K27me3,ERVK,0.005151237598357767,0.662159993150709,-0.017954967736280567,0.028251943638417543
500,BE2C,H3K27me3,TcMar-Tc2,0.006863520787372076,0.5794192765100628,-0.017407945356416085,0.031126902587784354
501,BE2C,H3K27me3,SVA,-0.027410364315544177,0.05550893280347361,-0.055428188043585666,0.0006505922564384006
502,BE2C,H3K27me3,RTE-BovB,0.008323828165425737,0.5729377364037238,-0.020615727919028173,0.03724944762127199
503,BE2C,H3K27me3,tRNA-RTE,0.006385662726642841,0.6911628560556329,-0.025115241068884114,0.03787389802735161
504,BE2C,H3K27me3,hAT-Ac,-0.000836183482029054,0.9632787794192483,-0.036420493819363374,0.03475024460601286
505,BE2C,H3K27me3,hAT,0.02856360967696458,0.13851419596178147,-0.009239691505507908,0.06628538049929375
506,BE2C,H3K27me3,MULE-MuDR,0.0011224491054557082,0.9571026267540994,-0.03976024944084994,0.04200139587962679
507,BE2C,H3K27me3,PiggyBac,0.020747303592171678,0.344041105746023,-0.02223606588066934,0.06365411246773486
508,BE2C,H3K27me3,5S-Deu-L2,0.004765374738456496,0.8364117105050655,-0.04045206764746608,0.049963338343221794
509,BE2C,H3K27me3,Helitron,-0.019637451641025105,0.4209040284525414,-0.06737482560106788,0.02818962698058985
510,BE2C,H3K27me3,hAT-Tag1,0.02824762063891407,0.24720003063039375,-0.01961287064757048,0.07597894860185253
511,BE2C,H3K27me3,tRNA,-0.014395221398828385,0.577212841468361,-0.06493028897455445,0.03621349342248432
512,BE2C,H3K27me3,Penelope,-0.01444012671356148,0.7126396609427126,-0.09106823421281016,0.06235797343545606
513,BE2C,H3K27me3,TcMar-Tc1,-0.0036183234176095386,0.9265277475523807,-0.08038012192998416,0.07318614038139941
514,BE2C,H3K27me3,Dong-R4,-0.05734720778869477,0.23644745337415948,-0.15138786497215714,0.037722246056068005
515,BE2C,H3K27me3,tRNA-Deu,-0.022837076309406346,0.6415249825688164,-0.11850497865818814,0.07325090640542573
516,BE2C,H3K27me3,Kolobok,0.05764448740542807,0.27873042566042405,-0.046810478470716566,0.16085242732682636
517,BE2C,H3K27me3,PIF-Harbinger,-0.013276459460275147,0.8047953770632468,-0.11809653612010126,0.09183622670789181
518,BE2C,H3K27me3,Crypton,0.04687785615615666,0.43213162183945897,-0.0701668488586945,0.16264933221621655
519,BE2C,H3K27me3,Merlin,0.013852099915214145,0.8414589277281335,-0.12145010787321865,0.1486489329717007
520,BE2C,H3K27me3,TcMar,-0.018199517876987405,0.7976151886979312,-0.15621206205782118,0.12051006804847332
521,BE2C,H3K27me3,L1-Tx1,0.07477915705701692,0.38514002267036185,-0.09435114052642414,0.23971399329513746
522,BE2C,H3K27me3,Crypton-A,-0.04354121709008606,0.6214403492444571,-0.21355075455035988,0.12902803407576155
523,BE2C,H3K27me3,I-Jockey,-0.013622463163747569,0.8881942134029203,-0.20121708037750768,0.1749360558007681
524,BE2C,H3K27me3,hAT-Tip100?,-0.02932987711213518,0.8195016809151342,-0.2751461037522214,0.22008590168353442
525,BE2C,H3K27me3,TcMar-Pogo,0.06818181818181818,0.7108003843260133,-0.2877314180027568,0.4075474833814929
526,BE2C,H3K27me3,hAT?,-0.1233288770053476,0.49412008966351806,-0.4487682681054676,0.2309918896312866
527,BE2C,H3K27me3,hAT-hAT19,-0.15,0.5792486306642535,-0.6029604660399384,0.3760962642032207
528,SJSA1,H3K27ac,Alu,0.002026305087508305,0.03308347470444287,0.000162691796850882,0.003889904303278244
529,SJSA1,H3K27ac,L1,-0.0010039182521120952,0.46540477500012967,-0.0036993946984512885,0.0016915727824441508
530,SJSA1,H3K27ac,MIR,-0.00048460118211407933,0.7275685567874375,-0.0032110707788969716,0.002241875619387578
531,SJSA1,H3K27ac,L2,0.0003641071417606337,0.8277817736551052,-0.0029162613591765044,0.0036444678065344445
532,SJSA1,H3K27ac,ERVL-MaLR,-0.0012250133580608926,0.5408168274136606,-0.005150854017630374,0.002700865062291175
533,SJSA1,H3K27ac,hAT-Charlie,0.0012072733665179382,0.5709715687548245,-0.002968728971347011,0.0053832335974764115
534,SJSA1,H3K27ac,ERV1,-0.00034174790383354516,0.9109116935444089,-0.006328107695962543,0.0056446363824984806
535,SJSA1,H3K27ac,ERVL,-0.0005160584821076823,0.868701902773485,-0.00663460809324182,0.005602529768281626
536,SJSA1,H3K27ac,TcMar-Tigger,-0.001505526670014918,0.6354583192870717,-0.007729900886931717,0.004718964206093619
537,SJSA1,H3K27ac,hAT-Tip100,0.002262538454961695,0.6017606687261651,-0.00623474960232634,0.010759499794919525
538,SJSA1,H3K27ac,CR1,0.012955241894148133,0.006025373737319868,0.0037096257421257344,0.022198643340113382
539,SJSA1,H3K27ac,Gypsy,0.01019666779076093,0.20151586828425003,-0.005451029671230988,0.025839373009661794
540,SJSA1,H3K27ac,hAT-Blackjack,-0.0025702966987849476,0.7523791764797415,-0.018535623622196695,0.01339634063523485
541,SJSA1,H3K27ac,TcMar-Mariner,0.0035195225403912324,0.6683117682060844,-0.012579779187158748,0.019617000019464474
542,SJSA1,H3K27ac,RTE-X,0.0023046375216367264,0.8228625649705195,-0.01787143670165923,0.022478835593548782
543,SJSA1,H3K27ac,ERVK,-0.009565300157764411,0.4110798404300293,-0.03236359728985887,0.013242945589435616
544,SJSA1,H3K27ac,TcMar-Tc2,0.011738529850167862,0.34295108931071083,-0.012522997922633575,0.035986244479939616
545,SJSA1,H3K27ac,SVA,0.005868534967644642,0.6804357957126815,-0.02205639077592853,0.033784310810559784
546,SJSA1,H3K27ac,RTE-BovB,0.02888970941858406,0.050205829071611904,-3.153759536882277e-05,0.05776266789079622
547,SJSA1,H3K27ac,tRNA-RTE,-0.006760719497551102,0.6739989197956617,-0.038244402591583425,0.02473637266955535
548,SJSA1,H3K27ac,hAT-Ac,-0.019065060768969886,0.29301533765534155,-0.054558209006647304,0.016476205016681306
549,SJSA1,H3K27ac,hAT,-0.022107610394442968,0.2515265403843863,-0.05984084477156976,0.015688713572791186
550,SJSA1,H3K27ac,MULE-MuDR,0.03803059397614392,0.06780098044927022,-0.002798392562130765,0.07873299607271277
551,SJSA1,H3K27ac,PiggyBac,-0.005786015808153417,0.791112279276569,-0.048569121993951365,0.03701828295857262
552,SJSA1,H3K27ac,5S-Deu-L2,-0.020578187219448072,0.3717641661098,-0.06565845261197582,0.024585908437980513
553,SJSA1,H3K27ac,Helitron,-0.0033207758860549336,0.8913334469553786,-0.050925183129815026,0.044298687232973005
554,SJSA1,H3K27ac,hAT-Tag1,0.025541553981239976,0.29471150402374185,-0.022246799013468183,0.07321345542859575
555,SJSA1,H3K27ac,tRNA,-0.023489602898985433,0.36248936629554407,-0.07393806934412313,0.027078778234525244
556,SJSA1,H3K27ac,Penelope,-0.09030928380033564,0.020509133893893375,-0.1657506949918961,-0.01381700912606638
557,SJSA1,H3K27ac,TcMar-Tc1,-0.05075628926612068,0.19519284034852596,-0.12703549029786693,0.026119723174701653
558,SJSA1,H3K27ac,Dong-R4,-0.0036966303489455133,0.9392177467895719,-0.09844926223114675,0.09112242612080203
559,SJSA1,H3K27ac,tRNA-Deu,-0.07365066168383956,0.13275539262790048,-0.16850298431406174,0.02255313918592869
560,SJSA1,H3K27ac,Kolobok,0.034305766465327,0.5199868540661945,-0.07021096701243432,0.13807747070666793
561,SJSA1,H3K27ac,PIF-Harbinger,0.04136268633076105,0.4411360335988854,-0.06393972649855631,0.1457541675492481
562,SJSA1,H3K27ac,Crypton,0.032128591666997705,0.590415942282559,-0.08481655270985279,0.1482006040074494
563,SJSA1,H3K27ac,Merlin,0.07531469284625711,0.27497979593051436,-0.06023507047727504,0.2081370481765493
564,SJSA1,H3K27ac,TcMar,-0.011197170546831425,0.8740195327979557,-0.14868199484766007,0.12671231403315128
565,SJSA1,H3K27ac,L1-Tx1,0.020572727371342213,0.8114029562358516,-0.14766973800053418,0.18765806930517231
566,SJSA1,H3K27ac,Crypton-A,0.08893212850024994,0.3124366568040486,-0.08421254879037529,0.25686390841144074
567,SJSA1,H3K27ac,I-Jockey,-0.01880270595866926,0.8461289206819275,-0.20619133276099158,0.169916260991708
568,SJSA1,H3K27ac,hAT-Tip100?,-0.1363095238095238,0.28281987261337155,-0.37073412367790565,0.11444376195289183
569,SJSA1,H3K27ac,TcMar-Pogo,-0.07111436950146627,0.6989274391699125,-0.410032802571361,0.28506035874278746
570,SJSA1,H3K27ac,hAT?,0.08601986249045072,0.6285883000948507,-0.2603068506549214,0.4127351288902932
571,SJSA1,H3K27ac,hAT-hAT19,0.3058823529411765,0.24925429892891857,-0.23565608291162993,0.70247118185279
572,SJSA1,H3K9me3,Alu,0.0003230748153083188,0.7338979792870084,-0.001539623091213874,0.002185770479924116
573,SJSA1,H3K9me3,L1,0.0022854213758183818,0.09651794707145536,-0.0004097773481264035,0.004980586896957493
574,SJSA1,H3K9me3,MIR,0.002463083191569773,0.07656985795527983,-0.0002628979387306382,0.005189027715929681
575,SJSA1,H3K9me3,L2,-0.0014617967172058253,0.3824358438814738,-0.004742067129921707,0.0018185051542529767
576,SJSA1,H3K9me3,ERVL-MaLR,0.004210168223658076,0.03552310923064919,0.000285118252776838,0.008135088472678508
577,SJSA1,H3K9me3,hAT-Charlie,0.0009621830114924474,0.6514923607039059,-0.003212897576022426,0.005137230055048333
578,SJSA1,H3K9me3,ERV1,-0.005004291471383863,0.10123519023177088,-0.010988641915269031,0.000980417434826872
579,SJSA1,H3K9me3,ERVL,0.004069929965353877,0.19224426809034934,-0.002047524276579979,0.010187079597426324
580,SJSA1,H3K9me3,TcMar-Tigger,0.004395934233685845,0.16625264655099528,-0.0018278985305509976,0.01061942644733061
581,SJSA1,H3K9me3,hAT-Tip100,-0.00036037629119129155,0.9337424001604168,-0.00885606977088549,0.008135369210448745
582,SJSA1,H3K9me3,CR1,-0.006177714772346453,0.19037291089493288,-0.015423314744914731,0.003068941517143288
583,SJSA1,H3K9me3,Gypsy,-0.0009978253672459402,0.9005351279195237,-0.01664399055740555,0.014648828378914226
584,SJSA1,H3K9me3,hAT-Blackjack,-0.007584551705217926,0.3517817953435375,-0.023545872943365735,0.008380635229322324
585,SJSA1,H3K9me3,TcMar-Mariner,-0.004994550490998327,0.5430672169251535,-0.021087694855019018,0.011101181423760842
586,SJSA1,H3K9me3,RTE-X,-0.007808050240855156,0.4481766990083611,-0.027979166533366483,0.012369422225535293
587,SJSA1,H3K9me3,ERVK,-0.007681586249303694,0.5089523721385951,-0.030469083817327044,0.015113892218947258
588,SJSA1,H3K9me3,TcMar-Tc2,-0.0033091910977728887,0.7891446790200027,-0.027556744985001737,0.020942254693884377
589,SJSA1,H3K9me3,SVA,0.010641745226690426,0.454999255775853,-0.017276752402523844,0.03854366157355967
590,SJSA1,H3K9me3,RTE-BovB,-0.0026831221955614707,0.8557315859891097,-0.031599060973630834,0.02623730419721288
591,SJSA1,H3K9me3,tRNA-RTE,0.005274592391072247,0.7427644577980752,-0.026221448034197275,0.03676017120399806
592,SJSA1,H3K9me3,hAT-Ac,0.007436926811329358,0.6817448871532819,-0.028103708186610787,0.04295878298671278
593,SJSA1,H3K9me3,hAT,-0.0221556323418943,0.25040987794438374,-0.05988173637315037,0.01563367477299478
594,SJSA1,H3K9me3,MULE-MuDR,0.011890037738686915,0.5682165385757563,-0.02894420558294326,0.05268466219051788
595,SJSA1,H3K9me3,PiggyBac,-0.00921637189228677,0.6729485855367556,-0.05197117759284288,0.03357215781585658
596,SJSA1,H3K9me3,5S-Deu-L2,-0.01201120826251819,0.6021599264709354,-0.0571183520382745,0.03314487291706587
597,SJSA1,H3K9me3,Helitron,0.0022382595974256188,0.9266544040996244,-0.04539302163493959,0.04985938689050231
598,SJSA1,H3K9me3,hAT-Tag1,-0.007086988991373303,0.7712809119045032,-0.054822472452172435,0.04068081587035353
599,SJSA1,H3K9me3,tRNA,-0.039780553893022666,0.1229307115425539,-0.09014850781200394,0.010790375647080002
600,SJSA1,H3K9me3,Penelope,-0.017629158468197334,0.6514606344214384,-0.09388336767160768,0.05883068419996379
601,SJSA1,H3K9me3,TcMar-Tc1,0.007817099351437437,0.8418476974504027,-0.06889166050981577,0.0844339685191324
602,SJSA1,H3K9me3,Dong-R4,0.06376978160048889,0.1879184777559488,-0.03130215930288017,0.15769814985575317
603,SJSA1,H3K9me3,tRNA-Deu,0.03761950748234856,0.4430214614381214,-0.05854060201779296,0.13308792485280535
604,SJSA1,H3K9me3,Kolobok,0.03695942452688509,0.4882061199682619,-0.06757146663954335,0.1406877311555688
605,SJSA1,H3K9me3,PIF-Harbinger,-0.09828379747451833,0.06666168529920698,-0.20143191208822378,0.007020242905210412
606,SJSA1,H3K9me3,Crypton,0.04698771785880408,0.43105228197492607,-0.07005758619169078,0.1627568155459014
607,SJSA1,H3K9me3,Merlin,0.014726913551251435,0.8311936612411907,-0.1202679636456792,0.14918704571930963
608,SJSA1,H3K9me3,TcMar,0.046100528873812885,0.5126290754319616,-0.09192515301417027,0.1823881056183816
609,SJSA1,H3K9me3,L1-Tx1,0.03301530703831098,0.7017212793611171,-0.13549547846495844,0.1996697269111584
610,SJSA1,H3K9me3,Crypton-A,0.0767503032811515,0.3835825402559623,-0.09629209073253743,0.24528941537525892
611,SJSA1,H3K9me3,I-Jockey,-0.06510981373366695,0.5011739717170505,-0.250336929561988,0.12471541854416382
612,SJSA1,H3K9me3,hAT-Tip100?,-0.004807692307692307,0.9699239300712201,-0.25032251060970334,0.2412881025417764
613,SJSA1,H3K9me3,TcMar-Pogo,0.008064516129032258,0.9650595289248431,-0.34159524861642987,0.35576324597964554
614,SJSA1,H3K9me3,hAT?,-0.1654698242933537,0.3496717589908541,-0.4788003648581725,0.185252083524129
615,SJSA1,H3K9me3,hAT-hAT19,0.2911764705882353,0.27388704841914874,-0.24975116412258716,0.6935946774924099
616,SJSA1,H3K36me3,Alu,0.0004554670046011513,0.6318113538274392,-0.0014075088765167474,0.0023184397241641018
617,SJSA1,H3K36me3,L1,-0.00016353416039791593,0.9053439193306858,-0.002858942226732995,0.002531876282164146
618,SJSA1,H3K36me3,MIR,0.0005294037290461905,0.7034731138333001,-0.002196588045582927,0.003255387635664603
619,SJSA1,H3K36me3,L2,0.002649218123972338,0.11344676834296256,-0.0006311028921837667,0.005929482126864354
620,SJSA1,H3K36me3,ERVL-MaLR,-0.0008437235121111023,0.6735292750484221,-0.004768761448705705,0.0030813404213527826
621,SJSA1,H3K36me3,hAT-Charlie,-0.0005557130509919146,0.7941853348497503,-0.004730702806187715,0.0036192960770562847
622,SJSA1,H3K36me3,ERV1,0.0029544212298252223,0.3332628332538323,-0.00303028748471186,0.008938918314534262
623,SJSA1,H3K36me3,ERVL,-0.0018631240827016568,0.550566421026016,-0.007980565352645652,0.004254456638617067
624,SJSA1,H3K36me3,TcMar-Tigger,-0.002348195898942291,0.45960453024406467,-0.008571675011042966,0.0038754651186799736
625,SJSA1,H3K36me3,hAT-Tip100,-0.0009342818133990907,0.8293393087414715,-0.009429370508555268,0.007560941731772005
626,SJSA1,H3K36me3,CR1,-0.006577388307000413,0.1632114581754736,-0.015821890149159065,0.002668237938461673
627,SJSA1,H3K36me3,Gypsy,0.00621370207022007,0.43635011648898503,-0.009432790070066503,0.02185715229797952
628,SJSA1,H3K36me3,hAT-Blackjack,-0.01102850663712227,0.1757038443387153,-0.026986595313722533,0.004935201753169731
629,SJSA1,H3K36me3,TcMar-Mariner,0.0014121371243373977,0.8634786342678559,-0.01468348649487805,0.01750702909316665
630,SJSA1,H3K36me3,RTE-X,6.882327579096716e-05,0.9946659801591887,-0.02010642114605744,0.020244011670075248
631,SJSA1,H3K36me3,ERVK,-0.00787935087383687,0.4982213241835217,-0.030672857799636192,0.014922346840858582
632,SJSA1,H3K36me3,TcMar-Tc2,0.009738426489958454,0.4313549957583809,-0.014518989484205146,0.033984386176999816
633,SJSA1,H3K36me3,SVA,0.019202481098864327,0.1775936186166012,-0.008717339169573533,0.04709238511762756
634,SJSA1,H3K36me3,RTE-BovB,0.013746591831953918,0.3515839025417685,-0.015179146550773022,0.04264934065190541
635,SJSA1,H3K36me3,tRNA-RTE,0.0004958959017178305,0.9753722066308894,-0.030979808466989833,0.031970617712915414
636,SJSA1,H3K36me3,hAT-Ac,-0.017730992515656085,0.328105237155242,-0.05322713017342614,0.017809896785789564
637,SJSA1,H3K36me3,hAT,-0.04010113126941559,0.03744453583776993,-0.07777004643834406,-0.002317884057368135
638,SJSA1,H3K36me3,MULE-MuDR,-0.019993403881923253,0.3375335315901081,-0.06079316681099998,0.020873057390193177
639,SJSA1,H3K36me3,PiggyBac,0.024897240615047285,0.2542194548897261,-0.017913042655613824,0.06761640228802833
640,SJSA1,H3K36me3,5S-Deu-L2,0.009828276687747379,0.6697065954964228,-0.03532496837029226,0.05494147733293139
641,SJSA1,H3K36me3,Helitron,-0.010882368019096117,0.6544551446909419,-0.05847984838656119,0.03676447778224797
642,SJSA1,H3K36me3,hAT-Tag1,-0.004791539338641399,0.8441860595026627,-0.052533231149144745,0.04297200538702506
643,SJSA1,H3K36me3,tRNA,0.004192127077738092,0.8709150054822895,-0.046347190974926344,0.05471003857287339
644,SJSA1,H3K36me3,Penelope,-0.05364449698652553,0.1693064375612143,-0.1296002504388598,0.022937137897845017
645,SJSA1,H3K36me3,TcMar-Tc1,0.03956937872477877,0.3123111548913906,-0.03723982891397339,0.11591379259102022
646,SJSA1,H3K36me3,Dong-R4,0.047400422230476136,0.32792117105207264,-0.04765351448944734,0.14160356464392237
647,SJSA1,H3K36me3,tRNA-Deu,0.025963915774737844,0.596574365404677,-0.0701419377547376,0.12159220781914803
648,SJSA1,H3K36me3,Kolobok,0.015561229406546499,0.770466360360538,-0.08882427289055156,0.11960862756354142
649,SJSA1,H3K36me3,PIF-Harbinger,-0.0746276915021894,0.16419536279040958,-0.1783535422961355,0.03073853722460759
650,SJSA1,H3K36me3,Crypton,-0.01331444417988423,0.8235338238603962,-0.1297156997247861,0.10344879909304443
651,SJSA1,H3K36me3,Merlin,0.04475631574080825,0.5168983701087249,-0.0906060132313042,0.17849492979523354
652,SJSA1,H3K36me3,TcMar,0.026909502748412948,0.7031269218778058,-0.1112372256177619,0.16403596808469514
653,SJSA1,H3K36me3,L1-Tx1,0.007983132978375874,0.9262328714211653,-0.1599491349744347,0.1754663078378743
654,SJSA1,H3K36me3,Crypton-A,-0.030267725237637218,0.7314567538962131,-0.2007890575110201,0.14203383558756938
655,SJSA1,H3K36me3,I-Jockey,-0.03736447039199333,0.6996937493591344,-0.2239557041171578,0.15186908049388276
656,SJSA1,H3K36me3,hAT-Tip100?,0.003754578754578754,0.9765099038542722,-0.2422791373230284,0.24933457793226874
657,SJSA1,H3K36me3,TcMar-Pogo,-0.18328445747800584,0.3153295682569576,-0.50230130318989,0.17964985705597
658,SJSA1,H3K36me3,hAT?,0.35737203972498083,0.037990624959864265,0.01078395832443484,0.6273021932446877
659,SJSA1,H3K36me3,hAT-hAT19,-0.3323529411764706,0.2084998279822084,-0.7181802799973548,0.20977370243911628
660,SJSA1,H3K27me3,Alu,-0.0010197569566315356,0.2833881114905326,-0.0028829125704496698,0.0008434057370851234
661,SJSA1,H3K27me3,L1,0.00025071129833656404,0.8553382650226102,-0.002444590109637967,0.002946009063656283
662,SJSA1,H3K27me3,MIR,-0.0010981330170589103,0.4298205939843647,-0.0038242795625487123,0.0016280298509229081
663,SJSA1,H3K27me3,L2,-0.0005426126099799295,0.745776102139198,-0.0038228423171419016,0.0027376287741494153
664,SJSA1,H3K27me3,ERVL-MaLR,0.00023606495678720827,0.9061719168399198,-0.0036893064108965918,0.00416142904965125
665,SJSA1,H3K27me3,hAT-Charlie,8.557734967405895e-05,0.9679577236357797,-0.004089888735203706,0.004261040450554415
666,SJSA1,H3K27me3,ERV1,-1.5277547214532537e-06,0.9996008365033244,-0.0059868394643303475,0.00598378406434788
667,SJSA1,H3K27me3,ERVL,-0.001071064989917139,0.7314945465915577,-0.007188755165209195,0.005046705358159246
668,SJSA1,H3K27me3,TcMar-Tigger,0.003181649765595523,0.3163789819510527,-0.003042304434438917,0.00940535747390767
669,SJSA1,H3K27me3,hAT-Tip100,0.0022130206745816327,0.6096666577436404,-0.006282588732323391,0.010708310640721084
670,SJSA1,H3K27me3,CR1,0.0032959836400428015,0.4847055828408766,-0.005949072484126219,0.01254047636997741
671,SJSA1,H3K27me3,Gypsy,0.000922596884859855,0.9079964288862311,-0.014723541587582384,0.016568283663480354
672,SJSA1,H3K27me3,hAT-Blackjack,-0.0033840349643168917,0.6778257065555551,-0.019347507638876486,0.012581162640269013
673,SJSA1,H3K27me3,TcMar-Mariner,0.0029773427480785496,0.7169984640654855,-0.013121317924102892,0.019074460297274182
674,SJSA1,H3K27me3,RTE-X,0.019619757308776554,0.05665305537798594,-0.0005576208325659253,0.03978116649681225
675,SJSA1,H3K27me3,ERVK,-0.010338281952493865,0.37421543353865183,-0.033131287089694435,0.012465471309730958
676,SJSA1,H3K27me3,TcMar-Tc2,0.006014107393452627,0.627036761066649,-0.018244042180201772,0.030265180678835633
677,SJSA1,H3K27me3,SVA,5.1906279777415855e-05,0.9970934073746494,-0.027869205502196164,0.02797293713090953
678,SJSA1,H3K27me3,RTE-BovB,-0.02094001886650558,0.15583531823467867,-0.049828204513726645,0.007983174518320217
679,SJSA1,H3K27me3,tRNA-RTE,0.011759555116049798,0.46433885362832483,-0.019740309459086624,0.04323609710801176
680,SJSA1,H3K27me3,hAT-Ac,-0.010246704612498502,0.5719299828148972,-0.04575202790937577,0.025284474777805353
681,SJSA1,H3K27me3,hAT,0.005760299858415532,0.7651007339335932,-0.032018571543965965,0.04352273517226022
682,SJSA1,H3K27me3,MULE-MuDR,0.020967871684721598,0.31419468995326505,-0.019872373980112663,0.061738260575549216
683,SJSA1,H3K27me3,PiggyBac,-0.002053140709678626,0.9250846847818954,-0.04482363647679507,0.040724868092065165
684,SJSA1,H3K27me3,5S-Deu-L2,0.005105466478938752,0.8246446182597915,-0.04004053990321731,0.05023067037401212
685,SJSA1,H3K27me3,Helitron,0.025659654543825714,0.2911966117002527,-0.02200144709648491,0.07320438824637586
686,SJSA1,H3K27me3,hAT-Tag1,-0.009885945045654198,0.685099388230161,-0.05761334925359619,0.037886544603467485
687,SJSA1,H3K27me3,tRNA,0.011806999663735216,0.647182354363602,-0.03874715453046609,0.062300866594108474
688,SJSA1,H3K27me3,Penelope,-0.04322462806535881,0.2678486247106323,-0.11924103987244256,0.03329558234962546
689,SJSA1,H3K27me3,TcMar-Tc1,-0.025103349367984275,0.5216191821439596,-0.10158614323013922,0.05167445321699524
690,SJSA1,H3K27me3,Dong-R4,-0.1107937603752168,0.021878088601028432,-0.2037232792434053,-0.015885602353652824
691,SJSA1,H3K27me3,tRNA-Deu,-0.0001933068826863459,0.9968560767867352,-0.09610660949259932,0.09572355245908214
692,SJSA1,H3K27me3,Kolobok,0.04166648914759582,0.43449844153477923,-0.06288680930018929,0.14531515343325938
693,SJSA1,H3K27me3,PIF-Harbinger,-0.05278013517199662,0.32552755568182534,-0.15696246494103597,0.052563954151693765
694,SJSA1,H3K27me3,Crypton,-0.014053561948056747,0.8139116695434484,-0.13044302951261816,0.10271798438350055
695,SJSA1,H3K27me3,Merlin,0.025286890175767608,0.7143170023987645,-0.10985775649223813,0.15951354080565788
696,SJSA1,H3K27me3,TcMar,-0.026247470308804637,0.7100986299031748,-0.16339003753165984,0.11189027634828165
697,SJSA1,H3K27me3,L1-Tx1,-0.04009068242282886,0.6418334004012847,-0.20648336998546102,0.1285556378503285
698,SJSA1,H3K27me3,Crypton-A,0.027014078230169863,0.7593893015618874,-0.14521507866412062,0.1976542307176757
699,SJSA1,H3K27me3,I-Jockey,-0.04274858678528404,0.6589489331630373,-0.2290912199071067,0.14661649023563328
700,SJSA1,H3K27me3,hAT-Tip100?,0.0014194139194139194,0.9911185248563534,-0.24447528601419266,0.24714258577905343
701,SJSA1,H3K27me3,TcMar-Pogo,0.05828445747800586,0.751350988580709,-0.2967158624920826,0.3991317549446924
702,SJSA1,H3K27me3,hAT?,-0.10618792971734149,0.5500329410602964,-0.4297586616259569,0.24155149617949284
703,SJSA1,H3K27me3,hAT-hAT19,0.13823529411764704,0.6096659407501825,-0.38597426239896654,0.5949625271849802
704,SJSA1,H3K4me3,Alu,-0.00012071892217717611,0.8989760008904119,-0.0019844062990414246,0.001742969293280924
705,SJSA1,H3K4me3,L1,-0.0006021980356658022,0.6614932314416391,-0.003297813816499206,0.0020934264967558814
706,SJSA1,H3K4me3,MIR,0.00015358067296214193,0.9120863998803436,-0.002572799136057825,0.0028799581988085713
707,SJSA1,H3K4me3,L2,-0.0031452246589052505,0.06022679360352682,-0.0064256876055836225,0.00013530598411470152
708,SJSA1,H3K4me3,ERVL-MaLR,-0.004546338223604545,0.023220663793351103,-0.008471984631495112,-0.0006205516833092027
709,SJSA1,H3K4me3,hAT-Charlie,-0.0004330161559963028,0.8389497157573038,-0.00460888012679679,0.003742862916594438
710,SJSA1,H3K4me3,ERV1,0.0010249243129238272,0.7372169331584026,-0.0049618433029771074,0.00701161846023235
711,SJSA1,H3K4me3,ERVL,-0.00016027670844112558,0.9590516164224313,-0.006278512813559588,0.0059579713959173
712,SJSA1,H3K4me3,TcMar-Tigger,-0.0018411530419543709,0.5621234287533889,-0.008066042677505379,0.0043838792839536855
713,SJSA1,H3K4me3,hAT-Tip100,-1.94615845480756e-05,0.9964184199907298,-0.008516777208026429,0.00847785684935422
714,SJSA1,H3K4me3,CR1,-0.00038715772351489107,0.9346000193439865,-0.009634133776546521,0.008859884539055703
715,SJSA1,H3K4me3,Gypsy,-0.00827924127724595,0.29970939772743627,-0.023922831475713627,0.007368402472632502
716,SJSA1,H3K4me3,hAT-Blackjack,-0.009604671064743688,0.23838334615583348,-0.025566650123661782,0.006362204195037813
717,SJSA1,H3K4me3,TcMar-Mariner,0.007871516347667959,0.33804740627079,-0.008232661798275686,0.02397161240581918
718,SJSA1,H3K4me3,RTE-X,0.013666794477805843,0.18433135619613494,-0.006512228625173684,0.03383469159400541
719,SJSA1,H3K4me3,ERVK,-0.00024542249293583535,0.9831773440404588,-0.023054761684634235,0.022564172071572085
720,SJSA1,H3K4me3,TcMar-Tc2,-0.011110577248398118,0.36946409073032604,-0.035362636233628716,0.013154560046081072
721,SJSA1,H3K4me3,SVA,0.0063060941171011915,0.6580384212334055,-0.021616227626821475,0.034218585763014564
722,SJSA1,H3K4me3,RTE-BovB,0.009844186949134639,0.5046846957297747,-0.019077134944005675,0.03874904842014645
723,SJSA1,H3K4me3,tRNA-RTE,0.009611160514366043,0.5498175974793321,-0.021887657130220686,0.041090916023620506
724,SJSA1,H3K4me3,hAT-Ac,-0.002110682981841634,0.9073628067395472,-0.03764645683726476,0.03343042240100328
725,SJSA1,H3K4me3,hAT,-0.005691177183911394,0.7678800150730145,-0.04346074632906849,0.0320946368590214
726,SJSA1,H3K4me3,MULE-MuDR,0.016070665751891023,0.4405939538914764,-0.024775833692895193,0.05686359591936437
727,SJSA1,H3K4me3,PiggyBac,-0.0047143025254507915,0.8290586402375569,-0.04747935280772132,0.038067998595881496
728,SJSA1,H3K4me3,5S-Deu-L2,-0.009542130353515544,0.6787779539590639,-0.05465610110787525,0.03561071904415908
729,SJSA1,H3K4me3,Helitron,0.030230791538756335,0.21350720129154102,-0.017417472683423925,0.077742055854795
730,SJSA1,H3K4me3,hAT-Tag1,0.031551229674112634,0.19549285735122238,-0.01623854599815353,0.07919717855070071
731,SJSA1,H3K4me3,tRNA,0.012280322133718132,0.6340537363648251,-0.03827460940169242,0.06277254994812188
732,SJSA1,H3K4me3,Penelope,-0.013120169143594054,0.736926133468276,-0.08946649049243559,0.06337943432404589
733,SJSA1,H3K4me3,TcMar-Tc1,0.009592113575569768,0.806726225155211,-0.0671841151097193,0.08625541506029584
734,SJSA1,H3K4me3,Dong-R4,0.08238280212838474,0.08870684818240392,-0.012662776437690391,0.17595303512316884
735,SJSA1,H3K4me3,tRNA-Deu,-0.07378333937850104,0.13205689805636653,-0.16863305279630275,0.0224202736350064
736,SJSA1,H3K4me3,Kolobok,-0.019097546617428136,0.7202834381385417,-0.12309707171758957,0.08531689231453564
737,SJSA1,H3K4me3,PIF-Harbinger,-0.0830083070061457,0.12166272287756506,-0.18653942385996908,0.022346194770678795
738,SJSA1,H3K4me3,Crypton,0.009573057569002357,0.8726174612020408,-0.10714670750104956,0.12603254327257993
739,SJSA1,H3K4me3,Merlin,-0.005695926326480339,0.9342934270700903,-0.14033827571472463,0.12915326494181573
740,SJSA1,H3K4me3,TcMar,0.07878559358269105,0.26266656594890164,-0.059440194573179124,0.21404693459232374
741,SJSA1,H3K4me3,L1-Tx1,0.027025040345679915,0.7539168215312086,-0.14136132738577714,0.19389159603496492
742,SJSA1,H3K4me3,Crypton-A,-0.0002722493804443559,0.9975375949800942,-0.17178972511110016,0.1712612460451624
743,SJSA1,H3K4me3,I-Jockey,-0.20452228709109443,0.03290322486719848,-0.37977501899943794,-0.01509762170293234
744,SJSA1,H3K4me3,hAT-Tip100?,0.09995421245421245,0.4319586148543977,-0.1501409069985386,0.33802652179804316
745,SJSA1,H3K4me3,TcMar-Pogo,-0.22800586510263926,0.20944578739468878,-0.5375766457846687,0.13572827611003282
746,SJSA1,H3K4me3,hAT?,-0.09243697478991594,0.6030982101830299,-0.41817046320499857,0.25436051580585506
747,SJSA1,H3K4me3,hAT-hAT19,0.01764705882352941,0.9482801500547112,-0.4823095822381911,0.5089320166324547
748,HAP-1,H3K27ac,Alu,0.0006162860277580461,0.5183679144322887,-0.0012539216789138581,0.0024864894232994868
749,HAP-1,H3K27ac,L1,0.003093665090455889,0.024904862158391848,0.00039022358235971523,0.005797061378179141
750,HAP-1,H3K27ac,MIR,-0.0013727467211165417,0.32422170431516895,-0.0041019645888107845,0.0013564915969347582
751,HAP-1,H3K27ac,L2,-0.0012074526924164368,0.4710241949031281,-0.004490611857440319,0.0020757325034407702
752,HAP-1,H3K27ac,ERVL-MaLR,0.00016050292585927456,0.9363172426400154,-0.0037766820835622985,0.004097682959238617
753,HAP-1,H3K27ac,hAT-Charlie,-8.577035648396293e-05,0.9679500221122999,-0.004269644342897945,0.0040981066327183315
754,HAP-1,H3K27ac,ERV1,-0.007651524403844247,0.01289534811387756,-0.013681909193053472,-0.0016205830270410765
755,HAP-1,H3K27ac,ERVL,-0.0017139830907959524,0.5838764067508568,-0.00784704667889463,0.004419209441520033
756,HAP-1,H3K27ac,TcMar-Tigger,-0.0005404716032118514,0.8651385556610999,-0.006777580735652567,0.005696679579869581
757,HAP-1,H3K27ac,hAT-Tip100,0.00817550299520577,0.059582757854418425,-0.00033037666876908244,0.01668019974953379
758,HAP-1,H3K27ac,CR1,-0.005363263973379539,0.2560990860904585,-0.014618581636015156,0.0038929726510136165
759,HAP-1,H3K27ac,Gypsy,-0.0005289975131625057,0.9472305611185212,-0.016193264734819364,0.015135529312334068
760,HAP-1,H3K27ac,hAT-Blackjack,0.012060431868814527,0.13954997834860106,-0.003939384028678116,0.028054074451822328
761,HAP-1,H3K27ac,TcMar-Mariner,-0.0042186646577087195,0.60839487749266,-0.020354038042427386,0.011918905726209838
762,HAP-1,H3K27ac,RTE-X,0.009628122850168492,0.35011238261022903,-0.010568883898368284,0.02981727693474276
763,HAP-1,H3K27ac,ERVK,0.003679107618124661,0.7551069618592214,-0.019437783491350186,0.02679206718167848
764,HAP-1,H3K27ac,TcMar-Tc2,0.008787481064482334,0.478357901289548,-0.015506933451294176,0.033071526137875874
765,HAP-1,H3K27ac,SVA,-0.0009710544684978851,0.9460250077726903,-0.02907733595915813,0.02713676130167569
766,HAP-1,H3K27ac,RTE-BovB,0.0009485678884192245,0.948801003703398,-0.027998917020829767,0.029894463165554837
767,HAP-1,H3K27ac,tRNA-RTE,0.010788735576876634,0.5020233563706133,-0.020710682906372343,0.042266756657618455
768,HAP-1,H3K27ac,hAT-Ac,-0.015619964158800534,0.3899834766447028,-0.05119665755151018,0.019996323311622773
769,HAP-1,H3K27ac,hAT,0.0032813477772816227,0.8649989868602361,-0.034536785946434924,0.041090097687982614
770,HAP-1,H3K27ac,MULE-MuDR,-0.013227052419297081,0.5260612154852726,-0.054071576269908994,0.027661659632995907
771,HAP-1,H3K27ac,PiggyBac,-0.020619300825706312,0.3466793280458236,-0.06349565730378941,0.022333034598964133
772,HAP-1,H3K27ac,5S-Deu-L2,-0.012587941405748397,0.5854380552780436,-0.05776532656229948,0.03264089430169821
773,HAP-1,H3K27ac,Helitron,-0.015640111886992374,0.5215242150030313,-0.06339165672040248,0.032182882626947996
774,HAP-1,H3K27ac,hAT-Tag1,0.016313111825282955,0.5038881636713506,-0.031524887966140946,0.06407654388439153
775,HAP-1,H3K27ac,tRNA,0.0067128423808117815,0.7948379083087629,-0.04386551174289128,0.05725687308238811
776,HAP-1,H3K27ac,Penelope,-0.037237457891345284,0.3417072647075584,-0.11360579078871123,0.03956831634804838
777,HAP-1,H3K27ac,TcMar-Tc1,0.03515147794553049,0.37166494716431175,-0.04200664162146834,0.11189280349737163
778,HAP-1,H3K27ac,Dong-R4,0.042604307610594465,0.379278547542657,-0.052437096479400584,0.13688083934578388
779,HAP-1,H3K27ac,tRNA-Deu,-0.02762538555605899,0.5732860981684745,-0.12323206584343038,0.0684893937062133
780,HAP-1,H3K27ac,Kolobok,0.01942386029688242,0.716096142382924,-0.08514142784477041,0.12356595078065652
781,HAP-1,H3K27ac,PIF-Harbinger,-0.02971601056227745,0.580077527903496,-0.13430005058515943,0.07552273383298888
782,HAP-1,H3K27ac,Crypton,0.004928687180456996,0.9342118394815715,-0.11173374391687053,0.12145710905523967
783,HAP-1,H3K27ac,Merlin,-0.13318697939874297,0.05338727757599634,-0.26407456820541175,0.0025173922687506986
784,HAP-1,H3K27ac,TcMar,-0.02061749101754404,0.7708661805387993,-0.15823255536059352,0.11778326999992086
785,HAP-1,H3K27ac,L1-Tx1,0.014829818789119752,0.8634394174371249,-0.15327596301573856,0.18210140825612867
786,HAP-1,H3K27ac,Crypton-A,0.06530248374462365,0.4586636165126512,-0.10760875480909239,0.23437910135445802
787,HAP-1,H3K27ac,I-Jockey,0.02941340005560189,0.7614248219196262,-0.15961130437279983,0.2163575382930331
788,HAP-1,H3K27ac,hAT-Tip100?,0.10267857142857142,0.42325578809768616,-0.14952505003482588,0.34233756210425625
789,HAP-1,H3K27ac,TcMar-Pogo,0.18585043988269795,0.30848406530889927,-0.17716067217873072,0.5043486064294063
790,HAP-1,H3K27ac,hAT?,-0.2804144385026738,0.11395885500646383,-0.5736439874370854,0.07652371074135375
791,HAP-1,H3K27ac,hAT-hAT19,-0.21764705882352942,0.41808684161130294,-0.6476156175680963,0.3174522442303996
792,HAP-1,H3K4me1,Alu,0.0002086101437537115,0.8269589442044117,-0.0016617541408285737,0.002078972968790962
793,HAP-1,H3K4me1,L1,-0.0011285095156732333,0.4133338657683653,-0.00383231768086449,0.0015753151497547475
794,HAP-1,H3K4me1,MIR,-0.0029950752262334975,0.03149565986934872,-0.005724422630946917,-0.0002656831977392858
795,HAP-1,H3K4me1,L2,0.0009158128929292715,0.5845826482924315,-0.0023674305684506934,0.004199036610057591
796,HAP-1,H3K4me1,ERVL-MaLR,0.0012619909057266319,0.5298655375538046,-0.002675309826496771,0.005199252510659791
797,HAP-1,H3K4me1,hAT-Charlie,0.0001980138988126968,0.9260933460016605,-0.003985836357773604,0.004381857223100851
798,HAP-1,H3K4me1,ERV1,0.004590842862469136,0.13572506825662267,-0.001440356556740369,0.010621708305951525
799,HAP-1,H3K4me1,ERVL,-0.001819505362429104,0.560927691365256,-0.007952443161745587,0.00431356931423662
800,HAP-1,H3K4me1,TcMar-Tigger,0.0025605911648786226,0.4210060819745186,-0.0036762935044349584,0.008797276631758015
801,HAP-1,H3K4me1,hAT-Tip100,0.0013941841623519588,0.7480037836466602,-0.007111138332899993,0.009899304950006769
802,HAP-1,H3K4me1,CR1,-0.00838458852534137,0.07582251090394915,-0.017639255838589978,0.0008715153728654499
803,HAP-1,H3K4me1,Gypsy,-0.004889130036412113,0.5407219977213291,-0.02055154977312112,0.010775688843666647
804,HAP-1,H3K4me1,hAT-Blackjack,-0.0029571389098485014,0.7171446964437265,-0.01895368551209726,0.013040921250443606
805,HAP-1,H3K4me1,TcMar-Mariner,-0.004299539973449718,0.6016253114781507,-0.020438713122230123,0.011841873355015914
806,HAP-1,H3K4me1,RTE-X,-0.006843780482097529,0.506523885777857,-0.027031550252756463,0.013349569403205782
807,HAP-1,H3K4me1,ERVK,0.02123597069377815,0.07198836433354114,-0.0019004331845440155,0.04434965171267129
808,HAP-1,H3K4me1,TcMar-Tc2,-0.020569789650244964,0.09703642395458446,-0.04484431343941104,0.003729010253894258
809,HAP-1,H3K4me1,SVA,0.0163640842287494,0.2538477444282169,-0.011747377930808838,0.0444496996709073
810,HAP-1,H3K4me1,RTE-BovB,0.00548591806270459,0.7103940523864574,-0.02346789385039632,0.03443053467516379
811,HAP-1,H3K4me1,tRNA-RTE,-0.007012666969552028,0.6626695340017786,-0.03850414745475618,0.024492729457185457
812,HAP-1,H3K4me1,hAT-Ac,-0.002137466788197927,0.9063617849277419,-0.03773763232839592,0.03346811753163613
813,HAP-1,H3K4me1,hAT,0.016037124448047585,0.40581490641484075,-0.021778185724982364,0.05380661231221804
814,HAP-1,H3K4me1,MULE-MuDR,-0.05191304355178457,0.012735858569093244,-0.09259821740925547,-0.011054810678085092
815,HAP-1,H3K4me1,PiggyBac,-0.01876737449621416,0.39171373532768583,-0.061649486039598314,0.02418389444899059
816,HAP-1,H3K4me1,5S-Deu-L2,0.004069621717378285,0.8600653350406362,-0.04115864208880797,0.04928124177230826
817,HAP-1,H3K4me1,Helitron,-0.008408311075327612,0.730400363073707,-0.056182592173111834,0.03940438555613547
818,HAP-1,H3K4me1,hAT-Tag1,0.04564283075239674,0.061353523660891675,-0.0021970570703009123,0.093274273254833
819,HAP-1,H3K4me1,tRNA,0.003732204943106109,0.8850485904120599,-0.046839706482587624,0.054285032942447936
820,HAP-1,H3K4me1,Penelope,-0.042381284115178795,0.27988175023360795,-0.11881268702530315,0.03454941282645345
821,HAP-1,H3K4me1,TcMar-Tc1,-0.029789017251742093,0.44869368276752597,-0.10652301395227778,0.04729770680102482
822,HAP-1,H3K4me1,Dong-R4,0.00722581644475479,0.8815113230185865,-0.0876222336267008,0.10194402861224097
823,HAP-1,H3K4me1,tRNA-Deu,-0.017479526352964625,0.7215958242307116,-0.11321207088377545,0.07857458254463476
824,HAP-1,H3K4me1,Kolobok,0.031214745590654215,0.5588609955708961,-0.07343268802358431,0.13518228784741346
825,HAP-1,H3K4me1,PIF-Harbinger,-0.09924135626420472,0.06403957005482765,-0.20236425333759445,0.006058263462498642
826,HAP-1,H3K4me1,Crypton,0.04023479696041127,0.5002278081256355,-0.07676976400922615,0.15614624618824013
827,HAP-1,H3K4me1,Merlin,-0.09116440801856802,0.187128472288016,-0.22374911611699808,0.044733018034792495
828,HAP-1,H3K4me1,TcMar,0.010924605878832124,0.8773662085535988,-0.12732248855519648,0.14875532053511947
829,HAP-1,H3K4me1,L1-Tx1,0.0037127052232084233,0.9656552396474336,-0.16410553488387183,0.1713220811708274
830,HAP-1,H3K4me1,Crypton-A,0.18714742705133783,0.03232085252245479,0.014630098913738268,0.34884462156217283
831,HAP-1,H3K4me1,I-Jockey,0.05089426373830044,0.5991893432548783,-0.13865454987700462,0.23684602646362052
832,HAP-1,H3K4me1,hAT-Tip100?,0.13575268817204303,0.2887594547404405,-0.11705828957222078,0.37204047837810666
833,HAP-1,H3K4me1,TcMar-Pogo,0.10850439882697946,0.5544381306444383,-0.2506371822748251,0.44139262328771467
834,HAP-1,H3K4me1,hAT?,-0.2309491978609626,0.19597266517705586,-0.5354614949876689,0.12670246677176483
835,HAP-1,H3K4me1,hAT-hAT19,-0.19117647058823528,0.47816401281702825,-0.6304114123813899,0.3407869677255128
836,HAP-1,H3K9me3,Alu,-0.000689721029916666,0.46964251246472566,-0.0025593079147211016,0.0011798706765423648
837,HAP-1,H3K9me3,L1,0.001081612828426582,0.4329115400580784,-0.00162161500847196,0.0037848248577557774
838,HAP-1,H3K9me3,MIR,-0.0007331252715156438,0.5985116770154066,-0.00346204906429226,0.00199580944051508
839,HAP-1,H3K9me3,L2,0.0014585774946946268,0.3838847491204337,-0.0018244843943550065,0.004741607941436958
840,HAP-1,H3K9me3,ERVL-MaLR,0.0005909783559814014,0.768560087655649,-0.0033453308971762735,0.00452726929535352
841,HAP-1,H3K9me3,hAT-Charlie,-0.0009120792172599629,0.6691227643319138,-0.005095107071648937,0.003270980556016348
842,HAP-1,H3K9me3,ERV1,0.003778196049402092,0.21944607515031656,-0.002252062474338427,0.009808179800963584
843,HAP-1,H3K9me3,ERVL,0.003279416865453874,0.2945022500782118,-0.0028520276688218035,0.009410614830183838
844,HAP-1,H3K9me3,TcMar-Tigger,-0.003842066720375416,0.2272494972644114,-0.01007822196713737,0.0023943873782426113
845,HAP-1,H3K9me3,hAT-Tip100,0.0036321119018209135,0.40261378956230987,-0.004873460909354859,0.012137159209941139
846,HAP-1,H3K9me3,CR1,-0.0023345111405854175,0.6210768172655223,-0.011590250116444155,0.006921627843827537
847,HAP-1,H3K9me3,Gypsy,-0.0009119163942262065,0.909157909787033,-0.016575082737895375,0.014751697412213481
848,HAP-1,H3K9me3,hAT-Blackjack,0.0021639068332535896,0.7909469824461163,-0.013835064972133196,0.01816177093224328
849,HAP-1,H3K9me3,TcMar-Mariner,0.007339304452344607,0.37238390798716436,-0.008787166934244495,0.02346195917257368
850,HAP-1,H3K9me3,RTE-X,0.003774407940175996,0.7141239921247327,-0.016419255655073985,0.02396499367405423
851,HAP-1,H3K9me3,ERVK,0.001989988009940443,0.8659881378546932,-0.02111973841730013,0.025097589080420393
852,HAP-1,H3K9me3,TcMar-Tc2,-0.01449272988528259,0.24229632671146747,-0.038770990984683104,0.009802631854320013
853,HAP-1,H3K9me3,SVA,-0.018093554632274265,0.20678874650348852,-0.04615925168808305,0.010000684739166099
854,HAP-1,H3K9me3,RTE-BovB,-0.0015452930637210299,0.9167145292339623,-0.030500130777947745,0.027412135982301872
855,HAP-1,H3K9me3,tRNA-RTE,0.01583574713760598,0.3246231119253161,-0.015677716260358156,0.047317781113506575
856,HAP-1,H3K9me3,hAT-Ac,-0.004415924214373214,0.8079297016467712,-0.040001065228667795,0.03118040432376037
857,HAP-1,H3K9me3,hAT,0.007679053038306315,0.6907229191801074,-0.030144003727415193,0.04548015021020242
858,HAP-1,H3K9me3,MULE-MuDR,-0.045365543698954305,0.029656710143827092,-0.08611648280535415,-0.004463060810321507
859,HAP-1,H3K9me3,PiggyBac,0.04336742271073822,0.047705936179769926,0.000420042166075412,0.08615511729392067
860,HAP-1,H3K9me3,5S-Deu-L2,-0.024530565352387696,0.2876207246648473,-0.06965656504428301,0.020695622357456405
861,HAP-1,H3K9me3,Helitron,-0.013225756168808533,0.587681371150539,-0.06097112144657289,0.034579995329806774
862,HAP-1,H3K9me3,hAT-Tag1,0.024394790897592826,0.31750839447995893,-0.023449899934989228,0.07212799070097625
863,HAP-1,H3K9me3,tRNA,0.047810826773668554,0.06387178991344139,-0.00278765009492911,0.09816511579794374
864,HAP-1,H3K9me3,Penelope,0.010427034996883348,0.7902794346281634,-0.06635315231800842,0.0870844666649313
865,HAP-1,H3K9me3,TcMar-Tc1,-0.0003748444882702368,0.9924014131866925,-0.07739327471077077,0.0766480330256457
866,HAP-1,H3K9me3,Dong-R4,0.05893218855958353,0.22372190739325334,-0.03613842932565324,0.15294567264008016
867,HAP-1,H3K9me3,tRNA-Deu,0.006144579253566748,0.9003246786239647,-0.08982434333167247,0.10200044733531417
868,HAP-1,H3K9me3,Kolobok,-0.06247696027064476,0.2416726695567083,-0.16587807699605872,0.04228299846243301
869,HAP-1,H3K9me3,PIF-Harbinger,-0.0020944481280603527,0.9689006020130961,-0.10705111513726474,0.10290838385063972
870,HAP-1,H3K9me3,Crypton,-0.08793992497385272,0.1400268128634097,-0.20267844188104725,0.029180525769159044
871,HAP-1,H3K9me3,Merlin,-0.06153061009509495,0.3738325649105749,-0.19510241404453973,0.0742821006423593
872,HAP-1,H3K9me3,TcMar,-0.024898666947004405,0.7250370111975872,-0.16241244551720638,0.11356386623877006
873,HAP-1,H3K9me3,L1-Tx1,-0.11547890048755,0.1790255511041802,-0.2783337588175251,0.05383018214769495
874,HAP-1,H3K9me3,Crypton-A,0.05842952144419015,0.5073858435743299,-0.11438677783139446,0.22781337051682088
875,HAP-1,H3K9me3,I-Jockey,0.06339542211101845,0.5125345345300831,-0.12639946931829815,0.24871279407647667
876,HAP-1,H3K9me3,hAT-Tip100?,0.0687271062271062,0.5894597203094765,-0.18041170129763884,0.3095787621268789
877,HAP-1,H3K9me3,TcMar-Pogo,0.05791788856304985,0.7528662170989002,-0.29704772346248504,0.3988192369269785
878,HAP-1,H3K9me3,hAT?,-0.1126336898395722,0.5325791526599191,-0.4398829025938437,0.24102147169432592
879,HAP-1,H3K9me3,hAT-hAT19,-0.22058823529411767,0.4116664304979635,-0.6495058705433708,0.314827309892638
880,HAP-1,H3K36me3,Alu,0.0009501752443488742,0.31917820991427454,-0.0009193359739156064,0.0028196798207688004
881,HAP-1,H3K36me3,L1,0.0005776166681006777,0.6753295516224319,-0.002125310982096121,0.003280535878396648
882,HAP-1,H3K36me3,MIR,-0.00041490347723765884,0.765683590227855,-0.0031435050923879033,0.002313704316061785
883,HAP-1,H3K36me3,L2,0.0015592565820576703,0.35192036517376757,-0.0017237872207579732,0.004842266772626372
884,HAP-1,H3K36me3,ERVL-MaLR,0.0027850214223141974,0.1654841926254291,-0.0011508872150909693,0.006720843773309259
885,HAP-1,H3K36me3,hAT-Charlie,0.0017439195217016064,0.413816009995858,-0.0024387001774808684,0.00592647820425974
886,HAP-1,H3K36me3,ERV1,-0.006267897401260482,0.041554016426358975,-0.01229550980391965,-0.00023982949439610996
887,HAP-1,H3K36me3,ERVL,0.0013103245618178551,0.6753405226043249,-0.004821477571523942,0.007442028162794231
888,HAP-1,H3K36me3,TcMar-Tigger,0.003777068329598539,0.23517837668552716,-0.002458975177084672,0.010012818078860288
889,HAP-1,H3K36me3,hAT-Tip100,-0.004260532498690213,0.3261707142238005,-0.012764782088297878,0.004244333409454079
890,HAP-1,H3K36me3,CR1,0.00022079265442581674,0.962709614714496,-0.009034893104063807,0.00947644058346212
891,HAP-1,H3K36me3,Gypsy,-0.006589935317851797,0.40962459220801983,-0.022251208372976533,0.009074571244148458
892,HAP-1,H3K36me3,hAT-Blackjack,0.0014028513608749184,0.8635053122847379,-0.014590098419456249,0.017395083544943485
893,HAP-1,H3K36me3,TcMar-Mariner,0.0054392226848051966,0.5087779604154684,-0.010695241915699927,0.021570855811304322
894,HAP-1,H3K36me3,RTE-X,0.007923984094408183,0.4419018379611135,-0.012272780610042916,0.02811428592799737
895,HAP-1,H3K36me3,ERVK,0.00302174288346714,0.797714548492402,-0.020083627181470807,0.02612388700542508
896,HAP-1,H3K36me3,TcMar-Tc2,0.01820608819461131,0.14195099437518513,-0.0060948545394420225,0.04248554012706795
897,HAP-1,H3K36me3,SVA,0.002570414542790421,0.857691785626881,-0.02552121814250053,0.03065799095409049
898,HAP-1,H3K36me3,RTE-BovB,0.008046996527574415,0.5858072914292705,-0.020895580762393236,0.03697609772218942
899,HAP-1,H3K36me3,tRNA-RTE,0.006244429311920673,0.6976901372422186,-0.02526044525147215,0.03773691236213289
900,HAP-1,H3K36me3,hAT-Ac,0.012868070333299423,0.47854167737566733,-0.022723329362189765,0.04842689327649236
901,HAP-1,H3K36me3,hAT,-0.0019195969027873518,0.9207153842582521,-0.03970237973640494,0.03586866734378942
902,HAP-1,H3K36me3,MULE-MuDR,-0.015265415706162942,0.46441946094388986,-0.05611363534589507,0.025633822493898627
903,HAP-1,H3K36me3,PiggyBac,-0.010375832724125927,0.6356887861054785,-0.05326070372994961,0.032547241032686164
904,HAP-1,H3K36me3,5S-Deu-L2,0.017577382818629257,0.44600349222433766,-0.027632488213757626,0.06271549176774806
905,HAP-1,H3K36me3,Helitron,0.0022764232879420154,0.9256496645670118,-0.0455104001847209,0.05005285217659869
906,HAP-1,H3K36me3,hAT-Tag1,0.02240431712890589,0.35861418963722436,-0.025439160694042572,0.07014539618422547
907,HAP-1,H3K36me3,tRNA,0.04059485768061604,0.11568580327450952,-0.010009383769966726,0.09099169970799441
908,HAP-1,H3K36me3,Penelope,-0.04609235489839126,0.23951243702275563,-0.12242478320284032,0.03078216670627445
909,HAP-1,H3K36me3,TcMar-Tc1,-0.036332118108503036,0.3554348142075885,-0.11300259450507819,0.04076846895859318
910,HAP-1,H3K36me3,Dong-R4,0.04729320586912153,0.3290177077409917,-0.04776048654573087,0.14149802413169044
911,HAP-1,H3K36me3,tRNA-Deu,0.01597242275633011,0.744727137446169,-0.080071417405206,0.11172241685577965
912,HAP-1,H3K36me3,Kolobok,-0.006969362590405858,0.8961870048110916,-0.11127254387694936,0.09748568840163936
913,HAP-1,H3K36me3,PIF-Harbinger,0.04005408852132967,0.4557356713286438,-0.06524223428809989,0.1444682525108533
914,HAP-1,H3K36me3,Crypton,-0.01639745475586458,0.7835886370316713,-0.1327489196626128,0.10039979746496588
915,HAP-1,H3K36me3,Merlin,-0.09616501161686247,0.1639807750053804,-0.2285660786012005,0.03972885225286507
916,HAP-1,H3K36me3,TcMar,-0.09851145238535872,0.16307102796493536,-0.2337067721644868,0.040420812231091396
917,HAP-1,H3K36me3,L1-Tx1,-0.08945496041890112,0.2985557305784898,-0.253685789911256,0.07978879217791461
918,HAP-1,H3K36me3,Crypton-A,0.030206335671458584,0.7319806710381331,-0.1420938837211223,0.20072993402883552
919,HAP-1,H3K36me3,I-Jockey,0.03945880826614772,0.6837352865646644,-0.14982685558152636,0.2259542636084403
920,HAP-1,H3K36me3,hAT-Tip100?,0.20132488479262672,0.11360041075123513,-0.05142291702595787,0.4298350767407651
921,HAP-1,H3K36me3,TcMar-Pogo,-0.009897360703812315,0.9571250985891424,-0.3573658093404456,0.3399777792931974
922,HAP-1,H3K36me3,hAT?,-0.15006684491978609,0.40452674589825,-0.47076807827932177,0.20566343864119438
923,HAP-1,H3K36me3,hAT-hAT19,-0.17941176470588235,0.5061395399904385,-0.622654032375277,0.35099518391573875
924,HAP-1,H3K27me3,Alu,0.0003874989842420586,0.6845686525127085,-0.001482060651791172,0.002257055911464653
925,HAP-1,H3K27me3,L1,-0.00019085836431644569,0.8899495564088625,-0.0028943337753968177,0.0025126198366502307
926,HAP-1,H3K27me3,MIR,-0.0001228196164249572,0.9297025570730538,-0.0028514977684656415,0.0026058603645691984
927,HAP-1,H3K27me3,L2,-0.0017113908708569737,0.3069315524871131,-0.004994439648423582,0.0015716947993747316
928,HAP-1,H3K27me3,ERVL-MaLR,0.004140166128456137,0.03924567799272217,0.00020409753095780011,0.008076106443762911
929,HAP-1,H3K27me3,hAT-Charlie,0.00030181928820114333,0.8875349954424427,-0.003881013028705904,0.004484641043821334
930,HAP-1,H3K27me3,ERV1,0.0017635798024972593,0.5664483338192441,-0.004265742840976991,0.007792774226413269
931,HAP-1,H3K27me3,ERVL,-0.004905066071967801,0.11689520213140941,-0.011036201741646712,0.0012264383997235187
932,HAP-1,H3K27me3,TcMar-Tigger,0.0019597280282810125,0.537954682102996,-0.004276577663545075,0.008195881289688279
933,HAP-1,H3K27me3,hAT-Tip100,0.002965781537003353,0.49427472708143916,-0.005538409917499589,0.011469544031183119
934,HAP-1,H3K27me3,CR1,0.0010992325868971972,0.8159368348569327,-0.008156210773717613,0.010354487623484636
935,HAP-1,H3K27me3,Gypsy,0.008446781315733405,0.290543409538678,-0.007217352575362877,0.024106770917291964
936,HAP-1,H3K27me3,hAT-Blackjack,-0.0064842026100441,0.42691106203496054,-0.0224773166242923,0.009512229286593227
937,HAP-1,H3K27me3,TcMar-Mariner,-0.0050716616153234995,0.5377932475770266,-0.021201797959975677,0.01106111433210693
938,HAP-1,H3K27me3,RTE-X,-0.003690189294703533,0.7202173965259971,-0.02387974753596307,0.016502377812963483
939,HAP-1,H3K27me3,ERVK,0.020937305067801795,0.07589888209082067,-0.0021846606983976177,0.04403689546360491
940,HAP-1,H3K27me3,TcMar-Tc2,0.007865142162819517,0.5256380901067961,-0.016423411461911334,0.03214441893105767
941,HAP-1,H3K27me3,SVA,-0.0251362663083821,0.07959003460677683,-0.05320440493864966,0.00297155912465568
942,HAP-1,H3K27me3,RTE-BovB,0.03169060958174791,0.031850925316361654,0.0027454692681602236,0.06058269182279339
943,HAP-1,H3K27me3,tRNA-RTE,0.005115290351136804,0.7502706554252594,-0.026380631148266272,0.03660106618904751
944,HAP-1,H3K27me3,hAT-Ac,0.03011394430003362,0.09739807815965269,-0.005503017735314146,0.06565459765599793
945,HAP-1,H3K27me3,hAT,0.017558772156143328,0.36291318916645454,-0.020271346701264792,0.055338684887343906
946,HAP-1,H3K27me3,MULE-MuDR,-0.017406831717977553,0.40425367390127653,-0.0582582132795311,0.023502748520096064
947,HAP-1,H3K27me3,PiggyBac,0.008595436278941396,0.6948002592357776,-0.03433573748740829,0.051494946823137905
948,HAP-1,H3K27me3,5S-Deu-L2,0.013438346963239822,0.5602523966081079,-0.031779443009199236,0.05860124034530578
949,HAP-1,H3K27me3,Helitron,0.013043488770865747,0.5927291519871485,-0.03474780918676171,0.06077526793671303
950,HAP-1,H3K27me3,hAT-Tag1,0.01056185050301529,0.6652139683883658,-0.03726853560348325,0.05834395434671412
951,HAP-1,H3K27me3,tRNA,0.020976386595731627,0.41642633698494724,-0.029623485002678578,0.07146902498854177
952,HAP-1,H3K27me3,Penelope,-0.024882783916940217,0.525603659413689,-0.10142597218500093,0.05195327074970463
953,HAP-1,H3K27me3,TcMar-Tc1,-0.007429222931280565,0.8500561353621642,-0.08428412347417405,0.0695135468248363
954,HAP-1,H3K27me3,Dong-R4,-0.075985712291131,0.11649019200665663,-0.16968452280960772,0.01907457406848933
955,HAP-1,H3K27me3,tRNA-Deu,-0.0314537326589845,0.521323852309088,-0.127009124249409,0.06468010589217542
956,HAP-1,H3K27me3,Kolobok,-0.05729263985228441,0.28236340929628495,-0.16065249100131446,0.047310156238370864
957,HAP-1,H3K27me3,PIF-Harbinger,0.0856665771544599,0.11013641408413369,-0.019681848828720105,0.18913364898336718
958,HAP-1,H3K27me3,Crypton,0.08068825841814005,0.17586821701233007,-0.03644054538004612,0.19563021031158848
959,HAP-1,H3K27me3,Merlin,-0.05943111028316574,0.39038575683706433,-0.19306628654302108,0.07636878094684853
960,HAP-1,H3K27me3,TcMar,-0.041331801691374126,0.5591937945694132,-0.1784225066593703,0.09733299893617535
961,HAP-1,H3K27me3,L1-Tx1,-0.026012272233252226,0.76286003051689,-0.19291383583035052,0.14235218607105204
962,HAP-1,H3K27me3,Crypton-A,0.034685104890925536,0.6940958825230126,-0.13771048617558337,0.2050409364655965
963,HAP-1,H3K27me3,I-Jockey,0.09910110277082755,0.30524809392797686,-0.0911541738727225,0.28237668974257957
964,HAP-1,H3K27me3,hAT-Tip100?,0.11832757296466975,0.3556742652960363,-0.13421517405807976,0.3564374728128131
965,HAP-1,H3K27me3,TcMar-Pogo,-0.035923753665689145,0.8452417765442577,-0.379959912537317,0.3168434212983564
966,HAP-1,H3K27me3,hAT?,-0.044451871657754015,0.805967340002315,-0.3820832404353823,0.3036490220774374
967,HAP-1,H3K27me3,hAT-hAT19,0.3235294117647059,0.2215741250012429,-0.2184762258116274,0.7129823146794156
968,HAP-1,H3K4me3,Alu,-0.0006052742653492245,0.5259096126986602,-0.0024756565409937738,0.0012651122452045334
969,HAP-1,H3K4me3,L1,0.0008199572337153214,0.5522693125721994,-0.0018839229988362914,0.00352382547694933
970,HAP-1,H3K4me3,MIR,-0.0008525763242786088,0.5403951783835759,-0.0035820253753492248,0.0018768854300636472
971,HAP-1,H3K4me3,L2,-0.001413409598602268,0.39882251048497797,-0.004696712625728374,0.0018699239022011592
972,HAP-1,H3K4me3,ERVL-MaLR,-0.0025239970068598222,0.20894849322712986,-0.006461129611350341,0.0014132138487059744
973,HAP-1,H3K4me3,hAT-Charlie,0.0008763548520962499,0.6814250878359638,-0.0033076670526517625,0.005060346074040744
974,HAP-1,H3K4me3,ERV1,0.005661300262111517,0.06580110239380589,-0.00036988845255051856,0.011692077129417194
975,HAP-1,H3K4me3,ERVL,0.0029225006665563615,0.3503048296210709,-0.0032102911933500214,0.009055072695325229
976,HAP-1,H3K4me3,TcMar-Tigger,-0.005515570515049422,0.08307620265146652,-0.011752724148189305,0.0007220122950661972
977,HAP-1,H3K4me3,hAT-Tip100,0.0018865072438654432,0.6638232002093931,-0.006620442694497264,0.010393184143763414
978,HAP-1,H3K4me3,CR1,0.011162451126529352,0.01808921399879742,0.001906795862522438,0.020416194036561596
979,HAP-1,H3K4me3,Gypsy,-0.005404253087122631,0.49888906625398166,-0.02106498396281625,0.010259129192728906
980,HAP-1,H3K4me3,hAT-Blackjack,-0.005086043149027314,0.5332929175406083,-0.021084504092173016,0.010915021838398604
981,HAP-1,H3K4me3,TcMar-Mariner,0.013143728721736104,0.11052115040357022,-0.0029997639034753617,0.029280372234109973
982,HAP-1,H3K4me3,RTE-X,-0.011772286485023271,0.25328513394126234,-0.031960942973693195,0.008425972239279229
983,HAP-1,H3K4me3,ERVK,-0.009279433680397178,0.4316385921855205,-0.03239779027285933,0.013848846967294975
984,HAP-1,H3K4me3,TcMar-Tc2,-0.015640541922858214,0.20713078425542458,-0.03992495451598988,0.008662336693011804
985,HAP-1,H3K4me3,SVA,0.011086735186221892,0.43959261650783954,-0.017029394555311776,0.03918534519689798
986,HAP-1,H3K4me3,RTE-BovB,-0.0027492127166983036,0.8523775521045406,-0.03169661177364125,0.026202794524642074
987,HAP-1,H3K4me3,tRNA-RTE,0.007229192887327147,0.6528429546281516,-0.024268209207487818,0.038712256795436856
988,HAP-1,H3K4me3,hAT-Ac,0.013599336224691758,0.45412592174580924,-0.02201008792709366,0.049174298618037536
989,HAP-1,H3K4me3,hAT,0.006337685741423469,0.7426762813403385,-0.0314910282652993,0.04414826910975115
990,HAP-1,H3K4me3,MULE-MuDR,-0.03095259178031984,0.13755672632712623,-0.07171700829871432,0.009915054315813744
991,HAP-1,H3K4me3,PiggyBac,0.017513398883345827,0.42424221283342445,-0.025447335972415636,0.06040956477196572
992,HAP-1,H3K4me3,5S-Deu-L2,-0.006405421984342436,0.7814141080058851,-0.051611437814128906,0.03882679012530075
993,HAP-1,H3K4me3,Helitron,0.005459412769194395,0.822961404346321,-0.042348009996587686,0.053241892293810544
994,HAP-1,H3K4me3,hAT-Tag1,-0.01536285188617041,0.5290574172545983,-0.06312953204448797,0.03247405339159821
995,HAP-1,H3K4me3,tRNA,0.012858712263292216,0.6182829367209238,-0.03771396630565294,0.06336569064113812
996,HAP-1,H3K4me3,Penelope,0.0026831741670933942,0.9454399771888802,-0.07405723449291786,0.07939199269895109
997,HAP-1,H3K4me3,TcMar-Tc1,-0.007887258138594219,0.8411737923582163,-0.08485756293192845,0.0691766210741652
998,HAP-1,H3K4me3,Dong-R4,0.02933496277716428,0.5450183057768154,-0.06565470691436581,0.12379773454399541
999,HAP-1,H3K4me3,tRNA-Deu,-0.026834002130254664,0.5843250682866603,-0.12245102528287109,0.06927657502900532
1000,HAP-1,H3K4me3,Kolobok,0.005803558295789799,0.9133547653387583,-0.09849204886094853,0.10997305660292342
1001,HAP-1,H3K4me3,PIF-Harbinger,-0.0022567701516657984,0.9664917251898644,-0.10721159332168333,0.1027477958062307
1002,HAP-1,H3K4me3,Crypton,-0.01264786160815844,0.8322344148113214,-0.12905966780429393,0.10410781246126685
1003,HAP-1,H3K4me3,Merlin,-0.16156695373511012,0.018854048319197292,-0.2911096969402402,-0.02620618253773719
1004,HAP-1,H3K4me3,TcMar,-0.04303233339877413,0.543127356595053,-0.18007615439338684,0.09565023184664025
1005,HAP-1,H3K4me3,L1-Tx1,-0.08323600415249606,0.3335415145452759,-0.24777149156566597,0.08596636289420374
1006,HAP-1,H3K4me3,Crypton-A,0.002119274588949202,0.9808336588279079,-0.16946801232792008,0.17358185943918056
1007,HAP-1,H3K4me3,I-Jockey,0.04370308590492077,0.6518245134314546,-0.14568447208723995,0.2300008363288896
1008,HAP-1,H3K4me3,hAT-Tip100?,0.15106566820276499,0.23727213757962898,-0.10188420125597382,0.3856675858447166
1009,HAP-1,H3K4me3,TcMar-Pogo,0.34750733137829903,0.05131836516607398,-0.012176573404695672,0.6275650742573443
1010,HAP-1,H3K4me3,hAT?,0.003008021390374332,0.986744959233409,-0.34065347693166825,0.345960465197672
1011,HAP-1,H3K4me3,hAT-hAT19,-0.22647058823529412,0.3989829266412891,-0.6532735942501562,0.30955764885634146
1012,HL-60,H3K27ac,Alu,-0.0013859936170875218,0.14597025681488715,-0.0032543889269976657,0.00048241136962443075
1013,HL-60,H3K27ac,L1,0.0001662195887379204,0.9040456997048774,-0.0025362097540378922,0.0028686465036711945
1014,HL-60,H3K27ac,MIR,0.0018429269431431254,0.18552237252931678,-0.0008853464855779931,0.0045711729364823735
1015,HL-60,H3K27ac,L2,-0.0008679321900687866,0.6042845407258315,-0.0041503415751207905,0.002414495897673614
1016,HL-60,H3K27ac,ERVL-MaLR,-0.000518302378679385,0.7962500018631983,-0.004452595710973031,0.0034160069989407735
1017,HL-60,H3K27ac,hAT-Charlie,0.0008536301102401492,0.6890801998537858,-0.0033279911334693894,0.005035221501063576
1018,HL-60,H3K27ac,ERV1,0.0003129333594012185,0.9188999118513508,-0.005710794912733347,0.0063366389218560875
1019,HL-60,H3K27ac,ERVL,0.001348761201841032,0.6662125415251045,-0.004779683779294888,0.007477104871358362
1020,HL-60,H3K27ac,TcMar-Tigger,-0.002286370452072557,0.47217904648025755,-0.00851928720730417,0.003946723956711547
1021,HL-60,H3K27ac,hAT-Tip100,-0.0005319444159184224,0.9023976425910575,-0.009033456843185503,0.007969644905390356
1022,HL-60,H3K27ac,CR1,0.002281649074568224,0.6289221202665922,-0.006972320248946695,0.011535227630186318
1023,HL-60,H3K27ac,Gypsy,-0.006093881858448658,0.44563962297158033,-0.021750851750729702,0.009566076432068854
1024,HL-60,H3K27ac,hAT-Blackjack,-0.001176928203246523,0.8853699033557038,-0.01717615049439616,0.014822896640091588
1025,HL-60,H3K27ac,TcMar-Mariner,-0.003826950492867948,0.6418329320584203,-0.019950447011941652,0.0122985360636859
1026,HL-60,H3K27ac,RTE-X,-0.01366277111563682,0.18471667570202363,-0.03384243322228505,0.006528026683670351
1027,HL-60,H3K27ac,ERVK,0.0014312860722046788,0.9033322952553985,-0.021663731843451266,0.02452477724735933
1028,HL-60,H3K27ac,TcMar-Tc2,0.022315911630203623,0.07159690456798426,-0.001963898972769542,0.04656942676262475
1029,HL-60,H3K27ac,SVA,0.003932666273683307,0.7837111954300414,-0.024145438823818397,0.032004571773681996
1030,HL-60,H3K27ac,RTE-BovB,-0.009623362364470782,0.5146116431997723,-0.03855053971447275,0.01931993075541834
1031,HL-60,H3K27ac,tRNA-RTE,0.011943613961963011,0.4574340633131859,-0.019560398504209854,0.043423932738132234
1032,HL-60,H3K27ac,hAT-Ac,-0.05171798520842037,0.0043730158507459555,-0.08716078097348147,-0.016144424875152063
1033,HL-60,H3K27ac,hAT,0.009389402437199944,0.6263587740376109,-0.028407135997136238,0.04715913054370854
1034,HL-60,H3K27ac,MULE-MuDR,0.03552628981865522,0.08835610370223072,-0.005348559023713469,0.0762826219531627
1035,HL-60,H3K27ac,PiggyBac,0.01870210175184481,0.3932495809149119,-0.02423881878822742,0.06157413837952333
1036,HL-60,H3K27ac,5S-Deu-L2,-0.043790731923776104,0.057647530038098346,-0.08884487021409912,0.0014422343879673966
1037,HL-60,H3K27ac,Helitron,0.015547484112533663,0.5235002053114002,-0.03221858217706982,0.06324269232942757
1038,HL-60,H3K27ac,hAT-Tag1,-0.025547842294612034,0.29487976042210257,-0.07324800787142964,0.02226894193705049
1039,HL-60,H3K27ac,tRNA,0.016804688486706017,0.5147683405030612,-0.033756817441275004,0.06728039476237944
1040,HL-60,H3K27ac,Penelope,-0.015138849977229474,0.6989559506566998,-0.09164465081146128,0.06154462268206565
1041,HL-60,H3K27ac,TcMar-Tc1,0.0024114707305740468,0.9511083198863441,-0.07456374019000975,0.07935811527899718
1042,HL-60,H3K27ac,Dong-R4,0.05502839569087577,0.2559700221543328,-0.04003870638217111,0.14910817199610146
1043,HL-60,H3K27ac,tRNA-Deu,-0.11038332352292458,0.024012126428129405,-0.20441753428992934,-0.01433049704739229
1044,HL-60,H3K27ac,Kolobok,-0.037841371894917264,0.4772539914799764,-0.14140923332267522,0.06654588147694245
1045,HL-60,H3K27ac,PIF-Harbinger,-0.021608378357149804,0.6874804958274432,-0.12631406215777702,0.08357347990238431
1046,HL-60,H3K27ac,Crypton,0.09452606786581692,0.11258259845950405,-0.022578644053722948,0.20907199621727882
1047,HL-60,H3K27ac,Merlin,-0.042886131996459784,0.5355596417809068,-0.1769903362040858,0.09278145332380802
1048,HL-60,H3K27ac,TcMar,0.05200358360197517,0.4634510349021914,-0.08711082698467106,0.18912856694546862
1049,HL-60,H3K27ac,L1-Tx1,-0.0431266531930326,0.6167988743788004,-0.20940332863011657,0.125574021057792
1050,HL-60,H3K27ac,Crypton-A,-0.00184969432007783,0.9832713158373381,-0.1733203435947831,0.1697297944717614
1051,HL-60,H3K27ac,I-Jockey,0.17613752200908167,0.0669394217922151,-0.013844761928948427,0.35384570794326176
1052,HL-60,H3K27ac,hAT-Tip100?,0.04680944055944056,0.7111811248367252,-0.19949667767246307,0.2875521067435312
1053,HL-60,H3K27ac,TcMar-Pogo,0.20967741935483866,0.24941006662614457,-0.1538689571701165,0.5232238657496955
1054,HL-60,H3K27ac,hAT?,0.21457219251336898,0.23047984956370324,-0.1429882789403316,0.5225880543493601
1055,HL-60,H3K27ac,hAT-hAT19,-0.2441176470588235,0.3622134961419501,-0.6644745589347925,0.2935872713114979
1056,MG63,H3K9me3,Alu,-0.00040623987449819074,0.6693766787540321,-0.0022708940435430063,0.0014584171194907854
1057,MG63,H3K9me3,L1,-0.0016361794346916834,0.23434859985922143,-0.0043327344694312885,0.0010603993949815065
1058,MG63,H3K9me3,MIR,0.0017772576595449807,0.20188741844434713,-0.0009522404134240558,0.004506729250980405
1059,MG63,H3K9me3,L2,0.0003943933496177476,0.8137992263486747,-0.0028875800893692644,0.0036763582923280925
1060,MG63,H3K9me3,ERVL-MaLR,-0.0018699508326749602,0.3509804163156841,-0.005799434965832017,0.0020595910487766858
1061,MG63,H3K9me3,hAT-Charlie,0.0020043288501833184,0.34733257915923366,-0.0021758373195182677,0.006184424974337595
1062,MG63,H3K9me3,ERV1,0.00015351830650208977,0.9599552357662877,-0.00583909626823202,0.006146121855132563
1063,MG63,H3K9me3,ERVL,-0.006422027163808835,0.03986789490729764,-0.012546288067735306,-0.00029728446567037984
1064,MG63,H3K9me3,TcMar-Tigger,-0.0008159259499044909,0.7974315003072054,-0.007046275280708633,0.005414486725593548
1065,MG63,H3K9me3,hAT-Tip100,0.0032518603909220518,0.4535934721929685,-0.0052525805726365594,0.011755830990560689
1066,MG63,H3K9me3,CR1,-0.0034016836691821324,0.47106597205528133,-0.012651514538213655,0.00584872933505018
1067,MG63,H3K9me3,Gypsy,0.0023604854359752275,0.7676264959813338,-0.013296429686063626,0.018016243343065973
1068,MG63,H3K9me3,hAT-Blackjack,-0.001656260407203351,0.839059659117998,-0.017638313161550682,0.014326638498236597
1069,MG63,H3K9me3,TcMar-Mariner,0.009778305648762359,0.2345078661963735,-0.006343384397057433,0.025894913873774374
1070,MG63,H3K9me3,RTE-X,-0.023620268885092412,0.021833572755693965,-0.04379025483189478,-0.003431035070182156
1071,MG63,H3K9me3,ERVK,-0.011575591431990873,0.32057496720768963,-0.03440613213913157,0.011267024449669991
1072,MG63,H3K9me3,TcMar-Tc2,0.0183375542442835,0.138700453814331,-0.005939131365704509,0.04259263707509144
1073,MG63,H3K9me3,SVA,0.0384344835668243,0.0069845411697588835,0.010505883458633418,0.06630316548852311
1074,MG63,H3K9me3,RTE-BovB,-0.01248108971610299,0.3981500021792641,-0.04141396309853035,0.016472698148382526
1075,MG63,H3K9me3,tRNA-RTE,-0.025201550828031997,0.1169472950931764,-0.05666522112410744,0.006312127718572324
1076,MG63,H3K9me3,hAT-Ac,0.007331729153966926,0.686102904978009,-0.028220504315592945,0.04286543724144279
1077,MG63,H3K9me3,hAT,-0.019497495333532816,0.31225984209124547,-0.05726557936416061,0.018326315507556753
1078,MG63,H3K9me3,MULE-MuDR,0.004026001547188705,0.8469448206334427,-0.0368433125561435,0.044881870589598465
1079,MG63,H3K9me3,PiggyBac,0.006950914105553279,0.7507418115852216,-0.0359266694534602,0.049802953323943966
1080,MG63,H3K9me3,5S-Deu-L2,0.04213132816858903,0.06779502824850928,-0.0031030861054409963,0.0871936786319753
1081,MG63,H3K9me3,Helitron,0.020420374330276284,0.40178213422300646,-0.027322187394800627,0.06806998808037026
1082,MG63,H3K9me3,hAT-Tag1,0.011332041960721942,0.6427423742167624,-0.036542274063528106,0.059154462678464
1083,MG63,H3K9me3,tRNA,-0.020206735312135918,0.43481086476764597,-0.07082045351615288,0.030510766701922647
1084,MG63,H3K9me3,Penelope,-0.011446451527076303,0.7692977743314005,-0.08774694570950217,0.0649875704999297
1085,MG63,H3K9me3,TcMar-Tc1,-0.12158617628245261,0.001869571976744008,-0.1968080675312053,-0.04494126851647106
1086,MG63,H3K9me3,Dong-R4,0.018527538246930042,0.7023037201049197,-0.07640153812864164,0.11312374833495885
1087,MG63,H3K9me3,tRNA-Deu,-0.0819517091253223,0.09466440199778921,-0.17674865472979448,0.014351671785960298
1088,MG63,H3K9me3,Kolobok,0.05606129923085603,0.29285282356877557,-0.04853898863546563,0.15944527135344944
1089,MG63,H3K9me3,PIF-Harbinger,0.022023518511392986,0.6826703126602186,-0.0834652756471628,0.12702419355206948
1090,MG63,H3K9me3,Crypton,0.07679703632846674,0.1977072615680903,-0.040332385235930704,0.19184443162845038
1091,MG63,H3K9me3,Merlin,-0.11389419210962766,0.09895231417631783,-0.24560436565918062,0.021944996355551933
1092,MG63,H3K9me3,TcMar,-0.03375732253807261,0.6308627695380687,-0.1700440455510212,0.10379652549872537
1093,MG63,H3K9me3,L1-Tx1,-0.07720428185032566,0.3716575758392059,-0.24262527323856548,0.09257939904748372
1094,MG63,H3K9me3,Crypton-A,0.051406355195627786,0.5613442546725935,-0.12197151654152331,0.22173990990198156
1095,MG63,H3K9me3,I-Jockey,0.08085441571680105,0.4032773187701656,-0.10921078464648222,0.265215936469941
1096,MG63,H3K9me3,hAT-Tip100?,0.012225274725274723,0.9236173545148992,-0.23429692513325215,0.2572702200910559
1097,MG63,H3K9me3,TcMar-Pogo,-0.374633431085044,0.034638987425982065,-0.647110949093179,-0.017290473490374776
1098,MG63,H3K9me3,hAT?,0.1437738731856379,0.4172459649718555,-0.206064101410099,0.46102438133882
1099,MG63,H3K9me3,hAT-hAT19,0.6382352941176471,0.007801138631008009,0.15747869258355032,0.87442586019597
1100,MG63,H3K36me3,Alu,-0.000805939657451228,0.39688402783117505,-0.002670445789240225,0.0010585720778682843
1101,MG63,H3K36me3,L1,0.0021113211007334543,0.12492880931230045,-0.0005855587920662377,0.004808170281788751
1102,MG63,H3K36me3,MIR,0.0005370071633474532,0.699770940354537,-0.00219233139791466,0.0032663377239876214
1103,MG63,H3K36me3,L2,0.0006264789413210002,0.7083115505225388,-0.0026555148196386103,0.003908459206116221
1104,MG63,H3K36me3,ERVL-MaLR,-0.00014517959446602656,0.9422709460567129,-0.00407450317895278,0.0037841484730509753
1105,MG63,H3K36me3,hAT-Charlie,0.0017984826539405514,0.3990455784507585,-0.0023813496604936073,0.005978252126541919
1106,MG63,H3K36me3,ERV1,0.0007367548290094099,0.809578279854798,-0.005255710299263992,0.006729167044522437
1107,MG63,H3K36me3,ERVL,0.0012707296258476144,0.6842588521468376,-0.004853762648527446,0.007395126572926592
1108,MG63,H3K36me3,TcMar-Tigger,0.0003709831547232294,0.9070886729486587,-0.0058589740581985825,0.006600911570305581
1109,MG63,H3K36me3,hAT-Tip100,-0.007445585805990085,0.086157398284743,-0.015948646848006297,0.00105855209426705
1110,MG63,H3K36me3,CR1,0.003959245078449781,0.40168227165654247,-0.0052940732894301455,0.013211885473362887
1111,MG63,H3K36me3,Gypsy,-0.0027539513340347987,0.7303188480883828,-0.018411087797644714,0.012904535496148693
1112,MG63,H3K36me3,hAT-Blackjack,0.012910449265611513,0.11333036430141233,-0.0030712337631905832,0.028885538892323714
1113,MG63,H3K36me3,TcMar-Mariner,0.0032239608148479705,0.6950429916533176,-0.012894330389774566,0.019340577010544317
1114,MG63,H3K36me3,RTE-X,0.008764369040063164,0.39484707404233654,-0.011425024370902469,0.028946619513111765
1115,MG63,H3K36me3,ERVK,-0.013600397335126739,0.2432597627272583,-0.036432108804904446,0.009245504994621637
1116,MG63,H3K36me3,TcMar-Tc2,0.008424365920971968,0.49639554523590534,-0.015851308195444953,0.03269011429430507
1117,MG63,H3K36me3,SVA,-0.004725370547550581,0.7403665830030367,-0.03266497742966645,0.02322161590086312
1118,MG63,H3K36me3,RTE-BovB,-0.0074335534136754965,0.6148130171565929,-0.036372835976464915,0.02151818613247203
1119,MG63,H3K36me3,tRNA-RTE,-0.016735537041558737,0.2978235243990497,-0.048211922786929935,0.01477405488553317
1120,MG63,H3K36me3,hAT-Ac,0.02842807627312925,0.11709411563599392,-0.007136561598010502,0.06392088720282225
1121,MG63,H3K36me3,hAT,0.030538708783336296,0.11350226102817647,-0.007292267819780796,0.06828239272730376
1122,MG63,H3K36me3,MULE-MuDR,-0.005649597991233563,0.7864088635877082,-0.04648453346727433,0.035204188102594514
1123,MG63,H3K36me3,PiggyBac,0.01956299939927613,0.37068743661466796,-0.023275780931940653,0.062330069968831545
1124,MG63,H3K36me3,5S-Deu-L2,0.01727798160287773,0.4539099945267855,-0.02794365940131714,0.062429044992973824
1125,MG63,H3K36me3,Helitron,-0.023992296137266236,0.3242675671534031,-0.07159995035634652,0.023724426562761785
1126,MG63,H3K36me3,hAT-Tag1,-0.008105657729111817,0.7398211395462451,-0.05589501529242742,0.0397207547464457
1127,MG63,H3K36me3,tRNA,-0.003158440949842885,0.9028508092099683,-0.0538310386755491,0.047530382065790314
1128,MG63,H3K36me3,Penelope,-0.08796519914117379,0.02393031830143954,-0.16338713988868273,-0.011521009482442444
1129,MG63,H3K36me3,TcMar-Tc1,-0.07025674247072398,0.07279577680944814,-0.14628649696319454,0.0065981414068839355
1130,MG63,H3K36me3,Dong-R4,0.11017961954732908,0.02262595102785776,0.015267237670410381,0.20312419406192508
1131,MG63,H3K36me3,tRNA-Deu,-0.06836484535534391,0.1634717210833578,-0.16343224197801387,0.027960519394548043
1132,MG63,H3K36me3,Kolobok,0.037114479804527395,0.48576255888076925,-0.06726912130882691,0.14069440695843644
1133,MG63,H3K36me3,PIF-Harbinger,0.12113046474619123,0.024034083965062108,0.015665790315353333,0.22392951491290006
1134,MG63,H3K36me3,Crypton,0.05045590621153623,0.39778614282502733,-0.06660722208087032,0.16614885939093613
1135,MG63,H3K36me3,Merlin,-0.1094767474186321,0.11283816189789232,-0.24136488111591248,0.02638222700654584
1136,MG63,H3K36me3,TcMar,0.02823708200418985,0.6877565205330635,-0.10924771488860206,0.16466178600462691
1137,MG63,H3K36me3,L1-Tx1,-0.12488550938431502,0.14593163338997017,-0.2872027913996289,0.04440386797212078
1138,MG63,H3K36me3,Crypton-A,-0.09679044850588955,0.2732990775929089,-0.2649456106124426,0.07707793612684276
1139,MG63,H3K36me3,I-Jockey,0.0571958113242517,0.5546937398724048,-0.13248249491281228,0.24283301416779107
1140,MG63,H3K36me3,hAT-Tip100?,0.01877289377289377,0.8829456749694881,-0.22810987530185642,0.263387431521821
1141,MG63,H3K36me3,TcMar-Pogo,-0.36253665689149556,0.041431489319050344,-0.6384354117928155,-0.004078455641751241
1142,MG63,H3K36me3,hAT?,0.4007639419404125,0.018831984618805274,0.05860983145157581,0.658658421753118
1143,MG63,H3K36me3,hAT-hAT19,0.02941176470588235,0.9138955872505001,-0.47328372956885056,0.5176571840679537
1144,MG63,H3K27me3,Alu,-0.0004517772449334806,0.6348378008468163,-0.002316194965835805,0.0014126436167784667
1145,MG63,H3K27me3,L1,0.002970282783277246,0.03082711875328132,0.0002741940189519495,0.005666328366568057
1146,MG63,H3K27me3,MIR,-0.0002571590074596037,0.8534756715086995,-0.0029862354500155576,0.00247192126566964
1147,MG63,H3K27me3,L2,-0.0008317950740254955,0.6193000725197795,-0.004113073213547574,0.002449500977126247
1148,MG63,H3K27me3,ERVL-MaLR,5.082819329360756e-05,0.9797716489992269,-0.0038781905492808336,0.003979845366579892
1149,MG63,H3K27me3,hAT-Charlie,-0.00045175219031869655,0.8322241579800942,-0.00463118405413803,0.0037276954556623846
1150,MG63,H3K27me3,ERV1,0.0010871807192692688,0.7221099344482329,-0.004904342056785303,0.007078625440271004
1151,MG63,H3K27me3,ERVL,0.0008230578561748995,0.7922048066370786,-0.0053001664933831506,0.006946220487054118
1152,MG63,H3K27me3,TcMar-Tigger,-0.0017289583986785605,0.5864677060251422,-0.007958474628274039,0.004500692025144877
1153,MG63,H3K27me3,hAT-Tip100,-0.0019409536861155936,0.6546199134389159,-0.010444422167850286,0.006562795502690523
1154,MG63,H3K27me3,CR1,0.0030282894268131182,0.5210803779782953,-0.006221387182224198,0.01227744788033256
1155,MG63,H3K27me3,Gypsy,0.0220455385000548,0.005781038267886877,0.006389440334974373,0.03769083155827064
1156,MG63,H3K27me3,hAT-Blackjack,-0.0033077057129450925,0.6848756019615743,-0.01928074398555366,0.012667020599024867
1157,MG63,H3K27me3,TcMar-Mariner,0.0004268971420382891,0.9585873503111384,-0.0156853438412609,0.016538916479670582
1158,MG63,H3K27me3,RTE-X,0.005167486727345613,0.6158302284297943,-0.015016916947894718,0.02534768059525657
1159,MG63,H3K27me3,ERVK,0.017490894474511694,0.1331388741574785,-0.005337911507731944,0.04030147852137266
1160,MG63,H3K27me3,TcMar-Tc2,0.0005964749706829157,0.9615816988699779,-0.023670290525587334,0.024862537987559837
1161,MG63,H3K27me3,SVA,-0.01452910853885308,0.3082476443407273,-0.042457108252836155,0.013421579006082986
1162,MG63,H3K27me3,RTE-BovB,0.0022788080189210134,0.8773631888976337,-0.02666023089402869,0.03121403055793967
1163,MG63,H3K27me3,tRNA-RTE,-0.0016215062806210737,0.9196875933160019,-0.03313164438492246,0.02989185211208265
1164,MG63,H3K27me3,hAT-Ac,0.03047464967725792,0.09285845216079318,-0.005077652312967446,0.06595000908364654
1165,MG63,H3K27me3,hAT,-0.005575958584218595,0.7726131238738678,-0.04337381960748571,0.0322378421555614
1166,MG63,H3K27me3,MULE-MuDR,0.01801131987021818,0.3877149471563477,-0.022863023702173347,0.058825548998503216
1167,MG63,H3K27me3,PiggyBac,0.007614642649599885,0.7278438995433213,-0.03526385024209205,0.05046515215888137
1168,MG63,H3K27me3,5S-Deu-L2,-0.022755686109875606,0.3240671175639055,-0.06790014017122488,0.022481760331410545
1169,MG63,H3K27me3,Helitron,0.027364067306920335,0.2607427201957625,-0.02034000032143131,0.07494382278417089
1170,MG63,H3K27me3,hAT-Tag1,-0.046475885132684025,0.05646984356613994,-0.09404622721017385,0.0013061945917553636
1171,MG63,H3K27me3,tRNA,0.00869932113851627,0.7368058164884914,-0.0420182091936453,0.05937213357756366
1172,MG63,H3K27me3,Penelope,-0.04821306143214988,0.21609172791697032,-0.12411707179892575,0.028251909910095085
1173,MG63,H3K27me3,TcMar-Tc1,0.057174889329788155,0.14444565566981477,-0.019699051612154097,0.13337677926340166
1174,MG63,H3K27me3,Dong-R4,-0.007663348792624946,0.8746874386480197,-0.10259930894842156,0.08741095780937688
1175,MG63,H3K27me3,tRNA-Deu,-0.011714160354374562,0.8114932688021147,-0.10762650045607149,0.0844142161085598
1176,MG63,H3K27me3,Kolobok,0.04944160404443062,0.3529751592780044,-0.054992766503177866,0.15280593555443944
1177,MG63,H3K27me3,PIF-Harbinger,-0.01763037683963856,0.7431138719474601,-0.12254233970938168,0.08767124679966669
1178,MG63,H3K27me3,Crypton,-0.03598778179035693,0.5465592323923644,-0.15198475745581294,0.08098707733265408
1179,MG63,H3K27me3,Merlin,-0.12410554090588943,0.07202035870007097,-0.25538954067113623,0.011672142497261019
1180,MG63,H3K27me3,TcMar,-0.08863586819379961,0.20630132565055262,-0.22321984705661213,0.04926417301189229
1181,MG63,H3K27me3,L1-Tx1,-0.09019053584053645,0.296386005292526,-0.25498004294477894,0.0796900692894778
1182,MG63,H3K27me3,Crypton-A,-0.11591693375904975,0.18907396267275986,-0.2830018458743732,0.05799642822626637
1183,MG63,H3K27me3,I-Jockey,0.14527847280140857,0.1317404258422418,-0.04502621256060328,0.3254082496404593
1184,MG63,H3K27me3,hAT-Tip100?,0.030769230769230767,0.8092765224185838,-0.21673547240254,0.27455726534704217
1185,MG63,H3K27me3,TcMar-Pogo,-0.3079178885630498,0.08643995883637089,-0.5984487330790921,0.05418656666200754
1186,MG63,H3K27me3,hAT?,0.06646294881588999,0.7088061816461395,-0.27830828366010885,0.396061959207756
1187,MG63,H3K27me3,hAT-hAT19,0.31764705882352945,0.23057346362184541,-0.22423578478369657,0.7094956646236521
1188,MG63,H3K4me3,Alu,0.0006423255596905315,0.4997248677847663,-0.0012229769530957442,0.002507623602730351
1189,MG63,H3K4me3,L1,0.00011380102037663624,0.9340832107255991,-0.0025829610080496004,0.0028105613935622362
1190,MG63,H3K4me3,MIR,0.0028275180553767815,0.042343174248307545,9.7722919260238e-05,0.005557271051713551
1191,MG63,H3K4me3,L2,-0.00021191620982704185,0.8992957981708976,-0.0034939662162169934,0.0030701383620296663
1192,MG63,H3K4me3,ERVL-MaLR,0.004609537976982365,0.0215172475449379,0.0006793899407510349,0.008539543616914036
1193,MG63,H3K4me3,hAT-Charlie,0.0016868768115068389,0.4290452372629052,-0.0024938390115705642,0.00586753366748414
1194,MG63,H3K4me3,ERV1,-0.004537388071137603,0.13783820302321048,-0.010530217971127605,0.0014557677648913373
1195,MG63,H3K4me3,ERVL,0.002513249200247732,0.4212748029237403,-0.0036118661930718593,0.0086381760188476
1196,MG63,H3K4me3,TcMar-Tigger,-0.0023998485775502667,0.4503207986770186,-0.008630616329129084,0.003831105516757807
1197,MG63,H3K4me3,hAT-Tip100,0.002153094862859028,0.6197589414182962,-0.006351624758322161,0.010657503026198322
1198,MG63,H3K4me3,CR1,-0.006327995350840606,0.18005993316151644,-0.015578820746147271,0.002923913286134679
1199,MG63,H3K4me3,Gypsy,-0.007697645572802381,0.3352673565531006,-0.023351964479373113,0.007960447201542422
1200,MG63,H3K4me3,hAT-Blackjack,0.011803999340718182,0.1477442937874868,-0.004179323071819537,0.02778129213325857
1201,MG63,H3K4me3,TcMar-Mariner,0.002027220126397387,0.8053522105806596,-0.014095743424005706,0.01814912978980579
1202,MG63,H3K4me3,RTE-X,-0.008684575232534063,0.3992151239125009,-0.0288690202598859,0.011506949207929277
1203,MG63,H3K4me3,ERVK,-0.0028795712653400776,0.8049095823397406,-0.025724555429351172,0.01996841897700836
1204,MG63,H3K4me3,TcMar-Tc2,-0.0020836060509219936,0.8664470732423749,-0.026361749337471894,0.022196993767326284
1205,MG63,H3K4me3,SVA,0.009826868002055034,0.4910536141300281,-0.018142458254200376,0.03778082643428653
1206,MG63,H3K4me3,RTE-BovB,-0.012294348973309058,0.40534939641598555,-0.04123378996423703,0.016665702618341816
1207,MG63,H3K4me3,tRNA-RTE,0.0031176613302608797,0.8461871108327548,-0.028376667164647745,0.03460580620818829
1208,MG63,H3K4me3,hAT-Ac,-0.022715068554553772,0.21061986395092616,-0.05822871352429169,0.012855996033600464
1209,MG63,H3K4me3,hAT,0.019873734675922367,0.30301252603183204,-0.01795019415127952,0.057640861763643005
1210,MG63,H3K4me3,MULE-MuDR,-0.0076594186972371485,0.7132774349055178,-0.048481322681257266,0.033188030497168224
1211,MG63,H3K4me3,PiggyBac,-0.03016926023460349,0.16777684540512514,-0.07294078252557644,0.012713032227559627
1212,MG63,H3K4me3,5S-Deu-L2,0.021344757570465767,0.3552345477507718,-0.02391602319056508,0.06651821616239129
1213,MG63,H3K4me3,Helitron,-0.006047753262354386,0.8036808277044589,-0.05368724509806272,0.041619206413891274
1214,MG63,H3K4me3,hAT-Tag1,-0.00019999751096036852,0.993468212739093,-0.04805250375663465,0.047653424685825035
1215,MG63,H3K4me3,tRNA,-0.012328120583898046,0.6335277263347697,-0.06293797737420846,0.038344978185329205
1216,MG63,H3K4me3,Penelope,-0.05287621715658881,0.1751765928168811,-0.12878364668297226,0.023647218537838324
1217,MG63,H3K4me3,TcMar-Tc1,0.03832656621030764,0.3288809821340033,-0.03865830241105723,0.11485914166792255
1218,MG63,H3K4me3,Dong-R4,-0.034904281343774705,0.4719152764260407,-0.12940209863680055,0.06022182518995345
1219,MG63,H3K4me3,tRNA-Deu,-0.09159904436857312,0.061647709093108925,-0.18618799312335313,0.004672258669128295
1220,MG63,H3K4me3,Kolobok,-0.05301718891931704,0.3192025100890259,-0.15631462044844024,0.05142745768081158
1221,MG63,H3K4me3,PIF-Harbinger,0.054375052009605324,0.31179997815481525,-0.05112553115297965,0.15867542757721423
1222,MG63,H3K4me3,Crypton,0.02598480758256082,0.6633658032019074,-0.09090768744852357,0.14217101103286656
1223,MG63,H3K4me3,Merlin,-0.03224044797898968,0.6414598566321148,-0.1666179273918128,0.10331279261921561
1224,MG63,H3K4me3,TcMar,-0.046093242338240595,0.5116515283869588,-0.1820496081666615,0.09159245924776992
1225,MG63,H3K4me3,L1-Tx1,0.0010328890480825277,0.9904780543854328,-0.16732913032943636,0.16933637265191612
1226,MG63,H3K4me3,Crypton-A,-0.08063549201974896,0.36177258488426955,-0.2496242970661945,0.09311965149480406
1227,MG63,H3K4me3,I-Jockey,-0.0040126030951719025,0.9669690468922907,-0.19197016885093182,0.18422891039634892
1228,MG63,H3K4me3,hAT-Tip100?,0.10993589743589742,0.3871603404851721,-0.14038935293522037,0.34705081165039914
1229,MG63,H3K4me3,TcMar-Pogo,-0.13233137829912023,0.47030618412167435,-0.4610611745041804,0.22833675012263244
1230,MG63,H3K4me3,hAT?,0.2357524828113063,0.17951402442484957,-0.11608019600386121,0.5350180959523971
1231,MG63,H3K4me3,hAT-hAT19,0.02647058823529412,0.9224805705017287,-0.4755474090858023,0.5154827882170895
1232,VCaP,CTCF,Alu,0.0005965645015178149,0.5300429998039308,-0.0012654672859968422,0.002458592152268199
1233,VCaP,CTCF,L1,-0.0021676829926422525,0.11496694177199761,-0.004863018627017472,0.0005276841379640065
1234,VCaP,CTCF,MIR,-0.0007969957345278138,0.5665284839781,-0.0035223153820754345,0.0019283357522386832
1235,VCaP,CTCF,L2,-0.001561665109702397,0.35078737567964546,-0.004842020997427463,0.001718724387777018
1236,VCaP,CTCF,ERVL-MaLR,-0.00024801971050376984,0.9014111139424001,-0.00417206955056271,0.0036760377676684232
1237,VCaP,CTCF,hAT-Charlie,0.0016724024375947717,0.43229810820127956,-0.002501794531151778,0.005846541127378324
1238,VCaP,CTCF,ERV1,0.0020074998611672498,0.5106838517504827,-0.003974240863399545,0.00798909692700852
1239,VCaP,CTCF,ERVL,0.0026135085748618396,0.4023084619918029,-0.0035027442672054794,0.008729565886718386
1240,VCaP,CTCF,TcMar-Tigger,-0.0010640023802980128,0.7375273260704533,-0.007286579270486394,0.00515865690840467
1241,VCaP,CTCF,hAT-Tip100,0.0029354058834717323,0.4982550687895628,-0.005559832943369449,0.01143022103669249
1242,VCaP,CTCF,CR1,0.00775818380628932,0.10000238695523983,-0.0014865003031186326,0.01700154193239031
1243,VCaP,CTCF,Gypsy,-0.0013504781349351746,0.8656936391211476,-0.016999040572139572,0.01429874573486783
1244,VCaP,CTCF,hAT-Blackjack,0.00828523296477018,0.30896372259295724,-0.007676293175189385,0.024242538268505726
1245,VCaP,CTCF,TcMar-Mariner,-0.002748455045913155,0.7378276064052889,-0.018839678757447752,0.01334419210336083
1246,VCaP,CTCF,RTE-X,0.016855253069396274,0.10162430078705774,-0.003326804718952229,0.03702358548619423
1247,VCaP,CTCF,ERVK,-0.02382678054392166,0.04041683090186528,-0.046591048177657926,-0.0010377773928765507
1248,VCaP,CTCF,TcMar-Tc2,-0.0028298423547660537,0.8191143065487947,-0.027077731603819762,0.02142137504665462
1249,VCaP,CTCF,SVA,-0.006036497322754075,0.6717220706604301,-0.03394360790811183,0.021880019305042155
1250,VCaP,CTCF,RTE-BovB,-0.008696375231548146,0.5556285326672478,-0.037602657361658805,0.02022444822430406
1251,VCaP,CTCF,tRNA-RTE,0.012204263295187721,0.44744077981914065,-0.019283595054988223,0.04366793593806829
1252,VCaP,CTCF,hAT-Ac,0.039362165319256265,0.02985460985323439,0.003832736933591004,0.07479234064435095
1253,VCaP,CTCF,hAT,-0.028668399419511346,0.136853032774091,-0.06636886144904847,0.009113800691947215
1254,VCaP,CTCF,MULE-MuDR,0.006240578309170498,0.7645447073780651,-0.03458738339456304,0.04704774467966836
1255,VCaP,CTCF,PiggyBac,-0.0051417343170059625,0.814050175026481,-0.04795686790396691,0.03769225906540608
1256,VCaP,CTCF,5S-Deu-L2,0.035028864697863794,0.12864079753861585,-0.010173509436364145,0.08008837018240313
1257,VCaP,CTCF,Helitron,0.0102185258566326,0.6739204046813396,-0.037371118705569355,0.05776192525880304
1258,VCaP,CTCF,hAT-Tag1,0.03728737243657835,0.12601764806786314,-0.010501341546200405,0.08490614487675507
1259,VCaP,CTCF,tRNA,-0.015463263797741081,0.5487569855905734,-0.06592727526565531,0.035079647677574245
1260,VCaP,CTCF,Penelope,0.009782823178604814,0.8017788832747688,-0.06652763372935284,0.08597950272321908
1261,VCaP,CTCF,TcMar-Tc1,0.02023694666568273,0.6051650973721294,-0.056466134334398475,0.09670254507498051
1262,VCaP,CTCF,Dong-R4,-0.025498744531637182,0.5988430897924073,-0.12001075780639944,0.06947131038331288
1263,VCaP,CTCF,tRNA-Deu,-0.052764481482870385,0.28179676903558254,-0.14799637626785017,0.04343690981229031
1264,VCaP,CTCF,Kolobok,0.026750685646745296,0.6159342831912129,-0.07771972822556317,0.1306400139911769
1265,VCaP,CTCF,PIF-Harbinger,0.06752941998471612,0.2082237357083667,-0.03783794925114274,0.17141168958821915
1266,VCaP,CTCF,Crypton,0.06880148691868361,0.24863753477474232,-0.048320765043568296,0.18405739736615415
1267,VCaP,CTCF,Merlin,-0.06613697805553026,0.3378987561451722,-0.19925379476905994,0.06937642641679492
1268,VCaP,CTCF,TcMar,0.021103987508770804,0.7650453046001875,-0.11696093420814759,0.15836865111160334
1269,VCaP,CTCF,L1-Tx1,0.009658634141332284,0.9108089955224354,-0.15831715555886713,0.17709108275306867
1270,VCaP,CTCF,Crypton-A,0.08868657023553542,0.3137799705027244,-0.08445642697146219,0.2566309527191009
1271,VCaP,CTCF,I-Jockey,-0.18028912983041426,0.060658508044261705,-0.35765187214793726,0.00962742551706599
1272,VCaP,CTCF,hAT-Tip100?,0.11904761904761903,0.34878534612669276,-0.1314552356456442,0.35525942849471837
1273,VCaP,CTCF,TcMar-Pogo,0.012096774193548385,0.9476091665620759,-0.33803479435009504,0.3592868908540752
1274,VCaP,CTCF,hAT?,0.03896103896103896,0.8268328554271035,-0.3033206773560605,0.3723376492185802
1275,VCaP,CTCF,hAT-hAT19,0.2029411764705882,0.45096124172270946,-0.33047957514520065,0.6381004016505516
1276,VCaP,H3K27ac,Alu,-0.0006121182504344199,0.5194305297607525,-0.002474402164556054,0.001250169909474779
1277,VCaP,H3K27ac,L1,-0.0014252899329881563,0.3000468879778088,-0.004120850470203178,0.001270291316874267
1278,VCaP,H3K27ac,MIR,-0.0006794692870200603,0.6251047471847211,-0.003404914000557341,0.0020459855208214296
1279,VCaP,H3K27ac,L2,0.0008805691692005499,0.5988126994400056,-0.0023998997974714158,0.004161019183518223
1280,VCaP,H3K27ac,ERVL-MaLR,-0.0005442234461514488,0.7857741319197616,-0.004468590523017274,0.0033801603935881444
1281,VCaP,H3K27ac,hAT-Charlie,-0.0010011260530599546,0.6383281577157509,-0.005175585013348055,0.0031733677990154197
1282,VCaP,H3K27ac,ERV1,-0.0030814082157329522,0.3127197342817318,-0.009063638873098696,0.0029010430010855486
1283,VCaP,H3K27ac,ERVL,-0.005626430021170735,0.07143134615369454,-0.011743243617054469,0.0004908046473819301
1284,VCaP,H3K27ac,TcMar-Tigger,-0.005357035343294768,0.09156454381154443,-0.011579756427738178,0.0008661006537243203
1285,VCaP,H3K27ac,hAT-Tip100,-0.0021110618098476373,0.6262228988158435,-0.010605962955276908,0.006384144030433264
1286,VCaP,H3K27ac,CR1,0.0014363596869368092,0.7607315544642048,-0.007808289994516162,0.010680763861613929
1287,VCaP,H3K27ac,Gypsy,-0.0057651163857423355,0.47031273370372884,-0.02141322665603739,0.009885817819403609
1288,VCaP,H3K27ac,hAT-Blackjack,0.0056315022443935514,0.4893520498730547,-0.010334025600892808,0.021594159596604916
1289,VCaP,H3K27ac,TcMar-Mariner,0.0020579098049710513,0.8021389744801711,-0.01403785406337282,0.018152607439171516
1290,VCaP,H3K27ac,RTE-X,0.0009452418986638305,0.9268623618405436,-0.019235692536443944,0.021125406424904132
1291,VCaP,H3K27ac,ERVK,-0.01544160673913961,0.18426299675020755,-0.0382220079060735,0.00735483627984097
1292,VCaP,H3K27ac,TcMar-Tc2,0.016755968597591916,0.17574824848485177,-0.007502193917255507,0.04099442121899108
1293,VCaP,H3K27ac,SVA,-0.015351381249614089,0.28108280302094724,-0.04324424111727593,0.012565391838893086
1294,VCaP,H3K27ac,RTE-BovB,0.010339748762800699,0.48347609512896117,-0.01858177066972136,0.039243979232834986
1295,VCaP,H3K27ac,tRNA-RTE,0.0013213206420904585,0.9344255599770969,-0.030147051298098176,0.03278707589749725
1296,VCaP,H3K27ac,hAT-Ac,-0.04029302873765259,0.026138274971003565,-0.07570844359674962,-0.004776084084893378
1297,VCaP,H3K27ac,hAT,0.009438966275324655,0.6243452441368398,-0.028336554845217403,0.04718756557498774
1298,VCaP,H3K27ac,MULE-MuDR,-0.021868608841540273,0.29395864442020764,-0.06264515468652497,0.018980824892394128
1299,VCaP,H3K27ac,PiggyBac,0.00631572393026201,0.7726514552993989,-0.03651999129970879,0.049128273345955153
1300,VCaP,H3K27ac,5S-Deu-L2,0.03868397547708557,0.09323109460648735,-0.00650470387428958,0.0837149834736414
1301,VCaP,H3K27ac,Helitron,-0.04434111401637693,0.06774366472267626,-0.09174108747998122,0.003259343829195093
1302,VCaP,H3K27ac,hAT-Tag1,0.03359600091881422,0.16806760482972916,-0.014193667531886535,0.08123253164694415
1303,VCaP,H3K27ac,tRNA,-0.03605415637818362,0.16197668012927027,-0.08642558825100945,0.014501141402536078
1304,VCaP,H3K27ac,Penelope,-0.03506465546210339,0.36844160859912845,-0.11110739724250826,0.041386287721538996
1305,VCaP,H3K27ac,TcMar-Tc1,0.035910526847924513,0.35882964614699386,-0.0408341619132887,0.11223398631963187
1306,VCaP,H3K27ac,Dong-R4,-0.032916647391095795,0.49702544773171653,-0.12733158163502292,0.062089451681760166
1307,VCaP,H3K27ac,tRNA-Deu,-0.04915474450099391,0.3160694230460904,-0.14444596625546677,0.04703981351657616
1308,VCaP,H3K27ac,Kolobok,0.09186447485924708,0.08391451364062337,-0.012561730214934713,0.19430844964571162
1309,VCaP,H3K27ac,PIF-Harbinger,-0.022650485748696766,0.6732571225890007,-0.12734110464375217,0.08253926071806816
1310,VCaP,H3K27ac,Crypton,-0.02177937102778664,0.7157411184583633,-0.13824575241281817,0.09528115534325816
1311,VCaP,H3K27ac,Merlin,-0.08055721210197284,0.2428490786522049,-0.21320393492531314,0.05500558781599926
1312,VCaP,H3K27ac,TcMar,-0.10514696152153949,0.13543608115397823,-0.23975105079479664,0.033423409914616634
1313,VCaP,H3K27ac,L1-Tx1,-0.036949701134055414,0.6681641922799879,-0.2034600720794928,0.13163798018770315
1314,VCaP,H3K27ac,Crypton-A,-0.019057456631104912,0.8289474778396773,-0.18997715721417874,0.1529834268947953
1315,VCaP,H3K27ac,I-Jockey,-0.003938467241219535,0.9675789841755338,-0.19189873592677986,0.18430050311084237
1316,VCaP,H3K27ac,hAT-Tip100?,-0.14775641025641026,0.24395318200216262,-0.38094073630016095,0.10309998435690826
1317,VCaP,H3K27ac,TcMar-Pogo,-0.3955278592375366,0.025046470497791212,-0.6619401169355753,-0.040391498702925036
1318,VCaP,H3K27ac,hAT?,0.2953399541634836,0.08993103581970875,-0.05515179271363743,0.5810330054943798
1319,VCaP,H3K27ac,hAT-hAT19,-0.047058823529411764,0.8626036946668731,-0.5306077414822763,0.45959953959144045
1320,C4-2B,CTCF,Alu,-8.794186501402249e-05,0.9264742817389408,-0.001955731742505965,0.0017798486260729714
1321,C4-2B,CTCF,L1,0.001319938580568335,0.33809353665038866,-0.0013806864916022725,0.004020544399226513
1322,C4-2B,CTCF,MIR,2.906380199554851e-05,0.9833430586206846,-0.002699366968059215,0.0027574941393290545
1323,C4-2B,CTCF,L2,0.0007508749909758443,0.6538960173969202,-0.00253152928636692,0.004033263088267867
1324,C4-2B,CTCF,ERVL-MaLR,0.00020953470299295578,0.9168711791691095,-0.003725087653958681,0.0041441505722354674
1325,C4-2B,CTCF,hAT-Charlie,-0.00353494300594935,0.09760297981492982,-0.00771714550183949,0.0006473831532300145
1326,C4-2B,CTCF,ERV1,-0.0026876844782708414,0.38161166537989477,-0.008708286865529415,0.0033331127612105205
1327,C4-2B,CTCF,ERVL,-0.002667625872852498,0.39364214543658005,-0.00879670466443946,0.0034616533486843035
1328,C4-2B,CTCF,TcMar-Tigger,0.0020255543496083685,0.5242635492117651,-0.004208890969803446,0.008259842212608497
1329,C4-2B,CTCF,hAT-Tip100,0.001294115305031377,0.7654334901464308,-0.007207200330593294,0.009795243886904675
1330,C4-2B,CTCF,CR1,0.0001406195997063873,0.976240922454862,-0.009113408663350168,0.009394623778332832
1331,C4-2B,CTCF,Gypsy,0.006687516365331855,0.4025898334245527,-0.008972498388988805,0.02234425161952827
1332,C4-2B,CTCF,hAT-Blackjack,0.001236979922824441,0.8795247191168438,-0.014757530163579472,0.017230857134126084
1333,C4-2B,CTCF,TcMar-Mariner,0.0001938167989609523,0.9812416888077127,-0.01596154773515305,0.01634908016296247
1334,C4-2B,CTCF,RTE-X,-0.0036699519964705587,0.7216311546688792,-0.023855237056437655,0.016518324159499425
1335,C4-2B,CTCF,ERVK,-0.0064300939766560325,0.5844577059425513,-0.029467531642697598,0.016614171198835157
1336,C4-2B,CTCF,TcMar-Tc2,-0.01100008499912992,0.3752710124767761,-0.035304430325369375,0.01331726438074469
1337,C4-2B,CTCF,SVA,0.01192745187033529,0.4046340271050023,-0.01612551087026332,0.03996165143491107
1338,C4-2B,CTCF,RTE-BovB,0.042876525877260874,0.0036714393630414483,0.01394645814502163,0.07173486877338046
1339,C4-2B,CTCF,tRNA-RTE,-0.01265624006744689,0.43097737829133587,-0.04413137642780295,0.01884399698597401
1340,C4-2B,CTCF,hAT-Ac,0.006836322212766865,0.7065229061432516,-0.028744746754987005,0.04240008905084152
1341,C4-2B,CTCF,hAT,-0.00293484988095352,0.8791386326393317,-0.04074415622335441,0.03488284938837385
1342,C4-2B,CTCF,MULE-MuDR,0.01768924471143164,0.3959515578385544,-0.023158281110754703,0.058477807562229096
1343,C4-2B,CTCF,PiggyBac,-0.027147867369040547,0.21530643819972642,-0.07000217907379258,0.015806464462882832
1344,C4-2B,CTCF,5S-Deu-L2,-0.0003419342810119687,0.9881694896402997,-0.04551366795961398,0.044831194864762114
1345,C4-2B,CTCF,Helitron,-0.009286624786533823,0.7032554302023513,-0.05701580601031267,0.038484908885329065
1346,C4-2B,CTCF,hAT-Tag1,-0.01574101837418508,0.5188405300355226,-0.0634922195311596,0.032082093327024205
1347,C4-2B,CTCF,tRNA,-0.0286905112028867,0.2661540176106417,-0.07913219286593595,0.021897713404119935
1348,C4-2B,CTCF,Penelope,0.02255913943115694,0.5646935341595196,-0.054210651728838315,0.09906380486030666
1349,C4-2B,CTCF,TcMar-Tc1,-0.07211203230506429,0.06573996864735158,-0.14817377014138042,0.004797811640683499
1350,C4-2B,CTCF,Dong-R4,-0.04823144469153938,0.3195022759969332,-0.1424215431178435,0.046824329952652066
1351,C4-2B,CTCF,tRNA-Deu,0.08471828171300311,0.08363137316838486,-0.011460983723300282,0.17934434629399024
1352,C4-2B,CTCF,Kolobok,-0.04846117926168825,0.3632967915990487,-0.15198887193490765,0.056118350126175456
1353,C4-2B,CTCF,PIF-Harbinger,0.019100150218481306,0.7221606871900437,-0.0860620257338353,0.12384140325154236
1354,C4-2B,CTCF,Crypton,0.04572179337191262,0.44358341819821434,-0.07131648000857478,0.16151817149244274
1355,C4-2B,CTCF,Merlin,-0.024672156749434078,0.7216091018848345,-0.15923032059914824,0.11078595344642572
1356,C4-2B,CTCF,TcMar,-0.04853576649292824,0.4927469380276922,-0.18542386972816918,0.09020020479196435
1357,C4-2B,CTCF,L1-Tx1,-0.007990133679613853,0.9261683651402723,-0.1754730980105962,0.15994231754664093
1358,C4-2B,CTCF,Crypton-A,-0.001726108622018742,0.9844497357709018,-0.17386065342173598,0.17051078754235305
1359,C4-2B,CTCF,I-Jockey,-0.056667593364841076,0.5583615662057957,-0.24233157146106357,0.13300028319547016
1360,C4-2B,CTCF,hAT-Tip100?,-0.05292832167832168,0.6754092941945109,-0.2932037651785675,0.19363604310453109
1361,C4-2B,CTCF,TcMar-Pogo,0.33394428152492667,0.06176986814990998,-0.026698115432191197,0.617668506418684
1362,C4-2B,CTCF,hAT?,-0.22459893048128346,0.20889773707277667,-0.5304833960741254,0.1330360702693524
1363,C4-2B,CTCF,hAT-hAT19,-0.0058823529411764705,0.9827505044191351,-0.5001328749026314,0.49125900286792273
1364,C4-2B,H3K27ac,Alu,0.0009413923545195113,0.3231659841844924,-0.0009261649973084772,0.0028089431396438745
1365,C4-2B,H3K27ac,L1,0.00033344755571001214,0.8089695611311787,-0.002369879810529323,0.0030367700483022227
1366,C4-2B,H3K27ac,MIR,0.0014777195052411247,0.2966401603620237,-0.0012973838602710476,0.0042528001104672345
1367,C4-2B,H3K27ac,L2,-0.0009043029148161633,0.5893137918766234,-0.004187536020771212,0.0023789496873534996
1368,C4-2B,H3K27ac,ERVL-MaLR,0.0012480104931533195,0.5346508473666156,-0.002691381203063264,0.00518736345442265
1369,C4-2B,H3K27ac,hAT-Charlie,-0.001683397217649896,0.43472152454143387,-0.005907177599411266,0.0025404432298283615
1370,C4-2B,H3K27ac,ERV1,0.004570291723604743,0.137887777521277,-0.0014670852196655981,0.010607335504763088
1371,C4-2B,H3K27ac,ERVL,0.0018783466584220677,0.5486899969365888,-0.004260291709638022,0.008016843466219963
1372,C4-2B,H3K27ac,TcMar-Tigger,0.0013825435417126866,0.6682039036726126,-0.0049395210746882474,0.007704497643448396
1373,C4-2B,H3K27ac,hAT-Tip100,-0.0018789096740509977,0.666547071887815,-0.010425040763376638,0.006667495882491991
1374,C4-2B,H3K27ac,CR1,-0.001780706210422248,0.7068876590972768,-0.011061587030284974,0.0075004813819172095
1375,C4-2B,H3K27ac,Gypsy,0.001284508375768699,0.872568714886105,-0.01441079562558491,0.016979179543411937
1376,C4-2B,H3K27ac,hAT-Blackjack,0.011664678226541067,0.16342423532539418,-0.0047408524879235725,0.028063931592868588
1377,C4-2B,H3K27ac,TcMar-Mariner,0.00124681245000877,0.8863969185009579,-0.015857226135720385,0.01835012156040058
1378,C4-2B,H3K27ac,RTE-X,-0.014840816134404052,0.14972091228962633,-0.035022701078489676,0.005353168303088219
1379,C4-2B,H3K27ac,ERVK,-0.006112782101981128,0.603887899595156,-0.02919835850184595,0.01697931192002278
1380,C4-2B,H3K27ac,TcMar-Tc2,0.007325636323712371,0.5635369313674403,-0.017532280828081635,0.03217450302953783
1381,C4-2B,H3K27ac,SVA,0.01467042200676219,0.30563971289543806,-0.013400420775118877,0.04271815907634808
1382,C4-2B,H3K27ac,RTE-BovB,0.0026945360244856817,0.8552495220091578,-0.02625111694493557,0.0316356744268904
1383,C4-2B,H3K27ac,tRNA-RTE,-0.0010078404045195193,0.9505819005072242,-0.03287060317370857,0.030856968889205583
1384,C4-2B,H3K27ac,hAT-Ac,-0.032074302040839664,0.07810856246881398,-0.06768559554386287,0.0036186128529628932
1385,C4-2B,H3K27ac,hAT,0.01385125562037556,0.4807974441737637,-0.024656896395460228,0.052318364107681155
1386,C4-2B,H3K27ac,MULE-MuDR,-0.05217136727140876,0.012373638487158993,-0.09289061173230555,-0.011277902198982807
1387,C4-2B,H3K27ac,PiggyBac,-0.007496395031790255,0.7394339089070585,-0.051632201048062765,0.03666863746245897
1388,C4-2B,H3K27ac,5S-Deu-L2,-0.0021946340224885145,0.9248258758593241,-0.04775123740748244,0.0433710807332497
1389,C4-2B,H3K27ac,Helitron,0.0031045171402275256,0.8997536383749165,-0.04517439250341543,0.0513689586345744
1390,C4-2B,H3K27ac,hAT-Tag1,0.004061280190610174,0.8678505844543285,-0.04375764814905841,0.05186164198356938
1391,C4-2B,H3K27ac,tRNA,-0.025219518318895108,0.33325514028603953,-0.07618751924918353,0.02587993149952736
1392,C4-2B,H3K27ac,Penelope,-0.0030358766185415004,0.9385662653182505,-0.0800975106088964,0.0740618316622967
1393,C4-2B,H3K27ac,TcMar-Tc1,-0.01641757755635075,0.6857128672771637,-0.09568328003606708,0.06305502416084449
1394,C4-2B,H3K27ac,Dong-R4,-0.025236251941025988,0.6026122044271172,-0.11975155909655721,0.06973238460840815
1395,C4-2B,H3K27ac,tRNA-Deu,0.005816615602732197,0.9067567185279631,-0.09132040518456415,0.10284399005687363
1396,C4-2B,H3K27ac,Kolobok,0.061508642445159786,0.2601572068466973,-0.045727544557083506,0.16734336570218084
1397,C4-2B,H3K27ac,PIF-Harbinger,-0.08015480591281499,0.14141662392385707,-0.1854136011743769,0.026922494880754842
1398,C4-2B,H3K27ac,Crypton,-0.05905845827212633,0.3409929151865392,-0.17906800284184937,0.06268282833821244
1399,C4-2B,H3K27ac,Merlin,-0.010164399407825018,0.8898916530189513,-0.15305564229837215,0.13314316736552922
1400,C4-2B,H3K27ac,TcMar,0.04497172075321956,0.5421888822224505,-0.09962430143595606,0.1877076341906262
1401,C4-2B,H3K27ac,L1-Tx1,0.0063122989495781184,0.9416411385624042,-0.16157588523119762,0.1738453791301636
1402,C4-2B,H3K27ac,Crypton-A,-0.06276641687002622,0.494013864473306,-0.23875738587570042,0.11721657967762696
1403,C4-2B,H3K27ac,I-Jockey,-0.031285330367899176,0.7467392762668958,-0.2181479112823876,0.15779010823050268
1404,C4-2B,H3K27ac,hAT-Tip100?,-0.00847069597069597,0.9470345881258578,-0.25375583460728535,0.23783804510800466
1405,C4-2B,H3K27ac,TcMar-Pogo,0.11625615763546797,0.5481316894711741,-0.2625944217561547,0.46405067538494726
1406,C4-2B,H3K27ac,hAT?,0.16945187165775402,0.34581648231955997,-0.18706706438073314,0.486527391386475
1407,C4-2B,H3K27ac,hAT-hAT19,-0.29090909090909095,0.38545696969136556,-0.764526622772944,0.3866895902187319
1408,RWPE2,CTCF,Alu,0.0007679645563495398,0.41935493874108787,-0.0010959450470348158,0.00263186882368406
1409,RWPE2,CTCF,L1,-0.0014037509881410634,0.30736147250969187,-0.004099041617882288,0.0012915600371498992
1410,RWPE2,CTCF,MIR,8.019874090443542e-07,0.9995400766924285,-0.002726099157319453,0.0027277031202104017
1411,RWPE2,CTCF,L2,0.00024549721853987534,0.8833789957422595,-0.003034713981128553,0.0035257031352216622
1412,RWPE2,CTCF,ERVL-MaLR,0.002488446321735405,0.21409509483773684,-0.0014372960031006916,0.006414111946449042
1413,RWPE2,CTCF,hAT-Charlie,0.0005982916963347386,0.7788887417022424,-0.003578215414153463,0.00477477793466241
1414,RWPE2,CTCF,ERV1,-0.002329381670213158,0.4455955682761993,-0.008314585630729144,0.003655989185187248
1415,RWPE2,CTCF,ERVL,0.0002702853589563636,0.9310072414418372,-0.005848443654382863,0.0063889941340178735
1416,RWPE2,CTCF,TcMar-Tigger,0.004603081253775946,0.14724910778941314,-0.0016218808098056375,0.010827686590039512
1417,RWPE2,CTCF,hAT-Tip100,0.011606264813679724,0.007417279298231579,0.0031102458312235073,0.02010060836619274
1418,RWPE2,CTCF,CR1,-0.0030472650709210836,0.5183095252847013,-0.012292818529295958,0.006198809383661898
1419,RWPE2,CTCF,Gypsy,-0.015335272352547285,0.054781262963935345,-0.030978170795750076,0.000315136550857607
1420,RWPE2,CTCF,hAT-Blackjack,-0.0006682043253797042,0.9346595912571574,-0.016641511306605353,0.015305443643315018
1421,RWPE2,CTCF,TcMar-Mariner,0.005038120642738727,0.5399923681911953,-0.011075012961889156,0.021148638480162015
1422,RWPE2,CTCF,RTE-X,-0.01772468394883007,0.08511340181696142,-0.03788900270363563,0.0024540633567739765
1423,RWPE2,CTCF,ERVK,-0.018619481167165403,0.10958519703959987,-0.041410250271756044,0.004190653717478809
1424,RWPE2,CTCF,TcMar-Tc2,0.007499726534196584,0.5444972642580919,-0.016755216975638827,0.03174584854470747
1425,RWPE2,CTCF,SVA,-0.03248941396307091,0.02260315753601516,-0.060371557685911834,-0.0045566095336844305
1426,RWPE2,CTCF,RTE-BovB,-0.01736253067921272,0.23925915591024377,-0.046253533162291076,0.011557494331852982
1427,RWPE2,CTCF,tRNA-RTE,0.007417592746088274,0.6444545620891658,-0.02408399851047343,0.03890446837001401
1428,RWPE2,CTCF,hAT-Ac,-0.0013641808620835408,0.9399987552990439,-0.03687179463128375,0.03414687313971275
1429,RWPE2,CTCF,hAT,0.01761389369407354,0.36096162349712513,-0.020181071570390355,0.05535858882956361
1430,RWPE2,CTCF,MULE-MuDR,0.001425003119311884,0.9454375425166405,-0.03936952936829809,0.042214793185724984
1431,RWPE2,CTCF,PiggyBac,0.01540310332691168,0.48103486610641244,-0.027442948195781507,0.0581926624668269
1432,RWPE2,CTCF,5S-Deu-L2,0.011867010626847842,0.6066218808814956,-0.03330087845838317,0.05698652407546924
1433,RWPE2,CTCF,Helitron,0.023408913974751915,0.33560260364531613,-0.02425102373658196,0.07096268512650282
1434,RWPE2,CTCF,hAT-Tag1,0.03558972613541981,0.14420975844936737,-0.012199548472482058,0.08321678638442974
1435,RWPE2,CTCF,tRNA,0.013841017204178513,0.5914672198435491,-0.03669955258177223,0.06431096268612654
1436,RWPE2,CTCF,Penelope,0.010924739636695253,0.77937164465008,-0.06544889266512469,0.08717112257486906
1437,RWPE2,CTCF,TcMar-Tc1,-0.003872812467903804,0.9213763631523343,-0.08063300153574926,0.0729330426387897
1438,RWPE2,CTCF,Dong-R4,0.017163724702532933,0.7232837746701521,-0.07775653092376396,0.11177560893363153
1439,RWPE2,CTCF,tRNA-Deu,0.021879332306704507,0.6555698922975345,-0.07420289646700516,0.11755908957106485
1440,RWPE2,CTCF,Kolobok,-0.035417806078356553,0.5071460733519617,-0.13931794984039156,0.06925366955507141
1441,RWPE2,CTCF,PIF-Harbinger,0.00559001761900719,0.9171246631288924,-0.09944924841109273,0.11050607239638717
1442,RWPE2,CTCF,Crypton,-0.013208023928163115,0.8249214606116082,-0.12961096901070857,0.10355401606943358
1443,RWPE2,CTCF,Merlin,0.016551247279036237,0.8106547773336078,-0.11847109141795711,0.1509726147943976
1444,RWPE2,CTCF,TcMar,0.03810380424891887,0.5893768686385097,-0.1001812351068844,0.17494466687035926
1445,RWPE2,CTCF,L1-Tx1,-0.09925594215207233,0.248513163193991,-0.2629877273754733,0.07003293664587151
1446,RWPE2,CTCF,Crypton-A,0.025516706637725903,0.7723517347574268,-0.14667823377135225,0.19621066322867722
1447,RWPE2,CTCF,I-Jockey,-0.13813362987674915,0.1520272186053302,-0.3187875067637408,0.05220457486620394
1448,RWPE2,CTCF,hAT-Tip100?,-0.2480311355311355,0.04813904129867357,-0.4684570665259966,0.0014641921920361032
1449,RWPE2,CTCF,TcMar-Pogo,0.043621700879765385,0.8126128523247662,-0.30994075912873575,0.3865849505820251
1450,RWPE2,CTCF,hAT?,0.12788388082505728,0.47105683937341203,-0.2211532121941112,0.4478792509680753
1451,RWPE2,CTCF,hAT-hAT19,-0.26176470588235295,0.3274104118125859,-0.6755222880989646,0.2773673136231458
1452,RWPE2,H3K27ac,Alu,-0.000467887930876194,0.6230425499925802,-0.0023335273725530585,0.0013977547678783848
1453,RWPE2,H3K27ac,L1,0.0007694532384308246,0.5758795568747512,-0.001926406628437579,0.0034653019210893117
1454,RWPE2,H3K27ac,MIR,-6.248412592131731e-05,0.9641912214937175,-0.0027903407058890864,0.0026653733839607178
1455,RWPE2,H3K27ac,L2,-0.0005166515927840862,0.7575626570882882,-0.003797083800065556,0.0027637917341569317
1456,RWPE2,H3K27ac,ERVL-MaLR,0.00022558392034169284,0.9103615296030187,-0.003701622892019428,0.00415278377437423
1457,RWPE2,H3K27ac,hAT-Charlie,-0.0033191868681043775,0.11948851280005533,-0.007497508918802062,0.0008592510823040508
1458,RWPE2,H3K27ac,ERV1,0.0019130866699472353,0.5311350626094649,-0.004074036236603498,0.007900072427503003
1459,RWPE2,H3K27ac,ERVL,0.00016856704055427267,0.9569521267737033,-0.005952037672745877,0.006289159124229911
1460,RWPE2,H3K27ac,TcMar-Tigger,-0.0013583745495066328,0.6689767598612109,-0.007585237591051239,0.004868593832763997
1461,RWPE2,H3K27ac,hAT-Tip100,-0.00251838862847049,0.561421642644228,-0.011017560379931705,0.005981146977115727
1462,RWPE2,H3K27ac,CR1,-0.010531018157693948,0.025611395249414692,-0.01977666750582663,-0.001283567833461227
1463,RWPE2,H3K27ac,Gypsy,-0.0018529288210255826,0.8165168197834308,-0.01750334478951044,0.013798394899392444
1464,RWPE2,H3K27ac,hAT-Blackjack,0.009777733847173967,0.23060248202097716,-0.00620878488004891,0.02575925589173493
1465,RWPE2,H3K27ac,TcMar-Mariner,0.0013887917520587578,0.8660868281456662,-0.014752063665158095,0.017528923564230168
1466,RWPE2,H3K27ac,RTE-X,0.01045600837778556,0.309803700123213,-0.009722879595043747,0.03062638389982214
1467,RWPE2,H3K27ac,ERVK,-0.01753326354268027,0.13230651199034707,-0.04034998728849614,0.00530173617919853
1468,RWPE2,H3K27ac,TcMar-Tc2,-0.00018171427665911324,0.9882855954994278,-0.024435018641207222,0.02407180386673165
1469,RWPE2,H3K27ac,SVA,0.010430246387510693,0.46460142366010415,-0.017525068500369844,0.03836926653775675
1470,RWPE2,H3K27ac,RTE-BovB,-0.014266535673245494,0.3335596002757868,-0.04316224695009062,0.014653024154357994
1471,RWPE2,H3K27ac,tRNA-RTE,0.006735618327778989,0.6752586643995006,-0.024773663564171246,0.03823153057500586
1472,RWPE2,H3K27ac,hAT-Ac,-0.02050298512032682,0.2578817684747905,-0.055975339921973705,0.015021063923921706
1473,RWPE2,H3K27ac,hAT,-0.005046329542489295,0.7935854119245199,-0.042824031986083866,0.032745782549004676
1474,RWPE2,H3K27ac,MULE-MuDR,0.03293171434553683,0.11372589295700458,-0.007891000786930403,0.07364484426407754
1475,RWPE2,H3K27ac,PiggyBac,0.012694345512035294,0.5616219276333776,-0.03016965996287048,0.055511746969126835
1476,RWPE2,H3K27ac,5S-Deu-L2,-0.019895774053804362,0.38834044738356444,-0.06502621395649368,0.02531588956145216
1477,RWPE2,H3K27ac,Helitron,0.03498339451282761,0.15008470550551778,-0.012678666502289111,0.08248684873497494
1478,RWPE2,H3K27ac,hAT-Tag1,0.03737546572367322,0.1251247640468557,-0.010413213510675331,0.0849938024804484
1479,RWPE2,H3K27ac,tRNA,-0.025289074902283104,0.3268816346201079,-0.07572963252235031,0.025280578076086087
1480,RWPE2,H3K27ac,Penelope,-0.017629871946515004,0.6511996831956739,-0.09382632484663754,0.05877191095326509
1481,RWPE2,H3K27ac,TcMar-Tc1,-0.006059299710397711,0.8771813856305282,-0.08274655713227565,0.07069929532865253
1482,RWPE2,H3K27ac,Dong-R4,0.06652656602952302,0.16950080190367064,-0.028544624137160503,0.1604049605469549
1483,RWPE2,H3K27ac,tRNA-Deu,-0.08795243968621404,0.07279296044412305,-0.18262156950384112,0.008332602102874767
1484,RWPE2,H3K27ac,Kolobok,-0.013357286587326878,0.8022485215018252,-0.11743354631019674,0.09100920057775472
1485,RWPE2,H3K27ac,PIF-Harbinger,-0.011464905854720018,0.8312391775441259,-0.11645896413955646,0.09378256840156969
1486,RWPE2,H3K27ac,Crypton,-0.004576865004990922,0.9388984718312472,-0.12111035777595051,0.11208107127508925
1487,RWPE2,H3K27ac,Merlin,0.10091009168131967,0.14406272106056697,-0.03497558212451754,0.23313233615918816
1488,RWPE2,H3K27ac,TcMar,0.0315420854154823,0.6558673344791495,-0.10700888538494648,0.16889137660954662
1489,RWPE2,H3K27ac,L1-Tx1,0.08763477809702647,0.3085349418344837,-0.0815978835103209,0.25195573972127794
1490,RWPE2,H3K27ac,Crypton-A,0.00506864287709639,0.9541806584118175,-0.16660277746837224,0.17644181786679142
1491,RWPE2,H3K27ac,I-Jockey,-0.03451950699657122,0.7215818115122412,-0.22123896243211771,0.15464131594164357
1492,RWPE2,H3K27ac,hAT-Tip100?,-0.16002747252747251,0.2065365942450345,-0.39183333585527064,0.09088282058483291
1493,RWPE2,H3K27ac,TcMar-Pogo,-0.15579178885630496,0.39452229626013813,-0.4801881605020207,0.20609247954200297
1494,RWPE2,H3K27ac,hAT?,0.08693659281894575,0.6249200168030122,-0.2594585814272015,0.41351267861691143
1495,RWPE2,H3K27ac,hAT-hAT19,0.09705882352941177,0.7206513082372035,-0.4198497353097381,0.5664229902492608
1496,RWPE2,H3K36me3,Alu,-0.0013058293846151306,0.1694184870391901,-0.00316844117666584,0.000556791468182126
1497,RWPE2,H3K36me3,L1,0.0008927332552267276,0.5161913640452835,-0.0018023547303400113,0.0035878082721108764
1498,RWPE2,H3K36me3,MIR,-0.0006911260360126982,0.6192363728127088,-0.0034170002431983997,0.002034758441888849
1499,RWPE2,H3K36me3,L2,-0.0010729710105581674,0.5214293340822245,-0.004352999974488003,0.0022070810408711334
1500,RWPE2,H3K36me3,ERVL-MaLR,0.0026039212584178305,0.19345558279567002,-0.0013206482961896297,0.00652841060164827
1501,RWPE2,H3K36me3,hAT-Charlie,0.0016602322176939572,0.43569388792273045,-0.0025143149721465925,0.005834721542960576
1502,RWPE2,H3K36me3,ERV1,-0.0012358259785790503,0.685591494689358,-0.007218687978062443,0.004747124494234109
1503,RWPE2,H3K36me3,ERVL,0.002865437090630283,0.3585954480942588,-0.003252099797545441,0.008982759510852558
1504,RWPE2,H3K36me3,TcMar-Tigger,-0.003904068716828035,0.21885258205033617,-0.010126908869598118,0.0023190738155235858
1505,RWPE2,H3K36me3,hAT-Tip100,-0.0018354410162469523,0.671924490441334,-0.010329411634170118,0.006658794455923457
1506,RWPE2,H3K36me3,CR1,-0.0013763365172379544,0.770433562473077,-0.010620335700965372,0.007867897893017919
1507,RWPE2,H3K36me3,Gypsy,-0.004400331685298679,0.5814994518954038,-0.020044949975094727,0.011246440941106457
1508,RWPE2,H3K36me3,hAT-Blackjack,-0.005633973927828892,0.48911818749528846,-0.021595042115732318,0.010329965441505832
1509,RWPE2,H3K36me3,TcMar-Mariner,-0.008502325570826816,0.3004976932523909,-0.02459344754165911,0.007593200839360242
1510,RWPE2,H3K36me3,RTE-X,-0.009982874140313854,0.3321832692146095,-0.03015252006242459,0.010194898222426753
1511,RWPE2,H3K36me3,ERVK,-0.01031022817750332,0.3755455761136125,-0.03310479983588113,0.012495063893835258
1512,RWPE2,H3K36me3,TcMar-Tc2,0.005449578637217506,0.6595800183765829,-0.018797217404686536,0.029689968489687437
1513,RWPE2,H3K36me3,SVA,0.005242374379299833,0.7131540298049523,-0.02270490784699109,0.03318146966039443
1514,RWPE2,H3K36me3,RTE-BovB,-0.008358427515765219,0.5710502861991704,-0.037261972574974274,0.020559090781257346
1515,RWPE2,H3K36me3,tRNA-RTE,0.031482754454081954,0.04991975718430964,3.805035430170755e-06,0.06289937158920446
1516,RWPE2,H3K36me3,hAT-Ac,0.01927596842259246,0.2873905940155359,-0.016242000130879133,0.05474535117710189
1517,RWPE2,H3K36me3,hAT,0.017698373880918276,0.3583947002553335,-0.020075567957156308,0.05542186079525664
1518,RWPE2,H3K36me3,MULE-MuDR,0.004393161787700166,0.8329329842336942,-0.036414623196974465,0.04518632008672285
1519,RWPE2,H3K36me3,PiggyBac,-0.019665021944116238,0.3681969955175265,-0.06243177730998727,0.023173817011301882
1520,RWPE2,H3K36me3,5S-Deu-L2,0.0037993059969612087,0.8691011794049228,-0.04136839724369547,0.04895151224161474
1521,RWPE2,H3K36me3,Helitron,0.002840624238343289,0.9069681963139483,-0.04477785580132763,0.050446225315760845
1522,RWPE2,H3K36me3,hAT-Tag1,-0.0250155950500973,0.3047702196591706,-0.07268964514423455,0.022772510102285076
1523,RWPE2,H3K36me3,tRNA,0.013013945120372981,0.6139317347635094,-0.037542157736038015,0.06350359896781879
1524,RWPE2,H3K36me3,Penelope,-0.015312453632020278,0.6943491207913544,-0.09146909720051646,0.06102226640569043
1525,RWPE2,H3K36me3,TcMar-Tc1,-0.018933434035784236,0.6291392397294581,-0.09552652714266306,0.05788253142490157
1526,RWPE2,H3K36me3,Dong-R4,0.04988147464669039,0.3032076523291635,-0.04517765693750241,0.1440453866835724
1527,RWPE2,H3K36me3,tRNA-Deu,0.021100682653452836,0.6670788868335704,-0.07497677136558042,0.11678998204305174
1528,RWPE2,H3K36me3,Kolobok,-0.036609544616276864,0.49172079416234815,-0.14019780546840693,0.06777147096152702
1529,RWPE2,H3K36me3,PIF-Harbinger,0.029956529456385,0.5770140067466834,-0.07528374519995512,0.1345368052953546
1530,RWPE2,H3K36me3,Crypton,-0.07924920247695602,0.18372624479423297,-0.1942304521410914,0.03788014374706497
1531,RWPE2,H3K36me3,Merlin,0.03182413851133338,0.6449825491073207,-0.10340207018397947,0.16589523875133336
1532,RWPE2,H3K36me3,TcMar,-0.017039266127123653,0.8093299448478369,-0.15439665229252653,0.1209642937696555
1533,RWPE2,H3K36me3,L1-Tx1,-0.09705772196334678,0.25919806117955574,-0.26090344893375333,0.07222318226494312
1534,RWPE2,H3K36me3,Crypton-A,-0.01983950632198919,0.8220420081835228,-0.1907324241559702,0.15222058670829564
1535,RWPE2,H3K36me3,I-Jockey,0.007376517468260588,0.9393186495872106,-0.1809788203487542,0.1952098731347682
1536,RWPE2,H3K36me3,hAT-Tip100?,-0.2438644688644688,0.05215016597240634,-0.4648888969890413,0.005772393394324557
1537,RWPE2,H3K36me3,TcMar-Pogo,-0.28005865102639294,0.12054905829006311,-0.5775441314518522,0.08308637547956735
1538,RWPE2,H3K36me3,hAT?,0.22566844919786092,0.19939676273732873,-0.12617669116282546,0.5270807514057783
1539,RWPE2,H3K36me3,hAT-hAT19,0.2588235294117647,0.3330723066336081,-0.28008839793105406,0.6736916392531489
1540,22Rv1,CTCF,Alu,-0.0005670370971605745,0.550464566387392,-0.002428428279542483,0.0012943580145452292
1541,22Rv1,CTCF,L1,0.002096037078329255,0.1274179867693668,-0.0005989657512720966,0.004791009460937483
1542,22Rv1,CTCF,MIR,0.0009921791904862886,0.47541898587407094,-0.0017325841145681509,0.0037169277630643652
1543,22Rv1,CTCF,L2,0.0012067528608264478,0.4708473846983682,-0.0020732217980067714,0.004486701554768659
1544,22Rv1,CTCF,ERVL-MaLR,0.003119414070933158,0.1191203083985543,-0.0008036214265947027,0.007042353553016956
1545,22Rv1,CTCF,hAT-Charlie,-0.0003027157203550619,0.8869427373919697,-0.004475836369786521,0.0038704154726537667
1546,22Rv1,CTCF,ERV1,-0.0024696206384419274,0.41833583155301335,-0.008450300671872331,0.0035112360707029075
1547,22Rv1,CTCF,ERVL,-7.509554787651832e-05,0.9807974056363763,-0.00619008829363934,0.006039902814007605
1548,22Rv1,CTCF,TcMar-Tigger,0.00016855040063777998,0.9576529259239766,-0.006052825289632206,0.0063899130432744766
1549,22Rv1,CTCF,hAT-Tip100,-0.0021736111218532217,0.6159166715812399,-0.010665714704933419,0.006318805977793346
1550,22Rv1,CTCF,CR1,0.005228275778336969,0.2676216969762264,-0.004015597332622309,0.014471255447371698
1551,22Rv1,CTCF,Gypsy,0.0010585999784546935,0.8944980479161314,-0.014586073249966554,0.016702755026488776
1552,22Rv1,CTCF,hAT-Blackjack,-0.0011598733903482822,0.8866986371678569,-0.01711345307998397,0.01479429673623963
1553,22Rv1,CTCF,TcMar-Mariner,0.004576276636383326,0.5770885555367563,-0.01150801003016909,0.02065819579719828
1554,22Rv1,CTCF,RTE-X,0.010394825604868893,0.31259218327144167,-0.009781918281742715,0.030563108638647953
1555,22Rv1,CTCF,ERVK,-0.013548101416507445,0.24395795362738748,-0.036325805296025596,0.009243671883720819
1556,22Rv1,CTCF,TcMar-Tc2,-0.013200125378975396,0.2858551367060646,-0.03742777533338843,0.01104303359097359
1557,22Rv1,CTCF,SVA,-0.004205728243002308,0.767660165319811,-0.03209769364384629,0.02369278260053086
1558,22Rv1,CTCF,RTE-BovB,0.006525742683581164,0.6581753950411879,-0.022381399173854007,0.03542198207062361
1559,22Rv1,CTCF,tRNA-RTE,-0.03176596788317247,0.04778022883809886,-0.06316571118920251,-0.00030339692194553917
1560,22Rv1,CTCF,hAT-Ac,-0.009912393631717585,0.5844751721053452,-0.0454124904319216,0.025612707547334808
1561,22Rv1,CTCF,hAT,-0.007116896355063271,0.7119074889957047,-0.04486288998444498,0.030649388943174174
1562,22Rv1,CTCF,MULE-MuDR,0.005527283900634284,0.7906585411911847,-0.035273203716578924,0.046309376936813515
1563,22Rv1,CTCF,PiggyBac,-0.06364574409093296,0.003540452454056027,-0.10619424781949807,-0.020864592572747656
1564,22Rv1,CTCF,5S-Deu-L2,0.0025542389432957136,0.9117334022553305,-0.04258722997715772,0.04768530038372259
1565,22Rv1,CTCF,Helitron,-0.002751275521205049,0.9098817430192352,-0.050357096940426185,0.04486701976975637
1566,22Rv1,CTCF,hAT-Tag1,0.033469504137801864,0.1696757172665254,-0.014320179663161153,0.08110662616846175
1567,22Rv1,CTCF,tRNA,-0.0026602481838072034,0.9178429007404798,-0.05316568844057289,0.0478587673363435
1568,22Rv1,CTCF,Penelope,-0.02812094381395162,0.4711158676902848,-0.10428667382078388,0.04837272177423784
1569,22Rv1,CTCF,TcMar-Tc1,0.04734248838491662,0.22627927916587232,-0.029414717648206565,0.12354463189628911
1570,22Rv1,CTCF,Dong-R4,-0.03423859987220884,0.4798963371554541,-0.12863542339271478,0.060773102970865994
1571,22Rv1,CTCF,tRNA-Deu,-0.01737165897643799,0.7232432797355373,-0.1131054631375653,0.07868172574912871
1572,22Rv1,CTCF,Kolobok,0.03381771571486617,0.5253572909483744,-0.07054828695186986,0.13745134762805603
1573,22Rv1,CTCF,PIF-Harbinger,-0.04187887036582637,0.4354513350603194,-0.14626133132948607,0.06342587053549152
1574,22Rv1,CTCF,Crypton,-0.019008721827946856,0.7501893881294771,-0.13531673815647016,0.09781604921914039
1575,22Rv1,CTCF,Merlin,-0.061649507519046125,0.37176439317869714,-0.1949042772474645,0.07383987031647309
1576,22Rv1,CTCF,TcMar,-0.06408732229577783,0.3636672052139587,-0.20016831869204382,0.07441949170130605
1577,22Rv1,CTCF,L1-Tx1,0.09863521330897149,0.2514989875123454,-0.07065153971373833,0.2623992911536333
1578,22Rv1,CTCF,Crypton-A,-0.01483492212264441,0.8664453172856753,-0.1858966155959296,0.15709959538306928
1579,22Rv1,CTCF,I-Jockey,0.1004818830506904,0.29852531118428566,-0.08978389570760495,0.2836716767779525
1580,22Rv1,CTCF,hAT-Tip100?,-0.10865384615384614,0.3927542880786069,-0.34589359755097,0.14164392050330674
1581,22Rv1,CTCF,TcMar-Pogo,-0.044721407624633426,0.8079753529039435,-0.38752924623377616,0.30895240259573403
1582,22Rv1,CTCF,hAT?,0.22291825821237582,0.2050752503873527,-0.12891996821913582,0.5249085166682904
1583,22Rv1,CTCF,hAT-hAT19,-0.2764705882352941,0.2999421284923735,-0.684611693761416,0.26365264480027495
1584,22Rv1,H3K27ac,Alu,0.000763197124525858,0.4217833493493648,-0.0010988483692724316,0.002625237326001481
1585,22Rv1,H3K27ac,L1,0.0018299103005499772,0.18330178151696813,-0.0008654214239274188,0.00452521543728795
1586,22Rv1,H3K27ac,MIR,-0.00306797214377189,0.027341324781961385,-0.005792977755744708,-0.00034292096719936577
1587,22Rv1,H3K27ac,L2,-0.0001463058584399516,0.9303358353805014,-0.003426398097518575,0.0031337895288527143
1588,22Rv1,H3K27ac,ERVL-MaLR,0.0016766942628804705,0.402281557710095,-0.002246952495487018,0.005600289396352702
1589,22Rv1,H3K27ac,hAT-Charlie,-0.00016114626182717545,0.9396802361200636,-0.004334950816690939,0.004012663907587754
1590,22Rv1,H3K27ac,ERV1,-0.0011574203170868881,0.7045008778405633,-0.007138837023056567,0.004824079208994333
1591,22Rv1,H3K27ac,ERVL,-0.00045824634648816156,0.8832417423586186,-0.00657378938125667,0.005657330965184128
1592,22Rv1,H3K27ac,TcMar-Tigger,0.0018102640131954578,0.5685241201680458,-0.0044119124308778694,0.008032300289487771
1593,22Rv1,H3K27ac,hAT-Tip100,0.008474149111694182,0.05051987662874039,-1.933168543172926e-05,0.016966407360066108
1594,22Rv1,H3K27ac,CR1,-0.0036143016628078007,0.4434987792369057,-0.012858032177529899,0.005630046560501534
1595,22Rv1,H3K27ac,Gypsy,-0.007013992473113535,0.3795902070964027,-0.02265662431734263,0.008632072828172247
1596,22Rv1,H3K27ac,hAT-Blackjack,-0.01174277652402182,0.14920837723547525,-0.027694671385380336,0.004215097605005141
1597,22Rv1,H3K27ac,TcMar-Mariner,0.003615472983112361,0.659615483318833,-0.012472994334356507,0.019702068844597086
1598,22Rv1,H3K27ac,RTE-X,0.008835623128187099,0.39068861117490894,-0.01133987081987521,0.029003925988049902
1599,22Rv1,H3K27ac,ERVK,-0.004881407476982315,0.6748260261838046,-0.02768021107676683,0.01792247194264904
1600,22Rv1,H3K27ac,TcMar-Tc2,-0.0013226820770404473,0.9148583726471124,-0.025566005444527855,0.02292219617584853
1601,22Rv1,H3K27ac,SVA,0.006243430491116225,0.6611267777916754,-0.02167036315815544,0.03414749764068089
1602,22Rv1,H3K27ac,RTE-BovB,0.002696952535834206,0.85494932364188,-0.026214043902111885,0.03160344117151208
1603,22Rv1,H3K27ac,tRNA-RTE,-0.00023876292792635154,0.9881346969328824,-0.03169752218368931,0.03122046892011378
1604,22Rv1,H3K27ac,hAT-Ac,-0.03142638070230769,0.08289031074362901,-0.06687569434695165,0.004102171915310877
1605,22Rv1,H3K27ac,hAT,-0.016503163226751223,0.3916908544789488,-0.05422251518593878,0.021263219829069282
1606,22Rv1,H3K27ac,MULE-MuDR,0.005757921136217907,0.7821852075886564,-0.03505171255040587,0.046548384411093054
1607,22Rv1,H3K27ac,PiggyBac,0.01769690512315705,0.41795464563936213,-0.025130459815993145,0.060459429310894534
1608,22Rv1,H3K27ac,5S-Deu-L2,-0.014447921812352526,0.5306182293676547,-0.05954792464645318,0.030710944462315037
1609,22Rv1,H3K27ac,Helitron,-0.02866055796429327,0.23826370215202972,-0.07617867325373942,0.018987447246910753
1610,22Rv1,H3K27ac,hAT-Tag1,0.02447108900247234,0.31542077102397953,-0.02331673866578156,0.07214734270964752
1611,22Rv1,H3K27ac,tRNA,0.02228048605080257,0.38756979380301315,-0.028270087289830697,0.07271738966756364
1612,22Rv1,H3K27ac,Penelope,0.0015261135082437522,0.9687849336878132,-0.07479943753994298,0.07783388763399123
1613,22Rv1,H3K27ac,TcMar-Tc1,0.02127458801961269,0.5867846528404366,-0.05543211919926952,0.09773164116335097
1614,22Rv1,H3K27ac,Dong-R4,0.011354067263393346,0.8148177818128923,-0.08352566967360545,0.10602979508469033
1615,22Rv1,H3K27ac,tRNA-Deu,-0.05423543759612964,0.26857935290081353,-0.1494426267742983,0.04196819747690672
1616,22Rv1,H3K27ac,Kolobok,-0.017990243954819823,0.7355184004958214,-0.12185845861580169,0.08626773279075667
1617,22Rv1,H3K27ac,PIF-Harbinger,-0.05594047439680177,0.29735543653670393,-0.16006134552933785,0.04941150950691507
1618,22Rv1,H3K27ac,Crypton,0.010795037374834858,0.8565228773381353,-0.10593919410376083,0.12723576898395753
1619,22Rv1,H3K27ac,Merlin,-0.053073186829125096,0.44205332183860724,-0.1865806020205649,0.08235890226632352
1620,22Rv1,H3K27ac,TcMar,-0.06445599474860414,0.36090811782705556,-0.20052523535830272,0.074052961420282
1621,22Rv1,H3K27ac,L1-Tx1,-0.05008301665650483,0.5611053908301206,-0.21608548829211874,0.1187335635000084
1622,22Rv1,H3K27ac,Crypton-A,0.07438280131591479,0.3984676341639105,-0.09863524364546045,0.2430357149761004
1623,22Rv1,H3K27ac,I-Jockey,0.07333889352237977,0.44852611722215907,-0.11662048235227711,0.2581218530553109
1624,22Rv1,H3K27ac,hAT-Tip100?,-0.2801282051282051,0.024964573967571135,-0.4957418157662805,-0.03198688603905495
1625,22Rv1,H3K27ac,TcMar-Pogo,0.14626099706744866,0.42442464481582676,-0.2151641366149258,0.47244638693026164
1626,22Rv1,H3K27ac,hAT?,0.07318563789152024,0.6808288586920515,-0.2721406593883562,0.4018117981107877
1627,22Rv1,H3K27ac,hAT-hAT19,0.008823529411764706,0.9741279946623942,-0.4890287637649059,0.5023396357269391
1628,RWPE1,CTCF,Alu,0.0009421380545656548,0.321974282231923,-0.0009223012705003853,0.002806570829652649
1629,RWPE1,CTCF,L1,-0.0018335520043009784,0.18306975091298425,-0.004532790527854796,0.0008657132377184513
1630,RWPE1,CTCF,MIR,-0.0009053513592067796,0.5150483061966358,-0.003631088835009949,0.001820399569551826
1631,RWPE1,CTCF,L2,-0.0019925338376581537,0.23396699256027934,-0.0052736994492369755,0.0012886746780809684
1632,RWPE1,CTCF,ERVL-MaLR,0.003084860157198392,0.12375271425378354,-0.0008432777057326733,0.007012902821098507
1633,RWPE1,CTCF,hAT-Charlie,0.00031288177258596763,0.8832624506020329,-0.003863478947462505,0.004489231578101109
1634,RWPE1,CTCF,ERV1,-0.0021124670991108908,0.49047887232316323,-0.008116779200169427,0.0038919973228212423
1635,RWPE1,CTCF,ERVL,0.0002778370808570857,0.9291170174499088,-0.005843696875636096,0.00639935021454273
1636,RWPE1,CTCF,TcMar-Tigger,0.004759084764219605,0.13414163249073102,-0.001467824042072097,0.010985624522777175
1637,RWPE1,CTCF,hAT-Tip100,0.00406138396080993,0.34878549879285314,-0.0044345244005860925,0.01255670604787841
1638,RWPE1,CTCF,CR1,0.004142236921995997,0.38016296268595173,-0.00510881892196433,0.013392583806002603
1639,RWPE1,CTCF,Gypsy,-0.008154099467152377,0.30719731805681,-0.02380173322773194,0.007497528615402828
1640,RWPE1,CTCF,hAT-Blackjack,0.005871532270759243,0.4712196031607142,-0.010100913900468805,0.021840983021244324
1641,RWPE1,CTCF,TcMar-Mariner,-0.006003211590612405,0.4651364654169856,-0.02210899754520055,0.010105689500868044
1642,RWPE1,CTCF,RTE-X,-0.0281608568554144,0.006235760514507978,-0.048319022670493296,-0.007979760400189948
1643,RWPE1,CTCF,ERVK,-0.003536303954222003,0.7628509817354031,-0.026501315971382534,0.019432438750792678
1644,RWPE1,CTCF,TcMar-Tc2,-0.01748783609891616,0.15746437320431078,-0.04171613346382195,0.006761016053381859
1645,RWPE1,CTCF,SVA,-0.00604812224837749,0.6710013228302941,-0.03394390958140987,0.02185708160103199
1646,RWPE1,CTCF,RTE-BovB,0.007507255814544874,0.6109213147062709,-0.02141299101753526,0.036414949542598704
1647,RWPE1,CTCF,tRNA-RTE,-0.01876998191169684,0.24250395364748845,-0.0502142480892631,0.012711458578244843
1648,RWPE1,CTCF,hAT-Ac,0.005895538826757351,0.7451960574839462,-0.029655386003151412,0.04143156701457427
1649,RWPE1,CTCF,hAT,-0.011491071753065499,0.5509859050248023,-0.049228528780006935,0.0262791472445073
1650,RWPE1,CTCF,MULE-MuDR,-0.005345868864284611,0.7974633455133547,-0.04614599737273831,0.035472065926984736
1651,RWPE1,CTCF,PiggyBac,-0.013397488843929217,0.5401492598595088,-0.05621301140107667,0.029467218690282376
1652,RWPE1,CTCF,5S-Deu-L2,-0.0010714041771567138,0.9629229963052052,-0.046217640739681994,0.04407920024779354
1653,RWPE1,CTCF,Helitron,-0.025642668818249743,0.2919445076136042,-0.07322958736437238,0.022060747050251656
1654,RWPE1,CTCF,hAT-Tag1,-0.023947542001014198,0.3261767028018545,-0.0716541904888653,0.02386842454744675
1655,RWPE1,CTCF,tRNA,0.08741375136222543,0.0006866866179408682,0.0369517286022432,0.13743111575239
1656,RWPE1,CTCF,Penelope,0.023383344446663526,0.5496380303234494,-0.05321321210450658,0.09970634964940414
1657,RWPE1,CTCF,TcMar-Tc1,-0.05665774426837069,0.14780635528848923,-0.13280796572826314,0.020157450098427416
1658,RWPE1,CTCF,Dong-R4,-0.07067999470889366,0.1443480822010103,-0.16448108307898618,0.024387997727629673
1659,RWPE1,CTCF,tRNA-Deu,0.022586426373547425,0.6451885904733533,-0.07350006317284552,0.11825744383627317
1660,RWPE1,CTCF,Kolobok,-0.025840299693006896,0.6280000477197807,-0.12974320894773259,0.07862393270909006
1661,RWPE1,CTCF,PIF-Harbinger,0.002563064752729987,0.961947126129601,-0.10244476198010374,0.10751439752072996
1662,RWPE1,CTCF,Crypton,-0.055341707618911586,0.3536243563881859,-0.17092389805964503,0.0617429521920131
1663,RWPE1,CTCF,Merlin,-0.026125902283949103,0.7059427279238939,-0.1606502368051783,0.10935137129746171
1664,RWPE1,CTCF,TcMar,0.06507355697016726,0.35631566983510476,-0.07343892426518576,0.20112304442485465
1665,RWPE1,CTCF,L1-Tx1,0.06961497311046742,0.4188961682838972,-0.09946240639939487,0.2347852055651921
1666,RWPE1,CTCF,Crypton-A,-0.08001996495805677,0.36358741783754545,-0.24839964603665934,0.09305366939554525
1667,RWPE1,CTCF,I-Jockey,-0.03845797423779076,0.6913446072021534,-0.2249993464975028,0.15080293706325623
1668,RWPE1,CTCF,hAT-Tip100?,-0.03594322344322344,0.7779668198874479,-0.2793596885144388,0.2118141944942284
1669,RWPE1,CTCF,TcMar-Pogo,0.0813782991202346,0.6579353154978129,-0.27567898897618004,0.41870187239583767
1670,RWPE1,CTCF,hAT?,-0.04721161191749427,0.7909020557151846,-0.37948918712723895,0.2958535825793081
1671,RWPE1,CTCF,hAT-hAT19,-0.07058823529411765,0.795039302337628,-0.5476222736656013,0.4410769542672359
1672,RWPE1,H3K27ac,Alu,0.0015453625159330322,0.10415367565960963,-0.0003185017621702342,0.0034092160569245103
1673,RWPE1,H3K27ac,L1,-0.0008497031339454796,0.537209927950131,-0.0035486956680139308,0.0018493017796168006
1674,RWPE1,H3K27ac,MIR,0.00015903056372663094,0.9089833189775739,-0.0025674468841095943,0.002885505647200436
1675,RWPE1,H3K27ac,L2,0.0034069923225870696,0.0418367972275331,0.0001258425489374538,0.006688068738049296
1676,RWPE1,H3K27ac,ERVL-MaLR,0.0022406849170090773,0.26352916195072934,-0.0016871534092395362,0.006168454105939507
1677,RWPE1,H3K27ac,hAT-Charlie,0.0023769924259145043,0.2646638414667242,-0.001799699827210012,0.006553601748101005
1678,RWPE1,H3K27ac,ERV1,0.0015530229007144041,0.6121323948127253,-0.0044502756701756165,0.007556209532792917
1679,RWPE1,H3K27ac,ERVL,-0.0004843627382416801,0.8767525296986148,-0.006605568859435043,0.0056368796805095515
1680,RWPE1,H3K27ac,TcMar-Tigger,0.0009507121524521869,0.7648113654794246,-0.005277722401785106,0.007179072944788445
1681,RWPE1,H3K27ac,hAT-Tip100,0.003914870373474223,0.3664342840870244,-0.004580795416480821,0.012409971070349425
1682,RWPE1,H3K27ac,CR1,-0.0021083391851170093,0.6551079890286529,-0.01135905135897065,0.00714273384951773
1683,RWPE1,H3K27ac,Gypsy,-0.0017153704253033085,0.8299057232661733,-0.017364329174561533,0.013934428525353456
1684,RWPE1,H3K27ac,hAT-Blackjack,0.010851379008336392,0.18341344988380914,-0.005136744138681384,0.026833955765996134
1685,RWPE1,H3K27ac,TcMar-Mariner,0.010882675154391662,0.1872067989014686,-0.005290538536348635,0.027050196950144604
1686,RWPE1,H3K27ac,RTE-X,-0.00544332649130826,0.5971152658903018,-0.025623363717771033,0.014741145254960555
1687,RWPE1,H3K27ac,ERVK,0.016359228277872218,0.16269815392610762,-0.006610307262368629,0.03931150992395242
1688,RWPE1,H3K27ac,TcMar-Tc2,0.0015408236185130203,0.9009895128940779,-0.022730182194474726,0.0258100142208947
1689,RWPE1,H3K27ac,SVA,-0.01576696883286185,0.26816487971978237,-0.043653582912195774,0.01214419572301033
1690,RWPE1,H3K27ac,RTE-BovB,-0.007382879310530689,0.616996394481663,-0.036303306182989624,0.021549903460729682
1691,RWPE1,H3K27ac,tRNA-RTE,0.04984159219596936,0.0019070190765172349,0.018371625345130902,0.08121290133449578
1692,RWPE1,H3K27ac,hAT-Ac,-0.011109119048329898,0.5402848357715053,-0.04663620089254226,0.024446031688420244
1693,RWPE1,H3K27ac,hAT,-0.01609291899577325,0.4038335631401194,-0.053834228455942414,0.02169430384265925
1694,RWPE1,H3K27ac,MULE-MuDR,0.024816808706958595,0.23355112856013138,-0.016024457865134855,0.0655754026255447
1695,RWPE1,H3K27ac,PiggyBac,0.0018895179547057594,0.9311543358457237,-0.04095970782332549,0.04473180630921518
1696,RWPE1,H3K27ac,5S-Deu-L2,0.010254443041537775,0.6563708559352772,-0.03491136490482521,0.05537844820770059
1697,RWPE1,H3K27ac,Helitron,-0.03760177994291634,0.12263119751662913,-0.08519080383883905,0.010158413204451601
1698,RWPE1,H3K27ac,hAT-Tag1,0.0018716225322983977,0.9388421732066754,-0.0459143367666566,0.049649035637745795
1699,RWPE1,H3K27ac,tRNA,-0.010009066164217668,0.6979337500222984,-0.0604922397252361,0.040525181355139925
1700,RWPE1,H3K27ac,Penelope,-0.04352016992054814,0.2653164827438233,-0.11964870341149225,0.0331171454797538
1701,RWPE1,H3K27ac,TcMar-Tc1,-0.029934499908172065,0.4450772023517595,-0.10643214350445161,0.04691541948923775
1702,RWPE1,H3K27ac,Dong-R4,0.0033264622262672793,0.9452942347340757,-0.09148945148667281,0.0980826028095465
1703,RWPE1,H3K27ac,tRNA-Deu,-0.1388878323053442,0.004443022147630412,-0.23215408427936488,-0.04309094576844699
1704,RWPE1,H3K27ac,Kolobok,-0.006188893250804018,0.907626702667371,-0.11035384821672369,0.09811054342289127
1705,RWPE1,H3K27ac,PIF-Harbinger,-0.09397054843335728,0.07958522404527492,-0.19723048444040464,0.011351561125847738
1706,RWPE1,H3K27ac,Crypton,-0.047782693022780466,0.42328850028776777,-0.16353451887354295,0.06926688278014734
1707,RWPE1,H3K27ac,Merlin,0.049622389747402296,0.47445740499061095,-0.08643137401430981,0.18385913082472785
1708,RWPE1,H3K27ac,TcMar,0.04627126187602601,0.512117446606609,-0.09209848657943208,0.18288786943248117
1709,RWPE1,H3K27ac,L1-Tx1,0.00882555069401273,0.9184741794562331,-0.15912868515188602,0.1762833064167113
1710,RWPE1,H3K27ac,Crypton-A,0.028033678851049706,0.7506006669471834,-0.14421845413653503,0.19863687770330965
1711,RWPE1,H3K27ac,I-Jockey,-0.01339078862014642,0.8900836643918382,-0.20099444922175225,0.17516038367213435
1712,RWPE1,H3K27ac,hAT-Tip100?,0.13500874125874127,0.28359704942519304,-0.11371526098315507,0.36780773217827567
1713,RWPE1,H3K27ac,TcMar-Pogo,0.009530791788856303,0.9587116861177689,-0.3403013956124676,0.35704541761326103
1714,RWPE1,H3K27ac,hAT?,0.34300993124522533,0.04703599966404395,-0.004726381841057096,0.616739618011302
1715,RWPE1,H3K27ac,hAT-hAT19,0.10294117647058824,0.7044103818167706,-0.41507516036700587,0.5705524379735629
