,cell_line,modification,family_name,r,p_value,ci_low,ci_high
0,Caco-2,H3K4me1,Alu,0.0020890395594294437,0.028380674283992803,0.00022112180628998374,0.003956942734813291
1,Caco-2,H3K4me1,L1,-0.0014545468048862585,0.29141990858854805,-0.004156734051861624,0.0012476616839670548
2,Caco-2,H3K4me1,MIR,-0.001397872666927927,0.3151289272072906,-0.00412531118232641,0.0013295866459980508
3,Caco-2,H3K4me1,L2,8.902147951409766e-05,0.9576107018866276,-0.0031936026091050514,0.0033716436496109216
4,Caco-2,H3K4me1,ERVL-MaLR,-0.0017129715855491768,0.3934279476794261,-0.00564694532041577,0.002221055170595762
5,Caco-2,H3K4me1,hAT-Charlie,-0.00334142692350921,0.11724550882101836,-0.007522190463306427,0.000839453429013315
6,Caco-2,H3K4me1,ERV1,-0.001244245706487919,0.6855008804783195,-0.007266034195897005,0.0047776330219309925
7,Caco-2,H3K4me1,ERVL,-0.0025082059863876438,0.4224634245976928,-0.008636515514279743,0.003620291945740986
8,Caco-2,H3K4me1,TcMar-Tigger,0.004005372750891583,0.20783407527641076,-0.0022273911904819124,0.01023782550660492
9,Caco-2,H3K4me1,hAT-Tip100,0.0071528226872602605,0.09910656527612889,-0.001347961106145434,0.015652572779983873
10,Caco-2,H3K4me1,CR1,-0.0022603036052808723,0.6321314560818367,-0.011513781525998265,0.006993561418979213
11,Caco-2,H3K4me1,Gypsy,-0.008154358444283473,0.3074288587112833,-0.02380997885809218,0.007505260497557799
12,Caco-2,H3K4me1,hAT-Blackjack,-0.004496661154967282,0.5816118271109598,-0.02048841553867188,0.011497393524222684
13,Caco-2,H3K4me1,TcMar-Mariner,0.0015236501767015797,0.8530079668152359,-0.014593207001653204,0.017639715846423498
14,Caco-2,H3K4me1,RTE-X,0.00918804167248576,0.37249834545166993,-0.011005694942484786,0.029374286907077007
15,Caco-2,H3K4me1,ERVK,0.010422808919587488,0.37621639021969977,-0.01266394044458294,0.03349845174976567
16,Caco-2,H3K4me1,TcMar-Tc2,-0.014668982873497419,0.23632795581704155,-0.038932149346762715,0.00961147092233493
17,Caco-2,H3K4me1,SVA,0.010410438798554819,0.4670428390601098,-0.017644916533377793,0.038449413749170935
18,Caco-2,H3K4me1,RTE-BovB,0.001630480754875422,0.9121222381778464,-0.027320695175561384,0.030578923694039455
19,Caco-2,H3K4me1,tRNA-RTE,0.010899610359997395,0.4975837059469348,-0.02059579475610832,0.04237340377982593
20,Caco-2,H3K4me1,hAT-Ac,0.004878141606823307,0.7882130516898312,-0.030706923479553238,0.04045085633630794
21,Caco-2,H3K4me1,hAT,0.016005913127197065,0.40655476863114226,-0.02179531486704671,0.053761441963998846
22,Caco-2,H3K4me1,MULE-MuDR,0.04080051140908631,0.050259158934034744,-6.19047229920414e-05,0.08152690241554272
23,Caco-2,H3K4me1,PiggyBac,-0.021681991918328893,0.32227239644006367,-0.06454467634444114,0.021260547206285077
24,Caco-2,H3K4me1,5S-Deu-L2,-0.036710492239679544,0.11127746417532358,-0.08176249105419742,0.008491224871206696
25,Caco-2,H3K4me1,Helitron,0.02309341268922346,0.3438764775562795,-0.02473627338839963,0.07081761491172824
26,Caco-2,H3K4me1,hAT-Tag1,0.0095524892343615,0.6954378730866093,-0.03826208606582414,0.05732342197556807
27,Caco-2,H3K4me1,tRNA,-0.005891936317746634,0.8194054308488619,-0.05642165020769191,0.04466788373982601
28,Caco-2,H3K4me1,Penelope,0.06675157864586431,0.087577042789802,-0.009933394238918555,0.14265598800774973
29,Caco-2,H3K4me1,TcMar-Tc1,0.005781855016123351,0.8827635063950053,-0.0709752946816078,0.08247093340996281
30,Caco-2,H3K4me1,Dong-R4,-0.048411056968555265,0.31770135192415494,-0.1425983234188031,0.04664510195393863
31,Caco-2,H3K4me1,tRNA-Deu,0.01672502979087733,0.7331457991564929,-0.079323978887766,0.11246635037180847
32,Caco-2,H3K4me1,Kolobok,-0.02656471317810909,0.618390818686813,-0.13045682617763238,0.07790444843014065
33,Caco-2,H3K4me1,PIF-Harbinger,0.0909603923677836,0.08975283423243537,-0.014372543176017919,0.19429665255106818
34,Caco-2,H3K4me1,Crypton,-0.020128914104459033,0.735999161883067,-0.13641793293679355,0.09670730023826883
35,Caco-2,H3K4me1,Merlin,-0.0013081154897569315,0.9849299683046684,-0.13635264694098484,0.133784145177264
36,Caco-2,H3K4me1,TcMar,0.02775000794395136,0.6957633151504932,-0.11109775589293476,0.16553517370980309
37,Caco-2,H3K4me1,L1-Tx1,0.1595249791098372,0.06259937103552857,-0.009489369088525918,0.31967773503697217
38,Caco-2,H3K4me1,Crypton-A,0.10338536766795764,0.23995047955363716,-0.06983034482143421,0.2705492630159729
39,Caco-2,H3K4me1,I-Jockey,-0.04439810953572422,0.6466564261305819,-0.23066302483947282,0.14500565946002483
40,Caco-2,H3K4me1,hAT-Tip100?,0.013324175824175822,0.9167748403128566,-0.23325957701884864,0.25829790805483627
41,Caco-2,H3K4me1,TcMar-Pogo,0.31781524926686217,0.07629698825616141,-0.04379043623847119,0.6057930326837716
42,Caco-2,H3K4me1,hAT?,0.18148395721925137,0.3121254114532744,-0.17542309893516475,0.49622849467456137
43,Caco-2,H3K4me1,hAT-hAT19,0.07352941176470588,0.7866792491258565,-0.43873896787471733,0.5497289631077525
44,Caco-2,H3K9me3,Alu,3.3775753675595926e-05,0.9717179978185848,-0.0018334279339782865,0.0019009792058145812
45,Caco-2,H3K9me3,L1,0.0008897039315791226,0.5186114922950451,-0.0018118022700332958,0.003591197146883535
46,Caco-2,H3K9me3,MIR,-0.0011911690092479622,0.3919764192987263,-0.00391842267662203,0.0015361023778882616
47,Caco-2,H3K9me3,L2,0.002209416911258562,0.18708178265370903,-0.0010730154671601978,0.005491801680018838
48,Caco-2,H3K9me3,ERVL-MaLR,0.0010927071219940167,0.586086833777189,-0.0028404516606690103,0.005025832097121475
49,Caco-2,H3K9me3,hAT-Charlie,0.0023885949199932564,0.26276511782382583,-0.001791829391056606,0.006568935746315592
50,Caco-2,H3K9me3,ERV1,-0.001264689435393917,0.6805694405721965,-0.007285539245285601,0.004756252067624549
51,Caco-2,H3K9me3,ERVL,0.003390992093366135,0.27805956300526424,-0.0027363469667996245,0.009518076536444736
52,Caco-2,H3K9me3,TcMar-Tigger,-0.0005266303579630301,0.8684569747758192,-0.006758787788785792,0.0057055679815606695
53,Caco-2,H3K9me3,hAT-Tip100,0.0010201715481219726,0.8140320877535254,-0.007480008973310261,0.009520204650907197
54,Caco-2,H3K9me3,CR1,-0.004425677690086911,0.3485650332217558,-0.013678663470061412,0.0048280659999017485
55,Caco-2,H3K9me3,Gypsy,0.006290816728101423,0.43107513330150005,-0.009369161211479462,0.02194770969768577
56,Caco-2,H3K9me3,hAT-Blackjack,-0.008684641937123544,0.28719851692780846,-0.024674130958241187,0.007309289349184663
57,Caco-2,H3K9me3,TcMar-Mariner,0.004354249030845581,0.5964862375342238,-0.011764232276231513,0.020470468097409822
58,Caco-2,H3K9me3,RTE-X,0.016399246395482573,0.11139038466481888,-0.0037924925843088055,0.036577618479888996
59,Caco-2,H3K9me3,ERVK,0.005623696925048303,0.6329318489176887,-0.01745382602031548,0.028695231187676692
60,Caco-2,H3K9me3,TcMar-Tc2,-0.003764466674613589,0.7611784165053198,-0.0280339934949958,0.020509495635614477
61,Caco-2,H3K9me3,SVA,0.005781218254690888,0.6860557333683325,-0.02224911288948602,0.03380246743861111
62,Caco-2,H3K9me3,RTE-BovB,-0.00925754868042585,0.5307244179677608,-0.038185182079194545,0.019685587931603604
63,Caco-2,H3K9me3,tRNA-RTE,0.01877020376721525,0.2426807295320386,-0.012723426189967062,0.050226630196497785
64,Caco-2,H3K9me3,hAT-Ac,-0.004432240347663661,0.8071716262183347,-0.0400056301539304,0.031152370917096335
65,Caco-2,H3K9me3,hAT,0.0008596753616042848,0.96443960735221,-0.0369201385523527,0.038637035379203225
66,Caco-2,H3K9me3,MULE-MuDR,-0.00940022954304158,0.6520773813006312,-0.05022718217526769,0.0314580872931146
67,Caco-2,H3K9me3,PiggyBac,0.0342694879912355,0.11765253481536904,-0.008673571320851775,0.07708637732195453
68,Caco-2,H3K9me3,5S-Deu-L2,0.019198715077146978,0.40493201476217244,-0.025988417661490164,0.06430755197725947
69,Caco-2,H3K9me3,Helitron,0.01711343521282978,0.482929975733562,-0.03069697229469688,0.06484571071250815
70,Caco-2,H3K9me3,hAT-Tag1,0.01336083188305999,0.5839843781905378,-0.034459321245271186,0.0611199458929569
71,Caco-2,H3K9me3,tRNA,-0.022589396610001193,0.3813385533641055,-0.07305848346896023,0.02799508845978171
72,Caco-2,H3K9me3,Penelope,0.007082258688761667,0.8564365909421796,-0.06956416110298982,0.08364555264017501
73,Caco-2,H3K9me3,TcMar-Tc1,0.009942285954760792,0.800269827458834,-0.06701284265542533,0.08677982461911668
74,Caco-2,H3K9me3,Dong-R4,0.0028381341735879704,0.9533151720063826,-0.09197360407072488,0.09759887396888581
75,Caco-2,H3K9me3,tRNA-Deu,0.029498728881981958,0.547555081433702,-0.0666256395172328,0.12508057163471645
76,Caco-2,H3K9me3,Kolobok,-0.03562759114604093,0.5040247956098969,-0.13937781376957348,0.06889633184861826
77,Caco-2,H3K9me3,PIF-Harbinger,-0.10354119609472011,0.05328957615035442,-0.20654909555660234,0.001736736334888791
78,Caco-2,H3K9me3,Crypton,0.0484041396419728,0.41727651241981845,-0.06864869841139648,0.1641423884212473
79,Caco-2,H3K9me3,Merlin,0.004884355053794557,0.9437731692893387,-0.13027094980803514,0.13986144635617553
80,Caco-2,H3K9me3,TcMar,0.02317555880249774,0.7439969902423345,-0.11560835123004509,0.16107193380365803
81,Caco-2,H3K9me3,L1-Tx1,0.1085622076644263,0.20666787579532966,-0.06074661155750043,0.27179871019744906
82,Caco-2,H3K9me3,Crypton-A,0.07334718602559706,0.4050854399310406,-0.099659752192457,0.24204944689948799
83,Caco-2,H3K9me3,I-Jockey,0.08203132239829489,0.3964441749598442,-0.10804900115207439,0.26632548183553195
84,Caco-2,H3K9me3,hAT-Tip100?,-0.014194139194139192,0.9113620878151579,-0.2591112014985035,0.23243804644770746
85,Caco-2,H3K9me3,TcMar-Pogo,0.1033724340175953,0.5734285123190146,-0.2554027789569045,0.43712423263179634
86,Caco-2,H3K9me3,hAT?,0.19351604278074866,0.2805691827387233,-0.16369975430093206,0.5058678714916172
87,Caco-2,H3K9me3,hAT-hAT19,-0.3911764705882353,0.1340712861972552,-0.7518496897061803,0.14968657863417156
88,SJCRH30,H3K27ac,Alu,-0.0008863237998655463,0.35181760475093693,-0.002752089475079966,0.0009794480461049926
89,SJCRH30,H3K27ac,L1,-0.0012222683419011806,0.37490414521841486,-0.003922055378264302,0.001477536512467464
90,SJCRH30,H3K27ac,MIR,0.0004571681127500625,0.7423887662242807,-0.002268889188582603,0.0031832186193106148
91,SJCRH30,H3K27ac,L2,0.0009996704769726712,0.5504421914574567,-0.0022817323940681577,0.004281051820019967
92,SJCRH30,H3K27ac,ERVL-MaLR,-0.0007217608943061894,0.718817410956082,-0.0046508135505448816,0.0032073140463728307
93,SJCRH30,H3K27ac,hAT-Charlie,0.0019789193192855693,0.35316299355107605,-0.0021985018441594644,0.006156271415963233
94,SJCRH30,H3K27ac,ERV1,0.00031249703943736344,0.9187902988697637,-0.005694685341164742,0.006319656866435518
95,SJCRH30,H3K27ac,ERVL,-0.0012087379157686713,0.6987637496483328,-0.007330448682229388,0.004913063447900445
96,SJCRH30,H3K27ac,TcMar-Tigger,-0.0026196090076608513,0.40971331595754457,-0.00884740556581755,0.003608390763949193
97,SJCRH30,H3K27ac,hAT-Tip100,-0.0027106530531539295,0.5317768107377663,-0.011206689628810898,0.005785774867577127
98,SJCRH30,H3K27ac,CR1,-0.006421218699221931,0.1736807292898679,-0.01567099749972012,0.002829659055629693
99,SJCRH30,H3K27ac,Gypsy,0.004047123211063082,0.6122567184591229,-0.011602590241348139,0.019694854491621654
100,SJCRH30,H3K27ac,hAT-Blackjack,-0.004791032240857635,0.556726343212433,-0.02076620103581931,0.011186582385162312
101,SJCRH30,H3K27ac,TcMar-Mariner,0.002740659857264337,0.7387478186215791,-0.013365019873802736,0.018844917887636974
102,SJCRH30,H3K27ac,RTE-X,0.009998180522114847,0.3315705927734459,-0.01018494171888318,0.03017315954949063
103,SJCRH30,H3K27ac,ERVK,0.002152236148805391,0.8545224003435723,-0.020852269307759852,0.0251544638623281
104,SJCRH30,H3K27ac,TcMar-Tc2,-0.0027239042370516982,0.8257358198255905,-0.026966300968062084,0.0215216945838703
105,SJCRH30,H3K27ac,SVA,0.00415941688713225,0.7715088342073159,-0.02391018930232866,0.03222247006103821
106,SJCRH30,H3K27ac,RTE-BovB,0.0047087787896768155,0.7497513634177735,-0.024222467261766988,0.033632144157795175
107,SJCRH30,H3K27ac,tRNA-RTE,-0.012901701011735059,0.42203327935112345,-0.04437238564996048,0.018594564449804948
108,SJCRH30,H3K27ac,hAT-Ac,0.021656887963064426,0.2327384934415527,-0.013919949856016444,0.05717896174675589
109,SJCRH30,H3K27ac,hAT,0.005077013511568029,0.7922080695989631,-0.03268706711830956,0.042826618399382115
110,SJCRH30,H3K27ac,MULE-MuDR,-0.03674722552903172,0.07762189819244723,-0.07745469549163166,0.004082563073215541
111,SJCRH30,H3K27ac,PiggyBac,-0.0028952442175923946,0.8946864264047387,-0.04573553198612001,0.03995567350397521
112,SJCRH30,H3K27ac,5S-Deu-L2,0.05461646755977366,0.017718071109916824,0.009457736354709033,0.099552872344134
113,SJCRH30,H3K27ac,Helitron,-0.03702275407227874,0.12782422644383046,-0.08453035754576822,0.010652789026100113
114,SJCRH30,H3K27ac,hAT-Tag1,-0.009440544279504687,0.698661071881912,-0.057183438000521725,0.03834542936412495
115,SJCRH30,H3K27ac,tRNA,0.0154102412410053,0.5501285700217708,-0.03513259684653855,0.06587444980012214
116,SJCRH30,H3K27ac,Penelope,0.029394428211197227,0.4526430207107539,-0.04733638999932495,0.10578037776143495
117,SJCRH30,H3K27ac,TcMar-Tc1,-0.030029969720657315,0.4436261359211421,-0.10652672457017638,0.04682018343391737
118,SJCRH30,H3K27ac,Dong-R4,0.014773511558929604,0.7605492653084205,-0.08013065092330092,0.10941223630150822
119,SJCRH30,H3K27ac,tRNA-Deu,0.03801055752977185,0.43829199454259904,-0.05815103379692277,0.133473276918868
120,SJCRH30,H3K27ac,Kolobok,-0.042817118581371945,0.4225673260157635,-0.14659200089440216,0.061889971458183056
121,SJCRH30,H3K27ac,PIF-Harbinger,-0.00676607596742508,0.899772533083374,-0.11166804018486738,0.09828502028930189
122,SJCRH30,H3K27ac,Crypton,-0.011943290712746137,0.8414531060823959,-0.12836616584630225,0.10480429930564664
123,SJCRH30,H3K27ac,Merlin,-0.0867527118819708,0.20946510342585778,-0.21949533763526885,0.04914355196212492
124,SJCRH30,H3K27ac,TcMar,0.0070341843285360185,0.9206586810675224,-0.13080403743205715,0.14460562001214802
125,SJCRH30,H3K27ac,L1-Tx1,0.04063907068647058,0.6372804166145983,-0.12801723676351653,0.2070109675466493
126,SJCRH30,H3K27ac,Crypton-A,-0.06388518549936918,0.4684934782582435,-0.23302610871926047,0.10900746715494987
127,SJCRH30,H3K27ac,I-Jockey,0.018960244648318043,0.8448557858570065,-0.1697634869738823,0.20634249365833743
128,SJCRH30,H3K27ac,hAT-Tip100?,-0.05148601398601398,0.6837805501690222,-0.2918727200266455,0.195018666272018
129,SJCRH30,H3K27ac,TcMar-Pogo,0.14039589442815245,0.44343300863094537,-0.22072285362218425,0.46766279347910183
130,SJCRH30,H3K27ac,hAT?,0.21711229946524063,0.21742833051633992,-0.13469697159592048,0.5203121383902979
131,SJCRH30,H3K27ac,hAT-hAT19,0.4294117647058823,0.09693648522272379,-0.10849881308587421,0.7728143606534497
132,SJCRH30,H3K4me1,Alu,0.00012272048252517947,0.897494939795106,-0.0017443453974008984,0.001989785506860386
133,SJCRH30,H3K4me1,L1,-0.0018207522715374433,0.18633916355341043,-0.004521179503729327,0.0008797015159735404
134,SJCRH30,H3K4me1,MIR,-0.0018846504309142057,0.1755504114530174,-0.004611551405282843,0.0008422785723215424
135,SJCRH30,H3K4me1,L2,0.0005659814293114543,0.7353512646590981,-0.002715823218046574,0.003847773885197235
136,SJCRH30,H3K4me1,ERVL-MaLR,-0.0006976346666066191,0.7279663784692163,-0.004628639255282273,0.003233391483011659
137,SJCRH30,H3K4me1,hAT-Charlie,-0.0036149104723965436,0.09000824296181162,-0.007793923734934691,0.0005642290582974438
138,SJCRH30,H3K4me1,ERV1,-0.004061549616137552,0.18547648387453217,-0.010073387173573296,0.0019505815470822097
139,SJCRH30,H3K4me1,ERVL,0.0014343843076026564,0.6462101310378633,-0.004690082171295106,0.007558743183270408
140,SJCRH30,H3K4me1,TcMar-Tigger,0.0027684342069951135,0.38379206591929216,-0.0034617382606882915,0.008998391766626136
141,SJCRH30,H3K4me1,hAT-Tip100,-0.0013235166028112207,0.7601915256063707,-0.009821925004830855,0.00717508298037863
142,SJCRH30,H3K4me1,CR1,0.01076877405214683,0.022533363452973562,0.0015164966994361951,0.020019207844464676
143,SJCRH30,H3K4me1,Gypsy,-0.0014870519230833204,0.8522789638030441,-0.017137571853540846,0.014164196516244653
144,SJCRH30,H3K4me1,hAT-Blackjack,0.0015309434176535121,0.8510690451973832,-0.014449803049913385,0.017510907963951647
145,SJCRH30,H3K4me1,TcMar-Mariner,-0.006095569340903561,0.45846489566803705,-0.022207303582046544,0.01001933031267236
146,SJCRH30,H3K4me1,RTE-X,0.002669081300240403,0.7954832615782179,-0.017512460914543337,0.022848449528697794
147,SJCRH30,H3K4me1,ERVK,-0.006375551262403729,0.5875715728692661,-0.029408256246963086,0.016663920514571773
148,SJCRH30,H3K4me1,TcMar-Tc2,0.016971353374962243,0.17048907671398808,-0.007299820479304371,0.041222542631970914
149,SJCRH30,H3K4me1,SVA,0.0018745581950864116,0.8958192810654483,-0.026179159120077247,0.02992532521413879
150,SJCRH30,H3K4me1,RTE-BovB,0.01229228270100853,0.4049161851798567,-0.016636210559153895,0.04120021369457149
151,SJCRH30,H3K4me1,tRNA-RTE,-0.014940321665611876,0.3524231733986247,-0.04640358850165811,0.01655255958173163
152,SJCRH30,H3K4me1,hAT-Ac,-0.002494111660914047,0.8907391746124459,-0.03806445275556127,0.03308254193844183
153,SJCRH30,H3K4me1,hAT,-0.01766411430209396,0.3595045184010971,-0.05540168264313399,0.0201238487299234
154,SJCRH30,H3K4me1,MULE-MuDR,-0.023179467899504105,0.26555061899751353,-0.0639167199748904,0.01763490501037973
155,SJCRH30,H3K4me1,PiggyBac,0.02346227223414671,0.2835511684437608,-0.019429524727346728,0.06626786786163831
156,SJCRH30,H3K4me1,5S-Deu-L2,-0.0019219994092418806,0.9335755754908609,-0.047090387977559024,0.04325423301225171
157,SJCRH30,H3K4me1,Helitron,-0.03893255947381459,0.10930026065410847,-0.0864306622199791,0.008742133186209302
158,SJCRH30,H3K4me1,hAT-Tag1,-0.022190435965396032,0.36279337555340263,-0.06988983442173596,0.02561020347195442
159,SJCRH30,H3K4me1,tRNA,0.033556393774804516,0.19323019620897544,-0.017015943277497933,0.08395747417395191
160,SJCRH30,H3K4me1,Penelope,-0.04293636583569055,0.2732568303881511,-0.11930340426719843,0.03393571897396723
161,SJCRH30,H3K4me1,TcMar-Tc1,0.0369528617343288,0.34578256758720705,-0.03991144405898177,0.11338239964303137
162,SJCRH30,H3K4me1,Dong-R4,-0.022050219424313098,0.6491813926374281,-0.11660473565447355,0.07290042368224497
163,SJCRH30,H3K4me1,tRNA-Deu,-4.4855740733848225e-05,0.9992704690768817,-0.09595952657442744,0.09587064041196826
164,SJCRH30,H3K4me1,Kolobok,0.011149691945086762,0.8344133089312236,-0.09319699401843966,0.11525411067450496
165,SJCRH30,H3K4me1,PIF-Harbinger,0.028354199359020636,0.5975646009946198,-0.07687570965825691,0.13295938309415486
166,SJCRH30,H3K4me1,Crypton,0.01532358970336035,0.7974437131026831,-0.10146200319290713,0.13169258280947443
167,SJCRH30,H3K4me1,Merlin,-0.0803251893363536,0.2453419920521098,-0.2132910208209567,0.05556218403557801
168,SJCRH30,H3K4me1,TcMar,0.06357918633138568,0.36629942040738217,-0.07458102896931136,0.19934456382235968
169,SJCRH30,H3K4me1,L1-Tx1,0.12410843154689931,0.14847628892943174,-0.04518345384113707,0.2864709332709653
170,SJCRH30,H3K4me1,Crypton-A,0.09406483005509794,0.28521647346144713,-0.07911135418056811,0.2617297963490373
171,SJCRH30,H3K4me1,I-Jockey,0.07195811324251691,0.4571377424342795,-0.11798008502407467,0.25681686149168115
172,SJCRH30,H3K4me1,hAT-Tip100?,-0.09689685314685315,0.4425710376925157,-0.3334466581113692,0.15113076521655497
173,SJCRH30,H3K4me1,TcMar-Pogo,0.0879765395894428,0.6320806342387064,-0.2696210900217497,0.4242506263144219
174,SJCRH30,H3K4me1,hAT?,0.2675324675324675,0.12610200124776927,-0.08386179547357642,0.5597489814946067
175,SJCRH30,H3K4me1,hAT-hAT19,-0.0029411764705882353,0.9913748045563624,-0.49792144373831837,0.4934845205018354
176,SJCRH30,H3K9me3,Alu,-0.00015658429516248322,0.8694191579848876,-0.002023409495399292,0.0017102419964789047
177,SJCRH30,H3K9me3,L1,-0.003201984862443848,0.020113930569101258,-0.005902111196238431,-0.0005018118380550071
178,SJCRH30,H3K9me3,MIR,-0.0012532579798800539,0.36768750280812423,-0.003980043662751286,0.0014735463399967387
179,SJCRH30,H3K9me3,L2,-0.0038709722382562393,0.020781696412833263,-0.007152559602821679,-0.0005893014987505663
180,SJCRH30,H3K9me3,ERVL-MaLR,-0.0026659043239234594,0.1837521359316459,-0.006596558571426035,0.0012648323025629266
181,SJCRH30,H3K9me3,hAT-Charlie,-0.0004018762626011969,0.8504868116680567,-0.004580492176690064,0.0037767536857240456
182,SJCRH30,H3K9me3,ERV1,0.004714367440716521,0.12425328801749487,-0.0012967434735185316,0.01072513767392658
183,SJCRH30,H3K9me3,ERVL,0.001081124605100474,0.7293378852900836,-0.005042914144833285,0.00720508226334188
184,SJCRH30,H3K9me3,TcMar-Tigger,-0.0017791514208671422,0.5756610569055642,-0.008008885154393651,0.0044507204124051075
185,SJCRH30,H3K9me3,hAT-Tip100,-0.0022155213876904074,0.6093433491403049,-0.010712727025202934,0.006282004195821171
186,SJCRH30,H3K9me3,CR1,0.004155927931461003,0.3786433829661068,-0.005096158954723361,0.013407303355967456
187,SJCRH30,H3K9me3,Gypsy,-0.006775484553996891,0.3962185712591574,-0.022425194166828626,0.00887754472929603
188,SJCRH30,H3K9me3,hAT-Blackjack,-0.006816690965347477,0.4030260513033128,-0.022790530412863854,0.009160628143738015
189,SJCRH30,H3K9me3,TcMar-Mariner,0.008657253602186709,0.2922319804115435,-0.007453498652754743,0.024763512683655113
190,SJCRH30,H3K9me3,RTE-X,-0.004806589803044861,0.6406967887121193,-0.024986985137568442,0.015377721333192611
191,SJCRH30,H3K9me3,ERVK,0.005731880050172845,0.6257367471081072,-0.01730102081964614,0.028758700634472733
192,SJCRH30,H3K9me3,TcMar-Tc2,0.0304711922554278,0.013858137861634092,0.006200006277114712,0.054706497413667586
193,SJCRH30,H3K9me3,SVA,0.007352015681133516,0.6073684567652655,-0.020690588712312018,0.03538306114716208
194,SJCRH30,H3K9me3,RTE-BovB,0.019288031849785284,0.19132709837342213,-0.009647826933763379,0.04819161553460168
195,SJCRH30,H3K9me3,tRNA-RTE,0.007030803531458064,0.6617283332997104,-0.024462402793384765,0.03851006872905234
196,SJCRH30,H3K9me3,hAT-Ac,0.008056122707860203,0.6571421561475176,-0.027514286434686664,0.04360615612265262
197,SJCRH30,H3K9me3,hAT,-0.015727110766855686,0.4146052869027751,-0.053469271212011095,0.022059919660124508
198,SJCRH30,H3K9me3,MULE-MuDR,-0.008226939207237787,0.6928220054057608,-0.04901223784931413,0.0325857497187945
199,SJCRH30,H3K9me3,PiggyBac,0.006182371593144,0.7774793439525028,-0.03668386987570771,0.049025903833740676
200,SJCRH30,H3K9me3,5S-Deu-L2,-0.005431181646653585,0.8137538658841695,-0.05057955080279739,0.039739340599587426
201,SJCRH30,H3K9me3,Helitron,-0.04707272489407,0.05280635564048952,-0.09452741736372167,0.0005954047215521093
202,SJCRH30,H3K9me3,hAT-Tag1,0.0017310979981674972,0.9434259960725228,-0.046054558567489724,0.049508850030751804
203,SJCRH30,H3K9me3,tRNA,-0.0027983009589935787,0.9136242864143629,-0.053320139319212694,0.04773782663439863
204,SJCRH30,H3K9me3,Penelope,0.024575854491313182,0.5304093873909138,-0.05220034814662496,0.10106324364312055
205,SJCRH30,H3K9me3,TcMar-Tc1,0.06246833003651565,0.11075547647799995,-0.014400301153528068,0.13860292224394574
206,SJCRH30,H3K9me3,Dong-R4,-0.03450621986910894,0.47646813673238964,-0.12889934717506957,0.060506587206745635
207,SJCRH30,H3K9me3,tRNA-Deu,0.08430792562332258,0.08514488183708412,-0.011872570474152874,0.1789426903134194
208,SJCRH30,H3K9me3,Kolobok,-0.008869196095141255,0.8679318836553744,-0.11300191484240964,0.09545624223290881
209,SJCRH30,H3K9me3,PIF-Harbinger,-0.045886530553851945,0.39276930938368604,-0.15019755494600742,0.059434856765725595
210,SJCRH30,H3K9me3,Crypton,0.015152046611033776,0.7996629885944325,-0.10163166530482265,0.1315238213912938
211,SJCRH30,H3K9me3,Merlin,-0.01740662271819135,0.8015335905418312,-0.1521276023693783,0.11794937907517847
212,SJCRH30,H3K9me3,TcMar,0.03013144177194551,0.6695593527150083,-0.10805772105374152,0.1671782855743778
213,SJCRH30,H3K9me3,L1-Tx1,0.0028866224771268508,0.9732937763233995,-0.16490904587653632,0.17051989884890054
214,SJCRH30,H3K9me3,Crypton-A,-0.03772789208412716,0.6687754321687539,-0.20796692362288577,0.13472960334374087
215,SJCRH30,H3K9me3,I-Jockey,0.008988972291724587,0.9260882427485952,-0.17941983548626397,0.19676170429283957
216,SJCRH30,H3K9me3,hAT-Tip100?,0.03304195804195804,0.7938648449333015,-0.2126350955190252,0.27478987154861956
217,SJCRH30,H3K9me3,TcMar-Pogo,-0.2789589442815249,0.12207510330840898,-0.5767119601314594,0.08421644005996609
218,SJCRH30,H3K9me3,hAT?,0.37754010695187157,0.027717383884347406,0.03282795081508204,0.6419806339608155
219,SJCRH30,H3K9me3,hAT-hAT19,0.14411764705882352,0.5943782881736932,-0.3810466250670312,0.5989701306371717
220,SJCRH30,H3K36me3,Alu,-0.00045228209311604225,0.634967889969389,-0.002319500747940728,0.0014149397154826302
221,SJCRH30,H3K36me3,L1,0.0006677238111672777,0.6279393032351301,-0.0020327196896612857,0.0033681575734149202
222,SJCRH30,H3K36me3,MIR,0.000466529764620088,0.7373965215373814,-0.002260498452058003,0.003193551042446484
223,SJCRH30,H3K36me3,L2,-0.00048010456868139524,0.7743230777991154,-0.0037619395761991,0.002801740780747161
224,SJCRH30,H3K36me3,ERVL-MaLR,0.0013318191348144592,0.506695039758881,-0.002599426517210034,0.005263023621486935
225,SJCRH30,H3K36me3,hAT-Charlie,-0.0018601121323751856,0.38303871450501603,-0.006039471181650249,0.002319311899448793
226,SJCRH30,H3K36me3,ERV1,0.006009976329963612,0.05009142900430504,-2.4479382315579035e-06,0.012021966101644927
227,SJCRH30,H3K36me3,ERVL,0.0067244138595558,0.03140979952338936,0.0005995584550432141,0.012848764765456875
228,SJCRH30,H3K36me3,TcMar-Tigger,0.00029520380956094027,0.9260091770165464,-0.005935033967581798,0.006525418669604864
229,SJCRH30,H3K36me3,hAT-Tip100,-0.0035689859823681384,0.4104308416060002,-0.01206660304026407,0.004929146542715319
230,SJCRH30,H3K36me3,CR1,-0.002012640063017436,0.6698492987432774,-0.011264393748519445,0.007239458180347984
231,SJCRH30,H3K36me3,Gypsy,0.011795126350722173,0.13969786995224429,-0.0038585376796197437,0.027443011221719125
232,SJCRH30,H3K36me3,hAT-Blackjack,0.005964162973333462,0.46448963395955634,-0.010016786224537217,0.0219420662595293
233,SJCRH30,H3K36me3,TcMar-Mariner,0.0009313990391125681,0.9098139352100845,-0.015183687497330824,0.01704600182842204
234,SJCRH30,H3K36me3,RTE-X,-0.005304463049020269,0.6064854082850353,-0.02548350968748704,0.014878904526282896
235,SJCRH30,H3K36me3,ERVK,-0.015230589912400921,0.1952932008646284,-0.03826642956814087,0.007821429071779386
236,SJCRH30,H3K36me3,TcMar-Tc2,0.016529872537253062,0.18188473819783663,-0.007741310514897537,0.040781590713456634
237,SJCRH30,H3K36me3,SVA,0.020750981456630666,0.14714692002067856,-0.007308607578271498,0.04877791827804313
238,SJCRH30,H3K36me3,RTE-BovB,0.001274042511498932,0.9312340449772237,-0.027657926296802613,0.030203878576526476
239,SJCRH30,H3K36me3,tRNA-RTE,-0.005293812878691436,0.7417961457919485,-0.03677124401708999,0.02619411257441706
240,SJCRH30,H3K36me3,hAT-Ac,-0.0008441267190065846,0.9628996639496553,-0.036399138209953615,0.03471301912208891
241,SJCRH30,H3K36me3,hAT,-0.027697105147422872,0.15073921131742607,-0.06540749328448892,0.01009228325117114
242,SJCRH30,H3K36me3,MULE-MuDR,-0.006316784541676231,0.7616556293421368,-0.04710611139127267,0.034493573327625794
243,SJCRH30,H3K36me3,PiggyBac,-0.0068133878345417904,0.7556280119449866,-0.04968624721228726,0.036084534480968024
244,SJCRH30,H3K36me3,5S-Deu-L2,-0.021387320692079572,0.3536350553221205,-0.06650065961732432,0.023813282063926165
245,SJCRH30,H3K36me3,Helitron,-0.007238662120622841,0.7660554542351676,-0.0548748855188072,0.04043043775908502
246,SJCRH30,H3K36me3,hAT-Tag1,-0.0075052801216019425,0.7582599482730894,-0.055253761123877046,0.0402774501955248
247,SJCRH30,H3K36me3,tRNA,0.018925770316325967,0.4631509640750334,-0.03163828393743637,0.06939319896807851
248,SJCRH30,H3K36me3,Penelope,-0.018493061584156346,0.6371379940145826,-0.09508968815371116,0.05832125533597564
249,SJCRH30,H3K36me3,TcMar-Tc1,-0.029046883626963102,0.45835171770151817,-0.10549431853959279,0.0477418672796302
250,SJCRH30,H3K36me3,Dong-R4,-0.0462631329042158,0.3396730738137792,-0.14048396963167833,0.04878812876470681
251,SJCRH30,H3K36me3,tRNA-Deu,0.030919407132001076,0.5284286531209625,-0.06521189759798368,0.1264820819832139
252,SJCRH30,H3K36me3,Kolobok,-0.024484910933796053,0.646617115576692,-0.12855470360021196,0.08011828862692949
253,SJCRH30,H3K36me3,PIF-Harbinger,0.04278321576168732,0.4255939676152919,-0.06252550268456533,0.1471497739687957
254,SJCRH30,H3K36me3,Crypton,-0.0172203586177429,0.77301722542502,-0.13355825764242327,0.09958569312909904
255,SJCRH30,H3K36me3,Merlin,-0.059254821281616465,0.3917955194736539,-0.19289527923400518,0.0765439527288517
256,SJCRH30,H3K36me3,TcMar,0.012880583478316492,0.8552732458863136,-0.1250567199208949,0.1503293916762605
257,SJCRH30,H3K36me3,L1-Tx1,0.09783246623368316,0.2553969180860933,-0.07145139051980168,0.2616381682728177
258,SJCRH30,H3K36me3,Crypton-A,0.05648640821905788,0.5216317519927752,-0.11630085588713875,0.22595501157164258
259,SJCRH30,H3K36me3,I-Jockey,0.010341951626355298,0.9150022438320049,-0.17811117603942345,0.19806327339695337
260,SJCRH30,H3K36me3,hAT-Tip100?,0.0003059440559440559,0.9980701274700186,-0.24361134996941883,0.24418683883179612
261,SJCRH30,H3K36me3,TcMar-Pogo,-0.11363636363636363,0.5357449997635357,-0.4456496290990992,0.24585837187541906
262,SJCRH30,H3K36me3,hAT?,0.18869365928189455,0.28518388296896163,-0.1626984657810831,0.49760793767866324
263,SJCRH30,H3K36me3,hAT-hAT19,-0.35000000000000003,0.18386882202619317,-0.7284608753339697,0.19213463475632778
264,SJCRH30,H3K27me3,Alu,0.0007906446610511274,0.40639220284990796,-0.0010758028975788928,0.002657086711072593
265,SJCRH30,H3K27me3,L1,0.0023348658024957216,0.0901175489218724,-0.00036534649736414754,0.00503504405490221
266,SJCRH30,H3K27me3,MIR,0.001175168889361394,0.39822478644041115,-0.0015512764080467566,0.0039015967156121882
267,SJCRH30,H3K27me3,L2,-0.00030413892818260306,0.8558605899679604,-0.00358579215743455,0.0029775208517780634
268,SJCRH30,H3K27me3,ERVL-MaLR,-0.0020829477645107845,0.29893361693288867,-0.006013200302749292,0.001847369125169768
269,SJCRH30,H3K27me3,hAT-Charlie,-0.0008434400906877077,0.6923769203803194,-0.005021818670536571,0.0033349679403736243
270,SJCRH30,H3K27me3,ERV1,-0.0011086181266631095,0.7177494153109619,-0.007119698107060982,0.004902541970481555
271,SJCRH30,H3K27me3,ERVL,-0.0008146916076853092,0.7942683404539606,-0.006937824733782283,0.005308502609134377
272,SJCRH30,H3K27me3,TcMar-Tigger,-0.003381749172129378,0.2872849274255957,-0.009610375313581073,0.0028471393785960953
273,SJCRH30,H3K27me3,hAT-Tip100,0.0051483354397822085,0.23502817647021979,-0.0033490246897896338,0.013644952142244152
274,SJCRH30,H3K27me3,CR1,0.0008884536841720525,0.8507131092678386,-0.008363570959094551,0.010140326226619477
275,SJCRH30,H3K27me3,Gypsy,0.008915945067481643,0.2642112041159879,-0.006736216060212361,0.024563738429638094
276,SJCRH30,H3K27me3,hAT-Blackjack,-0.010024711748365321,0.21871618261842454,-0.025994963530073523,0.005950655769727831
277,SJCRH30,H3K27me3,TcMar-Mariner,0.003250402090210117,0.6925209940423647,-0.012859724774445169,0.01935884191978952
278,SJCRH30,H3K27me3,RTE-X,0.006439522169627879,0.5317826647715769,-0.013745176236553738,0.026618974515389172
279,SJCRH30,H3K27me3,ERVK,-0.026931298287837583,0.021922171898563898,-0.04993809792755411,-0.0038959323662311534
280,SJCRH30,H3K27me3,TcMar-Tc2,0.002534500254442749,0.8378008017219493,-0.021729576701898033,0.026795593207744505
281,SJCRH30,H3K27me3,SVA,-0.009320623339598079,0.5149012795272354,-0.037358037321756,0.018731453400211057
282,SJCRH30,H3K27me3,RTE-BovB,0.023784717734227075,0.10709947826979858,-0.0051507016034521794,0.05268034142156741
283,SJCRH30,H3K27me3,tRNA-RTE,-0.003960717767707556,0.8052906099053179,-0.035439761223604115,0.0275261773587632
284,SJCRH30,H3K27me3,hAT-Ac,-0.013690161381023344,0.4505945934142923,-0.04922396175765397,0.02187825094857104
285,SJCRH30,H3K27me3,hAT,-0.015502200606679417,0.421225261062701,-0.05323787786690631,0.02227768869409208
286,SJCRH30,H3K27me3,MULE-MuDR,0.011868722076031304,0.5687427055096324,-0.028947792973636706,0.05264572354870871
287,SJCRH30,H3K27me3,PiggyBac,0.018871349273607375,0.3884126861549434,-0.024018255124688,0.06169161284492411
288,SJCRH30,H3K27me3,5S-Deu-L2,0.01576169806385533,0.49403346389531555,-0.029410491668561124,0.06086963899166675
289,SJCRH30,H3K27me3,Helitron,-0.025417001786674512,0.2960704560933472,-0.07299079243075739,0.022272193351184525
290,SJCRH30,H3K27me3,hAT-Tag1,-0.008793239531619545,0.7184108909577877,-0.05653803185233151,0.03899167910983373
291,SJCRH30,H3K27me3,tRNA,-0.033416267160520145,0.19509733998017442,-0.08381805967152824,0.017156067660551198
292,SJCRH30,H3K27me3,Penelope,-0.011702245358643204,0.7651657439815956,-0.08829194962259844,0.06502501465712264
293,SJCRH30,H3K27me3,TcMar-Tc1,0.007142641736665396,0.8554456078948443,-0.06962151258049565,0.08382270458276687
294,SJCRH30,H3K27me3,Dong-R4,0.04720703483208707,0.3299007215060388,-0.04784646004252891,0.14141319882583453
295,SJCRH30,H3K27me3,tRNA-Deu,0.08642633245585556,0.07756326302060355,-0.009747544335786628,0.1810159264473636
296,SJCRH30,H3K27me3,Kolobok,-0.0212694345456901,0.6900319038737007,-0.1252386030628012,0.083161814317371
297,SJCRH30,H3K27me3,PIF-Harbinger,-0.037775087309909215,0.48179639788783224,-0.14222812185233394,0.06750998588039579
298,SJCRH30,H3K27me3,Crypton,0.04274560013814487,0.47384498080751747,-0.07427504012922619,0.1586050336652072
299,SJCRH30,H3K27me3,Merlin,0.007411164076000818,0.9147768076185667,-0.1277871524648232,0.14233907646022914
300,SJCRH30,H3K27me3,TcMar,0.1804541249346886,0.009800177124775584,0.04305931802505931,0.311149984352614
301,SJCRH30,H3K27me3,L1-Tx1,0.046862694087034286,0.5865881591610407,-0.1219017261487793,0.21299355405805626
302,SJCRH30,H3K27me3,Crypton-A,0.09281835495051446,0.29167643369593843,-0.0803508120517919,0.26054871220620923
303,SJCRH30,H3K27me3,I-Jockey,-0.19038087294968029,0.04737919868769877,-0.36688437645810856,-0.0006465794971971808
304,SJCRH30,H3K27me3,hAT-Tip100?,-0.0853146853146853,0.4992207037826504,-0.3229084965723474,0.16239502673481562
305,SJCRH30,H3K27me3,TcMar-Pogo,-0.03079178885630498,0.867138723521154,-0.37552863449420654,0.3214298642784729
306,SJCRH30,H3K27me3,hAT?,0.09549274255156609,0.5911179736909009,-0.2515219758033525,0.4207525599325352
307,SJCRH30,H3K27me3,hAT-hAT19,-0.07647058823529412,0.7783409809607029,-0.5518312059137126,0.43639588116527667
308,SJCRH30,H3K4me3,Alu,-0.0007316117559062922,0.4425971748574338,-0.002599156981921718,0.001135938573447284
309,SJCRH30,H3K4me3,L1,0.002187375061046939,0.11239045427887163,-0.0005131450698285823,0.004887863287929766
310,SJCRH30,H3K4me3,MIR,0.0021183095924198494,0.1279148939557261,-0.0006088858480270171,0.004845473522831852
311,SJCRH30,H3K4me3,L2,0.0023426545276826853,0.16180203855433212,-0.0009392669554150229,0.005624525545775203
312,SJCRH30,H3K4me3,ERVL-MaLR,0.00028913512715211836,0.8853910432014573,-0.0036424473868880286,0.0042207087026912915
313,SJCRH30,H3K4me3,hAT-Charlie,-0.004459940499956963,0.03648484544811543,-0.00863928815068993,-0.000280437037229409
314,SJCRH30,H3K4me3,ERV1,0.00030253810694676745,0.9214309624503332,-0.005709333175251041,0.006314387520196786
315,SJCRH30,H3K4me3,ERVL,-0.001417270898233597,0.6501621929227714,-0.007541899751361442,0.004707464283673838
316,SJCRH30,H3K4me3,TcMar-Tigger,0.00018143719591061545,0.9544856412704887,-0.006049111207459829,0.0064119715126252945
317,SJCRH30,H3K4me3,hAT-Tip100,-0.00044167332034751594,0.9188658510484237,-0.008939835786839958,0.008056552940839996
318,SJCRH30,H3K4me3,CR1,0.004527322189749132,0.3375526544844867,-0.00472539267360036,0.013779261909306636
319,SJCRH30,H3K4me3,Gypsy,0.00491737248149775,0.5380619499863484,-0.010734957475418505,0.020567293283415174
320,SJCRH30,H3K4me3,hAT-Blackjack,-0.0021669260070420787,0.7904305956912923,-0.01814669996277229,0.013813954693406108
321,SJCRH30,H3K4me3,TcMar-Mariner,0.002063079401406223,0.8019406917532954,-0.014056619673500715,0.018181706382568465
322,SJCRH30,H3K4me3,RTE-X,-0.001462995553345757,0.8870344910882141,-0.021645070026695943,0.018720270796312964
323,SJCRH30,H3K4me3,ERVK,0.009879919169514981,0.4005081863320965,-0.013154063662084953,0.03290342188204146
324,SJCRH30,H3K4me3,TcMar-Tc2,0.021902026848673286,0.07697383434775325,-0.0023741472786623693,0.046152400877243274
325,SJCRH30,H3K4me3,SVA,0.02502836691472673,0.08054796250648001,-0.003047739443740958,0.05306504587744842
326,SJCRH30,H3K4me3,RTE-BovB,0.017517853938628664,0.2354387228113449,-0.011424245457567976,0.046430626583062004
327,SJCRH30,H3K4me3,tRNA-RTE,-0.0005181671519387506,0.9742764780938976,-0.03200504894364739,0.030969742119989263
328,SJCRH30,H3K4me3,hAT-Ac,0.012505697555184948,0.49087392831749044,-0.023073760535276093,0.04805351698159164
329,SJCRH30,H3K4me3,hAT,-0.008726305774106184,0.6508062891483842,-0.04648329451504492,0.02905558154190249
330,SJCRH30,H3K4me3,MULE-MuDR,-0.037110676781590614,0.07472972458773579,-0.07781672173468226,0.0037188949530939344
331,SJCRH30,H3K4me3,PiggyBac,0.013446281594599731,0.5389661054567534,-0.02944925081188707,0.05629237905552454
332,SJCRH30,H3K4me3,5S-Deu-L2,0.06533387400554534,0.004543640384828019,0.020196965681421326,0.11020500070621825
333,SJCRH30,H3K4me3,Helitron,-0.022718810609753816,0.3504754945772832,-0.07031741200668912,0.024983012002549976
334,SJCRH30,H3K4me3,hAT-Tag1,-0.028751016317136932,0.23831426492195737,-0.07642351109377957,0.019052629349064956
335,SJCRH30,H3K4me3,tRNA,8.20620401168156e-05,0.997462015930234,-0.05044742611446448,0.05061113115178078
336,SJCRH30,H3K4me3,Penelope,0.021049790150716362,0.59131431200791,-0.055773787396797336,0.09762559335674127
337,SJCRH30,H3K4me3,TcMar-Tc1,0.008416621254496916,0.8300254480961038,-0.06835389872201164,0.08508805196851714
338,SJCRH30,H3K4me3,Dong-R4,-0.03742455586046966,0.4399654708101517,-0.1317767249288071,0.057599631978527646
339,SJCRH30,H3K4me3,tRNA-Deu,0.009305348061248208,0.8495577868996714,-0.08668917287031888,0.10512866343327679
340,SJCRH30,H3K4me3,Kolobok,-0.09990811048292161,0.06077357602250481,-0.20243290177808368,0.004783019061118207
341,SJCRH30,H3K4me3,PIF-Harbinger,0.024943884217863095,0.6423678506354374,-0.08026262354669103,0.1296007565332701
342,SJCRH30,H3K4me3,Crypton,-0.02369663980705969,0.6914186624835617,-0.13992371814715285,0.09317457155991817
343,SJCRH30,H3K4me3,Merlin,0.013625351380612726,0.8440207729545559,-0.12167333932134415,0.14842693844599472
344,SJCRH30,H3K4me3,TcMar,0.040496588884382956,0.5661979083664106,-0.09781468604553022,0.1772731391049457
345,SJCRH30,H3K4me3,L1-Tx1,0.07814649435248502,0.3640423127028213,-0.09101467453350165,0.2429243812002766
346,SJCRH30,H3K4me3,Crypton-A,-0.014346474704788361,0.8708038363884772,-0.18542430844071808,0.1575754506682311
347,SJCRH30,H3K4me3,I-Jockey,-0.03584468538596979,0.7113571425281076,-0.22250468553228636,0.1533502915694166
348,SJCRH30,H3K4me3,hAT-Tip100?,0.14366258741258742,0.2535765388491211,-0.10514331204900122,0.3755424764285785
349,SJCRH30,H3K4me3,TcMar-Pogo,0.06488269794721407,0.7242373690376973,-0.2907314300688805,0.4047470058750653
350,SJCRH30,H3K4me3,hAT?,0.21436210847975554,0.22345402236991174,-0.13742668857446053,0.5181299128108294
351,SJCRH30,H3K4me3,hAT-hAT19,0.38823529411764707,0.13728162367278124,-0.15278163550133836,0.7502069310286367
352,BE2C,H3K4me1,Alu,-0.00010412570481079798,0.9130510714306131,-0.001973167758467567,0.0017649170763347013
353,BE2C,H3K4me1,L1,0.0017047707996516593,0.21651265330073924,-0.0009988592544520085,0.004408375931474615
354,BE2C,H3K4me1,MIR,0.00047736274904802017,0.7316708023640455,-0.002251136988837219,0.0032058553792949094
355,BE2C,H3K4me1,L2,-0.00028234771560618007,0.8661445645383198,-0.003565432729381532,0.003000743384833775
356,BE2C,H3K4me1,ERVL-MaLR,-0.00024566868899844293,0.9026262972420799,-0.004181275364726512,0.003689945597069404
357,BE2C,H3K4me1,hAT-Charlie,0.0017617095184270428,0.4090028707003601,-0.0024203199354917715,0.005943677350682159
358,BE2C,H3K4me1,ERV1,5.484714212449068e-05,0.9857715083045524,-0.00597291602853393,0.006082606327161217
359,BE2C,H3K4me1,ERVL,-7.598481370217631e-06,0.9980616450240485,-0.006137829149895449,0.006122632758252795
360,BE2C,H3K4me1,TcMar-Tigger,-0.006445919976752797,0.04272440610431325,-0.012680081709780527,-0.0002112571442040906
361,BE2C,H3K4me1,hAT-Tip100,-0.005382002763637983,0.21471525372005157,-0.013883381648133733,0.0031201541663319326
362,BE2C,H3K4me1,CR1,-0.008162436140300341,0.08387608827863803,-0.01741601311654691,0.0010925390176912363
363,BE2C,H3K4me1,Gypsy,0.00199108942686468,0.8032546733534489,-0.013672252159774355,0.017653454081732287
364,BE2C,H3K4me1,hAT-Blackjack,-0.010411640792099846,0.2021425155352683,-0.026406149799594953,0.005588197669956496
365,BE2C,H3K4me1,TcMar-Mariner,0.0076877488206078355,0.3502283465716788,-0.008442572208679215,0.023814070096940428
366,BE2C,H3K4me1,RTE-X,0.012186470016954484,0.23696670760561167,-0.008011807346755823,0.03237480735955764
367,BE2C,H3K4me1,ERVK,0.016019983021354486,0.1741456450752374,-0.007086431676152142,0.039109299646077365
368,BE2C,H3K4me1,TcMar-Tc2,-0.01459259815569643,0.23884959382983828,-0.03885957202038332,0.009691578309802502
369,BE2C,H3K4me1,SVA,-0.017712421978777326,0.21618505212800423,-0.04575856592396608,0.01036162313354258
370,BE2C,H3K4me1,RTE-BovB,0.0031508446358622815,0.8310429533230211,-0.02578882181583239,0.03208523430566367
371,BE2C,H3K4me1,tRNA-RTE,0.018733325522568393,0.24379033456827612,-0.01277250412598668,0.05020199594790276
372,BE2C,H3K4me1,hAT-Ac,0.005669912816272278,0.7548235289462376,-0.029910068823458494,0.041235544301321536
373,BE2C,H3K4me1,hAT,0.0016245818182639659,0.9328938404393232,-0.03617734410695843,0.03942186529338046
374,BE2C,H3K4me1,MULE-MuDR,-0.010010597344513459,0.6312651961299081,-0.05085390432455665,0.030866139192953775
375,BE2C,H3K4me1,PiggyBac,-0.02801650446227224,0.20108699838600314,-0.07087794632844406,0.014948204893962322
376,BE2C,H3K4me1,5S-Deu-L2,-0.013048658932421173,0.5716829288940215,-0.05821269725785648,0.03216868435490395
377,BE2C,H3K4me1,Helitron,-0.004436905065950363,0.855713922772901,-0.05222208220609559,0.04336854373271241
378,BE2C,H3K4me1,hAT-Tag1,0.02859510318860867,0.2414309498716368,-0.0192654747957642,0.07632493026217436
379,BE2C,H3K4me1,tRNA,0.015904464318462076,0.5378160536314116,-0.03468952230478743,0.06641713828103844
380,BE2C,H3K4me1,Penelope,0.0487617727358326,0.21405573846191334,-0.028232431307857672,0.1251807979862755
381,BE2C,H3K4me1,TcMar-Tc1,0.01724241335729622,0.6603277974797108,-0.059626098311306906,0.09390764061150687
382,BE2C,H3K4me1,Dong-R4,-0.03913228826848389,0.41936878733576566,-0.13345993582816534,0.05589799762481397
383,BE2C,H3K4me1,tRNA-Deu,-0.000622393941024971,0.9898776935601765,-0.09653172415746787,0.09529838795237477
384,BE2C,H3K4me1,Kolobok,0.011949730449800444,0.8224739910355272,-0.09225677445712321,0.11589731906785128
385,BE2C,H3K4me1,PIF-Harbinger,0.13702822956452354,0.010382749711038069,0.03202293872449926,0.239041663924382
386,BE2C,H3K4me1,Crypton,0.09627022166796757,0.10607190374736032,-0.02082901829926288,0.21076390005382578
387,BE2C,H3K4me1,Merlin,0.042240377719045596,0.5417263630453885,-0.09342092155086462,0.17636179486895595
388,BE2C,H3K4me1,TcMar,0.0246511069453531,0.7283187253555692,-0.11415386840216382,0.16251207193403552
389,BE2C,H3K4me1,L1-Tx1,-0.046059947011745976,0.5930219915327697,-0.21222242168640543,0.12269106909326266
390,BE2C,H3K4me1,Crypton-A,-0.1624101009929232,0.06382822537305467,-0.3259031915124583,0.01051512387520686
391,BE2C,H3K4me1,I-Jockey,0.020155685293299978,0.8352081810942157,-0.16860398078435193,0.2074893202820267
392,BE2C,H3K4me1,hAT-Tip100?,0.011808755760368665,0.9268129757562198,-0.2366569898620479,0.25882477400113924
393,BE2C,H3K4me1,TcMar-Pogo,0.0879765395894428,0.6320806342387064,-0.2696210900217497,0.4242506263144219
394,BE2C,H3K4me1,hAT?,-0.05882352941176471,0.7450541441461153,-0.39443366419074455,0.29063226803215
395,BE2C,H3K4me1,hAT-hAT19,-0.18823529411764706,0.4850866091454682,-0.6284784835567567,0.3433482297655295
396,BE2C,H3K9me3,Alu,0.0005998464388692778,0.5291973913878417,-0.0012685868563595067,0.002468275545926546
397,BE2C,H3K9me3,L1,-0.0015461180296363825,0.26228572776619524,-0.004249329332171031,0.0011571158691964937
398,BE2C,H3K9me3,MIR,0.0001380853499513834,0.920978840931885,-0.002590137365754184,0.002866306010064932
399,BE2C,H3K9me3,L2,0.0009383999829101859,0.5753193359782423,-0.0023445626510792015,0.004221342389149788
400,BE2C,H3K9me3,ERVL-MaLR,-0.002539271128938528,0.20596132510937043,-0.0064742760843156865,0.0013958124660062813
401,BE2C,H3K9me3,hAT-Charlie,-0.00010968682225134216,0.9589995030179734,-0.004291455268771027,0.004072085460499926
402,BE2C,H3K9me3,ERV1,-0.0004498260772116151,0.8836711781841968,-0.006475319280473354,0.005575699789516225
403,BE2C,H3K9me3,ERVL,-7.8298575695107e-05,0.9800272068843451,-0.006208196751133275,0.006051605483988754
404,BE2C,H3K9me3,TcMar-Tigger,0.0013897999019031476,0.6621562126671692,-0.004844378554930119,0.007623870331306061
405,BE2C,H3K9me3,hAT-Tip100,0.002089848210554053,0.6299656957654698,-0.006412067619514201,0.010591461930827691
406,BE2C,H3K9me3,CR1,-0.006334078499725538,0.1797725953566133,-0.015587686565896226,0.0029206145020940362
407,BE2C,H3K9me3,Gypsy,0.00282581117834248,0.7236514342687785,-0.012837687965756983,0.018487923835660013
408,BE2C,H3K9me3,hAT-Blackjack,0.009174879765466193,0.26100000951124436,-0.006823866692825207,0.025168930404638672
409,BE2C,H3K9me3,TcMar-Mariner,-0.005518388014862777,0.5024410543477422,-0.021642890647133897,0.010608984772781138
410,BE2C,H3K9me3,RTE-X,0.0005584895433727199,0.956770573371711,-0.01963300222245447,0.02074952593104301
411,BE2C,H3K9me3,ERVK,0.003963957151803737,0.7367358807311963,-0.019145013493083177,0.02706869480502264
412,BE2C,H3K9me3,TcMar-Tc2,-0.0029143735543875468,0.8139767159310369,-0.02718450447072065,0.021359191237735567
413,BE2C,H3K9me3,SVA,0.01993834602856718,0.16356370231880066,-0.008115549659321744,0.04796088053626847
414,BE2C,H3K9me3,RTE-BovB,0.01204460432165449,0.4146518309839564,-0.016896423028552522,0.04096546609196936
415,BE2C,H3K9me3,tRNA-RTE,-0.001580014013195769,0.9217057380758201,-0.033077986373580504,0.029921093801258333
416,BE2C,H3K9me3,hAT-Ac,0.011882840577510472,0.5128612000459418,-0.023707962073008536,0.04744356031289545
417,BE2C,H3K9me3,hAT,-0.02010602597641886,0.29721516898541467,-0.057858524410503105,0.01770389511736565
418,BE2C,H3K9me3,MULE-MuDR,0.004752787131481867,0.8197530478258068,-0.03611754533840502,0.045607247449216265
419,BE2C,H3K9me3,PiggyBac,-0.010424939320781082,0.6344975043531285,-0.05336113867979083,0.03254973577399998
420,BE2C,H3K9me3,5S-Deu-L2,0.002354410183248632,0.918721589502669,-0.0428466614181541,0.047545863014103684
421,BE2C,H3K9me3,Helitron,-0.032703100308988535,0.17953672839583762,-0.08032966839087367,0.015072451434774882
422,BE2C,H3K9me3,hAT-Tag1,-0.026652963921643433,0.2749090264721673,-0.0743910690201895,0.021207018200425802
423,BE2C,H3K9me3,tRNA,0.0239875021157622,0.3528834870099693,-0.02663180776446188,0.07448411231547046
424,BE2C,H3K9me3,Penelope,0.009400407681126245,0.8105149186412226,-0.06737490079464661,0.08606504569485186
425,BE2C,H3K9me3,TcMar-Tc1,0.012682873111511237,0.746513681770963,-0.06416657311759959,0.08938278081615984
426,BE2C,H3K9me3,Dong-R4,-0.07333576158119112,0.12982677769153195,-0.16708614935345947,0.021728881972968603
427,BE2C,H3K9me3,tRNA-Deu,-0.031468438112448524,0.521129012314929,-0.12702362868373687,0.06466546959373656
428,BE2C,H3K9me3,Kolobok,-0.09240863808005094,0.08208868783939,-0.19483900842717575,0.012015603739029301
429,BE2C,H3K9me3,PIF-Harbinger,0.0596155861608148,0.26669592714000295,-0.045743587257785885,0.16366304338679522
430,BE2C,H3K9me3,Crypton,-0.019935133944608645,0.7384476601519522,-0.13622745452615914,0.09689911638819174
431,BE2C,H3K9me3,Merlin,0.0017481992653636336,0.9798609556056437,-0.1333519565558389,0.13678456857391777
432,BE2C,H3K9me3,TcMar,0.010162277987947962,0.8861477969490762,-0.12841657749277022,0.14835187484812165
433,BE2C,H3K9me3,L1-Tx1,-0.002319565676850517,0.9785386229824264,-0.1699691520974475,0.16546051214177426
434,BE2C,H3K9me3,Crypton-A,0.030334453026961816,0.7308874190897507,-0.14196856480001702,0.2008533211104157
435,BE2C,H3K9me3,I-Jockey,0.05028264294319341,0.6035915804344587,-0.13925301399325146,0.23626437100065004
436,BE2C,H3K9me3,hAT-Tip100?,-0.033842165898617514,0.7923114293041995,-0.2793323705407675,0.21580082297089057
437,BE2C,H3K9me3,TcMar-Pogo,-0.020161290322580645,0.9127877935296743,-0.3663122870581142,0.3308915902299497
438,BE2C,H3K9me3,hAT?,-0.26737967914438504,0.13250520694814535,-0.5636849369298769,0.0898953750843171
439,BE2C,H3K9me3,hAT-hAT19,0.13823529411764704,0.6096659407501825,-0.38597426239896654,0.5949625271849802
440,BE2C,H3K36me3,Alu,0.0028356304426986182,0.002936250040784105,0.0009670659494568776,0.004704175134594939
441,BE2C,H3K36me3,L1,0.0013098141223482948,0.3423353662685805,-0.0013937408665735717,0.004013349963961062
442,BE2C,H3K36me3,MIR,0.00200573758123731,0.14958625444983054,-0.000722363982385657,0.004733809289509998
443,BE2C,H3K36me3,L2,0.004732417640531926,0.004724588306728177,0.0014493703715256071,0.008015362894648867
444,BE2C,H3K36me3,ERVL-MaLR,0.0012915272262961582,0.5200432608545378,-0.002643543223299098,0.005226557678202765
445,BE2C,H3K36me3,hAT-Charlie,0.002146631445089108,0.3143501330977087,-0.0020350383109745546,0.006328226128605773
446,BE2C,H3K36me3,ERV1,0.004208635596535232,0.1711003424285001,-0.001818229417661436,0.010235194879427013
447,BE2C,H3K36me3,ERVL,0.0001740856345843409,0.9556131647683398,-0.005956031785705663,0.006304189971203686
448,BE2C,H3K36me3,TcMar-Tigger,-0.004500535014114132,0.1570985093856479,-0.01073452501654401,0.0017338048202977696
449,BE2C,H3K36me3,hAT-Tip100,-0.0007828340313658414,0.8567842586149506,-0.009284486179733886,0.0077189312820738435
450,BE2C,H3K36me3,CR1,-0.014373686428736035,0.002332415765961877,-0.023625347424810886,-0.005119563688799139
451,BE2C,H3K36me3,Gypsy,0.00441161894792767,0.580953142660094,-0.011252634664290093,0.020073707869537685
452,BE2C,H3K36me3,hAT-Blackjack,-0.01135757994345866,0.16406009464575538,-0.027349469336777166,0.004640121497803593
453,BE2C,H3K36me3,TcMar-Mariner,-0.002415625326024301,0.7691389367581863,-0.01854505453374845,0.013715060877844415
454,BE2C,H3K36me3,RTE-X,-0.002353912085460377,0.8193002869152108,-0.022546280348167302,0.01784037589969869
455,BE2C,H3K36me3,ERVK,0.00957286475326632,0.4167310042210892,-0.013531362159929098,0.03266687515756142
456,BE2C,H3K36me3,TcMar-Tc2,-0.0035025731452918416,0.7774218134126218,-0.027781598509923573,0.02078058230354284
457,BE2C,H3K36me3,SVA,0.005134517670954707,0.7198174902107191,-0.02291841102158231,0.03317936708797852
458,BE2C,H3K36me3,RTE-BovB,0.01936409079770193,0.1896784589798797,-0.009578076789295904,0.048273841939346265
459,BE2C,H3K36me3,tRNA-RTE,0.011290218396880354,0.4824143996646698,-0.020213504291156828,0.042771543428385406
460,BE2C,H3K36me3,hAT-Ac,0.00736738463428986,0.6850513269380692,-0.0282317553679223,0.04294786005887837
461,BE2C,H3K36me3,hAT,0.01943285439916827,0.31359697699033356,-0.018369827054452288,0.057180055656124114
462,BE2C,H3K36me3,MULE-MuDR,0.01169978115330744,0.5749230033534385,-0.02918754512751597,0.05254802071278095
463,BE2C,H3K36me3,PiggyBac,0.028445695968913578,0.19426887792389963,-0.014519024477664904,0.07130556821595878
464,BE2C,H3K36me3,5S-Deu-L2,-0.015465290683076399,0.5026464530677158,-0.06062206316791423,0.029754656752927072
465,BE2C,H3K36me3,Helitron,-0.016142471375716328,0.5081083659729144,-0.06387811723845002,0.031666874711416784
466,BE2C,H3K36me3,hAT-Tag1,0.022178297027817165,0.3636274185255486,-0.025679280871647538,0.06993444832025354
467,BE2C,H3K36me3,tRNA,0.0007447969905184631,0.9769913532143976,-0.049836817853325464,0.05132260099353701
468,BE2C,H3K36me3,Penelope,-0.038566628746693914,0.32511339065581035,-0.11497971248545602,0.03830018207810727
469,BE2C,H3K36me3,TcMar-Tc1,-0.020445819777527803,0.6025612337980824,-0.09714404881796698,0.056493817219485716
470,BE2C,H3K36me3,Dong-R4,-0.06955433770734848,0.15086487116947966,-0.16337661678410476,0.02551476702162267
471,BE2C,H3K36me3,tRNA-Deu,-0.022596942005074772,0.6450347160735934,-0.11826782895722288,0.07348961036568492
472,BE2C,H3K36me3,Kolobok,-0.012244913012705997,0.8181642124332139,-0.11618875333154714,0.09196423841805951
473,BE2C,H3K36me3,PIF-Harbinger,0.08016244905837787,0.13502103714118477,-0.02519729825799856,0.18376091474208317
474,BE2C,H3K36me3,Crypton,0.013354285592531065,0.8230144639385656,-0.10340940765669521,0.12975490811098156
475,BE2C,H3K36me3,Merlin,-0.08489848372437099,0.21940401503090393,-0.21770633631041802,0.05099609019259833
476,BE2C,H3K36me3,TcMar,-0.09862474716518153,0.16364252662292164,-0.23414769081309575,0.04065805241613478
477,BE2C,H3K36me3,L1-Tx1,-0.08434444851517614,0.32712149438053206,-0.24882631677417458,0.08486601733670149
478,BE2C,H3K36me3,Crypton-A,-0.14228766884419772,0.10497295517506218,-0.30712905831999154,0.030843072453086283
479,BE2C,H3K36me3,I-Jockey,0.0040126030951719025,0.9669690468922907,-0.18422891039634892,0.19197016885093182
480,BE2C,H3K36me3,hAT-Tip100?,-0.09888632872503841,0.44067064268558687,-0.3389082787075772,0.1532212942008819
481,BE2C,H3K36me3,TcMar-Pogo,0.2008797653958944,0.270278409593274,-0.16250672714902675,0.5162830264371046
482,BE2C,H3K36me3,hAT?,-0.1554144385026738,0.3877920516068778,-0.47513146699120024,0.20055328201575845
483,BE2C,H3K36me3,hAT-hAT19,-0.21764705882352942,0.41808684161130294,-0.6476156175680963,0.3174522442303996
484,BE2C,H3K27me3,Alu,-9.410065041007404e-05,0.9213682516492795,-0.0019625337128453156,0.0017743330690440705
485,BE2C,H3K27me3,L1,0.00019973387238088154,0.8848641332280145,-0.0025036826646197274,0.002903147489890104
486,BE2C,H3K27me3,MIR,4.2054958083274474e-05,0.9758953506214549,-0.0026859028070649626,0.002770012097306385
487,BE2C,H3K27me3,L2,-0.002566779789662084,0.12542451462683932,-0.0058496905920314415,0.0007161863409597374
488,BE2C,H3K27me3,ERVL-MaLR,0.0005528562215447947,0.7830308075172127,-0.003382103711750222,0.004487799034157472
489,BE2C,H3K27me3,hAT-Charlie,-0.002624343366303979,0.21862563094584223,-0.006805418234319284,0.0015568232586811812
490,BE2C,H3K27me3,ERV1,0.0030774024376621664,0.31680939438395966,-0.0029479776280574004,0.009102559058099752
491,BE2C,H3K27me3,ERVL,-0.0031573853474773303,0.31269957346476324,-0.009286852231167783,0.0029723187959971456
492,BE2C,H3K27me3,TcMar-Tigger,-0.0014845690078445044,0.6406642041980819,-0.0077181299811698795,0.004749107340504931
493,BE2C,H3K27me3,hAT-Tip100,9.991897257157944e-05,0.9816229965820993,-0.008401960793082934,0.008601784293572225
494,BE2C,H3K27me3,CR1,0.006973759887906039,0.13969804631210977,-0.0022810319874081108,0.01622735723789301
495,BE2C,H3K27me3,Gypsy,-0.016028188069601535,0.04489137511640605,-0.03168413876524163,-0.0003643741078676918
496,BE2C,H3K27me3,hAT-Blackjack,-0.008260395815929801,0.3115259459786947,-0.024254339040287804,0.007737774935196762
497,BE2C,H3K27me3,TcMar-Mariner,0.0159881448220024,0.052028533299810685,-0.00014141192142848026,0.032109384694329994
498,BE2C,H3K27me3,RTE-X,-0.010421993835939003,0.31173963831920304,-0.030607369777027063,0.009771879473640102
499,BE2C,H3K27me3,ERVK,0.02017948126047027,0.08693243827298922,-0.002928150363653072,0.04326557402271942
500,BE2C,H3K27me3,TcMar-Tc2,0.017992561733349073,0.14622097525637107,-0.006280424929852039,0.04224435840659968
501,BE2C,H3K27me3,SVA,0.0017860529972372617,0.9007220887111094,-0.026270475497114937,0.029839769914041837
502,BE2C,H3K27me3,RTE-BovB,0.012478546392326989,0.39804033755323665,-0.016462613423721083,0.04139881421561441
503,BE2C,H3K27me3,tRNA-RTE,0.019545560452697536,0.22394271045930103,-0.011960340641102116,0.0510126917852599
504,BE2C,H3K27me3,hAT-Ac,0.0037267789661515945,0.8374208245080065,-0.031862957981394026,0.039307077390932456
505,BE2C,H3K27me3,hAT,0.01696868643593426,0.37891216985112564,-0.020833017158020984,0.05472194278587319
506,BE2C,H3K27me3,MULE-MuDR,0.01337687614796598,0.5214753700719645,-0.027520862486351442,0.05422990670471641
507,BE2C,H3K27me3,PiggyBac,0.024482709295015805,0.26415833181040504,-0.018502114009248605,0.06737719542906716
508,BE2C,H3K27me3,5S-Deu-L2,0.02265739407906539,0.3261620037345825,-0.022580002691645156,0.06780219993934901
509,BE2C,H3K27me3,Helitron,0.011502339118383005,0.6373543647992729,-0.03631522175106635,0.05926735020469757
510,BE2C,H3K27me3,hAT-Tag1,-0.05009743934918999,0.04005852938486409,-0.0977175903084892,-0.002248412130679031
511,BE2C,H3K27me3,tRNA,0.019584582646343784,0.448179267145845,-0.031030730743201267,0.07009970836207208
512,BE2C,H3K27me3,Penelope,0.018023416937705008,0.6457151414980845,-0.058789117340255076,0.09462378746215011
513,BE2C,H3K27me3,TcMar-Tc1,-0.026820986178431993,0.4941875496606427,-0.10340562598428311,0.05007980110925054
514,BE2C,H3K27me3,Dong-R4,-0.08464651374071101,0.08025648313444117,-0.17816986867650458,0.010392438145866002
515,BE2C,H3K27me3,tRNA-Deu,0.025833784834586895,0.5984163509174647,-0.07027135289570373,0.12146375302971679
516,BE2C,H3K27me3,Kolobok,0.0021997203074861043,0.967056906140775,-0.10191179966883283,0.10626357543070242
517,BE2C,H3K27me3,PIF-Harbinger,-0.02434922101312419,0.6503210085374438,-0.12901492186641414,0.08085301971816426
518,BE2C,H3K27me3,Crypton,0.07418034235300068,0.21346347372481636,-0.0429479810135241,0.18929718430455447
519,BE2C,H3K27me3,Merlin,-0.04930471234634621,0.4762349031258173,-0.18323335912666416,0.08642077838468273
520,BE2C,H3K27me3,TcMar,-0.05663160033789782,0.4245658011055453,-0.19361713537522546,0.08251987476848913
521,BE2C,H3K27me3,L1-Tx1,-0.03709438229297366,0.6669421032384942,-0.2035993847920913,0.13149605375996723
522,BE2C,H3K27me3,Crypton-A,-0.0753276668127511,0.3924862485080486,-0.24393532761624356,0.09770026971307873
523,BE2C,H3K27me3,I-Jockey,-0.02631822815309054,0.785891429561438,-0.21339515328682448,0.16262047853146044
524,BE2C,H3K27me3,hAT-Tip100?,-0.06331605222734255,0.6220217280340323,-0.30650604659989605,0.18763319632238296
525,BE2C,H3K27me3,TcMar-Pogo,-0.08247800586510264,0.6535981109917729,-0.4196279794659781,0.27467081354731915
526,BE2C,H3K27me3,hAT?,0.04344919786096257,0.8102637173955713,-0.30455358006772615,0.3812182225804228
527,BE2C,H3K27me3,hAT-hAT19,0.2911764705882353,0.27388704841914874,-0.24975116412258716,0.6935946774924099
528,SJSA1,H3K27ac,Alu,-0.001516245974018837,0.11079321702688284,-0.0033798494867723246,0.00034736807071766396
529,SJSA1,H3K27ac,L1,-0.0006394537591528116,0.6419571910369721,-0.0033349340643966646,0.0020560358381753402
530,SJSA1,H3K27ac,MIR,0.0008604586403638949,0.5362117375332791,-0.0018660199213619084,0.0035869244093826766
531,SJSA1,H3K27ac,L2,-0.0003961066184167732,0.8129155225489115,-0.0036764668790018867,0.002884262167011067
532,SJSA1,H3K27ac,ERVL-MaLR,2.5531961171693894e-06,0.9989829667103054,-0.0039233108016356955,0.003928417115168234
533,SJSA1,H3K27ac,hAT-Charlie,0.00019627281385321677,0.9266038333850163,-0.003979716337497481,0.004372255119656659
534,SJSA1,H3K27ac,ERV1,3.462090736849178e-05,0.990956232640153,-0.005951752891526116,0.0060209922248679725
535,SJSA1,H3K27ac,ERVL,0.004520845891825148,0.14757309159076423,-0.0015977997201831959,0.010639153014374857
536,SJSA1,H3K27ac,TcMar-Tigger,0.001581865207593575,0.6184165691289323,-0.004642627525921435,0.007806235366664382
537,SJSA1,H3K27ac,hAT-Tip100,0.0008945074017905575,0.8365377224072363,-0.007602709403612858,0.009391595037366793
538,SJSA1,H3K27ac,CR1,0.0024865766217533635,0.598116458014723,-0.006759265660450198,0.011731993787889201
539,SJSA1,H3K27ac,Gypsy,-0.012106232857339578,0.12940437494583004,-0.027747970998865425,0.003541432315608236
540,SJSA1,H3K27ac,hAT-Blackjack,-0.016612067029298804,0.041423317357859035,-0.03257059025114219,-0.0006450756421700173
541,SJSA1,H3K27ac,TcMar-Mariner,-0.013213673739641796,0.10768284386369129,-0.02930668101572419,0.0028861819282679346
542,SJSA1,H3K27ac,RTE-X,-0.0006241349070123432,0.9516568376109771,-0.020799091447602957,0.01955132972842557
543,SJSA1,H3K27ac,ERVK,-0.010297136996856842,0.37621677054660585,-0.033094805091649096,0.01251124079933141
544,SJSA1,H3K27ac,TcMar-Tc2,0.008103452567454407,0.5126851408914812,-0.016157248055360462,0.03235461722746521
545,SJSA1,H3K27ac,SVA,-0.010726988764740842,0.4515327349979087,-0.03863729036640677,0.017200037100931043
546,SJSA1,H3K27ac,RTE-BovB,-0.008101836137958396,0.582968299937648,-0.03700883169915939,0.02081870667977215
547,SJSA1,H3K27ac,tRNA-RTE,0.005370606686897533,0.7382520614922514,-0.02612550483862261,0.03685606617101506
548,SJSA1,H3K27ac,hAT-Ac,-0.019698935420555366,0.27725885990128557,-0.05519063007950024,0.015842475987007262
549,SJSA1,H3K27ac,hAT,-0.004824471365457881,0.802432358699428,-0.042595535272801605,0.03296036357696559
550,SJSA1,H3K27ac,MULE-MuDR,-0.005356883062977708,0.797055157800701,-0.0461569896271655,0.035461066469610766
551,SJSA1,H3K27ac,PiggyBac,0.0008796979917533594,0.9678781744536453,-0.0419166631078805,0.043672836947579736
552,SJSA1,H3K27ac,5S-Deu-L2,0.017329339866918807,0.45196815814997016,-0.02783230128382857,0.06242038138552452
553,SJSA1,H3K27ac,Helitron,-0.053324918388376774,0.028138538979833497,-0.10071514062559249,-0.005693271711486095
554,SJSA1,H3K27ac,hAT-Tag1,0.004690833041703693,0.8474202717347354,-0.04307251615694749,0.05243278860919416
555,SJSA1,H3K27ac,tRNA,0.016302833559140903,0.527403869235846,-0.03425801956198354,0.06678044865767295
556,SJSA1,H3K27ac,Penelope,-0.029388192393266583,0.4517018919310636,-0.10560014388098736,0.047166981592258246
557,SJSA1,H3K27ac,TcMar-Tc1,0.026667892047492637,0.4963252542847172,-0.050173397260996594,0.10319531887170139
558,SJSA1,H3K27ac,Dong-R4,0.05559623680525917,0.25108911343028056,-0.039471512406982,0.14966650317295924
559,SJSA1,H3K27ac,tRNA-Deu,-0.033195794897558216,0.4985050531978571,-0.12872715958054154,0.06294601993614418
560,SJSA1,H3K27ac,Kolobok,-0.04423223295125315,0.4067156543322785,-0.1478360511287192,0.06033182027922503
561,SJSA1,H3K27ac,PIF-Harbinger,0.017355541338687122,0.7466275286762085,-0.08779236463495692,0.12212095952345388
562,SJSA1,H3K27ac,Crypton,0.009165775088223912,0.8779937561468233,-0.10754911107249045,0.1256314544456888
563,SJSA1,H3K27ac,Merlin,0.015612946535370598,0.8212032234135004,-0.11939535073870929,0.1500543337133893
564,SJSA1,H3K27ac,TcMar,0.027227966890543062,0.6997820138199145,-0.11092305018149151,0.16434665518277744
565,SJSA1,H3K27ac,L1-Tx1,0.00619095346145314,0.9427610857533972,-0.1616940025401576,0.17372763160704827
566,SJSA1,H3K27ac,Crypton-A,0.1341415403234509,0.12663232924588144,-0.039040769857208175,0.29950019736799727
567,SJSA1,H3K27ac,I-Jockey,0.026188490408673895,0.7869217283520218,-0.16274655419217526,0.2132709252310597
568,SJSA1,H3K27ac,hAT-Tip100?,-0.14478021978021977,0.2536869005507696,-0.37829124903593037,0.1060542431148129
569,SJSA1,H3K27ac,TcMar-Pogo,0.4002932551319648,0.023197202001788854,0.045711314367445285,0.6652944332943304
570,SJSA1,H3K27ac,hAT?,-0.13277310924369748,0.454123019377329,-0.45193526893504254,0.21652402827915482
571,SJSA1,H3K27ac,hAT-hAT19,0.11176470588235293,0.6802736949858406,-0.407873364319891,0.5767137615441166
572,SJSA1,H3K9me3,Alu,-0.0022280491459748374,0.019057974053364145,-0.004090731411761408,-0.00036535141917039683
573,SJSA1,H3K9me3,L1,8.235614250935898e-05,0.9522433421609883,-0.0026128371225467256,0.002777548211084936
574,SJSA1,H3K9me3,MIR,0.000765696314407268,0.5819550800294859,-0.0019602834074565986,0.0034916646565862613
575,SJSA1,H3K9me3,L2,0.001796639772389151,0.2830537960392634,-0.0014836630178396482,0.005076903897872558
576,SJSA1,H3K9me3,ERVL-MaLR,0.001684284937617643,0.4003236487264885,-0.0022407699488684084,0.00560928792826696
577,SJSA1,H3K9me3,hAT-Charlie,-2.494992888321739e-05,0.9906549402034148,-0.004200016206453021,0.004150117218500091
578,SJSA1,H3K9me3,ERV1,-0.0001470394966898114,0.9615928583318945,-0.006131676209665968,0.005837607749002043
579,SJSA1,H3K9me3,ERVL,0.000991759464964389,0.7506749577374779,-0.005125651068421884,0.007109095770521397
580,SJSA1,H3K9me3,TcMar-Tigger,-0.003931661917827196,0.21566485054669757,-0.010155190161138108,0.002292170909745242
581,SJSA1,H3K9me3,hAT-Tip100,-0.0025624065765632656,0.554428552820661,-0.011057900114326795,0.005933456854976507
582,SJSA1,H3K9me3,CR1,-0.006394817458534241,0.17525943858288864,-0.015640379943342973,0.0028518384637220375
583,SJSA1,H3K9me3,Gypsy,0.007996704477100873,0.3165053684695991,-0.007650924062857142,0.02364041778785509
584,SJSA1,H3K9me3,hAT-Blackjack,-0.009742434571637733,0.23166983984931333,-0.025702758378040896,0.006222854668673993
585,SJSA1,H3K9me3,TcMar-Mariner,0.0018070760097517033,0.8258364097367936,-0.014288091863017376,0.017901307671836102
586,SJSA1,H3K9me3,RTE-X,0.015446153153162273,0.13349145894089587,-0.004731740971168882,0.035611474392470525
587,SJSA1,H3K9me3,ERVK,-0.005997519610344554,0.606085422736953,-0.028786285567427686,0.01679747763218993
588,SJSA1,H3K9me3,TcMar-Tc2,0.008582632987241236,0.4879404345877617,-0.015670773835413276,0.0328259461828697
589,SJSA1,H3K9me3,SVA,-0.004976324414717668,0.7268217302214407,-0.03288450516963341,0.02293961047129731
590,SJSA1,H3K9me3,RTE-BovB,0.004732141805369132,0.7484721541954219,-0.024189668848614943,0.033646037848519925
591,SJSA1,H3K9me3,tRNA-RTE,-0.0036956308880429886,0.8181321488713227,-0.03518310969092485,0.027799177871033
592,SJSA1,H3K9me3,hAT-Ac,-0.009084744907640259,0.6164064547828948,-0.04460379625835433,0.026457245823568988
593,SJSA1,H3K9me3,hAT,-0.017176979506732325,0.37290976057893344,-0.054915722674434196,0.02061076900009087
594,SJSA1,H3K9me3,MULE-MuDR,0.005241367426204626,0.8013811280721481,-0.03558528009420239,0.04605054916046928
595,SJSA1,H3K9me3,PiggyBac,0.02001830927944522,0.3591951204015488,-0.02277986548100674,0.06274324576015773
596,SJSA1,H3K9me3,5S-Deu-L2,-0.022740487923911708,0.32361856536577127,-0.06781318632730804,0.02242484507185417
597,SJSA1,H3K9me3,Helitron,-0.014050608117108029,0.5633317479867384,-0.06163808887256188,0.03360060757560922
598,SJSA1,H3K9me3,hAT-Tag1,0.026076098259655324,0.28471886663105317,-0.021712486292016234,0.07374579575541007
599,SJSA1,H3K9me3,tRNA,-0.022144949231922357,0.3906219948846853,-0.07259916595434346,0.028422321167989168
600,SJSA1,H3K9me3,Penelope,0.040324843014033274,0.3013072759628858,-0.03619230284692879,0.11637193156272937
601,SJSA1,H3K9me3,TcMar-Tc1,-0.02401163719081565,0.5398938908097617,-0.1005039064388986,0.05276281874986697
602,SJSA1,H3K9me3,Dong-R4,0.039114533667602897,0.4195799738299407,-0.055915690961104575,0.1334424382709016
603,SJSA1,H3K9me3,tRNA-Deu,-0.030755346849500164,0.5306199414896928,-0.12632024983901227,0.06537517166679059
604,SJSA1,H3K9me3,Kolobok,0.06568290612092326,0.21765887972622922,-0.03893061684251359,0.1688721913335491
605,SJSA1,H3K9me3,PIF-Harbinger,-0.04377789689242434,0.41490319193847935,-0.14812681760992633,0.061535047572990324
606,SJSA1,H3K9me3,Crypton,-0.11722442217725391,0.048828138238077384,-0.2310494278689525,-0.0002338914117951751
607,SJSA1,H3K9me3,Merlin,0.0556809072180643,0.41992062402981234,-0.07977017763953947,0.18911303191182416
608,SJSA1,H3K9me3,TcMar,0.061334499968989,0.38349775702851996,-0.0768119676978515,0.19717036154708584
609,SJSA1,H3K9me3,L1-Tx1,-0.017763112607833132,0.8367728383878142,-0.18494057190206506,0.1504134937669541
610,SJSA1,H3K9me3,Crypton-A,-0.04998979065041512,0.5706935591236513,-0.21973501942066187,0.12269339620574314
611,SJSA1,H3K9me3,I-Jockey,0.027226392364007045,0.7786897805821509,-0.1617378196659637,0.21426462297703114
612,SJSA1,H3K9me3,hAT-Tip100?,-0.048763736263736264,0.701980093632104,-0.2912204138936511,0.19957930453538394
613,SJSA1,H3K9me3,TcMar-Pogo,0.20307917888563048,0.2649580010201267,-0.16035146735759093,0.5180213648302644
614,SJSA1,H3K9me3,hAT?,-0.17463712757830405,0.32323587788911123,-0.4862516207993163,0.1763839472312261
615,SJSA1,H3K9me3,hAT-hAT19,-0.2411764705882353,0.36820660804263405,-0.6626183746983176,0.2962660669272803
616,SJSA1,H3K36me3,Alu,-0.0003984091755268183,0.675106063971197,-0.002261382161192144,0.0014645665756352795
617,SJSA1,H3K36me3,L1,0.002263960308129867,0.09971534311495205,-0.0004314550870753648,0.004959342807028636
618,SJSA1,H3K36me3,MIR,-0.0011510325583051519,0.40790733499550136,-0.0038770097099219748,0.001574961699975759
619,SJSA1,H3K36me3,L2,6.414400820867183e-05,0.9694281424449889,-0.003216166448037245,0.0033444530840200854
620,SJSA1,H3K36me3,ERVL-MaLR,-0.0005824215717450101,0.7711818249667255,-0.004507464630963085,0.0033426394330915896
621,SJSA1,H3K36me3,hAT-Charlie,0.001096536924677867,0.6067139997256937,-0.003078478832302069,0.005271514455025436
622,SJSA1,H3K36me3,ERV1,0.00011300667858595308,0.9704776599448893,-0.005871639387910484,0.006097644650201425
623,SJSA1,H3K36me3,ERVL,-0.0007298374494070811,0.8151195442244564,-0.006847334613549221,0.005387714341791907
624,SJSA1,H3K36me3,TcMar-Tigger,0.006475213882929313,0.041429580258374565,0.0002515629848825428,0.012698363180699244
625,SJSA1,H3K36me3,hAT-Tip100,-0.005731125668056223,0.1860869876306785,-0.014225664494863755,0.0027642403503079713
626,SJSA1,H3K36me3,CR1,-0.001367212893075782,0.7719426556457265,-0.01061244706806209,0.00787825501153644
627,SJSA1,H3K36me3,Gypsy,-0.0037901293480340193,0.6349473698372341,-0.019434457214435517,0.011856053995431024
628,SJSA1,H3K36me3,hAT-Blackjack,-0.007213230201094104,0.3758119051993838,-0.023173123895272988,0.00875033921277336
629,SJSA1,H3K36me3,TcMar-Mariner,0.014105252452964621,0.08586977600568367,-0.0019912819191626654,0.030194479392246263
630,SJSA1,H3K36me3,RTE-X,-0.012622582097645486,0.2201375998168152,-0.03279025116347889,0.0075553619253615
631,SJSA1,H3K36me3,ERVK,0.00102395339499269,0.9298644722305986,-0.02177522422558593,0.02382206655708588
632,SJSA1,H3K36me3,TcMar-Tc2,0.008563772870966952,0.48896363167013324,-0.015693343058434676,0.032810814267796876
633,SJSA1,H3K36me3,SVA,0.008264527755836078,0.5617751452194674,-0.019653058137791186,0.036169236105198906
634,SJSA1,H3K36me3,RTE-BovB,-0.001506547046526447,0.9186895228863395,-0.030423576567716753,0.02741300223292762
635,SJSA1,H3K36me3,tRNA-RTE,-0.027725977207457595,0.08428062193733081,-0.05915560660354008,0.0037585667486209023
636,SJSA1,H3K36me3,hAT-Ac,-0.01566243229111068,0.3876796730297778,-0.05116301806407182,0.01987768560468233
637,SJSA1,H3K36me3,hAT,0.03362588536383175,0.081042494391782,-0.004161659137718157,0.0713175364268103
638,SJSA1,H3K36me3,MULE-MuDR,0.012363279481303587,0.5531750163489366,-0.028498007859914496,0.05318331762338193
639,SJSA1,H3K36me3,PiggyBac,0.015579680762043358,0.4755990389084287,-0.02722563850786166,0.0583279691026396
640,SJSA1,H3K36me3,5S-Deu-L2,0.015506721831487666,0.5009336234831935,-0.029653229402890603,0.06060349688265832
641,SJSA1,H3K36me3,Helitron,0.0043697594911643834,0.8573726485919676,-0.043265854632187774,0.05198555019408361
642,SJSA1,H3K36me3,hAT-Tag1,0.01358021742850608,0.577484402206721,-0.03419759757059101,0.06129610171443549
643,SJSA1,H3K36me3,tRNA,0.04076355937659859,0.11393795120270916,-0.009806878233944667,0.09112601393463204
644,SJSA1,H3K36me3,Penelope,-0.04219853594722748,0.27975069455208257,-0.11828351373799566,0.0343790504739027
645,SJSA1,H3K36me3,TcMar-Tc1,-0.004705327968601417,0.9044024930259887,-0.08134271220410326,0.0719873688822539
646,SJSA1,H3K36me3,Dong-R4,0.027377058859322647,0.5721890599172679,-0.06760286058924339,0.12186522011163098
647,SJSA1,H3K36me3,tRNA-Deu,-0.023054700589999685,0.6383511259990235,-0.11871989103966485,0.0730345712569253
648,SJSA1,H3K36me3,Kolobok,0.017791681755840814,0.7386882443089645,-0.0866122976018711,0.12180910935467318
649,SJSA1,H3K36me3,PIF-Harbinger,0.07227289296322448,0.17795207974914856,-0.03309460619391662,0.17605150014578852
650,SJSA1,H3K36me3,Crypton,-0.03745238388649391,0.530345792832537,-0.1534202144123311,0.07953307329769797
651,SJSA1,H3K36me3,Merlin,0.06591972050078888,0.3394915595835879,-0.06959261510816496,0.19904330724627517
652,SJSA1,H3K36me3,TcMar,0.14581641044703358,0.037908479179596326,0.00753799920316475,0.2786228522986139
653,SJSA1,H3K36me3,L1-Tx1,-0.032238229200895266,0.7084202187185038,-0.19892065773728154,0.13625691624085381
654,SJSA1,H3K36me3,Crypton-A,0.04868993331437197,0.5807644674858939,-0.12397113801543119,0.21848926323854384
655,SJSA1,H3K36me3,I-Jockey,-0.06283940320637568,0.5162472563155787,-0.2481858788094056,0.12694547106527457
656,SJSA1,H3K36me3,hAT-Tip100?,-0.27239010989010987,0.029441132515117277,-0.48919672987831375,-0.023878997499867688
657,SJSA1,H3K36me3,TcMar-Pogo,0.30901759530791784,0.08526447464020555,-0.053034849407475014,0.5992669043565428
658,SJSA1,H3K36me3,hAT?,-0.22841864018334607,0.19382858816278878,-0.5292497715029185,0.12342901318997107
659,SJSA1,H3K36me3,hAT-hAT19,0.5117647058823529,0.04272344816333178,-0.012975472498030393,0.8154927359944648
660,SJSA1,H3K27me3,Alu,-2.668454654728201e-05,0.9776055578115643,-0.0018898450598142352,0.0018364761519834036
661,SJSA1,H3K27me3,L1,0.00024018755925519572,0.8613476725151681,-0.0024551137827112006,0.002935485411469129
662,SJSA1,H3K27me3,MIR,0.0006048889242601444,0.6636476632094956,-0.002121271995445877,0.003331040852979982
663,SJSA1,H3K27me3,L2,0.0004083134175109623,0.8072545093922741,-0.0028719268357483597,0.0036885448839071144
664,SJSA1,H3K27me3,ERVL-MaLR,0.0008709446969838153,0.6636588680125002,-0.0030544343841681734,0.004796296938220427
665,SJSA1,H3K27me3,hAT-Charlie,0.003164856191548884,0.13738999804636862,-0.001010632235101997,0.0073402342633517755
666,SJSA1,H3K27me3,ERV1,0.004796208510292686,0.11628223018772132,-0.0011891718116068411,0.010781245197810508
667,SJSA1,H3K27me3,ERVL,-0.00030451229478411433,0.9222841708440617,-0.006422235997529306,0.005813234201733292
668,SJSA1,H3K27me3,TcMar-Tigger,0.0036555760202962896,0.2496619772064516,-0.002568381412638863,0.009879250245513511
669,SJSA1,H3K27me3,hAT-Tip100,-0.010206336765320215,0.018538385447129425,-0.018700417369547036,-0.0017107829899495619
670,SJSA1,H3K27me3,CR1,-0.002009493370440956,0.6700966286287013,-0.011254143372900968,0.007235500123057227
671,SJSA1,H3K27me3,Gypsy,0.007767504626296146,0.33056040293749644,-0.007879611562053518,0.023410818038388636
672,SJSA1,H3K27me3,hAT-Blackjack,-0.0026162484030304014,0.7480767579834874,-0.018579971901620824,0.013348808668016032
673,SJSA1,H3K27me3,TcMar-Mariner,-0.01621238400134823,0.048394998967737975,-0.03230300648013535,-0.00011335989473859366
674,SJSA1,H3K27me3,RTE-X,-0.003008675422659702,0.7700932926755388,-0.023182530348590146,0.017167628790827973
675,SJSA1,H3K27me3,ERVK,0.006540426907899615,0.574007410229311,-0.01626244785376218,0.0293365017410561
676,SJSA1,H3K27me3,TcMar-Tc2,-0.00770196967481465,0.5337616857216081,-0.031951629143324126,0.016556751941019087
677,SJSA1,H3K27me3,SVA,0.018910843029937147,0.1844036098596302,-0.009017484973671382,0.046809691036691414
678,SJSA1,H3K27me3,RTE-BovB,-0.006873607816264517,0.6413471644894961,-0.03578202872823618,0.022046306710528745
679,SJSA1,H3K27me3,tRNA-RTE,-0.006437165095941133,0.6887636587213289,-0.03792126979106414,0.025059706968285883
680,SJSA1,H3K27me3,hAT-Ac,-0.006830893255809133,0.7063306442291489,-0.04234207792675597,0.028697528699195625
681,SJSA1,H3K27me3,hAT,-0.011001648826685577,0.5682212378950096,-0.04875412213333431,0.026782214537632555
682,SJSA1,H3K27me3,MULE-MuDR,-0.02777985944230266,0.18235271571500541,-0.06852875678431096,0.0130615742066197
683,SJSA1,H3K27me3,PiggyBac,0.021395550958878136,0.32708823176165047,-0.02140331539226672,0.06411614253174285
684,SJSA1,H3K27me3,5S-Deu-L2,-0.027368639581984218,0.23483239135832226,-0.07242408117842597,0.017798276717572187
685,SJSA1,H3K27me3,Helitron,-0.026739273402673427,0.27136458576961764,-0.07427954410389204,0.020922257941452235
686,SJSA1,H3K27me3,hAT-Tag1,0.016790884372719715,0.4909605209931269,-0.030990765521703274,0.0644959654731947
687,SJSA1,H3K27me3,tRNA,-0.016731434919043216,0.5166028493954339,-0.06720742100244309,0.03382997691076969
688,SJSA1,H3K27me3,Penelope,0.04470092610938289,0.2518317413262542,-0.03182047289003664,0.12070135342883215
689,SJSA1,H3K27me3,TcMar-Tc1,-0.02780886513050341,0.4777384094399193,-0.10426759135901481,0.048976641164218106
690,SJSA1,H3K27me3,Dong-R4,0.04735381640316352,0.328397533407099,-0.04770001432153114,0.14155768748867292
691,SJSA1,H3K27me3,tRNA-Deu,-0.01673661341623168,0.7329680112727013,-0.11247779987147143,0.07931247418011751
692,SJSA1,H3K27me3,Kolobok,0.02061494670879512,0.6990988808970264,-0.08381131366237868,0.1245933394836794
693,SJSA1,H3K27me3,PIF-Harbinger,-0.03225190401975175,0.5481664231210646,-0.1367958058916432,0.07300251799113304
694,SJSA1,H3K27me3,Crypton,-0.04053221773854229,0.4970626526100618,-0.15643756174566006,0.07647430539233889
695,SJSA1,H3K27me3,Merlin,0.09917775887341532,0.15013276782990712,-0.03638557807383137,0.23115695565716854
696,SJSA1,H3K27me3,TcMar,-0.025542402174313875,0.7175500976949566,-0.16270202108336232,0.1125856805981556
697,SJSA1,H3K27me3,L1-Tx1,-0.05551789438425619,0.5193397619105897,-0.22129801833784926,0.11338085006476945
698,SJSA1,H3K27me3,Crypton-A,0.011882884722924238,0.8928434724417378,-0.1599746198561029,0.18304122415079135
699,SJSA1,H3K27me3,I-Jockey,-0.07651746826058753,0.42905127959723033,-0.26112402665646817,0.11348861381634714
700,SJSA1,H3K27me3,hAT-Tip100?,-0.1647435897435897,0.1932988335801897,-0.3960061947308532,0.08617165218290125
701,SJSA1,H3K27me3,TcMar-Pogo,0.17448680351906154,0.33951188973436874,-0.18815645521002133,0.4952604694750445
702,SJSA1,H3K27me3,hAT?,-0.044461420932009166,0.8028359053046912,-0.3771086127807755,0.2983460790975965
703,SJSA1,H3K27me3,hAT-hAT19,-0.5558823529411765,0.025362176320607922,-0.8369601476778062,-0.04274616718019767
704,SJSA1,H3K4me3,Alu,-0.0010329930747400916,0.27732165429529887,-0.0028966758118292176,0.0008306968382015839
705,SJSA1,H3K4me3,L1,-0.0006904660140474016,0.6156455081383628,-0.0033860809228155714,0.0020051589290841737
706,SJSA1,H3K4me3,MIR,-2.2017415413810375e-05,0.9873715715768063,-0.0027483959664271933,0.0027043614629166744
707,SJSA1,H3K4me3,L2,-0.0010093434895788466,0.5464848748283571,-0.004289851254571364,0.002271186000146311
708,SJSA1,H3K4me3,ERVL-MaLR,-0.0010202870055223848,0.6104848960709143,-0.00494604554669258,0.0029055029844023477
709,SJSA1,H3K4me3,hAT-Charlie,0.0004068888071227758,0.8485458300177955,-0.0037689898785884988,0.004582753302256161
710,SJSA1,H3K4me3,ERV1,0.00017847644540079858,0.953406240964991,-0.005808265406436911,0.006165205503689038
711,SJSA1,H3K4me3,ERVL,0.002730808906852198,0.38168228870157894,-0.003387501319513235,0.008848914689852558
712,SJSA1,H3K4me3,TcMar-Tigger,0.0021649042628978394,0.49547656662944173,-0.004060134553458408,0.008389775298111022
713,SJSA1,H3K4me3,hAT-Tip100,0.003764148097329357,0.38527794336046406,-0.004733350428997709,0.012261103051421902
714,SJSA1,H3K4me3,CR1,0.0047257892124775314,0.31651537267914526,-0.00452147019696711,0.013972240452962
715,SJSA1,H3K4me3,Gypsy,-0.003504093563242024,0.6607222811705457,-0.019149512829025942,0.01214304136976993
716,SJSA1,H3K4me3,hAT-Blackjack,0.001384445759398823,0.865052537493778,-0.014581415685155622,0.017349601419176467
717,SJSA1,H3K4me3,TcMar-Mariner,0.006005343657470338,0.46484229138991906,-0.010098663298684654,0.022106236263568595
718,SJSA1,H3K4me3,RTE-X,-0.0020152930718398587,0.8448071429641806,-0.022190696695980214,0.018161751330031183
719,SJSA1,H3K4me3,ERVK,0.004275578348619609,0.7133648246975469,-0.018535801452997113,0.027082509264961967
720,SJSA1,H3K4me3,TcMar-Tc2,-0.0023117576361021876,0.8518715233138728,-0.0265711427210713,0.0219503487895189
721,SJSA1,H3K4me3,SVA,-0.00876813285335767,0.5382651229617498,-0.03667792921689416,0.01915533124264863
722,SJSA1,H3K4me3,RTE-BovB,-0.006344827218361192,0.6672098301806693,-0.03525384165315499,0.022574796674625627
723,SJSA1,H3K4me3,tRNA-RTE,-0.007827575376807215,0.6262229005872455,-0.03930983334073739,0.023670207519706027
724,SJSA1,H3K4me3,hAT-Ac,-0.0002875796358921355,0.9873502750618313,-0.03582577242016762,0.035251339568255095
725,SJSA1,H3K4me3,hAT,-0.00030020436828220214,0.9875784637075298,-0.0380783812327307,0.03747882941341374
726,SJSA1,H3K4me3,MULE-MuDR,0.017995154139752605,0.3878317843539405,-0.022852547635436732,0.05878287359274736
727,SJSA1,H3K4me3,PiggyBac,0.01768634350109456,0.41789944577203075,-0.025110382611335445,0.0604183601411155
728,SJSA1,H3K4me3,5S-Deu-L2,-0.012167389147143397,0.5974467028810386,-0.05727408724565677,0.03298888259138953
729,SJSA1,H3K4me3,Helitron,-0.01873167921003538,0.440891290661808,-0.06628905153640434,0.028910605209269
730,SJSA1,H3K4me3,hAT-Tag1,0.02908657543128566,0.23273857402594605,-0.01870293035386958,0.07674347968635294
731,SJSA1,H3K4me3,tRNA,0.007934374713876596,0.7584188087364614,-0.04261278258189228,0.05844101706233625
732,SJSA1,H3K4me3,Penelope,-0.006452758679283221,0.8687786870557007,-0.08284545801077373,0.0700153327121045
733,SJSA1,H3K4me3,TcMar-Tc1,0.026974265979592103,0.4913889866555209,-0.04986788490244024,0.10349895116283125
734,SJSA1,H3K4me3,Dong-R4,-0.03008608953426307,0.5347666825856626,-0.12453897822449404,0.06490717645096707
735,SJSA1,H3K4me3,tRNA-Deu,-0.03736655725209303,0.44609612972630874,-0.13283864880241858,0.05879258201015504
736,SJSA1,H3K4me3,Kolobok,0.012342485545743275,0.8169963243996599,-0.09201499303581138,0.11643178285846184
737,SJSA1,H3K4me3,PIF-Harbinger,0.061517294529541904,0.25171207956643915,-0.043844757454937607,0.16552594223563707
738,SJSA1,H3K4me3,Crypton,-0.0516380446047219,0.3868087919289367,-0.16730457314501354,0.06543067743860612
739,SJSA1,H3K4me3,Merlin,0.10478174432165727,0.1283063676677892,-0.030767678670310657,0.236546674288275
740,SJSA1,H3K4me3,TcMar,0.06339260031133759,0.36771053745450133,-0.07476651200138824,0.19916387509541159
741,SJSA1,H3K4me3,L1-Tx1,-0.20018271833294238,0.01900657087258918,-0.35742081007005716,-0.03190912280421269
742,SJSA1,H3K4me3,Crypton-A,0.033697533608921505,0.7023886853262948,-0.13867746291804114,0.20409078318531462
743,SJSA1,H3K4me3,I-Jockey,0.06827912149013067,0.48052372836871105,-0.12160002898109572,0.2533373182866547
744,SJSA1,H3K4me3,hAT-Tip100?,-0.2132326007326007,0.09069231505418164,-0.4384737224681097,0.037211485936948153
745,SJSA1,H3K4me3,TcMar-Pogo,0.4263196480938416,0.01497170133268215,0.07511468236521006,0.6834309595916632
746,SJSA1,H3K4me3,hAT?,-0.26692131398013746,0.12700280839656275,-0.5592774639525946,0.08448723919501178
747,SJSA1,H3K4me3,hAT-hAT19,0.1323529411764706,0.6251064291516133,-0.3908794033064706,0.5909376256019753
748,HAP-1,H3K27ac,Alu,0.0009404020308626868,0.32436154854590515,-0.0009298061017557964,0.002810603585050639
749,HAP-1,H3K27ac,L1,-0.0006375011007265118,0.6439517776152099,-0.003340933920782213,0.002065941037781177
750,HAP-1,H3K27ac,MIR,0.0008836652996889059,0.5256944807802011,-0.0018455716342510317,0.00361288906930611
751,HAP-1,H3K27ac,L2,0.0003434569417797664,0.8375458827217193,-0.002939722240369635,0.0036266287195178375
752,HAP-1,H3K27ac,ERVL-MaLR,0.0005435079458825975,0.7867279939199294,-0.0033936822044524596,0.004480681245944601
753,HAP-1,H3K27ac,hAT-Charlie,-0.001191709913574545,0.5766655445837663,-0.005375560107536038,0.002992182001678774
754,HAP-1,H3K27ac,ERV1,0.0025565831228911355,0.40606083622989186,-0.0034744081944210158,0.008587388464261813
755,HAP-1,H3K27ac,ERVL,0.0016476700184609135,0.5985131653728927,-0.004485521044837574,0.007780737126309822
756,HAP-1,H3K27ac,TcMar-Tigger,0.0032061811607109704,0.3136914647763927,-0.0030310270045349206,0.009443139874740512
757,HAP-1,H3K27ac,hAT-Tip100,0.005433047878101331,0.21060004882845698,-0.0030728714607178693,0.013938181097132995
758,HAP-1,H3K27ac,CR1,-0.00488805102553281,0.3006535222163527,-0.014143443215249397,0.004368178703213087
759,HAP-1,H3K27ac,Gypsy,0.002544852783895903,0.7501837418519182,-0.01312009589899053,0.01820855259227618
760,HAP-1,H3K27ac,hAT-Blackjack,0.0007111445946392231,0.9305793476875005,-0.015287505478055921,0.016709430630838344
761,HAP-1,H3K27ac,TcMar-Mariner,0.0035390554821249,0.6673226359335116,-0.012598401729907583,0.019674669617453327
762,HAP-1,H3K27ac,RTE-X,-0.003043787147644906,0.7677025637895629,-0.023236889448847015,0.017151797759435802
763,HAP-1,H3K27ac,ERVK,-0.019107286632436684,0.10522219781139214,-0.04220591271315403,0.00401175417446297
764,HAP-1,H3K27ac,TcMar-Tc2,-0.004409433719214669,0.7220397743495155,-0.028697113741944218,0.019883449693265595
765,HAP-1,H3K27ac,SVA,0.01762346322270153,0.21916350848556532,-0.01049098349999148,0.045710068937209865
766,HAP-1,H3K27ac,RTE-BovB,0.016771063679571745,0.2562148779962541,-0.012183595321295938,0.045697621278785384
767,HAP-1,H3K27ac,tRNA-RTE,0.018422386975429195,0.2516447363075089,-0.013079337669069713,0.04988757839394305
768,HAP-1,H3K27ac,hAT-Ac,0.007595307701606526,0.6759547546782104,-0.028015778103841472,0.04318713884187302
769,HAP-1,H3K27ac,hAT,-0.014415237225929417,0.45510979969525855,-0.05220248966523116,0.02341323504012253
770,HAP-1,H3K27ac,MULE-MuDR,0.03401903798823508,0.10287324387681904,-0.0068743047373974065,0.07479878757805078
771,HAP-1,H3K27ac,PiggyBac,-0.0085367695638681,0.6968489152521791,-0.05144670528864554,0.03440462837251987
772,HAP-1,H3K27ac,5S-Deu-L2,-0.030116543051714562,0.19180781869768274,-0.07523279586564438,0.015122758770323768
773,HAP-1,H3K27ac,Helitron,-0.01719733336570873,0.48091718922994753,-0.06494349346326973,0.030627388358693265
774,HAP-1,H3K27ac,hAT-Tag1,0.001701188296829905,0.9444349192936573,-0.04611283179956287,0.04950743118883829
775,HAP-1,H3K27ac,tRNA,0.02234383767518989,0.38669561366507055,-0.02825728664703569,0.07283074163250196
776,HAP-1,H3K27ac,Penelope,0.02637217571953096,0.5007858738151539,-0.05040934445293613,0.1028437862752502
777,HAP-1,H3K27ac,TcMar-Tc1,0.05970450858385014,0.1289516712622129,-0.017464871419686744,0.1361667895461091
778,HAP-1,H3K27ac,Dong-R4,0.11311946003372239,0.01923691853146552,0.01822780273035583,0.2059914802255576
779,HAP-1,H3K27ac,tRNA-Deu,-0.015166826797289605,0.7571878620378819,-0.11092601593669105,0.08087139124370324
780,HAP-1,H3K27ac,Kolobok,0.03597447663462544,0.500489444973913,-0.06869997628846908,0.13986548986068306
781,HAP-1,H3K27ac,PIF-Harbinger,-0.07924187146015638,0.13957556103273888,-0.18286185411637462,0.02611929433980657
782,HAP-1,H3K27ac,Crypton,-0.00029344987321605864,0.9960786191245377,-0.11688697173215307,0.11630805087650353
783,HAP-1,H3K27ac,Merlin,0.1398699932509533,0.042392354308169934,0.004230844948727575,0.27045537981875245
784,HAP-1,H3K27ac,TcMar,0.012040579811813376,0.8649527552637901,-0.12622518118451342,0.14984743259977223
785,HAP-1,H3K27ac,L1-Tx1,-0.06582759374072056,0.4447111476069213,-0.23116638336136308,0.1032066988503691
786,HAP-1,H3K27ac,Crypton-A,-0.11041847666277017,0.20928720242430404,-0.27719012421852474,0.06281187702365087
787,HAP-1,H3K27ac,I-Jockey,-0.05650078769344825,0.5595222370466487,-0.24217320563568423,0.13316377911438992
788,HAP-1,H3K27ac,hAT-Tip100?,0.09437403993855606,0.46190416957818226,-0.15761238836707578,0.33482154403509057
789,HAP-1,H3K27ac,TcMar-Pogo,0.1220674486803519,0.5057047621435786,-0.23797856167814654,0.45261859376940566
790,HAP-1,H3K27ac,hAT?,-0.046457219251336904,0.7973913857238787,-0.38381195882937114,0.3018385074769192
791,HAP-1,H3K27ac,hAT-hAT19,0.08529411764705883,0.7534650694747833,-0.42933581652184877,0.5581113265973131
792,HAP-1,H3K4me1,Alu,0.0008535426631778553,0.3710912137725618,-0.0010168229166254918,0.002723902271154969
793,HAP-1,H3K4me1,L1,0.0022996325851759795,0.09551970772523101,-0.0004041925004934231,0.005003424047375364
794,HAP-1,H3K4me1,MIR,-0.002104897748863624,0.13065644277237054,-0.004834261078234352,0.0006244969415587819
795,HAP-1,H3K4me1,L2,-0.0007390157875163966,0.6590953840250637,-0.004022242130872537,0.0025442264884783052
796,HAP-1,H3K4me1,ERVL-MaLR,-0.0036794022546394233,0.06701264546583093,-0.007616591110826248,0.00025790067858190067
797,HAP-1,H3K4me1,hAT-Charlie,0.001674181842445367,0.4328736520816433,-0.002509685581855935,0.0058579906551455745
798,HAP-1,H3K4me1,ERV1,-0.0011615845488532146,0.7058154060967653,-0.0071926639553627275,0.004869579361718458
799,HAP-1,H3K4me1,ERVL,0.004656916223709748,0.1366902941057404,-0.0014761806536080187,0.010789662774776831
800,HAP-1,H3K4me1,TcMar-Tigger,-0.0009246476449709917,0.7713770169808907,-0.0071614234153032485,0.005312200058979271
801,HAP-1,H3K4me1,hAT-Tip100,-0.001620343787268492,0.708859374923182,-0.010125443866233732,0.0068849907195071445
802,HAP-1,H3K4me1,CR1,0.0040486531399076,0.39127886649786237,-0.005207453528729935,0.013304066108316288
803,HAP-1,H3K4me1,Gypsy,-0.01045040297421201,0.191019659499865,-0.026110456374138117,0.005214778320779581
804,HAP-1,H3K4me1,hAT-Blackjack,-0.004955242402770337,0.5438068296188459,-0.02095108803369963,0.011043139459278008
805,HAP-1,H3K4me1,TcMar-Mariner,0.000827023563782764,0.9200112524363512,-0.015313700568077982,0.016967316789573614
806,HAP-1,H3K4me1,RTE-X,-0.005115321998650525,0.6195468947599124,-0.02530410929612474,0.015077636148276395
807,HAP-1,H3K4me1,ERVK,0.026153150420501987,0.026696784241562372,0.0030181595856476114,0.04926016019033886
808,HAP-1,H3K4me1,TcMar-Tc2,-0.00037221809657551105,0.9760477656141416,-0.024666363405247367,0.023922366590436398
809,HAP-1,H3K4me1,SVA,-0.004347400442468615,0.7617972155305086,-0.032447747461087015,0.023759814055152085
810,HAP-1,H3K4me1,RTE-BovB,-0.006989103968633225,0.6361591642422278,-0.03593205405272313,0.02196556089309542
811,HAP-1,H3K4me1,tRNA-RTE,-0.013259774759179875,0.4094484662489968,-0.04474206881030163,0.018248830334417862
812,HAP-1,H3K4me1,hAT-Ac,-0.006332511033293757,0.7274699445761779,-0.041926411739458096,0.029277443196318757
813,HAP-1,H3K4me1,hAT,0.009302958806813177,0.6296664674254475,-0.028507562521367106,0.047086896854904664
814,HAP-1,H3K4me1,MULE-MuDR,-0.012951690424297817,0.5345339677583871,-0.053779153544572175,0.02791900354007078
815,HAP-1,H3K4me1,PiggyBac,-0.022535990933926463,0.3036923892914619,-0.06540615919014463,0.020417215546708885
816,HAP-1,H3K4me1,5S-Deu-L2,0.008834734068189786,0.7019305917523216,-0.03640119243594939,0.05403452979226528
817,HAP-1,H3K4me1,Helitron,-0.031547800054752724,0.19594034402949806,-0.07923618304832035,0.016284650683563683
818,HAP-1,H3K4me1,hAT-Tag1,-0.0020023490969348747,0.9346186211686863,-0.04980786370076765,0.04581231950210618
819,HAP-1,H3K4me1,tRNA,0.015908120548192836,0.5377225721924517,-0.034685871019867066,0.06642078076757212
820,HAP-1,H3K4me1,Penelope,-0.0793512929285974,0.042817513385384295,-0.15530771466801963,-0.0024621393177143435
821,HAP-1,H3K4me1,TcMar-Tc1,0.07244913404259512,0.06510407117037569,-0.004638548537505264,0.1486808254182525
822,HAP-1,H3K4me1,Dong-R4,0.006952074171688831,0.8859689564822399,-0.08789378979902354,0.10167301876803474
823,HAP-1,H3K4me1,tRNA-Deu,-0.0318028023336697,0.5167089540978682,-0.12735341396752997,0.06433266940041246
824,HAP-1,H3K4me1,Kolobok,-0.0015068707755703035,0.9774937599561382,-0.10587314940117656,0.10289224489064665
825,HAP-1,H3K4me1,PIF-Harbinger,0.021852002542143714,0.6841452464418115,-0.08333171504049323,0.12655417954025475
826,HAP-1,H3K4me1,Crypton,0.020142415181169923,0.7358286688053941,-0.09669393575593539,0.13643120373347248
827,HAP-1,H3K4me1,Merlin,0.058205390739785104,0.4002509812095639,-0.07758660183558669,0.19187716342961264
828,HAP-1,H3K4me1,TcMar,-0.021030976466946096,0.7664021924486724,-0.1586364196790763,0.11737591389668015
829,HAP-1,H3K4me1,L1-Tx1,-0.06749376063535965,0.43324553276061606,-0.23275882301506184,0.10155993218881156
830,HAP-1,H3K4me1,Crypton-A,-0.01267294174852747,0.8857657630326807,-0.1838056274086023,0.15920538748390015
831,HAP-1,H3K4me1,I-Jockey,-0.03126679640441109,0.7468842440221957,-0.21813018942993334,0.1578081445951301
832,HAP-1,H3K4me1,hAT-Tip100?,0.28705837173579113,0.022544429206214897,0.03715016953487349,0.5031744436590233
833,HAP-1,H3K4me1,TcMar-Pogo,-0.02456011730205278,0.8938570091872897,-0.3701320579624988,0.3269827150997292
834,HAP-1,H3K4me1,hAT?,0.1627673796791444,0.36544930986990654,-0.19350216787703323,0.4811112315327854
835,HAP-1,H3K4me1,hAT-hAT19,0.1411764705882353,0.6020026838819791,-0.38351326982565126,0.5969684892475311
836,HAP-1,H3K9me3,Alu,-0.00015115026931509086,0.8740970423678505,-0.0020207396716279504,0.001718440189648971
837,HAP-1,H3K9me3,L1,0.0018363550784296287,0.18304336398334606,-0.0008668738086836867,0.00453955712758622
838,HAP-1,H3K9me3,MIR,-0.0010263750973490424,0.4610258488960718,-0.0037552956502458754,0.0017025607424953862
839,HAP-1,H3K9me3,L2,0.0007051989874669412,0.6737559379928548,-0.0025778587952002144,0.003988241568266918
840,HAP-1,H3K9me3,ERVL-MaLR,0.00216366443536312,0.2813332715119821,-0.0017726563962471376,0.006099918217477817
841,HAP-1,H3K9me3,hAT-Charlie,0.002241540915724469,0.2935944121923689,-0.001941528967010352,0.006424532354240176
842,HAP-1,H3K9me3,ERV1,-0.00026710952375840835,0.9308173281923682,-0.006297285183154612,0.005763085561518859
843,HAP-1,H3K9me3,ERVL,-0.000604184061667956,0.8468551730621033,-0.00673553037243531,0.005527207676127916
844,HAP-1,H3K9me3,TcMar-Tigger,-0.0020055914218156706,0.5284916577755424,-0.00824186832035389,0.004230841480764343
845,HAP-1,H3K9me3,hAT-Tip100,-0.0026500976913217808,0.5414168817176838,-0.011155255389854981,0.005855443431171742
846,HAP-1,H3K9me3,CR1,-0.0022035252743671375,0.6407940205538312,-0.011459279598172228,0.007052606614233342
847,HAP-1,H3K9me3,Gypsy,0.00397399571868358,0.619022623971881,-0.01169019362823653,0.01963623510412946
848,HAP-1,H3K9me3,hAT-Blackjack,-0.0061095476072275025,0.4541991441583859,-0.0221060102563366,0.009890042475297813
849,HAP-1,H3K9me3,TcMar-Mariner,-0.007836939611188462,0.3408429278693933,-0.023959373632649907,0.008289569846991756
850,HAP-1,H3K9me3,RTE-X,0.0036486505615037418,0.7232506727298664,-0.016544975890643066,0.023839301700425475
851,HAP-1,H3K9me3,ERVK,-0.034429781587672306,0.0034935278664930737,-0.05749959693101893,-0.01132321611248799
852,HAP-1,H3K9me3,TcMar-Tc2,0.020915748126599333,0.09149412381219232,-0.0033792600258288445,0.04518607962977829
853,HAP-1,H3K9me3,SVA,-0.0016825875005799721,0.9065510414624485,-0.029768059825378362,0.026405539511663103
854,HAP-1,H3K9me3,RTE-BovB,0.020887851940081616,0.15745675999230338,-0.00807637511229567,0.049817059344212336
855,HAP-1,H3K9me3,tRNA-RTE,-0.02041012978148479,0.2042319496244704,-0.05188371181472653,0.011103957156675661
856,HAP-1,H3K9me3,hAT-Ac,-0.03661465601829984,0.043767354325056865,-0.07212380678243507,-0.0010128051040689378
857,HAP-1,H3K9me3,hAT,0.0039797289993478945,0.836635330794485,-0.03383925971746698,0.04178733674078119
858,HAP-1,H3K9me3,MULE-MuDR,-0.007990257869552387,0.7018455428873505,-0.04886470128971455,0.032910903677798226
859,HAP-1,H3K9me3,PiggyBac,-0.03618684843828703,0.0985535586284081,-0.07900612016319472,0.006765707317939686
860,HAP-1,H3K9me3,5S-Deu-L2,0.008300776630707168,0.7190148831237004,-0.036910298248466276,0.05347794036575688
861,HAP-1,H3K9me3,Helitron,-0.012974218309634512,0.5948047943451851,-0.060720393329638626,0.034831194653145256
862,HAP-1,H3K9me3,hAT-Tag1,-0.013101853302202794,0.5914061579989974,-0.06087600236809872,0.03473218755675649
863,HAP-1,H3K9me3,tRNA,0.07124473580417581,0.005722566474876477,0.020692463284262268,0.12143364488586542
864,HAP-1,H3K9me3,Penelope,-0.02427900204762724,0.5357023159917729,-0.10082743909463183,0.05255519919589455
865,HAP-1,H3K9me3,TcMar-Tc1,0.00030745671509805944,0.9937674205077607,-0.07671502368081155,0.07732628933257252
866,HAP-1,H3K9me3,Dong-R4,0.061093122460775445,0.20716960477500204,-0.033978501760253514,0.15506899142736413
867,HAP-1,H3K9me3,tRNA-Deu,-0.03644011368385932,0.4574600712591649,-0.13192558462528547,0.05971539343285456
868,HAP-1,H3K9me3,Kolobok,0.06898527251060003,0.1959905264578732,-0.03577875265786693,0.17224954252726934
869,HAP-1,H3K9me3,PIF-Harbinger,-0.02761683392309468,0.6071316053501953,-0.13223334623751054,0.07760816976993878
870,HAP-1,H3K9me3,Crypton,0.06244631832927331,0.29515390817991755,-0.05466216444788778,0.17786015150254875
871,HAP-1,H3K9me3,Merlin,0.09756191033566051,0.1579143226897856,-0.03833002966987165,0.2299107958316632
872,HAP-1,H3K9me3,TcMar,0.027851302480058522,0.6939788675576669,-0.11065165139595044,0.1652930733308322
873,HAP-1,H3K9me3,L1-Tx1,-0.046538328263007904,0.589184023987182,-0.21268198148978387,0.12222069506887993
874,HAP-1,H3K9me3,Crypton-A,-0.0035899550656633204,0.9675388559051372,-0.1750082266586191,0.16803955532201514
875,HAP-1,H3K9me3,I-Jockey,-0.006477620239088129,0.9467016294241937,-0.19434446671427263,0.18184760272930958
876,HAP-1,H3K9me3,hAT-Tip100?,-0.027243589743589744,0.8307866670192448,-0.2712796094327728,0.22008354054688398
877,HAP-1,H3K9me3,TcMar-Pogo,0.27126099706744866,0.13316099379093577,-0.09210464649870158,0.5708719478411856
878,HAP-1,H3K9me3,hAT?,0.20889037433155083,0.24335582324949379,-0.14860198380102416,0.518094926093432
879,HAP-1,H3K9me3,hAT-hAT19,0.5117647058823529,0.04272344816333178,-0.012975472498030393,0.8154927359944648
880,HAP-1,H3K36me3,Alu,0.0013314433672455847,0.1627555791887425,-0.0005380679638501118,0.003200945391388607
881,HAP-1,H3K36me3,L1,-0.0010630931542204827,0.440780110227289,-0.0037660072030267907,0.001639836428066271
882,HAP-1,H3K36me3,MIR,-0.0028856345879141026,0.03819472565459477,-0.005614201119636895,-0.0001570250876231823
883,HAP-1,H3K36me3,L2,-0.0010846060197903197,0.5173045795123256,-0.004367624416176775,0.002198435757012589
884,HAP-1,H3K36me3,ERVL-MaLR,-0.003658465410210537,0.0684832873015687,-0.007594257617402883,0.00027744014438943964
885,HAP-1,H3K36me3,hAT-Charlie,0.001105981331405344,0.6042768023534653,-0.0030766329106983975,0.005288556877165629
886,HAP-1,H3K36me3,ERV1,-0.002753913802375053,0.37056954353880545,-0.008781797212697453,0.0032741697451100834
887,HAP-1,H3K36me3,ERVL,0.003493096117303771,0.2641953659993081,-0.002638739868380274,0.009624669434311036
888,HAP-1,H3K36me3,TcMar-Tigger,-0.0019731499132063573,0.5351554980936457,-0.008209018323093517,0.004262871957086127
889,HAP-1,H3K36me3,hAT-Tip100,0.006655995442442662,0.12505182592882938,-0.0018488769311116827,0.01515990498805549
890,HAP-1,H3K36me3,CR1,0.0004756816731635665,0.9197670071107313,-0.00878002468878731,0.009731306534323124
891,HAP-1,H3K36me3,Gypsy,-0.004971589801162092,0.5339031998564945,-0.02063347963326738,0.010692739481314932
892,HAP-1,H3K36me3,hAT-Blackjack,0.00025648183278664154,0.9749259783819657,-0.01573619755766427,0.01624903002574596
893,HAP-1,H3K36me3,TcMar-Mariner,-0.009827896089119447,0.23252270976935344,-0.025957576467773497,0.006306900186026121
894,HAP-1,H3K36me3,RTE-X,-0.009817279828140919,0.34072732393981664,-0.03000630109345548,0.010379748362197232
895,HAP-1,H3K36me3,ERVK,-0.006957007334185217,0.5551214129802787,-0.03005637086803168,0.01614978319443471
896,HAP-1,H3K36me3,TcMar-Tc2,-0.02246686281141881,0.06993502135911361,-0.04674064435384254,0.0018334367309264736
897,HAP-1,H3K36me3,SVA,0.012447552984598763,0.38518704023385686,-0.015648749882995302,0.040524214295102785
898,HAP-1,H3K36me3,RTE-BovB,0.027358986903256572,0.06388282458636878,-0.0015849228823571731,0.05625709496637332
899,HAP-1,H3K36me3,tRNA-RTE,0.014888721946810362,0.354337464207811,-0.016620416731349202,0.046368317979703935
900,HAP-1,H3K36me3,hAT-Ac,-0.04458707533787196,0.014027868675006583,-0.08005719837156244,-0.009004178763793289
901,HAP-1,H3K36me3,hAT,-0.005446270517645555,0.7776404236859973,-0.04322328323048338,0.03234629383039574
902,HAP-1,H3K36me3,MULE-MuDR,-0.005901890678246566,0.777305808576966,-0.04677182255094756,0.03498776786001565
903,HAP-1,H3K36me3,PiggyBac,0.0018707635127282267,0.9319336446108921,-0.04103999817971843,0.04477463688806174
904,HAP-1,H3K36me3,5S-Deu-L2,0.063913604506761,0.005542353239467384,0.018737275710534768,0.10882949076449673
905,HAP-1,H3K36me3,Helitron,-0.03958585268842039,0.10450073900778473,-0.08722130871589828,0.008230218961082518
906,HAP-1,H3K36me3,hAT-Tag1,0.007521065433710618,0.7579768239783184,-0.04030433764440073,0.055312085899305106
907,HAP-1,H3K36me3,tRNA,0.024030111798853213,0.3518681613059844,-0.026572361934569837,0.07450974982766978
908,HAP-1,H3K36me3,Penelope,-0.026865874195935554,0.49313237243645114,-0.10339153056583962,0.04997597310455182
909,HAP-1,H3K36me3,TcMar-Tc1,0.020203932664780704,0.6074162512738148,-0.056853562677444534,0.09702213926011029
910,HAP-1,H3K36me3,Dong-R4,0.08865714032851302,0.06689201006404996,-0.006368241433576463,0.18209567012780162
911,HAP-1,H3K36me3,tRNA-Deu,-0.002339481554721238,0.9619651794293487,-0.09823265301556121,0.09359673486197852
912,HAP-1,H3K36me3,Kolobok,0.01599940199863923,0.764517028056827,-0.08853797535683221,0.12018817128141998
913,HAP-1,H3K36me3,PIF-Harbinger,0.0031539169186538094,0.9531840531545246,-0.10186015870547377,0.10809847538572136
914,HAP-1,H3K36me3,Crypton,0.004981235488831725,0.9335120327618374,-0.11168186512401033,0.12150889814425068
915,HAP-1,H3K36me3,Merlin,0.10775281982739482,0.1186538303298359,-0.028112763349067153,0.23970935544821526
916,HAP-1,H3K36me3,TcMar,0.05599306392897518,0.42865606509071086,-0.08280528993676647,0.1926604485763028
917,HAP-1,H3K36me3,L1-Tx1,-0.16121914880942823,0.05982750233267814,-0.321258551150359,0.007773459017827034
918,HAP-1,H3K36me3,Crypton-A,-0.1486508308341913,0.0901687603533081,-0.3130767315355831,0.024427005418587142
919,HAP-1,H3K36me3,I-Jockey,-0.063710499490316,0.5104367671981018,-0.24901134273178968,0.12609002988344029
920,HAP-1,H3K36me3,hAT-Tip100?,0.17396313364055302,0.1727054465318614,-0.07902175189574025,0.4058961581173383
921,HAP-1,H3K36me3,TcMar-Pogo,0.0377565982404692,0.8374479866660937,-0.3152024384545879,0.3815396811709677
922,HAP-1,H3K36me3,hAT?,0.1587566844919786,0.3775398845682104,-0.19735178297399364,0.4778523974183889
923,HAP-1,H3K36me3,hAT-hAT19,0.12058823529411765,0.6564245147485952,-0.4006230717558349,0.582835796857242
924,HAP-1,H3K27me3,Alu,-0.0002639313822641156,0.7820151162743141,-0.002133488854254291,0.0016056279347377719
925,HAP-1,H3K27me3,L1,0.00032550300938660737,0.8134463333664588,-0.002377976034700151,0.003028977295409135
926,HAP-1,H3K27me3,MIR,0.0014246822293712612,0.30615487214236226,-0.00130400332193913,0.004153346565219819
927,HAP-1,H3K27me3,L2,-0.0026168304170270237,0.11823597141392353,-0.005899859785757344,0.0006662553629303653
928,HAP-1,H3K27me3,ERVL-MaLR,0.0016957529086748797,0.3984461616079352,-0.0022403199308258016,0.005631773205247486
929,HAP-1,H3K27me3,hAT-Charlie,0.0019726265260022737,0.35532077670402706,-0.0022102231020079788,0.006155407127824232
930,HAP-1,H3K27me3,ERV1,0.0009566812729728048,0.7558082870205219,-0.0050726219632960656,0.006985914954473219
931,HAP-1,H3K27me3,ERVL,-0.0006897259039478725,0.8255015867779238,-0.0068211284937685565,0.005441728545582175
932,HAP-1,H3K27me3,TcMar-Tigger,0.0026869403805169613,0.3984124578452195,-0.003549377788806443,0.008923049556168964
933,HAP-1,H3K27me3,hAT-Tip100,-0.001642963407911386,0.7049445833800505,-0.010146860446506386,0.00686117126391916
934,HAP-1,H3K27me3,CR1,-0.004161111719507549,0.37822969943526596,-0.013415992679558475,0.0050944821297139245
935,HAP-1,H3K27me3,Gypsy,-0.005639431185076315,0.4804091067898735,-0.021300573884452608,0.010024478473311855
936,HAP-1,H3K27me3,hAT-Blackjack,-0.0030572851147731197,0.7079607356968577,-0.019051668025785215,0.012938662194954645
937,HAP-1,H3K27me3,TcMar-Mariner,-0.011179475527891268,0.17439319019043667,-0.027306821940009485,0.004953689078072523
938,HAP-1,H3K27me3,RTE-X,-0.006755510930683747,0.5120220758469629,-0.026943334855872487,0.013437821141382152
939,HAP-1,H3K27me3,ERVK,0.0016967623786579597,0.8856346195565465,-0.021422470213398045,0.024814181272484262
940,HAP-1,H3K27me3,TcMar-Tc2,0.005228984122776345,0.673061638363563,-0.01905864320986607,0.0295104438145852
941,HAP-1,H3K27me3,SVA,0.018463898672307733,0.19787566864925915,-0.009644789693988902,0.04654343077056834
942,HAP-1,H3K27me3,RTE-BovB,0.014099460176624324,0.3397259398428585,-0.014848434119928346,0.04302373890814521
943,HAP-1,H3K27me3,tRNA-RTE,0.007613351671661428,0.6356995134751631,-0.023884296838825148,0.039095900108242466
944,HAP-1,H3K27me3,hAT-Ac,-0.011883321587895432,0.5131222571731958,-0.04746749081971986,0.02373097148430143
945,HAP-1,H3K27me3,hAT,-0.0032337771760347998,0.8669377636953172,-0.04104260388165174,0.03458429730430981
946,HAP-1,H3K27me3,MULE-MuDR,0.014905963909929787,0.4751004665693902,-0.026001910695851987,0.055763999327105566
947,HAP-1,H3K27me3,PiggyBac,-0.040082010634202914,0.06720601564933044,-0.08287431908881474,0.0028578358509742455
948,HAP-1,H3K27me3,5S-Deu-L2,0.008407537006153288,0.7155570163235164,-0.03680369560017187,0.05358442235098873
949,HAP-1,H3K27me3,Helitron,0.015964256802723696,0.5126779284241205,-0.031830675380116864,0.0636863455045353
950,HAP-1,H3K27me3,hAT-Tag1,-0.019361978408189744,0.4275885112191551,-0.06711455341480542,0.028479095990704365
951,HAP-1,H3K27me3,tRNA,0.035045236270964036,0.17448287699796333,-0.015560738152334918,0.08547212673687661
952,HAP-1,H3K27me3,Penelope,0.03421503459126115,0.3827138758654446,-0.04264433431246339,0.11067180840458544
953,HAP-1,H3K27me3,TcMar-Tc1,-0.0006541962567145206,0.9867184715727684,-0.0775523005351543,0.07625164574513013
954,HAP-1,H3K27me3,Dong-R4,0.0005611831390530277,0.9907639783433335,-0.09423064260529876,0.09534292494184715
955,HAP-1,H3K27me3,tRNA-Deu,-0.02402287807085756,0.6243116546621507,-0.11967592221213104,0.07207204671914612
956,HAP-1,H3K27me3,Kolobok,0.011980278803192176,0.8222761221842287,-0.09237394576418533,0.11607419110919269
957,HAP-1,H3K27me3,PIF-Harbinger,-0.0332573125190053,0.5357581074727567,-0.13778502508060136,0.0720030458264122
958,HAP-1,H3K27me3,Crypton,0.00516733856584651,0.9310340387252392,-0.11149812934755203,0.12169230857801905
959,HAP-1,H3K27me3,Merlin,0.17425976184665787,0.011223456263724965,0.039109681626269856,0.30314872914987895
960,HAP-1,H3K27me3,TcMar,0.14132685151666485,0.044829818696185145,0.002649002606262219,0.27467136368233164
961,HAP-1,H3K27me3,L1-Tx1,-0.01748075099123463,0.8393322399326077,-0.18466736211076124,0.15068912952629998
962,HAP-1,H3K27me3,Crypton-A,0.01392475507625691,0.8745700563457157,-0.15798625037762404,0.1850164765658495
963,HAP-1,H3K27me3,I-Jockey,-0.1198128069687703,0.21462910328016155,-0.30174801007128443,0.07054203433645145
964,HAP-1,H3K27me3,hAT-Tip100?,0.03518625192012289,0.7842580221427239,-0.21452302782877614,0.28057799873872513
965,HAP-1,H3K27me3,TcMar-Pogo,0.22434017595307917,0.21706270893430385,-0.13937233459644532,0.5347177033437706
966,HAP-1,H3K27me3,hAT?,-0.003008021390374332,0.986744959233409,-0.345960465197672,0.34065347693166825
967,HAP-1,H3K27me3,hAT-hAT19,-0.34411764705882353,0.19185563142554293,-0.7250511068377358,0.1980496290026333
968,HAP-1,H3K4me3,Alu,1.928751153035767e-05,0.9838748639551655,-0.0018510974624406527,0.0018896723505528333
969,HAP-1,H3K4me3,L1,0.00040692842604505257,0.7680164179746062,-0.0022969498144897833,0.0031108007165191074
970,HAP-1,H3K4me3,MIR,-0.0017211337336720722,0.2164929972147172,-0.004450571737993213,0.0010083299152796876
971,HAP-1,H3K4me3,L2,0.0007672780384700839,0.64693686696888,-0.00251605196655242,0.004050591500658963
972,HAP-1,H3K4me3,ERVL-MaLR,0.0013144127648636631,0.5129040984290205,-0.0026227930502089303,0.0052515778293130595
973,HAP-1,H3K4me3,hAT-Charlie,0.0027231923322334497,0.20207819917558956,-0.0014608410425209488,0.006907130363306749
974,HAP-1,H3K4me3,ERV1,0.0020616188705398,0.5028780841436551,-0.003969564656506369,0.00809265241718491
975,HAP-1,H3K4me3,ERVL,-0.0017124068689729115,0.5841966066700464,-0.007845050205674142,0.0044203652757076745
976,HAP-1,H3K4me3,TcMar-Tigger,-0.007271131921813382,0.022327075895639703,-0.013508112243626153,-0.001033585825821341
977,HAP-1,H3K4me3,hAT-Tip100,-0.005942701420501063,0.1709442065888351,-0.014448882197121258,0.0025643394430946214
978,HAP-1,H3K4me3,CR1,0.007250130616022246,0.12471578608530205,-0.0020056895759163087,0.016504708668990765
979,HAP-1,H3K4me3,Gypsy,-0.004695769315050204,0.5568111928422698,-0.020356758018081494,0.010967523208068673
980,HAP-1,H3K4me3,hAT-Blackjack,0.00555382270357147,0.49632326986677233,-0.010447302321536144,0.021552104189243793
981,HAP-1,H3K4me3,TcMar-Mariner,-0.005720186165424223,0.4873711333719344,-0.02186045876904932,0.010423067399264232
982,HAP-1,H3K4me3,RTE-X,0.015193168396131936,0.1403713210411969,-0.005005088413954694,0.03537903325032665
983,HAP-1,H3K4me3,ERVK,-0.007302211710495506,0.5360317052117969,-0.030422193838947086,0.01582558002596963
984,HAP-1,H3K4me3,TcMar-Tc2,-0.0097360387874971,0.43231590582498003,-0.034026665635155856,0.01456608378577927
985,HAP-1,H3K4me3,SVA,-0.011571267477932629,0.4198615995613304,-0.03966926342578315,0.016545013779027687
986,HAP-1,H3K4me3,RTE-BovB,0.018423145508001375,0.21235745687344768,-0.010534795787599086,0.047350211355072384
987,HAP-1,H3K4me3,tRNA-RTE,0.017102568753997086,0.28722757907987584,-0.014398954064991011,0.04857017486881242
988,HAP-1,H3K4me3,hAT-Ac,-0.026924897177195328,0.13827668084049027,-0.062468583103182734,0.008687000088542046
989,HAP-1,H3K4me3,hAT,-0.02028543180047791,0.2932841190835312,-0.05806555181657711,0.017552709338142118
990,HAP-1,H3K4me3,MULE-MuDR,0.015099746300613498,0.4688948358355066,-0.025763806851011786,0.0559129221166604
991,HAP-1,H3K4me3,PiggyBac,0.01918190819071723,0.3814512031199899,-0.02377993316057279,0.062073031222076254
992,HAP-1,H3K4me3,5S-Deu-L2,-0.015363161977974698,0.5056989275832742,-0.06054426454078221,0.029880765258657224
993,HAP-1,H3K4me3,Helitron,-0.023108236820306882,0.3435667353259195,-0.07083238070562212,0.02472145859627352
994,HAP-1,H3K4me3,hAT-Tag1,-0.0020304045046586417,0.9337046410989902,-0.04983585093264278,0.04578432417689792
995,HAP-1,H3K4me3,tRNA,-0.0054906623067794095,0.8315138949165451,-0.05602157403067888,0.04506830524921625
996,HAP-1,H3K4me3,Penelope,-0.0031133646526566618,0.936709487265581,-0.07981950824658178,0.07362943383602194
997,HAP-1,H3K4me3,TcMar-Tc1,-0.026733078022774543,0.4969347507397538,-0.10355418912714709,0.05040509155033388
998,HAP-1,H3K4me3,Dong-R4,0.07304120356916124,0.1313793643397234,-0.02202386163453141,0.16679726352916804
999,HAP-1,H3K4me3,tRNA-Deu,-0.044380237020720914,0.3654203723703269,-0.13974709016510126,0.0518023902624835
1000,HAP-1,H3K4me3,Kolobok,0.04576951519017614,0.39058741302186584,-0.05880048806911769,0.149345978708327
1001,HAP-1,H3K4me3,PIF-Harbinger,-0.03045379944696064,0.5707043995483098,-0.1350262644682536,0.07478961023441721
1002,HAP-1,H3K4me3,Crypton,-0.050200047571515194,0.40018640356754653,-0.16589868852516979,0.06686183777224237
1003,HAP-1,H3K4me3,Merlin,0.15770264772288872,0.02193374495147346,0.022284784249738943,0.28743799358942135
1004,HAP-1,H3K4me3,TcMar,0.044810757611607265,0.5265727694399345,-0.09388974875178631,0.1818049248562588
1005,HAP-1,H3K4me3,L1-Tx1,-0.05508385090750146,0.5226160201570689,-0.22088199364506883,0.11380860274364411
1006,HAP-1,H3K4me3,Crypton-A,-0.08856379110317816,0.31445303359830074,-0.2565144693157552,0.0845783601553148
1007,HAP-1,H3K4me3,I-Jockey,0.01961820035214531,0.8395429293818243,-0.1691253574747349,0.2069737404326085
1008,HAP-1,H3K4me3,hAT-Tip100?,0.06322004608294932,0.6225510721120465,-0.187725452383843,0.3064180120510932
1009,HAP-1,H3K4me3,TcMar-Pogo,-0.012463343108504396,0.9460238322732195,-0.3596068597602821,0.3377107488684162
1010,HAP-1,H3K4me3,hAT?,0.17078877005347595,0.341968090287774,-0.18577716493763521,0.48760833865870323
1011,HAP-1,H3K4me3,hAT-hAT19,0.22647058823529412,0.3989829266412891,-0.30955764885634146,0.6532735942501562
1012,HL-60,H3K27ac,Alu,0.00025218032058981464,0.7913652472121485,-0.0016162233108119894,0.0021205821913043987
1013,HL-60,H3K27ac,L1,0.00038332360173099395,0.7810055487589023,-0.0023191070847667808,0.0030857486893141163
1014,HL-60,H3K27ac,MIR,-0.0004690263853355312,0.7361591275699868,-0.0031972891046892055,0.002259243316355926
1015,HL-60,H3K27ac,L2,-5.699138350363008e-05,0.9728532368433753,-0.003339411352342877,0.003225429813418424
1016,HL-60,H3K27ac,ERVL-MaLR,-0.0003351961805666436,0.8673817938586558,-0.0042694928082458,0.0035991108239365544
1017,HL-60,H3K27ac,hAT-Charlie,-0.0014807283072317354,0.48766334852899285,-0.005662304141812283,0.002700899310879681
1018,HL-60,H3K27ac,ERV1,-0.0016913471206116805,0.5821024808027074,-0.007714990186245799,0.0043324186864852916
1019,HL-60,H3K27ac,ERVL,-0.0018420888568834867,0.5557775037741017,-0.007970406763497622,0.00428636741733534
1020,HL-60,H3K27ac,TcMar-Tigger,-0.001771021929080211,0.5776032828572445,-0.00800396848024273,0.004462062232619515
1021,HL-60,H3K27ac,hAT-Tip100,-0.0003063534974874302,0.9436954606579812,-0.008807883435364186,0.00819522072464184
1022,HL-60,H3K27ac,CR1,-0.004199959393318633,0.3737139724716453,-0.013453287393826056,0.005054087911097043
1023,HL-60,H3K27ac,Gypsy,-0.0029876739442450716,0.7084550329775885,-0.01864573666707256,0.012671853934233843
1024,HL-60,H3K27ac,hAT-Blackjack,-0.001701388434640033,0.8349103471370347,-0.017700458363001194,0.014298552553271227
1025,HL-60,H3K27ac,TcMar-Mariner,0.017971977248060007,0.02892335496724796,0.0018465420447794183,0.034088068354937606
1026,HL-60,H3K27ac,RTE-X,-0.0014008309778640394,0.8918328761084889,-0.021588285629981042,0.01878776551168742
1027,HL-60,H3K27ac,ERVK,0.01160037712719294,0.32492284095581203,-0.01149776991774677,0.03468615096939528
1028,HL-60,H3K27ac,TcMar-Tc2,-0.021749206247633174,0.07910396424830993,-0.046003509629338926,0.0025307251597516713
1029,HL-60,H3K27ac,SVA,-0.012506932330462347,0.38267962671464184,-0.040569114469752664,0.015574964801414428
1030,HL-60,H3K27ac,RTE-BovB,-0.01616086597561826,0.2737682555324896,-0.045078915022477316,0.012784244596332855
1031,HL-60,H3K27ac,tRNA-RTE,0.01012483459743324,0.5287495762353239,-0.02137832118619265,0.04160790437504683
1032,HL-60,H3K27ac,hAT-Ac,0.03687609540310679,0.04221556247375997,0.0012861760648277443,0.07237271511539563
1033,HL-60,H3K27ac,hAT,-0.012597776263432756,0.5136079871154818,-0.05036092828724369,0.025201345953370806
1034,HL-60,H3K27ac,MULE-MuDR,0.05410760167402162,0.009417082080069552,0.013252852345303474,0.09478199721935607
1035,HL-60,H3K27ac,PiggyBac,0.004614293735824395,0.8331820261034933,-0.03831123690908036,0.04752282614634696
1036,HL-60,H3K27ac,5S-Deu-L2,-0.0374647483357583,0.104392356476572,-0.08254919434646549,0.007772731687034271
1037,HL-60,H3K27ac,Helitron,0.0022088365847448455,0.9277868079479148,-0.04553529410835264,0.04994289925735298
1038,HL-60,H3K27ac,hAT-Tag1,-0.014596442509330157,0.5495750514227844,-0.0623373159075023,0.03321107412845366
1039,HL-60,H3K27ac,tRNA,0.018521566018344513,0.4727595646335674,-0.03204202890536813,0.06899059829297913
1040,HL-60,H3K27ac,Penelope,-0.03629191193476735,0.3537452926935344,-0.11261156411464239,0.04045343733461477
1041,HL-60,H3K27ac,TcMar-Tc1,0.028727814421556176,0.4650267033641461,-0.04835619520111923,0.10547165173688847
1042,HL-60,H3K27ac,Dong-R4,0.04654184952666652,0.33676842364142356,-0.04851008479552719,0.1407583666669055
1043,HL-60,H3K27ac,tRNA-Deu,-0.010677062901968104,0.8277052675107662,-0.10648580898666904,0.08532812374194225
1044,HL-60,H3K27ac,Kolobok,-0.015853087330021335,0.765962440297892,-0.11975002649997515,0.08838732426730263
1045,HL-60,H3K27ac,PIF-Harbinger,-0.04798302535090559,0.37148463724848657,-0.15225568927574168,0.0573460606469609
1046,HL-60,H3K27ac,Crypton,-0.03154764827793804,0.5971549548316348,-0.1476307352628244,0.08539279853806735
1047,HL-60,H3K27ac,Merlin,0.0018529507010668252,0.9786545094916796,-0.13324907870616723,0.13688737154449446
1048,HL-60,H3K27ac,TcMar,-0.01883532986729018,0.7907051974863116,-0.15683330962053824,0.11988403495310711
1049,HL-60,H3K27ac,L1-Tx1,0.10555657326625381,0.21958951635207138,-0.06374825589588876,0.2689553200788615
1050,HL-60,H3K27ac,Crypton-A,0.05308329096350342,0.5470624289169739,-0.11965079723235056,0.2226980935873156
1051,HL-60,H3K27ac,I-Jockey,-0.13070151051802428,0.17552884110388803,-0.3118860203243705,0.05965540884655598
1052,HL-60,H3K27ac,hAT-Tip100?,-0.16840034965034967,0.17993915095888352,-0.3975149792830143,0.08047989114808267
1053,HL-60,H3K27ac,TcMar-Pogo,-0.03519061583577712,0.8483633643769739,-0.3793275882449727,0.3174993765763494
1054,HL-60,H3K27ac,hAT?,-0.44017379679144386,0.010362762404732783,-0.6896131087113694,-0.09736560593255919
1055,HL-60,H3K27ac,hAT-hAT19,-0.07352941176470588,0.7866792491258565,-0.5497289631077525,0.43873896787471733
1056,MG63,H3K9me3,Alu,-0.001073884168920624,0.25899364984203227,-0.00293853463462753,0.0007907737644464087
1057,MG63,H3K9me3,L1,-0.000696829006941342,0.6125204299613785,-0.003393395304303564,0.00199974742440604
1058,MG63,H3K9me3,MIR,-0.00024462528004287734,0.8605629772463875,-0.002974114633329345,0.002484867718220208
1059,MG63,H3K9me3,L2,0.002611958090213548,0.1187983944662944,-0.0006700228248159681,0.005893882736939799
1060,MG63,H3K9me3,ERVL-MaLR,0.0036237403414299597,0.07069303426978693,-0.0003058002254844297,0.007553168999617666
1061,MG63,H3K9me3,hAT-Charlie,0.0010627051577491629,0.6182913157122515,-0.00311745361246253,0.005242826789408525
1062,MG63,H3K9me3,ERV1,0.0013824761930535069,0.6511584607330823,-0.004610174031457494,0.007375027124446052
1063,MG63,H3K9me3,ERVL,-0.007239609542389054,0.020517010042302636,-0.013363788472413676,-0.0011148874844073742
1064,MG63,H3K9me3,TcMar-Tigger,-0.00484078395266802,0.12780513247538167,-0.011070870666126996,0.0013896785724527266
1065,MG63,H3K9me3,hAT-Tip100,0.0022903730910868855,0.5976045161972767,-0.006214032321525193,0.010794447212805142
1066,MG63,H3K9me3,CR1,0.011032308089851221,0.0194090437336131,0.0017820062986013399,0.020280722009733926
1067,MG63,H3K9me3,Gypsy,0.0022729246875566045,0.7760117204775785,-0.013383973734139019,0.017928708820251472
1068,MG63,H3K9me3,hAT-Blackjack,-0.01065822974199163,0.1912176138479906,-0.02663665469950687,0.0053256399951873935
1069,MG63,H3K9me3,TcMar-Mariner,-0.004066229531375063,0.6210560373030293,-0.020185277879915402,0.012054932134900569
1070,MG63,H3K9me3,RTE-X,0.014522762880470191,0.1585788429565288,-0.005668018413380612,0.03470170769819726
1071,MG63,H3K9me3,ERVK,-0.008047841772325438,0.48984439365242094,-0.030881407528526438,0.014794119447444225
1072,MG63,H3K9me3,TcMar-Tc2,-0.008429982655381424,0.4961084709906446,-0.03269572599780841,0.015845693047399453
1073,MG63,H3K9me3,SVA,-0.0033335444961056556,0.8150751127625466,-0.03126028628196181,0.024598397997948458
1074,MG63,H3K9me3,RTE-BovB,-0.0020792871304573766,0.8880628941899673,-0.03102416070919445,0.026869070960020017
1075,MG63,H3K9me3,tRNA-RTE,-0.013200364927961627,0.4116107297328462,-0.04468681996211564,0.018312290051063856
1076,MG63,H3K9me3,hAT-Ac,-0.01373370288899823,0.4490061353082011,-0.04925573365136665,0.021823027049602574
1077,MG63,H3K9me3,hAT,0.001375392294079726,0.9431786111231335,-0.03643323115030375,0.03918008391536715
1078,MG63,H3K9me3,MULE-MuDR,-0.004855260520873916,0.8159357016773454,-0.045709519616335806,0.036015212933392715
1079,MG63,H3K9me3,PiggyBac,-0.004261242983253295,0.8455963726388492,-0.04711919188851851,0.03861236606081107
1080,MG63,H3K9me3,5S-Deu-L2,-0.011568884679423097,0.6161613854858583,-0.056749185010111336,0.0336587016037461
1081,MG63,H3K9me3,Helitron,-0.02487079693495464,0.3071480384687611,-0.07250309062045787,0.022874690446888297
1082,MG63,H3K9me3,hAT-Tag1,0.028598855466295425,0.2416499120867045,-0.019290283824398333,0.07635707080025603
1083,MG63,H3K9me3,tRNA,-0.020558328398945943,0.42685924635342665,-0.07117060065836034,0.030159532732823572
1084,MG63,H3K9me3,Penelope,0.08901806546281331,0.02229040694709476,0.012578474176190213,0.16442326993242026
1085,MG63,H3K9me3,TcMar-Tc1,-0.029141988925019027,0.45757254727063845,-0.1057055250935278,0.047765030945190606
1086,MG63,H3K9me3,Dong-R4,-0.020233204386738292,0.6763812015352093,-0.11480944399149809,0.07470653366914927
1087,MG63,H3K9me3,tRNA-Deu,-0.02492693026866434,0.6117526610604047,-0.12068296713012135,0.07128870715644323
1088,MG63,H3K9me3,Kolobok,-0.0816301467460063,0.12527848684536738,-0.18446537633511756,0.02297303698436278
1089,MG63,H3K9me3,PIF-Harbinger,-0.04919575474027381,0.3608944680376662,-0.15374474251778286,0.056442542335104054
1090,MG63,H3K9me3,Crypton,-0.00401815868345507,0.946345276161741,-0.12055966044974292,0.11263259580170368
1091,MG63,H3K9me3,Merlin,0.039558357728084005,0.5677091323439689,-0.09607593428399006,0.17375038623003422
1092,MG63,H3K9me3,TcMar,0.013361127227101548,0.8491986792805527,-0.12390680131832628,0.15012729306053366
1093,MG63,H3K9me3,L1-Tx1,-0.10353221816369022,0.2303473488812254,-0.26763051568789425,0.0664028537442571
1094,MG63,H3K9me3,Crypton-A,-0.10019077324388533,0.25672158098719766,-0.2681622673679519,0.07369270399795368
1095,MG63,H3K9me3,I-Jockey,0.045834491706051333,0.6360290275405023,-0.14360235615593667,0.23203113780838236
1096,MG63,H3K9me3,hAT-Tip100?,-0.1693223443223443,0.18103924618120526,-0.4000503461625964,0.08158925289740869
1097,MG63,H3K9me3,TcMar-Pogo,-0.020161290322580645,0.9127877935296743,-0.3663122870581142,0.3308915902299497
1098,MG63,H3K9me3,hAT?,-0.15294117647058822,0.38784486812024854,-0.46855960343891845,0.19730015056949957
1099,MG63,H3K9me3,hAT-hAT19,-0.4264705882352941,0.09949911193753966,-0.7712275176501722,0.11173225236818084
1100,MG63,H3K36me3,Alu,-0.001855340401935857,0.051137398093422444,-0.0037198389802792077,9.171076184721652e-06
1101,MG63,H3K36me3,L1,-0.0011755193183890977,0.3929320601128482,-0.0038723815269303043,0.0015213599895427927
1102,MG63,H3K36me3,MIR,0.0001446365426186826,0.9172766415788991,-0.0025846996432494595,0.002873970573613425
1103,MG63,H3K36me3,L2,0.0008926995182098688,0.5939587898566527,-0.0023892961148220715,0.00417467591992178
1104,MG63,H3K36me3,ERVL-MaLR,2.6818720041348875e-05,0.9893268307010507,-0.0039025075800243943,0.003956144191966368
1105,MG63,H3K36me3,hAT-Charlie,-0.0018277715057681736,0.39141123919535836,-0.006007540133727838,0.0023520609874197696
1106,MG63,H3K36me3,ERV1,0.002756972493570207,0.36720376298080315,-0.0032355334588171254,0.008749280444526974
1107,MG63,H3K36me3,ERVL,0.0024443188895421552,0.4340788572300589,-0.0036801973787449547,0.00856865179088965
1108,MG63,H3K36me3,TcMar-Tigger,-0.0010029531520702167,0.7523595174754223,-0.0072328529826693345,0.00522702453211734
1109,MG63,H3K36me3,hAT-Tip100,0.0010169847135959409,0.8146846212039207,-0.007487035259639602,0.009520857595899044
1110,MG63,H3K36me3,CR1,0.004952892506024205,0.2941364372780988,-0.004300449484268384,0.014205386376967525
1111,MG63,H3K36me3,Gypsy,-0.007339197758260357,0.358289349649471,-0.022994666758334045,0.008319869845004978
1112,MG63,H3K36me3,hAT-Blackjack,0.0006064723994513714,0.9407099242092252,-0.015374061659903113,0.01658669670592346
1113,MG63,H3K36me3,TcMar-Mariner,0.011782360459711242,0.15193403943619235,-0.004336601681330396,0.027895201468084597
1114,MG63,H3K36me3,RTE-X,-0.006218762284647923,0.5460281960366031,-0.026402627270623553,0.013970171072993323
1115,MG63,H3K36me3,ERVK,-0.015513698771752417,0.1831717752390859,-0.03834345839126404,0.007332247624576348
1116,MG63,H3K36me3,TcMar-Tc2,0.011577538936626108,0.3499069830402929,-0.01269884507464478,0.035840282508219315
1117,MG63,H3K36me3,SVA,-0.0006763300044451116,0.9621724546546646,-0.02861955654441502,0.027267952765207295
1118,MG63,H3K36me3,RTE-BovB,-0.0022323378248265534,0.8798838687748184,-0.031177068848342312,0.026716134194668704
1119,MG63,H3K36me3,tRNA-RTE,-0.016795012346176166,0.2961096088957692,-0.0482712920322299,0.01471459149761671
1120,MG63,H3K36me3,hAT-Ac,0.023681733892489194,0.19176799132416977,-0.011883500213150804,0.05918712585935708
1121,MG63,H3K36me3,hAT,-0.0029206889989468305,0.8797173520382352,-0.04073001793734649,0.034896992370190984
1122,MG63,H3K36me3,MULE-MuDR,0.035325980166466056,0.09009673823246064,-0.005540079681452726,0.0760742418900408
1123,MG63,H3K36me3,PiggyBac,-0.006497365896495904,0.7662461104539104,-0.04929929426216786,0.03632838313838169
1124,MG63,H3K36me3,5S-Deu-L2,-0.005749583654634062,0.803207164143357,-0.050933170716304266,0.03945749258811577
1125,MG63,H3K36me3,Helitron,-0.023136239291536482,0.3418352668858803,-0.07074727802603067,0.024579978425426134
1126,MG63,H3K36me3,hAT-Tag1,0.02710867635886337,0.26664019605763695,-0.020737209996250307,0.07483067711417804
1127,MG63,H3K36me3,tRNA,-0.026613133281606274,0.30363534466771247,-0.07719903630134645,0.024109436991413807
1128,MG63,H3K36me3,Penelope,0.08434375410331948,0.030392560290907616,0.00788474090079657,0.15982229425988984
1129,MG63,H3K36me3,TcMar-Tc1,0.006854055919329064,0.8612257085537663,-0.06990863061724138,0.0835360483904139
1130,MG63,H3K36me3,Dong-R4,-0.011179199750406007,0.8176194133412785,-0.105856775730311,0.08369924372863831
1131,MG63,H3K36me3,tRNA-Deu,-0.058156741684753606,0.23600455226829414,-0.1534100617144376,0.03816739887775725
1132,MG63,H3K36me3,Kolobok,-0.0883110856745746,0.09665578051717082,-0.19084277517073456,0.01612677354531661
1133,MG63,H3K36me3,PIF-Harbinger,-0.02843875458578835,0.5975336329640961,-0.13334312788030095,0.07709582149074187
1134,MG63,H3K36me3,Crypton,-0.045293332731587685,0.4478710885619476,-0.1610988819406755,0.07174249756723021
1135,MG63,H3K36me3,Merlin,-0.004248820428644095,0.9510794112723829,-0.13923808186159525,0.1308954664985687
1136,MG63,H3K36me3,TcMar,0.06467094811679078,0.35691994755975764,-0.0731544467714913,0.2000724572496389
1137,MG63,H3K36me3,L1-Tx1,-0.14677203502131803,0.08699562205688205,-0.3077556023586403,0.02238097467659503
1138,MG63,H3K36me3,Crypton-A,0.011372652376718419,0.8978166247413267,-0.16113444242122082,0.183205435127504
1139,MG63,H3K36me3,I-Jockey,0.047836159762765264,0.6213419772268898,-0.14164583152508034,0.23393674812794452
1140,MG63,H3K36me3,hAT-Tip100?,-0.11904761904761903,0.34878534612669276,-0.35525942849471837,0.1314552356456442
1141,MG63,H3K36me3,TcMar-Pogo,0.03115835777126099,0.8655712457181038,-0.321102666533073,0.37584554214787197
1142,MG63,H3K36me3,hAT?,0.11046600458365163,0.5339832256322058,-0.23754769475909276,0.4333475136845983
1143,MG63,H3K36me3,hAT-hAT19,-0.032352941176470584,0.9053195187918449,-0.519827000335542,0.47101521392456863
1144,MG63,H3K27me3,Alu,0.0007193785698941248,0.44950329032774416,-0.0011450427837814638,0.002583794922364349
1145,MG63,H3K27me3,L1,0.0014782201927708153,0.2825469878811446,-0.001217871147306161,0.004174290042877436
1146,MG63,H3K27me3,MIR,0.0009586222422959764,0.49116306628372874,-0.001770461509678917,0.003687691714890859
1147,MG63,H3K27me3,L2,0.0005373706216318784,0.7482264664150456,-0.0027439232515395567,0.003818652923220592
1148,MG63,H3K27me3,ERVL-MaLR,-0.002761191151820596,0.16838910281483557,-0.0066901440261915345,0.0011678469722470192
1149,MG63,H3K27me3,hAT-Charlie,-0.00307418132353694,0.14940245691193674,-0.0072535383962732515,0.0011052831465814394
1150,MG63,H3K27me3,ERV1,-0.0006771093789649987,0.8247054051491243,-0.006668572071601883,0.00531440192732602
1151,MG63,H3K27me3,ERVL,-0.003551980196641653,0.25556350188281457,-0.009674985684139733,0.0025712916417753853
1152,MG63,H3K27me3,TcMar-Tigger,-0.0006244016188860119,0.8442595126008218,-0.006853972858391016,0.005605218084018773
1153,MG63,H3K27me3,hAT-Tip100,-0.004737996493990938,0.2748223820462976,-0.013241143584338316,0.0037658358145085486
1154,MG63,H3K27me3,CR1,0.007648983943399364,0.1050593967146505,-0.0016007457331491295,0.01689740487269394
1155,MG63,H3K27me3,Gypsy,0.008186934485930138,0.3054385841812896,-0.00747068733213405,0.023840542827873627
1156,MG63,H3K27me3,hAT-Blackjack,0.015596375258828052,0.05566945684158696,-0.00037870364190580215,0.03156349570138319
1157,MG63,H3K27me3,TcMar-Mariner,-0.005471102039334672,0.5057358108244646,-0.021581452507561487,0.010642088991425554
1158,MG63,H3K27me3,RTE-X,0.02255680793570975,0.028483996584850412,0.0023726190022369345,0.04272262489652465
1159,MG63,H3K27me3,ERVK,0.0018508696682276737,0.8737389407145243,-0.020974965712266664,0.024674776529424305
1160,MG63,H3K27me3,TcMar-Tc2,-0.019003225947761007,0.12484294347134395,-0.043251889516234335,0.005267814029288201
1161,MG63,H3K27me3,SVA,-0.015644226288910056,0.2725903537414305,-0.04357065088308957,0.012306627030002057
1162,MG63,H3K27me3,RTE-BovB,0.0010183237570638756,0.9450237232186152,-0.027919749789491483,0.029954691889089217
1163,MG63,H3K27me3,tRNA-RTE,0.021230529810592775,0.1867387654286905,-0.010291714890618892,0.052710620420326315
1164,MG63,H3K27me3,hAT-Ac,0.0325161997378657,0.07294954453523718,-0.0030352514596963536,0.06798555911622509
1165,MG63,H3K27me3,hAT,0.02722485613274828,0.15821428221359285,-0.01059976531209985,0.06497167883178255
1166,MG63,H3K27me3,MULE-MuDR,-0.0120916506092729,0.5620135105246049,-0.05292120765674238,0.028778267029308018
1167,MG63,H3K27me3,PiggyBac,0.03733051674179733,0.08789576374130226,-0.005559658000353382,0.08008359546360706
1168,MG63,H3K27me3,5S-Deu-L2,-0.004940081428047961,0.8305036440566199,-0.05013763061647839,0.04027766064949477
1169,MG63,H3K27me3,Helitron,-0.005464495767957188,0.8223330589655125,-0.053119636023427126,0.04221547803815385
1170,MG63,H3K27me3,hAT-Tag1,-0.03808455898428228,0.11811602239062231,-0.08569936858921791,0.009703820216556396
1171,MG63,H3K27me3,tRNA,0.03931485386458902,0.1286533396088282,-0.011425521984045688,0.08985328435204913
1172,MG63,H3K27me3,Penelope,-0.025410723841550697,0.5146069308565919,-0.10154283937683979,0.051017293789986276
1173,MG63,H3K27me3,TcMar-Tc1,-0.05050762498466704,0.19739287751812204,-0.12678972653678006,0.026368371555444775
1174,MG63,H3K27me3,Dong-R4,0.04178038514114038,0.389690200210023,-0.053482486110676825,0.13628962472761355
1175,MG63,H3K27me3,tRNA-Deu,0.015590802057319069,0.750912182073591,-0.08056576732189333,0.11145985582379235
1176,MG63,H3K27me3,Kolobok,-0.0426512651376825,0.4230495476439712,-0.14613724244966705,0.0617580774493378
1177,MG63,H3K27me3,PIF-Harbinger,-0.05099390920212298,0.34288838470608773,-0.1553593059067753,0.05449726288856795
1178,MG63,H3K27me3,Crypton,0.020650955737280027,0.7294162547929122,-0.09619051725976646,0.13693104762963573
1179,MG63,H3K27me3,Merlin,0.06355473997157919,0.35828864496401924,-0.07226948052526892,0.1970646248395445
1180,MG63,H3K27me3,TcMar,-0.022615852966974638,0.7475504989033767,-0.15917479662565745,0.11479226667202017
1181,MG63,H3K27me3,L1-Tx1,-0.20108894656884294,0.018901591061025437,-0.3588166571794886,-0.0321961045758302
1182,MG63,H3K27me3,Crypton-A,-0.19367648847027696,0.0272531016324108,-0.3554744571558723,-0.0206091643008492
1183,MG63,H3K27me3,I-Jockey,0.1478361597627653,0.1250042646792192,-0.04245280515301223,0.3277749863930324
1184,MG63,H3K27me3,hAT-Tip100?,-0.1328296703296703,0.2954046453597554,-0.3676225975750866,0.1178822681938918
1185,MG63,H3K27me3,TcMar-Pogo,-0.08687683284457476,0.6363612589160881,-0.423327148185823,0.2706322166218514
1186,MG63,H3K27me3,hAT?,-0.17952635599694422,0.3096586354863478,-0.490211112501593,0.17163590284606117
1187,MG63,H3K27me3,hAT-hAT19,-0.28529411764705886,0.28413874015956303,-0.6900142576666219,0.25533459874279396
1188,MG63,H3K4me3,Alu,0.00020004366233378142,0.8335150223073161,-0.0016652578328075795,0.002065343765432425
1189,MG63,H3K4me3,L1,-0.0003754942700939843,0.7849278924344105,-0.003072252481131516,0.002321269402523179
1190,MG63,H3K4me3,MIR,0.0002708759737714264,0.8457953341854576,-0.002458916328866141,0.003000664239405916
1191,MG63,H3K4me3,L2,-0.0020540229385541857,0.21996860136132124,-0.0053360428274513635,0.0012280412015773816
1192,MG63,H3K4me3,ERVL-MaLR,0.003216210413078371,0.108730708126855,-0.0007139482423315464,0.007146269713854281
1193,MG63,H3K4me3,hAT-Charlie,-0.0009589524191376731,0.6530224807633438,-0.00513962803668975,0.00322175671994802
1194,MG63,H3K4me3,ERV1,-0.003128631835567638,0.30622617709335076,-0.009121560873429989,0.0028645219437887373
1195,MG63,H3K4me3,ERVL,-0.004118144614090857,0.18758279549412604,-0.010242962335400903,0.0020069820991941816
1196,MG63,H3K4me3,TcMar-Tigger,0.002138801333544925,0.5010956369811715,-0.004092148162512048,0.008369584756493098
1197,MG63,H3K4me3,hAT-Tip100,0.0013932026913563537,0.7481568434684475,-0.007111479155842279,0.009897683003315793
1198,MG63,H3K4me3,CR1,-0.006519848036500237,0.16721289428769667,-0.015770639909448794,0.0027320599185518147
1199,MG63,H3K4me3,Gypsy,0.00800881999176636,0.31609678832595467,-0.007649291677602682,0.023663005245773392
1200,MG63,H3K4me3,hAT-Blackjack,0.0015186232309880386,0.8522682770234657,-0.014463714370424562,0.01750018504886991
1201,MG63,H3K4me3,TcMar-Mariner,0.001238730266083534,0.8803082941289133,-0.014884059459051973,0.017360876014089616
1202,MG63,H3K4me3,RTE-X,0.020636993919984727,0.04513036976923834,0.00044590458233739153,0.04081126352833535
1203,MG63,H3K4me3,ERVK,-0.00761149995965422,0.5138255883118785,-0.03045316415565896,0.015238109932239063
1204,MG63,H3K4me3,TcMar-Tc2,0.01454356904425972,0.240431393831751,-0.009740604528052187,0.03881059780187622
1205,MG63,H3K4me3,SVA,-0.014973559907679117,0.2940260634707987,-0.04292081977809831,0.012997114987528523
1206,MG63,H3K4me3,RTE-BovB,-0.005409841766566112,0.714262493188135,-0.03435769758507908,0.023547083818722166
1207,MG63,H3K4me3,tRNA-RTE,0.03690280616422539,0.021623001625486804,0.005406913312262972,0.06832555491330068
1208,MG63,H3K4me3,hAT-Ac,-0.006953987281049235,0.7015712896659712,-0.04250000587587731,0.028609613852570416
1209,MG63,H3K4me3,hAT,0.03775763560744856,0.05030433834020766,-6.262433938591064e-05,0.075470034900492
1210,MG63,H3K4me3,MULE-MuDR,0.020078410199130474,0.33537803498658914,-0.020779210092736252,0.06086907775685756
1211,MG63,H3K4me3,PiggyBac,0.011038913323400795,0.6138287883156157,-0.031833563971638994,0.05387084392220555
1212,MG63,H3K4me3,5S-Deu-L2,-0.03975754868102962,0.08498569503607006,-0.08485527977021354,0.005502740513371644
1213,MG63,H3K4me3,Helitron,0.013367822320412188,0.58266976082163,-0.03431069123259558,0.06098562585831087
1214,MG63,H3K4me3,hAT-Tag1,0.01907235333492792,0.43494529662357084,-0.02881125467517823,0.06686862938395365
1215,MG63,H3K4me3,tRNA,-0.003201835490796416,0.9014572206432991,-0.05384046883871504,0.04745322410110113
1216,MG63,H3K4me3,Penelope,0.08206027951111855,0.03519368426066607,0.005592709458009287,0.1575737383019722
1217,MG63,H3K4me3,TcMar-Tc1,0.011556645773501099,0.7685229264737317,-0.06534681350923,0.08832363411628126
1218,MG63,H3K4me3,Dong-R4,0.04103429826199876,0.39766290198695775,-0.05411405793070235,0.13544419322695633
1219,MG63,H3K4me3,tRNA-Deu,0.06740011183101882,0.1695098798232476,-0.02892578694890967,0.16248571319968097
1220,MG63,H3K4me3,Kolobok,-0.037364533365880144,0.4828263921485748,-0.14094031901932433,0.06702033343541193
1221,MG63,H3K4me3,PIF-Harbinger,-0.09341287919439875,0.08183589877373568,-0.19683407064625316,0.012064254355171474
1222,MG63,H3K4me3,Crypton,0.0022402521895271955,0.9700702969953021,-0.11438729038971283,0.11880688254528249
1223,MG63,H3K4me3,Merlin,0.045071221396097705,0.5149566601111752,-0.09061701071519615,0.17911657143768148
1224,MG63,H3K4me3,TcMar,-0.03861730720189218,0.5824977975218474,-0.17477750927605998,0.0989921963776428
1225,MG63,H3K4me3,L1-Tx1,-0.14926558728571843,0.08285002585094595,-0.3106671388443572,0.02050236580450221
1226,MG63,H3K4me3,Crypton-A,-0.016878720386195926,0.8488374978049844,-0.18852887612527694,0.15577214067403292
1227,MG63,H3K4me3,I-Jockey,0.2684181262162914,0.004771894249106106,0.08121196967160345,0.43733070772287547
1228,MG63,H3K4me3,hAT-Tip100?,-0.07138278388278387,0.5751228059068442,-0.3120108137077045,0.17785112885894766
1229,MG63,H3K4me3,TcMar-Pogo,-0.1228005865102639,0.5031329685711758,-0.4532231413051147,0.23729165214906034
1230,MG63,H3K4me3,hAT?,0.042933537051184106,0.809484974471737,-0.2997293004677985,0.375784658660674
1231,MG63,H3K4me3,hAT-hAT19,-0.16176470588235295,0.5494831434036929,-0.6108894426280149,0.36612642999165823
1232,VCaP,CTCF,Alu,-0.002151164035306332,0.02355534043399831,-0.004013180330634874,-0.00028913282316745824
1233,VCaP,CTCF,L1,-0.00012441364716665642,0.9279147661877483,-0.002819773593267104,0.0025709481066566757
1234,VCaP,CTCF,MIR,0.00031812941692773876,0.8190340105897308,-0.0024071996045819783,0.003043453712684682
1235,VCaP,CTCF,L2,-0.0021831756195483283,0.192095950540092,-0.005463519093151747,0.00109721483974391
1236,VCaP,CTCF,ERVL-MaLR,-0.0008101187514024862,0.685748122097356,-0.004734158185724768,0.00311394563165036
1237,VCaP,CTCF,hAT-Charlie,0.004395530090061134,0.03902722236679215,0.000221337404148357,0.008569569604217347
1238,VCaP,CTCF,ERV1,-0.00556096225771857,0.06843896268413192,-0.01154231153004596,0.0004207849573552007
1239,VCaP,CTCF,ERVL,-0.0009633827947157068,0.7575360208769313,-0.007079528907448431,0.0051528353939224135
1240,VCaP,CTCF,TcMar-Tigger,-0.0020349287845686155,0.5215594103090098,-0.008257454038060443,0.004187754057721341
1241,VCaP,CTCF,hAT-Tip100,0.004617487237203389,0.2867310873563267,-0.0038777920375231913,0.01311210006402244
1242,VCaP,CTCF,CR1,0.0032715723092836164,0.48792687938833434,-0.005973071475220961,0.01251565692198801
1243,VCaP,CTCF,Gypsy,0.01098431803396656,0.1689166888806568,-0.004665870518755513,0.02662912704425642
1244,VCaP,CTCF,hAT-Blackjack,0.0013405302567096034,0.8692510578202433,-0.014620026914874747,0.01730040448458374
1245,VCaP,CTCF,TcMar-Mariner,0.012236792471419776,0.13612974272443998,-0.00385659583770491,0.02832384373888363
1246,VCaP,CTCF,RTE-X,-0.0075052892087614145,0.4660669594572704,-0.027680874249619382,0.012676408146962557
1247,VCaP,CTCF,ERVK,-0.004266128756823602,0.7136927579032928,-0.027049936853515394,0.018522109392868708
1248,VCaP,CTCF,TcMar-Tc2,-0.012144125229400879,0.3263850391019183,-0.03638400265171342,0.012110033794948325
1249,VCaP,CTCF,SVA,-0.0055881770603656115,0.6948281400487242,-0.03349574592940787,0.022328099303206953
1250,VCaP,CTCF,RTE-BovB,0.021632663137339393,0.14260100227975148,-0.007290469859982406,0.05051963096051164
1251,VCaP,CTCF,tRNA-RTE,0.002678815839701889,0.867571103621108,-0.028802947782741683,0.03415527036304396
1252,VCaP,CTCF,hAT-Ac,-0.0025264873946255232,0.8891669501765194,-0.038044174489516025,0.03299757524368204
1253,VCaP,CTCF,hAT,0.029682877292085606,0.1234927944899025,-0.008099092733251946,0.06738021930615265
1254,VCaP,CTCF,MULE-MuDR,0.014291006789414152,0.4927579302235289,-0.02654531484370035,0.05507971076256561
1255,VCaP,CTCF,PiggyBac,0.02006232697190801,0.35871284830993977,-0.022786967737845575,0.0628380472110519
1256,VCaP,CTCF,5S-Deu-L2,0.017753152513582168,0.44134652385611617,-0.027444848379278273,0.06287871244428424
1257,VCaP,CTCF,Helitron,-0.029152542136493296,0.22988568404688361,-0.07662658332728053,0.01845338329178648
1258,VCaP,CTCF,hAT-Tag1,-0.020949711549729477,0.39011123982975937,-0.06863970527985985,0.0268358083301298
1259,VCaP,CTCF,tRNA,-0.05505325944071379,0.032654155302955186,-0.10531087101847668,-0.004515135323019306
1260,VCaP,CTCF,Penelope,0.040193328792982395,0.3021525210568601,-0.036207375318103766,0.11612692472582996
1261,VCaP,CTCF,TcMar-Tc1,-0.020266048799000437,0.6046460976450259,-0.09673140921582164,0.056437135585834644
1262,VCaP,CTCF,Dong-R4,-0.014697518806020883,0.7617437159545706,-0.10933708373814785,0.08020611878570975
1263,VCaP,CTCF,tRNA-Deu,-0.029292852533485576,0.5503548078059586,-0.12487744923108568,0.06683048666475157
1264,VCaP,CTCF,Kolobok,0.06909560235992598,0.1946385593467897,-0.03551910158148971,0.172212412654484
1265,VCaP,CTCF,PIF-Harbinger,-0.07957964241884144,0.13789096778943713,-0.1831917455105824,0.02578101871501056
1266,VCaP,CTCF,Crypton,0.02367863837144517,0.6916411012377519,-0.0931924019522164,0.1399060347217037
1267,VCaP,CTCF,Merlin,-0.08752078903046588,0.20436093212695033,-0.21992586368508243,0.0480505949023807
1268,VCaP,CTCF,TcMar,-0.10182962670768415,0.14827534889650734,-0.23656561769443296,0.03674883287303284
1269,VCaP,CTCF,L1-Tx1,-0.0610461147951806,0.47854739777011757,-0.2265927714421278,0.10792862786263409
1270,VCaP,CTCF,Crypton-A,-0.10887039195043952,0.21578319511857544,-0.2757294237970591,0.06435786466238216
1271,VCaP,CTCF,I-Jockey,0.07454360114910574,0.4410873912849774,-0.11543381253108446,0.25926002051402447
1272,VCaP,CTCF,hAT-Tip100?,-0.06437728937728937,0.6132831909403205,-0.30559010388095803,0.18460026480903655
1273,VCaP,CTCF,TcMar-Pogo,0.2716275659824047,0.1326168929354648,-0.09172989557179709,0.5711506310416484
1274,VCaP,CTCF,hAT?,-0.07135217723453018,0.6884195281803911,-0.40024557870574845,0.2738248443259433
1275,VCaP,CTCF,hAT-hAT19,0.023529411764705882,0.931073583667659,-0.4778062677491202,0.5133038022421272
1276,VCaP,H3K27ac,Alu,-0.0017057975982895381,0.07261120665385645,-0.0035680741786755254,0.00015649081387085828
1277,VCaP,H3K27ac,L1,0.0007517524485593704,0.5846526091808248,-0.0019438268717146506,0.0034473208441825843
1278,VCaP,H3K27ac,MIR,0.0002248880050180896,0.8715229937223936,-0.002500564266483473,0.0029503369355468587
1279,VCaP,H3K27ac,L2,-0.001081442201865182,0.5181995614297521,-0.004361889084856688,0.0021990279568353016
1280,VCaP,H3K27ac,ERVL-MaLR,-0.000257460203058314,0.8976871009594285,-0.004181832372915876,0.003666919896948915
1281,VCaP,H3K27ac,hAT-Charlie,9.172080662598753e-06,0.9965640225243937,-0.004165307622946073,0.004183651464600788
1282,VCaP,H3K27ac,ERV1,-0.005422113107228089,0.07566656028515707,-0.01140417069181704,0.0005603325747223018
1283,VCaP,H3K27ac,ERVL,0.0011973428349035834,0.7012531335904437,-0.004919864757317667,0.007314460818623532
1284,VCaP,H3K27ac,TcMar-Tigger,0.0015980164482904578,0.614758246154645,-0.004625095996743433,0.007821005122293306
1285,VCaP,H3K27ac,hAT-Tip100,-0.006131154897168977,0.15720030502304236,-0.014625554838382104,0.002364129954365027
1286,VCaP,H3K27ac,CR1,0.0009516304463318317,0.8401093920781731,-0.008292985834365102,0.010196084071490596
1287,VCaP,H3K27ac,Gypsy,0.0036529629002072443,0.6473395134684228,-0.011997687440934712,0.01930182388773895
1288,VCaP,H3K27ac,hAT-Blackjack,0.0016877552543807176,0.8358596815500444,-0.014277113013506261,0.01765176322612269
1289,VCaP,H3K27ac,TcMar-Mariner,0.016596371541025327,0.043281660503573335,0.0005001151937436439,0.03268403022356122
1290,VCaP,H3K27ac,RTE-X,-0.009066949545829175,0.37857958536098935,-0.029242576381730855,0.011116062109951835
1291,VCaP,H3K27ac,ERVK,0.007074252198139922,0.5430221215880661,-0.015721063899990197,0.029862218362025968
1292,VCaP,H3K27ac,TcMar-Tc2,0.01020703389729143,0.40951866099231937,-0.014050487767153695,0.03445254806083917
1293,VCaP,H3K27ac,SVA,-0.012316722907634131,0.38715141453413493,-0.040213702232259854,0.015599443281583553
1294,VCaP,H3K27ac,RTE-BovB,-0.009307825449030041,0.5281802922046737,-0.0382133578837209,0.0196132706399278
1295,VCaP,H3K27ac,tRNA-RTE,0.017540410250909504,0.274693383384183,-0.013936806108013183,0.04898289566740929
1296,VCaP,H3K27ac,hAT-Ac,0.0012316667344934638,0.9458177253225521,-0.034279229326738485,0.03673945674073459
1297,VCaP,H3K27ac,hAT,0.011388117247795263,0.554633722252873,-0.026389035161952217,0.04913278912620714
1298,VCaP,H3K27ac,MULE-MuDR,-0.015241008217567563,0.4645515354595642,-0.05603611496522662,0.0256049029209108
1299,VCaP,H3K27ac,PiggyBac,0.016374499429030655,0.45380723634830233,-0.02647234333659298,0.059161288047211366
1300,VCaP,H3K27ac,5S-Deu-L2,-0.0166282748356437,0.470711260688671,-0.061745464382852784,0.028556730945660812
1301,VCaP,H3K27ac,Helitron,-0.025425625919649742,0.29505055610625813,-0.07291533439773329,0.022179118150711583
1302,VCaP,H3K27ac,hAT-Tag1,-0.026131526981410014,0.28369595833161193,-0.07380099477478407,0.021657080408288155
1303,VCaP,H3K27ac,tRNA,-0.0076821700014964665,0.7657943841613932,-0.05817283517572028,0.04284769632039182
1304,VCaP,H3K27ac,Penelope,-0.005664996543526853,0.8845042653070242,-0.08194697270949577,0.07068296732030303
1305,VCaP,H3K27ac,TcMar-Tc1,-0.006029596847922042,0.8775924488078083,-0.08259985608560888,0.07061143341906752
1306,VCaP,H3K27ac,Dong-R4,0.019291139141716776,0.6906537248659359,-0.0756427611646624,0.11387845923373267
1307,VCaP,H3K27ac,tRNA-Deu,-0.020559291936536973,0.6751274833570657,-0.11625517518206398,0.07551479107923081
1308,VCaP,H3K27ac,Kolobok,-0.027081826658431382,0.6110646063384515,-0.1308199977535634,0.07724295877821465
1309,VCaP,H3K27ac,PIF-Harbinger,0.0800222875197342,0.1357070053577807,-0.025337684542307233,0.1836240377321261
1310,VCaP,H3K27ac,Crypton,-0.02621660818179179,0.6611169201541427,-0.14260412037214534,0.0908860227077545
1311,VCaP,H3K27ac,Merlin,-0.09473311011583674,0.16935709731953197,-0.22687784506621309,0.04083661623181856
1312,VCaP,H3K27ac,TcMar,-0.027602377436020353,0.6958568720193712,-0.16471189636879652,0.11055365529226104
1313,VCaP,H3K27ac,L1-Tx1,0.0669687080425112,0.4368402767435723,-0.10207894668742891,0.23225707592213102
1314,VCaP,H3K27ac,Crypton-A,-0.10729561612237903,0.22253713718947543,-0.2742429334980357,0.06592985461995159
1315,VCaP,H3K27ac,I-Jockey,-0.0035585209897136504,0.9707051986704146,-0.19153261883921985,0.18466739235438018
1316,VCaP,H3K27ac,hAT-Tip100?,0.10860805860805861,0.3929549516931332,-0.1416887151479085,0.34585225828839267
1317,VCaP,H3K27ac,TcMar-Pogo,0.42815249266862165,0.014498965519509535,0.07720815429457582,0.6846964594119184
1318,VCaP,H3K27ac,hAT?,-0.04873949579831932,0.7842920684520038,-0.38081031682160027,0.2944673608080951
1319,VCaP,H3K27ac,hAT-hAT19,-0.3205882352941176,0.22604542220798243,-0.7112411230018962,0.2213601748264756
1320,C4-2B,CTCF,Alu,-0.0013332798065569665,0.1617904052626382,-0.003201062860171791,0.0005345125497166867
1321,C4-2B,CTCF,L1,-0.0011016631176893798,0.42398518098012694,-0.0038022715989065926,0.0015989614331317137
1322,C4-2B,CTCF,MIR,0.0023684149203051837,0.08887798180308246,-0.00036002178778713503,0.005096816365956304
1323,C4-2B,CTCF,L2,0.0018509505101791275,0.2690619616373423,-0.0014314585733965163,0.005133319709046029
1324,C4-2B,CTCF,ERVL-MaLR,-0.0006679628681194265,0.7393357970069468,-0.004602570453269875,0.003266665398798103
1325,C4-2B,CTCF,hAT-Charlie,0.0010827718345085544,0.6118601539354573,-0.003099546950493749,0.005265052740573515
1326,C4-2B,CTCF,ERV1,0.002892554267600641,0.3463857933954133,-0.003128245236064719,0.008913144066476999
1327,C4-2B,CTCF,ERVL,-0.0009461398099508003,0.7622342321531591,-0.00707531186914982,0.005183103336931998
1328,C4-2B,CTCF,TcMar-Tigger,-0.006369906659000644,0.04522363166394869,-0.01260385513765158,-0.00013546302486065298
1329,C4-2B,CTCF,hAT-Tip100,0.007767277217986406,0.07333464088394098,-0.0007341322583913951,0.016267564031084626
1330,C4-2B,CTCF,CR1,0.010597843392958188,0.024794292686150615,0.0013436989975912422,0.019850172759069837
1331,C4-2B,CTCF,Gypsy,-0.0008451938378992355,0.9157547592067234,-0.016503878311518862,0.014813905120578579
1332,C4-2B,CTCF,hAT-Blackjack,2.9328805894575365e-05,0.9971325956133884,-0.015964890684968997,0.016023533291271902
1333,C4-2B,CTCF,TcMar-Mariner,0.005739751677590863,0.4862384103452154,-0.01041666167986149,0.02189316900077517
1334,C4-2B,CTCF,RTE-X,0.0001404193820015807,0.9891236586300826,-0.020046621976204892,0.020327346294385477
1335,C4-2B,CTCF,ERVK,0.0030824760738669206,0.7931941064458673,-0.01996056186339091,0.026122240968852115
1336,C4-2B,CTCF,TcMar-Tc2,-0.0011971971862607387,0.9231273116543354,-0.02550951582336881,0.023116536835056337
1337,C4-2B,CTCF,SVA,-0.0011545201613314365,0.9357093800489927,-0.02920015520353916,0.026892931194237232
1338,C4-2B,CTCF,RTE-BovB,-0.0028862863523329394,0.8450247014350816,-0.03181777936314702,0.02605003932980585
1339,C4-2B,CTCF,tRNA-RTE,0.013780683998389269,0.39117199607482545,-0.017719966463025965,0.045254004100970906
1340,C4-2B,CTCF,hAT-Ac,-0.009889988070302051,0.585941733319794,-0.04544853005459271,0.025693583964851677
1341,C4-2B,CTCF,hAT,-0.002923698569011311,0.8795943531440524,-0.04073302270610076,0.03489398660535096
1342,C4-2B,CTCF,MULE-MuDR,-0.02506826586100523,0.22894765864216754,-0.06583489055638828,0.01578190488468838
1343,C4-2B,CTCF,PiggyBac,0.010302953098113535,0.6382251777541645,-0.03264062997075689,0.05320856532716707
1344,C4-2B,CTCF,5S-Deu-L2,0.025599372776804272,0.26687325847215027,-0.019603125085305772,0.07069743125565014
1345,C4-2B,CTCF,Helitron,-0.017507454579492734,0.4726457650653134,-0.0652100241413945,0.03027495045845805
1346,C4-2B,CTCF,hAT-Tag1,0.01121658938965464,0.6457391735454642,-0.03660055097030269,0.05898248528168844
1347,C4-2B,CTCF,tRNA,0.0012941411646829844,0.9600052870069047,-0.04925518121340617,0.05183685072989926
1348,C4-2B,CTCF,Penelope,-0.024053812966191513,0.5391819972629646,-0.10054571867721097,0.05272077480583981
1349,C4-2B,CTCF,TcMar-Tc1,0.03656988186779807,0.35117838396135403,-0.04035291261036579,0.11306174800472428
1350,C4-2B,CTCF,Dong-R4,-0.0696397434598622,0.1503627279122557,-0.163460420995575,0.025429283284050398
1351,C4-2B,CTCF,tRNA-Deu,0.05066546284596596,0.3014075186140067,-0.04553218431121223,0.14593208044584882
1352,C4-2B,CTCF,Kolobok,-0.008151545245262194,0.878531941907732,-0.11229300385976519,0.0961670401147838
1353,C4-2B,CTCF,PIF-Harbinger,-0.06172492557017114,0.25011224361068335,-0.1657293020913236,0.0436374059092903
1354,C4-2B,CTCF,Crypton,0.025775011439553398,0.6659191698466498,-0.09111556997720462,0.1419649999912859
1355,C4-2B,CTCF,Merlin,-0.07794273290237246,0.2596690819270318,-0.21098923040795747,0.057939182972922144
1356,C4-2B,CTCF,TcMar,-0.0713604544868579,0.3128711535343411,-0.20753774717780465,0.06753003962625259
1357,C4-2B,CTCF,L1-Tx1,0.056715014295950675,0.5103582749266231,-0.11220083641687288,0.22244520605900636
1358,C4-2B,CTCF,Crypton-A,-0.19541625301493826,0.02587411793012222,-0.357078595435696,-0.022387385969223492
1359,C4-2B,CTCF,I-Jockey,0.07736076359929571,0.42396705029749293,-0.11265723072214508,0.2619200689967642
1360,C4-2B,CTCF,hAT-Tip100?,0.20646853146853147,0.09891498188347328,-0.042049847379015036,0.4309267890896097
1361,C4-2B,CTCF,TcMar-Pogo,-0.29545454545454547,0.10064532540992151,-0.5891388567459939,0.0671807155818099
1362,C4-2B,CTCF,hAT?,0.04946524064171123,0.7845712261751205,-0.29911923274980073,0.38640174610180605
1363,C4-2B,CTCF,hAT-hAT19,-0.2764705882352941,0.2999421284923735,-0.684611693761416,0.26365264480027495
1364,C4-2B,H3K27ac,Alu,0.0011753003642797925,0.21740613760715322,-0.0006922571098786637,0.00304284964010605
1365,C4-2B,H3K27ac,L1,-4.443170641665819e-05,0.9743015517321767,-0.0027477565325540847,0.002658893769131647
1366,C4-2B,H3K27ac,MIR,0.0013920680431763167,0.3255224900883156,-0.0013830351743107947,0.0041671498196046465
1367,C4-2B,H3K27ac,L2,-0.000338877654788011,0.839685614198343,-0.0036221185867399484,0.0029443705831602904
1368,C4-2B,H3K27ac,ERVL-MaLR,0.0015987827010927355,0.4263564948959655,-0.002340611488353659,0.005538127268574399
1369,C4-2B,H3K27ac,hAT-Charlie,0.0017489612214643656,0.41704355954803285,-0.00247487968283216,0.005972739720645418
1370,C4-2B,H3K27ac,ERV1,0.0039684474137577485,0.1976352924026375,-0.002068930862081127,0.01000553639959089
1371,C4-2B,H3K27ac,ERVL,-0.0003815837045573358,0.9030311879127753,-0.006520152486127336,0.005757013834846253
1372,C4-2B,H3K27ac,TcMar-Tigger,-0.0022431498417326084,0.48679279987862256,-0.00856505475269865,0.0040789343768353895
1373,C4-2B,H3K27ac,hAT-Tip100,-0.005496616337045224,0.207470462106249,-0.014042312182669998,0.0030498824321504854
1374,C4-2B,H3K27ac,CR1,-0.0017891998630821958,0.7055546788040055,-0.011070079740279862,0.007491988249837808
1375,C4-2B,H3K27ac,Gypsy,-0.002075477776764586,0.7955078970956176,-0.01776992282784893,0.013619989790468572
1376,C4-2B,H3K27ac,hAT-Blackjack,0.006699515229336317,0.4234722366442344,-0.009705801113423212,0.023101226062733418
1377,C4-2B,H3K27ac,TcMar-Mariner,0.014363293496129026,0.09978662397667985,-0.002741955871268539,0.03146014015956459
1378,C4-2B,H3K27ac,RTE-X,-0.022409652456563876,0.02960483857624734,-0.042584184501390336,-0.0022168527366374594
1379,C4-2B,H3K27ac,ERVK,0.011825614792551557,0.3155156939530164,-0.011267750790876266,0.03490637221487582
1380,C4-2B,H3K27ac,TcMar-Tc2,0.015375654492943744,0.22537390819380618,-0.00948382992327099,0.04021614481562468
1381,C4-2B,H3K27ac,SVA,0.01317983844651931,0.35740592574328045,-0.014890703852143443,0.04122962225080537
1382,C4-2B,H3K27ac,RTE-BovB,0.01980027933053279,0.18003702548244876,-0.009151353999244745,0.04871874461160023
1383,C4-2B,H3K27ac,tRNA-RTE,-0.0034210139617537444,0.8333772552842493,-0.03528107152609932,0.02844599028940528
1384,C4-2B,H3K27ac,hAT-Ac,-0.004683915220825739,0.7970151891088041,-0.04035697146578912,0.031001066462340233
1385,C4-2B,H3K27ac,hAT,0.02357729853300491,0.23006962306140755,-0.014934761861479868,0.06201950825004734
1386,C4-2B,H3K27ac,MULE-MuDR,0.0042588717667163736,0.8383149449257037,-0.036637450494712835,0.04514095272650868
1387,C4-2B,H3K27ac,PiggyBac,0.006610292728916673,0.7693026139988224,-0.03755342555099903,0.05074823905064078
1388,C4-2B,H3K27ac,5S-Deu-L2,0.02607463845209982,0.26218210297849726,-0.01951760833173531,0.07155866870770572
1389,C4-2B,H3K27ac,Helitron,0.013678033878640514,0.5788667890044077,-0.03461910284498146,0.061911431759816705
1390,C4-2B,H3K27ac,hAT-Tag1,0.00966176284720435,0.6922180134537474,-0.03816721724782025,0.05744657492387722
1391,C4-2B,H3K27ac,tRNA,-0.00914403426485778,0.7257581016407689,-0.060175021052295954,0.041934626086502905
1392,C4-2B,H3K27ac,Penelope,-0.07309513357881725,0.06314729746632342,-0.14943475162230604,0.004110738735918273
1393,C4-2B,H3K27ac,TcMar-Tc1,-0.01313318707818098,0.7461542354546149,-0.092425320132305,0.06632446230830333
1394,C4-2B,H3K27ac,Dong-R4,-0.017004009823056093,0.7257547006654863,-0.11161771255699589,0.0779151956190897
1395,C4-2B,H3K27ac,tRNA-Deu,-0.06844874967195996,0.1675946473460561,-0.16455154777020312,0.02894136685040298
1396,C4-2B,H3K27ac,Kolobok,-0.01643048689305549,0.7637780744784483,-0.12305680687882446,0.09057085040193553
1397,C4-2B,H3K27ac,PIF-Harbinger,0.03836157578902887,0.48210867560763415,-0.06863517003567234,0.1444858499725646
1398,C4-2B,H3K27ac,Crypton,-0.03973306225428003,0.5219687689631924,-0.16019642126983266,0.08189646766129947
1399,C4-2B,H3K27ac,Merlin,0.01619838278052285,0.8253772397048385,-0.12721604351397803,0.158949390474001
1400,C4-2B,H3K27ac,TcMar,-0.1532254567830906,0.03680007615547627,-0.29147221321411076,-0.008708933943215914
1401,C4-2B,H3K27ac,L1-Tx1,0.07185519750662084,0.40404622660444534,-0.09724596534829087,0.23692410345132267
1402,C4-2B,H3K27ac,Crypton-A,0.028306024811548706,0.7579331548938044,-0.1509885157868204,0.20579754080651588
1403,C4-2B,H3K27ac,I-Jockey,0.05537948290241869,0.5673543328753142,-0.13426263363271174,0.24110844228220138
1404,C4-2B,H3K27ac,hAT-Tip100?,-0.027335164835164835,0.8302263215971363,-0.27136479680534,0.21999663268681957
1405,C4-2B,H3K27ac,TcMar-Pogo,-0.12364532019704431,0.5228093409601546,-0.47004504158561783,0.2557593220893998
1406,C4-2B,H3K27ac,hAT?,-0.3512700534759359,0.0450191205483484,-0.6264818323051181,0.0018202769670069554
1407,C4-2B,H3K27ac,hAT-hAT19,-0.3545454545454546,0.2846927409558867,-0.7950568776045616,0.3308329798384758
1408,RWPE2,CTCF,Alu,-0.00029087973997438533,0.7597036985562817,-0.002154786370947535,0.0015730289121196198
1409,RWPE2,CTCF,L1,0.0016824126933415455,0.22117469128894016,-0.0010128986178750718,0.004377699560253367
1410,RWPE2,CTCF,MIR,-0.0008298465555809086,0.5508731249863449,-0.0035567401152292576,0.0018970593455242706
1411,RWPE2,CTCF,L2,-0.0005536785443035987,0.7407739328471672,-0.0038338805391189305,0.002726535365416556
1412,RWPE2,CTCF,ERVL-MaLR,0.0030628331903958667,0.12622638541656556,-0.0008629085983733486,0.006988480575157171
1413,RWPE2,CTCF,hAT-Charlie,0.0008517821451204717,0.6893583292373935,-0.0033247282356564964,0.005028262810408305
1414,RWPE2,CTCF,ERV1,-0.004685889485219127,0.12492000585411855,-0.010670934820287551,0.001299491580369508
1415,RWPE2,CTCF,ERVL,-0.004562377694028606,0.14389868983369858,-0.010680830596677866,0.0015564168242730506
1416,RWPE2,CTCF,TcMar-Tigger,0.005985579901270483,0.05948190055046544,-0.00023936738853930177,0.01221006332696003
1417,RWPE2,CTCF,hAT-Tip100,-0.0001001430043096923,0.9815691567949332,-0.008596175300522877,0.00839590374908603
1418,RWPE2,CTCF,CR1,0.00482466225308394,0.3064372993259584,-0.004421467125920774,0.014069966756963809
1419,RWPE2,CTCF,Gypsy,0.00020785556660950861,0.9792329801983094,-0.015441608207975228,0.015857217531819276
1420,RWPE2,CTCF,hAT-Blackjack,0.013548285542006405,0.09644219760582483,-0.002426455287628695,0.0295161132576082
1421,RWPE2,CTCF,TcMar-Mariner,0.011272940647623193,0.17029782220160616,-0.004840582725234906,0.027380611463263014
1422,RWPE2,CTCF,RTE-X,0.00525861327186352,0.6095052827608485,-0.014919394564936947,0.02543233978901555
1423,RWPE2,CTCF,ERVK,-0.010951760912664461,0.34666211649861667,-0.03375039374389418,0.0118582639350688
1424,RWPE2,CTCF,TcMar-Tc2,0.009965741311096276,0.42064373836066493,-0.014289869467156352,0.03420963021018783
1425,RWPE2,CTCF,SVA,0.006747657252947862,0.635910282069406,-0.021186227994474373,0.034671015569318446
1426,RWPE2,CTCF,RTE-BovB,-0.012124106698138074,0.4112215013979339,-0.04102283341610389,0.016794887767321905
1427,RWPE2,CTCF,tRNA-RTE,-0.008037834963266006,0.6170267327656116,-0.039523869181226225,0.023464145298686106
1428,RWPE2,CTCF,hAT-Ac,0.04009829518806328,0.026870540696593614,0.004581178639521747,0.07551437183699053
1429,RWPE2,CTCF,hAT,0.014450942718712348,0.45357357851326474,-0.023342379671034877,0.05220301996642916
1430,RWPE2,CTCF,MULE-MuDR,-0.017139395669192377,0.4103955868560665,-0.05789413140583276,0.023672371802216517
1431,RWPE2,CTCF,PiggyBac,-0.004423403848279152,0.8396473947444645,-0.04724007506144001,0.03840949239179886
1432,RWPE2,CTCF,5S-Deu-L2,-0.04437792070276756,0.05405334593196119,-0.08936942498745845,0.0007943239965827912
1433,RWPE2,CTCF,Helitron,-0.023789871195701365,0.32779508425086445,-0.07134213803572108,0.023870288992588667
1434,RWPE2,CTCF,hAT-Tag1,-0.0016277822559370568,0.9467656918472812,-0.04937741408794112,0.04612927352590047
1435,RWPE2,CTCF,tRNA,-0.03140124850858168,0.2232682417239737,-0.08179639910085844,0.01915406460824831
1436,RWPE2,CTCF,Penelope,0.04085591082182345,0.2946131063925203,-0.03560365888323512,0.11683996496294391
1437,RWPE2,CTCF,TcMar-Tc1,-0.050685812683443986,0.19615853310261214,-0.1270241228674351,0.026249397055115097
1438,RWPE2,CTCF,Dong-R4,-0.0031708798832023933,0.9478491612435168,-0.09792848942658706,0.09164370716245299
1439,RWPE2,CTCF,tRNA-Deu,0.023140468709644625,0.6371020817362529,-0.07294930933522896,0.11880458852325837
1440,RWPE2,CTCF,Kolobok,0.009250606987132367,0.8625017878856783,-0.0952264356672326,0.11352607290874604
1441,RWPE2,CTCF,PIF-Harbinger,-0.04041020892616144,0.4517359519095434,-0.14481822630437716,0.06488779791965969
1442,RWPE2,CTCF,Crypton,-0.028956500457424927,0.6276270628674789,-0.14508827866226287,0.08796227953740555
1443,RWPE2,CTCF,Merlin,-0.15924160110887078,0.020356767087746676,-0.2886003497351272,-0.024173457413407984
1444,RWPE2,CTCF,TcMar,-0.05565806419146915,0.4302756505051474,-0.19200040693891815,0.08279208006978638
1445,RWPE2,CTCF,L1-Tx1,0.05497417325477312,0.5234455503420082,-0.11391668333214663,0.22077686194206164
1446,RWPE2,CTCF,Crypton-A,0.006958373870768978,0.9371281687650529,-0.16476581290131673,0.17827312559725675
1447,RWPE2,CTCF,I-Jockey,0.15014363821703272,0.11915713996794823,-0.04012945373944759,0.3299086846301201
1448,RWPE2,CTCF,hAT-Tip100?,-0.06762820512820512,0.5954388878397319,-0.3085717021125858,0.18147050621947008
1449,RWPE2,CTCF,TcMar-Pogo,-0.3566715542521994,0.045089704267255476,-0.6342053846417313,0.002285772656690968
1450,RWPE2,CTCF,hAT?,-0.02032085561497326,0.9091826940955636,-0.3560716441940593,0.3200767426688105
1451,RWPE2,CTCF,hAT-hAT19,0.3764705882352941,0.1506481152876309,-0.16506245786450227,0.7435929814089205
1452,RWPE2,H3K27ac,Alu,-0.0005337347349728399,0.5749893360557675,-0.00239937385517818,0.0013319081006851511
1453,RWPE2,H3K27ac,L1,0.0013552513262188404,0.32447428568432857,-0.001340610281484819,0.00405109323499197
1454,RWPE2,H3K27ac,MIR,0.0021088075609905473,0.1297278692190107,-0.0006190560857875535,0.0048366398237034884
1455,RWPE2,H3K27ac,L2,-0.0025230019889745372,0.13170396186155459,-0.00580339760100655,0.0007574479243274265
1456,RWPE2,H3K27ac,ERVL-MaLR,0.0004921513535191761,0.8059773369392911,-0.0034350590065721125,0.004419346532783312
1457,RWPE2,H3K27ac,hAT-Charlie,-0.00038959962542832216,0.8549956031406424,-0.004568006872911214,0.003788821226208536
1458,RWPE2,H3K27ac,ERV1,0.0017365659608004809,0.5697037998860357,-0.004250553511115779,0.00772356093843393
1459,RWPE2,H3K27ac,ERVL,-0.0018840552175345762,0.5462994128074257,-0.00800456687272329,0.004236597597325598
1460,RWPE2,H3K27ac,TcMar-Tigger,0.00121028446567238,0.7032471026441838,-0.005016679950914847,0.0074371550257687
1461,RWPE2,H3K27ac,hAT-Tip100,-0.00292456513713758,0.5000606224478302,-0.011423693455063522,0.005574985718398633
1462,RWPE2,H3K27ac,CR1,0.002346271164957384,0.6189915334641567,-0.00690121025181929,0.011593351309898392
1463,RWPE2,H3K27ac,Gypsy,0.017603881082220274,0.02748494690331848,0.001952296583474472,0.0332468427411162
1464,RWPE2,H3K27ac,hAT-Blackjack,0.007839456953140716,0.3364738118278423,-0.008146975844609931,0.02382188351100504
1465,RWPE2,H3K27ac,TcMar-Mariner,0.005167891784336501,0.5303288114872526,-0.010973648264279497,0.02130673922893242
1466,RWPE2,H3K27ac,RTE-X,0.0013636785369526188,0.8946236193628181,-0.018813133908113965,0.0215393807237305
1467,RWPE2,H3K27ac,ERVK,-0.0048689167512169056,0.6760043142721541,-0.02769709637840666,0.017964338760786625
1468,RWPE2,H3K27ac,TcMar-Tc2,0.02423037445942752,0.05022054134366541,-2.661123959972976e-05,0.04845886255612442
1469,RWPE2,H3K27ac,SVA,-0.0013927038782856123,0.9222154692254878,-0.029341021414236678,0.026557789536816465
1470,RWPE2,H3K27ac,RTE-BovB,-0.012598221066193255,0.39316987104112133,-0.041496297603486186,0.016320915667489423
1471,RWPE2,H3K27ac,tRNA-RTE,-0.017035456069964504,0.28931036681654165,-0.04851536889702041,0.014478266591504835
1472,RWPE2,H3K27ac,hAT-Ac,0.005273948859554312,0.7710493017412449,-0.030241344706528502,0.04077594259405027
1473,RWPE2,H3K27ac,hAT,-0.003862925852901814,0.8412488237330162,-0.04164261617289142,0.03392779499805621
1474,RWPE2,H3K27ac,MULE-MuDR,-0.019085433714038563,0.35941390276531804,-0.05984360124305253,0.021736266321357042
1475,RWPE2,H3K27ac,PiggyBac,-0.008077605775286227,0.7118816120023903,-0.05090655673180005,0.03478100144786433
1476,RWPE2,H3K27ac,5S-Deu-L2,0.01056079837170385,0.6470550483407951,-0.0346414282837311,0.05571990486793222
1477,RWPE2,H3K27ac,Helitron,-0.01745679756167638,0.4727478733426015,-0.06503273051534392,0.030198316900022344
1478,RWPE2,H3K27ac,hAT-Tag1,-0.006155438821300214,0.8006639165897197,-0.0538934871506734,0.04161068259098826
1479,RWPE2,H3K27ac,tRNA,0.006407937690074899,0.803834491493803,-0.04413614993852439,0.05691930439235021
1480,RWPE2,H3K27ac,Penelope,0.020531292860977626,0.5985310457078168,-0.0558810812882236,0.09670455815051726
1481,RWPE2,H3K27ac,TcMar-Tc1,0.05615606995647448,0.15174742070021366,-0.020718519092458986,0.13237054539456808
1482,RWPE2,H3K27ac,Dong-R4,0.04243188900807346,0.3812122050317165,-0.052609003470554465,0.1367109990090278
1483,RWPE2,H3K27ac,tRNA-Deu,-0.03300656455723849,0.5014735215010538,-0.12865479725553414,0.06325009932900832
1484,RWPE2,H3K27ac,Kolobok,0.02783514183112719,0.6016954449136778,-0.07664246715046248,0.13170812610840707
1485,RWPE2,H3K27ac,PIF-Harbinger,-0.04893068457935849,0.3627955206597915,-0.1533348875680922,0.05655385508937888
1486,RWPE2,H3K27ac,Crypton,0.04073738115914891,0.4948855026985496,-0.07627048648914829,0.15663850490212783
1487,RWPE2,H3K27ac,Merlin,-0.03333968867804643,0.6301299112212708,-0.1676899850256656,0.10222641365265586
1488,RWPE2,H3K27ac,TcMar,-0.07210586679796298,0.30783035011709986,-0.2082581798803065,0.06678784435189962
1489,RWPE2,H3K27ac,L1-Tx1,0.023471017683865694,0.7854362872922704,-0.14483735346657953,0.1904593307999216
1490,RWPE2,H3K27ac,Crypton-A,0.09291711207871486,0.29116109991246936,-0.0802526257477861,0.26064230239752423
1491,RWPE2,H3K27ac,I-Jockey,0.03234176628672042,0.7384908624312293,-0.1567618793361928,0.2191579044080204
1492,RWPE2,H3K27ac,hAT-Tip100?,0.021749084249084248,0.86455123411712,-0.22529265898326015,0.2661631444305875
1493,RWPE2,H3K27ac,TcMar-Pogo,-0.13269794721407624,0.4690664701270638,-0.4613618556683072,0.22799139639072552
1494,RWPE2,H3K27ac,hAT?,0.1893048128342246,0.28359783759279583,-0.1621010079957591,0.4980997964156937
1495,RWPE2,H3K27ac,hAT-hAT19,0.1411764705882353,0.6020026838819791,-0.38351326982565126,0.5969684892475311
1496,RWPE2,H3K36me3,Alu,0.0026831015732419294,0.004752764332264065,0.0008204836169352268,0.004545700912387139
1497,RWPE2,H3K36me3,L1,-0.0011448822025456435,0.4050707677330123,-0.003839954349448061,0.001550206575987764
1498,RWPE2,H3K36me3,MIR,0.0012698799108865487,0.3612066167046778,-0.0014560065471298262,0.0039957474974270405
1499,RWPE2,H3K36me3,L2,0.0013900965459739778,0.40617747559925754,-0.0018899569957864194,0.004670120176543475
1500,RWPE2,H3K36me3,ERVL-MaLR,0.0011073413849881624,0.5802520499080077,-0.002817221467361256,0.005031870126619487
1501,RWPE2,H3K36me3,hAT-Charlie,0.0014399768967995308,0.4989933537728939,-0.0027345685925923113,0.0056144721982253985
1502,RWPE2,H3K36me3,ERV1,-0.0024947699923024806,0.4137775266026664,-0.008477565854028767,0.0034882044706943285
1503,RWPE2,H3K36me3,ERVL,-0.0028200480516780424,0.36625916699430694,-0.008937373354449402,0.00329748832186304
1504,RWPE2,H3K36me3,TcMar-Tigger,-0.0011023036450150626,0.728464445642601,-0.007325317763495346,0.005120795850152126
1505,RWPE2,H3K36me3,hAT-Tip100,0.002086942898388457,0.6301329678511742,-0.006407304435554384,0.010580889086496102
1506,RWPE2,H3K36me3,CR1,0.005191557320897081,0.27102315523005766,-0.004052829394436087,0.014435056770149916
1507,RWPE2,H3K36me3,Gypsy,0.0025910027332746713,0.7455186320823839,-0.013055475384292173,0.018236212326617453
1508,RWPE2,H3K36me3,hAT-Blackjack,0.004010168536393815,0.6224739571258415,-0.01195354451658681,0.01997183791439193
1509,RWPE2,H3K36me3,TcMar-Mariner,0.0022089880177148576,0.7879343438235926,-0.013885721821112793,0.018302553501209406
1510,RWPE2,H3K36me3,RTE-X,-0.005205539828773622,0.6131014228713395,-0.025378227633203788,0.014971385637470788
1511,RWPE2,H3K36me3,ERVK,0.0001704589356360513,0.9883113688593752,-0.022631377963096132,0.022972118584437432
1512,RWPE2,H3K36me3,TcMar-Tc2,-0.013089399169317078,0.29002701405103726,-0.037322725248938336,0.011159312913766402
1513,RWPE2,H3K36me3,SVA,0.004678956378291099,0.7428261559049691,-0.023268002968815177,0.03261860864207362
1514,RWPE2,H3K36me3,RTE-BovB,-0.017101011374279326,0.24641052237967806,-0.045992427663356615,0.011818990426102521
1515,RWPE2,H3K36me3,tRNA-RTE,0.004511276717955088,0.7788020658465434,-0.026963872554386828,0.03597748983762944
1516,RWPE2,H3K36me3,hAT-Ac,-0.008967684635332904,0.6206699785789451,-0.04445779988588389,0.026545037286543834
1517,RWPE2,H3K36me3,hAT,-0.01227832403578168,0.5240351377805981,-0.05001412984529457,0.02549248793697529
1518,RWPE2,H3K36me3,MULE-MuDR,-0.04745088834524834,0.022627382145940275,-0.08810421455451016,-0.006639754489410474
1519,RWPE2,H3K36me3,PiggyBac,0.0017274569129665676,0.9370012262395997,-0.04109080569280737,0.04453938618526316
1520,RWPE2,H3K36me3,5S-Deu-L2,-0.012723194047136595,0.5810121198489671,-0.05785221934477946,0.03245772409313409
1521,RWPE2,H3K36me3,Helitron,0.01767157046119763,0.4671859658819427,-0.029969686895586337,0.06523271973439673
1522,RWPE2,H3K36me3,hAT-Tag1,0.018835362803363523,0.4397219058393145,-0.02894834440459179,0.06653318122920192
1523,RWPE2,H3K36me3,tRNA,-0.026815679137414217,0.29851700647807733,-0.07724933554251602,0.023754860181627046
1524,RWPE2,H3K36me3,Penelope,0.0014470033816886155,0.9703797993046532,-0.07482029934485097,0.07769747621427073
1525,RWPE2,H3K36me3,TcMar-Tc1,0.0346454171591571,0.37675373632009557,-0.04221478505724887,0.11109796615096496
1526,RWPE2,H3K36me3,Dong-R4,-0.0034457700830494513,0.9433353753405579,-0.09820078189178867,0.09137115867100035
1527,RWPE2,H3K36me3,tRNA-Deu,-0.011261091218592511,0.818440386280614,-0.10706355302440175,0.0847485550043721
1528,RWPE2,H3K36me3,Kolobok,-0.06917209740236833,0.19351065851886795,-0.17214279375198813,0.03529391360970641
1529,RWPE2,H3K36me3,PIF-Harbinger,-0.0353674988258761,0.5101815133645522,-0.1398607236851937,0.06990480266039421
1530,RWPE2,H3K36me3,Crypton,0.0023032572141780047,0.9692289612561382,-0.11432511725527623,0.11886900636889713
1531,RWPE2,H3K36me3,Merlin,-0.09655807357566429,0.16125292143115197,-0.2286353098701049,0.03900952565458966
1532,RWPE2,H3K36me3,TcMar,-0.017329757067580172,0.8061430522094859,-0.15468062706440044,0.12067829963991887
1533,RWPE2,H3K36me3,L1-Tx1,0.031253463893419486,0.7169416574228502,-0.13722164719479482,0.19797117722657737
1534,RWPE2,H3K36me3,Crypton-A,-0.03320908619106545,0.7065033122983345,-0.20362075358757456,0.1391556333879195
1535,RWPE2,H3K36me3,I-Jockey,0.07274580669076082,0.45221389641972143,-0.11720453862281413,0.25756138213000607
1536,RWPE2,H3K36me3,hAT-Tip100?,-0.06831501831501831,0.5916987421468904,-0.30920116222591176,0.1808088040206516
1537,RWPE2,H3K36me3,TcMar-Pogo,0.11510263929618768,0.5304600351755813,-0.24449055881481807,0.44686382691268217
1538,RWPE2,H3K36me3,hAT?,-0.03896103896103896,0.8268328554271035,-0.3723376492185802,0.3033206773560605
1539,RWPE2,H3K36me3,hAT-hAT19,0.0588235294117647,0.8286807500332258,-0.4503782872629288,0.5391508970621227
1540,22Rv1,CTCF,Alu,0.0010043404898113326,0.29027215099334885,-0.0008570551777403383,0.0028657291977165376
1541,22Rv1,CTCF,L1,0.0009917398651395676,0.4707545970034426,-0.0017032618360293182,0.0036867271602902363
1542,22Rv1,CTCF,MIR,-0.0014337848728905418,0.302379566717893,-0.004158527977561054,0.0012909795214730388
1543,22Rv1,CTCF,L2,0.0014686486800054345,0.3801617805247458,-0.0018113270727128812,0.004748592832807326
1544,22Rv1,CTCF,ERVL-MaLR,-0.0012217958224321538,0.5415871146434865,-0.005144788746668869,0.0027012347087874682
1545,22Rv1,CTCF,hAT-Charlie,-0.0005450419156011035,0.7979624380916337,-0.004718157701963527,0.003628092854549179
1546,22Rv1,CTCF,ERV1,-0.0007258501291432249,0.8119851965281829,-0.006706617530404659,0.005254969199303064
1547,22Rv1,CTCF,ERVL,-0.001955678821122139,0.5307746867066411,-0.008070583731694586,0.004159372347235549
1548,22Rv1,CTCF,TcMar-Tigger,-0.003228823872180205,0.30906193218667594,-0.009450019555955971,0.00299262175636392
1549,22Rv1,CTCF,hAT-Tip100,-0.006470890053659532,0.1353259724861846,-0.01496244714288028,0.002021600364219175
1550,22Rv1,CTCF,CR1,-0.003727069865608607,0.4293809479309457,-0.012970270995148676,0.005516768174262313
1551,22Rv1,CTCF,Gypsy,0.00670202330587889,0.4011345569663184,-0.008943517355731387,0.02234428342613841
1552,22Rv1,CTCF,hAT-Blackjack,-0.007939142104409037,0.32941814125151914,-0.02389025846106178,0.008016015571210646
1553,22Rv1,CTCF,TcMar-Mariner,0.0011158140306487805,0.8918474357247195,-0.014967815047591159,0.017198865844370338
1554,22Rv1,CTCF,RTE-X,-0.003139966289867696,0.7603492019011117,-0.023312686915978403,0.017035310232564962
1555,22Rv1,CTCF,ERVK,6.846553160521553e-05,0.9953022131428075,-0.022719443991140367,0.022856303947802054
1556,22Rv1,CTCF,TcMar-Tc2,-0.018006556978630035,0.14541380030781967,-0.04222865871583355,0.006236699332811757
1557,22Rv1,CTCF,SVA,-0.011871526529419026,0.40430544297778537,-0.03975495087674731,0.016030372528558476
1558,22Rv1,CTCF,RTE-BovB,-0.040923019571886696,0.005509303848356224,-0.06975518424591372,-0.012022541188414842
1559,22Rv1,CTCF,tRNA-RTE,-0.022245275114349487,0.16577405693867436,-0.05366655259606658,0.009220011039547763
1560,22Rv1,CTCF,hAT-Ac,-0.03893528235295578,0.03165077121554246,-0.07436107590701073,-0.0034113427307849472
1561,22Rv1,CTCF,hAT,0.009904766333412581,0.6072771222222059,-0.02786415125022535,0.04764544415241622
1562,22Rv1,CTCF,MULE-MuDR,0.007142521546375028,0.7315748633866408,-0.033660028709279005,0.047921302017046266
1563,22Rv1,CTCF,PiggyBac,-0.011722287376697296,0.5915264821303301,-0.05449119391062861,0.0310895524383196
1564,22Rv1,CTCF,5S-Deu-L2,0.01833355264421679,0.42618875312964954,-0.02682892351304488,0.06342133934706246
1565,22Rv1,CTCF,Helitron,0.03443681411088275,0.15643877127813105,-0.013211274059968064,0.08192886273561574
1566,22Rv1,CTCF,hAT-Tag1,-0.03655760859143992,0.1336061198195831,-0.0841799689160951,0.011231371783208582
1567,22Rv1,CTCF,tRNA,0.02673628586598038,0.2997896206778186,-0.02381739166349337,0.0771535761108131
1568,22Rv1,CTCF,Penelope,-0.030296846557450834,0.43748220126360093,-0.10644266188778401,0.04620225656390981
1569,22Rv1,CTCF,TcMar-Tc1,0.034738456797795636,0.374739836774325,-0.0420040972940405,0.11107351315126503
1570,22Rv1,CTCF,Dong-R4,0.01831999308490743,0.7054823874467695,-0.07660775790882367,0.11291860530893011
1571,22Rv1,CTCF,tRNA-Deu,0.006932265777662236,0.8876267982252726,-0.08904316940100743,0.10278015440742841
1572,22Rv1,CTCF,Kolobok,0.013651221215626331,0.7977087546626311,-0.09057035367766965,0.1175770197607192
1573,22Rv1,CTCF,PIF-Harbinger,0.08945249134328187,0.09522415190740312,-0.015885316950641746,0.19282645566974982
1574,22Rv1,CTCF,Crypton,0.02110840398348422,0.7236641098644703,-0.09573763818868027,0.13738063504287948
1575,22Rv1,CTCF,Merlin,0.009784776479917249,0.8873726077750946,-0.12513238217779202,0.14434662172045556
1576,22Rv1,CTCF,TcMar,0.07381410660079231,0.2952733598688581,-0.06473975175286288,0.20957581955875626
1577,22Rv1,CTCF,L1-Tx1,0.1821069077364795,0.0331865516183504,0.013447117671384165,0.3406910182612893
1578,22Rv1,CTCF,Crypton-A,0.0545112656550498,0.5363180542522044,-0.1182454956352855,0.22406506876599905
1579,22Rv1,CTCF,I-Jockey,0.0979612640163099,0.3108718093630209,-0.09228492970292629,0.2813072900113573
1580,22Rv1,CTCF,hAT-Tip100?,-0.035210622710622703,0.7823799866065847,-0.27868025141181957,0.2125115831328665
1581,22Rv1,CTCF,TcMar-Pogo,-0.20124633431085046,0.2693868830667172,-0.516572894295917,0.16214770992525795
1582,22Rv1,CTCF,hAT?,-0.15569136745607332,0.37926508955402105,-0.47081325166428306,0.19466248372030936
1583,22Rv1,CTCF,hAT-hAT19,0.25,0.3503914791072017,-0.288208840877694,0.668174158635457
1584,22Rv1,H3K27ac,Alu,0.0007888276353844226,0.4063638131852785,-0.0010732178917273142,0.0026508676924411004
1585,22Rv1,H3K27ac,L1,-0.0017325042865706753,0.20773198161659157,-0.004427810832393956,0.000962827431732643
1586,22Rv1,H3K27ac,MIR,-0.001417074344048422,0.3081007122392019,-0.0041421073481527956,0.0013079797060958954
1587,22Rv1,H3K27ac,L2,-0.0007587326576804325,0.650284870378002,-0.004038816944124963,0.002521367955192655
1588,22Rv1,H3K27ac,ERVL-MaLR,0.00026650903584043506,0.8940919391369118,-0.0036571240766929765,0.004190133942632218
1589,22Rv1,H3K27ac,hAT-Charlie,0.0016412939692414558,0.44086903285128076,-0.002532533634044697,0.005815064387728086
1590,22Rv1,H3K27ac,ERV1,-0.0024921777963974327,0.4141498085607589,-0.008473524895329085,0.003489347631821625
1591,22Rv1,H3K27ac,ERVL,0.003763543006472962,0.2277548178018752,-0.0023520939212787356,0.009878898422538945
1592,22Rv1,H3K27ac,TcMar-Tigger,-0.0016618179675994228,0.6006497086666915,-0.007883862396066083,0.004560355134582945
1593,22Rv1,H3K27ac,hAT-Tip100,0.0025052949315554018,0.5631800565922053,-0.005988172748583271,0.010998401165899379
1594,22Rv1,H3K27ac,CR1,0.007509552603581034,0.11134416957900188,-0.0017348280763585817,0.01675264987801998
1595,22Rv1,H3K27ac,Gypsy,0.01315394941416874,0.09938084887956132,-0.0024921657766527076,0.028793625943339375
1596,22Rv1,H3K27ac,hAT-Blackjack,-0.0009111355278857188,0.910895987223149,-0.016867427942813356,0.015045620857083108
1597,22Rv1,H3K27ac,TcMar-Mariner,-0.008338998019926208,0.3096828826368919,-0.02442369029133091,0.0077500105960663255
1598,22Rv1,H3K27ac,RTE-X,-0.004098356998120521,0.6905240983650065,-0.024269514219962787,0.01607613587404758
1599,22Rv1,H3K27ac,ERVK,-0.0027262075583392715,0.8147492433048313,-0.02552641189740855,0.020076831588490687
1600,22Rv1,H3K27ac,TcMar-Tc2,-0.00020972120281289756,0.9864750846737566,-0.02445372973463521,0.024034533868007843
1601,22Rv1,H3K27ac,SVA,6.81053031064296e-05,0.9961847695667746,-0.027841693306236866,0.027977797810666696
1602,22Rv1,H3K27ac,RTE-BovB,-0.00011411545202689,0.9938283780311689,-0.0290229198944834,0.02879487972858761
1603,22Rv1,H3K27ac,tRNA-RTE,-0.01872026165222462,0.243571786126605,-0.050152474381315655,0.012748998296457642
1604,22Rv1,H3K27ac,hAT-Ac,0.000258824445288635,0.9886075466422353,-0.03525671282932532,0.03577370879368075
1605,22Rv1,H3K27ac,hAT,-0.01793785448176445,0.35183776195304184,-0.05565376566208412,0.019829175150050195
1606,22Rv1,H3K27ac,MULE-MuDR,-0.007274586769145374,0.7268652714592501,-0.048061921616777865,0.03353696783506854
1607,22Rv1,H3K27ac,PiggyBac,0.003727961404046475,0.8645277708705883,-0.03908340344429953,0.046525665111193444
1608,22Rv1,H3K27ac,5S-Deu-L2,-0.016865683259971186,0.46416181111304156,-0.0619582045976101,0.0282955493190433
1609,22Rv1,H3K27ac,Helitron,0.011715929322388142,0.6297988838139876,-0.03591806660701003,0.05929681041508852
1610,22Rv1,H3K27ac,hAT-Tag1,0.02312575982904795,0.34277017172520385,-0.024661291092167286,0.07080736733887742
1611,22Rv1,H3K27ac,tRNA,0.020790320245467127,0.4201092874088901,-0.02975887903212865,0.0712334488733268
1612,22Rv1,H3K27ac,Penelope,-0.025784128599013904,0.5084452390144515,-0.1019129838170214,0.05064497407641658
1613,22Rv1,H3K27ac,TcMar-Tc1,0.027052781298135473,0.4894618562050286,-0.0496718602311652,0.10346000656767351
1614,22Rv1,H3K27ac,Dong-R4,0.016327039136016262,0.7362593506632067,-0.07858767495728665,0.11094841004938656
1615,22Rv1,H3K27ac,tRNA-Deu,-0.012029143086945528,0.8062947520655741,-0.10782326667664204,0.08398629377745077
1616,22Rv1,H3K27ac,Kolobok,0.018159963870020633,0.7331176498320867,-0.08609937746580475,0.12202586729726211
1617,22Rv1,H3K27ac,PIF-Harbinger,0.07943327029842505,0.1386190557469973,-0.025927611778308626,0.18304879015104536
1618,22Rv1,H3K27ac,Crypton,0.006154770254701628,0.9178979092868342,-0.11052315822143284,0.12266535386932742
1619,22Rv1,H3K27ac,Merlin,0.08557869541069084,0.2146221859840527,-0.04999129859892834,0.21805212327847226
1620,22Rv1,H3K27ac,TcMar,0.05562291837398182,0.43056731572530826,-0.08282695879830873,0.19196632097713415
1621,22Rv1,H3K27ac,L1-Tx1,0.07443612269635592,0.3873299675506777,-0.09469086880768636,0.23938679434588248
1622,22Rv1,H3K27ac,Crypton-A,-0.0013479013443568602,0.9878091307213952,-0.17283351348732034,0.1702170239277899
1623,22Rv1,H3K27ac,I-Jockey,0.10583819849874897,0.2733748096180612,-0.08446311637805501,0.2886903648546569
1624,22Rv1,H3K27ac,hAT-Tip100?,0.04377289377289377,0.7312629517930618,-0.20434906489195614,0.2866098145240558
1625,22Rv1,H3K27ac,TcMar-Pogo,-0.1502932551319648,0.4116232468252985,-0.4757265214517724,0.21133200895599097
1626,22Rv1,H3K27ac,hAT?,0.1981665393430099,0.26124002359206283,-0.15341476853771704,0.5052139972415125
1627,22Rv1,H3K27ac,hAT-hAT19,-0.03529411764705882,0.8967532476935333,-0.521992247339007,0.4687418466013702
1628,RWPE1,CTCF,Alu,-0.0002041758395450878,0.8300504714098841,-0.0020686123627728786,0.0016602621031647311
1629,RWPE1,CTCF,L1,3.856474061109184e-05,0.97766034527966,-0.0026606942261053696,0.0027378231453623484
1630,RWPE1,CTCF,MIR,-0.0008318616562420858,0.5497371524651422,-0.0035575999390397833,0.0018938889875007756
1631,RWPE1,CTCF,L2,-0.0013678045095117434,0.41391044130014076,-0.004648982013172169,0.0019134024463790156
1632,RWPE1,CTCF,ERVL-MaLR,0.0008754101982062153,0.662263117336332,-0.0030527193508730756,0.004803512731938648
1633,RWPE1,CTCF,hAT-Charlie,0.0014388249940329681,0.49952465097999466,-0.002737549186905584,0.005615148983208229
1634,RWPE1,CTCF,ERV1,-0.002789078631785018,0.36260825589234347,-0.008793351404817455,0.003215395249321225
1635,RWPE1,CTCF,ERVL,-0.006010916132839012,0.054285919036663174,-0.012132048910555544,0.00011066713151910633
1636,RWPE1,CTCF,TcMar-Tigger,-1.0930178466394773e-05,0.9972549957641451,-0.0062377598059556805,0.006215900296623528
1637,RWPE1,CTCF,hAT-Tip100,0.00033888195525958413,0.9376859784886553,-0.008156862090739304,0.008834577082116768
1638,RWPE1,CTCF,CR1,0.00392243478854863,0.40595822561367056,-0.00532861454342052,0.013172812779958788
1639,RWPE1,CTCF,Gypsy,0.0070514046020135526,0.37722074807278694,-0.008600150178236949,0.022699505191331112
1640,RWPE1,CTCF,hAT-Blackjack,-0.004691316187125755,0.5648383169497606,-0.020661217270052674,0.011280978232453257
1641,RWPE1,CTCF,TcMar-Mariner,0.004989381812885333,0.5438110675141556,-0.01111939084227667,0.021095565404892457
1642,RWPE1,CTCF,RTE-X,-0.009795240696605768,0.3415050581121778,-0.029971432448111634,0.010388929842108824
1643,RWPE1,CTCF,ERVK,0.0015765534959885986,0.8929907292859768,-0.02139132797230257,0.024542771742310815
1644,RWPE1,CTCF,TcMar-Tc2,0.0024239142843429876,0.8446685201289602,-0.021821536272697943,0.026666515402934715
1645,RWPE1,CTCF,SVA,-0.004187507890663807,0.7686835265869485,-0.03208514180671724,0.02371664575335309
1646,RWPE1,CTCF,RTE-BovB,-0.03708289528565145,0.011940504414048295,-0.06593729389633794,-0.008166530172465204
1647,RWPE1,CTCF,tRNA-RTE,0.012845692809443775,0.423811800432086,-0.01863429920017567,0.04430024129481661
1648,RWPE1,CTCF,hAT-Ac,-0.028955148366264945,0.11039561117373417,-0.06444065742381874,0.006603494176238825
1649,RWPE1,CTCF,hAT,0.020616915483972934,0.2846593077271495,-0.017158022299700076,0.058333081382584584
1650,RWPE1,CTCF,MULE-MuDR,0.005638842088644943,0.7866248975944047,-0.03517948229075972,0.04643838436577346
1651,RWPE1,CTCF,PiggyBac,0.007122389836946853,0.7446861943349871,-0.035734929619484074,0.049953559834261724
1652,RWPE1,CTCF,5S-Deu-L2,0.043206654878388484,0.06072163734227088,-0.001966679996706127,0.0882040105730864
1653,RWPE1,CTCF,Helitron,0.00857702200860094,0.7245023071873045,-0.03910846523390316,0.056223531589029714
1654,RWPE1,CTCF,hAT-Tag1,0.0006215742346000764,0.9796714977718156,-0.047161642489439215,0.04840195272504831
1655,RWPE1,CTCF,tRNA,-0.03506518208281676,0.1739508196345836,-0.08545850100818742,0.015507084409006182
1656,RWPE1,CTCF,Penelope,-0.009381324427544456,0.8103228195889206,-0.08581237295927387,0.06715949704799218
1657,RWPE1,CTCF,TcMar-Tc1,-0.058012577327804224,0.1383428455217639,-0.13414597777931292,0.01880164434360705
1658,RWPE1,CTCF,Dong-R4,0.01662748983885578,0.731591015096778,-0.07828922558079403,0.11124546543012027
1659,RWPE1,CTCF,tRNA-Deu,0.07592088794654867,0.12119060320693302,-0.02027934364555324,0.17072821990403944
1660,RWPE1,CTCF,Kolobok,0.09660559668952487,0.06945583472908885,-0.007950951093707534,0.19907265619962217
1661,RWPE1,CTCF,PIF-Harbinger,-0.08259883205790272,0.123518802764216,-0.1861397167825322,0.02275650460942557
1662,RWPE1,CTCF,Crypton,0.05409577002009211,0.36458238577477686,-0.06298379702516169,0.16970659453510678
1663,RWPE1,CTCF,Merlin,0.005460487950162113,0.9371538617306753,-0.12970473565055807,0.14042647743430156
1664,RWPE1,CTCF,TcMar,-0.0846576671880063,0.22979201896010606,-0.2200410651426841,0.05392532871675333
1665,RWPE1,CTCF,L1-Tx1,-0.014979167082196649,0.862077701385283,-0.18224601435157453,0.15313027171143712
1666,RWPE1,CTCF,Crypton-A,0.013236124290427068,0.8807259634862341,-0.15865695425895154,0.1843504285048702
1667,RWPE1,CTCF,I-Jockey,-0.02650356778797146,0.7844202156587559,-0.2135726140879416,0.16244036243880025
1668,RWPE1,CTCF,hAT-Tip100?,-0.08855311355311354,0.4865345268024325,-0.3276780986215005,0.16123410040179995
1669,RWPE1,CTCF,TcMar-Pogo,0.06451612903225806,0.7257354418135833,-0.2910644432626185,0.40443554778449736
1670,RWPE1,CTCF,hAT?,-0.13919022154316268,0.4324027223688198,-0.4572434632845043,0.21042988968112855
1671,RWPE1,CTCF,hAT-hAT19,-0.15882352941176472,0.5568612810855389,-0.6089136522221239,0.36862760305346826
1672,RWPE1,H3K27ac,Alu,-0.0010827568989651907,0.2548768311198037,-0.0029466137465707326,0.0007811074715929335
1673,RWPE1,H3K27ac,L1,0.0024206733103931885,0.07877349492551756,-0.0002783326471538791,0.0051196440007603055
1674,RWPE1,H3K27ac,MIR,-0.0006370202854919782,0.6470029558169657,-0.0033634910376770764,0.0020894599374923313
1675,RWPE1,H3K27ac,L2,0.0018991465319671834,0.256610914278867,-0.0013820066973473974,0.005180258869347966
1676,RWPE1,H3K27ac,ERVL-MaLR,0.002433719382920837,0.2245904660965464,-0.0014941192633118733,0.006361482935705934
1677,RWPE1,H3K27ac,hAT-Charlie,-0.0008798548248276656,0.6796922284977291,-0.005056505537465157,0.0032968265851578836
1678,RWPE1,H3K27ac,ERV1,0.00035107752943914545,0.9087463567555624,-0.005652188028538498,0.006354317782415592
1679,RWPE1,H3K27ac,ERVL,-0.002344198005909233,0.4529020708938165,-0.008465310290133912,0.0037770899492171332
1680,RWPE1,H3K27ac,TcMar-Tigger,0.004081034723274497,0.19906539008677837,-0.002147447689295033,0.010309200507400855
1681,RWPE1,H3K27ac,hAT-Tip100,0.0006026467436661176,0.8894249131773415,-0.007892875326179983,0.009098081823645479
1682,RWPE1,H3K27ac,CR1,-0.0005578058809527122,0.9059267246668918,-0.009808679427851075,0.008693163139521884
1683,RWPE1,H3K27ac,Gypsy,0.016356643070316982,0.04050699052270664,0.0007063640106714869,0.031998911582435195
1684,RWPE1,H3K27ac,hAT-Blackjack,0.0151823995007757,0.06269765859587854,-0.0008054785624796058,0.031162517928013857
1685,RWPE1,H3K27ac,TcMar-Mariner,-0.0004100937590654823,0.9603627382391011,-0.016581788310632735,0.015761815293861222
1686,RWPE1,H3K27ac,RTE-X,-0.022452214552336387,0.02922817460776523,-0.04261814534058197,-0.0022679969371303572
1687,RWPE1,H3K27ac,ERVK,0.01178007705620919,0.31477699179838387,-0.011189262533516724,0.034736991530759334
1688,RWPE1,H3K27ac,TcMar-Tc2,0.004793730394129552,0.698708521260206,-0.01947881664317567,0.029060630100639816
1689,RWPE1,H3K27ac,SVA,0.0004979338195615436,0.9721058753393977,-0.0274065366689008,0.028401628887608613
1690,RWPE1,H3K27ac,RTE-BovB,0.008394674507281565,0.569592051391215,-0.020538608833074158,0.03731390873248681
1691,RWPE1,H3K27ac,tRNA-RTE,0.012183362794637859,0.44821907812343664,-0.019304486871061694,0.04364706816630483
1692,RWPE1,H3K27ac,hAT-Ac,0.014835155731544727,0.41347298466686255,-0.02072212754742033,0.050354957524436174
1693,RWPE1,H3K27ac,hAT,0.0114516161406277,0.5525019783394792,-0.02633260328293492,0.04920316181830711
1694,RWPE1,H3K27ac,MULE-MuDR,0.05547111388431952,0.007713127671089413,0.014654212943269133,0.09610345077426473
1695,RWPE1,H3K27ac,PiggyBac,0.0133460702575343,0.5417054711961069,-0.029518587013644224,0.05616173128638799
1696,RWPE1,H3K27ac,5S-Deu-L2,-0.028635008756431456,0.21399150200635847,-0.0736974120517789,0.01654408502076483
1697,RWPE1,H3K27ac,Helitron,0.0030024242110501006,0.9019267448115735,-0.04472920848590861,0.05072037980610146
1698,RWPE1,H3K27ac,hAT-Tag1,-0.01285738547941669,0.5981267869867692,-0.06060393506666914,0.0349478687013144
1699,RWPE1,H3K27ac,tRNA,-0.025416479254471935,0.32428867873543765,-0.0758397351548781,0.025136435780666315
1700,RWPE1,H3K27ac,Penelope,0.04121050973141986,0.2915420258555835,-0.03542449746805725,0.11736368961319123
1701,RWPE1,H3K27ac,TcMar-Tc1,-0.026291153794780815,0.502431211172176,-0.1028219372516465,0.05054906126796804
1702,RWPE1,H3K27ac,Dong-R4,0.08894343326771899,0.06601237217313725,-0.006080890254486527,0.18237582132574903
1703,RWPE1,H3K27ac,tRNA-Deu,0.005533358171039585,0.9101955677000493,-0.09043044987960014,0.10139535725473661
1704,RWPE1,H3K27ac,Kolobok,0.05621589307205689,0.29152177195361817,-0.04838472280257012,0.1595968496227251
1705,RWPE1,H3K27ac,PIF-Harbinger,0.027753325572508994,0.6053555534554637,-0.07747259255845511,0.13236774723770814
1706,RWPE1,H3K27ac,Crypton,0.08001280749210417,0.17952493063985317,-0.03711629682350126,0.1949732488447596
1707,RWPE1,H3K27ac,Merlin,0.02650285252653399,0.7025818765960525,-0.10930333548471098,0.16133774892936872
1708,RWPE1,H3K27ac,TcMar,0.01799107224560711,0.7988999378917395,-0.1200271576543059,0.15532704452145757
1709,RWPE1,H3K27ac,L1-Tx1,-0.04597127146273157,0.5937346623024702,-0.21213722892787948,0.1227782541225206
1710,RWPE1,H3K27ac,Crypton-A,0.08495515225650396,0.33465375571027056,-0.08816037850624392,0.2530892156235829
1711,RWPE1,H3K27ac,I-Jockey,-0.0026966916875173757,0.977797939176941,-0.19070201325572994,0.18549945930039374
1712,RWPE1,H3K27ac,hAT-Tip100?,-0.09471153846153846,0.45297645986435475,-0.33146174737080514,0.15325984023510236
1713,RWPE1,H3K27ac,TcMar-Pogo,0.11803519061583577,0.5199660618064565,-0.2417516682800082,0.44928943799266086
1714,RWPE1,H3K27ac,hAT?,-0.08846447669977081,0.6188258622943947,-0.4148077994497313,0.2580439064718068
1715,RWPE1,H3K27ac,hAT-hAT19,-0.1411764705882353,0.6020026838819791,-0.5969684892475311,0.38351326982565126
