,cell_line,modification,family_name,r,p_value,ci_low,ci_high
0,Caco-2,H3K4me1,Alu,0.0009017626619382475,0.34404702873740434,-0.0009661559232670115,0.0027696749544435973
1,Caco-2,H3K4me1,L1,-0.0006732627253698322,0.6253156225291996,-0.0033754590463201655,0.0020289434277677354
2,Caco-2,H3K4me1,MIR,0.0003780450477935595,0.785879691274045,-0.0023494103834463486,0.003105494854480114
3,Caco-2,H3K4me1,L2,-0.0011368210733515135,0.4972881369274138,-0.004419428790565041,0.0021458111437380064
4,Caco-2,H3K4me1,ERVL-MaLR,-0.0036127684871514153,0.07187373189712441,-0.007546682967903417,0.00032125781835945586
5,Caco-2,H3K4me1,hAT-Charlie,-0.0038940537052448323,0.06792403208339423,-0.0080747950477448,0.00028682376895180085
6,Caco-2,H3K4me1,ERV1,-0.004844359418448799,0.11486085246716539,-0.010865918366016915,0.001177550862785885
7,Caco-2,H3K4me1,ERVL,-0.0003009115664688572,0.923333909390365,-0.006429332493553767,0.005827531963699693
8,Caco-2,H3K4me1,TcMar-Tigger,-0.0008101238009710715,0.798913579798776,-0.0070427726018945395,0.0054225879406235725
9,Caco-2,H3K4me1,hAT-Tip100,-0.005025869002389629,0.24654221649734126,-0.013525937918221046,0.003474926243693617
10,Caco-2,H3K4me1,CR1,0.006933951061371109,0.14193687095700888,-0.002320015952339192,0.016186730580026426
11,Caco-2,H3K4me1,Gypsy,0.002590477889811613,0.7457641638836132,-0.013068478840962886,0.018248164329602252
12,Caco-2,H3K4me1,hAT-Blackjack,-0.005041412130736779,0.5367152318939047,-0.021032964875239337,0.010952719573363925
13,Caco-2,H3K4me1,TcMar-Mariner,-0.00010897352430139504,0.9894270609713626,-0.01622543455279153,0.016007544114023553
14,Caco-2,H3K4me1,RTE-X,0.012867768066403279,0.2116695525210869,-0.0073262398591734815,0.03305128480812772
15,Caco-2,H3K4me1,ERVK,-0.010649637270255306,0.3659170057815808,-0.033725076552209694,0.012437150226628673
16,Caco-2,H3K4me1,TcMar-Tc2,0.0050129904674648266,0.685716124830174,-0.019265232068695955,0.02928530465842455
17,Caco-2,H3K4me1,SVA,-0.0031156850178908836,0.8276908549405584,-0.031162472840551465,0.02493600544387022
18,Caco-2,H3K4me1,RTE-BovB,-0.023102460144466083,0.11783170091900713,-0.05202139040844796,0.005855183895235533
19,Caco-2,H3K4me1,tRNA-RTE,-0.00495621501347901,0.7577595299202532,-0.036438123607501836,0.026535521202941257
20,Caco-2,H3K4me1,hAT-Ac,-0.0056656158988639144,0.7550424740357345,-0.04123711255025802,0.029920224757683293
21,Caco-2,H3K4me1,hAT,0.024064295774929367,0.2120558018806102,-0.01373929147530463,0.06179918712199479
22,Caco-2,H3K4me1,MULE-MuDR,-0.021784768746564334,0.2960237189744833,-0.06257925587186029,0.019082390029769043
23,Caco-2,H3K4me1,PiggyBac,-0.02438621802150052,0.2655866637138229,-0.06723992203805054,0.01855729476058221
24,Caco-2,H3K4me1,5S-Deu-L2,-0.010268012688497934,0.6561164322779327,-0.05541593276092321,0.03492180994498757
25,Caco-2,H3K4me1,Helitron,0.017556483563565286,0.47180206366168964,-0.030268611851633393,0.06530137716532618
26,Caco-2,H3K4me1,hAT-Tag1,-0.01886487041607708,0.4394138847418494,-0.0666050722293335,0.028961508155919434
27,Caco-2,H3K4me1,tRNA,-0.03267929496241804,0.20528595471871872,-0.083101539883775,0.017909846064858608
28,Caco-2,H3K4me1,Penelope,-0.029575494195831022,0.44951549994527296,-0.10590162370748366,0.04709709717815032
29,Caco-2,H3K4me1,TcMar-Tc1,0.04598906319517495,0.24056823133791005,-0.03088539689013479,0.12232264223085648
30,Caco-2,H3K4me1,Dong-R4,-0.05803887193853267,0.2308328329593984,-0.15206771448536863,0.03703113418232698
31,Caco-2,H3K4me1,tRNA-Deu,-0.0011074274452239452,0.9819903917590428,-0.09701223576301626,0.09481775686800295
32,Caco-2,H3K4me1,Kolobok,0.059329139823379215,0.2655778972819402,-0.04527728049346737,0.1626485859198531
33,Caco-2,H3K4me1,PIF-Harbinger,-0.006120598911818382,0.9092908429392473,-0.11103032330524013,0.09892403102252545
34,Caco-2,H3K4me1,Crypton,0.0017458745276138085,0.9766730307782227,-0.11487511676471014,0.11831939562761369
35,Caco-2,H3K4me1,Merlin,0.012533126044927005,0.8563834248941192,-0.12274847964556324,0.1473574701764293
36,Caco-2,H3K4me1,TcMar,-0.03685752855735103,0.6034377614295747,-0.17440869996455913,0.10210457870892369
37,Caco-2,H3K4me1,L1-Tx1,-0.0327702824949817,0.7038311134819406,-0.1994335496809663,0.13573558755719686
38,Caco-2,H3K4me1,Crypton-A,0.03980446088790862,0.6517045429587176,-0.13269393732754353,0.20996247118843647
39,Caco-2,H3K4me1,I-Jockey,-0.0054582522472430735,0.9550795107104102,-0.19336281356706092,0.18283255416541616
40,Caco-2,H3K4me1,hAT-Tip100?,0.05334249084249084,0.6754883925606363,-0.19519561760664217,0.2954429198588148
41,Caco-2,H3K4me1,TcMar-Pogo,-0.18255131964809382,0.3173026817469029,-0.5017158389663594,0.18036037854249035
42,Caco-2,H3K4me1,hAT?,0.0661764705882353,0.7144410036926252,-0.283935093972974,0.400717774192668
43,Caco-2,H3K4me1,hAT-hAT19,0.14705882352941177,0.5867933937012053,-0.3785742995295686,0.6009674550471439
44,Caco-2,H3K9me3,Alu,0.00041591481636634424,0.6624184565872667,-0.001451289962945486,0.0022831166955466866
45,Caco-2,H3K9me3,L1,0.0018372668003232384,0.18254741408222602,-0.0008642410812594743,0.0045387478648032204
46,Caco-2,H3K9me3,MIR,-0.0003970589609542498,0.7753775405270782,-0.003124321114651737,0.0023302090993733895
47,Caco-2,H3K9me3,L2,-0.0011783071308938387,0.48169661203343095,-0.004460711608398091,0.0021041227374263274
48,Caco-2,H3K9me3,ERVL-MaLR,0.0002136340207744734,0.9152192876315678,-0.003719514550431634,0.004146775982301045
49,Caco-2,H3K9me3,hAT-Charlie,-0.0002584475845834855,0.903555160033404,-0.004438843315074717,0.003921957179037151
50,Caco-2,H3K9me3,ERV1,0.006739023673752027,0.028254468101280083,0.000718081574584357,0.012759477187660982
51,Caco-2,H3K9me3,ERVL,0.0011600230697086044,0.7105930246675214,-0.004967278889726578,0.00728723792684856
52,Caco-2,H3K9me3,TcMar-Tigger,-0.002260329019156166,0.4771793407681897,-0.008492396529935674,0.003971914073792298
53,Caco-2,H3K9me3,hAT-Tip100,0.002381918307321868,0.582857877211501,-0.006118331070389325,0.010881823489626422
54,Caco-2,H3K9me3,CR1,-0.0019540080869980916,0.678972889648489,-0.011207314931659334,0.0072996333897976835
55,Caco-2,H3K9me3,Gypsy,-0.004284952338190764,0.5917525440257059,-0.019942586200448257,0.011374782855284407
56,Caco-2,H3K9me3,hAT-Blackjack,-0.0005134983250398323,0.94982453615578,-0.016505978409519083,0.015479244427889604
57,Caco-2,H3K9me3,TcMar-Mariner,0.006375993955653374,0.4381618455494962,-0.009742750361028268,0.022491425674612365
58,Caco-2,H3K9me3,RTE-X,-0.0037374629717737955,0.7167579051105101,-0.023924854448204275,0.016452975269330358
59,Caco-2,H3K9me3,ERVK,-0.0024839678776244546,0.8329224861743356,-0.02555761416708085,0.020592323626350943
60,Caco-2,H3K9me3,TcMar-Tc2,0.008627850600963617,0.48605208722184756,-0.015647880253815093,0.032893415980886645
61,Caco-2,H3K9me3,SVA,-0.002574002685573887,0.8571769629796876,-0.030598333803918836,0.025454372096574675
62,Caco-2,H3K9me3,RTE-BovB,-0.004833565735638081,0.7434310118577195,-0.033766255066549344,0.02410721840918659
63,Caco-2,H3K9me3,tRNA-RTE,-0.01228305401977365,0.4445724444762851,-0.04375066048997934,0.019208900558047463
64,Caco-2,H3K9me3,hAT-Ac,-0.0025567861059333143,0.8880297717132186,-0.03813289929310514,0.03302580034411169
65,Caco-2,H3K9me3,hAT,-0.025350335898033333,0.18854700802114752,-0.06307459075655435,0.012446256914407724
66,Caco-2,H3K9me3,MULE-MuDR,0.012849363780799402,0.5376792065308238,-0.028012359539089236,0.05366821637821508
67,Caco-2,H3K9me3,PiggyBac,0.01427588240913141,0.514619770442672,-0.02866157849576893,0.057160758300162956
68,Caco-2,H3K9me3,5S-Deu-L2,-0.01759288092743102,0.44536054791345603,-0.06270698828599867,0.027592975502563444
69,Caco-2,H3K9me3,Helitron,-0.002409119738000328,0.9213293336143409,-0.050185223444673396,0.045377984466633305
70,Caco-2,H3K9me3,hAT-Tag1,0.020633557392849045,0.39772661175562507,-0.027194360648916234,0.06836722240889483
71,Caco-2,H3K9me3,tRNA,0.02210740290913024,0.39158374951892705,-0.02847666632775135,0.07257853499204373
72,Caco-2,H3K9me3,Penelope,-0.040746399409357946,0.2977540238931332,-0.11702035687532636,0.03600542375693745
73,Caco-2,H3K9me3,TcMar-Tc1,0.02572861029909707,0.5125970064270216,-0.051287555941248814,0.10244056278996913
74,Caco-2,H3K9me3,Dong-R4,0.061282071208944265,0.20576555412298586,-0.03378960913317142,0.15525462001965123
75,Caco-2,H3K9me3,tRNA-Deu,0.07998534383861165,0.10246384236554351,-0.016206612500448886,0.17471029731231288
76,Caco-2,H3K9me3,Kolobok,-0.043741671392166954,0.4119444515476137,-0.1473541422425644,0.06082040523053402
77,Caco-2,H3K9me3,PIF-Harbinger,0.10091722529574165,0.05965480543235792,-0.004374299268188739,0.20399564436778922
78,Caco-2,H3K9me3,Crypton,0.01758210805549639,0.768383116004836,-0.099227774891395,0.13391400671555626
79,Caco-2,H3K9me3,Merlin,0.11495895212985462,0.09581670062157141,-0.02087485254528699,0.2466256530032618
80,Caco-2,H3K9me3,TcMar,0.03138680953888509,0.6582587010376473,-0.10750865764601625,0.1690805451516206
81,Caco-2,H3K9me3,L1-Tx1,-0.04571924621816432,0.5957622605276748,-0.21189509178648827,0.12302603247646599
82,Caco-2,H3K9me3,Crypton-A,0.059563893862708286,0.49916355791555356,-0.11326890928954128,0.22889783495163685
83,Caco-2,H3K9me3,I-Jockey,0.0904828097488648,0.34942844890878677,-0.099694542868603,0.2742823809663905
84,Caco-2,H3K9me3,hAT-Tip100?,-0.04212454212454212,0.7410213141642771,-0.28508519723684383,0.2059224655640863
85,Caco-2,H3K9me3,TcMar-Pogo,-0.1279325513196481,0.4853157815746558,-0.4574484852307043,0.2324755838580093
86,Caco-2,H3K9me3,hAT?,0.16009358288770054,0.3734839180157823,-0.19606952750645767,0.47893943695510494
87,Caco-2,H3K9me3,hAT-hAT19,0.22352941176470587,0.40529834728275893,-0.31219579192398966,0.6513918624869808
88,SJCRH30,H3K27ac,Alu,-0.00013354819185060297,0.8884306324165542,-0.001999317561857302,0.0017322221079445533
89,SJCRH30,H3K27ac,L1,-0.0023677476271040014,0.08563170161323813,-0.0050675179874885064,0.0003320572498036797
90,SJCRH30,H3K27ac,MIR,-0.00047730777389763787,0.7314694216575719,-0.003203358092314919,0.0022487496386222956
91,SJCRH30,H3K27ac,L2,-0.0003227611437462978,0.8471286032243445,-0.003604151978463637,0.0029586366416643798
92,SJCRH30,H3K27ac,ERVL-MaLR,-0.001389328451716664,0.48828056404500775,-0.005318366649521705,0.00253975264171407
93,SJCRH30,H3K27ac,hAT-Charlie,0.0008068018765200202,0.7050325257511709,-0.0033706090625907747,0.004984184657186988
94,SJCRH30,H3K27ac,ERV1,0.0009092521034614927,0.7667264818358546,-0.00509794852702308,0.006916387111230425
95,SJCRH30,H3K27ac,ERVL,0.0006663523238265936,0.8310621964357833,-0.005455433382722912,0.006788088085975201
96,SJCRH30,H3K27ac,TcMar-Tigger,-0.004711856055470036,0.13811695587191372,-0.010939499816618166,0.0015161532202240715
97,SJCRH30,H3K27ac,hAT-Tip100,-0.004127950845931622,0.3409743240999593,-0.012623823356056885,0.0043685176258935424
98,SJCRH30,H3K27ac,CR1,0.0015711708978615262,0.7392228198220641,-0.0076795607490945696,0.01082163364281587
99,SJCRH30,H3K27ac,Gypsy,0.007107904503895198,0.37336420566346884,-0.00854215783503188,0.0227544856422158
100,SJCRH30,H3K27ac,hAT-Blackjack,0.01613798278587067,0.04773195934797385,0.000160317434498578,0.03210741064457428
101,SJCRH30,H3K27ac,TcMar-Mariner,-0.004967113386605173,0.5455427389776972,-0.021070586721442398,0.011138936586101876
102,SJCRH30,H3K27ac,RTE-X,0.0064292269197029125,0.5323954069946857,-0.013753329010938514,0.026606546287320072
103,SJCRH30,H3K27ac,ERVK,0.010862853452335395,0.3547348763266067,-0.012144306109218423,0.033858517348247325
104,SJCRH30,H3K27ac,TcMar-Tc2,-0.004552221941249034,0.7129043137830393,-0.02879330231353478,0.01969420976713406
105,SJCRH30,H3K27ac,SVA,0.0029684061423301813,0.8358165667548965,-0.025100440404771062,0.031032576049740048
106,SJCRH30,H3K27ac,RTE-BovB,0.017852465532097208,0.2265111152122835,-0.01108334856212061,0.04675840589689438
107,SJCRH30,H3K27ac,tRNA-RTE,-0.018193274076284065,0.2575291354195106,-0.04965483209001163,0.013304353651735072
108,SJCRH30,H3K27ac,hAT-Ac,0.014198312596460828,0.43403784775296506,-0.021376221813512133,0.049736938764026836
109,SJCRH30,H3K27ac,hAT,-0.020278070360946875,0.29265129690129255,-0.0579951109346159,0.017496776564583837
110,SJCRH30,H3K27ac,MULE-MuDR,-0.02138291960396946,0.30460466849541673,-0.06214324921532703,0.019448618048487527
111,SJCRH30,H3K27ac,PiggyBac,-0.0341527680724234,0.11829080214864944,-0.07689855767108912,0.008718341655905505
112,SJCRH30,H3K27ac,5S-Deu-L2,-0.038565025002110905,0.0941554116876036,-0.0835846576387131,0.006611711476000109
113,SJCRH30,H3K27ac,Helitron,0.0023108356892062496,0.9243055068853299,-0.0453346686801427,0.0499458506834559
114,SJCRH30,H3K27ac,hAT-Tag1,0.0007335102379270832,0.976004529825384,-0.04703576283995955,0.048499435949505475
115,SJCRH30,H3K27ac,tRNA,-0.020281185480589024,0.43158415604206524,-0.07072640255511156,0.030267505755727977
116,SJCRH30,H3K27ac,Penelope,0.02125966875696973,0.5870470905061622,-0.05544698719856388,0.09771684563402448
117,SJCRH30,H3K27ac,TcMar-Tc1,-0.03604281171950219,0.35779892220560694,-0.11248149764909937,0.040819948947725955
118,SJCRH30,H3K27ac,Dong-R4,-0.11664933488560031,0.015758964606745696,-0.20943262062651596,-0.021784251800560542
119,SJCRH30,H3K27ac,tRNA-Deu,-0.009168234084536132,0.8517487596159419,-0.10499299106850582,0.08682520596213104
120,SJCRH30,H3K27ac,Kolobok,-0.005732438159078664,0.9145338412616089,-0.11005031103722648,0.09871035151370376
121,SJCRH30,H3K27ac,PIF-Harbinger,-0.07198847654795058,0.17966980968071697,-0.17577339755328214,0.033379116057559416
122,SJCRH30,H3K27ac,Crypton,-0.008027316649102882,0.8930508183536985,-0.12451015757140199,0.1086737798084854
123,SJCRH30,H3K27ac,Merlin,0.010711473028917841,0.8770788902530587,-0.1245411089088951,0.14557324695482934
124,SJCRH30,H3K27ac,TcMar,-0.07429180281398748,0.2921506739136618,-0.21003734645708233,0.0642638576571321
125,SJCRH30,H3K27ac,L1-Tx1,-0.04450345776983522,0.6055870951723863,-0.2107267890770822,0.12422111177927538
126,SJCRH30,H3K27ac,Crypton-A,0.07277065792583254,0.4087975457704125,-0.10022997707394929,0.24150027626294182
127,SJCRH30,H3K27ac,I-Jockey,-0.06809378185524975,0.4817186241885315,-0.2531619308106354,0.12178229317401251
128,SJCRH30,H3K27ac,hAT-Tip100?,-0.0958041958041958,0.4477569839669985,-0.3324544016242342,0.1521955210231938
129,SJCRH30,H3K27ac,TcMar-Pogo,0.21370967741935482,0.24021271644123393,-0.14989497994356452,0.5263939260641342
130,SJCRH30,H3K27ac,hAT?,0.147440794499618,0.4053384595329308,-0.20256372054548832,0.4640427279574872
131,SJCRH30,H3K27ac,hAT-hAT19,-0.0058823529411764705,0.9827505044191351,-0.5001328749026314,0.49125900286792273
132,SJCRH30,H3K4me1,Alu,-0.0011321813992063157,0.2346309782994223,-0.0029992411307733853,0.0007348862257737877
133,SJCRH30,H3K4me1,L1,0.0032827249517926008,0.01719186738275181,0.0005822756143539545,0.005983126411502483
134,SJCRH30,H3K4me1,MIR,0.0007024816460409382,0.6136256988479254,-0.002024444821514078,0.0034293976661440074
135,SJCRH30,H3K4me1,L2,-0.002038920499823921,0.22334305935773946,-0.0053206876481350154,0.0012428905675871908
136,SJCRH30,H3K4me1,ERVL-MaLR,0.004561666534037954,0.02294184130001134,0.0006306405890381536,0.008492551498613847
137,SJCRH30,H3K4me1,hAT-Charlie,-0.0020332145861689586,0.34030960238186214,-0.006212283473331257,0.002145925321120933
138,SJCRH30,H3K4me1,ERV1,-0.0007071595891300865,0.817675540013824,-0.006719190514017174,0.005304922456099182
139,SJCRH30,H3K4me1,ERVL,0.003061280144324456,0.3272458231945351,-0.0030632137624292334,0.009185544403817525
140,SJCRH30,H3K4me1,TcMar-Tigger,0.005444756547644149,0.0867322669359075,-0.0007854170909381833,0.011674507525228358
141,SJCRH30,H3K4me1,hAT-Tip100,0.004307856502489526,0.3204752703102944,-0.004190851509812996,0.012805942252762607
142,SJCRH30,H3K4me1,CR1,-0.00408227765818526,0.3871664537183185,-0.013333972814365429,0.005170116398265541
143,SJCRH30,H3K4me1,Gypsy,0.0007982470834255017,0.9203777051406359,-0.014852851105174475,0.01644895420932645
144,SJCRH30,H3K4me1,hAT-Blackjack,0.007016295363046465,0.38952061186697706,-0.008965290092804985,0.02299429736706224
145,SJCRH30,H3K4me1,TcMar-Mariner,0.008382509206474561,0.30794869142485004,-0.0077325841601247995,0.024493249631093342
146,SJCRH30,H3K4me1,RTE-X,-0.015767391333103408,0.12570056176900016,-0.03593777230293635,0.004415830742574035
147,SJCRH30,H3K4me1,ERVK,0.008171319108341447,0.48697616992742165,-0.014868654504176787,0.03120262007498121
148,SJCRH30,H3K4me1,TcMar-Tc2,-0.00248094785285999,0.8412058840795776,-0.02674579570726723,0.02178682185037342
149,SJCRH30,H3K4me1,SVA,-0.001982597818307883,0.8898520892450865,-0.030033271058001444,0.026071195756316543
150,SJCRH30,H3K4me1,RTE-BovB,-0.0028077664851409202,0.8491244997651576,-0.031726733885512705,0.02611589802275904
151,SJCRH30,H3K4me1,tRNA-RTE,0.0077800143563467716,0.6282328861936317,-0.023709608576552518,0.03925421464479764
152,SJCRH30,H3K4me1,hAT-Ac,-0.022179823502982872,0.2218009416617007,-0.057712316063609374,0.0134087917564214
153,SJCRH30,H3K4me1,hAT,-0.03494417641732207,0.06981498050793214,-0.07263139101940048,0.0028426865833416216
154,SJCRH30,H3K4me1,MULE-MuDR,0.027652910229436434,0.18407451554442703,-0.013161951770327593,0.06837577817627451
155,SJCRH30,H3K4me1,PiggyBac,-0.024949521855491257,0.25413077053041017,-0.06775007593355341,0.01794269447496617
156,SJCRH30,H3K4me1,5S-Deu-L2,-0.03724338310842767,0.1061786915656364,-0.08229296325706197,0.007958085657897669
157,SJCRH30,H3K4me1,Helitron,0.0032807261608174547,0.8926990934805206,-0.0443667861726383,0.050913346620122875
158,SJCRH30,H3K4me1,hAT-Tag1,-0.011624133803480815,0.6335925181326199,-0.059360402136094614,0.03616517758311571
159,SJCRH30,H3K4me1,tRNA,-0.0034091749887879405,0.89486790096636,-0.05392931038491699,0.047128368972397694
160,SJCRH30,H3K4me1,Penelope,0.05411815037668575,0.16718960726746301,-0.022757373351485154,0.1303574447354672
161,SJCRH30,H3K4me1,TcMar-Tc1,-0.0066517926544847495,0.8652812939837005,-0.08333513188577518,0.07010985946567788
162,SJCRH30,H3K4me1,Dong-R4,-0.11000505814815004,0.02284252088808887,-0.2029539022835336,-0.015091485864711802
163,SJCRH30,H3K4me1,tRNA-Deu,-0.015488868012814669,0.7521988691576503,-0.11124439244758395,0.08055160862730741
164,SJCRH30,H3K4me1,Kolobok,-0.030629462705326477,0.5657063195542996,-0.13445949950363054,0.07386584233342265
165,SJCRH30,H3K4me1,PIF-Harbinger,-0.1109619944156181,0.03827416202516277,-0.21376464787982702,-0.005728577388902031
166,SJCRH30,H3K4me1,Crypton,-0.04891387146955739,0.41238285909938155,-0.16464093450415024,0.06814159190276743
167,SJCRH30,H3K4me1,Merlin,0.06537000570492353,0.34469737550015056,-0.07046382675015474,0.19882367455287703
168,SJCRH30,H3K4me1,TcMar,-0.12004478064843803,0.08722210430377882,-0.25370507790904717,0.018113915557544224
169,SJCRH30,H3K4me1,L1-Tx1,-0.031188124015198347,0.7175083092401204,-0.1979081702271492,0.13728564931036066
170,SJCRH30,H3K4me1,Crypton-A,0.08783245453218057,0.3184815708887406,-0.08530457625343803,0.2558205566358571
171,SJCRH30,H3K4me1,I-Jockey,-0.07683254563988509,0.42714760099146476,-0.2614214712825621,0.11317801070016548
172,SJCRH30,H3K4me1,hAT-Tip100?,-0.2894667832167832,0.019346525838761116,-0.5020629841952288,-0.04387958794361858
173,SJCRH30,H3K4me1,TcMar-Pogo,0.03005865102639296,0.8702751611910936,-0.3220840730014837,0.3748946400218863
174,SJCRH30,H3K4me1,hAT?,0.17677616501145912,0.31725104048905595,-0.1743082593134957,0.48798514081096994
175,SJCRH30,H3K4me1,hAT-hAT19,-0.02058823529411765,0.9396737397890448,-0.5111202153779418,0.48006032055761466
176,SJCRH30,H3K9me3,Alu,-0.00029783861875583013,0.754510218844935,-0.0021646632368437255,0.001568988075290076
177,SJCRH30,H3K9me3,L1,0.0008813184845251998,0.5223555149872702,-0.0018188568101913858,0.003581480928000913
178,SJCRH30,H3K9me3,MIR,-0.0009372725242065266,0.5005083177272918,-0.0036640619721181288,0.0017895308617446254
179,SJCRH30,H3K9me3,L2,-0.00040343446843164925,0.8095944903075696,-0.003685095655337811,0.0028782354079126948
180,SJCRH30,H3K9me3,ERVL-MaLR,0.0015633335727461219,0.435674265062168,-0.002367399765164561,0.005494018602047157
181,SJCRH30,H3K9me3,hAT-Charlie,0.003009746500459243,0.15803706100880272,-0.0011689011006911962,0.007188288996357523
182,SJCRH30,H3K9me3,ERV1,-0.001594185561855456,0.603205415245819,-0.007605157271066655,0.0044169013513832706
183,SJCRH30,H3K9me3,ERVL,-0.0020307477339389602,0.5157392489440626,-0.008154656205928007,0.0040933130577053825
184,SJCRH30,H3K9me3,TcMar-Tigger,0.0033379607959583796,0.2936498819520896,-0.002891934266894071,0.009567596763551494
185,SJCRH30,H3K9me3,hAT-Tip100,-0.005725701733521891,0.1866197972882555,-0.014222476284439057,0.0027718996610631274
186,SJCRH30,H3K9me3,CR1,-0.002100224679460853,0.6563821612366784,-0.011351865294648171,0.007151775479733668
187,SJCRH30,H3K9me3,Gypsy,0.019856047108237043,0.012900781512063492,0.004203903122615232,0.035498464254405115
188,SJCRH30,H3K9me3,hAT-Blackjack,0.012273658118284616,0.13214550858295218,-0.0037038056361428013,0.02824485696318631
189,SJCRH30,H3K9me3,TcMar-Mariner,0.005300925798766231,0.5189914211764647,-0.010809521391572055,0.021408621708146783
190,SJCRH30,H3K9me3,RTE-X,0.016182377097097602,0.11608530858252498,-0.004002954070792686,0.03635452648341455
191,SJCRH30,H3K9me3,ERVK,0.017825987323762203,0.12927832721877972,-0.005208407846029394,0.04084147566777681
192,SJCRH30,H3K9me3,TcMar-Tc2,0.014099085846467125,0.2549263639492625,-0.0101757433531628,0.0383573068516358
193,SJCRH30,H3K9me3,SVA,-0.006071810048253322,0.6713048575306861,-0.034104222927002735,0.0219701490851808
194,SJCRH30,H3K9me3,RTE-BovB,0.01742614109227436,0.23779754318616214,-0.011509642493982817,0.04633276412721067
195,SJCRH30,H3K9me3,tRNA-RTE,0.016133076919087778,0.3153702903905476,-0.015364177716108774,0.04759834522585908
196,SJCRH30,H3K9me3,hAT-Ac,0.0030449817027287706,0.866768323958795,-0.03252057206980802,0.038602833824801994
197,SJCRH30,H3K9me3,hAT,0.0010067630868182964,0.9583527236199099,-0.03676623644256339,0.038776889933651124
198,SJCRH30,H3K9me3,MULE-MuDR,0.022447969106069988,0.2810386428942332,-0.018375057888234392,0.06319627543694713
199,SJCRH30,H3K9me3,PiggyBac,0.005531830264956695,0.8003704482060343,-0.037333460898490094,0.04837680170614249
200,SJCRH30,H3K9me3,5S-Deu-L2,0.028525380555326905,0.21587324679483444,-0.01666570873195261,0.07360016402740413
201,SJCRH30,H3K9me3,Helitron,0.006513958590177481,0.7888311380467423,-0.04113976295986466,0.054138112442293676
202,SJCRH30,H3K9me3,hAT-Tag1,0.004251617181288848,0.8616366387176293,-0.04353925487430255,0.05202307566466521
203,SJCRH30,H3K9me3,tRNA,0.011970000787882913,0.6426485041115872,-0.038584423018783905,0.06246330515507133
204,SJCRH30,H3K9me3,Penelope,0.03467216723478436,0.37601858772156294,-0.042129106010969336,0.11106609710193899
205,SJCRH30,H3K9me3,TcMar-Tc1,-0.0595633585071712,0.12838334996523368,-0.13573527902233912,0.017308590144379028
206,SJCRH30,H3K9me3,Dong-R4,-0.011132823508449624,0.8183628193135861,-0.10581088891376493,0.08374527621147697
207,SJCRH30,H3K9me3,tRNA-Deu,0.00897164106699749,0.8548921463111627,-0.08702024453460551,0.10479846035980078
208,SJCRH30,H3K9me3,Kolobok,-0.0059455736354756305,0.9112431481990979,-0.11011340015822578,0.09835144756348195
209,SJCRH30,H3K9me3,PIF-Harbinger,-0.087948542507181,0.10094285237685328,-0.1913597602178017,0.017393760272227155
210,SJCRH30,H3K9me3,Crypton,-0.036995068003786886,0.5353821742194096,-0.1529720384346822,0.07998712011932547
211,SJCRH30,H3K9me3,Merlin,0.07651325904198379,0.2685362108314684,-0.05936482224339453,0.2096076193148408
212,SJCRH30,H3K9me3,TcMar,-0.07068110801335015,0.316302069387489,-0.2065477338241929,0.06785974992367323
213,SJCRH30,H3K9me3,L1-Tx1,0.030156687366136047,0.7264734987934605,-0.13829582883469785,0.1969134229961048
214,SJCRH30,H3K9me3,Crypton-A,-0.018641075225719426,0.8326294818729877,-0.18957497382062147,0.1533895181561457
215,SJCRH30,H3K9me3,I-Jockey,-0.007172643869891577,0.9409927116193156,-0.19501361454724345,0.1811758830330825
216,SJCRH30,H3K9me3,hAT-Tip100?,-0.00930944055944056,0.9413283815123812,-0.25263997595215487,0.23512862782965108
217,SJCRH30,H3K9me3,TcMar-Pogo,0.30388563049853373,0.0908565395293234,-0.05840230938080944,0.5954442054928251
218,SJCRH30,H3K9me3,hAT?,-0.014820473644003056,0.9337008467350494,-0.3512428506712386,0.3249912084497957
219,SJCRH30,H3K9me3,hAT-hAT19,0.09117647058823529,0.7370049501736589,-0.4246032278949095,0.5622759695515762
220,SJCRH30,H3K36me3,Alu,0.000735203616383936,0.4402802704630827,-0.0011320187081343847,0.0026024208143104986
221,SJCRH30,H3K36me3,L1,-0.0003279359958631472,0.8118704983669129,-0.0030283729211596374,0.002372505712296736
222,SJCRH30,H3K36me3,MIR,0.0017641465365590737,0.20482525255067804,-0.000962885409923926,0.004491152244344357
223,SJCRH30,H3K36me3,L2,9.8786034204058e-05,0.9529550432384591,-0.0031830557515648583,0.0033806256920272345
224,SJCRH30,H3K36me3,ERVL-MaLR,-0.001315875344445255,0.5117960339668652,-0.005247080201985119,0.00261537018563902
225,SJCRH30,H3K36me3,hAT-Charlie,-5.46756337235723e-05,0.9795441197558157,-0.0042340770552678824,0.004124727697903534
226,SJCRH30,H3K36me3,ERV1,0.0010128732925386384,0.7412624319931571,-0.004999528585317332,0.0070252019425459935
227,SJCRH30,H3K36me3,ERVL,-0.002021519572532086,0.517704106964598,-0.008146235830242496,0.004103348352641562
228,SJCRH30,H3K36me3,TcMar-Tigger,0.001783406920608624,0.5747731889152998,-0.0044468741682990596,0.008013549561271085
229,SJCRH30,H3K36me3,hAT-Tip100,0.004548278128066056,0.29417926008882894,-0.003949874454732928,0.01304577380752373
230,SJCRH30,H3K36me3,CR1,0.003601680688285024,0.4454773017201863,-0.0056504916734866845,0.01285323645601674
231,SJCRH30,H3K36me3,Gypsy,-0.009815544111620668,0.2190597508194352,-0.025464416007150735,0.005838137126779399
232,SJCRH30,H3K36me3,hAT-Blackjack,0.004276577720691356,0.5999321328255108,-0.01170414762953709,0.02025511899402671
233,SJCRH30,H3K36me3,TcMar-Mariner,-0.013986804877654182,0.08892322408232582,-0.03009566425268642,0.002129318213245411
234,SJCRH30,H3K36me3,RTE-X,0.0036951799956427413,0.7197268004436712,-0.016487751263276753,0.023875101194019144
235,SJCRH30,H3K36me3,ERVK,0.0069579869843189425,0.5541049384357546,-0.016092809803990544,0.030001391683014123
236,SJCRH30,H3K36me3,TcMar-Tc2,-0.002253202738094756,0.8556145632495691,-0.02651820431109045,0.022014452466380615
237,SJCRH30,H3K36me3,SVA,-0.0051696614079579754,0.718009045527057,-0.03321734752578782,0.022886160949737767
238,SJCRH30,H3K36me3,RTE-BovB,0.0024340130325607315,0.8690552863338175,-0.026498833422374482,0.03136278496586468
239,SJCRH30,H3K36me3,tRNA-RTE,0.0070235462052711745,0.6620149045329629,-0.02446559111998281,0.03849876038633433
240,SJCRH30,H3K36me3,hAT-Ac,0.003557564705758161,0.8445802238465048,-0.03200269347532132,0.03910882774035326
241,SJCRH30,H3K36me3,hAT,-0.004305172514801549,0.8232938840290168,-0.042070098037406,0.03347203721445962
242,SJCRH30,H3K36me3,MULE-MuDR,-0.004609901512004232,0.8248211128338149,-0.045402639407133336,0.03619818467165081
243,SJCRH30,H3K36me3,PiggyBac,0.026407406589280112,0.2276425665521737,-0.01650563779651549,0.06922334331596688
244,SJCRH30,H3K36me3,5S-Deu-L2,-0.040284275053312384,0.08052877200257258,-0.08531968602974935,0.004915406737965862
245,SJCRH30,H3K36me3,Helitron,-0.012606846927587397,0.604314209352337,-0.06022708293428242,0.03507064368599392
246,SJCRH30,H3K36me3,hAT-Tag1,-0.02900738319834559,0.234152553549964,-0.0766787642707703,0.018796317230351467
247,SJCRH30,H3K36me3,tRNA,0.04320631448556886,0.09382641838898731,-0.007362581913237591,0.09355478708377478
248,SJCRH30,H3K36me3,Penelope,0.042884908470670904,0.2738326376769849,-0.03398712706713798,0.1192525017962105
249,SJCRH30,H3K36me3,TcMar-Tc1,-0.06748664206093766,0.08461232486849711,-0.14349656221010593,0.009314812915098036
250,SJCRH30,H3K36me3,Dong-R4,-0.03900555715185061,0.4208775860933832,-0.13333503850297584,0.05602429045640844
251,SJCRH30,H3K36me3,tRNA-Deu,-6.605131053116112e-05,0.998925745847895,-0.09598052698389739,0.09584963966774727
252,SJCRH30,H3K36me3,Kolobok,-0.015292549064901085,0.774634137377699,-0.1194907282595373,0.08923884034570813
253,SJCRH30,H3K36me3,PIF-Harbinger,-0.0102217001256064,0.8490920643129328,-0.11508101894831259,0.09486291012123892
254,SJCRH30,H3K36me3,Crypton,0.0017088127484074498,0.9771680845010936,-0.11491168571950508,0.11828284872796313
255,SJCRH30,H3K36me3,Merlin,0.0646514364051303,0.35003791747483304,-0.07117867151895108,0.19812743584141557
256,SJCRH30,H3K36me3,TcMar,-0.13690300077529738,0.05145053347924498,-0.27013208231585695,0.0014701992390096302
257,SJCRH30,H3K36me3,L1-Tx1,0.08282529634653461,0.3359405729565028,-0.08637399044028911,0.24738057595930946
258,SJCRH30,H3K36me3,Crypton-A,0.07073679490721882,0.42205189322567815,-0.1022409183656569,0.23956227205377084
259,SJCRH30,H3K36me3,I-Jockey,-0.11020294690019461,0.25396710677504797,-0.29277432039863593,0.08012118788191777
260,SJCRH30,H3K36me3,hAT-Tip100?,0.08710664335664335,0.4902174940909627,-0.16065544427330786,0.3245418528771071
261,SJCRH30,H3K36me3,TcMar-Pogo,0.038123167155425214,0.8358910191159055,-0.3148740540742188,0.38185545634006746
262,SJCRH30,H3K36me3,hAT?,0.13949579831932774,0.4313829296974696,-0.21013917081428699,0.4574958005425721
263,SJCRH30,H3K36me3,hAT-hAT19,0.044117647058823525,0.8711220048065985,-0.46189247481035667,0.5284606726859619
264,SJCRH30,H3K27me3,Alu,-0.0012359282529966398,0.1943375953489253,-0.003102367488615841,0.000630519593623446
265,SJCRH30,H3K27me3,L1,-0.00046386442037048975,0.7363440792316989,-0.0031640669189294222,0.0022363448423645947
266,SJCRH30,H3K27me3,MIR,-7.748810007570108e-05,0.955577611973494,-0.002803926897554242,0.002648951849414038
267,SJCRH30,H3K27me3,L2,-0.002530684214776745,0.1306751216405823,-0.005812297930970887,0.0007509840084906416
268,SJCRH30,H3K27me3,ERVL-MaLR,0.0012990208718388877,0.5171179485577448,-0.0026312917233236146,0.005229293334464902
269,SJCRH30,H3K27me3,hAT-Charlie,-0.001661898596302635,0.4356585935211038,-0.005840256460944952,0.002516517298398985
270,SJCRH30,H3K27me3,ERV1,0.0019290335568327302,0.5293702748900708,-0.004082144949817043,0.007940072657769442
271,SJCRH30,H3K27me3,ERVL,0.0028975181358709256,0.3536882773942015,-0.0032257186658982296,0.009020537664268123
272,SJCRH30,H3K27me3,TcMar-Tigger,-0.004833756081529494,0.12826292397958744,-0.011062270163537034,0.0013951330770413898
273,SJCRH30,H3K27me3,hAT-Tip100,0.0004087942841197474,0.9248778935741522,-0.008088391485901793,0.008905921022875992
274,SJCRH30,H3K27me3,CR1,-0.002112897794365663,0.6544467039043418,-0.011364640028184814,0.0071392061610610754
275,SJCRH30,H3K27me3,Gypsy,0.0018036229088358015,0.8213156786427741,-0.013847690849812657,0.017454053070493823
276,SJCRH30,H3K27me3,hAT-Blackjack,-0.0037490355314948776,0.6455408760221097,-0.01972192389119841,0.012225766090826935
277,SJCRH30,H3K27me3,TcMar-Mariner,0.00874588851108739,0.2873189241807366,-0.007364868110591472,0.02485210596067328
278,SJCRH30,H3K27me3,RTE-X,-0.020238646185350165,0.04936990154317576,-0.04040690831369004,-5.389935266959383e-05
279,SJCRH30,H3K27me3,ERVK,-0.0021739909012435375,0.8532588367380001,-0.02520636432140687,0.02086068932268192
280,SJCRH30,H3K27me3,TcMar-Tc2,-0.007046296754234103,0.5692722107739154,-0.03130394770941184,0.017219650004732332
281,SJCRH30,H3K27me3,SVA,0.006574691163896934,0.6459729917609442,-0.021476143167755812,0.034615182281186346
282,SJCRH30,H3K27me3,RTE-BovB,-0.00877672258170117,0.5521555500931156,-0.03769549493123114,0.02015673822084804
283,SJCRH30,H3K27me3,tRNA-RTE,0.014051265318058172,0.3818144069764673,-0.01744134301535777,0.0455160211514923
284,SJCRH30,H3K27me3,hAT-Ac,-0.003825656483414097,0.8330343996359513,-0.039376527882938175,0.03173488791135032
285,SJCRH30,H3K27me3,hAT,0.028797147665760924,0.13509817429327894,-0.00898502648327851,0.06649721695531073
286,SJCRH30,H3K27me3,MULE-MuDR,-0.016039655298348263,0.44117913743068493,-0.056806159348587376,0.02478024517718184
287,SJCRH30,H3K27me3,PiggyBac,0.0014939771551661905,0.9455667578075766,-0.041375058019801694,0.0443575218956393
288,SJCRH30,H3K27me3,5S-Deu-L2,0.031152217739184335,0.17639006260592666,-0.01402691228954224,0.07620440895916906
289,SJCRH30,H3K27me3,Helitron,0.013688813598353933,0.5736494647229244,-0.033990119044389915,0.06130557871216574
290,SJCRH30,H3K27me3,hAT-Tag1,-7.060988935270745e-05,0.997689779509148,-0.04783806721883955,0.0476971696677122
291,SJCRH30,H3K27me3,tRNA,0.03055805878249699,0.23610796958995053,-0.020013904836387833,0.08097405291527249
292,SJCRH30,H3K27me3,Penelope,0.04008289675860717,0.30606804199195,-0.03672698270015073,0.11642196009983771
293,SJCRH30,H3K27me3,TcMar-Tc1,-0.04476324267634184,0.2533480946302554,-0.12111038515992427,0.03211039308861932
294,SJCRH30,H3K27me3,Dong-R4,-0.007549684853928719,0.8762422701142611,-0.10226465064069634,0.08730093798238409
295,SJCRH30,H3K27me3,tRNA-Deu,0.008250580927032314,0.8664406862137752,-0.08773555611010067,0.10408491727541375
296,SJCRH30,H3K27me3,Kolobok,-0.004084631674773403,0.9389573563716702,-0.1082741181422696,0.1001936128425122
297,SJCRH30,H3K27me3,PIF-Harbinger,0.05130455740263024,0.3392545491196842,-0.054035304432985834,0.15551505303929072
298,SJCRH30,H3K27me3,Crypton,-0.0197404272402781,0.7409105260880873,-0.1360360588675818,0.09709184314085491
299,SJCRH30,H3K27me3,Merlin,0.0675646760285587,0.32870773210376825,-0.06827987963873859,0.2009495127827582
300,SJCRH30,H3K27me3,TcMar,0.01808753570102517,0.7973522887902985,-0.11959191173404221,0.15508443801726793
301,SJCRH30,H3K27me3,L1-Tx1,0.10578759640710712,0.2185764298767018,-0.0635176225218922,0.2691739498887654
302,SJCRH30,H3K27me3,Crypton-A,-0.01646308018216458,0.8519466006723012,-0.18747054591731832,0.15551297978612605
303,SJCRH30,H3K27me3,I-Jockey,-0.08634973589102031,0.37196786925270064,-0.27039356003576787,0.10378270784568494
304,SJCRH30,H3K27me3,hAT-Tip100?,-0.042045454545454546,0.7394731863395578,-0.28314318272836536,0.20405049005578113
305,SJCRH30,H3K27me3,TcMar-Pogo,0.12060117302052785,0.5108679757604848,-0.23935155816427292,0.4514088032332852
306,SJCRH30,H3K27me3,hAT?,-0.3295645530939648,0.05699417509814417,-0.6067690040080408,0.019110029585765763
307,SJCRH30,H3K27me3,hAT-hAT19,0.12058823529411765,0.6564245147485952,-0.4006230717558349,0.582835796857242
308,SJCRH30,H3K4me3,Alu,0.00037119811162574504,0.6968571552842084,-0.0014963515174159206,0.00223874515138444
309,SJCRH30,H3K4me3,L1,-0.0004022167620145373,0.7703492499893678,-0.003102727370574136,0.0022982997130974086
310,SJCRH30,H3K4me3,MIR,-0.0012024096454879764,0.38751043080961334,-0.003929586608842929,0.0015247852038396408
311,SJCRH30,H3K4me3,L2,-0.00020879700799942638,0.9007660531311008,-0.003490704410629621,0.00307311489250728
312,SJCRH30,H3K4me3,ERVL-MaLR,0.001661751052948205,0.4074380303710644,-0.0022698447820941057,0.005593295515666219
313,SJCRH30,H3K4me3,hAT-Charlie,-0.001033435167276433,0.6279419639316608,-0.0052129016742958525,0.003146067444061006
314,SJCRH30,H3K4me3,ERV1,-0.0073713081961952545,0.016253397745593624,-0.013382657555217711,-0.0013594260170812153
315,SJCRH30,H3K4me3,ERVL,-0.0032309293236090922,0.30117225563406824,-0.009355451420582302,0.0028938351683249802
316,SJCRH30,H3K4me3,TcMar-Tigger,-0.004175510582689628,0.18901535711730422,-0.010405808537502273,0.002055111552995434
317,SJCRH30,H3K4me3,hAT-Tip100,0.0017987349821900276,0.6782591327950219,-0.006699569908144225,0.010296780066079135
318,SJCRH30,H3K4me3,CR1,0.0031457611723051176,0.5051826340690379,-0.006106908977495961,0.012397892718917542
319,SJCRH30,H3K4me3,Gypsy,0.0033211745755070306,0.6775041416838994,-0.012330918702468085,0.018971640708710123
320,SJCRH30,H3K4me3,hAT-Blackjack,-0.0033466552639501595,0.6814876084555823,-0.019326050015522702,0.012634448766565021
321,SJCRH30,H3K4me3,TcMar-Mariner,0.007550361899587197,0.35861308814815274,-0.008570125308962487,0.023666925612844707
322,SJCRH30,H3K4me3,RTE-X,-0.010155709906202744,0.3240597230244673,-0.030332715509694057,0.010029568954862534
323,SJCRH30,H3K4me3,ERVK,-0.0201874655248615,0.08580587050839564,-0.043200151965347676,0.00284663144129385
324,SJCRH30,H3K4me3,TcMar-Tc2,-0.005729067973316911,0.6436849017784332,-0.0299970981208176,0.01854571239625216
325,SJCRH30,H3K4me3,SVA,0.007619088356889666,0.5947954192755619,-0.020455265211471323,0.035681436100916925
326,SJCRH30,H3K4me3,RTE-BovB,0.010079114206711242,0.4948518722677995,-0.01886121080992499,0.03900256398254181
327,SJCRH30,H3K4me3,tRNA-RTE,0.019885538538900845,0.2158689463887638,-0.011612245572607094,0.05134389914749901
328,SJCRH30,H3K4me3,hAT-Ac,0.007745395346490961,0.6696185807166463,-0.027830609757997334,0.043301804122540005
329,SJCRH30,H3K4me3,hAT,0.006314317803103577,0.743269233706515,-0.031465154758564366,0.04407577353535093
330,SJCRH30,H3K4me3,MULE-MuDR,0.00034439758325051486,0.9868092725617352,-0.04046607711887862,0.04115372513269076
331,SJCRH30,H3K4me3,PiggyBac,0.020112459869934506,0.35808798397043373,-0.02278814164809649,0.06293912664718004
332,SJCRH30,H3K4me3,5S-Deu-L2,0.0010822488911929819,0.962547978371202,-0.04406837685033693,0.04622846255900501
333,SJCRH30,H3K4me3,Helitron,-0.0455521297200049,0.0610999850305881,-0.09304329627419446,0.0021458382430387542
334,SJCRH30,H3K4me3,hAT-Tag1,0.011060908100897543,0.6501321907235078,-0.036727575017191046,0.05879891794559388
335,SJCRH30,H3K4me3,tRNA,0.0005042336843734848,0.9844062148714027,-0.05002632300852439,0.051032215550618834
336,SJCRH30,H3K4me3,Penelope,0.030899910662880437,0.4305285368080638,-0.04595232420033089,0.10738851917706535
337,SJCRH30,H3K4me3,TcMar-Tc1,-0.02728518836985146,0.4864064505539657,-0.10380708026456344,0.04955782584091121
338,SJCRH30,H3K4me3,Dong-R4,-0.09497464057561059,0.049582891811555174,-0.1882749586029275,2.4610045102124577e-05
339,SJCRH30,H3K4me3,tRNA-Deu,-0.032019687233921276,0.5138522739514411,-0.1275673202658977,0.06411679042055696
340,SJCRH30,H3K4me3,Kolobok,-0.040095693864851345,0.45267686516551886,-0.14391762657464868,0.064599293614811
341,SJCRH30,H3K4me3,PIF-Harbinger,-0.05333541764231298,0.32045635420169344,-0.157507060882552,0.052010173321867005
342,SJCRH30,H3K4me3,Crypton,0.021237723120214977,0.7220407914586744,-0.09560960416896704,0.1375077254375323
343,SJCRH30,H3K4me3,Merlin,0.14728690588135246,0.032481615565159425,0.011731409543431522,0.27752647239543154
344,SJCRH30,H3K4me3,TcMar,-0.14169861170836476,0.0437357855763329,-0.27470230977671284,-0.003374238666460589
345,SJCRH30,H3K4me3,L1-Tx1,0.07025903762436153,0.41459461946579934,-0.09882530933357295,0.235400262449562
346,SJCRH30,H3K4me3,Crypton-A,0.016786042682495627,0.8490763338739933,-0.15519817878298725,0.18778267373236548
347,SJCRH30,H3K4me3,I-Jockey,-0.012788434806783431,0.8949990922514282,-0.20041554043404,0.17574356768029661
348,SJCRH30,H3K4me3,hAT-Tip100?,-0.3291958041958042,0.007414224991349052,-0.5352657407509264,-0.08614156921044858
349,SJCRH30,H3K4me3,TcMar-Pogo,0.07331378299120234,0.6900681890252025,-0.283054350064798,0.4118943274513839
350,SJCRH30,H3K4me3,hAT?,0.023071046600458365,0.8969530357137278,-0.3176144133107068,0.35848107296823145
351,SJCRH30,H3K4me3,hAT-hAT19,-0.10588235294117648,0.6963341050381157,-0.5726105866457505,0.4126799097165957
352,BE2C,H3K4me1,Alu,0.00143273754461731,0.13298507512703506,-0.0004363070155068586,0.0033017720947314173
353,BE2C,H3K4me1,L1,-0.0007267165133318771,0.5983153398665777,-0.0034303336164403526,0.0019769112137587096
354,BE2C,H3K4me1,MIR,0.00022745881925283136,0.8702110465644392,-0.0025010394186148473,0.002955953670397996
355,BE2C,H3K4me1,L2,-0.0011169065921043258,0.504913941805898,-0.004399979735092007,0.0021661906284000947
356,BE2C,H3K4me1,ERVL-MaLR,-0.0016185231426729659,0.42022325049892606,-0.005554101000170444,0.0023171048534699427
357,BE2C,H3K4me1,hAT-Charlie,-0.0018969575062852857,0.3739839517305761,-0.00607892142117113,0.0022850727609971134
358,BE2C,H3K4me1,ERV1,0.0026206626038913893,0.39414867025565326,-0.003407162758886357,0.008648297529510986
359,BE2C,H3K4me1,ERVL,-0.003680989582727369,0.23924259102977172,-0.009811019912667755,0.00244931740653949
360,BE2C,H3K4me1,TcMar-Tigger,-0.004836775495637901,0.12837959501660756,-0.01107108466625934,0.0013979096845981784
361,BE2C,H3K4me1,hAT-Tip100,-0.005381063208970291,0.21479530831528254,-0.013882442225855253,0.0031210937175667045
362,BE2C,H3K4me1,CR1,-0.0029664350070323395,0.5298617292621164,-0.012220858343511906,0.006288496478622532
363,BE2C,H3K4me1,Gypsy,-0.0017801068015159368,0.8237396523594804,-0.01744253255991849,0.013883192369983529
364,BE2C,H3K4me1,hAT-Blackjack,0.006599090355538991,0.4188579903228108,-0.009400550387463496,0.022595353082223848
365,BE2C,H3K4me1,TcMar-Mariner,-0.003173744620830777,0.6997630617304054,-0.01930183307620521,0.01295599509889081
366,BE2C,H3K4me1,RTE-X,-0.0032942836465766436,0.7492156895276371,-0.02348833163469463,0.016902451543171815
367,BE2C,H3K4me1,ERVK,0.008764320611321383,0.4572037704300421,-0.01434133688322694,0.03186062313577284
368,BE2C,H3K4me1,TcMar-Tc2,-0.000886462316800524,0.9429611767817596,-0.02516537601091482,0.02339349650129392
369,BE2C,H3K4me1,SVA,0.010061311189625381,0.48238325067183874,-0.018011178537050244,0.03811795033765893
370,BE2C,H3K4me1,RTE-BovB,0.0026234586105002597,0.8589968579854199,-0.026315832263208182,0.03155835591945098
371,BE2C,H3K4me1,tRNA-RTE,-0.004286068359474461,0.7897372183512376,-0.03577691500402606,0.027213281496831325
372,BE2C,H3K4me1,hAT-Ac,-0.009486446242363214,0.6013230593865024,-0.04504570717080188,0.026096823527869958
373,BE2C,H3K4me1,hAT,-0.01329769848146231,0.4906536408336357,-0.05107337417322804,0.024515973778774357
374,BE2C,H3K4me1,MULE-MuDR,-0.014284149404741788,0.4934352573730888,-0.0551171456211883,0.02659654506925136
375,BE2C,H3K4me1,PiggyBac,9.281157909429228e-05,0.9966214594149913,-0.04284566803757314,0.04303094896265075
376,BE2C,H3K4me1,5S-Deu-L2,-0.008188165240199344,0.7226684962979588,-0.05336562178767762,0.037022742431319394
377,BE2C,H3K4me1,Helitron,-0.01769241643783057,0.46837710992037607,-0.06543682828629137,0.030132818001641814
378,BE2C,H3K4me1,hAT-Tag1,0.019106985468503975,0.4338374310420069,-0.02874811028909126,0.06687469492537071
379,BE2C,H3K4me1,tRNA,0.022069673309149676,0.3925503866115857,-0.02853121122241224,0.07255773830229577
380,BE2C,H3K4me1,Penelope,0.0183005400812439,0.6411621818992133,-0.058631196918394475,0.09501618996008969
381,BE2C,H3K4me1,TcMar-Tc1,-0.03197896353876339,0.4149568175967967,-0.10851586958520985,0.044934831874346784
382,BE2C,H3K4me1,Dong-R4,-0.09998664195879084,0.03867066289555101,-0.1931733052545396,-0.005012273947425072
383,BE2C,H3K4me1,tRNA-Deu,-0.051345774913762646,0.29495468158666877,-0.14660120696955134,0.04485315557721612
384,BE2C,H3K4me1,Kolobok,-0.03720111675847423,0.48474416685454547,-0.14077961007880097,0.06718292398621303
385,BE2C,H3K4me1,PIF-Harbinger,-0.04005267702547224,0.45575156373199566,-0.1444668653382473,0.06524363906949475
386,BE2C,H3K4me1,Crypton,-0.07594699794966948,0.20273005415718492,-0.19101708185576424,0.04118220021949118
387,BE2C,H3K4me1,Merlin,-0.015577304962984396,0.8220236767258129,-0.15033763428438968,0.11975132672909641
388,BE2C,H3K4me1,TcMar,0.0741180925662598,0.29570385555686485,-0.06513313462703181,0.21053777988913558
389,BE2C,H3K4me1,L1-Tx1,0.05031403979735815,0.5592978409247344,-0.11850618295043103,0.2163072048548606
390,BE2C,H3K4me1,Crypton-A,-0.055661652743005864,0.5277393218134081,-0.2251659494201188,0.11711299556283132
391,BE2C,H3K4me1,I-Jockey,0.05427671207487721,0.5751071006495595,-0.13534298347735021,0.24006095042083542
392,BE2C,H3K4me1,hAT-Tip100?,-0.01612903225806452,0.9001556359384766,-0.26285900518490146,0.23258094628359285
393,BE2C,H3K4me1,TcMar-Pogo,0.26136363636363635,0.14847832357607835,-0.10219010785431992,0.5633253324187276
394,BE2C,H3K4me1,hAT?,0.23663101604278075,0.18488965867590443,-0.12101522537078865,0.5399009151365896
395,BE2C,H3K4me1,hAT-hAT19,0.2529411764705882,0.34456303133749866,-0.28550911342227914,0.6700175745636892
396,BE2C,H3K9me3,Alu,0.0016034001737099972,0.09257885108540517,-0.00026503352652994955,0.0034718226789055497
397,BE2C,H3K9me3,L1,0.001165051469931185,0.3982703033134314,-0.0015381817388761183,0.0038682676516658067
398,BE2C,H3K9me3,MIR,-0.002134430676881914,0.1251819797450358,-0.0048626271950099765,0.0005937976151360958
399,BE2C,H3K9me3,L2,0.0007111875712863127,0.6711381512262233,-0.0025717735367022454,0.003994133349216046
400,BE2C,H3K9me3,ERVL-MaLR,-0.0005443301461491312,0.7863009352450311,-0.004479384147452386,0.003390740712754922
401,BE2C,H3K9me3,hAT-Charlie,0.0007383621057158076,0.7292952734046494,-0.003443419498711821,0.0049201178863733834
402,BE2C,H3K9me3,ERV1,-1.5592871245140823e-05,0.9959531760689846,-0.0060411027533946535,0.006009918143158143
403,BE2C,H3K9me3,ERVL,-0.0004927753366617356,0.8748054520901913,-0.006622656849701707,0.005637143209118405
404,BE2C,H3K9me3,TcMar-Tigger,0.006365683920180451,0.04535771648372326,0.00013149251176347606,0.012599380541393299
405,BE2C,H3K9me3,hAT-Tip100,0.0007710965311697887,0.8589101973509665,-0.007730748034477959,0.009272829626399302
406,BE2C,H3K9me3,CR1,-0.007185144882653078,0.1280837576934491,-0.01643860021015538,0.0020695411487282405
407,BE2C,H3K9me3,Gypsy,-0.01370903695182811,0.08626519306332957,-0.02936636646708472,0.0019550183095348277
408,BE2C,H3K9me3,hAT-Blackjack,0.006468088648376303,0.42812249785458567,-0.009530473064268243,0.022463339841642605
409,BE2C,H3K9me3,TcMar-Mariner,0.006977510543919721,0.3964457653978253,-0.009150021210925107,0.023101413275796956
410,BE2C,H3K9me3,RTE-X,-0.008776819662305594,0.3942762407296353,-0.02896334435566686,0.011416861151994109
411,BE2C,H3K9me3,ERVK,-0.009522694634008006,0.4193066127728725,-0.03262316595721061,0.0135879453099506
412,BE2C,H3K9me3,TcMar-Tc2,-0.00871259030557789,0.4817792549893307,-0.03297807903502263,0.015563163732892543
413,BE2C,H3K9me3,SVA,0.006734237222239398,0.6379898210720014,-0.02131667797389268,0.03477455821956497
414,BE2C,H3K9me3,RTE-BovB,-0.007317022821840072,0.6202172172377917,-0.03624382650226611,0.021622031884159464
415,BE2C,H3K9me3,tRNA-RTE,-0.01972296033342895,0.21982555547395488,-0.05119381242353847,0.011787023369573319
416,BE2C,H3K9me3,hAT-Ac,-0.005205401751763329,0.7743774661954242,-0.0407776142819786,0.03037998966268281
417,BE2C,H3K9me3,hAT,0.0190834290933926,0.32246937196806613,-0.018726166712147656,0.05683852167721026
418,BE2C,H3K9me3,MULE-MuDR,-0.00454542295415491,0.8274907741147917,-0.04540028849861446,0.036324622254811256
419,BE2C,H3K9me3,PiggyBac,-0.019146176000598265,0.3825676654652782,-0.062057992330328174,0.02383629478361815
420,BE2C,H3K9me3,5S-Deu-L2,0.002582683776412857,0.9108725615864448,-0.04261881600350629,0.04777363219665028
421,BE2C,H3K9me3,Helitron,-0.012552498967954783,0.6065143664941124,-0.06025753693653574,0.03520974975005029
422,BE2C,H3K9me3,hAT-Tag1,0.04058505148408403,0.09632462747910626,-0.007273196490183974,0.0882578015425647
423,BE2C,H3K9me3,tRNA,0.01815631286821544,0.4819736530192036,-0.03245738809253203,0.06867713017204786
424,BE2C,H3K9me3,Penelope,0.005366391430809265,0.8911333225000471,-0.07138857744661535,0.08205818022151914
425,BE2C,H3K9me3,TcMar-Tc1,-0.021737454156320824,0.579544032474386,-0.09836616760330147,0.05514751699103763
426,BE2C,H3K9me3,Dong-R4,-0.04814450836998419,0.3203763488643588,-0.14233597591087815,0.04691107862041162
427,BE2C,H3K9me3,tRNA-Deu,-0.011431395157312781,0.8157434161846034,-0.10723201532358567,0.08457954231969822
428,BE2C,H3K9me3,Kolobok,0.11225420033347841,0.0344931970365677,0.007934126212684951,0.2141571742178365
429,BE2C,H3K9me3,PIF-Harbinger,-0.0002466589010874055,0.9963365760525298,-0.1052240264414403,0.10473614540552385
430,BE2C,H3K9me3,Crypton,-0.03982870575110731,0.5045665479444073,-0.15574846643513135,0.0771731512021413
431,BE2C,H3K9me3,Merlin,0.012379192532704633,0.8581286525642393,-0.12289998615850546,0.14720672496659057
432,BE2C,H3K9me3,TcMar,-0.022041359182715794,0.7561206887796822,-0.15996465341404079,0.11672605570450552
433,BE2C,H3K9me3,L1-Tx1,0.08702805065640158,0.3119092625453448,-0.08220072585351813,0.25137887903387063
434,BE2C,H3K9me3,Crypton-A,0.023373410044619847,0.7910147361699004,-0.1487715729343741,0.19414341624074574
435,BE2C,H3K9me3,I-Jockey,0.09527383931053657,0.3243960320243692,-0.09494946158441267,0.27878456796636114
436,BE2C,H3K9me3,hAT-Tip100?,-0.03984254992319509,0.7565374851921229,-0.2848884425693039,0.2100914398862552
437,BE2C,H3K9me3,TcMar-Pogo,0.2987536656891495,0.0967241946396034,-0.06375150419919678,0.5916098944583404
438,BE2C,H3K9me3,hAT?,0.0006684491978609625,0.997054312927772,-0.3427192321034651,0.3438985622567548
439,BE2C,H3K9me3,hAT-hAT19,0.22941176470588234,0.39272049088161975,-0.30691283867300784,0.6551510666048215
440,BE2C,H3K36me3,Alu,-0.00112529204676273,0.2378676773180825,-0.002993852204304724,0.0007432759687750233
441,BE2C,H3K36me3,L1,-0.001910645974800147,0.16600970160167935,-0.004614173501433932,0.0007929094822804398
442,BE2C,H3K36me3,MIR,-0.002104584141757968,0.13053143680310517,-0.004832654283073241,0.0006235173262296307
443,BE2C,H3K36me3,L2,0.00010092820849318088,0.951953798267855,-0.0031821242605013303,0.0033839785017931415
444,BE2C,H3K36me3,ERVL-MaLR,-0.0008056871048180036,0.6882041867595482,-0.004740728086835343,0.003129378828774285
445,BE2C,H3K36me3,hAT-Charlie,-0.00010085007259638943,0.9622989631520411,-0.004282494948606343,0.0040807983303763505
446,BE2C,H3K36me3,ERV1,0.0015378681008683828,0.616988343058285,-0.0044889692766078996,0.0075645937608964835
447,BE2C,H3K36me3,ERVL,0.006209534805807982,0.04710475933204734,7.936771926373775e-05,0.012339235214309094
448,BE2C,H3K36me3,TcMar-Tigger,0.004129755541274715,0.19417418468231223,-0.0021045848443079587,0.010363774915494684
449,BE2C,H3K36me3,hAT-Tip100,-0.003792747852763532,0.3819238774226229,-0.012294094640855605,0.004709147204322963
450,BE2C,H3K36me3,CR1,-0.0002265475068931144,0.9617328531475318,-0.009480853568895442,0.009027797359318954
451,BE2C,H3K36me3,Gypsy,-0.007331841501923353,0.3589401100587999,-0.022992811241765197,0.008332725759950966
452,BE2C,H3K36me3,hAT-Blackjack,0.006584876423884571,0.4197988176213884,-0.009412631062387374,0.022579014067621833
453,BE2C,H3K36me3,TcMar-Mariner,0.009875130203938058,0.2301907133689202,-0.006256387832569835,0.026001509847680168
454,BE2C,H3K36me3,RTE-X,0.009815062369217345,0.3408107681279757,-0.01038089336986674,0.030003013841401686
455,BE2C,H3K36me3,ERVK,-0.0010261318126602113,0.9306325403716009,-0.024126271472166363,0.02207510302155358
456,BE2C,H3K36me3,TcMar-Tc2,-0.02624908978659747,0.034104763973624504,-0.05050239013608962,-0.0019648481073777945
457,BE2C,H3K36me3,SVA,-0.016049348695169163,0.26216488729208265,-0.04408075178367197,0.01200730547606243
458,BE2C,H3K36me3,RTE-BovB,-0.0006292319121394608,0.9660092992367703,-0.029562786505607046,0.028305376243829585
459,BE2C,H3K36me3,tRNA-RTE,0.03350391852152351,0.03707147203324576,0.0020016681628653088,0.06493973651442207
460,BE2C,H3K36me3,hAT-Ac,0.03861460435395972,0.03345947147463864,0.003014240177259043,0.07411721232485818
461,BE2C,H3K36me3,hAT,0.013904938071677638,0.47089949118879426,-0.023895069621543207,0.05166524394414665
462,BE2C,H3K36me3,MULE-MuDR,-0.005151625376096663,0.804961930179737,-0.046014178989196804,0.0357281397754394
463,BE2C,H3K36me3,PiggyBac,0.023464113924801553,0.2843216827941401,-0.019499746133702582,0.06634147625895627
464,BE2C,H3K36me3,5S-Deu-L2,-0.010130954668718464,0.6605863781379459,-0.055303239391566374,0.03508271732416075
465,BE2C,H3K36me3,Helitron,0.017855777105191543,0.46414638165528066,-0.0299553963349645,0.06558543040441178
466,BE2C,H3K36me3,hAT-Tag1,0.00729918283971962,0.7649715025079435,-0.040540070912385186,0.05510504839542774
467,BE2C,H3K36me3,tRNA,0.03737325662595891,0.14769410199181193,-0.013249156486344999,0.0878045783295983
468,BE2C,H3K36me3,Penelope,0.00920787352021121,0.8143244439787387,-0.06756650653412004,0.08587384961345176
469,BE2C,H3K36me3,TcMar-Tc1,-0.027998464754962853,0.47575950821528934,-0.10463117822214293,0.04896477219912737
470,BE2C,H3K36me3,Dong-R4,-0.018787581927074897,0.6983283264590778,-0.11338077372467607,0.07614314649086878
471,BE2C,H3K36me3,tRNA-Deu,-0.014078294627466363,0.7741247930674906,-0.10984976177299698,0.08195217942389996
472,BE2C,H3K36me3,Kolobok,0.12157665844919442,0.021957293646342014,0.01732754915381796,0.22321084104099057
473,BE2C,H3K36me3,PIF-Harbinger,-0.07241009036056752,0.17712784255916897,-0.1761856473848241,0.03295735909725096
474,BE2C,H3K36me3,Crypton,-0.016071575825842958,0.7877861593132909,-0.13242838083101957,0.1007221592986439
475,BE2C,H3K36me3,Merlin,0.08534239986957659,0.21699450658240085,-0.05055264328557145,0.2181346983836138
476,BE2C,H3K36me3,TcMar,0.09784152728171731,0.16703022753827082,-0.04144223472957703,0.23339500539049032
477,BE2C,H3K36me3,L1-Tx1,0.03726939982392315,0.6654649370211532,-0.13132436163996777,0.20376790147903004
478,BE2C,H3K36me3,Crypton-A,-0.03577944063584893,0.6849486924372545,-0.20609352806293352,0.136638683713739
479,BE2C,H3K36me3,I-Jockey,0.06567509962005375,0.49745710248178876,-0.12415995625851405,0.2508722831973986
480,BE2C,H3K36me3,hAT-Tip100?,-0.12135176651305685,0.343425187097364,-0.35915277895054104,0.13124585293070742
481,BE2C,H3K36me3,TcMar-Pogo,0.03958944281524926,0.8296693052689351,-0.31355988985278677,0.38311796218548894
482,BE2C,H3K36me3,hAT?,0.16042780748663105,0.37247394812358225,-0.19574881543830955,0.4792110778551753
483,BE2C,H3K36me3,hAT-hAT19,0.3911764705882353,0.1340712861972552,-0.14968657863417156,0.7518496897061803
484,BE2C,H3K27me3,Alu,0.0011307737142631001,0.2355562831125295,-0.0007376618448706962,0.0029992013782417586
485,BE2C,H3K27me3,L1,0.0007222657288832632,0.600530006742888,-0.0019811536501968268,0.0034256745506750933
486,BE2C,H3K27me3,MIR,0.0006999752350141239,0.6150258500529413,-0.0020279864273854784,0.0034279264793322353
487,BE2C,H3K27me3,L2,-0.0024391869293108816,0.14533117723934644,-0.005722100679505551,0.0008437793988236152
488,BE2C,H3K27me3,ERVL-MaLR,-0.0017986442969118246,0.3703139781893372,-0.005733559174613219,0.0021363262805743303
489,BE2C,H3K27me3,hAT-Charlie,-0.0022901373618328283,0.2830344749989768,-0.006471223222776312,0.001891028571040318
490,BE2C,H3K27me3,ERV1,0.003077850304479054,0.31673896930622836,-0.0029475297650425874,0.009103006896200125
491,BE2C,H3K27me3,ERVL,0.001817208778266539,0.5612058200747267,-0.004312475659863916,0.007946756662903526
492,BE2C,H3K27me3,TcMar-Tigger,-0.0015684157781782563,0.6219185999477423,-0.007801972296659013,0.004665262631561195
493,BE2C,H3K27me3,hAT-Tip100,-0.005604002251091904,0.1963939523781339,-0.014105269560608119,0.002898075180867827
494,BE2C,H3K27me3,CR1,0.0045816457198874,0.3318954228829716,-0.004673133135987777,0.013835639781393481
495,BE2C,H3K27me3,Gypsy,0.011187205728928623,0.16155722436165956,-0.004476968426490758,0.026845891193359988
496,BE2C,H3K27me3,hAT-Blackjack,0.006969569317636866,0.39317421986969525,-0.009028506947862325,0.022964078643841927
497,BE2C,H3K27me3,TcMar-Mariner,0.009291933788328394,0.25884780746010605,-0.00683792886188389,0.02541696245947216
498,BE2C,H3K27me3,RTE-X,0.0027842481582962806,0.7869774750711187,-0.01740803839825791,0.022974264518218095
499,BE2C,H3K27me3,ERVK,0.014720930440402034,0.2117737806660482,-0.008387088685271814,0.037813235470711797
500,BE2C,H3K27me3,TcMar-Tc2,0.002730984208453612,0.8254612691100863,-0.021538769383344994,0.026997520988914954
501,BE2C,H3K27me3,SVA,0.027160366328487083,0.05777516449802858,-0.0009006806594547382,0.05517867357658379
502,BE2C,H3K27me3,RTE-BovB,-0.014897589466280723,0.312986182590222,-0.04381439671515401,0.014044158991488895
503,BE2C,H3K27me3,tRNA-RTE,0.010678141153634083,0.5064715763725263,-0.02082529178609789,0.04216039053996916
504,BE2C,H3K27me3,hAT-Ac,0.004035430525380328,0.8241676019852345,-0.03155463341208695,0.03961527425454598
505,BE2C,H3K27me3,hAT,0.015567108181690874,0.4195425622734752,-0.022233885614514826,0.05332365536346114
506,BE2C,H3K27me3,MULE-MuDR,-0.015858308392256333,0.44725060414965745,-0.056704972688401106,0.025041355483217193
507,BE2C,H3K27me3,PiggyBac,-0.005998292880143561,0.7844428927966389,-0.04894499829242641,0.03697055147175455
508,BE2C,H3K27me3,5S-Deu-L2,-0.020136558502589476,0.38287669922052536,-0.06529016358118882,0.02509934036001814
509,BE2C,H3K27me3,Helitron,-0.0116393702406507,0.6333497420487788,-0.05940395494903795,0.036178390209513946
510,BE2C,H3K27me3,hAT-Tag1,0.0682596145194077,0.005126205599056043,0.02044638252967632,0.11576133112261146
511,BE2C,H3K27me3,tRNA,0.01836988073947733,0.4768339952822034,-0.032244071165728305,0.06888985678765694
512,BE2C,H3K27me3,Penelope,-0.0037931061306717526,0.9229303634281376,-0.08049497995992771,0.07295342535925387
513,BE2C,H3K27me3,TcMar-Tc1,-0.0334117330647367,0.3943552795909985,-0.10993484090320363,0.043505131753381845
514,BE2C,H3K27me3,Dong-R4,0.05759508344495998,0.23442434889177519,-0.0374745762084136,0.15163151426464297
515,BE2C,H3K27me3,tRNA-Deu,-0.003804604778617665,0.9381838874168305,-0.09968365678512914,0.09214444919749001
516,BE2C,H3K27me3,Kolobok,0.0748943609202115,0.15909572088348944,-0.0295693330146066,0.17773970645558176
517,BE2C,H3K27me3,PIF-Harbinger,0.046205528617633086,0.38948403294158385,-0.05911707486806348,0.15051076004821165
518,BE2C,H3K27me3,Crypton,-0.032214363213160985,0.5894239396687082,-0.14828473557275001,0.08473146974665509
519,BE2C,H3K27me3,Merlin,-0.09656102314208186,0.16224353902750502,-0.22894733615286064,0.039332336570562544
520,BE2C,H3K27me3,TcMar,0.03042624525587779,0.6680866548428697,-0.10845688620906388,0.16814438924701636
521,BE2C,H3K27me3,L1-Tx1,0.02841351275787917,0.741709043657082,-0.1400024814150322,0.19523167042997105
522,BE2C,H3K27me3,Crypton-A,0.07570134243296885,0.390135654320926,-0.0973304422829866,0.24429104609906968
523,BE2C,H3K27me3,I-Jockey,0.13941247335742749,0.1482335056060222,-0.050920853513027865,0.31997354985527743
524,BE2C,H3K27me3,hAT-Tip100?,-0.13119239631336407,0.30541358225918863,-0.36796694526481716,0.1215596309117397
525,BE2C,H3K27me3,TcMar-Pogo,0.09934017595307917,0.5885515736997657,-0.259137959645426,0.43376250257310817
526,BE2C,H3K27me3,hAT?,-0.024064171122994655,0.8942511515271847,-0.3644079259215741,0.32195065305210446
527,BE2C,H3K27me3,hAT-hAT19,0.30882352941176466,0.24449869579851796,-0.23281320666209246,0.7042336982353709
528,SJSA1,H3K27ac,Alu,-0.001901184170192259,0.04555658922514676,-0.0037647845073598375,-3.7570627234486214e-05
529,SJSA1,H3K27ac,L1,-0.000613715752528275,0.6554172018472582,-0.0033091963099800142,0.0020817737230016176
530,SJSA1,H3K27ac,MIR,-0.0002705138392001194,0.8458139147553323,-0.0029969853580046786,0.0024559617014194143
531,SJSA1,H3K27ac,L2,-0.0014328587667647432,0.39193833550625734,-0.00471320320600995,0.0018475165098446671
532,SJSA1,H3K27ac,ERVL-MaLR,0.004329036740854894,0.030676282876127732,0.00040316124128621136,0.008254778799914523
533,SJSA1,H3K27ac,hAT-Charlie,0.0006286467423296839,0.7679566526789612,-0.003547348832049566,0.004804620390950958
534,SJSA1,H3K27ac,ERV1,-0.0011143737307878696,0.7152253709712968,-0.007100700783644374,0.004872033192876183
535,SJSA1,H3K27ac,ERVL,-0.001394173494405522,0.6551697623838699,-0.007512682534514416,0.004724439932671307
536,SJSA1,H3K27ac,TcMar-Tigger,0.009383656187046154,0.003128950437204434,0.003159260574769699,0.015607324716361204
537,SJSA1,H3K27ac,hAT-Tip100,-5.836130058238584e-05,0.9892596625315699,-0.008555514384384911,0.008438800210788315
538,SJSA1,H3K27ac,CR1,0.008910666065558197,0.05889972442332912,-0.0003352176613121931,0.018155026441563915
539,SJSA1,H3K27ac,Gypsy,-0.007519157540115989,0.34627151573842774,-0.02316307467882751,0.008128441031905981
540,SJSA1,H3K27ac,hAT-Blackjack,0.006589808609587526,0.418569153372339,-0.009377412548429519,0.02255367015694817
541,SJSA1,H3K27ac,TcMar-Mariner,0.007058592485546828,0.3901639630792786,-0.009041174510551867,0.023154700921292647
542,SJSA1,H3K27ac,RTE-X,0.005095972803336337,0.6205943421744196,-0.01508092513812337,0.025268722275617654
543,SJSA1,H3K27ac,ERVK,-0.0013541497755519126,0.9073621951670883,-0.02415824967602758,0.021451358603310166
544,SJSA1,H3K27ac,TcMar-Tc2,0.008247354908571789,0.5052267895916356,-0.01601338759861533,0.03249839212329028
545,SJSA1,H3K27ac,SVA,0.007256687442450301,0.610545556074279,-0.02066893919612182,0.03517099995147265
546,SJSA1,H3K27ac,RTE-BovB,-0.0060231693121520135,0.6831402380744744,-0.034932538862469505,0.022896271858367057
547,SJSA1,H3K27ac,tRNA-RTE,0.016516323355891135,0.3040728454070342,-0.014985083405385477,0.047984975694236764
548,SJSA1,H3K27ac,hAT-Ac,0.015445723048982667,0.3942810900664071,-0.020094300831441043,0.05094676165142407
549,SJSA1,H3K27ac,hAT,0.014861507312323682,0.44084556805822994,-0.02293206035259224,0.05261265827761985
550,SJSA1,H3K27ac,MULE-MuDR,0.011061742670535949,0.5953927858964813,-0.02976284528215839,0.05184948735113071
551,SJSA1,H3K27ac,PiggyBac,0.02096280499000131,0.33720014872154824,-0.021856274632515958,0.06370511919108703
552,SJSA1,H3K27ac,5S-Deu-L2,-0.05148724137972378,0.025352176839633804,-0.09642934428250945,-0.0063356263752028085
553,SJSA1,H3K27ac,Helitron,-0.0035569958841412293,0.8836567051160888,-0.051160809772243375,0.04406294485046432
554,SJSA1,H3K27ac,hAT-Tag1,0.01022631133471585,0.6748677308159121,-0.03754670979437457,0.05795269492107814
555,SJSA1,H3K27ac,tRNA,0.004475787897188278,0.8622648815294487,-0.04606416146414235,0.05499288225151642
556,SJSA1,H3K27ac,Penelope,-0.014435690576892684,0.7116712640292073,-0.09077226401930658,0.06206953110482077
557,SJSA1,H3K27ac,TcMar-Tc1,-0.04039854253670184,0.302643143614704,-0.11679258792612392,0.036470747723712685
558,SJSA1,H3K27ac,Dong-R4,-0.05060887758364648,0.2962022599743935,-0.14476112430945906,0.0444516103356562
559,SJSA1,H3K27ac,tRNA-Deu,-0.008839374139192554,0.8570082983979046,-0.10466757785211582,0.08715146253555975
560,SJSA1,H3K27ac,Kolobok,0.007434029648087594,0.8891517232278565,-0.09687762435751163,0.11158414707437232
561,SJSA1,H3K27ac,PIF-Harbinger,-0.06561387895658612,0.22144725131261286,-0.1695370220094043,0.03975242070658797
562,SJSA1,H3K27ac,Crypton,0.007013676987808982,0.9064895636996106,-0.10967495338321816,0.12351161034862902
563,SJSA1,H3K27ac,Merlin,0.05186410130708615,0.4525360425099758,-0.0835587136455628,0.18540597201862863
564,SJSA1,H3K27ac,TcMar,0.0474052524361785,0.5018206891438443,-0.09097517307948501,0.18398966554753676
565,SJSA1,H3K27ac,L1-Tx1,-0.09766911653813032,0.2561951588770082,-0.2614832696018516,0.07161413054497116
566,SJSA1,H3K27ac,Crypton-A,0.05635028352883569,0.5226373155096637,-0.11643491033539775,0.22582478953880197
567,SJSA1,H3K27ac,I-Jockey,-0.020331757946436848,0.833789243229397,-0.20765820021179587,0.16843316779954692
568,SJSA1,H3K27ac,hAT-Tip100?,0.053525641025641016,0.6744365784488116,-0.19502011530996455,0.2956116728945501
569,SJSA1,H3K27ac,TcMar-Pogo,0.10703812316715541,0.5598340484356554,-0.2520001260626874,0.440174245318332
570,SJSA1,H3K27ac,hAT?,0.147135217723453,0.40632329884882123,-0.2028556830302754,0.46379141591765266
571,SJSA1,H3K27ac,hAT-hAT19,0.2352941176470588,0.38035580118865675,-0.3016030461153394,0.658893235790222
572,SJSA1,H3K9me3,Alu,0.0014564679483689386,0.12539373200950607,-0.00040623107293726913,0.003319156862847375
573,SJSA1,H3K9me3,L1,0.001087773348471721,0.4289232817518359,-0.0016074248419057264,0.003782955735548979
574,SJSA1,H3K9me3,MIR,0.0002104504509667085,0.8797291051604204,-0.0025155262530025782,0.002936424027246313
575,SJSA1,H3K9me3,L2,-0.001537444452325572,0.3582963526814069,-0.004817713492868067,0.0017428576749407639
576,SJSA1,H3K9me3,ERVL-MaLR,0.0002920884294262091,0.8840370361294828,-0.003632953108707193,0.004217120967779372
577,SJSA1,H3K9me3,hAT-Charlie,0.0006574519504937146,0.7575983658213135,-0.0035176248706374723,0.004832505851300552
578,SJSA1,H3K9me3,ERV1,0.0019446306812105462,0.5242167003840998,-0.004040064070870183,0.007929186136000004
579,SJSA1,H3K9me3,ERVL,-0.0005201556507336843,0.8676435014744787,-0.006637512876028278,0.005597240505410536
580,SJSA1,H3K9me3,TcMar-Tigger,0.001662711157105776,0.6005494637603536,-0.004561093031616777,0.00788638653544875
581,SJSA1,H3K9me3,hAT-Tip100,-0.004887548936464535,0.25951288904963293,-0.013382764289541514,0.0036083719480031386
582,SJSA1,H3K9me3,CR1,-0.009534714780017434,0.04327154916784144,-0.018779662000255076,-0.0002881372781462215
583,SJSA1,H3K9me3,Gypsy,0.002053303229025047,0.7970302649791554,-0.01359357112767492,0.01769917224748481
584,SJSA1,H3K9me3,hAT-Blackjack,-0.0012814690264960626,0.8749919184979512,-0.017245065447251663,0.01468278055198947
585,SJSA1,H3K9me3,TcMar-Mariner,-0.00748555214225047,0.3620240079596212,-0.023577676106015827,0.008610449837165987
586,SJSA1,H3K9me3,RTE-X,-0.0011253308172520272,0.9129560333166566,-0.021300070090011027,0.01905032456279851
587,SJSA1,H3K9me3,ERVK,-0.008354413068090894,0.4725587458174234,-0.031141376796383267,0.014441230557228941
588,SJSA1,H3K9me3,TcMar-Tc2,-0.0022437866412658896,0.8561132587564906,-0.026492074559313943,0.022007140178169123
589,SJSA1,H3K9me3,SVA,0.009875168674337888,0.4881300247351521,-0.018043060793471538,0.03777801116913025
590,SJSA1,H3K9me3,RTE-BovB,-0.010257349161652479,0.48701613348222905,-0.03916483036392757,0.018667286972074246
591,SJSA1,H3K9me3,tRNA-RTE,-0.03353606278559939,0.03686579937651189,-0.06496774434752796,-0.002037902359906394
592,SJSA1,H3K9me3,hAT-Ac,-0.020007493437325784,0.2698803171867641,-0.05550430058256597,0.015539825491435798
593,SJSA1,H3K9me3,hAT,0.018717589107792743,0.33156472676268367,-0.019070791855772054,0.05645257090024714
594,SJSA1,H3K9me3,MULE-MuDR,-0.017634064312942184,0.39732458817083216,-0.05841393837323535,0.023204563350466077
595,SJSA1,H3K9me3,PiggyBac,-0.0022453978126040753,0.9180931971243864,-0.04501551536073933,0.04053293629101853
596,SJSA1,H3K9me3,5S-Deu-L2,-0.010292161363881646,0.655102855511426,-0.0554041018068597,0.034861713352345336
597,SJSA1,H3K9me3,Helitron,-0.0026191143736908552,0.9142188125762929,-0.05023931187831718,0.045012964819657206
598,SJSA1,H3K9me3,hAT-Tag1,0.005088806523189063,0.8346547328238363,-0.04267531113512544,0.05282971554508231
599,SJSA1,H3K9me3,tRNA,0.009109814035814944,0.7239963710983619,-0.04143958694354978,0.05961269843842229
600,SJSA1,H3K9me3,Penelope,0.011798539081947147,0.7624113693059041,-0.0646370704794215,0.0880965141030263
601,SJSA1,H3K9me3,TcMar-Tc1,-0.011547767332168037,0.7681765859633652,-0.08813858458194747,0.06517879007683898
602,SJSA1,H3K9me3,Dong-R4,0.02437568949746247,0.6150429297243014,-0.07058822860589184,0.11890172760178486
603,SJSA1,H3K9me3,tRNA-Deu,0.01749373888620081,0.7213788523222124,-0.07856046530378255,0.11322611732575381
604,SJSA1,H3K9me3,Kolobok,0.05440134278898537,0.3074008420051718,-0.05019518608831907,0.15781746315671766
605,SJSA1,H3K9me3,PIF-Harbinger,-0.00033572428969178486,0.9950137751811088,-0.1053121062225881,0.10464805755634621
606,SJSA1,H3K9me3,Crypton,0.020775245061118493,0.7278518739920514,-0.09606747297441484,0.13705320470688534
607,SJSA1,H3K9me3,Merlin,0.1126313542342695,0.10195482695109367,-0.02288754542225954,0.24408573761403565
608,SJSA1,H3K9me3,TcMar,0.11548473140089918,0.10000606536519398,-0.022699194055759,0.2493387887673702
609,SJSA1,H3K9me3,L1-Tx1,0.06081042452016863,0.4802504687326007,-0.10816123431464708,0.22636718504119083
610,SJSA1,H3K9me3,Crypton-A,0.10222430413370967,0.24529901662013767,-0.07098773238263525,0.2694517831783627
611,SJSA1,H3K9me3,I-Jockey,-0.07904735427671208,0.4139034810085783,-0.26351158419210563,0.1109938608383443
612,SJSA1,H3K9me3,hAT-Tip100?,-0.1211080586080586,0.3404462731154627,-0.3571117909778031,0.12943063085017725
613,SJSA1,H3K9me3,TcMar-Pogo,0.04582111436950146,0.8033442479325562,-0.3079634789212614,0.3884730081345067
614,SJSA1,H3K9me3,hAT?,-0.16149732620320856,0.3615214023812917,-0.47556046831403315,0.1890811131868705
615,SJSA1,H3K9me3,hAT-hAT19,-0.37941176470588234,0.14722713386289268,-0.7452529035926163,0.1620069981155764
616,SJSA1,H3K36me3,Alu,-0.0011670453003620237,0.21952100672054692,-0.0030300139371109624,0.0006959314372497157
617,SJSA1,H3K36me3,L1,-0.0014335309782149488,0.2972313570967967,-0.004128925717511313,0.0012618845909283932
618,SJSA1,H3K36me3,MIR,0.00018605053266888645,0.8935855674602213,-0.0025399391927311246,0.0029120374929811543
619,SJSA1,H3K36me3,L2,0.0012395935680079811,0.4589073039676551,-0.00204072576636458,0.004519886225275881
620,SJSA1,H3K36me3,ERVL-MaLR,-0.0003918049216606524,0.844887359675943,-0.004316851464189314,0.0035332536931926865
621,SJSA1,H3K36me3,hAT-Charlie,0.00031658152921646923,0.8818540672451592,-0.003858424083765005,0.0044915761057685005
622,SJSA1,H3K36me3,ERV1,-0.0005176547554698399,0.8653799578569795,-0.00650227708883942,0.005467004658478907
623,SJSA1,H3K36me3,ERVL,0.004810012014644635,0.12330480300156775,-0.001307588766495129,0.010927252778864964
624,SJSA1,H3K36me3,TcMar-Tigger,-0.0021348210194159826,0.5013916921213731,-0.008358312860906129,0.004088836198360248
625,SJSA1,H3K36me3,hAT-Tip100,-0.0007773911248987461,0.8576608471258512,-0.009272492853361007,0.007717822808700509
626,SJSA1,H3K36me3,CR1,-0.0033149907259618556,0.4822148149313177,-0.012559995180823312,0.005930580435089595
627,SJSA1,H3K36me3,Gypsy,0.008921202456159277,0.2637621974315826,-0.006725471640278192,0.024563509275039926
628,SJSA1,H3K36me3,hAT-Blackjack,0.01115903169574717,0.17064660566549245,-0.0048046752817925455,0.027117052457150133
629,SJSA1,H3K36me3,TcMar-Mariner,0.005014516117493782,0.5414697453999296,-0.011081761319499806,0.021108195485125183
630,SJSA1,H3K36me3,RTE-X,0.004912727570501625,0.6332139789094009,-0.015264123525423034,0.025085579367690826
631,SJSA1,H3K36me3,ERVK,0.005706268472288231,0.6237842336704282,-0.017094804332949517,0.028501409376443538
632,SJSA1,H3K36me3,TcMar-Tc2,-0.003127238086465341,0.8005164730433887,-0.02737863264448843,0.021127835511508042
633,SJSA1,H3K36me3,SVA,-0.0014242086982522598,0.9203568948164819,-0.029335632448087078,0.026489434285188018
634,SJSA1,H3K36me3,RTE-BovB,0.004846709687559444,0.742595691696001,-0.024075172992693673,0.033760486144129846
635,SJSA1,H3K36me3,tRNA-RTE,-0.021908393333707785,0.17255554981191118,-0.05335059289297648,0.009577204642960259
636,SJSA1,H3K36me3,hAT-Ac,0.01750991234227034,0.33417323121936926,-0.018030905402041695,0.05300653626003789
637,SJSA1,H3K36me3,hAT,-0.002539716583391469,0.8951935933458409,-0.040307502619153515,0.035235316221555034
638,SJSA1,H3K36me3,MULE-MuDR,-0.01919431220762708,0.3572009384152959,-0.05999636531714266,0.021671774462522317
639,SJSA1,H3K36me3,PiggyBac,-0.001239832361719494,0.9547292782451495,-0.044022090985784294,0.041546965334888636
640,SJSA1,H3K36me3,5S-Deu-L2,0.020137601375910235,0.3820928651532416,-0.02502620331703655,0.06521936990327894
641,SJSA1,H3K36me3,Helitron,-0.0027393042051965296,0.9102986045023245,-0.050359206142806694,0.044893024661820755
642,SJSA1,H3K36me3,hAT-Tag1,0.002328248993072428,0.9239169590100128,-0.0454303051223972,0.05007618450167053
643,SJSA1,H3K36me3,tRNA,-0.01505876542725479,0.5593936309635456,-0.06554103038756756,0.03550038716347234
644,SJSA1,H3K36me3,Penelope,-0.035786171903313464,0.35939549995889364,-0.11193703838301786,0.04078255191434023
645,SJSA1,H3K36me3,TcMar-Tc1,-0.011017918829865305,0.778529835094486,-0.08761253285828742,0.0657062079335273
646,SJSA1,H3K36me3,Dong-R4,-0.0030060375974366466,0.9505567343320065,-0.0977651998150949,0.09180714010062437
647,SJSA1,H3K36me3,tRNA-Deu,0.0008756727847657294,0.9857588648693247,-0.09504741218107883,0.09678264589715077
648,SJSA1,H3K36me3,Kolobok,0.06545973915855981,0.21922943205916745,-0.03915364238880776,0.1686537013121536
649,SJSA1,H3K36me3,PIF-Harbinger,-0.03614410384663884,0.5009313253636294,-0.14062446274735116,0.06913241691251532
650,SJSA1,H3K36me3,Crypton,0.03308505029751608,0.5793974487953419,-0.08386770018700944,0.1491387034711195
651,SJSA1,H3K36me3,Merlin,0.08673992129748241,0.20844329769478284,-0.04883099726928728,0.2191725682923656
652,SJSA1,H3K36me3,TcMar,-0.020848642385801617,0.7678065654231466,-0.15811922870993125,0.11721252355917779
653,SJSA1,H3K36me3,L1-Tx1,-0.038123485374956634,0.6582748603116058,-0.204590156795109,0.13048639528823183
654,SJSA1,H3K36me3,Crypton-A,0.017664180390007323,0.8412821517842463,-0.15434210015030422,0.1886312212571733
655,SJSA1,H3K36me3,I-Jockey,-0.04359188212399221,0.6526529478652461,-0.22989487416029483,0.14579306969992237
656,SJSA1,H3K36me3,hAT-Tip100?,-0.12147435897435896,0.33897692809472213,-0.35744095089392836,0.1290705333501602
657,SJSA1,H3K36me3,TcMar-Pogo,0.00219941348973607,0.9904681035020086,-0.34676088216410744,0.35062486792175956
658,SJSA1,H3K36me3,hAT?,-0.12360580595874712,0.4861415865739108,-0.4443219452063804,0.22519390432618205
659,SJSA1,H3K36me3,hAT-hAT19,0.17941176470588235,0.5061395399904385,-0.35099518391573875,0.622654032375277
660,SJSA1,H3K27me3,Alu,-0.0009598202660480766,0.3126445548512685,-0.0028229762537247006,0.0009033423854031312
661,SJSA1,H3K27me3,L1,0.0007384320949403401,0.5912876702383754,-0.0019568718809451113,0.003433725341941241
662,SJSA1,H3K27me3,MIR,0.0029650322881240123,0.033031262149342495,0.00023887105498456644,0.005691149449614995
663,SJSA1,H3K27me3,L2,-0.0023254680754747035,0.16468646892761843,-0.005605666019586846,0.0009547799123425016
664,SJSA1,H3K27me3,ERVL-MaLR,0.0024797939576001182,0.21565100584501484,-0.0014455940428917133,0.0064051055384515216
665,SJSA1,H3K27me3,hAT-Charlie,0.0023503171706946583,0.26992480137119645,-0.001825171122999057,0.006525723511382933
666,SJSA1,H3K27me3,ERV1,-0.0009984600256158103,0.7437019509016338,-0.006983731546202119,0.004986883032512722
667,SJSA1,H3K27me3,ERVL,0.0018700949667596653,0.5490898704385787,-0.004247694503839708,0.00798774445468227
668,SJSA1,H3K27me3,TcMar-Tigger,-0.0033679992727790303,0.28886718073984724,-0.009591694065555254,0.0028559564486021587
669,SJSA1,H3K27me3,hAT-Tip100,-0.0024303808372108195,0.5750054714297833,-0.01092564868558316,0.006065237826828281
670,SJSA1,H3K27me3,CR1,-0.005098426043649961,0.27975078197156267,-0.014342659827457202,0.0041466792257052396
671,SJSA1,H3K27me3,Gypsy,0.009342812894283011,0.24187124731192863,-0.006304372657119649,0.024985424499481542
672,SJSA1,H3K27me3,hAT-Blackjack,0.0012418857727052087,0.8788269790377827,-0.01472288449494559,0.017206023015966018
673,SJSA1,H3K27me3,TcMar-Mariner,-0.004815130195070717,0.557731311179041,-0.020911598645255502,0.011283833864630414
674,SJSA1,H3K27me3,RTE-X,-0.007209521685722738,0.4837294712351431,-0.02738101753443631,0.012967843128721283
675,SJSA1,H3K27me3,ERVK,0.006907189417934522,0.5527235332568804,-0.015895791698565257,0.029702989309245587
676,SJSA1,H3K27me3,TcMar-Tc2,-0.01045108380896416,0.3984476532684318,-0.03469821882019153,0.013808347654123572
677,SJSA1,H3K27me3,SVA,-0.006848089840451504,0.6307882779956338,-0.03476284144834202,0.021077338870359563
678,SJSA1,H3K27me3,RTE-BovB,-0.0071442122839130125,0.6282758269237444,-0.0360523247740332,0.021775846286170703
679,SJSA1,H3K27me3,tRNA-RTE,-0.010750005919196105,0.503559575823977,-0.0422280850843061,0.02074939384440387
680,SJSA1,H3K27me3,hAT-Ac,0.026930358203102505,0.1373538996898916,-0.00860535415690103,0.062398136713864856
681,SJSA1,H3K27me3,hAT,0.005229097850086927,0.7862100506802385,-0.03254918083723783,0.042992456104839614
682,SJSA1,H3K27me3,MULE-MuDR,-0.024594101220216512,0.23777464777186363,-0.06535340228152511,0.01624713103586928
683,SJSA1,H3K27me3,PiggyBac,0.01791703055463682,0.4118522135339615,-0.024879854419485002,0.06064836230454976
684,SJSA1,H3K27me3,5S-Deu-L2,0.0040849981821613045,0.8592830871272119,-0.041059246037002776,0.04921259778722504
685,SJSA1,H3K27me3,Helitron,0.021213779886561618,0.3828945799788611,-0.026444673721891795,0.06877601783376491
686,SJSA1,H3K27me3,hAT-Tag1,-0.021048389247756913,0.3878820872832641,-0.06873801000200605,0.02673720740667372
687,SJSA1,H3K27me3,tRNA,0.004975610722703844,0.8470636828437453,-0.04556543622627432,0.05549125044667085
688,SJSA1,H3K27me3,Penelope,-0.03838133816041669,0.32522412664761446,-0.1144484526307323,0.03813321272434468
689,SJSA1,H3K27me3,TcMar-Tc1,-0.014309320972473036,0.7149195810224318,-0.09087983110644708,0.06242938450343362
690,SJSA1,H3K27me3,Dong-R4,0.04500990297306451,0.352930677260067,-0.050038197201717344,0.1392500278343987
691,SJSA1,H3K27me3,tRNA-Deu,0.0332565883923257,0.4977184035190565,-0.0628854969214491,0.12878710682416294
692,SJSA1,H3K27me3,Kolobok,0.01359316730390982,0.7988303542419177,-0.09077539096385633,0.11766637383324483
693,SJSA1,H3K27me3,PIF-Harbinger,0.06443457416769613,0.2298805052123462,-0.04093077637781774,0.16838259831227315
694,SJSA1,H3K27me3,Crypton,0.04556322190230827,0.4451675419343344,-0.07147415104681348,0.16136299786814692
695,SJSA1,H3K27me3,Merlin,0.060333997281786046,0.3820751976587241,-0.07514756139605934,0.1936284582706246
696,SJSA1,H3K27me3,TcMar,-0.009975674073751295,0.887666674867938,-0.14748627416221963,0.12791326498281763
697,SJSA1,H3K27me3,L1-Tx1,-0.0543557779787516,0.5281351570624104,-0.22018404384471876,0.11452601761939409
698,SJSA1,H3K27me3,Crypton-A,-0.020042358801535962,0.8202530289443478,-0.19092830485581255,0.15202269184698428
699,SJSA1,H3K27me3,I-Jockey,-0.06381243628950052,0.5097590266616134,-0.24910792632443238,0.12598991116942637
700,SJSA1,H3K27me3,hAT-Tip100?,-0.2112179487179487,0.09385571553187387,-0.4367251457347225,0.039265096108853335
701,SJSA1,H3K27me3,TcMar-Pogo,0.05461876832844574,0.7665433270764032,-0.30003160410989765,0.39600392023557796
702,SJSA1,H3K27me3,hAT?,-0.3213139801375095,0.06388729555509949,-0.600611467227309,0.027872570288159364
703,SJSA1,H3K27me3,hAT-hAT19,-0.2411764705882353,0.36820660804263405,-0.6626183746983176,0.2962660669272803
704,SJSA1,H3K4me3,Alu,-0.0010933695296480503,0.25020519157274557,-0.0029570518775822764,0.0007703204135529926
705,SJSA1,H3K4me3,L1,-9.275008409105545e-05,0.946233257950895,-0.0027883702825243152,0.0026028714622554233
706,SJSA1,H3K4me3,MIR,0.002973822471771324,0.03252899481498468,0.000247439734568265,0.005700160999486973
707,SJSA1,H3K4me3,L2,0.0026037062122469005,0.11980428006475638,-0.0006768262626493115,0.005884182646103569
708,SJSA1,H3K4me3,ERVL-MaLR,-0.00107966314845547,0.5898694939190299,-0.005005420407424345,0.0028461273894428017
709,SJSA1,H3K4me3,hAT-Charlie,-0.0007228744762117832,0.734396714031541,-0.004898732343184934,0.0034530086015918168
710,SJSA1,H3K4me3,ERV1,0.005078828650453229,0.09636767024239706,-0.0009079731604466728,0.011065266405421381
711,SJSA1,H3K4me3,ERVL,-0.003361276380477232,0.28158351125308057,-0.009479340939706727,0.0027570398218946203
712,SJSA1,H3K4me3,TcMar-Tigger,-0.00039152879829554445,0.9018905606056673,-0.0066164897171083585,0.005833462464260107
713,SJSA1,H3K4me3,hAT-Tip100,0.0004046900653391736,0.9256313003873717,-0.008092655142518041,0.008901976832397114
714,SJSA1,H3K4me3,CR1,0.002394374695704004,0.6118093788995191,-0.006852800480865812,0.011641140400907041
715,SJSA1,H3K4me3,Gypsy,-0.004298046334348476,0.5903243722135467,-0.019943198563871178,0.01134921028944186
716,SJSA1,H3K4me3,hAT-Blackjack,0.012553071582057668,0.123317227998655,-0.003413772958857705,0.028513517116497186
717,SJSA1,H3K4me3,TcMar-Mariner,0.0038237432904691324,0.6416618230745703,-0.01227995689380505,0.019925460473693746
718,SJSA1,H3K4me3,RTE-X,0.0075173312283860995,0.46528085058990276,-0.01266115954567533,0.027689701827400947
719,SJSA1,H3K4me3,ERVK,0.00548422425912177,0.6375091506275097,-0.017327582659489086,0.02829032468875157
720,SJSA1,H3K4me3,TcMar-Tc2,0.01614153265360777,0.19226522905457263,-0.008124071545155948,0.04038813788549832
721,SJSA1,H3K4me3,SVA,0.01049683629555989,0.46125428583383876,-0.017427278237902345,0.038404588672377823
722,SJSA1,H3K4me3,RTE-BovB,-0.0032641490979931137,0.8249325032329521,-0.03217638053962115,0.025653540548285447
723,SJSA1,H3K4me3,tRNA-RTE,-0.02913136635001111,0.06983513183106439,-0.06057392676601678,0.002368949436836921
724,SJSA1,H3K4me3,hAT-Ac,0.004639902211571812,0.7980999515064093,-0.03090394304347306,0.040172027300558986
725,SJSA1,H3K4me3,hAT,0.003184121385001205,0.868841506866425,-0.03459874410347685,0.040957898015560566
726,SJSA1,H3K4me3,MULE-MuDR,-0.01258083820541442,0.546038111158938,-0.053382640284403614,0.028262902400459623
727,SJSA1,H3K4me3,PiggyBac,0.018742300671341375,0.3906472657749044,-0.02405512465775797,0.061471154387582896
728,SJSA1,H3K4me3,5S-Deu-L2,-0.019016420409477465,0.4091592088539191,-0.06410195495107564,0.026146584550083285
729,SJSA1,H3K4me3,Helitron,0.011084436409734099,0.6483699972628305,-0.03654864115202646,0.05866726168329383
730,SJSA1,H3K4me3,hAT-Tag1,0.012857244224382027,0.5979130912615607,-0.03491960545401479,0.06057545965054569
731,SJSA1,H3K4me3,tRNA,0.005237912494970931,0.8391085673302915,-0.04530370289797384,0.055752781293156396
732,SJSA1,H3K4me3,Penelope,-0.03919939222714585,0.3153797352438051,-0.11531576852551903,0.03737463756628213
733,SJSA1,H3K4me3,TcMar-Tc1,-0.06079436675354377,0.12066454013752342,-0.13695058673832697,0.0160762960024773
734,SJSA1,H3K4me3,Dong-R4,-0.048670718006439746,0.3151095439645371,-0.14285388234220214,0.04638598831285562
735,SJSA1,H3K4me3,tRNA-Deu,0.060078267516884255,0.22029943540056765,-0.03613118316326745,0.1551842913818061
736,SJSA1,H3K4me3,Kolobok,-0.0076608484334715335,0.8857923969693537,-0.11180823724657406,0.09665300530121995
737,SJSA1,H3K4me3,PIF-Harbinger,-0.11215978980024054,0.03622316791336502,-0.21492850885506626,-0.0069344016483209306
738,SJSA1,H3K4me3,Crypton,0.06081970331260567,0.30793646624238563,-0.05628410959620405,0.17627284517169045
739,SJSA1,H3K4me3,Merlin,0.04356486271596571,0.5281298860881525,-0.09178633071398512,0.17733548441626992
740,SJSA1,H3K4me3,TcMar,0.07484078346565165,0.2873900709320783,-0.06337261984654965,0.21023732563707942
741,SJSA1,H3K4me3,L1-Tx1,-0.06242992007322121,0.4686143089180401,-0.2279169841242488,0.10656264741750078
742,SJSA1,H3K4me3,Crypton-A,0.010142623977338748,0.9084625683186949,-0.16166845977060737,0.18135692503956471
743,SJSA1,H3K4me3,I-Jockey,0.04539894356408118,0.6392438616935325,-0.1440279343049118,0.2316163490153092
744,SJSA1,H3K4me3,hAT-Tip100?,-0.23154761904761903,0.06562475587084933,-0.45430624795354,0.018462782677333103
745,SJSA1,H3K4me3,TcMar-Pogo,0.022360703812316713,0.9033158809879338,-0.3289382657810563,0.36822325242262965
746,SJSA1,H3K4me3,hAT?,-0.10557677616501145,0.5523440839322569,-0.4292453350126444,0.24212273679142726
747,SJSA1,H3K4me3,hAT-hAT19,-0.02647058823529412,0.9224805705017287,-0.5154827882170895,0.4755474090858023
748,HAP-1,H3K27ac,Alu,0.00041250474620039147,0.6655219759730633,-0.0014577025417750276,0.002282709148564448
749,HAP-1,H3K27ac,L1,0.0027597729777145935,0.04541331020860247,5.6329947136505464e-05,0.005463175668410522
750,HAP-1,H3K27ac,MIR,0.0009316330661451936,0.5034702754012129,-0.0017976040468559485,0.0036608563002288063
751,HAP-1,H3K27ac,L2,-0.0024399240165725814,0.14523669928155553,-0.005723058827545488,0.0008432633953121865
752,HAP-1,H3K27ac,ERVL-MaLR,0.0010863667976326284,0.5886448785795915,-0.0028508291551226426,0.0050235290699804334
753,HAP-1,H3K27ac,hAT-Charlie,0.0011189687007705739,0.6001492151163076,-0.003064922468578402,0.005302820695465466
754,HAP-1,H3K27ac,ERV1,-0.002431743686127256,0.42936727596628055,-0.008462556384800871,0.0035992459072298187
755,HAP-1,H3K27ac,ERVL,0.002209074885741708,0.48022151196229046,-0.0039241273357217814,0.008342110917026876
756,HAP-1,H3K27ac,TcMar-Tigger,-0.0026524585040097895,0.4045601852656574,-0.008889453933246024,0.0035847432953721664
757,HAP-1,H3K27ac,hAT-Tip100,0.006443417952590703,0.13761338252510014,-0.0020624979348499947,0.014948401533143071
758,HAP-1,H3K27ac,CR1,-0.004869463939896665,0.30249527091391004,-0.014124858980896514,0.004386765455419453
759,HAP-1,H3K27ac,Gypsy,-0.006932818334649471,0.3857214050989418,-0.022594953030181247,0.008732718538068963
760,HAP-1,H3K27ac,hAT-Blackjack,0.02470248791517033,0.0024736864057560474,0.008705014542956021,0.04068731988499814
761,HAP-1,H3K27ac,TcMar-Mariner,0.008181696396169863,0.32037038100755405,-0.007956311269630572,0.02431544329693463
762,HAP-1,H3K27ac,RTE-X,0.008802982463856345,0.39294351726713617,-0.011393918073524934,0.028992703264365805
763,HAP-1,H3K27ac,ERVK,0.014057783915082828,0.23331398506761078,-0.009061462171097115,0.0371620090385271
764,HAP-1,H3K27ac,TcMar-Tc2,0.0007206171347439235,0.9536403044644037,-0.023570434302290208,0.025010818193361255
765,HAP-1,H3K27ac,SVA,-0.014844849582592782,0.30066907210395244,-0.04293555006161853,0.013269303393242513
766,HAP-1,H3K27ac,RTE-BovB,0.01427362753283381,0.33389882648645786,-0.014680621558036355,0.043203958970668185
767,HAP-1,H3K27ac,tRNA-RTE,0.020584384560081288,0.2002201846766458,-0.010917492748416385,0.05204544293036888
768,HAP-1,H3K27ac,hAT-Ac,0.004226761707182106,0.8160662934259777,-0.03138111634960026,0.039823924398293416
769,HAP-1,H3K27ac,hAT,0.0003906472586823993,0.9838516960603645,-0.03742365369438109,0.038203831054864655
770,HAP-1,H3K27ac,MULE-MuDR,0.0008319472358269246,0.9681911040280055,-0.04004139278312337,0.041702507689993354
771,HAP-1,H3K27ac,PiggyBac,0.02876114834843825,0.18926052598692295,-0.014193253237810838,0.07160959081789918
772,HAP-1,H3K27ac,5S-Deu-L2,0.028983808388364164,0.20906665267687013,-0.016255447568166954,0.07410463945855374
773,HAP-1,H3K27ac,Helitron,0.025862116156107787,0.28912144822705793,-0.021969040548453958,0.07357515038311875
774,HAP-1,H3K27ac,hAT-Tag1,0.001329061626460627,0.9565758336689041,-0.04648414819063359,0.04913619546140883
775,HAP-1,H3K27ac,tRNA,0.0183855208264676,0.4763118084551088,-0.032211588292806,0.06888863670178874
776,HAP-1,H3K27ac,Penelope,-0.03319401199188335,0.3967197325581253,-0.10960235064466424,0.043604323506564534
777,HAP-1,H3K27ac,TcMar-Tc1,0.06861085243486327,0.08094448449711635,-0.00854524948695729,0.14495484002367084
778,HAP-1,H3K27ac,Dong-R4,-0.016351451712227627,0.7358796685040672,-0.1109725472179641,0.07856342547126284
779,HAP-1,H3K27ac,tRNA-Deu,-0.17226584338046225,0.000403291782024326,-0.2644833542070929,-0.07692658821647358
780,HAP-1,H3K27ac,Kolobok,-0.05640037121387768,0.290625863698911,-0.15992336767503598,0.048349745149312714
781,HAP-1,H3K27ac,PIF-Harbinger,0.0560651094810136,0.2962787144259413,-0.04928715333208455,0.16018352516296064
782,HAP-1,H3K27ac,Crypton,-0.03234063798945694,0.5879648843836205,-0.14840859363844422,0.08460620638849223
783,HAP-1,H3K27ac,Merlin,0.05932763630399552,0.39121285484294366,-0.07647159993267777,0.1929659134295268
784,HAP-1,H3K27ac,TcMar,-0.045853206843198366,0.5169893759487325,-0.1828179731009951,0.09285751289685963
785,HAP-1,H3K27ac,L1-Tx1,-0.05177018565485787,0.5479695725787153,-0.21770439498593208,0.11707269016198463
786,HAP-1,H3K27ac,Crypton-A,0.02004502791310895,0.820229495882278,-0.15202008789843593,0.19093088216557838
787,HAP-1,H3K27ac,I-Jockey,-0.0898155870632935,0.3530080474704491,-0.273654897867048,0.10035484566999667
788,HAP-1,H3K27ac,hAT-Tip100?,0.06091589861751153,0.6353119194572361,-0.189938601272108,0.30430424556456953
789,HAP-1,H3K27ac,TcMar-Pogo,-0.07404692082111436,0.6871239709469288,-0.4125143666306788,0.2823851624630676
790,HAP-1,H3K27ac,hAT?,-0.06016042780748663,0.73945799530583,-0.39557797370782155,0.2894164944837593
791,HAP-1,H3K27ac,hAT-hAT19,0.05294117647058824,0.8456104411493658,-0.4549988507346061,0.5348883254111099
792,HAP-1,H3K4me1,Alu,-0.0002338665938398127,0.8064023695650262,-0.0021042293148469653,0.0016364977634196224
793,HAP-1,H3K4me1,L1,-0.0022582480372494284,0.10163587263181381,-0.004962040184499829,0.0004455771283808752
794,HAP-1,H3K4me1,MIR,0.0041038353865158585,0.0032091857053285606,0.0013744512106652652,0.006833158419351288
795,HAP-1,H3K4me1,L2,0.0013189205196139646,0.4310815042408789,-0.001964325068888046,0.0046021376731735205
796,HAP-1,H3K4me1,ERVL-MaLR,-0.001439647180448083,0.4735915844048809,-0.005376904614031065,0.002497654888543367
797,HAP-1,H3K4me1,hAT-Charlie,-0.0028139265651517848,0.18743408654580937,-0.006997699376289201,0.001369944758772797
798,HAP-1,H3K4me1,ERV1,-0.004564175920777035,0.13801198789980948,-0.010595043438511536,0.0014670236327521025
799,HAP-1,H3K4me1,ERVL,0.0011520893720801486,0.7127419644589319,-0.0049809693228208595,0.007285061397769312
800,HAP-1,H3K4me1,TcMar-Tigger,-0.004686921526401533,0.14078033332367823,-0.010923452202744302,0.001549973768469892
801,HAP-1,H3K4me1,hAT-Tip100,0.0019443841707772573,0.6541101129957968,-0.006560966408822435,0.010449453441272013
802,HAP-1,H3K4me1,CR1,-0.0031688489269611196,0.502219742224171,-0.012424381345030102,0.006087226446537402
803,HAP-1,H3K4me1,Gypsy,0.0031701485612142836,0.6916303935555479,-0.012494411274364518,0.018833152763477214
804,HAP-1,H3K4me1,hAT-Blackjack,-0.0063159180457878356,0.4390693722292903,-0.02231123151422019,0.009682628060685122
805,HAP-1,H3K4me1,TcMar-Mariner,0.0013074401490007432,0.8738633762772935,-0.014833396729320788,0.01744759580899653
806,HAP-1,H3K4me1,RTE-X,0.013666703997632352,0.1846601907411482,-0.006527308629770491,0.033849574181066704
807,HAP-1,H3K4me1,ERVK,-0.011865424231755906,0.3147978557212169,-0.03498949706658787,0.0112713467834258
808,HAP-1,H3K4me1,TcMar-Tc2,0.02309512440576232,0.06243867439598548,-0.0012031563439544456,0.04736615018682945
809,HAP-1,H3K4me1,SVA,0.01724385660795691,0.22920551166766914,-0.010867677331572475,0.04532815465113523
810,HAP-1,H3K4me1,RTE-BovB,0.004484761798692615,0.7614626676389221,-0.02446842762186477,0.0334304339836325
811,HAP-1,H3K4me1,tRNA-RTE,0.014381352853860932,0.3709781129847114,-0.017127633075410525,0.04586180266299955
812,HAP-1,H3K4me1,hAT-Ac,0.022677650546097394,0.21197516257891832,-0.012940368781362194,0.058238193467123084
813,HAP-1,H3K4me1,hAT,-0.010197409724235244,0.5971104673139318,-0.04797957621845515,0.027613895697109824
814,HAP-1,H3K4me1,MULE-MuDR,-0.01990758522851051,0.33971674096221294,-0.06071645136373628,0.020967721926073053
815,HAP-1,H3K4me1,PiggyBac,-0.01823874920911983,0.4051922703672114,-0.06112246311379672,0.024712174780044935
816,HAP-1,H3K4me1,5S-Deu-L2,-0.014157904690340924,0.53965738173016,-0.05934267525384756,0.03108476290861439
817,HAP-1,H3K4me1,Helitron,0.01166963766756059,0.6324666411534782,-0.03614816668466815,0.05943412801670229
818,HAP-1,H3K4me1,hAT-Tag1,-0.009977889146782156,0.6826869370663315,-0.057761756643224235,0.037851591374288965
819,HAP-1,H3K4me1,tRNA,0.050692557427205215,0.04942524640735087,9.749357311891726e-05,0.10102875219814324
820,HAP-1,H3K4me1,Penelope,-0.04793008669807192,0.2216263927486208,-0.12430016107191671,0.029004511091933572
821,HAP-1,H3K4me1,TcMar-Tc1,0.042170539852053365,0.28339636164091864,-0.03493823667831025,0.11878020263000134
822,HAP-1,H3K4me1,Dong-R4,-0.04811305517618209,0.32069296809234643,-0.14230501779589189,0.04694246365599215
823,HAP-1,H3K4me1,tRNA-Deu,-0.09387805400029459,0.055132438216209785,-0.18830367560060096,0.0022672830561267267
824,HAP-1,H3K4me1,Kolobok,-0.05676962071052554,0.287474025795161,-0.1602853732938419,0.04798126000984648
825,HAP-1,H3K4me1,PIF-Harbinger,-0.007234833741680459,0.8928690605611933,-0.11213112180343215,0.09782091780022467
826,HAP-1,H3K4me1,Crypton,0.03872029382584286,0.5165086894325968,-0.0782740361672332,0.15466259657741788
827,HAP-1,H3K4me1,Merlin,-0.0064077219693562185,0.9262804757481133,-0.1413553156750896,0.12877366582862285
828,HAP-1,H3K4me1,TcMar,0.05423575076901644,0.44331006332609335,-0.0845489392936943,0.19095615462136176
829,HAP-1,H3K4me1,L1-Tx1,0.0151425167777495,0.8605887885444645,-0.15297091558847722,0.18240417107180604
830,HAP-1,H3K4me1,Crypton-A,-0.09474545350620883,0.2817297545676891,-0.26237455259181175,0.0784343904276335
831,HAP-1,H3K4me1,I-Jockey,-0.06363636363636363,0.5109299609978548,-0.24894109837536404,0.12616284166472003
832,HAP-1,H3K4me1,hAT-Tip100?,0.08174923195084487,0.5241649954605923,-0.16985813687997559,0.32335086561615645
833,HAP-1,H3K4me1,TcMar-Pogo,-0.0219941348973607,0.9048936616672865,-0.3679049082561168,0.32926397435137567
834,HAP-1,H3K4me1,hAT?,-0.21758021390374332,0.22385304871533357,-0.5249611772648298,0.1400087683146134
835,HAP-1,H3K4me1,hAT-hAT19,-0.02058823529411765,0.9396737397890448,-0.5111202153779418,0.48006032055761466
836,HAP-1,H3K9me3,Alu,-0.0007181288109894786,0.4515449866836646,-0.002587715540419443,0.0011514629386861533
837,HAP-1,H3K9me3,L1,0.00041164380972129035,0.7653516027512449,-0.00229158115972735,0.0031148627630695736
838,HAP-1,H3K9me3,MIR,-0.0014789424481357375,0.28814491523292884,-0.004207857310163425,0.0012499944414167247
839,HAP-1,H3K9me3,L2,-0.0005078643839783808,0.7617439710824377,-0.0037909096811479135,0.002775191861147646
840,HAP-1,H3K9me3,ERVL-MaLR,0.000508247109395288,0.8002176099567875,-0.0034280611303581575,0.004444539599115081
841,HAP-1,H3K9me3,hAT-Charlie,0.0004888490746556641,0.818830917304229,-0.003694205153105186,0.004671886194776224
842,HAP-1,H3K9me3,ERV1,0.003166053763416124,0.303460560784493,-0.002864201725857897,0.009196078998534698
843,HAP-1,H3K9me3,ERVL,0.0009900139814562005,0.7516485441574224,-0.00514138943271374,0.007121342959072131
844,HAP-1,H3K9me3,TcMar-Tigger,0.001960895888655395,0.5377206855297915,-0.004275536104795049,0.008197175354672808
845,HAP-1,H3K9me3,hAT-Tip100,0.0025819075218701123,0.5518712585762984,-0.0059236309433684815,0.011087072429036848
846,HAP-1,H3K9me3,CR1,0.0008390980517930338,0.8589774754902986,-0.008416945759049149,0.010094998086411969
847,HAP-1,H3K9me3,Gypsy,0.01227206420269799,0.1246457650042625,-0.003392577425643567,0.0279306845765318
848,HAP-1,H3K9me3,hAT-Blackjack,0.007460439434530113,0.36075669724638293,-0.008539276483242141,0.02345633644208515
849,HAP-1,H3K9me3,TcMar-Mariner,-0.009624150370479813,0.2421105866943681,-0.025745742406992535,0.006502446426289936
850,HAP-1,H3K9me3,RTE-X,0.0012394017196892305,0.9042541578376544,-0.018953420684511713,0.021431213440634027
851,HAP-1,H3K9me3,ERVK,0.002807941351631845,0.8117868503565361,-0.02030215389263528,0.025915037650476654
852,HAP-1,H3K9me3,TcMar-Tc2,-0.002225149948535223,0.8575334922334275,-0.026514382593932184,0.022066708522989448
853,HAP-1,H3K9me3,SVA,0.006194821990626327,0.6655951793365977,-0.021896116393814797,0.03427598672336862
854,HAP-1,H3K9me3,RTE-BovB,0.01119258340093004,0.44878135014106746,-0.017770267559028496,0.04013666645361088
855,HAP-1,H3K9me3,tRNA-RTE,0.001392648059103404,0.930974406342906,-0.030112356204309142,0.03289488797146907
856,HAP-1,H3K9me3,hAT-Ac,0.023344105449580595,0.19869878216136408,-0.012262182915104156,0.05889126820737903
857,HAP-1,H3K9me3,hAT,0.002806305165196161,0.8843942579331754,-0.03501123119960327,0.04061581620542536
858,HAP-1,H3K9me3,MULE-MuDR,-0.011854554858494569,0.5700431131731496,-0.05272019067243885,0.029050719148530482
859,HAP-1,H3K9me3,PiggyBac,0.019579626356424202,0.37154103183686393,-0.023372137547554694,0.06245924084854402
860,HAP-1,H3K9me3,5S-Deu-L2,0.0031320787882606403,0.8920190397007851,-0.04207043705226687,0.04832179877727538
861,HAP-1,H3K9me3,Helitron,0.014760096833505392,0.5451079451389704,-0.03304762156265156,0.06250042495204168
862,HAP-1,H3K9me3,hAT-Tag1,0.0313291179810637,0.19919322347851698,-0.016517576247240356,0.07903265699355237
863,HAP-1,H3K9me3,tRNA,0.025668205323851622,0.3200014710569017,-0.024935372572558387,0.07614057933686756
864,HAP-1,H3K9me3,Penelope,-0.04540052970930121,0.24664633206210185,-0.12174064213659101,0.03147355630021835
865,HAP-1,H3K9me3,TcMar-Tc1,0.05122085983229299,0.19284539991158783,-0.02595255415447478,0.12778736381959907
866,HAP-1,H3K9me3,Dong-R4,0.017069747763387003,0.7247373322433781,-0.07784989036642291,0.11168270244325806
867,HAP-1,H3K9me3,tRNA-Deu,-0.03017682280875336,0.538383560629621,-0.12574955238497043,0.06595089245695795
868,HAP-1,H3K9me3,Kolobok,0.03865511612783696,0.46909130017245326,-0.06603299551686945,0.14250149330678155
869,HAP-1,H3K9me3,PIF-Harbinger,0.1065083015366419,0.04678296755893742,0.0012470895023840149,0.2094351668137901
870,HAP-1,H3K9me3,Crypton,-0.02369147763067023,0.6914824473595649,-0.13991864717053923,0.09317968469286864
871,HAP-1,H3K9me3,Merlin,0.08400043178169608,0.22433667708532057,-0.05189306846747874,0.2168396317894068
872,HAP-1,H3K9me3,TcMar,0.14586208804795855,0.03832931873639009,0.007234601203954406,0.2789887664851089
873,HAP-1,H3K9me3,L1-Tx1,0.19169086773127333,0.02483380549898981,0.02322436498570561,0.34957135920201465
874,HAP-1,H3K9me3,Crypton-A,-0.021403605703757746,0.8082723735612841,-0.19224250407738855,0.15069444610879945
875,HAP-1,H3K9me3,I-Jockey,-0.14517653600222408,0.13201453244404118,-0.3253138867256054,0.04512873514669063
876,HAP-1,H3K9me3,hAT-Tip100?,0.003754578754578754,0.9765099038542722,-0.2422791373230284,0.24933457793226874
877,HAP-1,H3K9me3,TcMar-Pogo,0.02639296187683284,0.8859854893957696,-0.3253513861385,0.3717210813130147
878,HAP-1,H3K9me3,hAT?,-0.058155080213903754,0.7478570431344127,-0.3938612184570376,0.2912398398796572
879,HAP-1,H3K9me3,hAT-hAT19,0.10588235294117648,0.6963341050381157,-0.4126799097165957,0.5726105866457505
880,HAP-1,H3K36me3,Alu,0.00137895492872196,0.14826866656260523,-0.0004905563878698139,0.0032484566062500305
881,HAP-1,H3K36me3,L1,-0.00017542077761687852,0.8987804103553849,-0.00287834354024255,0.002527504548186541
882,HAP-1,H3K36me3,MIR,0.0007623658972932025,0.5839608492467028,-0.0019662436458525085,0.003490964088378608
883,HAP-1,H3K36me3,L2,-0.0008172581958114355,0.6256205723408987,-0.004100280725702759,0.0024657819513911297
884,HAP-1,H3K36me3,ERVL-MaLR,-0.0017581624286157134,0.38129457321563764,-0.005694014457907503,0.002177744072744764
885,HAP-1,H3K36me3,hAT-Charlie,-0.002310646318755936,0.27891307963000433,-0.006493187878920449,0.0018719760866968366
886,HAP-1,H3K36me3,ERV1,-0.0028342443755604036,0.3567759764571262,-0.008862122837532493,0.0031938400614498407
887,HAP-1,H3K36me3,ERVL,0.00037615663833217737,0.9042977940358694,-0.005755617616692316,0.006507902607515423
888,HAP-1,H3K36me3,TcMar-Tigger,-0.00115636592886984,0.7162745288634541,-0.007392278055607632,0.0050796361335640455
889,HAP-1,H3K36me3,hAT-Tip100,-0.0057591459055547165,0.18443512729452405,-0.01426319133397386,0.0027457326210112002
890,HAP-1,H3K36me3,CR1,-0.006811425746905895,0.14920105280661652,-0.0160661873845432,0.0024445028975879786
891,HAP-1,H3K36me3,Gypsy,-0.0017000027282555916,0.8315548871573197,-0.01736295154687504,0.013963780253619214
892,HAP-1,H3K36me3,hAT-Blackjack,-0.004993279166740411,0.5405974687454349,-0.020984317689759197,0.011000313523767286
893,HAP-1,H3K36me3,TcMar-Mariner,-0.010569883859063942,0.19913264152899393,-0.026699188043720432,0.005564922421065617
894,HAP-1,H3K36me3,RTE-X,0.02381878557375201,0.020789064666007002,0.0036231814633112766,0.04399496777539185
895,HAP-1,H3K36me3,ERVK,0.011169125985768672,0.3434353648448025,-0.011938590372355073,0.03426491913161789
896,HAP-1,H3K36me3,TcMar-Tc2,0.003645561688870215,0.7687274303222997,-0.02065258235512842,0.02793940176035057
897,HAP-1,H3K36me3,SVA,-0.003986528929978547,0.78093361885622,-0.03207279254942791,0.024106025650849214
898,HAP-1,H3K36me3,RTE-BovB,-0.043985653869554046,0.002882588868302887,-0.07284411996293365,-0.01505359508408584
899,HAP-1,H3K36me3,tRNA-RTE,0.02661709964173069,0.09771813489610975,-0.004892176766520758,0.05807357445988486
900,HAP-1,H3K36me3,hAT-Ac,0.01211438213729294,0.5046820923874908,-0.02347656548225151,0.047674660750025535
901,HAP-1,H3K36me3,hAT,0.023602616747232213,0.22095832886140712,-0.014200934832702666,0.06133878962960725
902,HAP-1,H3K36me3,MULE-MuDR,-0.012238963320825857,0.5575158709271094,-0.05309478730660194,0.02865776621537686
903,HAP-1,H3K36me3,PiggyBac,-0.005152753069889829,0.8140090090312431,-0.04804984397712853,0.03776331051284469
904,HAP-1,H3K36me3,5S-Deu-L2,0.006863357022201978,0.7660451119208948,-0.038333500109770734,0.05203218989441757
905,HAP-1,H3K36me3,Helitron,0.01700994658792846,0.4855809385954535,-0.030800351005987173,0.0647425845182532
906,HAP-1,H3K36me3,hAT-Tag1,0.01428770679402806,0.558285439215293,-0.033547882085831204,0.06205798411085695
907,HAP-1,H3K36me3,tRNA,0.012191440945715405,0.6367349874475166,-0.03839700118477644,0.06271755025949223
908,HAP-1,H3K36me3,Penelope,-0.060956660118680485,0.11967453405499705,-0.137110797267952,0.01591381995255286
909,HAP-1,H3K36me3,TcMar-Tc1,0.09719222741908098,0.013245025441016694,0.020201614032867594,0.17303694108112608
910,HAP-1,H3K36me3,Dong-R4,0.009184562175569226,0.84973229629975,-0.08567882214085754,0.10388291526384709
911,HAP-1,H3K36me3,tRNA-Deu,-0.09650474374110654,0.0486392948937545,-0.19087067879867828,-0.00037142248058459783
912,HAP-1,H3K36me3,Kolobok,-0.01964333663234839,0.7130288879012479,-0.12378237376954873,0.0849236781968754
913,HAP-1,H3K36me3,PIF-Harbinger,0.021517336874345008,0.6887284265417923,-0.08366382417994131,0.12622432879312492
914,HAP-1,H3K36me3,Crypton,-0.009178879074443303,0.8778206896443479,-0.12564435960007936,0.10753616450718323
915,HAP-1,H3K36me3,Merlin,0.012266776357803648,0.8594036112427944,-0.12301062693629557,0.14709663421562
916,HAP-1,H3K36me3,TcMar,0.016053863759971,0.8206049873924643,-0.12227693169525691,0.15377282448820304
917,HAP-1,H3K36me3,L1-Tx1,0.14213523723469632,0.09755387631847487,-0.027057321300510674,0.3034110640246826
918,HAP-1,H3K36me3,Crypton-A,-0.10408467490007943,0.23676854640048428,-0.2712101138160199,0.06913307977183121
919,HAP-1,H3K36me3,I-Jockey,-0.11422481697711057,0.23694043494314138,-0.29653294839400385,0.07611544643259535
920,HAP-1,H3K36me3,hAT-Tip100?,-0.05688364055299539,0.6578977548997644,-0.30060082185183395,0.19380701526708988
921,HAP-1,H3K36me3,TcMar-Pogo,-0.03189149560117301,0.8624378009547491,-0.37647917834807126,0.320448084179793
922,HAP-1,H3K36me3,hAT?,0.15909090909090912,0.3765234818652653,-0.1970313079704332,0.4781242286931117
923,HAP-1,H3K36me3,hAT-hAT19,0.37058823529411766,0.15765046473782054,-0.17114437003973268,0.7402602748325887
924,HAP-1,H3K27me3,Alu,9.405115612186844e-05,0.9214566179549927,-0.0017755076523777525,0.0019636093071570817
925,HAP-1,H3K27me3,L1,0.0018863605045756693,0.17144661790787977,-0.0008171229473889817,0.004589816382574207
926,HAP-1,H3K27me3,MIR,0.001702162169124741,0.2214684554322638,-0.0010265236725925894,0.004430822663336415
927,HAP-1,H3K27me3,L2,-0.0027901761982288644,0.09577181004285071,-0.006073201390699268,0.0004929091422695862
928,HAP-1,H3K27me3,ERVL-MaLR,-0.0005751915404828324,0.774559333518544,-0.0045112367093845815,0.0033608714507596827
929,HAP-1,H3K27me3,hAT-Charlie,0.0010455039566960697,0.6242090722322902,-0.0031373382284575037,0.00522830955750233
930,HAP-1,H3K27me3,ERV1,0.0017322599612816644,0.5733607863197068,-0.004297062038740993,0.007761456018821404
931,HAP-1,H3K27me3,ERVL,-0.0034729990570394153,0.2669275680220557,-0.009604243734943795,0.0026585067502170067
932,HAP-1,H3K27me3,TcMar-Tigger,-0.0011725915432338932,0.7124816976166877,-0.00740878694829973,0.005063695067773685
933,HAP-1,H3K27me3,hAT-Tip100,-0.010436877189943669,0.01615236830885357,-0.018939460800537423,-0.0019327841013240701
934,HAP-1,H3K27me3,CR1,0.00039683997181377394,0.9330285840119774,-0.008858550514416301,0.009652162470120393
935,HAP-1,H3K27me3,Gypsy,-0.00251632018699613,0.7528699134426153,-0.018178528186721433,0.013147122448499728
936,HAP-1,H3K27me3,hAT-Blackjack,-0.013759332830550823,0.09180561525756097,-0.029748819387428196,0.0022371936801119413
937,HAP-1,H3K27me3,TcMar-Mariner,0.015169004654020107,0.06533362200702188,-0.0009639262840770189,0.03129404152138782
938,HAP-1,H3K27me3,RTE-X,-0.0023867078308231894,0.8168079843722251,-0.022576917377171647,0.017805447771098663
939,HAP-1,H3K27me3,ERVK,0.023479234949448292,0.046530777045732205,0.000357868808737541,0.04657551061624936
940,HAP-1,H3K27me3,TcMar-Tc2,-0.02370296269903061,0.055754142162680674,-0.047963800179136026,0.0005858252004265894
941,HAP-1,H3K27me3,SVA,-0.010206028402585665,0.4766496286684667,-0.03829706577605451,0.017901127176184615
942,HAP-1,H3K27me3,RTE-BovB,0.020660821307938962,0.16179152627396606,-0.00828761893055702,0.04957466012594594
943,HAP-1,H3K27me3,tRNA-RTE,0.009453200104926462,0.5563951781228722,-0.022045531961550027,0.04093318329602182
944,HAP-1,H3K27me3,hAT-Ac,-0.0034607989712454627,0.8489529163245431,-0.03905908956821334,0.032146265206553636
945,HAP-1,H3K27me3,hAT,-0.009994207178579656,0.6045738114646807,-0.04779083572319541,0.02783100096392939
946,HAP-1,H3K27me3,MULE-MuDR,-0.02748726507051402,0.18777106156332285,-0.06830794707718832,0.013425298150651382
947,HAP-1,H3K27me3,PiggyBac,0.01239998632130321,0.5713776298933788,-0.03053562789431431,0.05528992421960661
948,HAP-1,H3K27me3,5S-Deu-L2,0.020073969753181833,0.38423101665547255,-0.02514984669498588,0.06521579172531308
949,HAP-1,H3K27me3,Helitron,0.003836855228162774,0.8749808057149725,-0.043938991983094956,0.05159519311446431
950,HAP-1,H3K27me3,hAT-Tag1,-0.016786901612605425,0.49157907809752466,-0.06454869009433303,0.031051619708763925
951,HAP-1,H3K27me3,tRNA,0.019056225084263724,0.46037197785545714,-0.03154164800272935,0.06955667727156568
952,HAP-1,H3K27me3,Penelope,-0.06572248069127977,0.09333534042142076,-0.1418141128694285,0.0111412671699388
953,HAP-1,H3K27me3,TcMar-Tc1,-0.003321854475429123,0.9326364623932327,-0.08020357480706278,0.0735991559860628
954,HAP-1,H3K27me3,Dong-R4,0.0535181066892105,0.2692700583347815,-0.0415470494732319,0.1476229565156413
955,HAP-1,H3K27me3,tRNA-Deu,-0.016023193539798093,0.743944016558302,-0.11177260505542294,0.08002099783582442
956,HAP-1,H3K27me3,Kolobok,0.07583578563411995,0.15449094332585428,-0.02877582752731354,0.17880418931779007
957,HAP-1,H3K27me3,PIF-Harbinger,0.01290481260101155,0.810154361984265,-0.09220453558078802,0.11772974090484252
958,HAP-1,H3K27me3,Crypton,0.021253871466869176,0.7218381715806715,-0.09559361609399158,0.1375235952750482
959,HAP-1,H3K27me3,Merlin,0.055992836024688415,0.41843094760761734,-0.07978412587039688,0.18972992019481513
960,HAP-1,H3K27me3,TcMar,0.09583617240903379,0.1748574621632958,-0.0430988994694435,0.2311348404559381
961,HAP-1,H3K27me3,L1-Tx1,0.06371804910100942,0.4594703432829583,-0.10529067872728436,0.22914922637712062
962,HAP-1,H3K27me3,Crypton-A,0.07020297259262205,0.4255715278805927,-0.10276854765824261,0.23905344113650057
963,HAP-1,H3K27me3,I-Jockey,0.04532480771012881,0.639791735713124,-0.14410036790456834,0.23154574160857472
964,HAP-1,H3K27me3,hAT-Tip100?,-0.012576804915514593,0.9220671829072071,-0.2595424402375882,0.23593283571178944
965,HAP-1,H3K27me3,TcMar-Pogo,0.13673020527859234,0.4555435234836932,-0.2241879088178817,0.4646655290001898
966,HAP-1,H3K27me3,hAT?,0.016377005347593582,0.9279239648353177,-0.32880191783227436,0.35769594334172655
967,HAP-1,H3K27me3,hAT-hAT19,-0.2411764705882353,0.36820660804263405,-0.6626183746983176,0.2962660669272803
968,HAP-1,H3K4me3,Alu,0.002361438999449803,0.013340883283158533,0.0004910536538269843,0.004231807822887085
969,HAP-1,H3K4me3,L1,0.0008102005047490198,0.5570084956562538,-0.0018936796887253974,0.003514068851567474
970,HAP-1,H3K4me3,MIR,-0.0018319728989813632,0.18834238495581734,-0.004561409271373669,0.0008974907695228767
971,HAP-1,H3K4me3,L2,-0.0037143689265062754,0.026604243465065545,-0.006997618094762576,-0.00043103967543995573
972,HAP-1,H3K4me3,ERVL-MaLR,-0.0008164124520928556,0.684437826700603,-0.004753588369681406,0.0031207887766724796
973,HAP-1,H3K4me3,hAT-Charlie,0.0011719753649803563,0.5830056824769355,-0.0030120498147549316,0.005355959511703871
974,HAP-1,H3K4me3,ERV1,-0.0018751533819177679,0.5422778844468659,-0.00790619703145045,0.00415602668291626
975,HAP-1,H3K4me3,ERVL,0.0047884123195043385,0.12593556945426598,-0.001344383540577906,0.010920847996758706
976,HAP-1,H3K4me3,TcMar-Tigger,-0.0014307428170999676,0.6530229575857975,-0.007668188109063049,0.0048068138052477305
977,HAP-1,H3K4me3,hAT-Tip100,-0.003611256493344976,0.40540027335452333,-0.012117748087489038,0.004895757763649954
978,HAP-1,H3K4me3,CR1,0.01148188575605807,0.015039124387889157,0.0022262533446429193,0.020735551094992106
979,HAP-1,H3K4me3,Gypsy,0.008754643110800145,0.27330250900511605,-0.006909003879990171,0.024413995049837905
980,HAP-1,H3K4me3,hAT-Blackjack,-0.005319055822707163,0.5147049079975339,-0.021317428029795714,0.010682039727400497
981,HAP-1,H3K4me3,TcMar-Mariner,-0.006844862119685235,0.4059467403861172,-0.022984670643107514,0.009298513442070498
982,HAP-1,H3K4me3,RTE-X,0.010679246058005496,0.30004859165593145,-0.009518938515148416,0.03086871984289212
983,HAP-1,H3K4me3,ERVK,-0.0101885556816945,0.3878963450785423,-0.03330611938386057,0.012939904255999907
984,HAP-1,H3K4me3,TcMar-Tc2,0.007920629344265961,0.5229448617256456,-0.01638100533241102,0.032212911671171705
985,HAP-1,H3K4me3,SVA,0.004428943131630482,0.757516540213884,-0.023684102354191237,0.03253498945181219
986,HAP-1,H3K4me3,RTE-BovB,-0.00698925813477823,0.63615171949303,-0.035932208042923595,0.02196540680939865
987,HAP-1,H3K4me3,tRNA-RTE,-0.017747105442591355,0.2694472631900066,-0.04921354259846095,0.013754526225725705
988,HAP-1,H3K4me3,hAT-Ac,0.013172156937544924,0.4684282587720301,-0.022437030990867097,0.04874796542188328
989,HAP-1,H3K4me3,hAT,-0.024973564094690724,0.19570166020344826,-0.06274097192703317,0.012865266451990954
990,HAP-1,H3K4me3,MULE-MuDR,-0.023131636843781656,0.26716135169390415,-0.0639220281151685,0.017735916754284962
991,HAP-1,H3K4me3,PiggyBac,0.025224454783457036,0.24972811226123373,-0.01773989222220407,0.06809581875404175
992,HAP-1,H3K4me3,5S-Deu-L2,0.032145213879463036,0.1636666028827856,-0.013106008894172507,0.0772650373622482
993,HAP-1,H3K4me3,Helitron,0.006746204596849681,0.7821839447061723,-0.04106359602474547,0.054525183059032485
994,HAP-1,H3K4me3,hAT-Tag1,-0.001873800863341433,0.9388075071339782,-0.049679627125023364,0.04594059172097173
995,HAP-1,H3K4me3,tRNA,0.03858236329432393,0.13475991504100368,-0.012005913604835019,0.08897363801655009
996,HAP-1,H3K4me3,Penelope,-0.06303178403924892,0.10756822251954289,-0.13915902435758576,0.01383608993314863
997,HAP-1,H3K4me3,TcMar-Tc1,0.03787111263676653,0.3357858772613901,-0.03929170036656196,0.11458492907101821
998,HAP-1,H3K4me3,Dong-R4,-0.0017697204541935452,0.9708795183634669,-0.09654040586916168,0.09303276515496568
999,HAP-1,H3K4me3,tRNA-Deu,-0.09651189108441029,0.04862254003253252,-0.19087766238919443,-0.0003786039129735713
1000,HAP-1,H3K4me3,Kolobok,0.07413254832682123,0.16398959499964794,-0.030480526779405694,0.17713911462880694
1001,HAP-1,H3K4me3,PIF-Harbinger,0.0638633417941907,0.2340461703374611,-0.04150146943827565,0.16782334041360197
1002,HAP-1,H3K4me3,Crypton,-0.03310702263804557,0.5791454571399748,-0.14916025221184923,0.0838459007081999
1003,HAP-1,H3K4me3,Merlin,0.019580215009032585,0.7773634211456844,-0.11580743966386597,0.15425357936859493
1004,HAP-1,H3K4me3,TcMar,0.06064987100613178,0.3912034707882692,-0.07818159352023363,0.1971737549579481
1005,HAP-1,H3K4me3,L1-Tx1,0.12042139556156346,0.1610084523423733,-0.04888022625909842,0.2829964629261123
1006,HAP-1,H3K4me3,Crypton-A,0.0018416869853588784,0.9833437239631309,-0.16973756990221345,0.17331257552099916
1007,HAP-1,H3K4me3,I-Jockey,0.07771290890556946,0.4218542916382897,-0.11231000021879527,0.2622524260958196
1008,HAP-1,H3K4me3,hAT-Tip100?,0.017905145929339478,0.8892265952065117,-0.23090334920141348,0.2645156601885389
1009,HAP-1,H3K4me3,TcMar-Pogo,0.026759530791788853,0.8844124416102019,-0.32502493430344065,0.3720387063553254
1010,HAP-1,H3K4me3,hAT?,-0.22493315508021391,0.20820318712465566,-0.5307458323852261,0.13270331667032545
1011,HAP-1,H3K4me3,hAT-hAT19,0.0823529411764706,0.761733078752474,-0.43169432608080366,0.5560223806309977
1012,HL-60,H3K27ac,Alu,-0.0004688215474540903,0.6228637556264438,-0.0023372224430088604,0.0013995826213459546
1013,HL-60,H3K27ac,L1,1.2829579308084967e-06,0.9992575871280667,-0.0027011452362884813,0.002703711133410912
1014,HL-60,H3K27ac,MIR,-0.0008799578317898462,0.5272867633589783,-0.003608216358120909,0.001848313794360982
1015,HL-60,H3K27ac,L2,-0.000651503365664785,0.6972630825653985,-0.003933915892138394,0.0026309231997716405
1016,HL-60,H3K27ac,ERVL-MaLR,-0.0007895984263300812,0.6940571375099159,-0.004723886512323561,0.003144714103622829
1017,HL-60,H3K27ac,hAT-Charlie,0.0006600406777696854,0.7570426755167631,-0.0035215780998541224,0.004841636372653284
1018,HL-60,H3K27ac,ERV1,0.006403467886513358,0.037203286262130694,0.0003797034252306063,0.012426767655471124
1019,HL-60,H3K27ac,ERVL,0.000492333835174378,0.874886363230289,-0.00563608622787667,0.006620716916751625
1020,HL-60,H3K27ac,TcMar-Tigger,0.0010980428546447985,0.729888456117479,-0.0051350241872257,0.007331024577180459
1021,HL-60,H3K27ac,hAT-Tip100,-0.008679170157491587,0.045401966851067205,-0.017179615281653248,-0.00017747048226988293
1022,HL-60,H3K27ac,CR1,-0.002621072260170932,0.5788034929404533,-0.011874610201841877,0.006632914580523892
1023,HL-60,H3K27ac,Gypsy,-0.01042138422197186,0.19211291706185635,-0.026076453945013643,0.005238795894450245
1024,HL-60,H3K27ac,hAT-Blackjack,0.002348871749517856,0.773560766894837,-0.013651203523611995,0.018347744472750338
1025,HL-60,H3K27ac,TcMar-Mariner,-0.01262035938633275,0.1250377721642472,-0.02873982116289149,0.0035056645791998672
1026,HL-60,H3K27ac,RTE-X,0.020052105559226117,0.05156493966861549,-0.00013803427840475998,0.0402259039073501
1027,HL-60,H3K27ac,ERVK,0.0029989575955775044,0.7991252180342839,-0.02009677620088571,0.026091492440955256
1028,HL-60,H3K27ac,TcMar-Tc2,-0.004408299818233136,0.7219446394652688,-0.028681074005395355,0.019869670036341932
1029,HL-60,H3K27ac,SVA,0.014729287548530992,0.30390134999081964,-0.01335308722776251,0.042788444879967316
1030,HL-60,H3K27ac,RTE-BovB,0.008212791390266119,0.5781087334663533,-0.020729866261606767,0.037141695312971935
1031,HL-60,H3K27ac,tRNA-RTE,0.016937633381985513,0.2919642441693572,-0.014567927603431816,0.048409595984344266
1032,HL-60,H3K27ac,hAT-Ac,-0.009106142813171054,0.6160412702489787,-0.044671930120194166,0.026482698517941577
1033,HL-60,H3K27ac,hAT,0.010728996020185939,0.5779904238635216,-0.02706869213133874,0.04849604920502537
1034,HL-60,H3K27ac,MULE-MuDR,-0.011306687338483626,0.5876751772338418,-0.05213811605942583,0.029562482199008033
1035,HL-60,H3K27ac,PiggyBac,-0.009936778720134262,0.6501317511334821,-0.05283302037073261,0.03299606683515573
1036,HL-60,H3K27ac,5S-Deu-L2,-0.028036422031712357,0.2243429730442092,-0.07316101560416538,0.017202728595017088
1037,HL-60,H3K27ac,Helitron,-0.01686948348117718,0.4888040692911799,-0.06456014917081565,0.030898063685003748
1038,HL-60,H3K27ac,hAT-Tag1,-0.017124905566937368,0.4826366355913885,-0.0648571408488526,0.03068551407582596
1039,HL-60,H3K27ac,tRNA,-0.009938349719520635,0.7000590332190824,-0.06043852254802047,0.0406125699595013
1040,HL-60,H3K27ac,Penelope,-0.0035149092944033226,0.928457739984617,-0.08010129613199496,0.07311273348732907
1041,HL-60,H3K27ac,TcMar-Tc1,0.08644782137026776,0.02765273716614234,0.009406173408179033,0.16246922714523482
1042,HL-60,H3K27ac,Dong-R4,0.017778477758037228,0.7138000191040559,-0.07714578645449037,0.1123833290305868
1043,HL-60,H3K27ac,tRNA-Deu,-0.09072607560334302,0.06385830817561876,-0.18522202108602134,0.005432333431704421
1044,HL-60,H3K27ac,Kolobok,0.12188243593371267,0.021623819854442075,0.017635894493105066,0.22350757365748625
1045,HL-60,H3K27ac,PIF-Harbinger,-0.053031381434620696,0.323226608086841,-0.15720888182849171,0.05231339337551788
1046,HL-60,H3K27ac,Crypton,-0.011141300283419975,0.8519727507479475,-0.12757667102356687,0.10559698353313533
1047,HL-60,H3K27ac,Merlin,0.050798697761649664,0.4629582535374699,-0.08493907641675677,0.18468531762242724
1048,HL-60,H3K27ac,TcMar,0.02917013789560502,0.681023913716685,-0.10969657660193334,0.16691991905727266
1049,HL-60,H3K27ac,L1-Tx1,-0.04251992575240771,0.6217680557380313,-0.20881996360467261,0.12617006893111737
1050,HL-60,H3K27ac,Crypton-A,0.022714139486092827,0.7967798507165977,-0.14941524465106423,0.1935073099125283
1051,HL-60,H3K27ac,I-Jockey,0.026364563061810772,0.7855235551843245,-0.16257545039132748,0.213439519352897
1052,HL-60,H3K27ac,hAT-Tip100?,0.07657342657342658,0.5443373378266376,-0.17086415309197536,0.31492555006315137
1053,HL-60,H3K27ac,TcMar-Pogo,0.0439882697947214,0.811066317896712,-0.30961136993224053,0.3868997751218282
1054,HL-60,H3K27ac,hAT?,0.21122994652406418,0.23799698630972407,-0.14629270853609286,0.5199467100299089
1055,HL-60,H3K27ac,hAT-hAT19,-0.36764705882352944,0.1612323576755899,-0.7385874928749977,0.1741709805150552
1056,MG63,H3K9me3,Alu,0.0007024368834785934,0.46030789572593966,-0.0011622206811249883,0.002567089563419761
1057,MG63,H3K9me3,L1,-0.0021234334072413124,0.12273736718749259,-0.004819981194090874,0.0005731452606409438
1058,MG63,H3K9me3,MIR,0.0011416870525186485,0.41232495155576454,-0.0015878100831665399,0.0038711671767975627
1059,MG63,H3K9me3,L2,-0.0005072508595475979,0.7619470247367016,-0.003789214336163115,0.0027747235445935155
1060,MG63,H3K9me3,ERVL-MaLR,0.004903312127943259,0.01445816510772142,0.0009737839596041113,0.008832688872512645
1061,MG63,H3K9me3,hAT-Charlie,0.0018743883627931465,0.37948256473597286,-0.0023057771164685906,0.0060544883375385885
1062,MG63,H3K9me3,ERV1,0.0034214431820197896,0.26313082905086643,-0.0025712362420847977,0.009413876870175279
1063,MG63,H3K9me3,ERVL,0.00402843543156626,0.19735188999703823,-0.002096332382881244,0.010152901020392454
1064,MG63,H3K9me3,TcMar-Tigger,-0.0011940951478481919,0.707187119975941,-0.0074244262472546165,0.005036328655513644
1065,MG63,H3K9me3,hAT-Tip100,0.0030380673408110497,0.483823802222332,-0.00546636673731413,0.011542061978722772
1066,MG63,H3K9me3,CR1,-0.006966947696799594,0.13989977440116458,-0.0162162170674416,0.00228351391595865
1067,MG63,H3K9me3,Gypsy,0.005940722433377281,0.45708608997479705,-0.00971672136781303,0.021595253871471563
1068,MG63,H3K9me3,hAT-Blackjack,0.006471547548152315,0.42744491805945706,-0.00951211232900033,0.022451901302741592
1069,MG63,H3K9me3,TcMar-Mariner,-0.002849810723010196,0.728992028918066,-0.01896927685382476,0.013271136529522174
1070,MG63,H3K9me3,RTE-X,0.002861758502803968,0.7811620867495198,-0.0173273391486253,0.02304852350106558
1071,MG63,H3K9me3,ERVK,-0.014502790036794383,0.2133238715028329,-0.03733049727430576,0.00834004532954545
1072,MG63,H3K9me3,TcMar-Tc2,-0.01875472276596062,0.1299402594819135,-0.04300927838489387,0.00552192691165981
1073,MG63,H3K9me3,SVA,-0.003266283700876789,0.8187408238285608,-0.031193087244083102,0.024665615617174095
1074,MG63,H3K9me3,RTE-BovB,0.02332247580996153,0.11433369602343958,-0.005631970345371533,0.05223784822436199
1075,MG63,H3K9me3,tRNA-RTE,-0.021780069125936222,0.1754744430504283,-0.05325092784006141,0.00973401195617699
1076,MG63,H3K9me3,hAT-Ac,0.00468575999045088,0.7961810587569625,-0.030863977245772962,0.04022365733593579
1077,MG63,H3K9me3,hAT,-0.026706050451176633,0.16629638052120885,-0.06445440643269006,0.011118622785600505
1078,MG63,H3K9me3,MULE-MuDR,0.002870040514507341,0.8905583717629718,-0.03799758726490166,0.043728083592425186
1079,MG63,H3K9me3,PiggyBac,0.00554139928832504,0.8000792797196171,-0.03733415936138183,0.04839659333100331
1080,MG63,H3K9me3,5S-Deu-L2,-0.018514503737324193,0.42237678366424236,-0.06367354362630123,0.026720203314336374
1081,MG63,H3K9me3,Helitron,0.014164647172395434,0.5608654310620589,-0.033571404927021556,0.061836218701649195
1082,MG63,H3K9me3,hAT-Tag1,-0.0319184095544098,0.19126530355863303,-0.07966183732885901,0.01597112424401882
1083,MG63,H3K9me3,tRNA,-0.00459819701524643,0.8589569563511119,-0.05526667342117613,0.04609390074872554
1084,MG63,H3K9me3,Penelope,0.03909081743541872,0.31635418316583597,-0.03742473104900455,0.11515067111373302
1085,MG63,H3K9me3,TcMar-Tc1,-0.019685108574287954,0.6158578880386387,-0.09633077969452251,0.05719263542768625
1086,MG63,H3K9me3,Dong-R4,0.052604280443004,0.27754311206297844,-0.042459539778763745,0.14672414609879678
1087,MG63,H3K9me3,tRNA-Deu,-0.07885180244191974,0.10786359013112182,-0.17371276634086413,0.017458977007507155
1088,MG63,H3K9me3,Kolobok,-0.08677854094137881,0.10309514263866018,-0.18949110123410454,0.01781266073349769
1089,MG63,H3K9me3,PIF-Harbinger,-0.020304431119756276,0.706245141186859,-0.12532982552543284,0.08517099749251764
1090,MG63,H3K9me3,Crypton,0.06374202460302703,0.28522834022560395,-0.05336984421504106,0.17912422157121663
1091,MG63,H3K9me3,Merlin,0.09590185557107152,0.16514286814227636,-0.039992325275493804,0.22831270968435752
1092,MG63,H3K9me3,TcMar,0.03980270328928411,0.5709670305726082,-0.09781964431435167,0.1759313296145236
1093,MG63,H3K9me3,L1-Tx1,0.015405074994265505,0.8587191918827398,-0.15333525309219653,0.18327246764387436
1094,MG63,H3K9me3,Crypton-A,0.0849234517295107,0.33672248100062385,-0.0888684135902269,0.2536972598724056
1095,MG63,H3K9me3,I-Jockey,-0.01238068761004541,0.8983287278777026,-0.2000236081387299,0.1761382822802249
1096,MG63,H3K9me3,hAT-Tip100?,-0.023260073260073257,0.8552392229175145,-0.2675711970157396,0.22386120034612553
1097,MG63,H3K9me3,TcMar-Pogo,0.02639296187683284,0.8859854893957696,-0.3253513861385,0.3717210813130147
1098,MG63,H3K9me3,hAT?,0.09518716577540105,0.5923112968764104,-0.25180603232357984,0.4204945289003951
1099,MG63,H3K9me3,hAT-hAT19,-0.19999999999999998,0.45768790507519985,-0.6361845599460967,0.3330658485106412
1100,MG63,H3K36me3,Alu,-0.0008879443604394784,0.3506123176609137,-0.002752450012904188,0.0009765674657169314
1101,MG63,H3K36me3,L1,7.216951998229411e-05,0.9581706173528411,-0.0026247045475936803,0.002769042537762108
1102,MG63,H3K36me3,MIR,0.0008390205039223048,0.5468358665154414,-0.0018903194564337468,0.0035683479641016006
1103,MG63,H3K36me3,L2,-3.756936284438787e-05,0.9821002358960853,-0.0033195569336356085,0.00324441901729949
1104,MG63,H3K36me3,ERVL-MaLR,0.0014316946959131184,0.4751451665394728,-0.002497647256473434,0.005360992438752585
1105,MG63,H3K36me3,hAT-Charlie,0.0010715553505550937,0.6153418285380114,-0.003108270804069646,0.0052513440632994445
1106,MG63,H3K36me3,ERV1,0.0019919877771448925,0.5147113735725874,-0.004000507032165562,0.007984339524764716
1107,MG63,H3K36me3,ERVL,0.0021285847512345947,0.4957516134472374,-0.003995926306014018,0.008252936127045989
1108,MG63,H3K36me3,TcMar-Tigger,-0.003430498097117219,0.28048087258543686,-0.0096602534251912,0.0027995235197154173
1109,MG63,H3K36me3,hAT-Tip100,0.00132350574549437,0.7603420842607931,-0.0071805318191934114,0.009827351885845319
1110,MG63,H3K36me3,CR1,-0.001704948811398608,0.7180025733138921,-0.01095787082101436,0.007548265152001301
1111,MG63,H3K36me3,Gypsy,-0.009277652385420476,0.24553186870585164,-0.02493226799987268,0.006381512234653734
1112,MG63,H3K36me3,hAT-Blackjack,0.017407649508038744,0.03275848173413373,0.0014264523929817577,0.03337995709462224
1113,MG63,H3K36me3,TcMar-Mariner,0.007586080294272345,0.3562951660132694,-0.008532774168944983,0.023700993502174302
1114,MG63,H3K36me3,RTE-X,-0.002369617128843035,0.8180587979716135,-0.022555550936864142,0.017818247979681887
1115,MG63,H3K36me3,ERVK,0.0035238082832279123,0.7624079209714717,-0.019319791775982646,0.02636373123056641
1116,MG63,H3K36me3,TcMar-Tc2,-0.003376734188676985,0.7851384665555228,-0.027646539801673413,0.02089705007314818
1117,MG63,H3K36me3,SVA,0.0028240585387073803,0.8430159698095123,-0.025121743862317775,0.030765450602717636
1118,MG63,H3K36me3,RTE-BovB,0.009867039969138292,0.5041608532279775,-0.019085825184153506,0.03880337050420693
1119,MG63,H3K36me3,tRNA-RTE,0.0005331948136582728,0.9735409763173917,-0.030966926526531154,0.03203225805583022
1120,MG63,H3K36me3,hAT-Ac,-0.009813467165713158,0.5885987496557663,-0.04534874936415407,0.025746618755354004
1121,MG63,H3K36me3,hAT,-0.02959742559888837,0.12506838082329894,-0.06734405751768964,0.0082338107854554
1122,MG63,H3K36me3,MULE-MuDR,0.013141791091986293,0.5284630725874013,-0.02772018754078169,0.053959923511734224
1123,MG63,H3K36me3,PiggyBac,0.030068749679603334,0.16879060776241447,-0.012772553670569668,0.07279986229547232
1124,MG63,H3K36me3,5S-Deu-L2,-0.01613410104442715,0.4843493563804757,-0.06128879295324602,0.02908649717798801
1125,MG63,H3K36me3,Helitron,0.008647318998412722,0.722416149456546,-0.03905240033544979,0.056307717975539406
1126,MG63,H3K36me3,hAT-Tag1,0.017290757723488235,0.47866790826095706,-0.030548300565790065,0.0650507807264266
1127,MG63,H3K36me3,tRNA,-0.05168478948331324,0.04563676790247706,-0.1021319480090894,-0.0009724730420823788
1128,MG63,H3K36me3,Penelope,0.01026249055969383,0.7925851691387906,-0.06616608937961158,0.08657135254797464
1129,MG63,H3K36me3,TcMar-Tc1,-0.01842581387370365,0.638363206824125,-0.09502297807832616,0.05838824934506942
1130,MG63,H3K36me3,Dong-R4,0.0010006095108575396,0.9835326432771438,-0.0937951159712385,0.09577835497233923
1131,MG63,H3K36me3,tRNA-Deu,-0.07864932341850234,0.10877387209181603,-0.17351442123772845,0.01766189018474287
1132,MG63,H3K36me3,Kolobok,-0.017412619557530307,0.7437082764628822,-0.12128866707141393,0.08684067950226139
1133,MG63,H3K36me3,PIF-Harbinger,-0.028243883514829284,0.6000480207525587,-0.1331512762632192,0.07728939708534162
1134,MG63,H3K36me3,Crypton,0.0790636288539299,0.18475811481199253,-0.038065760482871504,0.1940499203132622
1135,MG63,H3K36me3,Merlin,0.12572918815928888,0.06834693902654969,-0.010036678540275457,0.2569435180012575
1136,MG63,H3K36me3,TcMar,0.09116824197391536,0.19358112454337764,-0.04673267666208908,0.22565912918154166
1137,MG63,H3K36me3,L1-Tx1,0.07276295510047884,0.39811873796401787,-0.09634748413835705,0.23779045873926366
1138,MG63,H3K36me3,Crypton-A,0.013188890088178013,0.8816084028401779,-0.1593664689119002,0.1849622646785527
1139,MG63,H3K36me3,I-Jockey,-0.05898433880085257,0.5423615663286647,-0.24453032775923048,0.13072870370999842
1140,MG63,H3K36me3,hAT-Tip100?,-0.1402930402930403,0.26885510003134233,-0.37429101482086,0.11050186841433672
1141,MG63,H3K36me3,TcMar-Pogo,-0.06121700879765395,0.7392623303061464,-0.40162977735260796,0.2940586753844738
1142,MG63,H3K36me3,hAT?,0.12757830404889228,0.4721260965952049,-0.22144213706964969,0.44762541434151365
1143,MG63,H3K36me3,hAT-hAT19,-0.3911764705882353,0.1340712861972552,-0.7518496897061803,0.14968657863417156
1144,MG63,H3K27me3,Alu,-0.00042235246808041516,0.6570454538251691,-0.002286770327231029,0.0014420683273152798
1145,MG63,H3K27me3,L1,-0.0012579907620385291,0.360445799423052,-0.003954063431436454,0.0014381001956986163
1146,MG63,H3K27me3,MIR,0.001174565008758673,0.3989235473466759,-0.0015545194086789356,0.0039036319301947245
1147,MG63,H3K27me3,L2,0.0007900666838887237,0.6369855875226063,-0.0024912290845304874,0.0040713454392445345
1148,MG63,H3K27me3,ERVL-MaLR,0.0007081476604801848,0.7238985956267423,-0.0032208797591671526,0.004637153216524123
1149,MG63,H3K27me3,hAT-Charlie,0.00014365582054033646,0.9462890529184214,-0.004035787018705631,0.004323093641106477
1150,MG63,H3K27me3,ERV1,0.0025833366387308272,0.39807373236951904,-0.003408215169422333,0.008574702974569588
1151,MG63,H3K27me3,ERVL,0.0005453695331349141,0.8614216886998619,-0.005577846149935249,0.006668544320546039
1152,MG63,H3K27me3,TcMar-Tigger,-0.004084586260155107,0.19876090150808073,-0.0103139470926921,0.0021450915980240656
1153,MG63,H3K27me3,hAT-Tip100,0.0049549903197158105,0.25343813051711706,-0.0035488442658952366,0.013458108305864537
1154,MG63,H3K27me3,CR1,0.007947019394401737,0.09218931606446595,-0.0013027035343980112,0.017195382585004436
1155,MG63,H3K27me3,Gypsy,0.005329974976848254,0.5046446006848457,-0.010327399931911185,0.020984736924640007
1156,MG63,H3K27me3,hAT-Blackjack,0.004118362787781791,0.6133632891247409,-0.011856498271616044,0.020091122107129385
1157,MG63,H3K27me3,TcMar-Mariner,0.013703786265634267,0.09552189164560938,-0.0024096344527620222,0.029810092623994935
1158,MG63,H3K27me3,RTE-X,-0.0009607471845789533,0.9256739560342211,-0.021143044662372074,0.019222332997236587
1159,MG63,H3K27me3,ERVK,-0.008943505774550062,0.44255737138625917,-0.03176240781739021,0.013884714624912411
1160,MG63,H3K27me3,TcMar-Tc2,-0.00016460770176536527,0.9893940109206025,-0.024430931005709013,0.024101909463686552
1161,MG63,H3K27me3,SVA,-0.026606443126883067,0.062026789349717046,-0.05451461179480933,0.001343262331664635
1162,MG63,H3K27me3,RTE-BovB,0.0028978766839500673,0.8444270504487115,-0.026041611122077948,0.03183251135481331
1163,MG63,H3K27me3,tRNA-RTE,-0.012941086448929577,0.42097792061208794,-0.04443609353552571,0.01857961933537587
1164,MG63,H3K27me3,hAT-Ac,0.011802010945627895,0.515248475415822,-0.023747744483667343,0.047321956825104886
1165,MG63,H3K27me3,hAT,-0.032406906754369726,0.09299121928303766,-0.07013757830141014,0.005416357643953544
1166,MG63,H3K27me3,MULE-MuDR,0.00042077082682136463,0.9839019620641598,-0.04043413524367185,0.041274272308533096
1167,MG63,H3K27me3,PiggyBac,0.017139424518957672,0.43343269193563116,-0.02574900048105409,0.05996487051022564
1168,MG63,H3K27me3,5S-Deu-L2,0.006648061066482367,0.7732973465411916,-0.038572502034740455,0.05184145007414021
1169,MG63,H3K27me3,Helitron,0.009692870020198197,0.6904071501253677,-0.03799442539378187,0.05733611732847938
1170,MG63,H3K27me3,hAT-Tag1,-0.007387199774992982,0.7618788622548914,-0.05512184345212409,0.04038113439166872
1171,MG63,H3K27me3,tRNA,-0.0026409781685965673,0.9187338205294311,-0.05333196646244587,0.0480635862447073
1172,MG63,H3K27me3,Penelope,-0.03174931760032381,0.41546515657689953,-0.10782394397168943,0.044694955760763946
1173,MG63,H3K27me3,TcMar-Tc1,0.029179931764914645,0.4566406209243796,-0.047668103168853455,0.10568456320658379
1174,MG63,H3K27me3,Dong-R4,-0.029674715524206478,0.5413226280911074,-0.12435410200079847,0.0655401709239673
1175,MG63,H3K27me3,tRNA-Deu,-0.11214094261149911,0.022001757638880164,-0.20624271586104007,-0.015983897600891254
1176,MG63,H3K27me3,Kolobok,0.06039943525059204,0.2563604491292123,-0.044060075374443945,0.16355253321937127
1177,MG63,H3K27me3,PIF-Harbinger,-0.03464820717503725,0.5194315751261815,-0.13930294928426332,0.0707719819762653
1178,MG63,H3K27me3,Crypton,0.0847679661277771,0.1549486092112174,-0.032357293539321874,0.19959657811607665
1179,MG63,H3K27me3,Merlin,0.11827395183290075,0.08655751108210581,-0.01754155868898942,0.24980386727231263
1180,MG63,H3K27me3,TcMar,0.03903310124664717,0.5784409498659904,-0.09858094021409536,0.17518225966158663
1181,MG63,H3K27me3,L1-Tx1,0.04826669052864172,0.5768366425206755,-0.12114720697277664,0.21494829565548682
1182,MG63,H3K27me3,Crypton-A,-0.024444101530170476,0.7825057466699472,-0.19583104093351716,0.14839186156564443
1183,MG63,H3K27me3,I-Jockey,-0.055740895190436485,0.5648242915520145,-0.2414516671850718,0.1339084956665396
1184,MG63,H3K27me3,hAT-Tip100?,-0.01648351648351648,0.8971377921597676,-0.2612502114550996,0.23027487024026927
1185,MG63,H3K27me3,TcMar-Pogo,0.23900293255131963,0.18770392955569784,-0.12474750986462417,0.5461185745251739
1186,MG63,H3K27me3,hAT?,0.03712757830404889,0.8348673196289484,-0.3049758057761441,0.370744415426718
1187,MG63,H3K27me3,hAT-hAT19,-0.10882352941176471,0.688288293957414,-0.5746643593600581,0.4102793190048086
1188,MG63,H3K4me3,Alu,-0.002273984090822473,0.016876443003817285,-0.004139269799871614,-0.0004086825578535221
1189,MG63,H3K4me3,L1,0.00030701854400503036,0.8234297714846475,-0.002389744725146286,0.0030037773475588684
1190,MG63,H3K4me3,MIR,-3.724272622360994e-05,0.9786672084897522,-0.002767032880216323,0.0026925479828165066
1191,MG63,H3K4me3,L2,0.0015532938184575798,0.3536212362950746,-0.0017287693741205971,0.004835323547324313
1192,MG63,H3K4me3,ERVL-MaLR,-0.0015716663415536209,0.43316415627891536,-0.005501774252505536,0.002358490121243122
1193,MG63,H3K4me3,hAT-Charlie,0.0005973039705507595,0.7794602157433127,-0.003583400612265779,0.00477798767375913
1194,MG63,H3K4me3,ERV1,-0.0039514482324415155,0.19626554292882953,-0.009944321533485541,0.0020417089152931097
1195,MG63,H3K4me3,ERVL,0.0017288973826925702,0.5801077651387718,-0.004396203869385795,0.00785386891151002
1196,MG63,H3K4me3,TcMar-Tigger,0.00045941118541944554,0.8850984642858626,-0.005771493500351623,0.0066902801988683435
1197,MG63,H3K4me3,hAT-Tip100,-0.0070556981388239706,0.10394092420369656,-0.015559463767706208,0.0014490881152749
1198,MG63,H3K4me3,CR1,0.0032103532353205174,0.49644081623605485,-0.006041494885437821,0.01246165179181605
1199,MG63,H3K4me3,Gypsy,0.002684947157599517,0.7368061235346983,-0.012972527858650303,0.018341105810414312
1200,MG63,H3K4me3,hAT-Blackjack,0.005850301846001875,0.47311872140913,-0.01013275964025869,0.02183037477307531
1201,MG63,H3K4me3,TcMar-Mariner,0.009433840482009246,0.25146833193156026,-0.006690022006744654,0.025552798826518914
1202,MG63,H3K4me3,RTE-X,-0.0027777442429884774,0.7874411179325645,-0.022965621531600405,0.017412397458553112
1203,MG63,H3K4me3,ERVK,-0.0041648741352783465,0.7209067123257703,-0.02700903236857224,0.01868363192625824
1204,MG63,H3K4me3,TcMar-Tc2,0.014557415026715516,0.23998394247148824,-0.009726759371517334,0.03882442829125087
1205,MG63,H3K4me3,SVA,-0.009629523887757554,0.49980020616827237,-0.03758371707742589,0.018339728536692718
1206,MG63,H3K4me3,RTE-BovB,-0.005855038212850414,0.6919067269740251,-0.034802412048293055,0.023102151750368376
1207,MG63,H3K4me3,tRNA-RTE,-0.010309471981361968,0.5212065765968232,-0.041788206853207895,0.021189709868183724
1208,MG63,H3K4me3,hAT-Ac,-0.012434608926910866,0.49319959477606,-0.04797086980305104,0.02313309008476694
1209,MG63,H3K4me3,hAT,-0.01685954989560614,0.3822519653922706,-0.05463411842789205,0.02096320810574565
1210,MG63,H3K4me3,MULE-MuDR,0.006575036010164225,0.7524322537829198,-0.03427107687991526,0.04739922008574954
1211,MG63,H3K4me3,PiggyBac,0.027723993800615805,0.20496352646277471,-0.015158356971213401,0.07050454529668228
1212,MG63,H3K4me3,5S-Deu-L2,0.010307353087655027,0.6553134954343869,-0.03494268143306116,0.05551521250552558
1213,MG63,H3K4me3,Helitron,0.011838165969220419,0.6265365464727239,-0.035838249362592695,0.05946081719222678
1214,MG63,H3K4me3,hAT-Tag1,0.0027959972940586283,0.908882328358626,-0.04506309104744279,0.0506422805417016
1215,MG63,H3K4me3,tRNA,-0.008956744588707252,0.7290575648182849,-0.059577966238142974,0.04171042587418215
1216,MG63,H3K4me3,Penelope,-0.0025096458761086934,0.9487290447114659,-0.07886936335336633,0.07387934952569003
1217,MG63,H3K4me3,TcMar-Tc1,-0.023044612862370327,0.5572544949470073,-0.09972103396396174,0.05390388540177591
1218,MG63,H3K4me3,Dong-R4,0.027653935841044256,0.5687630010822287,-0.06743895543947329,0.12224893480412174
1219,MG63,H3K4me3,tRNA-Deu,-0.1035595390313717,0.03450802146259271,-0.19787217319548223,-0.007347122365327329
1220,MG63,H3K4me3,Kolobok,-0.03643586836958777,0.493779164802165,-0.1400269866113035,0.06794424870615016
1221,MG63,H3K4me3,PIF-Harbinger,-0.0525925096490393,0.3279517809980159,-0.15692738529384037,0.05290333779252709
1222,MG63,H3K4me3,Crypton,0.15598164541880596,0.008575946868310926,0.03940450084617516,0.2683695647840186
1223,MG63,H3K4me3,Merlin,0.014349669234804307,0.8358431746531805,-0.12096022040960638,0.1491360346036826
1224,MG63,H3K4me3,TcMar,0.009855084980373588,0.8884672571914407,-0.12735521022859875,0.1466952684183791
1225,MG63,H3K4me3,L1-Tx1,0.08839669620044856,0.30613604935387656,-0.08147308915405709,0.2532758577661843
1226,MG63,H3K4me3,Crypton-A,0.10525985172880113,0.2333122606695919,-0.06864044412486646,0.2729522419623687
1227,MG63,H3K4me3,I-Jockey,0.07562783801315912,0.4344525454005188,-0.1143654593611425,0.2602840399585592
1228,MG63,H3K4me3,hAT-Tip100?,-0.025137362637362635,0.8436972331206638,-0.26931951251235714,0.22208161341432456
1229,MG63,H3K4me3,TcMar-Pogo,0.022360703812316713,0.9033158809879338,-0.3289382657810563,0.36822325242262965
1230,MG63,H3K4me3,hAT?,0.04140565317035905,0.8161471655332163,-0.3011114529931335,0.37445969450657224
1231,MG63,H3K4me3,hAT-hAT19,-0.14705882352941177,0.5867933937012053,-0.6009674550471439,0.3785742995295686
1232,VCaP,CTCF,Alu,0.0003747045792641963,0.6932769802683899,-0.0014873267399571962,0.0022367333001669172
1233,VCaP,CTCF,L1,0.003859024223013139,0.005013879164104151,0.0011636654108215056,0.006554326964229703
1234,VCaP,CTCF,MIR,-0.0008651289632525335,0.5338296239849346,-0.003590447873275166,0.0018602027980943008
1235,VCaP,CTCF,L2,-0.0008683658646892836,0.6038787956968465,-0.004148733357801346,0.002412020317185049
1236,VCaP,CTCF,ERVL-MaLR,-0.0041256626195403465,0.03933523600299701,-0.008049602839234974,-0.00020159534538277576
1237,VCaP,CTCF,hAT-Charlie,-0.0012463202147572324,0.5584125800769881,-0.005420470221702157,0.002927873223298056
1238,VCaP,CTCF,ERV1,0.00361505820659444,0.23621315880317353,-0.0023666994884797648,0.009596557205607066
1239,VCaP,CTCF,ERVL,0.004290944316496435,0.16911652599101065,-0.0018253181479800733,0.010406885754902402
1240,VCaP,CTCF,TcMar-Tigger,0.0030665238862865912,0.33411061598179115,-0.0031561743404369814,0.009288984636128515
1241,VCaP,CTCF,hAT-Tip100,-0.00045173854615159647,0.9169931978650494,-0.008946786530625465,0.008043374639019519
1242,VCaP,CTCF,CR1,0.0020683260787708645,0.6610183992493339,-0.007176259421992281,0.011312558063480357
1243,VCaP,CTCF,Gypsy,-0.005380673402042011,0.5003949606974981,-0.021027930601275845,0.010269219089418606
1244,VCaP,CTCF,hAT-Blackjack,-0.006812409978359956,0.40285316199085563,-0.02277035652780137,0.00914900712967177
1245,VCaP,CTCF,TcMar-Mariner,0.006475177521247557,0.4303387842398626,-0.009618019894882316,0.02256502147023576
1246,VCaP,CTCF,RTE-X,0.0017251200987317965,0.8669477470137805,-0.018455030722979732,0.021903865943487054
1247,VCaP,CTCF,ERVK,-0.0056892680231018945,0.624631056562518,-0.028472095238240895,0.017099467026020502
1248,VCaP,CTCF,TcMar-Tc2,-0.003750553663063824,0.7618220614516894,-0.027997791379457217,0.0205010950327064
1249,VCaP,CTCF,SVA,-0.004543386949154104,0.7497551039329231,-0.032451991206116006,0.023372296848374333
1250,VCaP,CTCF,RTE-BovB,0.01371727870631146,0.35255953187914657,-0.015205303373250422,0.042616925229614425
1251,VCaP,CTCF,tRNA-RTE,0.01789204498186192,0.26537009796115685,-0.013597409953765622,0.04934604552393743
1252,VCaP,CTCF,hAT-Ac,-0.0005814027593694703,0.9744166126545548,-0.03610170486538219,0.034940366509997475
1253,VCaP,CTCF,hAT,-0.022473421754853413,0.24358980867115188,-0.06019167388258955,0.01530891575500339
1254,VCaP,CTCF,MULE-MuDR,0.020287044902829322,0.3301694072181768,-0.02055292566533005,0.06105942599829309
1255,VCaP,CTCF,PiggyBac,-0.02826382095646324,0.19595766680255236,-0.07101180272759908,0.014587792063268962
1256,VCaP,CTCF,5S-Deu-L2,0.024699419799024094,0.28405831072334686,-0.02050277425619614,0.06980084378804065
1257,VCaP,CTCF,Helitron,-0.006075355462804661,0.8024606154547427,-0.05363053222140683,0.04150731696848253
1258,VCaP,CTCF,hAT-Tag1,-0.011524487967433016,0.6364054768711321,-0.059246902911830115,0.03625048417135455
1259,VCaP,CTCF,tRNA,-0.02561075476660659,0.320602878926617,-0.0760331407739089,0.024942280802322442
1260,VCaP,CTCF,Penelope,-0.018557252241769545,0.6339009421331082,-0.0946887875426372,0.05779008319990715
1261,VCaP,CTCF,TcMar-Tc1,-0.021887644008205708,0.5760478960830508,-0.0983395908291405,0.054821147631691554
1262,VCaP,CTCF,Dong-R4,0.03127947421589309,0.5186808002621062,-0.06371934093486933,0.12571649802114035
1263,VCaP,CTCF,tRNA-Deu,-0.02660339761699475,0.5875602037118366,-0.12222341789890101,0.06950593817863372
1264,VCaP,CTCF,Kolobok,0.00917459670181802,0.8634280131018235,-0.09515373376894103,0.11330357205526212
1265,VCaP,CTCF,PIF-Harbinger,0.029763013374330162,0.5794782503663433,-0.07547603078169593,0.13434631849525003
1266,VCaP,CTCF,Crypton,0.10535684338488649,0.07681719197975236,-0.011705022399143153,0.21956984729518844
1267,VCaP,CTCF,Merlin,0.043230475001276816,0.5313041105420813,-0.09211754183113081,0.17701002966939236
1268,VCaP,CTCF,TcMar,0.062367329023642684,0.37671168080983974,-0.07612911789137883,0.19850281030359826
1269,VCaP,CTCF,L1-Tx1,-0.02178384868551265,0.8005254183268098,-0.18882889222249333,0.14648640813365746
1270,VCaP,CTCF,Crypton-A,0.039783107995324744,0.6518791834055433,-0.13271487517989855,0.20994195682680258
1271,VCaP,CTCF,I-Jockey,0.10351218608099343,0.28411543984619186,-0.08677471468356854,0.286511910476989
1272,VCaP,CTCF,hAT-Tip100?,0.07623626373626373,0.5493449167151234,-0.17316488959151605,0.3164494715935293
1273,VCaP,CTCF,TcMar-Pogo,-0.23240469208211137,0.2005505194142888,-0.5409997021122653,0.131344757691314
1274,VCaP,CTCF,hAT?,-0.31734148204736434,0.06743190500237967,-0.5976361247058232,0.032074574915590806
1275,VCaP,CTCF,hAT-hAT19,-0.19999999999999998,0.45768790507519985,-0.6361845599460967,0.3330658485106412
1276,VCaP,H3K27ac,Alu,0.000494671163399243,0.6026340609511328,-0.0013676167707477693,0.0023569556663974385
1277,VCaP,H3K27ac,L1,0.0003015982714014387,0.8264218483737874,-0.0023939787366112466,0.002997170896513095
1278,VCaP,H3K27ac,MIR,0.000763858428123532,0.5827889703989,-0.0019615967575964998,0.003489302265841493
1279,VCaP,H3K27ac,L2,-0.002056014037572484,0.21929829940165704,-0.005336442909952764,0.001224459086004159
1280,VCaP,H3K27ac,ERVL-MaLR,0.0033745916575710967,0.09191507161520351,-0.0005498031260514735,0.007298882499438383
1281,VCaP,H3K27ac,hAT-Charlie,0.0018392868695106448,0.3878285052211584,-0.00233521413496693,0.006013723770242645
1282,VCaP,H3K27ac,ERV1,-0.001649181670852293,0.5889871594986382,-0.007631493983762624,0.004333248686735519
1283,VCaP,H3K27ac,ERVL,-0.0013667472755691339,0.6614538773780321,-0.007483856927483314,0.004750464662962425
1284,VCaP,H3K27ac,TcMar-Tigger,-0.004112218966604084,0.1952711470736543,-0.010335043271062116,0.00211092383891095
1285,VCaP,H3K27ac,hAT-Tip100,-0.000850451668741458,0.8444455565246509,-0.009345467571814165,0.007644686982385083
1286,VCaP,H3K27ac,CR1,-0.0085616623990722,0.06949681043809455,-0.017804963765573806,0.0006831022995482659
1287,VCaP,H3K27ac,Gypsy,-0.004916113005216861,0.5381271853782633,-0.02056453761737059,0.010734719684215598
1288,VCaP,H3K27ac,hAT-Blackjack,0.007522876836664716,0.3557278400797058,-0.00844283520027111,0.023484754355499068
1289,VCaP,H3K27ac,TcMar-Mariner,0.009125214865939748,0.266505142181117,-0.0069714259284877084,0.025217127935545213
1290,VCaP,H3K27ac,RTE-X,-0.010034253578936517,0.3298289170574673,-0.030209206984383768,0.010148872417587423
1291,VCaP,H3K27ac,ERVK,-0.0024484469911070263,0.8332642410116844,-0.02523956875376893,0.020345218689979024
1292,VCaP,H3K27ac,TcMar-Tc2,-0.02148858596657315,0.08248259858754305,-0.045720965156097915,0.0027690677634246456
1293,VCaP,H3K27ac,SVA,-0.01570719453463156,0.2700808379758391,-0.04359954617461844,0.012209624450093187
1294,VCaP,H3K27ac,RTE-BovB,0.005136646062022272,0.7277632380671822,-0.02378226829011407,0.03404697114807358
1295,VCaP,H3K27ac,tRNA-RTE,-0.0006271133428101833,0.9688504566003107,-0.03209358787358086,0.03084060309624277
1296,VCaP,H3K27ac,hAT-Ac,0.031571780686125636,0.08142621439409649,-0.00395087328959168,0.06701485556948371
1297,VCaP,H3K27ac,hAT,-0.022756698961868525,0.2376969240816153,-0.06047418493674981,0.015025679775126538
1298,VCaP,H3K27ac,MULE-MuDR,-0.034053869678052275,0.10214810751538483,-0.07478928811828128,0.00679501136461142
1299,VCaP,H3K27ac,PiggyBac,-0.039230641280935355,0.0726135977002292,-0.0819347974499051,0.003617303488312191
1300,VCaP,H3K27ac,5S-Deu-L2,-0.011374332248766852,0.621735655015972,-0.0565072064603359,0.03380493408740812
1301,VCaP,H3K27ac,Helitron,0.007630106317804942,0.7533803309731653,-0.03995532579746797,0.05518100667959868
1302,VCaP,H3K27ac,hAT-Tag1,0.0008080226134236115,0.9735599856259904,-0.04694723513384112,0.04855959514708232
1303,VCaP,H3K27ac,tRNA,-0.05846381514046279,0.023275938696968146,-0.10869810570758734,-0.007931692177819307
1304,VCaP,H3K27ac,Penelope,0.03539517255136277,0.36394202574140055,-0.04105636650518225,0.11143466730113906
1305,VCaP,H3K27ac,TcMar-Tc1,0.002679339225717009,0.9454342768158722,-0.07394369531973329,0.07927092517776106
1306,VCaP,H3K27ac,Dong-R4,-0.013175520951188398,0.7857819994427026,-0.10783174257160172,0.0817174323148096
1307,VCaP,H3K27ac,tRNA-Deu,-0.03846125092476433,0.43287723367578745,-0.133917376367633,0.05770202093993839
1308,VCaP,H3K27ac,Kolobok,0.014269951226514465,0.7887517573961155,-0.08995699264292363,0.11818771556930491
1309,VCaP,H3K27ac,PIF-Harbinger,-0.05391046105463349,0.3152591729557693,-0.1580709871534937,0.05143663353980256
1310,VCaP,H3K27ac,Crypton,-0.07949221600603956,0.183162894694757,-0.19466895656353872,0.0378468194172178
1311,VCaP,H3K27ac,Merlin,0.06542978897154601,0.34310096075032603,-0.07008010100499618,0.19856860859182762
1312,VCaP,H3K27ac,TcMar,-0.08598101480564156,0.22256490315654462,-0.22131662745403888,0.052603846878637936
1313,VCaP,H3K27ac,L1-Tx1,-0.09086443493481432,0.2909762880221094,-0.2550249216721549,0.07838732400875963
1314,VCaP,H3K27ac,Crypton-A,0.07305358375256883,0.4069733696118196,-0.09995015522219051,0.2417697868727639
1315,VCaP,H3K27ac,I-Jockey,0.00927624872579001,0.9237331101586792,-0.1791420110911501,0.19703810621245124
1316,VCaP,H3K27ac,hAT-Tip100?,-0.10595238095238094,0.4046968583535764,-0.34345337890104294,0.14428546818354196
1317,VCaP,H3K27ac,TcMar-Pogo,-0.3940615835777126,0.025639238566633634,-0.6609059391478137,-0.03875851241582971
1318,VCaP,H3K27ac,hAT?,-0.03773873185637892,0.8321872989109551,-0.3712756553392986,0.3044242665881218
1319,VCaP,H3K27ac,hAT-hAT19,0.17941176470588235,0.5061395399904385,-0.35099518391573875,0.622654032375277
1320,C4-2B,CTCF,Alu,0.00015586195296012675,0.8700826926178932,-0.0017119287518789007,0.0020236515703066136
1321,C4-2B,CTCF,L1,-0.0013030645228366915,0.3443053521678312,-0.004003670554210705,0.001397560515913811
1322,C4-2B,CTCF,MIR,-8.070218425001301e-05,0.9537707908087502,-0.0028091321255714475,0.0026477289586193326
1323,C4-2B,CTCF,L2,-0.00048519515421127207,0.7720336921383105,-0.0037675869224141636,0.0027972070691054513
1324,C4-2B,CTCF,ERVL-MaLR,-0.003790445911825928,0.05900643065181222,-0.007724964076721991,0.00014418961374624282
1325,C4-2B,CTCF,hAT-Charlie,0.00043909028552041823,0.8369697258282528,-0.0037432203130948775,0.004621385523298806
1326,C4-2B,CTCF,ERV1,0.00888861155303276,0.0038086470571055534,0.0028679136877336306,0.014908665033335614
1327,C4-2B,CTCF,ERVL,0.0001459169960704097,0.9627841904743448,-0.005983300105689376,0.0062751231344337745
1328,C4-2B,CTCF,TcMar-Tigger,-0.001888013243120893,0.5528149560771566,-0.008122308968744007,0.004346429247199275
1329,C4-2B,CTCF,hAT-Tip100,-0.0037714599873245698,0.3845745561610381,-0.01227232952433033,0.00472995467986386
1330,C4-2B,CTCF,CR1,0.0033282591141808172,0.48087381047960165,-0.005925965388631426,0.012581913577104942
1331,C4-2B,CTCF,Gypsy,-0.018691461342400947,0.019305001142539482,-0.03434167658769146,-0.0030320813626469947
1332,C4-2B,CTCF,hAT-Blackjack,-0.0064451706954495435,0.42966875320297293,-0.022437235789450283,0.009550191870411222
1333,C4-2B,CTCF,TcMar-Mariner,0.01274067172068809,0.12218820677634941,-0.0034160013002766027,0.028890694798895566
1334,C4-2B,CTCF,RTE-X,-0.009372378854743624,0.36288092084815515,-0.029554214694657212,0.010817095407399183
1335,C4-2B,CTCF,ERVK,0.013218404079320782,0.2608967254454399,-0.009827160769218198,0.03624993448866985
1336,C4-2B,CTCF,TcMar-Tc2,-0.0011096538323337479,0.9287329583980726,-0.025422027898452777,0.02320403212015474
1337,C4-2B,CTCF,SVA,0.031955836088448736,0.025532323122749525,0.003905610731817521,0.05995581354296404
1338,C4-2B,CTCF,RTE-BovB,0.024053019965599623,0.10327168578032823,-0.004888655054597072,0.052954433139961524
1339,C4-2B,CTCF,tRNA-RTE,-0.0026813555721787,0.8674975638464041,-0.03416999282749295,0.028812599931348108
1340,C4-2B,CTCF,hAT-Ac,0.010574372282857217,0.5602815915521657,-0.025009692520928956,0.04613167515089723
1341,C4-2B,CTCF,hAT,0.004813439861770695,0.803054350100979,-0.03300653334540467,0.04261964795073101
1342,C4-2B,CTCF,MULE-MuDR,-0.014281446774832927,0.49314124601210196,-0.055079018464970694,0.02656373137630433
1343,C4-2B,CTCF,PiggyBac,-0.010623130269542947,0.62782245075968,-0.05352793727727217,0.032320827438537175
1344,C4-2B,CTCF,5S-Deu-L2,-0.02388671688665487,0.300207317204742,-0.06899113309231214,0.021315155596344445
1345,C4-2B,CTCF,Helitron,-0.004427537223458865,0.8558880990680198,-0.052170178959029846,0.04333529734584373
1346,C4-2B,CTCF,hAT-Tag1,0.004652188876971925,0.8487953797090356,-0.043153681747429305,0.052436804259063455
1347,C4-2B,CTCF,tRNA,-0.04393987667900718,0.08848247307765361,-0.09430076416187227,0.0066453188983571386
1348,C4-2B,CTCF,Penelope,0.02660741110374876,0.4969723924453826,-0.05017477797183822,0.10307692815729924
1349,C4-2B,CTCF,TcMar-Tc1,0.016490028788422983,0.67427960180927,-0.06037550118564824,0.09316114235390337
1350,C4-2B,CTCF,Dong-R4,-0.06342900040340678,0.1902936601127149,-0.157363472106772,0.031642957382971446
1351,C4-2B,CTCF,tRNA-Deu,-0.020214494237159757,0.6802728614805971,-0.1159145488786374,0.07585742001100611
1352,C4-2B,CTCF,Kolobok,-0.0170484681448183,0.7492308173877057,-0.12107596741998437,0.08734944015571403
1353,C4-2B,CTCF,PIF-Harbinger,-0.007942698914185945,0.8824596794932915,-0.11283035080148077,0.09712001763264479
1354,C4-2B,CTCF,Crypton,-0.008720107193267454,0.8838831653418864,-0.1251925312652627,0.10798940741638184
1355,C4-2B,CTCF,Merlin,0.012146056715438383,0.8607731482875469,-0.12312943724078562,0.14697840897641648
1356,C4-2B,CTCF,TcMar,-0.11909181706853744,0.09138786099829521,-0.2534438135785202,0.01976767438152245
1357,C4-2B,CTCF,L1-Tx1,0.05966931021837798,0.4885420340822271,-0.10928722102084552,0.22527480030805186
1358,C4-2B,CTCF,Crypton-A,-0.017326634648871676,0.8448757475113383,-0.18896160230816947,0.15533558670085076
1359,C4-2B,CTCF,I-Jockey,0.10393846724121955,0.28212625380276485,-0.08635119218917325,0.2869112572863782
1360,C4-2B,CTCF,hAT-Tip100?,-0.12814685314685315,0.3090068045750953,-0.36165687827200205,0.12049193339141182
1361,C4-2B,CTCF,TcMar-Pogo,0.28995601173020524,0.10744600542548294,-0.07287960265891115,0.585009825822664
1362,C4-2B,CTCF,hAT?,0.07185828877005349,0.6910782746456152,-0.2787424928631532,0.40555764051974746
1363,C4-2B,CTCF,hAT-hAT19,-0.06764705882352941,0.8034203137966691,-0.5455111301042209,0.4434098601134071
1364,C4-2B,H3K27ac,Alu,0.0010011606792649363,0.29339709321835844,-0.0008663967183992365,0.0028687110933105905
1365,C4-2B,H3K27ac,L1,-0.001547139535252816,0.2619878434628704,-0.00425044853061044,0.001156192072966749
1366,C4-2B,H3K27ac,MIR,0.0005897615054967786,0.677022729748475,-0.002185338842657879,0.003364852769956698
1367,C4-2B,H3K27ac,L2,-0.00016649616092102444,0.9208276960797429,-0.0034497391656105295,0.0031167504333247174
1368,C4-2B,H3K27ac,ERVL-MaLR,0.0022105007084109673,0.271423444698694,-0.0017288960894717834,0.006149828898308205
1369,C4-2B,H3K27ac,hAT-Charlie,-0.0016684905016023006,0.4388003575826256,-0.0058922713075896275,0.0025553498382131406
1370,C4-2B,H3K27ac,ERV1,0.009211000413908394,0.002786911003756826,0.003173743920174348,0.015247585471681818
1371,C4-2B,H3K27ac,ERVL,0.0005244809149050261,0.8670098954889708,-0.005614121413113906,0.006663043715727922
1372,C4-2B,H3K27ac,TcMar-Tigger,-0.0035934134508761456,0.26526699623638184,-0.009915227029336525,0.0027286873682303417
1373,C4-2B,H3K27ac,hAT-Tip100,0.0031257796156754216,0.4734737520225195,-0.005420677015383613,0.011671779640773873
1374,C4-2B,H3K27ac,CR1,7.524004978779217e-05,0.987323145285978,-0.009205822667930836,0.009356289805450797
1375,C4-2B,H3K27ac,Gypsy,-0.007212558629825266,0.3677779398476383,-0.022905176787532188,0.008483612821422631
1376,C4-2B,H3K27ac,hAT-Blackjack,0.00411379264837297,0.6230840931341761,-0.012291171825682663,0.020516543152506676
1377,C4-2B,H3K27ac,TcMar-Mariner,0.010931063820129093,0.2103648723070138,-0.006174295168070266,0.02803002772348958
1378,C4-2B,H3K27ac,RTE-X,0.00450558022952459,0.6618861787784998,-0.015687218138862792,0.02469470489918247
1379,C4-2B,H3K27ac,ERVK,0.034550486300172045,0.0033538594933248647,0.01146326476101129,0.057600890439208
1380,C4-2B,H3K27ac,TcMar-Tc2,-0.012175167179539943,0.3370632633284594,-0.03701927678939601,0.01268398351078944
1381,C4-2B,H3K27ac,SVA,-0.012403358848762865,0.3864379974731815,-0.04045417183882712,0.015666989859563954
1382,C4-2B,H3K27ac,RTE-BovB,0.022679635541705007,0.12462571419476454,-0.006271754674627296,0.051593036735786635
1383,C4-2B,H3K27ac,tRNA-RTE,0.03219655287034121,0.04765802988287523,0.00032482492965199805,0.06400293621137748
1384,C4-2B,H3K27ac,hAT-Ac,0.01925707592717455,0.29025023763087715,-0.016437128892512733,0.05490225999218945
1385,C4-2B,H3K27ac,hAT,0.017845260594826655,0.36369768876034025,-0.02066515769927653,0.05630280381504494
1386,C4-2B,H3K27ac,MULE-MuDR,-0.02101579273815174,0.313931516723002,-0.061856897766690525,0.0198955724420247
1387,C4-2B,H3K27ac,PiggyBac,-0.03248914181739629,0.14934419360846204,-0.07654322458916017,0.011691544396973718
1388,C4-2B,H3K27ac,5S-Deu-L2,-0.027880099006400615,0.23056091408956444,-0.07335706266443379,0.01771256868018727
1389,C4-2B,H3K27ac,Helitron,-0.03426607274314757,0.16427823436383338,-0.08241587860294637,0.014043332346148123
1390,C4-2B,H3K27ac,hAT-Tag1,0.022063151880798534,0.3659814150523536,-0.025780089485686546,0.06980555300940516
1391,C4-2B,H3K27ac,tRNA,0.004635874777523101,0.8588535446113963,-0.04643340609650146,0.05568098519154656
1392,C4-2B,H3K27ac,Penelope,-0.022894961203359467,0.5610310226185253,-0.09980906102153372,0.054291122129104565
1393,C4-2B,H3K27ac,TcMar-Tc1,0.005864075742533916,0.8850771026492259,-0.07355593519785908,0.08521017722155803
1394,C4-2B,H3K27ac,Dong-R4,-0.003058765700915105,0.949690599529577,-0.0978174316804659,0.09175486322148554
1395,C4-2B,H3K27ac,tRNA-Deu,0.03577173098846484,0.47117574187909483,-0.06155761208600786,0.13242717299989037
1396,C4-2B,H3K27ac,Kolobok,-0.04064403815098336,0.4570819282503884,-0.14688493424223076,0.06652390436801807
1397,C4-2B,H3K27ac,PIF-Harbinger,-0.03967480316553786,0.46722807570908154,-0.14577606166989773,0.06732874849220473
1398,C4-2B,H3K27ac,Crypton,0.0254158349745116,0.6821798675044606,-0.09608722672320931,0.14617259625324772
1399,C4-2B,H3K27ac,Merlin,-0.012502319634091806,0.8647847955620439,-0.15534013055051002,0.13084756089379387
1400,C4-2B,H3K27ac,TcMar,0.12432565497702922,0.09089193512992264,-0.020468412219967792,0.2640116203507241
1401,C4-2B,H3K27ac,L1-Tx1,-0.0459035980174311,0.5942788032367572,-0.21207221212578178,0.12284478875024439
1402,C4-2B,H3K27ac,Crypton-A,-0.17400906050837658,0.056285256674456746,-0.3430876660144438,0.005991962052961358
1403,C4-2B,H3K27ac,I-Jockey,-0.10863682698545085,0.26081903439395215,-0.2913095376420237,0.08167975527050769
1404,C4-2B,H3K27ac,hAT-Tip100?,0.03974358974358974,0.7551884005783751,-0.20819346439792968,0.2828813486556924
1405,C4-2B,H3K27ac,TcMar-Pogo,-0.00689655172413793,0.9716764586923009,-0.3724647246628187,0.3605243630251528
1406,C4-2B,H3K27ac,hAT?,0.134024064171123,0.45712590304009937,-0.2209045453721732,0.45760478274021893
1407,C4-2B,H3K27ac,hAT-hAT19,-0.46363636363636374,0.15090149929248603,-0.8429195731065858,0.22347163507161197
1408,RWPE2,CTCF,Alu,-0.002745156926707266,0.003893906693262459,-0.004609044614826708,-0.0008812501644740869
1409,RWPE2,CTCF,L1,0.0008078719843224485,0.5568914687887749,-0.001887437376119798,0.003503169606924982
1410,RWPE2,CTCF,MIR,0.0006990322635994239,0.615365453101341,-0.0020278730738032035,0.003425927205010998
1411,RWPE2,CTCF,L2,0.001823512666045283,0.27590330198752533,-0.0014567074805206042,0.0051036935715257255
1412,RWPE2,CTCF,ERVL-MaLR,0.002854689526949045,0.1540892646437071,-0.0010710526805295729,0.006780343745862206
1413,RWPE2,CTCF,hAT-Charlie,-0.0017266909591232933,0.4177646639603614,-0.005903149297014842,0.0024498276164814487
1414,RWPE2,CTCF,ERV1,-0.004169474033826134,0.17214671842451956,-0.01015455839621254,0.0018159090600799797
1415,RWPE2,CTCF,ERVL,-0.0017920351856345572,0.5659515295581096,-0.007910672587064183,0.004326736398604662
1416,RWPE2,CTCF,TcMar-Tigger,0.0031014885594636177,0.3288040622814027,-0.003123469330604408,0.009326206090512419
1417,RWPE2,CTCF,hAT-Tip100,-0.0015473751812723371,0.7211220661179549,-0.010043287820620573,0.006948760845210489
1418,RWPE2,CTCF,CR1,0.0035940562541448453,0.44614245852474965,-0.005652039763259698,0.012839537790617488
1419,RWPE2,CTCF,Gypsy,-0.0007033629690670157,0.9298092651635693,-0.016352598284480598,0.01494621685926612
1420,RWPE2,CTCF,hAT-Blackjack,-0.015461252855702405,0.05781522566466284,-0.03142792788302508,0.0005133111725921006
1421,RWPE2,CTCF,TcMar-Mariner,-0.001806337757494702,0.8260913761463959,-0.017917961776214596,0.014306224113182935
1422,RWPE2,CTCF,RTE-X,0.00979022499778994,0.3416243760217964,-0.01038859588765735,0.029961075406640378
1423,RWPE2,CTCF,ERVK,-0.0068203501210908945,0.5578344882248043,-0.029622386820377343,0.01598878136348666
1424,RWPE2,CTCF,TcMar-Tc2,0.005105153525967752,0.6799537364521725,-0.019148930381793352,0.02935323244309728
1425,RWPE2,CTCF,SVA,-0.011591567987138241,0.41604729269384066,-0.03950928891850795,0.01634423599395497
1426,RWPE2,CTCF,RTE-BovB,-0.00874291951191996,0.5534717187999669,-0.03764600075193807,0.020174777694082786
1427,RWPE2,CTCF,tRNA-RTE,-0.0009933915876273935,0.9507203302273907,-0.032487914604005595,0.030503102254141486
1428,RWPE2,CTCF,hAT-Ac,0.0010709502082609397,0.952878970697768,-0.03443975304516833,0.036578952706071345
1429,RWPE2,CTCF,hAT,0.008354545367030253,0.6648131518440388,-0.029434011309860276,0.04611925527249764
1430,RWPE2,CTCF,MULE-MuDR,-0.0433571723070047,0.03722819548444388,-0.0840198703022823,-0.0025503167453137846
1431,RWPE2,CTCF,PiggyBac,-0.005800445444597229,0.7907498992593324,-0.04861413995993558,0.03703452493109386
1432,RWPE2,CTCF,5S-Deu-L2,0.04190296722757381,0.06893036747749307,-0.0032714711832418073,0.08690672684596382
1433,RWPE2,CTCF,Helitron,-0.03287678257075562,0.17620998268405563,-0.08039010478988991,0.014785606192565266
1434,RWPE2,CTCF,hAT-Tag1,-0.020370679200722146,0.4033478226463255,-0.06806284751701508,0.027414376112129643
1435,RWPE2,CTCF,tRNA,-0.049353577443692884,0.055511437890038505,-0.09964819903871823,0.0011925902274066151
1436,RWPE2,CTCF,Penelope,0.019912061217858306,0.6096094282196511,-0.05649813317988353,0.09609035548634058
1437,RWPE2,CTCF,TcMar-Tc1,0.03344573857498425,0.39387394305259016,-0.043471196217647466,0.10996851607911545
1438,RWPE2,CTCF,Dong-R4,0.01314246065989276,0.7863065078501676,-0.08175025689578794,0.10779904048041523
1439,RWPE2,CTCF,tRNA-Deu,-0.02423483376883069,0.6212559174281431,-0.11988520105985855,0.0718613106626469
1440,RWPE2,CTCF,Kolobok,-0.05365875849384622,0.3147499282990347,-0.15723488291775842,0.05108501065492351
1441,RWPE2,CTCF,PIF-Harbinger,0.019788395598568393,0.7125842682821037,-0.08537927900008285,0.12451998570508967
1442,RWPE2,CTCF,Crypton,-0.09024622654846552,0.12988661589512604,-0.2049181515610801,0.026869597565009756
1443,RWPE2,CTCF,Merlin,-0.05343024489735222,0.4389842408182316,-0.18692743000344095,0.08200452644482815
1444,RWPE2,CTCF,TcMar,0.0974356822601863,0.16667559505194832,-0.041149884383384384,0.23234297374343293
1445,RWPE2,CTCF,L1-Tx1,-0.09541722430658026,0.26737426173157025,-0.2593472255066088,0.07385691853636787
1446,RWPE2,CTCF,Crypton-A,0.1624768287822478,0.06371776430302337,-0.010447527757254573,0.32596528068387526
1447,RWPE2,CTCF,I-Jockey,-0.03293485311833936,0.7338730786202948,-0.21972478676674034,0.1561844935045065
1448,RWPE2,CTCF,hAT-Tip100?,0.007326007326007326,0.9541837961828472,-0.23891668561834692,0.2526834151182537
1449,RWPE2,CTCF,TcMar-Pogo,0.07917888563049852,0.6666424646465565,-0.2776935762017786,0.4168480791749424
1450,RWPE2,CTCF,hAT?,-0.30603514132925896,0.07836734613751445,-0.5891302232142986,0.04397462603545305
1451,RWPE2,CTCF,hAT-hAT19,0.34705882352941175,0.18783442010629964,-0.19509660312578558,0.72675812907969
1452,RWPE2,H3K27ac,Alu,0.0002734322153877499,0.7739162592006752,-0.001592210008244865,0.0021390725355943936
1453,RWPE2,H3K27ac,L1,0.0012972916975988315,0.3455956416753708,-0.0013985697997207554,0.0039931343384447164
1454,RWPE2,H3K27ac,MIR,0.0005893323566405054,0.6719784916398577,-0.0021385283710550125,0.003317184313652848
1455,RWPE2,H3K27ac,L2,0.0008433863828135759,0.6143338922927997,-0.0024370593669204104,0.004123813980726311
1456,RWPE2,H3K27ac,ERVL-MaLR,-0.0002329598370091834,0.9074435940446562,-0.00416015956732179,0.0036942470791484416
1457,RWPE2,H3K27ac,hAT-Charlie,6.396674157693443e-05,0.9760633337488382,-0.004114448887630515,0.004242380137174778
1458,RWPE2,H3K27ac,ERV1,0.001672257749975389,0.5840794960023517,-0.004314860401128367,0.00765925601703398
1459,RWPE2,H3K27ac,ERVL,-0.00021628318324265486,0.9447839208260678,-0.006336873395095798,0.005904323233292959
1460,RWPE2,H3K27ac,TcMar-Tigger,0.0010052464602717647,0.7516955038445536,-0.005221712127496352,0.007232127092047416
1461,RWPE2,H3K27ac,hAT-Tip100,0.0015094967593436428,0.7277770525527734,-0.006989991866899703,0.010008767294648908
1462,RWPE2,H3K27ac,CR1,0.002705845337615197,0.5663127842688707,-0.0065416542291529866,0.011952882136671044
1463,RWPE2,H3K27ac,Gypsy,0.0017299655314448761,0.8284970428954815,-0.013921333239170127,0.017380416789795253
1464,RWPE2,H3K27ac,hAT-Blackjack,0.004757068114953157,0.5597356464083459,-0.01122904248072171,0.020740747633317475
1465,RWPE2,H3K27ac,TcMar-Mariner,0.013721672804579307,0.09567307358630762,-0.0024201397786295055,0.02985633662222685
1466,RWPE2,H3K27ac,RTE-X,0.01602064744524518,0.11965886595609236,-0.004158276417986911,0.03618652953162739
1467,RWPE2,H3K27ac,ERVK,0.0022778707021006658,0.8449864049395017,-0.02055435113167912,0.025107717815408166
1468,RWPE2,H3K27ac,TcMar-Tc2,0.01791593136404508,0.14769875431127524,-0.0063421819089191965,0.04215297071367729
1469,RWPE2,H3K27ac,SVA,-0.019646966566409543,0.16832864301305805,-0.047572982391925804,0.008309738640895866
1470,RWPE2,H3K27ac,RTE-BovB,-0.03089959355368764,0.03619487917987165,-0.05976513017103524,-0.001982423260188988
1471,RWPE2,H3K27ac,tRNA-RTE,-0.007442896407005119,0.6434115129566693,-0.03893787005663973,0.024066850701796195
1472,RWPE2,H3K27ac,hAT-Ac,0.0002696863235416044,0.9881275333840542,-0.035240035172115255,0.035778727715456426
1473,RWPE2,H3K27ac,hAT,-0.03679482950652216,0.056328475434288386,-0.07448963294810858,0.0010049707562081887
1474,RWPE2,H3K27ac,MULE-MuDR,-0.018756181021898764,0.3677643672821901,-0.05951527703921307,0.022065351858104695
1475,RWPE2,H3K27ac,PiggyBac,0.03632954536433931,0.09659150216614641,-0.006540628237796721,0.07906642160526298
1476,RWPE2,H3K27ac,5S-Deu-L2,-0.018059448697419087,0.43362783615358136,-0.06319599291645853,0.027150825073058462
1477,RWPE2,H3K27ac,Helitron,-0.031721512573840885,0.19190441990512677,-0.07924011224751797,0.01594092090169588
1478,RWPE2,H3K27ac,hAT-Tag1,0.04689211297197762,0.05429282672035452,-0.0008895222013242674,0.09446011838348996
1479,RWPE2,H3K27ac,tRNA,-0.006717539147134024,0.7945638545568379,-0.05722796185463562,0.04382718533872589
1480,RWPE2,H3K27ac,Penelope,0.0635313175083934,0.1029530386636374,-0.012924876356729963,0.13924895433475815
1481,RWPE2,H3K27ac,TcMar-Tc1,0.06233539377598795,0.11151819022428,-0.014533410674357443,0.1384717152339774
1482,RWPE2,H3K27ac,Dong-R4,-0.04087973894312412,0.39888961999415307,-0.13518187141159588,0.054156357241850014
1483,RWPE2,H3K27ac,tRNA-Deu,-0.01746681602840744,0.7221109778968466,-0.11331415483947425,0.07870262477464854
1484,RWPE2,H3K27ac,Kolobok,-0.047766250866158926,0.3702262653907279,-0.15130664175147576,0.05681092786460181
1485,RWPE2,H3K27ac,PIF-Harbinger,0.033522773098101456,0.5330976165808583,-0.07189097899435726,0.1381959131270006
1486,RWPE2,H3K27ac,Crypton,-0.0843708756362804,0.15689820097199975,-0.1992106448011351,0.032754859438286564
1487,RWPE2,H3K27ac,Merlin,-0.11762815998906125,0.08830269386356333,-0.24918489330957946,0.018191096509597857
1488,RWPE2,H3K27ac,TcMar,0.21934084765854994,0.0017106187081394229,0.08217846583891165,0.34834843171908336
1489,RWPE2,H3K27ac,L1-Tx1,-0.10047873130163941,0.24270325355287825,-0.26414663083579165,0.0688140446307971
1490,RWPE2,H3K27ac,Crypton-A,0.040666583925982415,0.6446692932640471,-0.1318484750942679,0.21079064469861789
1491,RWPE2,H3K27ac,I-Jockey,0.09147437679547772,0.34415090425773465,-0.09871302451952267,0.2752146710533383
1492,RWPE2,H3K27ac,hAT-Tip100?,-0.15677655677655675,0.21602768330919642,-0.38895254030395654,0.09412520944463558
1493,RWPE2,H3K27ac,TcMar-Pogo,0.13929618768328444,0.4470477085849581,-0.2217631062956124,0.46676422151058106
1494,RWPE2,H3K27ac,hAT?,0.12666157372039724,0.4753414936662107,-0.2223086307062642,0.4468636675875314
1495,RWPE2,H3K27ac,hAT-hAT19,0.5558823529411765,0.025362176320607922,0.04274616718019767,0.8369601476778062
1496,RWPE2,H3K36me3,Alu,0.0006535546075957792,0.49163510755132156,-0.0012090657676302372,0.0025161704480054494
1497,RWPE2,H3K36me3,L1,-0.0021348825261922975,0.12052729093359069,-0.004829940919185769,0.0005602068800535933
1498,RWPE2,H3K36me3,MIR,0.003975589731019604,0.004256003586729537,0.0012497121843486458,0.006701408197526621
1499,RWPE2,H3K36me3,L2,0.0017729987214629473,0.2893998261054167,-0.0015070559603522187,0.00505301525307102
1500,RWPE2,H3K36me3,ERVL-MaLR,0.002264239461061928,0.25814628698207764,-0.001660329729023066,0.006188738903294659
1501,RWPE2,H3K36me3,hAT-Charlie,0.0012113239061975855,0.5695455110258798,-0.0029632194965451292,0.005385825090275856
1502,RWPE2,H3K36me3,ERV1,0.003259895018550618,0.28555962312567773,-0.0027230870753596433,0.009242643736192869
1503,RWPE2,H3K36me3,ERVL,0.0007656564985321282,0.806220407843857,-0.0053518367897651365,0.006883092479897475
1504,RWPE2,H3K36me3,TcMar-Tigger,-0.004692094197392294,0.139467815620043,-0.010914872218207593,0.0015310472362564931
1505,RWPE2,H3K36me3,hAT-Tip100,-0.00209870853289187,0.62820525953739,-0.010592653558405279,0.006395539336230195
1506,RWPE2,H3K36me3,CR1,-0.009217610280661556,0.05066126555587223,-0.01846036353327805,2.6718267229643162e-05
1507,RWPE2,H3K36me3,Gypsy,-0.0010159454907815836,0.8987353158277211,-0.016661607295280947,0.014630213709999335
1508,RWPE2,H3K36me3,hAT-Blackjack,-0.01496591870434626,0.06613149413980103,-0.030922308327041435,0.0009980971052141218
1509,RWPE2,H3K36me3,TcMar-Mariner,0.006605002807146305,0.42121487796718804,-0.00949037809697336,0.022696962088451296
1510,RWPE2,H3K36me3,RTE-X,0.006411478640152341,0.5334192392297601,-0.01376572577397145,0.026583463713175687
1511,RWPE2,H3K36me3,ERVK,-0.010976349600855168,0.34548246028495866,-0.03377033262072652,0.011829046373665402
1512,RWPE2,H3K36me3,TcMar-Tc2,-0.011367648788796786,0.3581596393250909,-0.035602751905272775,0.012880816771774444
1513,RWPE2,H3K36me3,SVA,-0.012852507317953748,0.36741933509518365,-0.0407827772782359,0.015097832848433485
1514,RWPE2,H3K36me3,RTE-BovB,-0.00971840581058539,0.5100986778849036,-0.03862028157448521,0.019199716541276137
1515,RWPE2,H3K36me3,tRNA-RTE,0.0032465265379487164,0.8398117400216476,-0.028227601447954886,0.034714223617317484
1516,RWPE2,H3K36me3,hAT-Ac,-0.02482336471144672,0.17065114994210123,-0.06027925269086674,0.01069508383729916
1517,RWPE2,H3K36me3,hAT,0.0074385082819596795,0.699508244672254,-0.03032810312275311,0.04518391108862019
1518,RWPE2,H3K36me3,MULE-MuDR,-0.03244096658826625,0.11921350269385561,-0.07315589284960725,0.008381913582733382
1519,RWPE2,H3K36me3,PiggyBac,0.02991963307082041,0.1709140128072578,-0.012921684149986628,0.07265130552368343
1520,RWPE2,H3K36me3,5S-Deu-L2,0.030040619444016935,0.1924573785863484,-0.015150555321656937,0.0751093157806068
1521,RWPE2,H3K36me3,Helitron,0.015162016208227906,0.5327580928839093,-0.032476490000452156,0.06273178772305807
1522,RWPE2,H3K36me3,hAT-Tag1,0.01903870930742495,0.4347989219665911,-0.028745186153801842,0.06673578906516674
1523,RWPE2,H3K36me3,tRNA,-0.040554552255312716,0.11580534963668021,-0.09091818220091766,0.010015996110336087
1524,RWPE2,H3K36me3,Penelope,-0.003962233897327916,0.9190136085047164,-0.0801973066048006,0.07231892268737945
1525,RWPE2,H3K36me3,TcMar-Tc1,0.002885383457579114,0.941335367255688,-0.07385615116832552,0.07959294728002317
1526,RWPE2,H3K36me3,Dong-R4,-0.023487041111988072,0.6279959358102583,-0.11802405134322584,0.07147189449503365
1527,RWPE2,H3K36me3,tRNA-Deu,0.06228909689213808,0.20375553110797387,-0.033921262081458195,0.15735557816238274
1528,RWPE2,H3K36me3,Kolobok,0.10525310295439676,0.04752026020768023,0.0008890217565318086,0.207349081788415
1529,RWPE2,H3K36me3,PIF-Harbinger,0.027023017615870237,0.6148852515735959,-0.07819797377234573,0.13164859185275643
1530,RWPE2,H3K36me3,Crypton,-0.08521747256415135,0.15276381556323482,-0.20003342197404284,0.03190721496364223
1531,RWPE2,H3K36me3,Merlin,-0.0198535621111051,0.7738125831790513,-0.15420308993415446,0.11521680070664739
1532,RWPE2,H3K36me3,TcMar,-0.001717841487391023,0.9805938891537822,-0.13939479762938564,0.13602426884499721
1533,RWPE2,H3K36me3,L1-Tx1,0.017833119620212928,0.8361385391341571,-0.1503451512964637,0.18500830687631648
1534,RWPE2,H3K36me3,Crypton-A,0.08802196145386243,0.3174344873070109,-0.0851164095747508,0.25600037874300413
1535,RWPE2,H3K36me3,I-Jockey,-0.038986192197201376,0.687324688102475,-0.22550336399186025,0.15028781740070596
1536,RWPE2,H3K36me3,hAT-Tip100?,0.19697802197802194,0.1187376790957078,-0.05373176433725436,0.4243264835679158
1537,RWPE2,H3K36me3,TcMar-Pogo,0.005131964809384164,0.9777611394362757,-0.3441800190564788,0.3531959970931966
1538,RWPE2,H3K36me3,hAT?,0.1281894576012223,0.4699888557779536,-0.2208642404562012,0.4481330481176804
1539,RWPE2,H3K36me3,hAT-hAT19,0.22058823529411767,0.4116664304979635,-0.314827309892638,0.6495058705433708
1540,22Rv1,CTCF,Alu,-0.001477211983936308,0.11984193785794608,-0.0033385974152542884,0.0003841836838176571
1541,22Rv1,CTCF,L1,-0.0027603789198333522,0.044694967145751524,-0.00545533995619745,-6.537778632437181e-05
1542,22Rv1,CTCF,MIR,-0.0013452311853195823,0.33322129006478873,-0.0040699754503405305,0.0013795330544989143
1543,22Rv1,CTCF,L2,-0.0008998069058973436,0.5907953206680611,-0.004179760492612917,0.00238016604136549
1544,22Rv1,CTCF,ERVL-MaLR,0.000259138651301754,0.8969882952292791,-0.0036638812590987766,0.004182150585386113
1545,22Rv1,CTCF,hAT-Charlie,-0.0007607635758382304,0.7208664290432258,-0.004933874723783348,0.0034123740694677078
1546,22Rv1,CTCF,ERV1,0.003067420810569886,0.31479291612285265,-0.00291344243457053,0.009048064613963729
1547,22Rv1,CTCF,ERVL,0.001881635870846458,0.5464474994900204,-0.00423341383184767,0.007996544853126161
1548,22Rv1,CTCF,TcMar-Tigger,-0.002664833096445903,0.40118045752510534,-0.008886066118605365,0.0035566062120346246
1549,22Rv1,CTCF,hAT-Tip100,-0.0005566797006415695,0.8977726967895044,-0.009048928010771033,0.007935648903838513
1550,22Rv1,CTCF,CR1,-0.007243251443960154,0.12458670992228858,-0.016485884748164675,0.0020006196188235323
1551,22Rv1,CTCF,Gypsy,-0.0019416486557056417,0.8078212313753974,-0.01758555650254068,0.013703209618996638
1552,22Rv1,CTCF,hAT-Blackjack,-0.015882534518357964,0.05103474057217462,-0.03182936573343078,7.238073328591023e-05
1553,22Rv1,CTCF,TcMar-Mariner,-0.0035505410666220342,0.6652687026398729,-0.019632826077379737,0.012533580800173763
1554,22Rv1,CTCF,RTE-X,0.019001362448372913,0.0648936096341087,-0.0011750561214681702,0.03916231684394743
1555,22Rv1,CTCF,ERVK,-0.005185656208371544,0.6556302158549241,-0.02797037811765954,0.017604451318374834
1556,22Rv1,CTCF,TcMar-Tc2,-0.003701262308502619,0.7647546499531174,-0.027937409081080024,0.02053923347883805
1557,22Rv1,CTCF,SVA,-0.007240390909052549,0.6110220142277228,-0.03512926885187331,0.020659755175387852
1558,22Rv1,CTCF,RTE-BovB,-0.006995329432340413,0.6353062416608148,-0.03589103906093375,0.02191206716183588
1559,22Rv1,CTCF,tRNA-RTE,-0.01766885717883654,0.27100822327484336,-0.04909896574153482,0.01379620954637769
1560,22Rv1,CTCF,hAT-Ac,0.01915446147996468,0.2905988310775929,-0.01637514641790619,0.05463575802409435
1561,22Rv1,CTCF,hAT,0.006948177125365892,0.718443021443895,-0.030817934755238387,0.04469447836530101
1562,22Rv1,CTCF,MULE-MuDR,-0.0024345221083540555,0.9069229596891923,-0.04322251335628241,0.03836157123187986
1563,22Rv1,CTCF,PiggyBac,-0.0009628859792816886,0.9648424782240641,-0.04375586767571681,0.04183362256032841
1564,22Rv1,CTCF,5S-Deu-L2,-0.023951132829958907,0.29852031405389406,-0.06901945677321913,0.021214754578580356
1565,22Rv1,CTCF,Helitron,-0.031742195017676215,0.19148345790465504,-0.07924669927383564,0.015906151790609124
1566,22Rv1,CTCF,hAT-Tag1,0.001993362742921698,0.9348340569379594,-0.04576447940851335,0.049742113619904216
1567,22Rv1,CTCF,tRNA,-0.00940862341054242,0.7152402643285788,-0.05989376927364053,0.041124532768871694
1568,22Rv1,CTCF,Penelope,0.04361116078964552,0.2635890257580405,-0.03290938506534586,0.11962341136288741
1569,22Rv1,CTCF,TcMar-Tc1,-0.033791655284552184,0.38790468999368477,-0.1101359654159337,0.04294905897422645
1570,22Rv1,CTCF,Dong-R4,-0.09729628422615628,0.0442442080875891,-0.19054439619583446,-0.0023081021953538323
1571,22Rv1,CTCF,tRNA-Deu,-0.03884162103391765,0.428337522609186,-0.13429215899036162,0.05732304639864586
1572,22Rv1,CTCF,Kolobok,-0.007157540114033632,0.8930985489911017,-0.11116410440252675,0.09700411448168175
1573,22Rv1,CTCF,PIF-Harbinger,-0.06925737321339252,0.19679277310975044,-0.17310228437888678,0.036110459101372255
1574,22Rv1,CTCF,Crypton,0.1266297751953475,0.033221740037975823,0.009714034650697551,0.24013000274510793
1575,22Rv1,CTCF,Merlin,0.015844687927094727,0.8185949044351554,-0.11916709358919071,0.15028114680557159
1576,22Rv1,CTCF,TcMar,0.0036106948006373323,0.9592243446724357,-0.13416629141632438,0.1412507354718373
1577,22Rv1,CTCF,L1-Tx1,0.10659267704947475,0.21507193559828516,-0.06271379210546589,0.2699357410555964
1578,22Rv1,CTCF,Crypton-A,-0.16709172269193692,0.05644860113406165,-0.3302566740263994,0.005769558198688343
1579,22Rv1,CTCF,I-Jockey,-0.0718561764433324,0.4577771083517119,-0.2567204996558028,0.1180804370721334
1580,22Rv1,CTCF,hAT-Tip100?,-0.25769230769230766,0.03980493684957618,-0.47670741388984644,-0.00855506210091546
1581,22Rv1,CTCF,TcMar-Pogo,0.09604105571847506,0.601053362727715,-0.26218801343062614,0.43100675857864656
1582,22Rv1,CTCF,hAT?,-0.012070282658517952,0.9459838247304326,-0.3488234754687164,0.3274433587484914
1583,22Rv1,CTCF,hAT-hAT19,0.2029411764705882,0.45096124172270946,-0.33047957514520065,0.6381004016505516
1584,22Rv1,H3K27ac,Alu,-0.0007796833932017968,0.41182606006288347,-0.0026417235019936067,0.001082362122235177
1585,22Rv1,H3K27ac,L1,0.0007031806952058343,0.6091185243228147,-0.001992148613377088,0.0033984997868880887
1586,22Rv1,H3K27ac,MIR,-0.001668689737238252,0.23006660806676194,-0.004393719286044833,0.0010563645945286437
1587,22Rv1,H3K27ac,L2,-0.0022628031173642085,0.17634424640193463,-0.00554286004161811,0.0010173024978338812
1588,22Rv1,H3K27ac,ERVL-MaLR,-0.002171918432405376,0.2779519488126821,-0.006095500333480156,0.0017517303412992065
1589,22Rv1,H3K27ac,hAT-Charlie,-0.0020076167349122906,0.34581061781774225,-0.006181376587633079,0.002166213065719065
1590,22Rv1,H3K27ac,ERV1,-0.0012750164366485287,0.6761046444368544,-0.007256427652106908,0.004706486013590199
1591,22Rv1,H3K27ac,ERVL,-0.0009916920422332989,0.7506197393854089,-0.007107211578626113,0.0051239016728623615
1592,22Rv1,H3K27ac,TcMar-Tigger,0.0012878754240671598,0.684980813889633,-0.004934288348163924,0.007509939476707527
1593,22Rv1,H3K27ac,hAT-Tip100,-0.0034903442318176465,0.4205677055416558,-0.011983341790580582,0.00500315688702662
1594,22Rv1,H3K27ac,CR1,-0.0074654147745471,0.11346203309576687,-0.016708520402695538,0.001778966716233729
1595,22Rv1,H3K27ac,Gypsy,0.001298282550627986,0.8708053979819079,-0.014346941127631773,0.016942870684543067
1596,22Rv1,H3K27ac,hAT-Blackjack,0.018930401090726072,0.02005604065209548,0.002973335736026235,0.03487782839646822
1597,22Rv1,H3K27ac,TcMar-Mariner,-0.0011696884350475445,0.8866903279555182,-0.017257058464830916,0.014918287057212523
1598,22Rv1,H3K27ac,RTE-X,-0.006710868891807399,0.5144355228639401,-0.026880535920350068,0.01346426003185471
1599,22Rv1,H3K27ac,ERVK,-0.007092963433975188,0.5421197648557451,-0.029890164636873592,0.015711613127018177
1600,22Rv1,H3K27ac,TcMar-Tc2,-0.013792887514043128,0.2648791009013118,-0.03802545652125879,0.010455894262476437
1601,22Rv1,H3K27ac,SVA,0.010074082814663427,0.4793655807845417,-0.01784138708651113,0.037973859019240074
1602,22Rv1,H3K27ac,RTE-BovB,-0.001213508666657701,0.9344439582739674,-0.030121362703217417,0.02769637368626882
1603,22Rv1,H3K27ac,tRNA-RTE,-0.008105752924563244,0.6136429520171246,-0.0395551795231211,0.0233597171640277
1604,22Rv1,H3K27ac,hAT-Ac,-0.0036607036956967584,0.8399526024803271,-0.0391709425139065,0.03185876977390865
1605,22Rv1,H3K27ac,hAT,-0.013055079999176104,0.49804202892006955,-0.0507822257688351,0.024709272333137453
1606,22Rv1,H3K27ac,MULE-MuDR,0.0005045552431914755,0.9806719117576197,-0.040297338072592795,0.041304768666129595
1607,22Rv1,H3K27ac,PiggyBac,-0.027336501585413873,0.2108220587258185,-0.07006746355102783,0.015494598513656846
1608,22Rv1,H3K27ac,5S-Deu-L2,0.0187328051960229,0.4161824255222687,-0.026429983970317802,0.06381927894803256
1609,22Rv1,H3K27ac,Helitron,-0.026022634725966245,0.28428065806690245,-0.07355186429863109,0.021624538171776016
1610,22Rv1,H3K27ac,hAT-Tag1,-0.012319081702750619,0.6133292988212583,-0.06003900814411799,0.035457025130904034
1611,22Rv1,H3K27ac,tRNA,-0.043364046005306085,0.09252388193498254,-0.09369491357783036,0.007187901607353322
1612,22Rv1,H3K27ac,Penelope,-0.00833478153244842,0.8307636714577016,-0.0845990837668907,0.06802660511174821
1613,22Rv1,H3K27ac,TcMar-Tc1,0.009450805598507367,0.809231506600551,-0.0672072777815127,0.08599796520016306
1614,22Rv1,H3K27ac,Dong-R4,-0.014331100577494236,0.7675109562649141,-0.10897470531223745,0.08056999467595914
1615,22Rv1,H3K27ac,tRNA-Deu,-0.051740439709523474,0.29125382219704476,-0.14698935268250127,0.04445920458567842
1616,22Rv1,H3K27ac,Kolobok,0.01490484184568525,0.7795896386070793,-0.08932754963538693,0.1188143009082835
1617,22Rv1,H3K27ac,PIF-Harbinger,-0.108254604211465,0.04327453663416061,-0.21113313465655992,-0.003003904382220666
1618,22Rv1,H3K27ac,Crypton,0.059032266646881874,0.3223968880114253,-0.058065877129144065,0.17452808107436904
1619,22Rv1,H3K27ac,Merlin,0.023298826116873367,0.7359087283193739,-0.11181932319949653,0.15757111263845616
1620,22Rv1,H3K27ac,TcMar,0.046183755963098365,0.5129165308466006,-0.09218515758179788,0.18280283712497897
1621,22Rv1,H3K27ac,L1-Tx1,-0.10774779275374137,0.21011396994500486,-0.2710284726876128,0.06156017672486383
1622,22Rv1,H3K27ac,Crypton-A,-0.029117338149681163,0.7412948272035239,-0.19968098023166939,0.14315892757694954
1623,22Rv1,H3K27ac,I-Jockey,0.0719117783337967,0.4574283019856582,-0.11802569995438057,0.2567730610011225
1624,22Rv1,H3K27ac,hAT-Tip100?,-0.20471611721611718,0.10465633135118062,-0.4310725776386884,0.045880982200563844
1625,22Rv1,H3K27ac,TcMar-Pogo,0.0971407624633431,0.5968734614273279,-0.26117192769173814,0.43192586392043614
1626,22Rv1,H3K27ac,hAT?,-0.17738731856378911,0.31555388036671683,-0.4884800772891133,0.17371475425417043
1627,22Rv1,H3K27ac,hAT-hAT19,0.18235294117647058,0.49907485724580003,-0.34845230279353717,0.6245997955481012
1628,RWPE1,CTCF,Alu,-0.0005963131888388692,0.5307474132603947,-0.002460747910012196,0.001268125678053773
1629,RWPE1,CTCF,L1,0.0008523378311628947,0.5359877820209703,-0.001846925597004662,0.0035515888390724015
1630,RWPE1,CTCF,MIR,0.00021631375166345163,0.8763945206978997,-0.002509433637733391,0.0029420579267718785
1631,RWPE1,CTCF,L2,-0.00036687800159256045,0.8265352608843543,-0.003648070554250477,0.0029143224508673474
1632,RWPE1,CTCF,ERVL-MaLR,-0.0018770198649293126,0.34899006161374013,-0.005805098821927255,0.0020511170172252237
1633,RWPE1,CTCF,hAT-Charlie,-0.0022732381785749408,0.28604985742195177,-0.006449537912333352,0.0019031408543729745
1634,RWPE1,CTCF,ERV1,0.0013135258978251947,0.6680991594426592,-0.0046909220459089825,0.007317879128753599
1635,RWPE1,CTCF,ERVL,-0.0009302065906322355,0.765835407567588,-0.0070516916599657415,0.0051913481940362985
1636,RWPE1,CTCF,TcMar-Tigger,-0.0007923048272078199,0.8030636073481141,-0.007019101227173568,0.005434553013462419
1637,RWPE1,CTCF,hAT-Tip100,0.0015443933915896032,0.721627061478126,-0.006951423200002291,0.010039987043269109
1638,RWPE1,CTCF,CR1,0.0012478123857882495,0.7914970952395404,-0.008003103995634007,0.010498515197603529
1639,RWPE1,CTCF,Gypsy,0.00994890688461178,0.2128045557494569,-0.00570277945774769,0.025595719789744346
1640,RWPE1,CTCF,hAT-Blackjack,-0.0011059620776056934,0.8920493181545786,-0.017077026624078836,0.014865666695828682
1641,RWPE1,CTCF,TcMar-Mariner,-0.005271958335526122,0.5212357462267314,-0.021378033592624718,0.010836852613850388
1642,RWPE1,CTCF,RTE-X,0.007353608852935912,0.4751737878677361,-0.012830200844030727,0.027531428486973163
1643,RWPE1,CTCF,ERVK,0.01176307028089442,0.3155094246144619,-0.01120784461572988,0.034721576294186526
1644,RWPE1,CTCF,TcMar-Tc2,-0.003800627544302717,0.758686506402138,-0.02804226375526693,0.020445476484669416
1645,RWPE1,CTCF,SVA,0.014053799039832903,0.3236074533692985,-0.01385427109350916,0.04193999011993812
1646,RWPE1,CTCF,RTE-BovB,-0.0014180202738875013,0.9234439886748094,-0.03033198251038775,0.027498313140532506
1647,RWPE1,CTCF,tRNA-RTE,-0.014867708429086735,0.35458232845894155,-0.04631893342223391,0.01661296427976814
1648,RWPE1,CTCF,hAT-Ac,0.006063350797124925,0.7382054958791492,-0.02948773261041677,0.04159911355648362
1649,RWPE1,CTCF,hAT,-0.027588352830575348,0.15219734946122257,-0.06528508295400642,0.010187009190664464
1650,RWPE1,CTCF,MULE-MuDR,-0.025989534783556038,0.212088263544207,-0.06673552894730095,0.014842998643155962
1651,RWPE1,CTCF,PiggyBac,0.012432255290107563,0.5697298706248933,-0.030431480373963735,0.055250348983088185
1652,RWPE1,CTCF,5S-Deu-L2,0.009056523172712291,0.6943559996965241,-0.03610762488995392,0.05418375141300328
1653,RWPE1,CTCF,Helitron,0.0006169402661928808,0.9797750598372721,-0.04705306994412745,0.048284146733377636
1654,RWPE1,CTCF,hAT-Tag1,0.00019229464572498853,0.9937104144670343,-0.04758995447835874,0.04797366571343581
1655,RWPE1,CTCF,tRNA,0.020032496342592212,0.43740691812352395,-0.030532752207654588,0.07049547109576111
1656,RWPE1,CTCF,Penelope,0.0031129328667747515,0.9365243911023895,-0.07339567937937493,0.07958511858421226
1657,RWPE1,CTCF,TcMar-Tc1,-0.013346661269095396,0.7333429501982136,-0.08992434909584505,0.0633879086293558
1658,RWPE1,CTCF,Dong-R4,0.022615458571326005,0.6408121109974731,-0.07233848163070432,0.11716312258552906
1659,RWPE1,CTCF,tRNA-Deu,-0.027852950394580526,0.5701301474092351,-0.12345664010658546,0.06826302057065246
1660,RWPE1,CTCF,Kolobok,-0.07453898270373163,0.1616841222289846,-0.1775364830470678,0.030073785419549554
1661,RWPE1,CTCF,PIF-Harbinger,0.11753942396169652,0.028123754561573698,0.012352996820799735,0.22015296959061476
1662,RWPE1,CTCF,Crypton,0.030459487967739923,0.6098704307833924,-0.08647200195668017,0.14656316313965287
1663,RWPE1,CTCF,Merlin,-0.036098366708546256,0.6020782891673362,-0.17037939442552175,0.0994989449366054
1664,RWPE1,CTCF,TcMar,-0.007772963757351364,0.9123574573521329,-0.14532928426680414,0.13007816100413722
1665,RWPE1,CTCF,L1-Tx1,0.12939629454865306,0.1318079276362958,-0.03987538041372388,0.29144819894581486
1666,RWPE1,CTCF,Crypton-A,-0.023562916966301705,0.7893596312199772,-0.19432624473508525,0.1485865296895934
1667,RWPE1,CTCF,I-Jockey,0.15739041794087666,0.10216146323537827,-0.03282235434972088,0.3366003750163008
1668,RWPE1,CTCF,hAT-Tip100?,0.2362179487179487,0.06021889142310954,-0.013658653776698178,0.4583251435694113
1669,RWPE1,CTCF,TcMar-Pogo,0.05865102639296187,0.7498366693306184,-0.29638393770399696,0.3994442140051549
1670,RWPE1,CTCF,hAT?,0.14041252864782275,0.42833153157828885,-0.20926672863086754,0.4582525756835254
1671,RWPE1,CTCF,hAT-hAT19,-0.15,0.5792486306642535,-0.6029604660399384,0.3760962642032207
1672,RWPE1,H3K27ac,Alu,7.321177505388616e-05,0.9386342512952259,-0.0017906507197077745,0.0019370737611427004
1673,RWPE1,H3K27ac,L1,0.00313155660997344,0.022961201827893105,0.0004325534636569758,0.005830514132226525
1674,RWPE1,H3K27ac,MIR,-0.001704622510097316,0.220428633722943,-0.004431080214103134,0.0010218605370847116
1675,RWPE1,H3K27ac,L2,0.0015538587610390614,0.35331259694864314,-0.0017272936849642762,0.0048349777497359745
1676,RWPE1,H3K27ac,ERVL-MaLR,-0.002911761446485902,0.14623678260411374,-0.006839510096564482,0.0010160770471168788
1677,RWPE1,H3K27ac,hAT-Charlie,0.0030497032756115023,0.15239714989951736,-0.0011269892771845096,0.007226289427440933
1678,RWPE1,H3K27ac,ERV1,0.005439758613774741,0.0757348769334499,-0.0005635576597437548,0.01144268280560596
1679,RWPE1,H3K27ac,ERVL,0.001660272318490282,0.5950030547365316,-0.004461002583448037,0.007781422801785689
1680,RWPE1,H3K27ac,TcMar-Tigger,-0.003244908224994218,0.3072045808147878,-0.009473135057030244,0.0029835703651021656
1681,RWPE1,H3K27ac,hAT-Tip100,0.0007208062702610662,0.8679274715335977,-0.007774723331226171,0.009216231825991562
1682,RWPE1,H3K27ac,CR1,-0.008733396438237392,0.06426888596347644,-0.017983043352461103,0.0005177452198601208
1683,RWPE1,H3K27ac,Gypsy,0.0012423357672033475,0.8763621467711784,-0.014407363752541867,0.016891426781075063
1684,RWPE1,H3K27ac,hAT-Blackjack,0.0025039119159560182,0.7588761000725486,-0.013483414345436385,0.01848995829905924
1685,RWPE1,H3K27ac,TcMar-Mariner,0.005432231942390867,0.5103290091865743,-0.010740634742702935,0.021602257316145956
1686,RWPE1,H3K27ac,RTE-X,0.0031352471120551654,0.7607967378880013,-0.017048584066634037,0.023316524070817787
1687,RWPE1,H3K27ac,ERVK,0.001211316993848449,0.9176742548967587,-0.021754812567433696,0.02417616882274928
1688,RWPE1,H3K27ac,TcMar-Tc2,-0.003952502196113038,0.749620508223767,-0.02822003124660622,0.020319683179952978
1689,RWPE1,H3K27ac,SVA,-0.02823062824163625,0.0473807380203618,-0.056096073954860756,-0.0003212371558142029
1690,RWPE1,H3K27ac,RTE-BovB,5.996262156658656e-05,0.9967591804579207,-0.028867873797870446,0.028987698685543038
1691,RWPE1,H3K27ac,tRNA-RTE,0.00024226602935600107,0.987968383964863,-0.031237250968329487,0.031721302882452625
1692,RWPE1,H3K27ac,hAT-Ac,0.0051503624905457615,0.7764845580029769,-0.03039984004865415,0.040687551219783284
1693,RWPE1,H3K27ac,hAT,-0.025337919137192275,0.1886814757698683,-0.06305521028598443,0.012451647703947803
1694,RWPE1,H3K27ac,MULE-MuDR,0.026306552703180396,0.20666248442954388,-0.014534865188616667,0.06706033846732852
1695,RWPE1,H3K27ac,PiggyBac,-0.02789296732687265,0.20210754734937597,-0.070662696297651,0.014979131945289282
1696,RWPE1,H3K27ac,5S-Deu-L2,0.03477575865394889,0.13122220830405348,-0.010402667974083625,0.07981249822267954
1697,RWPE1,H3K27ac,Helitron,0.01973317232378684,0.417951222979293,-0.02802297611018442,0.06739944624513267
1698,RWPE1,H3K27ac,hAT-Tag1,0.003555086288343711,0.8841287567466383,-0.044234389924961204,0.05132832935822895
1699,RWPE1,H3K27ac,tRNA,0.0026012540131098456,0.9196585983316516,-0.047917622710211986,0.0531068565186214
1700,RWPE1,H3K27ac,Penelope,-0.06546199461008666,0.09363521563715481,-0.14132611785224378,0.01116651177799793
1701,RWPE1,H3K27ac,TcMar-Tc1,-0.024511553824390894,0.5318012138150827,-0.10105797418249582,0.05232336624162658
1702,RWPE1,H3K27ac,Dong-R4,-0.013929020090301463,0.7738542871502463,-0.1085770361093857,0.08096926357096346
1703,RWPE1,H3K27ac,tRNA-Deu,-0.07065970389465052,0.14926907612427925,-0.16557018229098944,0.02554764918216958
1704,RWPE1,H3K27ac,Kolobok,-0.030742533966257292,0.5642719665442202,-0.13457080762549276,0.07375346153890507
1705,RWPE1,H3K27ac,PIF-Harbinger,0.11510318211175738,0.031575765002223186,0.009898522433277974,0.21778756063490037
1706,RWPE1,H3K27ac,Crypton,0.007232606212120827,0.903584629654085,-0.10945873163800184,0.12372729481950659
1707,RWPE1,H3K27ac,Merlin,-0.10325785015801661,0.1358547995259967,-0.235700469437336,0.03295041687786554
1708,RWPE1,H3K27ac,TcMar,0.09257695230795798,0.1889484018644571,-0.04601170313934001,0.2276691445278052
1709,RWPE1,H3K27ac,L1-Tx1,0.027146385833804892,0.7528474448788921,-0.14124259004213077,0.1940087303785646
1710,RWPE1,H3K27ac,Crypton-A,0.049386571434920756,0.5753568946397536,-0.12328640584466888,0.21915695840260252
1711,RWPE1,H3K27ac,I-Jockey,0.16708368084514874,0.08247140039421826,-0.0230234068327339,0.3455290071942222
1712,RWPE1,H3K27ac,hAT-Tip100?,-0.1055506993006993,0.4027014362133857,-0.34129128162233446,0.14268242457750163
1713,RWPE1,H3K27ac,TcMar-Pogo,-0.34677419354838707,0.05184477512077469,-0.6270322249211571,0.012965061410552947
1714,RWPE1,H3K27ac,hAT?,0.040183346065699004,0.8214860678076658,-0.30221640639462954,0.3733989954836005
1715,RWPE1,H3K27ac,hAT-hAT19,0.03823529411764706,0.8881976539853073,-0.4664636117667526,0.5241529351784473
