,cell_line,modification,family_name,r,p_value,ci_low,ci_high
0,Caco-2,H3K4me1,Alu,0.00022395452216164422,0.8142162140481751,-0.0016439627670359895,0.002091870248554342
1,Caco-2,H3K4me1,L1,0.00031213439250824107,0.8208925105571623,-0.0023900698448966642,0.003014334071567318
2,Caco-2,H3K4me1,MIR,-0.00046617335764669634,0.7376293751874347,-0.003193622356557288,0.0022612825769897827
3,Caco-2,H3K4me1,L2,-0.00019065126742385798,0.9093707338025075,-0.0034732722724214113,0.0030919738463428353
4,Caco-2,H3K4me1,ERVL-MaLR,-3.4321056944968804e-06,0.9986356950550141,-0.003937440955497534,0.003930576850342
5,Caco-2,H3K4me1,hAT-Charlie,-0.003241846833848493,0.1285718606080262,-0.00742261416982216,0.0009390338336737874
6,Caco-2,H3K4me1,ERV1,-0.005411847935434727,0.0781670318709322,-0.01143336001916735,0.0006100566375169002
7,Caco-2,H3K4me1,ERVL,-0.003353866544989798,0.2834467399887138,-0.009482121527573174,0.002774640363114481
8,Caco-2,H3K4me1,TcMar-Tigger,0.0034115882001621587,0.2833524298634766,-0.0028211732615680053,0.009644084607993467
9,Caco-2,H3K4me1,hAT-Tip100,0.003263792038583508,0.4517425399625842,-0.005236969003034247,0.01176408139894475
10,Caco-2,H3K4me1,CR1,-0.002879873553494892,0.541892642512805,-0.0121332763195757,0.006374022423974629
11,Caco-2,H3K4me1,Gypsy,0.013999880374685057,0.07971580374677532,-0.0016596509406924022,0.029652547227345404
12,Caco-2,H3K4me1,hAT-Blackjack,0.006526419695872792,0.4238452688476807,-0.009467885827201185,0.02251738662496754
13,Caco-2,H3K4me1,TcMar-Mariner,0.0057241928860611085,0.48637266796946477,-0.01039338742553314,0.021838799628520447
14,Caco-2,H3K4me1,RTE-X,0.016025527711892383,0.11982090778123143,-0.004168385935226484,0.03620637622703173
15,Caco-2,H3K4me1,ERVK,0.0026064647859954794,0.824873325692304,-0.02047788224504576,0.025688034229606835
16,Caco-2,H3K4me1,TcMar-Tc2,0.010450668173058474,0.3988641394345406,-0.013829228528240263,0.034718248162166836
17,Caco-2,H3K4me1,SVA,-0.005192153833902696,0.7168071098561378,-0.03323694539590119,0.022860807692939203
18,Caco-2,H3K4me1,RTE-BovB,-0.008969825512239371,0.5437508341916639,-0.03791042999568606,0.019985813495320044
19,Caco-2,H3K4me1,tRNA-RTE,-0.00784856499927193,0.6252529967974707,-0.03932673244512948,0.02364516498904433
20,Caco-2,H3K4me1,hAT-Ac,-0.006434598099634367,0.7230803348511086,-0.04200487339374811,0.029151968005791704
21,Caco-2,H3K4me1,hAT,-0.02389233799078352,0.21534088860858505,-0.061627708069627044,0.013911237387596606
22,Caco-2,H3K4me1,MULE-MuDR,-0.027859249086640604,0.1813900563970176,-0.06863438605485024,0.013008809344678782
23,Caco-2,H3K4me1,PiggyBac,-0.029700821833778604,0.17509782516246164,-0.07253550872693708,0.013243230563734122
24,Caco-2,H3K4me1,5S-Deu-L2,-0.005065199628952958,0.8261418486808715,-0.05022643208375885,0.04011670413662186
25,Caco-2,H3K4me1,Helitron,0.020544805792580015,0.399759953883598,-0.02728304034570701,0.06827880414672975
26,Caco-2,H3K4me1,hAT-Tag1,-0.003981705397714926,0.8703785084272743,-0.05176805941962205,0.04382284056770545
27,Caco-2,H3K4me1,tRNA,0.00018507647373634627,0.9942779685684251,-0.05036147436688668,0.05073068160834067
28,Caco-2,H3K4me1,Penelope,-0.0381823990545173,0.3288476756478411,-0.11442488745307254,0.03850724694900511
29,Caco-2,H3K4me1,TcMar-Tc1,-0.024914475809860046,0.525076287063949,-0.10145738742633638,0.05192167498379348
30,Caco-2,H3K4me1,Dong-R4,0.00465836340614985,0.923447782349241,-0.0901687680312404,0.09940178924943525
31,Caco-2,H3K4me1,tRNA-Deu,-0.005270385229484553,0.91444678178321,-0.10113500577542488,0.09069120594657924
32,Caco-2,H3K4me1,Kolobok,-0.017700183301271797,0.7399835689510076,-0.12171885543543194,0.08670305326243455
33,Caco-2,H3K4me1,PIF-Harbinger,0.0035551346161307486,0.9472366419497436,-0.10146315333618647,0.10849506206305154
34,Caco-2,H3K4me1,Crypton,-0.014047473227187133,0.8139908232748903,-0.13043703828237713,0.10272400509105797
35,Caco-2,H3K4me1,Merlin,0.011110039467203157,0.8725432087647151,-0.12414894917296568,0.14596368012244748
36,Caco-2,H3K4me1,TcMar,0.0399918870225499,0.5729771862384316,-0.09900562494326567,0.17745865770555647
37,Caco-2,H3K4me1,L1-Tx1,0.04924059894086797,0.5677201344534266,-0.11956258594833197,0.21527689769266128
38,Caco-2,H3K4me1,Crypton-A,0.14674241605950783,0.09442312493826,-0.02635245444239325,0.31129398282002135
39,Caco-2,H3K4me1,I-Jockey,-0.0392920025947549,0.6850013347825109,-0.22579512940468222,0.1499895550292728
40,Caco-2,H3K4me1,hAT-Tip100?,0.007234432234432234,0.9547558956982424,-0.23900295731036764,0.2525976021552849
41,Caco-2,H3K4me1,TcMar-Pogo,0.05425219941348973,0.7680673598588204,-0.30036282813718157,0.39569081215811164
42,Caco-2,H3K4me1,hAT?,0.10093582887700536,0.5762262489294739,-0.25192609428701024,0.43010850647399546
43,Caco-2,H3K4me1,hAT-hAT19,-0.07941176470588236,0.770025319039825,-0.5539290093824006,0.43404767404251515
44,Caco-2,H3K9me3,Alu,0.0007596761110623924,0.4252098938330222,-0.0011075293008226605,0.002626876225804669
45,Caco-2,H3K9me3,L1,-0.0014772741920908812,0.2838213450618718,-0.0041787603014051536,0.001224233479817022
46,Caco-2,H3K9me3,MIR,-0.00040748575404427544,0.7696434899180704,-0.00313474781302877,0.0023197823666788226
47,Caco-2,H3K9me3,L2,0.0006386972446387031,0.7029279578434298,-0.002643729223495798,0.003921109949763808
48,Caco-2,H3K9me3,ERVL-MaLR,-0.0008946665458386723,0.6557213228028709,-0.004827795745564845,0.0030384903342022098
49,Caco-2,H3K9me3,hAT-Charlie,0.0008570212258715239,0.6878244847705361,-0.0033233919048964848,0.005037404402476625
50,Caco-2,H3K9me3,ERV1,-0.001182522832671326,0.7002825978715406,-0.007203376529172968,0.004838416599682838
51,Caco-2,H3K9me3,ERVL,0.0027167627002706836,0.38483639067350295,-0.003410569970935155,0.008843891379367292
52,Caco-2,H3K9me3,TcMar-Tigger,0.007590983984450449,0.01697238907776642,0.0013587793092714614,0.013822599008112191
53,Caco-2,H3K9me3,hAT-Tip100,0.0018311609393076326,0.6728622948289442,-0.006669063436898631,0.010331120706138602
54,Caco-2,H3K9me3,CR1,-0.005199359789559798,0.27078903561722056,-0.01445222764639882,0.00405439846925968
55,Caco-2,H3K9me3,Gypsy,0.006610937283994654,0.40799900876556505,-0.009049070651502707,0.022267703271435808
56,Caco-2,H3K9me3,hAT-Blackjack,-0.007096681327861805,0.38447518472676157,-0.023086876965031,0.008897144365169658
57,Caco-2,H3K9me3,TcMar-Mariner,0.00389088948114166,0.636129714095996,-0.012227517628878089,0.02000727508422372
58,Caco-2,H3K9me3,RTE-X,-0.004450662978419036,0.665722481031787,-0.02463767537527865,0.015739977570281914
59,Caco-2,H3K9me3,ERVK,0.002389798263290176,0.8391683713633129,-0.020686451037912692,0.025463502632020227
60,Caco-2,H3K9me3,TcMar-Tc2,-0.012548115795415291,0.3109933079765729,-0.036809861666880904,0.011728413858201519
61,Caco-2,H3K9me3,SVA,-0.0008701366465837936,0.9514881793953569,-0.028895929363129638,0.027157023026723605
62,Caco-2,H3K9me3,RTE-BovB,-0.0030751587907472747,0.8350424132052161,-0.032009622053656865,0.025864454502684403
63,Caco-2,H3K9me3,tRNA-RTE,0.009442514463568138,0.5567396432042276,-0.02204808077948253,0.04091439168707164
64,Caco-2,H3K9me3,hAT-Ac,-0.024483765240512483,0.1775048391964912,-0.060016327139784914,0.01111076622012847
65,Caco-2,H3K9me3,hAT,-0.0026777129669359637,0.8895548631341288,-0.04045229632204544,0.035104513749030536
66,Caco-2,H3K9me3,MULE-MuDR,0.00014342283183721248,0.9945113434525503,-0.0407021525764955,0.040988519683640014
67,Caco-2,H3K9me3,PiggyBac,-0.011676406428904277,0.5940390538285425,-0.05456823649364296,0.03125843496401487
68,Caco-2,H3K9me3,5S-Deu-L2,-0.026031290184649267,0.25875805346809055,-0.07111575544286738,0.019159319011994788
69,Caco-2,H3K9me3,Helitron,0.012171788003180516,0.6177881346624747,-0.035632514717917736,0.059920515974476445
70,Caco-2,H3K9me3,hAT-Tag1,0.01953875134496121,0.42324294075190483,-0.02828824022718173,0.0672764889502183
71,Caco-2,H3K9me3,tRNA,0.003171405361798645,0.9021944320471365,-0.04738239631667083,0.05370900183548185
72,Caco-2,H3K9me3,Penelope,-0.0022439600454452428,0.9542903091720227,-0.0788382234570738,0.074376641748966
73,Caco-2,H3K9me3,TcMar-Tc1,-0.036612580272798276,0.35135868799520975,-0.11322135304209857,0.04042895168917382
74,Caco-2,H3K9me3,Dong-R4,-0.04242683813023663,0.3812689408873762,-0.13670602359677844,0.052614039297250094
75,Caco-2,H3K9me3,tRNA-Deu,-0.030526221096923788,0.5336879561230718,-0.1260942295025867,0.0656031929312014
76,Caco-2,H3K9me3,Kolobok,0.03203318289859256,0.5480243113413906,-0.07247055277420028,0.1358411919281728
77,Caco-2,H3K9me3,PIF-Harbinger,0.007347682835482678,0.8912082997361933,-0.09770918431059351,0.11224259931789597
78,Caco-2,H3K9me3,Crypton,0.038895278369095745,0.51461374990767,-0.07810025414808998,0.15483403640211515
79,Caco-2,H3K9me3,Merlin,-0.009566871975380527,0.8901262273063032,-0.14445182812998175,0.12566713538389793
80,Caco-2,H3K9me3,TcMar,-0.10394772522910799,0.14196758732381892,-0.23925986400676968,0.03532506068203972
81,Caco-2,H3K9me3,L1-Tx1,0.16812184023007595,0.049554839789696256,-0.0007740805023913736,0.3276921455599333
82,Caco-2,H3K9me3,Crypton-A,0.021726568204088796,0.8054363027671074,-0.15037924504983569,0.19255423701118932
83,Caco-2,H3K9me3,I-Jockey,0.011083310165878973,0.9089344924299355,-0.17739389107820808,0.19877625224831577
84,Caco-2,H3K9me3,hAT-Tip100?,0.3141483516483516,0.011471166932284284,0.06797182265256582,0.5242669117623008
85,Caco-2,H3K9me3,TcMar-Pogo,0.12866568914956011,0.48279722341584863,-0.23178647072583025,0.458051179081542
86,Caco-2,H3K9me3,hAT?,0.018048128342245992,0.9205913289978269,-0.3273147953431254,0.3591572942529067
87,Caco-2,H3K9me3,hAT-hAT19,0.18823529411764706,0.4850866091454682,-0.3433482297655295,0.6284784835567567
88,SJCRH30,H3K27ac,Alu,-0.002077246211218397,0.029100890088782753,-0.003943002801979386,-0.00021147515829679622
89,SJCRH30,H3K27ac,L1,-0.0022080094020918064,0.10894790495023943,-0.0049077824067887505,0.0004917957905100819
90,SJCRH30,H3K27ac,MIR,0.00022636625363004032,0.8707142713759991,-0.0024996896550745803,0.002952418797910971
91,SJCRH30,H3K27ac,L2,0.0002864298951772968,0.8641585406912765,-0.0029949675535037605,0.003567821175561999
92,SJCRH30,H3K27ac,ERVL-MaLR,0.0016480968237540757,0.4110033835018655,-0.002280985948295968,0.005577128710704496
93,SJCRH30,H3K27ac,hAT-Charlie,-0.00528887916435811,0.013084641678930234,-0.009466098132819572,-0.0011114756095976486
94,SJCRH30,H3K27ac,ERV1,0.0026369731493573216,0.38959051390173693,-0.0033702622246174286,0.0086440182077877
95,SJCRH30,H3K27ac,ERVL,-0.002955945798661901,0.34395581335064684,-0.009077557679441824,0.0031658876350781347
96,SJCRH30,H3K27ac,TcMar-Tigger,0.0025150077616619138,0.42866404267050273,-0.003712990461418724,0.008742810885570048
97,SJCRH30,H3K27ac,hAT-Tip100,0.00373021337940562,0.3895186977710019,-0.004766246296593519,0.012226134515130554
98,SJCRH30,H3K27ac,CR1,0.007638978419950427,0.10555772615199328,-0.0016118847510622142,0.01688853423528578
99,SJCRH30,H3K27ac,Gypsy,0.0010320578618028759,0.8971577261652007,-0.014617096932292913,0.01668070717790932
100,SJCRH30,H3K27ac,hAT-Blackjack,-0.008656554459200657,0.28827913431224855,-0.024630113913490504,0.007321424067749022
101,SJCRH30,H3K27ac,TcMar-Mariner,-0.00839146970092789,0.30717037911100326,-0.02449350251163247,0.007714915996958973
102,SJCRH30,H3K27ac,RTE-X,0.0030845900456893545,0.7645222579524906,-0.01709708521693832,0.023263752890066797
103,SJCRH30,H3K27ac,ERVK,0.0017386515338469483,0.882250031832785,-0.02126566281894078,0.024741125844768924
104,SJCRH30,H3K27ac,TcMar-Tc2,0.00871705885332963,0.48105057543356333,-0.015530816429490649,0.03295468713497237
105,SJCRH30,H3K27ac,SVA,0.004302178619000365,0.7638955081239946,-0.02376751462012633,0.032365093930555824
106,SJCRH30,H3K27ac,RTE-BovB,-0.003502504308799544,0.8124589678026679,-0.03242709378360891,0.025427947039138848
107,SJCRH30,H3K27ac,tRNA-RTE,-0.01885583423356541,0.24059862549844693,-0.050316156477777194,0.012641870848227415
108,SJCRH30,H3K27ac,hAT-Ac,0.01471791900057836,0.41740406459871604,-0.020856872084927564,0.050255488012410955
109,SJCRH30,H3K27ac,hAT,-0.03236981389236883,0.09294030857759676,-0.07005162548472052,0.005404244415678981
110,SJCRH30,H3K27ac,MULE-MuDR,-0.0021792019473413473,0.9166827652499131,-0.042985332273543654,0.03863418705813258
111,SJCRH30,H3K27ac,PiggyBac,-0.022417234405177264,0.30532105355119515,-0.06520584474121986,0.020453661005409626
112,SJCRH30,H3K27ac,5S-Deu-L2,-0.017754399487102567,0.441071653772251,-0.06285602336080992,0.027419593551652136
113,SJCRH30,H3K27ac,Helitron,-0.010386773104969304,0.6693277046460662,-0.05799980521726309,0.037273404371120464
114,SJCRH30,H3K27ac,hAT-Tag1,-0.015765828059068274,0.5179327622041305,-0.06348859438952262,0.03202887656566267
115,SJCRH30,H3K27ac,tRNA,0.021520352028462454,0.40397217008138053,-0.02902954143307662,0.0719604519648314
116,SJCRH30,H3K27ac,Penelope,0.005047606796931829,0.8974072540576135,-0.07158828161397919,0.08162424974493794
117,SJCRH30,H3K27ac,TcMar-Tc1,-0.060733173467152894,0.12103948133869746,-0.1368901780114224,0.016137557375057798
118,SJCRH30,H3K27ac,Dong-R4,0.0015705168934469162,0.9741561677635744,-0.09323022580154482,0.09634303888358633
119,SJCRH30,H3K27ac,tRNA-Deu,-0.02344903677227527,0.6326169041174949,-0.11910929612151748,0.07264255370857599
120,SJCRH30,H3K27ac,Kolobok,-0.014094022761873251,0.7918750563474771,-0.11830798107046031,0.0904270363378289
121,SJCRH30,H3K27ac,PIF-Harbinger,0.05316173307705516,0.32203699923700874,-0.052183393440639526,0.15733672404342122
122,SJCRH30,H3K27ac,Crypton,-0.06255922439235553,0.2942799653003193,-0.17797031226620166,0.05454956521671399
123,SJCRH30,H3K27ac,Merlin,0.034419150095962775,0.6190872390774319,-0.10115934642006948,0.1687425205828388
124,SJCRH30,H3K27ac,TcMar,0.0829556054554055,0.23932881853878668,-0.055624449110347356,0.21839994697379247
125,SJCRH30,H3K27ac,L1-Tx1,0.18340437103258503,0.03193244229360605,0.014769241606220552,0.34189455146881775
126,SJCRH30,H3K27ac,Crypton-A,-0.10880366416111494,0.21606638530346153,-0.2756664493066338,0.06442448775473857
127,SJCRH30,H3K27ac,I-Jockey,-0.09298489481975722,0.3362082551133718,-0.2766343842346693,0.09721727384113542
128,SJCRH30,H3K27ac,hAT-Tip100?,0.006337412587412587,0.9600403482386323,-0.2379318206178386,0.24985267525407112
129,SJCRH30,H3K27ac,TcMar-Pogo,-0.15872434017595305,0.38557124935485065,-0.4825623841669411,0.20329146644476428
130,SJCRH30,H3K27ac,hAT?,-0.14163483575248279,0.42428166806592793,-0.45926105708709913,0.20810280529428235
131,SJCRH30,H3K27ac,hAT-hAT19,-0.4147058823529412,0.11022940391770164,-0.764837074215775,0.12455492009117586
132,SJCRH30,H3K4me1,Alu,0.00031483928140455143,0.7410189750535277,-0.0015522271505212972,0.002181903518312924
133,SJCRH30,H3K4me1,L1,-0.0020634826390805404,0.13422196944262937,-0.004763906191671559,0.0006369710089907713
134,SJCRH30,H3K4me1,MIR,-0.0006223664033623333,0.6546422922393622,-0.0033492832362863583,0.002104559685523714
135,SJCRH30,H3K4me1,L2,-0.0015858670525667948,0.34358112917039596,-0.004867643122378361,0.0016959431774343872
136,SJCRH30,H3K4me1,ERVL-MaLR,-0.0009432046885026853,0.6381620018298234,-0.0048742042944589295,0.002987824067923064
137,SJCRH30,H3K4me1,hAT-Charlie,-0.002399712382485399,0.2604037698009721,-0.006578769776655652,0.0017794288335019456
138,SJCRH30,H3K4me1,ERV1,0.004865640829388476,0.11268952747669062,-0.0011464870303691972,0.010877416957590928
139,SJCRH30,H3K4me1,ERVL,-0.002931985468280544,0.3480906651567046,-0.009056258136588074,0.0031925071481075577
140,SJCRH30,H3K4me1,TcMar-Tigger,5.54588627959498e-05,0.986080056153462,-0.006174644099322649,0.006285557519736621
141,SJCRH30,H3K4me1,hAT-Tip100,0.0023744958761676847,0.5839620728404621,-0.0061241548429383525,0.010872803601451637
142,SJCRH30,H3K4me1,CR1,0.001994086782582353,0.672722040805655,-0.0072582165622341035,0.011246048730573359
143,SJCRH30,H3K4me1,Gypsy,-0.00031067193672133407,0.9689678036001217,-0.01596150483946849,0.015340313164814195
144,SJCRH30,H3K4me1,hAT-Blackjack,0.005405405559721371,0.507380352908364,-0.010576008307356307,0.021384058681530486
145,SJCRH30,H3K4me1,TcMar-Mariner,0.0039110226036563585,0.6343040229796234,-0.012203573959025802,0.020023588160839594
146,SJCRH30,H3K4me1,RTE-X,0.00045263784678462,0.9649394702648046,-0.019728106390511035,0.02063301340595417
147,SJCRH30,H3K4me1,ERVK,-0.0180874106155884,0.12385829593858705,-0.0411089537796428,0.004953327159289006
148,SJCRH30,H3K4me1,TcMar-Tc2,0.004611747722491899,0.7095746718839009,-0.019657001818660962,0.028875065981440448
149,SJCRH30,H3K4me1,SVA,0.02470639753940457,0.0843312633660701,-0.003352520638791941,0.05272644304892473
150,SJCRH30,H3K4me1,RTE-BovB,-0.01059044872716143,0.47303034468223226,-0.03950064695106544,0.018337465316682778
151,SJCRH30,H3K4me1,tRNA-RTE,0.00022206039186696642,0.9889732094492317,-0.031261497852984356,0.03170517842391803
152,SJCRH30,H3K4me1,hAT-Ac,-0.01291595165910289,0.47683369272607146,-0.04846882628409981,0.022669610142561282
153,SJCRH30,H3K4me1,hAT,0.013203640016612025,0.4934050940425101,-0.02458185653386988,0.0509514647599155
154,SJCRH30,H3K4me1,MULE-MuDR,0.026817343414317258,0.197689459508415,-0.01399752039297966,0.06754299085303536
155,SJCRH30,H3K4me1,PiggyBac,0.009649227403778883,0.6592267378230319,-0.033231876656252594,0.052494871718497496
156,SJCRH30,H3K4me1,5S-Deu-L2,0.0027694098451106893,0.9044079337624118,-0.04240841736029143,0.04793593486121829
157,SJCRH30,H3K4me1,Helitron,0.004474129346185039,0.8540465277669136,-0.043175761646183475,0.05210371146164628
158,SJCRH30,H3K4me1,hAT-Tag1,-0.00021880767240310017,0.9928411175499355,-0.047985925319586516,0.047549308501551556
159,SJCRH30,H3K4me1,tRNA,0.016238425515171306,0.5290368807991958,-0.03432234244335666,0.06671628421515916
160,SJCRH30,H3K4me1,Penelope,-0.051288167687088035,0.19054741705480505,-0.12756114098866048,0.025587854705348214
161,SJCRH30,H3K4me1,TcMar-Tc1,-0.06410744576302846,0.10168517967897793,-0.14022055024165803,0.012758879946875338
162,SJCRH30,H3K4me1,Dong-R4,0.025749145626820805,0.5952575560999304,-0.06922225322183234,0.12025800774196117
163,SJCRH30,H3K4me1,tRNA-Deu,0.03172664615846773,0.5177139798655457,-0.06440847075799513,0.12727830210481567
164,SJCRH30,H3K4me1,Kolobok,-0.024580758882698044,0.6448573334712302,-0.1285022473783712,0.07987470876924255
165,SJCRH30,H3K4me1,PIF-Harbinger,0.09671244971122474,0.07115485291225115,-0.008598522545004393,0.1999016368671853
166,SJCRH30,H3K4me1,Crypton,0.04264513624379621,0.4748858056687425,-0.07437488179252005,0.15850667179280972
167,SJCRH30,H3K4me1,Merlin,0.11276939163235133,0.10235249567897862,-0.023075224646090003,0.24452524530111555
168,SJCRH30,H3K4me1,TcMar,-0.04940960366875661,0.4828022441399562,-0.18560300845032493,0.08864637802353725
169,SJCRH30,H3K4me1,L1-Tx1,0.12807082844759565,0.1358448248515825,-0.04120660538438979,0.2902012233882657
170,SJCRH30,H3K4me1,Crypton-A,-0.09152383583761728,0.2984874904866126,-0.2593217001842984,0.08163761251125952
171,SJCRH30,H3K4me1,I-Jockey,-0.06007784264664999,0.5348886710162624,-0.24556764235980558,0.1296559974620567
172,SJCRH30,H3K4me1,hAT-Tip100?,-0.11494755244755245,0.36188334025364033,-0.34978118804497976,0.1334774085427193
173,SJCRH30,H3K4me1,TcMar-Pogo,-0.07368035190615835,0.6885955203066567,-0.4122043763521471,0.28271978867040615
174,SJCRH30,H3K4me1,hAT?,-0.3790679908326967,0.027042755629435013,-0.6430852676753842,-0.03451082755393166
175,SJCRH30,H3K4me1,hAT-hAT19,0.21176470588235297,0.431083247239221,-0.32268252517663865,0.6438223247105804
176,SJCRH30,H3K9me3,Alu,0.0014108944824766602,0.138530624413539,-0.0004559334277066414,0.0032777125586265854
177,SJCRH30,H3K9me3,L1,0.0014315338074788052,0.29875761976793824,-0.0012686429217134744,0.004131689662294347
178,SJCRH30,H3K9me3,MIR,-0.000686614188741892,0.6216433720961096,-0.0034134063328357844,0.002040188165891004
179,SJCRH30,H3K9me3,L2,0.0016201553553623423,0.3332290900562066,-0.001661521564345377,0.004901797379136332
180,SJCRH30,H3K9me3,ERVL-MaLR,-0.000646493048922364,0.7471814793464122,-0.004577198216669377,0.0032842320961426847
181,SJCRH30,H3K9me3,hAT-Charlie,0.002601700351809325,0.2223466761308415,-0.0015769473004155993,0.006780257148314492
182,SJCRH30,H3K9me3,ERV1,-0.0014477615304228308,0.6368884110720261,-0.0074587405382731085,0.004563322100126546
183,SJCRH30,H3K9me3,ERVL,-0.0018792313557825667,0.5475500879536577,-0.008003148231029386,0.004244826474420074
184,SJCRH30,H3K9me3,TcMar-Tigger,-0.0033975574121006126,0.28511559656715996,-0.009627189191263532,0.002832338088207021
185,SJCRH30,H3K9me3,hAT-Tip100,-7.90827069941397e-05,0.9854470417935417,-0.00857647384730092,0.008418319853765566
186,SJCRH30,H3K9me3,CR1,-0.00494301533772924,0.29503573548772205,-0.0141942737021763,0.0043090892284450835
187,SJCRH30,H3K9me3,Gypsy,-0.004294000169493908,0.5908044587340118,-0.01994464004732719,0.011358743596429069
188,SJCRH30,H3K9me3,hAT-Blackjack,0.005674903223494326,0.4863291397610875,-0.010302295330592574,0.021649204934590473
189,SJCRH30,H3K9me3,TcMar-Mariner,0.014732679891225323,0.0730632469594595,-0.0013779320863055258,0.03083564605101686
190,SJCRH30,H3K9me3,RTE-X,-0.0036825278760806504,0.720660360181699,-0.02386352545380219,0.01650146977410923
191,SJCRH30,H3K9me3,ERVK,-0.003730131534160442,0.7509384359046559,-0.026758340780909412,0.019302034613152254
192,SJCRH30,H3K9me3,TcMar-Tc2,-0.004644551673043079,0.7076463264339705,-0.0289115648615759,0.019627933107754496
193,SJCRH30,H3K9me3,SVA,-0.008268223551685687,0.5633523019083825,-0.0362982481301503,0.01977480033428566
194,SJCRH30,H3K9me3,RTE-BovB,-0.0013357275962444367,0.9279056424596288,-0.03026235748449795,0.02759313780865959
195,SJCRH30,H3K9me3,tRNA-RTE,0.0012015328932599165,0.9403971422457762,-0.0302870261832014,0.03268770943630189
196,SJCRH30,H3K9me3,hAT-Ac,-0.020078955637294754,0.2685668102188739,-0.055604778245375366,0.015497642540477191
197,SJCRH30,H3K9me3,hAT,-0.016001833444137557,0.40649992655563605,-0.05374335550525159,0.02178534219322117
198,SJCRH30,H3K9me3,MULE-MuDR,0.005537795484310248,0.7903141155491069,-0.03527154772005174,0.04632870113997983
199,SJCRH30,H3K9me3,PiggyBac,0.023177516605960062,0.2893216320954548,-0.01970391888834961,0.06597383711902198
200,SJCRH30,H3K9me3,5S-Deu-L2,0.023581928900415352,0.30628979650048344,-0.021607798040990712,0.06867549346551415
201,SJCRH30,H3K9me3,Helitron,-0.01647688374273672,0.49808594408884854,-0.06407026578827867,0.031191280459997073
202,SJCRH30,H3K9me3,hAT-Tag1,0.04820796142514594,0.04799844571740443,0.00039935948695341667,0.09579669162935145
203,SJCRH30,H3K9me3,tRNA,0.008594461678095302,0.7390244545780456,-0.04195396846282977,0.059099006537418966
204,SJCRH30,H3K9me3,Penelope,-0.008866970908739086,0.8209451837404316,-0.08547666921332596,0.06784695851644808
205,SJCRH30,H3K9me3,TcMar-Tc1,-0.07268968737160766,0.0633965788307395,-0.14868527103557233,0.0041594501992590635
206,SJCRH30,H3K9me3,Dong-R4,0.015492725951513861,0.749273210054649,-0.07941636383821105,0.11012345877153631
207,SJCRH30,H3K9me3,tRNA-Deu,-0.036923504120632146,0.4515106112350191,-0.13240200928566473,0.05923391354520402
208,SJCRH30,H3K9me3,Kolobok,-0.018366032365341647,0.7305742744042392,-0.1223756183668055,0.08604257996211527
209,SJCRH30,H3K9me3,PIF-Harbinger,-0.01286140910339531,0.8107808048626968,-0.11768690261811476,0.09224754783982035
210,SJCRH30,H3K9me3,Crypton,-0.003156075226415743,0.9578446143546754,-0.1197098294662799,0.1134834921616172
211,SJCRH30,H3K9me3,Merlin,0.07610830532103366,0.27108526004560507,-0.059768613379132494,0.20921615139320465
212,SJCRH30,H3K9me3,TcMar,-0.11350449346771076,0.1068708356628513,-0.24776645065978856,0.025035075269256666
213,SJCRH30,H3K9me3,L1-Tx1,0.04870854564678152,0.5719167949430958,-0.12008608797149005,0.21476612074653872
214,SJCRH30,H3K9me3,Crypton-A,-0.014533312514897234,0.8691361778975217,-0.18560497936119105,0.1573934365719147
215,SJCRH30,H3K9me3,I-Jockey,0.0977203224909647,0.3120691363523399,-0.0925239034285769,0.2810811936208672
216,SJCRH30,H3K9me3,hAT-Tip100?,-0.025568181818181816,0.839783394809817,-0.2678350531592667,0.21973971037630374
217,SJCRH30,H3K9me3,TcMar-Pogo,-0.14809384164222872,0.4185786682699443,-0.4739382243133909,0.2134233258104826
218,SJCRH30,H3K9me3,hAT?,0.08846447669977081,0.6188258622943947,-0.2580439064718068,0.4148077994497313
219,SJCRH30,H3K9me3,hAT-hAT19,0.2029411764705882,0.45096124172270946,-0.33047957514520065,0.6381004016505516
220,SJCRH30,H3K36me3,Alu,-0.0004660865628289024,0.6246744074443271,-0.002333305151770318,0.001401135276145381
221,SJCRH30,H3K36me3,L1,-0.00013525969510288745,0.921796873283323,-0.0028356982062196423,0.00256518078874233
222,SJCRH30,H3K36me3,MIR,0.00030965995715979565,0.8238795578131621,-0.002417367341961546,0.003036682650605761
223,SJCRH30,H3K36me3,L2,0.0014541428496390035,0.385156988829801,-0.001827708353366196,0.0047359627290481975
224,SJCRH30,H3K36me3,ERVL-MaLR,9.246121384391597e-05,0.9632325366805922,-0.0038387704889026684,0.004023690058693602
225,SJCRH30,H3K36me3,hAT-Charlie,0.0022463906784744286,0.29213060003450364,-0.0019330351284758249,0.006425738008394276
226,SJCRH30,H3K36me3,ERV1,-0.0013753143424425087,0.6539131417880639,-0.007387625987769199,0.004637096734143377
227,SJCRH30,H3K36me3,ERVL,0.0010736511910665898,0.7311702015349877,-0.005051194652819099,0.007198416482582851
228,SJCRH30,H3K36me3,TcMar-Tigger,-0.003664580078949557,0.24898003492727414,-0.009894601814765475,0.002565726141621797
229,SJCRH30,H3K36me3,hAT-Tip100,-0.002759602175703294,0.5244753150287054,-0.011257310326739205,0.005738504544568287
230,SJCRH30,H3K36me3,CR1,-0.0011509834280271241,0.807368256773053,-0.01040282978345577,0.008101059972535692
231,SJCRH30,H3K36me3,Gypsy,0.008963835406678404,0.2616997146063017,-0.006689824918893513,0.02461310366777181
232,SJCRH30,H3K36me3,hAT-Blackjack,-0.0033359820749728638,0.6824379255575579,-0.01931484932199654,0.012644588886543795
233,SJCRH30,H3K36me3,TcMar-Mariner,0.00872736479368958,0.2885040002099724,-0.007388836336866081,0.024839033303295305
234,SJCRH30,H3K36me3,RTE-X,0.0028697002671821204,0.7805022499780281,-0.0173129767701161,0.023050039666003126
235,SJCRH30,H3K36me3,ERVK,-0.003959098491534437,0.7363962341441939,-0.027004661755569887,0.019090670944441543
236,SJCRH30,H3K36me3,TcMar-Tc2,0.0038758219652291624,0.754283474879255,-0.020392607838259375,0.028139687176327
237,SJCRH30,H3K36me3,SVA,0.017767343724092624,0.21452904704752446,-0.01029231518923969,0.04579904364979345
238,SJCRH30,H3K36me3,RTE-BovB,0.009111298873874038,0.5371483379070761,-0.01982546490951483,0.03803281099084097
239,SJCRH30,H3K36me3,tRNA-RTE,-0.004423308482884876,0.78308823671677,-0.035901801952195375,0.027063953673272294
240,SJCRH30,H3K36me3,hAT-Ac,-0.016457674026731175,0.3644319481434467,-0.051985754596673955,0.01911201368624688
241,SJCRH30,H3K36me3,hAT,0.0049685377848867895,0.7966231669185324,-0.03280944433188071,0.0427323429186575
242,SJCRH30,H3K36me3,MULE-MuDR,-0.007937410711347475,0.7031099605353979,-0.048723334247165045,0.03287493923111729
243,SJCRH30,H3K36me3,PiggyBac,0.0031064861132223676,0.887159698980502,-0.03978579880296033,0.045987343660509196
244,SJCRH30,H3K36me3,5S-Deu-L2,0.0017198290773978338,0.940548900324786,-0.043456015695524354,0.04688865506995021
245,SJCRH30,H3K36me3,Helitron,-0.0043408354043875,0.8583896150450333,-0.05198483560299644,0.043322880285833365
246,SJCRH30,H3K36me3,hAT-Tag1,0.013707365817158116,0.5740397176640114,-0.03408481182195183,0.06143699587864744
247,SJCRH30,H3K36me3,tRNA,-0.0018345599806849854,0.9433090555781672,-0.052359027678120194,0.04869927572756896
248,SJCRH30,H3K36me3,Penelope,-0.04472991789601078,0.25370198853897896,-0.12107742671814804,0.032143693032623974
249,SJCRH30,H3K36me3,TcMar-Tc1,-0.03013965601524456,0.44161166486117975,-0.10657697919854671,0.046651812418024935
250,SJCRH30,H3K36me3,Dong-R4,-0.01538788197217353,0.7509137277964699,-0.11001978434304288,0.07952049408475868
251,SJCRH30,H3K36me3,tRNA-Deu,-0.06772222795018262,0.16696401059405575,-0.16268858521567986,0.028487342694880475
252,SJCRH30,H3K36me3,Kolobok,0.04440371833026721,0.405566223023354,-0.060309892037598165,0.14815064400017403
253,SJCRH30,H3K36me3,PIF-Harbinger,0.041772655302554106,0.43661762342044086,-0.06353160998168052,0.14615697573212036
254,SJCRH30,H3K36me3,Crypton,-0.029061729437671553,0.6263766960238519,-0.14519155266525893,0.08785795320065468
255,SJCRH30,H3K36me3,Merlin,0.06277293657340415,0.3642438751736089,-0.07304693729006395,0.19630683279843397
256,SJCRH30,H3K36me3,TcMar,-0.0962378554192915,0.17197549030735404,-0.23119117137824371,0.0423489373709168
257,SJCRH30,H3K36me3,L1-Tx1,0.1084291943409047,0.20722791525224327,-0.0608794978602068,0.27167292302762514
258,SJCRH30,H3K36me3,Crypton-A,0.08425851413595516,0.3386465832109822,-0.08885148669701536,0.2524276110158742
259,SJCRH30,H3K36me3,I-Jockey,0.05783523306459087,0.5502693398426718,-0.13185559440411518,0.24343992396504677
260,SJCRH30,H3K36me3,hAT-Tip100?,-0.050699300699300696,0.6883628089479837,-0.29114640132860486,0.19577251524742115
261,SJCRH30,H3K36me3,TcMar-Pogo,-0.10227272727272727,0.5775356045872684,-0.43620809517713965,0.25642226697564513
262,SJCRH30,H3K36me3,hAT?,0.05240641711229946,0.7684892444986764,-0.2911360424160179,0.38397691894823655
263,SJCRH30,H3K36me3,hAT-hAT19,0.07647058823529412,0.7783409809607029,-0.43639588116527667,0.5518312059137126
264,SJCRH30,H3K27me3,Alu,-0.0008039335242241059,0.39854984382675473,-0.002670375498289702,0.0010625140510366414
265,SJCRH30,H3K27me3,L1,-0.0013643724889516155,0.32200893315595325,-0.004064565087739256,0.0013358400054086304
266,SJCRH30,H3K27me3,MIR,0.000571715671215203,0.6810796901149885,-0.0021547272960132945,0.003298150138780537
267,SJCRH30,H3K27me3,L2,0.0018070949781871276,0.28046194058773005,-0.001474573177817913,0.005088724212064965
268,SJCRH30,H3K27me3,ERVL-MaLR,-0.0008022946794605154,0.6890921621630774,-0.004732577891841358,0.0031280133193868106
269,SJCRH30,H3K27me3,hAT-Charlie,0.0018380810245392917,0.38858456060757296,-0.002340336013739933,0.006016433880853257
270,SJCRH30,H3K27me3,ERV1,-0.0021111458098687238,0.49123491971313016,-0.00812217501350472,0.003900035960153529
271,SJCRH30,H3K27me3,ERVL,0.0037051525904820337,0.23563250345989856,-0.002418090003339429,0.00982811735037362
272,SJCRH30,H3K27me3,TcMar-Tigger,0.0003849820095949384,0.9035820656707929,-0.005843843004200742,0.006613777150264445
273,SJCRH30,H3K27me3,hAT-Tip100,0.005299170437812424,0.22159510853692246,-0.003198190539773349,0.013795766208098567
274,SJCRH30,H3K27me3,CR1,-0.004728114430950033,0.3165359958500987,-0.013979508677271053,0.004524089246787768
275,SJCRH30,H3K27me3,Gypsy,-0.00921599013668066,0.24847253357602583,-0.024863646164621535,0.006436180631349486
276,SJCRH30,H3K27me3,hAT-Blackjack,0.004306162024089227,0.5972775510244741,-0.011668728005121058,0.020278854474674726
277,SJCRH30,H3K27me3,TcMar-Mariner,0.005210539755487522,0.5261431290161801,-0.010899895455426136,0.021318270596228647
278,SJCRH30,H3K27me3,RTE-X,-0.0028318708134499613,0.7833342776235033,-0.0230132987383874,0.017351864179206984
279,SJCRH30,H3K27me3,ERVK,0.020004105779255914,0.08873529026344516,-0.0030332037568792936,0.04302019331978366
280,SJCRH30,H3K27me3,TcMar-Tc2,0.006853356026588007,0.5798939443937199,-0.01741252593130632,0.03111116932443877
281,SJCRH30,H3K27me3,SVA,-0.00765473326161629,0.5927697055502348,-0.03569405186885931,0.02039662757502066
282,SJCRH30,H3K27me3,RTE-BovB,-0.00852166657559971,0.5637671282263537,-0.037440747976035756,0.02041167645539932
283,SJCRH30,H3K27me3,tRNA-RTE,0.006912861651331267,0.6670181485864336,-0.024576202355868573,0.038388221919582896
284,SJCRH30,H3K27me3,hAT-Ac,0.00038285280317534295,0.9831683636565884,-0.035173724950803044,0.03593846252457077
285,SJCRH30,H3K27me3,hAT,0.010491316261011649,0.5862343640706631,-0.027285112310853805,0.04823782181250779
286,SJCRH30,H3K27me3,MULE-MuDR,0.020240272044609053,0.3310760046257232,-0.020581961804165456,0.06099513063384218
287,SJCRH30,H3K27me3,PiggyBac,0.017865061224086484,0.414213982522585,-0.025023881397695583,0.06068835930917022
288,SJCRH30,H3K27me3,5S-Deu-L2,0.036101529871855026,0.11714362165174319,-0.009076416452367238,0.08113239445351153
289,SJCRH30,H3K27me3,Helitron,-0.033076728684739355,0.17384816067781625,-0.08061716323018292,0.014613855309757994
290,SJCRH30,H3K27me3,hAT-Tag1,-0.0287758130905848,0.2379094642526753,-0.07644820035056255,0.019027838078601284
291,SJCRH30,H3K27me3,tRNA,0.01379766110108065,0.5927523943131172,-0.036759648041828796,0.06428452033094752
292,SJCRH30,H3K27me3,Penelope,0.024192742642679493,0.53684029847296,-0.05258227794566322,0.10068344940569547
293,SJCRH30,H3K27me3,TcMar-Tc1,-0.056259032043894,0.15099700410109684,-0.13247224097110177,0.020615496984308975
294,SJCRH30,H3K27me3,Dong-R4,0.0667473506137543,0.16808627449851388,-0.028323732121652807,0.16062169670848142
295,SJCRH30,H3K27me3,tRNA-Deu,-0.0042830660131120465,0.9304285501086942,-0.1001574408985509,0.09167011403114286
296,SJCRH30,H3K27me3,Kolobok,-0.059523971344157725,0.2640086673757998,-0.16283951847217054,0.04508276144650774
297,SJCRH30,H3K27me3,PIF-Harbinger,-0.04593332164152605,0.3922863764992609,-0.15024349729962028,0.05938824507199164
298,SJCRH30,H3K27me3,Crypton,-0.0025045820933668294,0.9665408083028648,-0.11906751089659454,0.11412644599394169
299,SJCRH30,H3K27me3,Merlin,-0.040042513754078024,0.5629752367339067,-0.17422190040812452,0.09559676076146063
300,SJCRH30,H3K27me3,TcMar,-0.04894667244477366,0.4869178469449009,-0.18515338349830587,0.08910520576206098
301,SJCRH30,H3K27me3,L1-Tx1,0.0013604696072473355,0.9874115073600928,-0.16639306053318487,0.16903746391841704
302,SJCRH30,H3K27me3,Crypton-A,-0.09490026197744189,0.2809407035339788,-0.2625211871333403,0.07828039739115387
303,SJCRH30,H3K27me3,I-Jockey,0.0011398387545176537,0.9906146428696818,-0.18700203712700544,0.18920105454866337
304,SJCRH30,H3K27me3,hAT-Tip100?,-0.03291083916083916,0.794664937339944,-0.27466801964634346,0.21275990518476603
305,SJCRH30,H3K27me3,TcMar-Pogo,-0.1510263929618768,0.40931932148187056,-0.4763221580543727,0.21063433384612024
306,SJCRH30,H3K27me3,hAT?,0.05851795263559969,0.7423565101849308,-0.28557003720744484,0.38924171789207307
307,SJCRH30,H3K27me3,hAT-hAT19,0.3911764705882353,0.1340712861972552,-0.14968657863417156,0.7518496897061803
308,SJCRH30,H3K4me3,Alu,0.0006347849222587054,0.5052854227390764,-0.0012327652547007904,0.0025023306712927355
309,SJCRH30,H3K4me3,L1,0.0016634991135778296,0.22730753096796932,-0.0010370212827607596,0.004363995246899963
310,SJCRH30,H3K4me3,MIR,-5.8395325412761406e-05,0.9665248380930539,-0.0027855837476424253,0.0026687939654542686
311,SJCRH30,H3K4me3,L2,0.0018323546481217522,0.27383038474144683,-0.0014495665826595634,0.0051142364066359275
312,SJCRH30,H3K4me3,ERVL-MaLR,-0.0021908509922426113,0.2747556447038662,-0.006122381266001142,0.001740747010669905
313,SJCRH30,H3K4me3,hAT-Charlie,-0.0002833209594146518,0.8943022998852714,-0.004462803665565183,0.0038961716449040433
314,SJCRH30,H3K4me3,ERV1,-0.00842863333155615,0.005997955179583495,-0.014439869155157735,-0.002416788266345334
315,SJCRH30,H3K4me3,ERVL,0.0021478343704001367,0.49187927557798217,-0.0039769162526432774,0.008272423855364548
316,SJCRH30,H3K4me3,TcMar-Tigger,0.004934983688226507,0.12056440138754815,-0.0012956355972479183,0.011165219829711474
317,SJCRH30,H3K4me3,hAT-Tip100,0.0008974201416039777,0.8360327464766321,-0.007600835143843172,0.009395545804943164
318,SJCRH30,H3K4me3,CR1,0.004624973976991103,0.32723538187552426,-0.004627743044418033,0.013876899135547504
319,SJCRH30,H3K4me3,Gypsy,-0.0003448115001980849,0.9655608041852901,-0.01599613478714321,0.01530668072134446
320,SJCRH30,H3K4me3,hAT-Blackjack,0.0008671287349341193,0.9153090718511548,-0.015113467286580968,0.016847281874673
321,SJCRH30,H3K4me3,TcMar-Mariner,4.6638458506732076e-05,0.9954756534193544,-0.016072588102612216,0.01616584078357063
322,SJCRH30,H3K4me3,RTE-X,0.006742472517124415,0.5126579323445372,-0.01344228886108877,0.02692174104250186
323,SJCRH30,H3K4me3,ERVK,-0.0011037960141014622,0.9251701038135722,-0.024133617416792562,0.02192719629603244
324,SJCRH30,H3K4me3,TcMar-Tc2,0.0013157426022689077,0.9154003000861979,-0.022957003417394466,0.02558693833613388
325,SJCRH30,H3K4me3,SVA,0.029584875012187793,0.038848707536437016,0.0015104197109639197,0.0576127308155427
326,SJCRH30,H3K4me3,RTE-BovB,-0.0033055523565661653,0.8228624598292756,-0.032236638087385645,0.025631068039017373
327,SJCRH30,H3K4me3,tRNA-RTE,0.022484139630894313,0.1617075338911057,-0.009013621013430933,0.05393732744376277
328,SJCRH30,H3K4me3,hAT-Ac,-0.007597254394771506,0.6755738045514003,-0.04315391111112397,0.027978623866076344
329,SJCRH30,H3K4me3,hAT,0.029167370510862486,0.1302201485600052,-0.008621746834159042,0.06687329744471508
330,SJCRH30,H3K4me3,MULE-MuDR,-0.01935397515227353,0.3527965154338082,-0.060120207665581134,0.021476711400608094
331,SJCRH30,H3K4me3,PiggyBac,-0.010893501751265036,0.6186745028940754,-0.05374628542835335,0.03199933287656349
332,SJCRH30,H3K4me3,5S-Deu-L2,0.007104667246012026,0.7578847439438523,-0.038056568343599675,0.05223693949347625
333,SJCRH30,H3K4me3,Helitron,-0.009224657237686385,0.7046419728637137,-0.05686928421019883,0.03846189028783705
334,SJCRH30,H3K4me3,hAT-Tag1,0.019804116830384792,0.41669454858640076,-0.027994663502535575,0.06751253893468429
335,SJCRH30,H3K4me3,tRNA,0.046920225961789706,0.0688003552424282,-0.003645455596216561,0.09724657674162947
336,SJCRH30,H3K4me3,Penelope,-0.0036615535327605923,0.925595411647995,-0.08036425782414004,0.07308425962220169
337,SJCRH30,H3K4me3,TcMar-Tc1,-0.020187130098264946,0.6066066085783091,-0.09677004263352239,0.05663340671706709
338,SJCRH30,H3K4me3,Dong-R4,0.01864952459953478,0.7004378464766048,-0.07628032793865643,0.11324431999116434
339,SJCRH30,H3K4me3,tRNA-Deu,-0.0061955964971486515,0.8995014505226795,-0.10205095043498112,0.08977375057823027
340,SJCRH30,H3K4me3,Kolobok,-0.014341189399452085,0.7883109294743761,-0.11855191179262956,0.0901820183234668
341,SJCRH30,H3K4me3,PIF-Harbinger,-0.033608280963957425,0.5314600185639493,-0.13813030529589676,0.0716541122674518
342,SJCRH30,H3K4me3,Crypton,0.010747651242849585,0.8571459355188773,-0.1059860240615803,0.12718911488475657
343,SJCRH30,H3K4me3,Merlin,0.09180441374158387,0.1840389201655256,-0.04409284606373004,0.22436589379040783
344,SJCRH30,H3K4me3,TcMar,0.027268133539100015,0.6993605421790887,-0.1108834229809847,0.16438583949482097
345,SJCRH30,H3K4me3,L1-Tx1,0.024257429789598717,0.7784298166759906,-0.14406846778084365,0.19121906458219684
346,SJCRH30,H3K4me3,Crypton-A,0.01016931509306859,0.9082227317607665,-0.16164248634487552,0.1813827635204358
347,SJCRH30,H3K4me3,I-Jockey,-0.04942081364099713,0.6098189315058389,-0.23544459568428777,0.14009612794310775
348,SJCRH30,H3K4me3,hAT-Tip100?,0.012762237762237762,0.919629782239629,-0.23186816889650663,0.255874389585596
349,SJCRH30,H3K4me3,TcMar-Pogo,-0.1627565982404692,0.3734578050391115,-0.4858209026147896,0.19943253437190409
350,SJCRH30,H3K4me3,hAT?,-0.1257448433919022,0.4785682941410113,-0.446101565495165,0.22317470324357322
351,SJCRH30,H3K4me3,hAT-hAT19,0.2029411764705882,0.45096124172270946,-0.33047957514520065,0.6381004016505516
352,BE2C,H3K4me1,Alu,-2.3094502643498658e-05,0.9806787710412588,-0.0018921368538187952,0.001845948009884756
353,BE2C,H3K4me1,L1,-0.0012404790679120786,0.3685082773044285,-0.003944090366296459,0.0014631503652202053
354,BE2C,H3K4me1,MIR,-0.0008979545738445651,0.5189093430906166,-0.003626442889207173,0.001830547111506657
355,BE2C,H3K4me1,L2,-0.0010913032594530557,0.5147281917808205,-0.0043743768176218055,0.0021917938242937743
356,BE2C,H3K4me1,ERVL-MaLR,-0.0015180076761181847,0.44966320110337166,-0.005453588021067385,0.0024176196937135313
357,BE2C,H3K4me1,hAT-Charlie,0.0015045197619045596,0.4807393354403433,-0.002677507828737801,0.005686494726930287
358,BE2C,H3K4me1,ERV1,-0.003735207002624353,0.22454992271886307,-0.009762769409118233,0.00229262683128877
359,BE2C,H3K4me1,ERVL,0.0018388058186251353,0.5565997323013633,-0.004291478692371939,0.00796895212619776
360,BE2C,H3K4me1,TcMar-Tigger,0.006807202941053448,0.032356970428640885,0.0005725484550853531,0.013041328242982889
361,BE2C,H3K4me1,hAT-Tip100,5.7065681333140856e-05,0.9895040069827232,-0.008444891017572816,0.00855901413045923
362,BE2C,H3K4me1,CR1,-0.0024688547009156206,0.6010844716236344,-0.01172333942511755,0.006786052937718459
363,BE2C,H3K4me1,Gypsy,-0.003481703439042412,0.6630887111782047,-0.019143606605295127,0.012181908024583956
364,BE2C,H3K4me1,hAT-Blackjack,0.011272717593707762,0.16729025088101926,-0.004727117225612199,0.02726678224898288
365,BE2C,H3K4me1,TcMar-Mariner,0.0004886412282001648,0.9526538733919727,-0.015640518901679955,0.016617547122185113
366,BE2C,H3K4me1,RTE-X,-0.0002617994676805963,0.9797321878526642,-0.020457247543718915,0.019933862163662337
367,BE2C,H3K4me1,ERVK,0.003131139074545119,0.7905445341885544,-0.01997267246925105,0.026231608352061543
368,BE2C,H3K4me1,TcMar-Tc2,0.0026173811386287545,0.8326878168240138,-0.021663487669962785,0.026895164108767165
369,BE2C,H3K4me1,SVA,0.008263968696736096,0.5639526451389281,-0.019807798129015754,0.036322716261018156
370,BE2C,H3K4me1,RTE-BovB,-0.0208037498024981,0.15886301008289228,-0.04971419085287521,0.008141524338021393
371,BE2C,H3K4me1,tRNA-RTE,-0.025386569848277928,0.11418980579953078,-0.05684171646023344,0.006118925901140732
372,BE2C,H3K4me1,hAT-Ac,-0.0013349779694718752,0.9413868336435077,-0.036906904174887664,0.03424032702347793
373,BE2C,H3K4me1,hAT,0.02210540998438394,0.25183833530871413,-0.015712012637603183,0.059859678901809626
374,BE2C,H3K4me1,MULE-MuDR,0.005784902476991889,0.7815144277005246,-0.035086820626673974,0.04663730673646719
375,BE2C,H3K4me1,PiggyBac,-0.029075593264845018,0.1845716570998812,-0.07193314045456907,0.013889121926738104
376,BE2C,H3K4me1,5S-Deu-L2,0.005340556653988644,0.8169494742333108,-0.03986583751852248,0.050525132623023716
377,BE2C,H3K4me1,Helitron,0.025719975949960908,0.2917809082721725,-0.022111118654948882,0.07343359685760827
378,BE2C,H3K4me1,hAT-Tag1,0.019023156666055027,0.4358574577736479,-0.02883186185398943,0.0667911721398539
379,BE2C,H3K4me1,tRNA,-0.00014659081239641126,0.9954693293440912,-0.05070911167104083,0.050416679596286734
380,BE2C,H3K4me1,Penelope,0.05896227412714193,0.13288513478281033,-0.018028847612030184,0.1352582769119353
381,BE2C,H3K4me1,TcMar-Tc1,0.001968385322558216,0.9599909608970141,-0.07482687830291447,0.07874043872099225
382,BE2C,H3K4me1,Dong-R4,0.03600671322890885,0.45749673460204887,-0.059012096584999923,0.13037893057398933
383,BE2C,H3K4me1,tRNA-Deu,-0.022206959951478478,0.6507513787600963,-0.11788267650728275,0.07387725192449794
384,BE2C,H3K4me1,Kolobok,0.10156861837888367,0.05588940183000386,-0.0028154379892869666,0.2037631251178528
385,BE2C,H3K4me1,PIF-Harbinger,-0.011828052986164468,0.8257300111838182,-0.1166669167770379,0.09327150250527311
386,BE2C,H3K4me1,Crypton,-0.02047054429064336,0.7316890158788625,-0.13675372651669135,0.09636911671606002
387,BE2C,H3K4me1,Merlin,-0.016385934948351718,0.812950505121249,-0.15112895178149438,0.11895487772962839
388,BE2C,H3K4me1,TcMar,0.07680320677051346,0.2785050065527508,-0.06245766751405773,0.2131305492056377
389,BE2C,H3K4me1,L1-Tx1,-0.16352004594964414,0.05622493523772197,-0.3234043770564895,0.005441781682611521
390,BE2C,H3K4me1,Crypton-A,-0.14624596130693282,0.09555552152683701,-0.3108300707081247,0.026853176354963034
391,BE2C,H3K4me1,I-Jockey,-0.14643684551941433,0.12865605024618196,-0.3264803592340758,0.04386096383183765
392,BE2C,H3K4me1,hAT-Tip100?,-0.011136712749615975,0.9309676341577642,-0.25819664935096237,0.23729045611050753
393,BE2C,H3K4me1,TcMar-Pogo,0.002932551319648094,0.987291027811272,-0.34611603226169296,0.3512680143987596
394,BE2C,H3K4me1,hAT?,0.09291443850267381,0.6070513287093597,-0.2593646363853245,0.4233721669089509
395,BE2C,H3K4me1,hAT-hAT19,0.538235294117647,0.031493228205838324,0.020030264847137304,0.8284901935251493
396,BE2C,H3K9me3,Alu,0.0009566301185174054,0.31562276498742453,-0.0009118036440671792,0.0028250572018426964
397,BE2C,H3K9me3,L1,0.0009579107871098952,0.48735109167082014,-0.0017453217995876244,0.003661129374065256
398,BE2C,H3K9me3,MIR,0.0012743189289861944,0.3599430043417212,-0.0014539089602125512,0.004002527848194861
399,BE2C,H3K9me3,L2,0.0004612543759128685,0.7830291431066717,-0.002821704759849271,0.0037442035690690954
400,BE2C,H3K9me3,ERVL-MaLR,0.001210577119583283,0.5465365169670855,-0.002724500605353452,0.005145617353644244
401,BE2C,H3K9me3,hAT-Charlie,0.0033861073710320542,0.1125036133186462,-0.0007956862848242376,0.007567782600468582
402,BE2C,H3K9me3,ERV1,0.0023946185135492403,0.43603305388453373,-0.00363095296384299,0.00842001610968319
403,BE2C,H3K9me3,ERVL,-0.0003256018929161209,0.9170849602810895,-0.006455490316563642,0.00580431100016042
404,BE2C,H3K9me3,TcMar-Tigger,-0.006688185875003706,0.035490586235623095,-0.012921850279584885,-0.0004540016171176594
405,BE2C,H3K9me3,hAT-Tip100,-0.010037791290824652,0.02066336484386045,-0.01853821597683367,-0.0015359156052183283
406,BE2C,H3K9me3,CR1,0.0025132905426254945,0.5945391090223935,-0.006741309848839619,0.011767460436648685
407,BE2C,H3K9me3,Gypsy,-0.009446585552796987,0.2371901326844094,-0.02510611979469824,0.00621758347649458
408,BE2C,H3K9me3,hAT-Blackjack,0.008677476953603087,0.2877408541245069,-0.007321248742597742,0.024671761387998228
409,BE2C,H3K9me3,TcMar-Mariner,0.0031397579505040287,0.7027764853698847,-0.012987245290811642,0.019265128163135525
410,BE2C,H3K9me3,RTE-X,-0.019430729362994125,0.05928009701560449,-0.03960836231491871,0.0007627439231462243
411,BE2C,H3K9me3,ERVK,0.004564375960019801,0.6986818900325286,-0.01854482657346288,0.027668704344959924
412,BE2C,H3K9me3,TcMar-Tc2,-0.01668678599028904,0.177871190024069,-0.0409438929465361,0.0075899796057699335
413,BE2C,H3K9me3,SVA,0.0028043970248736844,0.8446592841506485,-0.025244214857752675,0.030848596990464414
414,BE2C,H3K9me3,RTE-BovB,0.003113130414578009,0.8330174057637955,-0.02582335566893824,0.032044404012560306
415,BE2C,H3K9me3,tRNA-RTE,0.0003130391277631378,0.9844640191036276,-0.03118686816507447,0.03181232521029861
416,BE2C,H3K9me3,hAT-Ac,-0.028995550196261908,0.11025082022621385,-0.06451597366785738,0.006598253522248899
417,BE2C,H3K9me3,hAT,-0.03464069119404612,0.07243874819792524,-0.07234992165234562,0.003167433460955812
418,BE2C,H3K9me3,MULE-MuDR,0.009478945564122885,0.6495005013574496,-0.03139722034200374,0.05032345715606892
419,BE2C,H3K9me3,PiggyBac,0.0017234733089275408,0.9373562854898204,-0.04123854354994171,0.04467912894127613
420,BE2C,H3K9me3,5S-Deu-L2,-0.005831896080990203,0.8004488533249656,-0.05101528276813534,0.03937531605268988
421,BE2C,H3K9me3,Helitron,0.03515318062580331,0.14907746774215025,-0.012622002621740909,0.08276823182900941
422,BE2C,H3K9me3,hAT-Tag1,0.01219518413270391,0.6174269496929546,-0.03565185103353196,0.05998643828408401
423,BE2C,H3K9me3,tRNA,-0.03556422008580421,0.16832602953483927,-0.08600515678003233,0.015058570315035685
424,BE2C,H3K9me3,Penelope,-0.05668330677543869,0.14793451254043222,-0.13289128403678824,0.020190961934227137
425,BE2C,H3K9me3,TcMar-Tc1,0.04745543957199836,0.22624142905275302,-0.02947896396306209,0.12383089748786141
426,BE2C,H3K9me3,Dong-R4,0.003457402407764583,0.9431444077684048,-0.09135962520389415,0.098212304055663
427,BE2C,H3K9me3,tRNA-Deu,-0.07001849683159617,0.15300450294885695,-0.16494127732107097,0.02618944771255162
428,BE2C,H3K9me3,Kolobok,0.03852360437901566,0.46934264682953997,-0.06586700188614801,0.14208006758499503
429,BE2C,H3K9me3,PIF-Harbinger,-0.08552817998563805,0.11071450632876942,-0.1889986132562579,0.01982059038077257
430,BE2C,H3K9me3,Crypton,-0.04650750309108741,0.4357816189155419,-0.16228698162008418,0.07053516696145881
431,BE2C,H3K9me3,Merlin,-0.037344525556454344,0.5895926947461647,-0.17159377101693715,0.09826638252330044
432,BE2C,H3K9me3,TcMar,0.05551588144730259,0.43376302609225925,-0.08362706509633862,0.1925354293761303
433,BE2C,H3K9me3,L1-Tx1,-0.015254527997557171,0.8595681025437953,-0.1825126176526107,0.15286163903888275
434,BE2C,H3K9me3,Crypton-A,-0.03726079755885498,0.672639110044644,-0.20751790724204197,0.1351873470682084
435,BE2C,H3K9me3,I-Jockey,-0.08650727458066908,0.37109278812849666,-0.2705418722195807,0.10362697022220994
436,BE2C,H3K9me3,hAT-Tip100?,-0.007968509984639018,0.9505767638995979,-0.2552333933034715,0.24027467879442865
437,BE2C,H3K9me3,TcMar-Pogo,0.1730205278592375,0.34364911102792683,-0.18957007178955326,0.49408376005395477
438,BE2C,H3K9me3,hAT?,0.0053475935828877,0.9764377093265237,-0.3385852653673804,0.3480199215828267
439,BE2C,H3K9me3,hAT-hAT19,0.40294117647058825,0.121745762952543,-0.13720441111643325,0.7583777726490637
440,BE2C,H3K36me3,Alu,0.0007477071952627534,0.4328760920888801,-0.001120860493031544,0.0026162696622617754
441,BE2C,H3K36me3,L1,-0.00022367611490395632,0.8711831243086242,-0.002927223272494735,0.0024798743124632007
442,BE2C,H3K36me3,MIR,0.001907177869717466,0.17062902135783464,-0.0008209237494538875,0.004635251100591736
443,BE2C,H3K36me3,L2,0.0005755583035412299,0.7311439368913168,-0.0027074984906335173,0.0038586026904922476
444,BE2C,H3K36me3,ERVL-MaLR,-0.0003302129271448079,0.8693603182131958,-0.004265262865654151,0.0036048472378343104
445,BE2C,H3K36me3,hAT-Charlie,0.0005931220112494699,0.7810133399384326,-0.0035885339282824245,0.004774757207921697
446,BE2C,H3K36me3,ERV1,-0.0017676266222081123,0.5653981385784694,-0.0077943405042054555,0.004259215667850022
447,BE2C,H3K36me3,ERVL,0.0006270987341129053,0.8410906543933074,-0.005503034041007387,0.006757184378682544
448,BE2C,H3K36me3,TcMar-Tigger,0.00445464936108324,0.1613720916955612,-0.00177969061124742,0.010688643068107554
449,BE2C,H3K36me3,hAT-Tip100,-0.00014488677139728158,0.9733546578947609,-0.008646588803431792,0.008356836205213039
450,BE2C,H3K36me3,CR1,-0.0027420463558811836,0.5614272395537685,-0.011996085159853809,0.006512462117990406
451,BE2C,H3K36me3,Gypsy,0.0025087045440486118,0.7536011869977949,-0.01315523687201768,0.018171414982332188
452,BE2C,H3K36me3,hAT-Blackjack,0.018431130666764953,0.02392540350324789,0.0024341475290390996,0.034418682981423636
453,BE2C,H3K36me3,TcMar-Mariner,-0.004862846123776123,0.5546247494426474,-0.02099142320137768,0.011268261364622905
454,BE2C,H3K36me3,RTE-X,0.006423157370664351,0.5330432787467778,-0.013772249209043835,0.02661332566666539
455,BE2C,H3K36me3,ERVK,0.028087698011153562,0.01716235349775156,0.004985674028351357,0.051159756235778106
456,BE2C,H3K36me3,TcMar-Tc2,0.003120225601452778,0.8011783856216583,-0.021162750510013876,0.027399522471905666
457,BE2C,H3K36me3,SVA,0.011139346306432147,0.4364362114355683,-0.016916252222919953,0.03917741768715355
458,BE2C,H3K36me3,RTE-BovB,0.01250098147146159,0.39719255343520876,-0.01644018497093703,0.04142121836541261
459,BE2C,H3K36me3,tRNA-RTE,-0.002119732024491928,0.8950825591845681,-0.03361305501414282,0.029377796370592926
460,BE2C,H3K36me3,hAT-Ac,-0.004449455811022356,0.806500058936559,-0.04003454642672173,0.031146907277471655
461,BE2C,H3K36me3,hAT,-0.0023457349779284994,0.9031934155255918,-0.040127857967092076,0.03544308625628061
462,BE2C,H3K36me3,MULE-MuDR,0.04555862658964852,0.02889899055617299,0.0046741841390519,0.08629101396608416
463,BE2C,H3K36me3,PiggyBac,0.021925111265203048,0.3171074516892609,-0.021038159352577045,0.06480755469306716
464,BE2C,H3K36me3,5S-Deu-L2,0.0026205655895581957,0.9095708413771108,-0.042581004905154984,0.04781142996235285
465,BE2C,H3K36me3,Helitron,0.00321345310410362,0.8951960169844748,-0.04457532579633397,0.05098755880085217
466,BE2C,H3K36me3,hAT-Tag1,-0.013779736092784373,0.5724768210005531,-0.061565894277207996,0.03406944958501756
467,BE2C,H3K36me3,tRNA,-0.03799141054078576,0.1411053974829632,-0.08841939005272556,0.012630816507626874
468,BE2C,H3K36me3,Penelope,-0.009673834202430207,0.8051125450898459,-0.08633656467413653,0.06710278547139516
469,BE2C,H3K36me3,TcMar-Tc1,-0.021101094573813577,0.5909821696632124,-0.09779389758456512,0.05584084998805964
470,BE2C,H3K36me3,Dong-R4,-0.010523657029946681,0.8281425595720647,-0.10520812313657221,0.08434989913483915
471,BE2C,H3K36me3,tRNA-Deu,-0.004203952316543007,0.9317104629710529,-0.10007910281308047,0.09174854773258358
472,BE2C,H3K36me3,Kolobok,0.06328460675253988,0.2342978210000515,-0.041178381956007315,0.16637902084866746
473,BE2C,H3K36me3,PIF-Harbinger,0.023197652117832857,0.66583496448636,-0.08199616808476447,0.12788029368128895
474,BE2C,H3K36me3,Crypton,0.010707148012716921,0.8576785638326698,-0.10602605159517518,0.12714923705271067
475,BE2C,H3K36me3,Merlin,-0.07608147873384137,0.27125470386619494,-0.20919021704602078,0.05979536176053394
476,BE2C,H3K36me3,TcMar,0.13243620175699441,0.060908269227835675,-0.006679165328350449,0.266522572846791
477,BE2C,H3K36me3,L1-Tx1,-0.0004293763425960716,0.9960268126728247,-0.16813276394464788,0.16729816666919828
478,BE2C,H3K36me3,Crypton-A,-0.05149516957757802,0.5591341149497147,-0.22117722363838893,0.12121309185328921
479,BE2C,H3K36me3,I-Jockey,-0.0019275322027615606,0.9841294980041877,-0.18996055023941016,0.18624188647501644
480,BE2C,H3K36me3,hAT-Tip100?,-0.019969278033794162,0.8765511603120382,-0.2664396001697697,0.22895232340050234
481,BE2C,H3K36me3,TcMar-Pogo,0.2719941348973607,0.13207442738921274,-0.09135505724422728,0.5714292555404684
482,BE2C,H3K36me3,hAT?,0.22393048128342247,0.21029162040040167,-0.13370138028768003,0.5299583798111642
483,BE2C,H3K36me3,hAT-hAT19,0.22058823529411767,0.4116664304979635,-0.314827309892638,0.6495058705433708
484,BE2C,H3K27me3,Alu,-1.6572568195684286e-05,0.9861299488412298,-0.0018850059133085411,0.0018518608926282813
485,BE2C,H3K27me3,L1,-0.0009722938914656992,0.48086777867250086,-0.003675700026894143,0.0017311264558854485
486,BE2C,H3K27me3,MIR,-0.001924266932933586,0.1668082578532131,-0.004652202493082079,0.0008036972669960174
487,BE2C,H3K27me3,L2,8.676683804464025e-05,0.958687489204738,-0.003196188766876908,0.0033697205726564185
488,BE2C,H3K27me3,ERVL-MaLR,-0.0010194410203683074,0.6116130134009443,-0.004954374443455044,0.002915523972444501
489,BE2C,H3K27me3,hAT-Charlie,-0.0008544007089707586,0.6887813157655854,-0.005035525826591742,0.0033267542818224824
490,BE2C,H3K27me3,ERV1,-0.0017093112039146265,0.5782011853792538,-0.007734547083843796,0.004316048786780763
491,BE2C,H3K27me3,ERVL,-0.006836494815753143,0.028816428667501753,-0.012965654442040259,-0.0007068214747037038
492,BE2C,H3K27me3,TcMar-Tigger,-0.0016199633197672037,0.6105136806098984,-0.007853517066859028,0.004613716324650194
493,BE2C,H3K27me3,hAT-Tip100,-0.0007423487380358122,0.864119390547984,-0.00924416417306473,0.007759574013625724
494,BE2C,H3K27me3,CR1,-0.008599548628274185,0.06857028663549562,-0.01785283102072201,0.0006552067498738863
495,BE2C,H3K27me3,Gypsy,0.00010040912126913187,0.9899758133439484,-0.015562515072402661,0.015763284048919385
496,BE2C,H3K27me3,hAT-Blackjack,-0.00024862822425499926,0.9756999898579699,-0.016245439284543663,0.015748310083966533
497,BE2C,H3K27me3,TcMar-Mariner,0.00607825827213086,0.4601520553881212,-0.010051365838327,0.02220472018842522
498,BE2C,H3K27me3,RTE-X,-0.0057098289236720175,0.5794445178022495,-0.025898276443247412,0.014483274169932153
499,BE2C,H3K27me3,ERVK,0.007528951226371331,0.5230716675827625,-0.015578001091510682,0.030627866000635193
500,BE2C,H3K27me3,TcMar-Tc2,0.001906532808039131,0.8776476406353437,-0.022362804772905254,0.02617362469014419
501,BE2C,H3K27me3,SVA,0.032773036501435995,0.02203934851578554,0.004714654445612757,0.06077985536475613
502,BE2C,H3K27me3,RTE-BovB,-0.007973670640087539,0.5891866253906755,-0.03689970694161741,0.020965716057548853
503,BE2C,H3K27me3,tRNA-RTE,-0.005362383653188557,0.7386706930805402,-0.03685191762471477,0.02613778879710793
504,BE2C,H3K27me3,hAT-Ac,-0.016128399120823932,0.3745018904114541,-0.051686432505798116,0.019470476382224076
505,BE2C,H3K27me3,hAT,-0.0004509282179180918,0.9813463873987374,-0.03823590645074837,0.03733533764361605
506,BE2C,H3K27me3,MULE-MuDR,0.012858135789062418,0.5377555093197103,-0.02803915267121968,0.053712449609335675
507,BE2C,H3K27me3,PiggyBac,-0.026533480966033605,0.22620962670213307,-0.0694208205613268,0.016451757692518307
508,BE2C,H3K27me3,5S-Deu-L2,0.0021744399507378385,0.924935291683281,-0.04303831544601536,0.047378307102173445
509,BE2C,H3K27me3,Helitron,-0.01820636098333503,0.45555292375574086,-0.06594893945437133,0.029619387117399986
510,BE2C,H3K27me3,hAT-Tag1,0.019725461016800196,0.41910201019604343,-0.028130189005284797,0.06749089720501736
511,BE2C,H3K27me3,tRNA,-0.00858589482368403,0.7395260937640131,-0.059140872073464974,0.04201301155846478
512,BE2C,H3K27me3,Penelope,-0.006990681583648052,0.8584882818078842,-0.08367176169491276,0.06977270103502896
513,BE2C,H3K27me3,TcMar-Tc1,-0.007306860881011341,0.8522722553203632,-0.08404460811452111,0.06951704312881941
514,BE2C,H3K27me3,Dong-R4,-0.016582797222845013,0.7322848171855858,-0.11120127867723005,0.07833362130318966
515,BE2C,H3K27me3,tRNA-Deu,-0.020971866167242805,0.6689905252635926,-0.11666273586764989,0.0751047895708546
516,BE2C,H3K27me3,Kolobok,0.07560623236223907,0.1551592998491666,-0.028856810260240742,0.17843563165650914
517,BE2C,H3K27me3,PIF-Harbinger,0.015836842370876,0.7681361906328161,-0.08929825433739157,0.12062291226155351
518,BE2C,H3K27me3,Crypton,0.01618911461132598,0.7862714731105758,-0.10060589118615182,0.1325439956395535
519,BE2C,H3K27me3,Merlin,0.036738372431562104,0.5956511086548371,-0.09886596111354098,0.17100311556990141
520,BE2C,H3K27me3,TcMar,0.1254891891680035,0.07589065538598086,-0.013680810224211444,0.2598896519375678
521,BE2C,H3K27me3,L1-Tx1,-0.09108145667319167,0.2898207254395623,-0.25523106998307726,0.07817148986236687
522,BE2C,H3K27me3,Crypton-A,-0.06733901587481035,0.4447412265990498,-0.23632236769503928,0.10559802499641176
523,BE2C,H3K27me3,I-Jockey,0.04972662403855065,0.6076060046774057,-0.13979698209110486,0.2357355064497537
524,BE2C,H3K27me3,hAT-Tip100?,-0.12154377880184332,0.34265644623167324,-0.35932507518926776,0.13105720722660882
525,BE2C,H3K27me3,TcMar-Pogo,-0.07294721407624633,0.6915419723183234,-0.41158421992113653,0.2833888466710154
526,BE2C,H3K27me3,hAT?,0.026069518716577544,0.8854942873628043,-0.32015894387862825,0.3661545841521869
527,BE2C,H3K27me3,hAT-hAT19,0.023529411764705882,0.931073583667659,-0.4778062677491202,0.5133038022421272
528,SJSA1,H3K27ac,Alu,-0.00048553452421094866,0.609605219838343,-0.002349144500496616,0.0013780788246453466
529,SJSA1,H3K27ac,L1,0.0008624178446421037,0.5306020026884283,-0.0018330726957027092,0.0035578958529502267
530,SJSA1,H3K27ac,MIR,-0.0017364238956527965,0.21193907461795825,-0.004462878501500234,0.0009900565261210031
531,SJSA1,H3K27ac,L2,-0.0010161205202155726,0.5437754768141496,-0.004296471954772194,0.002264252782856824
532,SJSA1,H3K27ac,ERVL-MaLR,0.0017196390302559189,0.39060730408891964,-0.002206242724992371,0.005645467778026509
533,SJSA1,H3K27ac,hAT-Charlie,0.0005442110617082715,0.7983989351834246,-0.0036317833503681685,0.004720186492948872
534,SJSA1,H3K27ac,ERV1,0.0007954965437879403,0.7945193716838186,-0.005190901686631525,0.006781837758352719
535,SJSA1,H3K27ac,ERVL,0.00026191276482152626,0.9331377063264865,-0.005856666878418274,0.006380472797657653
536,SJSA1,H3K27ac,TcMar-Tigger,0.0018987027426890938,0.5499324831830028,-0.004325797118317583,0.0081230554784515
537,SJSA1,H3K27ac,hAT-Tip100,0.003098748594945006,0.4747643073205323,-0.0053985712689969935,0.011595620991310722
538,SJSA1,H3K27ac,CR1,0.0016163039961575355,0.7318782749804713,-0.007629488650826329,0.010861820312213296
539,SJSA1,H3K27ac,Gypsy,0.00735243897092942,0.3570701133875106,-0.008295147878279759,0.02299642600897025
540,SJSA1,H3K27ac,hAT-Blackjack,0.0006493445627443178,0.9364703809046196,-0.015316877132789708,0.016615235202865876
541,SJSA1,H3K27ac,TcMar-Mariner,-0.01053315330413177,0.19972475793420705,-0.02662762353587031,0.0055667762312288085
542,SJSA1,H3K27ac,RTE-X,0.009010021779734688,0.38145434274693446,-0.011167634127311697,0.02918034311737005
543,SJSA1,H3K27ac,ERVK,0.0017856560757068874,0.8780456973168729,-0.021020053552278553,0.02458950840819147
544,SJSA1,H3K27ac,TcMar-Tc2,-0.005330209302913155,0.6667495111612987,-0.029583683001880055,0.018929536984609197
545,SJSA1,H3K27ac,SVA,0.008574000509032228,0.5473400539509972,-0.019352216650675942,0.03648684981423501
546,SJSA1,H3K27ac,RTE-BovB,-0.011315077562757942,0.4431858248095749,-0.040218035071167,0.017606799543395453
547,SJSA1,H3K27ac,tRNA-RTE,-0.003791347714958651,0.813507372493663,-0.03527871468894504,0.027703539058370346
548,SJSA1,H3K27ac,hAT-Ac,-0.016039906294006635,0.376343017574461,-0.05153969734352378,0.019500369384208568
549,SJSA1,H3K27ac,hAT,-0.023207234084537304,0.22870620548136714,-0.060937490094767933,0.014589247917759377
550,SJSA1,H3K27ac,MULE-MuDR,0.01100773280034725,0.5971908454508024,-0.029816801637043627,0.05179560383414188
551,SJSA1,H3K27ac,PiggyBac,0.040622063818495834,0.06284180329911739,-0.0021941561756053402,0.08328961657186629
552,SJSA1,H3K27ac,5S-Deu-L2,-0.043716067366114046,0.057675722989936395,-0.08869898006773709,0.0014448009567105352
553,SJSA1,H3K27ac,Helitron,0.0061068986216293985,0.8016284159579972,-0.04151794461989859,0.05370405450841875
554,SJSA1,H3K27ac,hAT-Tag1,0.01612462163071834,0.5083254377153053,-0.03165629314795119,0.06383200506286126
555,SJSA1,H3K27ac,tRNA,-0.010587258140099419,0.6815156140480803,-0.06108527106456804,0.03996481470927336
556,SJSA1,H3K27ac,Penelope,0.03131908966121217,0.42252333792765606,-0.045240668455370794,0.10751309579502814
557,SJSA1,H3K27ac,TcMar-Tc1,0.04603919088885031,0.24005544416529448,-0.030835299206105945,0.12237221162410213
558,SJSA1,H3K27ac,Dong-R4,-0.033280769766060245,0.4922752016348003,-0.12769073999366642,0.061726897590599794
559,SJSA1,H3K27ac,tRNA-Deu,0.03874336560183399,0.42950754791851375,-0.057420943329224684,0.13419534885740125
560,SJSA1,H3K27ac,Kolobok,0.013320565478065259,0.8027809910865584,-0.09104559848918128,0.11739729974046027
561,SJSA1,H3K27ac,PIF-Harbinger,-0.005349287000521026,0.9206816444445167,-0.11026819951899897,0.09968753090798889
562,SJSA1,H3K27ac,Crypton,-0.04812392611847329,0.41998112825000233,-0.16386830505645564,0.0689274493411108
563,SJSA1,H3K27ac,Merlin,0.12366237042674667,0.07236596204825858,-0.01179173840749368,0.25465976186670986
564,SJSA1,H3K27ac,TcMar,-0.05736299497039544,0.4162641675342199,-0.1936536264240268,0.08109979900582054
565,SJSA1,H3K27ac,L1-Tx1,0.1219242127606497,0.15580824152256945,-0.04737387163426445,0.2844130363037775
566,SJSA1,H3K27ac,Crypton-A,0.05504775708121957,0.5323086835984476,-0.11771738800449479,0.22457851300553955
567,SJSA1,H3K27ac,I-Jockey,-0.04205356315448059,0.6641559304754057,-0.22842872428700117,0.1472949856626078
568,SJSA1,H3K27ac,hAT-Tip100?,-0.008150183150183149,0.9490359712932781,-0.253455602419802,0.23814011007204175
569,SJSA1,H3K27ac,TcMar-Pogo,0.00036656891495601173,0.9984113157165908,-0.34837194095471224,0.3490159384049168
570,SJSA1,H3K27ac,hAT?,-0.1636363636363636,0.3551113479814665,-0.4773058558088678,0.1870203614566316
571,SJSA1,H3K27ac,hAT-hAT19,-0.09411764705882353,0.7288144270239805,-0.5643516795393834,0.4222291056157042
572,SJSA1,H3K9me3,Alu,0.0016743692259238063,0.0781028069785532,-0.00018832959835285657,0.003537056431300349
573,SJSA1,H3K9me3,L1,0.00020406600888209965,0.8820286639417159,-0.0024911280698161073,0.00289925712288344
574,SJSA1,H3K9me3,MIR,0.00015560563296041464,0.9109189265992356,-0.0025703707045055305,0.002881579657833845
575,SJSA1,H3K9me3,L2,0.0027330945421007455,0.1024660759012785,-0.0005472078886978313,0.006013338155220843
576,SJSA1,H3K9me3,ERVL-MaLR,0.0006909067789060445,0.7300926270330743,-0.0032341397493387105,0.0046159320190499
577,SJSA1,H3K9me3,hAT-Charlie,-0.0015039023896513298,0.4801903265396358,-0.00567893580731009,0.00267118345754088
578,SJSA1,H3K9me3,ERV1,0.0008732633077691414,0.7748856876753133,-0.0051114066226091714,0.006857870684677468
579,SJSA1,H3K9me3,ERVL,-0.004515223187602967,0.14799835037924372,-0.010632338617079124,0.0016022301786171006
580,SJSA1,H3K9me3,TcMar-Tigger,-0.00453487737479526,0.15326268652597003,-0.010758358414613114,0.0016889549792449437
581,SJSA1,H3K9me3,hAT-Tip100,-0.0007946316551455256,0.8545484140446885,-0.009290290595858989,0.0077011419942087985
582,SJSA1,H3K9me3,CR1,-0.0004045528601944656,0.9316640620991218,-0.009650909908057514,0.008841873362786993
583,SJSA1,H3K9me3,Gypsy,-0.0013830878712577327,0.8624607902196091,-0.017029147984159537,0.014263649429848708
584,SJSA1,H3K9me3,hAT-Blackjack,0.0016024934527958294,0.8440373469451824,-0.01436182685598435,0.017565996979835793
585,SJSA1,H3K9me3,TcMar-Mariner,-0.004943900825968311,0.5471650217607569,-0.021037064384505994,0.011151824043637322
586,SJSA1,H3K9me3,RTE-X,-0.008209094330053165,0.4252093873874707,-0.028379950238960294,0.011968444202789589
587,SJSA1,H3K9me3,ERVK,-0.004224574706388033,0.7164337733618965,-0.027014571300490082,0.018569811163783253
588,SJSA1,H3K9me3,TcMar-Tc2,-0.00973544512126333,0.43142550230670573,-0.033977696654001105,0.01451825568527856
589,SJSA1,H3K9me3,SVA,0.006868700590369153,0.6296560817648007,-0.021048239733427794,0.03477493819383212
590,SJSA1,H3K9me3,RTE-BovB,-0.0007235000193373289,0.9608995259583825,-0.02964122221667425,0.028195432260848797
591,SJSA1,H3K9me3,tRNA-RTE,0.009396790110885983,0.5587533892059171,-0.022101911108859326,0.04087685432534407
592,SJSA1,H3K9me3,hAT-Ac,0.0021230390059012974,0.9068077118606425,-0.0334122390120212,0.03765295604813701
593,SJSA1,H3K9me3,hAT,0.004701912062933104,0.8073162703059406,-0.033075762602002776,0.042466170504418026
594,SJSA1,H3K9me3,MULE-MuDR,-0.03738402009574397,0.07267510705612139,-0.07809780115617547,0.003454250301583581
595,SJSA1,H3K9me3,PiggyBac,0.00793469239972408,0.7163042271720511,-0.03485219635530938,0.05069254667521357
596,SJSA1,H3K9me3,5S-Deu-L2,-0.0521216770880198,0.023599747552519833,-0.09706026799780756,-0.006970999426548148
597,SJSA1,H3K9me3,Helitron,-0.007412554221942973,0.760467748184458,-0.055020165999685615,0.04022868401804346
598,SJSA1,H3K9me3,hAT-Tag1,0.012143174891591063,0.61840607040655,-0.03563268463745557,0.0598636561213968
599,SJSA1,H3K9me3,tRNA,-0.0053412174143998865,0.8359799796544198,-0.0558557811645984,0.045200620426390635
600,SJSA1,H3K9me3,Penelope,0.06060048643602432,0.1201486446107487,-0.0159177833593906,0.1364130720169384
601,SJSA1,H3K9me3,TcMar-Tc1,0.034660215021524984,0.3761832607779454,-0.04214103547888307,0.11105426239511967
602,SJSA1,H3K9me3,Dong-R4,0.02376131908421854,0.6239855933794667,-0.07119916628032202,0.11829495463134568
603,SJSA1,H3K9me3,tRNA-Deu,-0.003355390144308724,0.9454705043431402,-0.09923880372573649,0.09258976028119438
604,SJSA1,H3K9me3,Kolobok,0.04564095749458435,0.391921149768243,-0.058928562368892094,0.14921972251008855
605,SJSA1,H3K9me3,PIF-Harbinger,-0.12893323024731995,0.015948241796987835,-0.2312031684738305,-0.023845058432234806
606,SJSA1,H3K9me3,Crypton,-0.03639016682174025,0.5420805250367355,-0.15237917175792687,0.08058764125529835
607,SJSA1,H3K9me3,Merlin,0.04719463821025346,0.4943019601756937,-0.0881895885218142,0.18086687838739116
608,SJSA1,H3K9me3,TcMar,0.023760386799191725,0.7358692772057353,-0.11400208867160476,0.16062635222905294
609,SJSA1,H3K9me3,L1-Tx1,0.0335100232591282,0.6974683610403801,-0.13501064156945292,0.20014653576855468
610,SJSA1,H3K9me3,Crypton-A,-0.05146047112712923,0.5593992861660959,-0.22114398762049972,0.1212472188442068
611,SJSA1,H3K9me3,I-Jockey,-0.134473172087851,0.16328860572391032,-0.31539024714675395,0.05587630097898637
612,SJSA1,H3K9me3,hAT-Tip100?,0.10929487179487178,0.38995136448154055,-0.1410167133793539,0.3464722734546339
613,SJSA1,H3K9me3,TcMar-Pogo,-0.40762463343108496,0.02057281144111159,-0.6704346933827976,-0.05393370335717671
614,SJSA1,H3K9me3,hAT?,-0.03284950343773873,0.8536770092315364,-0.36702119607160866,0.308831820233893
615,SJSA1,H3K9me3,hAT-hAT19,0.4205882352941176,0.10476751392918707,-0.11816561036801085,0.7680409079113735
616,SJSA1,H3K36me3,Alu,4.3229319014591e-05,0.9637248251294104,-0.0018197454186043545,0.001906203756563762
617,SJSA1,H3K36me3,L1,-0.0017155368004107873,0.21223282536196844,-0.00441092769563369,0.0009798790223188897
618,SJSA1,H3K36me3,MIR,-0.0010156038959286517,0.46526191962338437,-0.0037415826538156074,0.0017103899558816836
619,SJSA1,H3K36me3,L2,-4.433136403608195e-05,0.9788684013066611,-0.0033246406583275377,0.003235978884304649
620,SJSA1,H3K36me3,ERVL-MaLR,0.0032118097556168234,0.1087569303869808,-0.0007132623890750695,0.007136782938271706
621,SJSA1,H3K36me3,hAT-Charlie,-0.0006371052296930137,0.7648719754714999,-0.004812093262177742,0.003537905013076243
622,SJSA1,H3K36me3,ERV1,-0.006482464020066945,0.03375367976989665,-0.012466685313808299,-0.0004977783849871635
623,SJSA1,H3K36me3,ERVL,0.0015561373930821328,0.6180905133447879,-0.004561436655414057,0.007673594967525609
624,SJSA1,H3K36me3,TcMar-Tigger,-0.00034356762090476724,0.9138395786755111,-0.006567149564105336,0.0058800409372029815
625,SJSA1,H3K36me3,hAT-Tip100,-0.005967942887240418,0.1685488926983003,-0.014462446973171844,0.002527422569635285
626,SJSA1,H3K36me3,CR1,-0.007231586287590524,0.12526610206474698,-0.016475969578134488,0.0020140332356955695
627,SJSA1,H3K36me3,Gypsy,2.3696453552521198e-05,0.99763160024132,-0.015621733461091136,0.015669114767393747
628,SJSA1,H3K36me3,hAT-Blackjack,0.013480004428825439,0.09789881613811044,-0.0024836092814581293,0.02943674944036763
629,SJSA1,H3K36me3,TcMar-Mariner,0.007943796493225698,0.3334017701073809,-0.008152781650772885,0.024036258957426563
630,SJSA1,H3K36me3,RTE-X,0.006788510089390781,0.5096262817358735,-0.013388772506764818,0.026960266431217347
631,SJSA1,H3K36me3,ERVK,-0.027306711573481343,0.018893586836019792,-0.05007844053705994,-0.004506606280773521
632,SJSA1,H3K36me3,TcMar-Tc2,0.04476195072568146,0.0002962691582498907,0.02051868480152802,0.06895260900594491
633,SJSA1,H3K36me3,SVA,-0.012790457134984324,0.3692022224222644,-0.040689646514406604,0.015128661009998242
634,SJSA1,H3K36me3,RTE-BovB,-0.008043406848542038,0.5857294761944647,-0.03695361727039681,0.020880256063209774
635,SJSA1,H3K36me3,tRNA-RTE,-0.006920688388995111,0.6665830169422655,-0.03838792176211346,0.02456025716146664
636,SJSA1,H3K36me3,hAT-Ac,0.004104333653081072,0.8209260099248119,-0.03142727804139938,0.03962558478990961
637,SJSA1,H3K36me3,hAT,-0.0009672567785465942,0.9599856029752059,-0.03873744219442458,0.03680568859328579
638,SJSA1,H3K36me3,MULE-MuDR,-0.02450281228190594,0.23982760714368406,-0.0652889198995886,0.016365028951253264
639,SJSA1,H3K36me3,PiggyBac,0.051544250935654054,0.01819356233345837,0.008750610585309964,0.09414943644644037
640,SJSA1,H3K36me3,5S-Deu-L2,-0.04479472908104454,0.05177056877736853,-0.08977222125371065,0.0003651009131347186
641,SJSA1,H3K36me3,Helitron,0.016404090830264766,0.49985978296870226,-0.03124990714853066,0.06398368090336877
642,SJSA1,H3K36me3,hAT-Tag1,0.01059080697693615,0.6639769645945375,-0.037182774120560445,0.05831608841602873
643,SJSA1,H3K36me3,tRNA,-0.03810748309404366,0.13949810113781982,-0.08848462905219039,0.012464114511446488
644,SJSA1,H3K36me3,Penelope,0.05110858580291195,0.19040717228344275,-0.0254734556962166,0.12709425373796682
645,SJSA1,H3K36me3,TcMar-Tc1,0.014858269440201806,0.7044867350721196,-0.06188274678738593,0.09142463923607491
646,SJSA1,H3K36me3,Dong-R4,-0.0694641871908062,0.15139629182151354,-0.1632881556718496,0.025604998714676242
647,SJSA1,H3K36me3,tRNA-Deu,0.04901598745685568,0.31743910357294874,-0.04717827028440615,0.14430945283155214
648,SJSA1,H3K36me3,Kolobok,0.041802079983819664,0.43300343837226063,-0.06275181259856712,0.1454483996327346
649,SJSA1,H3K36me3,PIF-Harbinger,-0.04613756509209742,0.3901825724053729,-0.1504440320515012,0.05918478063185189
650,SJSA1,H3K36me3,Crypton,-0.04451278518880234,0.45574203167302796,-0.1603349610157317,0.07251851191124283
651,SJSA1,H3K36me3,Merlin,0.01912559186971082,0.7818939527311912,-0.11593437104160555,0.1534911410081363
652,SJSA1,H3K36me3,TcMar,0.07848993484977021,0.26565608644845623,-0.060079510326304646,0.214091408887734
653,SJSA1,H3K36me3,L1-Tx1,0.09109545807566764,0.2897462780759809,-0.07815756466460462,0.2552443694845737
654,SJSA1,H3K36me3,Crypton-A,0.045524366988813084,0.6056279982131714,-0.12708104830636258,0.21545371083680154
655,SJSA1,H3K36me3,I-Jockey,-0.21718098415346124,0.023302227636426143,-0.3912675947347549,-0.028087988791511958
656,SJSA1,H3K36me3,hAT-Tip100?,0.1448260073260073,0.253535181697972,-0.10600881901934404,0.37833203290973216
657,SJSA1,H3K36me3,TcMar-Pogo,-0.11510263929618768,0.5304600351755813,-0.44686382691268217,0.24449055881481807
658,SJSA1,H3K36me3,hAT?,-0.0022918258212375857,0.9897365616187187,-0.34019427624341747,0.3361347916780589
659,SJSA1,H3K36me3,hAT-hAT19,-0.09999999999999999,0.7125163701282782,-0.56848990775716,0.41746509450285557
660,SJSA1,H3K27me3,Alu,0.0009468022548559046,0.31925300247195676,-0.0009163603860882944,0.0028099583224059973
661,SJSA1,H3K27me3,L1,0.0017534818351401128,0.2022764067156855,-0.0009418244015811962,0.004448762595070114
662,SJSA1,H3K27me3,MIR,-0.001988838181114213,0.15275465663519833,-0.004714972485159974,0.0007373256846970176
663,SJSA1,H3K27me3,L2,0.0004338694904551708,0.7954506087604339,-0.002846370984836653,0.0037141006289198373
664,SJSA1,H3K27me3,ERVL-MaLR,0.003058456605566277,0.126734580954592,-0.000866930876308631,0.006983749835344625
665,SJSA1,H3K27me3,hAT-Charlie,0.0004377227866982856,0.8372078886233296,-0.003737748860587252,0.004613179171025271
666,SJSA1,H3K27me3,ERV1,0.0005182104410350719,0.8652517634918788,-0.005467118682227434,0.0065035024356055356
667,SJSA1,H3K27me3,ERVL,0.003648265180566515,0.2424834904706106,-0.002469545818763181,0.009765803096748524
668,SJSA1,H3K27me3,TcMar-Tigger,0.002918479672989867,0.35806836760463756,-0.0033054718263145046,0.00914220506894802
669,SJSA1,H3K27me3,hAT-Tip100,0.0004963703359374844,0.9088305629487339,-0.007999144807746132,0.008991813830363302
670,SJSA1,H3K27me3,CR1,-0.001883977656899942,0.6895941920120363,-0.01112864177488095,0.007361008497276296
671,SJSA1,H3K27me3,Gypsy,0.0010530817738670718,0.8950547850390487,-0.014593085616288887,0.016698733586225672
672,SJSA1,H3K27me3,hAT-Blackjack,0.02253332814964114,0.005664648942634468,0.0065691933659384845,0.03848597996470976
673,SJSA1,H3K27me3,TcMar-Mariner,-0.006588842148628944,0.422461592721583,-0.022684606821193207,0.009510337387136327
674,SJSA1,H3K27me3,RTE-X,0.00137427313331897,0.8938041737314013,-0.018801474164431422,0.02154890166561195
675,SJSA1,H3K27me3,ERVK,0.007643336997197911,0.511207442922638,-0.015159843707805832,0.030438571166056503
676,SJSA1,H3K27me3,TcMar-Tc2,-0.004376006654059151,0.7236745328991616,-0.028628353047921766,0.019881488658149774
677,SJSA1,H3K27me3,SVA,0.02375252636310826,0.09546812556260045,-0.004175250229301476,0.05164327911280021
678,SJSA1,H3K27me3,RTE-BovB,0.005408456226953005,0.7139749501293263,-0.023510623270484973,0.03431849196264927
679,SJSA1,H3K27me3,tRNA-RTE,0.0025822904226747347,0.8723502159784915,-0.028911579139999234,0.034071038223377606
680,SJSA1,H3K27me3,hAT-Ac,-0.042561868122130975,0.018837637724658032,-0.0779810339867001,-0.007035395136472463
681,SJSA1,H3K27me3,hAT,-0.006895230875663344,0.7205977064893476,-0.04465564083177261,0.030884853370937035
682,SJSA1,H3K27me3,MULE-MuDR,0.004350113089813153,0.8346170492300116,-0.03647531072287371,0.04516104097752676
683,SJSA1,H3K27me3,PiggyBac,0.02342387110195298,0.28330489721701496,-0.01937579199060456,0.06613784277759087
684,SJSA1,H3K27me3,5S-Deu-L2,-0.034169610853163994,0.13797595663789158,-0.07919707054141549,0.010996995337905168
685,SJSA1,H3K27me3,Helitron,0.0037821491252303494,0.8763859896710489,-0.043852302844906266,0.05139944332926182
686,SJSA1,H3K27me3,hAT-Tag1,0.004649736198803456,0.8487408500997073,-0.043113532999691506,0.05239179919375567
687,SJSA1,H3K27me3,tRNA,-0.00678338696865581,0.7925958065450303,-0.05729360796819328,0.04376147203270545
688,SJSA1,H3K27me3,Penelope,-0.009375122580209288,0.8101619545195452,-0.08569015170064231,0.0670492737708053
689,SJSA1,H3K27me3,TcMar-Tc1,0.00551895529278526,0.887972913196,-0.07117804843461992,0.08215108222659817
690,SJSA1,H3K27me3,Dong-R4,-0.05269665028465639,0.2766991168543183,-0.14681500345619586,0.04236731040285126
691,SJSA1,H3K27me3,tRNA-Deu,0.06315507557908953,0.1975272089860877,-0.03305544553068262,0.15820587898044036
692,SJSA1,H3K27me3,Kolobok,-0.06963789807846918,0.1911507104893086,-0.17274302669920208,0.03497682373761403
693,SJSA1,H3K27me3,PIF-Harbinger,-0.031103158116175297,0.5625146184314465,-0.13566536574374047,0.0741442870282713
694,SJSA1,H3K27me3,Crypton,0.008380462459540612,0.8883758077162043,-0.10832493545272015,0.12485800376716985
695,SJSA1,H3K27me3,Merlin,0.001378483441532942,0.9840813718056122,-0.13339534096089906,0.13610224884746475
696,SJSA1,H3K27me3,TcMar,0.029315198092341756,0.6780047849103807,-0.108863414909844,0.16638241050406577
697,SJSA1,H3K27me3,L1-Tx1,0.08087210070113834,0.34749954781210246,-0.08831194997008121,0.24552094992620724
698,SJSA1,H3K27me3,Crypton-A,0.02068561469062508,0.8145862337632361,-0.15139508856441014,0.1915493855359129
699,SJSA1,H3K27me3,I-Jockey,-0.12455750162172181,0.1968916810996408,-0.306169497180655,0.06580253687621904
700,SJSA1,H3K27me3,hAT-Tip100?,0.010073260073260072,0.937032808097461,-0.23632718778537742,0.25525646761635384
701,SJSA1,H3K27me3,TcMar-Pogo,-0.3291788856304985,0.06581494734893704,-0.6141718706676182,0.03176782193446339
702,SJSA1,H3K27me3,hAT?,0.0985485103132162,0.5792431104724365,-0.24867892965058846,0.4233306878831114
703,SJSA1,H3K27me3,hAT-hAT19,-0.044117647058823525,0.8711220048065985,-0.5284606726859619,0.46189247481035667
704,SJSA1,H3K4me3,Alu,0.0008221748097409069,0.3872326536762142,-0.0010415149176288866,0.0026858588257400217
705,SJSA1,H3K4me3,L1,-0.0011639010358973005,0.3974068264751127,-0.003859510729618858,0.0015317255724885531
706,SJSA1,H3K4me3,MIR,0.0008165067219699394,0.5572193399766496,-0.001909876699688415,0.003542878005213318
707,SJSA1,H3K4me3,L2,-0.0007245923772318809,0.665080011951973,-0.004005104421440785,0.002555935262836823
708,SJSA1,H3K4me3,ERVL-MaLR,0.0003316082180996939,0.8685060748210902,-0.003594173899294785,0.004257380114183648
709,SJSA1,H3K4me3,hAT-Charlie,-0.0003099633832325614,0.8843303237744327,-0.004485829786146497,0.0038659138299066954
710,SJSA1,H3K4me3,ERV1,0.0035282402497269143,0.24805627922962048,-0.002458565910888024,0.009514793500576373
711,SJSA1,H3K4me3,ERVL,-0.004714716945462557,0.13095635604326453,-0.01083268068818889,0.0014035997642826157
712,SJSA1,H3K4me3,TcMar-Tigger,-0.0005206490313722557,0.8697884803319949,-0.00674560439687159,0.005704346684771666
713,SJSA1,H3K4me3,hAT-Tip100,-0.006674527749270572,0.12367921352766091,-0.015171078966617452,0.0018229873071069016
714,SJSA1,H3K4me3,CR1,0.0018276917317594768,0.6984729882556613,-0.007419451581254986,0.011074522483699856
715,SJSA1,H3K4me3,Gypsy,-0.015252467999191615,0.056055912802919224,-0.03089242616094861,0.0003949572224602714
716,SJSA1,H3K4me3,hAT-Blackjack,-0.0012267465751814315,0.8803008200743214,-0.01719194736145328,0.014739079601597834
717,SJSA1,H3K4me3,TcMar-Mariner,-0.008129713620187646,0.3224399549558762,-0.024229692848953082,0.007974481586124939
718,SJSA1,H3K4me3,RTE-X,0.002515100282123989,0.8070019813530003,-0.017662113332081442,0.022690266196210077
719,SJSA1,H3K4me3,ERVK,-0.0008828401611341099,0.9395385901814044,-0.023691835426669704,0.021927073737769566
720,SJSA1,H3K4me3,TcMar-Tc2,-0.005359588666567319,0.6650724931778743,-0.029616754716185165,0.018903886477008802
721,SJSA1,H3K4me3,SVA,0.0004699020753276022,0.9736889632866399,-0.027448698211056236,0.028387769852076288
722,SJSA1,H3K4me3,RTE-BovB,-0.011857974766513514,0.421616857175082,-0.0407602058546922,0.017064083556722922
723,SJSA1,H3K4me3,tRNA-RTE,0.018280333533802172,0.25531987898624214,-0.013221373342494657,0.049745788794219786
724,SJSA1,H3K4me3,hAT-Ac,0.021118294637875658,0.24425526084848262,-0.014435057307489898,0.0566183141111729
725,SJSA1,H3K4me3,hAT,-0.016427926940064317,0.3942051071339404,-0.05417545632681239,0.02136648876673304
726,SJSA1,H3K4me3,MULE-MuDR,0.00054405078720393,0.9791728409603568,-0.04028445626398221,0.04137074408902589
727,SJSA1,H3K4me3,PiggyBac,-0.021718920259358416,0.31982833957118284,-0.06443847407804477,0.021080090818237966
728,SJSA1,H3K4me3,5S-Deu-L2,-0.06903738799487319,0.0027019734555317723,-0.11387229030747388,-0.023921857352868132
729,SJSA1,H3K4me3,Helitron,-0.005299087413765486,0.8274244231133422,-0.052898402666076136,0.04232425286270888
730,SJSA1,H3K4me3,hAT-Tag1,0.01910227813507862,0.4332664796377138,-0.02868167556888371,0.06679912636978147
731,SJSA1,H3K4me3,tRNA,-0.01943249808968655,0.4512603559923142,-0.06989789894716543,0.03113211450882784
732,SJSA1,H3K4me3,Penelope,0.0029635720104160376,0.9395179704467242,-0.07348600759926603,0.07937852558622001
733,SJSA1,H3K4me3,TcMar-Tc1,0.017969365515827274,0.6467053369631557,-0.0588429619738382,0.09457016531728119
734,SJSA1,H3K4me3,Dong-R4,-0.06323829150084027,0.19163244290907458,-0.15717617172002624,0.031833668447535955
735,SJSA1,H3K4me3,tRNA-Deu,0.04738893993811235,0.33378858263751976,-0.04880158922309256,0.14270850997143733
736,SJSA1,H3K4me3,Kolobok,0.02871083546617091,0.5903067330090586,-0.07577244996369288,0.1325704899444587
737,SJSA1,H3K4me3,PIF-Harbinger,-0.046803649987222716,0.3833691726181082,-0.15109797716098514,0.05852119052274701
738,SJSA1,H3K4me3,Crypton,-0.05920672173614609,0.32096644266725016,-0.17469839538422874,0.05789200012557001
739,SJSA1,H3K4me3,Merlin,0.06761747808798522,0.32717179312157063,-0.0679029541841553,0.20068791353236332
740,SJSA1,H3K4me3,TcMar,0.02084568700116782,0.7672769724931998,-0.1168749452033932,0.15777973463721978
741,SJSA1,H3K4me3,L1-Tx1,0.11635632170937674,0.1757232533378374,-0.052951902933285916,0.27916194074386713
742,SJSA1,H3K4me3,Crypton-A,-0.0517140367265627,0.5574628879855772,-0.22138685938576674,0.12099782222331434
743,SJSA1,H3K4me3,I-Jockey,-0.24650171439162266,0.009769445760554416,-0.4177172009916459,-0.058379570258430345
744,SJSA1,H3K4me3,hAT-Tip100?,0.32055860805860803,0.009809749103463411,0.07481586795549897,0.5295957782175295
745,SJSA1,H3K4me3,TcMar-Pogo,-0.06524926686217009,0.7227402977879608,-0.4050584051596617,0.29039835264216496
746,SJSA1,H3K4me3,hAT?,-0.010542398777692894,0.9528131681138321,-0.34747794126374243,0.328804203820285
747,SJSA1,H3K4me3,hAT-hAT19,-0.2529411764705882,0.34456303133749866,-0.6700175745636892,0.28550911342227914
748,HAP-1,H3K27ac,Alu,-0.0013684657474922256,0.15153155760924544,-0.0032386644181580503,0.0005017424960499961
749,HAP-1,H3K27ac,L1,-0.0012287721038500786,0.37301217888886207,-0.003932198365198692,0.001474672118640127
750,HAP-1,H3K27ac,MIR,-0.0006930464711985394,0.6186942604139398,-0.003422272275878364,0.0020361896580790607
751,HAP-1,H3K27ac,L2,-0.0011877599255975925,0.47828872687526003,-0.004470919419039394,0.0020954251741322045
752,HAP-1,H3K27ac,ERVL-MaLR,-0.0018480149569522907,0.35759627908270075,-0.005785158823220116,0.002089186202880964
753,HAP-1,H3K27ac,hAT-Charlie,0.0028617579394254046,0.18004848379281801,-0.0013221419678397749,0.007045557658018286
754,HAP-1,H3K27ac,ERV1,-0.00041210481313309915,0.8934604747198366,-0.006443016948233463,0.005618837300192449
755,HAP-1,H3K27ac,ERVL,0.0019464361227773594,0.5339316014923171,-0.00418676123956293,0.008079487053348888
756,HAP-1,H3K27ac,TcMar-Tigger,0.0007947601663164927,0.8027854384958686,-0.00544239932082218,0.007031857818257279
757,HAP-1,H3K27ac,hAT-Tip100,-0.004000655332269032,0.35660519214607,-0.012505978373718942,0.004505246576814369
758,HAP-1,H3K27ac,CR1,0.001526551766029542,0.7465120566871085,-0.007729539652471766,0.0107823816159709
759,HAP-1,H3K27ac,Gypsy,0.00944316146797368,0.23740512452718854,-0.006222508455932784,0.02510419739648188
760,HAP-1,H3K27ac,hAT-Blackjack,-0.0022120985001433426,0.7864028343210782,-0.018209947734815827,0.013786883110176592
761,HAP-1,H3K27ac,TcMar-Mariner,-0.009990924817150927,0.22495994003944542,-0.026123802845233073,0.006147156078573341
762,HAP-1,H3K27ac,RTE-X,0.011217472202082026,0.2763213046390799,-0.008979680994315165,0.0314054766181524
763,HAP-1,H3K27ac,ERVK,0.00598322213900097,0.6119745917860564,-0.017134514299837842,0.029094564894001865
764,HAP-1,H3K27ac,TcMar-Tc2,0.005462625033801993,0.6594287011963231,-0.018830690480954215,0.02974949436492897
765,HAP-1,H3K27ac,SVA,0.012626038306160756,0.3787031955808652,-0.015487646246175107,0.0407197751223624
766,HAP-1,H3K27ac,RTE-BovB,-0.02458179603524338,0.09605336449727875,-0.053494805116309316,0.004372395369558684
767,HAP-1,H3K27ac,tRNA-RTE,0.0014028219909626998,0.9304445300528476,-0.03008998877824327,0.03289285037088898
768,HAP-1,H3K27ac,hAT-Ac,0.007376275052038602,0.6847901515997624,-0.028234620580876172,0.04296847125307964
769,HAP-1,H3K27ac,hAT,-0.013423237159392646,0.48673057180769796,-0.05121268968899009,0.02440459913944886
770,HAP-1,H3K27ac,MULE-MuDR,-0.000485752192821361,0.9814243771634955,-0.04135690492948446,0.0403870234592599
771,HAP-1,H3K27ac,PiggyBac,0.012636016231040902,0.5641689824481926,-0.03031014567765366,0.05553561019633829
772,HAP-1,H3K27ac,5S-Deu-L2,0.013977634271952203,0.5447257525467606,-0.0312527918690889,0.05915093083828052
773,HAP-1,H3K27ac,Helitron,-0.02547569189607064,0.2963897520755285,-0.07319031770888584,0.022355292594948045
774,HAP-1,H3K27ac,hAT-Tag1,-0.026892775004887348,0.2704691105234719,-0.07461568596407869,0.02095303560884873
775,HAP-1,H3K27ac,tRNA,-0.02897676577065535,0.2615699793805652,-0.07943384999289572,0.021628420783322378
776,HAP-1,H3K27ac,Penelope,-0.03125573877808995,0.42488085890063987,-0.10768259406960635,0.04553836338127989
777,HAP-1,H3K27ac,TcMar-Tc1,-0.001864012840900033,0.9622275451810278,-0.07887341774072223,0.07516750734900875
778,HAP-1,H3K27ac,Dong-R4,-0.0003791219515708031,0.9937602884475563,-0.0951625115382715,0.09441108010624698
779,HAP-1,H3K27ac,tRNA-Deu,-0.0305595753656746,0.5332407846479927,-0.12612713217323238,0.06556999991353833
780,HAP-1,H3K27ac,Kolobok,0.007272660062070615,0.8916963519957348,-0.0971853612584482,0.11157220284508211
781,HAP-1,H3K27ac,PIF-Harbinger,-0.03932653298161291,0.4639684619996921,-0.14375319349913887,0.06596628727730884
782,HAP-1,H3K27ac,Crypton,0.010674851319408523,0.8581033201927726,-0.106057968771843,0.12711743884079135
783,HAP-1,H3K27ac,Merlin,0.035717045933455975,0.6059223493152246,-0.09987604285681967,0.17000773774677413
784,HAP-1,H3K27ac,TcMar,-0.030141123749590503,0.6702359879219724,-0.16752584184274688,0.10839194906535222
785,HAP-1,H3K27ac,L1-Tx1,0.08664767922247137,0.31403692233450503,-0.0825786136995398,0.2510171865517704
786,HAP-1,H3K27ac,Crypton-A,0.070045495009816,0.42661304558797164,-0.10292418426442,0.23890332264113126
787,HAP-1,H3K27ac,I-Jockey,0.010202946900194607,0.9161405017597384,-0.17824565031357434,0.19792957333680533
788,HAP-1,H3K27ac,hAT-Tip100?,0.22955069124423963,0.07033193013022457,-0.022622881213422187,0.4542616472906294
789,HAP-1,H3K27ac,TcMar-Pogo,-0.05791788856304985,0.7528662170989002,-0.3988192369269785,0.29704772346248504
790,HAP-1,H3K27ac,hAT?,-0.02005347593582888,0.9118006826466462,-0.3609092829712941,0.3255285759395103
791,HAP-1,H3K27ac,hAT-hAT19,0.27058823529411763,0.31076062710233504,-0.2691605637560616,0.6809886999053857
792,HAP-1,H3K4me1,Alu,0.000548543572927215,0.5654122054577069,-0.0013218215397834425,0.00241890484774231
793,HAP-1,H3K4me1,L1,0.0007608226939921952,0.5812843277163117,-0.0019430006921259363,0.003464634955916209
794,HAP-1,H3K4me1,MIR,-0.0009036412669831973,0.5164027220844518,-0.0036330209431682872,0.001825751872654783
795,HAP-1,H3K4me1,L2,6.207081889278946e-06,0.9970435446630441,-0.0032770286394259375,0.0032894426693843245
796,HAP-1,H3K4me1,ERVL-MaLR,0.003375503666987066,0.09289720769770594,-0.0005618008862542598,0.00731270356522347
797,HAP-1,H3K4me1,hAT-Charlie,0.004623446261535679,0.030318829265066394,0.0004395854929371171,0.008807145168940605
798,HAP-1,H3K4me1,ERV1,0.0017921476932686445,0.5602989930872949,-0.004239030729175301,0.007823195738961975
799,HAP-1,H3K4me1,ERVL,0.00864628029695558,0.005724400755314079,0.0025132774883120314,0.014778632688363404
800,HAP-1,H3K4me1,TcMar-Tigger,-0.0007770609233786471,0.8070802285866046,-0.007013843609243992,0.0054597822144988265
801,HAP-1,H3K4me1,hAT-Tip100,0.0013617008189582924,0.753682627890436,-0.007143619897486188,0.009866824527417798
802,HAP-1,H3K4me1,CR1,0.0033581769997759027,0.477027521958749,-0.005897906015719815,0.012613684620435541
803,HAP-1,H3K4me1,Gypsy,-0.004000444864580655,0.6167023313972045,-0.01966317542570373,0.011664248761259835
804,HAP-1,H3K4me1,hAT-Blackjack,-3.6980035291670955e-05,0.9963852809972247,-0.016034378825895774,0.015960437682957077
805,HAP-1,H3K4me1,TcMar-Mariner,0.0035165832883691903,0.6693831426831466,-0.012624700132399438,0.019656034466016457
806,HAP-1,H3K4me1,RTE-X,0.004076939677751662,0.6923216381499901,-0.016115739629648917,0.0242662947794146
807,HAP-1,H3K4me1,ERVK,-0.004022402022088187,0.7332872388067502,-0.027152832215762538,0.01911233314763239
808,HAP-1,H3K4me1,TcMar-Tc2,-0.021305265897250965,0.08566187997323349,-0.045578794899792045,0.0029934068294757924
809,HAP-1,H3K4me1,SVA,-0.00890203841877842,0.5347956472564115,-0.036997517305873105,0.019207502370330212
810,HAP-1,H3K4me1,RTE-BovB,-0.026747483246937716,0.07017569919496462,-0.055659418078632235,0.0022092694070388872
811,HAP-1,H3K4me1,tRNA-RTE,0.029220937080429724,0.06905106244824635,-0.0022874868006607387,0.06067139823335751
812,HAP-1,H3K4me1,hAT-Ac,-0.003821684624231772,0.8334218384490159,-0.03941944770202965,0.03178576691430973
813,HAP-1,H3K4me1,hAT,0.00036751131879672106,0.984802296820741,-0.03743268936818651,0.03816666179391995
814,HAP-1,H3K4me1,MULE-MuDR,0.0049125250799703524,0.8137646159247773,-0.03594914525935685,0.04575779695555078
815,HAP-1,H3K4me1,PiggyBac,-0.009149843428260177,0.6762713959147778,-0.05205830109078086,0.0337923357434079
816,HAP-1,H3K4me1,5S-Deu-L2,-0.005941552037604322,0.7968839613377168,-0.05114871018892457,0.039289905372202436
817,HAP-1,H3K4me1,Helitron,-0.028349707829982758,0.24521398079582346,-0.07605224089260998,0.019482300801715077
818,HAP-1,H3K4me1,hAT-Tag1,-0.027180377354381946,0.2653768923981718,-0.07490207509346827,0.020665533413809768
819,HAP-1,H3K4me1,tRNA,-0.011853772076556208,0.6460996895566581,-0.062381051551274956,0.0387341140152132
820,HAP-1,H3K4me1,Penelope,-0.06432927871394188,0.10076613535058694,-0.14049754715393206,0.012595966581010887
821,HAP-1,H3K4me1,TcMar-Tc1,0.007481670660841278,0.8491254759515228,-0.06952069373383997,0.08439540911140155
822,HAP-1,H3K4me1,Dong-R4,-0.016417954937079267,0.7348456882126744,-0.11103829976995737,0.07849736609946319
823,HAP-1,H3K4me1,tRNA-Deu,-0.07848325159762691,0.10909788406404408,-0.17323892318594228,0.01771204505026353
824,HAP-1,H3K4me1,Kolobok,0.006528568446180691,0.9027193173564418,-0.09792214024453294,0.11083701238003392
825,HAP-1,H3K4me1,PIF-Harbinger,-0.01501238764054608,0.7798886519272258,-0.11980951888069429,0.09011560447796611
826,HAP-1,H3K4me1,Crypton,-0.010475776619671513,0.8607223882144079,-0.12692143278935128,0.10625470017800033
827,HAP-1,H3K4me1,Merlin,-0.008359036823461407,0.9039264108965284,-0.14326817458315871,0.12685508700763892
828,HAP-1,H3K4me1,TcMar,-0.11922831094488054,0.09101447640319817,-0.2535744286199604,0.019630393687766336
829,HAP-1,H3K4me1,L1-Tx1,0.0437963869447993,0.6113337525405076,-0.12491596976579365,0.21004717074562043
830,HAP-1,H3K4me1,Crypton-A,0.03373757028251626,0.7020518007970071,-0.13863826594697076,0.20412930759169645
831,HAP-1,H3K4me1,I-Jockey,0.029311463256417387,0.7622270212273005,-0.15971045078403157,0.21626001571066839
832,HAP-1,H3K4me1,hAT-Tip100?,0.12341589861751154,0.33521752343484146,-0.12921717580167696,0.3610043117604484
833,HAP-1,H3K4me1,TcMar-Pogo,-0.14772727272727273,0.41974425106049396,-0.4736399724611462,0.2137716298541429
834,HAP-1,H3K4me1,hAT?,-0.14772727272727273,0.4119752829385066,-0.46885526387677434,0.20789441899399208
835,HAP-1,H3K4me1,hAT-hAT19,0.4441176470588235,0.08482274417741585,-0.09216001889929086,0.7806839122731808
836,HAP-1,H3K9me3,Alu,0.0006596310267942029,0.48924112395285047,-0.0012099606314209344,0.0025292180737057864
837,HAP-1,H3K9me3,L1,-0.00038406749256480154,0.780654234603589,-0.003087286691911334,0.002319157319859226
838,HAP-1,H3K9me3,MIR,0.0015436432147719445,0.267572939852908,-0.0011852937563524373,0.004272557194713759
839,HAP-1,H3K9me3,L2,0.001244886926784845,0.4573673100143929,-0.002038174081483987,0.0045279210992298985
840,HAP-1,H3K9me3,ERVL-MaLR,0.0024466883558132676,0.22312807177621294,-0.001489633008934842,0.006382933900526466
841,HAP-1,H3K9me3,hAT-Charlie,-0.003287899289530882,0.12342872087818287,-0.007470854267826218,0.000895170750659761
842,HAP-1,H3K9me3,ERV1,0.004539151384872123,0.14012302402444277,-0.0014911061852842626,0.01056907884283906
843,HAP-1,H3K9me3,ERVL,0.003012487970982991,0.33556292792899856,-0.003118954251517369,0.009143703693332656
844,HAP-1,H3K9me3,TcMar-Tigger,-0.0035365783486337034,0.26636794114026985,-0.009772756018979976,0.0026998744117283672
845,HAP-1,H3K9me3,hAT-Tip100,-0.008421208102339433,0.05231153954885602,-0.01692554076952513,8.434293118061332e-05
846,HAP-1,H3K9me3,CR1,-0.006096344573836687,0.1967416621232976,-0.01535154112006276,0.003159896538538055
847,HAP-1,H3K9me3,Gypsy,-0.0029882505743251426,0.7084812867163324,-0.01865081240233541,0.01267577753445067
848,HAP-1,H3K9me3,hAT-Blackjack,-0.003905359629492543,0.6323567353206585,-0.019902651223039077,0.012093931111579163
849,HAP-1,H3K9me3,TcMar-Mariner,0.008827253192865633,0.2833302881895872,-0.007299314206450307,0.024949230201444576
850,HAP-1,H3K9me3,RTE-X,-0.0036902370116877405,0.7202281568290867,-0.02388086657492969,0.01650340177623189
851,HAP-1,H3K9me3,ERVK,-0.003624430459392174,0.7585674354886444,-0.0267309997774797,0.01948600982295356
852,HAP-1,H3K9me3,TcMar-Tc2,-0.02578783329898866,0.03745344730198508,-0.05005114807712253,-0.001494097190712193
853,HAP-1,H3K9me3,SVA,-0.00710536509979466,0.6200851922466839,-0.0351855566864612,0.02098603664653022
854,HAP-1,H3K9me3,RTE-BovB,0.003960703473947863,0.7886763885651522,-0.024998462219843556,0.032913227431673235
855,HAP-1,H3K9me3,tRNA-RTE,0.0068166166069583214,0.6715805093020959,-0.02469271976006484,0.038312422561797226
856,HAP-1,H3K9me3,hAT-Ac,-0.02893819047662231,0.11107487728990897,-0.06447047415062154,0.0066673767026633095
857,HAP-1,H3K9me3,hAT,0.022091784806659596,0.25230742323868793,-0.01573972107184029,0.05986012890226775
858,HAP-1,H3K9me3,MULE-MuDR,0.02370546109954472,0.2559896703861589,-0.017206714393741405,0.06453838908395026
859,HAP-1,H3K9me3,PiggyBac,-0.01796559787873952,0.4122641302942214,-0.06085013272481576,0.024985140811590846
860,HAP-1,H3K9me3,5S-Deu-L2,0.029155291849028347,0.20626319054318432,-0.016071931060109124,0.0742634531468293
861,HAP-1,H3K9me3,Helitron,-0.0003760343105242288,0.987701005188525,-0.04815698214927833,0.047406630577107436
862,HAP-1,H3K9me3,hAT-Tag1,-0.017350016882603396,0.47716166702770035,-0.06510983105297503,0.03048910336388302
863,HAP-1,H3K9me3,tRNA,-0.011242499010005097,0.6631948560661375,-0.061771874880755265,0.039344358531798934
864,HAP-1,H3K9me3,Penelope,0.021591065414147327,0.5818103566803454,-0.05523437641265795,0.09816236453194459
865,HAP-1,H3K9me3,TcMar-Tc1,0.04516456012622672,0.25094043766776014,-0.03200660847116221,0.12180042322412209
866,HAP-1,H3K9me3,Dong-R4,-0.033744532185624045,0.4862603838752856,-0.12814815310216218,0.061265105345466295
867,HAP-1,H3K9me3,tRNA-Deu,-0.010277386750557534,0.8340595113011067,-0.10609040549897442,0.08572471994946769
868,HAP-1,H3K9me3,Kolobok,-0.03482082771778052,0.5143358266354503,-0.1387307101237378,0.06984740123295696
869,HAP-1,H3K9me3,PIF-Harbinger,-0.08289997469908726,0.12215164903463065,-0.18643367831122962,0.022454750581632946
870,HAP-1,H3K9me3,Crypton,-0.02650023104052353,0.6571092789420541,-0.14267710327168262,0.09039693288420905
871,HAP-1,H3K9me3,Merlin,0.004062950503097578,0.9532170108999232,-0.13107809892201885,0.13905575610496293
872,HAP-1,H3K9me3,TcMar,0.07246150508935899,0.3054442697603048,-0.0664336999577637,0.20860186096904823
873,HAP-1,H3K9me3,L1-Tx1,-0.12703472466437468,0.13906564093034057,-0.28922617870972867,0.042246887729877836
874,HAP-1,H3K9me3,Crypton-A,0.0039903218016109025,0.9639209711540222,-0.16765058985235992,0.1753964367733333
875,HAP-1,H3K9me3,I-Jockey,0.05274766008710964,0.5859376967957435,-0.13684038719465386,0.2386080076461041
876,HAP-1,H3K9me3,hAT-Tip100?,0.1552197802197802,0.22067956150120663,-0.09567643014139474,0.387571745485238
877,HAP-1,H3K9me3,TcMar-Pogo,0.04912023460410556,0.7894907841421527,-0.3049932994057486,0.39130109402982194
878,HAP-1,H3K9me3,hAT?,0.06283422459893048,0.7283052128479877,-0.28698242418019,0.39786426634575256
879,HAP-1,H3K9me3,hAT-hAT19,0.22058823529411767,0.4116664304979635,-0.314827309892638,0.6495058705433708
880,HAP-1,H3K36me3,Alu,-7.315899938331535e-05,0.9388632611996811,-0.0019426678994120111,0.0017963504120362243
881,HAP-1,H3K36me3,L1,0.00046930081041531057,0.7336289844070172,-0.002233626278325305,0.003172221041922156
882,HAP-1,H3K36me3,MIR,-0.0012426670902904839,0.3720663255372576,-0.003971259734641191,0.0014859440580686088
883,HAP-1,H3K36me3,L2,-0.0008246504513100462,0.6224978828173542,-0.00410767287164017,0.002458389745683136
884,HAP-1,H3K36me3,ERVL-MaLR,0.00044416304232437737,0.8249522422631981,-0.0034917316459065406,0.004380043969304137
885,HAP-1,H3K36me3,hAT-Charlie,-0.0011502272464369617,0.5898912383318803,-0.005332801705005238,0.003032387456559583
886,HAP-1,H3K36me3,ERV1,-0.0011283671868178677,0.7137111246830758,-0.0071563381945548964,0.004899685823819781
887,HAP-1,H3K36me3,ERVL,-0.0032007588138195744,0.30626670763792746,-0.009332352121047157,0.0029310751795719944
888,HAP-1,H3K36me3,TcMar-Tigger,0.0015342001683621336,0.6296677553614655,-0.004701811832606678,0.00777009284785449
889,HAP-1,H3K36me3,hAT-Tip100,0.0036575194439281036,0.39929082188256493,-0.004847333302916723,0.01216184310141302
890,HAP-1,H3K36me3,CR1,-0.00011776090534560974,0.9801057957401869,-0.009373417902958476,0.009137916268802388
891,HAP-1,H3K36me3,Gypsy,0.002481093015881826,0.7562266456604825,-0.013182843244073565,0.018143811846468356
892,HAP-1,H3K36me3,hAT-Blackjack,0.00877808004875877,0.28204421081720804,-0.007215855566171603,0.02476752560780494
893,HAP-1,H3K36me3,TcMar-Mariner,-0.0017930547059457104,0.8275741221031655,-0.017925955852988902,0.014340779856588208
894,HAP-1,H3K36me3,RTE-X,0.008318048911204556,0.41953451657728946,-0.011878779583091685,0.0285080931536241
895,HAP-1,H3K36me3,ERVK,0.011260712052716284,0.33949256049341137,-0.011847017605652923,0.03435642074163037
896,HAP-1,H3K36me3,TcMar-Tc2,0.006065668088553719,0.6246709797800905,-0.018233476521097795,0.03035765161729909
897,HAP-1,H3K36me3,SVA,0.02089692295230085,0.14485849169893278,-0.007200112302193235,0.04896098864980271
898,HAP-1,H3K36me3,RTE-BovB,-0.007206753643549719,0.6255348429047964,-0.036136836282680204,0.021735398035343374
899,HAP-1,H3K36me3,tRNA-RTE,0.018276362908408096,0.25554593813296805,-0.013233483785623857,0.04974994713498729
900,HAP-1,H3K36me3,hAT-Ac,0.00934657660336281,0.6067558029864177,-0.026242450823022324,0.044911941351784515
901,HAP-1,H3K36me3,hAT,0.007636395377709547,0.6921355819407566,-0.03015848499379981,0.045409470600817015
902,HAP-1,H3K36me3,MULE-MuDR,0.0012942299092026143,0.9505454172038861,-0.039588743019440494,0.04217287689141322
903,HAP-1,H3K36me3,PiggyBac,-0.01603736946199242,0.4640132759757042,-0.05890701699587397,0.026891321613971626
904,HAP-1,H3K36me3,5S-Deu-L2,0.047788054169961146,0.0381769820573527,0.002583443578614582,0.09279775609759647
905,HAP-1,H3K36me3,Helitron,-0.05736305204869367,0.01859893950445725,-0.10489634659719309,-0.00956825721009823
906,HAP-1,H3K36me3,hAT-Tag1,-0.033403396717390496,0.17102974957063644,-0.08109739545820675,0.014443225202236322
907,HAP-1,H3K36me3,tRNA,-0.022471198306280832,0.38399403430697876,-0.07295756098308609,0.028130035468267013
908,HAP-1,H3K36me3,Penelope,-0.02991677029431212,0.44534697556888125,-0.1064145788245216,0.04693310557676652
909,HAP-1,H3K36me3,TcMar-Tc1,0.0005291293998495016,0.9892657127529214,-0.07643524978286441,0.07748724047875895
910,HAP-1,H3K36me3,Dong-R4,0.01913701083924128,0.6929994403533166,-0.07579592242593394,0.11372613191712728
911,HAP-1,H3K36me3,tRNA-Deu,0.031871893318939234,0.5157980392138497,-0.06426389959494883,0.12742155681186326
912,HAP-1,H3K36me3,Kolobok,-0.03452687401801099,0.5178953704698772,-0.13844153159428235,0.07013973579856822
913,HAP-1,H3K36me3,PIF-Harbinger,0.015624412244331485,0.7711593939209566,-0.08950886403531357,0.1204133423013163
914,HAP-1,H3K36me3,Crypton,-0.0003618818012506559,0.9951641709712288,-0.11695446946708941,0.11624054541664915
915,HAP-1,H3K36me3,Merlin,-0.07002761222411667,0.3113417459308656,-0.2033340736523202,0.06582780578973474
916,HAP-1,H3K36me3,TcMar,0.0025671768262611775,0.9710749889486407,-0.1355320811707557,0.14056858422119012
917,HAP-1,H3K36me3,L1-Tx1,-0.08654966940513965,0.314586679685013,-0.2509239840710213,0.08267597759022009
918,HAP-1,H3K36me3,Crypton-A,0.03414861346475578,0.6985964760000276,-0.1382358203076163,0.20452480196208445
919,HAP-1,H3K36me3,I-Jockey,0.02288017792604949,0.8133139391015201,-0.16595992511098062,0.2101015803556456
920,HAP-1,H3K36me3,hAT-Tip100?,0.07085253456221198,0.5810803893734436,-0.1803807024269742,0.3134070157725288
921,HAP-1,H3K36me3,TcMar-Pogo,-0.12426686217008798,0.4980091266293093,-0.4544315410314929,0.23591700922584982
922,HAP-1,H3K36me3,hAT?,0.12733957219251338,0.48007168541307754,-0.22721594716057195,0.4520876823036384
923,HAP-1,H3K36me3,hAT-hAT19,0.4558823529411765,0.07594549116741177,-0.0788768497800215,0.7869018933436679
924,HAP-1,H3K27me3,Alu,-0.001679594140376721,0.07827002605262634,-0.00354914280639741,0.00018996626682673672
925,HAP-1,H3K27me3,L1,0.00018526479890282446,0.8931552100308313,-0.0025182133654474623,0.0028887402551311613
926,HAP-1,H3K27me3,MIR,0.00230665453263666,0.09755389408774859,-0.00042203085063743375,0.005035305566734728
927,HAP-1,H3K27me3,L2,0.0016045403196001042,0.3381166937156206,-0.0016785450713480306,0.004887591121267591
928,HAP-1,H3K27me3,ERVL-MaLR,-0.0010524771575799324,0.6002226180066373,-0.004988512638834782,0.0028835909347234884
929,HAP-1,H3K27me3,hAT-Charlie,0.0006246506630384029,0.7697562911895526,-0.003558186363864333,0.004807465832113925
930,HAP-1,H3K27me3,ERV1,-0.0027442033840091268,0.37235858992000037,-0.008773342172153153,0.0032851349186493314
931,HAP-1,H3K27me3,ERVL,0.0035385686504451554,0.25800218679061,-0.0025929375077130357,0.009669808749237575
932,HAP-1,H3K27me3,TcMar-Tigger,-0.003448452767510959,0.27845719499143606,-0.0096845104759155,0.002787873165349245
933,HAP-1,H3K27me3,hAT-Tip100,0.003777033414162815,0.3840290525503701,-0.004727181821850088,0.012280702354697531
934,HAP-1,H3K27me3,CR1,0.00840572258555636,0.07507084249339026,-0.0008498645949327569,0.017659869720887178
935,HAP-1,H3K27me3,Gypsy,-0.007163373376438539,0.3700737103384616,-0.02282391309493369,0.00850068098148641
936,HAP-1,H3K27me3,hAT-Blackjack,0.010364557538300512,0.20410002569650904,-0.0056320828958573025,0.026355894736109095
937,HAP-1,H3K27me3,TcMar-Mariner,0.019854669320966488,0.01584982352647487,0.003722504997583577,0.03597650196460517
938,HAP-1,H3K27me3,RTE-X,-0.004698270616851026,0.6483804952570431,-0.024887289886497348,0.01549457946139684
939,HAP-1,H3K27me3,ERVK,-0.0065631980025951595,0.5779710972609856,-0.029677319501266664,0.016557938869392143
940,HAP-1,H3K27me3,TcMar-Tc2,0.024093435475493943,0.05183823402370013,-0.00019524266294238568,0.048353703016250346
941,HAP-1,H3K27me3,SVA,0.004183739193260181,0.7704852519290617,-0.02392048598992303,0.03228135678297759
942,HAP-1,H3K27me3,RTE-BovB,-0.006935623248930217,0.6386341655380279,-0.03586916906671628,0.02200954010535174
943,HAP-1,H3K27me3,tRNA-RTE,-0.0008964519718304221,0.955518271312251,-0.03238700999266124,0.030595884093415404
944,HAP-1,H3K27me3,hAT-Ac,0.013124626620771289,0.47010817336679245,-0.022490411693439082,0.04870639494175473
945,HAP-1,H3K27me3,hAT,-0.023362066952360983,0.22604705991307714,-0.06112696056798798,0.014469618334503631
946,HAP-1,H3K27me3,MULE-MuDR,-0.008015557158936936,0.7009469103762906,-0.04888994588762374,0.03288563428824585
947,HAP-1,H3K27me3,PiggyBac,0.024510528046439196,0.26315708235395124,-0.01843301816181618,0.06736380795834251
948,HAP-1,H3K27me3,5S-Deu-L2,-0.015183677462659645,0.5104585691395975,-0.06034131696276172,0.030035986879565456
949,HAP-1,H3K27me3,Helitron,-0.002042464323595179,0.9332523563958417,-0.049805273497094134,0.04572966559762543
950,HAP-1,H3K27me3,hAT-Tag1,-0.009913609661677715,0.6846209069031826,-0.057697669802766,0.03791576968503491
951,HAP-1,H3K27me3,tRNA,-0.030398641691122323,0.23887525103034463,-0.0808489009487329,0.020206980657763336
952,HAP-1,H3K27me3,Penelope,0.022475169476143256,0.5664419332214478,-0.054353245054358894,0.09903903986208665
953,HAP-1,H3K27me3,TcMar-Tc1,-0.01096634627480601,0.7802000735369643,-0.08779660277649638,0.06599361061669862
954,HAP-1,H3K27me3,Dong-R4,-0.07260774641661845,0.13369010863560368,-0.16637213112355823,0.02245791647455873
955,HAP-1,H3K27me3,tRNA-Deu,-0.046977515854604815,0.33800704371452117,-0.1423036273785068,0.0492120099010894
956,HAP-1,H3K27me3,Kolobok,-0.050501939692973626,0.3434185072549605,-0.15399191306004623,0.054084054785691754
957,HAP-1,H3K27me3,PIF-Harbinger,-0.049495796036115466,0.35657778560132214,-0.15374035757844362,0.05583841397575569
958,HAP-1,H3K27me3,Crypton,-0.027967877497095315,0.6394257824400198,-0.14411792995897635,0.0889423282530232
959,HAP-1,H3K27me3,Merlin,0.024911041121098675,0.7190265695213603,-0.11055024710868679,0.15946367467119907
960,HAP-1,H3K27me3,TcMar,0.07554444677636198,0.28527116647269823,-0.06336259867455121,0.21158008288765265
961,HAP-1,H3K27me3,L1-Tx1,-0.06220589763360586,0.470214668019484,-0.22770264033675508,0.10678381682563341
962,HAP-1,H3K27me3,Crypton-A,0.017669518613153294,0.8412348169168455,-0.15433689543408208,0.1886363790169499
963,HAP-1,H3K27me3,I-Jockey,0.019052914465758505,0.8441070693740497,-0.1696736167369702,0.2064314087101196
964,HAP-1,H3K27me3,hAT-Tip100?,-0.02044930875576037,0.8736076850172064,-0.266886818384699,0.22849838276002982
965,HAP-1,H3K27me3,TcMar-Pogo,0.17448680351906154,0.33951188973436874,-0.18815645521002133,0.4952604694750445
966,HAP-1,H3K27me3,hAT?,0.10060160427807488,0.5774964897113983,-0.25223666263792555,0.4298283767045896
967,HAP-1,H3K27me3,hAT-hAT19,0.2441176470588235,0.3622134961419501,-0.2935872713114979,0.6644745589347925
968,HAP-1,H3K4me3,Alu,-0.0005208349790081021,0.5852178205555965,-0.002391217683437507,0.0013495513695361769
969,HAP-1,H3K4me3,L1,0.001461257159263424,0.28949821751339444,-0.0012426247950960043,0.004165117747309283
970,HAP-1,H3K4me3,MIR,-0.002425983843537635,0.08150045981988767,-0.005155410612986239,0.0003034790726480938
971,HAP-1,H3K4me3,L2,0.0022606085518202786,0.17719015072032362,-0.0010227264171773387,0.00554389478126751
972,HAP-1,H3K4me3,ERVL-MaLR,0.0023812373274679174,0.23586124476496068,-0.0015559733829281514,0.006318374212718352
973,HAP-1,H3K4me3,hAT-Charlie,0.0008520307004998985,0.6898012138595879,-0.003331990910355725,0.005036022480184894
974,HAP-1,H3K4me3,ERV1,-0.005325246733641389,0.08352922051578521,-0.011356052524376551,0.0007059464579975364
975,HAP-1,H3K4me3,ERVL,-0.0008382187725772163,0.7887880544251061,-0.006970905242949156,0.005294530749040706
976,HAP-1,H3K4me3,TcMar-Tigger,-0.0034610844910947323,0.27679764595185025,-0.009698404328412607,0.002776504662238237
977,HAP-1,H3K4me3,hAT-Tip100,0.0005981967742857232,0.8903818113046179,-0.007908680355723214,0.009104987325782554
978,HAP-1,H3K4me3,CR1,0.006708063006704692,0.1554659709097475,-0.0025477632717506803,0.01596274001234856
979,HAP-1,H3K4me3,Gypsy,0.004597827077627674,0.5650689253214383,-0.011065452109598858,0.020258850495780054
980,HAP-1,H3K4me3,hAT-Blackjack,-0.0004290385542278495,0.9580885363583882,-0.016428999806533263,0.015571142367809702
981,HAP-1,H3K4me3,TcMar-Mariner,0.005653430769751916,0.4924665027758477,-0.010489814590889416,0.021793729956456308
982,HAP-1,H3K4me3,RTE-X,0.00541075890910118,0.5995438487767788,-0.014786560542220384,0.02560366475557005
983,HAP-1,H3K4me3,ERVK,-0.03715519660146053,0.0016340602485728085,-0.06023621135947384,-0.014034471296075185
984,HAP-1,H3K4me3,TcMar-Tc2,-0.011739868654466707,0.34371079773957935,-0.036028528862116355,0.012562652981773642
985,HAP-1,H3K4me3,SVA,-0.011653653570611955,0.41655921742544677,-0.03975154412453333,0.01646265246411
986,HAP-1,H3K4me3,RTE-BovB,-0.04516246080265913,0.002224762937883668,-0.07403023782940918,-0.016219060201019063
987,HAP-1,H3K4me3,tRNA-RTE,0.016926755141001053,0.29221199343561727,-0.014574734577878131,0.0483946767174964
988,HAP-1,H3K4me3,hAT-Ac,0.013661495412858514,0.4520654834598069,-0.02194796229994021,0.04923633388037457
989,HAP-1,H3K4me3,hAT,-0.0021284877922938096,0.9122022789575115,-0.039946101113470404,0.03569521474352769
990,HAP-1,H3K4me3,MULE-MuDR,0.008283958096966066,0.6911206795543434,-0.032573100276165445,0.0491133764737347
991,HAP-1,H3K4me3,PiggyBac,-0.016762427549227195,0.4443825090549921,-0.05966080480772642,0.026197750764945488
992,HAP-1,H3K4me3,5S-Deu-L2,0.011129418402823945,0.629716710008881,-0.03410964948485553,0.05632297214399758
993,HAP-1,H3K4me3,Helitron,-0.028405050352697886,0.24429342504553972,-0.076107344764024,0.019426972178265233
994,HAP-1,H3K4me3,hAT-Tag1,-0.039576619657964475,0.10478838729131693,-0.08724040585598397,0.008267954998353774
995,HAP-1,H3K4me3,tRNA,0.010615583393044702,0.6808108548880017,-0.03995335607939969,0.06113028227361216
996,HAP-1,H3K4me3,Penelope,-0.08482300939023182,0.030211228408362385,-0.16063806395132096,-0.008012884876293876
997,HAP-1,H3K4me3,TcMar-Tc1,0.035268502458693035,0.3700738808300047,-0.04188983669134979,0.11200866173891824
998,HAP-1,H3K4me3,Dong-R4,-0.01415041690214933,0.7703595792656652,-0.10879600675332174,0.08074941772500262
999,HAP-1,H3K4me3,tRNA-Deu,0.005173772864827032,0.9160092341552017,-0.09078700138810317,0.10103935402598001
1000,HAP-1,H3K4me3,Kolobok,-0.08958009783526684,0.09240157920105473,-0.19222418856812548,0.015002802931196258
1001,HAP-1,H3K4me3,PIF-Harbinger,0.022624867098884248,0.6736054170928685,-0.08256468748514288,0.1273158583601659
1002,HAP-1,H3K4me3,Crypton,-0.015974421018923435,0.7890387666398889,-0.13233281454753398,0.10081826199274435
1003,HAP-1,H3K4me3,Merlin,-0.014711828161900099,0.8317609144259026,-0.14949054376140392,0.12060362173342552
1004,HAP-1,H3K4me3,TcMar,0.05981161661354997,0.39779564014394575,-0.07901422009751508,0.19636165328376007
1005,HAP-1,H3K4me3,L1-Tx1,0.03757042997715626,0.6629272144140035,-0.1310290334552246,0.20405773287862025
1006,HAP-1,H3K4me3,Crypton-A,0.021734575538807747,0.8053660189245981,-0.15037142981495175,0.1925619655991754
1007,HAP-1,H3K4me3,I-Jockey,-0.06262626262626263,0.5176741026510541,-0.24798387272401595,0.1271547487769802
1008,HAP-1,H3K4me3,hAT-Tip100?,-0.2266705069124424,0.07402719664866277,-0.45178169201263274,0.025577384416789955
1009,HAP-1,H3K4me3,TcMar-Pogo,-0.0344574780058651,0.8514872108177871,-0.37869502562639806,0.3181550818837667
1010,HAP-1,H3K4me3,hAT?,-0.13703208556149735,0.44699484440963666,-0.4600812590314504,0.21805696239603423
1011,HAP-1,H3K4me3,hAT-hAT19,0.4823529411764706,0.058458976774719576,-0.048261727250594355,0.8006396132850196
1012,HL-60,H3K27ac,Alu,0.0007999903853472306,0.4013608522747787,-0.0010684143507266462,0.002668389536003345
1013,HL-60,H3K27ac,L1,0.0017084730449712514,0.21531357022389558,-0.000993961701037531,0.004410882836655636
1014,HL-60,H3K27ac,MIR,0.0008040487642904172,0.5635201220558959,-0.0019242225584030265,0.0035323081172119156
1015,HL-60,H3K27ac,L2,-0.0013678899160817336,0.41405538514668994,-0.004650291162629232,0.0019145408065096208
1016,HL-60,H3K27ac,ERVL-MaLR,-0.0005864566030540293,0.7701675131951292,-0.0045207486582388755,0.0033478536073385
1017,HL-60,H3K27ac,hAT-Charlie,-0.0007166296869635089,0.736953555826038,-0.004898224148021197,0.0034649898358468916
1018,HL-60,H3K27ac,ERV1,0.0067981401365191565,0.02697043576018403,0.0007743848943121284,0.012821402046773666
1019,HL-60,H3K27ac,ERVL,0.0018816779903274143,0.547316567099905,-0.004246779093181855,0.008009993732523991
1020,HL-60,H3K27ac,TcMar-Tigger,-0.009762859494727834,0.0021409241996033835,-0.015995064672291434,-0.0035298957661851933
1021,HL-60,H3K27ac,hAT-Tip100,-0.008823228006844427,0.041939117724430784,-0.017323646643995,-0.0003215339970611963
1022,HL-60,H3K27ac,CR1,0.000555234629314055,0.9063874394521373,-0.008698620844840629,0.00980899501066853
1023,HL-60,H3K27ac,Gypsy,0.001626849374780074,0.8386557876158628,-0.014032418559128266,0.017285319499060734
1024,HL-60,H3K27ac,hAT-Blackjack,0.009367344478773906,0.25119239857656683,-0.006633540831752282,0.02536343419494306
1025,HL-60,H3K27ac,TcMar-Mariner,-0.0007023662636539866,0.9319695218135399,-0.01682684628437893,0.015422478994373972
1026,HL-60,H3K27ac,RTE-X,0.00017089621363085365,0.9867639407541827,-0.020017228263495508,0.02035888139066625
1027,HL-60,H3K27ac,ERVK,0.006248686043475109,0.5959440297579859,-0.016848260696727593,0.029338967487420497
1028,HL-60,H3K27ac,TcMar-Tc2,-0.009821689165990445,0.42785157352865166,-0.03408987178082869,0.014458068946941849
1029,HL-60,H3K27ac,SVA,-0.0009119737748579543,0.9492471225164374,-0.02898656811045901,0.027164058239730164
1030,HL-60,H3K27ac,RTE-BovB,-0.009294138120953598,0.5291013388374084,-0.0382217261658854,0.019649014406702383
1031,HL-60,H3K27ac,tRNA-RTE,-0.031554096920598476,0.04957942597816452,-0.06299484152323162,-5.0782131113091666e-05
1032,HL-60,H3K27ac,hAT-Ac,0.01602536990339591,0.3774827069188764,-0.01956759409594509,0.05157776599253991
1033,HL-60,H3K27ac,hAT,0.0229853229978454,0.2332754982840574,-0.014818161986306424,0.06072319053794254
1034,HL-60,H3K27ac,MULE-MuDR,-0.014786589109899433,0.4782614366833777,-0.05560943369604225,0.026085609689362698
1035,HL-60,H3K27ac,PiggyBac,-0.007849214994043325,0.7201293960951468,-0.050750494092127944,0.03508097862931322
1036,HL-60,H3K27ac,5S-Deu-L2,0.002849004558490035,0.9017523609824805,-0.042365014868268075,0.04805137840789855
1037,HL-60,H3K27ac,Helitron,0.029835228415012495,0.22079148054260728,-0.01794020697930667,0.07747473296703847
1038,HL-60,H3K27ac,hAT-Tag1,-0.003660021091323756,0.8807338051714461,-0.05143299752534711,0.04412966763040566
1039,HL-60,H3K27ac,tRNA,-0.03961328458426305,0.12451462547972762,-0.08998216701296236,0.010957721336309177
1040,HL-60,H3K27ac,Penelope,0.009589204464307532,0.8064927695586629,-0.0670695406075416,0.08613540152225464
1041,HL-60,H3K27ac,TcMar-Tc1,0.04145697819207924,0.29162945069768026,-0.03565100918515737,0.1180742826608007
1042,HL-60,H3K27ac,Dong-R4,0.0018160201676978521,0.9701180141149083,-0.09298686973649964,0.09658627791854342
1043,HL-60,H3K27ac,tRNA-Deu,-0.05016473804784726,0.306216348997382,-0.14543954651546617,0.04603192178104157
1044,HL-60,H3K27ac,Kolobok,0.009151397071197146,0.863578245630023,-0.09502934937264333,0.11313385329047429
1045,HL-60,H3K27ac,PIF-Harbinger,-0.0925948339959047,0.08411002517594868,-0.19588982680686295,0.012732405074522824
1046,HL-60,H3K27ac,Crypton,0.04488366770786026,0.4519924831751475,-0.07214979665683269,0.1606979562923908
1047,HL-60,H3K27ac,Merlin,0.08742401529004429,0.20594787901159678,-0.0484726852001629,0.22014285921123652
1048,HL-60,H3K27ac,TcMar,-0.0444554866967596,0.5308923659343707,-0.1817986436256987,0.0945889476664548
1049,HL-60,H3K27ac,L1-Tx1,0.025043841895331737,0.7714411103374986,-0.14329942993890918,0.1919786486503832
1050,HL-60,H3K27ac,Crypton-A,-0.08322289884563742,0.3446378877230043,-0.2514438557944648,0.0898786477327919
1051,HL-60,H3K27ac,I-Jockey,-0.02165693633583542,0.8231272939800471,-0.20892897606375663,0.1671473033300545
1052,HL-60,H3K27ac,hAT-Tip100?,-0.025917832167832167,0.8376219716484996,-0.26816084543960844,0.21940776296426442
1053,HL-60,H3K27ac,TcMar-Pogo,0.19098240469208208,0.2950752057172716,-0.17217124154122745,0.50843471075484
1054,HL-60,H3K27ac,hAT?,-0.2309491978609626,0.19597266517705586,-0.5354614949876689,0.12670246677176483
1055,HL-60,H3K27ac,hAT-hAT19,0.36470588235294116,0.16486839724475402,-0.1771881310241002,0.7369104267511842
1056,MG63,H3K9me3,Alu,-0.0009140971727115114,0.3366433164605772,-0.0027787486382221402,0.0009505606493208829
1057,MG63,H3K9me3,L1,0.001117317539211504,0.41673166895798164,-0.0015792604069615776,0.003813879236240349
1058,MG63,H3K9me3,MIR,0.0004059243337042615,0.7706832870624396,-0.00232356965144778,0.003135412270484577
1059,MG63,H3K9me3,L2,-0.00027058802572256095,0.8716268612379362,-0.003552554504626637,0.003011384282364046
1060,MG63,H3K9me3,ERVL-MaLR,-0.0042377238318843736,0.03454186534703025,-0.00816712878446267,-0.00030818800979313786
1061,MG63,H3K9me3,hAT-Charlie,-0.0018441715444575736,0.38721323499137106,-0.006024272399461272,0.0023359937590746
1062,MG63,H3K9me3,ERV1,-0.003720059906469069,0.22372277115773673,-0.00971247328663226,0.002272620656700958
1063,MG63,H3K9me3,ERVL,-0.003783408173133329,0.22600214041121328,-0.009907891745428162,0.002341359242355604
1064,MG63,H3K9me3,TcMar-Tigger,-0.0019699903265220416,0.535444261128124,-0.00820027983637167,0.004260452123963477
1065,MG63,H3K9me3,hAT-Tip100,0.0016933693308908012,0.6963440182630085,-0.006811008073248986,0.010197501797422634
1066,MG63,H3K9me3,CR1,0.007868801219744287,0.09546358505423158,-0.001381644736326299,0.017117900610020977
1067,MG63,H3K9me3,Gypsy,0.0031014871273901752,0.6978395467233625,-0.01255556211679741,0.018757015887718973
1068,MG63,H3K9me3,hAT-Blackjack,-0.002100255708223471,0.7967613271455706,-0.01808217506174898,0.013882736624027503
1069,MG63,H3K9me3,TcMar-Mariner,-0.005164154331420734,0.5301109475130207,-0.02128279488551847,0.010957170144862974
1070,MG63,H3K9me3,RTE-X,0.010624542942198894,0.302351607190066,-0.009566133762574057,0.030806559909622867
1071,MG63,H3K9me3,ERVK,-0.014529694564361062,0.21247582172565002,-0.03735737439849268,0.008313141457291602
1072,MG63,H3K9me3,TcMar-Tc2,0.01068492127845918,0.38830487873576247,-0.013591298506969893,0.034948552164605864
1073,MG63,H3K9me3,SVA,-0.010898244952347123,0.44448037302393173,-0.038816832986698004,0.017037344668065228
1074,MG63,H3K9me3,RTE-BovB,0.013442147083314359,0.36282459935266487,-0.015511905417475698,0.042373674944766994
1075,MG63,H3K9me3,tRNA-RTE,0.028593793698017626,0.07526935734711886,-0.002918938577997745,0.06004979156594081
1076,MG63,H3K9me3,hAT-Ac,0.009606098302770115,0.5964411370042716,-0.025947982735438947,0.04513590768348351
1077,MG63,H3K9me3,hAT,0.041616023596783756,0.03096265252509386,0.0037989420702335373,0.07931424061436555
1078,MG63,H3K9me3,MULE-MuDR,-0.024386611086956972,0.24226939148744475,-0.06519079359558345,0.016498988376314846
1079,MG63,H3K9me3,PiggyBac,0.0020466784269996597,0.9254797154721957,-0.04082330955915152,0.04490914478350063
1080,MG63,H3K9me3,5S-Deu-L2,-0.004404173868734532,0.848655378411927,-0.04960298772100886,0.040812642362232664
1081,MG63,H3K9me3,Helitron,-0.012467796194264042,0.6087326861312999,-0.060144842518947424,0.03526600754315152
1082,MG63,H3K9me3,hAT-Tag1,0.018704465031537595,0.44385811901016803,-0.029178798646012662,0.06650208070803276
1083,MG63,H3K9me3,tRNA,-0.017653042607638728,0.4950684767284408,-0.06827698211284695,0.03306156905893358
1084,MG63,H3K9me3,Penelope,0.025685409790706548,0.5103923814163331,-0.05080152639669183,0.10187279314346213
1085,MG63,H3K9me3,TcMar-Tc1,0.01136102634987875,0.772161718709655,-0.06548244675228428,0.08807054416467586
1086,MG63,H3K9me3,Dong-R4,0.029418684903732395,0.5438708410912869,-0.06557138960065088,0.12388035900100289
1087,MG63,H3K9me3,tRNA-Deu,0.07000643969354488,0.15357066111668502,-0.026317704010498776,0.16504255485706543
1088,MG63,H3K9me3,Kolobok,-0.020499102767422818,0.7007082357933606,-0.12447912136110359,0.08392626771497211
1089,MG63,H3K9me3,PIF-Harbinger,-0.015770698930184585,0.7697256707049371,-0.12085908166719983,0.08966725904351446
1090,MG63,H3K9me3,Crypton,0.05454487936597487,0.3606083737020559,-0.06253655484122499,0.17014541311069972
1091,MG63,H3K9me3,Merlin,0.08354629598422676,0.22686081617836346,-0.052346597965523704,0.21640128753581972
1092,MG63,H3K9me3,TcMar,0.12001543383272059,0.08651898775268761,-0.01779970293432446,0.25335524349427774
1093,MG63,H3K9me3,L1-Tx1,0.09482064586900803,0.27217888314296956,-0.07508406445443107,0.2593751504766535
1094,MG63,H3K9me3,Crypton-A,0.017700806929277637,0.8415692018366873,-0.1549708657471439,0.18932304876929498
1095,MG63,H3K9me3,I-Jockey,-0.09420813640997128,0.3298621076436702,-0.27778364428022917,0.09600551238990905
1096,MG63,H3K9me3,hAT-Tip100?,0.2530677655677655,0.04363165091694848,0.003753875988230069,0.47276222826063047
1097,MG63,H3K9me3,TcMar-Pogo,0.01942815249266862,0.9159477765577608,-0.33154220432364995,0.3656748181718357
1098,MG63,H3K9me3,hAT?,-0.035294117647058816,0.8429182308296878,-0.36914972322575035,0.30662940267792504
1099,MG63,H3K9me3,hAT-hAT19,-0.2323529411764706,0.38651134990798475,-0.6570242802453357,0.30426131880301843
1100,MG63,H3K36me3,Alu,0.0012896912398282481,0.17518933319926405,-0.0005748207595744342,0.0031541942722810015
1101,MG63,H3K36me3,L1,8.087899156193822e-06,0.9953101392537851,-0.002688785712748501,0.0027049613934122542
1102,MG63,H3K36me3,MIR,0.0006810857434034249,0.6247752610760308,-0.0020482535318902735,0.003410414871515784
1103,MG63,H3K36me3,L2,0.0015714096145936724,0.34802609296487474,-0.001710589212517683,0.004853374589042057
1104,MG63,H3K36me3,ERVL-MaLR,0.0010873458928208409,0.5875632722242069,-0.002841993299236514,0.005016651508522543
1105,MG63,H3K36me3,hAT-Charlie,-0.001841683868377527,0.38781615884454024,-0.006021452093243733,0.0023381487078352765
1106,MG63,H3K36me3,ERV1,0.0025139522266310723,0.41094113736933735,-0.0034785507559226825,0.008506274660972177
1107,MG63,H3K36me3,ERVL,0.0011367745519771089,0.7160146990741592,-0.004987714179179489,0.007261178004834087
1108,MG63,H3K36me3,TcMar-Tigger,-0.00024338580451015559,0.9389661769108797,-0.006473319538691927,0.0059865668223459
1109,MG63,H3K36me3,hAT-Tip100,0.00501591959498838,0.24766561280262908,-0.003488235706795156,0.013519349431205634
1110,MG63,H3K36me3,CR1,-0.001048431405781654,0.8242587287320121,-0.010301422169547592,0.008204738890525627
1111,MG63,H3K36me3,Gypsy,-0.0030253367171517824,0.7049330606445864,-0.01868238823242589,0.012633198234057964
1112,MG63,H3K36me3,hAT-Blackjack,0.003189434887009594,0.6956846017584786,-0.012791641307127193,0.019168882100489126
1113,MG63,H3K36me3,TcMar-Mariner,-0.0030683673759566085,0.7090732913158218,-0.019185035822098816,0.013049895241316646
1114,MG63,H3K36me3,RTE-X,-0.01355456134613099,0.1881957191198603,-0.03373324201930512,0.006635165668820255
1115,MG63,H3K36me3,ERVK,0.005871658881151238,0.6144344914283362,-0.016972788447790203,0.0287099791717122
1116,MG63,H3K36me3,TcMar-Tc2,0.0005187137802055241,0.96659474619986,-0.02375358928535287,0.024790405666044624
1117,MG63,H3K36me3,SVA,0.004175522104109319,0.7696679197312748,-0.02377113748883242,0.03211566080790311
1118,MG63,H3K36me3,RTE-BovB,-0.003815719366799965,0.796173165211617,-0.03275891596298583,0.02513387165695717
1119,MG63,H3K36me3,tRNA-RTE,0.021019398598215205,0.19098778442842423,-0.01049062379366183,0.05248771826195506
1120,MG63,H3K36me3,hAT-Ac,-0.0005873151723952459,0.9741777767281147,-0.03613681200169009,0.034963666178145295
1121,MG63,H3K36me3,hAT,-0.02156489644617389,0.2638003305341794,-0.05933464493709199,0.016266508129736804
1122,MG63,H3K36me3,MULE-MuDR,0.00464753965326367,0.8236027484607722,-0.036204890243828156,0.04548446235058545
1123,MG63,H3K36me3,PiggyBac,0.01573768754693715,0.4714516968837067,-0.02709841212603446,0.05851609556058719
1124,MG63,H3K36me3,5S-Deu-L2,0.0008550315754888114,0.9704383612618245,-0.04434313997917959,0.04604970995283028
1125,MG63,H3K36me3,Helitron,0.011572080650514953,0.6345106971014898,-0.03613217784102332,0.059223721108334744
1126,MG63,H3K36me3,hAT-Tag1,0.016387382688757234,0.5019479208118844,-0.031450699920850346,0.06415055816241133
1127,MG63,H3K36me3,tRNA,-0.02047140546549453,0.42881717377055995,-0.0710840360709238,0.030246367757663265
1128,MG63,H3K36me3,Penelope,0.00573610880524758,0.8831531119857996,-0.0706701922794845,0.08207549242340778
1129,MG63,H3K36me3,TcMar-Tc1,0.03183219542247924,0.4167440449458365,-0.045022173616650125,0.10831197799493608
1130,MG63,H3K36me3,Dong-R4,0.05772786030930704,0.2333456940805045,-0.03734190596413875,0.15176202369368255
1131,MG63,H3K36me3,tRNA-Deu,0.023093365626283398,0.6381928289520844,-0.07311165678968558,0.11887257604117345
1132,MG63,H3K36me3,Kolobok,0.0009156560419071684,0.9862838917121152,-0.10318226055224589,0.10499373161508167
1133,MG63,H3K36me3,PIF-Harbinger,-0.038943123855142814,0.46962656117156265,-0.1436760091049184,0.06665243926305303
1134,MG63,H3K36me3,Crypton,0.05008634732744997,0.40125582134652393,-0.06697498198351393,0.165787512256489
1135,MG63,H3K36me3,Merlin,0.04772641479986703,0.4904828660509767,-0.08798560888160584,0.18169898273418264
1136,MG63,H3K36me3,TcMar,-0.05260386667721814,0.45380529385730517,-0.18837362297272928,0.08513887034118625
1137,MG63,H3K36me3,L1-Tx1,-0.06002401241443561,0.48595655290767303,-0.22561438907115777,0.10893725603375261
1138,MG63,H3K36me3,Crypton-A,0.017124526993761886,0.846662892764671,-0.15553257461678552,0.1887663539834224
1139,MG63,H3K36me3,I-Jockey,-0.07648040033361135,0.42927556103281683,-0.26108903142881407,0.11352515351398659
1140,MG63,H3K36me3,hAT-Tip100?,0.047573260073260064,0.7089277686208983,-0.2007178456859587,0.2901214025382605
1141,MG63,H3K36me3,TcMar-Pogo,-0.006964809384164223,0.9698218114779298,-0.35480098189906006,0.34256499593421863
1142,MG63,H3K36me3,hAT?,-0.054239877769289534,0.760621624355638,-0.3855580467238524,0.289468056202256
1143,MG63,H3K36me3,hAT-hAT19,-0.18235294117647058,0.49907485724580003,-0.6245997955481012,0.34845230279353717
1144,MG63,H3K27me3,Alu,0.0002222014799754869,0.8153046542486234,-0.001642218800076657,0.0020866202152561566
1145,MG63,H3K27me3,L1,0.000378412883984985,0.7832447638455601,-0.002317674590642699,0.0030744948573416123
1146,MG63,H3K27me3,MIR,-0.0006146164090004604,0.6589211914982132,-0.0033436895514344857,0.002114465888597354
1147,MG63,H3K27me3,L2,0.0022370835350586536,0.18147017977452565,-0.0010442170333674933,0.00551833593089199
1148,MG63,H3K27me3,ERVL-MaLR,0.00017762269756101023,0.9293954268398299,-0.003751397917007826,0.004106637828142052
1149,MG63,H3K27me3,hAT-Charlie,0.001565573904510873,0.46283985459251364,-0.002613886154276366,0.0057449792693456325
1150,MG63,H3K27me3,ERV1,-0.0025806240615295155,0.3985693232581654,-0.00857199055768602,0.0034109277121914627
1151,MG63,H3K27me3,ERVL,-0.0016931625779985882,0.5878484195157363,-0.00781628253157914,0.00443008434070621
1152,MG63,H3K27me3,TcMar-Tigger,0.0011696523648072209,0.7128778275724236,-0.005059983927904763,0.007399197874118389
1153,MG63,H3K27me3,hAT-Tip100,0.0021086864357268225,0.6269581344952615,-0.006395070550275859,0.010612138456702702
1154,MG63,H3K27me3,CR1,-0.0038945076503133307,0.4092410754469328,-0.01314355040181735,0.005355201468995745
1155,MG63,H3K27me3,Gypsy,-0.0012252056730281094,0.8781075279766732,-0.01688128964905374,0.014431478954534121
1156,MG63,H3K27me3,hAT-Blackjack,-0.003621909667817031,0.6567761160852408,-0.01959484168857428,0.012352870739695076
1157,MG63,H3K27me3,TcMar-Mariner,0.00772906096530099,0.34713963431347483,-0.008384356114810313,0.023838465224278564
1158,MG63,H3K27me3,RTE-X,0.0006336302557770401,0.9509404697242668,-0.01954932456898415,0.020816068872854105
1159,MG63,H3K27me3,ERVK,0.026570491574362917,0.02250840592560709,0.0037438059547892006,0.049369501714667315
1160,MG63,H3K27me3,TcMar-Tc2,0.00861390546824166,0.4866569569435275,-0.015656237879641613,0.03287390443769074
1161,MG63,H3K27me3,SVA,-0.017788664923994196,0.21220438119360846,-0.04571191414793258,0.010162360606595332
1162,MG63,H3K27me3,RTE-BovB,-0.022813726877717287,0.12233109624699637,-0.05172058443777306,0.0061313275351170945
1163,MG63,H3K27me3,tRNA-RTE,-0.01571637124496692,0.3284092809755682,-0.04720674545964071,0.015805211649700487
1164,MG63,H3K27me3,hAT-Ac,0.010529625180277788,0.5615560364935606,-0.02501927990497592,0.04605193413363889
1165,MG63,H3K27me3,hAT,0.03320419346936934,0.0852188920139563,-0.004618726570615068,0.07093224513777314
1166,MG63,H3K27me3,MULE-MuDR,0.006405751799466827,0.7587072621248498,-0.034457893811704686,0.04724801459809581
1167,MG63,H3K27me3,PiggyBac,0.02590513042740968,0.23638693452534967,-0.01698728020111213,0.06870237029600057
1168,MG63,H3K27me3,5S-Deu-L2,-0.022936300997300138,0.3202405752436932,-0.0680801069137385,0.02230123500566996
1169,MG63,H3K27me3,Helitron,-0.03535991295209935,0.14610120882116226,-0.08290362773936691,0.012344398037326993
1170,MG63,H3K27me3,hAT-Tag1,-0.002149640762469337,0.9297378341940575,-0.049898012136598835,0.04560853463147936
1171,MG63,H3K27me3,tRNA,-0.019727037217160553,0.4459486444970381,-0.07035962662999469,0.031006940989642594
1172,MG63,H3K27me3,Penelope,0.052261430997177324,0.17992308035540772,-0.024203854639276427,0.1281187761841951
1173,MG63,H3K27me3,TcMar-Tc1,-0.024918935505903086,0.5250020967063216,-0.10146180818266151,0.05191722880551706
1174,MG63,H3K27me3,Dong-R4,-0.03207197618358058,0.5091364075792675,-0.12671930429887332,0.06315406964596915
1175,MG63,H3K27me3,tRNA-Deu,0.07000139219847808,0.15360039200932624,-0.02632275586326526,0.1650376041320742
1176,MG63,H3K27me3,Kolobok,-0.0498101463810342,0.34939361974593164,-0.15316767310893842,0.05462537600350894
1177,MG63,H3K27me3,PIF-Harbinger,-0.04979899861291083,0.3543313192595029,-0.15418695027781834,0.05568841444840264
1178,MG63,H3K27me3,Crypton,0.08810352625634935,0.13928810782996565,-0.02901662766612937,0.2028373494560972
1179,MG63,H3K27me3,Merlin,-0.00563549949517842,0.9351439512097282,-0.1405981035572443,0.12953272404812555
1180,MG63,H3K27me3,TcMar,0.04095884753433147,0.5598257929186056,-0.0966757507395352,0.17705640684587545
1181,MG63,H3K27me3,L1-Tx1,-0.04773235531670064,0.581067029506027,-0.21443533450119107,0.12167273554905088
1182,MG63,H3K27me3,Crypton-A,0.06224642658928661,0.481715221293574,-0.11129706495603932,0.23210584388409758
1183,MG63,H3K27me3,I-Jockey,0.04434250764525994,0.647069259455816,-0.14505996939119636,0.23061005451977631
1184,MG63,H3K27me3,hAT-Tip100?,-0.06213369963369962,0.6257308514204933,-0.3035303063714966,0.1867580292594739
1185,MG63,H3K27me3,TcMar-Pogo,-0.1099706744868035,0.5490664817167463,-0.4426100718894045,0.2492731598300959
1186,MG63,H3K27me3,hAT?,0.19388846447669975,0.27188409232647004,-0.1576135367014999,0.5017837026932799
1187,MG63,H3K27me3,hAT-hAT19,-0.07647058823529412,0.7783409809607029,-0.5518312059137126,0.43639588116527667
1188,MG63,H3K4me3,Alu,0.0007371680371334601,0.4385888568086338,-0.001128134622608733,0.0026024655671498375
1189,MG63,H3K4me3,L1,0.0024633483643662526,0.07340210031462892,-0.0002334185042703987,0.005160079403605623
1190,MG63,H3K4me3,MIR,-0.001930953467268291,0.16562325858120372,-0.004660721879025856,0.0007988437224230824
1191,MG63,H3K4me3,L2,0.004401081001695075,0.0085831343810275,0.0011190288732203597,0.007683038315361251
1192,MG63,H3K4me3,ERVL-MaLR,0.0012610752059004039,0.5294165225523582,-0.0026690790528552527,0.00519119050756127
1193,MG63,H3K4me3,hAT-Charlie,0.002016669046311246,0.34443579562626947,-0.002164048711251781,0.006197316308475858
1194,MG63,H3K4me3,ERV1,0.0013081400347470361,0.6687916570176016,-0.004684984662183712,0.007301170762636835
1195,MG63,H3K4me3,ERVL,0.001625630128646764,0.602936078804619,-0.004499468840533026,0.007750607122930897
1196,MG63,H3K4me3,TcMar-Tigger,-0.0027661283712441384,0.3842483549046114,-0.008996873060337614,0.003464831101159979
1197,MG63,H3K4me3,hAT-Tip100,0.0058114847907253025,0.1804740221946795,-0.0026933135882206928,0.014315442516445153
1198,MG63,H3K4me3,CR1,0.008034973384516194,0.08871785886365252,-0.0012169112370434268,0.017285482576607912
1199,MG63,H3K4me3,Gypsy,-0.004192952957605479,0.5996871269825095,-0.01984862018472875,0.01146476996038212
1200,MG63,H3K4me3,hAT-Blackjack,0.008539047718775441,0.29503453709256106,-0.00744423684699362,0.024517970294920224
1201,MG63,H3K4me3,TcMar-Mariner,0.008429563375866145,0.3055027046173246,-0.007694254973915791,0.0245489996115397
1202,MG63,H3K4me3,RTE-X,0.009560584200529253,0.35337492409906146,-0.010631055340835971,0.029744430294014152
1203,MG63,H3K4me3,ERVK,0.0010737198517111553,0.9266191590253215,-0.021773450056068795,0.023919768864329068
1204,MG63,H3K4me3,TcMar-Tc2,0.01617268594939993,0.1917490150660597,-0.008111536854487636,0.04043784391667248
1205,MG63,H3K4me3,SVA,-0.02032512958245847,0.15432209999900243,-0.04826424734478588,0.007645768763664286
1206,MG63,H3K4me3,RTE-BovB,0.0012994363079059021,0.9299203142684794,-0.02765464197746011,0.030251336018168064
1207,MG63,H3K4me3,tRNA-RTE,0.0008559626904545036,0.9575253965503203,-0.030636334895102636,0.03234656253895158
1208,MG63,H3K4me3,hAT-Ac,0.006069773898067295,0.7380214449339394,-0.02949301612290685,0.041617216946976204
1209,MG63,H3K4me3,hAT,0.02924645941204715,0.129537373767854,-0.00857781426865504,0.06698716211027769
1210,MG63,H3K4me3,MULE-MuDR,0.03133135300638026,0.13272100349760005,-0.00952731936866807,0.07208557919583415
1211,MG63,H3K4me3,PiggyBac,-0.0019143928178606967,0.9302669435778941,-0.04476687209544702,0.04094511857227181
1212,MG63,H3K4me3,5S-Deu-L2,0.040649231317587575,0.0782170896006555,-0.004610448110069429,0.0857427127513738
1213,MG63,H3K4me3,Helitron,-0.04400944765530947,0.07032363335132939,-0.0914950308522994,0.00367582905959354
1214,MG63,H3K4me3,hAT-Tag1,-0.03443931587983551,0.15850471768470967,-0.0821709871553762,0.013449987648142016
1215,MG63,H3K4me3,tRNA,0.0005556324549030666,0.9828569732417731,-0.05009301590624976,0.05120143026376694
1216,MG63,H3K4me3,Penelope,0.025757969932864937,0.5091980541262358,-0.05072917655160502,0.10194471791645578
1217,MG63,H3K4me3,TcMar-Tc1,0.02404871784911445,0.5402035423481054,-0.05290299609145615,0.10071650629008091
1218,MG63,H3K4me3,Dong-R4,-0.03592249564235753,0.4590787278808408,-0.13040607407909824,0.0592076771391392
1219,MG63,H3K4me3,tRNA-Deu,0.05953032230948955,0.22510283084694166,-0.03679486602467539,0.15475948709859408
1220,MG63,H3K4me3,Kolobok,-0.014090642236689507,0.7913447068974754,-0.1180107409667347,0.09013475179188965
1221,MG63,H3K4me3,PIF-Harbinger,-0.05109541894239562,0.34192724532108165,-0.15545888936449392,0.05439606206554064
1222,MG63,H3K4me3,Crypton,0.02011872211517729,0.736127876008662,-0.09671738909127225,0.13640791476563946
1223,MG63,H3K4me3,Merlin,0.07904262297725598,0.25298488348840814,-0.056841957494165554,0.21205201902077747
1224,MG63,H3K4me3,TcMar,0.09687931595547462,0.16701112383185923,-0.041018627919094636,0.23115555231776322
1225,MG63,H3K4me3,L1-Tx1,-0.1157455944366291,0.1796383039036964,-0.2791733840209465,0.05419885329825549
1226,MG63,H3K4me3,Crypton-A,0.0966238462496504,0.2741294832847365,-0.0772437204524176,0.2647879340288651
1227,MG63,H3K4me3,I-Jockey,0.04555648225372996,0.6380802737956379,-0.14387400785014282,0.23176638486803203
1228,MG63,H3K4me3,hAT-Tip100?,0.03905677655677656,0.7592902678978111,-0.20884818922179416,0.28224526635356395
1229,MG63,H3K4me3,TcMar-Pogo,-0.01979472140762463,0.9143676244761187,-0.3659935826567955,0.33121692813477127
1230,MG63,H3K4me3,hAT?,0.15966386554621848,0.36707032192034583,-0.19084555788948032,0.4740628845621002
1231,MG63,H3K4me3,hAT-hAT19,-0.22058823529411767,0.4116664304979635,-0.6495058705433708,0.314827309892638
1232,VCaP,CTCF,Alu,-0.001241197760024152,0.19139004316305563,-0.0031032215213020677,0.0006208346081009612
1233,VCaP,CTCF,L1,0.0037475490575407115,0.006428600762843873,0.0010521893410541591,0.0064428543227445755
1234,VCaP,CTCF,MIR,0.000978095416566348,0.48179884568444553,-0.0017472367582246065,0.0037034130619396964
1235,VCaP,CTCF,L2,-0.00019266852374271622,0.9083536111952384,-0.003473045051803067,0.0030877121508849684
1236,VCaP,CTCF,ERVL-MaLR,0.0010183185974632827,0.6110172165238146,-0.002905747871148836,0.004942353705547778
1237,VCaP,CTCF,hAT-Charlie,-0.0012681613596547375,0.5515384652070409,-0.005442310814117343,0.0029060322870257324
1238,VCaP,CTCF,ERV1,0.0002457652205653939,0.9358182483363042,-0.005735930276505454,0.006227443130392964
1239,VCaP,CTCF,ERVL,0.0012202717297672555,0.695768636381752,-0.004895953495404993,0.007336405659801613
1240,VCaP,CTCF,TcMar-Tigger,-0.0022915505668923875,0.4704346168860408,-0.008514060702407367,0.003931137030606501
1241,VCaP,CTCF,hAT-Tip100,-0.004136469012124585,0.3399108776559139,-0.012631143377939746,0.004358802376872203
1242,VCaP,CTCF,CR1,0.011921945267479734,0.011482263113622592,0.0026774735064031955,0.02116437948303834
1243,VCaP,CTCF,Gypsy,-0.006813487145686277,0.3934841637630041,-0.02246018847200728,0.008836551192853946
1244,VCaP,CTCF,hAT-Blackjack,0.004392782362456171,0.5896023897238902,-0.011568342881608492,0.020351669688481584
1245,VCaP,CTCF,TcMar-Mariner,-0.008228415218371744,0.3162733831310695,-0.0243174941483629,0.007864925118257432
1246,VCaP,CTCF,RTE-X,-0.010938141378672482,0.2880998178531194,-0.031111370844873854,0.009243995838652616
1247,VCaP,CTCF,ERVK,-0.004105791650823562,0.7240048474396564,-0.02688970592222586,0.018682386178445566
1248,VCaP,CTCF,TcMar-Tc2,0.002876502021571138,0.8161846732536227,-0.021374737978294787,0.02712435899350195
1249,VCaP,CTCF,SVA,-0.0016999910516674144,0.9050020112066438,-0.029611181915471737,0.026213848774786757
1250,VCaP,CTCF,RTE-BovB,-0.004256522319349272,0.7729967462993889,-0.033167762363291164,0.024661835317146538
1251,VCaP,CTCF,tRNA-RTE,0.002533303904724489,0.8747034640041149,-0.028948333411262767,0.03400992050731343
1252,VCaP,CTCF,hAT-Ac,-0.01473094486458851,0.41645532350354697,-0.050227631432330055,0.020802911056456264
1253,VCaP,CTCF,hAT,-0.00019135463421758955,0.9920791988201143,-0.03795566044222296,0.037573496979761214
1254,VCaP,CTCF,MULE-MuDR,0.010355457899358607,0.6191739795668463,-0.0304772722747991,0.05115368199904108
1255,VCaP,CTCF,PiggyBac,-4.933411240269494e-05,0.9981993896107663,-0.0428746544631103,0.04277616719738986
1256,VCaP,CTCF,5S-Deu-L2,0.02426857913549969,0.29254477653483024,-0.020933450024534814,0.06937159495384546
1257,VCaP,CTCF,Helitron,0.002949855148317734,0.9033228710511731,-0.04462674861978103,0.05051310835730795
1258,VCaP,CTCF,hAT-Tag1,-0.0047945047928134735,0.8440908625607115,-0.05253618882560203,0.042969045679462844
1259,VCaP,CTCF,tRNA,0.0120814849710377,0.6394438067294823,-0.038456319759347046,0.06255764207423145
1260,VCaP,CTCF,Penelope,0.002607722390086935,0.946647339700423,-0.07366606294040112,0.07885117773698688
1261,VCaP,CTCF,TcMar-Tc1,0.0253934155238585,0.5164960123562814,-0.051326467814818914,0.10181533942214187
1262,VCaP,CTCF,Dong-R4,-0.025455429427763732,0.5994643144489503,-0.11996798690680698,0.06951439210857359
1263,VCaP,CTCF,tRNA-Deu,-0.04232533474420856,0.3880610261057972,-0.13772374373624055,0.05385114504186998
1264,VCaP,CTCF,Kolobok,0.010632012218755796,0.8419981650861534,-0.09370992111226419,0.1147429254891035
1265,VCaP,CTCF,PIF-Harbinger,-0.034331531441308995,0.522658059996084,-0.13884177372789436,0.07093499412782986
1266,VCaP,CTCF,Crypton,0.03429882356652431,0.5655545058292355,-0.08266335008041721,0.1503289527411476
1267,VCaP,CTCF,Merlin,-0.07413394526614095,0.28259682973201333,-0.206995112003501,0.06141210489758193
1268,VCaP,CTCF,TcMar,0.032222259281651074,0.6481166903915181,-0.10599330599549289,0.16921631794907158
1269,VCaP,CTCF,L1-Tx1,0.059811657810216905,0.4875035597010915,-0.10914677833466449,0.22541108628079273
1270,VCaP,CTCF,Crypton-A,-0.07754836764147369,0.3786417392977828,-0.2460488078663948,0.09550190721884577
1271,VCaP,CTCF,I-Jockey,-0.0008062274117319989,0.9933615012418946,-0.18887933510767593,0.1873239325587869
1272,VCaP,CTCF,hAT-Tip100?,-0.2326007326007326,0.06437292185748786,-0.45521312393589836,0.017380330261697125
1273,VCaP,CTCF,TcMar-Pogo,-0.06744868035190615,0.7137791833722286,-0.40692556639085103,0.28839853786617325
1274,VCaP,CTCF,hAT?,0.24033613445378152,0.17095683579880405,-0.11147103688764814,0.5386116689751027
1275,VCaP,CTCF,hAT-hAT19,0.3,0.25893645256249886,-0.24131779986305,0.6989333624612034
1276,VCaP,H3K27ac,Alu,-0.0007696210781537605,0.41794748973237394,-0.002631904142075455,0.0010926673240293655
1277,VCaP,H3K27ac,L1,-6.746591435628309e-05,0.9608757390350049,-0.0027630404153945218,0.002628109567113431
1278,VCaP,H3K27ac,MIR,-0.0007618625901440604,0.5837741646254715,-0.0034873064489116426,0.001963592586975124
1279,VCaP,H3K27ac,L2,-0.0036476911901227958,0.029304026703808835,-0.006928080597973686,-0.00036722327406939556
1280,VCaP,H3K27ac,ERVL-MaLR,0.0015894561180390023,0.4272976423645378,-0.0023349372550386946,0.005513800533610836
1281,VCaP,H3K27ac,hAT-Charlie,-0.0030866331551028946,0.1472803871833235,-0.007261029082682484,0.0010878703490281676
1282,VCaP,H3K27ac,ERV1,-0.0007972735390110281,0.7939364621400132,-0.006779625691517234,0.005185135680583364
1283,VCaP,H3K27ac,ERVL,0.0017576224773709565,0.5733370981030732,-0.004359598484893192,0.00787471190021207
1284,VCaP,H3K27ac,TcMar-Tigger,0.0013337791653868446,0.6744329938407909,-0.004889326662250365,0.007556781687900631
1285,VCaP,H3K27ac,hAT-Tip100,0.0020379752928123738,0.6382207544087475,-0.006457227204989889,0.010532883644478927
1286,VCaP,H3K27ac,CR1,-0.0005957997629484956,0.8994829954577841,-0.009840287615251663,0.008648789925270215
1287,VCaP,H3K27ac,Gypsy,0.007777623438653318,0.33005412076478147,-0.007873483808773604,0.023424921014050294
1288,VCaP,H3K27ac,hAT-Blackjack,-0.001450809856727738,0.858641016169296,-0.017414887118888604,0.014514006924144496
1289,VCaP,H3K27ac,TcMar-Mariner,0.009130264419434065,0.2662406024822342,-0.006966376570436742,0.02522217506855432
1290,VCaP,H3K27ac,RTE-X,-0.004984954254595176,0.6283179446547194,-0.0251631111843783,0.015197262921080664
1291,VCaP,H3K27ac,ERVK,0.0047246573000728,0.6845760797959747,-0.01806991189375993,0.027514317649752176
1292,VCaP,H3K27ac,TcMar-Tc2,-0.018546112481561895,0.13396738591945315,-0.042782363529177005,0.005711953500154356
1293,VCaP,H3K27ac,SVA,0.0191025003593301,0.17981770297106156,-0.008814489800338717,0.04698973601071615
1294,VCaP,H3K27ac,RTE-BovB,-0.022793226645019603,0.122382122942847,-0.05167810734706612,0.0061297584620621185
1295,VCaP,H3K27ac,tRNA-RTE,0.003926767119930457,0.8068288388774573,-0.02754386230023274,0.03538962019778903
1296,VCaP,H3K27ac,hAT-Ac,-0.004234699373399992,0.8152497156844318,-0.03973826627981943,0.03127954664042318
1297,VCaP,H3K27ac,hAT,-0.019818986767231414,0.30380710224003654,-0.0575441977046203,0.017962743315001323
1298,VCaP,H3K27ac,MULE-MuDR,-0.003745711415906911,0.857359637960015,-0.04456664815415157,0.03708771264026403
1299,VCaP,H3K27ac,PiggyBac,-0.0008212329168735935,0.9700334266887108,-0.043645116053769084,0.04200566252733061
1300,VCaP,H3K27ac,5S-Deu-L2,0.04446049956383201,0.05367075850748018,-0.0007236784267996559,0.08946350534680698
1301,VCaP,H3K27ac,Helitron,0.016662501226422287,0.4926183420715493,-0.03093555610873424,0.06418515693511505
1302,VCaP,H3K27ac,hAT-Tag1,0.00880319683810871,0.7180253862235649,-0.03896754699707088,0.056533792764735566
1303,VCaP,H3K27ac,tRNA,-0.01658690477897318,0.5200934489026693,-0.06704668964346669,0.03395751185711951
1304,VCaP,H3K27ac,Penelope,-0.027411004981508398,0.4820565675698877,-0.10352547081180682,0.04902263900288769
1305,VCaP,H3K27ac,TcMar-Tc1,-0.029645305209981203,0.44879311205054495,-0.10602893831187717,0.04708613739277118
1306,VCaP,H3K27ac,Dong-R4,-0.021063461563280813,0.6638977304927874,-0.11562983249315938,0.07388131733802587
1307,VCaP,H3K27ac,tRNA-Deu,0.027577161527101532,0.5739559447739795,-0.06853736424375576,0.12318447461376322
1308,VCaP,H3K27ac,Kolobok,-0.00384495069841927,0.9424513490172877,-0.1078902140874501,0.10028362696990407
1309,VCaP,H3K27ac,PIF-Harbinger,0.012446005872551113,0.8167823704546888,-0.09265919176365,0.1172768940806759
1310,VCaP,H3K27ac,Crypton,-0.011775286827153114,0.8439298855903515,-0.12840706653595663,0.10517777771266815
1311,VCaP,H3K27ac,Merlin,0.000706559351941508,0.9918403068617845,-0.13405520348334413,0.13544266378957218
1312,VCaP,H3K27ac,TcMar,-0.06216793030402069,0.37824223735940954,-0.19830968963917853,0.07632727502920449
1313,VCaP,H3K27ac,L1-Tx1,0.03140281218649639,0.7156470321250276,-0.1370753526878541,0.19811518934994002
1314,VCaP,H3K27ac,Crypton-A,-0.06874296856219986,0.4352837709853902,-0.2376614309359745,0.1042112385864297
1315,VCaP,H3K27ac,I-Jockey,0.024474098786025394,0.8005702906407138,-0.16441212070058228,0.2116289151397538
1316,VCaP,H3K27ac,hAT-Tip100?,0.19317765567765566,0.1261633155472615,-0.05757837591811892,0.42100586805533075
1317,VCaP,H3K27ac,TcMar-Pogo,0.2261730205278592,0.21323095439525366,-0.13755131002439508,0.5361479010606386
1318,VCaP,H3K27ac,hAT?,-0.15813598166539342,0.3717327996284695,-0.4728138141087278,0.19231458247948352
1319,VCaP,H3K27ac,hAT-hAT19,-0.19705882352941176,0.46446421122573867,-0.6342644488821559,0.3356458136277041
1320,C4-2B,CTCF,Alu,0.00034525999406847103,0.7171293972004374,-0.0015225312385565239,0.002213048817717811
1321,C4-2B,CTCF,L1,0.0015253089935271455,0.2683001115106366,-0.0011753163929446799,0.004225912130821988
1322,C4-2B,CTCF,MIR,-0.0006061385322736142,0.6632591393168747,-0.003334563823578898,0.002122295783624527
1323,C4-2B,CTCF,L2,0.0016738439350692633,0.3175657755395544,-0.001608564777143175,0.004956216578895053
1324,C4-2B,CTCF,ERVL-MaLR,0.0017662142406339879,0.3789639997027241,-0.002168423139722506,0.005700796934743
1325,C4-2B,CTCF,hAT-Charlie,-0.004191640185562655,0.049490807922455124,-0.008373815279279157,-9.318455621285869e-06
1326,C4-2B,CTCF,ERV1,0.0011789036599587212,0.7011476245452896,-0.004841865229707824,0.007199587081010746
1327,C4-2B,CTCF,ERVL,-0.0004109560208931972,0.8954495322847913,-0.006540151524030475,0.005718270359205351
1328,C4-2B,CTCF,TcMar-Tigger,0.0006484102311535244,0.8384747245463792,-0.0055859987797486025,0.006882768837811354
1329,C4-2B,CTCF,hAT-Tip100,-0.0037218283762476072,0.39086156702935415,-0.012222703871168214,0.004779585075158467
1330,C4-2B,CTCF,CR1,-0.003901948444678906,0.4085764438157665,-0.013155524993592356,0.005352296400051041
1331,C4-2B,CTCF,Gypsy,0.002965120647710085,0.7105562807915735,-0.012694403277044793,0.018623190476855213
1332,C4-2B,CTCF,hAT-Blackjack,0.0031244213493009905,0.7018326578661509,-0.012870472849639533,0.01911771700948722
1333,C4-2B,CTCF,TcMar-Mariner,0.0014762295497444834,0.8578718705857292,-0.01467944374398208,0.01763113226965842
1334,C4-2B,CTCF,RTE-X,0.00022269878510675523,0.9827514241238937,-0.01996437565099242,0.020409591715313334
1335,C4-2B,CTCF,ERVK,0.011040767546150791,0.34770726229661353,-0.012004553907951677,0.03407436632395064
1336,C4-2B,CTCF,TcMar-Tc2,-0.0030710974223749996,0.8044952112763423,-0.027382162605973533,0.02124359854608984
1337,C4-2B,CTCF,SVA,-0.00021951542952858662,0.9877632879472815,-0.028265912955948724,0.027827227443016102
1338,C4-2B,CTCF,RTE-BovB,0.0018506088023273906,0.9002621530103901,-0.027084956199235625,0.030783075218055858
1339,C4-2B,CTCF,tRNA-RTE,0.038741303369432246,0.01588955402609395,0.007246875755243866,0.07015894819409783
1340,C4-2B,CTCF,hAT-Ac,0.014715401448286012,0.4176371989344463,-0.020871111978602187,0.05026467464726974
1341,C4-2B,CTCF,hAT,0.001254660840570751,0.9481686535406697,-0.03656083529427986,0.03906656895076195
1342,C4-2B,CTCF,MULE-MuDR,-0.017018442289133007,0.41411222499365563,-0.057808834544150464,0.02382867763324955
1343,C4-2B,CTCF,PiggyBac,0.012971841453137959,0.5538590700230421,-0.029974662821822207,0.05587054036164508
1344,C4-2B,CTCF,5S-Deu-L2,0.008484859656141467,0.7129102959705713,-0.03670245525243913,0.05363754826552858
1345,C4-2B,CTCF,Helitron,-0.04375873362660776,0.07253133066190355,-0.09134402530030299,0.00402594122209477
1346,C4-2B,CTCF,hAT-Tag1,0.048024721780020735,0.04892195314811038,0.0002016591443700987,0.09562861622397716
1347,C4-2B,CTCF,tRNA,-0.0008528653285771856,0.9736364291953519,-0.051396738124600855,0.04969536544758042
1348,C4-2B,CTCF,Penelope,-0.03843998407325565,0.32633429261249325,-0.11479605977512956,0.03836763900391159
1349,C4-2B,CTCF,TcMar-Tc1,0.020351346665246014,0.6039603583236512,-0.056528796483432064,0.09699156565539781
1350,C4-2B,CTCF,Dong-R4,-0.008136122382165914,0.8667155008501639,-0.1028451723345998,0.08671912139981451
1351,C4-2B,CTCF,tRNA-Deu,0.004495925398169557,0.9269804009920063,-0.09145907977826749,0.10036820904126019
1352,C4-2B,CTCF,Kolobok,0.032777884289364165,0.5387553660059199,-0.0717301993278772,0.13657408411753286
1353,C4-2B,CTCF,PIF-Harbinger,0.093968501764364,0.07959180629916135,-0.011353615653507234,0.197228490144499
1354,C4-2B,CTCF,Crypton,0.12524922391991067,0.03520501039076261,0.0083214894700851,0.23879808211237402
1355,C4-2B,CTCF,Merlin,-0.019315142778442186,0.7803000837147365,-0.15399436387790538,0.11606870229183619
1356,C4-2B,CTCF,TcMar,0.08821617427238589,0.21186921756703578,-0.05071856760562782,0.22380130737979567
1357,C4-2B,CTCF,L1-Tx1,-0.006510652151320868,0.9398107023212481,-0.1740378433310198,0.16138280111620212
1358,C4-2B,CTCF,Crypton-A,-0.10905346703890244,0.21680107848447758,-0.27653282932417605,0.06485495189167788
1359,C4-2B,CTCF,I-Jockey,0.08963024742841258,0.35400642420686534,-0.1005382405478426,0.27348057591755864
1360,C4-2B,CTCF,hAT-Tip100?,0.06101398601398602,0.6292263444267125,-0.18587135915188516,0.300652776202425
1361,C4-2B,CTCF,TcMar-Pogo,-0.01099706744868035,0.9523663269102219,-0.3583266219104928,0.3390065627114964
1362,C4-2B,CTCF,hAT?,-0.26704545454545453,0.133008309055652,-0.5634286087488908,0.09023680558800623
1363,C4-2B,CTCF,hAT-hAT19,0.15294117647058825,0.5717446192454616,-0.3736124896571969,0.604949167049358
1364,C4-2B,H3K27ac,Alu,-0.0001458905035044212,0.8783121747584466,-0.002013445274631045,0.0017216652852851436
1365,C4-2B,H3K27ac,L1,-0.0006574446427649825,0.6336046546977604,-0.003360764116684091,0.002045884440319416
1366,C4-2B,H3K27ac,MIR,-0.0013899832420697282,0.32624757349450817,-0.004165065046625033,0.0013851199714336746
1367,C4-2B,H3K27ac,L2,-5.279326157537626e-05,0.9748585553033691,-0.003336037553344844,0.0032304521683848026
1368,C4-2B,H3K27ac,ERVL-MaLR,0.002212287277536759,0.2710362585124378,-0.0017271095247257352,0.006151615416363721
1369,C4-2B,H3K27ac,hAT-Charlie,-0.003941866362776503,0.06738033515068725,-0.00816556620691894,0.0002819741311914489
1370,C4-2B,H3K27ac,ERV1,-0.0017474085743703451,0.5705256895927668,-0.007784635995311975,0.004289946229144989
1371,C4-2B,H3K27ac,ERVL,-0.001565463705212203,0.6171976538367026,-0.007703977263669597,0.004573167833369341
1372,C4-2B,H3K27ac,TcMar-Tigger,-0.0015793065540877635,0.6244066220756305,-0.007901250028488297,0.0047427631633416446
1373,C4-2B,H3K27ac,hAT-Tip100,-0.0054216132841017495,0.21373863642577157,-0.013967319856249456,0.003124885255797336
1374,C4-2B,H3K27ac,CR1,-7.189418937797122e-05,0.9878868298122454,-0.009352944236673122,0.009209168243561322
1375,C4-2B,H3K27ac,Gypsy,-0.009531451138889051,0.23396044819212328,-0.025223041188206823,0.006164834523747701
1376,C4-2B,H3K27ac,hAT-Blackjack,-0.003257616619531678,0.6971324906699397,-0.01966067513512829,0.013147195092830315
1377,C4-2B,H3K27ac,TcMar-Mariner,0.01416118519624442,0.10464776954214998,-0.0029440790049468928,0.031258164905440526
1378,C4-2B,H3K27ac,RTE-X,0.0036034920495319573,0.7265237679430268,-0.016589049285070514,0.023793095207055182
1379,C4-2B,H3K27ac,ERVK,-0.0006615630936394641,0.9552229987436467,-0.02375068473353609,0.022428263936659736
1380,C4-2B,H3K27ac,TcMar-Tc2,-0.007553724320647983,0.551455666325432,-0.03240238691650776,0.017304270496315312
1381,C4-2B,H3K27ac,SVA,0.020334675653100997,0.15560445381535695,-0.007736455447282994,0.04837378309393757
1382,C4-2B,H3K27ac,RTE-BovB,0.01645020376947465,0.26537372114622315,-0.012501258910791834,0.045374108541447765
1383,C4-2B,H3K27ac,tRNA-RTE,-0.02259116860347043,0.16471223800669316,-0.05441986275314995,0.009283387585651332
1384,C4-2B,H3K27ac,hAT-Ac,-0.0027105095732713885,0.881676708723416,-0.03838646791345568,0.032972349884533125
1385,C4-2B,H3K27ac,hAT,0.0019224943352901588,0.9220520400684846,-0.036573408163931766,0.04041269963533519
1386,C4-2B,H3K27ac,MULE-MuDR,0.009180530874862303,0.6600376786634576,-0.03172199490905302,0.050052358764649786
1387,C4-2B,H3K27ac,PiggyBac,-0.01111706257970907,0.6218326686193695,-0.055243584320371096,0.03305280021502129
1388,C4-2B,H3K27ac,5S-Deu-L2,0.027539281594849106,0.23631268822690946,-0.018053323726331866,0.07301759622107565
1389,C4-2B,H3K27ac,Helitron,0.008531951969809033,0.72918635229343,-0.03975732327341586,0.05678146654719424
1390,C4-2B,H3K27ac,hAT-Tag1,-0.01305399589338238,0.5927615414903487,-0.06082829910130815,0.034779980376873396
1391,C4-2B,H3K27ac,tRNA,-0.007525536613117114,0.7728226716347695,-0.05856177246465572,0.04354993509036396
1392,C4-2B,H3K27ac,Penelope,-0.08569535407138569,0.02929014463843416,-0.16184536703429436,-0.008530784493488857
1393,C4-2B,H3K27ac,TcMar-Tc1,-0.069984505023571,0.0841564448519279,-0.14863952239462044,0.009550443418640553
1394,C4-2B,H3K27ac,Dong-R4,-0.06413038366665798,0.1854289643884217,-0.15805227573079034,0.03094152118833187
1395,C4-2B,H3K27ac,tRNA-Deu,-0.0194795356566766,0.6948384990287932,-0.11635325855286113,0.07776132427950062
1396,C4-2B,H3K27ac,Kolobok,0.008568409829478358,0.875470619303151,-0.0983587637369824,0.11529999496662563
1397,C4-2B,H3K27ac,PIF-Harbinger,-0.015907897101370888,0.7707468437512232,-0.1223837230667055,0.09092994573809848
1398,C4-2B,H3K27ac,Crypton,0.051152280824504855,0.40962541231836325,-0.07055150218339579,0.1713555049620475
1399,C4-2B,H3K27ac,Merlin,0.014749034783937992,0.8407839874315344,-0.12864042412603272,0.1575344211918265
1400,C4-2B,H3K27ac,TcMar,-0.1634886022862176,0.02576870177250364,-0.30118167282229075,-0.019117058902063007
1401,C4-2B,H3K27ac,L1-Tx1,-0.05226023474151643,0.5441825557958855,-0.2181744882706766,0.1165901457499636
1402,C4-2B,H3K27ac,Crypton-A,0.04567170498491357,0.6188832788238621,-0.1340089232555742,0.22244495280119386
1403,C4-2B,H3K27ac,I-Jockey,0.1370308590492077,0.15535673221866153,-0.053311160347109914,0.3177644069714054
1404,C4-2B,H3K27ac,hAT-Tip100?,-0.17046703296703297,0.17806434812604213,-0.40106027985405057,0.0804423467084768
1405,C4-2B,H3K27ac,TcMar-Pogo,-0.008866995073891625,0.9635887302144255,-0.37416323440600746,0.3588113104029171
1406,C4-2B,H3K27ac,hAT?,-0.17546791443850268,0.32870495169682923,-0.49138565603680323,0.18125491219253564
1407,C4-2B,H3K27ac,hAT-hAT19,-0.33636363636363636,0.31182431390038623,-0.7865307669170075,0.34723476126243114
1408,RWPE2,CTCF,Alu,-0.0009978110640926738,0.2940711697998409,-0.002861713965547738,0.0008660987704538203
1409,RWPE2,CTCF,L1,0.000285046503995655,0.8357920551478207,-0.0024102602133701328,0.0029803490798251658
1410,RWPE2,CTCF,MIR,-0.0013101587765674515,0.34635805049995594,-0.004037046662464358,0.0014167485939673848
1411,RWPE2,CTCF,L2,0.0011173459989396786,0.5043724229154543,-0.002162871658505203,0.004397539611629534
1412,RWPE2,CTCF,ERVL-MaLR,-0.0007772510936155993,0.697978734520962,-0.004702959543134078,0.0031484813127871866
1413,RWPE2,CTCF,hAT-Charlie,-0.0035561059521026684,0.09515277486861203,-0.007732502107423989,0.0006204142616983615
1414,RWPE2,CTCF,ERV1,0.003006896293707606,0.3248019399473163,-0.002978482603744228,0.008992059754286779
1415,RWPE2,CTCF,ERVL,-0.001045796054999857,0.7376335145095572,-0.007164471112408276,0.005072957308907578
1416,RWPE2,CTCF,TcMar-Tigger,-0.00014192303956808437,0.9643580985410141,-0.006366800063862314,0.006082964983524193
1417,RWPE2,CTCF,hAT-Tip100,-0.0049042875630469045,0.25790264360166604,-0.013399819901962241,0.0035919527766793604
1418,RWPE2,CTCF,CR1,0.005587925119977173,0.23620563657587504,-0.003658214397471185,0.014833109270630179
1419,RWPE2,CTCF,Gypsy,-0.008161827820959935,0.30670821510972096,-0.02380846072283379,0.007488802678624203
1420,RWPE2,CTCF,hAT-Blackjack,-0.00019058801019773052,0.9813441600336767,-0.016164021768746657,0.01578294300623189
1421,RWPE2,CTCF,TcMar-Mariner,0.0002673612124008594,0.9740566086253941,-0.015844839693288162,0.016379423303720636
1422,RWPE2,CTCF,RTE-X,-0.011688432227393178,0.2562278488583327,-0.031857893313924586,0.00849054452163658
1423,RWPE2,CTCF,ERVK,-0.008860981959967892,0.4464091371831381,-0.03166141030240453,0.013948663762521653
1424,RWPE2,CTCF,TcMar-Tc2,-0.0064345711983715545,0.6030963491397017,-0.0306815894146115,0.017820015692030622
1425,RWPE2,CTCF,SVA,0.010677918661973448,0.45374282018627865,-0.017257598621457558,0.03859677803534043
1426,RWPE2,CTCF,RTE-BovB,-0.018844442381941266,0.20149552045159766,-0.04773304406010804,0.010075658085116781
1427,RWPE2,CTCF,tRNA-RTE,-0.00021215205971897926,0.9894692755904085,-0.03170747226342417,0.03128358904030527
1428,RWPE2,CTCF,hAT-Ac,0.012551481147194772,0.4885730345356152,-0.022969537380547,0.04804084942988545
1429,RWPE2,CTCF,hAT,-0.04018898311126334,0.03706397416594061,-0.07786455976831269,-0.002398781771388183
1430,RWPE2,CTCF,MULE-MuDR,-0.00553481949305254,0.7903797868425165,-0.046316897444880656,0.035265678117195394
1431,RWPE2,CTCF,PiggyBac,0.01911675260116966,0.3818167196038942,-0.023731996731370823,0.06189539386652997
1432,RWPE2,CTCF,5S-Deu-L2,0.03253791794667249,0.1579139988527384,-0.012641048422023427,0.07758430491594079
1433,RWPE2,CTCF,Helitron,-0.007954870460446878,0.7435378744344436,-0.05556095527407419,0.03968730083993559
1434,RWPE2,CTCF,hAT-Tag1,0.0013567269520383452,0.9556201184973498,-0.04639973961968165,0.04910700579388561
1435,RWPE2,CTCF,tRNA,-0.018416305510279854,0.4751327739250859,-0.06886900517244146,0.03213035711918307
1436,RWPE2,CTCF,Penelope,-0.05020787179055621,0.1976655362203775,-0.12608912065318323,0.026257490505190762
1437,RWPE2,CTCF,TcMar-Tc1,-0.07168447561851188,0.06736160742825767,-0.14775224579928184,0.005226398246322552
1438,RWPE2,CTCF,Dong-R4,-0.02518092187017704,0.6034080418287615,-0.11969692209999604,0.06978741446060036
1439,RWPE2,CTCF,tRNA-Deu,-0.06897597054970507,0.1592284959728981,-0.1639186281031219,0.02723280757711469
1440,RWPE2,CTCF,Kolobok,0.0029364678755399386,0.9561578579182222,-0.1014777329758574,0.10728667875869943
1441,RWPE2,CTCF,PIF-Harbinger,-0.0017357164558923178,0.974225190752456,-0.10669644381883747,0.10326326888556625
1442,RWPE2,CTCF,Crypton,0.016417309280439416,0.7833330994578137,-0.10038015662945485,0.13276844824661
1443,RWPE2,CTCF,Merlin,0.007587641382837105,0.9125472673215639,-0.12729340762671063,0.1421931561466379
1444,RWPE2,CTCF,TcMar,0.006009934790333772,0.9321815808220928,-0.13181021520314298,0.14360214401734347
1445,RWPE2,CTCF,L1-Tx1,0.14874623277042823,0.08278657465952705,-0.020388185737206656,0.3096037789170794
1446,RWPE2,CTCF,Crypton-A,-0.12557636128574565,0.15295364668251638,-0.29146119596989234,0.04764074423905296
1447,RWPE2,CTCF,I-Jockey,-0.05279399499582987,0.5856081302045608,-0.23865204540246632,0.13679502088571982
1448,RWPE2,CTCF,hAT-Tip100?,-0.26666666666666666,0.033169775741158494,-0.4843422312443713,-0.017899941944211618
1449,RWPE2,CTCF,TcMar-Pogo,-0.020894428152492667,0.9096291185775631,-0.3669495156609261,0.33024072920229386
1450,RWPE2,CTCF,hAT?,-0.19113827349121468,0.2788738934780078,-0.49957442509032846,0.1603074057553542
1451,RWPE2,CTCF,hAT-hAT19,0.3852941176470588,0.1405441773736763,-0.1558666688942788,0.748559879630706
1452,RWPE2,H3K27ac,Alu,0.0009890143655698648,0.2987973049762432,-0.0008766290846901609,0.0028546509310713544
1453,RWPE2,H3K27ac,L1,0.0023101549303031887,0.0930453638123924,-0.0003857065404530233,0.005005982822415378
1454,RWPE2,H3K27ac,MIR,0.0008581959178697017,0.537490520384575,-0.001869666014263001,0.00358604507798514
1455,RWPE2,H3K27ac,L2,0.0006187745204705374,0.7116073255808799,-0.0026616696201637226,0.003899205343500241
1456,RWPE2,H3K27ac,ERVL-MaLR,0.00370474338417647,0.0644666656096533,-0.00022247681096909647,0.007631849304131258
1457,RWPE2,H3K27ac,hAT-Charlie,0.0005161086564303441,0.8087109206225916,-0.0036623140448797083,0.004694513336108021
1458,RWPE2,H3K27ac,ERV1,-0.000546984643389404,0.8578886118085403,-0.006534034458792771,0.0054401043853550685
1459,RWPE2,H3K27ac,ERVL,0.0009645427084295859,0.7574227618215013,-0.005156087683393919,0.007085100833416709
1460,RWPE2,H3K27ac,TcMar-Tigger,0.0022551569990596253,0.477816689779782,-0.003971831022016138,0.008481970135019374
1461,RWPE2,H3K27ac,hAT-Tip100,-0.005099027889324376,0.23966564946920318,-0.01359788791936045,0.0034005688356266855
1462,RWPE2,H3K27ac,CR1,-0.0009913068863562108,0.8335879383979921,-0.010238534259174691,0.008256090025447914
1463,RWPE2,H3K27ac,Gypsy,-0.004954505587026285,0.534983986491107,-0.02060391406277199,0.010697330081015406
1464,RWPE2,H3K27ac,hAT-Blackjack,0.00668382305742819,0.41252057525330077,-0.009302515637040515,0.02266674605316327
1465,RWPE2,H3K27ac,TcMar-Mariner,0.002083132714781779,0.800314491632843,-0.014057874414664636,0.018223054466579444
1466,RWPE2,H3K27ac,RTE-X,-0.0065289959125712635,0.5259653324908828,-0.026701978801259657,0.013649302542758585
1467,RWPE2,H3K27ac,ERVK,0.0033107283688919575,0.7762768024452448,-0.0195219330629176,0.02613993831780869
1468,RWPE2,H3K27ac,TcMar-Tc2,0.014331254803797655,0.2468589606709435,-0.009926852421507716,0.03857250366918785
1469,RWPE2,H3K27ac,SVA,-0.014755696249203533,0.30086162377761605,-0.04268905637386768,0.013200714827650464
1470,RWPE2,H3K27ac,RTE-BovB,0.01832701106791709,0.21415386210896054,-0.010593073883411328,0.047216461830599146
1471,RWPE2,H3K27ac,tRNA-RTE,-0.0038013994489993217,0.8130931915992508,-0.03530095346041638,0.027705700142097698
1472,RWPE2,H3K27ac,hAT-Ac,-0.03431845272965398,0.05820552944229704,-0.0697532529168281,0.0012028419119234149
1473,RWPE2,H3K27ac,hAT,0.03788639110958749,0.04939766482878982,8.734456874241197e-05,0.07557733038939603
1474,RWPE2,H3K27ac,MULE-MuDR,-0.009021032711635948,0.6648990307683627,-0.04980459118029053,0.031792559643576496
1475,RWPE2,H3K27ac,PiggyBac,-0.016995772514447765,0.43707817625284984,-0.059801183966036786,0.025872030558953343
1476,RWPE2,H3K27ac,5S-Deu-L2,-0.017691712151722473,0.44305036821350874,-0.06282945142131773,0.027518255821029656
1477,RWPE2,H3K27ac,Helitron,-0.00858283661043212,0.7240883497892967,-0.05618712713302631,0.039060388903942714
1478,RWPE2,H3K27ac,hAT-Tag1,0.008741030796036284,0.7199325193648558,-0.03902961025777662,0.05647180743441707
1479,RWPE2,H3K27ac,tRNA,-0.048405143532439195,0.0604652995962202,-0.09872235767591515,0.0021589581457093893
1480,RWPE2,H3K27ac,Penelope,-0.040876530311001504,0.2943692854226679,-0.11686036869990094,0.0355830632294023
1481,RWPE2,H3K27ac,TcMar-Tc1,-0.05702414378694636,0.14550877200176332,-0.1332279033542556,0.01984990065091751
1482,RWPE2,H3K27ac,Dong-R4,0.04824039852043195,0.31941234103965416,-0.046815395389475656,0.1424303558773825
1483,RWPE2,H3K27ac,tRNA-Deu,-0.042874417821096224,0.3825028939506032,-0.13837841061749662,0.053419613355718064
1484,RWPE2,H3K27ac,Kolobok,0.01180194811235811,0.8248785672895604,-0.09255066689134604,0.11589812515873217
1485,RWPE2,H3K27ac,PIF-Harbinger,0.08073782917093057,0.13279247159104174,-0.024773714951469628,0.18447042813493486
1486,RWPE2,H3K27ac,Crypton,0.005263302101291545,0.9297565262504329,-0.11140338416982677,0.12178688133076655
1487,RWPE2,H3K27ac,Merlin,-0.07663970276263837,0.26774364870831385,-0.20972984557827368,0.05923873463257435
1488,RWPE2,H3K27ac,TcMar,0.03260127751037318,0.6450868954175919,-0.10596295801609572,0.16992352191960775
1489,RWPE2,H3K27ac,L1-Tx1,0.19980001333193284,0.01924116080650189,0.03151728333539482,0.35706744059542916
1490,RWPE2,H3K27ac,Crypton-A,-0.08573186372424227,0.3302374895910971,-0.253826726138649,0.0873896835406617
1491,RWPE2,H3K27ac,I-Jockey,-0.132462237049393,0.16973329588489533,-0.3135223748427419,0.05789173118925961
1492,RWPE2,H3K27ac,hAT-Tip100?,0.19551282051282048,0.12155994416578211,-0.05521550219750802,0.4230468266613327
1493,RWPE2,H3K27ac,TcMar-Pogo,0.01722873900293255,0.9254351029311066,-0.3334925663982583,0.3637609687844914
1494,RWPE2,H3K27ac,hAT?,-0.28464476699770813,0.10275936033270505,-0.5728862873173699,0.0662532033400799
1495,RWPE2,H3K27ac,hAT-hAT19,0.26176470588235295,0.3274104118125859,-0.2773673136231458,0.6755222880989646
1496,RWPE2,H3K36me3,Alu,-0.0007331122888578337,0.4404544556467008,-0.002595727699141849,0.0011295082082687636
1497,RWPE2,H3K36me3,L1,0.0007526258213202095,0.5841477044961665,-0.0019424616125446267,0.003447702321833506
1498,RWPE2,H3K36me3,MIR,-0.0011978907183218398,0.38906917774404226,-0.003923759202963949,0.0015279955679782184
1499,RWPE2,H3K36me3,L2,-0.0006558833196003743,0.6951196842020257,-0.0039359185447094625,0.002624166018388839
1500,RWPE2,H3K36me3,ERVL-MaLR,0.0025665568265160234,0.19992541959769872,-0.0013580127212436477,0.0064910473138676756
1501,RWPE2,H3K36me3,hAT-Charlie,-0.0002728731375819179,0.8980580566534033,-0.004447395036493616,0.0039016582718722505
1502,RWPE2,H3K36me3,ERV1,0.00403362751666848,0.1863736214804853,-0.0019493569511461473,0.010016323217429285
1503,RWPE2,H3K36me3,ERVL,0.0033417886686946336,0.2843215696954892,-0.0027757524801917716,0.009459079696746272
1504,RWPE2,H3K36me3,TcMar-Tigger,0.005156430486695481,0.10437146109546579,-0.0010667075852740728,0.011379169182895865
1505,RWPE2,H3K36me3,hAT-Tip100,-0.004273098511126245,0.32414532853010536,-0.012766798399625856,0.0042212179811508795
1506,RWPE2,H3K36me3,CR1,0.0029706206942243137,0.528808746270419,-0.006273701908911485,0.012214435597125886
1507,RWPE2,H3K36me3,Gypsy,-0.027424745408973484,0.0005905515509813116,-0.04305513135000705,-0.011780937644067666
1508,RWPE2,H3K36me3,hAT-Blackjack,-0.004037763110856035,0.6200813280998353,-0.019999422799502033,0.011925954315379806
1509,RWPE2,H3K36me3,TcMar-Mariner,0.00030513518491770484,0.9703598057154366,-0.0157891392732022,0.016399251568883843
1510,RWPE2,H3K36me3,RTE-X,-0.0022730187317592664,0.8252533232972279,-0.022447231862800225,0.017903044810683773
1511,RWPE2,H3K36me3,ERVK,0.027268717987938566,0.019076177033925938,0.004465509388615621,0.05004358204005861
1512,RWPE2,H3K36me3,TcMar-Tc2,0.0023113226834865987,0.8517981420171987,-0.02193407138323959,0.026553999668375496
1513,RWPE2,H3K36me3,SVA,0.015023262390332776,0.2920825528323707,-0.012927505049831296,0.042950570528155485
1514,RWPE2,H3K36me3,RTE-BovB,0.008043053854837853,0.5856643015265757,-0.020874312910126647,0.03694697457454547
1515,RWPE2,H3K36me3,tRNA-RTE,0.04727738988742804,0.0032273531078843066,0.01581219937655872,0.07864903488864257
1516,RWPE2,H3K36me3,hAT-Ac,0.00024720482567592336,0.9891153906618607,-0.0352566621837435,0.03575044863048219
1517,RWPE2,H3K36me3,hAT,0.009514767831269692,0.6214997911898303,-0.028253807981388122,0.04725621571270127
1518,RWPE2,H3K36me3,MULE-MuDR,-0.02541877114763306,0.2222013873266967,-0.0661577908123605,0.015404851828065912
1519,RWPE2,H3K36me3,PiggyBac,0.013678285520850717,0.5313961153970678,-0.029155981844744296,0.05646240912528604
1520,RWPE2,H3K36me3,5S-Deu-L2,0.041683851025337816,0.0704702995537518,-0.003502774321604149,0.0867005983825018
1521,RWPE2,H3K36me3,Helitron,0.04661145444919094,0.05503012007923012,-0.0010289731688804607,0.09404078128197835
1522,RWPE2,H3K36me3,hAT-Tag1,0.019096980576004525,0.43339406759888266,-0.028686968285309998,0.06679384811588183
1523,RWPE2,H3K36me3,tRNA,-0.008187706918410264,0.750956797832429,-0.05869354817102185,0.042359942775461006
1524,RWPE2,H3K36me3,Penelope,0.04116933413208288,0.2905549252333841,-0.03523251372683613,0.11709275006026336
1525,RWPE2,H3K36me3,TcMar-Tc1,-0.08654190553872439,0.02700861531562518,-0.16233002073133634,-0.009738706879663323
1526,RWPE2,H3K36me3,Dong-R4,-0.015145439836005524,0.7547115641426541,-0.10978004077470227,0.07976127983274205
1527,RWPE2,H3K36me3,tRNA-Deu,-0.0014099983117491523,0.9770710190879404,-0.09731196883987374,0.09451791532305845
1528,RWPE2,H3K36me3,Kolobok,0.03327992285832311,0.5319687839194165,-0.07108304837626049,0.13692215715659614
1529,RWPE2,H3K36me3,PIF-Harbinger,0.022087934074714585,0.6809211460565798,-0.08309757527205325,0.1267867062322363
1530,RWPE2,H3K36me3,Crypton,0.03386175929888362,0.5705209347661935,-0.08309705073226661,0.14990038824959398
1531,RWPE2,H3K36me3,Merlin,-0.008250749223830338,0.9049390559421007,-0.1428431847938415,0.12664129886054876
1532,RWPE2,H3K36me3,TcMar,-0.017142551794841525,0.8081964649316857,-0.15449762304740522,0.12086260893350276
1533,RWPE2,H3K36me3,L1-Tx1,0.10666968476309255,0.2147388333643731,-0.06263689517690571,0.27000859984457953
1534,RWPE2,H3K36me3,Crypton-A,-0.051807455631617136,0.5567502919593672,-0.22147633446969706,0.12090593512691507
1535,RWPE2,H3K36me3,I-Jockey,-0.16409971272356597,0.08817974675918282,-0.3427831261131775,0.02604297253121379
1536,RWPE2,H3K36me3,hAT-Tip100?,-0.05398351648351647,0.671809760693481,-0.2960335059656479,0.19458130739908835
1537,RWPE2,H3K36me3,TcMar-Pogo,-0.0813782991202346,0.6579353154978129,-0.41870187239583767,0.27567898897618004
1538,RWPE2,H3K36me3,hAT?,-0.27578304048892277,0.11440048706376332,-0.5660987671728553,0.07539525267833745
1539,RWPE2,H3K36me3,hAT-hAT19,0.18529411764705883,0.4920570502059438,-0.3459033296858209,0.626541278593295
1540,22Rv1,CTCF,Alu,0.001822933776821067,0.054925216992484205,-3.846149598983074e-05,0.0036843164175016626
1541,22Rv1,CTCF,L1,0.00198714708230893,0.14840963038846863,-0.000707855855106998,0.004682121154459246
1542,22Rv1,CTCF,MIR,0.0008289778472038865,0.550977134851175,-0.0018957848535705024,0.0035537282388122793
1543,22Rv1,CTCF,L2,0.0016270507243926816,0.3309250534945989,-0.0016529255261628008,0.0049069919668110916
1544,22Rv1,CTCF,ERVL-MaLR,-0.00036380621886802174,0.8557717258635315,-0.004286816350274473,0.0035592151105334705
1545,22Rv1,CTCF,hAT-Charlie,-0.000774879950173296,0.7159095469058225,-0.00494799078443561,0.0033982578731222247
1546,22Rv1,CTCF,ERV1,0.002672556986229582,0.3811302578068274,-0.003308302301146344,0.008653225080002248
1547,22Rv1,CTCF,ERVL,-0.004974904558370815,0.11081545991178071,-0.011089600608448002,0.0011401635420154861
1548,22Rv1,CTCF,TcMar-Tigger,-0.002116429791550725,0.5049328865253695,-0.008337696273847811,0.004105000525054947
1549,22Rv1,CTCF,hAT-Tip100,-0.00360981291944438,0.40478419492608986,-0.012101760026536762,0.004882654856428415
1550,22Rv1,CTCF,CR1,-0.002186404138324317,0.6429467624562566,-0.011429800063623256,0.007057365418212103
1551,22Rv1,CTCF,Gypsy,-0.0025604499852801468,0.7483941158838006,-0.018204173703671226,0.01308452705956771
1552,22Rv1,CTCF,hAT-Blackjack,0.010357639818185545,0.20323040198342954,-0.00559760398929711,0.02630761131794379
1553,22Rv1,CTCF,TcMar-Mariner,0.007678967050152565,0.34941228159366,-0.008405663606796444,0.023759625120992542
1554,22Rv1,CTCF,RTE-X,0.002812719362432285,0.7846743157389466,-0.017362453434772367,0.022985602636308368
1555,22Rv1,CTCF,ERVK,-0.009732307049304417,0.40260946784562057,-0.032513509539052896,0.013059002687065727
1556,22Rv1,CTCF,TcMar-Tc2,-0.012275234080755811,0.3209667587797603,-0.03650385538760418,0.011967809743499798
1557,22Rv1,CTCF,SVA,0.005680894130392467,0.6898465713103357,-0.0222184597205674,0.03357140677861225
1558,22Rv1,CTCF,RTE-BovB,-0.0014945151550119912,0.9192929180901326,-0.03039583122485798,0.027409297831494435
1559,22Rv1,CTCF,tRNA-RTE,-0.008271686672678625,0.606355661827316,-0.039716835751446584,0.023189830085151197
1560,22Rv1,CTCF,hAT-Ac,-0.021458072004438257,0.2364393355632989,-0.05693397546931409,0.014071950447173798
1561,22Rv1,CTCF,hAT,0.009580970058478397,0.6190753137278645,-0.028187664376425156,0.04732228782760268
1562,22Rv1,CTCF,MULE-MuDR,-0.025323270542102615,0.22384350024909389,-0.06605378174715082,0.015491489805723735
1563,22Rv1,CTCF,PiggyBac,0.03530343547615987,0.10596977462488623,-0.007516013847976525,0.0779936563732198
1564,22Rv1,CTCF,5S-Deu-L2,0.008932157077862329,0.6982697461329951,-0.03621983041578421,0.05404775101074532
1565,22Rv1,CTCF,Helitron,-0.005719283071452937,0.8139811239166085,-0.05331748089469917,0.041904844800896755
1566,22Rv1,CTCF,hAT-Tag1,0.007293270849711848,0.7648168434469201,-0.04047489840257914,0.055028177967282224
1567,22Rv1,CTCF,tRNA,0.016158815855881328,0.5309222028840133,-0.03438503861168807,0.06662022222417577
1568,22Rv1,CTCF,Penelope,0.0029234755611709366,0.9402893355540147,-0.07346780576665597,0.0792806512001374
1569,22Rv1,CTCF,TcMar-Tc1,-0.0018621735762293862,0.9620608875622239,-0.07845876706493063,0.07475627711028705
1570,22Rv1,CTCF,Dong-R4,-0.019123541831676392,0.6932045682087242,-0.1137128201361923,0.07580930676584344
1571,22Rv1,CTCF,tRNA-Deu,0.04218542755287203,0.38963285808641757,-0.053990611546598385,0.13758596323717595
1572,22Rv1,CTCF,Kolobok,0.02441116879090763,0.6466738297691708,-0.07989532213538648,0.12818885809779212
1573,22Rv1,CTCF,PIF-Harbinger,0.043643451912003306,0.4163388919222667,-0.06166893046381902,0.1479947655324537
1574,22Rv1,CTCF,Crypton,0.06053697488266003,0.31019487487605313,-0.056565978772462173,0.17599690291689077
1575,22Rv1,CTCF,Merlin,-0.019073324110164346,0.7824751014181583,-0.15344001954710862,0.1159858880322282
1576,22Rv1,CTCF,TcMar,-0.03007262632227283,0.670166530002092,-0.16712094228659855,0.10811578087326609
1577,22Rv1,CTCF,L1-Tx1,0.05300230907274225,0.5384725364677307,-0.11585932154214848,0.21888623364211618
1578,22Rv1,CTCF,Crypton-A,0.041950426592587665,0.6342508336717168,-0.13058909410947026,0.21202359154673953
1579,22Rv1,CTCF,I-Jockey,-0.0034658511722731908,0.9714677591500558,-0.19144331606030968,0.18475687159125442
1580,22Rv1,CTCF,hAT-Tip100?,-0.13859890109890108,0.2747366358178881,-0.372778964747618,0.11217905225005834
1581,22Rv1,CTCF,TcMar-Pogo,0.07111436950146627,0.6989274391699125,-0.28506035874278746,0.410032802571361
1582,22Rv1,CTCF,hAT?,-0.05118411000763942,0.7737470222902796,-0.3829220291156634,0.2922471707259481
1583,22Rv1,CTCF,hAT-hAT19,0.1764705882352941,0.5132505967364668,-0.35353200740425916,0.6207039869240245
1584,22Rv1,H3K27ac,Alu,0.0010566711874361366,0.266035739881678,-0.0008053745780324819,0.0029187096255142244
1585,22Rv1,H3K27ac,L1,2.9729591721304218e-05,0.9827522975184337,-0.002665595822149722,0.002725054573634567
1586,22Rv1,H3K27ac,MIR,0.0017448154365382665,0.20950055097617137,-0.0009802389294411404,0.004469843888960985
1587,22Rv1,H3K27ac,L2,-0.0003548713498321662,0.83207060144428,-0.003634961087807758,0.0029252260242758417
1588,22Rv1,H3K27ac,ERVL-MaLR,0.00033401202936151123,0.867489814955184,-0.0035896220030843195,0.004257635777666882
1589,22Rv1,H3K27ac,hAT-Charlie,0.0006966601914892627,0.7435614007170201,-0.0034771578689779953,0.0048704539793898
1590,22Rv1,H3K27ac,ERV1,0.0032852415002752413,0.28171382947992896,-0.0026962917477564036,0.0092665396714057
1591,22Rv1,H3K27ac,ERVL,0.0005970600283312546,0.8482524289791274,-0.005518521803104719,0.006712597199579973
1592,22Rv1,H3K27ac,TcMar-Tigger,-0.0012445935391350565,0.6950270498720599,-0.007466659778904639,0.004977569068934451
1593,22Rv1,H3K27ac,hAT-Tip100,-0.0018216134618002928,0.6742245707607875,-0.01031478785670334,0.0066718237426789135
1594,22Rv1,H3K27ac,CR1,0.005177314222822949,0.2723400756763109,-0.004067072299267374,0.014420815912992446
1595,22Rv1,H3K27ac,Gypsy,-0.01155311611861935,0.14781185766976196,-0.02719364840081031,0.004093071353090876
1596,22Rv1,H3K27ac,hAT-Blackjack,-0.0036890425675884793,0.6504760317030474,-0.01964447481576493,0.012268268209354583
1597,22Rv1,H3K27ac,TcMar-Mariner,0.007250643753499053,0.3770760584617795,-0.008838287878169827,0.023335822351254053
1598,22Rv1,H3K27ac,RTE-X,0.013095775550276512,0.2032782018964921,-0.007080038675683855,0.03326093195647288
1599,22Rv1,H3K27ac,ERVK,0.0019780409393595124,0.8650082492739414,-0.020824669378731696,0.024778694416382356
1600,22Rv1,H3K27ac,TcMar-Tc2,-0.011740651987076238,0.34260514388970587,-0.035975379262346285,0.012507876130646965
1601,22Rv1,H3K27ac,SVA,-0.013196831626987059,0.3541367738534764,-0.04109265587536067,0.014719550279649158
1602,22Rv1,H3K27ac,RTE-BovB,0.01253034197907987,0.39567306478055764,-0.01638562793925714,0.04142536971234619
1603,22Rv1,H3K27ac,tRNA-RTE,0.00448908996986127,0.7797788692026643,-0.02697387464140988,0.035943169248800276
1604,22Rv1,H3K27ac,hAT-Ac,0.016081871751948838,0.374938461363583,-0.019446742876312092,0.05156992251380437
1605,22Rv1,H3K27ac,hAT,0.020939554168217956,0.2770987585573085,-0.01682845099411192,0.058647890255322105
1606,22Rv1,H3K27ac,MULE-MuDR,-0.0008934699952458548,0.9657808286253069,-0.04169301937466766,0.039909054149509154
1607,22Rv1,H3K27ac,PiggyBac,-0.0005587781275461797,0.9795980185699013,-0.043362723833708025,0.0422472152389316
1608,22Rv1,H3K27ac,5S-Deu-L2,0.013672652039720063,0.5529058655749033,-0.03148537169895524,0.05877497032091262
1609,22Rv1,H3K27ac,Helitron,0.005341170658022641,0.8260757074786648,-0.042282249064509086,0.05294037456461156
1610,22Rv1,H3K27ac,hAT-Tag1,0.005315776958353313,0.8273935678586796,-0.042448773894399223,0.05305608405396548
1611,22Rv1,H3K27ac,tRNA,0.0018130598167964231,0.9439537367849105,-0.04870393727356226,0.0523208048339179
1612,22Rv1,H3K27ac,Penelope,-0.03065032804503345,0.43180113863275815,-0.10673524855551592,0.0457914564475772
1613,22Rv1,H3K27ac,TcMar-Tc1,-0.06382694543654757,0.1026657493029858,-0.1398279413913679,0.012921698086946863
1614,22Rv1,H3K27ac,Dong-R4,-0.030902877703240704,0.5237299899204195,-0.1253449295610911,0.06409420811900012
1615,22Rv1,H3K27ac,tRNA-Deu,0.02653364940475476,0.5885403207166258,-0.06957530942868999,0.12215457470642417
1616,22Rv1,H3K27ac,Kolobok,0.05478359034413715,0.3033224252270778,-0.04966539246317199,0.15804724776137005
1617,22Rv1,H3K27ac,PIF-Harbinger,-0.11624091834764579,0.02992105472828392,-0.2188923330932903,-0.01104465198405844
1618,22Rv1,H3K27ac,Crypton,-0.08270706647690924,0.16526847585785584,-0.19759329001222786,0.034420354553427075
1619,22Rv1,H3K27ac,Merlin,-0.025028070306206147,0.7171155656975059,-0.15926070621960337,0.11011317142792222
1620,22Rv1,H3K27ac,TcMar,-0.06955715911533689,0.3240781138244728,-0.20546094210421145,0.06897853589466355
1621,22Rv1,H3K27ac,L1-Tx1,0.06652999743159782,0.43985686746244956,-0.10251255890048784,0.23183778745291597
1622,22Rv1,H3K27ac,Crypton-A,-0.04395492938389856,0.6181270548049667,-0.21394781730103146,0.12862194851926237
1623,22Rv1,H3K27ac,I-Jockey,0.051403947734222966,0.5955318085507555,-0.13815575036002256,0.23733066289594348
1624,22Rv1,H3K27ac,hAT-Tip100?,0.022206959706959704,0.8617274138167973,-0.22485896758614798,0.2665899091748529
1625,22Rv1,H3K27ac,TcMar-Pogo,0.10703812316715541,0.5598340484356554,-0.2520001260626874,0.440174245318332
1626,22Rv1,H3K27ac,hAT?,-0.18563789152024446,0.29319961790870386,-0.4951462755625856,0.16568269131670213
1627,22Rv1,H3K27ac,hAT-hAT19,-0.12352941176470587,0.6485420669723405,-0.5848677681002367,0.3981954146302434
1628,RWPE1,CTCF,Alu,0.0011147238437119035,0.24126236980724824,-0.0007497155848990823,0.0029791555224857116
1629,RWPE1,CTCF,L1,-0.0026079399493074283,0.05827070172804236,-0.0053071658677953035,9.132397193894996e-05
1630,RWPE1,CTCF,MIR,-0.0010868976016924073,0.43448558482479993,-0.003812632989274041,0.0016388539365054563
1631,RWPE1,CTCF,L2,0.0017267719806239401,0.30232796319426314,-0.0015544361063213178,0.005007942885897763
1632,RWPE1,CTCF,ERVL-MaLR,-0.00023466578276010202,0.9067905065956943,-0.004162780298690365,0.0036934559750092266
1633,RWPE1,CTCF,hAT-Charlie,-1.5189462206780121e-05,0.9943124218998568,-0.004191544765959476,0.0041611663714134686
1634,RWPE1,CTCF,ERV1,-0.0009543815727979596,0.7553999541046611,-0.006958751419729805,0.0050500570905869895
1635,RWPE1,CTCF,ERVL,-0.0060533218329180205,0.05260790048029995,-0.012174450672889768,6.82606716640986e-05
1636,RWPE1,CTCF,TcMar-Tigger,0.00164761532770597,0.6040395700663913,-0.0045792659305728175,0.007874368818820702
1637,RWPE1,CTCF,hAT-Tip100,0.0019335634152778574,0.6555501803603822,-0.00656227264176194,0.010429120354206272
1638,RWPE1,CTCF,CR1,-0.0021883816197807797,0.6429052682629585,-0.011438981518470533,0.007062592831247595
1639,RWPE1,CTCF,Gypsy,-0.01756540852263656,0.02782023860024773,-0.03320789690545093,-0.0019143166876114397
1640,RWPE1,CTCF,hAT-Blackjack,0.0054706910244765455,0.5020242900407649,-0.01050170734874168,0.02144029846376832
1641,RWPE1,CTCF,TcMar-Mariner,0.011188725995622147,0.1733965348959545,-0.004920443629198595,0.027292089918071583
1642,RWPE1,CTCF,RTE-X,0.005877716185854111,0.5681595197976217,-0.014305787878634763,0.026056432365351868
1643,RWPE1,CTCF,ERVK,0.006272568423744284,0.592499485348867,-0.01669715551285312,0.029235675089512914
1644,RWPE1,CTCF,TcMar-Tc2,0.023522132987252573,0.057228871336942023,-0.0007257655227149148,0.04774238756219397
1645,RWPE1,CTCF,SVA,0.02279736949034128,0.10930883721945436,-0.005110765263422634,0.05067001885540357
1646,RWPE1,CTCF,RTE-BovB,-0.014759232871177768,0.3171856792724089,-0.043657365531626705,0.014163577147234822
1647,RWPE1,CTCF,tRNA-RTE,-0.010335763669552387,0.5198751912407515,-0.04179416953456056,0.021143114886230833
1648,RWPE1,CTCF,hAT-Ac,-0.014646661694305148,0.41943304413363414,-0.05016684951419046,0.02091053147826351
1649,RWPE1,CTCF,hAT,0.011405259485458964,0.5539642687612887,-0.026364892755726396,0.049142894381801486
1650,RWPE1,CTCF,MULE-MuDR,3.288989309129797e-05,0.9987402316174215,-0.040777069599683025,0.04084273983303092
1651,RWPE1,CTCF,PiggyBac,0.01761015845582816,0.4206847367245615,-0.025258090000068897,0.06041376056010006
1652,RWPE1,CTCF,5S-Deu-L2,-0.003762494972069672,0.8703240339393237,-0.04890280662377848,0.041393155385760404
1653,RWPE1,CTCF,Helitron,-0.005209620603166162,0.8304910185104991,-0.052865437006962654,0.04246987109621612
1654,RWPE1,CTCF,hAT-Tag1,0.025587860432177537,0.2941237980695328,-0.022228941891636066,0.07328786154903695
1655,RWPE1,CTCF,tRNA,0.03680982461114116,0.1534906574495191,-0.013762144431484194,0.08719395445727258
1656,RWPE1,CTCF,Penelope,0.019565667647199747,0.6166524261704563,-0.05701791612847092,0.09592034273645438
1657,RWPE1,CTCF,TcMar-Tc1,0.03902402256606192,0.3190323665112632,-0.037784438294604615,0.11537408578645497
1658,RWPE1,CTCF,Dong-R4,0.00046529298860526505,0.9923420970595311,-0.0943256781548256,0.09524790324731613
1659,RWPE1,CTCF,tRNA-Deu,-0.029897665653050763,0.5421499692795873,-0.1254741548344297,0.06622867976837683
1660,RWPE1,CTCF,Kolobok,-0.04323237733351267,0.4174146968298993,-0.14685379212567648,0.0613276073423284
1661,RWPE1,CTCF,PIF-Harbinger,0.05321621681715229,0.3215406165367795,-0.05212905590848755,0.1573901581258636
1662,RWPE1,CTCF,Crypton,0.1098137870614454,0.06507240396047723,-0.007224289434791607,0.2238839241898794
1663,RWPE1,CTCF,Merlin,0.00908590959071892,0.8956177657788194,-0.12614021489573787,0.14398052952897572
1664,RWPE1,CTCF,TcMar,0.09903804463297608,0.15977760624750686,-0.039545405589658,0.2338833169344263
1665,RWPE1,CTCF,L1-Tx1,0.01385205418288196,0.8723641356864057,-0.154229650759195,0.18115455651439502
1666,RWPE1,CTCF,Crypton-A,0.06336470874263733,0.4721320379651043,-0.1095209890722342,0.23252912307571744
1667,RWPE1,CTCF,I-Jockey,0.034232230562505794,0.7238049057744849,-0.15492112457264826,0.2209645127621413
1668,RWPE1,CTCF,hAT-Tip100?,-0.015659340659340656,0.9022550615014864,-0.2604803741535718,0.2310538230707083
1669,RWPE1,CTCF,TcMar-Pogo,0.09640762463343108,0.5996586686315053,-0.26184938464838753,0.4313131852628577
1670,RWPE1,CTCF,hAT?,-0.15813598166539342,0.3717327996284695,-0.4728138141087278,0.19231458247948352
1671,RWPE1,CTCF,hAT-hAT19,0.3529411764705882,0.17995865788498183,-0.18916365264737126,0.73015934447076
1672,RWPE1,H3K27ac,Alu,-0.00042963462454783047,0.6514228566570811,-0.0022934951218916396,0.0014342288578820196
1673,RWPE1,H3K27ac,L1,-0.0013930368090993247,0.3117312286085226,-0.004092022918560886,0.0013059695957799967
1674,RWPE1,H3K27ac,MIR,-0.0010604518933155893,0.44586979906167756,-0.003786918028094812,0.0016660300075602146
1675,RWPE1,H3K27ac,L2,-0.0005968440623471753,0.7214518688218057,-0.0038779784191529812,0.002684303145572087
1676,RWPE1,H3K27ac,ERVL-MaLR,-0.001515867575938103,0.4494043241020095,-0.0054436559680407105,0.002411967588988656
1677,RWPE1,H3K27ac,hAT-Charlie,-0.0003592407225986232,0.86612836299736,-0.004535902537823087,0.003817433626217456
1678,RWPE1,H3K27ac,ERV1,-0.0008873915292102841,0.7720334656667948,-0.0068906094635110314,0.005115890366564408
1679,RWPE1,H3K27ac,ERVL,-0.003185588686057207,0.30773292950123715,-0.009306648084787096,0.002935709435653272
1680,RWPE1,H3K27ac,TcMar-Tigger,-3.794366807262388e-05,0.9904734423840259,-0.006266344084678006,0.006190459692429442
1681,RWPE1,H3K27ac,hAT-Tip100,-0.006162382113404311,0.15511668837509637,-0.01465717630616831,0.002333301580089401
1682,RWPE1,H3K27ac,CR1,-0.005481040350038162,0.24554723891246627,-0.014731286315864005,0.0037701437320092554
1683,RWPE1,H3K27ac,Gypsy,-0.007964464399291871,0.3185530158981494,-0.02361118297924149,0.00768615511755615
1684,RWPE1,H3K27ac,hAT-Blackjack,-0.0037588858388426494,0.6449375204993579,-0.019744517273132107,0.012228666947969608
1685,RWPE1,H3K27ac,TcMar-Mariner,0.009071441607835308,0.2716061393446147,-0.007101736728257401,0.02523987528094198
1686,RWPE1,H3K27ac,RTE-X,-0.007221625054835741,0.4831580660571472,-0.027400597177074878,0.01296323024911616
1687,RWPE1,H3K27ac,ERVK,-0.005447890869020154,0.6420164839125617,-0.028410022655613824,0.017519987430239137
1688,RWPE1,H3K27ac,TcMar-Tc2,0.01485880392299988,0.23021046326961028,-0.009416072384878444,0.03911617730949101
1689,RWPE1,H3K27ac,SVA,-0.0042087019696483005,0.7675692652313644,-0.032109142521266086,0.023698292635602546
1690,RWPE1,H3K27ac,RTE-BovB,0.012831931941246055,0.3847097515902851,-0.016103022168585508,0.041745411864497095
1691,RWPE1,H3K27ac,tRNA-RTE,-0.01842925319508598,0.2512844391705016,-0.04988226137963343,0.013060273544211706
1692,RWPE1,H3K27ac,hAT-Ac,0.0036579673740099773,0.840200271923149,-0.03189069967203884,0.03919739149692066
1693,RWPE1,H3K27ac,hAT,0.03559404113144233,0.06476900080335153,-0.0021924495470510273,0.0732790325568661
1694,RWPE1,H3K27ac,MULE-MuDR,-0.015252496458690193,0.4641179237024985,-0.05603873080054407,0.02558455850781454
1695,RWPE1,H3K27ac,PiggyBac,-0.008588388187488229,0.6945518469662708,-0.05141612855633372,0.034270883609794196
1696,RWPE1,H3K27ac,5S-Deu-L2,0.0019413131016967253,0.9328740761396037,-0.043210975982307956,0.04708568791987008
1697,RWPE1,H3K27ac,Helitron,-0.0014917662363875173,0.9511791511377868,-0.049213405007096866,0.046236668079006275
1698,RWPE1,H3K27ac,hAT-Tag1,-0.01902959987597083,0.43529187150856374,-0.0667550265191075,0.028782704092391694
1699,RWPE1,H3K27ac,tRNA,-0.059048668811007565,0.021928075158070905,-0.10927887179659812,-0.008517664398976792
1700,RWPE1,H3K27ac,Penelope,-0.025912509838483137,0.5073073104533323,-0.10221362133360547,0.05069172180828213
1701,RWPE1,H3K27ac,TcMar-Tc1,-0.007324207844328337,0.8518129519478952,-0.08400305177595212,0.06944086505299603
1702,RWPE1,H3K27ac,Dong-R4,-0.08656768400155748,0.0736070213090474,-0.1800506886036108,0.008465059619672975
1703,RWPE1,H3K27ac,tRNA-Deu,-0.009565609941550094,0.8454022044585732,-0.10538618157648981,0.0864309552852827
1704,RWPE1,H3K27ac,Kolobok,-0.028067032592928483,0.5986700245159154,-0.1319364985149902,0.07641209117716542
1705,RWPE1,H3K27ac,PIF-Harbinger,0.005791508652656558,0.9141487434184072,-0.09924979951188635,0.11070516458448845
1706,RWPE1,H3K27ac,Crypton,0.0246725558716614,0.6793996275859844,-0.09220784418646416,0.14088231066613546
1707,RWPE1,H3K27ac,Merlin,0.10604834020426367,0.12553802465233366,-0.03015165211424433,0.23838205248942457
1708,RWPE1,H3K27ac,TcMar,0.06176196024896294,0.38137013205042347,-0.07673069176059906,0.19791647688243186
1709,RWPE1,H3K27ac,L1-Tx1,-0.03301530703831098,0.7017212793611171,-0.1996697269111584,0.13549547846495844
1710,RWPE1,H3K27ac,Crypton-A,0.05574172609019538,0.5271447784980692,-0.11703415466877704,0.22524256472808296
1711,RWPE1,H3K27ac,I-Jockey,-0.10091743119266056,0.2964250808412351,-0.28408005699533334,0.08935154639344939
1712,RWPE1,H3K27ac,hAT-Tip100?,-0.012980769230769231,0.9182582493328644,-0.2560789629502315,0.23166167283538153
1713,RWPE1,H3K27ac,TcMar-Pogo,0.4299853372434017,0.014038778785272162,0.07930469884766966,0.6859604113684313
1714,RWPE1,H3K27ac,hAT?,-0.0964094728800611,0.5875443369005858,-0.42152641491409554,0.2506695358125937
1715,RWPE1,H3K27ac,hAT-hAT19,0.02058823529411765,0.9396737397890448,-0.48006032055761466,0.5111202153779418
