,cell_line,modification,family_name,r,p_value,ci_low,ci_high
0,Caco-2,H3K4me1,Alu,0.000236963704846784,0.8036388001437509,-0.0016309536213411197,0.00210487937744876
1,Caco-2,H3K4me1,L1,0.0010418666595526714,0.4498371812565004,-0.0016603409038431886,0.00374405900775178
2,Caco-2,H3K4me1,MIR,0.0026948930698214566,0.05279842490911377,-3.2565032818451194e-05,0.005422311077991186
3,Caco-2,H3K4me1,L2,0.0002612672457473772,0.876036932998308,-0.003021358550382825,0.0035438874112474037
4,Caco-2,H3K4me1,ERVL-MaLR,-0.0003886189024497057,0.846478788232991,-0.004322621345381371,0.0035453955693444607
5,Caco-2,H3K4me1,hAT-Charlie,-0.0006152655292162572,0.7730161113694312,-0.004796110543161899,0.00356560099387279
6,Caco-2,H3K4me1,ERV1,-0.002540309044751612,0.4083489212041065,-0.008562028383720586,0.0034815945298626813
7,Caco-2,H3K4me1,ERVL,0.0029624834680097435,0.343415205283191,-0.0031660201031141343,0.009090764512058286
8,Caco-2,H3K4me1,TcMar-Tigger,-0.006024683716984567,0.058151682948985976,-0.012256963358426331,0.00020806398980599092
9,Caco-2,H3K4me1,hAT-Tip100,-0.004873763834560134,0.261132495292281,-0.013373853340576563,0.0036270300202518473
10,Caco-2,H3K4me1,CR1,0.007307657837179115,0.12167772328559225,-0.0019463042396644064,0.01656036842199801
11,Caco-2,H3K4me1,Gypsy,-0.005125806627685749,0.5211589856701053,-0.020782641768050357,0.01053354202661283
12,Caco-2,H3K4me1,hAT-Blackjack,0.003894169657077394,0.6332193666475295,-0.012099791542897717,0.01988613876487377
13,Caco-2,H3K4me1,TcMar-Mariner,0.0010542775489885547,0.8979873285239824,-0.015062472335865556,0.01717047975544581
14,Caco-2,H3K4me1,RTE-X,-0.003248419219852847,0.7525414781337697,-0.023438203960078827,0.01694401418515964
15,Caco-2,H3K4me1,ERVK,-0.008928552165780581,0.44843759107941183,-0.03200549140637781,0.014157901467908924
16,Caco-2,H3K4me1,TcMar-Tc2,0.006062860814969073,0.6245387342617046,-0.0182157688139783,0.030334344755786453
17,Caco-2,H3K4me1,SVA,-0.011647399000341374,0.4158044583641882,-0.03968482738323709,0.016408355818145783
18,Caco-2,H3K4me1,RTE-BovB,-0.03689301825687345,0.012488917204539884,-0.06578244635740238,-0.007941792557524942
19,Caco-2,H3K4me1,tRNA-RTE,-0.007543738197184502,0.6387486661888531,-0.039022318525444494,0.023949800282164008
20,Caco-2,H3K4me1,hAT-Ac,0.010578960857836587,0.560176073565095,-0.025010972021386274,0.04614211136683649
21,Caco-2,H3K4me1,hAT,0.012260516267440779,0.5249453594364981,-0.02553836177497645,0.050024386942449026
22,Caco-2,H3K4me1,MULE-MuDR,0.021365877475695728,0.30541044196875017,-0.019501135824032723,0.062161615857243696
23,Caco-2,H3K4me1,PiggyBac,0.040379520362046284,0.06519913376230665,-0.0025601028995815636,0.08317051227019524
24,Caco-2,H3K4me1,5S-Deu-L2,-0.0022628957335295136,0.9218290699954405,-0.04743054046743446,0.04291398407567008
25,Caco-2,H3K4me1,Helitron,-0.009020826170421957,0.7116087510831443,-0.05679332642216796,0.03879288782852979
26,Caco-2,H3K4me1,hAT-Tag1,0.016231261615043967,0.5059043024380957,-0.031592409043847774,0.06398078270475191
27,Caco-2,H3K4me1,tRNA,0.021900161984265098,0.3960396619093227,-0.02868372304090738,0.07237216805061096
28,Caco-2,H3K4me1,Penelope,-0.0008882272083973933,0.9818845235130775,-0.07743224624852792,0.07566620147848702
29,Caco-2,H3K4me1,TcMar-Tc1,0.03713568961877298,0.34339980848169704,-0.03972891506635066,0.1135633783088358
30,Caco-2,H3K4me1,Dong-R4,0.030625385536023154,0.5274664532445488,-0.06437041316684879,0.12507112954745342
31,Caco-2,H3K4me1,tRNA-Deu,-0.06068570954433127,0.21566109317428261,-0.15578093789939473,0.03552406145262065
32,Caco-2,H3K4me1,Kolobok,-0.05283849778891893,0.3215259730522287,-0.15628449846190157,0.051754095923832184
33,Caco-2,H3K4me1,PIF-Harbinger,-0.003499874553312025,0.9480556177284307,-0.10844044132045445,0.1015178347192799
34,Caco-2,H3K4me1,Crypton,0.049845710489602964,0.40352477317460633,-0.06721443455330947,0.1655522098966882
35,Caco-2,H3K4me1,Merlin,0.059401090054641045,0.39062560865744567,-0.07639861137061855,0.19303716616546604
36,Caco-2,H3K4me1,TcMar,0.02808989594347788,0.692224995917663,-0.11076244112670959,0.1658666299820354
37,Caco-2,H3K4me1,L1-Tx1,-0.02511618247479086,0.7707991430909066,-0.19204851385035082,0.14322867994158664
38,Caco-2,H3K4me1,Crypton-A,0.18029848675506116,0.03932665707697546,0.0076508494902966535,0.3425082484401048
39,Caco-2,H3K4me1,I-Jockey,-0.05885460105643592,0.543251574484418,-0.24440723532785436,0.13085595177158654
40,Caco-2,H3K4me1,hAT-Tip100?,-0.22348901098901094,0.07586454504440567,-0.44735408069032595,0.02672996974425158
41,Caco-2,H3K4me1,TcMar-Pogo,0.22287390029325513,0.22016175528168797,-0.14082771185458814,0.5335724993199518
42,Caco-2,H3K4me1,hAT?,0.25367647058823534,0.15430335403770434,-0.10383627108203317,0.5531358902374955
43,Caco-2,H3K4me1,hAT-hAT19,0.3735294117647059,0.15412246989684827,-0.16810822200417866,0.7419287714155229
44,Caco-2,H3K9me3,Alu,-0.0015990755421530136,0.09324656908112566,-0.0034662699576796887,0.00026813002355062244
45,Caco-2,H3K9me3,L1,0.0007218585982278561,0.6004774224583973,-0.0019796469264813927,0.0034233535865338936
46,Caco-2,H3K9me3,MIR,0.0013499469305852186,0.33197415336845937,-0.0013773248122567498,0.00407719859169779
47,Caco-2,H3K9me3,L2,0.00019511885715518953,0.9072507736224816,-0.0030873037422639465,0.0034775372520420788
48,Caco-2,H3K9me3,ERVL-MaLR,-0.003084903963558706,0.12422822990564347,-0.00701797357010645,0.0008482610871976292
49,Caco-2,H3K9me3,hAT-Charlie,0.00023988736970542395,0.9104509889381877,-0.003940517098560075,0.004420283453548733
50,Caco-2,H3K9me3,ERV1,-0.0031110876535693555,0.31118706208039704,-0.00913183404691828,0.0029098843004542437
51,Caco-2,H3K9me3,ERVL,-0.0001811379992014562,0.9537955539215123,-0.006308395639809654,0.005946133242468868
52,Caco-2,H3K9me3,TcMar-Tigger,-0.0003287874824574655,0.9176458177663834,-0.0065609533885153636,0.005903403963848401
53,Caco-2,H3K9me3,hAT-Tip100,0.00401909209944647,0.3540762219533682,-0.004481208762060206,0.012518812191332593
54,Caco-2,H3K9me3,CR1,0.002525297063251464,0.5927423253679567,-0.006728375573087947,0.011778537232360511
55,Caco-2,H3K9me3,Gypsy,-0.0031691221701883716,0.691631717719799,-0.018827127285930653,0.01249043708256871
56,Caco-2,H3K9me3,hAT-Blackjack,-0.0043032435913054005,0.5979524036635293,-0.020294535517694626,0.011690249541896944
57,Caco-2,H3K9me3,TcMar-Mariner,-0.006015134215415112,0.4645222136108118,-0.02213071370958843,0.010103570401614255
58,Caco-2,H3K9me3,RTE-X,0.0017230428012898358,0.8671693035149264,-0.018466740852272595,0.021911421829619703
59,Caco-2,H3K9me3,ERVK,0.002906806142396081,0.8050125371984961,-0.02016967107789488,0.02598018786490556
60,Caco-2,H3K9me3,TcMar-Tc2,0.004001525630933327,0.7466396687997149,-0.020272542842730213,0.0282708793039325
61,Caco-2,H3K9me3,SVA,-0.0036186436998717135,0.8002616698502419,-0.031642018419235786,0.024410415757642818
62,Caco-2,H3K9me3,RTE-BovB,0.01658776378440317,0.2612932893602124,-0.01235740092009032,0.04550515231340287
63,Caco-2,H3K9me3,tRNA-RTE,-0.014114318359609617,0.37968170207558005,-0.04557896981928945,0.01737831055933593
64,Caco-2,H3K9me3,hAT-Ac,0.016089850115886293,0.3755660821583958,-0.01950314028615912,0.05164210941946797
65,Caco-2,H3K9me3,hAT,-0.017587892150342857,0.3616710774934069,-0.05533265027761586,0.02020706192033167
66,Caco-2,H3K9me3,MULE-MuDR,0.00867371529062402,0.6773881864689864,-0.032183791153389374,0.04950228138201494
67,Caco-2,H3K9me3,PiggyBac,0.024440910084145062,0.2645158377611564,-0.01850261752701404,0.06729442763170115
68,Caco-2,H3K9me3,5S-Deu-L2,0.02860362358094446,0.21461603344843172,-0.01658747393703223,0.07367809652587805
69,Caco-2,H3K9me3,Helitron,0.00714607164278698,0.7695610524315766,-0.040650229141664045,0.05490974284409561
70,Caco-2,H3K9me3,hAT-Tag1,0.04364195892970325,0.07355454173520604,-0.004185510910119287,0.09127022188836208
71,Caco-2,H3K9me3,tRNA,0.0046149447152499575,0.8580740598774894,-0.04594212009094371,0.05514842827061694
72,Caco-2,H3K9me3,Penelope,-0.0018896955151679017,0.9615005987816083,-0.07848612159138613,0.07472891079553381
73,Caco-2,H3K9me3,TcMar-Tc1,-0.0377939920946649,0.3360241852646584,-0.1143907505076598,0.03924947020302621
74,Caco-2,H3K9me3,Dong-R4,-0.028018902986860866,0.563211549932422,-0.12249880024591593,0.06696427268424669
75,Caco-2,H3K9me3,tRNA-Deu,-0.02440760230869018,0.6187699392450272,-0.12005578293853597,0.07168953151146105
76,Caco-2,H3K9me3,Kolobok,0.07341165141203507,0.1681393703623335,-0.031201903656697266,0.17643423553182552
77,Caco-2,H3K9me3,PIF-Harbinger,-0.07739845787034148,0.14904853217098105,-0.18106113204703123,0.027965139788690016
78,Caco-2,H3K9me3,Crypton,0.005895999617742948,0.9213384122678712,-0.11077867965204648,0.12241036961369305
79,Caco-2,H3K9me3,Merlin,-0.05440176391287957,0.4317975649427662,-0.1881852184270632,0.08136377504900025
80,Caco-2,H3K9me3,TcMar,0.11398919895425008,0.10712462535430681,-0.025248146786961394,0.2488880633866221
81,Caco-2,H3K9me3,L1-Tx1,-0.047695777534353834,0.5799452204845754,-0.213793663749139,0.12108238384499481
82,Caco-2,H3K9me3,Crypton-A,0.04645054870463848,0.5983047514908367,-0.12617141403436463,0.21634210835108772
83,Caco-2,H3K9me3,I-Jockey,-0.031971087016958576,0.7413817195969779,-0.2188035549802403,0.15712269635171344
84,Caco-2,H3K9me3,hAT-Tip100?,0.03539377289377289,0.7812760481311004,-0.21233725363599476,0.27885012775161794
85,Caco-2,H3K9me3,TcMar-Pogo,0.12829912023460407,0.4840556594761317,-0.23213106185509305,0.45774986110921523
86,Caco-2,H3K9me3,hAT?,0.33890374331550804,0.053691612158174196,-0.015115709175319585,0.61741936414035
87,Caco-2,H3K9me3,hAT-hAT19,0.16176470588235295,0.5494831434036929,-0.36612642999165823,0.6108894426280149
88,SJCRH30,H3K27ac,Alu,0.0003813592266200476,0.6887058553258736,-0.0014844117572761757,0.002247127555419415
89,SJCRH30,H3K27ac,L1,-0.0015368201971955333,0.2645597037447637,-0.0042366031835164505,0.0011629851926009058
90,SJCRH30,H3K27ac,MIR,-0.0018806774045565789,0.17632480936531683,-0.004606710528441929,0.0008453836713069658
91,SJCRH30,H3K27ac,L2,-0.0009941568952311296,0.5526429394500312,-0.004275538324700401,0.002287245943496314
92,SJCRH30,H3K27ac,ERVL-MaLR,-0.0004948138225358509,0.8050393748177056,-0.004423870795872134,0.003434258428229163
93,SJCRH30,H3K27ac,hAT-Charlie,0.001186726108517528,0.5776715010113385,-0.0029906890876178105,0.005364099886370655
94,SJCRH30,H3K27ac,ERV1,0.0029169683958144483,0.3412420000874329,-0.003090270076011103,0.008923996344451068
95,SJCRH30,H3K27ac,ERVL,0.0013309269905680122,0.6700277457811297,-0.0047908775275269985,0.007452631753166281
96,SJCRH30,H3K27ac,TcMar-Tigger,0.0024004610127019064,0.4499900908644745,-0.0038275353973612723,0.00862827120938786
97,SJCRH30,H3K27ac,hAT-Tip100,0.0025883494632832006,0.5504521093233128,-0.005908073758277911,0.011084398996983559
98,SJCRH30,H3K27ac,CR1,0.00044602006382912074,0.9247136840153058,-0.008804631045003316,0.009696594837347404
99,SJCRH30,H3K27ac,Gypsy,0.018180400489251503,0.02278257947937545,0.002530913217046438,0.033820984890044405
100,SJCRH30,H3K27ac,hAT-Blackjack,-0.012925914243058993,0.11281520015687979,-0.028897280225066633,0.003052049967265167
101,SJCRH30,H3K27ac,TcMar-Mariner,-0.004812834374970018,0.5580918704932301,-0.02091636594422519,0.011293193803421963
102,SJCRH30,H3K27ac,RTE-X,-0.010359307697488298,0.31440246125329036,-0.030534028448312173,0.009823850363041687
103,SJCRH30,H3K27ac,ERVK,-0.013035030254305774,0.26677762314850606,-0.03602864981179055,0.009972383327207198
104,SJCRH30,H3K27ac,TcMar-Tc2,0.003337594329908407,0.7873304868679113,-0.02090829760426952,0.027579562757112444
105,SJCRH30,H3K27ac,SVA,-0.0023126972131809914,0.8717254189370133,-0.030377456472850957,0.025755705641660923
106,SJCRH30,H3K27ac,RTE-BovB,-0.006858542339539505,0.6422232228910252,-0.03577956981761271,0.02207396355604516
107,SJCRH30,H3K27ac,tRNA-RTE,0.0008108538744965456,0.9597566447904313,-0.03067733640736105,0.03229743630423171
108,SJCRH30,H3K27ac,hAT-Ac,-0.022324090634555444,0.218656900451384,-0.0578445394126486,0.013252808514561985
109,SJCRH30,H3K27ac,hAT,-0.014395450375837273,0.4550583519610265,-0.05212664188439736,0.02337678218004759
110,SJCRH30,H3K27ac,MULE-MuDR,-0.04272951817372587,0.04015249405916725,-0.0834125057812655,-0.0019043328375191765
111,SJCRH30,H3K27ac,PiggyBac,-0.016127569407572446,0.4608593961197438,-0.05893549644460545,0.02673956292026963
112,SJCRH30,H3K27ac,5S-Deu-L2,-0.0279762205968425,0.22472331653815503,-0.07304122589519209,0.0172027926811113
113,SJCRH30,H3K27ac,Helitron,-0.032476534061469144,0.1816645294461899,-0.08000570812794416,0.015199980709157027
114,SJCRH30,H3K27ac,hAT-Tag1,0.008574468294737769,0.7251293016115841,-0.039210087007158216,0.056319895523809164
115,SJCRH30,H3K27ac,tRNA,-0.01049638640108228,0.6840017299980419,-0.060977939229292885,0.040038726801579806
116,SJCRH30,H3K27ac,Penelope,-0.029734109590746675,0.44743479412073484,-0.10611692100857008,0.04699755229862318
117,SJCRH30,H3K27ac,TcMar-Tc1,-0.014932163909129686,0.7033036767017357,-0.09155654951458354,0.06186800546551432
118,SJCRH30,H3K27ac,Dong-R4,-0.05962454146549008,0.2183190810818627,-0.15362604516879502,0.03544647181173371
119,SJCRH30,H3K27ac,tRNA-Deu,-0.052654724578803686,0.2828003294226552,-0.14788845049232602,0.04354648673472938
120,SJCRH30,H3K27ac,Kolobok,0.04236397974581075,0.4274981648377001,-0.06234117562742191,0.1461467754389694
121,SJCRH30,H3K27ac,PIF-Harbinger,-0.08598980970581335,0.10879550391629014,-0.18944901915695567,0.019357799942647164
122,SJCRH30,H3K27ac,Crypton,0.03374501469438358,0.5718510108348247,-0.08321289125108552,0.14978590848829912
123,SJCRH30,H3K27ac,Merlin,0.06769306041012174,0.3277873873815441,-0.06815209209918782,0.2010738412411458
124,SJCRH30,H3K27ac,TcMar,-0.18608634467170232,0.007855724858221842,-0.31678107909335673,-0.04845705153243366
125,SJCRH30,H3K27ac,L1-Tx1,0.08176352332544105,0.34219343429432125,-0.08742760135214978,0.24636978207161883
126,SJCRH30,H3K27ac,Crypton-A,0.01530201664791659,0.8622810836351438,-0.15664448666237565,0.18634822015314836
127,SJCRH30,H3K27ac,I-Jockey,0.029135390603280513,0.7636132311481862,-0.1598816969553657,0.21609156103850966
128,SJCRH30,H3K27ac,hAT-Tip100?,-0.1706293706293706,0.1741608188651795,-0.3994847781809462,0.07824577657489254
129,SJCRH30,H3K27ac,TcMar-Pogo,-0.09237536656891496,0.6150759930883551,-0.4279392874542424,0.26557065241553096
130,SJCRH30,H3K27ac,hAT?,-0.11627196333078686,0.5125683568639573,-0.4382056943228236,0.2320995794020724
131,SJCRH30,H3K27ac,hAT-hAT19,-0.023529411764705882,0.931073583667659,-0.5133038022421272,0.4778062677491202
132,SJCRH30,H3K4me1,Alu,0.0013506418515383156,0.15623623073740328,-0.0005164257754602841,0.0032177000620502018
133,SJCRH30,H3K4me1,L1,1.4553305391825202e-05,0.9915723755185514,-0.0026858940243814347,0.002715000422907594
134,SJCRH30,H3K4me1,MIR,-0.00041829077802123813,0.76368585069699,-0.003145209562811928,0.0023086342276771783
135,SJCRH30,H3K4me1,L2,-0.001307800479482629,0.43477556896781444,-0.00458958152457983,0.001974008736153999
136,SJCRH30,H3K4me1,ERVL-MaLR,-8.440206375720526e-06,0.996642366911956,-0.003939456879764778,0.003922576727864552
137,SJCRH30,H3K4me1,hAT-Charlie,0.0014736132942239249,0.48949833725986636,-0.0027055229904623793,0.005652698105589322
138,SJCRH30,H3K4me1,ERV1,-0.004212998954472078,0.1696114243097811,-0.010224825387468231,0.0017991320322542888
139,SJCRH30,H3K4me1,ERVL,-0.0015199632548635105,0.6266689998554447,-0.007644317759318329,0.0046045052726841305
140,SJCRH30,H3K4me1,TcMar-Tigger,0.0005532767601632446,0.8618208358116564,-0.005676844108419717,0.006783354678811513
141,SJCRH30,H3K4me1,hAT-Tip100,0.0014039158495797927,0.746111431458025,-0.007094688142832156,0.009902317047221346
142,SJCRH30,H3K4me1,CR1,0.0034295563029836653,0.4675337757510353,-0.005822815900658494,0.012681341353104001
143,SJCRH30,H3K4me1,Gypsy,-0.005804748226707116,0.46729508130149977,-0.021453841089998222,0.00984718834631466
144,SJCRH30,H3K4me1,hAT-Blackjack,-0.0063282329293790655,0.4376896714246863,-0.022306520653783565,0.009653286845675898
145,SJCRH30,H3K4me1,TcMar-Mariner,-0.00611895954227407,0.45674225106496746,-0.02223068425852911,0.009995942732427493
146,SJCRH30,H3K4me1,RTE-X,-0.017771093749550784,0.08436527397934543,-0.03793964217315255,0.0024119271268623517
147,SJCRH30,H3K4me1,ERVK,-0.014150259044205058,0.22867109371692873,-0.0371760829037938,0.008890582219355727
148,SJCRH30,H3K4me1,TcMar-Tc2,-0.0055762724024034675,0.6524798160211775,-0.029838843985550517,0.018692866357048487
149,SJCRH30,H3K4me1,SVA,-0.001324665818510201,0.9262749898538915,-0.029375902544578922,0.026728655750727127
150,SJCRH30,H3K4me1,RTE-BovB,-0.000758089890365156,0.9590362315004919,-0.02967893012889836,0.028164018560018416
151,SJCRH30,H3K4me1,tRNA-RTE,-0.010399752138201193,0.5174562152619125,-0.04187023265748306,0.021091343749780014
152,SJCRH30,H3K4me1,hAT-Ac,-0.003277577974080511,0.8567440685684047,-0.0388468071387076,0.03229994660089965
153,SJCRH30,H3K4me1,hAT,-0.012224319827771708,0.5260158688288712,-0.04997424583395567,0.025560484283553852
154,SJCRH30,H3K4me1,MULE-MuDR,0.0035822251773883576,0.8634055915395404,-0.03721556704378836,0.04436809579023094
155,SJCRH30,H3K4me1,PiggyBac,-0.01037488160720589,0.6353958039802958,-0.05321872647807756,0.03250708942414508
156,SJCRH30,H3K4me1,5S-Deu-L2,-0.013722870921035385,0.5517654973378018,-0.05886094067974626,0.03147119795651902
157,SJCRH30,H3K4me1,Helitron,-0.06891392984096231,0.004556574684936102,-0.11622878152517069,-0.02128700640603515
158,SJCRH30,H3K4me1,hAT-Tag1,-0.014577605495984273,0.5499717339976073,-0.062304370750008914,0.033215677477802914
159,SJCRH30,H3K4me1,tRNA,-0.019419989802187027,0.45155177629641097,-0.06988544094796582,0.03114460924816312
160,SJCRH30,H3K4me1,Penelope,-0.005412784711632513,0.8901980780646184,-0.08210427182043872,0.07134242866966317
161,SJCRH30,H3K4me1,TcMar-Tc1,-0.042871235917366135,0.2739857723984234,-0.11923897663104079,0.03400078647713865
162,SJCRH30,H3K4me1,Dong-R4,-0.007598969177063881,0.8754409307075682,-0.1023134396566952,0.08725204387061207
163,SJCRH30,H3K4me1,tRNA-Deu,-0.011470253701941189,0.8151283472328633,-0.10727045308051658,0.08454097782260238
164,SJCRH30,H3K4me1,Kolobok,-0.027450212634226357,0.6067326171484873,-0.13132901897377958,0.07702486338408872
165,SJCRH30,H3K4me1,PIF-Harbinger,-0.04425272409886671,0.40985601745239686,-0.14859317127082575,0.0610621827247756
166,SJCRH30,H3K4me1,Crypton,-0.021983459063245774,0.7127041855906979,-0.1382405530615732,0.09487122247993479
167,SJCRH30,H3K4me1,Merlin,0.06805585806548403,0.32519559602074843,-0.06779096284070242,0.20142515983579362
168,SJCRH30,H3K4me1,TcMar,0.015242098895291843,0.828695014994254,-0.12239324291362468,0.15230224341629336
169,SJCRH30,H3K4me1,L1-Tx1,0.2051602169131458,0.016173500640065664,0.037009233850345505,0.3620134575628217
170,SJCRH30,H3K4me1,Crypton-A,0.05437514096482764,0.537337740918659,-0.11837948140548515,0.22393478060972039
171,SJCRH30,H3K4me1,I-Jockey,-0.0233064590862756,0.8099008288985272,-0.2105101205696682,0.16554604556583657
172,SJCRH30,H3K4me1,hAT-Tip100?,0.0395541958041958,0.754409096464774,-0.20642867527004033,0.2808345604039683
173,SJCRH30,H3K4me1,TcMar-Pogo,-0.05425219941348973,0.7680673598588204,-0.39569081215811164,0.30036282813718157
174,SJCRH30,H3K4me1,hAT?,-0.007181054239877769,0.9678486720038728,-0.344514147750863,0.33179439713962516
175,SJCRH30,H3K4me1,hAT-hAT19,0.055882352941176466,0.8371372217954723,-0.45269106223057354,0.5370218584269028
176,SJCRH30,H3K9me3,Alu,0.00031714423069194477,0.7391594662894838,-0.0015496825140117305,0.0021839687648760268
177,SJCRH30,H3K9me3,L1,0.0020450626190870974,0.13769179566625894,-0.0006551142637177209,0.004745209681176671
178,SJCRH30,H3K9me3,MIR,-0.000511045772812472,0.7133743590721757,-0.0032378396523541023,0.0022157557064167704
179,SJCRH30,H3K9me3,L2,-0.0018921962379297296,0.25843172568037187,-0.005173832980309787,0.0013894812597536747
180,SJCRH30,H3K9me3,ERVL-MaLR,-0.0019446422044023688,0.3322213180834035,-0.005875317399010332,0.0019860930816025728
181,SJCRH30,H3K9me3,hAT-Charlie,0.0009057304024910627,0.670962975245064,-0.0032729062788185025,0.005084335454088806
182,SJCRH30,H3K9me3,ERV1,-0.001145441980490097,0.7087911663129759,-0.007156435446154363,0.004865634260739146
183,SJCRH30,H3K9me3,ERVL,-0.002299485168040947,0.4617702401259546,-0.008423378216874644,0.0038245803574517194
184,SJCRH30,H3K9me3,TcMar-Tigger,0.00023304669688562588,0.9415529893083749,-0.005996779666636963,0.006462854971031859
185,SJCRH30,H3K9me3,hAT-Tip100,-0.00032063749872834267,0.9410461164796169,-0.008818010582094436,0.008176781888380027
186,SJCRH30,H3K9me3,CR1,-0.00024086890885652827,0.9593049227424769,-0.009492698880097175,0.009011002297572913
187,SJCRH30,H3K9me3,Gypsy,0.012652410125750345,0.11312092191535862,-0.003000718643578695,0.028299340159881912
188,SJCRH30,H3K9me3,hAT-Blackjack,-0.0006114663218376575,0.9402067522114361,-0.016587441680096012,0.015364821173921845
189,SJCRH30,H3K9me3,TcMar-Mariner,-0.0061583574772944944,0.45372685748700614,-0.02226571220127172,0.009952193535233928
190,SJCRH30,H3K9me3,RTE-X,-0.022743382656420355,0.027196999812583784,-0.04290899574859473,-0.0025592457093444676
191,SJCRH30,H3K9me3,ERVK,0.02197950954692299,0.061416193387507576,-0.00105423239748953,0.04498994123152623
192,SJCRH30,H3K9me3,TcMar-Tc2,0.007496300669791288,0.5449893381610819,-0.016777233981446628,0.031761004330637124
193,SJCRH30,H3K9me3,SVA,-0.024928934320606364,0.0814150455712047,-0.05293424387491516,0.003115557688495529
194,SJCRH30,H3K9me3,RTE-BovB,0.0030171676659540244,0.838057511242456,-0.025912946138068327,0.031942231859623665
195,SJCRH30,H3K9me3,tRNA-RTE,-0.01435061101437304,0.3718164180918464,-0.04581892793123738,0.017146158988101467
196,SJCRH30,H3K9me3,hAT-Ac,-0.010225176243365018,0.5731798171983158,-0.045771410716723956,0.025346919465018516
197,SJCRH30,H3K9me3,hAT,-0.010189663409162369,0.5971163552015466,-0.04794378169632467,0.027593528417294406
198,SJCRH30,H3K9me3,MULE-MuDR,0.009656619600640678,0.6428774463595682,-0.031157668072532473,0.05043875750683575
199,SJCRH30,H3K9me3,PiggyBac,-0.02766354636286733,0.2059531507931875,-0.07044431620710287,0.015218800971132589
200,SJCRH30,H3K9me3,5S-Deu-L2,-0.035292550410928616,0.1256863883418395,-0.08033894797926457,0.009897713519367706
201,SJCRH30,H3K9me3,Helitron,-0.04254963413635569,0.08007513692387157,-0.0900290306805999,0.005122730142184317
202,SJCRH30,H3K9me3,hAT-Tag1,0.0430279938414761,0.07761374802470668,-0.0047857384889598295,0.09064543327739309
203,SJCRH30,H3K9me3,tRNA,-0.008780528285045709,0.733586762504269,-0.05928447595452786,0.041768254692330864
204,SJCRH30,H3K9me3,Penelope,0.021187844764382045,0.5885972590974924,-0.05557732018100898,0.09770399266618444
205,SJCRH30,H3K9me3,TcMar-Tc1,-0.009514184712105732,0.8082657969617387,-0.08617803000502176,0.06726167041373007
206,SJCRH30,H3K9me3,Dong-R4,-0.09883894476304855,0.04097104901219125,-0.19205194681618115,-0.0038585539645927566
207,SJCRH30,H3K9me3,tRNA-Deu,0.00026190494772803687,0.995740414106077,-0.0956555832524579,0.09617457425246966
208,SJCRH30,H3K9me3,Kolobok,-0.016462282923676977,0.7575790776855333,-0.12049766588963852,0.08793077659054942
209,SJCRH30,H3K9me3,PIF-Harbinger,-0.09997618100758728,0.06208539114256385,-0.20307962948311475,0.00531994537426838
210,SJCRH30,H3K9me3,Crypton,0.05608400211101607,0.34719537789100074,-0.06100356217835119,0.17164900682436784
211,SJCRH30,H3K9me3,Merlin,0.028365283586238067,0.682052162134239,-0.10714068170277775,0.16283669036527565
212,SJCRH30,H3K9me3,TcMar,0.03620664736618433,0.6080576683144681,-0.10205675634670965,0.1730976840874045
213,SJCRH30,H3K9me3,L1-Tx1,0.128409195674098,0.1348054148635729,-0.040866812145282504,0.29051959384966847
214,SJCRH30,H3K9me3,Crypton-A,-0.008018011165243578,0.9275782091889254,-0.17929961487988033,0.1637353737147387
215,SJCRH30,H3K9me3,I-Jockey,0.07505328514502826,0.4379613429816238,-0.11493163658399747,0.2597414362637735
216,SJCRH30,H3K9me3,hAT-Tip100?,0.24645979020979022,0.04780338609270376,-0.0010272058289431856,0.46549800645188816
217,SJCRH30,H3K9me3,TcMar-Pogo,-0.2452346041055718,0.1761108291212906,-0.5509357334403722,0.11849231703892568
218,SJCRH30,H3K9me3,hAT?,0.1602750190985485,0.36521509319842005,-0.19025760563735947,0.4745622368186627
219,SJCRH30,H3K9me3,hAT-hAT19,-0.33529411764705885,0.20425458084551512,-0.7199043952340334,0.20685575122451663
220,SJCRH30,H3K36me3,Alu,0.00016035372187529328,0.8663329434868892,-0.001706867319369056,0.002027573644969157
221,SJCRH30,H3K36me3,L1,0.00010681098404964577,0.938207760411595,-0.002593629306284465,0.0028072497165725478
222,SJCRH30,H3K36me3,MIR,-0.0012807292972094604,0.35732060657701126,-0.004007741610499654,0.0014463020647781748
223,SJCRH30,H3K36me3,L2,-0.001080848324364307,0.5186051754629583,-0.004362674553499767,0.002201001187265224
224,SJCRH30,H3K36me3,ERVL-MaLR,-0.001926437754693266,0.33683053369175076,-0.005857627339579212,0.002004811374622863
225,SJCRH30,H3K36me3,hAT-Charlie,-0.0038672390266711624,0.06974383278710232,-0.008046526984244198,0.00031218403114686185
226,SJCRH30,H3K36me3,ERV1,-0.002318197377484879,0.4498293346395589,-0.008330459235901826,0.003694232079622668
227,SJCRH30,H3K36me3,ERVL,0.00361082001831215,0.24789842302148016,-0.002514066407909959,0.009735435538692537
228,SJCRH30,H3K36me3,TcMar-Tigger,0.000922718579599473,0.7716061484612998,-0.005307539983967218,0.007152905511215279
229,SJCRH30,H3K36me3,hAT-Tip100,-0.0035079223386675555,0.41848515981509316,-0.012005546560253726,0.00499020853081849
230,SJCRH30,H3K36me3,CR1,0.0002708925612781064,0.9542381587955446,-0.00898108418721733,0.00952282293369794
231,SJCRH30,H3K36me3,Gypsy,0.0030040467418040854,0.7068150395208923,-0.012648990651621565,0.018655612171853363
232,SJCRH30,H3K36me3,hAT-Blackjack,-0.0037238449474877866,0.6478809018798962,-0.01970258034481751,0.012256792246608389
233,SJCRH30,H3K36me3,TcMar-Mariner,0.006709231474699263,0.4145227753239421,-0.009406822046167915,0.02282180045269929
234,SJCRH30,H3K36me3,RTE-X,-0.01139792998783082,0.2683635757964626,-0.031572955147907346,0.008786379284475338
235,SJCRH30,H3K36me3,ERVK,0.003732048281824281,0.7509977808839916,-0.01931763071464495,0.0267777623225102
236,SJCRH30,H3K36me3,TcMar-Tc2,0.005613925098673687,0.6502890940589893,-0.018655228168380177,0.029876466847232115
237,SJCRH30,H3K36me3,SVA,-0.0014390681682093787,0.9199284233505912,-0.029490208221286167,0.026614336781359733
238,SJCRH30,H3K36me3,RTE-BovB,-0.00043377143373500094,0.976561673769482,-0.029364341912676013,0.028497525177782007
239,SJCRH30,H3K36me3,tRNA-RTE,-0.008059768391793872,0.6159295226945336,-0.03953358689147909,0.023430027284984153
240,SJCRH30,H3K36me3,hAT-Ac,0.020537544354462117,0.25770617153473735,-0.015033278217227884,0.05605644925470173
241,SJCRH30,H3K36me3,hAT,-0.018023367175715625,0.3498148205305851,-0.0557600605091515,0.019764745447001034
242,SJCRH30,H3K36me3,MULE-MuDR,0.008200712868152259,0.6937516242979562,-0.03261194556284835,0.048986068325746875
243,SJCRH30,H3K36me3,PiggyBac,0.00989799053646059,0.6511726716671343,-0.03300394989152794,0.05276352230144377
244,SJCRH30,H3K36me3,5S-Deu-L2,-0.027364547851370942,0.23527552603678498,-0.07245584630207157,0.01783838626568097
245,SJCRH30,H3K36me3,Helitron,-0.016203639415485888,0.5053660493390572,-0.06381201491593486,0.03147832189617627
246,SJCRH30,H3K36me3,hAT-Tag1,0.03273164040920938,0.17941559938272011,-0.0150723231730092,0.08038631330940245
247,SJCRH30,H3K36me3,tRNA,-0.031137380034431627,0.22733864108375773,-0.08155054552815916,0.019434708985766255
248,SJCRH30,H3K36me3,Penelope,0.02093041251160045,0.5934199419212516,-0.055892749343354156,0.09750720459055208
249,SJCRH30,H3K36me3,TcMar-Tc1,-0.036626396755108516,0.3496933134647311,-0.1130008949778091,0.04017837412944448
250,SJCRH30,H3K36me3,Dong-R4,-0.023398344636035195,0.629295160281542,-0.11793644391971862,0.0715600875289162
251,SJCRH30,H3K36me3,tRNA-Deu,-0.023032847793231913,0.6386695327996381,-0.11869831086256241,0.07305629491148934
252,SJCRH30,H3K36me3,Kolobok,-0.06052295249839486,0.25674011882523257,-0.1639638815258634,0.044234477252359
253,SJCRH30,H3K36me3,PIF-Harbinger,-0.06355238925679696,0.23633602213418134,-0.1675188849837888,0.04181210657536691
254,SJCRH30,H3K36me3,Crypton,0.011281340863421144,0.8501339057271918,-0.10545857597514116,0.12771453763249124
255,SJCRH30,H3K36me3,Merlin,-0.02521507577594452,0.715744314621535,-0.1597606544667244,0.11025024070787466
256,SJCRH30,H3K36me3,TcMar,-0.0789920179567321,0.26260104334754647,-0.21457602499219455,0.059578828769300804
257,SJCRH30,H3K36me3,L1-Tx1,0.017900793065513395,0.835525483321697,-0.15027908576531437,0.18507378288859522
258,SJCRH30,H3K36me3,Crypton-A,0.0449398315543296,0.6102701927235725,-0.1276550281015002,0.21489291320640172
259,SJCRH30,H3K36me3,I-Jockey,-0.01339078862014642,0.8900836643918382,-0.20099444922175225,0.17516038367213435
260,SJCRH30,H3K36me3,hAT-Tip100?,0.013636363636363637,0.9141450905199923,-0.23104208607494653,0.2566925857044557
261,SJCRH30,H3K36me3,TcMar-Pogo,-0.15835777126099704,0.3866836439898629,-0.4822658084791358,0.20364184504631738
262,SJCRH30,H3K36me3,hAT?,-0.029793735676088614,0.8671617940568104,-0.3643568830518469,0.31158102757718886
263,SJCRH30,H3K36me3,hAT-hAT19,-0.35000000000000003,0.18386882202619317,-0.7284608753339697,0.19213463475632778
264,SJCRH30,H3K27me3,Alu,0.0009314380215973864,0.3280213843796309,-0.0009350096881029571,0.0027978792417492834
265,SJCRH30,H3K27me3,L1,0.0001172056983632413,0.9322022226740243,-0.002583001444773662,0.002817411132379905
266,SJCRH30,H3K27me3,MIR,-0.00032391626642734703,0.8158745940988543,-0.003050353029821765,0.002402525312611633
267,SJCRH30,H3K27me3,L2,-0.0013292436037632607,0.4272614674615012,-0.004610881672369017,0.001952423094786147
268,SJCRH30,H3K27me3,ERVL-MaLR,-0.0018936030815225697,0.3450161246353214,-0.005823860764019685,0.0020367131027463656
269,SJCRH30,H3K27me3,hAT-Charlie,-0.0007856884798176942,0.7124691515033801,-0.004964068362787363,0.003392718837796944
270,SJCRH30,H3K27me3,ERV1,0.0003773349503789003,0.902082420973673,-0.005633803621682406,0.006388446253478629
271,SJCRH30,H3K27me3,ERVL,0.0013204839922266553,0.6725363698558162,-0.0048027242289613884,0.007443593195237639
272,SJCRH30,H3K27me3,TcMar-Tigger,-0.0026052946260845507,0.4123429384130469,-0.008833972608041734,0.003623585516064001
273,SJCRH30,H3K27me3,hAT-Tip100,0.0007343348739513144,0.8654983355581599,-0.007762872029259487,0.009231435736763858
274,SJCRH30,H3K27me3,CR1,0.0005890758721307491,0.9006906828673397,-0.008662926213907728,0.009840977109983079
275,SJCRH30,H3K27me3,Gypsy,-0.004578603030632599,0.5664118446395381,-0.020228145634222712,0.011073182616125768
276,SJCRH30,H3K27me3,hAT-Blackjack,0.012568419528311607,0.1230582659885419,-0.0034069085453375877,0.02853733396382558
277,SJCRH30,H3K27me3,TcMar-Mariner,-0.00898443060677977,0.27437462273422236,-0.02509053507039101,0.007126336823938909
278,SJCRH30,H3K27me3,RTE-X,0.004711695101318377,0.6473042881295079,-0.015472591048016394,0.024892142755412783
279,SJCRH30,H3K27me3,ERVK,0.004662722959453955,0.6915859636533321,-0.018372983866992845,0.02769348225120069
280,SJCRH30,H3K27me3,TcMar-Tc2,-0.003859702646171786,0.7552363431648439,-0.028119861398241658,0.020405000321526385
281,SJCRH30,H3K27me3,SVA,0.02622688479128624,0.06684300195390508,-0.0018258497099207223,0.054238372810020065
282,SJCRH30,H3K27me3,RTE-BovB,-0.002281891267762633,0.8771587300364833,-0.031207655201349112,0.026647691705886673
283,SJCRH30,H3K27me3,tRNA-RTE,-0.010199552058451591,0.5255519427467464,-0.04167032826270424,0.021291442700683037
284,SJCRH30,H3K27me3,hAT-Ac,0.010466436583784027,0.5640995721719255,-0.025099975084503894,0.04600638560580423
285,SJCRH30,H3K27me3,hAT,-0.01380812122553993,0.4737475381258761,-0.05154761811305185,0.023970757190246973
286,SJCRH30,H3K27me3,MULE-MuDR,0.001732727487030754,0.9336940614376048,-0.039071126467043804,0.04253081241470268
287,SJCRH30,H3K27me3,PiggyBac,-0.011318446281693133,0.6049671286655156,-0.05415990084415064,0.031564601477554105
288,SJCRH30,H3K27me3,5S-Deu-L2,-0.015885297883709463,0.4906524858192002,-0.06099285478639278,0.02928701152240171
289,SJCRH30,H3K27me3,Helitron,-0.010527202842711149,0.6652202514999934,-0.058153876029484665,0.037147281293450796
290,SJCRH30,H3K27me3,hAT-Tag1,-0.007981130632327952,0.7434559385868633,-0.055728262612221025,0.03980242200704793
291,SJCRH30,H3K27me3,tRNA,0.027706937524661947,0.28273969110383756,-0.02286403747206631,0.07813648353424575
292,SJCRH30,H3K27me3,Penelope,0.05329791915995081,0.17339661493180833,-0.023518768226537527,0.12948895125341714
293,SJCRH30,H3K27me3,TcMar-Tc1,-0.00767813892887187,0.8447408073766037,-0.08435459597785046,0.06908871372987212
294,SJCRH30,H3K27me3,Dong-R4,0.022864405625920237,0.6371403511755993,-0.07209097236598248,0.11740903751243349
295,SJCRH30,H3K27me3,tRNA-Deu,-0.023620819471679076,0.6301257717739257,-0.11927892380842636,0.07247177410012007
296,SJCRH30,H3K27me3,Kolobok,0.02177676744012967,0.6830338191293396,-0.0826583025315343,0.12573874031098958
297,SJCRH30,H3K27me3,PIF-Harbinger,-0.008829682911000399,0.8694449837549714,-0.11370640347115497,0.09624165085532992
298,SJCRH30,H3K27me3,Crypton,0.07951498837926446,0.18225576355194958,-0.037614285421182884,0.19448900669757982
299,SJCRH30,H3K27me3,Merlin,0.05079805903338318,0.46296388561882995,-0.08493970998995683,0.18468469695599155
300,SJCRH30,H3K27me3,TcMar,-0.0022192428142083086,0.9748688834141367,-0.13954804663865208,0.13519331876553187
301,SJCRH30,H3K27me3,L1-Tx1,-0.007952796606344629,0.9265124041740207,-0.17543688361839874,0.1599786770231263
302,SJCRH30,H3K27me3,Crypton-A,-0.03790672255951708,0.667298480451977,-0.2081388185142729,0.1345543382814957
303,SJCRH30,H3K27me3,I-Jockey,0.028282828282828285,0.7703359034915958,-0.16071076855758912,0.21527576797062373
304,SJCRH30,H3K27me3,hAT-Tip100?,0.188986013986014,0.1316280271829661,-0.059771639098046475,0.41564324347729736
305,SJCRH30,H3K27me3,TcMar-Pogo,-0.14186217008797652,0.4386381608883686,-0.4688600797129276,0.21933486627191662
306,SJCRH30,H3K27me3,hAT?,0.21558441558441557,0.22076204838117974,-0.13621401518730347,0.5191001870118752
307,SJCRH30,H3K27me3,hAT-hAT19,0.011764705882352941,0.9655081698956276,-0.48679378978142623,0.5045417383784665
308,SJCRH30,H3K4me3,Alu,0.000474021720368415,0.6188518710836827,-0.0013935281455659102,0.00234156827977645
309,SJCRH30,H3K4me3,L1,-0.002153809722037115,0.11801053710114258,-0.004854298488827002,0.0005467104591799865
310,SJCRH30,H3K4me3,MIR,-0.0005654310725355633,0.6844775806401147,-0.0032926150767007842,0.0021617613424823475
311,SJCRH30,H3K4me3,L2,0.0024506009105409953,0.1433299532454843,-0.0008313204616585739,0.0057324694923891846
312,SJCRH30,H3K4me3,ERVL-MaLR,-0.0001741472909277758,0.9308183548756686,-0.004105722800948312,0.003757433602789257
313,SJCRH30,H3K4me3,hAT-Charlie,-0.0022058881442854616,0.30092862930142883,-0.006385322265917322,0.001973623042592835
314,SJCRH30,H3K4me3,ERV1,-0.0026155717424851898,0.393819065405701,-0.008627307124822412,0.003396352705650773
315,SJCRH30,H3K4me3,ERVL,-0.0002756893154244719,0.9296998179101548,-0.00640036986863866,0.005849011921017473
316,SJCRH30,H3K4me3,TcMar-Tigger,-0.0005500328212598189,0.8626325426369759,-0.006780551569386238,0.005680528631020673
317,SJCRH30,H3K4me3,hAT-Tip100,0.0036451306719453764,0.40053071775640325,-0.004853243502149522,0.012142978351758362
318,SJCRH30,H3K4me3,CR1,-0.0016272008970419263,0.7303314749203118,-0.010879512735795087,0.007625389544796328
319,SJCRH30,H3K4me3,Gypsy,-0.005783784706204637,0.46891907269605193,-0.021433384467099102,0.009868648675553548
320,SJCRH30,H3K4me3,hAT-Blackjack,-0.004755053405131093,0.5597844534939279,-0.02073395177903031,0.01122627356259064
321,SJCRH30,H3K4me3,TcMar-Mariner,-0.01652081436849753,0.0445591663277575,-0.0326324377993204,-0.0004006069333610611
322,SJCRH30,H3K4me3,RTE-X,0.016667454980878328,0.1055484220413367,-0.0035178325553560322,0.03683916571075621
323,SJCRH30,H3K4me3,ERVK,-0.002868930092254984,0.8071371094253367,-0.025897694219779856,0.02016287738728873
324,SJCRH30,H3K4me3,TcMar-Tc2,-0.00225096622408294,0.8557891245766757,-0.026521550309293106,0.022022270078322477
325,SJCRH30,H3K4me3,SVA,-0.025199727969108247,0.07849534680657488,-0.053236090917899714,0.0028763321510017264
326,SJCRH30,H3K4me3,RTE-BovB,0.0060892338236017115,0.6800541123604558,-0.022849149941899127,0.03501742218935406
327,SJCRH30,H3K4me3,tRNA-RTE,-0.02791583799047156,0.08229457180122544,-0.05935718473127937,0.003580841869989968
328,SJCRH30,H3K4me3,hAT-Ac,-0.012877493313006243,0.478074535398341,-0.0484245910794128,0.02270218358486828
329,SJCRH30,H3K4me3,hAT,-0.01443909944978276,0.4538598760788144,-0.05218419600385179,0.023347193145273833
330,SJCRH30,H3K4me3,MULE-MuDR,-0.010870414836172022,0.60177341620909,-0.051658606315840225,0.02995398273708013
331,SJCRH30,H3K4me3,PiggyBac,0.030692685331112576,0.16072013151744627,-0.012210088819080256,0.07348266142461789
332,SJCRH30,H3K4me3,5S-Deu-L2,-0.009325278764333216,0.6857627317886255,-0.05445179233294489,0.03583925014203208
333,SJCRH30,H3K4me3,Helitron,0.02226591622555655,0.3601652394876197,-0.025435604869486945,0.06986627276826007
334,SJCRH30,H3K4me3,hAT-Tag1,0.015246042766934366,0.5318286065615543,-0.03254805240015861,0.06297057082184007
335,SJCRH30,H3K4me3,tRNA,0.0017292793273901038,0.9465573893931651,-0.04880430175749659,0.0522540300057232
336,SJCRH30,H3K4me3,Penelope,0.0022015477677247005,0.9552220454026212,-0.07453616020665625,0.07891333597210345
337,SJCRH30,H3K4me3,TcMar-Tc1,0.013403806525055463,0.7324425757236442,-0.06338984467139817,0.09003966262277897
338,SJCRH30,H3K4me3,Dong-R4,-0.09722098022931623,0.0444094599833513,-0.19047079746941203,-0.0022324267998501224
339,SJCRH30,H3K4me3,tRNA-Deu,0.032742308287941294,0.5043937579537614,-0.06339747215821562,0.12827996900562255
340,SJCRH30,H3K4me3,Kolobok,0.0160560102517271,0.7637085030147245,-0.08848184329237808,0.1202440226091738
341,SJCRH30,H3K4me3,PIF-Harbinger,-0.00486196805574033,0.9278869241544604,-0.10978663802994974,0.10016986641447184
342,SJCRH30,H3K4me3,Crypton,0.0006181375317631907,0.9917399203201265,-0.11598775184697308,0.11720721977719309
343,SJCRH30,H3K4me3,Merlin,0.15047032756150314,0.028875629874415297,0.014954389811665757,0.280558091913883
344,SJCRH30,H3K4me3,TcMar,-0.08246643305690834,0.24212023179529119,-0.21792818216854906,0.05611266351426391
345,SJCRH30,H3K4me3,L1-Tx1,0.1844218062791714,0.030977321454085587,0.015806344124100216,0.34283803935489593
346,SJCRH30,H3K4me3,Crypton-A,0.0379707812372687,0.6667697324907726,-0.1344915547987833,0.2082003908860634
347,SJCRH30,H3K4me3,I-Jockey,0.06742655916967845,0.48603341340283335,-0.12243836433841489,0.2525304599382637
348,SJCRH30,H3K4me3,hAT-Tip100?,-0.12561188811188811,0.31875411774730655,-0.3593806192542611,0.12299091074319102
349,SJCRH30,H3K4me3,TcMar-Pogo,-0.24340175953079177,0.17946662035965438,-0.5495206710253921,0.12033456246298137
350,SJCRH30,H3K4me3,hAT?,-0.12452253628724218,0.48288835516812767,-0.4450848765618063,0.2243288124367735
351,SJCRH30,H3K4me3,hAT-hAT19,-0.09999999999999999,0.7125163701282782,-0.56848990775716,0.41746509450285557
352,BE2C,H3K4me1,Alu,0.0001042543812535056,0.912944048839398,-0.0017647884003039148,0.0019732964344231795
353,BE2C,H3K4me1,L1,-0.0009852962411990556,0.4750545952428489,-0.003688910556553271,0.0017183324783514742
354,BE2C,H3K4me1,MIR,0.0015785573670162754,0.25682589083050444,-0.0011499459360230883,0.004307037166331897
355,BE2C,H3K4me1,L2,-0.001403262393749936,0.4021831080056527,-0.004686330673262447,0.0018798361363330553
356,BE2C,H3K4me1,ERVL-MaLR,-0.00233518844346363,0.2448545263831848,-0.0062707468370653665,0.0016004422895544667
357,BE2C,H3K4me1,hAT-Charlie,-0.00024080563569741717,0.9101440703628845,-0.004422809619760974,0.003941206771358886
358,BE2C,H3K4me1,ERV1,-0.003225067620561892,0.2943423327621455,-0.009252664613697675,0.0028027637299561153
359,BE2C,H3K4me1,ERVL,-0.001037527868191508,0.7401035194645522,-0.007167714883507896,0.0050927371271204435
360,BE2C,H3K4me1,TcMar-Tigger,-0.003634097417939969,0.25327214680703125,-0.009868500971752993,0.0026005886510593467
361,BE2C,H3K4me1,hAT-Tip100,-0.002207330191343754,0.6108581542163047,-0.010709092167975382,0.006294750890280764
362,BE2C,H3K4me1,CR1,0.002849195535410819,0.5462502070122186,-0.006405730640928117,0.012103633645484457
363,BE2C,H3K4me1,Gypsy,0.01903543591064211,0.017216907840871997,0.0033721231635283054,0.034689410559009766
364,BE2C,H3K4me1,hAT-Blackjack,0.007895557719777298,0.33342959184009313,-0.008104189403979518,0.023891263214941505
365,BE2C,H3K4me1,TcMar-Mariner,-0.00609997296052618,0.4585660669972005,-0.022226972013894182,0.010030199798492687
366,BE2C,H3K4me1,RTE-X,0.0012842655785044587,0.9008216610145878,-0.018911789142924424,0.02147927269845196
367,BE2C,H3K4me1,ERVK,-0.022643909932950904,0.05472600490683116,-0.04572525711502693,0.00046160192098076665
368,BE2C,H3K4me1,TcMar-Tc2,0.004572248033112467,0.7120984454107582,-0.019709517363884734,0.028848622881704804
369,BE2C,H3K4me1,SVA,0.0072352574836289886,0.6134499268142517,-0.020836034406676248,0.0352951506788617
370,BE2C,H3K4me1,RTE-BovB,0.014448116003932166,0.32786450703154624,-0.014496697806619354,0.04336873567179657
371,BE2C,H3K4me1,tRNA-RTE,0.01572453746867782,0.3279079117792336,-0.015780755746133034,0.04719863804392435
372,BE2C,H3K4me1,hAT-Ac,0.0220337509534577,0.22486037201465103,-0.013554851720987485,0.057566600363730805
373,BE2C,H3K4me1,hAT,0.0043256768367760596,0.8225960918133994,-0.03347965347720133,0.04211864607568294
374,BE2C,H3K4me1,MULE-MuDR,0.019296603902646908,0.3548530715987357,-0.021587306604982662,0.06011608375965899
375,BE2C,H3K4me1,PiggyBac,-0.04787813068098914,0.028843463648211255,-0.09065453440023744,-0.004925383615045916
376,BE2C,H3K4me1,5S-Deu-L2,-0.01722543352731509,0.4552842841061777,-0.06237666554365999,0.027996161516844555
377,BE2C,H3K4me1,Helitron,-0.03954678299404938,0.10494714165402734,-0.08719657391357508,0.00828355286992649
378,BE2C,H3K4me1,hAT-Tag1,0.0029766061128935328,0.9029671224492983,-0.044854350728506735,0.05079394694927736
379,BE2C,H3K4me1,tRNA,-0.03633209539321929,0.15917983197192415,-0.08675222545831333,0.014273686057649169
380,BE2C,H3K4me1,Penelope,-0.02718609927947857,0.4886609676008449,-0.10382617236526968,0.04977491442290004
381,BE2C,H3K4me1,TcMar-Tc1,-0.02776696509388115,0.47907832694987806,-0.1043430778478777,0.04913643729598741
382,BE2C,H3K4me1,Dong-R4,0.060031596302067614,0.2151865480796084,-0.03503961732780193,0.15402602499367482
383,BE2C,H3K4me1,tRNA-Deu,-0.13027865191255505,0.0076542553239121215,-0.22378917800003842,-0.03439151288471492
384,BE2C,H3K4me1,Kolobok,-0.016764921153372025,0.752926116795884,-0.1206496907240972,0.0874830712767906
385,BE2C,H3K4me1,PIF-Harbinger,0.07595167461646686,0.15681948411542782,-0.029413450235978415,0.17964748561380478
386,BE2C,H3K4me1,Crypton,0.02365653366741852,0.6919142791490547,-0.09321429654823729,0.13988432043942112
387,BE2C,H3K4me1,Merlin,0.06225492794928655,0.36822333547473485,-0.07356199733275662,0.1958046673689458
388,BE2C,H3K4me1,TcMar,0.07003943807878586,0.3231520027428946,-0.06919423963944413,0.20659661632649928
389,BE2C,H3K4me1,L1-Tx1,-0.06686603109102085,0.4375452292873918,-0.23215894873176218,0.10218043474040588
390,BE2C,H3K4me1,Crypton-A,0.006397860440442363,0.9421834888314511,-0.1653107681913376,0.17773003363124162
391,BE2C,H3K4me1,I-Jockey,0.06207951070336391,0.5213434511137381,-0.12769153343696255,0.24746562769777605
392,BE2C,H3K4me1,hAT-Tip100?,0.2173099078341014,0.08711534835566369,-0.03515464729165138,0.4437021002506933
393,BE2C,H3K4me1,TcMar-Pogo,-0.4241202346041055,0.01555591734605422,-0.6819103181194192,-0.0726065530241506
394,BE2C,H3K4me1,hAT?,-0.1891711229946524,0.2917176880397182,-0.5023941091667726,0.16794243512964796
395,BE2C,H3K4me1,hAT-hAT19,-0.5235294117647059,0.03741264813014936,-0.8213127166664773,-0.0015411380896998637
396,BE2C,H3K9me3,Alu,-0.0005471802669922641,0.5659776186312859,-0.002415609642561967,0.0013212529290300239
397,BE2C,H3K9me3,L1,0.0008474766229805552,0.5389124817975175,-0.0018557555609439583,0.0035506964211426896
398,BE2C,H3K9me3,MIR,0.0014623183386993392,0.2934731047473019,-0.0012659098970944273,0.004190524805878821
399,BE2C,H3K9me3,L2,-0.0027241931145164278,0.10386994271428125,-0.006007100169644434,0.0005587726619643961
400,BE2C,H3K9me3,ERVL-MaLR,0.0006541008072642163,0.7445823679113803,-0.0032809713631630644,0.004589152720555926
401,BE2C,H3K9me3,hAT-Charlie,-0.0004772865969733967,0.8229910871645767,-0.004659047938485451,0.0037044914373526435
402,BE2C,H3K9me3,ERV1,0.002751630131009358,0.3707674121963692,-0.003273946005618659,0.008777006462755185
403,BE2C,H3K9me3,ERVL,-0.0026104568442333253,0.40391144317596306,-0.008740228572739277,0.003519511063028353
404,BE2C,H3K9me3,TcMar-Tigger,0.003535909019233835,0.26628664654752476,-0.0026983034196683127,0.00976984661774643
405,BE2C,H3K9me3,hAT-Tip100,0.0017886004281424778,0.6800990193925387,-0.006713301077093438,0.010290243372004937
406,BE2C,H3K9me3,CR1,-0.009233761297282313,0.05051422611943349,-0.0184868077384449,2.0866717377034336e-05
407,BE2C,H3K9me3,Gypsy,0.00824800720638146,0.30204533182525944,-0.007416116899582698,0.02390808454169977
408,BE2C,H3K9me3,hAT-Blackjack,-0.0015395921954311422,0.8503951286390111,-0.017536578027340956,0.014458181651396616
409,BE2C,H3K9me3,TcMar-Mariner,-0.012267018316560912,0.1359970047749399,-0.02838831475867563,0.003860657911784919
410,BE2C,H3K9me3,RTE-X,0.0007406461722388767,0.9426921704296922,-0.019450916274473873,0.020931604714987898
411,BE2C,H3K9me3,ERVK,-0.004031661636712481,0.732410344311917,-0.02713635376457047,0.01907733578125
412,BE2C,H3K9me3,TcMar-Tc2,0.012814959336220177,0.30081521240016207,-0.011461604346645827,0.037076424901621316
413,BE2C,H3K9me3,SVA,0.019745958494890394,0.1676667578530918,-0.008307946452170409,0.047768804751062835
414,BE2C,H3K9me3,RTE-BovB,0.007571529085885144,0.6081056825630083,-0.02136765651500228,0.03649803756068595
415,BE2C,H3K9me3,tRNA-RTE,0.011851644491468898,0.4609636094664499,-0.019656398301909708,0.0433361699449692
416,BE2C,H3K9me3,hAT-Ac,0.007634553866127872,0.6741736878991081,-0.027953081270512412,0.043202860363068966
417,BE2C,H3K9me3,hAT,-0.027438584240889196,0.15481898083965268,-0.06517074846795239,0.010371930725012014
418,BE2C,H3K9me3,MULE-MuDR,-0.023805432526618712,0.25367944057013525,-0.06461144179556509,0.017080054490786048
419,BE2C,H3K9me3,PiggyBac,0.027311827857634592,0.2128768837918668,-0.015673497373457378,0.07019638431385013
420,BE2C,H3K9me3,5S-Deu-L2,-0.022896950108550352,0.3209429083225611,-0.06802890546445886,0.022328524853114123
421,BE2C,H3K9me3,Helitron,-0.004927677978816591,0.8397711554421954,-0.05265485146809568,0.042821955969209693
422,BE2C,H3K9me3,hAT-Tag1,0.06494146369078296,0.007753084443504536,0.01711990455108812,0.11246658440861952
423,BE2C,H3K9me3,tRNA,-0.029224842783602503,0.25766536593806155,-0.07969752077093674,0.021397303873966222
424,BE2C,H3K9me3,Penelope,0.020392632210055023,0.602947709857702,-0.056428636717850394,0.09697385887058821
425,BE2C,H3K9me3,TcMar-Tc1,0.01038363646275244,0.7912889917417287,-0.06645529120349479,0.08710013173313946
426,BE2C,H3K9me3,Dong-R4,-0.05138900862408103,0.2888099391657011,-0.14552866198494932,0.04367284989238798
427,BE2C,H3K9me3,tRNA-Deu,-0.0722139635264155,0.14050268848206388,-0.16709437975985988,0.02399170675119125
428,BE2C,H3K9me3,Kolobok,0.041430971571177436,0.43645088728115367,-0.06297310886055105,0.14493805953858632
429,BE2C,H3K9me3,PIF-Harbinger,-0.014132390548225949,0.7924882955938346,-0.11894121198180228,0.09098790127737182
430,BE2C,H3K9me3,Crypton,0.01667330028395762,0.7800404594644089,-0.10012691468128447,0.13302023072732336
431,BE2C,H3K9me3,Merlin,0.03714077123944631,0.5916260419876269,-0.09846793509940521,0.17139523422248384
432,BE2C,H3K9me3,TcMar,0.09660906429528499,0.1724665612904592,-0.042675947226218265,0.23221034004598637
433,BE2C,H3K9me3,L1-Tx1,-0.09372538817406857,0.2759881662819077,-0.25774162177393767,0.07554105749120518
434,BE2C,H3K9me3,Crypton-A,-0.09666988295033022,0.2720263984610593,-0.26419695298777923,0.07651965060755811
435,BE2C,H3K9me3,I-Jockey,-0.01899731257529423,0.8445562826442775,-0.20637805995665645,0.16972753916069055
436,BE2C,H3K9me3,hAT-Tip100?,-0.046610983102918585,0.7167901678063662,-0.29114096001101053,0.2036359342690742
437,BE2C,H3K9me3,TcMar-Pogo,-0.15175953079178883,0.4070226940104208,-0.4769175634471254,0.20993637349635644
438,BE2C,H3K9me3,hAT?,0.17814171122994654,0.3212704427573754,-0.17866543321671666,0.49353993348121494
439,BE2C,H3K9me3,hAT-hAT19,-0.3323529411764706,0.2084998279822084,-0.7181802799973548,0.20977370243911628
440,BE2C,H3K36me3,Alu,-0.0003680967478594654,0.699421643443213,-0.002236661133882643,0.001500470208611381
441,BE2C,H3K36me3,L1,0.002007838754010494,0.14550301065584398,-0.0006957166412374921,0.0047113647980214805
442,BE2C,H3K36me3,MIR,0.0006165254789401299,0.6578136158661281,-0.0021115731990401718,0.0033446149799384434
443,BE2C,H3K36me3,L2,0.0012290481080114127,0.46311133071405275,-0.00205401282602205,0.004512082547655403
444,BE2C,H3K36me3,ERVL-MaLR,0.00047540990115568023,0.8128195709318925,-0.0034596521669303048,0.004410457246121215
445,BE2C,H3K36me3,hAT-Charlie,0.0019449341014394573,0.3619796486526382,-0.002236734715893127,0.0061265349000083555
446,BE2C,H3K36me3,ERV1,0.000959592090569433,0.7549914865125534,-0.0050672308104468015,0.006986345282579412
447,BE2C,H3K36me3,ERVL,0.0007086964563520899,0.8207446180484002,-0.005421438883960746,0.00683877853351736
448,BE2C,H3K36me3,TcMar-Tigger,-0.0014089962570840696,0.657791551583733,-0.007643191833358962,0.004825308843159481
449,BE2C,H3K36me3,hAT-Tip100,0.007000691386501295,0.10654679583477125,-0.0015012147627529637,0.015501585552958904
450,BE2C,H3K36me3,CR1,0.0030532394853570715,0.5178720537829802,-0.006201283123355464,0.012307239122098487
451,BE2C,H3K36me3,Gypsy,0.00885645604929234,0.2677932845016216,-0.00680819535224419,0.024516761898263142
452,BE2C,H3K36me3,hAT-Blackjack,0.005780463781882517,0.4788129969281867,-0.010216957184958133,0.021774926553561492
453,BE2C,H3K36me3,TcMar-Mariner,-0.005984908225340729,0.4671162974215083,-0.022113046165693193,0.010146343978524956
454,BE2C,H3K36me3,RTE-X,-0.0123618869950391,0.2302348650627615,-0.03254794503352566,0.007834251982878376
455,BE2C,H3K36me3,ERVK,0.007623971145686363,0.5177823986663947,-0.015479796220666846,0.030719601796893172
456,BE2C,H3K36me3,TcMar-Tc2,-0.01989954163495053,0.10823512150004964,-0.04416191746858698,0.004386294385381864
457,BE2C,H3K36me3,SVA,0.033700144117802026,0.01852368584793909,0.005648082788827098,0.06169920695178021
458,BE2C,H3K36me3,RTE-BovB,0.017921913966069805,0.22481040600992708,-0.011020213010685847,0.04683403796632347
459,BE2C,H3K36me3,tRNA-RTE,-0.003806418665196557,0.812803504879978,-0.035297832684359064,0.027692546994293868
460,BE2C,H3K36me3,hAT-Ac,0.011205348498701627,0.5373181345484712,-0.024396752360657446,0.0467790626693961
461,BE2C,H3K36me3,hAT,-0.01774975506380515,0.35735824357003865,-0.055501129300373056,0.02005229575707109
462,BE2C,H3K36me3,MULE-MuDR,0.0020361574943071705,0.9222517510481346,-0.03883908849661938,0.04290460062362192
463,BE2C,H3K36me3,PiggyBac,-0.005443494411688996,0.8038613825970209,-0.04837081487021521,0.03750389807361728
464,BE2C,H3K36me3,5S-Deu-L2,-0.045506241164682236,0.04845699752470652,-0.09053974012284718,-0.00028702164383258966
465,BE2C,H3K36me3,Helitron,-0.027187824128748088,0.26496139392274815,-0.07488115627518045,0.020629607365005256
466,BE2C,H3K36me3,hAT-Tag1,-0.0038009204558788535,0.876288427156009,-0.051616176087622014,0.04403172182559226
467,BE2C,H3K36me3,tRNA,-0.03672492577791607,0.15485414360144276,-0.08715972179199902,0.01389765120595901
468,BE2C,H3K36me3,Penelope,-0.027099694921183356,0.48937570180439516,-0.1036232545929841,0.04974280557340528
469,BE2C,H3K36me3,TcMar-Tc1,-0.004522757489687208,0.9083059185526787,-0.08133775133409277,0.07234564801197593
470,BE2C,H3K36me3,Dong-R4,-0.029525365565922484,0.5424104523091573,-0.12398563956291975,0.06546522331992438
471,BE2C,H3K36me3,tRNA-Deu,-0.046298846854234264,0.3450398621236249,-0.14163569650055052,0.04988897030714272
472,BE2C,H3K36me3,Kolobok,-0.004793330295687163,0.9282909824356667,-0.10882768705764147,0.09934489028092383
473,BE2C,H3K36me3,PIF-Harbinger,-0.006489422779367102,0.9038504297110387,-0.11139472095446018,0.09855890994133062
474,BE2C,H3K36me3,Crypton,0.09635797866658834,0.1057523357879901,-0.020740971525102028,0.21084901427916639
475,BE2C,H3K36me3,Merlin,0.04552088609570165,0.5107681166496407,-0.090171475331156,0.17955400796117174
476,BE2C,H3K36me3,TcMar,0.10076751854447036,0.1546371620950592,-0.038511978615103484,0.23620629110210256
477,BE2C,H3K36me3,L1-Tx1,-0.04134847507858582,0.6314106438144149,-0.20769336905915403,0.1273206413141608
478,BE2C,H3K36me3,Crypton-A,-0.03846189776669773,0.6627214481355198,-0.20867241213310717,0.13401018027557526
479,BE2C,H3K36me3,I-Jockey,-0.18224446297840793,0.057871727255541475,-0.3594428863693552,0.007639273118849866
480,BE2C,H3K36me3,hAT-Tip100?,-0.06317204301075269,0.622815815547611,-0.306373993605228,0.18777157916810366
481,BE2C,H3K36me3,TcMar-Pogo,-0.12536656891495598,0.4941836141539302,-0.455337232490623,0.23488530512714054
482,BE2C,H3K36me3,hAT?,-0.13870320855614976,0.44141940138798075,-0.4614554118473935,0.21647296309364156
483,BE2C,H3K36me3,hAT-hAT19,-0.36470588235294116,0.16486839724475402,-0.7369104267511842,0.1771881310241002
484,BE2C,H3K27me3,Alu,-0.00037129551795196474,0.6969180371174706,-0.002239727431910138,0.0014971389884235514
485,BE2C,H3K27me3,L1,0.0009134056990613658,0.5078341372909676,-0.0017900144430585063,0.003616812490020619
486,BE2C,H3K27me3,MIR,0.0002098850237406897,0.8801362952158708,-0.0025180739038480524,0.0029378408275049605
487,BE2C,H3K27me3,L2,0.00024529048897131456,0.8835732691193129,-0.003037666694878121,0.0035282423854414223
488,BE2C,H3K27me3,ERVL-MaLR,-0.00042822591259479966,0.8310972156034727,-0.004363171015810114,0.0035067324517903844
489,BE2C,H3K27me3,hAT-Charlie,0.0011398145814954968,0.5931337566686634,-0.0030413436140583547,0.005320932924709237
490,BE2C,H3K27me3,ERV1,0.001917792047583936,0.5327391977655827,-0.004107572094798225,0.007943016941741465
491,BE2C,H3K27me3,ERVL,0.0032685270916972373,0.29597146090872484,-0.0028611779444063013,0.0093979865164263
492,BE2C,H3K27me3,TcMar-Tigger,0.004701142894824732,0.13937677889832906,-0.001532565422835905,0.01093448586127844
493,BE2C,H3K27me3,hAT-Tip100,-0.002884754314968936,0.506037597939605,-0.011386365348362048,0.005617273747376225
494,BE2C,H3K27me3,CR1,0.0004911698014101102,0.9171537661620599,-0.008763402736875724,0.009745658205889686
495,BE2C,H3K27me3,Gypsy,0.007800267097340234,0.32904931399070836,-0.007863831566631767,0.02346053865441011
496,BE2C,H3K27me3,hAT-Blackjack,0.010160744083155322,0.21318392977926037,-0.005837493000515795,0.026153781165905353
497,BE2C,H3K27me3,TcMar-Mariner,-0.002559934169437441,0.7557498798086999,-0.018687678806032535,0.013569142284843523
498,BE2C,H3K27me3,RTE-X,-0.0005123273584980849,0.9603406432710149,-0.020703383314119233,0.01967914633581983
499,BE2C,H3K27me3,ERVK,0.01516554144144489,0.19829608859474787,-0.007942484780951909,0.038257379068811014
500,BE2C,H3K27me3,TcMar-Tc2,-0.020577039429905047,0.09656012295705273,-0.0448255011674384,0.0036956548505208777
501,BE2C,H3K27me3,SVA,0.01511182630395548,0.29116708195069746,-0.01295045515532509,0.04315032163156161
502,BE2C,H3K27me3,RTE-BovB,-0.0026811184888614996,0.8559157987841984,-0.0316128080250491,0.02625506019713646
503,BE2C,H3K27me3,tRNA-RTE,0.02243138552768549,0.16280272227719078,-0.009074517041664206,0.05389279682743066
504,BE2C,H3K27me3,hAT-Ac,-0.005490568131376153,0.7624174356413879,-0.041068199814241604,0.03010096897282122
505,BE2C,H3K27me3,hAT,-0.030617692109387876,0.1123038668620664,-0.06833309225000227,0.00718509613540012
506,BE2C,H3K27me3,MULE-MuDR,-0.0005158719839095192,0.980277088399639,-0.04139586290889726,0.040365843237604775
507,BE2C,H3K27me3,PiggyBac,0.03808185900870752,0.08234810119348489,-0.004900645949712037,0.0809239079417876
508,BE2C,H3K27me3,5S-Deu-L2,0.0054165792633184846,0.8144394151042822,-0.03980196969541649,0.05061298767298346
509,BE2C,H3K27me3,Helitron,0.007287462327703049,0.7652020818488287,-0.04052330307717924,0.05506493279292322
510,BE2C,H3K27me3,hAT-Tag1,-0.017716211888513703,0.46804411530867207,-0.06548893339651363,0.030137537250885412
511,BE2C,H3K27me3,tRNA,-0.0320269036128968,0.21478750348620304,-0.08248592625610379,0.018595904628202355
512,BE2C,H3K27me3,Penelope,-0.041098490672271316,0.29433637827310316,-0.117485160725674,0.03577164464151282
513,BE2C,H3K27me3,TcMar-Tc1,0.010617982965543029,0.7866909712677415,-0.06622204453052215,0.08733281521584277
514,BE2C,H3K27me3,Dong-R4,-0.03528084086099423,0.4666210540200103,-0.12966321294143635,0.059735105044293246
515,BE2C,H3K27me3,tRNA-Deu,-0.08950100453040685,0.06754310651404496,-0.18402390042352898,0.006662089238353953
516,BE2C,H3K27me3,Kolobok,0.06427335434228147,0.22705452131280432,-0.04019052433903062,0.1673473633127683
517,BE2C,H3K27me3,PIF-Harbinger,0.015688423581466326,0.7702480487114454,-0.08944540198765714,0.1204764925245226
518,BE2C,H3K27me3,Crypton,0.04491781749012897,0.45164810998454863,-0.0721158452207132,0.1607313786560483
519,BE2C,H3K27me3,Merlin,-0.03041879496298052,0.6604185247936993,-0.16484079715570682,0.10511259736813532
520,BE2C,H3K27me3,TcMar,0.06498101985029917,0.3594108416144328,-0.07422605281106219,0.20170406024646254
521,BE2C,H3K27me3,L1-Tx1,-0.09796314599012546,0.2547595575448924,-0.2617620825799518,0.07132119355469078
522,BE2C,H3K27me3,Crypton-A,-0.06507294014934702,0.4602478492016848,-0.23416000610725296,0.10783532328105942
523,BE2C,H3K27me3,I-Jockey,-0.12198128069687703,0.20638652497217436,-0.3037695154811413,0.06837675608526594
524,BE2C,H3K27me3,hAT-Tip100?,-0.04027457757296467,0.7539803055159177,-0.28528800575213237,0.20967987234958999
525,BE2C,H3K27me3,TcMar-Pogo,-0.1473607038123167,0.4209116420104123,-0.47334166279781437,0.21411986291987764
526,BE2C,H3K27me3,hAT?,0.08990641711229946,0.6187883027440202,-0.26214599918370246,0.4208389179506736
527,BE2C,H3K27me3,hAT-hAT19,-0.22352941176470587,0.40529834728275893,-0.6513918624869808,0.31219579192398966
528,SJSA1,H3K27ac,Alu,-0.0020813815468899164,0.028597353396839813,-0.003944980255164748,-0.00021776838116346656
529,SJSA1,H3K27ac,L1,-0.0014825396089801143,0.28103599057248957,-0.004178010171985531,0.0012129524972104085
530,SJSA1,H3K27ac,MIR,-0.0005409221323014262,0.697388041557368,-0.0032673911923070485,0.002185554969764075
531,SJSA1,H3K27ac,L2,0.001273587027641493,0.44668969379104007,-0.0020067875955974293,0.004553934241287515
532,SJSA1,H3K27ac,ERVL-MaLR,-0.00330561316901456,0.09888053108379388,-0.0072313940070074315,0.0006202695633381226
533,SJSA1,H3K27ac,hAT-Charlie,-0.002702670916909807,0.2046293215173865,-0.006878586757799634,0.001473339186623427
534,SJSA1,H3K27ac,ERV1,-0.0016988141859702235,0.578078181944132,-0.007685112912950813,0.0042876063004754555
535,SJSA1,H3K27ac,ERVL,-0.003585080055001036,0.2508025405013343,-0.009703457015999785,0.002533565332844896
536,SJSA1,H3K27ac,TcMar-Tigger,0.0013803596198311136,0.6638195164291508,-0.004844128093074038,0.007604740372381562
537,SJSA1,H3K27ac,hAT-Tip100,0.005729183295021271,0.1863396367911147,-0.0027681785082659567,0.014225717798538711
538,SJSA1,H3K27ac,CR1,0.005596208998995535,0.23550124024823385,-0.003649724820546567,0.01484118607807477
539,SJSA1,H3K27ac,Gypsy,-0.01930292625322815,0.01560324303368183,-0.034940250874755135,-0.0036561522746867145
540,SJSA1,H3K27ac,hAT-Blackjack,-0.010975847300502325,0.1778762142834465,-0.026937668554269985,0.004991569434937374
541,SJSA1,H3K27ac,TcMar-Mariner,-0.002581225429616001,0.7533406217853573,-0.01867901517254168,0.013517902224909065
542,SJSA1,H3K27ac,RTE-X,0.0011523531893636433,0.9108744732160088,-0.019023312258940252,0.021327080532080673
543,SJSA1,H3K27ac,ERVK,0.005744472884988646,0.6215572578930262,-0.017062785941278465,0.02854575686264568
544,SJSA1,H3K27ac,TcMar-Tc2,-0.02512730008134326,0.04232873571947061,-0.04935816434824395,-0.0008668749298325416
545,SJSA1,H3K27ac,SVA,0.004691610222897461,0.741953157194664,-0.023232658087618707,0.03260856358441723
546,SJSA1,H3K27ac,RTE-BovB,0.00698390142557423,0.6360057886557684,-0.02193607219400825,0.035892197013211634
547,SJSA1,H3K27ac,tRNA-RTE,0.017683123992402874,0.27117774198085115,-0.013818497748643053,0.049149678063710255
548,SJSA1,H3K27ac,hAT-Ac,0.0003147135042616792,0.9861523027522003,-0.03521256072044772,0.035841193291935254
549,SJSA1,H3K27ac,hAT,-0.01689570675399905,0.38087757146299284,-0.05464212772731161,0.020898935236513455
550,SJSA1,H3K27ac,MULE-MuDR,0.031542528702097346,0.1298781616613939,-0.009289475094382544,0.07226951979744983
551,SJSA1,H3K27ac,PiggyBac,0.03008784675589421,0.16831688147130017,-0.012732999178031374,0.07279853716750988
552,SJSA1,H3K27ac,5S-Deu-L2,-0.011618990079939372,0.6140694304388974,-0.05672724582876851,0.03353660527252629
553,SJSA1,H3K27ac,Helitron,0.05352194313821888,0.027561465754856972,0.005890603183542141,0.1009109691999597
554,SJSA1,H3K27ac,hAT-Tag1,-0.045295428107574025,0.06304201382113635,-0.09287232980628665,0.002487844443452383
555,SJSA1,H3K27ac,tRNA,0.03479781204714928,0.17725836774207912,-0.015774479569098235,0.0851925189040679
556,SJSA1,H3K27ac,Penelope,0.00468430344606271,0.9045372910655587,-0.07177457889783391,0.08108845528560309
557,SJSA1,H3K27ac,TcMar-Tc1,-0.038227205102327466,0.32939274496083937,-0.114643774310608,0.03863910379156063
558,SJSA1,H3K27ac,Dong-R4,-0.01734226558121979,0.7205249941820753,-0.1119521127184191,0.0775791597499626
559,SJSA1,H3K27ac,tRNA-Deu,-0.019837081649373492,0.6859219920977735,-0.11554168291455051,0.07623243918382246
560,SJSA1,H3K27ac,Kolobok,-0.052545134672939336,0.3242237262425087,-0.15599670234716964,0.05204667756659101
561,SJSA1,H3K27ac,PIF-Harbinger,0.055526200362643524,0.3009530434777161,-0.049824838783406045,0.15965521587558476
562,SJSA1,H3K27ac,Crypton,-0.00031105421833907887,0.9958433737044634,-0.11690433582999972,0.11629068494552776
563,SJSA1,H3K27ac,Merlin,0.08686460824194268,0.20778752821099916,-0.04870639307104749,0.21929286060616726
564,SJSA1,H3K27ac,TcMar,0.04584879480459666,0.515981267633695,-0.09251690825180683,0.18247733040767725
565,SJSA1,H3K27ac,L1-Tx1,-0.09545456137984949,0.26718624646376793,-0.25938265174295577,0.07381974304191481
566,SJSA1,H3K27ac,Crypton-A,0.06322591494084219,0.4731049127959537,-0.10965791650556819,0.2323965823257081
567,SJSA1,H3K27ac,I-Jockey,0.0027430265962376057,0.9774165600712621,-0.1854547296456136,0.19074667458569464
568,SJSA1,H3K27ac,hAT-Tip100?,-0.03699633699633699,0.7716351477952083,-0.2803360605176824,0.2108113681374429
569,SJSA1,H3K27ac,TcMar-Pogo,0.1979472140762463,0.2774796774561295,-0.16537609727175048,0.5139619989337192
570,SJSA1,H3K27ac,hAT?,0.020015278838808246,0.9105428625142848,-0.32035012481493585,0.3558037256414784
571,SJSA1,H3K27ac,hAT-hAT19,-0.3323529411764706,0.2084998279822084,-0.7181802799973548,0.20977370243911628
572,SJSA1,H3K9me3,Alu,-1.0179028806746817e-05,0.991454379759484,-0.001872875924730381,0.0018525179377520155
573,SJSA1,H3K9me3,L1,0.0023349161774879074,0.08951394104212804,-0.0003602824437313302,0.0050300808768404546
574,SJSA1,H3K9me3,MIR,8.612630362354798e-05,0.9506231133794504,-0.002639849551883159,0.0028121008791313056
575,SJSA1,H3K9me3,L2,-0.0007032620344354228,0.6743424712044843,-0.003983544649510061,0.0025770357152728155
576,SJSA1,H3K9me3,ERVL-MaLR,0.0015499095727921652,0.4389643372464629,-0.002375144522861137,0.005474915912944113
577,SJSA1,H3K9me3,hAT-Charlie,-0.0008244033191331997,0.6987486338307951,-0.00499945353512079,0.0033506756374933333
578,SJSA1,H3K9me3,ERV1,-0.004092792941985676,0.1801224460521449,-0.010077213248528984,0.001891920536561523
579,SJSA1,H3K9me3,ERVL,0.0024554660143232578,0.431453419383627,-0.00366197614502824,0.008572724395794424
580,SJSA1,H3K9me3,TcMar-Tigger,0.0012026909377981696,0.704878179642213,-0.005021101584643129,0.007426390287605334
581,SJSA1,H3K9me3,hAT-Tip100,-0.004432258726090679,0.3065405312545654,-0.012927533974861084,0.004063656333009564
582,SJSA1,H3K9me3,CR1,0.004704517940894724,0.31866626530313363,-0.004542123570407203,0.01395035502824306
583,SJSA1,H3K9me3,Gypsy,0.007674150895301294,0.3364209987513683,-0.007973457989886888,0.02331800246574696
584,SJSA1,H3K9me3,hAT-Blackjack,0.0075456200811841925,0.35425940979709425,-0.008419563983464058,0.02350695829098835
585,SJSA1,H3K9me3,TcMar-Mariner,-0.0038119127581774936,0.6425248590501617,-0.019905489148427172,0.012283638498286606
586,SJSA1,H3K9me3,RTE-X,0.003582975042495167,0.7278110602828498,-0.0165935056739537,0.023756538953920374
587,SJSA1,H3K9me3,ERVK,0.014355876091318111,0.21706253422929048,-0.008440555891521961,0.03713739391600603
588,SJSA1,H3K9me3,TcMar-Tc2,-0.01929168282958188,0.11896441055576021,-0.04352327411811298,0.004962593105618655
589,SJSA1,H3K9me3,SVA,-0.019111973765806832,0.1796460224605648,-0.04700202081340051,0.008807848578387553
590,SJSA1,H3K9me3,RTE-BovB,-0.0021620810499067018,0.8835234549374634,-0.031078510259085663,0.026757964319193278
591,SJSA1,H3K9me3,tRNA-RTE,-0.009397536440923462,0.5587221573382863,-0.04087759958438511,0.022101165187919113
592,SJSA1,H3K9me3,hAT-Ac,0.009595604090292417,0.5967216607581102,-0.025946777576958593,0.04511375655058219
593,SJSA1,H3K9me3,hAT,0.013981772494636283,0.46828615355184033,-0.023804235510593914,0.05172788899466364
594,SJSA1,H3K9me3,MULE-MuDR,0.0015023607909325945,0.9425179219720456,-0.03931882753163488,0.04231854274011569
595,SJSA1,H3K9me3,PiggyBac,0.016863183491309466,0.4398994874396044,-0.025932947921589497,0.05959761627229606
596,SJSA1,H3K9me3,5S-Deu-L2,0.002955297266426668,0.8979446902204129,-0.04218691408895452,0.04808546700625578
597,SJSA1,H3K9me3,Helitron,-0.01002838296009907,0.6800050748134947,-0.057628436391302974,0.037617162397415596
598,SJSA1,H3K9me3,hAT-Tag1,0.00025070723385569276,0.9917950332585552,-0.04750330069610392,0.04800357174286925
599,SJSA1,H3K9me3,tRNA,0.014618379188867566,0.5709388862054656,-0.03594014334214173,0.06510226214429879
600,SJSA1,H3K9me3,Penelope,-0.024799006204905702,0.5250995542267367,-0.10099410304720585,0.05168531233378688
601,SJSA1,H3K9me3,TcMar-Tc1,0.05493205741848843,0.1605652579724743,-0.0218840673638365,0.13110340102534285
602,SJSA1,H3K9me3,Dong-R4,-0.05524014991776241,0.2541422529961686,-0.14931638514998993,0.039827198880606644
603,SJSA1,H3K9me3,tRNA-Deu,0.061935180168545746,0.20634156290800587,-0.03427508115534053,0.15700803818359294
604,SJSA1,H3K9me3,Kolobok,-0.006929401807737277,0.8966326005605437,-0.11108556140221565,0.09737732967253723
605,SJSA1,H3K9me3,PIF-Harbinger,0.006396969800704871,0.9052137647134828,-0.09865043673352362,0.11130337947944927
606,SJSA1,H3K9me3,Crypton,0.041683383073391214,0.48491265200331357,-0.07533058904708678,0.15756495405782361
607,SJSA1,H3K9me3,Merlin,0.07923036668794366,0.25072192480354455,-0.05632966658513142,0.2119220516186184
608,SJSA1,H3K9me3,TcMar,-0.06199461869143185,0.37838983932551407,-0.19780985690215588,0.07615600016762096
609,SJSA1,H3K9me3,L1-Tx1,-0.1095399722706641,0.20258441970499427,-0.2727232252092398,0.05976963964696905
610,SJSA1,H3K9me3,Crypton-A,0.019866197437719026,0.8218065637123282,-0.15219454850040454,0.19075819851396222
611,SJSA1,H3K9me3,I-Jockey,-0.01801501251042536,0.8525004734593826,-0.2054354279772033,0.17068002938176485
612,SJSA1,H3K9me3,hAT-Tip100?,-0.14377289377289376,0.2570403210727577,-0.37739382570345203,0.10705336765901559
613,SJSA1,H3K9me3,TcMar-Pogo,-0.10740469208211142,0.5584828061999085,-0.44047892695343044,0.25165949113467634
614,SJSA1,H3K9me3,hAT?,-0.21833460656990067,0.21478629861889745,-0.5212809862367793,0.13348237308787841
615,SJSA1,H3K9me3,hAT-hAT19,-0.11470588235294117,0.672291046599723,-0.5787587984690807,0.4054620213814055
616,SJSA1,H3K36me3,Alu,-0.0018962239532199377,0.046048955409756114,-0.0037591869382889503,-3.324780582301581e-05
617,SJSA1,H3K36me3,L1,-0.0016789136993051415,0.22215464359745538,-0.004374305111911181,0.0010165021086593674
618,SJSA1,H3K36me3,MIR,0.00024051596018132012,0.8627074565283379,-0.0024854741224524185,0.00296650246826079
619,SJSA1,H3K36me3,L2,0.0019606746211843647,0.24140259222520213,-0.0013196467949961952,0.0052409538420332665
620,SJSA1,H3K36me3,ERVL-MaLR,-0.0010982484762700401,0.5834137555831995,-0.005023281036614531,0.002826817923376794
621,SJSA1,H3K36me3,hAT-Charlie,0.0009316243646177591,0.6618565612874265,-0.0032433895651246014,0.005106605816777975
622,SJSA1,H3K36me3,ERV1,0.0023359165056285325,0.4442692271673778,-0.0036487847430626682,0.008320450428681745
623,SJSA1,H3K36me3,ERVL,-0.0032511319402667464,0.2975942620275377,-0.009368488697387389,0.0028664681571733035
624,SJSA1,H3K36me3,TcMar-Tigger,-0.00040071348031872313,0.8995789442331619,-0.006624293011560228,0.005822897092706726
625,SJSA1,H3K36me3,hAT-Tip100,0.0006883883677748211,0.8738117233852433,-0.0078068199738316225,0.009183497350495274
626,SJSA1,H3K36me3,CR1,0.00923596240932696,0.05023379570857178,-9.599561528642084e-06,0.0184799455273227
627,SJSA1,H3K36me3,Gypsy,0.007946541148846794,0.3195199326755544,-0.007700087266053985,0.02358927938905172
628,SJSA1,H3K36me3,hAT-Blackjack,0.004198923400884233,0.6061765901307945,-0.011764289735469573,0.020159996811985374
629,SJSA1,H3K36me3,TcMar-Mariner,-0.00012836175053109519,0.9875296876006121,-0.016223610157729294,0.01596695316296848
630,SJSA1,H3K36me3,RTE-X,-0.006156412482195337,0.549827896193904,-0.026328549856453793,0.014020736601527159
631,SJSA1,H3K36me3,ERVK,-0.025417188881872877,0.02887985539919912,-0.04819160231387297,-0.002616361339913553
632,SJSA1,H3K36me3,TcMar-Tc2,0.007980144814063197,0.5190574148355152,-0.01627680337246049,0.0322277050102743
633,SJSA1,H3K36me3,SVA,-0.00672606052398198,0.6367863042507063,-0.03463244981375045,0.021190809236367982
634,SJSA1,H3K36me3,RTE-BovB,-0.014898614505956623,0.31268926549431786,-0.04379968504732056,0.01402737181014181
635,SJSA1,H3K36me3,tRNA-RTE,0.03434993869275036,0.0324327853519113,0.002868545065785778,0.06576331222621616
636,SJSA1,H3K36me3,hAT-Ac,-0.003468003947458571,0.848321673352121,-0.038990186427520786,0.03206293282606388
637,SJSA1,H3K36me3,hAT,0.011411675423829986,0.5538886086450188,-0.02637251285835862,0.04916330390412711
638,SJSA1,H3K36me3,MULE-MuDR,-0.003036869418993054,0.8841903458672259,-0.043876857664254594,0.03781325185042138
639,SJSA1,H3K36me3,PiggyBac,0.041172951998389745,0.05929381360664647,-0.0016326088012378862,0.08382790463799095
640,SJSA1,H3K36me3,5S-Deu-L2,0.04006210921404329,0.08197037944310315,-0.00510168766810417,0.08506279968955552
641,SJSA1,H3K36me3,Helitron,0.01482281022699424,0.5420845307601745,-0.032829361954007985,0.062407745433872786
642,SJSA1,H3K36me3,hAT-Tag1,-0.040053647668353044,0.10026057809246608,-0.08765847435779744,0.007733708644723362
643,SJSA1,H3K36me3,tRNA,0.003675346383241434,0.8867130310705638,-0.04686280589598722,0.054194730941040076
644,SJSA1,H3K36me3,Penelope,0.022279684304778134,0.5683442269485641,-0.05425493195060716,0.09855405029882386
645,SJSA1,H3K36me3,TcMar-Tc1,0.05637478027952739,0.1498437547756379,-0.02044059033739435,0.13252848846012685
646,SJSA1,H3K36me3,Dong-R4,-0.07328372223378132,0.13010003490552924,-0.16703511299384755,0.021780996724504904
647,SJSA1,H3K36me3,tRNA-Deu,-0.011763048317280813,0.8104975492429222,-0.10756007020859068,0.08425039188973338
648,SJSA1,H3K36me3,Kolobok,-0.029570569282088035,0.5792227152294722,-0.13341702214206025,0.0749181730016807
649,SJSA1,H3K36me3,PIF-Harbinger,0.02054763922028465,0.702072111194084,-0.08462601535347272,0.12526848439680718
650,SJSA1,H3K36me3,Crypton,0.10526339475588758,0.07708072529866804,-0.011798931291961289,0.21947935751396064
651,SJSA1,H3K36me3,Merlin,0.04403086442758489,0.5237223538741,-0.09132471836725589,0.17778900050916183
652,SJSA1,H3K36me3,TcMar,-0.08530894070389401,0.2262148179113683,-0.22066886549289827,0.053275019488436416
653,SJSA1,H3K36me3,L1-Tx1,-0.13486150864843569,0.1161275919617355,-0.2965852828842854,0.03438150886774128
654,SJSA1,H3K36me3,Crypton-A,0.14551729384750822,0.097237019546821,-0.02758798431111667,0.31014905673356247
655,SJSA1,H3K36me3,I-Jockey,0.1631359466221852,0.09008910195122613,-0.027017652530296716,0.34189574360858604
656,SJSA1,H3K36me3,hAT-Tip100?,-0.06968864468864468,0.5842502184283576,-0.3104596064354331,0.17948489071771878
657,SJSA1,H3K36me3,TcMar-Pogo,0.09200879765395893,0.6164857352212592,-0.2659085520430929,0.42763221979568933
658,SJSA1,H3K36me3,hAT?,-0.21130634071810545,0.23028148722056005,-0.5157014550225072,0.1404546450560948
659,SJSA1,H3K36me3,hAT-hAT19,-0.2411764705882353,0.36820660804263405,-0.6626183746983176,0.2962660669272803
660,SJSA1,H3K27me3,Alu,0.0018648270731288486,0.049795451595664585,1.6648522014332782e-06,0.003727976347078784
661,SJSA1,H3K27me3,L1,0.002905586534628489,0.034611007557138744,0.0002102827790495378,0.00560084807430214
662,SJSA1,H3K27me3,MIR,0.0005355675140638469,0.700204664712553,-0.0021905930520925592,0.0032617201196177086
663,SJSA1,H3K27me3,L2,-0.00040070794828000664,0.8107759654601658,-0.003680939511647866,0.002879532238282127
664,SJSA1,H3K27me3,ERVL-MaLR,0.0012496259177938417,0.5326638808324049,-0.002675756634188687,0.005174969960051773
665,SJSA1,H3K27me3,hAT-Charlie,-0.00039190964448420474,0.8540435656133734,-0.004567366946564147,0.0037835613230958113
666,SJSA1,H3K27me3,ERV1,-0.0007641738190532257,0.8024050386752518,-0.006749455586390317,0.005221162699727821
667,SJSA1,H3K27me3,ERVL,0.0013506275635190835,0.665231322564372,-0.0047671501414138975,0.0074683041695115466
668,SJSA1,H3K27me3,TcMar-Tigger,0.003195948911000947,0.31420892889681284,-0.003028005417255007,0.009419655639749237
669,SJSA1,H3K27me3,hAT-Tip100,-0.0015841397422665774,0.7147645259726019,-0.010079490310489787,0.006911439490524479
670,SJSA1,H3K27me3,CR1,-0.007287588992325824,0.122346753442256,-0.016531447691943514,0.0019575153745487223
671,SJSA1,H3K27me3,Gypsy,0.01501245166865563,0.060027498757729336,-0.000634501360912498,0.030652055583341723
672,SJSA1,H3K27me3,hAT-Blackjack,-0.002139000787377925,0.7928679653516112,-0.018102873083475,0.013825961816415414
673,SJSA1,H3K27me3,TcMar-Mariner,-0.0032771046221010225,0.689917129564017,-0.01937412186091965,0.012821611101291992
674,SJSA1,H3K27me3,RTE-X,0.0031650913658587553,0.7585034068320595,-0.017011261908633474,0.023338868019722393
675,SJSA1,H3K27me3,ERVK,-0.009000368907413748,0.4391659046782641,-0.031794511675578986,0.013803131154508869
676,SJSA1,H3K27me3,TcMar-Tc2,0.0180871380244104,0.1438967344620697,-0.006172822135240029,0.042325819683216484
677,SJSA1,H3K27me3,SVA,0.026510106870344843,0.06276439259937533,-0.0014169161263017198,0.05439581055814896
678,SJSA1,H3K27me3,RTE-BovB,-0.02190255180373985,0.1376843023258049,-0.05078903947483819,0.007020552022357686
679,SJSA1,H3K27me3,tRNA-RTE,0.005905718151130181,0.7132720953775683,-0.02559078166264467,0.03739050462070289
680,SJSA1,H3K27me3,hAT-Ac,0.026340773724002994,0.1461739990170391,-0.009195031523982157,0.0618101313502595
681,SJSA1,H3K27me3,hAT,0.00011002012876413422,0.9954466990451932,-0.037661728349612726,0.03788145467721445
682,SJSA1,H3K27me3,MULE-MuDR,0.009440553331518754,0.6504713426938709,-0.03139120615908372,0.05024085507455881
683,SJSA1,H3K27me3,PiggyBac,0.00044482235079781,0.9837464723248912,-0.04233037242539603,0.04321838939032183
684,SJSA1,H3K27me3,5S-Deu-L2,-0.00974221410937534,0.6724299518675054,-0.054855646957066254,0.03541091253042611
685,SJSA1,H3K27me3,Helitron,-0.010475088685669489,0.6665922031249032,-0.05807380266639881,0.03717114340323656
686,SJSA1,H3K27me3,hAT-Tag1,0.02114793733072638,0.38564114853138487,-0.02663773606839247,0.06883718111503206
687,SJSA1,H3K27me3,tRNA,-0.008194345208187853,0.750761573180664,-0.0587001654037984,0.04235331732315162
688,SJSA1,H3K27me3,Penelope,-0.015465310622935356,0.6918985503301467,-0.09173621285085569,0.06098599150757715
689,SJSA1,H3K27me3,TcMar-Tc1,-0.017985925423695242,0.6461487674739765,-0.09452804980848865,0.05876759757169541
690,SJSA1,H3K27me3,Dong-R4,0.02175106970515882,0.6536288004325836,-0.073197810135843,0.11630919428989142
691,SJSA1,H3K27me3,tRNA-Deu,0.0014985596460185449,0.9756312935935696,-0.09443015038377071,0.09739969709823962
692,SJSA1,H3K27me3,Kolobok,-0.03150792902081168,0.5546087507119803,-0.13532421603916264,0.0729926879685663
693,SJSA1,H3K27me3,PIF-Harbinger,-0.0019031904393774146,0.9717392482471509,-0.10686202471511413,0.10309759319786259
694,SJSA1,H3K27me3,Crypton,-0.02991494454040079,0.6162781686160372,-0.1460288463786413,0.08701198583813784
695,SJSA1,H3K27me3,Merlin,0.03480717919773883,0.6142918883197233,-0.10045340586166356,0.16880450438859854
696,SJSA1,H3K27me3,TcMar,0.04059485372103121,0.5652553712074342,-0.09771747351802815,0.17736873824604704
697,SJSA1,H3K27me3,L1-Tx1,-0.12859354747336477,0.1342416794323727,-0.29069303919470535,0.040681670688495784
698,SJSA1,H3K27me3,Crypton-A,0.0496267914764893,0.5734976824904998,-0.12305026266329255,0.2193871704221644
699,SJSA1,H3K27me3,I-Jockey,-0.06687980724677973,0.4895844481516669,-0.2520129160071722,0.12297588497525612
700,SJSA1,H3K27me3,hAT-Tip100?,-0.08228021978021977,0.5180425459371865,-0.32196579353325716,0.16731727284640813
701,SJSA1,H3K27me3,TcMar-Pogo,-0.16422287390029325,0.3691089876641417,-0.48700408474772505,0.19802711308636856
702,SJSA1,H3K27me3,hAT?,0.1877769289533995,0.2875736385578908,-0.16359426910800953,0.49686985349981444
703,SJSA1,H3K27me3,hAT-hAT19,-0.43529411764705883,0.09195235850572929,-0.775975117279085,0.10199791917123996
704,SJSA1,H3K4me3,Alu,-0.00025118500305335365,0.791656080055068,-0.0021148718589450517,0.0016125035977362474
705,SJSA1,H3K4me3,L1,-0.0005756077815859497,0.6755677368489499,-0.0032712238189498413,0.0021200166209370693
706,SJSA1,H3K4me3,MIR,-0.0009793706089855586,0.48139688100973155,-0.00370574008357904,0.0017470134252004024
707,SJSA1,H3K4me3,L2,0.0016385685718229882,0.3275953304685164,-0.0016419635901961307,0.004919065465932968
708,SJSA1,H3K4me3,ERVL-MaLR,0.0021187314127499085,0.2901538933054179,-0.0018070653540187723,0.00604446287304218
709,SJSA1,H3K4me3,hAT-Charlie,-0.002118366281663348,0.32009580860153697,-0.006294187396701023,0.0020575287129606726
710,SJSA1,H3K4me3,ERV1,-0.0068130901473961916,0.025714000104904718,-0.012799373147727125,-0.0008263187824295306
711,SJSA1,H3K4me3,ERVL,0.004133569204033194,0.18544620015177593,-0.0019847493474220586,0.010251578295266925
712,SJSA1,H3K4me3,TcMar-Tigger,0.004019766052140775,0.20564389889083748,-0.002205291083218763,0.010244511655444943
713,SJSA1,H3K4me3,hAT-Tip100,-0.0028588320888213235,0.5096404532253079,-0.011355890618616386,0.005638639279779465
714,SJSA1,H3K4me3,CR1,-0.0003837176315132095,0.9351798453948463,-0.009630693997087143,0.008863324355294563
715,SJSA1,H3K4me3,Gypsy,0.005941192929989938,0.45676339234698404,-0.0097062685538629,0.02158574553240587
716,SJSA1,H3K4me3,hAT-Blackjack,-0.006418322310395904,0.4307659135438193,-0.02238172468041093,0.009548352029799744
717,SJSA1,H3K4me3,TcMar-Mariner,-0.0014305234678123214,0.8617835274788014,-0.017533013035925818,0.014672707977344757
718,SJSA1,H3K4me3,RTE-X,-0.001960768903444632,0.8489547005618685,-0.02213619800234883,0.01821625658178436
719,SJSA1,H3K4me3,ERVK,-0.009277776771865708,0.42537934684406675,-0.03208094619485363,0.013535046167612367
720,SJSA1,H3K4me3,TcMar-Tc2,0.0008591967347713492,0.9446703581430302,-0.023402138488197666,0.025119520531479023
721,SJSA1,H3K4me3,SVA,-0.00366895771832093,0.7967762569357693,-0.031584055081842116,0.02425185898386
722,SJSA1,H3K4me3,RTE-BovB,0.0028948067452211103,0.8444726970818056,-0.026022623388569626,0.031807396271209834
723,SJSA1,H3K4me3,tRNA-RTE,0.021007120294179605,0.1911324909354493,-0.010494761030312563,0.052467344759495944
724,SJSA1,H3K4me3,hAT-Ac,-0.028912064156735452,0.11086810059106403,-0.06439186604692072,0.006640738480512673
725,SJSA1,H3K4me3,hAT,-0.035785600647861335,0.0633894732191301,-0.07347692254232319,0.0020078039612985384
726,SJSA1,H3K4me3,MULE-MuDR,0.009783039524994982,0.6387521246750865,-0.03105795088601522,0.050591416920011185
727,SJSA1,H3K4me3,PiggyBac,0.03751406460980176,0.08567050594067632,-0.005283832403213046,0.08017478303515241
728,SJSA1,H3K4me3,5S-Deu-L2,0.008034374798887198,0.7273205912929234,-0.037116298346452296,0.05315231209708424
729,SJSA1,H3K4me3,Helitron,0.027761579609854876,0.2533161670563595,-0.0198861978808017,0.07528353816964989
730,SJSA1,H3K4me3,hAT-Tag1,-0.06512511230153425,0.0074916736654259165,-0.11257859672910374,-0.017375237079286565
731,SJSA1,H3K4me3,tRNA,0.04241006557569207,0.1000434579039979,-0.008159383155465393,0.09276314531145807
732,SJSA1,H3K4me3,Penelope,-0.02128451886657909,0.5857509722798327,-0.09756716446081957,0.055246757758714564
733,SJSA1,H3K4me3,TcMar-Tc1,0.015460829285809451,0.6933222420672229,-0.06134153241704346,0.09208118513955155
734,SJSA1,H3K4me3,Dong-R4,0.038403278234034256,0.42809129769429144,-0.05662445522515796,0.1327414437440292
735,SJSA1,H3K4me3,tRNA-Deu,-0.023754400853424933,0.6281915118190515,-0.1194108265179703,0.07233896981910475
736,SJSA1,H3K4me3,Kolobok,-0.04546898368086004,0.39370960775267216,-0.14905082347594237,0.05909988548699934
737,SJSA1,H3K4me3,PIF-Harbinger,0.061663102051615314,0.2505878643042826,-0.04369914692267366,0.16566875104437387
738,SJSA1,H3K4me3,Crypton,0.058866812275424917,0.3237573481653965,-0.05823077829047127,0.17436654903047039
739,SJSA1,H3K4me3,Merlin,-0.011653821182735781,0.8660446413635647,-0.14617776713362998,0.12329330030603959
740,SJSA1,H3K4me3,TcMar,-0.0198021481428307,0.77861768957544,-0.15676015634707233,0.11790308352997084
741,SJSA1,H3K4me3,L1-Tx1,-0.030910429532758497,0.719918291344861,-0.19764037896577394,0.13755764654612995
742,SJSA1,H3K4me3,Crypton-A,0.23794862761994,0.006204594063330251,0.06682572256953019,0.3954732830135133
743,SJSA1,H3K4me3,I-Jockey,-0.007849133537206933,0.9354388983659854,-0.19566479300484566,0.18052194975620306
744,SJSA1,H3K4me3,hAT-Tip100?,-0.013827838827838827,0.913640666815461,-0.25876879369107614,0.23278398601817002
745,SJSA1,H3K4me3,TcMar-Pogo,0.1946480938416422,0.2857279583286563,-0.1685982785123852,0.5113464141592974
746,SJSA1,H3K4me3,hAT?,-0.11413292589763176,0.5204081371995548,-0.4364174993985385,0.23410871313878978
747,SJSA1,H3K4me3,hAT-hAT19,-0.11470588235294117,0.672291046599723,-0.5787587984690807,0.4054620213814055
748,HAP-1,H3K27ac,Alu,-0.0011554650438612723,0.22592636357049042,-0.003025665213595369,0.0007147432087401081
749,HAP-1,H3K27ac,L1,0.0007892895980634645,0.5671691992860084,-0.0019141532106913739,0.003492720869651671
750,HAP-1,H3K27ac,MIR,4.129044220513367e-05,0.9763444672327837,-0.002687941812001284,0.0027705220812907373
751,HAP-1,H3K27ac,L2,-0.002128269763330566,0.2039011690885299,-0.005411411439331581,0.0011549177948410273
752,HAP-1,H3K27ac,ERVL-MaLR,-0.0018047397405205358,0.3689658096499677,-0.00574188474437878,0.0021324612152563835
753,HAP-1,H3K27ac,hAT-Charlie,-0.0026525265156915217,0.21401901847461563,-0.006836333517146231,0.0015313733494046185
754,HAP-1,H3K27ac,ERV1,0.000238935008132888,0.9381067455328491,-0.005792001316572265,0.006269853951706703
755,HAP-1,H3K27ac,ERVL,-0.0057694509431601764,0.06522157279684841,-0.01190222239032964,0.00036375453749040834
756,HAP-1,H3K27ac,TcMar-Tigger,0.002950137334837426,0.35390204077390597,-0.0032870682433493014,0.00918711338266087
757,HAP-1,H3K27ac,hAT-Tip100,-0.0021624854228315714,0.6182793461058047,-0.01066801371378376,0.006343355766834812
758,HAP-1,H3K27ac,CR1,0.0006863479432419192,0.8844490175874521,-0.008569684398447642,0.009942262681838017
759,HAP-1,H3K27ac,Gypsy,-0.0006954118544706769,0.9306669549698192,-0.016359635849318495,0.014969153411488485
760,HAP-1,H3K27ac,hAT-Blackjack,-0.004661889607417542,0.5679390862377318,-0.020658909823454412,0.01133751701493317
761,HAP-1,H3K27ac,TcMar-Mariner,-0.005000058083610074,0.5436723861193133,-0.021135140849669914,0.011137628606901392
762,HAP-1,H3K27ac,RTE-X,-0.005135764711116235,0.6182039452727922,-0.02532775483625308,0.015060414264953106
763,HAP-1,H3K27ac,ERVK,0.002670566506064925,0.8208835658426561,-0.02044589669285704,0.025784175891089802
764,HAP-1,H3K27ac,TcMar-Tc2,-0.008565354364345515,0.4895498337341472,-0.03284960066510549,0.015728999283331324
765,HAP-1,H3K27ac,SVA,0.018339494355650285,0.20100718994426534,-0.009774975277016101,0.046424992188979615
766,HAP-1,H3K27ac,RTE-BovB,-0.008041069641791635,0.5862059452130006,-0.03697963928811376,0.02091097498678326
767,HAP-1,H3K27ac,tRNA-RTE,0.01611308425388625,0.3160329422330497,-0.015388233249957433,0.047582446810202086
768,HAP-1,H3K27ac,hAT-Ac,0.005997154878642654,0.7413718149271874,-0.02961248454352993,0.041591590906034794
769,HAP-1,H3K27ac,hAT,-0.008223604855905129,0.6700423070498321,-0.04602367824137869,0.02959998526281124
770,HAP-1,H3K27ac,MULE-MuDR,-0.0053450893598735935,0.7977933513142319,-0.0462072576653269,0.03553493682751701
771,HAP-1,H3K27ac,PiggyBac,-0.013549691377244126,0.5363376254951502,-0.05644683322248183,0.02939738501356043
772,HAP-1,H3K27ac,5S-Deu-L2,-0.009134583420222364,0.6922445101278326,-0.05432156327649029,0.03608973351282006
773,HAP-1,H3K27ac,Helitron,0.04193975953163481,0.08551984243094371,-0.005889048400466114,0.08957711642909091
774,HAP-1,H3K27ac,hAT-Tag1,0.008395006352411031,0.7308874324003864,-0.03943189667980505,0.05618353181014958
775,HAP-1,H3K27ac,tRNA,0.02650375775623951,0.3044969450490434,-0.02410030487513371,0.07697234849798903
776,HAP-1,H3K27ac,Penelope,-0.017581371831090698,0.653582831984148,-0.09412669510106,0.05917059658173631
777,HAP-1,H3K27ac,TcMar-Tc1,-0.01866839775625384,0.6352548754104462,-0.09555833272548185,0.0584429875891145
778,HAP-1,H3K27ac,Dong-R4,0.03302095567127161,0.4956621864514458,-0.061985594583956125,0.1274344697989033
779,HAP-1,H3K27ac,tRNA-Deu,0.05442307589619577,0.26692433382568415,-0.04178082286220318,0.14962709149967277
780,HAP-1,H3K27ac,Kolobok,0.018264277743870454,0.7323764566401103,-0.08629176333381171,0.12242237700964817
781,HAP-1,H3K27ac,PIF-Harbinger,-0.0002991665469841236,0.9955567300366259,-0.10527595318118868,0.10468421420791965
782,HAP-1,H3K27ac,Crypton,-0.08379985950950816,0.15973406080908656,-0.19865562526193817,0.03332650985732687
783,HAP-1,H3K27ac,Merlin,-0.09892431772806849,0.15216176229575132,-0.23122193897157423,0.03696535450366405
784,HAP-1,H3K27ac,TcMar,0.04051684225368821,0.566973764724316,-0.09813923390366627,0.17762980959725228
785,HAP-1,H3K27ac,L1-Tx1,-0.08099577975634265,0.34676028306531803,-0.24563873126092015,0.0881892644572349
786,HAP-1,H3K27ac,Crypton-A,0.010986063234401655,0.9008878327377963,-0.16084761346415227,0.1821733355915117
787,HAP-1,H3K27ac,I-Jockey,-0.0029098322676304332,0.9760436380492692,-0.19090745055969197,0.18529369806451976
788,HAP-1,H3K27ac,hAT-Tip100?,-0.08971774193548387,0.4843866998486781,-0.3305971776828118,0.16213571704370847
789,HAP-1,H3K27ac,TcMar-Pogo,-0.19868035190615835,0.27566784728032534,-0.5145426032167149,0.16465921537121495
790,HAP-1,H3K27ac,hAT?,-0.024732620320855617,0.8913307837358655,-0.36499034243895906,0.32135362044528065
791,HAP-1,H3K27ac,hAT-hAT19,-0.0588235294117647,0.8286807500332258,-0.5391508970621227,0.4503782872629288
792,HAP-1,H3K4me1,Alu,0.0002932520195348445,0.758614982579497,-0.0015771125015591767,0.002163614488885302
793,HAP-1,H3K4me1,L1,-0.0007225354508913448,0.6004484028939691,-0.0034263481078882834,0.0019812877704918886
794,HAP-1,H3K4me1,MIR,-0.0006128646645751721,0.6598682141076839,-0.0033422474095811615,0.0021165272115724106
795,HAP-1,H3K4me1,L2,0.00018952198537834107,0.9099219988683249,-0.0030937156236538884,0.003472755508454473
796,HAP-1,H3K4me1,ERVL-MaLR,-0.0016410251576194092,0.4139899080720777,-0.005578277637477317,0.0022962782012361394
797,HAP-1,H3K4me1,hAT-Charlie,-0.0024842845808304165,0.24451166842807073,-0.0066680686424289695,0.0016995864531912674
798,HAP-1,H3K4me1,ERV1,-0.002065718551589552,0.5020291484903685,-0.008096751872576127,0.003965465048043889
799,HAP-1,H3K4me1,ERVL,-0.00040104748178427537,0.898019426630474,-0.006534053122371499,0.005731988328762217
800,HAP-1,H3K4me1,TcMar-Tigger,0.00045312023984983904,0.8867681695338534,-0.005783712161407278,0.006689917390285727
801,HAP-1,H3K4me1,hAT-Tip100,-0.00033475025557148924,0.9385129227638427,-0.008839959364820566,0.00817050728467641
802,HAP-1,H3K4me1,CR1,0.0005216527071103952,0.9120451457170444,-0.008734263691902963,0.009777479724913232
803,HAP-1,H3K4me1,Gypsy,-0.001608288762161845,0.8405219294411151,-0.017271763829661727,0.01405597551658948
804,HAP-1,H3K4me1,hAT-Blackjack,0.008358512585121831,0.30582940059508074,-0.007640196672467342,0.02435294381999331
805,HAP-1,H3K4me1,TcMar-Mariner,-0.011350410164392583,0.16812823009155584,-0.027486411161291864,0.004791504385076348
806,HAP-1,H3K4me1,RTE-X,-0.0015385175549015538,0.8812952449051846,-0.021729123290639064,0.018653342647597763
807,HAP-1,H3K4me1,ERVK,0.008614818014788755,0.4655056109579204,-0.0145213682093143,0.03174178449668613
808,HAP-1,H3K4me1,TcMar-Tc2,0.0006175492046752431,0.9602711668505309,-0.023677175859218566,0.02491154529350301
809,HAP-1,H3K4me1,SVA,-0.013314815920201156,0.3531952066834406,-0.04140474520649375,0.014796144781261006
810,HAP-1,H3K4me1,RTE-BovB,-0.003872312445118309,0.7932402310378186,-0.03281860893545485,0.02508047472649755
811,HAP-1,H3K4me1,tRNA-RTE,0.04351686410259912,0.006763645470639444,0.01201884846162325,0.07492860454000673
812,HAP-1,H3K4me1,hAT-Ac,-0.0035624486332535748,0.8445721141352402,-0.03916059134784493,0.032044725354220815
813,HAP-1,H3K4me1,hAT,-0.040307072707739554,0.03661567324041609,-0.0780031938222264,-0.0024958623716922765
814,HAP-1,H3K4me1,MULE-MuDR,-0.014588575934175133,0.48417420240175757,-0.05541192883564709,0.026283470399629767
815,HAP-1,H3K4me1,PiggyBac,0.022411502540977398,0.30637199795660375,-0.020541654554544167,0.06528207988292373
816,HAP-1,H3K4me1,5S-Deu-L2,-0.011345181857132128,0.6230918911814091,-0.05653813036401119,0.033894163056237374
817,HAP-1,H3K4me1,Helitron,0.01706629520349939,0.48426660262646704,-0.0307582878754411,0.0648129150953714
818,HAP-1,H3K4me1,hAT-Tag1,1.914528003552924e-05,0.9993741612893352,-0.047791133473872066,0.04782933650866983
819,HAP-1,H3K4me1,tRNA,0.008595392647925864,0.7391646557095795,-0.041986684186730724,0.05913352102732564
820,HAP-1,H3K4me1,Penelope,-0.022404607685641287,0.5679591827178188,-0.09902770515566756,0.05448260853648373
821,HAP-1,H3K4me1,TcMar-Tc1,-0.0597406341879777,0.12842417668195721,-0.13614375449484342,0.017368920552919234
822,HAP-1,H3K4me1,Dong-R4,0.02495921894452088,0.6066016079064287,-0.07000791008589938,0.11947799195619022
823,HAP-1,H3K4me1,tRNA-Deu,-0.01820157233338549,0.7106014850629732,-0.11392564255964756,0.07785734120798361
824,HAP-1,H3K4me1,Kolobok,-0.021684643879239816,0.6847277846730472,-0.12579492667901898,0.08289807177750742
825,HAP-1,H3K4me1,PIF-Harbinger,0.06646924544619395,0.21547019331144798,-0.03889760406158514,0.17037420709408013
826,HAP-1,H3K4me1,Crypton,-0.061860345127321345,0.2997173548984975,-0.17728839111124686,0.05524650911438222
827,HAP-1,H3K4me1,Merlin,-0.049880845242713766,0.4710905723015987,-0.18379333705174455,0.08584943591300828
828,HAP-1,H3K4me1,TcMar,-0.019018510754143313,0.7881985141146538,-0.1566704561370736,0.11935821935702387
829,HAP-1,H3K4me1,L1-Tx1,0.007551423068700475,0.9302116689642982,-0.16036951987833242,0.17504755749730436
830,HAP-1,H3K4me1,Crypton-A,0.15576401317619334,0.07563832453847275,-0.01724148171313877,0.3197135542756393
831,HAP-1,H3K4me1,I-Jockey,-0.13677138356037438,0.15614801953044402,-0.31752363017754076,0.05357148074063207
832,HAP-1,H3K4me1,hAT-Tip100?,0.024001536098310294,0.8518815400809518,-0.22513671258058288,0.2701937758571966
833,HAP-1,H3K4me1,TcMar-Pogo,-0.15762463343108502,0.3889140001581427,-0.4816724837308748,0.20434238608818056
834,HAP-1,H3K4me1,hAT?,-0.11898395721925133,0.5095716695403048,-0.4451644839654004,0.23507332939439737
835,HAP-1,H3K4me1,hAT-hAT19,0.34705882352941175,0.18783442010629964,-0.19509660312578558,0.72675812907969
836,HAP-1,H3K9me3,Alu,0.0004204132648957579,0.6594047043537602,-0.0014491779194431944,0.0022900015102379776
837,HAP-1,H3K9me3,L1,0.003211895673257478,0.01987084702564323,0.0005086708130917931,0.005915073592382839
838,HAP-1,H3K9me3,MIR,0.0005912455210929828,0.6710978655548514,-0.0021376885189256173,0.003320170755030355
839,HAP-1,H3K9me3,L2,0.0009829595062562939,0.5573246237015486,-0.002300100115665765,0.004265997938674938
840,HAP-1,H3K9me3,ERVL-MaLR,-0.001824925500208734,0.3635273463596884,-0.0057611885195393685,0.0021113940715220257
841,HAP-1,H3K9me3,hAT-Charlie,-0.0005345983680583875,0.8022126137173944,-0.004717634540772621,0.0036484565133265592
842,HAP-1,H3K9me3,ERV1,-0.003448843212623482,0.2623073111426741,-0.009478849704917604,0.002581414099712815
843,HAP-1,H3K9me3,ERVL,-0.0033552287561126417,0.2834819960928942,-0.009486421557926441,0.0027762163152527434
844,HAP-1,H3K9me3,TcMar-Tigger,-0.00046408621699086484,0.8840388258492802,-0.006700440873907828,0.005772304538735959
845,HAP-1,H3K9me3,hAT-Tip100,-0.005606811647788017,0.19635499933169248,-0.014111599734813183,0.0028987876394029138
846,HAP-1,H3K9me3,CR1,0.0014112296024554312,0.7650752455704881,-0.007844854287733108,0.010667071684036092
847,HAP-1,H3K9me3,Gypsy,-0.007498971170668586,0.34809076502950653,-0.02315987079839989,0.0081656079802183
848,HAP-1,H3K9me3,hAT-Blackjack,-0.00021262326656744374,0.9792201956072457,-0.01621104242395953,0.01578590473317166
849,HAP-1,H3K9me3,TcMar-Mariner,0.0037395120893625533,0.649472853749979,-0.012386505510161084,0.019863584987638454
850,HAP-1,H3K9me3,RTE-X,-0.0014691050756759866,0.8866197133868109,-0.02166081372200008,0.018723801567565722
851,HAP-1,H3K9me3,ERVK,0.01807101917307349,0.1253752857789108,-0.005041704606470599,0.04116444576600619
852,HAP-1,H3K9me3,TcMar-Tc2,0.017067426252963015,0.16850618840043188,-0.007227974418141028,0.04134268909897369
853,HAP-1,H3K9me3,SVA,0.013245469076250573,0.35541165061434743,-0.014848145512516387,0.04131818754617677
854,HAP-1,H3K9me3,RTE-BovB,0.00351096623383243,0.8121953447194737,-0.025447895289497438,0.032463940179273156
855,HAP-1,H3K9me3,tRNA-RTE,0.011722533062691727,0.46591934973488913,-0.019789524933793313,0.04321132387129817
856,HAP-1,H3K9me3,hAT-Ac,0.018862419640074006,0.29905215059285084,-0.016743239243430963,0.0544202995484958
857,HAP-1,H3K9me3,hAT,0.013220306229718133,0.49334229902872895,-0.024607393094796606,0.051010201964275116
858,HAP-1,H3K9me3,MULE-MuDR,-0.005669237557324933,0.7859117888698555,-0.04654853188991276,0.03522901408661229
859,HAP-1,H3K9me3,PiggyBac,0.01672050178975978,0.4454134799713485,-0.026229331387143617,0.05960871801593399
860,HAP-1,H3K9me3,5S-Deu-L2,0.0043000277663124324,0.8521536510963281,-0.04090458024104374,0.049487068438248925
861,HAP-1,H3K9me3,Helitron,0.01891712716261285,0.438011029399049,-0.028895072759374845,0.0666429630559726
862,HAP-1,H3K9me3,hAT-Tag1,0.0050946326580049725,0.8346622075852681,-0.042726319260045824,0.05289229406551644
863,HAP-1,H3K9me3,tRNA,-0.008953646222601327,0.7287130428026405,-0.05949062104051523,0.04162910866651258
864,HAP-1,H3K9me3,Penelope,-0.01830182309077438,0.6406248271983498,-0.09489997722981373,0.058511770995076325
865,HAP-1,H3K9me3,TcMar-Tc1,-0.03484567505339968,0.37584258788614233,-0.1115900408502761,0.042311863228712415
866,HAP-1,H3K9me3,Dong-R4,0.006863913394900464,0.8874053439347618,-0.08798124427670072,0.10158573574788682
867,HAP-1,H3K9me3,tRNA-Deu,0.042031718595155865,0.39136419130766464,-0.05414383309165922,0.1374345875683856
868,HAP-1,H3K9me3,Kolobok,-0.010009703200226306,0.8513447467389579,-0.11427576848700892,0.09447447844696759
869,HAP-1,H3K9me3,PIF-Harbinger,-0.04411199796188007,0.411348062723382,-0.1484549601058749,0.06120233097778785
870,HAP-1,H3K9me3,Crypton,-0.03555362951965388,0.5514118794455887,-0.15155917407193914,0.08141801620107629
871,HAP-1,H3K9me3,Merlin,0.01317568668100878,0.8491059877569813,-0.12211599898112149,0.1479866713243873
872,HAP-1,H3K9me3,TcMar,0.05243876338900064,0.45858440384552457,-0.08633129292660272,0.1892127414716507
873,HAP-1,H3K9me3,L1-Tx1,-0.07716406261208857,0.37012250852192197,-0.2419880219728657,0.09198839637301484
874,HAP-1,H3K9me3,Crypton-A,-0.07391570679064262,0.4014444656604963,-0.24259091019315052,0.09909736300386551
875,HAP-1,H3K9me3,I-Jockey,0.08672041516078213,0.36991086165758447,-0.10341625512553249,0.27074251933628984
876,HAP-1,H3K9me3,hAT-Tip100?,-0.012774725274725273,0.92019537687498,-0.25778411570138493,0.23377830334797006
877,HAP-1,H3K9me3,TcMar-Pogo,-0.157258064516129,0.3900319588134783,-0.4813757346697094,0.2046925486053252
878,HAP-1,H3K9me3,hAT?,0.09592245989304814,0.5954099203667336,-0.25657886899353416,0.42590152979585866
879,HAP-1,H3K9me3,hAT-hAT19,0.02058823529411765,0.9396737397890448,-0.48006032055761466,0.5111202153779418
880,HAP-1,H3K36me3,Alu,-0.00085289289280012,0.3712369269377308,-0.0027223980551702577,0.0010166182313992127
881,HAP-1,H3K36me3,L1,0.0010642279841173619,0.4402924617092011,-0.0016387016015663094,0.0037671420197389373
882,HAP-1,H3K36me3,MIR,0.0003932644655486573,0.7775737034998864,-0.0023353432024302064,0.0031218662775954844
883,HAP-1,H3K36me3,L2,0.002330990549885972,0.16404523638809512,-0.0009520541786035941,0.005613985030255202
884,HAP-1,H3K36me3,ERVL-MaLR,-0.0008676258255819626,0.6657035880394608,-0.004803498552868604,0.0030682737828551646
885,HAP-1,H3K36me3,hAT-Charlie,-0.002101438572410165,0.32475686677007554,-0.00628398668794699,0.002081183068652474
886,HAP-1,H3K36me3,ERV1,-0.0037139069087054593,0.22722390814897173,-0.009741727365961765,0.0023141834511466435
887,HAP-1,H3K36me3,ERVL,-0.0008707987206119069,0.7807510040843295,-0.0070025232555918256,0.005260991295777256
888,HAP-1,H3K36me3,TcMar-Tigger,0.0008564002363664803,0.7878035340559832,-0.005379592984900549,0.007092326851576794
889,HAP-1,H3K36me3,hAT-Tip100,0.0013578755632198416,0.7543365871364605,-0.00714688441505435,0.009862439112830735
890,HAP-1,H3K36me3,CR1,-0.0029575203908988688,0.5311402531976777,-0.012212873497732842,0.006298339439735906
891,HAP-1,H3K36me3,Gypsy,0.004294469415670015,0.5910363545496815,-0.011369767434049745,0.01995659905657178
892,HAP-1,H3K36me3,hAT-Blackjack,0.008150307899264759,0.3178898979306407,-0.007843594609400225,0.024140041440210216
893,HAP-1,H3K36me3,TcMar-Mariner,-0.00031805142703208485,0.9691808209239634,-0.0164513741646045,0.01581543687971673
894,HAP-1,H3K36me3,RTE-X,-0.0020498494314478985,0.8423211028388902,-0.022243433719006306,0.018145406780222556
895,HAP-1,H3K36me3,ERVK,-0.005512040201058207,0.6401157279144128,-0.028612487027863204,0.01759429109019678
896,HAP-1,H3K36me3,TcMar-Tc2,-0.010811361224522347,0.38318983758794234,-0.03509908504507006,0.013489125894768672
897,HAP-1,H3K36me3,SVA,-0.006674026851858155,0.6415109155907395,-0.034757566969512654,0.021420045095625687
898,HAP-1,H3K36me3,RTE-BovB,0.008172448229223608,0.5799776526839349,-0.020770189977849907,0.037101400264160186
899,HAP-1,H3K36me3,tRNA-RTE,0.012463980904083514,0.438129412929823,-0.019044317922540518,0.04394754750934555
900,HAP-1,H3K36me3,hAT-Ac,9.885728018361112e-06,0.9995656407190601,-0.035569650799084536,0.03558939722638505
901,HAP-1,H3K36me3,hAT,-0.003673315207986125,0.8489449371731848,-0.04145331667108021,0.034117175363001025
902,HAP-1,H3K36me3,MULE-MuDR,0.0015583026144394968,0.9404719226658041,-0.0393250885899164,0.04243648521477965
903,HAP-1,H3K36me3,PiggyBac,-0.012145414746870777,0.5792124440192716,-0.055025748489463004,0.030779636276897157
904,HAP-1,H3K36me3,5S-Deu-L2,0.022849339949042737,0.32182165184306516,-0.02236407944688253,0.06796948369512598
905,HAP-1,H3K36me3,Helitron,0.04515051077418264,0.06404879631840833,-0.002661353419535831,0.09275641850062347
906,HAP-1,H3K36me3,hAT-Tag1,-0.015160939727674707,0.5344865616648078,-0.0629283017324671,0.03267572464910203
907,HAP-1,H3K36me3,tRNA,-0.0006914577266189806,0.9786316084052115,-0.05125256830836008,0.04987318842491239
908,HAP-1,H3K36me3,Penelope,-0.026162472672180706,0.5045258446807113,-0.10269439893306175,0.05067737172534748
909,HAP-1,H3K36me3,TcMar-Tc1,-0.02158613972898291,0.583059600743487,-0.09839285152095918,0.05547622388326258
910,HAP-1,H3K36me3,Dong-R4,0.005182659831303579,0.9148628748831986,-0.08964881885455075,0.09992101213852181
911,HAP-1,H3K36me3,tRNA-Deu,0.07222546499839853,0.14043932087953004,-0.023980191511390383,0.16710565749344222
912,HAP-1,H3K36me3,Kolobok,-0.06880044315413242,0.19719420155094897,-0.1720686895136692,0.03596355912027406
913,HAP-1,H3K36me3,PIF-Harbinger,-0.03010586571810201,0.57511571885307,-0.13468379989670037,0.07513535449957263
914,HAP-1,H3K36me3,Crypton,-0.08241348424019602,0.16677949527135005,-0.19730785543647278,0.03471418302204056
915,HAP-1,H3K36me3,Merlin,-0.053666587678157775,0.43805582723098224,-0.18747129984465163,0.08209349973103978
916,HAP-1,H3K36me3,TcMar,0.0442600503185216,0.5316716048479483,-0.09443497005865523,0.1812696613509539
917,HAP-1,H3K36me3,L1-Tx1,-0.11976566321227272,0.16331768910208178,-0.2823781907274127,0.049537316458720684
918,HAP-1,H3K36me3,Crypton-A,0.10886505372729356,0.21580584060657268,-0.0643631945532605,0.2757243858781666
919,HAP-1,H3K36me3,I-Jockey,0.11201927532202763,0.24617644612152625,-0.0783127262060064,0.2944723007268326
920,HAP-1,H3K36me3,hAT-Tip100?,-0.04181067588325653,0.7449095712240849,-0.2867081596050187,0.20821598495682955
921,HAP-1,H3K36me3,TcMar-Pogo,-0.3020527859237536,0.0929200969362865,-0.5940761407731445,0.06031482293791459
922,HAP-1,H3K36me3,hAT?,-0.22827540106951874,0.2013451332955642,-0.5333675613965064,0.12937215660986426
923,HAP-1,H3K36me3,hAT-hAT19,0.18235294117647058,0.49907485724580003,-0.34845230279353717,0.6245997955481012
924,HAP-1,H3K27me3,Alu,-0.0005784261031943212,0.5442516214445209,-0.0024479821044904987,0.001291133941587646
925,HAP-1,H3K27me3,L1,0.00019873315035913498,0.8854396025900229,-0.0025047451019421262,0.002902208497663826
926,HAP-1,H3K27me3,MIR,0.003111456740266318,0.025423413661535332,0.0003827742885477096,0.005840092858326922
927,HAP-1,H3K27me3,L2,-0.0002247630673587231,0.8932594406730067,-0.0035078349559088174,0.0030583136664436425
928,HAP-1,H3K27me3,ERVL-MaLR,-0.0003814040199121106,0.8493719221602625,-0.004317452738300796,0.0035546565163017056
929,HAP-1,H3K27me3,hAT-Charlie,-0.0011670960991520785,0.5844691010693673,-0.00534989872860183,0.003015747369400214
930,HAP-1,H3K27me3,ERV1,-0.0010843631955123367,0.7244665372274973,-0.007113591057115493,0.004944943503863951
931,HAP-1,H3K27me3,ERVL,0.0012766621122633516,0.6832061660220243,-0.004854809095573833,0.007408037329377971
932,HAP-1,H3K27me3,TcMar-Tigger,0.0023763524315927546,0.4551558754372923,-0.0038599610138877415,0.008612481041185815
933,HAP-1,H3K27me3,hAT-Tip100,0.0052905562009926575,0.22272127029808403,-0.0032136809610423906,0.013794028162728662
934,HAP-1,H3K27me3,CR1,0.003546280174539791,0.4526741137054482,-0.0057092938997173725,0.012801246692237036
935,HAP-1,H3K27me3,Gypsy,-0.0081794838573038,0.30607967655310875,-0.023839591221977822,0.007484636660241062
936,HAP-1,H3K27me3,hAT-Blackjack,0.0012672363668314692,0.8766093786335272,-0.014728345804113478,0.017262170096253616
937,HAP-1,H3K27me3,TcMar-Mariner,-0.0030843132044896123,0.7078761251706722,-0.019215162764336522,0.013048141633524904
938,HAP-1,H3K27me3,RTE-X,0.020344847727687593,0.04828400905939057,0.00015155251187945796,0.04052155770265327
939,HAP-1,H3K27me3,ERVK,-0.02196166589650259,0.06262335009618422,-0.04505994744455656,0.0011600852244354905
940,HAP-1,H3K27me3,TcMar-Tc2,0.009663582417821379,0.4355027007740745,-0.014625457903231245,0.03394122481964445
941,HAP-1,H3K27me3,SVA,0.004737473961875691,0.7411327756240695,-0.023367084457716524,0.032834550264799645
942,HAP-1,H3K27me3,RTE-BovB,-0.011632851928359224,0.4308870213827779,-0.0405605726043733,0.01731435354211893
943,HAP-1,H3K27me3,tRNA-RTE,0.004859207972525064,0.7623864806618252,-0.026636519839746915,0.03634529802453126
944,HAP-1,H3K27me3,hAT-Ac,0.015647149893063476,0.3891589120576332,-0.019969149355028797,0.0512237861688505
945,HAP-1,H3K27me3,hAT,-0.0006963628766593022,0.9712185138301099,-0.03850910012694977,0.037118365803068314
946,HAP-1,H3K27me3,MULE-MuDR,-0.024142289777389307,0.24732999127856628,-0.06497384795212587,0.016769975384537138
947,HAP-1,H3K27me3,PiggyBac,0.02714051200150286,0.21532067805484878,-0.015803507861411215,0.06998458676188651
948,HAP-1,H3K27me3,5S-Deu-L2,-0.022854311711718964,0.32184510979318165,-0.06798642009913905,0.02237114222140589
949,HAP-1,H3K27me3,Helitron,-0.01237244080599094,0.611898781811385,-0.06010636030622589,0.03541793590475277
950,HAP-1,H3K27me3,hAT-Tag1,0.034387099318917806,0.15876448351661737,-0.013459380111845899,0.08207646618133232
951,HAP-1,H3K27me3,tRNA,-0.014532954069817633,0.5734468424798618,-0.0650507120782634,0.036059106205911164
952,HAP-1,H3K27me3,Penelope,-0.03847061071528217,0.32632028108610334,-0.11488468177552372,0.03839605946899761
953,HAP-1,H3K27me3,TcMar-Tc1,0.10380110572349119,0.008085388107456251,0.026908430168495513,0.17947267224399469
954,HAP-1,H3K27me3,Dong-R4,-0.008026150996536675,0.8685005770757963,-0.10273631399544975,0.08682822993888795
955,HAP-1,H3K27me3,tRNA-Deu,-0.07095340219707454,0.14758143655472591,-0.1658582262424241,0.025253659923617576
956,HAP-1,H3K27me3,Kolobok,-0.006011847460662351,0.9102579395078827,-0.11017889275246033,0.09828583255713208
957,HAP-1,H3K27me3,PIF-Harbinger,0.0014047912521158244,0.9791380729315584,-0.10359062786160216,0.10636924649447413
958,HAP-1,H3K27me3,Crypton,-0.13639899546714923,0.021723531841214547,-0.24954565440546728,-0.019578166889087853
959,HAP-1,H3K27me3,Merlin,0.016325894491302326,0.8136233444692026,-0.1190140182361277,0.15107020121403508
960,HAP-1,H3K27me3,TcMar,0.07989696350519102,0.25834555686434585,-0.05902340475176433,0.21578150171823682
961,HAP-1,H3K27me3,L1-Tx1,-0.06914825969460213,0.42202939264990025,-0.23433944976884588,0.09992400555510786
962,HAP-1,H3K27me3,Crypton-A,0.048089383210450594,0.5854449582862875,-0.12456132526077343,0.2179135680957119
963,HAP-1,H3K27me3,I-Jockey,0.04406449819293856,0.6491350304220163,-0.14533150620878413,0.23034519050116173
964,HAP-1,H3K27me3,hAT-Tip100?,0.1653705837173579,0.195236557273291,-0.08762571083951727,0.3983259686003839
965,HAP-1,H3K27me3,TcMar-Pogo,-0.05718475073313783,0.7558993810643632,-0.39819402398476383,0.297711254040525
966,HAP-1,H3K27me3,hAT?,0.019050802139037436,0.916194787986969,-0.32642191385203717,0.36003351109392984
967,HAP-1,H3K27me3,hAT-hAT19,0.01764705882352941,0.9482801500547112,-0.4823095822381911,0.5089320166324547
968,HAP-1,H3K4me3,Alu,-0.001059945178649645,0.2666937053036753,-0.0029303248016171496,0.0008104418604102908
969,HAP-1,H3K4me3,L1,-0.0014116712334714754,0.306175669069507,-0.004115532472923331,0.0012922106472564134
970,HAP-1,H3K4me3,MIR,-0.0022284936853732592,0.10954714210387272,-0.004957923807806032,0.0005009696412429088
971,HAP-1,H3K4me3,L2,-0.0008766613016073208,0.6007534394121337,-0.00415997314182378,0.00240666943978971
972,HAP-1,H3K4me3,ERVL-MaLR,-0.00013351683018665385,0.9470072737958997,-0.004070705249173213,0.003803675728213973
973,HAP-1,H3K4me3,hAT-Charlie,-0.0013446740943415588,0.5287608951345891,-0.005528653853997835,0.0028393527448162185
974,HAP-1,H3K4me3,ERV1,0.004177757543067012,0.17457216143524937,-0.0018534432347509957,0.010208654395836415
975,HAP-1,H3K4me3,ERVL,-0.005925371679643629,0.05826558486748915,-0.01205770857088124,0.0002074109134230125
976,HAP-1,H3K4me3,TcMar-Tigger,-0.0008189217568340085,0.7969312028909931,-0.007056397291263596,0.005418617500394542
977,HAP-1,H3K4me3,hAT-Tip100,-0.005010663167320423,0.2483218256579415,-0.013516976519689933,0.0034963753818613953
978,HAP-1,H3K4me3,CR1,-0.0016459119808828696,0.7274410080312623,-0.010901316159604494,0.007609774193085841
979,HAP-1,H3K4me3,Gypsy,-0.004794774794719503,0.5485240333061463,-0.020455728176804012,0.01086853098003129
980,HAP-1,H3K4me3,hAT-Blackjack,0.0011463785598215168,0.888329300972868,-0.014853972445228342,0.01714614261405673
981,HAP-1,H3K4me3,TcMar-Mariner,-0.011304931673737006,0.1698826976005182,-0.027442598383041857,0.00483862609546501
982,HAP-1,H3K4me3,RTE-X,-0.0010984639596891951,0.9151114800149476,-0.021293553563237234,0.01909752168338935
983,HAP-1,H3K4me3,ERVK,0.019143161177904298,0.10471525458960312,-0.003985532240186187,0.04225138447133588
984,HAP-1,H3K4me3,TcMar-Tc2,-0.009248881372178136,0.45570204131740943,-0.03353996424181924,0.015053122067546958
985,HAP-1,H3K4me3,SVA,0.003077125497491432,0.8301514922546743,-0.025035065580531743,0.03118445369523621
986,HAP-1,H3K4me3,RTE-BovB,8.85730937494179e-06,0.9995216500900561,-0.028941017215007064,0.028958716987226994
987,HAP-1,H3K4me3,tRNA-RTE,0.004019447259251837,0.8025126743758099,-0.027475623684132106,0.03550654599532604
988,HAP-1,H3K4me3,hAT-Ac,0.00023244746171338497,0.9897920505970803,-0.03536496985957004,0.03582927568896868
989,HAP-1,H3K4me3,hAT,-0.01752131094548178,0.36402746335841896,-0.055308343033096306,0.020315838842645154
990,HAP-1,H3K4me3,MULE-MuDR,-0.013374359961208568,0.5211912668358685,-0.05419191588928135,0.02748781798427649
991,HAP-1,H3K4me3,PiggyBac,0.018724214619860888,0.39291754926791267,-0.024237341057651386,0.06161673876748292
992,HAP-1,H3K4me3,5S-Deu-L2,-0.020365547653502073,0.37761553287226524,-0.0655303764237239,0.02488255464961909
993,HAP-1,H3K4me3,Helitron,0.01335702982339497,0.5840914109703819,-0.03446311825429394,0.06111615614931282
994,HAP-1,H3K4me3,hAT-Tag1,0.023691164278133066,0.33167206968958884,-0.02415313025758469,0.07142718172664056
995,HAP-1,H3K4me3,tRNA,-0.043191459800222605,0.09404893787732378,-0.09355672258391688,0.0073942976933396975
996,HAP-1,H3K4me3,Penelope,-0.05607398517855066,0.1523477048863696,-0.1322894694539603,0.020800650838779303
997,HAP-1,H3K4me3,TcMar-Tc1,0.0009605624303511844,0.9805297809311657,-0.0760657447819397,0.07797547318483983
998,HAP-1,H3K4me3,Dong-R4,0.045853705685624,0.3439688626495482,-0.04919654777312864,0.1400808680191549
999,HAP-1,H3K4me3,tRNA-Deu,0.008796079312513546,0.8577012000577063,-0.08719441347564867,0.104624735646184
1000,HAP-1,H3K4me3,Kolobok,0.018338778945392414,0.7309586196391894,-0.0860696147005394,0.12234873818533235
1001,HAP-1,H3K4me3,PIF-Harbinger,-0.028059902472744674,0.6013747996643423,-0.13266961776364597,0.07716805895297298
1002,HAP-1,H3K4me3,Crypton,-0.10303068728569882,0.08359804515429081,-0.21731689663172457,0.014042165756016498
1003,HAP-1,H3K4me3,Merlin,9.644796823891439e-05,0.9988888142599575,-0.13497387655032297,0.1351632533864255
1004,HAP-1,H3K4me3,TcMar,0.04851501942372409,0.49293208144842193,-0.09022076226444214,0.18540372112759124
1005,HAP-1,H3K4me3,L1-Tx1,-0.008113812734818156,0.9250288336944263,-0.17559305576411635,0.15982187434717454
1006,HAP-1,H3K4me3,Crypton-A,0.06654628973763413,0.45013203142990443,-0.1063808342962387,0.23556606669602842
1007,HAP-1,H3K4me3,I-Jockey,-0.1007042906125475,0.29745163229488125,-0.28388021768655886,0.08956312841906619
1008,HAP-1,H3K4me3,hAT-Tip100?,-0.06096390168970815,0.6350449711120296,-0.3043483007251104,0.1898925135081193
1009,HAP-1,H3K4me3,TcMar-Pogo,-0.08211143695014662,0.6550426211351725,-0.41931933557633366,0.2750069374124147
1010,HAP-1,H3K4me3,hAT?,-0.032754010695187165,0.8564062242139914,-0.3719639847075806,0.3141733056336658
1011,HAP-1,H3K4me3,hAT-hAT19,0.0823529411764706,0.761733078752474,-0.43169432608080366,0.5560223806309977
1012,HL-60,H3K27ac,Alu,0.0001986022707909937,0.8349677261888855,-0.0016698012074178395,0.0020670043623869324
1013,HL-60,H3K27ac,L1,-0.0027595263528547007,0.0453520023866006,-0.005461918950504824,-5.709344906436483e-05
1014,HL-60,H3K27ac,MIR,0.0009681228765143996,0.4867481733815915,-0.0017601490724893762,0.0036963804131978323
1015,HL-60,H3K27ac,L2,0.002463665483141222,0.14127066071600153,-0.00081876670968134,0.005746044587657095
1016,HL-60,H3K27ac,ERVL-MaLR,0.0007856140454594447,0.6955235296564791,-0.0031486984413395327,0.004719902211645215
1017,HL-60,H3K27ac,hAT-Charlie,0.0027728397564542747,0.1937190363860958,-0.0014087932185837056,0.006954375760942125
1018,HL-60,H3K27ac,ERV1,-0.0008571699377805138,0.7803226653930213,-0.006880852875657918,0.005166575205189283
1019,HL-60,H3K27ac,ERVL,-0.003328289682066186,0.2871321334594488,-0.009456516453818491,0.002800187091579331
1020,HL-60,H3K27ac,TcMar-Tigger,-0.0011655274331660449,0.7139964103836461,-0.007398505819816295,0.005067541516450231
1021,HL-60,H3K27ac,hAT-Tip100,0.003901539751631785,0.36841071989061014,-0.004600197863020532,0.012402713392096839
1022,HL-60,H3K27ac,CR1,-0.004583884473467555,0.3316214845236839,-0.013837156194926528,0.004670172303309502
1023,HL-60,H3K27ac,Gypsy,0.007692106405082084,0.3356769496318479,-0.007967985044399103,0.0233484257394214
1024,HL-60,H3K27ac,hAT-Blackjack,-0.0054388180487557345,0.5052696678430464,-0.021436611134235627,0.010561759510341487
1025,HL-60,H3K27ac,TcMar-Mariner,0.006835245413603343,0.40609775931732894,-0.00929063548397813,0.022957571999077452
1026,HL-60,H3K27ac,RTE-X,0.004228313675149294,0.6814654792782767,-0.01596119427939718,0.0244143750979493
1027,HL-60,H3K27ac,ERVK,0.0003405838742309698,0.9769439433745941,-0.02275388577419487,0.023434690224426586
1028,HL-60,H3K27ac,TcMar-Tc2,0.006622757274775426,0.5929078834280459,-0.01765607305191372,0.030893782047033608
1029,HL-60,H3K27ac,SVA,-0.011937985338282305,0.40470099229291534,-0.040000908462170866,0.01614375606348433
1030,HL-60,H3K27ac,RTE-BovB,0.009992041479550344,0.49863365063618337,-0.01895140349811737,0.03891875333906931
1031,HL-60,H3K27ac,tRNA-RTE,-0.02218403313350473,0.16749038276883785,-0.05364595010814545,0.009321884745294823
1032,HL-60,H3K27ac,hAT-Ac,0.004346990109369773,0.8108095484870413,-0.031237533183838127,0.03992050777484073
1033,HL-60,H3K27ac,hAT,-0.021578120017704712,0.2631521129673984,-0.05931977019269853,0.016225132313149638
1034,HL-60,H3K27ac,MULE-MuDR,0.0024255229375366692,0.9074056547561622,-0.038432554670301114,0.04327550385142201
1035,HL-60,H3K27ac,PiggyBac,-0.001941800832353146,0.9293725427342495,-0.04485581853087612,0.04097937017630205
1036,HL-60,H3K27ac,5S-Deu-L2,0.003936944208619816,0.8645469786153483,-0.04127904896261938,0.049136844804864244
1037,HL-60,H3K27ac,Helitron,-0.06104625648964979,0.012172782856104751,-0.10851338088367361,-0.013301397451987253
1038,HL-60,H3K27ac,hAT-Tag1,-0.04211201093025944,0.0841493750435859,-0.08973432743819701,0.005702427277927729
1039,HL-60,H3K27ac,tRNA,-0.006736236911785489,0.794004885673696,-0.05724660237676198,0.04380852580365564
1040,HL-60,H3K27ac,Penelope,-0.05406754706336296,0.16693577850337984,-0.13019137005376125,0.02268996993855834
1041,HL-60,H3K27ac,TcMar-Tc1,0.037304354303031396,0.34269969191187755,-0.039797870326748294,0.11396497437093371
1042,HL-60,H3K27ac,Dong-R4,0.043316022214875544,0.37136055543314694,-0.05172744888703134,0.13758186719718446
1043,HL-60,H3K27ac,tRNA-Deu,0.06826863002274823,0.16355883562291157,-0.02794062340663253,0.1632246860017679
1044,HL-60,H3K27ac,Kolobok,0.004987794046806226,0.9253900656458707,-0.0991523866353082,0.10901989729655932
1045,HL-60,H3K27ac,PIF-Harbinger,0.007761886294848053,0.8851167379350318,-0.09729905857931087,0.1126517515526846
1046,HL-60,H3K27ac,Crypton,0.039235187829816914,0.5109431062347035,-0.0777626653405008,0.15516704521762317
1047,HL-60,H3K27ac,Merlin,-0.03683673658460046,0.5946660589828323,-0.17109896974399894,0.09876866887276349
1048,HL-60,H3K27ac,TcMar,-0.10730740457139643,0.1294591485325971,-0.2424835415120762,0.03195593710593094
1049,HL-60,H3K27ac,L1-Tx1,0.03819582595441576,0.6576672861477132,-0.1304154116982727,0.20465979328032238
1050,HL-60,H3K27ac,Crypton-A,-0.00739877728031132,0.9331578778536325,-0.17869978598086986,0.16433757875364366
1051,HL-60,H3K27ac,I-Jockey,-0.0015197850060235383,0.9874864117797635,-0.1895674205148696,0.18663539723420766
1052,HL-60,H3K27ac,hAT-Tip100?,-0.04436188811188811,0.7256708024725864,-0.28528792404903724,0.2018372452629753
1053,HL-60,H3K27ac,TcMar-Pogo,0.013929618768328446,0.9396845826978194,-0.3364139530266207,0.36088613204076575
1054,HL-60,H3K27ac,hAT?,0.04077540106951872,0.821747003322018,-0.3069634592857564,0.3789093596921448
1055,HL-60,H3K27ac,hAT-hAT19,0.10882352941176471,0.688288293957414,-0.4102793190048086,0.5746643593600581
1056,MG63,H3K9me3,Alu,-0.00046859245097500044,0.6223353977998438,-0.002333246326938911,0.001396064683525442
1057,MG63,H3K9me3,L1,-0.000631003827024691,0.6464962909785898,-0.0033275707798032786,0.002065572302443779
1058,MG63,H3K9me3,MIR,0.0026178570405760515,0.060135025278686464,-0.00011163973180780823,0.005347314806380996
1059,MG63,H3K9me3,L2,-0.0015083865493005688,0.3676981903925042,-0.004790334275351282,0.0017735936713545112
1060,MG63,H3K9me3,ERVL-MaLR,-0.001121269443997782,0.575981840260499,-0.0050507717375579695,0.0028082674769277544
1061,MG63,H3K9me3,hAT-Charlie,-0.00024785179431236355,0.9074853880111816,-0.004427991012339416,0.0039322960854414925
1062,MG63,H3K9me3,ERV1,0.0036259343366029117,0.23566044900962851,-0.0023667459540390613,0.009618354204456564
1063,MG63,H3K9me3,ERVL,-0.0002690542767913428,0.931387510366501,-0.006393735095500128,0.005855646727360202
1064,MG63,H3K9me3,TcMar-Tigger,0.0024822534293271904,0.43488234637734746,-0.0037481982489755913,0.008712512397554238
1065,MG63,H3K9me3,hAT-Tip100,0.0038557652442138602,0.37420890587720157,-0.004648692019103559,0.012359664793255546
1066,MG63,H3K9me3,CR1,0.0005597023387436137,0.9056010575060134,-0.00869054558779467,0.009809854482046609
1067,MG63,H3K9me3,Gypsy,0.002392220836682072,0.7645940118339091,-0.013264700293759863,0.018047969194159394
1068,MG63,H3K9me3,hAT-Blackjack,0.003090461420960454,0.7047147351332658,-0.012892722253488836,0.019072066244403923
1069,MG63,H3K9me3,TcMar-Mariner,0.0012186593842018136,0.8822175508629642,-0.014901944204608983,0.017338629601521244
1070,MG63,H3K9me3,RTE-X,-0.0011043985486660487,0.9146230126207081,-0.021291985252912253,0.01908408836702133
1071,MG63,H3K9me3,ERVK,-0.02022587863897836,0.0826240969536359,-0.04304719866789534,0.0026165372817309202
1072,MG63,H3K9me3,TcMar-Tc2,-0.006154865202096321,0.6192373835359274,-0.030422552455864216,0.018120073947104794
1073,MG63,H3K9me3,SVA,0.012987536799138881,0.3621631908221117,-0.014948637684809429,0.04090345084484759
1074,MG63,H3K9me3,RTE-BovB,0.001669599576820255,0.9100129322165011,-0.027278448546237108,0.03061484974874112
1075,MG63,H3K9me3,tRNA-RTE,-0.021091534965550475,0.1895262871942182,-0.052563773494716394,0.010422560158887829
1076,MG63,H3K9me3,hAT-Ac,0.006962904456596933,0.7011133556144521,-0.028589003430207136,0.04249721883956747
1077,MG63,H3K9me3,hAT,-0.015012645015066703,0.43655351612779514,-0.05279151919582308,0.022809140907893422
1078,MG63,H3K9me3,MULE-MuDR,0.009052720669330704,0.6642735294555493,-0.031822975260557294,0.04989818551583988
1079,MG63,H3K9me3,PiggyBac,-0.015790341339166826,0.4705002648994755,-0.058619690926469445,0.027097031322056302
1080,MG63,H3K9me3,5S-Deu-L2,0.041823589099888356,0.06982954144012778,-0.0034110730588224085,0.08688744204019258
1081,MG63,H3K9me3,Helitron,-0.0321593866513107,0.18662138655847332,-0.07976026375189271,0.015587826093486645
1082,MG63,H3K9me3,hAT-Tag1,-0.027378483133126432,0.26233465687414675,-0.07514193667352188,0.02051031184436272
1083,MG63,H3K9me3,tRNA,-0.028734407509984128,0.2666999449218628,-0.07931041554928067,0.021989152579265762
1084,MG63,H3K9me3,Penelope,-0.07009303442976413,0.07215260993726168,-0.14577977173521225,0.006409418847207754
1085,MG63,H3K9me3,TcMar-Tc1,0.014239986169783565,0.7166581984368379,-0.0626162392361571,0.09092831726679575
1086,MG63,H3K9me3,Dong-R4,-0.0014606220362697517,0.9759639902685857,-0.09623415482193945,0.09333915675180941
1087,MG63,H3K9me3,tRNA-Deu,0.025930140599646177,0.5974939256919589,-0.07029110057522692,0.12167329617234983
1088,MG63,H3K9me3,Kolobok,0.0031761392588974774,0.952516034923861,-0.10109274417291177,0.1073760057351314
1089,MG63,H3K9me3,PIF-Harbinger,-0.028969587978419302,0.5907086891488162,-0.13386570629010008,0.07656848672566745
1090,MG63,H3K9me3,Crypton,0.11798405628748711,0.04737352487248529,0.0009989649089233812,0.2317833987476667
1091,MG63,H3K9me3,Merlin,-0.03630595339515319,0.5999902250430145,-0.17058170803667946,0.09929364483629517
1092,MG63,H3K9me3,TcMar,-0.06737744000610044,0.33711030550714194,-0.20269236533829255,0.07046236637233387
1093,MG63,H3K9me3,L1-Tx1,-0.12283746312011491,0.15424463475468994,-0.2858593280868792,0.04709450962872457
1094,MG63,H3K9me3,Crypton-A,-0.04655850265752135,0.5988833733787322,-0.21709471217054505,0.1267355638241836
1095,MG63,H3K9me3,I-Jockey,0.235677879714577,0.01362357633297206,0.047163926553104064,0.40798105351068
1096,MG63,H3K9me3,hAT-Tip100?,0.08626373626373625,0.4979153440224371,-0.16345590021885154,0.3255948459108008
1097,MG63,H3K9me3,TcMar-Pogo,-0.23607038123167154,0.193340422834009,-0.5438458490190142,0.12768289049685705
1098,MG63,H3K9me3,hAT?,-0.26355996944232235,0.13204265116995284,-0.5566812531724359,0.08792300184545374
1099,MG63,H3K9me3,hAT-hAT19,-0.21470588235294116,0.4245592336201027,-0.6457211026288694,0.32007063586245676
1100,MG63,H3K36me3,Alu,-9.750669252860942e-06,0.9918219476136619,-0.0018742604770771983,0.00185475920636587
1101,MG63,H3K36me3,L1,-4.471371262033059e-05,0.9740766559737817,-0.002741586936580614,0.0026521601617569704
1102,MG63,H3K36me3,MIR,-0.00044656940164605145,0.7484487281861428,-0.003175900818065652,0.0022827686680053074
1103,MG63,H3K36me3,L2,-0.0012527953445860818,0.4543681575147608,-0.004534765965865477,0.0020292022655046702
1104,MG63,H3K36me3,ERVL-MaLR,0.002631606741896785,0.18929985125799287,-0.0012977393683554397,0.0065608715905093005
1105,MG63,H3K36me3,hAT-Charlie,0.001227426096065063,0.5649177139420017,-0.002952401658407236,0.005407210962288223
1106,MG63,H3K36me3,ERV1,0.0029845666538795153,0.3289836511722505,-0.0030079415984377873,0.008976860559451476
1107,MG63,H3K36me3,ERVL,0.0011033794247291685,0.7240111690905076,-0.005021108397429613,0.007227784473813437
1108,MG63,H3K36me3,TcMar-Tigger,-0.0017685180215110566,0.5779530491319265,-0.007998378225612035,0.004461479462509574
1109,MG63,H3K36me3,hAT-Tip100,0.005119787663224463,0.23800929070860713,-0.0033843684355591482,0.013623203274121268
1110,MG63,H3K36me3,CR1,0.00658720414952356,0.1629354093521534,-0.0026661468863021158,0.015839427221718178
1111,MG63,H3K36me3,Gypsy,-0.004357272348632489,0.5854891260989838,-0.02001388187544183,0.01130147370155178
1112,MG63,H3K36me3,hAT-Blackjack,-0.00636374994494335,0.4351222875778088,-0.022342023198446456,0.00961777349826418
1113,MG63,H3K36me3,TcMar-Mariner,0.0033996230443739477,0.679327830574725,-0.012718699731570863,0.019516179547103808
1114,MG63,H3K36me3,RTE-X,-0.01269484200612311,0.21777610694248833,-0.032874214497784854,0.007494876312464906
1115,MG63,H3K36me3,ERVK,0.0010706374727167632,0.9268143504779809,-0.021771875618810655,0.023912033342302394
1116,MG63,H3K36me3,TcMar-Tc2,-8.750226216537169e-05,0.9943632397123977,-0.02435945294319322,0.02418455151929484
1117,MG63,H3K36me3,SVA,0.0028993383287168033,0.8388878902054506,-0.025046513832081473,0.03084066258889875
1118,MG63,H3K36me3,RTE-BovB,0.011603881244458361,0.4321361478079997,-0.017349630058882373,0.040537947793101804
1119,MG63,H3K36me3,tRNA-RTE,-0.012005867158023598,0.455150760224052,-0.04349015278316493,0.01950224178883207
1120,MG63,H3K36me3,hAT-Ac,0.013216162365023518,0.4663558914637034,-0.022346136448946886,0.04874505838735687
1121,MG63,H3K36me3,hAT,-0.006994202399468841,0.7170612282667825,-0.04479656329743982,0.030828159742588474
1122,MG63,H3K36me3,MULE-MuDR,-0.033473900475120756,0.10827909239849594,-0.07422914632100622,0.007392974661418684
1123,MG63,H3K36me3,PiggyBac,0.002981965132569166,0.8914738749396891,-0.03983840781480884,0.04579140540555885
1124,MG63,H3K36me3,5S-Deu-L2,-0.009211086145584238,0.6897220501187736,-0.05438585141793758,0.03600130885713535
1125,MG63,H3K36me3,Helitron,-0.0025742851401546096,0.9157809222318154,-0.050250922383323314,0.04511405807212615
1126,MG63,H3K36me3,hAT-Tag1,-0.018608062125302784,0.44580397746665834,-0.06636338365942296,0.02923231402850971
1127,MG63,H3K36me3,tRNA,-0.007446150658958034,0.7735253653692017,-0.05810601213877882,0.04325196172303135
1128,MG63,H3K36me3,Penelope,-0.017676015422177112,0.6505956598684526,-0.0939298572634569,0.05878400627251714
1129,MG63,H3K36me3,TcMar-Tc1,0.0415430408373604,0.28914052447151883,-0.03532760180469859,0.11792499766352549
1130,MG63,H3K36me3,Dong-R4,-0.019444196045863248,0.6883272408839188,-0.1140297243714828,0.07549066125551028
1131,MG63,H3K36me3,tRNA-Deu,0.0018938035998994872,0.9692439739003194,-0.09415354557931305,0.09790622433070614
1132,MG63,H3K36me3,Kolobok,-0.0690960553700342,0.19400203173699604,-0.17206838359359017,0.035369951524208465
1133,MG63,H3K36me3,PIF-Harbinger,-0.02801203432981571,0.6030457228988408,-0.1329230118099361,0.07751969719267014
1134,MG63,H3K36me3,Crypton,0.0817924347114952,0.17000993127432348,-0.03533570279352832,0.19670399290116158
1135,MG63,H3K36me3,Merlin,-0.08982371738722046,0.19372343481490786,-0.2224568218846192,0.04607378170702243
1136,MG63,H3K36me3,TcMar,-0.20794090014100916,0.002773127590846101,-0.3367333776866733,-0.07151062968728247
1137,MG63,H3K36me3,L1-Tx1,-0.09250493259158084,0.28231703607906655,-0.2565829443457145,0.07675550444917333
1138,MG63,H3K36me3,Crypton-A,-0.04779846043346519,0.5891752802112791,-0.21828338844239334,0.12551761248770543
1139,MG63,H3K36me3,I-Jockey,0.28096561949772964,0.003082337350806516,0.09435941473453853,0.44849866601138905
1140,MG63,H3K36me3,hAT-Tip100?,0.037866300366300364,0.7664157853271849,-0.2099826524469825,0.28114234513079345
1141,MG63,H3K36me3,TcMar-Pogo,-0.22727272727272727,0.2109542734664188,-0.5370053222836341,0.1364577312108035
1142,MG63,H3K36me3,hAT?,-0.18349885408708938,0.29889543853741474,-0.4934207637919829,0.16776862048473853
1143,MG63,H3K36me3,hAT-hAT19,-0.27058823529411763,0.31076062710233504,-0.6809886999053857,0.2691605637560616
1144,MG63,H3K27me3,Alu,0.0004366362508341881,0.6462256989787665,-0.0014277845770560747,0.0023010540431768153
1145,MG63,H3K27me3,L1,0.003127619121999035,0.02298547230232182,0.00043153115404103733,0.005823661621638281
1146,MG63,H3K27me3,MIR,0.0004867090061029097,0.7266816975567532,-0.0022423726271845893,0.003215783389501019
1147,MG63,H3K27me3,L2,6.397594426728785e-05,0.969517298129343,-0.003217313532498126,0.0033452640433931234
1148,MG63,H3K27me3,ERVL-MaLR,0.0012562290898217494,0.5308827717134479,-0.0026728036180990794,0.005185223012498559
1149,MG63,H3K27me3,hAT-Charlie,0.0007993527690762191,0.707766275639508,-0.003380099585536163,0.0049787771979536025
1150,MG63,H3K27me3,ERV1,0.0020181923807462607,0.5091287865496086,-0.003973350825409429,0.008009590689294396
1151,MG63,H3K27me3,ERVL,0.002326030510105129,0.4565566123672441,-0.0037972284560553703,0.008449115054517257
1152,MG63,H3K27me3,TcMar-Tigger,0.0026341217504445833,0.40724950109396285,-0.0035955453494117664,0.008863584401635805
1153,MG63,H3K27me3,hAT-Tip100,0.002100180746798072,0.6283487299270782,-0.0064035758524478474,0.010603633611131893
1154,MG63,H3K27me3,CR1,0.0053825993856167365,0.2540554556973037,-0.003867141279524588,0.014631419070109536
1155,MG63,H3K27me3,Gypsy,0.015447397766408903,0.053139226738249,-0.00020998875661831163,0.031097212170370894
1156,MG63,H3K27me3,hAT-Blackjack,-0.0022680207998236686,0.7808122241680948,-0.018241393796499795,0.013706509651538029
1157,MG63,H3K27me3,TcMar-Mariner,-0.0035686099113518255,0.664233609373269,-0.019679662018209906,0.012544295011754109
1158,MG63,H3K27me3,RTE-X,0.0068648026266083595,0.5050382942394649,-0.013319983392020333,0.02704399613905945
1159,MG63,H3K27me3,ERVK,-0.007752236010407616,0.5056686354898515,-0.030572098909787054,0.01507570412619773
1160,MG63,H3K27me3,TcMar-Tc2,0.005303573214274403,0.668434658644298,-0.01896545893424233,0.029566359335075443
1161,MG63,H3K27me3,SVA,0.025233167800425862,0.07676798842363337,-0.0027169578583184084,0.05314389916153755
1162,MG63,H3K27me3,RTE-BovB,0.0062704341773728856,0.6711174273552001,-0.02267120713755978,0.035201574426198555
1163,MG63,H3K27me3,tRNA-RTE,0.004020227654029633,0.802600079211998,-0.027495193139808412,0.03552766438690091
1164,MG63,H3K27me3,hAT-Ac,0.0069168086988441735,0.7029511889005016,-0.028629211725369547,0.0424453578320727
1165,MG63,H3K27me3,hAT,0.023257458979644523,0.22804634885010402,-0.014567169857779769,0.06101561979677541
1166,MG63,H3K27me3,MULE-MuDR,-0.014019706816323432,0.5013790581463289,-0.0548445067164758,0.026851888137284636
1167,MG63,H3K27me3,PiggyBac,0.03285736825349599,0.13309946433640188,-0.010034684694573175,0.07562873382662184
1168,MG63,H3K27me3,5S-Deu-L2,0.013768170985180985,0.5507711995434845,-0.03146202381236218,0.05894209216601681
1169,MG63,H3K27me3,Helitron,0.006205567359473861,0.7987248964290431,-0.041475781877269344,0.053858715347025445
1170,MG63,H3K27me3,hAT-Tag1,0.006335183416817532,0.7949709993686802,-0.041431267651645905,0.054072741674313425
1171,MG63,H3K27me3,tRNA,-0.024392131201900275,0.3459476069582782,-0.07500493217730747,0.026346022344422383
1172,MG63,H3K27me3,Penelope,-0.010985596347670143,0.7781746303317858,-0.08723154907107634,0.06538831450251772
1173,MG63,H3K27me3,TcMar-Tc1,-0.008260008096356129,0.8331414161637642,-0.0849325099709642,0.06850973935296778
1174,MG63,H3K27me3,Dong-R4,-0.03610862226473529,0.45728421009696907,-0.13070014348952638,0.05913436646116643
1175,MG63,H3K27me3,tRNA-Deu,-0.010653938152884103,0.8282764020926494,-0.1065777442789672,0.08546635367315579
1176,MG63,H3K27me3,Kolobok,-0.04336125899866478,0.4153640254004718,-0.14683484846355924,0.06105103815107841
1177,MG63,H3K27me3,PIF-Harbinger,-0.036459294700995515,0.49782389383007686,-0.14108401793844222,0.06897083480221153
1178,MG63,H3K27me3,Crypton,0.027798452220723396,0.6414570365172503,-0.08911026707733354,0.143951619615475
1179,MG63,H3K27me3,Merlin,-0.08564004724175762,0.21538954355410175,-0.21842189493480396,0.05025528774932217
1180,MG63,H3K27me3,TcMar,-0.07579709529427968,0.2800674148576078,-0.21083331534760316,0.06207783083585782
1181,MG63,H3K27me3,L1-Tx1,-0.04174732385794992,0.6294011166201822,-0.2086849905741015,0.12755425620548672
1182,MG63,H3K27me3,Crypton-A,-0.08165695503341193,0.3557029582104815,-0.250594955598714,0.09210737160482996
1183,MG63,H3K27me3,I-Jockey,0.05245111667130016,0.588048929303961,-0.1371307174264575,0.2383261524068776
1184,MG63,H3K27me3,hAT-Tip100?,0.16144688644688643,0.2024866275176877,-0.08946582211062759,0.39309003256628483
1185,MG63,H3K27me3,TcMar-Pogo,-0.343841642228739,0.05399341355678166,-0.6248984245127986,0.01611493902806239
1186,MG63,H3K27me3,hAT?,-0.13919022154316268,0.4324027223688198,-0.4572434632845043,0.21042988968112855
1187,MG63,H3K27me3,hAT-hAT19,-0.3029411764705882,0.25406688060961147,-0.7007044030116498,0.23849092756482004
1188,MG63,H3K4me3,Alu,0.0010028090193873601,0.29202011462099,-0.0008624939179936965,0.0028681049785302575
1189,MG63,H3K4me3,L1,-0.0020502253258361477,0.13620571620885144,-0.00474696314089225,0.0006465423097712276
1190,MG63,H3K4me3,MIR,0.0006191348548728792,0.6566578643933891,-0.0021106594083267084,0.003348919890790725
1191,MG63,H3K4me3,L2,-0.0010276705392101278,0.5394143135933303,-0.004309709269332468,0.002254390330763219
1192,MG63,H3K4me3,ERVL-MaLR,0.0059693427956746875,0.0029114986064446543,0.0020392161588864972,0.009899285030855678
1193,MG63,H3K4me3,hAT-Charlie,0.0011696524553203758,0.5834544791213885,-0.0030110589601728766,0.005350322983972399
1194,MG63,H3K4me3,ERV1,0.00027420514404393137,0.9285458668599955,-0.005718889770427586,0.0062672803612240265
1195,MG63,H3K4me3,ERVL,-0.0003446189867744157,0.912192044392812,-0.006469655633538929,0.005780443517605096
1196,MG63,H3K4me3,TcMar-Tigger,-0.00041618889636841207,0.8958438046158985,-0.006647059764727802,0.005814714288192993
1197,MG63,H3K4me3,hAT-Tip100,-0.006510898179029126,0.13348885682000003,-0.015014750350987729,0.0019938958148855417
1198,MG63,H3K4me3,CR1,-0.0008575896190131844,0.8558366070273984,-0.010109155957996918,0.008394123527137046
1199,MG63,H3K4me3,Gypsy,-0.004949248648406191,0.5355735569831339,-0.020604649313644537,0.010708578490530144
1200,MG63,H3K4me3,hAT-Blackjack,0.005289808226858645,0.5165449657160055,-0.010693184926403644,0.02127009913419707
1201,MG63,H3K4me3,TcMar-Mariner,-0.019975626138442715,0.015163432683876026,-0.03608809681182014,-0.0038527728257139
1202,MG63,H3K4me3,RTE-X,0.0033375052066195524,0.7459599343275304,-0.016852812842135592,0.023525102530803473
1203,MG63,H3K4me3,ERVK,-0.00887788104597793,0.4463447563485563,-0.03171852667789524,0.013972032168830806
1204,MG63,H3K4me3,TcMar-Tc2,-0.0091959863283812,0.4579381183932453,-0.03346847720050712,0.015087346001219531
1205,MG63,H3K4me3,SVA,-0.003907857928488565,0.7842044825507439,-0.031868148072042184,0.024058543797302108
1206,MG63,H3K4me3,RTE-BovB,0.013718142308208729,0.3531590479530785,-0.015242298924282097,0.04265558647739456
1207,MG63,H3K4me3,tRNA-RTE,-0.01792080984472239,0.26478741235264575,-0.049386928611074035,0.013580847799468963
1208,MG63,H3K4me3,hAT-Ac,-0.0048216533049387136,0.7904732813574293,-0.04037103620878081,0.030739920873565287
1209,MG63,H3K4me3,hAT,0.016895013495323793,0.38125150730004576,-0.020927761278224516,0.05466949746345178
1210,MG63,H3K4me3,MULE-MuDR,-0.00020356860425423354,0.9922079908064247,-0.04103969796810919,0.04063323970863527
1211,MG63,H3K4me3,PiggyBac,0.038681703281836954,0.07692003801747692,-0.004197378885483075,0.08141880242696622
1212,MG63,H3K4me3,5S-Deu-L2,-0.00969372379871091,0.6746195929048175,-0.0549032539511877,0.03555547088231574
1213,MG63,H3K4me3,Helitron,-0.02086754966450325,0.3909900255598707,-0.06845917360115897,0.026818832188964054
1214,MG63,H3K4me3,hAT-Tag1,-0.03716856055916432,0.12802365411387068,-0.0848869910953565,0.010719977634117377
1215,MG63,H3K4me3,tRNA,0.01916209571990278,0.4586335464208803,-0.031520373679339825,0.06974627610447492
1216,MG63,H3K4me3,Penelope,-0.05209728057128028,0.18162863410910132,-0.12801389808083904,0.024426293312824383
1217,MG63,H3K4me3,TcMar-Tc1,-0.03688485752116883,0.347413924567218,-0.11343214293767583,0.04009773090126422
1218,MG63,H3K4me3,Dong-R4,0.01724683315664177,0.7223124796259202,-0.07778534625237453,0.1119684220263553
1219,MG63,H3K4me3,tRNA-Deu,-0.09123951377733952,0.06267993985870703,-0.18583645215353098,0.005033231113489146
1220,MG63,H3K4me3,Kolobok,0.010409577540937475,0.8450445600881588,-0.09378290018545565,0.1143765058334536
1221,MG63,H3K4me3,PIF-Harbinger,0.05016723836496578,0.3507795821761449,-0.05532135722695241,0.15454826278207034
1222,MG63,H3K4me3,Crypton,0.0787991665865931,0.1862360019782769,-0.03833027360060185,0.1937926329382366
1223,MG63,H3K4me3,Merlin,-0.0345711674233857,0.617538890310089,-0.16889072756277185,0.1010090557274577
1224,MG63,H3K4me3,TcMar,-0.11528220715239415,0.09976592674914424,-0.24882233089029893,0.022559160702145566
1225,MG63,H3K4me3,L1-Tx1,-0.04497718938012947,0.603104393303563,-0.21178928212261935,0.12438136073922589
1226,MG63,H3K4me3,Crypton-A,0.05330179725841418,0.5469792731790906,-0.12010720753646863,0.22355453871758896
1227,MG63,H3K4me3,I-Jockey,0.02333426003150774,0.8096783577674742,-0.16551905169356373,0.21053676279829295
1228,MG63,H3K4me3,hAT-Tip100?,0.13402014652014652,0.2910588005080944,-0.11670645922180552,0.3686875241523375
1229,MG63,H3K4me3,TcMar-Pogo,-0.4882697947214076,0.004579667979580785,-0.7253406269247958,-0.1476604855447537
1230,MG63,H3K4me3,hAT?,-0.12207792207792205,0.4915886154564765,-0.4430496030142585,0.22663479224546992
1231,MG63,H3K4me3,hAT-hAT19,0.049999999999999996,0.8540995521297436,-0.45730167066061606,0.5327502893761625
1232,VCaP,CTCF,Alu,-0.000503951404119087,0.5957955676513164,-0.0023659795183095583,0.0013580802046277388
1233,VCaP,CTCF,L1,-0.0017497661029005132,0.20324456558108306,-0.004445108082964117,0.0009456013011216408
1234,VCaP,CTCF,MIR,9.388837729896748e-05,0.9461667469708543,-0.0026314391675273216,0.0028192145274309704
1235,VCaP,CTCF,L2,-0.00011513047933210117,0.9451583087140396,-0.003395507900487116,0.0031652494196344476
1236,VCaP,CTCF,ERVL-MaLR,-0.004959242276899464,0.013248485391484321,-0.008883147373779935,-0.001035184455102709
1237,VCaP,CTCF,hAT-Charlie,-0.0005107608178710343,0.8104666134969776,-0.0046849276870744895,0.003663423850067869
1238,VCaP,CTCF,ERV1,-0.0025057685726650415,0.411626107546357,-0.008487337721857125,0.003475979891665154
1239,VCaP,CTCF,ERVL,0.0029759565166378064,0.34025911473078485,-0.0031403005909178177,0.00909199097758682
1240,VCaP,CTCF,TcMar-Tigger,0.0011640114049691157,0.7138953751717054,-0.005058650716323096,0.007386583382854234
1241,VCaP,CTCF,hAT-Tip100,-0.00046373024628916726,0.9147980128119971,-0.008958777295426453,0.008031383734340867
1242,VCaP,CTCF,CR1,-0.0011936511891677433,0.8002165856946387,-0.010437977703101132,0.008050879342625345
1243,VCaP,CTCF,Gypsy,0.00582042264668188,0.4660365612947921,-0.009829519732540273,0.021467514364723835
1244,VCaP,CTCF,hAT-Blackjack,-0.008684368323486694,0.2862369178095755,-0.02464149090932358,0.007277178419455027
1245,VCaP,CTCF,TcMar-Mariner,0.004072284202676384,0.6199223043317332,-0.012020596803729926,0.020163056163542314
1246,VCaP,CTCF,RTE-X,-0.007321318029746411,0.4770681288686881,-0.027497019244943025,0.012860345682136788
1247,VCaP,CTCF,ERVK,-0.004384166212270208,0.7061343290277808,-0.027167895583806757,0.018404115782940263
1248,VCaP,CTCF,TcMar-Tc2,-0.0028594406167251458,0.8172556168283511,-0.027107309400169113,0.021391791129054892
1249,VCaP,CTCF,SVA,-0.015443729367868381,0.2782472925620405,-0.04333928503098477,0.012475888213985395
1250,VCaP,CTCF,RTE-BovB,0.01780891194721895,0.22744376724244145,-0.011114294479902479,0.04670234344740251
1251,VCaP,CTCF,tRNA-RTE,-0.01217675777004822,0.4484651974981918,-0.043640473480459394,0.01931108914687374
1252,VCaP,CTCF,hAT-Ac,0.01795322809766903,0.32199846248642927,-0.017581889510429778,0.05344304821936533
1253,VCaP,CTCF,hAT,0.0028990213428117338,0.8804485809810882,-0.034869455201767804,0.04065922896531941
1254,VCaP,CTCF,MULE-MuDR,0.010927942092776454,0.5999308426011636,-0.029905369420482244,0.05172484014227646
1255,VCaP,CTCF,PiggyBac,-0.004277503010325132,0.8448681830965816,-0.04709448249201595,0.038555166344551105
1256,VCaP,CTCF,5S-Deu-L2,-0.030195606567982862,0.1902895423886517,-0.07527562350881678,0.015007585519473067
1257,VCaP,CTCF,Helitron,-0.023718896901026326,0.3286694654712742,-0.0712154504399166,0.023884974806580837
1258,VCaP,CTCF,hAT-Tag1,-0.005712991044455711,0.8147217855712172,-0.05345223587376443,0.04205230906633543
1259,VCaP,CTCF,tRNA,0.029224820505507766,0.2570319175323603,-0.02132993513173263,0.07963050469719053
1260,VCaP,CTCF,Penelope,0.026977835481575757,0.48867910998106445,-0.04939663380198001,0.10303864238941098
1261,VCaP,CTCF,TcMar-Tc1,-0.007837505559010865,0.8413202805438622,-0.08439572430391709,0.06881270299056128
1262,VCaP,CTCF,Dong-R4,0.00500901677354941,0.9177050858673728,-0.08982102642573114,0.09974905367959845
1263,VCaP,CTCF,tRNA-Deu,-0.05077209792192298,0.30038992993107794,-0.14603696658951493,0.04542575481485317
1264,VCaP,CTCF,Kolobok,0.1331902359723438,0.012132016215661472,0.028900186173414787,0.2346118241262171
1265,VCaP,CTCF,PIF-Harbinger,-0.00818462930415093,0.8789065536374959,-0.11306931172174521,0.09688044980270132
1266,VCaP,CTCF,Crypton,0.07194750251931477,0.2276048656559545,-0.045178922908185426,0.18712267567686153
1267,VCaP,CTCF,Merlin,0.04530229342185397,0.5117929395103745,-0.0900650428637197,0.17902614689008514
1268,VCaP,CTCF,TcMar,-0.08405803650597753,0.23312071025062903,-0.21946297102584889,0.05452399267435082
1269,VCaP,CTCF,L1-Tx1,0.016976700502100112,0.8439052513938008,-0.15118112490739158,0.1841796007062993
1270,VCaP,CTCF,Crypton-A,-0.01966067584659927,0.8236198937589294,-0.19055973141034716,0.15239503809232324
1271,VCaP,CTCF,I-Jockey,-0.12633676211657865,0.19052083634269698,-0.30782600104588453,0.06402351876944741
1272,VCaP,CTCF,hAT-Tip100?,-0.030357142857142857,0.8117837771773193,-0.2741743807176982,0.2171270293745599
1273,VCaP,CTCF,TcMar-Pogo,0.11107038123167154,0.5450538066581163,-0.24824943396599305,0.4435225486000175
1274,VCaP,CTCF,hAT?,-0.0426279602750191,0.8108163771070416,-0.37551974665505833,0.30000581643505614
1275,VCaP,CTCF,hAT-hAT19,0.22941176470588234,0.39272049088161975,-0.30691283867300784,0.6551510666048215
1276,VCaP,H3K27ac,Alu,0.0014273374117717823,0.1330452052963927,-0.0004349512532274668,0.0032896161764512945
1277,VCaP,H3K27ac,L1,-0.00033830095763683586,0.8056980360090897,-0.0030338732685813745,0.002357276269581231
1278,VCaP,H3K27ac,MIR,0.0024370990795484666,0.07967074846285001,-0.00028835758707233106,0.005162519540335408
1279,VCaP,H3K27ac,L2,-0.0017849358794499266,0.2862265134441805,-0.005065370230684809,0.0014955368886380392
1280,VCaP,H3K27ac,ERVL-MaLR,0.002250828547024826,0.26095560102107956,-0.0016735675362004193,0.00617515530162212
1281,VCaP,H3K27ac,hAT-Charlie,0.002327395920212732,0.2745104698338613,-0.0018471072227076806,0.0065018179476493765
1282,VCaP,H3K27ac,ERV1,-0.0007805911236367989,0.7981540244071381,-0.006762943991287202,0.005201817617011889
1283,VCaP,H3K27ac,ERVL,-0.002493536858798539,0.4243299733936571,-0.00861058439151036,0.003623697288439949
1284,VCaP,H3K27ac,TcMar-Tigger,0.0010105863589096047,0.7502705464017422,-0.0052125104888039175,0.007233604933704494
1285,VCaP,H3K27ac,hAT-Tip100,0.007711847536083234,0.07519876306547227,-0.0007834119721901754,0.01620599400465569
1286,VCaP,H3K27ac,CR1,-0.0005833221969266713,0.9015772536179694,-0.009827811217579897,0.00866126652693913
1287,VCaP,H3K27ac,Gypsy,0.008513245088000398,0.2863643365463179,-0.0071379016806036874,0.024160221883906763
1288,VCaP,H3K27ac,hAT-Blackjack,-0.0019369395959534584,0.8120496112385309,-0.017900873248293966,0.014027981368327514
1289,VCaP,H3K27ac,TcMar-Mariner,-0.01328241430191634,0.10579352335521729,-0.029372126341934944,0.002814178965124745
1290,VCaP,H3K27ac,RTE-X,-0.010305340853033668,0.3169302453074258,-0.03048010045143892,0.009877812105566392
1291,VCaP,H3K27ac,ERVK,-0.016624623333427957,0.15286687803483703,-0.03940376193886324,0.0061717857992411125
1292,VCaP,H3K27ac,TcMar-Tc2,-0.017512844004192174,0.15703004899634923,-0.04175038001114483,0.006745291934724111
1293,VCaP,H3K27ac,SVA,0.000910459988721588,0.9490309239339697,-0.02699997753624305,0.028819479101550836
1294,VCaP,H3K27ac,RTE-BovB,-0.026985503358031362,0.06738668041799069,-0.05586235864584361,0.0019364600327896
1295,VCaP,H3K27ac,tRNA-RTE,-0.00014627767849288118,0.9927324500940968,-0.031613237089061656,0.03132097141415051
1296,VCaP,H3K27ac,hAT-Ac,-0.0003134872722727168,0.9861994523434027,-0.035822472755540055,0.03519628877338368
1297,VCaP,H3K27ac,hAT,0.006911785373845276,0.7199052558133086,-0.03086130050412296,0.04466515705004205
1298,VCaP,H3K27ac,MULE-MuDR,0.03131075756528304,0.1328917839314976,-0.009539042937897462,0.07205622576425794
1299,VCaP,H3K27ac,PiggyBac,-0.01825281852726895,0.40370430711909044,-0.0610340785507789,0.02459538228262275
1300,VCaP,H3K27ac,5S-Deu-L2,0.050124112231411756,0.02958786630656414,0.004946555799033836,0.09509747264435289
1301,VCaP,H3K27ac,Helitron,-0.028846900649053313,0.23480969026936627,-0.07632226388195439,0.018758965274432177
1302,VCaP,H3K27ac,hAT-Tag1,-0.006813446067280722,0.7798771388957115,-0.054549689109744344,0.04095387089666984
1303,VCaP,H3K27ac,tRNA,0.012431426467709273,0.629772487525539,-0.03810694685129076,0.06290636680068644
1304,VCaP,H3K27ac,Penelope,0.05448289446239321,0.16209018671506592,-0.02198176048877421,0.13031384248300004
1305,VCaP,H3K27ac,TcMar-Tc1,0.02249180661794788,0.5655582855297445,-0.054218997041177705,0.09893867930937073
1306,VCaP,H3K27ac,Dong-R4,0.07320290818839198,0.13052526875384216,-0.021861927092525043,0.16695585577529595
1307,VCaP,H3K27ac,tRNA-Deu,0.048702654498689206,0.3205462766864106,-0.04749091493994123,0.1440011762381697
1308,VCaP,H3K27ac,Kolobok,-0.11138521559183982,0.035923832235651924,-0.21331255799999654,-0.0070592472722934
1309,VCaP,H3K27ac,PIF-Harbinger,0.090122528426808,0.09276099432340476,-0.015213159975253661,0.19347978250993178
1310,VCaP,H3K27ac,Crypton,-0.05082575633637366,0.3951759632321883,-0.16671450075597039,0.06644808318511845
1311,VCaP,H3K27ac,Merlin,-0.030216432606247224,0.6617802025887078,-0.1643265675490515,0.10499051001815984
1312,VCaP,H3K27ac,TcMar,0.0126503425106954,0.8578326450248893,-0.1252831900530072,0.15010411037018548
1313,VCaP,H3K27ac,L1-Tx1,-0.0754395565404663,0.3809451335752422,-0.2403438271582008,0.09369702193930539
1314,VCaP,H3K27ac,Crypton-A,0.054049509352923596,0.5397808909356634,-0.11869997719393083,0.22362309241091688
1315,VCaP,H3K27ac,I-Jockey,0.01359466221851543,0.8884209146676096,-0.17496297591776214,0.2011903654034814
1316,VCaP,H3K27ac,hAT-Tip100?,0.11717032967032964,0.35649237549165647,-0.13329848257586957,0.3535704816703409
1317,VCaP,H3K27ac,TcMar-Pogo,0.1726539589442815,0.34468816939286695,-0.18992329168382743,0.4937894382037194
1318,VCaP,H3K27ac,hAT?,0.19908326967150494,0.258995359146845,-0.1525137115060102,0.5059480528059057
1319,VCaP,H3K27ac,hAT-hAT19,-0.1411764705882353,0.6020026838819791,-0.5969684892475311,0.38351326982565126
1320,C4-2B,CTCF,Alu,-0.0012327547509656653,0.19580729085570556,-0.003100538516622856,0.0006350376159605833
1321,C4-2B,CTCF,L1,-0.0006901158835373629,0.616478054488026,-0.003390728859875568,0.0020105071593019266
1322,C4-2B,CTCF,MIR,0.0013796879475713438,0.32163907031888395,-0.0013487489834727688,0.0041081043369211555
1323,C4-2B,CTCF,L2,0.0011630828874717336,0.48737449991462156,-0.0021193238888376296,0.0044454646013766495
1324,C4-2B,CTCF,ERVL-MaLR,0.0010006545526559613,0.618161839739834,-0.0029339772265753713,0.0049352553491790775
1325,C4-2B,CTCF,hAT-Charlie,0.0018817792680140624,0.37785260225851536,-0.002300546063079256,0.006064038768327252
1326,C4-2B,CTCF,ERV1,0.0028435312110405672,0.35462057298178606,-0.0031772677853303673,0.008864124056673675
1327,C4-2B,CTCF,ERVL,0.0036844895975171282,0.23871809212952702,-0.0024447981326877546,0.009813500497418418
1328,C4-2B,CTCF,TcMar-Tigger,-0.00521810519572391,0.1009095338866302,-0.011452160846900547,0.0010163560800265246
1329,C4-2B,CTCF,hAT-Tip100,-0.001655406488505909,0.7027226563887412,-0.01015650216572272,0.006845928464011599
1330,C4-2B,CTCF,CR1,0.009489009280370764,0.04445938905529264,0.0002348052446825386,0.01874158817208973
1331,C4-2B,CTCF,Gypsy,-0.010534762033020208,0.1873211773910641,-0.026189776061860404,0.005125417980784786
1332,C4-2B,CTCF,hAT-Blackjack,-0.01244600267398067,0.12723080686358954,-0.028435173303915994,0.0035495352066593003
1333,C4-2B,CTCF,TcMar-Mariner,-0.010824563387622277,0.18912116262025808,-0.02697563345555999,0.005332156645532011
1334,C4-2B,CTCF,RTE-X,0.003036565134944594,0.7681542982318914,-0.017151517195592318,0.023222172589208685
1335,C4-2B,CTCF,ERVK,0.02277515858708302,0.052711349666265304,-0.0002695351049804388,0.04579567526066873
1336,C4-2B,CTCF,TcMar-Tc2,-0.004963823223050433,0.6890895459191557,-0.02927349246329693,0.01935171442018644
1337,C4-2B,CTCF,SVA,0.0040178590153928115,0.7789252969443662,-0.024031533383895094,0.03206093048822852
1338,C4-2B,CTCF,RTE-BovB,0.019593049018108807,0.18449504790498206,-0.009349116704940576,0.048502415154678714
1339,C4-2B,CTCF,tRNA-RTE,0.0055822465708178235,0.7283375660260054,-0.025914020140923654,0.03706744148821167
1340,C4-2B,CTCF,hAT-Ac,-0.003658040427929425,0.8403268884789161,-0.03922671782756555,0.03191989530414238
1341,C4-2B,CTCF,hAT,-0.014202161941520812,0.4618026255905069,-0.051989891642750766,0.023626178429368167
1342,C4-2B,CTCF,MULE-MuDR,-0.0005116307930371223,0.980413674610547,-0.041338379181578636,0.04031682326354722
1343,C4-2B,CTCF,PiggyBac,-0.032313610871222656,0.14021308678542577,-0.07514853993761639,0.010640352047860083
1344,C4-2B,CTCF,5S-Deu-L2,-0.03541762685970441,0.12445061775263057,-0.08047541392021516,0.009784612476168119
1345,C4-2B,CTCF,Helitron,0.0036608799482945463,0.8806355931225608,-0.044100427916587186,0.05140549145018913
1346,C4-2B,CTCF,hAT-Tag1,-0.010804409089640546,0.6579132821501745,-0.05857157099359463,0.03701211440557951
1347,C4-2B,CTCF,tRNA,0.007388724144697546,0.7746399202292346,-0.04317416834710788,0.05791386267040058
1348,C4-2B,CTCF,Penelope,0.030299855110013228,0.4391872922378979,-0.046492000167381156,0.106735684489273
1349,C4-2B,CTCF,TcMar-Tc1,-0.0008411181500629801,0.9828977391744959,-0.07761999881968339,0.07594768058472355
1350,C4-2B,CTCF,Dong-R4,0.02537683470748452,0.600592260889834,-0.06959256268764696,0.11989037896637228
1351,C4-2B,CTCF,tRNA-Deu,-0.009129046926422496,0.852375149660761,-0.10495421543177286,0.08686408371059709
1352,C4-2B,CTCF,Kolobok,0.060081009607487336,0.25955729321062265,-0.04452658355399425,0.16338537708185238
1353,C4-2B,CTCF,PIF-Harbinger,-0.030792417303160173,0.5664266616625555,-0.1353595416001374,0.07445310498515928
1354,C4-2B,CTCF,Crypton,-0.01579546557075559,0.7913474396048364,-0.1321567808565352,0.10099527521525319
1355,C4-2B,CTCF,Merlin,-0.0005774103529005205,0.9933476776344636,-0.13563540916029873,0.1345016564428173
1356,C4-2B,CTCF,TcMar,-0.0035754115928489354,0.9597231908475673,-0.14155697657076097,0.13454243348762004
1357,C4-2B,CTCF,L1-Tx1,0.0986632161139234,0.25136375799558974,-0.07062363494623759,0.2624258391486766
1358,C4-2B,CTCF,Crypton-A,-0.03372466655804972,0.7032663364900358,-0.20476932737318265,0.13931864182416798
1359,C4-2B,CTCF,I-Jockey,-0.07883421369659903,0.4151675022861785,-0.2633105005599185,0.11120411138105875
1360,C4-2B,CTCF,hAT-Tip100?,-0.1395541958041958,0.2675480240418555,-0.37187354039497816,0.10921639490246891
1361,C4-2B,CTCF,TcMar-Pogo,0.2214076246334311,0.22329078484683196,-0.1422818105272471,0.5324263658970569
1362,C4-2B,CTCF,hAT?,-0.0982620320855615,0.586423057886333,-0.42786612718183725,0.25440910622734336
1363,C4-2B,CTCF,hAT-hAT19,0.06470588235294117,0.8118214513105935,-0.44573770486135694,0.5433955247540582
1364,C4-2B,H3K27ac,Alu,-0.000808730952142311,0.39602198327127835,-0.0026762825251546553,0.0010588262621917053
1365,C4-2B,H3K27ac,L1,-0.0010026000301711791,0.4672850559971551,-0.0037059158200176165,0.001700730413603548
1366,C4-2B,H3K27ac,MIR,0.0012186167871516959,0.38942009132452016,-0.0015564860370340418,0.0039937008418238235
1367,C4-2B,H3K27ac,L2,-0.0015748727121249622,0.3471493534364848,-0.004858094495903728,0.0017083830249125622
1368,C4-2B,H3K27ac,ERVL-MaLR,0.0020833332638323784,0.29995930357089684,-0.001856063173850461,0.006022665040446862
1369,C4-2B,H3K27ac,hAT-Charlie,-0.0007999519472470874,0.7104906898938468,-0.005023755040067604,0.0034238796888901176
1370,C4-2B,H3K27ac,ERV1,-0.002791718622176815,0.364775713819651,-0.008828886516310724,0.003245652782152444
1371,C4-2B,H3K27ac,ERVL,0.0002999454284970436,0.923705297106401,-0.005838649290743469,0.0064385175425244546
1372,C4-2B,H3K27ac,TcMar-Tigger,0.004926675677511314,0.12666900527944996,-0.0013954245681996782,0.011248382110073177
1373,C4-2B,H3K27ac,hAT-Tip100,0.004641546219381093,0.2871230511815207,-0.00390494566007476,0.013187360077525351
1374,C4-2B,H3K27ac,CR1,0.0005669572716316084,0.9046996485424175,-0.008714145603754742,0.009847962473896379
1375,C4-2B,H3K27ac,Gypsy,0.007529264384811464,0.3471190540286041,-0.008166930130162554,0.023221749588646676
1376,C4-2B,H3K27ac,hAT-Blackjack,-0.005196717415701728,0.5346883615452116,-0.02159905251001635,0.011208414445258748
1377,C4-2B,H3K27ac,TcMar-Mariner,-0.021925996930610744,0.011982097449267428,-0.03901711205501124,-0.00482205658825811
1378,C4-2B,H3K27ac,RTE-X,0.008907285069015614,0.38728492035236717,-0.01128641400349513,0.02909372165487014
1379,C4-2B,H3K27ac,ERVK,-0.0003134107436492526,0.9787785761552268,-0.02340272386654104,0.022776236552914338
1380,C4-2B,H3K27ac,TcMar-Tc2,-0.004419164759898053,0.7275174305611165,-0.029270462718604756,0.0204375929421353
1381,C4-2B,H3K27ac,SVA,0.01074600310789687,0.45303853180637765,-0.0173238474789554,0.038798928044522465
1382,C4-2B,H3K27ac,RTE-BovB,-0.014031565287400237,0.34210945854162755,-0.04295909469185802,0.01491947111073268
1383,C4-2B,H3K27ac,tRNA-RTE,0.004929931860202202,0.7617659565035741,-0.026938303559798496,0.03678815665834023
1384,C4-2B,H3K27ac,hAT-Ac,-0.006482336687468431,0.7218615481017319,-0.04215256695692426,0.029204397708767534
1385,C4-2B,H3K27ac,hAT,0.03175584249791504,0.10594663780227936,-0.006755271169148152,0.07017289681946717
1386,C4-2B,H3K27ac,MULE-MuDR,0.023304921578863845,0.2641129757244826,-0.017607161395273265,0.06413909531744297
1387,C4-2B,H3K27ac,PiggyBac,-0.012679559796721342,0.5737164483436081,-0.05680180749253407,0.03149211959826082
1388,C4-2B,H3K27ac,5S-Deu-L2,-0.016797569455423933,0.47014153349630194,-0.06231440825142489,0.02878899746403636
1389,C4-2B,H3K27ac,Helitron,0.01656552406343639,0.5014392887256907,-0.03173518476102609,0.06478904187112286
1390,C4-2B,H3K27ac,hAT-Tag1,0.01468744437051762,0.5473274234378598,-0.03314864361929786,0.062456393915981734
1391,C4-2B,H3K27ac,tRNA,-0.0013455636775883198,0.9588346463304773,-0.052400003017061415,0.04971589121203351
1392,C4-2B,H3K27ac,Penelope,-0.03195496129862477,0.41710838338453504,-0.10878673801822106,0.04525633457781443
1393,C4-2B,H3K27ac,TcMar-Tc1,-0.030324396621472058,0.4547056367294344,-0.10946408329498772,0.049197323867216335
1394,C4-2B,H3K27ac,Dong-R4,0.04520910653381113,0.3508018273023419,-0.04983951114253337,0.13944618022447283
1395,C4-2B,H3K27ac,tRNA-Deu,0.10028235423417377,0.042919192532802526,0.002984611571197878,0.195699170435835
1396,C4-2B,H3K27ac,Kolobok,-0.02537334479962964,0.6425497700282419,-0.13186807459836022,0.08170041166372477
1397,C4-2B,H3K27ac,PIF-Harbinger,0.014309540193312013,0.7932315977250358,-0.09251393562974332,0.12080736528741898
1398,C4-2B,H3K27ac,Crypton,0.020865062188863834,0.7367560374151556,-0.10059005611357573,0.14170744379866929
1399,C4-2B,H3K27ac,Merlin,0.051660000117524314,0.4813876487693851,-0.09222666911764642,0.1934333739530225
1400,C4-2B,H3K27ac,TcMar,-0.046768109233824136,0.5261597041609991,-0.1894495465797577,0.0978475827972696
1401,C4-2B,H3K27ac,L1-Tx1,0.012960631558579247,0.8805148057617067,-0.15509891856083338,0.1802911147799239
1402,C4-2B,H3K27ac,Crypton-A,-0.005795334264994595,0.9496968361380345,-0.1841028860270076,0.172881501983507
1403,C4-2B,H3K27ac,I-Jockey,-0.057436752849596893,0.5530245625985306,-0.2430617176487452,0.13224628493015317
1404,C4-2B,H3K27ac,hAT-Tip100?,0.014835164835164831,0.9073762959624455,-0.23183254030289743,0.2597103048043492
1405,C4-2B,H3K27ac,TcMar-Pogo,-0.10935960591133002,0.5722691529714519,-0.4584340222148259,0.2689479333017819
1406,C4-2B,H3K27ac,hAT?,0.08455882352941177,0.6398825011079129,-0.26707981458230157,0.41632575971455354
1407,C4-2B,H3K27ac,hAT-hAT19,-0.16363636363636366,0.6306852146425357,-0.6976441660651443,0.4872550214682883
1408,RWPE2,CTCF,Alu,-0.00026654137487557337,0.7792647720190603,-0.002130448109369159,0.0015973672116285208
1409,RWPE2,CTCF,L1,-0.0018058187990533817,0.1891328728094453,-0.004501103899285937,0.0008894925384845646
1410,RWPE2,CTCF,MIR,-0.0004096784539270118,0.768409187817609,-0.003136576203076486,0.0023172253879515776
1411,RWPE2,CTCF,L2,-0.0007564308251367509,0.6512868220345993,-0.004036629984907728,0.002523784612671694
1412,RWPE2,CTCF,ERVL-MaLR,-0.002685523014285405,0.17999302515007745,-0.006611182599656615,0.0012402193455612874
1413,RWPE2,CTCF,hAT-Charlie,-0.0011537356044721493,0.5882130154954466,-0.005330209105907889,0.003022778146465925
1414,RWPE2,CTCF,ERV1,-0.0007806191382138568,0.7982435596829587,-0.006765900202378661,0.0052047178556666575
1415,RWPE2,CTCF,ERVL,0.003330160977822534,0.28609918282179275,-0.0027886320374882288,0.009448704640553742
1416,RWPE2,CTCF,TcMar-Tigger,-0.0014631983354522142,0.645015659870599,-0.007688014260580746,0.0047617309849783095
1417,RWPE2,CTCF,hAT-Tip100,-0.0018517154685863486,0.6692576337244864,-0.010347599548705367,0.006644435934676839
1418,RWPE2,CTCF,CR1,-0.0037317062606139935,0.42892014499112885,-0.012977169038134976,0.005514394531735473
1419,RWPE2,CTCF,Gypsy,-0.009299992651736049,0.24414108418345098,-0.024946113626946466,0.006350683339918658
1420,RWPE2,CTCF,hAT-Blackjack,-0.0006893609147683119,0.9325956449599835,-0.01666266215385958,0.015284292108083256
1421,RWPE2,CTCF,TcMar-Mariner,0.009315409732788297,0.2571635325826245,-0.00679809246043641,0.02542407555999971
1422,RWPE2,CTCF,RTE-X,0.008121397362375757,0.4301965643095872,-0.012057196400573492,0.02829337918588955
1423,RWPE2,CTCF,ERVK,0.006372622746775699,0.5839749724950003,-0.01643637685653515,0.029174993288120444
1424,RWPE2,CTCF,TcMar-Tc2,0.0022819682801789106,0.8537032616605746,-0.02197083432595451,0.02653208666910708
1425,RWPE2,CTCF,SVA,0.014463006100576933,0.3102082057863576,-0.013473471217601927,0.04237692171859113
1426,RWPE2,CTCF,RTE-BovB,-0.024940056189139213,0.09091621786889652,-0.05381778211907575,0.00397935188301612
1427,RWPE2,CTCF,tRNA-RTE,0.0030886034454102335,0.8476225143125558,-0.028409766960754656,0.034580846285999264
1428,RWPE2,CTCF,hAT-Ac,-0.028747188126770705,0.11262341044826021,-0.06419835394303706,0.00677644335652559
1429,RWPE2,CTCF,hAT,0.03877874269535473,0.04423707800812309,0.00098739531680427,0.07645948142586319
1430,RWPE2,CTCF,MULE-MuDR,0.027598482274718353,0.18493968925968224,-0.013216381146212144,0.06832153257238935
1431,RWPE2,CTCF,PiggyBac,0.016168831819587275,0.45949842881627256,-0.026677848478932373,0.058956212066950356
1432,RWPE2,CTCF,5S-Deu-L2,0.006282614448944254,0.7851673019898047,-0.03887731740889631,0.05141693405722704
1433,RWPE2,CTCF,Helitron,0.02363100417594732,0.3310365528823146,-0.02402906449639394,0.07118389960086018
1434,RWPE2,CTCF,hAT-Tag1,-0.0019647460173314595,0.9357675430120656,-0.04971356619769244,0.04579303492360611
1435,RWPE2,CTCF,tRNA,0.017341069822274777,0.5012969923405723,-0.03320430342658928,0.06779796443365314
1436,RWPE2,CTCF,Penelope,-0.049471330280362186,0.20433066911228154,-0.12536103594075493,0.02699394105666275
1437,RWPE2,CTCF,TcMar-Tc1,-0.0336059633984562,0.391610793349655,-0.11012718268021074,0.043311299301133276
1438,RWPE2,CTCF,Dong-R4,-0.021893795268275403,0.6515053821962288,-0.11645019985867806,0.07305592741352465
1439,RWPE2,CTCF,tRNA-Deu,-0.02278425169165568,0.6422963709715303,-0.11845281129417794,0.07330341708524961
1440,RWPE2,CTCF,Kolobok,-0.008022548908698454,0.8806085550465028,-0.11231303466736645,0.0964427552273924
1441,RWPE2,CTCF,PIF-Harbinger,-0.06292003911266444,0.24104119083286774,-0.16689970110381197,0.04244376788233721
1442,RWPE2,CTCF,Crypton,-0.011632898311892886,0.8455212672789254,-0.12806062270038868,0.10511110313141725
1443,RWPE2,CTCF,Merlin,-0.0377089844506323,0.5850664842290065,-0.17163286377348785,0.09758332922800396
1444,RWPE2,CTCF,TcMar,-0.06011297587338383,0.3942363144875981,-0.1963189708204059,0.07836895351615682
1445,RWPE2,CTCF,L1-Tx1,0.07096610844939745,0.40990213870059744,-0.09812576701427972,0.23607537294796407
1446,RWPE2,CTCF,Crypton-A,-0.007142542569304865,0.9354676716788879,-0.1784515530711404,0.16458673905444102
1447,RWPE2,CTCF,I-Jockey,-0.19677509035307203,0.0402860474356195,-0.37271981152177347,-0.007172907836431825
1448,RWPE2,CTCF,hAT-Tip100?,0.1354395604395604,0.2859323113939113,-0.11530382370037616,0.36995662298454995
1449,RWPE2,CTCF,TcMar-Pogo,-0.16092375366568912,0.37893593799187797,-0.48434062470361905,0.2011876792761158
1450,RWPE2,CTCF,hAT?,-0.15110771581359816,0.3936267477949734,-0.4670553974360808,0.1990564129376889
1451,RWPE2,CTCF,hAT-hAT19,-0.08529411764705883,0.7534650694747833,-0.5581113265973131,0.42933581652184877
1452,RWPE2,H3K27ac,Alu,-0.0007570963998976937,0.42639664662251386,-0.002622734339239022,0.001108546809768454
1453,RWPE2,H3K27ac,L1,-0.0011545695674381404,0.40124279693385356,-0.0038504139530597266,0.0015412916001566403
1454,RWPE2,H3K27ac,MIR,0.000149930232482203,0.9142141664131526,-0.0025779278901023944,0.0028777861237439034
1455,RWPE2,H3K27ac,L2,-0.0020066570272595395,0.23056084733937776,-0.0052870639501139335,0.001273793083889133
1456,RWPE2,H3K27ac,ERVL-MaLR,7.51917087945175e-06,0.9970058614921422,-0.00391968442800187,0.003934722537825524
1457,RWPE2,H3K27ac,hAT-Charlie,0.0003277200486554149,0.8778285102905949,-0.0038506998617161186,0.004506128515601935
1458,RWPE2,H3K27ac,ERV1,0.005132050556704698,0.09294675834041158,-0.0008550859029892573,0.011118819104371397
1459,RWPE2,H3K27ac,ERVL,-0.0034564403054089484,0.26836824062068093,-0.009576854510918678,0.002664232866995643
1460,RWPE2,H3K27ac,TcMar-Tigger,0.0021068412924061825,0.5072437652868709,-0.0041201439991059114,0.00833366320048059
1461,RWPE2,H3K27ac,hAT-Tip100,0.00159291432864157,0.7133804470144661,-0.006906578674065357,0.010092177188333537
1462,RWPE2,H3K27ac,CR1,-0.005542574389495866,0.24010373044576433,-0.014789206350872369,0.0037050054806282186
1463,RWPE2,H3K27ac,Gypsy,0.007140583807012231,0.3712319151851997,-0.00851147702196661,0.022789146539031625
1464,RWPE2,H3K27ac,hAT-Blackjack,0.0006900188375216181,0.9325806695452972,-0.015295318060175717,0.016675003100429058
1465,RWPE2,H3K27ac,TcMar-Mariner,0.006801886901017927,0.40885298719554686,-0.009339842105036016,0.022940071984381645
1466,RWPE2,H3K27ac,RTE-X,-0.004340313181513116,0.6733297939873666,-0.024514546837453948,0.015837454172192258
1467,RWPE2,H3K27ac,ERVK,0.003554301462112031,0.7603041709356986,-0.01927845831617384,0.026383355832078105
1468,RWPE2,H3K27ac,TcMar-Tc2,-0.01212094255476118,0.3273835459107789,-0.03636455422071268,0.012136927819624596
1469,RWPE2,H3K27ac,SVA,0.002585602899074438,0.8561489467769481,-0.025365722974972485,0.030532889187827754
1470,RWPE2,H3K27ac,RTE-BovB,0.015966835744634093,0.27915163224345824,-0.012953031045649441,0.04486001237554383
1471,RWPE2,H3K27ac,tRNA-RTE,-0.014552532667007243,0.36537231922506874,-0.04603676026860664,0.016960578106216376
1472,RWPE2,H3K27ac,hAT-Ac,-0.01791823304696362,0.32278375599208387,-0.053396487039771914,0.0176052004863215
1473,RWPE2,H3K27ac,hAT,-0.009357499953380326,0.6275316505381326,-0.04712729052593196,0.028439009861207214
1474,RWPE2,H3K27ac,MULE-MuDR,-0.051040183681307964,0.014193654692015322,-0.09167673898617731,-0.010233913909639418
1475,RWPE2,H3K27ac,PiggyBac,-0.008337784229275317,0.7030350498580991,-0.05116612063564556,0.03452116360235067
1476,RWPE2,H3K27ac,5S-Deu-L2,-0.020997402208352844,0.36260897751376153,-0.06612407074372459,0.024214985465493773
1477,RWPE2,H3K27ac,Helitron,0.02228551786910482,0.35931596822723444,-0.025373703365264396,0.0698436648979018
1478,RWPE2,H3K27ac,hAT-Tag1,-0.050736880434418354,0.03729852725898164,-0.09828271606520939,-0.002959942663323412
1479,RWPE2,H3K27ac,tRNA,-0.013171147531628655,0.609656788690714,-0.06366024453640763,0.03738520101727001
1480,RWPE2,H3K27ac,Penelope,-0.09275218068322312,0.01715030268687647,-0.1680402709992291,-0.01638831725959984
1481,RWPE2,H3K27ac,TcMar-Tc1,0.024391323157650177,0.5338163127394067,-0.05244322604876487,0.10093878692620697
1482,RWPE2,H3K27ac,Dong-R4,0.04853082399604988,0.3165041716921972,-0.04652558860624475,0.14271619954630793
1483,RWPE2,H3K27ac,tRNA-Deu,-0.08905908233893998,0.06924921195446712,-0.18370407993991197,0.0072219976815872
1484,RWPE2,H3K27ac,Kolobok,0.03114193520253563,0.5592194087634862,-0.07335648329051356,0.13496396519064324
1485,RWPE2,H3K27ac,PIF-Harbinger,0.09157182280402618,0.08806591504485542,-0.013911919777784188,0.19503979796284043
1486,RWPE2,H3K27ac,Crypton,-0.023693595446624877,0.6914562789418415,-0.1399207275717542,0.09317758699785829
1487,RWPE2,H3K27ac,Merlin,0.09384767549431354,0.17442641272082132,-0.042048484810532034,0.22633445747107836
1488,RWPE2,H3K27ac,TcMar,-0.09672498532518943,0.17087361023632858,-0.231989477792051,0.04220932274579622
1489,RWPE2,H3K27ac,L1-Tx1,0.1500203603957405,0.08015786272773043,-0.019101502327611427,0.31079607021217
1490,RWPE2,H3K27ac,Crypton-A,-0.07998259739603499,0.3638122289904291,-0.24836411538119152,0.0930906955886188
1491,RWPE2,H3K27ac,I-Jockey,-0.03818923176721342,0.6933931348461295,-0.22474288783245244,0.1510649859369107
1492,RWPE2,H3K27ac,hAT-Tip100?,0.07403846153846153,0.5609488587446205,-0.175288014298766,0.3144404940983199
1493,RWPE2,H3K27ac,TcMar-Pogo,-0.4164222873900293,0.017752612868064545,-0.6765705586324614,-0.06386246073272911
1494,RWPE2,H3K27ac,hAT?,-0.0267379679144385,0.8806834920967785,-0.3616885040452226,0.3143260062623658
1495,RWPE2,H3K27ac,hAT-hAT19,-0.3,0.25893645256249886,-0.6989333624612034,0.24131779986305
1496,RWPE2,H3K36me3,Alu,-0.000343260988052347,0.7179496646252068,-0.002205878337065395,0.0015193587427445063
1497,RWPE2,H3K36me3,L1,-0.0007312196027562667,0.5948860385266528,-0.0034262963229564273,0.0019638677398287102
1498,RWPE2,H3K36me3,MIR,-0.0017120424062126215,0.2183258068615887,-0.004437904011784139,0.0010138446417219127
1499,RWPE2,H3K36me3,L2,-0.0012918854068565478,0.44014166505854346,-0.004571910742012761,0.0019881677262509868
1500,RWPE2,H3K36me3,ERVL-MaLR,0.0002886032806921961,0.8853969292108612,-0.003635950325399373,0.0042131479965978585
1501,RWPE2,H3K36me3,hAT-Charlie,-0.0027103999424263328,0.20317972674734425,-0.00688485659663323,0.0014641511779499663
1502,RWPE2,H3K36me3,ERV1,-0.003687649335117311,0.2270308014641068,-0.009670369406669306,0.0022953347352922806
1503,RWPE2,H3K36me3,ERVL,-0.0009040821179898782,0.7720806904263864,-0.007021511858577186,0.005213415290234935
1504,RWPE2,H3K36me3,TcMar-Tigger,0.0007522480318130141,0.8127193551289904,-0.005470840936803993,0.006975278736569767
1505,RWPE2,H3K36me3,hAT-Tip100,0.002174368515617505,0.6158699284465281,-0.006319882752885629,0.010668306022828368
1506,RWPE2,H3K36me3,CR1,-0.0007702746917719879,0.870272877867191,-0.010014334684744218,0.008473916947172925
1507,RWPE2,H3K36me3,Gypsy,0.0031589860554262646,0.6923255933461705,-0.012487592786525328,0.018804018297776982
1508,RWPE2,H3K36me3,hAT-Blackjack,-0.008771999558162666,0.2814821430913246,-0.02473172711130148,0.007192198273576784
1509,RWPE2,H3K36me3,TcMar-Mariner,0.002714372809189657,0.7409949152068362,-0.013380437909232584,0.018807777361932333
1510,RWPE2,H3K36me3,RTE-X,0.0023072564569699685,0.8226646155507926,-0.017868818649648167,0.022481453280201676
1511,RWPE2,H3K36me3,ERVK,0.0006005043540116852,0.9588392908658616,-0.022201550467118508,0.023401934747110786
1512,RWPE2,H3K36me3,TcMar-Tc2,0.003249842580421996,0.7927928450414965,-0.02099600828017742,0.02749187308945962
1513,RWPE2,H3K36me3,SVA,0.002093855447646032,0.8832649881307855,-0.02585145197279718,0.030035892884616125
1514,RWPE2,H3K36me3,RTE-BovB,-0.002853110870511216,0.8466684077289485,-0.03176259482603786,0.026061142932664077
1515,RWPE2,H3K36me3,tRNA-RTE,-0.01944655459413607,0.22593870175168754,-0.05088954124726585,0.012034945838947006
1516,RWPE2,H3K36me3,hAT-Ac,-0.016984039747019543,0.34857872654593136,-0.0524585204093633,0.018533251599723983
1517,RWPE2,H3K36me3,hAT,-0.004311544882557701,0.8229719841762126,-0.04206244420633679,0.03345164769892671
1518,RWPE2,H3K36me3,MULE-MuDR,-0.017491553374852024,0.4009464660255948,-0.05825415410425036,0.023329275770639108
1519,RWPE2,H3K36me3,PiggyBac,-0.0022103108327219054,0.9194453477416116,-0.04502129403967911,0.04060877597566888
1520,RWPE2,H3K36me3,5S-Deu-L2,-0.01733915386675375,0.45195231102506916,-0.06245407804479387,0.027846484920043983
1521,RWPE2,H3K36me3,Helitron,0.024742304780385235,0.30865210172435076,-0.022904284725449205,0.07227675020744581
1522,RWPE2,H3K36me3,hAT-Tag1,-0.01603825725594816,0.5105996967633049,-0.06374593680820044,0.03174255990616343
1523,RWPE2,H3K36me3,tRNA,0.002302389998526586,0.9288867419994049,-0.04823256703185174,0.052825590098719455
1524,RWPE2,H3K36me3,Penelope,-0.008817496371280169,0.8209895222982512,-0.08502080936662595,0.06748836784154034
1525,RWPE2,H3K36me3,TcMar-Tc1,0.05750429619449668,0.14214323061911707,-0.019369409400448647,0.1337020916041008
1526,RWPE2,H3K36me3,Dong-R4,0.03712869686475454,0.4435916507187946,-0.0578943923489891,0.1314850726470416
1527,RWPE2,H3K36me3,tRNA-Deu,-0.0379911693341433,0.4385257971261308,-0.13345417173920443,0.05817034904232235
1528,RWPE2,H3K36me3,Kolobok,0.0500592611518643,0.3469857522544776,-0.05437702775423178,0.15341217640273835
1529,RWPE2,H3K36me3,PIF-Harbinger,-0.06714746920569323,0.21081388114752986,-0.1710379341746945,0.03821973342762311
1530,RWPE2,H3K36me3,Crypton,-0.08512402393515246,0.15321608550815205,-0.19994260864442162,0.03200078550691732
1531,RWPE2,H3K36me3,Merlin,-0.16535126138742384,0.01595562703716768,-0.2944031892654214,-0.030377006963068266
1532,RWPE2,H3K36me3,TcMar,-0.013361148737837154,0.8499360941797804,-0.15079957056637386,0.12458399057903985
1533,RWPE2,H3K36me3,L1-Tx1,0.040713744833009026,0.6366614767790337,-0.1279439168045106,0.20708280500420148
1534,RWPE2,H3K36me3,Crypton-A,-0.025967786493560182,0.7684400352354732,-0.19664559302053095,0.14623752090757483
1535,RWPE2,H3K36me3,I-Jockey,0.12699471782040592,0.1882032670077185,-0.06336541641217519,0.3084383476383126
1536,RWPE2,H3K36me3,hAT-Tip100?,-0.09432234432234432,0.45847412353194894,-0.3329200977348474,0.1556266517736871
1537,RWPE2,H3K36me3,TcMar-Pogo,-0.12646627565982405,0.4903730755409518,-0.45624240260349863,0.23385298127055562
1538,RWPE2,H3K36me3,hAT?,-0.24950343773873185,0.15472306733926589,-0.5457719360183727,0.10221498517760247
1539,RWPE2,H3K36me3,hAT-hAT19,-0.5735294117647058,0.020191038046523092,-0.8452741027675245,-0.0660726210882521
1540,22Rv1,CTCF,Alu,-0.0002983922760372194,0.7533741546526709,-0.0021597847137854085,0.0015630022294417095
1541,22Rv1,CTCF,L1,7.968409264746601e-05,0.9537876869101378,-0.002615312959402853,0.0027746799872056934
1542,22Rv1,CTCF,MIR,-0.0012946245958239382,0.35172753347438956,-0.004019369509569494,0.0014301395412835293
1543,22Rv1,CTCF,L2,-0.00034037797654921475,0.8388267518510641,-0.003620339288392334,0.002939590658983181
1544,22Rv1,CTCF,ERVL-MaLR,-0.0004431576887075754,0.8247782542217179,-0.004366166410489862,0.0034798646735162
1545,22Rv1,CTCF,hAT-Charlie,0.005103630241329982,0.016530287482897605,0.0009304966772462742,0.009276586048467619
1546,22Rv1,CTCF,ERV1,-0.0007448182059347654,0.8071675109856409,-0.006725584803586045,0.0052360016758733535
1547,22Rv1,CTCF,ERVL,-0.0010735021549171835,0.7307913644307884,-0.007188452307971628,0.005041528281390168
1548,22Rv1,CTCF,TcMar-Tigger,-0.005577332944467889,0.07890692337090442,-0.011798341233842883,0.0006441070843983137
1549,22Rv1,CTCF,hAT-Tip100,-0.003299903936321466,0.4463088311230743,-0.011791887031304666,0.005192555127593046
1550,22Rv1,CTCF,CR1,0.0014851972934130594,0.7528331913034768,-0.007758530196187497,0.010728670979607753
1551,22Rv1,CTCF,Gypsy,0.011663074613263954,0.14398080988992853,-0.003982611292045999,0.027303051875971315
1552,22Rv1,CTCF,hAT-Blackjack,-0.0017779268054718912,0.8271122147636389,-0.017731327464854955,0.014176378911946235
1553,22Rv1,CTCF,TcMar-Mariner,0.008680485640677771,0.2901578133600988,-0.007404206468392541,0.024760687081406378
1554,22Rv1,CTCF,RTE-X,0.0015955000294174005,0.8768295140003854,-0.01857925851878153,0.021768959854259102
1555,22Rv1,CTCF,ERVK,-0.008258597128511926,0.4775630971469269,-0.03104101770773305,0.014532400326010024
1556,22Rv1,CTCF,TcMar-Tc2,0.004644843938839129,0.7072653972421878,-0.0195960631242702,0.028880293292200664
1557,22Rv1,CTCF,SVA,-0.006426552080674821,0.6516694213664166,-0.034316295792577785,0.02147319325990227
1558,22Rv1,CTCF,RTE-BovB,0.01617504752767791,0.2727728154604029,-0.012735408928483695,0.045058483507195934
1559,22Rv1,CTCF,tRNA-RTE,-0.022181380684280577,0.16699338310567446,-0.05360278825480153,0.009283909215921269
1560,22Rv1,CTCF,hAT-Ac,-0.0188799754553197,0.2975684480081019,-0.0543618957971611,0.016649564180403965
1561,22Rv1,CTCF,hAT,0.010173901297991112,0.5975476879451327,-0.02759524711876198,0.04791404268990503
1562,22Rv1,CTCF,MULE-MuDR,-0.016084842006164748,0.43979397754144856,-0.05684240196096619,0.024726241567951356
1563,22Rv1,CTCF,PiggyBac,0.0075180261715410155,0.7307298858120406,-0.03528870627344655,0.050297222475603545
1564,22Rv1,CTCF,5S-Deu-L2,-0.005334248493590167,0.8169230077252183,-0.05045890563726042,0.03981214329542078
1565,22Rv1,CTCF,Helitron,-0.001704479509726836,0.9440962795265667,-0.04931284006685268,0.04591160892054724
1566,22Rv1,CTCF,hAT-Tag1,-0.030771110152406318,0.20677710752626657,-0.07842057356538773,0.017018627276519586
1567,22Rv1,CTCF,tRNA,-0.024874620501804376,0.3347138878585063,-0.07530028759138321,0.025677943220612186
1568,22Rv1,CTCF,Penelope,0.0034613556500762504,0.9293298545127366,-0.07293286769122996,0.07981519838438711
1569,22Rv1,CTCF,TcMar-Tc1,-0.03771243650112046,0.33521017295555,-0.11401776213470495,0.03903522555127482
1570,22Rv1,CTCF,Dong-R4,0.016126305006228168,0.7393837400367234,-0.07878706487395679,0.11074993730534277
1571,22Rv1,CTCF,tRNA-Deu,0.00015863815999461706,0.9974199231466525,-0.09575790310858819,0.09607226058061552
1572,22Rv1,CTCF,Kolobok,0.10712163137678735,0.04369394278004176,0.0027685185597367454,0.20916684111319347
1573,22Rv1,CTCF,PIF-Harbinger,-0.06372868508939106,0.23503585223646495,-0.16769149909265926,0.0416359914486376
1574,22Rv1,CTCF,Crypton,0.13194231651758465,0.02645262695576882,0.015076003371166009,0.24525232599232055
1575,22Rv1,CTCF,Merlin,0.11741416909879335,0.08812500283916667,-0.018079790814313764,0.2486733665014567
1576,22Rv1,CTCF,TcMar,0.05597868011834338,0.4276202102596902,-0.08247388885456285,0.1923113429487991
1577,22Rv1,CTCF,L1-Tx1,0.028261830897722946,0.7430396058915791,-0.1401509498888418,0.19508529843753164
1578,22Rv1,CTCF,Crypton-A,-0.05785032423285264,0.5116109907422801,-0.2272595337234588,0.11495742135407229
1579,22Rv1,CTCF,I-Jockey,-0.03427856547122603,0.7234461862126875,-0.2210087803358541,0.15487599568514546
1580,22Rv1,CTCF,hAT-Tip100?,0.00444139194139194,0.9722144989692567,-0.24163285365915452,0.2499789250378572
1581,22Rv1,CTCF,TcMar-Pogo,-0.25476539589442815,0.15937508287187133,-0.5582705362781253,0.10887896533199005
1582,22Rv1,CTCF,hAT?,-0.062184873949579826,0.7268094973198427,-0.3923928882757826,0.2822221146837346
1583,22Rv1,CTCF,hAT-hAT19,-0.08823529411764705,0.7452220943671326,-0.5601958540421363,0.4269721242712305
1584,22Rv1,H3K27ac,Alu,0.0015940790580234107,0.09336520044232786,-0.0002679665813408387,0.0034561136433988566
1585,22Rv1,H3K27ac,L1,0.001923693295984326,0.16185684919802917,-0.0007716383981912175,0.004618997039802376
1586,22Rv1,H3K27ac,MIR,-0.00028959192084858647,0.8350058498696313,-0.003014637230193982,0.0024354576894489947
1587,22Rv1,H3K27ac,L2,0.0011994375399610338,0.4735582537109517,-0.0020806656915000115,0.004479514961905832
1588,22Rv1,H3K27ac,ERVL-MaLR,-0.00010556580992504127,0.9579447282559723,-0.004029193370631914,0.0038180650011248617
1589,22Rv1,H3K27ac,hAT-Charlie,0.0025255092518861196,0.23564535759188343,-0.0016483222217746354,0.0066992527337081656
1590,22Rv1,H3K27ac,ERV1,0.008276362563983152,0.006688655559169068,0.002294909622900297,0.014257223303388558
1591,22Rv1,H3K27ac,ERVL,-0.00329275072482156,0.2912975680032866,-0.009408138984884368,0.002822883832239913
1592,22Rv1,H3K27ac,TcMar-Tigger,-0.0048952053488905195,0.12307857598809989,-0.011117025664613612,0.001326993996062382
1593,22Rv1,H3K27ac,hAT-Tip100,0.007387606960250862,0.08823311143630921,-0.001105905244695808,0.015880053360548756
1594,22Rv1,H3K27ac,CR1,5.129096827268594e-06,0.9991323332244679,-0.009239001270427665,0.009249258587479155
1595,22Rv1,H3K27ac,Gypsy,-0.010768931273383828,0.17731769436252673,-0.026409860816796638,0.00487726965133067
1596,22Rv1,H3K27ac,hAT-Blackjack,0.007875321502221729,0.3334011036353819,-0.008082475877369315,0.023829108719363355
1597,22Rv1,H3K27ac,TcMar-Mariner,0.0013413662826370634,0.8701976390259093,-0.01474664844213296,0.017428686679967137
1598,22Rv1,H3K27ac,RTE-X,0.026721223007830638,0.009422146931589164,0.006548074595128389,0.04687263061627658
1599,22Rv1,H3K27ac,ERVK,-0.022307905670206865,0.055176222425441,-0.045089551990957606,0.0004969315211976963
1600,22Rv1,H3K27ac,TcMar-Tc2,0.00242507958516716,0.8445947953656954,-0.02182037155412826,0.026667679916149153
1601,22Rv1,H3K27ac,SVA,0.01499356584245696,0.29244944259966177,-0.01292315574378242,0.04288693145889522
1602,22Rv1,H3K27ac,RTE-BovB,-0.053436634580216656,0.000289329169680928,-0.082239019976988,-0.024545060316090595
1603,22Rv1,H3K27ac,tRNA-RTE,0.003554940464734778,0.8247635405903317,-0.027907276772837962,0.03501012132161843
1604,22Rv1,H3K27ac,hAT-Ac,0.0211754531528084,0.2426709287231103,-0.014354533668600167,0.05665203345342679
1605,22Rv1,H3K27ac,hAT,-0.019530356949266352,0.3107252003348178,-0.05724231268707712,0.018237253819699314
1606,22Rv1,H3K27ac,MULE-MuDR,-0.04024748984026569,0.053200284306945296,-0.08093209668933647,0.0005710106746621963
1607,22Rv1,H3K27ac,PiggyBac,0.015105930413864972,0.48933113533576744,-0.027719412624031384,0.05787592357996212
1608,22Rv1,H3K27ac,5S-Deu-L2,-0.0068415568537348965,0.766525816717893,-0.05196252343237202,0.03830728571362769
1609,22Rv1,H3K27ac,Helitron,-0.010079696511584094,0.6783693615504003,-0.057665556571123364,0.03755186124210336
1610,22Rv1,H3K27ac,hAT-Tag1,-0.01209697739985119,0.6197423929223482,-0.05981760396460995,0.035678816813766424
1611,22Rv1,H3K27ac,tRNA,0.019710125632263185,0.44466809175580146,-0.030837972398399305,0.07015766189038414
1612,22Rv1,H3K27ac,Penelope,-0.026501052376589142,0.496724095801519,-0.10262360355808871,0.04993008884858373
1613,22Rv1,H3K27ac,TcMar-Tc1,0.017334707944737855,0.657886895415935,-0.059357575449273114,0.09382355579502555
1614,22Rv1,H3K27ac,Dong-R4,0.04345958959096493,0.3697758095299156,-0.051584289719784245,0.1377232702291048
1615,22Rv1,H3K27ac,tRNA-Deu,-0.03980363701192747,0.41697983455041954,-0.13523995175617246,0.05636446707244923
1616,22Rv1,H3K27ac,Kolobok,0.08156788746335637,0.12503122462295815,-0.022886539916037153,0.1842606828283933
1617,22Rv1,H3K27ac,PIF-Harbinger,0.08860418233296126,0.09841717605536719,-0.016736205951811207,0.1919992028031859
1618,22Rv1,H3K27ac,Crypton,0.07262838034873442,0.2232239779773578,-0.0444987175244645,0.18778585665265354
1619,22Rv1,H3K27ac,Merlin,-0.014092143652180988,0.8383677780166239,-0.14856560980447017,0.12089302313819145
1620,22Rv1,H3K27ac,TcMar,0.029528224782009872,0.6757967321943019,-0.10865315468217777,0.16659013422183822
1621,22Rv1,H3K27ac,L1-Tx1,-0.00021702173837736226,0.9979918068166753,-0.1679263992799187,0.16750456478824266
1622,22Rv1,H3K27ac,Crypton-A,-0.07005617145610793,0.42654238783774223,-0.23891350035879844,0.10291363283213578
1623,22Rv1,H3K27ac,I-Jockey,0.04528773978315264,0.6400657453884908,-0.1441365841334525,0.23151043735330215
1624,22Rv1,H3K27ac,hAT-Tip100?,0.2305860805860806,0.06678476258988734,-0.019450687121616326,0.45347789819412887
1625,22Rv1,H3K27ac,TcMar-Pogo,-0.049853372434017586,0.7864206350149872,-0.3919289062545259,0.3043325641072235
1626,22Rv1,H3K27ac,hAT?,0.11718869365928188,0.509226495458543,-0.23123782971125445,0.43897147052928476
1627,22Rv1,H3K27ac,hAT-hAT19,0.09117647058823529,0.7370049501736589,-0.4246032278949095,0.5622759695515762
1628,RWPE1,CTCF,Alu,-0.0005189369252683161,0.5853926200201487,-0.0023833720360779084,0.0013455017933214958
1629,RWPE1,CTCF,L1,0.00043369579385399903,0.7528291557759017,-0.002265565674018074,0.0031329509419137543
1630,RWPE1,CTCF,MIR,-0.0021607736143105464,0.12025217632014067,-0.0048864938936758395,0.000564978772738576
1631,RWPE1,CTCF,L2,-0.00016056575360254757,0.9235914232455368,-0.003441760795257043,0.0031206327454348474
1632,RWPE1,CTCF,ERVL-MaLR,-0.0009865739629643091,0.6225380027819105,-0.004914674171642865,0.0029415566915956255
1633,RWPE1,CTCF,hAT-Charlie,0.0032765197962472863,0.12412983111609074,-0.0008998592955465519,0.007452784590892969
1634,RWPE1,CTCF,ERV1,0.003934838945486632,0.1989999485085201,-0.0020696415505421614,0.009939035718846616
1635,RWPE1,CTCF,ERVL,0.002970243111234654,0.3416081395581153,-0.0031513515887478098,0.009091615204032979
1636,RWPE1,CTCF,TcMar-Tigger,0.0031841076439191878,0.31623474505313737,-0.00304279851965031,0.009410766891302116
1637,RWPE1,CTCF,hAT-Tip100,-0.003096810942706421,0.4749658759849661,-0.011592246640245878,0.005399071791369844
1638,RWPE1,CTCF,CR1,-0.003497846305114941,0.4586502844510264,-0.012748282488208024,0.005753188549446041
1639,RWPE1,CTCF,Gypsy,-0.003837385602174329,0.630842446830255,-0.01948668406603082,0.011813792670768236
1640,RWPE1,CTCF,hAT-Blackjack,-0.008343193282122432,0.30592844344177306,-0.024311592848428105,0.007629462572685159
1641,RWPE1,CTCF,TcMar-Mariner,-0.011654959031540024,0.1561607632311023,-0.02775807336639587,0.004454202896490229
1642,RWPE1,CTCF,RTE-X,0.007353812318480425,0.4751615709331467,-0.01282999741607488,0.02753163182437744
1643,RWPE1,CTCF,ERVK,-0.014361067655403407,0.22041195513180004,-0.03731703505372668,0.008610048744255226
1644,RWPE1,CTCF,TcMar-Tc2,0.01076956519822169,0.38401086538886586,-0.013478789493993684,0.03500526039789154
1645,RWPE1,CTCF,SVA,-0.013177856377506438,0.3546828916932605,-0.04106522796423379,0.014730030833298786
1646,RWPE1,CTCF,RTE-BovB,-0.024615443219522685,0.09523797360865777,-0.05349692915870655,0.004307191623574999
1647,RWPE1,CTCF,tRNA-RTE,0.006266327890461291,0.6964218694151707,-0.025210113585621828,0.037730356841829085
1648,RWPE1,CTCF,hAT-Ac,0.003031436921396802,0.8672905465062788,-0.03251655014869125,0.038571764164532715
1649,RWPE1,CTCF,hAT,-0.0574593488858773,0.0028451500919593744,-0.09504167750247049,-0.019713459073014656
1650,RWPE1,CTCF,MULE-MuDR,-0.01328457994950366,0.5236317625447614,-0.05406696990206528,0.02754205566932335
1651,RWPE1,CTCF,PiggyBac,-0.022917496284448568,0.29465192838194726,-0.06570446138365894,0.019953589206116642
1652,RWPE1,CTCF,5S-Deu-L2,-0.01754477025105209,0.44648545564469755,-0.06264707128649892,0.027629045738395887
1653,RWPE1,CTCF,Helitron,0.004268469969204669,0.8607668759326066,-0.04340920134250967,0.051926742989697766
1654,RWPE1,CTCF,hAT-Tag1,0.020924125131594095,0.3909722773610187,-0.026889795137600637,0.06864252245868412
1655,RWPE1,CTCF,tRNA,0.00016966229547562677,0.9947527769578628,-0.05036004868747534,0.05069850691217035
1656,RWPE1,CTCF,Penelope,-0.0007125720700380172,0.9854554681513047,-0.07719932525654018,0.07578251944122934
1657,RWPE1,CTCF,TcMar-Tc1,-0.050495568798163644,0.19715585659040002,-0.12671965536905724,0.026321362863931906
1658,RWPE1,CTCF,Dong-R4,0.010344733508999457,0.8310201747655974,-0.08452747818232294,0.1050310697138395
1659,RWPE1,CTCF,tRNA-Deu,-0.030696525035644056,0.5314067190243346,-0.1262622259670038,0.06543371065230243
1660,RWPE1,CTCF,Kolobok,0.005692515825425926,0.915006274004192,-0.098601983511915,0.10986331914092581
1661,RWPE1,CTCF,PIF-Harbinger,0.023922243516248994,0.6560561257616491,-0.0812768992730821,0.1285942496003297
1662,RWPE1,CTCF,Crypton,0.045503923055578085,0.44576075858800357,-0.0715331120413807,0.1613049685619167
1663,RWPE1,CTCF,Merlin,0.015540258723528388,0.8224399277802972,-0.11978781178944539,0.15030137809415864
1664,RWPE1,CTCF,TcMar,0.06907659385581624,0.32744030274236047,-0.06945681329272223,0.20499618676424436
1665,RWPE1,CTCF,L1-Tx1,0.11540655990809087,0.1792998377880965,-0.05390258449284073,0.2782654695634467
1666,RWPE1,CTCF,Crypton-A,-0.03179979528052996,0.7184222526380414,-0.2022642726943873,0.14053493536302789
1667,RWPE1,CTCF,I-Jockey,-0.33165600963766106,0.000426803024489272,-0.49315537543970417,-0.14805806168043073
1668,RWPE1,CTCF,hAT-Tip100?,-0.04679487179487179,0.7134833268975044,-0.28940255924701824,0.2014620052037227
1669,RWPE1,CTCF,TcMar-Pogo,-0.029325513196480937,0.8734135365143146,-0.37426040658530557,0.3227380328264768
1670,RWPE1,CTCF,hAT?,-0.0035141329258976317,0.9842632861994672,-0.34127523437016094,0.33505068894762136
1671,RWPE1,CTCF,hAT-hAT19,-0.5147058823529412,0.04134580644224894,-0.8169542300636211,0.009368622988875875
1672,RWPE1,H3K27ac,Alu,0.0006236269267872546,0.5119650958022037,-0.0012402369439444845,0.002487486464581802
1673,RWPE1,H3K27ac,L1,0.0016714209703937158,0.22484188625546667,-0.001027585735526448,0.004370403325074807
1674,RWPE1,H3K27ac,MIR,0.001120139938576263,0.4206891423458584,-0.0016063421398531934,0.0038466053635078873
1675,RWPE1,H3K27ac,L2,0.0007289563251527203,0.6632466461175048,-0.0025521918740467613,0.004010088828628295
1676,RWPE1,H3K27ac,ERVL-MaLR,-0.0005708055326108289,0.7757757154424008,-0.0044986143141315105,0.003357020861406848
1677,RWPE1,H3K27ac,hAT-Charlie,0.000648090532758027,0.7610328455756091,-0.003528587943475394,0.004824746397688289
1678,RWPE1,H3K27ac,ERV1,0.004742485620552629,0.12154102179010165,-0.0012608374906727614,0.010745466906249173
1679,RWPE1,H3K27ac,ERVL,0.00674154561299719,0.030882140199663545,0.0006202763150433653,0.01286230971909632
1680,RWPE1,H3K27ac,TcMar-Tigger,-0.0005675473209295692,0.8582557982317471,-0.006795925694746237,0.005660875086595288
1681,RWPE1,H3K27ac,hAT-Tip100,0.0024229162931516356,0.5761802065283869,-0.006072702062963216,0.010918184911070205
1682,RWPE1,H3K27ac,CR1,-0.0018572241809558811,0.6939682879466628,-0.01110796475350247,0.007393834271990127
1683,RWPE1,H3K27ac,Gypsy,0.000979566850902676,0.9023645482779845,-0.014670075166555338,0.01662872906863831
1684,RWPE1,H3K27ac,hAT-Blackjack,-0.007597786170388302,0.3516301464521724,-0.023581913922692845,0.00839022510169293
1685,RWPE1,H3K27ac,TcMar-Mariner,0.004824324350703765,0.5587810644205674,-0.011348458959658842,0.020994584305961923
1686,RWPE1,H3K27ac,RTE-X,-0.002559103052012171,0.8037549200240259,-0.02274066433416692,0.017624543081030817
1687,RWPE1,H3K27ac,ERVK,0.012780865598395684,0.2754235715160239,-0.010188578528224005,0.03573682918704661
1688,RWPE1,H3K27ac,TcMar-Tc2,0.004806845897530291,0.6979246985599211,-0.019465706574515095,0.029073735588208333
1689,RWPE1,H3K27ac,SVA,0.007268855863037691,0.6097295622706063,-0.02063978693237442,0.035166179340597736
1690,RWPE1,H3K27ac,RTE-BovB,0.015088971942690852,0.30670422017849225,-0.013846504171870722,0.04399919751843363
1691,RWPE1,H3K27ac,tRNA-RTE,0.028877686848277222,0.07219595335459313,-0.002610522833059137,0.06030868798497886
1692,RWPE1,H3K27ac,hAT-Ac,-0.036282488094046876,0.0454308281755017,-0.07174601902674228,-0.0007273385656759974
1693,RWPE1,H3K27ac,hAT,0.0080883732957558,0.67481346823861,-0.02969290738860895,0.04584657548010425
1694,RWPE1,H3K27ac,MULE-MuDR,0.009631440037239453,0.6438879383811065,-0.03120052620535372,0.050431312519192174
1695,RWPE1,H3K27ac,PiggyBac,-0.0035423295153450864,0.8713351083402223,-0.04638129581440106,0.039309642497678966
1696,RWPE1,H3K27ac,5S-Deu-L2,0.013492026442369572,0.5582681576837842,-0.03167778185456606,0.058606835888129816
1697,RWPE1,H3K27ac,Helitron,-0.015053638640020912,0.5366568130467131,-0.06273637955925636,0.03269766947603092
1698,RWPE1,H3K27ac,hAT-Tag1,-0.040010275407860924,0.10083180464040724,-0.08764355572975245,0.007805553933818884
1699,RWPE1,H3K27ac,tRNA,-0.045835493168789564,0.07537010886318792,-0.09615173314522543,0.004714401066278546
1700,RWPE1,H3K27ac,Penelope,-0.06011812722736093,0.12370503295093047,-0.13605169481837395,0.01651766059206683
1701,RWPE1,H3K27ac,TcMar-Tc1,0.04948911152301853,0.20659310692735497,-0.027386745110560606,0.12578301979430656
1702,RWPE1,H3K27ac,Dong-R4,-0.03238531034835132,0.5040005648243429,-0.12680745485676131,0.06261846646522329
1703,RWPE1,H3K27ac,tRNA-Deu,-0.03914591712124031,0.42472571017460004,-0.13459197031418882,0.0570198517696791
1704,RWPE1,H3K27ac,Kolobok,0.01744624634864309,0.7435823400765557,-0.086954921923871,0.1214683657045399
1705,RWPE1,H3K27ac,PIF-Harbinger,0.01263507574265502,0.8140494219417915,-0.09247183627198909,0.11746351188835298
1706,RWPE1,H3K27ac,Crypton,-0.05273520563272727,0.37678681731398744,-0.1683769949597494,0.06433848874799515
1707,RWPE1,H3K27ac,Merlin,-0.008810743937523487,0.8990035713639842,-0.14403195494510315,0.12673346674447578
1708,RWPE1,H3K27ac,TcMar,-0.028956567301654697,0.6817282443421631,-0.1660326866727287,0.10921736742061991
1709,RWPE1,H3K27ac,L1-Tx1,0.0006674001846873721,0.993824320652744,-0.16706680626159348,0.16836406072706425
1710,RWPE1,H3K27ac,Crypton-A,-0.09752132954211207,0.26780625342176917,-0.2650029671692458,0.0756721806114946
1711,RWPE1,H3K27ac,I-Jockey,-0.0326012417755537,0.7364694262861419,-0.21940592705893158,0.15650928494054256
1712,RWPE1,H3K27ac,hAT-Tip100?,-0.06542832167832167,0.604583731919651,-0.3047102971915554,0.1816224757914206
1713,RWPE1,H3K27ac,TcMar-Pogo,0.029325513196480937,0.8734135365143146,-0.3227380328264768,0.37426040658530557
1714,RWPE1,H3K27ac,hAT?,-0.1174942704354469,0.5081149619029759,-0.4392266502048215,0.23095048737009594
1715,RWPE1,H3K27ac,hAT-hAT19,0.13823529411764704,0.6096659407501825,-0.38597426239896654,0.5949625271849802
