,cell_line,modification,family_name,r,p_value,ci_low,ci_high
0,Caco-2,H3K4me1,Alu,0.0005439985770523639,0.5681316237424328,-0.001323919484495206,0.0024119128424561964
1,Caco-2,H3K4me1,L1,0.0012635063121312234,0.3594328924054919,-0.0014387018341164685,0.0039656960064090325
2,Caco-2,H3K4me1,MIR,-0.0003743851426303832,0.7879028441386267,-0.0031018349821761108,0.002353070267016645
3,Caco-2,H3K4me1,L2,-0.0014994347140889189,0.3706432343554724,-0.004782036170454091,0.0017831990569015341
4,Caco-2,H3K4me1,ERVL-MaLR,-0.0030521587649753276,0.12835664613493558,-0.006986092946061319,0.0008818698886894575
5,Caco-2,H3K4me1,hAT-Charlie,-0.003226689285422958,0.1303680805284421,-0.00740745719377709,0.0009541914245933996
6,Caco-2,H3K4me1,ERV1,-0.0018676024499796016,0.5432841755653798,-0.007889359574457808,0.004154290122369957
7,Caco-2,H3K4me1,ERVL,-0.0010255379195606175,0.7429274847252163,-0.0071539272136618755,0.005102928408163861
8,Caco-2,H3K4me1,TcMar-Tigger,0.005818511406203258,0.06729217576597499,-0.00041423970571525295,0.012050810470010392
9,Caco-2,H3K4me1,hAT-Tip100,0.0031473714403420054,0.4680407388368265,-0.005353385947075685,0.011647673971368072
10,Caco-2,H3K4me1,CR1,-0.003855465559940675,0.4141662560804311,-0.013108739186201122,0.005398468356864012
11,Caco-2,H3K4me1,Gypsy,0.0005200530984921469,0.9481016769255445,-0.015138471607335967,0.016178322785394484
12,Caco-2,H3K4me1,hAT-Blackjack,0.00317054631858206,0.6976271698638637,-0.012823291099145123,0.019162761815022
13,Caco-2,H3K4me1,TcMar-Mariner,-0.0017090482093150676,0.8353640345717224,-0.01782505848139543,0.014407849882047637
14,Caco-2,H3K4me1,RTE-X,-0.006207341229068999,0.546850844565455,-0.02639549618365868,0.013985874936875657
15,Caco-2,H3K4me1,ERVK,0.011625432548835,0.32364378738983923,-0.011461498671703601,0.03469997588510484
16,Caco-2,H3K4me1,TcMar-Tc2,0.0010639005976956252,0.931559241722969,-0.023212431381980446,0.025338978641741804
17,Caco-2,H3K4me1,SVA,-0.007442180838129919,0.6031177761490909,-0.035484604721188376,0.020611953308981225
18,Caco-2,H3K4me1,RTE-BovB,-0.008270800514782815,0.5755930661531882,-0.03721225222290983,0.020684514149563463
19,Caco-2,H3K4me1,tRNA-RTE,0.021988308855877527,0.17116030650895853,-0.0095094809198189,0.0534425082605096
20,Caco-2,H3K4me1,hAT-Ac,-0.032768821256198996,0.07107425135809609,-0.06827826030068615,0.0028235375397286486
21,Caco-2,H3K4me1,hAT,0.013642344555066882,0.4793187546731733,-0.024157493028313933,0.051403229942360164
22,Caco-2,H3K4me1,MULE-MuDR,0.021226476694044257,0.30857748934336027,-0.019640485806873248,0.06202262909704507
23,Caco-2,H3K4me1,PiggyBac,-0.030315853801085993,0.16632888981623448,-0.07314822286579759,0.012628143402445642
24,Caco-2,H3K4me1,5S-Deu-L2,-0.0558793942809671,0.015304595758419573,-0.10083231057697709,-0.010698784895209892
25,Caco-2,H3K4me1,Helitron,-0.01762868278431591,0.46998122293163624,-0.06537332067258773,0.030196486636990504
26,Caco-2,H3K4me1,hAT-Tag1,0.0015731913552241325,0.9485943198067587,-0.046226330910428264,0.04936552584672367
27,Caco-2,H3K4me1,tRNA,-0.03946750577666377,0.12603401872184467,-0.08985390965292542,0.011120412864754233
28,Caco-2,H3K4me1,Penelope,-0.004304961465542227,0.9123688987978262,-0.08082794730903722,0.07226847625923033
29,Caco-2,H3K4me1,TcMar-Tc1,0.041903416222703396,0.2849740094763649,-0.034967620932080286,0.11828153572116606
30,Caco-2,H3K4me1,Dong-R4,-0.026644298930721427,0.5825202865761714,-0.12114182410813827,0.0683318316786698
31,Caco-2,H3K4me1,tRNA-Deu,-0.001506692829777979,0.9754990778002327,-0.09740775371904867,0.09442209028231474
32,Caco-2,H3K4me1,Kolobok,-0.011517579301225295,0.8290324220023029,-0.11561735759632727,0.09283245887774219
33,Caco-2,H3K4me1,PIF-Harbinger,0.10045065534006528,0.0608498826809875,-0.004843168793753707,0.20354150123415934
34,Caco-2,H3K4me1,Crypton,0.06504276068967303,0.2754925664956841,-0.05207220935256752,0.18039290942257272
35,Caco-2,H3K4me1,Merlin,-0.09317065350359073,0.17756932920615714,-0.2256822774902414,0.0427259671106843
36,Caco-2,H3K4me1,TcMar,0.0673968347582863,0.3417886208657458,-0.0718236116559979,0.2040413053355729
37,Caco-2,H3K4me1,L1-Tx1,-0.09488750457957316,0.27005142003909904,-0.2588445795938864,0.07438430728287947
38,Caco-2,H3K4me1,Crypton-A,0.02007438814041177,0.8199706427617393,-0.15199144434646703,0.19095923245666752
39,Caco-2,H3K4me1,I-Jockey,0.03492725419330924,0.7184304330396849,-0.15424412919040012,0.22162846587708582
40,Caco-2,H3K4me1,hAT-Tip100?,0.07307692307692307,0.566061717538634,-0.17621633247051563,0.31356105601131906
41,Caco-2,H3K4me1,TcMar-Pogo,-0.20161290322580644,0.26849727372271764,-0.5168627042405826,0.16178861566712577
42,Caco-2,H3K4me1,hAT?,-0.10093582887700536,0.5762262489294739,-0.43010850647399546,0.25192609428701024
43,Caco-2,H3K4me1,hAT-hAT19,-0.18235294117647058,0.49907485724580003,-0.6245997955481012,0.34845230279353717
44,Caco-2,H3K9me3,Alu,0.0004935785232848025,0.6043895789861591,-0.0013736264278809615,0.0023607800327781125
45,Caco-2,H3K9me3,L1,-0.0009735954848526176,0.4799697355736591,-0.0036750877711964106,0.0017279110122970435
46,Caco-2,H3K9me3,MIR,-2.937869444780383e-05,0.9831554231151802,-0.0027566439036511947,0.002697886951791678
47,Caco-2,H3K9me3,L2,-7.675519625102848e-05,0.9634448610757087,-0.0033591749456419835,0.0032056662071046306
48,Caco-2,H3K9me3,ERVL-MaLR,-0.0006780839425164789,0.7354376063132129,-0.004611217497487715,0.0032550705918690556
49,Caco-2,H3K9me3,hAT-Charlie,0.0019006131507444026,0.372880095962819,-0.0022798091947707684,0.006080969067106708
50,Caco-2,H3K9me3,ERV1,-0.0004394548481319694,0.8862484389028015,-0.006460340924021761,0.005581463089348747
51,Caco-2,H3K9me3,ERVL,-0.0015493337413706963,0.6201838807625173,-0.00767652913551733,0.004577977987060402
52,Caco-2,H3K9me3,TcMar-Tigger,0.002612328672053312,0.4113350024463788,-0.0036199200758171117,0.008844374494625237
53,Caco-2,H3K9me3,hAT-Tip100,-0.002938215619488005,0.49809841496116114,-0.011438061742530347,0.005562055085212077
54,Caco-2,H3K9me3,CR1,-0.0011685218724418686,0.8045240054116003,-0.010421912996384458,0.00808506936605015
55,Caco-2,H3K9me3,Gypsy,-0.0001862145517580022,0.9814060082213756,-0.01584506858785527,0.015472730804383066
56,Caco-2,H3K9me3,hAT-Blackjack,-0.0058643447804801185,0.47235188598202216,-0.021855047116049228,0.01012935727680888
57,Caco-2,H3K9me3,TcMar-Mariner,-0.008858469392070757,0.2814032529936576,-0.02497279922549283,0.00726046270273361
58,Caco-2,H3K9me3,RTE-X,0.009069700892747048,0.37863723787393566,-0.011121877013175113,0.02925388546758979
59,Caco-2,H3K9me3,ERVK,0.009553858542309026,0.41713961629651286,-0.013524725106421078,0.032622268576955576
60,Caco-2,H3K9me3,TcMar-Tc2,0.00866526058444092,0.4841632404458318,-0.015610480537457415,0.03293079215772895
61,Caco-2,H3K9me3,SVA,-0.013606141048291168,0.34142388841862203,-0.041618058502069094,0.01442714924790761
62,Caco-2,H3K9me3,RTE-BovB,-0.003118020588289296,0.8327769406071636,-0.03205244220504381,0.025821622839812822
63,Caco-2,H3K9me3,tRNA-RTE,0.0016693904050054298,0.9172497608077019,-0.02981553786262835,0.03315100927552353
64,Caco-2,H3K9me3,hAT-Ac,0.01113345456302345,0.5397985603712352,-0.024456859283646548,0.04669558241737107
65,Caco-2,H3K9me3,hAT,-0.008723928007107666,0.6509556972155464,-0.04648793230779531,0.029064977332821075
66,Caco-2,H3K9me3,MULE-MuDR,-0.02722142673888689,0.19159416798095288,-0.0679987014450138,0.013646643638380154
67,Caco-2,H3K9me3,PiggyBac,-0.03569609535755693,0.10312665047536512,-0.07850715259948966,0.0072463776437445854
68,Caco-2,H3K9me3,5S-Deu-L2,-0.021876409615084927,0.3426051343972496,-0.06697607087519386,0.023312462709024286
69,Caco-2,H3K9me3,Helitron,-0.02634900170882347,0.2799925949271255,-0.07404585303612966,0.02146812284188993
70,Caco-2,H3K9me3,hAT-Tag1,0.06347047429023667,0.009220898865193682,0.015674015520955435,0.1109775263259484
71,Caco-2,H3K9me3,tRNA,0.035716153684519816,0.16623176020619543,-0.014872873963240621,0.0861227946484659
72,Caco-2,H3K9me3,Penelope,0.002396644812562725,0.9511838564472819,-0.07422481259724487,0.07898997171870693
73,Caco-2,H3K9me3,TcMar-Tc1,0.01987913174338546,0.6129304487303161,-0.05711776016039704,0.09664094267807413
74,Caco-2,H3K9me3,Dong-R4,-0.02139850312645743,0.6588861183249769,-0.1159608642593934,0.0735482823406174
75,Caco-2,H3K9me3,tRNA-Deu,-0.02279829991814924,0.642091189668965,-0.11846668476868145,0.07328945238669331
76,Caco-2,H3K9me3,Kolobok,0.04505511040520419,0.39803384535772046,-0.059512173801820674,0.14864433134776497
77,Caco-2,H3K9me3,PIF-Harbinger,0.11217651602615121,0.03619520113603765,0.006951241654274136,0.2149447596285626
78,Caco-2,H3K9me3,Crypton,0.08400674365557793,0.15870218286916085,-0.033119402624847666,0.19885672016775272
79,Caco-2,H3K9me3,Merlin,-0.09286278647914599,0.17901229861201687,-0.2253856771286209,0.04303401197863792
80,Caco-2,H3K9me3,TcMar,0.046711694439275794,0.5102285775071292,-0.09235489198401066,0.1839908401825963
81,Caco-2,H3K9me3,L1-Tx1,-0.1467416986492868,0.087061608148202,-0.30772719508682206,0.022411588550704034
82,Caco-2,H3K9me3,Crypton-A,-0.05569902030502764,0.5274618262260855,-0.22520170342672988,0.11707620334945275
83,Caco-2,H3K9me3,I-Jockey,0.15676026318228153,0.10355931646276001,-0.033458386772745485,0.33601905068502846
84,Caco-2,H3K9me3,hAT-Tip100?,-0.04336080586080586,0.733698638139596,-0.28622874639085727,0.2047425049329236
85,Caco-2,H3K9me3,TcMar-Pogo,-0.07587976539589442,0.6797831811869464,-0.41406343894127895,0.28071105836143234
86,Caco-2,H3K9me3,hAT?,-0.1534090909090909,0.39401997651584897,-0.4734966241623384,0.20247135191540624
87,Caco-2,H3K9me3,hAT-hAT19,-0.55,0.027293972709730593,-0.8341541649734793,-0.03510816363560294
88,SJCRH30,H3K27ac,Alu,0.000440190983193095,0.6437846131289231,-0.0014255801378683611,0.0023059590395596765
89,SJCRH30,H3K27ac,L1,-0.0024040024543435035,0.08094576489058342,-0.0051037722001764305,0.000295802336524757
90,SJCRH30,H3K27ac,MIR,0.00026169604712670186,0.8507571425528816,-0.0024643600888727274,0.002987748293604797
91,SJCRH30,H3K27ac,L2,0.0007158928431603979,0.6689432536595739,-0.0025655081704121386,0.003997278439912488
92,SJCRH30,H3K27ac,ERVL-MaLR,-0.0014225998647024198,0.4779254442262002,-0.0053516372731908885,0.002506481466667192
93,SJCRH30,H3K27ac,hAT-Charlie,-0.0022737516302813645,0.28606139551876886,-0.006451094653743116,0.0019036707499156139
94,SJCRH30,H3K27ac,ERV1,0.003199897791502428,0.2964736309268099,-0.002807343093064699,0.00920690773352476
95,SJCRH30,H3K27ac,ERVL,-0.0025482923410293195,0.41457855521056486,-0.008669929800585986,0.0035735361174100183
96,SJCRH30,H3K27ac,TcMar-Tigger,0.001879708472668976,0.55415264062989,-0.0043482781497506,0.00810754927840954
97,SJCRH30,H3K27ac,hAT-Tip100,0.002230527586261591,0.6068745771054249,-0.00626588079228858,0.010726613936502814
98,SJCRH30,H3K27ac,CR1,0.000618413932709458,0.8957572764620867,-0.008632250655518207,0.00986897268081618
99,SJCRH30,H3K27ac,Gypsy,-0.008545938394361597,0.2844870651526778,-0.024191903265091085,0.007104211928087959
100,SJCRH30,H3K27ac,hAT-Blackjack,-0.0003183690236943311,0.9688475169771462,-0.01629495322561928,0.015658377708078403
101,SJCRH30,H3K27ac,TcMar-Mariner,0.0027778152569341834,0.7353379489556101,-0.013327871635177934,0.0188820611743611
102,SJCRH30,H3K27ac,RTE-X,0.012029457783008386,0.24271316696723602,-0.008153814576480031,0.03220293273453079
103,SJCRH30,H3K27ac,ERVK,-0.0018905723672015952,0.8720462838685359,-0.024892956781587938,0.021113812868671873
104,SJCRH30,H3K27ac,TcMar-Tc2,-0.010476342671873069,0.3970917039440872,-0.03471232340442535,0.013771952912061238
105,SJCRH30,H3K27ac,SVA,-0.02515376793316375,0.07901090345325197,-0.053187343029056304,0.00291942385343762
106,SJCRH30,H3K27ac,RTE-BovB,-0.004634576754435787,0.7535659909384045,-0.033558019241934786,0.024296622233427316
107,SJCRH30,H3K27ac,tRNA-RTE,-0.013635112234157908,0.39613480414640856,-0.045104610749264855,0.017861421011130082
108,SJCRH30,H3K27ac,hAT-Ac,0.0007599311948927641,0.9666033698072236,-0.034802964368725514,0.03632090466162795
109,SJCRH30,H3K27ac,hAT,0.025395887200239393,0.18750782888457787,-0.012379638594894113,0.06309902582555414
110,SJCRH30,H3K27ac,MULE-MuDR,0.022755916268650644,0.2745940736725469,-0.018076054237672504,0.06351210876146386
111,SJCRH30,H3K27ac,PiggyBac,0.03580917654912495,0.10146510305198007,-0.007061248642423257,0.07854821120557554
112,SJCRH30,H3K27ac,5S-Deu-L2,-0.047746558004580934,0.03819092545272827,-0.09272071631730275,-0.002577969891231429
113,SJCRH30,H3K27ac,Helitron,-0.013249849696022185,0.5858906358295177,-0.06085397294246226,0.03441441233441946
114,SJCRH30,H3K27ac,hAT-Tag1,0.021144683268504445,0.3858555009481649,-0.02665519170431376,0.06884808618928157
115,SJCRH30,H3K27ac,tRNA,0.006990491280254378,0.7863452222803209,-0.04353799376242719,0.057483304544403
116,SJCRH30,H3K27ac,Penelope,-0.004638276749327168,0.9056864181461495,-0.0812175481814398,0.07199543580798977
117,SJCRH30,H3K27ac,TcMar-Tc1,-0.058068573398878935,0.1382646360751495,-0.1342593260601939,0.01880469974156607
118,SJCRH30,H3K27ac,Dong-R4,0.020210475436472537,0.6767242156329223,-0.07472912325115146,0.11478698384354064
119,SJCRH30,H3K27ac,tRNA-Deu,-0.06549414636695425,0.18140012708725844,-0.16050207059438237,0.030716267378427305
120,SJCRH30,H3K27ac,Kolobok,-0.1222762819675188,0.021570715720707893,-0.22417389565897997,-0.017734003841436814
121,SJCRH30,H3K27ac,PIF-Harbinger,-0.06375698558133269,0.23482760858997406,-0.1677192081149026,0.041607719504551596
122,SJCRH30,H3K27ac,Crypton,0.036451980574916575,0.5413941299973279,-0.08052627801603586,0.1524397586023812
123,SJCRH30,H3K27ac,Merlin,0.09584245384228861,0.16540603462228023,-0.040051796562139946,0.22825551529467228
124,SJCRH30,H3K27ac,TcMar,-0.09671304121695186,0.1698582038077418,-0.23164813348324828,0.04187330157479396
125,SJCRH30,H3K27ac,L1-Tx1,-0.11044539629744278,0.19885521256655508,-0.2735791336263896,0.05886472815265957
126,SJCRH30,H3K27ac,Crypton-A,-0.11072275538209035,0.20802704197690577,-0.27747715801035616,0.06250793561626067
127,SJCRH30,H3K27ac,I-Jockey,0.008488555277546104,0.9301922451600262,-0.17990373404473253,0.19628017672328052
128,SJCRH30,H3K27ac,hAT-Tip100?,0.19143356643356643,0.12661030531450823,-0.05729813874133452,0.41778914569955394
129,SJCRH30,H3K27ac,TcMar-Pogo,-0.126099706744868,0.491641586587107,-0.4559407371553263,0.2341971581394661
130,SJCRH30,H3K27ac,hAT?,0.12207792207792205,0.4915886154564765,-0.22663479224546992,0.4430496030142585
131,SJCRH30,H3K27ac,hAT-hAT19,0.02941176470588235,0.9138955872505001,-0.47328372956885056,0.5176571840679537
132,SJCRH30,H3K4me1,Alu,-0.0010710779046350497,0.2608560138262847,-0.002938138037721738,0.0007959896958600129
133,SJCRH30,H3K4me1,L1,-0.0018152854170166346,0.18766478062276848,-0.004515712729333655,0.0008851683708867353
134,SJCRH30,H3K4me1,MIR,0.002433976418342085,0.08022026159613635,-0.0002929518178557971,0.005160868456038887
135,SJCRH30,H3K4me1,L2,0.0005340732403770641,0.7497571572514481,-0.0027477311497175272,0.0038158661263146903
136,SJCRH30,H3K4me1,ERVL-MaLR,0.0006704392243330145,0.7381738210146774,-0.0032605866147266643,0.0046014443429460055
137,SJCRH30,H3K4me1,hAT-Charlie,0.0011658181311788726,0.5845473401984811,-0.003013315324175695,0.00534491086448282
138,SJCRH30,H3K4me1,ERV1,0.004214132332023915,0.16949665918737114,-0.001797998652601851,0.010225958680990126
139,SJCRH30,H3K4me1,ERVL,-0.004932066669545149,0.11447949302478266,-0.011056192074514913,0.0011924287202276795
140,SJCRH30,H3K4me1,TcMar-Tigger,-0.004141928808162712,0.19256598250648652,-0.010371788710193425,0.002088252622054159
141,SJCRH30,H3K4me1,hAT-Tip100,-0.00476306154139067,0.2720025352881716,-0.01326108809871921,0.003735653030086107
142,SJCRH30,H3K4me1,CR1,0.00029106215987122414,0.9508361715469724,-0.008961122404374132,0.009543196892839632
143,SJCRH30,H3K4me1,Gypsy,0.005956196066369708,0.4557566865898839,-0.009695756699480093,0.02160523093174056
144,SJCRH30,H3K4me1,hAT-Blackjack,0.000844540944870234,0.9175071991861148,-0.01513604977160114,0.016824700316160776
145,SJCRH30,H3K4me1,TcMar-Mariner,0.007585895828123408,0.3561930349164617,-0.008529144410993292,0.023696996772503576
146,SJCRH30,H3K4me1,RTE-X,0.00441989833934456,0.6677618269058638,-0.015762169120680174,0.024598365782032443
147,SJCRH30,H3K4me1,ERVK,0.0019567767460220357,0.8677961392824086,-0.021080985855511068,0.024992462453322255
148,SJCRH30,H3K4me1,TcMar-Tc2,0.001720493911729966,0.8894975830682168,-0.02254688610483557,0.025985847674041468
149,SJCRH30,H3K4me1,SVA,-0.005404471587115823,0.7057845514189109,-0.033451920738901735,0.022651483348545526
150,SJCRH30,H3K4me1,RTE-BovB,0.015382328022125141,0.29728927439437447,-0.013546895690052515,0.0442858216057261
151,SJCRH30,H3K4me1,tRNA-RTE,-0.01936892370625181,0.22797735957064322,-0.050824218270680045,0.012124760642253008
152,SJCRH30,H3K4me1,hAT-Ac,-0.039146595069518994,0.031012496722499783,-0.0746299043346491,-0.003564282812359192
153,SJCRH30,H3K4me1,hAT,-0.022096170282098815,0.2516838817911913,-0.059822433535852496,0.015693126511518662
154,SJCRH30,H3K4me1,MULE-MuDR,-0.04973530743952359,0.0168452185065555,-0.09036926521332392,-0.008936034784141095
155,SJCRH30,H3K4me1,PiggyBac,-0.007592131188469517,0.7286166883831444,-0.05044269304327785,0.0352863313251634
156,SJCRH30,H3K4me1,5S-Deu-L2,-0.013342754822237934,0.5628383475874513,-0.05848194782481636,0.031850886433343745
157,SJCRH30,H3K4me1,Helitron,-0.03563229103537654,0.1427813760988927,-0.08314664818034564,0.012043706595240854
158,SJCRH30,H3K4me1,hAT-Tag1,0.023694726698913603,0.33116761523291005,-0.024106874875922203,0.07138822788612975
159,SJCRH30,H3K4me1,tRNA,0.01976097858589573,0.4436455131932485,-0.030803985556606957,0.07022505459287622
160,SJCRH30,H3K4me1,Penelope,-0.062419399892096605,0.11103573087261746,-0.13855462882339933,0.014449295309585984
161,SJCRH30,H3K4me1,TcMar-Tc1,0.04355530874597613,0.26639557441410794,-0.03331734473971648,0.11991564910067047
162,SJCRH30,H3K4me1,Dong-R4,-0.08364820008341568,0.08389918135646438,-0.17719231747604577,0.01139376597940266
163,SJCRH30,H3K4me1,tRNA-Deu,-0.09872074877875274,0.04367085568754251,-0.19303556361829438,-0.0025983594161673364
164,SJCRH30,H3K4me1,Kolobok,-0.06910141822621789,0.19460090882016418,-0.1722181034804123,0.035513286154040015
165,SJCRH30,H3K4me1,PIF-Harbinger,-0.06286604939611742,0.2414459374916374,-0.16684683264636982,0.04249769583965097
166,SJCRH30,H3K4me1,Crypton,-0.04112520620584402,0.4907838737866377,-0.15701833259410752,0.07588518294211166
167,SJCRH30,H3K4me1,Merlin,0.09440914761230103,0.17185134525846915,-0.04148655873375523,0.22687525883339135
168,SJCRH30,H3K4me1,TcMar,-0.004569590578109497,0.9482806161829178,-0.14185243263476377,0.1328857137571571
169,SJCRH30,H3K4me1,L1-Tx1,-0.11652433853908824,0.17509605673878664,-0.2793205075583357,0.052783698859684966
170,SJCRH30,H3K4me1,Crypton-A,-0.07678767084317327,0.38335033146116204,-0.2453249757062477,0.09625509585478995
171,SJCRH30,H3K4me1,I-Jockey,-0.05529608006672227,0.5679389476338729,-0.24102923157557585,0.13434435260855335
172,SJCRH30,H3K4me1,hAT-Tip100?,-0.13186188811188812,0.2950731652474,-0.36498890662368644,0.11682525113739169
173,SJCRH30,H3K4me1,TcMar-Pogo,-0.23717008797653957,0.19121308053988761,-0.5446985578872058,0.12658273772529433
174,SJCRH30,H3K4me1,hAT?,-0.026126814362108473,0.883391935663397,-0.3611543397567224,0.31487449546869556
175,SJCRH30,H3K4me1,hAT-hAT19,0.15882352941176472,0.5568612810855389,-0.36862760305346826,0.6089136522221239
176,SJCRH30,H3K9me3,Alu,-0.0006036234449422457,0.526251549275783,-0.0024704466114123334,0.0012632039288289585
177,SJCRH30,H3K9me3,L1,0.0008124083504215597,0.5553923548745332,-0.001887766678238156,0.0035125715326759285
178,SJCRH30,H3K9me3,MIR,0.0005999149254041381,0.6663192161685072,-0.002126887012693781,0.0033267079422545976
179,SJCRH30,H3K9me3,L2,0.0035121573648543274,0.03593831764153764,0.00023048396919233915,0.006793755113810464
180,SJCRH30,H3K9me3,ERVL-MaLR,0.0019520891384092304,0.33037313650915634,-0.0019786461771071555,0.005882764132411774
181,SJCRH30,H3K9me3,hAT-Charlie,0.0015876833241515289,0.45645763627530667,-0.002590959935764295,0.00576627113939731
182,SJCRH30,H3K9me3,ERV1,0.001718179913127186,0.575325377872287,-0.004292909628786605,0.007729145290570983
183,SJCRH30,H3K9me3,ERVL,0.004086789817281198,0.1908889814703632,-0.002037290313410015,0.01021056341334427
184,SJCRH30,H3K9me3,TcMar-Tigger,-0.001824679542449787,0.5659290624449181,-0.008054410742420103,0.004405193291198947
185,SJCRH30,H3K9me3,hAT-Tip100,4.1552049593351535e-06,0.9992353085737005,-0.008493241985347904,0.00850155179520716
186,SJCRH30,H3K9me3,CR1,-0.0018125522273621955,0.7009986636799406,-0.01106422527591327,0.007439431117827232
187,SJCRH30,H3K9me3,Gypsy,0.0028843427030282036,0.7179796097714786,-0.012768174483778141,0.018535446670292444
188,SJCRH30,H3K9me3,hAT-Blackjack,-0.00012997186741893615,0.9872791061507584,-0.01610607439718768,0.015846197009587105
189,SJCRH30,H3K9me3,TcMar-Mariner,-0.010095772420295971,0.21935096923944794,-0.02620133237631514,0.006015027239575846
190,SJCRH30,H3K9me3,RTE-X,-0.004230899118162758,0.6812015173054744,-0.024411607668664684,0.015953256243024964
191,SJCRH30,H3K9me3,ERVK,-0.006107987696117973,0.6032445184496262,-0.02913453192949103,0.016925035777255938
192,SJCRH30,H3K9me3,TcMar-Tc2,-0.005174892382413369,0.6760631444381031,-0.029441498457980223,0.01909781004635402
193,SJCRH30,H3K9me3,SVA,-0.017186787928943154,0.22965053755740739,-0.04520503274270747,0.010858474900989547
194,SJCRH30,H3K9me3,RTE-BovB,-0.017349299921653908,0.23987333656822535,-0.046256045163988284,0.01158647732631924
195,SJCRH30,H3K9me3,tRNA-RTE,-0.01272444628121345,0.4284382902845052,-0.04419541378184161,0.01877175064849533
196,SJCRH30,H3K9me3,hAT-Ac,0.008816952436392569,0.6271212286752466,-0.026754076855456013,0.044365681835652426
197,SJCRH30,H3K9me3,hAT,0.026899366511401037,0.16285804545094104,-0.010890117584534925,0.06461212405942691
198,SJCRH30,H3K9me3,MULE-MuDR,0.0015791013971339048,0.9395610434730682,-0.039224512352964466,0.042377457609602716
199,SJCRH30,H3K9me3,PiggyBac,0.001603613184368907,0.9415650927872259,-0.041255362486219846,0.04445669832171005
200,SJCRH30,H3K9me3,5S-Deu-L2,0.03279111157160812,0.15481199819210975,-0.01239981993696808,0.0778483621850368
201,SJCRH30,H3K9me3,Helitron,0.004787961879830791,0.8439359295912143,-0.042862537769130425,0.052416728141125433
202,SJCRH30,H3K9me3,hAT-Tag1,0.01129535971895424,0.6433244780374661,-0.036507677702515895,0.05904682351556595
203,SJCRH30,H3K9me3,tRNA,0.05623581201969625,0.02914317443642041,0.005682828521033506,0.10650208602707406
204,SJCRH30,H3K9me3,Penelope,-0.04697373643613843,0.23027782706103,-0.12323809423472452,0.029842212734770123
205,SJCRH30,H3K9me3,TcMar-Tc1,-0.046711986150422734,0.23324731127635348,-0.1230374858434125,0.030162878584367975
206,SJCRH30,H3K9me3,Dong-R4,-0.045691388838776666,0.3456814473174936,-0.13992105244412226,0.04935845829628926
207,SJCRH30,H3K9me3,tRNA-Deu,-0.04665013466994477,0.341388054282062,-0.1419814342812752,0.049538575184637716
208,SJCRH30,H3K9me3,Kolobok,-0.10836554883714732,0.041582080216215116,-0.2105191984355919,-0.0038709108219753775
209,SJCRH30,H3K9me3,PIF-Harbinger,-0.00800092311830529,0.8816043480965543,-0.11288786118842087,0.09706236284767343
210,SJCRH30,H3K9me3,Crypton,0.034177446239623495,0.5669316614466405,-0.08278379663124646,0.15020993917385944
211,SJCRH30,H3K9me3,Merlin,0.12030446899204983,0.08124977627131083,-0.01549868838630966,0.2517495240545944
212,SJCRH30,H3K9me3,TcMar,-0.0012440902128934153,0.9859451082493886,-0.13893017242049432,0.13648917780703568
213,SJCRH30,H3K9me3,L1-Tx1,-0.13297131931418124,0.12137792340524842,-0.29480939879314605,0.036282505393522346
214,SJCRH30,H3K9me3,Crypton-A,0.03948950572229653,0.6542823997718578,-0.1330027589431497,0.2096598729606812
215,SJCRH30,H3K9me3,I-Jockey,0.04101566119914744,0.67196149494096,-0.14830795686485115,0.2274391565358045
216,SJCRH30,H3K9me3,hAT-Tip100?,-0.10528846153846154,0.40387782730944677,-0.3410539322291344,0.14293883986363567
217,SJCRH30,H3K9me3,TcMar-Pogo,-0.2071114369501466,0.2553829265748573,-0.5212029020592047,0.15639292580012948
218,SJCRH30,H3K9me3,hAT?,-0.11810542398777693,0.5058955367120042,-0.43973689097629554,0.23037566391656156
219,SJCRH30,H3K9me3,hAT-hAT19,0.014705882352941175,0.956891924031642,-0.48455406724881,0.5067391947839653
220,SJCRH30,H3K36me3,Alu,0.0012436761072116614,0.19174038834325086,-0.0006235465809978013,0.0031108901232433346
221,SJCRH30,H3K36me3,L1,-0.0025891557642324903,0.060217965374954614,-0.0052895628405565534,0.0001112890741476955
222,SJCRH30,H3K36me3,MIR,-0.001780254991322048,0.20072068647433375,-0.004507260462541097,0.0009467769581799977
223,SJCRH30,H3K36me3,L2,-0.0009521795479100463,0.569590808558562,-0.004234007806726135,0.0023296692217557873
224,SJCRH30,H3K36me3,ERVL-MaLR,0.000904873802103222,0.6518927132512935,-0.003026368067214284,0.004836087702558136
225,SJCRH30,H3K36me3,hAT-Charlie,0.000849536703582537,0.6903388970606759,-0.003329878259366953,0.0050289219881405915
226,SJCRH30,H3K36me3,ERV1,-0.005675249504517541,0.06430439180953308,-0.011687269012626752,0.00033718030153832244
227,SJCRH30,H3K36me3,ERVL,-7.812449337915638e-06,0.9980052987410828,-0.006132623018644881,0.0061169987061106875
228,SJCRH30,H3K36me3,TcMar-Tigger,0.002870408418382295,0.3665296946410618,-0.0033598912261902096,0.009100485229904826
229,SJCRH30,H3K36me3,hAT-Tip100,-0.0077270679282079174,0.07472332948148258,-0.016224085378837357,0.0007710655134767662
230,SJCRH30,H3K36me3,CR1,0.0013016154840416042,0.7827537353454932,-0.007950438247102717,0.010553446382307471
231,SJCRH30,H3K36me3,Gypsy,-0.00342719219913716,0.6678363406881974,-0.019078622022760786,0.012225916924102078
232,SJCRH30,H3K36me3,hAT-Blackjack,0.007519080348200995,0.3564338748313357,-0.00846201467493737,0.023496335400048227
233,SJCRH30,H3K36me3,TcMar-Mariner,-0.005507347390378699,0.502993111086462,-0.021620405879958674,0.010608571446021967
234,SJCRH30,H3K36me3,RTE-X,0.007423412872278739,0.4709925870339394,-0.012760409646897968,0.027601188471062917
235,SJCRH30,H3K36me3,ERVK,0.005999522330879929,0.6099654500549638,-0.017050979905778214,0.02904365070078037
236,SJCRH30,H3K36me3,TcMar-Tc2,0.012390761125709486,0.31698913329235506,-0.011880162887518036,0.03664709343170849
237,SJCRH30,H3K36me3,SVA,-0.013948712622995546,0.3298516880590273,-0.04198596277722502,0.014110488786136393
238,SJCRH30,H3K36me3,RTE-BovB,-0.016108049562845027,0.27523483366880447,-0.04501988118177566,0.012830743408450218
239,SJCRH30,H3K36me3,tRNA-RTE,-0.0046429742056259835,0.772605539114953,-0.036121202974376224,0.026844458702178674
240,SJCRH30,H3K36me3,hAT-Ac,0.027137413885735803,0.13474029498159085,-0.00843336271228839,0.06263959953012935
241,SJCRH30,H3K36me3,hAT,0.014532639953694597,0.4509403286856103,-0.023253709390978875,0.05227752643406965
242,SJCRH30,H3K36me3,MULE-MuDR,0.01053538338412694,0.6129429746539339,-0.030279824949246307,0.051315516594350304
243,SJCRH30,H3K36me3,PiggyBac,0.02333576485091196,0.28638683049990027,-0.019576542018395884,0.06616225282459894
244,SJCRH30,H3K36me3,5S-Deu-L2,-0.00033492285262645157,0.9884120593155692,-0.045506670998806426,0.04483819214640532
245,SJCRH30,H3K36me3,Helitron,0.004306608880266039,0.859494531580827,-0.04335703963702143,0.05195069735533295
246,SJCRH30,H3K36me3,hAT-Tag1,0.012109145293162992,0.6194944265689715,-0.03568086114815431,0.05984389580130546
247,SJCRH30,H3K36me3,tRNA,0.02263284724947208,0.3802645361364655,-0.027934842023419088,0.07308499330314452
248,SJCRH30,H3K36me3,Penelope,-0.021427855255100606,0.5846685663823128,-0.09800051600542439,0.055397027980217575
249,SJCRH30,H3K36me3,TcMar-Tc1,-0.01067642012391097,0.7852236977359692,-0.08727346428345593,0.06604612300460744
250,SJCRH30,H3K36me3,Dong-R4,-0.06795282679081188,0.16051839439945084,-0.16180494794917577,0.027117545567134037
251,SJCRH30,H3K36me3,tRNA-Deu,0.019592018142763477,0.6895995266765591,-0.07647593767309235,0.11529956081543122
252,SJCRH30,H3K36me3,Kolobok,-0.10680122243844527,0.044938005377848825,-0.20914101933894363,-0.0021472911990608333
253,SJCRH30,H3K36me3,PIF-Harbinger,0.03106631807429615,0.5629777333926838,-0.07418089989650921,0.13562910938157835
254,SJCRH30,H3K36me3,Crypton,-0.04514799761169989,0.4493307818747163,-0.16095665054112965,0.07188699669384276
255,SJCRH30,H3K36me3,Merlin,0.11215940613786017,0.10423466029297362,-0.02368804222916582,0.2439399276011767
256,SJCRH30,H3K36me3,TcMar,-0.10277318431798181,0.14453299337492598,-0.23747188357295126,0.03580321341497868
257,SJCRH30,H3K36me3,L1-Tx1,-0.05416909261240548,0.5295550354856249,-0.22000506178408866,0.11470994881404944
258,SJCRH30,H3K36me3,Crypton-A,-0.15086619343976793,0.08542288361548168,-0.3151450822552983,0.0221906109637321
259,SJCRH30,H3K36me3,I-Jockey,0.036604577888981554,0.7055169184441956,-0.15260976561910647,0.2232302722641438
260,SJCRH30,H3K36me3,hAT-Tip100?,0.1131993006993007,0.3692792622019332,-0.13519245142593023,0.34820389709588595
261,SJCRH30,H3K36me3,TcMar-Pogo,-0.04142228739002932,0.8219064365623479,-0.38469475692416505,0.3119157729996727
262,SJCRH30,H3K36me3,hAT?,0.04232238349885409,0.8121483010815574,-0.3002822896599088,0.37525479424249303
263,SJCRH30,H3K36me3,hAT-hAT19,-0.07058823529411765,0.795039302337628,-0.5476222736656013,0.4410769542672359
264,SJCRH30,H3K27me3,Alu,0.0003549759713684034,0.7093257999833154,-0.0015114707682286933,0.0022214202377632427
265,SJCRH30,H3K27me3,L1,-0.00122656894876204,0.3732981646539617,-0.003926763275346621,0.0014736432639175258
266,SJCRH30,H3K27me3,MIR,-0.00024635869078657943,0.8594296141911922,-0.002972796121143289,0.002480082402170743
267,SJCRH30,H3K27me3,L2,0.0011009625350927239,0.5108296918633843,-0.0021807030704503235,0.004382604427522542
268,SJCRH30,H3K27me3,ERVL-MaLR,-0.0013882532133619693,0.48875352306072894,-0.0053185235907699194,0.002542060053361517
269,SJCRH30,H3K27me3,hAT-Charlie,0.0014012239639621179,0.5110068679533069,-0.0027771898818646132,0.005579588881928648
270,SJCRH30,H3K27me3,ERV1,-0.0005815714692920664,0.8496044955175885,-0.006592674509691864,0.0054295735996780555
271,SJCRH30,H3K27me3,ERVL,0.00024413329354215665,0.9377136479057055,-0.005879042305484129,0.006367290585906504
272,SJCRH30,H3K27me3,TcMar-Tigger,0.00032571743221704736,0.9183681330451327,-0.005903105478983451,0.006554515068994553
273,SJCRH30,H3K27me3,hAT-Tip100,0.004486263954956247,0.300766098558704,-0.004011089022265732,0.012982969107085589
274,SJCRH30,H3K27me3,CR1,-0.00042932833186115654,0.9275337323078733,-0.009681244372658849,0.008822661208784516
275,SJCRH30,H3K27me3,Gypsy,-0.005036700658334128,0.5282309840426114,-0.020686079363789373,0.010615145505437976
276,SJCRH30,H3K27me3,hAT-Blackjack,-0.003919927338389196,0.6305645702976694,-0.019892756395811555,0.012054902192346072
277,SJCRH30,H3K27me3,TcMar-Mariner,0.009225764130937755,0.26169007110433357,-0.006885012835828642,0.02533175288773847
278,SJCRH30,H3K27me3,RTE-X,0.005449255048399651,0.5967158826956844,-0.014735218135621512,0.02562928888293498
279,SJCRH30,H3K27me3,ERVK,0.025615003154762866,0.029282224006771572,0.002579140086961797,0.04862369520672328
280,SJCRH30,H3K27me3,TcMar-Tc2,0.012538729086765718,0.3111699263948869,-0.011728494157819866,0.03679119092569909
281,SJCRH30,H3K27me3,SVA,0.01171024899371196,0.4132449396924607,-0.016342650842637127,0.03974472729047495
282,SJCRH30,H3K27me3,RTE-BovB,-0.01313556130860868,0.37356191026649743,-0.042048616290595725,0.01579947589588668
283,SJCRH30,H3K27me3,tRNA-RTE,0.02383383964523367,0.13792353752508688,-0.00765971585405487,0.05528016031926702
284,SJCRH30,H3K27me3,hAT-Ac,-0.024796801570289354,0.17174314332209498,-0.0603051819905034,0.010774257617043113
285,SJCRH30,H3K27me3,hAT,-0.01596965468890609,0.40735726252915905,-0.05370424942888308,0.021810484928962558
286,SJCRH30,H3K27me3,MULE-MuDR,0.0006194890712088717,0.9762702981094633,-0.04018259163185659,0.0414195072148104
287,SJCRH30,H3K27me3,PiggyBac,-0.006869975945784887,0.7535496255017512,-0.049722199771239435,0.03600749478977245
288,SJCRH30,H3K27me3,5S-Deu-L2,0.0007848541530546696,0.9728348154349578,-0.04436518414428838,0.04593169278406586
289,SJCRH30,H3K27me3,Helitron,0.005258617072301406,0.8288714404099247,-0.04240686869049547,0.052900219007269336
290,SJCRH30,H3K27me3,hAT-Tag1,-0.017630379931625705,0.4696741836687698,-0.06534666796288931,0.03016635170591633
291,SJCRH30,H3K27me3,tRNA,0.021379670500431245,0.4072087773851978,-0.029186906526161637,0.07183709891199054
292,SJCRH30,H3K27me3,Penelope,0.0875991792691232,0.025075781492872085,0.010859587120054906,0.16331295444117322
293,SJCRH30,H3K27me3,TcMar-Tc1,-0.06485262961482051,0.09776160687012546,-0.1409558637204975,0.01201254444843872
294,SJCRH30,H3K27me3,Dong-R4,0.049543142360074614,0.30650311920481443,-0.045515332596442484,0.14371245492874737
295,SJCRH30,H3K27me3,tRNA-Deu,0.004192204384446046,0.9319008348422184,-0.09176019461322024,0.10006746997885747
296,SJCRH30,H3K27me3,Kolobok,-0.06391231296680211,0.23034267712530565,-0.1671384939955203,0.040699871456009895
297,SJCRH30,H3K27me3,PIF-Harbinger,0.035318872793587336,0.5107636458798932,-0.06995316135562404,0.1398129001303621
298,SJCRH30,H3K27me3,Crypton,0.023235485382934854,0.6971253241729967,-0.09363132653657359,0.13947069286803138
299,SJCRH30,H3K27me3,Merlin,0.12743139898946576,0.06466145536208044,-0.008321476837913348,0.2585721254515707
300,SJCRH30,H3K27me3,TcMar,-0.06422410960143826,0.3614478510182769,-0.19996904981166355,0.07393986255349524
301,SJCRH30,H3K27me3,L1-Tx1,-0.10057907468605044,0.24223071449876718,-0.26424171569166105,0.06871400393209554
302,SJCRH30,H3K27me3,Crypton-A,0.0605568033678583,0.4920244770034389,-0.11229017509605807,0.22984680064908825
303,SJCRH30,H3K27me3,I-Jockey,0.007320915577796312,0.9397751860497664,-0.18103256583778965,0.19515634917994487
304,SJCRH30,H3K27me3,hAT-Tip100?,-0.1444493006993007,0.25095878223887136,-0.37624439620292616,0.10436262081558607
305,SJCRH30,H3K27me3,TcMar-Pogo,-0.3610703812316715,0.04232287472471751,-0.637379354031971,-0.00248487730218078
306,SJCRH30,H3K27me3,hAT?,-0.1489686783804431,0.4004346807777478,-0.4652986967980216,0.2011031861843037
307,SJCRH30,H3K27me3,hAT-hAT19,-0.0029411764705882353,0.9913748045563624,-0.49792144373831837,0.4934845205018354
308,SJCRH30,H3K4me3,Alu,-0.0018328829338672057,0.054406900797669744,-0.0037004203632038123,3.466728067701633e-05
309,SJCRH30,H3K4me3,L1,0.00041281754089885614,0.7644732420797107,-0.0022876989940229806,0.0031133280546501905
310,SJCRH30,H3K4me3,MIR,0.00046707214965327514,0.7371177042073971,-0.002260119741534552,0.0031942570930884283
311,SJCRH30,H3K4me3,L2,-0.003286385681904617,0.04968840959053114,-0.006568233459463474,-4.467109856851443e-06
312,SJCRH30,H3K4me3,ERVL-MaLR,0.001348992893159559,0.5012684631007354,-0.0025826008840401796,0.005280544966800339
313,SJCRH30,H3K4me3,hAT-Charlie,0.002407475339895617,0.2589071358207614,-0.001772036453171473,0.006586903025074205
314,SJCRH30,H3K4me3,ERV1,0.0009751375840447111,0.7505549968342826,-0.00503675413291468,0.0069869588132762455
315,SJCRH30,H3K4me3,ERVL,-0.004186537886693412,0.1803339762326445,-0.010310991579032444,0.0019382298923956154
316,SJCRH30,H3K4me3,TcMar-Tigger,0.0019675392782379218,0.5359624067008828,-0.004263060525610286,0.008197986324019128
317,SJCRH30,H3K4me3,hAT-Tip100,-0.006580311873484116,0.1291092599322194,-0.015077756300695912,0.001918082984561909
318,SJCRH30,H3K4me3,CR1,0.003709069613591148,0.4320536742800801,-0.0055436219659830855,0.01296112614404539
319,SJCRH30,H3K4me3,Gypsy,0.009347787037863712,0.24178573967175887,-0.006304886424614987,0.024995880909015413
320,SJCRH30,H3K4me3,hAT-Blackjack,-0.0008466079895427019,0.9173060185799407,-0.016826766791082248,0.015133983212909933
321,SJCRH30,H3K4me3,TcMar-Mariner,0.0055938999415264205,0.49642204759816033,-0.0105263897693242,0.02171128278214777
322,SJCRH30,H3K4me3,RTE-X,0.0037223048995849574,0.7177714600456371,-0.016461704496582706,0.023903281818286045
323,SJCRH30,H3K4me3,ERVK,0.015263017618448975,0.19400466888683343,-0.007771482989962355,0.03828132908422257
324,SJCRH30,H3K4me3,TcMar-Tc2,0.014187298053493428,0.2520017782282531,-0.010089399671434943,0.03844728113114974
325,SJCRH30,H3K4me3,SVA,0.014699700534835547,0.3047745752421184,-0.013376906457717708,0.04275314621467677
326,SJCRH30,H3K4me3,RTE-BovB,-0.0018818229127131572,0.8985888903082755,-0.030814260670830842,0.0270537656947217
327,SJCRH30,H3K4me3,tRNA-RTE,-0.020671057043589534,0.19827377236490396,-0.05212788757827282,0.010826753648553436
328,SJCRH30,H3K4me3,hAT-Ac,0.003610011885570502,0.8423700442859761,-0.0319620128822879,0.03917290288635926
329,SJCRH30,H3K4me3,hAT,0.0356649918066373,0.06423677939877563,-0.002121456768143317,0.07334973906424913
330,SJCRH30,H3K4me3,MULE-MuDR,-0.012356560727599664,0.5530460275002955,-0.05314122292822961,0.028469256764147507
331,SJCRH30,H3K4me3,PiggyBac,0.009441539576618809,0.6661879452062769,-0.03344957377802403,0.052297939740278424
332,SJCRH30,H3K4me3,5S-Deu-L2,0.0017177217218357983,0.9405901037737623,-0.043434139239769576,0.046862579942943045
333,SJCRH30,H3K4me3,Helitron,0.004913984599973156,0.8399764975475817,-0.042764942084775874,0.05257057948355056
334,SJCRH30,H3K4me3,hAT-Tag1,0.04147825586765257,0.08883155851931045,-0.006322404524589512,0.08908979323426766
335,SJCRH30,H3K4me3,tRNA,0.04793193547020798,0.06302560565377681,-0.0026326879509506874,0.09825207934018061
336,SJCRH30,H3K4me3,Penelope,-0.04540114776215893,0.24663989329732755,-0.12174125334908285,0.03147293866121582
337,SJCRH30,H3K4me3,TcMar-Tc1,0.016966497292970527,0.6651890945831238,-0.05984193265207974,0.09357520141177464
338,SJCRH30,H3K4me3,Dong-R4,0.0620977114511408,0.1997836948117486,-0.03297415230531727,0.15605587056768408
339,SJCRH30,H3K4me3,tRNA-Deu,-0.06654891350117013,0.17445504870494002,-0.16153724792088434,0.029661191270392667
340,SJCRH30,H3K4me3,Kolobok,-0.016371516009298755,0.7592069151761996,-0.12055530059308436,0.08816898245331367
341,SJCRH30,H3K4me3,PIF-Harbinger,-0.07175565030626609,0.18108507082269368,-0.17554573053964356,0.03361200917655046
342,SJCRH30,H3K4me3,Crypton,-0.003029138632633966,0.9595386172813027,-0.11958468617091307,0.11360877070118441
343,SJCRH30,H3K4me3,Merlin,0.16917740103025364,0.013870176779727305,0.03393867798862767,0.2983320467485077
344,SJCRH30,H3K4me3,TcMar,-0.1306990467272019,0.0630758764916489,-0.26421277947987004,0.007729849043487688
345,SJCRH30,H3K4me3,L1-Tx1,-0.1342267784028589,0.1178706166490998,-0.2959890332051068,0.03501997398835085
346,SJCRH30,H3K4me3,Crypton-A,-0.1507060467453889,0.08575912738600061,-0.3149956037893877,0.022352323409581563
347,SJCRH30,H3K4me3,I-Jockey,-0.06914095079232695,0.4749884388036103,-0.254152749546128,0.12075237362469464
348,SJCRH30,H3K4me3,hAT-Tip100?,0.10415209790209791,0.40899867185878513,-0.14404967961293172,0.34002515353824186
349,SJCRH30,H3K4me3,TcMar-Pogo,-0.18291788856304986,0.3163151668345936,-0.5020085999897499,0.18000515519684057
350,SJCRH30,H3K4me3,hAT?,-0.0019862490450725744,0.9911049619291139,-0.3399239334464359,0.33640571374199923
351,SJCRH30,H3K4me3,hAT-hAT19,0.07058823529411765,0.795039302337628,-0.4410769542672359,0.5476222736656013
352,BE2C,H3K4me1,Alu,0.00041057193159873987,0.6667997827656109,-0.0014584716989630483,0.002279612693642806
353,BE2C,H3K4me1,L1,0.0012193257184564899,0.3767306492559822,-0.0014843036655617624,0.003922937276970335
354,BE2C,H3K4me1,MIR,-0.00017975347815124519,0.8972609118152526,-0.0029082487242009705,0.0025487444443177067
355,BE2C,H3K4me1,L2,-0.00036608964591193564,0.827000241647596,-0.003649173623355309,0.0029170022234487635
356,BE2C,H3K4me1,ERVL-MaLR,0.001114937624588702,0.5787269107694699,-0.0028206866345787504,0.005050527345170182
357,BE2C,H3K4me1,hAT-Charlie,2.5943216243797654e-05,0.9902990485330538,-0.004156065612805261,0.004207951137840969
358,BE2C,H3K4me1,ERV1,0.001515089265597518,0.6222696899497301,-0.004512716597781395,0.00754278503088396
359,BE2C,H3K4me1,ERVL,-0.004568434660937019,0.14412038527270668,-0.01069839798359877,0.0015618720192381156
360,BE2C,H3K4me1,TcMar-Tigger,-0.00326718014194498,0.3043778096999406,-0.009501609797732794,0.002967503505155922
361,BE2C,H3K4me1,hAT-Tip100,-0.005339153617584656,0.21838811813993766,-0.013840538528347362,0.003163003144372597
362,BE2C,H3K4me1,CR1,5.3366850499000495e-05,0.9909827034834829,-0.00920137618551734,0.00930810074475418
363,BE2C,H3K4me1,Gypsy,0.010922805737217059,0.1716983287523662,-0.004741372226018671,0.026581624714294944
364,BE2C,H3K4me1,hAT-Blackjack,-0.004105862838285969,0.6149821954861021,-0.020103083845813306,0.011893459952360009
365,BE2C,H3K4me1,TcMar-Mariner,-0.009394012762587991,0.25366826982092106,-0.02551953772008452,0.006736399605216726
366,BE2C,H3K4me1,RTE-X,-0.02668584405804772,0.009597048165787034,-0.0468597352711287,-0.0064901923949982985
367,BE2C,H3K4me1,ERVK,0.016704881763231413,0.15645016424570754,-0.006401510133831148,0.03979344479723229
368,BE2C,H3K4me1,TcMar-Tc2,-0.012708396188122735,0.3050013090803192,-0.03697741669340316,0.01157560609664907
369,BE2C,H3K4me1,SVA,0.0033113922017215503,0.8171639703931668,-0.024757679225037695,0.03137524662959279
370,BE2C,H3K4me1,RTE-BovB,0.013200587229470808,0.37135713107483936,-0.015743930245392595,0.042122999234285884
371,BE2C,H3K4me1,tRNA-RTE,0.007291746705318688,0.6500807826359026,-0.024209763405951733,0.03877879083434125
372,BE2C,H3K4me1,hAT-Ac,0.016942335394583563,0.350714809943517,-0.018645116465523644,0.05248691284062473
373,BE2C,H3K4me1,hAT,0.014984215142836389,0.43733736808097057,-0.022830515834943412,0.05275613155399801
374,BE2C,H3K4me1,MULE-MuDR,-0.030297618046859348,0.14625641853000862,-0.07108204785704006,0.010587946819723477
375,BE2C,H3K4me1,PiggyBac,0.01757310600467679,0.42266414532202323,-0.02538767154084077,0.060469094520650066
376,BE2C,H3K4me1,5S-Deu-L2,-0.0028723360317222564,0.9009256648801972,-0.04806263934183482,0.04232970198125852
377,BE2C,H3K4me1,Helitron,0.018560666882998157,0.4468283381421053,-0.02926542430156832,0.06630197046170581
378,BE2C,H3K4me1,hAT-Tag1,-0.03618003661640213,0.13825470183542252,-0.08387495102454197,0.011680270139100083
379,BE2C,H3K4me1,tRNA,-0.01098748617694945,0.6703794538883501,-0.06151772828224867,0.03959893390534696
380,BE2C,H3K4me1,Penelope,0.0312655865172683,0.4258032274985436,-0.04570582385686203,0.10786794037197434
381,BE2C,H3K4me1,TcMar-Tc1,-0.027981092495279882,0.4756935360750548,-0.10455526092929998,0.04892288754065887
382,BE2C,H3K4me1,Dong-R4,-0.056007959877413166,0.24759084941920254,-0.1500713026161769,0.03906022966818741
383,BE2C,H3K4me1,tRNA-Deu,-0.012887481510365393,0.7927763655237878,-0.10867218750438863,0.08313432704181217
384,BE2C,H3K4me1,Kolobok,0.057898296128871395,0.2766158726166281,-0.046557138396392396,0.16110123229574957
385,BE2C,H3K4me1,PIF-Harbinger,0.003554711167373517,0.9472429174162647,-0.10146357235242358,0.10849464351510446
386,BE2C,H3K4me1,Crypton,-0.010962212471754964,0.8543254826483898,-0.12740035843589378,0.10577397805404669
387,BE2C,H3K4me1,Merlin,-0.0489323337669867,0.47957608935160023,-0.1828713873915245,0.08679002499141053
388,BE2C,H3K4me1,TcMar,-0.07298205429189544,0.30318854153946867,-0.20944037414687755,0.06626463541629418
389,BE2C,H3K4me1,L1-Tx1,-0.08314732860348166,0.3340585656093753,-0.2476870927700302,0.0860543770219136
390,BE2C,H3K4me1,Crypton-A,0.016206845471158127,0.8542252186378321,-0.15576272067528638,0.18722288894354322
391,BE2C,H3K4me1,I-Jockey,-0.04356408117876009,0.6528601225357398,-0.22986838310058214,0.14582021856836522
392,BE2C,H3K4me1,hAT-Tip100?,-0.09754224270353304,0.44693778184174326,-0.33769167192679767,0.1545300703014038
393,BE2C,H3K4me1,TcMar-Pogo,0.14882697947214074,0.4162529346557551,-0.21272650464277726,0.4745345545888487
394,BE2C,H3K4me1,hAT?,-0.10895721925133692,0.5461236876829099,-0.4368172623533816,0.24445593981656855
395,BE2C,H3K4me1,hAT-hAT19,-0.07647058823529412,0.7783409809607029,-0.5518312059137126,0.43639588116527667
396,BE2C,H3K9me3,Alu,-0.00198473802214487,0.03734538250326181,-0.0038531572786637013,-0.00011630490806544233
397,BE2C,H3K9me3,L1,-0.0018723932121996292,0.1746003088368286,-0.00457559986918724,0.000830840809536996
398,BE2C,H3K9me3,MIR,-0.0011430507610482657,0.4115492861088019,-0.003871261306601586,0.0015851768003905943
399,BE2C,H3K9me3,L2,-0.0028051836493098057,0.0939877484233371,-0.006088088728908348,0.0004777818974197296
400,BE2C,H3K9me3,ERVL-MaLR,-4.195027084713949e-05,0.9833299157382414,-0.003977012920609429,0.0038931136780918146
401,BE2C,H3K9me3,hAT-Charlie,-0.00033780193906290343,0.87420113365891,-0.004519566076340552,0.0038439740126367072
402,BE2C,H3K9me3,ERV1,0.0024982710735747277,0.41643301271015976,-0.003527301875230364,0.008523662614608525
403,BE2C,H3K9me3,ERVL,-0.0003108452893537124,0.9208301026475226,-0.006440734310666979,0.005819067092409679
404,BE2C,H3K9me3,TcMar-Tigger,-0.001990869475239626,0.5313751143312762,-0.008224907044011291,0.004243322841200956
405,BE2C,H3K9me3,hAT-Tip100,-0.0028287721106135125,0.5143233045636277,-0.011330309248621061,0.005673173955757423
406,BE2C,H3K9me3,CR1,0.004462441021954349,0.3446240730448774,-0.004792231935748252,0.01371634962060134
407,BE2C,H3K9me3,Gypsy,0.0009508193861968715,0.9052973859629092,-0.014712302936653258,0.01661347518701356
408,BE2C,H3K9me3,hAT-Blackjack,0.013124802272964331,0.10783998404040049,-0.002873898233366301,0.029116785635875674
409,BE2C,H3K9me3,TcMar-Mariner,-0.010332972869154546,0.2091892255888227,-0.026455300729942618,0.005794729043992837
410,BE2C,H3K9me3,RTE-X,-0.016053206193082016,0.11918283131476719,-0.036234029986176246,0.004140705291616299
411,BE2C,H3K9me3,ERVK,-0.006709740312972668,0.5693221123553429,-0.02981250432658658,0.016400188727360068
412,BE2C,H3K9me3,TcMar-Tc2,-0.009026271433833355,0.4661417652516957,-0.03329147415303509,0.015249566148793763
413,BE2C,H3K9me3,SVA,-0.0035103236629565274,0.8062558106473356,-0.03155387466103304,0.024538749813623625
414,BE2C,H3K9me3,RTE-BovB,-0.013094156651640472,0.37517431068236995,-0.04201356787142899,0.015847177063411308
415,BE2C,H3K9me3,tRNA-RTE,0.004149169684090624,0.7963285904429352,-0.02735413992167772,0.03564424554304295
416,BE2C,H3K9me3,hAT-Ac,0.02014255186295394,0.26728983080717333,-0.015451652515785485,0.055685769559051045
417,BE2C,H3K9me3,hAT,0.006617822814205467,0.7315390319024264,-0.03118304134233057,0.04439978311619346
418,BE2C,H3K9me3,MULE-MuDR,0.017205213603441464,0.40941416386081086,-0.023677542309975423,0.058030519751767914
419,BE2C,H3K9me3,PiggyBac,0.008044761781537959,0.7137238764982745,-0.03492693491279251,0.050986766704286555
420,BE2C,H3K9me3,5S-Deu-L2,-0.0007118011740465754,0.97538864428952,-0.04590677972050485,0.04448608539133403
421,BE2C,H3K9me3,Helitron,-0.00037292637939050066,0.9877917671355101,-0.04811134242851711,0.04736718949638962
422,BE2C,H3K9me3,hAT-Tag1,-0.07377991467702272,0.002478529004611891,-0.12124094196156046,-0.02598231234204353
423,BE2C,H3K9me3,tRNA,0.018912073952644624,0.4639214643039199,-0.03170249949394211,0.06942989878851145
424,BE2C,H3K9me3,Penelope,0.04755481723382971,0.22491282534316778,-0.02932044290728146,0.12387082222655178
425,BE2C,H3K9me3,TcMar-Tc1,-0.05027237897049416,0.19983666286384294,-0.12661550993170176,0.026662795095887613
426,BE2C,H3K9me3,Dong-R4,0.023682112136322743,0.6251425812334418,-0.07127792677755569,0.11821672332044211
427,BE2C,H3K9me3,tRNA-Deu,-0.1016767092317648,0.03771413997668759,-0.19592224259499655,-0.0055700361833224766
428,BE2C,H3K9me3,Kolobok,0.027922044176197532,0.6000431758319138,-0.07640826777438676,0.13164755579221737
429,BE2C,H3K9me3,PIF-Harbinger,-0.025196471401551745,0.6390019407250636,-0.1298495771561199,0.08001183206035523
430,BE2C,H3K9me3,Crypton,-0.06655726382424144,0.2644440861703849,-0.1818697322572104,0.05056094067261429
431,BE2C,H3K9me3,Merlin,0.03435016744318263,0.6197904055736461,-0.10122754402658742,0.16867526549215697
432,BE2C,H3K9me3,TcMar,-0.01937656436223124,0.784835886942692,-0.15736208172184443,0.1193510596285732
433,BE2C,H3K9me3,L1-Tx1,-0.05662400517985693,0.5110382457451967,-0.22235800508312156,0.11229055764774655
434,BE2C,H3K9me3,Crypton-A,0.07303223085998496,0.4071108756313141,-0.09997127457385989,0.2417494471355403
435,BE2C,H3K9me3,I-Jockey,-0.1805022704105273,0.06034951010152188,-0.3578471516245424,0.00941076549208751
436,BE2C,H3K9me3,hAT-Tip100?,0.03398617511520738,0.7914475136986904,-0.21566394686902682,0.2794658602171407
437,BE2C,H3K9me3,TcMar-Pogo,-0.12866568914956011,0.48279722341584863,-0.458051179081542,0.23178647072583025
438,BE2C,H3K9me3,hAT?,-0.19184491978609627,0.28482405281700807,-0.5045327623533848,0.16533279896183142
439,BE2C,H3K9me3,hAT-hAT19,-0.03529411764705882,0.8967532476935333,-0.521992247339007,0.4687418466013702
440,BE2C,H3K36me3,Alu,0.0012882562783807672,0.1766093696426968,-0.0005803117549420299,0.003156815315718557
441,BE2C,H3K36me3,L1,-0.0003742449712019728,0.7861510792692812,-0.0030777908457130863,0.0023293063741539463
442,BE2C,H3K36me3,MIR,-0.0009384632559670409,0.5001680090878806,-0.003666549336670227,0.0017896367937585706
443,BE2C,H3K36me3,L2,-0.000985098312659739,0.5564673058380175,-0.0042681367116610665,0.0022979613219508725
444,BE2C,H3K36me3,ERVL-MaLR,-0.0005576866688728693,0.7811887268493849,-0.004492732488956015,0.003377376422385383
445,BE2C,H3K36me3,hAT-Charlie,-0.003392802833663415,0.11178408499703042,-0.007574354077266198,0.0007888670635031366
446,BE2C,H3K36me3,ERV1,0.005261117818549014,0.08708935708526624,-0.0007657403732680639,0.011287593824652177
447,BE2C,H3K36me3,ERVL,-0.0018327755833569602,0.5578869284771077,-0.007962802285773762,0.0042973888638672885
448,BE2C,H3K36me3,TcMar-Tigger,-0.0027192020175722084,0.3926221625717975,-0.008953321382891797,0.003515128715939215
449,BE2C,H3K36me3,hAT-Tip100,-0.002981853026745483,0.49181980887015575,-0.011483293450126759,0.005520018446131881
450,BE2C,H3K36me3,CR1,-0.004829718249517612,0.3063724173850669,-0.014083468558219497,0.004424859308275212
451,BE2C,H3K36me3,Gypsy,-0.0026380778834627664,0.7413380048450546,-0.01830074876124735,0.013025887452926157
452,BE2C,H3K36me3,hAT-Blackjack,5.906185276847688e-05,0.9942264767635873,-0.015937295852110143,0.01605538933180164
453,BE2C,H3K36me3,TcMar-Mariner,-0.008193365642071928,0.31948387738539047,-0.02432055032090345,0.007938082410451314
454,BE2C,H3K36me3,RTE-X,0.006849250071722939,0.5062293623812485,-0.013346244632472049,0.02703915901620823
455,BE2C,H3K36me3,ERVK,-0.023216033420923154,0.04886905266898412,-0.046295018636236245,-0.0001122767533907815
456,BE2C,H3K36me3,TcMar-Tc2,-0.011137091680903613,0.36872677587692304,-0.03540958210950243,0.013148530395683429
457,BE2C,H3K36me3,SVA,-0.01071280241103384,0.45420444045164343,-0.03875140525489731,0.01734265651660315
458,BE2C,H3K36me3,RTE-BovB,-0.007922716502002098,0.5915687309098179,-0.03684881301901316,0.02101664510346211
459,BE2C,H3K36me3,tRNA-RTE,0.019020528331056455,0.23663572326758492,-0.01248533014544146,0.0504886580963873
460,BE2C,H3K36me3,hAT-Ac,0.034158016604213706,0.059979140913960595,-0.001445367076136771,0.06967491226897814
461,BE2C,H3K36me3,hAT,0.009592879064063283,0.6189003803542947,-0.028203840552978938,0.0473622074026526
462,BE2C,H3K36me3,MULE-MuDR,-0.02229847891586041,0.285092631874469,-0.06311799317065778,0.018595516872359504
463,BE2C,H3K36me3,PiggyBac,0.007106389475333291,0.7457698414705011,-0.03584339799743813,0.05002997353092366
464,BE2C,H3K36me3,5S-Deu-L2,-0.014422648587443923,0.5318830231349361,-0.05958260428824869,0.030796223838889088
465,BE2C,H3K36me3,Helitron,-0.010546231660420641,0.6654919798125322,-0.05829999041227599,0.037255680655943174
466,BE2C,H3K36me3,hAT-Tag1,-0.03255362774041592,0.18231464755890311,-0.08026574734854472,0.015307325102965277
467,BE2C,H3K36me3,tRNA,0.03914312025758861,0.12943466577957227,-0.011478682469016666,0.089564795725334
468,BE2C,H3K36me3,Penelope,0.06154673907363264,0.11612841077048268,-0.015323050942395531,0.1376932779317935
469,BE2C,H3K36me3,TcMar-Tc1,-0.025188259931404076,0.5211734432454989,-0.10184611178394727,0.051766962865375944
470,BE2C,H3K36me3,Dong-R4,0.009891685072725911,0.8383165412329051,-0.0849771021110719,0.10458273639672376
471,BE2C,H3K36me3,tRNA-Deu,0.059192079100591176,0.2271934502378794,-0.03701680816085708,0.15431375845675266
472,BE2C,H3K36me3,Kolobok,0.12378221266921409,0.01964871866815161,0.019551967980711914,0.22535082961616013
473,BE2C,H3K36me3,PIF-Harbinger,-0.024886789210429697,0.6431297012182933,-0.1295445115523883,0.08031931126898488
474,BE2C,H3K36me3,Crypton,-0.004812604393442795,0.9357579386031596,-0.1213427017512966,0.11184834601059404
475,BE2C,H3K36me3,Merlin,0.01304666357117924,0.850566259058588,-0.12224300468224189,0.1478603372917954
476,BE2C,H3K36me3,TcMar,0.00923977796482999,0.8964222423376051,-0.12932322962527,0.14744885953524595
477,BE2C,H3K36me3,L1-Tx1,-0.020491052523565784,0.8121378314508517,-0.18757909928535274,0.14774952569565192
478,BE2C,H3K36me3,Crypton-A,0.022367154981604926,0.7998185507504947,-0.14975397539697605,0.19317247394328838
479,BE2C,H3K36me3,I-Jockey,-0.06862199981466037,0.4783173752107749,-0.25366176093364395,0.12126281476845821
480,BE2C,H3K36me3,hAT-Tip100?,0.08669354838709678,0.49929271551261467,-0.1650692633652423,0.32784959631354177
481,BE2C,H3K36me3,TcMar-Pogo,-0.09274193548387095,0.6136675984393901,-0.4282462968153663,0.2652326866400377
482,BE2C,H3K36me3,hAT?,0.04044117647058824,0.8231850219656422,-0.3072644617466564,0.3786205319498606
483,BE2C,H3K36me3,hAT-hAT19,-0.37058823529411766,0.15765046473782054,-0.7402602748325887,0.17114437003973268
484,BE2C,H3K27me3,Alu,0.0008018312127448981,0.40028599576473256,-0.0010666040888797812,0.002670260915916278
485,BE2C,H3K27me3,L1,0.0020161847983785103,0.14381695499487718,-0.0006872368529405317,0.004719576979371688
486,BE2C,H3K27me3,MIR,-0.0003375851515620068,0.8083576098103218,-0.0030655398619771493,0.0023903745833027228
487,BE2C,H3K27me3,L2,-0.0015380744404473905,0.3584895226180679,-0.004821006726991261,0.0017448910001484806
488,BE2C,H3K27me3,ERVL-MaLR,-0.0032121610703649208,0.10961062269751488,-0.0071470331588209006,0.0007228104908144476
489,BE2C,H3K27me3,hAT-Charlie,0.0004987029694821959,0.8151617414484221,-0.0036824473122711553,0.004679835814635668
490,BE2C,H3K27me3,ERV1,-0.00028971229992609917,0.9249191918025139,-0.0063150125409354675,0.005735608976729945
491,BE2C,H3K27me3,ERVL,0.0013097007670492653,0.6753799575815189,-0.00481997189805629,0.007439275015088398
492,BE2C,H3K27me3,TcMar-Tigger,-0.002282307378159979,0.47300917046198854,-0.008515823304642596,0.003951385920254598
493,BE2C,H3K27me3,hAT-Tip100,-0.0032969637348314465,0.44722651449787365,-0.011798528726471533,0.005205077875414427
494,BE2C,H3K27me3,CR1,0.0054510144265498515,0.24832762744551543,-0.003803778350305015,0.014704873498130641
495,BE2C,H3K27me3,Gypsy,-0.003695395808709338,0.6438006365555365,-0.01935722853978586,0.011968250066486321
496,BE2C,H3K27me3,hAT-Blackjack,-0.004195213993614587,0.6072718301685948,-0.020190804775433967,0.011802523880034667
497,BE2C,H3K27me3,TcMar-Mariner,-0.0054375187633453875,0.5087815466438861,-0.02156423657659571,0.010692027911849703
498,BE2C,H3K27me3,RTE-X,0.0007952537572226424,0.9384749792684537,-0.019396329682757684,0.02098618876763697
499,BE2C,H3K27me3,ERVK,-0.0026881765233231127,0.8196364325968527,-0.025790531681848205,0.02041704847316357
500,BE2C,H3K27me3,TcMar-Tc2,-0.006230081643476895,0.6149069278358068,-0.03049398735046908,0.01804116232758604
501,BE2C,H3K27me3,SVA,0.016711297858212834,0.24308796323073503,-0.011351171778787767,0.04474746445206687
502,BE2C,H3K27me3,RTE-BovB,-0.007075794437698264,0.6317927951497437,-0.03600287533066885,0.021863133608281946
503,BE2C,H3K27me3,tRNA-RTE,0.03800984169738864,0.018002140011370307,0.006510740869468282,0.06943358787287064
504,BE2C,H3K27me3,hAT-Ac,-0.007767855242902346,0.6688715474508482,-0.043341798621475844,0.027825760721335985
505,BE2C,H3K27me3,hAT,0.016473189935435027,0.3929913171162176,-0.021328275451815284,0.05422762237998623
506,BE2C,H3K27me3,MULE-MuDR,-0.009474622569970193,0.6497919248499328,-0.05033690274150457,0.03141932501083975
507,BE2C,H3K27me3,PiggyBac,0.008752822678705894,0.6897828286919264,-0.0342197981421129,0.05169313859395324
508,BE2C,H3K27me3,5S-Deu-L2,-0.020983996753525455,0.3631709978426939,-0.066134691697743,0.024252453780893028
509,BE2C,H3K27me3,Helitron,-0.03971315725398187,0.10349199337035321,-0.08736209692797728,0.008117085724893853
510,BE2C,H3K27me3,hAT-Tag1,-0.023229971887398847,0.3413175227865427,-0.07098201047264155,0.024628300331037346
511,BE2C,H3K27me3,tRNA,0.034883086375722766,0.17663067326646908,-0.01573978149969465,0.0853275791682407
512,BE2C,H3K27me3,Penelope,-0.012318350699161925,0.7533765181550057,-0.08896219133863176,0.06447050861802545
513,BE2C,H3K27me3,TcMar-Tc1,-0.03374059283863933,0.3897152752034907,-0.1102605005537515,0.04317694309725414
514,BE2C,H3K27me3,Dong-R4,0.06194687387210445,0.20088028260168428,-0.033124963167762554,0.15590770113188382
515,BE2C,H3K27me3,tRNA-Deu,-0.0783114688982231,0.10987765745441755,-0.17307063303217304,0.017884188675254313
516,BE2C,H3K27me3,Kolobok,0.05172387086144347,0.33116701372986823,-0.05271729028809547,0.15504572723454996
517,BE2C,H3K27me3,PIF-Harbinger,0.07241185473038932,0.17711726127388194,-0.032955594068701556,0.17618737251035696
518,BE2C,H3K27me3,Crypton,0.03206571900584406,0.591143589907805,-0.08487891980982475,0.14813893269196493
519,BE2C,H3K27me3,Merlin,-0.04494794684066651,0.5161080258246947,-0.17899664225176895,0.09073914609939243
520,BE2C,H3K27me3,TcMar,-0.08908017844381477,0.20855292313264734,-0.22496678133926978,0.05020544669868489
521,BE2C,H3K27me3,L1-Tx1,0.010113679721800946,0.9066255482526651,-0.15787381142081863,0.17753223390441544
522,BE2C,H3K27me3,Crypton-A,0.028877118108112613,0.7433545284026308,-0.14339382350608162,0.1994495539476493
523,BE2C,H3K27me3,I-Jockey,-0.12561393754054306,0.19309070219588387,-0.307153148597793,0.06474635734490652
524,BE2C,H3K27me3,hAT-Tip100?,0.0010080645161290324,0.9937438212121501,-0.2468186748779525,0.24871103882383458
525,BE2C,H3K27me3,TcMar-Pogo,-0.1473607038123167,0.4209116420104123,-0.47334166279781437,0.21411986291987764
526,BE2C,H3K27me3,hAT?,-0.1303475935828877,0.46967293613710237,-0.45457273690027417,0.22437863473065703
527,BE2C,H3K27me3,hAT-hAT19,-0.008823529411764706,0.9741279946623942,-0.5023396357269391,0.4890287637649059
528,SJSA1,H3K27ac,Alu,-0.0005512419733815487,0.5620888521424121,-0.0024148516262449803,0.0013123715084627943
529,SJSA1,H3K27ac,L1,0.00019307571684391422,0.888351427905679,-0.0025024113885336015,0.0028885600165827977
530,SJSA1,H3K27ac,MIR,0.001523215247860025,0.273524007786492,-0.0012032650101310416,0.00424967285975273
531,SJSA1,H3K27ac,L2,0.0005705731271931528,0.7331735300389115,-0.00270979712070393,0.003850931095452539
532,SJSA1,H3K27ac,ERVL-MaLR,0.0004444738997937902,0.8243917177265827,-0.0034813963273630493,0.004370330426125965
533,SJSA1,H3K27ac,hAT-Charlie,-0.00479404023084249,0.02444608668300303,-0.008969870497266302,-0.0006180427611682302
534,SJSA1,H3K27ac,ERV1,-0.0009766048627682358,0.7491642125390069,-0.006962938146120427,0.005009798417056524
535,SJSA1,H3K27ac,ERVL,0.004960788369851594,0.11204117934206669,-0.001157854570025013,0.011079059881215122
536,SJSA1,H3K27ac,TcMar-Tigger,0.002165712276835967,0.4952787016381486,-0.00405879286299448,0.008390049601680057
537,SJSA1,H3K27ac,hAT-Tip100,0.004664182281115744,0.282003019690659,-0.0038331731671412284,0.013160864213081838
538,SJSA1,H3K27ac,CR1,-0.006802546153934264,0.14929218018976,-0.01604731640894841,0.0024433870709557027
539,SJSA1,H3K27ac,Gypsy,0.023154865366698054,0.003723125196826675,0.007509068332966216,0.03878932833215659
540,SJSA1,H3K27ac,hAT-Blackjack,-0.006343488779716952,0.4361744468727998,-0.022307451251820022,0.009623707729625184
541,SJSA1,H3K27ac,TcMar-Mariner,-0.0062876101601354725,0.44399890779975326,-0.02238404259766416,0.009812081244335403
542,SJSA1,H3K27ac,RTE-X,0.020305259484804872,0.04854283714201164,0.0001280165473216591,0.04046597574989813
543,SJSA1,H3K27ac,ERVK,-0.008252295224738197,0.4782267458206668,-0.031051675042554558,0.014555667686911166
544,SJSA1,H3K27ac,TcMar-Tc2,0.021465817740103803,0.08285536097708479,-0.0027955576623325804,0.04570193763478921
545,SJSA1,H3K27ac,SVA,-0.023088433388447786,0.10510210213815732,-0.05098035453418739,0.004839477016421476
546,SJSA1,H3K27ac,RTE-BovB,0.004953882940692933,0.7370844861895289,-0.02396491856831687,0.033864400784172397
547,SJSA1,H3K27ac,tRNA-RTE,0.018679333829868694,0.24509116514263773,-0.012822420530400653,0.05014404559225521
548,SJSA1,H3K27ac,hAT-Ac,0.001077980681947855,0.95259334482594,-0.034450228622625506,0.03660346882167877
549,SJSA1,H3K27ac,hAT,0.0018506383899059577,0.923540498882649,-0.03593051386605395,0.03962650810675759
550,SJSA1,H3K27ac,MULE-MuDR,0.0048634872665025124,0.815393277906233,-0.035953794634169305,0.045664569584894545
551,SJSA1,H3K27ac,PiggyBac,-0.02732031085015824,0.21098362794653155,-0.07004115562702372,0.015500565083034028
552,SJSA1,H3K27ac,5S-Deu-L2,0.0432350184713096,0.060484147807303074,-0.0019262873599892008,0.08822032320581319
553,SJSA1,H3K27ac,Helitron,-0.013267427662684123,0.5851717496567966,-0.06084341160791218,0.03436870376318905
554,SJSA1,H3K27ac,hAT-Tag1,-0.0003613414374231891,0.9881745006428726,-0.04811395123822216,0.047392916362709224
555,SJSA1,H3K27ac,tRNA,-0.026831463886910552,0.2982325689446655,-0.07726504801596015,0.023739083672776707
556,SJSA1,H3K27ac,Penelope,0.023857033739593962,0.5412708614218931,-0.05268264371157913,0.10011804589528893
557,SJSA1,H3K27ac,TcMar-Tc1,0.012868049921205698,0.7427513878511511,-0.06392325298696366,0.08950786381853672
558,SJSA1,H3K27ac,Dong-R4,-0.011184556742051132,0.8175335518807673,-0.1058620761681986,0.08369392642559044
559,SJSA1,H3K27ac,tRNA-Deu,-0.038419270552026236,0.4333799630401499,-0.13387601141261757,0.05774384601171729
560,SJSA1,H3K27ac,Kolobok,0.05353396719526611,0.31518895395487606,-0.05106042509391149,0.1569667174389179
561,SJSA1,H3K27ac,PIF-Harbinger,0.021469981188327943,0.689377877896082,-0.08371081669858763,0.12617765302341258
562,SJSA1,H3K27ac,Crypton,-0.045467523093857556,0.4461251200397425,-0.1612693475957788,0.07156930431152647
563,SJSA1,H3K27ac,Merlin,-0.11526993149330238,0.09412720784286452,-0.2466171942031606,0.02023580489501909
564,SJSA1,H3K27ac,TcMar,-0.05250677543370195,0.45687639378236633,-0.1889431636051527,0.08591840602703532
565,SJSA1,H3K27ac,L1-Tx1,0.0735353658037359,0.3931160729254969,-0.09558280269672886,0.23852748402478352
566,SJSA1,H3K27ac,Crypton-A,0.05470344168830465,0.534880136973335,-0.11805633120021167,0.22424899722777245
567,SJSA1,H3K27ac,I-Jockey,-0.03449170605133908,0.7217968487022663,-0.22121240375450166,0.15466839518933787
568,SJSA1,H3K27ac,hAT-Tip100?,-0.10595238095238094,0.4046968583535764,-0.34345337890104294,0.14428546818354196
569,SJSA1,H3K27ac,TcMar-Pogo,0.02382697947214076,0.897008439384127,-0.32763481292441865,0.3694960292633566
570,SJSA1,H3K27ac,hAT?,-0.028877005347593583,0.8712145956596222,-0.36355679657062756,0.31240496471996876
571,SJSA1,H3K27ac,hAT-hAT19,0.09117647058823529,0.7370049501736589,-0.4246032278949095,0.5622759695515762
572,SJSA1,H3K9me3,Alu,-0.000738340480053208,0.4372208268936493,-0.002601034088084811,0.0011243582515281152
573,SJSA1,H3K9me3,L1,-0.0024015487831646923,0.080737460112241,-0.005096712360542116,0.00029364968411824756
574,SJSA1,H3K9me3,MIR,-0.0013904930555855867,0.3174282307746524,-0.004116454000680674,0.0013354885548331208
575,SJSA1,H3K9me3,L2,-0.0036001923206343506,0.031467947772013935,-0.006880413093226897,-0.000319894070161081
576,SJSA1,H3K9me3,ERVL-MaLR,-0.0003180875094802298,0.8737980289634935,-0.004243119600594424,0.0036069543824934678
577,SJSA1,H3K9me3,hAT-Charlie,-0.0003714904215833268,0.8615562278831047,-0.004546550228365215,0.0038035823362320195
578,SJSA1,H3K9me3,ERV1,0.0009141117609243036,0.7646594079779552,-0.005070559304780079,0.006898717347110647
579,SJSA1,H3K9me3,ERVL,0.0013332440918545653,0.669264439685108,-0.004784175578115028,0.007450563975758051
580,SJSA1,H3K9me3,TcMar-Tigger,0.0023988559333684976,0.4499891247278627,-0.0038249628140663693,0.008622488841501031
581,SJSA1,H3K9me3,hAT-Tip100,0.002149335571380232,0.6200051708681567,-0.006346510446444771,0.010644871323601098
582,SJSA1,H3K9me3,CR1,0.0025581794630062786,0.5876480573789533,-0.006688386641056059,0.01180430814140642
583,SJSA1,H3K9me3,Gypsy,-0.0003113929539147828,0.9688868990591954,-0.015957736732911374,0.015335103289600648
584,SJSA1,H3K9me3,hAT-Blackjack,-0.002689682932152076,0.7412470989355999,-0.01865285353856418,0.013274858587057228
585,SJSA1,H3K9me3,TcMar-Mariner,-0.010255575834791692,0.2117250351283302,-0.02634638925812493,0.005840550530826662
586,SJSA1,H3K9me3,RTE-X,0.001085090485163427,0.9160568885929998,-0.01909054986082081,0.021259847482594168
587,SJSA1,H3K9me3,ERVK,0.004275344530053658,0.7131757647282395,-0.018519060341482242,0.027065307377316983
588,SJSA1,H3K9me3,TcMar-Tc2,0.010224465943865571,0.40864747696454173,-0.014029344967547413,0.03446625253203216
589,SJSA1,H3K9me3,SVA,-0.01702641500087386,0.2319320493192575,-0.044919662959363345,0.010893360079501552
590,SJSA1,H3K9me3,RTE-BovB,0.0057421693011596026,0.6972050644029623,-0.023180256729688778,0.03465499147881023
591,SJSA1,H3K9me3,tRNA-RTE,-0.0010256313090192212,0.9491165697374274,-0.03251605536338721,0.030466827006917788
592,SJSA1,H3K9me3,hAT-Ac,0.009012006780825761,0.6192322672146872,-0.02652992715674404,0.044531184989915276
593,SJSA1,H3K9me3,hAT,0.014527380734093855,0.45110419485394293,-0.0232589654330427,0.05227227903877221
594,SJSA1,H3K9me3,MULE-MuDR,0.005571433020232259,0.7891597799223199,-0.035255655362023915,0.04637995577324462
595,SJSA1,H3K9me3,PiggyBac,0.019656392759487558,0.36795012090043233,-0.023141580056733994,0.062382450875419646
596,SJSA1,H3K9me3,5S-Deu-L2,0.01645270004874011,0.47517514515083836,-0.028708156357070382,0.0615465272575179
597,SJSA1,H3K9me3,Helitron,0.042699378845729385,0.07892889657740797,-0.004958763472472657,0.09016398989966021
598,SJSA1,H3K9me3,hAT-Tag1,-0.008709029088570502,0.720914949699277,-0.05643989864579185,0.03906155894789663
599,SJSA1,H3K9me3,tRNA,0.015697039233522104,0.5428641089221329,-0.034863000463747955,0.06617693316159093
600,SJSA1,H3K9me3,Penelope,0.06765873705146451,0.08264186566480727,-0.008848769787398125,0.14337872477645414
601,SJSA1,H3K9me3,TcMar-Tc1,-0.0073319840307213115,0.8515447864046571,-0.08395212415572263,0.06937434452864656
602,SJSA1,H3K9me3,Dong-R4,-0.0029345600232002457,0.9517309488582625,-0.09769439431069474,0.09187800537544555
603,SJSA1,H3K9me3,tRNA-Deu,-0.019820897435225932,0.686164632507622,-0.11552569321657848,0.07624852030779802
604,SJSA1,H3K9me3,Kolobok,0.04250762571664932,0.4252721897184968,-0.062049312017750005,0.1461416994517934
605,SJSA1,H3K9me3,PIF-Harbinger,-0.02665581696855757,0.619701505161603,-0.13128696752955152,0.0785626656674358
606,SJSA1,H3K9me3,Crypton,-0.014021927072234175,0.8143229453833843,-0.13041190109478357,0.10274926581594673
607,SJSA1,H3K9me3,Merlin,0.00996110145188126,0.8853568257217868,-0.12495891353423426,0.1445194007678495
608,SJSA1,H3K9me3,TcMar,0.06613802983738605,0.34728685437863527,-0.07203658378645095,0.201821828999894
609,SJSA1,H3K9me3,L1-Tx1,-0.013483350584348379,0.8757337809895919,-0.18079744955407015,0.15458921444568313
610,SJSA1,H3K9me3,Crypton-A,-0.055410756255145376,0.5296044094808092,-0.22492587791088836,0.11736001975749864
611,SJSA1,H3K9me3,I-Jockey,-0.02264850338244834,0.8151703618010313,-0.2098795271217671,0.16618483878307344
612,SJSA1,H3K9me3,hAT-Tip100?,0.009065934065934065,0.9433186079275713,-0.237276973150202,0.25431331528078316
613,SJSA1,H3K9me3,TcMar-Pogo,-0.07478005865102638,0.6841842493844483,-0.41313417134988456,0.281715715510197
614,SJSA1,H3K9me3,hAT?,0.16241405653170357,0.3587658264113075,-0.1881982287145737,0.4763087280409727
615,SJSA1,H3K9me3,hAT-hAT19,-0.35000000000000003,0.18386882202619317,-0.7284608753339697,0.19213463475632778
616,SJSA1,H3K36me3,Alu,-0.001238593099870956,0.19254898838026996,-0.0031015612478132067,0.0006243836455712388
617,SJSA1,H3K36me3,L1,0.0002729915031548751,0.8426498986605281,-0.002422419638048931,0.00296839867766598
618,SJSA1,H3K36me3,MIR,0.0007017935359091856,0.6138517342693859,-0.002024199085818709,0.0034277757275661086
619,SJSA1,H3K36me3,L2,-0.0005086399991234049,0.7611977777436671,-0.0037889436655983346,0.002771674613722587
620,SJSA1,H3K36me3,ERVL-MaLR,-3.2185368222725305e-05,0.9871772665273276,-0.003957237899911887,0.00389286815516466
621,SJSA1,H3K36me3,hAT-Charlie,0.0021169410264580595,0.3203204781255799,-0.002058082249398334,0.00629189050325501
622,SJSA1,H3K36me3,ERV1,-0.002893078642173503,0.3433977616871524,-0.008877579533864916,0.003091629485317322
623,SJSA1,H3K36me3,ERVL,0.0007192406013667006,0.8177563845638022,-0.005398310863705818,0.006836738232537502
624,SJSA1,H3K36me3,TcMar-Tigger,-0.00719121848729157,0.023531217805206273,-0.013414294379777295,-0.0009675855321975801
625,SJSA1,H3K36me3,hAT-Tip100,0.00545035325070772,0.20858530013630125,-0.0030450125073591466,0.013944932340757181
626,SJSA1,H3K36me3,CR1,-0.003405493969317569,0.47033710340530654,-0.012650486471300538,0.005840080710440566
627,SJSA1,H3K36me3,Gypsy,0.003764984605386228,0.6371943578358744,-0.011881194811853011,0.019409320855123313
628,SJSA1,H3K36me3,hAT-Blackjack,0.003139096638336778,0.69993089074023,-0.012823939542469322,0.019100533163751057
629,SJSA1,H3K36me3,TcMar-Mariner,0.0066567719413054265,0.41761556209173245,-0.009439699597453857,0.022749794575100835
630,SJSA1,H3K36me3,RTE-X,0.015924940155610995,0.12186539913611699,-0.004252921567890307,0.03608983936761791
631,SJSA1,H3K36me3,ERVK,0.0006184737226966893,0.9576030155398514,-0.022180504519123817,0.023416809025273648
632,SJSA1,H3K36me3,TcMar-Tc2,0.001281355395733749,0.9175403976551839,-0.022972780340725533,0.02553398367522056
633,SJSA1,H3K36me3,SVA,-0.002468119172589649,0.8624389547798338,-0.030378644615806746,0.025446252140899413
634,SJSA1,H3K36me3,RTE-BovB,-0.008879777767157678,0.5473665237796836,-0.03778898211674486,0.020044277786447465
635,SJSA1,H3K36me3,tRNA-RTE,-0.016152383535231286,0.3146040609350898,-0.04760544978885668,0.015332682538345277
636,SJSA1,H3K36me3,hAT-Ac,0.02822724891775414,0.11946163837922778,-0.007314036983727436,0.06369730861856776
637,SJSA1,H3K36me3,hAT,0.0156972857168415,0.4154909498628383,-0.022089728688131197,0.05343951521091133
638,SJSA1,H3K36me3,MULE-MuDR,0.02623744790711086,0.20815416077941842,-0.014630591914541706,0.06701797176775744
639,SJSA1,H3K36me3,PiggyBac,-0.0033251904841666126,0.8789875839111692,-0.046103326997499326,0.03946511961781125
640,SJSA1,H3K36me3,5S-Deu-L2,0.023364314390278404,0.31051903498595024,-0.0218013166914557,0.0684347710559906
641,SJSA1,H3K36me3,Helitron,-0.0002999160700942092,0.9901584204857057,-0.04792561533521144,0.0473271437776112
642,SJSA1,H3K36me3,hAT-Tag1,0.02397320434422738,0.3253706772747552,-0.02381435098937697,0.0716514544656679
643,SJSA1,H3K36me3,tRNA,0.01649334006691697,0.5225888179078172,-0.03406776310935329,0.06697023280632772
644,SJSA1,H3K36me3,Penelope,-0.04263089333486796,0.2748489034098983,-0.11871126041982635,0.033947120449668536
645,SJSA1,H3K36me3,TcMar-Tc1,-0.06291955254768852,0.10792646556181065,-0.13899027707281,0.01388936089875634
646,SJSA1,H3K36me3,Dong-R4,0.003827876644251111,0.9370641039038297,-0.09099228948200881,0.09857925985763692
647,SJSA1,H3K36me3,tRNA-Deu,0.03725367851991664,0.44747209427980184,-0.05890502480410033,0.13272740674009612
648,SJSA1,H3K36me3,Kolobok,0.055946604937471674,0.2938429615104797,-0.04865343714644439,0.15933281196033627
649,SJSA1,H3K36me3,PIF-Harbinger,0.049360433583387105,0.35789615308286626,-0.05597333266233929,0.153607524151939
650,SJSA1,H3K36me3,Crypton,0.01952136565246909,0.7436846186007033,-0.09730866926524916,0.1358207147097848
651,SJSA1,H3K36me3,Merlin,-0.020810754816052598,0.7632236227735953,-0.15513905752965312,0.11427312188800606
652,SJSA1,H3K36me3,TcMar,0.10559489137910762,0.13376984011556525,-0.03297420808426122,0.2401810006061072
653,SJSA1,H3K36me3,L1-Tx1,0.004144415132883821,0.9616645446206733,-0.16368555469599336,0.17174123465277963
654,SJSA1,H3K36me3,Crypton-A,-0.06034327444201958,0.49355517926360737,-0.22964274246082045,0.11250067688370675
655,SJSA1,H3K36me3,I-Jockey,-0.08932443703085907,0.3556575869491587,-0.2731929246554707,0.1008408206519083
656,SJSA1,H3K36me3,hAT-Tip100?,-0.14812271062271062,0.2427731197096936,-0.3812666214138806,0.10273614536643128
657,SJSA1,H3K36me3,TcMar-Pogo,-0.001099706744868035,0.9952339710589638,-0.34965969257030755,0.34772770009896015
658,SJSA1,H3K36me3,hAT?,-0.13491214667685256,0.4468186348803913,-0.4537066000967921,0.21449496836710855
659,SJSA1,H3K36me3,hAT-hAT19,0.13529411764705881,0.6173674089706418,-0.3884296309682105,0.5929522406234536
660,SJSA1,H3K27me3,Alu,0.0009693931630698443,0.3078428828346995,-0.0008937694958055781,0.00283254909170869
661,SJSA1,H3K27me3,L1,0.0001826832289085646,0.8943175012621704,-0.002512617744465178,0.0028779815480263677
662,SJSA1,H3K27me3,MIR,0.0006101581996546007,0.6609000147137353,-0.002116002746121906,0.003336310076123165
663,SJSA1,H3K27me3,L2,-0.002010150817331844,0.22972139601334426,-0.0052903555174867506,0.0012700971409801865
664,SJSA1,H3K27me3,ERVL-MaLR,-0.002084472496727855,0.2979736228682522,-0.006009795480837905,0.00184091472448621
665,SJSA1,H3K27me3,hAT-Charlie,-0.0001539313791457048,0.9423989083404154,-0.004329393237039817,0.004021535846183068
666,SJSA1,H3K27me3,ERV1,0.00415514427467669,0.1736256133195298,-0.0018302388413696045,0.010140229685873943
667,SJSA1,H3K27me3,ERVL,0.011223187087898922,0.0003235260014088814,0.005105609487969839,0.01733992464729909
668,SJSA1,H3K27me3,TcMar-Tigger,-0.0023071928856987275,0.46750016293301355,-0.008530956871152767,0.0039167498451719174
669,SJSA1,H3K27me3,hAT-Tip100,0.0033925400899525904,0.43382170065758086,-0.005103112320492032,0.011887702802296516
670,SJSA1,H3K27me3,CR1,-0.0011348915188371675,0.8098663765922497,-0.010379635337143416,0.008110046291451197
671,SJSA1,H3K27me3,Gypsy,0.00943093793913172,0.23745901312337717,-0.006216249772076141,0.02507350856471488
672,SJSA1,H3K27me3,hAT-Blackjack,0.013688944950093696,0.0928483112827338,-0.002276772588159139,0.02964768549326033
673,SJSA1,H3K27me3,TcMar-Mariner,-0.0034651628721695444,0.6731253026081045,-0.01956211607319279,0.01263358628065712
674,SJSA1,H3K27me3,RTE-X,0.006305707247641333,0.540193483136129,-0.013871474460866303,0.026477755716068578
675,SJSA1,H3K27me3,ERVK,-0.024495469936460835,0.03522907540348865,-0.04727268872964589,-0.0016927908731683356
676,SJSA1,H3K27me3,TcMar-Tc2,-0.010214948607629785,0.4091914640101213,-0.034462311242188834,0.014044432678049928
677,SJSA1,H3K27me3,SVA,0.01156235329362908,0.41708139238738917,-0.01636493407877021,0.03947161416723097
678,SJSA1,H3K27me3,RTE-BovB,-0.02187390566231273,0.13819988229296504,-0.050760444446733465,0.007049201410113288
679,SJSA1,H3K27me3,tRNA-RTE,0.0026668388213670364,0.8682083514414822,-0.028827104117571504,0.03415549230466906
680,SJSA1,H3K27me3,hAT-Ac,-0.003014403128873661,0.8679433537465272,-0.03853140268332701,0.0325102032049091
681,SJSA1,H3K27me3,hAT,0.012199395472416906,0.5268599728291294,-0.02558539030699833,0.04994937424962214
682,SJSA1,H3K27me3,MULE-MuDR,0.023870120050921515,0.2518759726854639,-0.016970979636530048,0.0646316989735242
683,SJSA1,H3K27me3,PiggyBac,0.014255472036658192,0.513813002889284,-0.0285384884063745,0.05699727277066726
684,SJSA1,H3K27me3,5S-Deu-L2,0.03925604384049105,0.08831718755634979,-0.005908276744599794,0.08426053466838442
685,SJSA1,H3K27me3,Helitron,0.010857936813320385,0.6551806759011356,-0.03678887250733545,0.05845549151376493
686,SJSA1,H3K27me3,hAT-Tag1,-0.012482902814751432,0.6086179267538829,-0.060202310597922096,0.0352934323411742
687,SJSA1,H3K27me3,tRNA,0.021233559480673247,0.4104226586336095,-0.02933288011497387,0.0716915960582211
688,SJSA1,H3K27me3,Penelope,0.05999765652339145,0.1238868693142643,-0.016521264786348376,0.13581788805897085
689,SJSA1,H3K27me3,TcMar-Tc1,-0.01281609488609907,0.7435636081484738,-0.08939769348983008,0.06391615033462227
690,SJSA1,H3K27me3,Dong-R4,-0.017936738596924674,0.7113655857769008,-0.11253977073063391,0.07698854893323187
691,SJSA1,H3K27me3,tRNA-Deu,0.05642613939541315,0.2496920005032434,-0.0397802563173121,0.1515959654004256
692,SJSA1,H3K27me3,Kolobok,0.08705891979772996,0.10198267411665923,-0.01753150770373076,0.18976468221330534
693,SJSA1,H3K27me3,PIF-Harbinger,0.06644602633933909,0.21563089860127954,-0.038920809781642356,0.1703514830219452
694,SJSA1,H3K27me3,Crypton,-0.11477013821281,0.053784946669846574,-0.22867737737818747,0.002237246736589843
695,SJSA1,H3K27me3,Merlin,0.046394878515988114,0.5016552019597889,-0.0889822978642637,0.18008901783807113
696,SJSA1,H3K27me3,TcMar,-0.01455000980896476,0.8367624063778375,-0.15196253699233322,0.12341431312764645
697,SJSA1,H3K27me3,L1-Tx1,-0.03805114479549751,0.6588826576974632,-0.20452051904640783,0.13055737758213007
698,SJSA1,H3K27me3,Crypton-A,-0.018835920370547248,0.8309060358740012,-0.18976318036561546,0.15319949368169805
699,SJSA1,H3K27me3,I-Jockey,-0.01938652580854416,0.8414128443173234,-0.20675148374242155,0.16935006445437842
700,SJSA1,H3K27me3,hAT-Tip100?,-0.15897435897435896,0.20957825552255246,-0.390900509788782,0.09193362797738815
701,SJSA1,H3K27me3,TcMar-Pogo,0.18108504398826977,0.3212718966896885,-0.18178052483143314,0.5005442166651269
702,SJSA1,H3K27me3,hAT?,-0.15691367456073338,0.3754878361337406,-0.471813848227955,0.19348892306613502
703,SJSA1,H3K27me3,hAT-hAT19,-0.31764705882352945,0.23057346362184541,-0.7094956646236521,0.22423578478369657
704,SJSA1,H3K4me3,Alu,0.0007814203885598653,0.411198071030359,-0.0010822692886051327,0.002645104637461205
705,SJSA1,H3K4me3,L1,0.0026014816627303564,0.058555546156557316,-9.414444801762762e-05,0.005297069966939345
706,SJSA1,H3K4me3,MIR,0.0008528225833212277,0.5398209564631744,-0.0018735609843175062,0.0035791934726637207
707,SJSA1,H3K4me3,L2,0.0009659778622023632,0.5638537742438711,-0.0023145513715877456,0.004246486304644524
708,SJSA1,H3K4me3,ERVL-MaLR,0.0017973760156937719,0.3695343239420148,-0.0021284195037408245,0.005723116133878582
709,SJSA1,H3K4me3,hAT-Charlie,-0.0005618553512359508,0.7920048740243992,-0.00473771667391637,0.003614025566605078
710,SJSA1,H3K4me3,ERV1,-0.0030100442104083773,0.32441076529482304,-0.008996631245945259,0.002976758590158963
711,SJSA1,H3K4me3,ERVL,-0.0034601546849436448,0.26766997872883125,-0.009578212448012005,0.0026581621237388707
712,SJSA1,H3K4me3,TcMar-Tigger,0.0010996099517361754,0.7291818904185778,-0.005125403819918921,0.007324538502932066
713,SJSA1,H3K4me3,hAT-Tip100,0.0006529338294299391,0.8802906863552815,-0.0078444276296261,0.009150200999119562
714,SJSA1,H3K4me3,CR1,0.0023108363106812504,0.6242851882637043,-0.0069363344485791,0.011557611884722607
715,SJSA1,H3K4me3,Gypsy,0.010412171728399946,0.1921516323786082,-0.005235526375166779,0.026054772090428103
716,SJSA1,H3K4me3,hAT-Blackjack,-0.006599570732190584,0.4178646991115772,-0.022562898659673702,0.009367121559393857
717,SJSA1,H3K4me3,TcMar-Mariner,-0.01025263859325666,0.21208719323240505,-0.026351596213444115,0.0058516358256318415
718,SJSA1,H3K4me3,RTE-X,0.0068972451731255475,0.5028917469145753,-0.013281128394465803,0.027070003378683264
719,SJSA1,H3K4me3,ERVK,-0.009581286908436414,0.41039344591068894,-0.03238420057514785,0.013231596048208968
720,SJSA1,H3K4me3,TcMar-Tc2,-0.020360655345923934,0.10001317809164337,-0.044601977361263534,0.0039046297983645266
721,SJSA1,H3K4me3,SVA,-0.030292873176246796,0.03344373363582585,-0.05816830702087472,-0.002370238765814378
722,SJSA1,H3K4me3,RTE-BovB,0.005870478636774536,0.6907525928019915,-0.02304887422563959,0.03478001519122868
723,SJSA1,H3K4me3,tRNA-RTE,0.003905157524957201,0.8080168519991027,-0.02758982144661278,0.035392390968986075
724,SJSA1,H3K4me3,hAT-Ac,0.0036473081151371317,0.8406338127659454,-0.03189550248271831,0.039180905753246675
725,SJSA1,H3K4me3,hAT,-0.014698736221626353,0.44586702813497325,-0.05245025555809685,0.023094735345119327
726,SJSA1,H3K4me3,MULE-MuDR,0.01602023328853263,0.4420297535743757,-0.024826231598161753,0.056813296964209226
727,SJSA1,H3K4me3,PiggyBac,-0.0022598276965421133,0.9175686984764624,-0.04502991676192982,0.04051853072715446
728,SJSA1,H3K4me3,5S-Deu-L2,0.019470211906116502,0.39806960491891086,-0.025693126996946928,0.06455423239521833
729,SJSA1,H3K4me3,Helitron,-0.006575666989492933,0.7867556923565684,-0.05417154850355282,0.041050027085122585
730,SJSA1,H3K4me3,hAT-Tag1,0.0165487919535163,0.49723314795015705,-0.03123259450664804,0.06425471329137328
731,SJSA1,H3K4me3,tRNA,-0.005913861653933277,0.8186857442513633,-0.05642671982874794,0.04462919463264621
732,SJSA1,H3K4me3,Penelope,-0.0068256613976602695,0.8612700619397002,-0.08321590037303499,0.06964432632305718
733,SJSA1,H3K4me3,TcMar-Tc1,0.016905686853338885,0.6663165863405833,-0.059902503048106966,0.09351486657198897
734,SJSA1,H3K4me3,Dong-R4,-0.007867201401580568,0.871081855374916,-0.10257897016275282,0.08698592938591611
735,SJSA1,H3K4me3,tRNA-Deu,-0.08288157879068325,0.09057805281153292,-0.1775463975231211,0.013303002336099825
736,SJSA1,H3K4me3,Kolobok,0.05044371340370244,0.3439758991367964,-0.054142105674280676,0.15393477183820564
737,SJSA1,H3K4me3,PIF-Harbinger,0.03386460861166828,0.5283319713034864,-0.07139925856312213,0.1383824665278401
738,SJSA1,H3K4me3,Crypton,-0.11597729330695997,0.05129703761651108,-0.22984421541959327,0.001021939118004385
739,SJSA1,H3K4me3,Merlin,0.06286677955764054,0.36237776179627956,-0.07262952043169259,0.19608451917963313
740,SJSA1,H3K4me3,TcMar,0.16249416035721903,0.02022896204973643,0.0247875834301083,0.2941489923413531
741,SJSA1,H3K4me3,L1-Tx1,0.02571124208001911,0.7655243716385951,-0.1426466552799195,0.1926231634033995
742,SJSA1,H3K4me3,Crypton-A,-0.06324993694499904,0.47293645263636563,-0.23241952240972896,0.10963421788054895
743,SJSA1,H3K4me3,I-Jockey,-0.1792141599481049,0.062236689632768565,-0.35666679633709014,0.010719929585949008
744,SJSA1,H3K4me3,hAT-Tip100?,-0.10338827838827838,0.416225751005871,-0.3411349766983505,0.14679018926050072
745,SJSA1,H3K4me3,TcMar-Pogo,-0.03958944281524926,0.8296693052689351,-0.38311796218548894,0.31355988985278677
746,SJSA1,H3K4me3,hAT?,-0.10404889228418639,0.5581417141165133,-0.42796132535792675,0.24355004079350254
747,SJSA1,H3K4me3,hAT-hAT19,-0.2823529411764706,0.2893498290632739,-0.6882176604566833,0.2581148405895183
748,HAP-1,H3K27ac,Alu,0.0009648783703084062,0.3119275912092066,-0.0009053297825085485,0.0028350797734747074
749,HAP-1,H3K27ac,L1,-0.0008959609042653739,0.5159758495396325,-0.0035993910317480312,0.0018074823196135169
750,HAP-1,H3K27ac,MIR,0.0011728416578991115,0.39964229123350625,-0.0015563962127447056,0.003902062056247123
751,HAP-1,H3K27ac,L2,-0.0006028622542465905,0.7189287420968773,-0.0038860306313337704,0.0026803191196358646
752,HAP-1,H3K27ac,ERVL-MaLR,0.0020664680247313317,0.30361939875135385,-0.0018707339963439046,0.0060036059796203505
753,HAP-1,H3K27ac,hAT-Charlie,-0.00031391806397318395,0.883087587394546,-0.004497787770570315,0.0038699626327782298
754,HAP-1,H3K27ac,ERV1,0.004857890469317994,0.11439621826928185,-0.001173107372607839,0.010888534932142693
755,HAP-1,H3K27ac,ERVL,-0.0026084907493584904,0.4045139424831736,-0.008741502905809084,0.0035247176454036785
756,HAP-1,H3K27ac,TcMar-Tigger,-0.007940283702268978,0.012589398096132381,-0.014176811421029181,-0.0017031382201737146
757,HAP-1,H3K27ac,hAT-Tip100,0.009242727158340755,0.0331883541624239,0.0007368888752833548,0.017747228128024838
758,HAP-1,H3K27ac,CR1,0.004539156848870316,0.3364744065080002,-0.004717065821092235,0.013794601759506505
759,HAP-1,H3K27ac,Gypsy,0.003246965816891937,0.6845649559908634,-0.012418107381829628,0.01891044558568533
760,HAP-1,H3K27ac,hAT-Blackjack,-0.005010730397783851,0.5393320062259099,-0.021007620854955042,0.010988725031854982
761,HAP-1,H3K27ac,TcMar-Mariner,0.0015438242929230776,0.8512685464142908,-0.014593236083895319,0.01768008066962693
762,HAP-1,H3K27ac,RTE-X,-0.005324365497404457,0.6053653537786312,-0.025516248844392804,0.014871860523488208
763,HAP-1,H3K27ac,ERVK,-0.013234901892544575,0.2618230951130105,-0.03633995574272556,0.009884293816780276
764,HAP-1,H3K27ac,TcMar-Tc2,0.011902923706114055,0.33690140190682516,-0.012392155079521777,0.03618395720337528
765,HAP-1,H3K27ac,SVA,-0.011378607182702566,0.4275964774346148,-0.039473960011504376,0.016734722848777302
766,HAP-1,H3K27ac,RTE-BovB,-0.0002262480161817331,0.9877803404420933,-0.029172766939285517,0.02872065005876656
767,HAP-1,H3K27ac,tRNA-RTE,-0.011955344110793806,0.4569342025942059,-0.04343158242264242,0.019544605035177524
768,HAP-1,H3K27ac,hAT-Ac,0.009085079475014985,0.6170900902297319,-0.02652723187777088,0.0446743597670312
769,HAP-1,H3K27ac,hAT,-0.016227098722526218,0.4004507918363458,-0.05401018899831391,0.02160239104321076
770,HAP-1,H3K27ac,MULE-MuDR,0.008623316759747802,0.6793556145451776,-0.03226078421446149,0.0494786079903113
771,HAP-1,H3K27ac,PiggyBac,0.03588830520184627,0.10136545947021473,-0.007064393502112729,0.07870881805087036
772,HAP-1,H3K27ac,5S-Deu-L2,0.007398927455520693,0.7485128796994646,-0.037822813331991396,0.05259042512592238
773,HAP-1,H3K27ac,Helitron,0.024688841309224458,0.3115643371121725,-0.023141759376915545,0.07240667498724519
774,HAP-1,H3K27ac,hAT-Tag1,0.003451756182788855,0.8875404048943522,-0.044365942715572974,0.0512536749981012
775,HAP-1,H3K27ac,tRNA,0.0389268948175064,0.13143807139957928,-0.011678114070362403,0.08933301271947194
776,HAP-1,H3K27ac,Penelope,-0.056328217839179684,0.15018105215232358,-0.13248249889332606,0.02048718088966185
777,HAP-1,H3K27ac,TcMar-Tc1,0.032555582288704026,0.4080392254826468,-0.044597259024647805,0.1093223755856079
778,HAP-1,H3K27ac,Dong-R4,-0.0053325025404629715,0.9124111011999944,-0.10006939773966958,0.08950021146226486
779,HAP-1,H3K27ac,tRNA-Deu,0.04689897723163493,0.33881618657900814,-0.04929035420076342,0.14222633476169105
780,HAP-1,H3K27ac,Kolobok,0.10319193478373447,0.05273337152379631,-0.0014824331787869276,0.20562951474375712
781,HAP-1,H3K27ac,PIF-Harbinger,-0.05367424722289113,0.31738733813764386,-0.15783934616760384,0.051672236052934556
782,HAP-1,H3K27ac,Crypton,-0.01488176034982169,0.8031629782900975,-0.13125790772929372,0.10189897753377623
783,HAP-1,H3K27ac,Merlin,0.02363486204466588,0.7328593346231302,-0.11180931591678658,0.15821690911515235
784,HAP-1,H3K27ac,TcMar,-0.0415713029463975,0.5569172262078126,-0.17865544001689276,0.09709603565268793
785,HAP-1,H3K27ac,L1-Tx1,-0.026777682235271306,0.7560981484815971,-0.19365281114807253,0.14160335766095067
786,HAP-1,H3K27ac,Crypton-A,-0.047681009139784056,0.588637547921406,-0.21752204469392847,0.12496260018689613
787,HAP-1,H3K27ac,I-Jockey,0.07926049485682514,0.41264170791931865,-0.11078359742742205,0.2637126556982842
788,HAP-1,H3K27ac,hAT-Tip100?,-0.1299443164362519,0.31007769932703183,-0.36685086021245644,0.12279018126027895
789,HAP-1,H3K27ac,TcMar-Pogo,0.004765395894428152,0.9793492798696655,-0.344502840462374,0.35287481830207157
790,HAP-1,H3K27ac,hAT?,0.06550802139037433,0.7172068500953872,-0.28454498229362224,0.4001474597405717
791,HAP-1,H3K27ac,hAT-hAT19,0.03823529411764706,0.8881976539853073,-0.4664636117667526,0.5241529351784473
792,HAP-1,H3K4me1,Alu,-0.001521783419285242,0.1107828352631688,-0.0033921384629869273,0.00034858227159241236
793,HAP-1,H3K4me1,L1,-0.001570240257266319,0.25501792162800835,-0.004274042775690516,0.001133585220043165
794,HAP-1,H3K4me1,MIR,-0.00014182996355196955,0.9188778052862376,-0.0028712169452493478,0.002587559131286832
795,HAP-1,H3K4me1,L2,0.0017214898521165573,0.3041096607805846,-0.0015617570620009534,0.005004699652219845
796,HAP-1,H3K4me1,ERVL-MaLR,0.0015318773887889583,0.44572629107334594,-0.0024054253006811272,0.005469132583314079
797,HAP-1,H3K4me1,hAT-Charlie,0.0018620729095219473,0.3830431469208616,-0.002321795718845657,0.0060458763484127825
798,HAP-1,H3K4me1,ERV1,-0.003941215020715872,0.20026825341746646,-0.009972129164150726,0.0020899858399601283
799,HAP-1,H3K4me1,ERVL,-0.001780200960419371,0.5694216356801465,-0.00791314088889166,0.004352872888628723
800,HAP-1,H3K4me1,TcMar-Tigger,-0.004322458587055762,0.17435083778866914,-0.010559018798706013,0.0019144378903221872
801,HAP-1,H3K4me1,hAT-Tip100,-0.004727017985799571,0.27602650914412424,-0.013231767556426847,0.003778415472753054
802,HAP-1,H3K4me1,CR1,0.0056862341083609965,0.22856551814979634,-0.0035699021917417555,0.01494139613125934
803,HAP-1,H3K4me1,Gypsy,0.0013465982215010062,0.8662027833691363,-0.014317610931464036,0.017010146578405452
804,HAP-1,H3K4me1,hAT-Blackjack,-0.0006098641103461901,0.9404422993957691,-0.016607111845347973,0.015387695773871685
805,HAP-1,H3K4me1,TcMar-Mariner,-0.009561540614058906,0.24563550904596176,-0.02569846031778625,0.0065803607361268664
806,HAP-1,H3K4me1,RTE-X,0.00670366516705614,0.515265929700503,-0.013489656332275656,0.02689152079036289
807,HAP-1,H3K4me1,ERVK,0.013089331874043438,0.2674732749774621,-0.010047564291654971,0.0362122202675663
808,HAP-1,H3K4me1,TcMar-Tc2,-0.023679437640905524,0.056092095914903606,-0.04794962096406243,0.0006186898272871233
809,HAP-1,H3K4me1,SVA,0.019806358980259512,0.1672411107133896,-0.008305197949355494,0.04788663414093478
810,HAP-1,H3K4me1,RTE-BovB,-0.00370738497800554,0.8018590992121589,-0.032653846807916206,0.025245291089427954
811,HAP-1,H3K4me1,tRNA-RTE,-0.01701498063449168,0.2898281486320364,-0.04849086661220108,0.014494665829946199
812,HAP-1,H3K4me1,hAT-Ac,0.010197706730377497,0.5746524480250204,-0.025415442644455864,0.04578500476419647
813,HAP-1,H3K4me1,hAT,-0.007885540435319504,0.6827411821899527,-0.045672193124261816,0.029923645523261242
814,HAP-1,H3K4me1,MULE-MuDR,0.015099561248592736,0.4689969236173226,-0.025772873632360048,0.055921597523152955
815,HAP-1,H3K4me1,PiggyBac,0.022220172123444477,0.3105208141073837,-0.020732907123010135,0.06509137626312583
816,HAP-1,H3K4me1,5S-Deu-L2,-0.009143246911564927,0.6920454038049886,-0.05434222414232362,0.03609312269873269
817,HAP-1,H3K4me1,Helitron,0.020656389819184384,0.39720451885708763,-0.027171546629259462,0.06838996898895267
818,HAP-1,H3K4me1,hAT-Tag1,0.010358262169378917,0.6712856237610646,-0.037471810993087086,0.05814098364871485
819,HAP-1,H3K4me1,tRNA,0.009029527860139936,0.7265056631502622,-0.04155336940053573,0.059566257097540556
820,HAP-1,H3K4me1,Penelope,0.005432446666618996,0.889885952678753,-0.07138177307444758,0.08218261049574364
821,HAP-1,H3K4me1,TcMar-Tc1,-0.016653649326926267,0.6719515173631831,-0.0935003790270414,0.060390333544049025
822,HAP-1,H3K4me1,Dong-R4,-0.036371600888394036,0.4529480148909717,-0.13073868566212282,0.0586486202941815
823,HAP-1,H3K4me1,tRNA-Deu,-0.001597143691587442,0.9740287239495673,-0.09749735247332732,0.09433245154921222
824,HAP-1,H3K4me1,Kolobok,0.014942532733760196,0.7796581433016082,-0.08958586287551264,0.11914534295391496
825,HAP-1,H3K4me1,PIF-Harbinger,-0.012874959463626717,0.8105852194772953,-0.11770027655365106,0.09223411965392336
826,HAP-1,H3K4me1,Crypton,0.04078609092610585,0.4943693507653961,-0.07622209485740314,0.15668621163771085
827,HAP-1,H3K4me1,Merlin,-0.0064326323717490514,0.9259947024414201,-0.14137973990474462,0.12874917810538042
828,HAP-1,H3K4me1,TcMar,0.04840837220834135,0.4938843671612131,-0.09032643348320006,0.1853001488850111
829,HAP-1,H3K4me1,L1-Tx1,-0.007497751025875967,0.9307064528816147,-0.1749954934772152,0.16042178076427854
830,HAP-1,H3K4me1,Crypton-A,0.09939504586634675,0.2586765624534344,-0.07380654368095496,0.26677607587077856
831,HAP-1,H3K4me1,I-Jockey,0.09377258826800113,0.33211289700982205,-0.09643702204775094,0.2773744838442109
832,HAP-1,H3K4me1,hAT-Tip100?,-0.12120775729646699,0.344002447165484,-0.3590235486101763,0.13138732800189323
833,HAP-1,H3K4me1,TcMar-Pogo,0.13709677419354838,0.45432458352832306,-0.22384171846112547,0.46496551576757794
834,HAP-1,H3K4me1,hAT?,-0.0023395721925133692,0.9896903457319353,-0.34537159988376304,0.3412439431762537
835,HAP-1,H3K4me1,hAT-hAT19,-0.16764705882352943,0.5348568245819433,-0.6148281337779065,0.36110646855831324
836,HAP-1,H3K9me3,Alu,0.0006531392129437768,0.4935264894595339,-0.0012164524345299116,0.002522726294496422
837,HAP-1,H3K9me3,L1,-0.0007736412230782929,0.5748483594570233,-0.003476856661267076,0.0019295855217356106
838,HAP-1,H3K9me3,MIR,-0.0006891622017116819,0.6206233923482272,-0.003418086449858866,0.002039772310898794
839,HAP-1,H3K9me3,L2,0.0023381787701938442,0.16275124019281548,-0.0009448843764596151,0.005621191513208878
840,HAP-1,H3K9me3,ERVL-MaLR,0.0005496811954092413,0.7843180418736394,-0.0033866275569364645,0.004485972913723713
841,HAP-1,H3K9me3,hAT-Charlie,-0.0022638639271490082,0.28881329723243293,-0.006446854659537385,0.0019192060306631679
842,HAP-1,H3K9me3,ERV1,0.002558370343827432,0.40567497015591014,-0.00347187878052737,0.008588433408035622
843,HAP-1,H3K9me3,ERVL,0.0007595039149279942,0.8081743966265809,-0.005371892687948957,0.0068908434126865896
844,HAP-1,H3K9me3,TcMar-Tigger,0.0014519800968275094,0.6481577567057508,-0.004784440227253761,0.007688287479170984
845,HAP-1,H3K9me3,hAT-Tip100,0.011770214143124454,0.006680940442072426,0.0032648522319940333,0.020273873216900048
846,HAP-1,H3K9me3,CR1,0.002879068199398541,0.5421047262606682,-0.006377097731283447,0.012134740814690743
847,HAP-1,H3K9me3,Gypsy,-0.006904439309176707,0.3876389037400886,-0.022565585363380682,0.00876009456350134
848,HAP-1,H3K9me3,hAT-Blackjack,-0.002735739475275157,0.737525888533064,-0.018733423605633057,0.01326334508130587
849,HAP-1,H3K9me3,TcMar-Mariner,-0.0027285864770473633,0.7401703824688324,-0.018853001291656575,0.013397247320237244
850,HAP-1,H3K9me3,RTE-X,-0.008179328968544418,0.42728231780252923,-0.028367321694024086,0.012015333459465006
851,HAP-1,H3K9me3,ERVK,-0.001286650143762593,0.9131140797163622,-0.02439466672302198,0.02182274061148015
852,HAP-1,H3K9me3,TcMar-Tc2,0.009797437791832845,0.4292767118936227,-0.01449723080772681,0.03408054528383183
853,HAP-1,H3K9me3,SVA,-0.024028823824335153,0.09360657267057193,-0.052084578230882056,0.004064830959112573
854,HAP-1,H3K9me3,RTE-BovB,-0.003367707235893942,0.8197238728782958,-0.032320822677253475,0.02559105555354512
855,HAP-1,H3K9me3,tRNA-RTE,-0.010597306498954814,0.5098045813590377,-0.042087806674349804,0.02091422774929536
856,HAP-1,H3K9me3,hAT-Ac,-0.0011686773309064248,0.9487029414211842,-0.0367584150976789,0.03442402124842069
857,HAP-1,H3K9me3,hAT,0.017157247296126492,0.3739926024035831,-0.020672692473767268,0.05493812868584272
858,HAP-1,H3K9me3,MULE-MuDR,-0.02707469961215023,0.19448535019709706,-0.06789676008371844,0.013837864016600653
859,HAP-1,H3K9me3,PiggyBac,-0.006479061513127349,0.7674811161076884,-0.04939378169368809,0.03645953757675718
860,HAP-1,H3K9me3,5S-Deu-L2,-0.04161415504713895,0.0711672984950334,-0.08666706601461628,0.0036086209140365868
861,HAP-1,H3K9me3,Helitron,-0.02039372299147761,0.40309569533849976,-0.06811411412306843,0.027419770705323997
862,HAP-1,H3K9me3,hAT-Tag1,0.025175198211928852,0.30226946799359533,-0.022669890586187548,0.0729052315228723
863,HAP-1,H3K9me3,tRNA,0.022827287116028844,0.37650211320155436,-0.027774246145187136,0.07331212991906526
864,HAP-1,H3K9me3,Penelope,-0.04266010138398903,0.2763579247648792,-0.11903011539040892,0.03421171530614404
865,HAP-1,H3K9me3,TcMar-Tc1,0.006609900406123241,0.8666323981688159,-0.07044746457998913,0.08358884482269477
866,HAP-1,H3K9me3,Dong-R4,0.013993839689207492,0.7728306452709519,-0.08090489877365675,0.10864114609810362
867,HAP-1,H3K9me3,tRNA-Deu,0.03936789553051295,0.42210218182062464,-0.056798668444567324,0.134810668886557
868,HAP-1,H3K9me3,Kolobok,0.05494328841993888,0.3032884464820184,-0.049803602024525245,0.15849466483890368
869,HAP-1,H3K9me3,PIF-Harbinger,0.02623702614765552,0.6252143122754661,-0.07897856948237338,0.1308745109851674
870,HAP-1,H3K9me3,Crypton,-0.013047996460089946,0.8270091169481947,-0.1294534784907418,0.10371223044953558
871,HAP-1,H3K9me3,Merlin,-0.07503332564854297,0.2779315420136806,-0.2081768140646604,0.06084034359993241
872,HAP-1,H3K9me3,TcMar,-0.04483842037054613,0.5263173034826016,-0.18183181024428352,0.09386235991222124
873,HAP-1,H3K9me3,L1-Tx1,0.024885159333937534,0.7728498381880381,-0.14345461897023598,0.19182539151714326
874,HAP-1,H3K9me3,Crypton-A,-0.02547133174098518,0.7727455378286013,-0.19616691011151335,0.14672256300238168
875,HAP-1,H3K9me3,I-Jockey,0.12636456306181076,0.19042249360704858,-0.06399571421046275,0.3078518771917205
876,HAP-1,H3K9me3,hAT-Tip100?,-0.13054029304029302,0.30388059279898005,-0.36557332585757957,0.12014191637287122
877,HAP-1,H3K9me3,TcMar-Pogo,0.06268328445747799,0.7332406517796874,-0.2927285465577138,0.40287737495738857
878,HAP-1,H3K9me3,hAT?,-0.05782085561497327,0.7492596843225476,-0.39357492282411144,0.2915435471305521
879,HAP-1,H3K9me3,hAT-hAT19,0.34411764705882353,0.19185563142554293,-0.1980496290026333,0.7250511068377358
880,HAP-1,H3K36me3,Alu,-0.0015926352896519882,0.09498006671342425,-0.00346213533004553,0.0002768758834535957
881,HAP-1,H3K36me3,L1,0.0003013980994641325,0.8269993912893951,-0.0024015280249349734,0.0030043198199557366
882,HAP-1,H3K36me3,MIR,-0.002999673242802095,0.031187392999278418,-0.005728237552005245,-0.00027106426695217586
883,HAP-1,H3K36me3,L2,-0.002578259574771221,0.1237521079940178,-0.00586124840107688,0.0007047848298887756
884,HAP-1,H3K36me3,ERVL-MaLR,0.001582469393104256,0.43068303070745384,-0.0023534361190980947,0.0055183258766131425
885,HAP-1,H3K36me3,hAT-Charlie,-0.00020492473282596028,0.9234989755342138,-0.004387519747073396,0.003977677451382036
886,HAP-1,H3K36me3,ERV1,0.0005201059386471096,0.8657126042915578,-0.005507929502676368,0.006548103581798611
887,HAP-1,H3K36me3,ERVL,0.004531216417522214,0.14751730820181982,-0.0016006202909969378,0.010662712395748427
888,HAP-1,H3K36me3,TcMar-Tigger,0.004821244617327724,0.1296937333206988,-0.001414797503998862,0.011056911773229882
889,HAP-1,H3K36me3,hAT-Tip100,0.001869699541945679,0.6665571538494827,-0.006635086919992734,0.010374215535596405
890,HAP-1,H3K36me3,CR1,0.004190955138562693,0.3748351281598228,-0.005064949153716897,0.013446141380896868
891,HAP-1,H3K36me3,Gypsy,0.005586163004592092,0.48457889872065574,-0.010078240847316082,0.02124782585739041
892,HAP-1,H3K36me3,hAT-Blackjack,0.005300725421111218,0.5159591732077861,-0.010692907949194983,0.021291647362981784
893,HAP-1,H3K36me3,TcMar-Mariner,0.0006488197879757532,0.937178771999897,-0.015484750744779152,0.016782052562331787
894,HAP-1,H3K36me3,RTE-X,-0.013945733120778315,0.17592378778048978,-0.034131585725972725,0.006251492997780273
895,HAP-1,H3K36me3,ERVK,-0.003051192331616418,0.7957865084014544,-0.026153317636753083,0.02005419035576051
896,HAP-1,H3K36me3,TcMar-Tc2,0.015879664171169525,0.20023520548850707,-0.008421350206675181,0.04016193315797618
897,HAP-1,H3K36me3,SVA,-0.020516319478814802,0.152322674889124,-0.048581017171314925,0.007580747538912007
898,HAP-1,H3K36me3,RTE-BovB,0.01873082980353379,0.20462154076737354,-0.010214487033368778,0.04764478309199104
899,HAP-1,H3K36me3,tRNA-RTE,-0.024443984402676977,0.12831687987131846,-0.05590523315975683,0.007065757724992087
900,HAP-1,H3K36me3,hAT-Ac,-0.02231448107125794,0.2190830613584076,-0.05785249311293788,0.013280012837532012
901,HAP-1,H3K36me3,hAT,0.024844385737387575,0.19760716414484206,-0.012959234289582382,0.0625770843050995
902,HAP-1,H3K36me3,MULE-MuDR,-0.00811563475624354,0.6973336057689521,-0.04898091748854868,0.03277677350966775
903,HAP-1,H3K36me3,PiggyBac,-0.019372670867749027,0.37638968581460475,-0.06223238708806834,0.023558364011140465
904,HAP-1,H3K36me3,5S-Deu-L2,0.014365677998607496,0.5333960658004705,-0.030841107868533234,0.059513811006886054
905,HAP-1,H3K36me3,Helitron,-0.0008359086999584827,0.9726641071736379,-0.04861578667697209,0.04694778620454307
906,HAP-1,H3K36me3,hAT-Tag1,-0.0007338754545624056,0.9760140051911294,-0.04854241369030802,0.04707801779256844
907,HAP-1,H3K36me3,tRNA,0.027092865397088554,0.29386998286632815,-0.023511507125643257,0.07755875703515624
908,HAP-1,H3K36me3,Penelope,-0.035223860772593325,0.3688337278957021,-0.11167069823850977,0.04163742780507671
909,HAP-1,H3K36me3,TcMar-Tc1,-0.0127939480959421,0.7449412051416368,-0.08967004994707838,0.06423369947039832
910,HAP-1,H3K36me3,Dong-R4,-0.028107140292101304,0.5619826823020133,-0.1225858969434406,0.06687647846119994
911,HAP-1,H3K36me3,tRNA-Deu,0.06633161783406202,0.17586939854698225,-0.029878563842792482,0.16132400092727378
912,HAP-1,H3K36me3,Kolobok,0.007478154841051031,0.8886557309557,-0.09698187088284847,0.1117752243340824
913,HAP-1,H3K36me3,PIF-Harbinger,-0.029474009597519592,0.5831675664645585,-0.1340618279560677,0.07576318595083026
914,HAP-1,H3K36me3,Crypton,-0.023926422838139113,0.6885816299373364,-0.14014943698895216,0.09294696690911688
915,HAP-1,H3K36me3,Merlin,-0.05334275244705096,0.44082885360685753,-0.18715679455569134,0.08241489886413732
916,HAP-1,H3K36me3,TcMar,-0.09332978085570409,0.1864616769820778,-0.22872396444825258,0.04560654107350023
917,HAP-1,H3K36me3,L1-Tx1,0.059125589088894925,0.49251949593236477,-0.10982361928691582,0.22475418765366373
918,HAP-1,H3K36me3,Crypton-A,0.002877302275676624,0.9739802775671162,-0.1687318150295632,0.1743171140604993
919,HAP-1,H3K36me3,I-Jockey,0.21188027059586695,0.02698270623049647,0.022642068127668058,0.3864605450091997
920,HAP-1,H3K36me3,hAT-Tip100?,0.024769585253456225,0.8471978002523057,-0.22440928308430352,0.2709082247767885
921,HAP-1,H3K36me3,TcMar-Pogo,-0.1499266862170088,0.41277794181694605,-0.47542861644462675,0.21168073963879988
922,HAP-1,H3K36me3,hAT?,-0.13736631016042783,0.44587671968002296,-0.46035618486308694,0.21774027749358235
923,HAP-1,H3K36me3,hAT-hAT19,-0.08529411764705883,0.7534650694747833,-0.5581113265973131,0.42933581652184877
924,HAP-1,H3K27me3,Alu,-0.00033023349661381673,0.729190798613851,-0.0021997906816242536,0.0015393259968930623
925,HAP-1,H3K27me3,L1,-0.0012176107260397266,0.3773763261692852,-0.003921075700611534,0.001485872047034362
926,HAP-1,H3K27me3,MIR,0.00030412146376616883,0.8270825116580439,-0.0024245597087359985,0.0030327981074804956
927,HAP-1,H3K27me3,L2,-0.0008993546179073465,0.5913334810732088,-0.004182417368129109,0.002383727519833923
928,HAP-1,H3K27me3,ERVL-MaLR,-0.002581613502075722,0.19861246079406056,-0.0065176088889467845,0.0013544618759749928
929,HAP-1,H3K27me3,hAT-Charlie,0.0015911995578760112,0.45591412304840084,-0.002591647661041764,0.005773991097468027
930,HAP-1,H3K27me3,ERV1,0.0037300647396851464,0.2253049480112192,-0.002299280539079878,0.00975913882875457
931,HAP-1,H3K27me3,ERVL,0.0002648919875055313,0.9325204675406259,-0.005866548355528514,0.0063963124136070795
932,HAP-1,H3K27me3,TcMar-Tigger,-0.003919889904982284,0.2179649248896944,-0.010155913032549532,0.002316438115411048
933,HAP-1,H3K27me3,hAT-Tip100,0.004957893931975678,0.25318240558499605,-0.003546340916451915,0.01346141169353337
934,HAP-1,H3K27me3,CR1,0.0033153676683237397,0.4826381473687893,-0.0059401976234093965,0.012570364963488106
935,HAP-1,H3K27me3,Gypsy,-0.000434049539541985,0.9566874991122911,-0.016096840522240374,0.015228954410781145
936,HAP-1,H3K27me3,hAT-Blackjack,-0.005854000756195402,0.4732071693937414,-0.021847369252995158,0.010142363168519937
937,HAP-1,H3K27me3,TcMar-Mariner,-0.004567712963165696,0.5789436867389148,-0.02069803920487631,0.011564990601406483
938,HAP-1,H3K27me3,RTE-X,-0.011754628189186395,0.25389700211345234,-0.031939013554314506,0.008439340940160484
939,HAP-1,H3K27me3,ERVK,0.019362411233075746,0.1007032617059235,-0.003759813465424324,0.042463942968726805
940,HAP-1,H3K27me3,TcMar-Tc2,0.012175991534301605,0.32582194690154975,-0.01211353142236237,0.036451153650803855
941,HAP-1,H3K27me3,SVA,-0.00010840200348624788,0.9939688095291859,-0.028209606124926647,0.02799297332428297
942,HAP-1,H3K27me3,RTE-BovB,0.03473153692340698,0.018655459343652713,0.005788237609209239,0.0636166927678167
943,HAP-1,H3K27me3,tRNA-RTE,0.00942344736695543,0.557638382016206,-0.02207526844852955,0.04090347331150333
944,HAP-1,H3K27me3,hAT-Ac,0.00783977364065755,0.6661458839988108,-0.027771521396089502,0.04343119431047685
945,HAP-1,H3K27me3,hAT,0.005670551936317647,0.7689062165891288,-0.03215039234233159,0.043475280063953986
946,HAP-1,H3K27me3,MULE-MuDR,-0.0034699681902610933,0.8679590676641127,-0.044353554788218744,0.03742522171878455
947,HAP-1,H3K27me3,PiggyBac,0.021386343329446687,0.3289161826948711,-0.021556060769568806,0.06424998110183613
948,HAP-1,H3K27me3,5S-Deu-L2,0.006020696623021671,0.7941315355684875,-0.039186825472366585,0.05120362197947182
949,HAP-1,H3K27me3,Helitron,-0.013867272588193221,0.5695800556588906,-0.06159638029593473,0.03392511222273586
950,HAP-1,H3K27me3,hAT-Tag1,-0.00882797615937669,0.7175875629920405,-0.05661524530882576,0.038999649725818646
951,HAP-1,H3K27me3,tRNA,-0.005629981018069112,0.8273618716128406,-0.05617728543827764,0.04494611023954683
952,HAP-1,H3K27me3,Penelope,-0.03520811009509239,0.36904800698635554,-0.11165510358782471,0.04165314941240811
953,HAP-1,H3K27me3,TcMar-Tc1,-0.04857333468925794,0.21618794461831514,-0.12505310384074908,0.02848027782147591
954,HAP-1,H3K27me3,Dong-R4,0.07924437030886139,0.10158841450717522,-0.015809165033116877,0.17287840288960243
955,HAP-1,H3K27me3,tRNA-Deu,0.02427944304945062,0.6206136172567579,-0.07181695725423391,0.11992924614466147
956,HAP-1,H3K27me3,Kolobok,0.08421401441206162,0.1137217223516863,-0.020383685024389888,0.18698818982256557
957,HAP-1,H3K27me3,PIF-Harbinger,0.02785996408453849,0.603969570405738,-0.07736666644893157,0.13247275035428963
958,HAP-1,H3K27me3,Crypton,-0.010326338231371591,0.8626894338860889,-0.1267742934517622,0.10640237504034626
959,HAP-1,H3K27me3,Merlin,0.11090558255075428,0.10818908932446744,-0.02494744124566323,0.24273657724454317
960,HAP-1,H3K27me3,TcMar,-0.11188130056091884,0.1129106620228562,-0.24653849869817762,0.027014037630981022
961,HAP-1,H3K27me3,L1-Tx1,-0.01179384801891601,0.8912020333013189,-0.17916066393964847,0.1562364096277763
962,HAP-1,H3K27me3,Crypton-A,0.011058129246872219,0.9002410279511782,-0.1607774696193627,0.18224308400670697
963,HAP-1,H3K27me3,I-Jockey,0.17450653322212958,0.06954705638810932,-0.015500106210887103,0.3523491498533442
964,HAP-1,H3K27me3,hAT-Tip100?,-0.021121351766513058,0.8694896926916881,-0.2675127910079726,0.2278627302947067
965,HAP-1,H3K27me3,TcMar-Pogo,0.13416422287390029,0.4641248149990145,-0.22660928581944953,0.4625640015678535
966,HAP-1,H3K27me3,hAT?,-0.12098930481283422,0.5024104320143286,-0.44682877103963287,0.23319076911770686
967,HAP-1,H3K27me3,hAT-hAT19,-0.023529411764705882,0.931073583667659,-0.5133038022421272,0.4778062677491202
968,HAP-1,H3K4me3,Alu,0.0015138014797936874,0.11267082165795093,-0.00035658550839696876,0.003384177876412849
969,HAP-1,H3K4me3,L1,0.00179089998948307,0.1942282612141306,-0.0009129822008621416,0.004494755993533835
970,HAP-1,H3K4me3,MIR,-0.0003447092938181117,0.8044997761814578,-0.0030741633732120264,0.0023847499216991075
971,HAP-1,H3K4me3,L2,0.001984004709660572,0.23627857571049932,-0.0012993301686386215,0.005267296812064664
972,HAP-1,H3K4me3,ERVL-MaLR,0.0009429388414076481,0.6387834480931482,-0.0029942636913844354,0.004880112140337613
973,HAP-1,H3K4me3,hAT-Charlie,0.002726608773267087,0.20151278753051774,-0.0014574246028691276,0.006910546686107573
974,HAP-1,H3K4me3,ERV1,0.005041209111673192,0.1013674924306531,-0.0009899870672119154,0.011072038552275756
975,HAP-1,H3K4me3,ERVL,0.00403041170877054,0.1977193303185135,-0.0021023863891362084,0.01016290663939721
976,HAP-1,H3K4me3,TcMar-Tigger,0.0018827508001132264,0.5541209130107209,-0.0043548164019561785,0.0081201714998125
977,HAP-1,H3K4me3,hAT-Tip100,-0.0005772934205420274,0.8941893608275242,-0.009084085641493544,0.007929582353528065
978,HAP-1,H3K4me3,CR1,-0.0012495499398127924,0.7913180093025005,-0.010504996038839183,0.008006110245598708
979,HAP-1,H3K4me3,Gypsy,0.003748217873396925,0.639058273223978,-0.01191493617451422,0.019409532977870684
980,HAP-1,H3K4me3,hAT-Blackjack,0.0047802173476552004,0.5581938796166576,-0.011220805549318709,0.020778792778877796
981,HAP-1,H3K4me3,TcMar-Mariner,-0.0010814192049371084,0.8955414387727922,-0.01722328237557871,0.015061007534667083
982,HAP-1,H3K4me3,RTE-X,0.0021026967739734065,0.8383198290399715,-0.018093649784167436,0.022297328122082332
983,HAP-1,H3K4me3,ERVK,-0.013443915488320796,0.2545617679443186,-0.036558405099594446,0.009684951277228473
984,HAP-1,H3K4me3,TcMar-Tc2,-0.015443427010565097,0.212913455004119,-0.03972806754265062,0.008859446876172952
985,HAP-1,H3K4me3,SVA,0.017069049239903385,0.23405737518905465,-0.01104825762340279,0.045159385135371384
986,HAP-1,H3K4me3,RTE-BovB,-0.021426035875657657,0.14693980558762726,-0.05034798999295908,0.007531824102168729
987,HAP-1,H3K4me3,tRNA-RTE,0.008425790018306576,0.6000882690743458,-0.02307235667434682,0.03990722538203606
988,HAP-1,H3K4me3,hAT-Ac,-8.83189021922824e-05,0.9961213776528006,-0.035685330995247434,0.03550891701838359
989,HAP-1,H3K4me3,hAT,-0.000558470644158877,0.9769202728135562,-0.03837844920203554,0.0372631055995475
990,HAP-1,H3K4me3,MULE-MuDR,0.05951466663601903,0.004275768646919267,0.018678663697201107,0.1001524401446032
991,HAP-1,H3K4me3,PiggyBac,-0.046656249769802545,0.03318983549808021,-0.08943861717103341,-0.0037020294622097973
992,HAP-1,H3K4me3,5S-Deu-L2,-0.011550820306217499,0.6168061831326617,-0.05674318905012506,0.03368878569685211
993,HAP-1,H3K4me3,Helitron,0.018836965928100028,0.4400910560497129,-0.028989386558335863,0.06657726908133423
994,HAP-1,H3K4me3,hAT-Tag1,-0.008921793968267559,0.7147167662660898,-0.056708789128800924,0.03890598677846643
995,HAP-1,H3K4me3,tRNA,-0.03008118564637562,0.24366072320721818,-0.08051622721060422,0.020507495759061897
996,HAP-1,H3K4me3,Penelope,-0.012396398682467382,0.7518650350421808,-0.08903966969384895,0.06439280969247882
997,HAP-1,H3K4me3,TcMar-Tc1,-0.004576558144349795,0.9074339407603323,-0.0815688694518736,0.07247005055405138
998,HAP-1,H3K4me3,Dong-R4,0.05736006456864307,0.23634221772791328,-0.037709400167568546,0.15140050275158234
999,HAP-1,H3K4me3,tRNA-Deu,0.0311667709330077,0.5251334165420716,-0.06496571191467254,0.12672607906373948
1000,HAP-1,H3K4me3,Kolobok,0.0024923015851340893,0.9627311322197296,-0.10176945144103734,0.10669989722640337
1001,HAP-1,H3K4me3,PIF-Harbinger,-0.04435992720923917,0.40872155209244654,-0.14869845645528823,0.06095541774235035
1002,HAP-1,H3K4me3,Crypton,-0.030862005362620404,0.6051529500670609,-0.1469580884842322,0.08607282176656122
1003,HAP-1,H3K4me3,Merlin,-0.092899832718602,0.17883820647651802,-0.22542136861856155,0.04299694538019764
1004,HAP-1,H3K4me3,TcMar,-0.036683730222303486,0.6042400944925412,-0.173899614813551,0.10192947900745315
1005,HAP-1,H3K4me3,L1-Tx1,-0.0010874422589661377,0.989937693864452,-0.16877219784377917,0.16665848949721768
1006,HAP-1,H3K4me3,Crypton-A,0.048711286206955834,0.580598369294469,-0.12395015189083027,0.218509730765027
1007,HAP-1,H3K4me3,I-Jockey,0.08992679084422205,0.3524098650752001,-0.10024480403434521,0.2737594866356684
1008,HAP-1,H3K4me3,hAT-Tip100?,0.06168394777265746,0.6310463130930725,-0.1892010974905763,0.30500903437644716
1009,HAP-1,H3K4me3,TcMar-Pogo,-0.06341642228739001,0.7302356188327073,-0.40350082059580183,0.29206309768081756
1010,HAP-1,H3K4me3,hAT?,0.09324866310160429,0.6057530763506189,-0.25905532445955004,0.42365339908173716
1011,HAP-1,H3K4me3,hAT-hAT19,0.2029411764705882,0.45096124172270946,-0.33047957514520065,0.6381004016505516
1012,HL-60,H3K27ac,Alu,0.001248412275577007,0.19033455787082698,-0.0006199927387432568,0.0031168085736663965
1013,HL-60,H3K27ac,L1,-0.001586399734816669,0.2499168856938788,-0.0042888112332282145,0.0011160349348949357
1014,HL-60,H3K27ac,MIR,0.0008385905500249396,0.54688438468233,-0.0018896809136780552,0.0035668495297371612
1015,HL-60,H3K27ac,L2,-0.002027078842564939,0.22613102242934432,-0.005309467477547476,0.001255353472977929
1016,HL-60,H3K27ac,ERVL-MaLR,-8.38370940384876e-05,0.9666858595767844,-0.004018137923225917,0.003850466330532986
1017,HL-60,H3K27ac,hAT-Charlie,0.0003328094217578445,0.8760404676069284,-0.00384880465285883,0.004514411857463573
1018,HL-60,H3K27ac,ERV1,0.0009913928280880825,0.7470202511552748,-0.005032356064269415,0.007015069774764683
1019,HL-60,H3K27ac,ERVL,-0.0005207678533303507,0.8677253509933154,-0.006649149734604392,0.005607653145227678
1020,HL-60,H3K27ac,TcMar-Tigger,0.002538435001686356,0.42475510927081206,-0.003694663514825023,0.008771336279066521
1021,HL-60,H3K27ac,hAT-Tip100,0.00115966673570652,0.789202262591723,-0.0073419611849918345,0.00966112702344864
1022,HL-60,H3K27ac,CR1,-0.005444767498135628,0.24883325349182506,-0.014697905587396948,0.003809303080863198
1023,HL-60,H3K27ac,Gypsy,0.018425014946568088,0.021097676072440744,0.002765584123033684,0.03407541163404423
1024,HL-60,H3K27ac,hAT-Blackjack,0.0032035779039308815,0.6947505579723013,-0.012796659227791845,0.019202174906454563
1025,HL-60,H3K27ac,TcMar-Mariner,-0.00048461257560934246,0.9530310656212898,-0.01660915233823142,0.015640179190308093
1026,HL-60,H3K27ac,RTE-X,-0.00022625251379501356,0.9824771524547011,-0.02041421479723198,0.0199618941914892
1027,HL-60,H3K27ac,ERVK,0.01124625766475263,0.3399116075425359,-0.011851840611730833,0.034332360401152985
1028,HL-60,H3K27ac,TcMar-Tc2,-0.012792897936297763,0.30172235264388747,-0.037058107241844045,0.011487388123406312
1029,HL-60,H3K27ac,SVA,-0.004059749146068211,0.776903988609933,-0.03213153311007744,0.02401843475023841
1030,HL-60,H3K27ac,RTE-BovB,-0.007840632287758938,0.5954555573785753,-0.03676997736126519,0.02110184330979056
1031,HL-60,H3K27ac,tRNA-RTE,0.019757184339338298,0.21896667040556458,-0.011748730246094399,0.051223909558107905
1032,HL-60,H3K27ac,hAT-Ac,-0.015754199819180404,0.3856087900163727,-0.05130716873292013,0.019838650714657857
1033,HL-60,H3K27ac,hAT,0.019171075593057293,0.32016154784875184,-0.018631518326696152,0.05691893641023108
1034,HL-60,H3K27ac,MULE-MuDR,0.03688708803603033,0.07681839351135324,-0.003987010900212036,0.07763813667227776
1035,HL-60,H3K27ac,PiggyBac,0.04751774687525503,0.029992366968595086,0.004585197752732824,0.090275444827277
1036,HL-60,H3K27ac,5S-Deu-L2,-0.008736625851956392,0.7050099155294118,-0.05392465956736912,0.03648711843855493
1037,HL-60,H3K27ac,Helitron,0.01256694874332656,0.6061000926400038,-0.03519531993390614,0.06027194082350244
1038,HL-60,H3K27ac,hAT-Tag1,-0.00852505280540062,0.7267278293441204,-0.05628480344063803,0.03927362354123048
1039,HL-60,H3K27ac,tRNA,-0.04148672032392251,0.10765901605251237,-0.09184508259710093,0.009083308399465789
1040,HL-60,H3K27ac,Penelope,0.034373242602760035,0.3797849913610025,-0.04236861402216913,0.1107118805522183
1041,HL-60,H3K27ac,TcMar-Tc1,0.023603027571599405,0.5483577022359318,-0.05346604486765392,0.10039257417234207
1042,HL-60,H3K27ac,Dong-R4,-0.05800757180163471,0.23108485601766401,-0.15203695045037025,0.037062410808762214
1043,HL-60,H3K27ac,tRNA-Deu,-0.018494120488611192,0.7061638298934835,-0.11421473614224947,0.07756671850622421
1044,HL-60,H3K27ac,Kolobok,-0.05726783123645022,0.2818885915790007,-0.1604831785763585,0.047186420481361804
1045,HL-60,H3K27ac,PIF-Harbinger,-0.062103700483514795,0.24721195865031972,-0.1661002680149272,0.04325912321865315
1046,HL-60,H3K27ac,Crypton,-0.045426755136730564,0.44653340506197625,-0.1612294518443457,0.07160983937896302
1047,HL-60,H3K27ac,Merlin,-0.11699968894126742,0.09002799799884012,-0.2485824414748007,0.01882312841088661
1048,HL-60,H3K27ac,TcMar,0.05394537780362037,0.4469008964444595,-0.08518512557553672,0.19101237780988034
1049,HL-60,H3K27ac,L1-Tx1,0.06284762858042064,0.4656382836578461,-0.10615022497114822,0.22831661370289305
1050,HL-60,H3K27ac,Crypton-A,-0.14611517483985662,0.09585562254457913,-0.3107078471278152,0.026985075698511194
1051,HL-60,H3K27ac,I-Jockey,0.07116115281252897,0.4621495837917854,-0.11876457754899897,0.25606341319217696
1052,HL-60,H3K27ac,hAT-Tip100?,0.058828671328671325,0.6415787254667034,-0.18797220522567304,0.29864168931368035
1053,HL-60,H3K27ac,TcMar-Pogo,0.18475073313782991,0.31140634459505956,-0.1782279156782401,0.5034715377319849
1054,HL-60,H3K27ac,hAT?,-0.026403743315508023,0.8840360735526009,-0.36644552144092496,0.31986014729312867
1055,HL-60,H3K27ac,hAT-hAT19,-0.2352941176470588,0.38035580118865675,-0.658893235790222,0.3016030461153394
1056,MG63,H3K9me3,Alu,0.00224157608652989,0.01846543222387252,0.00037691950734758964,0.004106217078094414
1057,MG63,H3K9me3,L1,-0.0001937291389987873,0.8880209083526929,-0.0028903000007731395,0.0025028445401793177
1058,MG63,H3K9me3,MIR,0.000434023136269836,0.7553003788858166,-0.0022954710099069675,0.0031635108153959678
1059,MG63,H3K9me3,L2,-0.000618863094329852,0.7116964378933929,-0.003900825059359619,0.002663112202647514
1060,MG63,H3K9me3,ERVL-MaLR,0.0009880848005894428,0.6221298161534723,-0.002941450891752828,0.0049175899786085275
1061,MG63,H3K9me3,hAT-Charlie,0.0008258657841877296,0.6985889846944657,-0.0033542902498623454,0.005005992956548106
1062,MG63,H3K9me3,ERV1,0.0009512282886903902,0.7557176322164147,-0.005041410972220772,0.006943799229820607
1063,MG63,H3K9me3,ERVL,0.0032506219691957636,0.29823554936316726,-0.002874142675142311,0.009375142741181399
1064,MG63,H3K9me3,TcMar-Tigger,-0.0037878267250365705,0.23342898197232337,-0.010017996764369432,0.002442637381525204
1065,MG63,H3K9me3,hAT-Tip100,-0.0022648006761515917,0.6017017118387533,-0.010768877390240433,0.006239603629929553
1066,MG63,H3K9me3,CR1,0.0030736506763852037,0.5148902551371262,-0.006176748994881383,0.01232352434866781
1067,MG63,H3K9me3,Gypsy,0.003910794650870982,0.624454608849403,-0.011746386348348884,0.019566058413929756
1068,MG63,H3K9me3,hAT-Blackjack,0.007384288109215917,0.36520113595527304,-0.008599453344166227,0.023364257171680763
1069,MG63,H3K9me3,TcMar-Mariner,0.0032795705718136623,0.690103121339148,-0.012841456519704296,0.019398893186341557
1070,MG63,H3K9me3,RTE-X,-0.0035161581006066273,0.7328543412006225,-0.023702593231308137,0.016673143086128578
1071,MG63,H3K9me3,ERVK,-0.01663932510061215,0.15333897534211258,-0.039464779040241885,0.00620348504976434
1072,MG63,H3K9me3,TcMar-Tc2,-0.014566383470252188,0.23955019606547442,-0.03882594496014215,0.009710339189738144
1073,MG63,H3K9me3,SVA,-0.010544238708968734,0.45941532395115714,-0.038463261723461116,0.017391233693707757
1074,MG63,H3K9me3,RTE-BovB,0.019928527175806333,0.1772794821769281,-0.009026262157833009,0.04884992643234281
1075,MG63,H3K9me3,tRNA-RTE,-0.007809247126640914,0.6271648258584462,-0.03930372532840089,0.023700731663236635
1076,MG63,H3K9me3,hAT-Ac,-5.925136110385887e-05,0.9973940430059782,-0.03560357820217299,0.03548522519683737
1077,MG63,H3K9me3,hAT,-0.02728746423439452,0.15725941250233613,-0.06503410087083494,0.010537149926004848
1078,MG63,H3K9me3,MULE-MuDR,-0.0062131217480852746,0.7657973867129922,-0.04706465383755315,0.03465915918266032
1079,MG63,H3K9me3,PiggyBac,-0.025494230422738372,0.24390626904896032,-0.06829290253678234,0.01739810386727512
1080,MG63,H3K9me3,5S-Deu-L2,0.03725354329160528,0.10636238926847656,-0.007984040389986527,0.08233895447862807
1081,MG63,H3K9me3,Helitron,0.017284262401496085,0.477917684914956,-0.03045538593952125,0.06494523285218703
1082,MG63,H3K9me3,hAT-Tag1,-0.03360940975955956,0.16878496283269762,-0.08134500158902777,0.014280020100771581
1083,MG63,H3K9me3,tRNA,0.008438686583042627,0.7443291447961451,-0.04226137735173537,0.05909540129572631
1084,MG63,H3K9me3,Penelope,0.03186488810949519,0.4141239979729089,-0.044637797189042365,0.10799601888924573
1085,MG63,H3K9me3,TcMar-Tc1,0.014177251377028481,0.717853087981777,-0.06267870627854764,0.09086605424044465
1086,MG63,H3K9me3,Dong-R4,0.03316689542937527,0.49375816425971,-0.06184028349104339,0.12757842008382297
1087,MG63,H3K9me3,tRNA-Deu,-0.03271306376539795,0.5052878983189726,-0.12836537485482954,0.06354227398346474
1088,MG63,H3K9me3,Kolobok,0.04416163103952362,0.4074657474559259,-0.06040214003761264,0.14776669679383228
1089,MG63,H3K9me3,PIF-Harbinger,-0.002789873051626619,0.9587022738981348,-0.10804091145986205,0.10252301336557548
1090,MG63,H3K9me3,Crypton,-0.0779000213503474,0.19132565777258656,-0.19291779191038952,0.039229498654381065
1091,MG63,H3K9me3,Merlin,0.0983833148863575,0.15442681024348198,-0.03750730415584839,0.23070133670452783
1092,MG63,H3K9me3,TcMar,-0.025835296805969476,0.713093455378174,-0.1623181313270909,0.111617522919796
1093,MG63,H3K9me3,L1-Tx1,0.16195843399437232,0.05959655149722186,-0.007663890813200995,0.32252123521944354
1094,MG63,H3K9me3,Crypton-A,-0.0006773337630706454,0.993897674577617,-0.17284328743216584,0.17152878314837405
1095,MG63,H3K9me3,I-Jockey,0.1265499026966917,0.1897678170200499,-0.06381034466059521,0.30802437954040435
1096,MG63,H3K9me3,hAT-Tip100?,-0.1673076923076923,0.18636219794251038,-0.3982717899640745,0.08360653726524533
1097,MG63,H3K9me3,TcMar-Pogo,0.07881231671554251,0.6680978470331626,-0.2780291124212922,0.41653890886548495
1098,MG63,H3K9me3,hAT?,-0.008403361344537815,0.9623796880984457,-0.34559246690941214,0.3307076368142075
1099,MG63,H3K9me3,hAT-hAT19,0.0058823529411764705,0.9827505044191351,-0.49125900286792273,0.5001328749026314
1100,MG63,H3K36me3,Alu,-0.0006854627933844466,0.4711835458032958,-0.0025499695952582654,0.0011790487743697817
1101,MG63,H3K36me3,L1,-0.0006847305841415893,0.6187449496647445,-0.003381598208896512,0.002012147000875945
1102,MG63,H3K36me3,MIR,0.0010279916472563857,0.46038671145688126,-0.001701348998595,0.003757316977540431
1103,MG63,H3K36me3,L2,8.242703838532094e-05,0.9607405463358993,-0.0031995618116910877,0.0033644141127450993
1104,MG63,H3K36me3,ERVL-MaLR,-0.002096379605338763,0.2957089729403337,-0.006025660174986052,0.0018329656986995032
1105,MG63,H3K36me3,hAT-Charlie,-0.00026772394911612633,0.9000973155360869,-0.004447530080226459,0.003912091536707867
1106,MG63,H3K36me3,ERV1,-0.0012224319017065943,0.6892887901327824,-0.0072148224005644315,0.004770046390556825
1107,MG63,H3K36me3,ERVL,-0.0027236015075424746,0.3834226509590172,-0.008847917304036973,0.003400918606856249
1108,MG63,H3K36me3,TcMar-Tigger,-0.0007253129524075946,0.8195032952968102,-0.00695522580073889,0.00550465619788508
1109,MG63,H3K36me3,hAT-Tip100,0.005508347968713314,0.20425156954025897,-0.0029958098911371353,0.014011709143858558
1110,MG63,H3K36me3,CR1,-0.0029015648049771077,0.5388263471073442,-0.012154346111224158,0.0063517133610493095
1111,MG63,H3K36me3,Gypsy,0.00036648287194842883,0.9634129438583323,-0.01529150608971029,0.016024292132514828
1112,MG63,H3K36me3,hAT-Blackjack,0.007950392308545905,0.32953582312247687,-0.008031264152182383,0.02392798827191342
1113,MG63,H3K36me3,TcMar-Mariner,-0.015906736729215082,0.053074751436043045,-0.03201712635427138,0.00021191623881490357
1114,MG63,H3K36me3,RTE-X,0.0012014943662835404,0.9071445842864323,-0.018985957846844034,0.0213879673277489
1115,MG63,H3K36me3,ERVK,0.004644646092802058,0.6902749777279196,-0.018199381996743334,0.027483827492691
1116,MG63,H3K36me3,TcMar-Tc2,-0.00599722691677252,0.6282412175304151,-0.03026504188522146,0.018277654218471228
1117,MG63,H3K36me3,SVA,-0.007117435780020649,0.6176978681600603,-0.035054581697592284,0.02083082521211041
1118,MG63,H3K36me3,RTE-BovB,-0.009083570347557263,0.5386092722607418,-0.03802087932829661,0.019868960470962874
1119,MG63,H3K36me3,tRNA-RTE,-0.018635405577619998,0.24632505473936467,-0.05010832090443816,0.01287448435491227
1120,MG63,H3K36me3,hAT-Ac,0.026258919554327687,0.14776503803778337,-0.009306140155706855,0.0617576290213072
1121,MG63,H3K36me3,hAT,-0.005178775242074482,0.7884489051621375,-0.04298435759796209,0.03264161696406316
1122,MG63,H3K36me3,MULE-MuDR,0.0370033737890762,0.07582850104553657,-0.003861765609069714,0.07774512911366968
1123,MG63,H3K36me3,PiggyBac,-0.013037296927889668,0.5508118506030466,-0.0558231440822506,0.029796344570916206
1124,MG63,H3K36me3,5S-Deu-L2,-0.014927284863848953,0.517625827086104,-0.06008570907012259,0.03029211706376489
1125,MG63,H3K36me3,Helitron,0.013796106813895542,0.5708773171247914,-0.03391119427181383,0.06144067902557024
1126,MG63,H3K36me3,hAT-Tag1,-0.008626358315905422,0.72377046275574,-0.05641421414835943,0.039200932633672705
1127,MG63,H3K36me3,tRNA,0.039814385344242545,0.1237383353033255,-0.010908770279050682,0.0903331704911832
1128,MG63,H3K36me3,Penelope,-0.014746627677778004,0.7055327634436642,-0.09102295651495808,0.061701719616370165
1129,MG63,H3K36me3,TcMar-Tc1,-0.018776620452478004,0.6319826303281646,-0.09537097433769058,0.058038760525656534
1130,MG63,H3K36me3,Dong-R4,0.01916509678115216,0.6925717743053574,-0.07576801295281867,0.11375388992386865
1131,MG63,H3K36me3,tRNA-Deu,0.029644931477169997,0.5460549721193628,-0.06659580197760455,0.12533914390158657
1132,MG63,H3K36me3,Kolobok,0.017102483402728356,0.7481175660972341,-0.08714828280252071,0.12098271533307875
1133,MG63,H3K36me3,PIF-Harbinger,0.03836712690185112,0.4762270969996246,-0.0672255426423434,0.14310985949230964
1134,MG63,H3K36me3,Crypton,-0.021848580659634062,0.7143897405969605,-0.13810801640421058,0.09500477788751097
1135,MG63,H3K36me3,Merlin,-0.007766296992165298,0.9107096077603652,-0.1426871960689087,0.12743796289584874
1136,MG63,H3K36me3,TcMar,0.031181419230658355,0.6571669378131404,-0.10634097898685807,0.16753328660152833
1137,MG63,H3K36me3,L1-Tx1,0.0016614997604804508,0.9846263704483358,-0.16610038701753474,0.16932991572104247
1138,MG63,H3K36me3,Crypton-A,-0.026825694439031777,0.7619199999976627,-0.19812683375491633,0.14606555377864783
1139,MG63,H3K36me3,I-Jockey,0.1377166156982671,0.15327992368534457,-0.05262307417862427,0.31840065866356154
1140,MG63,H3K36me3,hAT-Tip100?,-0.19368131868131866,0.12515939729312464,-0.4214462312457534,0.057068926785301476
1141,MG63,H3K36me3,TcMar-Pogo,0.09970674486803517,0.587169553281415,-0.2587987317506519,0.43406840529201485
1142,MG63,H3K36me3,hAT?,-0.0016806722689075631,0.9924733871564116,-0.33965354932702246,0.33667659437541836
1143,MG63,H3K36me3,hAT-hAT19,0.13823529411764704,0.6096659407501825,-0.38597426239896654,0.5949625271849802
1144,MG63,H3K27me3,Alu,-0.0005200596747751422,0.5845777897942654,-0.0023844770655327406,0.001344361331499606
1145,MG63,H3K27me3,L1,-0.000873336299483641,0.5255032397239254,-0.003569413422607137,0.0018227535199787533
1146,MG63,H3K27me3,MIR,0.00035131047257679505,0.8008069181396673,-0.0023777703845229447,0.0030803860966478044
1147,MG63,H3K27me3,L2,0.0034670090704069065,0.03836834916530021,0.0001857125247969607,0.006748230958889504
1148,MG63,H3K27me3,ERVL-MaLR,-0.001463455866648312,0.4653703748387201,-0.00539244492959169,0.0024655783795163146
1149,MG63,H3K27me3,hAT-Charlie,-0.0014595988154807059,0.4936712281245731,-0.0056390070363590665,0.002719860397076055
1150,MG63,H3K27me3,ERV1,0.004801698544991953,0.11624118041694952,-0.0011898592807350662,0.010792911632509524
1151,MG63,H3K27me3,ERVL,0.0037293107286421865,0.23259490399859872,-0.0023939618288979676,0.009852303638030213
1152,MG63,H3K27me3,TcMar-Tigger,0.005730933611368307,0.07137725268041847,-0.0004987326360135096,0.011960155055258978
1153,MG63,H3K27me3,hAT-Tip100,-0.005055310198417061,0.24395403569908988,-0.013558414526208417,0.0034485252369077886
1154,MG63,H3K27me3,CR1,-0.00792216348461547,0.0932118248125583,-0.01717053153767632,0.0013275600540536589
1155,MG63,H3K27me3,Gypsy,0.006481814115974259,0.41714275625572483,-0.009175683402125911,0.02213613401838733
1156,MG63,H3K27me3,hAT-Blackjack,-0.0014909937645047587,0.8548544464987873,-0.017464600016925732,0.014483373398150605
1157,MG63,H3K27me3,TcMar-Mariner,0.0006281136936700796,0.9390995023626326,-0.01548417696104529,0.016740078230803403
1158,MG63,H3K27me3,RTE-X,-0.0047612987574968384,0.64384688573584,-0.02494171909692773,0.015423000487069839
1159,MG63,H3K27me3,ERVK,-0.0013758633429157392,0.9059661108682797,-0.024200043893718305,0.02144975079399255
1160,MG63,H3K27me3,TcMar-Tc2,-0.01979778667886709,0.10983329171615366,-0.04404542173977504,0.004473160031072728
1161,MG63,H3K27me3,SVA,0.015457919757481564,0.27834277790984957,-0.01249290949344771,0.043384611134584285
1162,MG63,H3K27me3,RTE-BovB,-0.008264814543525827,0.5757029208411706,-0.037193656320582455,0.02067786807847272
1163,MG63,H3K27me3,tRNA-RTE,-0.015597927135202938,0.33206811163449457,-0.047088506498232825,0.01592362576561436
1164,MG63,H3K27me3,hAT-Ac,0.016854930911524856,0.35273034774804046,-0.018697349600143236,0.052364642273620046
1165,MG63,H3K27me3,hAT,-0.006056003884427494,0.753645628406952,-0.043853020707586586,0.031758324888711796
1166,MG63,H3K27me3,MULE-MuDR,-0.02131439032585653,0.3066828130291509,-0.06211913574130361,0.019561489222141296
1167,MG63,H3K27me3,PiggyBac,-0.006151260636927516,0.7786214698547484,-0.049005105306821596,0.03672518979615081
1168,MG63,H3K27me3,5S-Deu-L2,0.02798809906446181,0.2251429947103673,-0.017251044554901403,0.07311288292291293
1169,MG63,H3K27me3,Helitron,0.015687469841622902,0.5191480765270546,-0.0320080173757593,0.06331167260962568
1170,MG63,H3K27me3,hAT-Tag1,-0.005732153380797189,0.8141116700151612,-0.05347134667952687,0.04203318259036898
1171,MG63,H3K27me3,tRNA,-0.017426747302727575,0.5007585430696715,-0.06806848730169897,0.03330456277122111
1172,MG63,H3K27me3,Penelope,0.06017238602534658,0.12250942031248378,-0.01628805416965951,0.1359331714466578
1173,MG63,H3K27me3,TcMar-Tc1,-0.00937200892545013,0.8110765438560675,-0.0860368445718175,0.0674031628752245
1174,MG63,H3K27me3,Dong-R4,-0.04455747595031302,0.35892811124052304,-0.13902477903537877,0.05071345613377034
1175,MG63,H3K27me3,tRNA-Deu,0.005110961111329209,0.9171247728821563,-0.09096444898078516,0.10109210802079455
1176,MG63,H3K27me3,Kolobok,-0.029669535677632964,0.5774126542008671,-0.13336837064909712,0.07467191891107636
1177,MG63,H3K27me3,PIF-Harbinger,0.013926695018709278,0.7957301833178384,-0.09134311291655944,0.11888868200293824
1178,MG63,H3K27me3,Crypton,-0.0216320339782712,0.717098789711809,-0.13789522285791564,0.09521919390977905
1179,MG63,H3K27me3,Merlin,0.038348606391365433,0.5796196075001508,-0.09727302966286938,0.172572020887804
1180,MG63,H3K27me3,TcMar,-0.024151922926283046,0.7310429031912817,-0.16067481202948186,0.11327778643303008
1181,MG63,H3K27me3,L1-Tx1,0.07883591258678858,0.36160467565892496,-0.09096231104762309,0.2441798000676288
1182,MG63,H3K27me3,Crypton-A,-0.09287119870747673,0.2932857668009789,-0.2612345193044836,0.08097600647341718
1183,MG63,H3K27me3,I-Jockey,0.026123621536465576,0.787437015807717,-0.1628095902919486,0.2132088095061429
1184,MG63,H3K27me3,hAT-Tip100?,-0.05306776556776556,0.6770672728517815,-0.29518976908154665,0.19545884869847308
1185,MG63,H3K27me3,TcMar-Pogo,0.438782991202346,0.011996516196905024,0.0894113121625625,0.6920058010456313
1186,MG63,H3K27me3,hAT?,0.146524064171123,0.40829705254558457,-0.20343946377487981,0.4632886735630024
1187,MG63,H3K27me3,hAT-hAT19,-0.2588235294117647,0.3330723066336081,-0.6736916392531489,0.28008839793105406
1188,MG63,H3K4me3,Alu,0.0007457255945464058,0.43329235277701084,-0.0011195770772176106,0.0026110230770352272
1189,MG63,H3K4me3,L1,0.0037217813623578516,0.00683174030364115,0.0010250210846892,0.0064184875069343336
1190,MG63,H3K4me3,MIR,-0.0014330261203065857,0.3035276954419698,-0.004162801671795257,0.0012967707882816078
1191,MG63,H3K4me3,L2,0.0003430140511949163,0.8376976935173742,-0.002939041753755018,0.0036250624663411533
1192,MG63,H3K4me3,ERVL-MaLR,0.0017612769917554204,0.37975521158879333,-0.002168880537009796,0.005691380111249457
1193,MG63,H3K4me3,hAT-Charlie,-0.001196021371422172,0.5749967135101932,-0.0053766912436025984,0.0029846903093606087
1194,MG63,H3K4me3,ERV1,0.0005010681081085816,0.8698362244863425,-0.005492034164094625,0.006494134386517017
1195,MG63,H3K4me3,ERVL,-0.0017863331025868112,0.5675888518545469,-0.007911301549193799,0.004338769376805508
1196,MG63,H3K4me3,TcMar-Tigger,-0.005452235448390574,0.08633991301310436,-0.011682772695870777,0.0007787251475743279
1197,MG63,H3K4me3,hAT-Tip100,-6.033474913962791e-05,0.9889062165080788,-0.008564923821266444,0.008444263050783907
1198,MG63,H3K4me3,CR1,0.002704824149675436,0.5666407864185845,-0.006547001448954034,0.011956186722337614
1199,MG63,H3K4me3,Gypsy,0.004513898447367749,0.572056721356867,-0.011143870338945731,0.02016945419505828
1200,MG63,H3K4me3,hAT-Blackjack,-0.01006215274065982,0.21722984086210617,-0.02604034680859018,0.0059211812896677735
1201,MG63,H3K4me3,TcMar-Mariner,-0.002329953388637282,0.7770033525836505,-0.01845176841640615,0.01379307290668148
1202,MG63,H3K4me3,RTE-X,-0.0025719512344544223,0.8028513810423334,-0.02275992906621512,0.017618123249238376
1203,MG63,H3K4me3,ERVK,0.017309532620830057,0.13758317453556282,-0.0055409986811894045,0.04014199656847479
1204,MG63,H3K4me3,TcMar-Tc2,-0.010295911400114807,0.40595652027798257,-0.03456736378896664,0.013987679054813934
1205,MG63,H3K4me3,SVA,-0.011306068980006053,0.42818714003533576,-0.03925821582951245,0.0166637586773474
1206,MG63,H3K4me3,RTE-BovB,-0.003353245666437923,0.8204655269487132,-0.032303216420959756,0.025602346958595288
1207,MG63,H3K4me3,tRNA-RTE,0.034353173715680446,0.03250595803413732,0.00285551423681288,0.06578273645556872
1208,MG63,H3K4me3,hAT-Ac,0.004699898373045395,0.7956454796488472,-0.030861552755835207,0.04024946607077002
1209,MG63,H3K4me3,hAT,0.0051549027122143746,0.7893627824984787,-0.03265842413404052,0.042953493460284216
1210,MG63,H3K4me3,MULE-MuDR,-0.023104406563901864,0.2676210533098916,-0.06388603534693581,0.017754260302166848
1211,MG63,H3K4me3,PiggyBac,0.033537353276567664,0.12516280853320183,-0.009344227851544214,0.07629581107443505
1212,MG63,H3K4me3,5S-Deu-L2,-0.012952886924480472,0.5748147321572079,-0.05815325169206276,0.032300476179894164
1213,MG63,H3K4me3,Helitron,0.01631879107913045,0.5023450402901799,-0.03136329809428265,0.06392677163993213
1214,MG63,H3K4me3,hAT-Tag1,-0.007745107862407252,0.7512175990863931,-0.055578190997213214,0.04012344535459846
1215,MG63,H3K4me3,tRNA,-0.01821471939912326,0.48115100042334025,-0.06880267024926377,0.032466662694929704
1216,MG63,H3K4me3,Penelope,-0.01117428285747208,0.7746335649438839,-0.08747671473220342,0.06525850229399568
1217,MG63,H3K4me3,TcMar-Tc1,0.07414915498854237,0.058642870446407855,-0.0028149097307214174,0.15023994541631852
1218,MG63,H3K4me3,Dong-R4,0.018691923704077927,0.7001256002638301,-0.07634960308042489,0.11339684460006608
1219,MG63,H3K4me3,tRNA-Deu,-0.040870146776631026,0.4051636568299879,-0.13640455527919018,0.055417430506849975
1220,MG63,H3K4me3,Kolobok,0.018700975436927045,0.7254822774382816,-0.08556268597449586,0.12255948184087359
1221,MG63,H3K4me3,PIF-Harbinger,-0.025840493175083763,0.6309472501252678,-0.13063397171786442,0.07952400288776681
1222,MG63,H3K4me3,Crypton,-0.04377406451112132,0.46326196468538894,-0.15961187989709577,0.07325284419867584
1223,MG63,H3K4me3,Merlin,-0.0382004214335414,0.5810865101108167,-0.1724276606339942,0.09741964411634478
1224,MG63,H3K4me3,TcMar,0.08021307877965485,0.25291525220033245,-0.05767437169903125,0.21509746285550727
1225,MG63,H3K4me3,L1-Tx1,0.03203387304087821,0.7112165043907069,-0.1370807411060432,0.1993339634719576
1226,MG63,H3K4me3,Crypton-A,-0.05890345672638956,0.5056063148071495,-0.2289121854529952,0.11459217607865428
1227,MG63,H3K4me3,I-Jockey,-0.03463071077749977,0.7207218798369855,-0.22134519506864414,0.1545329968226852
1228,MG63,H3K4me3,hAT-Tip100?,0.01822344322344322,0.8863486133624982,-0.22862964008109923,0.2628746618547576
1229,MG63,H3K4me3,TcMar-Pogo,0.29325513196480935,0.10332541387319895,-0.06946273110073374,0.5874888387225552
1230,MG63,H3K4me3,hAT?,-0.11413292589763176,0.5204081371995548,-0.4364174993985385,0.23410871313878978
1231,MG63,H3K4me3,hAT-hAT19,-0.1264705882352941,0.6406944408168836,-0.586895393648097,0.3957622683663311
1232,VCaP,CTCF,Alu,0.00011187953370892008,0.9062548561079032,-0.0017501510528526957,0.0019739093444628296
1233,VCaP,CTCF,L1,-0.002556529971354106,0.06302560213256356,-0.005251859067280367,0.0001388362706792889
1234,VCaP,CTCF,MIR,-0.0012993973302027656,0.35005549276304204,-0.0040247110934321486,0.001425935735314737
1235,VCaP,CTCF,L2,0.0026800325881815943,0.10931783046283372,-0.0006003572728971418,0.005960364770425907
1236,VCaP,CTCF,ERVL-MaLR,-0.002921415919750166,0.1445185402929024,-0.006845399658017819,0.0010026577872182662
1237,VCaP,CTCF,hAT-Charlie,-0.00039861001116441643,0.8515316631687794,-0.004572779153731553,0.003775573021964112
1238,VCaP,CTCF,ERV1,-0.006227276341238701,0.041307100945223975,-0.012208566536055688,-0.00024554052395528306
1239,VCaP,CTCF,ERVL,-0.0048296168298733915,0.12170188518132172,-0.010945515582375708,0.0012866432484793919
1240,VCaP,CTCF,TcMar-Tigger,0.0022094255542888124,0.4864883158789184,-0.0040132605883111145,0.008431940594788575
1241,VCaP,CTCF,hAT-Tip100,-0.0033957466361890392,0.43336569988797535,-0.011890510001008705,0.0050995068435353945
1242,VCaP,CTCF,CR1,-0.0015773206480407475,0.7380710052183768,-0.010821607003423672,0.007667235301520572
1243,VCaP,CTCF,Gypsy,0.015851062186331952,0.047113722119491726,0.00020121476799095747,0.03149314709338105
1244,VCaP,CTCF,hAT-Blackjack,-0.003948360271434851,0.6277905639250445,-0.019907405163103912,0.012012696129642293
1245,VCaP,CTCF,TcMar-Mariner,-0.009975108401518466,0.22440948974881886,-0.02606335141602365,0.006118300530886471
1246,VCaP,CTCF,RTE-X,-0.008633980306266623,0.40174293964491137,-0.028808830190754586,0.01154790103620075
1247,VCaP,CTCF,ERVK,-0.014645617170046914,0.20780171210616347,-0.03742068387750477,0.008144656414414793
1248,VCaP,CTCF,TcMar-Tc2,-0.011150358084247572,0.36753234852345396,-0.035391240560681846,0.013103637466707363
1249,VCaP,CTCF,SVA,0.014628205948111159,0.3044190838158681,-0.013291289511547828,0.04252490982625038
1250,VCaP,CTCF,RTE-BovB,-0.0517614487107123,0.00044790084401452607,-0.08057531340727926,-0.022861145863032336
1251,VCaP,CTCF,tRNA-RTE,-0.004858530625772549,0.7623293450713625,-0.03633243775548426,0.026625005463339277
1252,VCaP,CTCF,hAT-Ac,-0.038139806417039776,0.0353336356141158,-0.07357404369616162,-0.0026093937326401077
1253,VCaP,CTCF,hAT,0.032792428227088846,0.08880825203380013,-0.004988472313941214,0.07047984429018879
1254,VCaP,CTCF,MULE-MuDR,-0.03323308783273657,0.11061034318381434,-0.07396273772381128,0.0076072449652850255
1255,VCaP,CTCF,PiggyBac,-0.012324208684589569,0.5729050924906103,-0.05512214973508619,0.030518934528108565
1256,VCaP,CTCF,5S-Deu-L2,-0.013458655502029319,0.5594508100498603,-0.05859750705214522,0.03173511717599894
1257,VCaP,CTCF,Helitron,-0.029075459845305154,0.2311205355935621,-0.07654983507942682,0.01853045120587326
1258,VCaP,CTCF,hAT-Tag1,-0.01599529609864439,0.5117329818965336,-0.06370312275480433,0.031785472306112325
1259,VCaP,CTCF,tRNA,-0.024431039987735267,0.3434070703363312,-0.07485866444858776,0.026121219562513617
1260,VCaP,CTCF,Penelope,-0.022890492404570473,0.5568841848297359,-0.0989866349479606,0.05347181728461537
1261,VCaP,CTCF,TcMar-Tc1,0.02889945393361729,0.4602931132515117,-0.04783011115709058,0.10528995276125916
1262,VCaP,CTCF,Dong-R4,0.0836873061224251,0.08375402121968945,-0.011354544594178735,0.1772306128455817
1263,VCaP,CTCF,tRNA-Deu,-0.09909660045248415,0.04287205123617898,-0.1934026753704359,-0.002976137449874617
1264,VCaP,CTCF,Kolobok,0.03472099226802748,0.5149448676061108,-0.06979802902476571,0.13848597741524585
1265,VCaP,CTCF,PIF-Harbinger,-0.01366257415207749,0.7992374311865414,-0.11847758759793475,0.0914535571197702
1266,VCaP,CTCF,Crypton,-0.018733538117339646,0.753688438538831,-0.13504618837300145,0.09808838854898255
1267,VCaP,CTCF,Merlin,0.1098303061082126,0.11081821754230904,-0.025700966894317164,0.24139690078266662
1268,VCaP,CTCF,TcMar,0.027039685725432357,0.7017588840226789,-0.11110879829504226,0.16416297439624042
1269,VCaP,CTCF,L1-Tx1,0.020719742097339778,0.8100805952444965,-0.14752611602006477,0.18780021126791543
1270,VCaP,CTCF,Crypton-A,-0.011565260445739158,0.8956913139035222,-0.18273386976378328,0.16028382808252387
1271,VCaP,CTCF,I-Jockey,-0.035131127791678256,0.7168565087929447,-0.2218232008709275,0.15404551864458904
1272,VCaP,CTCF,hAT-Tip100?,0.06506410256410255,0.6094941121250519,-0.18393936413362388,0.3062203153427939
1273,VCaP,CTCF,TcMar-Pogo,-0.24230205278592373,0.18150161167861317,-0.5486709338045107,0.12143891459886588
1274,VCaP,CTCF,hAT?,0.22016806722689078,0.21086470659128403,-0.13165886511006725,0.522733068935853
1275,VCaP,CTCF,hAT-hAT19,-0.1411764705882353,0.6020026838819791,-0.5969684892475311,0.38351326982565126
1276,VCaP,H3K27ac,Alu,0.000608006971387358,0.5222398490802074,-0.0012542811812697571,0.002470290906773638
1277,VCaP,H3K27ac,L1,-0.00013875672873792466,0.9196374573957617,-0.0028343306820461595,0.0025568192410176456
1278,VCaP,H3K27ac,MIR,0.00014622059944885478,0.9162552134494237,-0.002579231147379759,0.0028716701740004198
1279,VCaP,H3K27ac,L2,0.0028321365712273374,0.09062620801166743,-0.00044833557045827747,0.0061125477574955666
1280,VCaP,H3K27ac,ERVL-MaLR,0.001001530979954132,0.6169371302334449,-0.0029228578221207223,0.004925888933428883
1281,VCaP,H3K27ac,hAT-Charlie,-0.00011232324436167021,0.9579416572884119,-0.004286800791522491,0.004062158217551618
1282,VCaP,H3K27ac,ERV1,-7.762619300152452e-05,0.979710506517461,-0.006060006925751091,0.00590476009606213
1283,VCaP,H3K27ac,ERVL,0.000230200770276281,0.9412041805251395,-0.005886976965687001,0.006347361278124389
1284,VCaP,H3K27ac,TcMar-Tigger,4.036338297657842e-05,0.9898572588727993,-0.006182700650242804,0.006263424289930328
1285,VCaP,H3K27ac,hAT-Tip100,-0.0009335982722711496,0.8294606709020218,-0.009428607229928204,0.007561545434210205
1286,VCaP,H3K27ac,CR1,0.013584986024651267,0.00397344732209739,0.004340563446608802,0.022827086829249343
1287,VCaP,H3K27ac,Gypsy,-0.004916898829098083,0.5380622226736014,-0.020565323158122695,0.01073393396211889
1288,VCaP,H3K27ac,hAT-Blackjack,-0.010009863138958965,0.21912383227023616,-0.025970584921919067,0.005955960703431626
1289,VCaP,H3K27ac,TcMar-Mariner,-0.0063351759451879775,0.4404670069143518,-0.02242833230931538,0.009761262710355038
1290,VCaP,H3K27ac,RTE-X,-0.003808724691782545,0.7114797302233222,-0.0239875171160874,0.01637316995531797
1291,VCaP,H3K27ac,ERVK,-0.014914676516312366,0.1996918552807981,-0.03769562465271916,0.007881766183022764
1292,VCaP,H3K27ac,TcMar-Tc2,-0.0034440839438265405,0.7807975623670654,-0.027695254278260747,0.02081113817972321
1293,VCaP,H3K27ac,SVA,-0.0048582298537812344,0.7330281012331329,-0.032763697587288004,0.023054806464704956
1294,VCaP,H3K27ac,RTE-BovB,0.006171170950551123,0.6757922595878706,-0.022748354851558582,0.035080377661371474
1295,VCaP,H3K27ac,tRNA-RTE,-0.015465179693217111,0.33551351758021875,-0.04691133415801927,0.0160115976955197
1296,VCaP,H3K27ac,hAT-Ac,-0.02276301143983647,0.20905899307201056,-0.05822991712757589,0.012761283897676048
1297,VCaP,H3K27ac,hAT,0.030812908491058756,0.1098332393015189,-0.006968736420454956,0.068506706595243
1298,VCaP,H3K27ac,MULE-MuDR,0.01662575210567559,0.4249683191975293,-0.024221117410973957,0.05741720254577487
1299,VCaP,H3K27ac,PiggyBac,-0.003825048661128153,0.8611007685699685,-0.04664297544195834,0.039006908416821556
1300,VCaP,H3K27ac,5S-Deu-L2,0.005222085170501424,0.8208000568481855,-0.03994808592764419,0.05037095603247182
1301,VCaP,H3K27ac,Helitron,-0.03901866239113203,0.10799689153779049,-0.08644645909143858,0.008585592895657005
1302,VCaP,H3K27ac,hAT-Tag1,-0.03267605420137229,0.18002636899666824,-0.08031685911357951,0.015113699659520162
1303,VCaP,H3K27ac,tRNA,-0.040213860227728035,0.11877804512496412,-0.09056270372304304,0.010340029941753691
1304,VCaP,H3K27ac,Penelope,-0.006753613858040205,0.862512643993374,-0.08302848118811518,0.06959992120607046
1305,VCaP,H3K27ac,TcMar-Tc1,0.012221636122782771,0.75488689715228,-0.06444927761633301,0.08874910921604053
1306,VCaP,H3K27ac,Dong-R4,0.0285537603384007,0.5557825569836705,-0.0664320841772284,0.12302672696133245
1307,VCaP,H3K27ac,tRNA-Deu,0.009567335162347552,0.8453746721440278,-0.08642924358343795,0.10538788857750597
1308,VCaP,H3K27ac,Kolobok,-0.04933773357874668,0.35398874747113873,-0.15270397919109374,0.055096308488535445
1309,VCaP,H3K27ac,PIF-Harbinger,-0.07873676766757194,0.14212407494284607,-0.18236850042633337,0.026625118666403668
1310,VCaP,H3K27ac,Crypton,-0.017990281662715577,0.7635741178717006,-0.13452133335332717,0.09903158434854806
1311,VCaP,H3K27ac,Merlin,-0.01721876324432857,0.8031711220059939,-0.15162578284139872,0.1178134579719104
1312,VCaP,H3K27ac,TcMar,0.03888812978815148,0.5817313456194719,-0.09940563865112956,0.17570803822013253
1313,VCaP,H3K27ac,L1-Tx1,0.16165785942034164,0.05912636574461379,-0.007328991100364181,0.32166779422982705
1314,VCaP,H3K27ac,Crypton-A,0.13120551759316865,0.13523086606192405,-0.041990955232926404,0.29674658289661593
1315,VCaP,H3K27ac,I-Jockey,0.048633120192753225,0.6155350793716501,-0.14086653555650175,0.23469516482318176
1316,VCaP,H3K27ac,hAT-Tip100?,-0.1769230769230769,0.16194833570317788,-0.406748028841429,0.07396396077019884
1317,VCaP,H3K27ac,TcMar-Pogo,-0.08907624633431084,0.6278116800683592,-0.4251735791485531,0.2686093710321252
1318,VCaP,H3K27ac,hAT?,-0.13705118411000763,0.4395783764023753,-0.45547599811153894,0.21246359103048293
1319,VCaP,H3K27ac,hAT-hAT19,-0.3411764705882353,0.1959326248678891,-0.7233398097217669,0.20099378276835864
1320,C4-2B,CTCF,Alu,0.00016896695624653543,0.8592686971303196,-0.00169882378834793,0.002036756521911181
1321,C4-2B,CTCF,L1,0.0009169555164504372,0.5057461987688109,-0.0017836684424341776,0.003617566099998767
1322,C4-2B,CTCF,MIR,-0.0012068144431867567,0.3859902696420865,-0.003935233034443092,0.0015216221159143777
1323,C4-2B,CTCF,L2,0.002469981530287404,0.14025089520603315,-0.0008124276380240484,0.005752337474938018
1324,C4-2B,CTCF,ERVL-MaLR,-0.0009681186410193891,0.6296283428745932,-0.004902720130261021,0.002966512823540154
1325,C4-2B,CTCF,hAT-Charlie,0.0003587255422566539,0.8664969641296569,-0.003823583851757366,0.004541022386859066
1326,C4-2B,CTCF,ERV1,-0.0033391038513022877,0.2770410862341159,-0.009359664898135937,0.0026816992739954293
1327,C4-2B,CTCF,ERVL,0.003620981524770446,0.24690945076154305,-0.0025083059523569443,0.009749996943144294
1328,C4-2B,CTCF,TcMar-Tigger,-0.0004200574648114857,0.8949398828998735,-0.006654426087767063,0.005814343811363674
1329,C4-2B,CTCF,hAT-Tip100,-0.00202418040556398,0.6407378873348955,-0.010525240780224985,0.006477172547415401
1330,C4-2B,CTCF,CR1,0.0006392349620129372,0.8923080091078122,-0.008614833302321724,0.009893193742272799
1331,C4-2B,CTCF,Gypsy,0.010107739706127676,0.20583699112576298,-0.005552439120774748,0.025762961927336323
1332,C4-2B,CTCF,hAT-Blackjack,-0.0025229995295580937,0.7572052348752752,-0.018516489772218293,0.013471781550323206
1333,C4-2B,CTCF,TcMar-Mariner,0.009776412503007316,0.23561423917465868,-0.006380295587878025,0.025928017664109817
1334,C4-2B,CTCF,RTE-X,0.01316550569248446,0.20119270200767203,-0.007024220160719734,0.03334450221054592
1335,C4-2B,CTCF,ERVK,0.013262486083138843,0.25930984519390404,-0.009783081999391692,0.03629397293129987
1336,C4-2B,CTCF,TcMar-Tc2,-0.0021195622754205017,0.8643505570223807,-0.02643127993371025,0.022194661227707295
1337,C4-2B,CTCF,SVA,-0.0034280349758319577,0.8107103495355996,-0.03147166270132939,0.024620985772269753
1338,C4-2B,CTCF,RTE-BovB,-0.00036643685248635504,0.9802013606334032,-0.02930021712587007,0.0285679569692091
1339,C4-2B,CTCF,tRNA-RTE,-0.004481946550760678,0.7803412947054431,-0.03596849386832515,0.02701349028185245
1340,C4-2B,CTCF,hAT-Ac,0.010325822253690178,0.5695375302249714,-0.025258066478627036,0.045883578020283415
1341,C4-2B,CTCF,hAT,-0.02666271231792726,0.16706433534370865,-0.06441821338572089,0.011169010607853608
1342,C4-2B,CTCF,MULE-MuDR,-0.030727891635733952,0.14026447845854953,-0.07147543600907882,0.010122044693645577
1343,C4-2B,CTCF,PiggyBac,-0.0163444316735712,0.45571668477259897,-0.0592337402546251,0.026605108370878587
1344,C4-2B,CTCF,5S-Deu-L2,-0.0028663027152254755,0.9010803543627484,-0.04803261156071448,0.0423117037441429
1345,C4-2B,CTCF,Helitron,0.007154347521455428,0.7691683889290704,-0.04061357666160965,0.05488964311933278
1346,C4-2B,CTCF,hAT-Tag1,0.0138995963052325,0.5689105903253691,-0.03392126204590548,0.061656954651411876
1347,C4-2B,CTCF,tRNA,9.355364826561932e-05,0.9971075722490016,-0.05045276432412476,0.05063939357907905
1348,C4-2B,CTCF,Penelope,-0.006215626589487382,0.8739428175260449,-0.08284319188117871,0.07048500475662157
1349,C4-2B,CTCF,TcMar-Tc1,0.00979200720849217,0.8029290566804206,-0.0670441158284639,0.08651267300579736
1350,C4-2B,CTCF,Dong-R4,-0.04529573674155805,0.3498785633177308,-0.13953148179462363,0.049753104221470355
1351,C4-2B,CTCF,tRNA-Deu,-0.03916703053766632,0.42447576616003935,-0.13461277207055508,0.05699881428276812
1352,C4-2B,CTCF,Kolobok,0.05574494315511779,0.29558929169140374,-0.04885466176037601,0.1591350747973809
1353,C4-2B,CTCF,PIF-Harbinger,0.0704850217353998,0.18895416445727756,-0.03488285016371946,0.1743031099581821
1354,C4-2B,CTCF,Crypton,0.05842220328844578,0.32743157920893606,-0.05867387682172431,0.17393245689850764
1355,C4-2B,CTCF,Merlin,0.051904975119198005,0.4532605970059991,-0.08384160367405251,0.1857601913045933
1356,C4-2B,CTCF,TcMar,0.04631546610441369,0.5127686357677148,-0.09239971088681022,0.18326712497051587
1357,C4-2B,CTCF,L1-Tx1,-0.10876289443324838,0.20582496164910247,-0.27198848626944494,0.0605461077405711
1358,C4-2B,CTCF,Crypton-A,-0.0159501176465023,0.8570628035489066,-0.18763160203708223,0.15667703093547067
1359,C4-2B,CTCF,I-Jockey,0.06891854323046985,0.4764135884472477,-0.12097114338828062,0.2539423346612931
1360,C4-2B,CTCF,hAT-Tip100?,0.02277097902097902,0.857115945543313,-0.22239376545617015,0.2652272265955263
1361,C4-2B,CTCF,TcMar-Pogo,0.01759530791788856,0.9238531477996262,-0.33316766013938776,0.3640800940420798
1362,C4-2B,CTCF,hAT?,-0.20855614973262035,0.24412789756770123,-0.517830194466298,0.1489316239576335
1363,C4-2B,CTCF,hAT-hAT19,-0.0411764705882353,0.8796536149318311,-0.5263090737375081,0.4641804933042493
1364,C4-2B,H3K27ac,Alu,-4.434559779719789e-06,0.9962866727951988,-0.0018719898540553012,0.0018631207654292473
1365,C4-2B,H3K27ac,L1,-6.544816279818856e-06,0.9962139630716128,-0.002709869923209137,0.0026967803863081003
1366,C4-2B,H3K27ac,MIR,-0.0019435183844500202,0.16986280377463295,-0.004718592085707257,0.000831585251445688
1367,C4-2B,H3K27ac,L2,-0.0008174763158142755,0.6255506444153904,-0.004100710725853054,0.002465775718512367
1368,C4-2B,H3K27ac,ERVL-MaLR,0.005616407056223249,0.0052004217039855645,0.0016770361652326106,0.009555603631396493
1369,C4-2B,H3K27ac,hAT-Charlie,0.0008797264074926659,0.6831162322715358,-0.0033441062274000804,0.00510352765261525
1370,C4-2B,H3K27ac,ERV1,-0.0010753687503914683,0.7270091547657929,-0.007112629255798591,0.0049619701473109885
1371,C4-2B,H3K27ac,ERVL,0.007033663461056366,0.024719675007252414,0.0008950423554435035,0.013171754491794
1372,C4-2B,H3K27ac,TcMar-Tigger,0.0021777160971696414,0.49959115333526094,-0.004144366877706953,0.008499624994906876
1373,C4-2B,H3K27ac,hAT-Tip100,0.0018068492898915016,0.678606030117658,-0.006739552705722923,0.010352987344684575
1374,C4-2B,H3K27ac,CR1,0.0001563925318204522,0.9736538123443003,-0.009124677045377602,0.009437435166337273
1375,C4-2B,H3K27ac,Gypsy,0.003783388989898202,0.6366175988328522,-0.011912381530320752,0.019477295574481048
1376,C4-2B,H3K27ac,hAT-Blackjack,-0.01483772552877938,0.07626406227166116,-0.031235090841189618,0.0015676243718335803
1377,C4-2B,H3K27ac,TcMar-Mariner,0.004928366033357664,0.5722673086731147,-0.01217645798558679,0.022030306634973896
1378,C4-2B,H3K27ac,RTE-X,-0.009637828327785865,0.3495501484214266,-0.02982376203490684,0.010555963455628472
1379,C4-2B,H3K27ac,ERVK,0.00212988982916634,0.8565471135163357,-0.020960649062257728,0.025218157734222434
1380,C4-2B,H3K27ac,TcMar-Tc2,-0.006981438416427201,0.5820061584062544,-0.031830609467485754,0.01787635786305478
1381,C4-2B,H3K27ac,SVA,0.002044980724351632,0.8864556556730742,-0.026020358184896786,0.03010709847755421
1382,C4-2B,H3K27ac,RTE-BovB,-0.004136069605035978,0.7794625247155977,-0.03307578686543255,0.024810577409283822
1383,C4-2B,H3K27ac,tRNA-RTE,0.005333444787034219,0.7429293057508889,-0.02653510144341744,0.03719116105267341
1384,C4-2B,H3K27ac,hAT-Ac,-1.8171835032502294e-05,0.999203806836167,-0.035697753914159774,0.035661456510830754
1385,C4-2B,H3K27ac,hAT,0.002342977685919984,0.9050768243956557,-0.03615349615428648,0.04083250825542254
1386,C4-2B,H3K27ac,MULE-MuDR,-0.006268258025080093,0.7639301625110528,-0.04714633197104834,0.03463077621649151
1387,C4-2B,H3K27ac,PiggyBac,0.013583652668150438,0.5467053921129355,-0.03058900405635731,0.05770335368373226
1388,C4-2B,H3K27ac,5S-Deu-L2,-0.021980876751292636,0.3445751041147943,-0.06748010742913617,0.023609589241481335
1389,C4-2B,H3K27ac,Helitron,-0.03938038339902702,0.10991810001025179,-0.08750468129310643,0.00892729982242129
1390,C4-2B,H3K27ac,hAT-Tag1,-0.006985518060135632,0.7747274817511747,-0.0547780404740015,0.04083893883070903
1391,C4-2B,H3K27ac,tRNA,0.008355928152260826,0.7485589057508456,-0.042721204542323615,0.05938949587307286
1392,C4-2B,H3K27ac,Penelope,0.021904793868934,0.5780988030357248,-0.05527795938072021,0.09882732068604518
1393,C4-2B,H3K27ac,TcMar-Tc1,-0.04349932305719079,0.28342451427895365,-0.12249858731247384,0.0360476906703057
1394,C4-2B,H3K27ac,Dong-R4,0.0209891524363177,0.6650113023995761,-0.07395517927557972,0.11555641056767667
1395,C4-2B,H3K27ac,tRNA-Deu,0.01997302170270965,0.6875091511532828,-0.0772710836660434,0.11684069276409711
1396,C4-2B,H3K27ac,Kolobok,-0.06003836348721846,0.27174432500466683,-0.16590395357071816,0.04719531179233025
1397,C4-2B,H3K27ac,PIF-Harbinger,0.02585262470285596,0.6357757986049974,-0.0810654957485323,0.13218253601794852
1398,C4-2B,H3K27ac,Crypton,0.004026485594368455,0.9482830846341441,-0.11721887967928792,0.12515358221786102
1399,C4-2B,H3K27ac,Merlin,0.04325739381956662,0.5555689673157036,-0.1005415587819595,0.1852860923963148
1400,C4-2B,H3K27ac,TcMar,0.0758562684097698,0.303455760020944,-0.06898098454980933,0.21756171773046742
1401,C4-2B,H3K27ac,L1-Tx1,-0.0038737213516819493,0.9641667134873011,-0.17147841939577937,0.16394889894311035
1402,C4-2B,H3K27ac,Crypton-A,-0.01078115076883565,0.9065707639577238,-0.18891919187896405,0.16804384884285337
1403,C4-2B,H3K27ac,I-Jockey,0.042665183949587626,0.659572919148792,-0.1466979167407078,0.2290117272659161
1404,C4-2B,H3K27ac,hAT-Tip100?,-0.10824175824175822,0.3945624414230996,-0.34552151889426874,0.14204704416615696
1405,C4-2B,H3K27ac,TcMar-Pogo,0.033004926108374376,0.8650378102818672,-0.3376770716694729,0.39482403905816743
1406,C4-2B,H3K27ac,hAT?,-0.1644385026737968,0.360480205447817,-0.4824670563389935,0.1918956339691031
1407,C4-2B,H3K27ac,hAT-hAT19,0.11818181818181818,0.72928477951978,-0.5202121822500904,0.6718480073677078
1408,RWPE2,CTCF,Alu,-0.001569940722400916,0.09876984566489372,-0.0034338395825188354,0.00029396904612939234
1409,RWPE2,CTCF,L1,-0.0018744678683566718,0.17286086540421167,-0.004569751959158845,0.0008208434571712229
1410,RWPE2,CTCF,MIR,0.0002307382990130659,0.8682803917613698,-0.0024961644466361763,0.0029576376131271137
1411,RWPE2,CTCF,L2,-0.0015011090814285224,0.36975703419809436,-0.004781296092824582,0.0017791102331055362
1412,RWPE2,CTCF,ERVL-MaLR,0.00017399177930086613,0.9307771286977257,-0.0037517330196401586,0.00409971121536475
1413,RWPE2,CTCF,hAT-Charlie,-0.003473103788577223,0.10312904855193016,-0.007649503219221779,0.0007034168049650032
1414,RWPE2,CTCF,ERV1,0.004950825031417287,0.10497412476417066,-0.001034554064275298,0.010935849415171686
1415,RWPE2,CTCF,ERVL,-0.001759544793620057,0.5730150058108354,-0.007878183940961476,0.004359226103744761
1416,RWPE2,CTCF,TcMar-Tigger,0.0004728185245118692,0.8816562870736336,-0.005752081370865655,0.006697681777248765
1417,RWPE2,CTCF,hAT-Tip100,0.002565012879154439,0.5540406841210879,-0.005931169938285579,0.011060825398760202
1418,RWPE2,CTCF,CR1,-0.0016583826191699552,0.725183120844199,-0.010904100123268326,0.007587618422415049
1419,RWPE2,CTCF,Gypsy,-0.0022295974300291332,0.7800750258657566,-0.017878406440207047,0.013420303652713256
1420,RWPE2,CTCF,hAT-Blackjack,0.011291209351576584,0.16593227427733429,-0.0046836272623309964,0.02726028437994284
1421,RWPE2,CTCF,TcMar-Mariner,-0.00039264607142988427,0.9619073596606558,-0.016504674639771264,0.015719586359371575
1422,RWPE2,CTCF,RTE-X,-0.019914995609264647,0.053044025643730716,-0.04007717589300822,0.00026339555181025416
1423,RWPE2,CTCF,ERVK,-0.015767281894622443,0.1754417404092283,-0.03856121086350471,0.007043047138548885
1424,RWPE2,CTCF,TcMar-Tc2,0.016255665641233194,0.18897038416383757,-0.008000645190815727,0.040492857851325705
1425,RWPE2,CTCF,SVA,0.005071277777414566,0.7219859854704269,-0.022861714538712788,0.03299635838168935
1426,RWPE2,CTCF,RTE-BovB,0.000557847493478696,0.969840510617845,-0.02835465730227353,0.029469419672841196
1427,RWPE2,CTCF,tRNA-RTE,0.013284217829875364,0.4085250178836196,-0.01822032604397996,0.044762408974764
1428,RWPE2,CTCF,hAT-Ac,-0.003134864451618706,0.8626728044516275,-0.03864003369001022,0.03237821035141219
1429,RWPE2,CTCF,hAT,0.017683783356987295,0.359059007111886,-0.02011121180533883,0.05542830898712136
1430,RWPE2,CTCF,MULE-MuDR,-0.016109547742956563,0.43909171085289656,-0.05686704230930672,0.024701552631770592
1431,RWPE2,CTCF,PiggyBac,-0.03724655477171761,0.08830782031612153,-0.07995921088568361,0.005602628215967626
1432,RWPE2,CTCF,5S-Deu-L2,-0.004590489692914471,0.8421280147009751,-0.04972887995265976,0.0405666147259282
1433,RWPE2,CTCF,Helitron,0.018793160111317125,0.43952798003369287,-0.02886325765054343,0.0663643368781165
1434,RWPE2,CTCF,hAT-Tag1,-0.03435636997820607,0.15864138046385323,-0.08198932232662842,0.013433181971710145
1435,RWPE2,CTCF,tRNA,-0.036613573379815134,0.1555590051752797,-0.08698204349698192,0.013941611717528876
1436,RWPE2,CTCF,Penelope,0.04705816133889597,0.22730766158673235,-0.029406374154478842,0.12297514310833849
1437,RWPE2,CTCF,TcMar-Tc1,0.0349059026877206,0.37354194134760543,-0.04201391094718279,0.11141437145841586
1438,RWPE2,CTCF,Dong-R4,0.020294274091492735,0.6754598992539105,-0.07464583806672258,0.11486979110061486
1439,RWPE2,CTCF,tRNA-Deu,-0.054025289272325284,0.2704412362445611,-0.14923602681346887,0.04217804442801973
1440,RWPE2,CTCF,Kolobok,0.0012205557798319069,0.9817692601806187,-0.10317550066357888,0.1055900144181875
1441,RWPE2,CTCF,PIF-Harbinger,-0.041515621906914525,0.439447366202948,-0.14590443489405694,0.06378748506156724
1442,RWPE2,CTCF,Crypton,-0.0016139081209397396,0.9784358150714073,-0.11818926148166085,0.1150053272853462
1443,RWPE2,CTCF,Merlin,-0.0025290038835981254,0.9707997946902733,-0.1372314338985263,0.1322652655506839
1444,RWPE2,CTCF,TcMar,0.04170338149504492,0.5546747708182364,-0.09662067955668283,0.17844705999425975
1445,RWPE2,CTCF,L1-Tx1,-0.011068108657245475,0.8978594868205123,-0.17845735675557425,0.15694376097713092
1446,RWPE2,CTCF,Crypton-A,-0.0853635263271705,0.3323271324010483,-0.2534769973651418,0.08775518734827265
1447,RWPE2,CTCF,I-Jockey,0.11597627652673524,0.22978003473625258,-0.07436953770400677,0.2981684185571259
1448,RWPE2,CTCF,hAT-Tip100?,-0.057738095238095234,0.650419586443596,-0.2994898697452718,0.1909802682917376
1449,RWPE2,CTCF,TcMar-Pogo,-0.2848240469208211,0.11409956286020782,-0.5811440863029677,0.07818016671340779
1450,RWPE2,CTCF,hAT?,-0.42704354469060346,0.011773132931808459,-0.6772379810248235,-0.08832544805501873
1451,RWPE2,CTCF,hAT-hAT19,0.35000000000000003,0.18386882202619317,-0.19213463475632778,0.7284608753339697
1452,RWPE2,H3K27ac,Alu,-0.00019602656646395828,0.8368400949391259,-0.0020616672069361836,0.0016696154385953325
1453,RWPE2,H3K27ac,L1,-0.0008386903823085902,0.5420268981924588,-0.0035345383366548393,0.0018571697626274183
1454,RWPE2,H3K27ac,MIR,-0.0008149246541128593,0.5581968443617473,-0.0035427742843357497,0.0019129371041473604
1455,RWPE2,H3K27ac,L2,-0.0006053235763728558,0.7176048158449384,-0.0038857545846613215,0.002675120460021678
1456,RWPE2,H3K27ac,ERVL-MaLR,-0.0005103690177242302,0.7989465372154442,-0.00443756386222608,0.003416841569543978
1457,RWPE2,H3K27ac,hAT-Charlie,0.00047639178100546055,0.8231779018746423,-0.003702030350411412,0.0046547972776350525
1458,RWPE2,H3K27ac,ERV1,0.002389457969314005,0.43408463304282996,-0.0035976728096243304,0.00837641744842138
1459,RWPE2,H3K27ac,ERVL,0.006398777837350375,0.04045780050465954,0.0002781275521186612,0.01251894871386808
1460,RWPE2,H3K27ac,TcMar-Tigger,0.003014078909258643,0.3427768932221924,-0.0032129198632813646,0.009240843943532967
1461,RWPE2,H3K27ac,hAT-Tip100,-0.0026439937632432913,0.5420636260365113,-0.011143152308035116,0.0058555467828466995
1462,RWPE2,H3K27ac,CR1,-0.0017560958238763847,0.7097474763754847,-0.011003243226187736,0.007491351915692797
1463,RWPE2,H3K27ac,Gypsy,0.01588589544068643,0.04665861434984198,0.00023405627264242208,0.031529953059095464
1464,RWPE2,H3K27ac,hAT-Blackjack,0.0009347855101282316,0.9087561953445958,-0.015050609165043563,0.01691970246236188
1465,RWPE2,H3K27ac,TcMar-Mariner,-0.007094399036205248,0.388999749910072,-0.023232458727001085,0.009047356974596554
1466,RWPE2,H3K27ac,RTE-X,-0.01047137720776777,0.30909304887507744,-0.03064174160928607,0.009707512155252278
1467,RWPE2,H3K27ac,ERVK,-0.009980550021060828,0.39161441397341745,-0.03280476633107328,0.012854070697831638
1468,RWPE2,H3K27ac,TcMar-Tc2,0.010449375838825548,0.3984886213242077,-0.013808197349481835,0.03469465646720425
1469,RWPE2,H3K27ac,SVA,-0.0009173405783076773,0.948719141821058,-0.028866052452513034,0.027032804495994718
1470,RWPE2,H3K27ac,RTE-BovB,-0.011050984510258642,0.4538527621353132,-0.0399511469063551,0.01786765193528183
1471,RWPE2,H3K27ac,tRNA-RTE,-0.0038003869421169003,0.8131420543790486,-0.03529994214006709,0.027706711825768882
1472,RWPE2,H3K27ac,hAT-Ac,0.010258969978157456,0.5713435028829101,-0.025260549311047313,0.045752619221558634
1473,RWPE2,H3K27ac,hAT,-0.02490559375699645,0.19650471633157857,-0.06263811881690033,0.012898027380034382
1474,RWPE2,H3K27ac,MULE-MuDR,0.008781368153381987,0.6732797808217055,-0.03203195560096543,0.04956545587845542
1475,RWPE2,H3K27ac,PiggyBac,0.009611177253168615,0.6603338615970468,-0.03324937493810146,0.05243644327351871
1476,RWPE2,H3K27ac,5S-Deu-L2,-0.01459681472566286,0.5268300596285015,-0.05974424960594299,0.030610216510228508
1477,RWPE2,H3K27ac,Helitron,-0.0015901254028216965,0.9478567335290554,-0.04921281124128661,0.046039774101471455
1478,RWPE2,H3K27ac,hAT-Tag1,-0.018722753314227288,0.44246185647247294,-0.0664209795308475,0.02906084836821629
1479,RWPE2,H3K27ac,tRNA,-0.025779782070166922,0.317579419350732,-0.07621814057200689,0.024790175099882183
1480,RWPE2,H3K27ac,Penelope,0.0511857322818897,0.189063823839783,-0.02527965415522737,0.12705565843364533
1481,RWPE2,H3K27ac,TcMar-Tc1,0.04832302077716047,0.21750318360014131,-0.028552528126932576,0.12463030117324274
1482,RWPE2,H3K27ac,Dong-R4,0.0320525646387369,0.5083947435339935,-0.06294973746881619,0.12647920435969529
1483,RWPE2,H3K27ac,tRNA-Deu,-0.003850659674536779,0.9375122988123644,-0.09984423359727629,0.09221393366177837
1484,RWPE2,H3K27ac,Kolobok,0.00463443391841426,0.9307602024728622,-0.09964941377215314,0.1088175767284663
1485,RWPE2,H3K27ac,PIF-Harbinger,-0.0762227100923801,0.15593832992238754,-0.18006020617961674,0.029294842406517092
1486,RWPE2,H3K27ac,Crypton,0.039403157107720015,0.5091342614120928,-0.07759583539337697,0.15533159717439454
1487,RWPE2,H3K27ac,Merlin,-0.08047845841823272,0.2444395252668351,-0.21343906217218295,0.055409226066309734
1488,RWPE2,H3K27ac,TcMar,-0.017020962176419935,0.8099973293395463,-0.15471825679500784,0.12132501449533291
1489,RWPE2,H3K27ac,L1-Tx1,0.13593494950492588,0.11322548729078029,-0.03330150802141789,0.2975934240218736
1490,RWPE2,H3K27ac,Crypton-A,0.06909796040140671,0.4329107340098559,-0.10386050687145758,0.2379999386493075
1491,RWPE2,H3K27ac,I-Jockey,-0.008062274117319988,0.9336896955985127,-0.19586993319022955,0.18031589020638825
1492,RWPE2,H3K27ac,hAT-Tip100?,-0.12220695970695969,0.3360501680961663,-0.35809913580519304,0.1283501862494158
1493,RWPE2,H3K27ac,TcMar-Pogo,-0.16129032258064516,0.3778365748637942,-0.48463679586351305,0.20083679512649047
1494,RWPE2,H3K27ac,hAT?,-0.2452253628724217,0.16215413668185624,-0.5424349411794123,0.10654077241126995
1495,RWPE2,H3K27ac,hAT-hAT19,0.4088235294117647,0.11588783814878352,-0.1309009401971673,0.7616160259480969
1496,RWPE2,H3K36me3,Alu,-0.0006425999133157347,0.4989242801902122,-0.002505215811566422,0.0012200204437400437
1497,RWPE2,H3K36me3,L1,0.0013334261008500464,0.3321884451528797,-0.0013616631026718107,0.004028495933780211
1498,RWPE2,H3K36me3,MIR,0.0011726713213660426,0.3991314752674012,-0.0015532148997660486,0.003898540115620996
1499,RWPE2,H3K36me3,L2,0.0006673539560404072,0.6900619635358163,-0.0026126954680188224,0.003947389020401762
1500,RWPE2,H3K36me3,ERVL-MaLR,0.0006000503273741045,0.7644283870655098,-0.003324507261020764,0.004524589431716357
1501,RWPE2,H3K36me3,hAT-Charlie,-0.0018310971273963425,0.38995048715297154,-0.006005581607379299,0.0023434511723477124
1502,RWPE2,H3K36me3,ERV1,0.002214986168889166,0.46807838206427865,-0.0037679841918733187,0.008197797958077596
1503,RWPE2,H3K36me3,ERVL,0.0009707507422638994,0.7557899962782889,-0.00514674858746984,0.007088177414432664
1504,RWPE2,H3K36me3,TcMar-Tigger,0.0010743916279878397,0.7350783274893046,-0.005148707069800488,0.007297407110955245
1505,RWPE2,H3K36me3,hAT-Tip100,-0.006717763373872864,0.12112526920978542,-0.015211115725901076,0.001776558331568333
1506,RWPE2,H3K36me3,CR1,0.0016919916167383202,0.7197952822948037,-0.007552263053082337,0.010935957112278938
1507,RWPE2,H3K36me3,Gypsy,-0.0005026696028602608,0.9497941630885163,-0.016148466198708213,0.015143373094861263
1508,RWPE2,H3K36me3,hAT-Blackjack,0.008490470762896673,0.2972126425336426,-0.00747371350955974,0.02445032821548461
1509,RWPE2,H3K36me3,TcMar-Mariner,0.014391716998184728,0.0796700647311971,-0.0017037073829635943,0.0304796865752325
1510,RWPE2,H3K36me3,RTE-X,0.01116355225555581,0.2781776434118764,-0.009014322960252735,0.031332340027092856
1511,RWPE2,H3K36me3,ERVK,0.00019812694968456636,0.9864143011461189,-0.022603724159894638,0.02299977203904071
1512,RWPE2,H3K36me3,TcMar-Tc2,-0.019210702064334652,0.12043611585382612,-0.04343683808139901,0.005038013042022974
1513,RWPE2,H3K36me3,SVA,0.008858874508711638,0.5344418702214622,-0.019090163556186115,0.036794078141494914
1514,RWPE2,H3K36me3,RTE-BovB,-0.0014135110885474087,0.9236784030925825,-0.030324331471258188,0.027499672417621034
1515,RWPE2,H3K36me3,tRNA-RTE,0.004604144306361309,0.7743706320003926,-0.0268710769831148,0.036070245490464795
1516,RWPE2,H3K36me3,hAT-Ac,0.004938934496487082,0.7851899681291493,-0.030570199372396956,0.04043561743780764
1517,RWPE2,H3K36me3,hAT,-0.006845323541259139,0.7224373322834301,-0.04459181151544888,0.030920681831309735
1518,RWPE2,H3K36me3,MULE-MuDR,-0.004290740489960916,0.8367725342975219,-0.045084096454529675,0.03651690116296683
1519,RWPE2,H3K36me3,PiggyBac,0.0022315929114674533,0.9186724005581218,-0.04058752988026523,0.045042534076256024
1520,RWPE2,H3K36me3,5S-Deu-L2,0.006302005458991873,0.7845763811809655,-0.03886994741456225,0.051448253395304254
1521,RWPE2,H3K36me3,Helitron,0.02912253763964856,0.23077863717348715,-0.01852556209864463,0.07663865551985634
1522,RWPE2,H3K36me3,hAT-Tag1,-0.013567703458697762,0.577835194357405,-0.06128362841175546,0.03421009514977302
1523,RWPE2,H3K36me3,tRNA,-0.00810229537134747,0.7534700724130442,-0.058608407256931436,0.042445188851860556
1524,RWPE2,H3K36me3,Penelope,0.03695004678404954,0.3428705842228017,-0.03944607158295124,0.11291669538230559
1525,RWPE2,H3K36me3,TcMar-Tc1,0.02206040637960674,0.5736275679637137,-0.05476662473357216,0.09862777293788733
1526,RWPE2,H3K36me3,Dong-R4,-0.0407840018495805,0.39999583221062573,-0.1350875432914699,0.054251787264270636
1527,RWPE2,H3K36me3,tRNA-Deu,0.037441645433468,0.4451821541548203,-0.0587177828043541,0.1329126472519809
1528,RWPE2,H3K36me3,Kolobok,0.057844919182012504,0.27705966456640846,-0.04661041762599613,0.16104890847905476
1529,RWPE2,H3K36me3,PIF-Harbinger,0.029733724835288307,0.5798516400933842,-0.0755051325735604,0.13431748793079326
1530,RWPE2,H3K36me3,Crypton,0.012684261569878973,0.8317587647800564,-0.10407182781209065,0.1290954935988763
1531,RWPE2,H3K36me3,Merlin,-0.04905801532468744,0.4773939344341823,-0.18267874456766162,0.08634213788233594
1532,RWPE2,H3K36me3,TcMar,-0.10595280490821331,0.13244979764836035,-0.2405245183366989,0.032615247410384525
1533,RWPE2,H3K36me3,L1-Tx1,0.06735374661060006,0.434202473069054,-0.1016983428439943,0.23262503027999884
1534,RWPE2,H3K36me3,Crypton-A,-0.05506377175065748,0.532189231850075,-0.22459383861116072,0.11770162246790436
1535,RWPE2,H3K36me3,I-Jockey,0.06494300806227413,0.5022735176798814,-0.12487930832065487,0.2501789400484167
1536,RWPE2,H3K36me3,hAT-Tip100?,-0.12445054945054944,0.32718602410568465,-0.360113707974737,0.12614286020057477
1537,RWPE2,H3K36me3,TcMar-Pogo,-0.1345307917888563,0.46289371393995793,-0.46286439336417723,0.2262635840949555
1538,RWPE2,H3K36me3,hAT?,-0.3482047364400305,0.04358384674116204,-0.6205706237870823,-0.0008661014208100291
1539,RWPE2,H3K36me3,hAT-hAT19,0.3147058823529411,0.23515831926634445,-0.2271031187040626,0.7077459404545711
1540,22Rv1,CTCF,Alu,1.7806613338067559e-06,0.9985040033971997,-0.0018596129407454649,0.0018631742510738572
1541,22Rv1,CTCF,L1,0.0014854451770396336,0.2800069120468884,-0.0012095576379382137,0.004180426414446641
1542,22Rv1,CTCF,MIR,0.00012442474473697815,0.9286840585977059,-0.0026003340979222443,0.002849181739861485
1543,22Rv1,CTCF,L2,-3.087866742351504e-05,0.9852785169779057,-0.0033108435915699345,0.0032490869211189402
1544,22Rv1,CTCF,ERVL-MaLR,0.0010900896758439086,0.5860192312781183,-0.0028329397242884604,0.0050130855229150425
1545,22Rv1,CTCF,hAT-Charlie,-0.001277872406129686,0.5483948517820987,-0.005450971249237288,0.0028952709451923677
1546,22Rv1,CTCF,ERV1,0.0027868182121306945,0.36110581315569534,-0.003194042364317321,0.008767479420837568
1547,22Rv1,CTCF,ERVL,-0.0014147800916512077,0.6502192234467252,-0.00752971358880688,0.0047002592116261975
1548,22Rv1,CTCF,TcMar-Tigger,0.005578399115371557,0.07884969471377522,-0.0006430408992630837,0.011799407307985623
1549,22Rv1,CTCF,hAT-Tip100,0.004040524102606411,0.35107210380074494,-0.004451953749374441,0.012532419162254853
1550,22Rv1,CTCF,CR1,0.0019837648570440237,0.674034746512411,-0.007259993243088753,0.011227183954510937
1551,22Rv1,CTCF,Gypsy,0.008976776529281152,0.2607684647677493,-0.006668902442728677,0.024618061580201647
1552,22Rv1,CTCF,hAT-Blackjack,-0.011909207009489782,0.1434620943566259,-0.027858370358530084,0.004046018330565505
1553,22Rv1,CTCF,TcMar-Mariner,-0.0012394668907660103,0.8799484388351904,-0.017322483206686497,0.01484419066117942
1554,22Rv1,CTCF,RTE-X,-0.0018697758634789612,0.8558705375927521,-0.02204310968530347,0.01830507993915942
1555,22Rv1,CTCF,ERVK,0.017962698083739147,0.12237905443785248,-0.004828990248812615,0.040735733826354474
1556,22Rv1,CTCF,TcMar-Tc2,0.003277013842573958,0.7910535483026557,-0.0209632864843267,0.027513463644579763
1557,22Rv1,CTCF,SVA,-0.02051635516836514,0.14948766156390936,-0.04838720113077533,0.007386414294657702
1558,22Rv1,CTCF,RTE-BovB,0.007098294710612136,0.6303369477210008,-0.0218091564617641,0.03599388690384372
1559,22Rv1,CTCF,tRNA-RTE,-0.0009857504475828832,0.9510358598979597,-0.03243969754940578,0.03047014728306157
1560,22Rv1,CTCF,hAT-Ac,-0.02249203289288104,0.21460730695846966,-0.05796542396294535,0.013038083608317898
1561,22Rv1,CTCF,hAT,0.006121308400899078,0.7507630216122462,-0.031643930295395015,0.04386909393026247
1562,22Rv1,CTCF,MULE-MuDR,0.0021921484260558253,0.9161533754566025,-0.03860357585077119,0.04298057722638216
1563,22Rv1,CTCF,PiggyBac,-0.039608429749223295,0.0697004708732164,-0.08228044241698261,0.003208546399675381
1564,22Rv1,CTCF,5S-Deu-L2,0.021653130065052806,0.3472990853395036,-0.02351162030717475,0.06672967312946272
1565,22Rv1,CTCF,Helitron,-0.021280347301539285,0.38126234208226084,-0.06882831196912367,0.02636407785212244
1566,22Rv1,CTCF,hAT-Tag1,-0.017425428857694724,0.4747230216588961,-0.06512828777277223,0.030356891602776388
1567,22Rv1,CTCF,tRNA,-0.03270659378402933,0.2046061336382426,-0.08309525516476841,0.017848881079784315
1568,22Rv1,CTCF,Penelope,0.02050435126565057,0.5992891320847219,-0.055966012191345234,0.09673555689506784
1569,22Rv1,CTCF,TcMar-Tc1,0.04191515397850764,0.28409975999982917,-0.03483798901221174,0.1181767480073264
1570,22Rv1,CTCF,Dong-R4,-0.007341450935837447,0.8796294396710216,-0.10205850570294094,0.08750751941694042
1571,22Rv1,CTCF,tRNA-Deu,0.018170764819145212,0.7110693759422662,-0.07788794524521796,0.11389519813045972
1572,22Rv1,CTCF,Kolobok,0.016243758300372942,0.7603687643060548,-0.08799991703553531,0.1201354991216175
1573,22Rv1,CTCF,PIF-Harbinger,0.008680276074490515,0.8716348608977573,-0.09638961476276907,0.1135588465039787
1574,22Rv1,CTCF,Crypton,-0.021693980094944686,0.7163234661499345,-0.13795609616093454,0.09515785812695769
1575,22Rv1,CTCF,Merlin,0.0038533303694564063,0.9555219809115906,-0.13096414788956884,0.13853087758032134
1576,22Rv1,CTCF,TcMar,0.06522310600988376,0.3552090841928537,-0.07329021693482764,0.20126779853224538
1577,22Rv1,CTCF,L1-Tx1,0.018159819011318634,0.8331798752554087,-0.15002620386769536,0.18532438771185947
1578,22Rv1,CTCF,Crypton-A,0.05180211740847117,0.5567909999099876,-0.12091118587806124,0.2214712216655979
1579,22Rv1,CTCF,I-Jockey,0.08910202946900196,0.35686143561213746,-0.10106086213958254,0.2729837080589034
1580,22Rv1,CTCF,hAT-Tip100?,-0.232051282051282,0.06502363182869439,-0.45474001876644377,0.01794514832720637
1581,22Rv1,CTCF,TcMar-Pogo,-0.07807917888563048,0.6710121625864036,-0.4159203926668404,0.2786999893897615
1582,22Rv1,CTCF,hAT?,-0.04629488158899923,0.7948749647148079,-0.3786960254598501,0.29668480056847435
1583,22Rv1,CTCF,hAT-hAT19,0.22058823529411767,0.4116664304979635,-0.314827309892638,0.6495058705433708
1584,22Rv1,H3K27ac,Alu,-4.2627672457009886e-05,0.9642114746342101,-0.0019046711831926274,0.0018194161338765016
1585,22Rv1,H3K27ac,L1,0.0005174397221156465,0.7067185797802958,-0.0021778886954090726,0.0032127606214720243
1586,22Rv1,H3K27ac,MIR,0.0018023088436623482,0.19487505403150743,-0.0009227455324548892,0.0045273364523481146
1587,22Rv1,H3K27ac,L2,-0.0002291598762253539,0.8910859905001948,-0.0035092511473473064,0.0030509363259659124
1588,22Rv1,H3K27ac,ERVL-MaLR,0.00027772911496835016,0.8896611454759328,-0.003645904152327544,0.00420135383105942
1589,22Rv1,H3K27ac,hAT-Charlie,0.0006894004227748728,0.7461411569658943,-0.0034844175427209915,0.004863194368643884
1590,22Rv1,H3K27ac,ERV1,0.000223219943511314,0.9416927731096894,-0.005758251944775982,0.006204675859111532
1591,22Rv1,H3K27ac,ERVL,0.0012933817965423767,0.6785011095598918,-0.004822220039908089,0.00740888688788771
1592,22Rv1,H3K27ac,TcMar-Tigger,-0.0014724655237146847,0.6427759619076161,-0.0076945200523302285,0.004749703017187465
1593,22Rv1,H3K27ac,hAT-Tip100,-0.0005452080027230911,0.8998802764428652,-0.009038493715358144,0.007948156368806142
1594,22Rv1,H3K27ac,CR1,-0.003468588362697791,0.46209330564313134,-0.012712338483799657,0.005775754563909167
1595,22Rv1,H3K27ac,Gypsy,0.0018188043852817423,0.8197696301843891,-0.013826527664443913,0.01746324608189965
1596,22Rv1,H3K27ac,hAT-Blackjack,0.006945584865573449,0.3936104164676273,-0.009012140677814863,0.022899773649799424
1597,22Rv1,H3K27ac,TcMar-Mariner,0.0010756063802014567,0.895749899701638,-0.01501234731044122,0.017163003307733418
1598,22Rv1,H3K27ac,RTE-X,-0.005696093544130361,0.5800157407780951,-0.025866363922719078,0.014478812845352695
1599,22Rv1,H3K27ac,ERVK,0.004917866487565315,0.6725379726840168,-0.017886025780745978,0.02771664502587495
1600,22Rv1,H3K27ac,TcMar-Tc2,0.015074594558034646,0.22301513230422265,-0.009174267907774505,0.039305738007175114
1601,22Rv1,H3K27ac,SVA,0.011303937117364939,0.42738216425011843,-0.01661194069924495,0.039202205566212005
1602,22Rv1,H3K27ac,RTE-BovB,-0.01486632503330179,0.31358124219109373,-0.04375801458326032,0.014050210077525223
1603,22Rv1,H3K27ac,tRNA-RTE,0.015274418928684001,0.34138494728323376,-0.01619419366371583,0.04671280182197612
1604,22Rv1,H3K27ac,hAT-Ac,0.005533793055586183,0.7601451222717962,-0.029987584822637983,0.04104121126521057
1605,22Rv1,H3K27ac,hAT,0.030006277440206064,0.11931748829321186,-0.0077615721234857325,0.06768864125577793
1606,22Rv1,H3K27ac,MULE-MuDR,-0.025924939064385012,0.21312758062324197,-0.06666232273758718,0.014898731517989997
1607,22Rv1,H3K27ac,PiggyBac,0.016234456205408143,0.45746330507052635,-0.026591820474904215,0.059001249015235006
1608,22Rv1,H3K27ac,5S-Deu-L2,0.010015344400967026,0.6638020260712265,-0.035138156326186956,0.055128038600559766
1609,22Rv1,H3K27ac,Helitron,-0.002809504096083476,0.9079828442020145,-0.050415181983041,0.0448089116602083
1610,22Rv1,H3K27ac,hAT-Tag1,-0.0007353034569668415,0.9759387362777288,-0.048487045827901316,0.04701979247166607
1611,22Rv1,H3K27ac,tRNA,0.002193606823117238,0.932215923102275,-0.04832430363203739,0.05270032327608114
1612,22Rv1,H3K27ac,Penelope,-0.03714567583540204,0.34068655297890504,-0.11316776685270315,0.0393088102163936
1613,22Rv1,H3K27ac,TcMar-Tc1,-0.05350806142967627,0.17137645374654936,-0.12963859675723233,0.02324962936796873
1614,22Rv1,H3K27ac,Dong-R4,0.004202789530957886,0.9309146742655179,-0.09062053302927407,0.09895059250082362
1615,22Rv1,H3K27ac,tRNA-Deu,0.02295053011518188,0.6398695405583867,-0.07313812550755051,0.11861701951164508
1616,22Rv1,H3K27ac,Kolobok,-0.031055726940782357,0.5597507666844403,-0.13473306712440594,0.07329422874428057
1617,22Rv1,H3K27ac,PIF-Harbinger,-0.1344183031493266,0.01195230864297038,-0.23651556299725687,-0.029385098976480093
1618,22Rv1,H3K27ac,Crypton,-0.07806600517579303,0.1903785163288367,-0.1930792995690614,0.03906351091748229
1619,22Rv1,H3K27ac,Merlin,0.03177313021587236,0.6455127982990702,-0.10345247516447259,0.16584547673925268
1620,22Rv1,H3K27ac,TcMar,0.08090746500979171,0.25116768710453047,-0.05766824317549467,0.21642437082075727
1621,22Rv1,H3K27ac,L1-Tx1,0.09563424604495763,0.26628268050023596,-0.0736408309653106,0.2595531358078013
1622,22Rv1,H3K27ac,Crypton-A,-0.07915784191998296,0.3687959883652979,-0.2475798157072541,0.09390782430227174
1623,22Rv1,H3K27ac,I-Jockey,0.07212491891390975,0.45609257475657894,-0.11781586626516709,0.2569745385114601
1624,22Rv1,H3K27ac,hAT-Tip100?,-0.21378205128205122,0.08984425513275138,-0.43895036676636257,0.03665111213158161
1625,22Rv1,H3K27ac,TcMar-Pogo,-0.188049853372434,0.3026913240137926,-0.5061011822623522,0.17502415517661318
1626,22Rv1,H3K27ac,hAT?,-0.3090909090909091,0.07528488915568052,-0.591434598258535,0.040767007838914945
1627,22Rv1,H3K27ac,hAT-hAT19,-0.06764705882352941,0.8034203137966691,-0.5455111301042209,0.4434098601134071
1628,RWPE1,CTCF,Alu,-0.0014485714597103486,0.12781121647585547,-0.0033130007813744434,0.0004158679327782044
1629,RWPE1,CTCF,L1,-0.0016619127103673294,0.2275349281426397,-0.004361153699055431,0.0010373524956709314
1630,RWPE1,CTCF,MIR,0.00024883769611058233,0.8579943233201016,-0.002476909904001882,0.0029745815986489815
1631,RWPE1,CTCF,L2,-0.001699056497597162,0.31015412847720103,-0.0049802279349178006,0.0015821515246137506
1632,RWPE1,CTCF,ERVL-MaLR,0.001877346636913734,0.34890616409549746,-0.0020507902466686302,0.0058054255852553
1633,RWPE1,CTCF,hAT-Charlie,0.0012884286528113225,0.5454068676689143,-0.002887944189665211,0.005464756549919594
1634,RWPE1,CTCF,ERV1,-0.0008050807898436108,0.7927104055811443,-0.006809457202421145,0.005199353673741271
1635,RWPE1,CTCF,ERVL,0.001032804810101123,0.740889308501613,-0.005088752894605431,0.007154285110146359
1636,RWPE1,CTCF,TcMar-Tigger,-0.004974975186783966,0.11736684356921,-0.011201496760861676,0.0012519321760497398
1637,RWPE1,CTCF,hAT-Tip100,-0.005703558729411005,0.18824215273640757,-0.014198660123004294,0.002792365985316513
1638,RWPE1,CTCF,CR1,0.007726199940851563,0.10164494899912221,-0.001524867493264101,0.01697594503393218
1639,RWPE1,CTCF,Gypsy,-0.0021018136051867958,0.7923952187364566,-0.017751658126418345,0.013549060530756194
1640,RWPE1,CTCF,hAT-Blackjack,0.004327139840151489,0.5954315910789364,-0.011645101017170558,0.02029717314655034
1641,RWPE1,CTCF,TcMar-Mariner,0.015629761125718483,0.057199466614053646,-0.00047912182466858054,0.031730534454237375
1642,RWPE1,CTCF,RTE-X,-0.021729872694681077,0.0348289292956818,-0.041895511890049975,-0.0015465365975857888
1643,RWPE1,CTCF,ERVK,-0.00837000105891749,0.4751097420641055,-0.03133147271274496,0.014600300425065684
1644,RWPE1,CTCF,TcMar-Tc2,-0.008250081043785907,0.5048577520351099,-0.032488127758521126,0.015997663772832394
1645,RWPE1,CTCF,SVA,0.007203592317165566,0.6129075280873848,-0.02070219083292205,0.03509816004808665
1646,RWPE1,CTCF,RTE-BovB,0.03266935286627154,0.02679252338606615,0.0037499949487437706,0.06153411100781342
1647,RWPE1,CTCF,tRNA-RTE,-0.027242338959967954,0.08979786177206438,-0.05866902554149773,0.004238291085025568
1648,RWPE1,CTCF,hAT-Ac,0.021503822914578502,0.23582633292889504,-0.014055428613963215,0.05700875093742954
1649,RWPE1,CTCF,hAT,0.0030594875406181705,0.8738618598991895,-0.0347021810377219,0.04081243273951084
1650,RWPE1,CTCF,MULE-MuDR,0.002009452452460019,0.9231518407761317,-0.038803675568215804,0.04281588720817441
1651,RWPE1,CTCF,PiggyBac,-0.04971852521997669,0.022927744522503703,-0.09239389217166356,-0.006860840465169022
1652,RWPE1,CTCF,5S-Deu-L2,0.0039752595541574015,0.8630614439312448,-0.0411807688687553,0.04911508189880244
1653,RWPE1,CTCF,Helitron,0.010650159196994705,0.6616458465645136,-0.037038616599572416,0.05829053706994736
1654,RWPE1,CTCF,hAT-Tag1,0.014617369743176137,0.5490028179512096,-0.03319017280135104,0.06235817352059401
1655,RWPE1,CTCF,tRNA,-0.006185382930868273,0.810515775152069,-0.056697423743869775,0.044358242418631545
1656,RWPE1,CTCF,Penelope,-0.09552276137256872,0.014310194864490785,-0.17093552169302764,-0.018997325706830378
1657,RWPE1,CTCF,TcMar-Tc1,0.05933387390670035,0.1295691191769529,-0.01747919380170109,0.1354506680075368
1658,RWPE1,CTCF,Dong-R4,-0.05144747636146499,0.2882609486402184,-0.14558618246168958,0.04361448137074216
1659,RWPE1,CTCF,tRNA-Deu,-0.030169593312078302,0.5384809363049154,-0.12574242039245148,0.06595808661904382
1660,RWPE1,CTCF,Kolobok,-0.032593737732238205,0.5410400484258806,-0.1363928656264645,0.07191327878956442
1661,RWPE1,CTCF,PIF-Harbinger,0.0443764417107712,0.4085469547612711,-0.06093897057276956,0.14871467534466945
1662,RWPE1,CTCF,Crypton,0.062225006562012485,0.2968719713578632,-0.05488286826027963,0.17764421457451332
1663,RWPE1,CTCF,Merlin,0.0963949537927963,0.16297037111244966,-0.03949862131315449,0.22878745772364625
1664,RWPE1,CTCF,TcMar,-0.029286866259877482,0.6782986558966662,-0.16635478326182532,0.10889137811382071
1665,RWPE1,CTCF,L1-Tx1,-0.08196887722842179,0.34097838390642266,-0.2465652974442249,0.0872238484263489
1666,RWPE1,CTCF,Crypton-A,0.059152850680468785,0.5021348216251609,-0.11367401029977253,0.22850491262352757
1667,RWPE1,CTCF,I-Jockey,0.026874247057733298,0.7814800702403399,-0.162080101994073,0.21392750798597843
1668,RWPE1,CTCF,hAT-Tip100?,0.2903388278388278,0.019948856281814475,0.042728607611840885,0.5043460985503236
1669,RWPE1,CTCF,TcMar-Pogo,-0.12976539589442815,0.4790320585194785,-0.4589547855864367,0.23075228224641922
1670,RWPE1,CTCF,hAT?,0.12941176470588237,0.4657296899730241,-0.21970788451111628,0.4491478419710405
1671,RWPE1,CTCF,hAT-hAT19,0.08823529411764705,0.7452220943671326,-0.4269721242712305,0.5601958540421363
1672,RWPE1,H3K27ac,Alu,-0.000748742704583098,0.431078379188611,-0.0026126015677027923,0.0011151213607732127
1673,RWPE1,H3K27ac,L1,-0.00012006796480989299,0.9305197217703711,-0.002819067246283821,0.0025789330659586962
1674,RWPE1,H3K27ac,MIR,-0.0016380328971509776,0.23898789641241414,-0.00436449155131419,0.0010884501101817625
1675,RWPE1,H3K27ac,L2,-0.0003247083324601724,0.8462061095249687,-0.0036058462361928116,0.002956436562820858
1676,RWPE1,H3K27ac,ERVL-MaLR,0.001200476172435867,0.549152874559161,-0.0027273566504376653,0.0051282719540230405
1677,RWPE1,H3K27ac,hAT-Charlie,0.00015706985990323515,0.941243504813556,-0.004019601289104975,0.0043337355288824335
1678,RWPE1,H3K27ac,ERV1,0.00220772457658358,0.47104497795026434,-0.0037955865036590113,0.008210876528611834
1679,RWPE1,H3K27ac,ERVL,0.005821204817416302,0.06233616541918989,-0.00030008307759369333,0.011942056485716742
1680,RWPE1,H3K27ac,TcMar-Tigger,-0.0015253161367252345,0.6312385342775804,-0.007753647992757967,0.00470313406231763
1681,RWPE1,H3K27ac,hAT-Tip100,-0.004431057045090979,0.3066580595104355,-0.012926093040681508,0.004064618551313978
1682,RWPE1,H3K27ac,CR1,-0.00010876916321725059,0.981615134875168,-0.009359683215003465,0.009142163505408451
1683,RWPE1,H3K27ac,Gypsy,-0.0011029245627934307,0.8901428485420345,-0.016752053555432515,0.01454674465109814
1684,RWPE1,H3K27ac,hAT-Blackjack,0.004445218187070622,0.5857910228554248,-0.011542442511070726,0.020430606720664844
1685,RWPE1,H3K27ac,TcMar-Mariner,-0.004285035767591768,0.6035538233031476,-0.020455496324614405,0.011887666076011548
1686,RWPE1,H3K27ac,RTE-X,-0.0024030259819362828,0.8155010701224733,-0.02258466255816146,0.01778056829301774
1687,RWPE1,H3K27ac,ERVK,0.004426316822890621,0.7056482559512577,-0.0185411963480302,0.027389161028425906
1688,RWPE1,H3K27ac,TcMar-Tc2,0.000779034604967927,0.9498445991262345,-0.023491554632338738,0.0250487060778342
1689,RWPE1,H3K27ac,SVA,0.0032012508097459653,0.8221292173724217,-0.024705115469812813,0.031102631882966355
1690,RWPE1,H3K27ac,RTE-BovB,-0.007219569392679771,0.6248070477315135,-0.03614018460727787,0.021713128421580775
1691,RWPE1,H3K27ac,tRNA-RTE,0.00040888521083135324,0.9796950262765383,-0.031070794338594568,0.031887754394844786
1692,RWPE1,H3K27ac,hAT-Ac,0.014948341762843586,0.40991832623583246,-0.02060899471239266,0.05046791084753596
1693,RWPE1,H3K27ac,hAT,-0.002576355962773575,0.8936905075925119,-0.04034408442408155,0.035198723812997885
1694,RWPE1,H3K27ac,MULE-MuDR,0.03945926220288767,0.058148474668015135,-0.00137757989121125,0.08016471486540494
1695,RWPE1,H3K27ac,PiggyBac,0.010325594922951828,0.6368416388332068,-0.03253581178196315,0.05314909283598186
1696,RWPE1,H3K27ac,5S-Deu-L2,-0.017118055030261398,0.45762157912248,-0.06222172531094148,0.02805539136811224
1697,RWPE1,H3K27ac,Helitron,0.003916302208706756,0.8723012689831935,-0.04381718622933731,0.05163195056426596
1698,RWPE1,H3K27ac,hAT-Tag1,-0.002648819239504732,0.9135311596176251,-0.05042433235564169,0.045138788880700526
1699,RWPE1,H3K27ac,tRNA,-0.004644181882735004,0.8570904771321031,-0.05514401276074272,0.045879348113788486
1700,RWPE1,H3K27ac,Penelope,0.04664179836691866,0.23251852272631704,-0.02999765964943525,0.12273605692495529
1701,RWPE1,H3K27ac,TcMar-Tc1,0.016067738595544275,0.6819287445361457,-0.060737100391792385,0.0926834289560363
1702,RWPE1,H3K27ac,Dong-R4,0.07459266487804192,0.12336078813492203,-0.020470038574454445,0.16831871196459683
1703,RWPE1,H3K27ac,tRNA-Deu,0.06670820888813521,0.1734236031773558,-0.029501835135990872,0.16169357104189078
1704,RWPE1,H3K27ac,Kolobok,0.016095207083765224,0.7628212957610295,-0.08829478893019839,0.1201354999572023
1705,RWPE1,H3K27ac,PIF-Harbinger,0.05318911609668946,0.32178745971238093,-0.05215608396249137,0.15736357957234617
1706,RWPE1,H3K27ac,Crypton,-0.09733468891217305,0.10224669060968158,-0.21179622182898014,0.01976094262295719
1707,RWPE1,H3K27ac,Merlin,0.150023664420417,0.029751094765899752,0.014172408496092062,0.2804366517410671
1708,RWPE1,H3K27ac,TcMar,0.040646137924099456,0.5647637605631924,-0.09766673772571852,0.17741863045872192
1709,RWPE1,H3K27ac,L1-Tx1,0.023760380001702174,0.7828562067596448,-0.14455445772880973,0.19073889417203033
1710,RWPE1,H3K27ac,Crypton-A,-0.01604402966520611,0.8556737163681111,-0.18706551512599243,0.15592140165576318
1711,RWPE1,H3K27ac,I-Jockey,-0.0359466221851543,0.7105727183994031,-0.22260202933333612,0.15325096196422644
1712,RWPE1,H3K27ac,hAT-Tip100?,0.03483391608391608,0.7829517922895975,-0.21092876342716077,0.2764545999944347
1713,RWPE1,H3K27ac,TcMar-Pogo,-0.04142228739002932,0.8219064365623479,-0.38469475692416505,0.3119157729996727
1714,RWPE1,H3K27ac,hAT?,0.014514896867838044,0.9350649313227428,-0.3252638366849135,0.35097419528867696
1715,RWPE1,H3K27ac,hAT-hAT19,0.15588235294117647,0.5642819694728023,-0.3711229460356745,0.6069335613825662
