,cell_line,modification,family_name,r,p_value,ci_low,ci_high
0,Caco-2,H3K4me1,Alu,-0.0019047030217807458,0.04565564224961739,-0.003772607871690608,-3.678488044934906e-05
1,Caco-2,H3K4me1,L1,-0.0002730411977578869,0.8430121000354689,-0.0029752412086334746,0.0024291628005546793
2,Caco-2,H3K4me1,MIR,0.0009525720882271457,0.4936451017978327,-0.0017748860531251103,0.003680016057219478
3,Caco-2,H3K4me1,L2,0.00192134803731364,0.2513064903421583,-0.0013612867267737778,0.005203941394065033
4,Caco-2,H3K4me1,ERVL-MaLR,8.658142332209445e-05,0.9655934546172444,-0.0038474287974857874,0.004020588964187996
5,Caco-2,H3K4me1,hAT-Charlie,-0.0039885653027542925,0.061509189313994725,-0.008169302657238881,0.0001923114873931739
6,Caco-2,H3K4me1,ERV1,-0.0026431860981813117,0.3896311293464345,-0.00866489929826976,0.0033787187986487836
7,Caco-2,H3K4me1,ERVL,-0.0032947097315468147,0.29202511655936697,-0.009422968743599857,0.00283379676251466
8,Caco-2,H3K4me1,TcMar-Tigger,0.0021126459543361555,0.5064675299582349,-0.004120098590300258,0.008345226362205985
9,Caco-2,H3K4me1,hAT-Tip100,0.006525405387164929,0.1324434287185673,-0.0019753877835209897,0.015025255525255304
10,Caco-2,H3K4me1,CR1,0.0038462584874590956,0.41528193335554997,-0.005407675133047679,0.013099533394209896
11,Caco-2,H3K4me1,Gypsy,-0.0022787963593879274,0.7754764862833834,-0.017936577036644447,0.013380101770627676
12,Caco-2,H3K4me1,hAT-Blackjack,0.004243141324129293,0.6030882195658482,-0.011750875081423907,0.020234987121467787
13,Caco-2,H3K4me1,TcMar-Mariner,0.008282087703350384,0.3138621453462353,-0.007835724008930033,0.02439559716380226
14,Caco-2,H3K4me1,RTE-X,-0.010714594454351783,0.2983489781327502,-0.03089975750455874,0.009479304503521087
15,Caco-2,H3K4me1,ERVK,0.0014147853855674948,0.9043951474017582,-0.021669009601263705,0.02449707269827507
16,Caco-2,H3K4me1,TcMar-Tc2,-0.013351965332067721,0.28108582702396967,-0.03761657927368413,0.010928384123828851
17,Caco-2,H3K4me1,SVA,-0.012123712112085128,0.3969947688423623,-0.04016052781563687,0.015932179367284284
18,Caco-2,H3K4me1,RTE-BovB,-0.00023784038681107664,0.9871556906121621,-0.029187506929758408,0.028712224821710337
19,Caco-2,H3K4me1,tRNA-RTE,-0.008451527301006546,0.5989278195823622,-0.039928865137900706,0.02304256858106865
20,Caco-2,H3K4me1,hAT-Ac,-0.019231418432948826,0.2895376713924504,-0.05477674510728246,0.01636258945174514
21,Caco-2,H3K4me1,hAT,-0.03186259429473779,0.09842881599357087,-0.06957401722829024,0.005939766367080171
22,Caco-2,H3K4me1,MULE-MuDR,-0.006901733244810359,0.7406177306529049,-0.04773409929028461,0.03395366114985037
23,Caco-2,H3K4me1,PiggyBac,0.007079770895011466,0.7465719279355505,-0.035849374590555,0.049982836143555164
24,Caco-2,H3K4me1,5S-Deu-L2,0.00012771726982875129,0.99558099853299,-0.04504497815647586,0.0452998914694644
25,Caco-2,H3K4me1,Helitron,-0.014547392127512531,0.5510359698973657,-0.06230261205168434,0.03327428663202106
26,Caco-2,H3K4me1,hAT-Tag1,-0.03664643842052839,0.13300980971383575,-0.08431075088173262,0.011185196391988126
27,Caco-2,H3K4me1,tRNA,-0.04787432204016941,0.06343136167590374,-0.09821151198402366,0.0027072166756559124
28,Caco-2,H3K4me1,Penelope,0.005176312973346969,0.8947261753338083,-0.07140175928672297,0.08169372181998702
29,Caco-2,H3K4me1,TcMar-Tc1,0.001824636009074107,0.9628820790784872,-0.0749109399539906,0.07853872973042234
30,Caco-2,H3K4me1,Dong-R4,0.04401725242122259,0.36365995348488644,-0.05102818463659562,0.1382724986227476
31,Caco-2,H3K4me1,tRNA-Deu,-0.05192405249439554,0.28954269314404246,-0.1471699250162094,0.04427591620758919
32,Caco-2,H3K4me1,Kolobok,0.002638306879601569,0.9605495516132905,-0.10162497461865415,0.10684425833831572
33,Caco-2,H3K4me1,PIF-Harbinger,0.0020081351563779786,0.9701816125401314,-0.10299377312796741,0.1069657809387457
34,Caco-2,H3K4me1,Crypton,-0.07358033862034917,0.21720001325056626,-0.18871293915904855,0.04354756161743795
35,Caco-2,H3K4me1,Merlin,-0.06447897977317991,0.35132736175896395,-0.1979603234212966,0.07135021859448562
36,Caco-2,H3K4me1,TcMar,-0.025054548330314983,0.724051256263907,-0.1629057549857714,0.1137561090203567
37,Caco-2,H3K4me1,L1-Tx1,0.06605161618033589,0.44315966576694,-0.10298532550817328,0.23138053178688525
38,Caco-2,H3K4me1,Crypton-A,0.0035632639499334814,0.967780072518567,-0.16806548493299298,0.17498234456756337
39,Caco-2,H3K4me1,I-Jockey,-0.08685015290519878,0.3691925585598438,-0.270864646427258,0.10328798742550646
40,Caco-2,H3K4me1,hAT-Tip100?,0.010943223443223443,0.9316072279819627,-0.2355066362479124,0.2560707286428847
41,Caco-2,H3K4me1,TcMar-Pogo,-0.03372434017595308,0.854613270282663,-0.3780622245923417,0.3188105373761245
42,Caco-2,H3K4me1,hAT?,0.09893048128342247,0.5838664111786838,-0.25378868192946435,0.4284270094265274
43,Caco-2,H3K4me1,hAT-hAT19,-0.1647058823529412,0.5421481352010777,-0.6128609355396578,0.36361939569317053
44,Caco-2,H3K9me3,Alu,0.000224557965894288,0.8136549808908098,-0.0016426463178928112,0.002091760683861556
45,Caco-2,H3K9me3,L1,-3.657544805263668e-05,0.9788300023859418,-0.002738076490683246,0.0026649261284412105
46,Caco-2,H3K9me3,MIR,-0.002233625500692817,0.1084485234086681,-0.004960864111716947,0.0004936463375573892
47,Caco-2,H3K9me3,L2,0.0004988713511275874,0.7657948297422994,-0.0027835540020592076,0.003781285954351553
48,Caco-2,H3K9me3,ERVL-MaLR,0.0032938163009152413,0.10072036046753041,-0.0006393480506638628,0.007226878744790141
49,Caco-2,H3K9me3,hAT-Charlie,0.002323541282855205,0.2759866236568893,-0.0018568828524284757,0.006503884207114363
50,Caco-2,H3K9me3,ERV1,-0.001730834337492455,0.5731437863088154,-0.007751660943881793,0.0042901177585998145
51,Caco-2,H3K9me3,ERVL,0.002199444734661343,0.4817174038377635,-0.00392788020176614,0.008326604522347264
52,Caco-2,H3K9me3,TcMar-Tigger,-0.0010855409442953724,0.7328104898886976,-0.0073176724555266736,0.005146674891831311
53,Caco-2,H3K9me3,hAT-Tip100,0.0009551854873365287,0.8256816521831423,-0.007544991157043213,0.009455224103791966
54,Caco-2,H3K9me3,CR1,0.0006540459195033935,0.8898224419502841,-0.008599507772785342,0.009907487603477238
55,Caco-2,H3K9me3,Gypsy,0.011234076240977504,0.1597010358082299,-0.004426096463198343,0.026888740075845612
56,Caco-2,H3K9me3,hAT-Blackjack,-0.006110535618620873,0.4539607985212347,-0.02210113963904784,0.009883194050124711
57,Caco-2,H3K9me3,TcMar-Mariner,-0.0054535664423312445,0.5072441988067586,-0.021569369644172616,0.010665070132697437
58,Caco-2,H3K9me3,RTE-X,0.025391425543079896,0.01369627897899148,0.005201713296366285,0.04556044533135564
59,Caco-2,H3K9me3,ERVK,0.020436343861851065,0.08260501211033551,-0.0026423862655464013,0.04349331549740319
60,Caco-2,H3K9me3,TcMar-Tc2,-0.020600497401002574,0.09623168038136909,-0.044852644376663885,0.0036759171722286015
61,Caco-2,H3K9me3,SVA,-0.015760363995316457,0.27046229852858306,-0.04376926107405212,0.012273289046614186
62,Caco-2,H3K9me3,RTE-BovB,0.002877191094385221,0.8455235329970141,-0.02606228198074131,0.03181184567665235
63,Caco-2,H3K9me3,tRNA-RTE,0.017325729005791064,0.2808596993381386,-0.014167699979998345,0.048784816593575295
64,Caco-2,H3K9me3,hAT-Ac,-0.008423532603651241,0.6427362292111052,-0.043990502805243886,0.027164763584990367
65,Caco-2,H3K9me3,hAT,-0.008289588300331016,0.6672620800571054,-0.04605442149080705,0.029498906264328998
66,Caco-2,H3K9me3,MULE-MuDR,0.003203578937360547,0.8778814972282231,-0.03764678864541072,0.04404325724725879
67,Caco-2,H3K9me3,PiggyBac,-0.014676879594969073,0.502878365376132,-0.057560644109573185,0.028260946687826072
68,Caco-2,H3K9me3,5S-Deu-L2,-0.015581806372145386,0.499090460662022,-0.06070226862431419,0.029602205298786273
69,Caco-2,H3K9me3,Helitron,0.0060989365888673725,0.8025706914586566,-0.04169546941849557,0.0538654941300453
70,Caco-2,H3K9me3,hAT-Tag1,-0.030880129364138253,0.20557674845762697,-0.07857152684877708,0.016952289784390385
71,Caco-2,H3K9me3,tRNA,-0.026541021515101813,0.303656206325261,-0.07699267906429624,0.024046208033339192
72,Caco-2,H3K9me3,Penelope,0.1304806740020463,0.0008159411077409196,0.0540918421385512,0.2053511476109287
73,Caco-2,H3K9me3,TcMar-Tc1,0.05726903310403153,0.14471202948037992,-0.019782941551164574,0.13364474479380908
74,Caco-2,H3K9me3,Dong-R4,0.011643957039846758,0.8101785373661599,-0.08323791464489627,0.10631661157821069
75,Caco-2,H3K9me3,tRNA-Deu,0.005464349339141358,0.9113109198855162,-0.09049887791781748,0.10132703729382282
76,Caco-2,H3K9me3,Kolobok,-0.06144942884488866,0.24884266218236384,-0.16472612979655582,0.043160070126420244
77,Caco-2,H3K9me3,PIF-Harbinger,-0.04745618452211661,0.37676521098504656,-0.15173855228105002,0.05787103210780186
78,Caco-2,H3K9me3,Crypton,0.03125419840472198,0.600572183067648,-0.08568385323547162,0.14734285749815337
79,Caco-2,H3K9me3,Merlin,-0.13778326800435373,0.04560045975612789,-0.2684639708832393,-0.0021227238065632224
80,Caco-2,H3K9me3,TcMar,-0.003998486759647273,0.9550749325159775,-0.14231499760646218,0.13447118971092073
81,Caco-2,H3K9me3,L1-Tx1,-0.009096244475214604,0.9159826749841025,-0.1765457956572497,0.15886501347587056
82,Caco-2,H3K9me3,Crypton-A,-0.01816063514258233,0.8368824569657505,-0.18911086273674732,0.15385803099286888
83,Caco-2,H3K9me3,I-Jockey,-0.033629876749142806,0.7284736775780123,-0.22038898187363212,0.1555077463288126
84,Caco-2,H3K9me3,hAT-Tip100?,-0.18136446886446883,0.15150257465929287,-0.4106527063905411,0.06949744811626084
85,Caco-2,H3K9me3,TcMar-Pogo,0.07038123167155425,0.7018892592331514,-0.2857285109153535,0.40941182496732087
86,Caco-2,H3K9me3,hAT?,0.1483957219251337,0.40983928056969854,-0.20725728781684838,0.46940202029829076
87,Caco-2,H3K9me3,hAT-hAT19,-0.42352941176470593,0.10210932208599745,-0.76963636635496,0.1149544855434624
88,SJCRH30,H3K27ac,Alu,0.0006045158366171962,0.5254059004938428,-0.0012612556162513386,0.002470283080729764
89,SJCRH30,H3K27ac,L1,0.0008917384786621932,0.5173916989147869,-0.001808065381344351,0.0035915293390628867
90,SJCRH30,H3K27ac,MIR,0.001205523326113396,0.38608486172128653,-0.0015205369925497317,0.003931565727404438
91,SJCRH30,H3K27ac,L2,0.0016567609545640987,0.3223820997509752,-0.001624644695963217,0.004938130926626551
92,SJCRH30,H3K27ac,ERVL-MaLR,-0.0017102142404363321,0.39359520722629315,-0.00563924455372847,0.0022188688758293146
93,SJCRH30,H3K27ac,hAT-Charlie,0.0008889616651103799,0.6766171789518594,-0.0032884502712421508,0.005066342575536849
94,SJCRH30,H3K27ac,ERV1,0.0009284511030736778,0.7619481528620732,-0.005078750061274448,0.006935585259073494
95,SJCRH30,H3K27ac,ERVL,0.0011369799827718264,0.7158462400310042,-0.004984819464501726,0.0072586942112235235
96,SJCRH30,H3K27ac,TcMar-Tigger,0.0023276440578011317,0.4638538077048282,-0.003900351136006458,0.008555458686903319
97,SJCRH30,H3K27ac,hAT-Tip100,0.0003740873130325617,0.9312321856936975,-0.008122217864719413,0.008870338482487675
98,SJCRH30,H3K27ac,CR1,0.0010029422735949216,0.8317228333693698,-0.008247750895062135,0.01025346379104421
99,SJCRH30,H3K27ac,Gypsy,-0.004520409615001829,0.5713061386545606,-0.020167977417584946,0.011129372157869001
100,SJCRH30,H3K27ac,hAT-Blackjack,-0.0027657232551403007,0.7344085357027985,-0.018741592346181054,0.013211557753676198
101,SJCRH30,H3K27ac,TcMar-Mariner,0.0063403308139718985,0.4403728482789011,-0.009765887812069803,0.022443260485562586
102,SJCRH30,H3K27ac,RTE-X,-0.0005020048600398798,0.961118467340557,-0.020682359601269847,0.019678758769240547
103,SJCRH30,H3K27ac,ERVK,0.013569974946480778,0.24764334542966418,-0.00943747619988329,0.03656306607793483
104,SJCRH30,H3K27ac,TcMar-Tc2,0.004238779078049201,0.7318825907804396,-0.02000751847197293,0.028480093750915907
105,SJCRH30,H3K27ac,SVA,-0.004432785158540385,0.7569503170202252,-0.03249557359503303,0.023636986967446125
106,SJCRH30,H3K27ac,RTE-BovB,0.001322225860746348,0.9286324271988219,-0.027606629023583587,0.030248867825324727
107,SJCRH30,H3K27ac,tRNA-RTE,0.04470833485328438,0.005376503586905829,0.013223837935307724,0.07610426769602843
108,SJCRH30,H3K27ac,hAT-Ac,-0.0023845680972082437,0.89547561596965,-0.03794335090690576,0.03318024599433451
109,SJCRH30,H3K27ac,hAT,0.003185288376665106,0.8687213792444006,-0.03457653733340153,0.04093803202056996
110,SJCRH30,H3K27ac,MULE-MuDR,0.016526456610017108,0.427538882545059,-0.024302623342875314,0.05730049614673833
111,SJCRH30,H3K27ac,PiggyBac,0.006963283318226713,0.7501974610400364,-0.03589381595004525,0.04979481724955747
112,SJCRH30,H3K27ac,5S-Deu-L2,0.013534203117262647,0.5570384904196366,-0.03163565261278475,0.058648888098651916
113,SJCRH30,H3K27ac,Helitron,-0.0010929579803826684,0.9641569379282404,-0.04873088481616824,0.04654993003458508
114,SJCRH30,H3K27ac,hAT-Tag1,0.021009095269392153,0.3889098123575676,-0.02679067484455007,0.06871301167451552
115,SJCRH30,H3K27ac,tRNA,-0.004213514248275123,0.8702194767294958,-0.054714588058596636,0.046309061037631
116,SJCRH30,H3K27ac,Penelope,-0.01848962891940305,0.6366834100137715,-0.09496933980666078,0.05820706690108719
117,SJCRH30,H3K27ac,TcMar-Tc1,0.021671076403785485,0.5804115522278394,-0.05515463814558828,0.09824170689452777
118,SJCRH30,H3K27ac,Dong-R4,0.05690517944951977,0.2400856529660292,-0.038163885524878045,0.1509533519772419
119,SJCRH30,H3K27ac,tRNA-Deu,0.11024218403101844,0.024194177159483545,0.014188394493239257,0.20427990696370013
120,SJCRH30,H3K27ac,Kolobok,0.053527672876454796,0.315935303228246,-0.051215763135049566,0.15710630853711113
121,SJCRH30,H3K27ac,PIF-Harbinger,0.00946690271584108,0.8601165517592284,-0.09561054607570309,0.11433569467067099
122,SJCRH30,H3K27ac,Crypton,0.06385982811550439,0.284337190300391,-0.05325233386802376,0.1792391345115326
123,SJCRH30,H3K27ac,Merlin,0.06287130072644251,0.3634912458576218,-0.07294912686557818,0.19640218253346245
124,SJCRH30,H3K27ac,TcMar,0.007349779424340632,0.9171114243561418,-0.1304939678302999,0.14491477161813893
125,SJCRH30,H3K27ac,L1-Tx1,-0.01493716287476877,0.8624606432398625,-0.18220534443423778,0.15317124794324632
126,SJCRH30,H3K27ac,Crypton-A,-0.014525305180178284,0.8692076372312423,-0.18559723649914867,0.15740123735520742
127,SJCRH30,H3K27ac,I-Jockey,0.04475025484199797,0.6440443090383903,-0.1446616766844304,0.23099848430343645
128,SJCRH30,H3K27ac,hAT-Tip100?,0.14737762237762236,0.2413769991365579,-0.10145462013349565,0.3788552821690778
129,SJCRH30,H3K27ac,TcMar-Pogo,0.09017595307917887,0.6235545121792729,-0.26759705892416036,0.42609600684655924
130,SJCRH30,H3K27ac,hAT?,-0.12513368983957218,0.48072580738702,-0.44559330000586306,0.22375185123509456
131,SJCRH30,H3K27ac,hAT-hAT19,0.10882352941176471,0.688288293957414,-0.4102793190048086,0.5746643593600581
132,SJCRH30,H3K4me1,Alu,-3.794596242460731e-05,0.9682254849701248,-0.0019050113013507383,0.0018291196410557251
133,SJCRH30,H3K4me1,L1,-0.0002274688699449755,0.8688693273904488,-0.0029279143304268116,0.0024729799081316685
134,SJCRH30,H3K4me1,MIR,0.00015834598898032,0.9093881796336852,-0.0025685773903005014,0.002885267013306378
135,SJCRH30,H3K4me1,L2,0.002278056459979446,0.17367045135999648,-0.0010037546420184672,0.005559818491825837
136,SJCRH30,H3K4me1,ERVL-MaLR,-0.0031391633225497004,0.11754739885665122,-0.007070102564848719,0.0007918729375818749
137,SJCRH30,H3K4me1,hAT-Charlie,-0.0013451825685391748,0.5281226401157963,-0.005524270757616033,0.0028339526077811035
138,SJCRH30,H3K4me1,ERV1,0.0014744183043676603,0.6307553065222503,-0.0045376839261628285,0.0074864139497562415
139,SJCRH30,H3K4me1,ERVL,0.003508195126857148,0.26156497322478306,-0.002616302057245191,0.009632429137979568
140,SJCRH30,H3K4me1,TcMar-Tigger,0.002498269987101161,0.4319035405345618,-0.0037318986427342738,0.008728244681058383
141,SJCRH30,H3K4me1,hAT-Tip100,-0.0073055308868806585,0.09202278839304048,-0.01580317825876871,0.0011931717372761004
142,SJCRH30,H3K4me1,CR1,-0.0015068598341060257,0.7495719629172832,-0.010758875325078474,0.00774541363841816
143,SJCRH30,H3K4me1,Gypsy,0.007852719054677063,0.3254367838457324,-0.007799390895016288,0.023500982060371333
144,SJCRH30,H3K4me1,hAT-Blackjack,0.0024611652303072155,0.7627762758576069,-0.013519774293598128,0.018440847729396845
145,SJCRH30,H3K4me1,TcMar-Mariner,-0.007774159932351577,0.34438224181776755,-0.023885177058465382,0.008340894246699112
146,SJCRH30,H3K4me1,RTE-X,0.029636123462409483,0.00399420861255177,0.00945678810550091,0.04979133049727214
147,SJCRH30,H3K4me1,ERVK,0.001607290102523477,0.8912454547783617,-0.021430308537756994,0.024643182787523747
148,SJCRH30,H3K4me1,TcMar-Tc2,0.009427843151854902,0.4464361122877206,-0.014842512328981445,0.03368709578192432
149,SJCRH30,H3K4me1,SVA,0.013546702016775677,0.3439818978927761,-0.01451241551256539,0.04158450082233071
150,SJCRH30,H3K4me1,RTE-BovB,0.03240029516133336,0.02810618446293352,0.0034744799659060747,0.06127193619606622
151,SJCRH30,H3K4me1,tRNA-RTE,-0.015720256914673707,0.32785223403907615,-0.04718218682084027,0.015772833002779322
152,SJCRH30,H3K4me1,hAT-Ac,0.00046364033258259154,0.9796274168787751,-0.03511060375128391,0.036036710956334164
153,SJCRH30,H3K4me1,hAT,0.0023712448157462767,0.9021097005211316,-0.035403571034789125,0.04013929460779031
154,SJCRH30,H3K4me1,MULE-MuDR,0.018488464111570665,0.3745388562272961,-0.022324079026784772,0.05923948793512754
155,SJCRH30,H3K4me1,PiggyBac,0.0457993317866566,0.036248100965843306,0.0029162531116499494,0.08851427209602741
156,SJCRH30,H3K4me1,5S-Deu-L2,-0.013476797834012434,0.5589214433002656,-0.05861559585326367,0.03171699533368742
157,SJCRH30,H3K4me1,Helitron,-0.016945201041216048,0.4859506996331585,-0.06453696266877185,0.030723467652848193
158,SJCRH30,H3K4me1,hAT-Tag1,0.012135556556718885,0.6187306527267098,-0.03565448725036022,0.05987022392955874
159,SJCRH30,H3K4me1,tRNA,-0.013341782292993744,0.6050315850139656,-0.06383027276303854,0.03721483082428235
160,SJCRH30,H3K4me1,Penelope,-0.019228052900511,0.6238119578994099,-0.09581876968974049,0.05758900304502727
161,SJCRH30,H3K4me1,TcMar-Tc1,-0.05974117520791112,0.12724529491793435,-0.13591083850645785,0.017130598591817106
162,SJCRH30,H3K4me1,Dong-R4,0.06163899990941383,0.20313209292449527,-0.0334327724551302,0.1556052631969721
163,SJCRH30,H3K4me1,tRNA-Deu,0.027703349105429726,0.5722039424893688,-0.06841183926974474,0.12330900565132927
164,SJCRH30,H3K4me1,Kolobok,0.06373317075974128,0.231654540028899,-0.04087885063582988,0.16696305790821916
165,SJCRH30,H3K4me1,PIF-Harbinger,-0.04018006452660608,0.45431852532334394,-0.14459205642383285,0.06511685628542348
166,SJCRH30,H3K4me1,Crypton,0.02122422204350409,0.7222102098518153,-0.09562297121336173,0.13749445717838177
167,SJCRH30,H3K4me1,Merlin,0.045266672245641466,0.513133897671646,-0.09042335972542795,0.17930671209354257
168,SJCRH30,H3K4me1,TcMar,-0.07199640680775952,0.3061545703370904,-0.20748850225784216,0.06620605226935335
169,SJCRH30,H3K4me1,L1-Tx1,-0.0017898459498434068,0.9834389633568434,-0.1694545977621011,0.16597559701648967
170,SJCRH30,H3K4me1,Crypton-A,-0.06310313580848492,0.4739664408136337,-0.23227933079229784,0.10977904049821688
171,SJCRH30,H3K4me1,I-Jockey,0.07850060235381337,0.41715047861473564,-0.11153317335815716,0.26299573661785813
172,SJCRH30,H3K4me1,hAT-Tip100?,0.22089160839160837,0.07702023528768802,-0.027333650528125537,0.4434578782309105
173,SJCRH30,H3K4me1,TcMar-Pogo,-0.13856304985337242,0.4494663153564632,-0.4661648843197609,0.22245625725496276
174,SJCRH30,H3K4me1,hAT?,0.05087853323147441,0.7750630227108986,-0.2925248451015431,0.38265820602985473
175,SJCRH30,H3K4me1,hAT-hAT19,0.023529411764705882,0.931073583667659,-0.4778062677491202,0.5133038022421272
176,SJCRH30,H3K9me3,Alu,0.00016139081593602526,0.8654484846481564,-0.0017054354903164022,0.0020282159972820554
177,SJCRH30,H3K9me3,L1,0.0009653723779948047,0.48347120682181066,-0.001734803215210095,0.003665533894299904
178,SJCRH30,H3K9me3,MIR,0.0019604306435534336,0.1588014676769467,-0.0007663742867052239,0.004687206420584365
179,SJCRH30,H3K9me3,L2,-0.0010527093412651268,0.5295287903997539,-0.004334361208990009,0.002228965200398489
180,SJCRH30,H3K9me3,ERVL-MaLR,0.0009879428215943157,0.622285556594658,-0.0029427859538391273,0.004918641068559628
181,SJCRH30,H3K9me3,hAT-Charlie,-0.0015356641439549952,0.47134448420063824,-0.005714253376678059,0.0026429787168419905
182,SJCRH30,H3K9me3,ERV1,-0.004300863281492882,0.160815156323841,-0.010311665260942094,0.0017102494979227294
183,SJCRH30,H3K9me3,ERVL,0.0044320771193060654,0.15605590440490413,-0.001692002450748054,0.010555824256527986
184,SJCRH30,H3K9me3,TcMar-Tigger,0.0013574343920921051,0.6693367776387831,-0.004872427254259784,0.007587190672781362
185,SJCRH30,H3K9me3,hAT-Tip100,-0.0018403543245584214,0.671216959476888,-0.010337596747802935,0.006657153866579012
186,SJCRH30,H3K9me3,CR1,0.0004554858572960965,0.9231310448160899,-0.008796402682727389,0.009707296421112503
187,SJCRH30,H3K9me3,Gypsy,-0.005036926449529397,0.5282387997487787,-0.020687302973883975,0.010615917958483063
188,SJCRH30,H3K9me3,hAT-Blackjack,0.00457209920764706,0.5748841283269369,-0.01140495324853059,0.020546817751185855
189,SJCRH30,H3K9me3,TcMar-Mariner,0.012029787322362383,0.14331298762972264,-0.004080997243333782,0.0281343285644372
190,SJCRH30,H3K9me3,RTE-X,-0.0038858778769801637,0.7059343490021476,-0.024066769337461786,0.01629817931819783
191,SJCRH30,H3K9me3,ERVK,-0.006738160455359468,0.5663981381324741,-0.029764230714931304,0.016295057490868084
192,SJCRH30,H3K9me3,TcMar-Tc2,-0.013592337897396669,0.27240428813237666,-0.0378511126104111,0.010682448192301889
193,SJCRH30,H3K9me3,SVA,0.008690557685907626,0.5435937306269396,-0.019352647684440016,0.03672009980358139
194,SJCRH30,H3K9me3,RTE-BovB,0.02240074827032214,0.12911961156894083,-0.006534899913148873,0.05129891520837218
195,SJCRH30,H3K9me3,tRNA-RTE,0.03673305304658705,0.022216373716732574,0.005241102424277534,0.06815221436463996
196,SJCRH30,H3K9me3,hAT-Ac,0.019390447422911652,0.2853291328870696,-0.016186004530241164,0.054917864236959824
197,SJCRH30,H3K9me3,hAT,-0.019852790176139196,0.30307276318751103,-0.05758491453159697,0.01793597071234332
198,SJCRH30,H3K9me3,MULE-MuDR,0.003096709167730489,0.8817976396218115,-0.037709214218956,0.043892322255554256
199,SJCRH30,H3K9me3,PiggyBac,0.01977210852329422,0.3660525713809385,-0.02310776994675493,0.06257937241637668
200,SJCRH30,H3K9me3,5S-Deu-L2,0.031043645343176787,0.17801827637920958,-0.014147500244210827,0.07610822694639637
201,SJCRH30,H3K9me3,Helitron,0.02833461601606383,0.2439253916022386,-0.019341494395530432,0.07588216074702524
202,SJCRH30,H3K9me3,hAT-Tag1,0.00873944965153011,0.7201405243796747,-0.03905958381268607,0.05649857853393988
203,SJCRH30,H3K9me3,tRNA,0.003524724177827872,0.8913263283902022,-0.04701308452174032,0.05404453428070925
204,SJCRH30,H3K9me3,Penelope,-0.01952459865008343,0.6181999073414088,-0.0960543859905867,0.057234665609094224
205,SJCRH30,H3K9me3,TcMar-Tc1,-0.0384455782043187,0.32663540185704576,-0.11485990649275973,0.038421055139245
206,SJCRH30,H3K9me3,Dong-R4,0.07289220267297465,0.13217017709478146,-0.022173071046726358,0.16665112724198242
207,SJCRH30,H3K9me3,tRNA-Deu,0.007870621584735523,0.8725377478626151,-0.08811245643365873,0.10370888926759164
208,SJCRH30,H3K9me3,Kolobok,-0.04774832988281761,0.3704060388762437,-0.15128904725081108,0.05682878722685462
209,SJCRH30,H3K9me3,PIF-Harbinger,-0.03119307040229414,0.5613851035734487,-0.13575385261104192,0.07405492829101235
210,SJCRH30,H3K9me3,Crypton,0.002969442695412295,0.9603353388875566,-0.11366768592584131,0.11952583262992918
211,SJCRH30,H3K9me3,Merlin,-0.03400589290754835,0.6233048801346077,-0.16833959874278207,0.10156788631024943
212,SJCRH30,H3K9me3,TcMar,-0.07861832467283618,0.2648725665083383,-0.2142153369623049,0.05995148392696252
213,SJCRH30,H3K9me3,L1-Tx1,-0.07983132978375873,0.3537597501581894,-0.24452966300416237,0.08934420614794318
214,SJCRH30,H3K9me3,Crypton-A,0.08719453686623743,0.32202266962940124,-0.08593791351151849,0.2552151751084724
215,SJCRH30,H3K9me3,I-Jockey,0.12730052821795942,0.18713309509320677,-0.06305949438584516,0.30872291996213663
216,SJCRH30,H3K9me3,hAT-Tip100?,0.050524475524475525,0.6893826136474321,-0.19594000762711689,0.29098496897822274
217,SJCRH30,H3K9me3,TcMar-Pogo,0.04105571847507331,0.8234577116226068,-0.3122447219510977,0.38437951681483423
218,SJCRH30,H3K9me3,hAT?,0.21986249045072573,0.21151485652234528,-0.13196291749980904,0.5224911542576428
219,SJCRH30,H3K9me3,hAT-hAT19,-0.2352941176470588,0.38035580118865675,-0.658893235790222,0.3016030461153394
220,SJCRH30,H3K36me3,Alu,-0.0005275706944474188,0.5797333445194739,-0.0023947889834668454,0.0013396512733350988
221,SJCRH30,H3K36me3,L1,0.0005578463093792227,0.6855649953856622,-0.002142596662915981,0.003258281145628205
222,SJCRH30,H3K36me3,MIR,-0.0023688189164376918,0.08865916312636925,-0.005095815016219571,0.00035821241547742623
223,SJCRH30,H3K36me3,L2,0.0003640425340529263,0.8278880738569333,-0.0029178018064793397,0.003645879032761008
224,SJCRH30,H3K36me3,ERVL-MaLR,0.005835651924038249,0.0036206542457352924,0.001904431846671767,0.009766691629474362
225,SJCRH30,H3K36me3,hAT-Charlie,0.00033579996164350285,0.87487024995544,-0.003843607936415622,0.004515196128595899
226,SJCRH30,H3K36me3,ERV1,9.941295752983932e-05,0.9741473401133077,-0.005912960481416272,0.006111779209199166
227,SJCRH30,H3K36me3,ERVL,-0.003115241041600763,0.31882179664901394,-0.009239890463812989,0.003009642105471403
228,SJCRH30,H3K36me3,TcMar-Tigger,-0.004650918408239696,0.14343377213886585,-0.010880863536016071,0.0015793877731721405
229,SJCRH30,H3K36me3,hAT-Tip100,-0.0066926561148828775,0.12269060256455905,-0.015189843322294467,0.001805497694626001
230,SJCRH30,H3K36me3,CR1,0.0014599033175268351,0.7571209254536306,-0.007792160929963601,0.01071171763376537
231,SJCRH30,H3K36me3,Gypsy,0.00306921487702871,0.7007585095825135,-0.012583833837243022,0.01872075969625894
232,SJCRH30,H3K36me3,hAT-Blackjack,0.004842518051973378,0.5525734712043576,-0.0111382899740205,0.02082085297793527
233,SJCRH30,H3K36me3,TcMar-Mariner,0.004610087993186764,0.5750263672556523,-0.011505707532201898,0.020723489169819833
234,SJCRH30,H3K36me3,RTE-X,0.01612965091849384,0.11725932594804418,-0.004054614090470092,0.03630077847726079
235,SJCRH30,H3K36me3,ERVK,0.004811452587139464,0.6824639424707863,-0.018238640463809165,0.027856433938716743
236,SJCRH30,H3K36me3,TcMar-Tc2,-0.00168654950372463,0.8916641558301807,-0.025951925357862716,0.022580812627889198
237,SJCRH30,H3K36me3,SVA,-0.016388681633270695,0.25225791125172237,-0.04442245607877586,0.011670882921289007
238,SJCRH30,H3K36me3,RTE-BovB,0.006159416306855205,0.6765409652021592,-0.022775854204311916,0.03508437616095119
239,SJCRH30,H3K36me3,tRNA-RTE,-0.01565886083576021,0.32974516689770295,-0.04712089702439706,0.01583421369739634
240,SJCRH30,H3K36me3,hAT-Ac,0.007471509349588198,0.6805452984539901,-0.028092547191585323,0.04301667491382144
241,SJCRH30,H3K36me3,hAT,-0.01691397831696311,0.38027412227974944,-0.05465335019013688,0.020873648777942642
242,SJCRH30,H3K36me3,MULE-MuDR,-0.006061597545590912,0.7710099771727636,-0.04685144567326145,0.03474843201735016
243,SJCRH30,H3K36me3,PiggyBac,0.00652908481274246,0.765519864095862,-0.03636843639045976,0.049402588836836125
244,SJCRH30,H3K36me3,5S-Deu-L2,0.036246771783650863,0.11586980890847465,-0.008955145714708176,0.08130085969856683
245,SJCRH30,H3K36me3,Helitron,-0.008453085637924287,0.7282473748282101,-0.05608587198328993,0.03921809248050882
246,SJCRH30,H3K36me3,hAT-Tag1,-0.049868521283997616,0.04073801439219383,-0.09743354288697083,-0.002076207960616313
247,SJCRH30,H3K36me3,tRNA,-0.022787208828247033,0.37702306621980564,-0.07323869601981588,0.027780609208740766
248,SJCRH30,H3K36me3,Penelope,0.021609960025528157,0.5814798869834752,-0.05521554627107129,0.09818110131277745
249,SJCRH30,H3K36me3,TcMar-Tc1,-0.03191587767545733,0.41516134222130086,-0.10833647462630358,0.044879714827690785
250,SJCRH30,H3K36me3,Dong-R4,0.058678037570248316,0.22572890527121497,-0.03639241791676181,0.15269590257004287
251,SJCRH30,H3K36me3,tRNA-Deu,0.09016217486268893,0.06553334296603934,-0.005998418065086212,0.18467055219755066
252,SJCRH30,H3K36me3,Kolobok,0.08639933521471946,0.10510985132435571,-0.018342465620865042,0.18926533664698852
253,SJCRH30,H3K36me3,PIF-Harbinger,0.0012162859803548918,0.9819369673542264,-0.1037770940819404,0.10618285712584997
254,SJCRH30,H3K36me3,Crypton,-0.05088317558038667,0.3937971375767093,-0.16656660551196292,0.06618200278151505
255,SJCRH30,H3K36me3,Merlin,-0.0181622382574406,0.7931085217169356,-0.15286677109045288,0.11720487411708935
256,SJCRH30,H3K36me3,TcMar,-0.12261371555116211,0.08137369174384358,-0.25648672452267834,0.015875187821395794
257,SJCRH30,H3K36me3,L1-Tx1,-0.002986965861537889,0.9723657883761483,-0.17061734793941918,0.16481145314266005
258,SJCRH30,H3K36me3,Crypton-A,-0.05186617608622278,0.5563025991424697,-0.2215325748520727,0.1208481763849062
259,SJCRH30,H3K36me3,I-Jockey,0.044110833101658795,0.6487905498941151,-0.1452862515583481,0.23038933594180327
260,SJCRH30,H3K36me3,hAT-Tip100?,0.062019230769230764,0.6235778045289848,-0.18490440081506482,0.3015773394064042
261,SJCRH30,H3K36me3,TcMar-Pogo,-0.1843841642228739,0.31238427422052467,-0.5031790658378834,0.17858351343118795
262,SJCRH30,H3K36me3,hAT?,0.18533231474407943,0.29400903060158845,-0.16598083363965652,0.49489989227078013
263,SJCRH30,H3K36me3,hAT-hAT19,0.023529411764705882,0.931073583667659,-0.4778062677491202,0.5133038022421272
264,SJCRH30,H3K27me3,Alu,-0.0012226525765280324,0.19917243552657082,-0.0030890919040840524,0.0006437952695342716
265,SJCRH30,H3K27me3,L1,-0.0005632741542150558,0.6826454954930568,-0.0032634757211845596,0.0021369356265454583
266,SJCRH30,H3K27me3,MIR,0.00017364933452606026,0.9006568772285434,-0.0025527912803938943,0.0029000873678112177
267,SJCRH30,H3K27me3,L2,-0.0019733440616083527,0.23856777934065795,-0.005254969958251262,0.0013083243379053934
268,SJCRH30,H3K27me3,ERVL-MaLR,-0.0007336534464697387,0.7144714587721788,-0.0046639380299385415,0.003196653802832436
269,SJCRH30,H3K27me3,hAT-Charlie,-0.0016655853752919239,0.4346410024833375,-0.0058439431371232675,0.0025128305453330584
270,SJCRH30,H3K27me3,ERV1,0.0058833201718406685,0.05507421659872732,-0.00012786194452453267,0.01189407712412696
271,SJCRH30,H3K27me3,ERVL,-0.0031936065447221995,0.3066703473696574,-0.009316606689867196,0.0029296330760721105
272,SJCRH30,H3K27me3,TcMar-Tigger,0.00455308969006755,0.15195148479935566,-0.0016758008869065181,0.010781626968394695
273,SJCRH30,H3K27me3,hAT-Tip100,0.0036133124994560594,0.4045981152875653,-0.004884022507303681,0.012110125735137886
274,SJCRH30,H3K27me3,CR1,0.004645968822177477,0.325017270256993,-0.004606233167097794,0.01389737544267968
275,SJCRH30,H3K27me3,Gypsy,0.006171558006809976,0.43962833443357596,-0.009480416858298767,0.021820509471017935
276,SJCRH30,H3K27me3,hAT-Blackjack,-0.002395553187931281,0.7688285402064347,-0.018368886519050043,0.013579002681992173
277,SJCRH30,H3K27me3,TcMar-Mariner,0.00015377630011693234,0.9850740379593873,-0.015955674280362164,0.016263147066661675
278,SJCRH30,H3K27me3,RTE-X,0.0025528172428079315,0.8042271453655484,-0.017630826815962848,0.022734381571582116
279,SJCRH30,H3K27me3,ERVK,-0.002004800730156642,0.8645639614707086,-0.02503727611968174,0.02102980193759106
280,SJCRH30,H3K27me3,TcMar-Tc2,0.002839868523002791,0.8185801899413854,-0.02142435835029344,0.02710075186956636
281,SJCRH30,H3K27me3,SVA,-0.01860137251983059,0.19368729758716913,-0.046626041331714385,0.009452555289875327
282,SJCRH30,H3K27me3,RTE-BovB,0.00837397903939037,0.5705440331429597,-0.020559294507089293,0.03729323810370224
283,SJCRH30,H3K27me3,tRNA-RTE,0.014362303682680778,0.3713651015421192,-0.01713040437666049,0.045826542825679134
284,SJCRH30,H3K27me3,hAT-Ac,-0.00032945664773107066,0.9855155790374801,-0.03588513488730637,0.035227054613760446
285,SJCRH30,H3K27me3,hAT,0.01059192241842665,0.5826480656507331,-0.027184589623634414,0.04833822452621409
286,SJCRH30,H3K27me3,MULE-MuDR,0.028901098198930934,0.1651388247022507,-0.011922534538125714,0.06962854621404727
287,SJCRH30,H3K27me3,PiggyBac,-0.0028350832290220777,0.8969114850803339,-0.045695977398923615,0.040036229971469724
288,SJCRH30,H3K27me3,5S-Deu-L2,0.06736067276485425,0.0034340151408525196,0.02222877674855974,0.11221857918676821
289,SJCRH30,H3K27me3,Helitron,-0.024160572989769456,0.32059798725901273,-0.07173943603655884,0.023527993216781066
290,SJCRH30,H3K27me3,hAT-Tag1,0.058974694904738986,0.015502209052653287,0.01119719424291914,0.10648353331312659
291,SJCRH30,H3K27me3,tRNA,0.0023496861630801103,0.9274299092362818,-0.04818538330859488,0.05287275719262934
292,SJCRH30,H3K27me3,Penelope,0.06551087986713708,0.09414415177766249,-0.011294099970501282,0.14154739684207765
293,SJCRH30,H3K27me3,TcMar-Tc1,-0.0169997678923334,0.6645725408172538,-0.09360821162242208,0.059808793205816634
294,SJCRH30,H3K27me3,Dong-R4,-0.07378720291997112,0.1274748686867966,-0.16752887380584386,0.02127677008335928
295,SJCRH30,H3K27me3,tRNA-Deu,0.10431120354285098,0.033000217399296074,0.008219631999143063,0.19849393774539922
296,SJCRH30,H3K27me3,Kolobok,-0.11097761669208311,0.0368793356191913,-0.21305874617946838,-0.006499768467928475
297,SJCRH30,H3K27me3,PIF-Harbinger,0.007209920839796665,0.8932357583625965,-0.09784558415065697,0.11210651142894477
298,SJCRH30,H3K27me3,Crypton,0.050392371732896755,0.3983813654536533,-0.06667044898311263,0.1660867383389831
299,SJCRH30,H3K27me3,Merlin,-0.011194351598378897,0.8715842653600752,-0.1460462677241977,0.12406598825195193
300,SJCRH30,H3K27me3,TcMar,0.06434779351624285,0.36052200362311126,-0.07381688928078685,0.2000888047382065
301,SJCRH30,H3K27me3,L1-Tx1,0.0796516451186506,0.35484763831832256,-0.08952239292449016,0.2443584951435853
302,SJCRH30,H3K27me3,Crypton-A,0.07952617931705475,0.36656506633279096,-0.09354291484365633,0.24793010611714664
303,SJCRH30,H3K27me3,I-Jockey,-0.03202668890742286,0.7409478604063022,-0.218856709746138,0.15706857620822842
304,SJCRH30,H3K27me3,hAT-Tip100?,-0.03015734265734266,0.8115143714249929,-0.2721077901396094,0.2153795266231081
305,SJCRH30,H3K27me3,TcMar-Pogo,-0.05351906158357771,0.7711179742669981,-0.39506441882750315,0.30102508549759954
306,SJCRH30,H3K27me3,hAT?,0.023376623376623374,0.8955955711684238,-0.3173406109752289,0.35874858315880104
307,SJCRH30,H3K27me3,hAT-hAT19,-0.2676470588235294,0.3162544185483094,-0.6791708185579431,0.2719034465475825
308,SJCRH30,H3K4me3,Alu,-0.000841737486306608,0.3770255303639065,-0.002709282085546253,0.0010258129844497527
309,SJCRH30,H3K4me3,L1,-0.0021861648990519553,0.11258934583325458,-0.004886653145479851,0.000514355233717882
310,SJCRH30,H3K4me3,MIR,-0.0018669011706895884,0.17969499419254267,-0.004594069020254318,0.0008602944492023201
311,SJCRH30,H3K4me3,L2,0.0020046828606356446,0.23122903270485043,-0.0012772385987133562,0.005286561135467213
312,SJCRH30,H3K4me3,ERVL-MaLR,-0.002006103786380411,0.3172735165760866,-0.005937639202120411,0.0019254936471624511
313,SJCRH30,H3K4me3,hAT-Charlie,-0.002769827464612834,0.19397741160190218,-0.006949242939769094,0.0014096847775246625
314,SJCRH30,H3K4me3,ERV1,0.002883533494161211,0.3471809046958939,-0.0031283939948109235,0.008895252547955384
315,SJCRH30,H3K4me3,ERVL,-0.001957804472163323,0.5309793014812807,-0.008082404669152422,0.004166942606251609
316,SJCRH30,H3K4me3,TcMar-Tigger,-0.001647746618059822,0.604226253096819,-0.007878211480341252,0.004582846173933897
317,SJCRH30,H3K4me3,hAT-Tip100,0.000983496071148919,0.8205619477322423,-0.0075147643988142596,0.00948161448632896
318,SJCRH30,H3K4me3,CR1,-0.0037771712639322395,0.42364815419713453,-0.013029218426891486,0.005475522608020286
319,SJCRH30,H3K4me3,Gypsy,0.001556281149654538,0.8454914044136093,-0.014095480813116757,0.017207280639519103
320,SJCRH30,H3K4me3,hAT-Blackjack,-0.007954121450294858,0.32930901563719595,-0.023931715750750177,0.0080275352519823
321,SJCRH30,H3K4me3,TcMar-Mariner,-0.0097243712156312,0.2370671940128539,-0.025839916203825152,0.006396226882449989
322,SJCRH30,H3K4me3,RTE-X,0.004393633358222004,0.6696518340295401,-0.015790567053924943,0.024574254386563393
323,SJCRH30,H3K4me3,ERVK,-0.008007206288594037,0.49564806956456164,-0.031032280459208684,0.015026361664075522
324,SJCRH30,H3K4me3,TcMar-Tc2,-0.005746665980955892,0.6426665789008331,-0.030014682087468682,0.018528121081634003
325,SJCRH30,H3K4me3,SVA,-0.008465752414083805,0.5545146307380064,-0.03652714667434385,0.0196089817157399
326,SJCRH30,H3K4me3,RTE-BovB,-0.0095749050624075,0.5166856018967189,-0.03849899175419702,0.01936521276319093
327,SJCRH30,H3K4me3,tRNA-RTE,0.02222986735396803,0.16650468819351644,-0.009267909682080216,0.05368357538050611
328,SJCRH30,H3K4me3,hAT-Ac,0.011817586952419749,0.5150401431179075,-0.02376144672246116,0.04736672259188881
329,SJCRH30,H3K4me3,hAT,-0.02127366766255324,0.26977074026907505,-0.05900211283882431,0.016515465789627124
330,SJCRH30,H3K4me3,MULE-MuDR,-0.013342317090076007,0.521828596043273,-0.05412456393607539,0.02748436768760377
331,SJCRH30,H3K4me3,PiggyBac,0.015690357778372743,0.4734212887105921,-0.02720720018144412,0.05853023238028371
332,SJCRH30,H3K4me3,5S-Deu-L2,0.016454081904139984,0.47525529573307534,-0.028718764886714137,0.061559858299208715
333,SJCRH30,H3K4me3,Helitron,0.012898815138424087,0.596075920434893,-0.03479318062441779,0.06053219587270689
334,SJCRH30,H3K4me3,hAT-Tag1,0.023093157780352463,0.3435946593663609,-0.02470807850540797,0.0707890366837615
335,SJCRH30,H3K4me3,tRNA,0.03408709701262365,0.18627759644920058,-0.016485234956140484,0.08448546697981105
336,SJCRH30,H3K4me3,Penelope,-0.03793914028838122,0.3330530133229106,-0.1143586572663447,0.03892673219410159
337,SJCRH30,H3K4me3,TcMar-Tc1,0.038517657320166376,0.3257285703046857,-0.03834908190763703,0.11493124474719113
338,SJCRH30,H3K4me3,Dong-R4,0.04255724261256942,0.37980577929106407,-0.052484022243494716,0.13683447854893188
339,SJCRH30,H3K4me3,tRNA-Deu,0.11548397988728802,0.018180930062470763,0.019467958201130425,0.20938934863196357
340,SJCRH30,H3K4me3,Kolobok,0.0195880924335518,0.713800511163693,-0.08497848847780377,0.12372789882542742
341,SJCRH30,H3K4me3,PIF-Harbinger,-0.03725967959756549,0.487800107036264,-0.14172139342947843,0.06802273614156205
342,SJCRH30,H3K4me3,Crypton,-0.03387976073449813,0.5703159742036975,-0.14991804024987132,0.08307918849104169
343,SJCRH30,H3K4me3,Merlin,0.008286860529348843,0.9047520199585773,-0.1269260659343861,0.14319743415362043
344,SJCRH30,H3K4me3,TcMar,-0.03380740737648789,0.6320497027650832,-0.17076086176983124,0.10442757910424712
345,SJCRH30,H3K4me3,L1-Tx1,-0.017392075442220222,0.8401363670654329,-0.1845815566998506,0.15077568878683392
346,SJCRH30,H3K4me3,Crypton-A,-0.06375439903229299,0.4694063371739201,-0.23290123141063668,0.1091365125380817
347,SJCRH30,H3K4me3,I-Jockey,0.15183949587619314,0.1149962891064778,-0.03842090581645817,0.331475910685688
348,SJCRH30,H3K4me3,hAT-Tip100?,0.09274475524475524,0.46245544444961073,-0.15517451601189616,0.32967396725714376
349,SJCRH30,H3K4me3,TcMar-Pogo,-0.24926686217008792,0.16888489223347697,-0.5540437365578839,0.11443204848899192
350,SJCRH30,H3K4me3,hAT?,-0.11627196333078686,0.5125683568639573,-0.4382056943228236,0.2320995794020724
351,SJCRH30,H3K4me3,hAT-hAT19,0.0058823529411764705,0.9827505044191351,-0.49125900286792273,0.5001328749026314
352,BE2C,H3K4me1,Alu,0.0012155158800607236,0.20243484569670422,-0.000653528727624914,0.0030845519953817025
353,BE2C,H3K4me1,L1,0.0015128551531296123,0.2727606493708275,-0.001190774750290526,0.00421646293990366
354,BE2C,H3K4me1,MIR,-0.0008644008732707148,0.534649036350509,-0.0035928895594383972,0.001864100683292099
355,BE2C,H3K4me1,L2,-0.00046599958137917373,0.7808624230619935,-0.003749082277227034,0.002817093160177594
356,BE2C,H3K4me1,ERVL-MaLR,0.00323072597038281,0.10763305452398458,-0.0007049039209021379,0.007166255780558965
357,BE2C,H3K4me1,hAT-Charlie,-0.0007068071235511705,0.7404520605460254,-0.004888801572607327,0.0034752120484727164
358,BE2C,H3K4me1,ERV1,-0.001275463700975236,0.6783461064809944,-0.007303171195669008,0.004752336478796984
359,BE2C,H3K4me1,ERVL,0.004639015575861579,0.13802552048412559,-0.001491290768827234,0.010768973258381982
360,BE2C,H3K4me1,TcMar-Tigger,0.0010860751539996428,0.7327841315008338,-0.005148568109543736,0.007320633985417442
361,BE2C,H3K4me1,hAT-Tip100,0.001990298916536581,0.646365414060292,-0.00651177228609599,0.010492082389397969
362,BE2C,H3K4me1,CR1,0.0028525801699496507,0.5457735828962162,-0.006402346162340833,0.012107017856192758
363,BE2C,H3K4me1,Gypsy,0.01533578740393803,0.054982106208017203,-0.00032811184061828485,0.030992162985410233
364,BE2C,H3K4me1,hAT-Blackjack,-0.007954528653317203,0.32983151986798187,-0.023950207843621483,0.008045222350095773
365,BE2C,H3K4me1,TcMar-Mariner,-0.0006169828097551586,0.940239272545432,-0.01674585360022509,0.015512208991625776
366,BE2C,H3K4me1,RTE-X,-0.004800901786456348,0.641304459275726,-0.024994150647114657,0.015396263225286547
367,BE2C,H3K4me1,ERVK,0.0074447135597592055,0.5277030564934915,-0.015660610117645354,0.03054209072079866
368,BE2C,H3K4me1,TcMar-Tc2,-0.013328599564601367,0.28200251181929264,-0.0375969606605702,0.010955474334537196
369,BE2C,H3K4me1,SVA,-0.003953678724243465,0.7825192512440946,-0.03201692906800096,0.024115800506995938
370,BE2C,H3K4me1,RTE-BovB,-0.013844113533043299,0.3484925034542128,-0.0427656094020225,0.015100565242152319
371,BE2C,H3K4me1,tRNA-RTE,0.022733212593794433,0.15721751420437458,-0.00877266737336579,0.054194002943296286
372,BE2C,H3K4me1,hAT-Ac,0.00815816613575329,0.6531888743655145,-0.02742404737373115,0.04371973224926336
373,BE2C,H3K4me1,hAT,-0.021295902230296246,0.26962660774590735,-0.059052321771786195,0.016521359373281617
374,BE2C,H3K4me1,MULE-MuDR,0.026214243328288766,0.2087547441568792,-0.01467157461109139,0.0670125466381267
375,BE2C,H3K4me1,PiggyBac,-0.007356071544642791,0.7371619857559886,-0.050279079243247406,0.035594060175936394
376,BE2C,H3K4me1,5S-Deu-L2,-0.012124829920209579,0.5992150452456835,-0.057291541542470154,0.03309141331277464
377,BE2C,H3K4me1,Helitron,0.022248059786534203,0.36183385729405804,-0.02558106764529789,0.06997556274024946
378,BE2C,H3K4me1,hAT-Tag1,0.030281850427656368,0.21477307251151928,-0.01757902506953247,0.07800426924320003
379,BE2C,H3K4me1,tRNA,0.0042841979139537885,0.8681926078055231,-0.04628895737566881,0.054835447387487524
380,BE2C,H3K4me1,Penelope,0.031945675037078944,0.4158021558357933,-0.045027281989153525,0.10854155589417688
381,BE2C,H3K4me1,TcMar-Tc1,0.012712725312330362,0.7459375567447297,-0.064136853498484,0.08941241368009185
382,BE2C,H3K4me1,Dong-R4,0.08912656585353022,0.0654546930636731,-0.005897074482154286,0.1825550191781082
383,BE2C,H3K4me1,tRNA-Deu,-0.06398917875797372,0.191660509384548,-0.15902478072434004,0.03222139539891985
384,BE2C,H3K4me1,Kolobok,0.08484916150939396,0.11050631106784561,-0.019598110092394424,0.18746443667398366
385,BE2C,H3K4me1,PIF-Harbinger,0.029522988503772715,0.582541552874903,-0.07571452125911225,0.13411004289195252
386,BE2C,H3K4me1,Crypton,0.18103514343530985,0.0022333738288098843,0.06487540312529924,0.29235437903106315
387,BE2C,H3K4me1,Merlin,-0.004651857964794791,0.9464454932323203,-0.1396334107447822,0.13049942552755794
388,BE2C,H3K4me1,TcMar,-0.025222266350935954,0.7222796835280763,-0.16306940660888006,0.11359074330042469
389,BE2C,H3K4me1,L1-Tx1,-0.010379706368844164,0.9041810191676241,-0.1777901143515379,0.1576146021574787
390,BE2C,H3K4me1,Crypton-A,0.08123174161219145,0.3563437186618732,-0.09185276634239743,0.2495516684812499
391,BE2C,H3K4me1,I-Jockey,0.05551848762857938,0.566380606925059,-0.13412643103134528,0.24124045599336494
392,BE2C,H3K4me1,hAT-Tip100?,-0.024001536098310294,0.8518815400809518,-0.2701937758571966,0.22513671258058288
393,BE2C,H3K4me1,TcMar-Pogo,-0.31304985337243396,0.08105902518500817,-0.6022622950955359,0.04880462004912291
394,BE2C,H3K4me1,hAT?,0.13669786096256686,0.44811448366069073,-0.21837358987116212,0.45980628556312797
395,BE2C,H3K4me1,hAT-hAT19,-0.09117647058823529,0.7370049501736589,-0.5622759695515762,0.4246032278949095
396,BE2C,H3K9me3,Alu,0.000672708781979704,0.4803974771138706,-0.001195724637681889,0.002541137504739813
397,BE2C,H3K9me3,L1,0.0033253003492110865,0.015908964810872644,0.0006220710211203759,0.006028481078714028
398,BE2C,H3K9me3,MIR,0.001043090423938727,0.45364115775025704,-0.0016851368406174308,0.0037713021606549974
399,BE2C,H3K9me3,L2,0.00144585548586872,0.388032289276253,-0.0018371096383468684,0.004728789443858994
400,BE2C,H3K9me3,ERVL-MaLR,0.00167184173880519,0.4050123588866038,-0.0022632392048046075,0.00560687090647419
401,BE2C,H3K9me3,hAT-Charlie,-0.0012289699581557898,0.5646108636230084,-0.0054107141323753985,0.0029528171985273542
402,BE2C,H3K9me3,ERV1,-0.0063266908635630946,0.03959668087755951,-0.012351790732960003,-0.00030113159986215637
403,BE2C,H3K9me3,ERVL,0.0020396405613541686,0.5143074766606923,-0.004090318099991829,0.008169445941224025
404,BE2C,H3K9me3,TcMar-Tigger,0.0074313383202125665,0.019472281151183428,0.0011971742428992468,0.013664924784165866
405,BE2C,H3K9me3,hAT-Tip100,0.005485146037524007,0.20604875069945255,-0.0030168512162026973,0.013986350365225865
406,BE2C,H3K9me3,CR1,0.0027757239518456933,0.5566338220589122,-0.006478889282257624,0.012029861737045962
407,BE2C,H3K9me3,Gypsy,-0.010303649090735896,0.19729799395843625,-0.02596277429585599,0.005360531360903376
408,BE2C,H3K9me3,hAT-Blackjack,-0.0070505771815880846,0.3877135985622905,-0.023045584861628048,0.008948039134909738
409,BE2C,H3K9me3,TcMar-Mariner,0.002177837495234571,0.7912617345546404,-0.01394897744215901,0.01830351970830732
410,BE2C,H3K9me3,RTE-X,0.013402242249387296,0.1933029090024483,-0.006791770963160108,0.03358532859413872
411,BE2C,H3K9me3,ERVK,-0.020779046332777395,0.07799629121683253,-0.04386760080399583,0.0023316928477360873
412,BE2C,H3K9me3,TcMar-Tc2,-0.01721099449385121,0.1646288316339271,-0.0414674694220522,0.007065756462091907
413,BE2C,H3K9me3,SVA,0.011295608885679652,0.42998124067112176,-0.016757165355160104,0.03933061377779733
414,BE2C,H3K9me3,RTE-BovB,0.0037327976538195705,0.8004229512517637,-0.025204115221275553,0.032663460513671215
415,BE2C,H3K9me3,tRNA-RTE,-0.022817068821028946,0.15574527750693481,-0.05428174574829232,0.008692875649291094
416,BE2C,H3K9me3,hAT-Ac,-0.026327250965891807,0.14704623175676804,-0.06185498422033262,0.009267114678439936
417,BE2C,H3K9me3,hAT,-0.046177693730247146,0.0166121938053484,-0.08384406718664965,-0.008379551176561507
418,BE2C,H3K9me3,MULE-MuDR,0.03314512076666422,0.11194700045467149,-0.007739661200906963,0.07391927255892505
419,BE2C,H3K9me3,PiggyBac,-0.051469699320593545,0.01884140241009692,-0.09424850846474908,-0.008501170300040951
420,BE2C,H3K9me3,5S-Deu-L2,0.0039060023951446397,0.8655659461928784,-0.04129791010511413,0.04909395728568747
421,BE2C,H3K9me3,Helitron,0.015054322660289362,0.5367592347476606,-0.03271115916374624,0.06275119349160801
422,BE2C,H3K9me3,hAT-Tag1,0.026404545447902213,0.2794092536694854,-0.021455340905177867,0.07414368993539149
423,BE2C,H3K9me3,tRNA,-0.03176598314450839,0.21854858640418506,-0.08222630239334967,0.018856788705664516
424,BE2C,H3K9me3,Penelope,0.0652788419351885,0.09557233889257168,-0.011585644336817065,0.14137640209678615
425,BE2C,H3K9me3,TcMar-Tc1,-0.04459375455009856,0.25551712669929133,-0.12100112528295413,0.03233892494875551
426,BE2C,H3K9me3,Dong-R4,-0.01651147270551276,0.7333925008680708,-0.11113076088107333,0.0784044714262649
427,BE2C,H3K9me3,tRNA-Deu,0.029816991042426882,0.5432408707001927,-0.06630895641982387,0.12539456466609256
428,BE2C,H3K9me3,Kolobok,-0.029395073562691477,0.5809404078539924,-0.13309812943802365,0.07494466238613443
429,BE2C,H3K9me3,PIF-Harbinger,0.0007576909762730717,0.9887469645764777,-0.10423070540373625,0.10572938661013342
430,BE2C,H3K9me3,Crypton,0.1333316037838344,0.024891557765558736,0.016479075415853795,0.2465910617090434
431,BE2C,H3K9me3,Merlin,-0.13950591813905805,0.04293802333139676,-0.2701079972702795,-0.0038629693524694516
432,BE2C,H3K9me3,TcMar,0.03443839994192552,0.6274298671913668,-0.10449499845224103,0.17205335751541692
433,BE2C,H3K9me3,L1-Tx1,0.1556535913252346,0.06932864284878915,-0.013407504949411073,0.3160627448844584
434,BE2C,H3K9me3,Crypton-A,0.04225737442348081,0.6317704078900389,-0.13028793282640017,0.2123183107935145
435,BE2C,H3K9me3,I-Jockey,0.1477342229635808,0.12526756852220844,-0.04255540615363297,0.3276806935910326
436,BE2C,H3K9me3,hAT-Tip100?,-0.025873655913978496,0.8404741751765172,-0.27193489095602535,0.22336324032066182
437,BE2C,H3K9me3,TcMar-Pogo,-0.14552785923753664,0.4267756523701074,-0.47184924727576466,0.21585996485744305
438,BE2C,H3K9me3,hAT?,0.02840909090909091,0.8752947941525229,-0.31806629620605464,0.3681901114860232
439,BE2C,H3K9me3,hAT-hAT19,-0.09999999999999999,0.7125163701282782,-0.56848990775716,0.41746509450285557
440,BE2C,H3K36me3,Alu,0.0011532496880949403,0.22640997860919537,-0.0007153183357836085,0.003021809658747755
441,BE2C,H3K36me3,L1,-0.0010328193272617797,0.4540072276488535,-0.003736358509209055,0.0016707349527952063
442,BE2C,H3K36me3,MIR,0.0015120863841204682,0.2773298845020049,-0.0012160150586610283,0.004240165319517015
443,BE2C,H3K36me3,L2,0.0008299951938331037,0.6202462994122829,-0.0024530634622040187,0.004113035957791945
444,BE2C,H3K36me3,ERVL-MaLR,0.0010514586925253573,0.600482852925126,-0.0028836096997051108,0.004986494521811442
445,BE2C,H3K36me3,hAT-Charlie,-0.001567282143884146,0.46258803474312626,-0.005748893705924694,0.0026143842296096
446,BE2C,H3K36me3,ERV1,-0.006853006838266742,0.02583650583542077,-0.012879337860656457,-0.00082617799466369
447,BE2C,H3K36me3,ERVL,0.00219468451679446,0.4828697807930391,-0.003935486829197637,0.008324690918328213
448,BE2C,H3K36me3,TcMar-Tigger,0.005975700173057591,0.06028906145965605,-0.00025862473532739055,0.012209560586693544
449,BE2C,H3K36me3,hAT-Tip100,-0.0009425024064143708,0.8279916784794006,-0.009444141257696659,0.007559272691292295
450,BE2C,H3K36me3,CR1,0.0009023990801657423,0.8484364319467728,-0.008351998372377076,0.01015664196526132
451,BE2C,H3K36me3,Gypsy,-0.0006713537042403333,0.9330555669371602,-0.01633458354114675,0.014992205555239894
452,BE2C,H3K36me3,hAT-Blackjack,0.003466844203979125,0.6710190570214615,-0.012530241376113584,0.019462155581894482
453,BE2C,H3K36me3,TcMar-Mariner,-0.00701119544326448,0.39428184803153166,-0.023138905067055713,0.009120162451102287
454,BE2C,H3K36me3,RTE-X,0.013700828242031029,0.18361268745374734,-0.006495328245247363,0.03388581209764547
455,BE2C,H3K36me3,ERVK,-0.006399446078139745,0.5872092823232531,-0.029496027488885506,0.01670396522685069
456,BE2C,H3K36me3,TcMar-Tc2,-0.0071489230671066785,0.5639595873442732,-0.031425091852284585,0.017135675258308943
457,BE2C,H3K36me3,SVA,0.011777042208601183,0.4106334083599832,-0.01627875075191097,0.039814304776362226
458,BE2C,H3K36me3,RTE-BovB,-0.01128655330087282,0.44463395184158283,-0.04020843305102313,0.017654223035446243
459,BE2C,H3K36me3,tRNA-RTE,0.005445667334499836,0.7347636551788557,-0.026054566487285033,0.036935097455163435
460,BE2C,H3K36me3,hAT-Ac,0.02017477232765455,0.2666829463867604,-0.015431182025988687,0.055729624792468305
461,BE2C,H3K36me3,hAT,-0.010621247793075354,0.5818152288989245,-0.04838851988473584,0.02717635164192098
462,BE2C,H3K36me3,MULE-MuDR,0.007478787698903642,0.7199840629804726,-0.033403965415954265,0.0483365546113861
463,BE2C,H3K36me3,PiggyBac,0.000931355794366115,0.9661067420769198,-0.04200864224392278,0.043867919555838374
464,BE2C,H3K36me3,5S-Deu-L2,-0.02556137287411961,0.2678386939301944,-0.07068352174796466,0.019665171361490007
465,BE2C,H3K36me3,Helitron,-0.0036216366842644863,0.8819754037740107,-0.051394710743078824,0.044167974394735576
466,BE2C,H3K36me3,hAT-Tag1,0.008900386675355037,0.7154525781020673,-0.03894160089237797,0.05670166228643535
467,BE2C,H3K36me3,tRNA,-0.03135534666346072,0.22456311520273062,-0.08181769608797307,0.019267357426050836
468,BE2C,H3K36me3,Penelope,0.06523089694268307,0.0958166392243559,-0.011633667756809943,0.14132909640742364
469,BE2C,H3K36me3,TcMar-Tc1,0.0360220198515899,0.3588164898618992,-0.04095908905820551,0.11257799537226533
470,BE2C,H3K36me3,Dong-R4,0.07066315844943756,0.144443942829041,-0.024404851969905626,0.16446456507623022
471,BE2C,H3K36me3,tRNA-Deu,0.056249263186988294,0.2511817315170224,-0.0399569354467037,0.15142213114441927
472,BE2C,H3K36me3,Kolobok,0.012023827844623396,0.8213916337610851,-0.09218334266577033,0.1159704768168543
473,BE2C,H3K36me3,PIF-Harbinger,0.06929625992426497,0.19654089762846402,-0.03607157733272094,0.17314032503413
474,BE2C,H3K36me3,Crypton,0.1679499528325164,0.0046113212483734935,0.05155726752356033,0.2798411330909485
475,BE2C,H3K36me3,Merlin,-0.11053064905832885,0.10939420956802401,-0.24237667641927665,0.025323977743182766
476,BE2C,H3K36me3,TcMar,0.024006058871518906,0.7351591779217479,-0.11478976245386675,0.1618825577748746
477,BE2C,H3K36me3,L1-Tx1,-0.050475055925831666,0.5580396883246865,-0.21646172697244948,0.11834769772963064
478,BE2C,H3K36me3,Crypton-A,0.06550266711259742,0.45728448818802603,-0.10741115497128838,0.23457016222019636
479,BE2C,H3K36me3,I-Jockey,0.12603095171902512,0.19160504058312658,-0.06432935388143436,0.3075413497795011
480,BE2C,H3K36me3,hAT-Tip100?,0.00835253456221198,0.9481981124133367,-0.23991314086311788,0.255592760228946
481,BE2C,H3K36me3,TcMar-Pogo,-0.26722873900293254,0.13925470383020977,-0.5678025599254729,0.09622115586455732
482,BE2C,H3K36me3,hAT?,0.12065508021390375,0.5036004468412304,-0.23350466961849828,0.44655150917119135
483,BE2C,H3K36me3,hAT-hAT19,-0.2058823529411765,0.4442846410521438,-0.6400119754516044,0.32788695574892646
484,BE2C,H3K27me3,Alu,0.00018681090228251908,0.84463976055714,-0.0016816231043320258,0.0020552436045671585
485,BE2C,H3K27me3,L1,-0.0032499907829819153,0.01846145879163928,-0.005953360772935408,-0.0005465732884661678
486,BE2C,H3K27me3,MIR,0.0011551589981845293,0.40656747278684935,-0.001572804323917683,0.0038831051274849176
487,BE2C,H3K27me3,L2,0.0017248086963100847,0.3031369496784265,-0.001558157256666922,0.005007737470085432
488,BE2C,H3K27me3,ERVL-MaLR,-0.0012708717552854327,0.5267288736082564,-0.005205799585820239,0.00266409543119134
489,BE2C,H3K27me3,hAT-Charlie,-0.0010891050394804364,0.609680424602161,-0.005270224623625741,0.0030920526240047967
490,BE2C,H3K27me3,ERV1,0.005616884482400793,0.06768411333375364,-0.0004084880028596867,0.011641849139141215
491,BE2C,H3K27me3,ERVL,0.0037963717466845044,0.22478938812724356,-0.0023333359781578726,0.009925794196135856
492,BE2C,H3K27me3,TcMar-Tigger,0.0016292440075607426,0.6084702193781784,-0.004604435856510465,0.007862797253048885
493,BE2C,H3K27me3,hAT-Tip100,-0.00425763673349971,0.326340280292886,-0.012759086013877628,0.004244428040915701
494,BE2C,H3K27me3,CR1,-0.0017617639347660074,0.7090698961656174,-0.011016123650800657,0.0074928975581551975
495,BE2C,H3K27me3,Gypsy,-0.014962967568304614,0.06115679574870481,-0.030619567263334025,0.0007009729276726537
496,BE2C,H3K27me3,hAT-Blackjack,-0.005552153623988595,0.49636662123998976,-0.021547238531533366,0.010445772832256152
497,BE2C,H3K27me3,TcMar-Mariner,-0.009509908672937625,0.24784185514691595,-0.025634831086329624,0.006619961107313216
498,BE2C,H3K27me3,RTE-X,-0.010539366183304586,0.30632132372793797,-0.030724657037669238,0.009654517726227189
499,BE2C,H3K27me3,ERVK,-0.013325431756559808,0.25834199431665833,-0.036419159361843395,0.009782520574745131
500,BE2C,H3K27me3,TcMar-Tc2,-0.015610350806146393,0.2074506225094711,-0.03986500623581639,0.008662689799594357
501,BE2C,H3K27me3,SVA,-0.00434223333190994,0.7616687233932404,-0.032393608997305964,0.023715977757875054
502,BE2C,H3K27me3,RTE-BovB,-0.004305704883971185,0.7705927562087337,-0.033235788281848797,0.024631587760631
503,BE2C,H3K27me3,tRNA-RTE,0.015596344375363448,0.33186721170440214,-0.01590891647936489,0.04707066682407769
504,BE2C,H3K27me3,hAT-Ac,0.027889070793425234,0.12457646595319036,-0.007710884221099429,0.06341842028542816
505,BE2C,H3K27me3,hAT,-0.00011688393812960255,0.9951644345684203,-0.03790234447054002,0.03766891035722139
506,BE2C,H3K27me3,MULE-MuDR,-0.040436003230243406,0.052555015267951456,-0.08119927122071975,0.0004623112516929807
507,BE2C,H3K27me3,PiggyBac,-0.014297021450283597,0.5144015235613286,-0.057222998409766586,0.028681719571328576
508,BE2C,H3K27me3,5S-Deu-L2,0.03748751786997397,0.10418171229326538,-0.007749950796193302,0.082571859647041
509,BE2C,H3K27me3,Helitron,-0.008036671878094344,0.7418822166607042,-0.055812020422304175,0.039775394382330694
510,BE2C,H3K27me3,hAT-Tag1,0.008393202648848856,0.7310200621183609,-0.03944793884840795,0.05619595197179433
511,BE2C,H3K27me3,tRNA,-0.022856128739166814,0.37605838951626636,-0.07335763653433865,0.027762294683330024
512,BE2C,H3K27me3,Penelope,0.020969523598529265,0.5927297078985599,-0.05585377462788182,0.09754599187715639
513,BE2C,H3K27me3,TcMar-Tc1,-0.02475230742493196,0.5280951292586147,-0.10135523839348083,0.052142402319859164
514,BE2C,H3K27me3,Dong-R4,-0.033767184607437724,0.4859676085786201,-0.12817049462007413,0.06124254837416297
515,BE2C,H3K27me3,tRNA-Deu,-0.0264798389465484,0.5892969907358656,-0.12210146199548491,0.06962882858555479
516,BE2C,H3K27me3,Kolobok,0.021784567021482234,0.6825002985719745,-0.08250285114054628,0.12560005349645284
517,BE2C,H3K27me3,PIF-Harbinger,0.0263618023814531,0.6235696013490197,-0.0788546562883311,0.13099740280081254
518,BE2C,H3K27me3,Crypton,0.12766829919410852,0.03179322810824953,0.010761812109744346,0.24113172660089388
519,BE2C,H3K27me3,Merlin,-0.11850453273710107,0.08594113163524639,-0.2500248527800236,0.017309618909591724
520,BE2C,H3K27me3,TcMar,-0.022182486539075855,0.7546088298228733,-0.16010244540273932,0.1165869951656426
521,BE2C,H3K27me3,L1-Tx1,0.01657999409861461,0.8475080513394126,-0.1515682996727323,0.18379567108841996
522,BE2C,H3K27me3,Crypton-A,-0.11202795094127947,0.20268330620643848,-0.2787081232354495,0.06120390765207752
523,BE2C,H3K27me3,I-Jockey,-0.009924937447873228,0.9184175239385648,-0.1976621575587882,0.1785145830850005
524,BE2C,H3K27me3,hAT-Tip100?,-0.04819508448540706,0.7075902291497125,-0.2926020629660368,0.20212271786982003
525,BE2C,H3K27me3,TcMar-Pogo,-0.13856304985337242,0.4494663153564632,-0.4661648843197609,0.22245625725496276
526,BE2C,H3K27me3,hAT?,0.19385026737967917,0.2797231598232803,-0.16337295825234227,0.5061347503038826
527,BE2C,H3K27me3,hAT-hAT19,-0.40294117647058825,0.121745762952543,-0.7583777726490637,0.13720441111643325
528,SJSA1,H3K27ac,Alu,-0.0007945329780008926,0.40337373736661675,-0.0026581413282739637,0.00106908089117541
529,SJSA1,H3K27ac,L1,-0.0009145245434807098,0.506066152493019,-0.003610001986019491,0.0017809661882712692
530,SJSA1,H3K27ac,MIR,0.0035215857967319016,0.011356146378578461,0.000795111298595561,0.006248007938658933
531,SJSA1,H3K27ac,L2,-0.0010281999086021627,0.5389966918635583,-0.004308551152421514,0.0022521734637001747
532,SJSA1,H3K27ac,ERVL-MaLR,-0.00415964415326211,0.037831312556751547,-0.008085393056791162,-0.0002337670305781778
533,SJSA1,H3K27ac,hAT-Charlie,-0.0007764503799353763,0.7155452740745869,-0.004952420800597554,0.0033995471215341883
534,SJSA1,H3K27ac,ERV1,0.004279427054736823,0.16118546663954833,-0.0017070166469467037,0.010265564038514334
535,SJSA1,H3K27ac,ERVL,0.0005136790265109464,0.8693018388280565,-0.005604909146042347,0.006632228737967883
536,SJSA1,H3K27ac,TcMar-Tigger,0.0008000369678202586,0.8011071368156952,-0.005424434168032485,0.007024446110920709
537,SJSA1,H3K27ac,hAT-Tip100,0.006907819713822527,0.11108086414257408,-0.0015895322683855634,0.015404174207417486
538,SJSA1,H3K27ac,CR1,0.004892995962198739,0.2996264443293692,-0.0043529288917183795,0.014138084295448588
539,SJSA1,H3K27ac,Gypsy,0.0018019827216876672,0.8214250694000828,-0.013844841476405783,0.0174479246326498
540,SJSA1,H3K27ac,hAT-Blackjack,-0.009255780686339662,0.25588581769017577,-0.025218456968991224,0.006711614270948636
541,SJSA1,H3K27ac,TcMar-Mariner,0.010020934557488547,0.22247475026390565,-0.0060789893405970965,0.026115664606143906
542,SJSA1,H3K27ac,RTE-X,0.004355372015607538,0.6722459343197602,-0.015821330351124263,0.024528528800274976
543,SJSA1,H3K27ac,ERVK,0.013637044571945965,0.24122588812347856,-0.009171703214301842,0.03643160949940963
544,SJSA1,H3K27ac,TcMar-Tc2,-0.0008498116246944384,0.9452654028699379,-0.02510642499897336,0.02340780182146008
545,SJSA1,H3K27ac,SVA,0.010745321453851122,0.4507598068742966,-0.017181710464444493,0.03865560052925481
546,SJSA1,H3K27ac,RTE-BovB,-0.001795284233358022,0.903165999461043,-0.0307089047798404,0.027121338340552886
547,SJSA1,H3K27ac,tRNA-RTE,0.008879626376083393,0.5805965934065533,-0.022618785038796715,0.04036042641271692
548,SJSA1,H3K27ac,hAT-Ac,-0.020569473162950422,0.256575533525378,-0.05605913670725633,0.014972103309248735
549,SJSA1,H3K27ac,hAT,-0.025856966092913897,0.1798631324962437,-0.0635797643190103,0.011939614814929955
550,SJSA1,H3K27ac,MULE-MuDR,0.003805425279732736,0.8550484064330779,-0.03701037474660688,0.044608549919327285
551,SJSA1,H3K27ac,PiggyBac,-0.020202363645285944,0.35502283945852575,-0.06294707263078114,0.022616327195216574
552,SJSA1,H3K27ac,5S-Deu-L2,-0.006613926812073278,0.774079398679389,-0.051735460564820424,0.03853455548978364
553,SJSA1,H3K27ac,Helitron,-0.005688034828608149,0.81497901758998,-0.05328631618322642,0.04193603490661224
554,SJSA1,H3K27ac,hAT-Tag1,-0.007764131545149997,0.7501237486980954,-0.05549771171312879,0.04000485806831983
555,SJSA1,H3K27ac,tRNA,-0.016951714724110233,0.5110965539280412,-0.06742685817892435,0.03360997884027258
556,SJSA1,H3K27ac,Penelope,0.03572964468676969,0.3601554489169323,-0.04083897998909101,0.11188107122548537
557,SJSA1,H3K27ac,TcMar-Tc1,0.023596222946851566,0.5472385492918457,-0.05323583190444334,0.10015054541115706
558,SJSA1,H3K27ac,Dong-R4,0.07957076415695374,0.10018321023671913,-0.01548201024055694,0.17319822618752403
559,SJSA1,H3K27ac,tRNA-Deu,0.01833827554324103,0.7085266100963559,-0.07772153925603739,0.11406073301410252
560,SJSA1,H3K27ac,Kolobok,0.01173756782503387,0.8258185650571698,-0.09261446488975014,0.11583456127537056
561,SJSA1,H3K27ac,PIF-Harbinger,0.028221165874457044,0.5992856042817374,-0.07700786443809343,0.1328283997082865
562,SJSA1,H3K27ac,Crypton,0.05005908044703386,0.40151253590138003,-0.06700211518277649,0.1657608503309698
563,SJSA1,H3K27ac,Merlin,-0.014333331024546049,0.8356402929356157,-0.14880174016023348,0.1206555347758965
564,SJSA1,H3K27ac,TcMar,-0.0038294595829564395,0.9567561628816277,-0.1414651871141153,0.1339515106356857
565,SJSA1,H3K27ac,L1-Tx1,0.05594960429393158,0.5160915489095532,-0.11295535040480904,0.22171176131536893
566,SJSA1,H3K27ac,Crypton-A,-0.033438629786342065,0.7045685979281773,-0.2038416491443335,0.13893092689634629
567,SJSA1,H3K27ac,I-Jockey,-0.09644147901028635,0.3184742675312139,-0.2798808840883286,0.09379202320242645
568,SJSA1,H3K27ac,hAT-Tip100?,0.13580586080586077,0.2846190696895496,-0.11494172783888029,0.37028402264503646
569,SJSA1,H3K27ac,TcMar-Pogo,0.18475073313782991,0.31140634459505956,-0.1782279156782401,0.5034715377319849
570,SJSA1,H3K27ac,hAT?,-0.14927425515660808,0.39945801589033514,-0.46554977229705063,0.20081093478198048
571,SJSA1,H3K27ac,hAT-hAT19,-0.29705882352941176,0.2638630146135225,-0.6971580609143375,0.24413675831657025
572,SJSA1,H3K9me3,Alu,-1.6327971522592153e-06,0.9986291890345832,-0.0018643297228692637,0.001861064139895181
573,SJSA1,H3K9me3,L1,0.0006833813181654789,0.619217948907854,-0.0020118153824805586,0.003378568090563139
574,SJSA1,H3K9me3,MIR,0.0013918475553877793,0.3169570453347357,-0.0013341340573911637,0.0041178084827127445
575,SJSA1,H3K9me3,L2,0.0009945195554336174,0.5523644453472563,-0.0022857801117492213,0.004274797819946297
576,SJSA1,H3K9me3,ERVL-MaLR,-0.0009047840469445114,0.6514120908701918,-0.00482980498747423,0.003020264771630965
577,SJSA1,H3K9me3,hAT-Charlie,-0.0028185096379652113,0.18579163211485833,-0.006993502348002338,0.0013565813315909638
578,SJSA1,H3K9me3,ERV1,-0.006897849332056607,0.023880674923135604,-0.012882030802619902,-0.0009131737673217647
579,SJSA1,H3K9me3,ERVL,0.005008039663538717,0.10859641425226604,-0.0011094106122598792,0.01112511511918435
580,SJSA1,H3K9me3,TcMar-Tigger,-0.0005427958864787398,0.8642758552003996,-0.0067665261736932665,0.005680976451232783
581,SJSA1,H3K9me3,hAT-Tip100,-0.0026879356977713427,0.5351943929549249,-0.011183415976133898,0.005807932594877092
582,SJSA1,H3K9me3,CR1,-0.003432112285058677,0.466924267950215,-0.012678129945672623,0.005814492234327834
583,SJSA1,H3K9me3,Gypsy,0.006941566227335398,0.38457625979135623,-0.00870598894629202,0.02258572274629954
584,SJSA1,H3K9me3,hAT-Blackjack,-0.001253334715954456,0.877714606436925,-0.01721693916026066,0.01471090854620077
585,SJSA1,H3K9me3,TcMar-Mariner,0.0076303559747813365,0.35281217996797165,-0.008465657096346278,0.023722416016532716
586,SJSA1,H3K9me3,RTE-X,0.004171313543992231,0.68533890693434,-0.016005337642693317,0.024344568982614646
587,SJSA1,H3K9me3,ERVK,-0.027443126222897476,0.018275191148752264,-0.05020850068037291,-0.004649249211301718
588,SJSA1,H3K9me3,TcMar-Tc2,0.00859177903461118,0.487476883602024,-0.015661630310650865,0.03283508399740837
589,SJSA1,H3K9me3,SVA,-0.011752892634793705,0.4093034286251601,-0.039653422911102305,0.016165950014544093
590,SJSA1,H3K9me3,RTE-BovB,0.014349960536062798,0.33084556577639956,-0.014575914883541428,0.043251837532783055
591,SJSA1,H3K9me3,tRNA-RTE,-0.002346176655760467,0.8839351652551863,-0.03383518606559746,0.029147486206395446
592,SJSA1,H3K9me3,hAT-Ac,0.041357247303507275,0.02252213632841582,0.005817905154158688,0.07679224559635209
593,SJSA1,H3K9me3,hAT,0.01236728752652491,0.521187416924912,-0.02541762105805328,0.050116910156249715
594,SJSA1,H3K9me3,MULE-MuDR,0.02452092886886033,0.2391740133399545,-0.016320291448608977,0.06528046160649931
595,SJSA1,H3K9me3,PiggyBac,-0.0010862403281784248,0.9603230760683366,-0.04385860235859188,0.041690096575226834
596,SJSA1,H3K9me3,5S-Deu-L2,-0.003154246042687044,0.8911158139510935,-0.048283969415138454,0.041988329571605795
597,SJSA1,H3K9me3,Helitron,0.04215006921468606,0.08286265373044804,-0.00550849338682139,0.08961758579190282
598,SJSA1,H3K9me3,hAT-Tag1,0.04879978538063697,0.045190488556835794,0.0010203475912229868,0.09635692283399167
599,SJSA1,H3K9me3,tRNA,0.03659060439786683,0.15595627408846857,-0.013981414740828264,0.08697590151065202
600,SJSA1,H3K9me3,Penelope,-0.05702768038395662,0.14364031729218849,-0.1328849782595762,0.019493836556918904
601,SJSA1,H3K9me3,TcMar-Tc1,0.04641370565486643,0.23588875005953933,-0.030401955050756456,0.12268433695860347
602,SJSA1,H3K9me3,Dong-R4,-0.08864849261342875,0.06691872915563234,-0.18208720774945875,0.006376920927849431
603,SJSA1,H3K9me3,tRNA-Deu,-0.002782206072696894,0.9547745271174682,-0.098671143189584,0.09315792178909459
604,SJSA1,H3K9me3,Kolobok,-0.05144167548358043,0.3345021034215916,-0.15491406445663883,0.05314707622230363
605,SJSA1,H3K9me3,PIF-Harbinger,0.03466549136117898,0.5186190780716671,-0.07060291457989525,0.13917026596998774
606,SJSA1,H3K9me3,Crypton,0.09237701412583679,0.12103094669283002,-0.024733688429902468,0.20698660307778458
607,SJSA1,H3K9me3,Merlin,-0.04612850186191391,0.5041170545022629,-0.17982990724195203,0.08924629763410191
608,SJSA1,H3K9me3,TcMar,0.09896939494834738,0.15903053684839424,-0.03926866913092446,0.23349019961530032
609,SJSA1,H3K9me3,L1-Tx1,0.14528321922470772,0.09028142240909398,-0.023883117730233744,0.3063611968671658
610,SJSA1,H3K9me3,Crypton-A,-0.05763145708386797,0.5132123022827256,-0.22705022829990418,0.11517303389094248
611,SJSA1,H3K9me3,I-Jockey,-0.140320637568344,0.14558302127273592,-0.32081554571443427,0.05000892881666522
612,SJSA1,H3K9me3,hAT-Tip100?,0.1302197802197802,0.3050796767781989,-0.12045810743408221,0.36528628755136555
613,SJSA1,H3K9me3,TcMar-Pogo,0.1598240469208211,0.38224521618110574,-0.20223989785523405,0.48345176448878724
614,SJSA1,H3K9me3,hAT?,-0.06432391138273491,0.7177891842537184,-0.3942284050011287,0.28026626751584305
615,SJSA1,H3K9me3,hAT-hAT19,-0.18235294117647058,0.49907485724580003,-0.6245997955481012,0.34845230279353717
616,SJSA1,H3K36me3,Alu,-0.00036794294233997044,0.6986834474154324,-0.0022309160663658793,0.0014950327357060107
617,SJSA1,H3K36me3,L1,0.0005252614420622018,0.7025039592325297,-0.0021701511248523654,0.00322066637668604
618,SJSA1,H3K36me3,MIR,0.0014106834414450333,0.31045457635654666,-0.0013153113864125753,0.004136657303709995
619,SJSA1,H3K36me3,L2,-7.204335070724988e-05,0.9656654117218199,-0.003352352338871661,0.0032082671878923426
620,SJSA1,H3K36me3,ERVL-MaLR,0.00035036395097724174,0.861116943692152,-0.0035746941159731658,0.004275411222485319
621,SJSA1,H3K36me3,hAT-Charlie,-0.00040154462345620267,0.8504806273933937,-0.0045765375280012845,0.0037734622794379944
622,SJSA1,H3K36me3,ERV1,-0.001896401013826507,0.5345575617251425,-0.007880959027465283,0.004088292842340832
623,SJSA1,H3K36me3,ERVL,0.002832381425309277,0.3641713690145473,-0.003285214688750214,0.008949765541365838
624,SJSA1,H3K36me3,TcMar-Tigger,-0.005058678297563924,0.11113858060994136,-0.011281958719728284,0.0011649939966234559
625,SJSA1,H3K36me3,hAT-Tip100,-0.0054151129274689356,0.21154275128827904,-0.013909697000094045,0.003080252726967528
626,SJSA1,H3K36me3,CR1,-0.0034631010219486973,0.46286167268507816,-0.012708085856540277,0.005782475838371738
627,SJSA1,H3K36me3,Gypsy,0.0055311904975774455,0.48838872390516086,-0.01011522862409983,0.02117490181883322
628,SJSA1,H3K36me3,hAT-Blackjack,-0.009178471530509323,0.25976765644407046,-0.025137478973462638,0.006785213004990307
629,SJSA1,H3K36me3,TcMar-Mariner,-0.0064987023496231,0.4287589701705149,-0.02259179102592659,0.009597753338542687
630,SJSA1,H3K36me3,RTE-X,-0.0009107678194977942,0.929504066426934,-0.021085601035203138,0.019264806832600928
631,SJSA1,H3K36me3,ERVK,-0.01151756902682921,0.3221538714744848,-0.034307979081481386,0.01128481341626399
632,SJSA1,H3K36me3,TcMar-Tc2,0.0017246053577905638,0.8891761706787749,-0.022529766889321685,0.02597694868564324
633,SJSA1,H3K36me3,SVA,-0.015372472952746503,0.2804710658669407,-0.043268130050136015,0.01254713506945549
634,SJSA1,H3K36me3,RTE-BovB,0.03881013701310962,0.008518676022372855,0.009892023401401807,0.06766338799933186
635,SJSA1,H3K36me3,tRNA-RTE,0.023210074365164653,0.1484288578138234,-0.00827542678388023,0.05464959994206408
636,SJSA1,H3K36me3,hAT-Ac,0.009904507043067775,0.5848975757163741,-0.025632262749588654,0.045416275931208665
637,SJSA1,H3K36me3,hAT,0.04220612332336677,0.02850909585831517,0.004424787151389541,0.07986713637287149
638,SJSA1,H3K36me3,MULE-MuDR,0.03133130028046551,0.13280585512359697,-0.009536254948018871,0.0720943641381163
639,SJSA1,H3K36me3,PiggyBac,-0.02194935154297758,0.3148351265785353,-0.06467832913192928,0.02085996418352063
640,SJSA1,H3K36me3,5S-Deu-L2,0.032855075513460896,0.15378966204736133,-0.01231183545108102,0.07788818717029965
641,SJSA1,H3K36me3,Helitron,-0.030317684736462805,0.21232861458104646,-0.07784256941232201,0.017344674393922878
642,SJSA1,H3K36me3,hAT-Tag1,0.039938361169479436,0.10124301948628649,-0.007849062722260026,0.08754377997296281
643,SJSA1,H3K36me3,tRNA,-0.007855467687527866,0.7607476857794175,-0.05836235856848002,0.04269153524617575
644,SJSA1,H3K36me3,Penelope,0.028702452389292976,0.4623316960716024,-0.047850990720890677,0.10492067506906774
645,SJSA1,H3K36me3,TcMar-Tc1,0.008669196213158236,0.82487358665179,-0.06804376901090156,0.08528025498006744
646,SJSA1,H3K36me3,Dong-R4,0.06124005708875605,0.2060771577451583,-0.03383161121771693,0.15521334459322453
647,SJSA1,H3K36me3,tRNA-Deu,0.010726929998351705,0.8269132353188771,-0.08527863932654445,0.10653514139478769
648,SJSA1,H3K36me3,Kolobok,0.034127706279901866,0.522156735772055,-0.07038803788059367,0.13790228373021599
649,SJSA1,H3K36me3,PIF-Harbinger,0.03759872090252226,0.48384628020167886,-0.06768544764161598,0.14205473002352045
650,SJSA1,H3K36me3,Crypton,0.018050145381473832,0.7623996475005287,-0.09876466082396639,0.1343742473355631
651,SJSA1,H3K36me3,Merlin,-0.03580341528933551,0.6041863722770796,-0.1697757120651755,0.09946825309604287
652,SJSA1,H3K36me3,TcMar,-0.08670760078757353,0.21866623233484214,-0.2220168273162981,0.05187812851696099
653,SJSA1,H3K36me3,L1-Tx1,0.054269435996816516,0.5287916123462135,-0.11461108687927929,0.22010126568545943
654,SJSA1,H3K36me3,Crypton-A,-0.14276277070418886,0.10380556797937027,-0.3075734847392598,0.03036440402342441
655,SJSA1,H3K36me3,I-Jockey,-0.1144750254841998,0.23590811012207125,-0.29676663720943947,0.07586608568541056
656,SJSA1,H3K36me3,hAT-Tip100?,0.08287545787545786,0.5150091712631828,-0.16674065348288633,0.3225084041918055
657,SJSA1,H3K36me3,TcMar-Pogo,0.005865102639296188,0.9745851155018977,-0.34353419307344907,0.35383817280222857
658,SJSA1,H3K36me3,hAT?,-0.2699770817417876,0.12254611279175694,-0.5616334483224497,0.08135767391550908
659,SJSA1,H3K36me3,hAT-hAT19,0.06470588235294117,0.8118214513105935,-0.44573770486135694,0.5433955247540582
660,SJSA1,H3K27me3,Alu,0.002097263325269755,0.027367882847119267,0.00023410158435947727,0.003960410505468785
661,SJSA1,H3K27me3,L1,0.0009978719533926233,0.46806575360717806,-0.001697432996628197,0.0036931624050585564
662,SJSA1,H3K27me3,MIR,2.9228677185875486e-06,0.9983233390985202,-0.0027232343262998406,0.0027290800182919023
663,SJSA1,H3K27me3,L2,-0.001969742192518238,0.23922248741725916,-0.005249947723112414,0.0013105057266486655
664,SJSA1,H3K27me3,ERVL-MaLR,0.00018690601888237334,0.9256468700932818,-0.003738464652548846,0.00411227093042601
665,SJSA1,H3K27me3,hAT-Charlie,0.0004349442257524322,0.8382269309061223,-0.003740527380683509,0.00461040066611546
666,SJSA1,H3K27me3,ERV1,-0.0017318547434918238,0.570638008379912,-0.007717091002662727,0.0042535055992724375
667,SJSA1,H3K27me3,ERVL,-0.0010290127800655837,0.7416524859633713,-0.007146704934419731,0.0050887563993282274
668,SJSA1,H3K27me3,TcMar-Tigger,-0.004273560807259558,0.17837318379152406,-0.010497188221935445,0.0019503976913362604
669,SJSA1,H3K27me3,hAT-Tip100,0.003267845966768796,0.4509085316731346,-0.0052278027355646284,0.011763022969848758
670,SJSA1,H3K27me3,CR1,-0.0017196704703519535,0.7154305926911415,-0.01096435273621084,0.007525305746073296
671,SJSA1,H3K27me3,Gypsy,-0.009338689802456798,0.24207908505745215,-0.024981303320500258,0.006308495643431275
672,SJSA1,H3K27me3,hAT-Blackjack,-0.00042274228450884,0.9586110230512441,-0.016387104619911483,0.015541835534769248
673,SJSA1,H3K27me3,TcMar-Mariner,-0.0027523057137459703,0.7375676104844181,-0.018849497142530147,0.013346312204800197
674,SJSA1,H3K27me3,RTE-X,0.013757994676341364,0.181396770119237,-0.006419958300582992,0.03392474862218523
675,SJSA1,H3K27me3,ERVK,-0.0029113527817327344,0.8024072025678753,-0.025709900349043528,0.019890221702684233
676,SJSA1,H3K27me3,TcMar-Tc2,0.016947555856038368,0.1708926172296758,-0.007312460160165841,0.04118763362773476
677,SJSA1,H3K27me3,SVA,-0.007568696983619409,0.5952849094965731,-0.035482669489174196,0.02035707608810258
678,SJSA1,H3K27me3,RTE-BovB,0.007449826661355831,0.6136524222949322,-0.021470390770400215,0.03635758701272273
679,SJSA1,H3K27me3,tRNA-RTE,0.016299296266398876,0.31047203271439766,-0.015202063410684627,0.04776833180379676
680,SJSA1,H3K27me3,hAT-Ac,-0.008855670786447917,0.6252110932470918,-0.04436345592911486,0.026674460671215917
681,SJSA1,H3K27me3,hAT,0.01588683980500863,0.4098811111784003,-0.021900275570503083,0.05362862960061147
682,SJSA1,H3K27me3,MULE-MuDR,0.006469823043824882,0.7561647464369357,-0.034358431557061114,0.0472765184359471
683,SJSA1,H3K27me3,PiggyBac,0.007642502894912764,0.7263236370901646,-0.03514399702997929,0.05040103745119149
684,SJSA1,H3K27me3,5S-Deu-L2,0.0026399321390242845,0.9087848248200919,-0.04250169632878348,0.047770803964434776
685,SJSA1,H3K27me3,Helitron,0.0030513186222147414,0.9001321044994632,-0.044581653594818305,0.050670448460262266
686,SJSA1,H3K27me3,hAT-Tag1,0.015445153242827834,0.5263604681414844,-0.032334979114576945,0.06315485200540653
687,SJSA1,H3K27me3,tRNA,0.025393526539407966,0.3248869053935638,-0.025176192719808775,0.07583361757939196
688,SJSA1,H3K27me3,Penelope,-0.03476020759876359,0.37298050901557955,-0.11086349045982952,0.04174835121268797
689,SJSA1,H3K27me3,TcMar-Tc1,0.029200924079725698,0.45597070805376294,-0.047588218211507716,0.10564694185208061
690,SJSA1,H3K27me3,Dong-R4,-0.10265610742400941,0.03373984823218947,-0.19578078902463147,-0.007696495742466254
691,SJSA1,H3K27me3,tRNA-Deu,0.022367816252498392,0.6483909154080958,-0.07371736364826789,0.11804154335263838
692,SJSA1,H3K27me3,Kolobok,-0.0012580530305597618,0.9811825054136598,-0.10547941617248988,0.10299064750023959
693,SJSA1,H3K27me3,PIF-Harbinger,0.05103164467859448,0.34183333801199123,-0.054307397526126774,0.15524731274784476
694,SJSA1,H3K27me3,Crypton,0.004370907403401303,0.9416430260183146,-0.11228438769374892,0.12090735880582279
695,SJSA1,H3K27me3,Merlin,0.009460464477912009,0.8910820869466387,-0.1254514244523684,0.14402881564750866
696,SJSA1,H3K27me3,TcMar,-0.027154088947661525,0.7005574602209585,-0.16427458319045338,0.11099593506557379
697,SJSA1,H3K27me3,L1-Tx1,-0.0010127681124276905,0.9906286350981164,-0.1686996432759513,0.16673108228796077
698,SJSA1,H3K27me3,Crypton-A,0.051148185073090116,0.5617885373323825,-0.12155434795610383,0.2208448501294819
699,SJSA1,H3K27me3,I-Jockey,-0.04321193587248634,0.6554866153334733,-0.2295328117578214,0.14616408572358686
700,SJSA1,H3K27me3,hAT-Tip100?,0.01909340659340659,0.8809615963198896,-0.227806630741689,0.2636864995924039
701,SJSA1,H3K27me3,TcMar-Pogo,-0.03922287390029325,0.8312237990099489,-0.38280242492728794,0.31388852495303043
702,SJSA1,H3K27me3,hAT?,-0.1893048128342246,0.28359783759279583,-0.4980997964156937,0.1621010079957591
703,SJSA1,H3K27me3,hAT-hAT19,0.34411764705882353,0.19185563142554293,-0.1980496290026333,0.7250511068377358
704,SJSA1,H3K4me3,Alu,-1.1374433152747058e-05,0.9904559218375352,-0.0018750622099955414,0.0018523134227044187
705,SJSA1,H3K4me3,L1,0.0005754547502704373,0.6756490730573512,-0.0021201696514967197,0.003271070789102431
706,SJSA1,H3K4me3,MIR,2.7879057447563594e-05,0.9840099391264026,-0.0026984998638552886,0.002754257564292491
707,SJSA1,H3K4me3,L2,-0.0005921248474413453,0.7235135048744588,-0.0038726387463828725,0.002688401796178709
708,SJSA1,H3K4me3,ERVL-MaLR,3.943603085676126e-05,0.9842918212532916,-0.0038863419028460056,0.003965212749004794
709,SJSA1,H3K4me3,hAT-Charlie,-0.0009234179378197504,0.664718138937574,-0.005099271273749477,0.0032524676030500957
710,SJSA1,H3K4me3,ERV1,-0.002624059578849196,0.3903021994468795,-0.008610670212381363,0.0033627391518905184
711,SJSA1,H3K4me3,ERVL,-0.0031309500671974815,0.31586828701124664,-0.00924903010943465,0.002987364374896572
712,SJSA1,H3K4me3,TcMar-Tigger,-0.0026473874418295367,0.4045427816879227,-0.00887222894114353,0.003577659231072545
713,SJSA1,H3K4me3,hAT-Tip100,-0.005718942752740366,0.18713625479866494,-0.014215638435061372,0.0027785787816987464
714,SJSA1,H3K4me3,CR1,0.0076889208103078826,0.10316417631753978,-0.0015583368464426822,0.01693486358978298
715,SJSA1,H3K4me3,Gypsy,0.012740752571478147,0.11050161595837947,-0.0029068829215212182,0.028382150430821564
716,SJSA1,H3K4me3,hAT-Blackjack,0.006171406028585446,0.4487079242966545,-0.009795242590345494,0.022134908546884553
717,SJSA1,H3K4me3,TcMar-Mariner,-0.008569773218897028,0.2969403101069357,-0.02466954961949278,0.007534447352850437
718,SJSA1,H3K4me3,RTE-X,-0.004886708534845417,0.6350325747464678,-0.025060643512595814,0.015291204982423949
719,SJSA1,H3K4me3,ERVK,0.011105851656550267,0.3399844597217364,-0.011707285090232934,0.03390743299214615
720,SJSA1,H3K4me3,TcMar-Tc2,-0.004548774865187581,0.7133010138691629,-0.02880656422075955,0.019714369148176602
721,SJSA1,H3K4me3,SVA,-0.00851862186149919,0.5498902054579189,-0.03642870291942735,0.019404738020717273
722,SJSA1,H3K4me3,RTE-BovB,-0.005421790140193372,0.7133009057387577,-0.03433181159916838,0.023497297376201192
723,SJSA1,H3K4me3,tRNA-RTE,0.015668763691724097,0.32956426013049656,-0.01583244656236948,0.04713889994120681
724,SJSA1,H3K4me3,hAT-Ac,0.0008501619011911373,0.9626161639301862,-0.03468945080133873,0.03638762711403526
725,SJSA1,H3K4me3,hAT,-0.02356744783259288,0.2215613872505313,-0.06129671332432678,0.014229071019275164
726,SJSA1,H3K4me3,MULE-MuDR,0.0006813730196480638,0.9739176030970884,-0.04014735778972174,0.04150783227679063
727,SJSA1,H3K4me3,PiggyBac,-0.040898952569452876,0.06094509388586819,-0.08354498474016625,0.001896615916417818
728,SJSA1,H3K4me3,5S-Deu-L2,0.0267490909780478,0.2456013051339798,-0.018417697573831732,0.07180692647396614
729,SJSA1,H3K4me3,Helitron,0.039979283810619715,0.09988615713061395,-0.0076666361140253535,0.08744408760976516
730,SJSA1,H3K4me3,hAT-Tag1,0.02780406823503468,0.25399651855975475,-0.019985124607435515,0.07546650169441997
731,SJSA1,H3K4me3,tRNA,0.025860100712159727,0.3160735117708677,-0.024709904507543935,0.07629809753245353
732,SJSA1,H3K4me3,Penelope,-0.05599271422310554,0.15137475124052352,-0.13192011524586722,0.020587881303140522
733,SJSA1,H3K4me3,TcMar-Tc1,0.022179593670998206,0.571558278807302,-0.05464783700729348,0.09874595757036897
734,SJSA1,H3K4me3,Dong-R4,-0.11265217730536321,0.019744101744373646,-0.20553581172450938,-0.017757140435619538
735,SJSA1,H3K4me3,tRNA-Deu,0.05535272344591048,0.25882778519095323,-0.040852406491338845,0.15054094200426482
736,SJSA1,H3K4me3,Kolobok,0.06024324522649034,0.25827063259408123,-0.04436458931503356,0.16354434768958548
737,SJSA1,H3K4me3,PIF-Harbinger,0.06503227208852852,0.22557834388320727,-0.040333587160985215,0.1689677128650341
738,SJSA1,H3K4me3,Crypton,-0.053924094564268374,0.3661086459826697,-0.1695388436802796,0.0631547493865508
739,SJSA1,H3K4me3,Merlin,-0.05452471918761456,0.42965280839218467,-0.18799039039021095,0.08091811327392215
740,SJSA1,H3K4me3,TcMar,0.1588097932264968,0.023284332941835177,0.02104822385884999,0.29065319326320826
741,SJSA1,H3K4me3,L1-Tx1,0.054138756240374244,0.5297859468662053,-0.1147398368107193,0.2199759764060637
742,SJSA1,H3K4me3,Crypton-A,-0.027088813354213412,0.7587440489061688,-0.1977262659191482,0.1451420365368685
743,SJSA1,H3K4me3,I-Jockey,-0.12021128718376425,0.21309715619523284,-0.302119577657991,0.07014424473752928
744,SJSA1,H3K4me3,hAT-Tip100?,0.03305860805860806,0.7953827494469237,-0.21455907323638668,0.2766833520130807
745,SJSA1,H3K4me3,TcMar-Pogo,0.06011730205278592,0.743788589014496,-0.29505559992135383,0.40069346084819263
746,SJSA1,H3K4me3,hAT?,-0.17280366692131396,0.3284211229849948,-0.4847642085014095,0.1781611568782688
747,SJSA1,H3K4me3,hAT-hAT19,-0.1323529411764706,0.6251064291516133,-0.5909376256019753,0.3908794033064706
748,HAP-1,H3K27ac,Alu,0.00014995794974938684,0.8751228316022338,-0.0017202486270569935,0.002020163477548696
749,HAP-1,H3K27ac,L1,0.0006743921856159694,0.6248939100496027,-0.0020290501243846403,0.003377824637922149
750,HAP-1,H3K27ac,MIR,0.0017196899558129836,0.21684077573936833,-0.0010095487503770264,0.004448903043107522
751,HAP-1,H3K27ac,L2,0.0029551806325716946,0.07770524307679058,-0.00032800548828786097,0.006238303044488319
752,HAP-1,H3K27ac,ERVL-MaLR,-0.0015970974153775403,0.4265865793557482,-0.00553424772375567,0.002340102407450931
753,HAP-1,H3K27ac,hAT-Charlie,0.003317914400745414,0.1201138774322747,-0.0008659846460106532,0.00750169728919001
754,HAP-1,H3K27ac,ERV1,-0.0004781281571754287,0.8765192273354956,-0.006509037625024042,0.005552816091711126
755,HAP-1,H3K27ac,ERVL,-0.0040956679925229006,0.1905878137901706,-0.010228578348819468,0.00203755048177839
756,HAP-1,H3K27ac,TcMar-Tigger,0.004259809047111413,0.1807009886694057,-0.0019774033087879444,0.010496689977456328
757,HAP-1,H3K27ac,hAT-Tip100,0.0037694182224471393,0.385082477764466,-0.00473647841872099,0.012274769453929866
758,HAP-1,H3K27ac,CR1,-0.0001624305316932128,0.9725629153020137,-0.009418393242643677,0.009093560011113432
759,HAP-1,H3K27ac,Gypsy,-0.000699728385912527,0.9302376886362378,-0.016363951250868,0.01496483786847706
760,HAP-1,H3K27ac,hAT-Blackjack,-0.004240953947813144,0.603395714076332,-0.02023812685350791,0.01175838989265018
761,HAP-1,H3K27ac,TcMar-Mariner,0.0036455792998343374,0.6579371372747136,-0.012491896389797964,0.019781156437792647
762,HAP-1,H3K27ac,RTE-X,-0.00945325376127157,0.35893296416306775,-0.029642529669133003,0.010743732200782598
763,HAP-1,H3K27ac,ERVK,0.012194779847189701,0.30118235193782705,-0.010924318578658276,0.035300847640824265
764,HAP-1,H3K27ac,TcMar-Tc2,0.01600227367314631,0.19667923550087818,-0.008293140204515817,0.04027880616479593
765,HAP-1,H3K27ac,SVA,0.0003313699069365673,0.9815687417582513,-0.027775958055560598,0.028438174300172057
766,HAP-1,H3K27ac,RTE-BovB,-0.005611669928172274,0.7040342692007953,-0.03455299448712743,0.023339058653985355
767,HAP-1,H3K27ac,tRNA-RTE,0.013819816740741892,0.3898281151893779,-0.01768084703243387,0.04529307256038053
768,HAP-1,H3K27ac,hAT-Ac,-0.017005573958641735,0.3493168628879677,-0.052579306039537844,0.018611263522923194
769,HAP-1,H3K27ac,hAT,-0.00033701760060628785,0.9860683583649609,-0.03815027918570519,0.03747720777351347
770,HAP-1,H3K27ac,MULE-MuDR,0.015354659046544913,0.4617144750637864,-0.0255357452066925,0.05619376886508808
771,HAP-1,H3K27ac,PiggyBac,-0.026140357529872746,0.2328287018742963,-0.06899824984759285,0.016813845558330476
772,HAP-1,H3K27ac,5S-Deu-L2,-0.005602358291298048,0.808196893123944,-0.050798317768692265,0.0396165010932152
773,HAP-1,H3K27ac,Helitron,-0.012466268896635449,0.6094149221266354,-0.0602282521992473,0.03535266735901645
774,HAP-1,H3K27ac,hAT-Tag1,-0.015309948792478514,0.5304771948871725,-0.0630768078833779,0.03252689364922524
775,HAP-1,H3K27ac,tRNA,-0.030276011734081003,0.24077605973946775,-0.08072686563079902,0.020329579084838168
776,HAP-1,H3K27ac,Penelope,-0.03807322077813921,0.33097469367705157,-0.11443305231647306,0.03873385608400497
777,HAP-1,H3K27ac,TcMar-Tc1,0.05460177012424037,0.16504986889315512,-0.02257104156719517,0.13112772742296955
778,HAP-1,H3K27ac,Dong-R4,0.023500816233361255,0.6277942609474365,-0.07145819746147192,0.11803765722886539
779,HAP-1,H3K27ac,tRNA-Deu,0.03666513176787032,0.45468515939888776,-0.0594912688902399,0.13214736426579082
780,HAP-1,H3K27ac,Kolobok,-0.09763491400651363,0.06691165832482433,-0.20021909824144787,0.0070667981241449955
781,HAP-1,H3K27ac,PIF-Harbinger,0.07455789303203905,0.16459130884132195,-0.030808386104984455,0.17828531993843155
782,HAP-1,H3K27ac,Crypton,-0.10788895708566376,0.06995014507935678,-0.2220212144084746,0.009159835190778183
783,HAP-1,H3K27ac,Merlin,-0.04378482266740119,0.52703631302697,-0.17786493502944672,0.09189137094817525
784,HAP-1,H3K27ac,TcMar,-0.06494378636405083,0.3584794435662154,-0.2013314896369017,0.07391421476730975
785,HAP-1,H3K27ac,L1-Tx1,-0.019968333497796656,0.81684488204549,-0.18707365288357325,0.14826012814664705
786,HAP-1,H3K27ac,Crypton-A,0.1931475898674056,0.027081239559038506,0.02075548369640554,0.35438604568775534
787,HAP-1,H3K27ac,I-Jockey,-0.011120378092855158,0.9086312393620425,-0.19881189729472698,0.1773580229023122
788,HAP-1,H3K27ac,hAT-Tip100?,-0.07555683563748081,0.5561653081917,-0.317704880904672,0.1758432289070474
789,HAP-1,H3K27ac,TcMar-Pogo,0.1473607038123167,0.4209116420104123,-0.21411986291987764,0.47334166279781437
790,HAP-1,H3K27ac,hAT?,0.11731283422459894,0.5155779205106487,-0.23664058678907976,0.44377626544481313
791,HAP-1,H3K27ac,hAT-hAT19,0.3294117647058824,0.21280142621621312,-0.21268305460997874,0.7164518941542429
792,HAP-1,H3K4me1,Alu,-2.072353780039175e-05,0.9826742731680944,-0.0018910870805572916,0.0018496401499491573
793,HAP-1,H3K4me1,L1,0.0018195694756941772,0.18717537648241403,-0.0008842561104656108,0.00452336845747351
794,HAP-1,H3K4me1,MIR,-0.0002973198441888891,0.8309339374073794,-0.003026705527777597,0.0024320702692032375
795,HAP-1,H3K4me1,L2,0.0005891336263230187,0.7250716053393498,-0.0026941075241770614,0.0038723620755327804
796,HAP-1,H3K4me1,ERVL-MaLR,-0.0007049728810049332,0.7256400731910186,-0.004642246356257056,0.003232322451531196
797,HAP-1,H3K4me1,hAT-Charlie,-0.0027017338828651096,0.20563841167011235,-0.006885510599614534,0.0014821374189458547
798,HAP-1,H3K4me1,ERV1,-0.0003379864527133895,0.9125394555613127,-0.006369101403473348,0.005693153086223016
799,HAP-1,H3K4me1,ERVL,0.0013766466484894273,0.6599816930536264,-0.004756417881024844,0.007509607615859101
800,HAP-1,H3K4me1,TcMar-Tigger,-0.002503424504880533,0.4314504237911617,-0.008740113549483093,0.003733459294876307
801,HAP-1,H3K4me1,hAT-Tip100,-0.003125002636147682,0.47145114498458707,-0.011629948327644874,0.005380395172311393
802,HAP-1,H3K4me1,CR1,-0.002029335079083118,0.6674070083560447,-0.011285006235665284,0.007226683787909972
803,HAP-1,H3K4me1,Gypsy,0.006049901052770383,0.44907495942756726,-0.00961505348419968,0.021711886863655678
804,HAP-1,H3K4me1,hAT-Blackjack,-0.0015381161202806715,0.8505368711954164,-0.017535102384432885,0.014459657403286509
805,HAP-1,H3K4me1,TcMar-Mariner,0.007376168797813422,0.3704411316349715,-0.008765611267059709,0.02351410574298274
806,HAP-1,H3K4me1,RTE-X,0.01739621652478968,0.09129770724356273,-0.002797562135501485,0.03757581289653803
807,HAP-1,H3K4me1,ERVK,0.003581277898364938,0.7615955942976947,-0.019553279377646567,0.026712002305030885
808,HAP-1,H3K4me1,TcMar-Tc2,-0.00961942033040234,0.4377796380165023,-0.03390642559450018,0.014678939485920015
809,HAP-1,H3K4me1,SVA,-0.0068937976182243555,0.6307496253702474,-0.034991530637195095,0.021214825203535796
810,HAP-1,H3K4me1,RTE-BovB,0.02152308513103311,0.14511719047708208,-0.007434765678792027,0.05044486751986722
811,HAP-1,H3K4me1,tRNA-RTE,0.016074812924134714,0.31730893255427295,-0.015434635369611382,0.04755236568086504
812,HAP-1,H3K4me1,hAT-Ac,-0.0014512735803770454,0.9363436302206387,-0.037052374580264155,0.03415350660715117
813,HAP-1,H3K4me1,hAT,0.01641006598963114,0.39498329907718843,-0.02140543425714805,0.05417867861820385
814,HAP-1,H3K4me1,MULE-MuDR,-0.0009657613982617496,0.9630621597591644,-0.041818330144611664,0.039890031186405224
815,HAP-1,H3K4me1,PiggyBac,0.023692346275583823,0.2795467016411773,-0.01926127119846636,0.06655866704064099
816,HAP-1,H3K4me1,5S-Deu-L2,0.011553541712266222,0.6167231849492737,-0.03368606772683468,0.05674590276445461
817,HAP-1,H3K4me1,Helitron,0.022860441217028085,0.34876767299242273,-0.024969096021233483,0.07058555818671977
818,HAP-1,H3K4me1,hAT-Tag1,-0.014472050691827441,0.5532187932908981,-0.06224171710944066,0.03336376978153122
819,HAP-1,H3K4me1,tRNA,-0.01964341977977892,0.4466650670106025,-0.07014151203553282,0.030955094145531898
820,HAP-1,H3K4me1,Penelope,0.0507769209003749,0.19535468214835996,-0.026158294033549877,0.1271141661071299
821,HAP-1,H3K4me1,TcMar-Tc1,0.06312978843783713,0.10810610515843622,-0.013975780273281925,0.13948900153983299
822,HAP-1,H3K4me1,Dong-R4,0.027015232337920397,0.5772796299903806,-0.06796282574543527,0.12150802677779265
823,HAP-1,H3K4me1,tRNA-Deu,-0.01918273004690994,0.6957577734403875,-0.11489516624044964,0.0768825928283523
824,HAP-1,H3K4me1,Kolobok,-0.04493481286857472,0.3999675043010088,-0.14867229383323421,0.05978089192511476
825,HAP-1,H3K4me1,PIF-Harbinger,-0.009874825018640853,0.8541549703507597,-0.1147385083033078,0.09520650513558727
826,HAP-1,H3K4me1,Crypton,-0.1297387290167723,0.02910111909646338,-0.24312823289141308,-0.012851282471826287
827,HAP-1,H3K4me1,Merlin,0.01543422983129223,0.8236315408582522,-0.1198922330356215,0.15019760887711764
828,HAP-1,H3K4me1,TcMar,-0.06590834309020879,0.35137057239703184,-0.2022649458899818,0.07295509100980196
829,HAP-1,H3K4me1,L1-Tx1,-0.03698703820732464,0.667848731022766,-0.20349602423118113,0.13160135450883023
830,HAP-1,H3K4me1,Crypton-A,-0.009307192054994794,0.9159735118631483,-0.18054809123937807,0.16248133804379894
831,HAP-1,H3K4me1,I-Jockey,-0.09785932721712538,0.31137800559197587,-0.2812116357378054,0.09238603600801644
832,HAP-1,H3K4me1,hAT-Tip100?,-0.07891705069124424,0.5386859019515247,-0.3207702020361251,0.17259724261652748
833,HAP-1,H3K4me1,TcMar-Pogo,-0.0909090909090909,0.6207230048851273,-0.4267106669799246,0.2669218543133909
834,HAP-1,H3K4me1,hAT?,0.0912433155080214,0.6135602236770792,-0.2609103807618564,0.42196528632461744
835,HAP-1,H3K4me1,hAT-hAT19,0.049999999999999996,0.8540995521297436,-0.45730167066061606,0.5327502893761625
836,HAP-1,H3K9me3,Alu,0.000512268733564408,0.591246339353015,-0.0013573226517148737,0.002381856537710087
837,HAP-1,H3K9me3,L1,-0.0007130945658280766,0.6051377795253314,-0.003416310628956119,0.001990131919047222
838,HAP-1,H3K9me3,MIR,-0.0007956095212970153,0.5677155320275176,-0.00352453265324721,0.0019333254605544943
839,HAP-1,H3K9me3,L2,-0.002404181121527041,0.1512070146276293,-0.005687192382439244,0.0008788819658145764
840,HAP-1,H3K9me3,ERVL-MaLR,0.0021933646955981513,0.27478148473116365,-0.001742956214171249,0.006129617635499163
841,HAP-1,H3K9me3,hAT-Charlie,-0.0009829078718982755,0.6451294817017524,-0.005165934065861265,0.0032001527196509395
842,HAP-1,H3K9me3,ERV1,0.0026270516422475395,0.39318707662627483,-0.003403198368907071,0.008657110598370632
843,HAP-1,H3K9me3,ERVL,-0.0024676058483771154,0.43023348880961976,-0.008598855785366946,0.0036638296209488873
844,HAP-1,H3K9me3,TcMar-Tigger,-0.0010747730517516676,0.7355322707889191,-0.007311099562302016,0.005161637059665052
845,HAP-1,H3K9me3,hAT-Tip100,-0.006214311971598875,0.15214434714826283,-0.014719010305709936,0.0022912854533177285
846,HAP-1,H3K9me3,CR1,-0.003058316670129885,0.5172509525695135,-0.012313966541382088,0.006197857229652716
847,HAP-1,H3K9me3,Gypsy,0.0006794352831122866,0.9322516352475786,-0.014984125830910766,0.016342663009061262
848,HAP-1,H3K9me3,hAT-Blackjack,-0.010493062022131572,0.19863640908967034,-0.026487529774224836,0.0055067768574124714
849,HAP-1,H3K9me3,TcMar-Mariner,-0.011316041734921282,0.16901559028222937,-0.027436765532881366,0.004810566538094854
850,HAP-1,H3K9me3,RTE-X,-0.005664818768725218,0.5824576923270395,-0.025854363633720907,0.014529345462183985
851,HAP-1,H3K9me3,ERVK,0.005673173685070568,0.6304423102012093,-0.017438030669748365,0.028778319034539018
852,HAP-1,H3K9me3,TcMar-Tc2,-0.026100449625121206,0.0352026408562865,-0.05036328466344489,-0.0018068247201152524
853,HAP-1,H3K9me3,SVA,0.0072931696062648104,0.610869450024484,-0.020798323367456253,0.035373156136036185
854,HAP-1,H3K9me3,RTE-BovB,0.007536905287865611,0.6100201300548405,-0.021424366604468625,0.03648553874161578
855,HAP-1,H3K9me3,tRNA-RTE,-0.003882941812397824,0.8091604254576465,-0.035382400107379565,0.027624223917191524
856,HAP-1,H3K9me3,hAT-Ac,-0.007950111069760278,0.6616325141130415,-0.04352961045944222,0.027649529090538225
857,HAP-1,H3K9me3,hAT,-0.01742758805518465,0.3665101977613814,-0.0552078182649731,0.020402473297876745
858,HAP-1,H3K9me3,MULE-MuDR,-0.010759293744684031,0.6061984300641299,-0.05162751868633104,0.030144907599235014
859,HAP-1,H3K9me3,PiggyBac,-0.013470591456508477,0.5387195139266863,-0.05636794770949233,0.02947640788882026
860,HAP-1,H3K9me3,5S-Deu-L2,0.004680306452006979,0.8392496238733063,-0.04052496283497723,0.049866454845415555
861,HAP-1,H3K9me3,Helitron,-0.02551785943595367,0.2954470030289303,-0.07321814815644044,0.022298911165177394
862,HAP-1,H3K9me3,hAT-Tag1,-0.009917205796286221,0.6845126556779619,-0.0577012551676129,0.037912179218469844
863,HAP-1,H3K9me3,tRNA,-0.011089113486598575,0.6675126026254269,-0.06161901097043967,0.03949748152165074
864,HAP-1,H3K9me3,Penelope,-0.04202272381719648,0.2836035943449869,-0.11839956964806235,0.034848440641088614
865,HAP-1,H3K9me3,TcMar-Tc1,0.039158547663851274,0.319604446488042,-0.038006188452841656,0.1158590464184521
866,HAP-1,H3K9me3,Dong-R4,0.03247592003560604,0.5028074588090587,-0.0625282556310549,0.12689683776702115
867,HAP-1,H3K9me3,tRNA-Deu,0.057955835169157206,0.23706463539602035,-0.03825207567108137,0.15309916796164472
868,HAP-1,H3K9me3,Kolobok,-0.0629886170353016,0.2378317682580617,-0.16637921176191942,0.041771904208490085
869,HAP-1,H3K9me3,PIF-Harbinger,0.006651533078593934,0.9014605938177431,-0.0983984204358755,0.11155487909880561
870,HAP-1,H3K9me3,Crypton,-0.03808389013147082,0.5234306286607351,-0.15403904049369505,0.0789060213585284
871,HAP-1,H3K9me3,Merlin,-0.035691496802796666,0.6061802971671135,-0.1699828351019674,0.09990130800435885
872,HAP-1,H3K9me3,TcMar,0.053633357794755525,0.44839796971639023,-0.08514650118238967,0.19037179333671478
873,HAP-1,H3K9me3,L1-Tx1,0.08648199595983919,0.3149666389666387,-0.08274320360777893,0.2508596286272651
874,HAP-1,H3K9me3,Crypton-A,0.009157721806907698,0.9173181245303457,-0.1626267547509318,0.1804033614965673
875,HAP-1,H3K9me3,I-Jockey,0.010277082754146974,0.9155334096217704,-0.17817393135517431,0.19800088068503155
876,HAP-1,H3K9me3,hAT-Tip100?,0.025503663003663,0.841448871449544,-0.22173423367406084,0.26966050736077074
877,HAP-1,H3K9me3,TcMar-Pogo,0.00219941348973607,0.9904681035020086,-0.34676088216410744,0.35062486792175956
878,HAP-1,H3K9me3,hAT?,0.13736631016042783,0.44587671968002296,-0.21774027749358235,0.46035618486308694
879,HAP-1,H3K9me3,hAT-hAT19,0.23823529411764705,0.37425412972798844,-0.29893797691302193,0.6607579337838855
880,HAP-1,H3K36me3,Alu,-0.0017914182515233908,0.060368245769909235,-0.0036609166539591205,7.809267313695789e-05
881,HAP-1,H3K36me3,L1,-0.0010748284050676562,0.4357523169547224,-0.00377774231727876,0.0016281012120943608
882,HAP-1,H3K36me3,MIR,-0.0016375737128962932,0.23948627214028054,-0.004366161089389104,0.0010910380479716407
883,HAP-1,H3K36me3,L2,0.001312704996929897,0.43322774037176137,-0.001970337891971442,0.004595719588384462
884,HAP-1,H3K36me3,ERVL-MaLR,9.378766588319455e-05,0.9627495569088587,-0.003842102150988732,0.004029674576984887
885,HAP-1,H3K36me3,hAT-Charlie,-0.00036721315453360864,0.8633784675313841,-0.0045498050384219805,0.0038153915775047983
886,HAP-1,H3K36me3,ERV1,0.0038705094450073945,0.20822578376410178,-0.002157581235563771,0.009898318842296139
887,HAP-1,H3K36me3,ERVL,-0.0005561357747206758,0.8589097477873131,-0.006687874205343747,0.005575644475626715
888,HAP-1,H3K36me3,TcMar-Tigger,-0.002331923109239955,0.46360902504496926,-0.008567770344018564,0.0039041054891475625
889,HAP-1,H3K36me3,hAT-Tip100,0.00543158198666265,0.21066731993078444,-0.003073296228711737,0.013935674486714855
890,HAP-1,H3K36me3,CR1,-0.006957321533925944,0.14068248419329157,-0.016212056730170687,0.0022986056644164706
891,HAP-1,H3K36me3,Gypsy,-0.0010389826772970972,0.896566771745266,-0.016702114934953344,0.014624659392456668
892,HAP-1,H3K36me3,hAT-Blackjack,0.01129737262259714,0.166208166859158,-0.004696600732801436,0.02728556743057868
893,HAP-1,H3K36me3,TcMar-Mariner,-0.003449391575118517,0.6752010089027483,-0.019581756566008017,0.012684769067373206
894,HAP-1,H3K36me3,RTE-X,-0.01453661453464479,0.1583145330717524,-0.03472197141808266,0.0056605976587332865
895,HAP-1,H3K36me3,ERVK,-0.006303809782542235,0.5928594167252901,-0.02940367197367252,0.016802782107538494
896,HAP-1,H3K36me3,TcMar-Tc2,-0.011069612701592036,0.37192917120682367,-0.03535708119037493,0.013230923926526757
897,HAP-1,H3K36me3,SVA,-0.025256981597300693,0.07803284195811266,-0.05331337237240319,0.002839253689414584
898,HAP-1,H3K36me3,RTE-BovB,-0.008988101952241343,0.5427541458785399,-0.03791606755189531,0.019954915666948184
899,HAP-1,H3K36me3,tRNA-RTE,-0.002144544217592865,0.893875320164686,-0.03364190682080807,0.029357074115494337
900,HAP-1,H3K36me3,hAT-Ac,0.012857302077467695,0.4789098766340355,-0.022734091372468453,0.04841614603147576
901,HAP-1,H3K36me3,hAT,-0.01919919243770896,0.3194521938952693,-0.05694698259935139,0.018603411070099232
902,HAP-1,H3K36me3,MULE-MuDR,-0.00525910803646222,0.8010196309928146,-0.04613033366534579,0.03562969586392435
903,HAP-1,H3K36me3,PiggyBac,-0.03190014209178698,0.14516772565659994,-0.07471617909522835,0.011033294589552189
904,HAP-1,H3K36me3,5S-Deu-L2,0.0028889536655660407,0.900329077269009,-0.0423011000428541,0.04806721105440871
905,HAP-1,H3K36me3,Helitron,-0.033045663196788554,0.17540456600264823,-0.08071301847902924,0.014772503063991027
906,HAP-1,H3K36me3,hAT-Tag1,-0.0468750436865829,0.0546682703845502,-0.09449959459882137,0.000963567684168304
907,HAP-1,H3K36me3,tRNA,-0.015551764898033362,0.5468719138717504,-0.06606575985485078,0.03504173995940122
908,HAP-1,H3K36me3,Penelope,0.0010706709405020073,0.9782145796683487,-0.0756605914428565,0.07778932783063555
909,HAP-1,H3K36me3,TcMar-Tc1,0.0006617025767313613,0.9865764688333305,-0.0763034527886405,0.07761901936780549
910,HAP-1,H3K36me3,Dong-R4,-0.003469493903192154,0.9429459054545615,-0.09822428102161906,0.09134763644814665
911,HAP-1,H3K36me3,tRNA-Deu,0.0283678877259354,0.5630194381360017,-0.06775075242589138,0.123964783190777
912,HAP-1,H3K36me3,Kolobok,-0.1472106487902896,0.005586042595978914,-0.24831720379249014,-0.042931148839792675
913,HAP-1,H3K36me3,PIF-Harbinger,0.047827407932622974,0.37303962690542103,-0.057501130455744155,0.15210294263167692
914,HAP-1,H3K36me3,Crypton,-0.05140442303222467,0.38896350395515267,-0.16707619274584232,0.06566321296828598
915,HAP-1,H3K36me3,Merlin,-0.014402044952655903,0.8352525205327836,-0.14918730561051696,0.12090865043715084
916,HAP-1,H3K36me3,TcMar,-0.011525542918412048,0.8706778110643204,-0.1493434395556326,0.12673163468610715
917,HAP-1,H3K36me3,L1-Tx1,-0.08931727996122087,0.2993030321181776,-0.2535549550327955,0.07992566331025436
918,HAP-1,H3K36me3,Crypton-A,0.052981864723730045,0.5478295665446655,-0.11975059325724563,0.22260098094485348
919,HAP-1,H3K36me3,I-Jockey,-0.026077286627745343,0.7878051344667637,-0.21316444043852115,0.1628546153711682
920,HAP-1,H3K36me3,hAT-Tip100?,-0.10507872503840246,0.41243989160954964,-0.3445054877637823,0.14718288157177908
921,HAP-1,H3K36me3,TcMar-Pogo,0.11766862170087976,0.5212722285804524,-0.24209426802865175,0.44898643960263956
922,HAP-1,H3K36me3,hAT?,0.013034759358288772,0.9426061165811512,-0.331772368523533,0.3547695264884867
923,HAP-1,H3K36me3,hAT-hAT19,0.06176470588235294,0.8202418775044894,-0.44806050764011357,0.5412754497566349
924,HAP-1,H3K27me3,Alu,-0.00048193091616235604,0.6133937816046813,-0.0023514873982015717,0.001387628934813531
925,HAP-1,H3K27me3,L1,-0.0011098404100856106,0.42104496076774656,-0.003813306680907635,0.0015936420839012784
926,HAP-1,H3K27me3,MIR,-0.0006280351837226599,0.6519130238326472,-0.0033567087977621804,0.0021006477826251086
927,HAP-1,H3K27me3,L2,-0.0008616908591376121,0.6069585220863387,-0.00414475417863761,0.0024213910359593325
928,HAP-1,H3K27me3,ERVL-MaLR,0.0013673379398162035,0.4959567385611867,-0.0025687327813279292,0.00530336629395345
929,HAP-1,H3K27me3,hAT-Charlie,-0.0009022781120878867,0.6724542234846158,-0.005085087093931001,0.0032805624423382076
930,HAP-1,H3K27me3,ERV1,-0.0006755285689010155,0.8261864838341497,-0.00670477454593332,0.005353766521922164
931,HAP-1,H3K27me3,ERVL,0.003667909323357198,0.24100819453533198,-0.002463597411046871,0.009799140273603919
932,HAP-1,H3K27me3,TcMar-Tigger,-0.003997580169561655,0.20898019569887127,-0.010233597398870043,0.0022387479953010683
933,HAP-1,H3K27me3,hAT-Tip100,0.008014146348074621,0.06473969955483513,-0.0004900566597918308,0.016517190249820835
934,HAP-1,H3K27me3,CR1,0.0019158656285864677,0.6849593728751611,-0.007339630595902293,0.011171033621278578
935,HAP-1,H3K27me3,Gypsy,0.005769086919611515,0.47037538457048034,-0.009894837173331289,0.021430180440690668
936,HAP-1,H3K27me3,hAT-Blackjack,0.007622920181708479,0.3502957771780715,-0.008373610368876206,0.02361555021421175
937,HAP-1,H3K27me3,TcMar-Mariner,-0.00026986505932520896,0.9738456005363638,-0.01640156121246106,0.015861971549887343
938,HAP-1,H3K27me3,RTE-X,-0.005706904630982355,0.5796387626220016,-0.025895353848057256,0.014486197775843621
939,HAP-1,H3K27me3,ERVK,-0.016098042250043815,0.17235476153984294,-0.03920332418670547,0.00702444495451595
940,HAP-1,H3K27me3,TcMar-Tc2,-0.004902438678111534,0.6924007959557499,-0.029184151166606453,0.0193850562970473
941,HAP-1,H3K27me3,SVA,0.023019993180605814,0.10839825242878622,-0.00508830946385854,0.0510919484817344
942,HAP-1,H3K27me3,RTE-BovB,0.00672938885110671,0.6486453369977252,-0.02221566289933086,0.03566316850272655
943,HAP-1,H3K27me3,tRNA-RTE,0.0014182235095257002,0.9296828523152614,-0.030074601508451353,0.032908235590559276
944,HAP-1,H3K27me3,hAT-Ac,-0.01785915570147009,0.3256566405293,-0.05343101257929299,0.017757969546580172
945,HAP-1,H3K27me3,hAT,0.007044366294202608,0.7151200876428463,-0.030778047629714703,0.04484663552797319
946,HAP-1,H3K27me3,MULE-MuDR,-0.0012985179552277067,0.9503925652958491,-0.04218605208204339,0.03959335833981424
947,HAP-1,H3K27me3,PiggyBac,0.03188182834369052,0.14549549467170791,-0.01106191809425298,0.07470818617448838
948,HAP-1,H3K27me3,5S-Deu-L2,0.03715778479448697,0.10717173230166853,-0.008067795364370486,0.08223166378099173
949,HAP-1,H3K27me3,Helitron,-0.056879949893869214,0.01957924707704654,-0.1044022381070058,-0.00909851053322862
950,HAP-1,H3K27me3,hAT-Tag1,0.027129718213318086,0.26626903069578606,-0.020716175344509404,0.07485163008155069
951,HAP-1,H3K27me3,tRNA,-0.017273099377746192,0.5034025481821205,-0.06778055828548885,0.03332266743142642
952,HAP-1,H3K27me3,Penelope,-0.0024746296909144636,0.9496746969626877,-0.07918473734697865,0.0742646128277842
953,HAP-1,H3K27me3,TcMar-Tc1,0.09994736039311383,0.010783113440106861,0.023031774785813114,0.17568670208528536
954,HAP-1,H3K27me3,Dong-R4,-0.04124569800093832,0.3946780220647723,-0.13554243276491845,0.0537915599464274
955,HAP-1,H3K27me3,tRNA-Deu,-0.02320216589149649,0.6362042180006894,-0.11886551489878243,0.07288797563472492
956,HAP-1,H3K27me3,Kolobok,0.002933157775330245,0.9561448646310279,-0.10133320035609607,0.10713577885007952
957,HAP-1,H3K27me3,PIF-Harbinger,0.03140451248173844,0.558733194785132,-0.07384478296473554,0.1359619376726249
958,HAP-1,H3K27me3,Crypton,-0.05378299507628988,0.36736603818409486,-0.1694009660305651,0.06329525069106919
959,HAP-1,H3K27me3,Merlin,0.0419567823687272,0.5444456711741522,-0.09370172969525856,0.17608573294493385
960,HAP-1,H3K27me3,TcMar,-0.04456798050355165,0.5288175123636305,-0.18156896359826308,0.0941301150895507
961,HAP-1,H3K27me3,L1-Tx1,0.060266703390685565,0.48419176563470023,-0.1086977881315283,0.22584672181844895
962,HAP-1,H3K27me3,Crypton-A,-0.03757041450132111,0.6700770814415764,-0.20781554696707633,0.13488393453647998
963,HAP-1,H3K27me3,I-Jockey,-0.0034751181540172366,0.9713915019334842,-0.19145224644282324,0.18474792377246324
964,HAP-1,H3K27me3,hAT-Tip100?,0.14722542242703535,0.24954605646727623,-0.10569821795276067,0.38225757335873267
965,HAP-1,H3K27me3,TcMar-Pogo,-0.01319648093841642,0.9428537780926171,-0.36024661654222445,0.3370624737638465
966,HAP-1,H3K27me3,hAT?,-0.015374331550802138,0.9323263794090122,-0.3568185386641887,0.3296935838876873
967,HAP-1,H3K27me3,hAT-hAT19,-0.10588235294117648,0.6963341050381157,-0.5726105866457505,0.4126799097165957
968,HAP-1,H3K4me3,Alu,-0.0012129671503811367,0.2037074690717622,-0.0030833457501306077,0.0006574199361043659
969,HAP-1,H3K4me3,L1,0.0011197610382529615,0.41697401206720763,-0.0015841202068543124,0.0038236259103516528
970,HAP-1,H3K4me3,MIR,0.003617367595273199,0.00938895982362078,0.0008879105424283508,0.006346770750164368
971,HAP-1,H3K4me3,L2,-0.003158558161137501,0.05936433988061836,-0.006441822727852339,0.00012477450508530184
972,HAP-1,H3K4me3,ERVL-MaLR,0.0006976015563206464,0.7283884393241895,-0.0032395983618642883,0.004634779846812543
973,HAP-1,H3K4me3,hAT-Charlie,0.0021589856875630564,0.3118464530027663,-0.002025046454007673,0.006342942239200618
974,HAP-1,H3K4me3,ERV1,0.001035598473796631,0.7364636040027426,-0.004995562106180682,0.007066683715056672
975,HAP-1,H3K4me3,ERVL,-0.0012000583007770675,0.7013309899428446,-0.007332727770131435,0.004932701437544892
976,HAP-1,H3K4me3,TcMar-Tigger,0.002095637734793024,0.5102235456857478,-0.004141933787949857,0.008333046189877106
977,HAP-1,H3K4me3,hAT-Tip100,-0.0038565855125242926,0.37425124009279687,-0.01236304766542071,0.0046504348095677975
978,HAP-1,H3K4me3,CR1,-0.0030538036685066393,0.517850714929661,-0.012309041313823705,0.006201957185391041
979,HAP-1,H3K4me3,Gypsy,-0.006191101005739752,0.4385172615521421,-0.021851531720195706,0.009472367137907334
980,HAP-1,H3K4me3,hAT-Blackjack,-0.001921552634466624,0.8139224644958223,-0.017921089712800223,0.014078968286013929
981,HAP-1,H3K4me3,TcMar-Mariner,-0.01628006318332391,0.04807544208562161,-0.03241477263621238,-0.00013687068530843767
982,HAP-1,H3K4me3,RTE-X,-0.009140934815709018,0.3750560063920132,-0.02933149756524326,0.011057084074532613
983,HAP-1,H3K4me3,ERVK,-0.010169229313477947,0.3887971891203966,-0.03328681016912812,0.012959227111093975
984,HAP-1,H3K4me3,TcMar-Tc2,0.006035355677014501,0.6264292926479227,-0.018265645201224305,0.030329230164546323
985,HAP-1,H3K4me3,SVA,-0.014783831996511754,0.3027101699763678,-0.04287750646891845,0.013333203399986464
986,HAP-1,H3K4me3,RTE-BovB,-0.008604217061978798,0.5602955866686563,-0.037545267309604065,0.020351254951589806
987,HAP-1,H3K4me3,tRNA-RTE,-0.004082828140601082,0.7994644576260352,-0.03556985190698347,0.02741229354121612
988,HAP-1,H3K4me3,hAT-Ac,0.0039122077702630036,0.8295082966810581,-0.03168946573384257,0.03950396660086718
989,HAP-1,H3K4me3,hAT,-0.008549221887948566,0.6578530800827265,-0.04635570967911374,0.029281722828013022
990,HAP-1,H3K4me3,MULE-MuDR,-0.004017858176926002,0.847184969479685,-0.04485599821358792,0.036833688071120786
991,HAP-1,H3K4me3,PiggyBac,0.004351740431173676,0.8426207196440083,-0.03859398294876631,0.047281417369287794
992,HAP-1,H3K4me3,5S-Deu-L2,0.01278626810741471,0.5796433691550136,-0.0324548461576571,0.05797509351458466
993,HAP-1,H3K4me3,Helitron,-0.025482341774517726,0.2962636497340971,-0.07319694028834334,0.022348645770736017
994,HAP-1,H3K4me3,hAT-Tag1,-0.027647290023729003,0.2572511059548925,-0.07536700555254706,0.020198770687521826
995,HAP-1,H3K4me3,tRNA,0.03430972906443247,0.18356246164031026,-0.0162794383049424,0.08472368311691583
996,HAP-1,H3K4me3,Penelope,-0.019927813588331657,0.6112377291280557,-0.09651284659899254,0.05689179247929326
997,HAP-1,H3K4me3,TcMar-Tc1,0.041375574529853854,0.2929523482894596,-0.03579202313450598,0.11805269487434593
998,HAP-1,H3K4me3,Dong-R4,0.046057194839686726,0.34182951306172016,-0.048993562698475907,0.14028121622564918
999,HAP-1,H3K4me3,tRNA-Deu,-0.03190656204163096,0.5153412700789317,-0.12745574951783928,0.06422939177672647
1000,HAP-1,H3K4me3,Kolobok,0.0023874131128232686,0.9642985263106707,-0.10187323984358439,0.106596187883921
1001,HAP-1,H3K4me3,PIF-Harbinger,0.003022294929947655,0.9551357205969302,-0.10199039335521981,0.10796836718149952
1002,HAP-1,H3K4me3,Crypton,-0.05469206757482299,0.3593118613750105,-0.1702892211746012,0.06238997085667681
1003,HAP-1,H3K4me3,Merlin,-0.06886384932258487,0.3194710898057734,-0.20220749278313477,0.06698659064338598
1004,HAP-1,H3K4me3,TcMar,-0.039486768466885556,0.576880358592031,-0.17662768330969253,0.09915808483811678
1005,HAP-1,H3K4me3,L1-Tx1,0.08510285781595724,0.3227748808715266,-0.08411296895857655,0.24954786884273322
1006,HAP-1,H3K4me3,Crypton-A,-0.038579338675909014,0.6617548155780506,-0.20878527797123467,0.1338950599350923
1007,HAP-1,H3K4me3,I-Jockey,-0.06885367435826152,0.4768296917333227,-0.25388096116501047,0.1210349486156342
1008,HAP-1,H3K4me3,hAT-Tip100?,0.10685483870967742,0.4045400387403043,-0.1454482891858958,0.3461085017690909
1009,HAP-1,H3K4me3,TcMar-Pogo,0.21407624633431083,0.23938799557849344,-0.14953323830111137,0.5266817653906218
1010,HAP-1,H3K4me3,hAT?,0.14939839572192515,0.4066470435736812,-0.20630115351648853,0.47022179789637547
1011,HAP-1,H3K4me3,hAT-hAT19,0.22941176470588234,0.39272049088161975,-0.30691283867300784,0.6551510666048215
1012,HL-60,H3K27ac,Alu,-0.0001714787411329126,0.8572452886434332,-0.0020398809414812484,0.0016969246564556856
1013,HL-60,H3K27ac,L1,0.0009682313008279829,0.48254287803555795,-0.001734202055056252,0.0036706505145037817
1014,HL-60,H3K27ac,MIR,-0.0002495205267857313,0.8577389652023881,-0.0029777852027523264,0.002478747863762375
1015,HL-60,H3K27ac,L2,-0.0003817375154760585,0.8196941415717436,-0.0036641536346640074,0.0029006868296088156
1016,HL-60,H3K27ac,ERVL-MaLR,0.0007677307446307149,0.702119178334194,-0.003166581547324328,0.0047020192695937406
1017,HL-60,H3K27ac,hAT-Charlie,-0.003454923695356522,0.10537061219824782,-0.00763643445120367,0.0007267078843280078
1018,HL-60,H3K27ac,ERV1,-0.002530171683591275,0.4103677543648684,-0.00855376831512743,0.0034936085627807066
1019,HL-60,H3K27ac,ERVL,0.0045128851687171075,0.1489394386256419,-0.0016155934020998042,0.010641024759245638
1020,HL-60,H3K27ac,TcMar-Tigger,-0.0003469740927072141,0.9131198558120813,-0.0065799900680847505,0.005886068843015936
1021,HL-60,H3K27ac,hAT-Tip100,-0.004271922581020279,0.32470144844587756,-0.012773050150900215,0.0042298225015783494
1022,HL-60,H3K27ac,CR1,0.0049363789022886465,0.2957867929289567,-0.004317684769709363,0.014189597150709853
1023,HL-60,H3K27ac,Gypsy,0.010234112118211538,0.20022404161998664,-0.005426067506276346,0.02588927317329862
1024,HL-60,H3K27ac,hAT-Blackjack,0.007438015600135748,0.36223405518050933,-0.008562764858941987,0.023434988119418836
1025,HL-60,H3K27ac,TcMar-Mariner,0.0058355547062068315,0.4781556741367551,-0.010290219429863372,0.021958294347855425
1026,HL-60,H3K27ac,RTE-X,0.0049753005797952,0.6291107411275486,-0.015214407756362373,0.02516095352323633
1027,HL-60,H3K27ac,ERVK,-0.0011484493229614496,0.9223669966781123,-0.02424210397813649,0.021946430373641943
1028,HL-60,H3K27ac,TcMar-Tc2,-0.003122482031974315,0.800992769445576,-0.027396190136018274,0.021154906279246606
1029,HL-60,H3K27ac,SVA,-0.003189119263779362,0.823855589352928,-0.03126172223997214,0.024888511168786147
1030,HL-60,H3K27ac,RTE-BovB,-0.026079583683936442,0.07734321046692616,-0.05498024515856633,0.002864739155798053
1031,HL-60,H3K27ac,tRNA-RTE,-0.014892849091469571,0.3541418849927279,-0.04636837533308945,0.01661222035198041
1032,HL-60,H3K27ac,hAT-Ac,0.04696438682818831,0.009662770925136059,0.011384299068818403,0.08242570111449088
1033,HL-60,H3K27ac,hAT,0.0015703708222223175,0.9351040064491999,-0.036217429302602355,0.0393536867471617
1034,HL-60,H3K27ac,MULE-MuDR,-0.00507560908044924,0.8077011434432975,-0.04592055894906876,0.03578628362764724
1035,HL-60,H3K27ac,PiggyBac,0.007860930426767457,0.7197292683144472,-0.0350692788611652,0.050762182035392144
1036,HL-60,H3K27ac,5S-Deu-L2,-0.018483871917720964,0.4231449750505383,-0.06364301272974227,0.026750810910134492
1037,HL-60,H3K27ac,Helitron,-0.04016622760059236,0.09920812350316198,-0.08775637894504963,0.007606856987168035
1038,HL-60,H3K27ac,hAT-Tag1,-0.0030554686126539323,0.9003209828867251,-0.05082997040102375,0.04473298500074673
1039,HL-60,H3K27ac,tRNA,-0.0035303451279956903,0.8911541013996058,-0.05405013938108878,0.047007476424160435
1040,HL-60,H3K27ac,Penelope,-0.051046178254925176,0.1919682636773821,-0.12720582581163067,0.025711846544152598
1041,HL-60,H3K27ac,TcMar-Tc1,-0.045638651846404005,0.24562962659985826,-0.12221034428646772,0.03147311955309692
1042,HL-60,H3K27ac,Dong-R4,-0.0015386810573844503,0.9746798691594137,-0.09631149604336488,0.0932617825749027
1043,HL-60,H3K27ac,tRNA-Deu,8.790410729893335e-05,0.9985703337364203,-0.09582798767067717,0.09600217850187465
1044,HL-60,H3K27ac,Kolobok,-0.05271865353311633,0.321938943322479,-0.15602174582310172,0.0517252118248901
1045,HL-60,H3K27ac,PIF-Harbinger,-0.027580770203937125,0.6076012590690062,-0.13219783442608232,0.07764399138937929
1046,HL-60,H3K27ac,Crypton,-0.042513037473624976,0.476256271586192,-0.15837733431548665,0.07450615971514944
1047,HL-60,H3K27ac,Merlin,0.013404351400409648,0.8465192476062796,-0.12189090151941975,0.14821056216134867
1048,HL-60,H3K27ac,TcMar,0.01903778481829885,0.7885083160536324,-0.11968467644952298,0.15703110980764193
1049,HL-60,H3K27ac,L1-Tx1,0.009532621519048653,0.911967925995376,-0.15843991882799902,0.17696890892325515
1050,HL-60,H3K27ac,Crypton-A,-0.01831811272538838,0.8354879007574441,-0.18926299433094476,0.1537044692702141
1051,HL-60,H3K27ac,I-Jockey,-0.032267630432768056,0.7390687438175904,-0.21908703747360214,0.15683404576228566
1052,HL-60,H3K27ac,hAT-Tip100?,0.018138111888111888,0.885967593314636,-0.2267835927054293,0.2609021879869783
1053,HL-60,H3K27ac,TcMar-Pogo,0.04252199413489736,0.8172565968522344,-0.3109285490785982,0.38564012090470395
1054,HL-60,H3K27ac,hAT?,-0.009358288770053477,0.9587777421568817,-0.3515447368747616,0.3350340335322191
1055,HL-60,H3K27ac,hAT-hAT19,0.3411764705882353,0.1959326248678891,-0.20099378276835864,0.7233398097217669
1056,MG63,H3K9me3,Alu,0.00016174940920863552,0.8649969630400764,-0.001702906928906435,0.0020264046225373193
1057,MG63,H3K9me3,L1,-0.00074592457735667,0.5877059904647324,-0.0034424903744673663,0.001950652067735746
1058,MG63,H3K9me3,MIR,0.0012669484000735344,0.36295155505167453,-0.0014625490511925665,0.003996426973512596
1059,MG63,H3K9me3,L2,0.0004795143782932724,0.7746016044425204,-0.002802459794457665,0.0037614782210356633
1060,MG63,H3K9me3,ERVL-MaLR,-0.0011355379122363026,0.5711352288481559,-0.005065039890575362,0.002793999134110481
1061,MG63,H3K9me3,hAT-Charlie,0.0012614756580455694,0.5542044874561969,-0.002918685137069602,0.005441592368149411
1062,MG63,H3K9me3,ERV1,-0.000830421948198578,0.785931003087944,-0.006822998194968975,0.005162213941722023
1063,MG63,H3K9me3,ERVL,0.0024717809414898833,0.42895070872941954,-0.0036529749593083,0.008596351400738146
1064,MG63,H3K9me3,TcMar-Tigger,0.00581962972424096,0.06713866331325807,-0.00041082203675888194,0.012049629683770678
1065,MG63,H3K9me3,hAT-Tip100,0.001547949720579017,0.7212816833961941,-0.006956420172608619,0.010052095710342736
1066,MG63,H3K9me3,CR1,0.000542572647065418,0.9084772324664597,-0.00870767394473196,0.009792726387072822
1067,MG63,H3K9me3,Gypsy,-0.01577691655129584,0.04826318039420701,-0.03142652940648351,-0.0001195700908979596
1068,MG63,H3K9me3,hAT-Blackjack,-0.00027906099356865755,0.9727021882388726,-0.01626149747984485,0.015703518059708568
1069,MG63,H3K9me3,TcMar-Mariner,-0.009198169239711215,0.2634423824177963,-0.025315061272278536,0.006923503140984127
1070,MG63,H3K9me3,RTE-X,0.00343688224615954,0.7386547436823029,-0.016752394973848894,0.023623358027913426
1071,MG63,H3K9me3,ERVK,0.005308410096225111,0.6487557540644073,-0.017532748683617753,0.02814403107106645
1072,MG63,H3K9me3,TcMar-Tc2,0.0032255791576447767,0.7945359624258804,-0.021048134211013727,0.02749549197452178
1073,MG63,H3K9me3,SVA,-0.01709302634566439,0.2303944433459796,-0.04500315386479463,0.010843764492042525
1074,MG63,H3K9me3,RTE-BovB,-0.003463991232266637,0.8146025007006575,-0.03240753807670568,0.025485360617006337
1075,MG63,H3K9me3,tRNA-RTE,-0.0062225067683258275,0.6987364697906622,-0.03771908516880851,0.02528642283392764
1076,MG63,H3K9me3,hAT-Ac,-0.025554121353092655,0.1588826535721438,-0.061048860435342564,0.010005167052013821
1077,MG63,H3K9me3,hAT,0.0076741732690158194,0.6908547221674737,-0.03014183925912745,0.04546824832269846
1078,MG63,H3K9me3,MULE-MuDR,-0.004112303865469447,0.8437057121319353,-0.04496800731891994,0.03675713285558679
1079,MG63,H3K9me3,PiggyBac,-0.02748148656645396,0.20906369602433406,-0.07027313140321337,0.015411116031977926
1080,MG63,H3K9me3,5S-Deu-L2,-0.046882931575516186,0.04209688193003087,-0.09192126972422862,-0.0016531647064238094
1081,MG63,H3K9me3,Helitron,-0.003278863769201372,0.8929173908432344,-0.05098198992416042,0.04443918990363006
1082,MG63,H3K9me3,hAT-Tag1,0.03126816318351828,0.20047172409905153,-0.016621355786663447,0.07901454968362934
1083,MG63,H3K9me3,tRNA,0.03610394864226159,0.16279821286768473,-0.014620385375539861,0.08664293204824423
1084,MG63,H3K9me3,Penelope,0.06153190204875785,0.11454678701202933,-0.014985278342511989,0.13733259283665372
1085,MG63,H3K9me3,TcMar-Tc1,-0.05179965078935555,0.18649594311710194,-0.1281248761145134,0.02513555639189168
1086,MG63,H3K9me3,Dong-R4,0.01749516942846211,0.7181652291366741,-0.0774272540664216,0.11210326842446
1087,MG63,H3K9me3,tRNA-Deu,-0.029034846540653244,0.5543507484143684,-0.12473723149856662,0.06720282167192165
1088,MG63,H3K9me3,Kolobok,0.029467980105753078,0.5805402096297929,-0.07502011707719147,0.13331601424512993
1089,MG63,H3K9me3,PIF-Harbinger,0.07025051846560204,0.1917179826475542,-0.03542321995798098,0.1743706895497953
1090,MG63,H3K9me3,Crypton,0.0414324218827653,0.487547711864204,-0.07557994603285129,0.15731919487984258
1091,MG63,H3K9me3,Merlin,-0.021749336202008432,0.7534543646908609,-0.15637425239755354,0.11366896556100282
1092,MG63,H3K9me3,TcMar,0.004007502401206334,0.9545228309867708,-0.13310114956489877,0.14096564501726588
1093,MG63,H3K9me3,L1-Tx1,0.08187732952975675,0.34332075084965097,-0.08794619161548912,0.24707577615826617
1094,MG63,H3K9me3,Crypton-A,-0.05252614085231717,0.5528359516156062,-0.2228120600760579,0.12087023475342401
1095,MG63,H3K9me3,I-Jockey,0.049281808914836446,0.6108259729804778,-0.14023209474517398,0.23531235524503466
1096,MG63,H3K9me3,hAT-Tip100?,0.008195970695970695,0.9487500399175718,-0.2380969601070866,0.2534984948877079
1097,MG63,H3K9me3,TcMar-Pogo,-0.34347507331378296,0.05426687840192448,-0.6246314292437799,0.01650821669690292
1098,MG63,H3K9me3,hAT?,0.01665393430099312,0.9255203645845361,-0.3233545608354303,0.35285392229688284
1099,MG63,H3K9me3,hAT-hAT19,-0.4441176470588235,0.08482274417741585,-0.7806839122731808,0.09216001889929086
1100,MG63,H3K36me3,Alu,0.00017188505264781694,0.8566151531327811,-0.0016926253454330239,0.0020363942556473297
1101,MG63,H3K36me3,L1,-0.0002066171113326056,0.8806387407914047,-0.002903489075445113,0.0024902578582848044
1102,MG63,H3K36me3,MIR,-2.3494213569925856e-05,0.986539204523362,-0.0027528291886790898,0.0027058411115687356
1103,MG63,H3K36me3,L2,-0.0036728620122187094,0.02827926745050354,-0.006954777224320243,-0.00039086767658786
1104,MG63,H3K36me3,ERVL-MaLR,-0.0003015630437565157,0.8804330482027127,-0.004230884007862448,0.003627767232375701
1105,MG63,H3K36me3,hAT-Charlie,0.00013043689637743405,0.9512292743447581,-0.004049376362284616,0.004310245597360376
1106,MG63,H3K36me3,ERV1,0.0004745514372220997,0.8766547081064839,-0.005517905702884705,0.006466974495664989
1107,MG63,H3K36me3,ERVL,-0.004582629284596699,0.14250162087789775,-0.010706812965379035,0.0015418981714589515
1108,MG63,H3K36me3,TcMar-Tigger,0.004823573322790429,0.1291385759230795,-0.0014064486361150099,0.011053220859110171
1109,MG63,H3K36me3,hAT-Tip100,-0.007777808197321699,0.07303742251751957,-0.016280812960326223,0.0007263214705446893
1110,MG63,H3K36me3,CR1,-0.00016227527442381673,0.9725805761662738,-0.009415349355361032,0.009090826594414333
1111,MG63,H3K36me3,Gypsy,-0.011162018342429955,0.16236922663599007,-0.02681571981954604,0.004497155974615198
1112,MG63,H3K36me3,hAT-Blackjack,0.011603952676958507,0.15469169870969857,-0.004377780582633881,0.02757975967097066
1113,MG63,H3K36me3,TcMar-Mariner,0.008972813047712209,0.27523903782616493,-0.007146124106447488,0.025087088540013604
1114,MG63,H3K36me3,RTE-X,-0.0011763187881840087,0.9090817032536821,-0.021362802914964698,0.01901112407148416
1115,MG63,H3K36me3,ERVK,-0.010161555241415546,0.38330852581171615,-0.03299645977935608,0.01268395244977895
1116,MG63,H3K36me3,TcMar-Tc2,-0.024960069505466382,0.04385010798023977,-0.04920603531576813,-0.0006847033983541167
1117,MG63,H3K36me3,SVA,-0.0004275896878763334,0.976079270729652,-0.02837101620742045,0.027516504601808454
1118,MG63,H3K36me3,RTE-BovB,0.014137828871820197,0.33851862313140824,-0.014816390163306221,0.043068357759730856
1119,MG63,H3K36me3,tRNA-RTE,0.012659233810768411,0.4309874382374974,-0.018849142930705453,0.04414249095296742
1120,MG63,H3K36me3,hAT-Ac,-0.01081725138063918,0.5510454747785583,-0.04635071375786209,0.024743551519976762
1121,MG63,H3K36me3,hAT,-0.000756421796696296,0.9687374284859015,-0.03856907069945692,0.03705839028939551
1122,MG63,H3K36me3,MULE-MuDR,-0.013782673695158726,0.5085500708597053,-0.05459920949925695,0.027079846163774207
1123,MG63,H3K36me3,PiggyBac,0.03446827366919493,0.11466739877531947,-0.008371975973537359,0.07718222789978295
1124,MG63,H3K36me3,5S-Deu-L2,-0.03295654608757766,0.15306755171185696,-0.07804896281523353,0.01227043957024008
1125,MG63,H3K36me3,Helitron,-0.02399129174629327,0.3242878285216023,-0.07159894996694896,0.023725430391993558
1126,MG63,H3K36me3,hAT-Tag1,-0.03954253471829356,0.1050880463638211,-0.08720649521345235,0.008302058776814053
1127,MG63,H3K36me3,tRNA,0.022892763093312413,0.37625061530103365,-0.027827244018835403,0.07349519747885791
1128,MG63,H3K36me3,Penelope,-0.006988499794012597,0.8578879647793524,-0.08331967158122364,0.06942419921304918
1129,MG63,H3K36me3,TcMar-Tc1,-0.023261072744775187,0.5529457779054496,-0.09981826467871273,0.0535699089253808
1130,MG63,H3K36me3,Dong-R4,0.05037362912197336,0.29845595854353646,-0.04468642842044967,0.14452965662861691
1131,MG63,H3K36me3,tRNA-Deu,-0.058803400274049476,0.2308267117178193,-0.15404538181500718,0.03752126771725165
1132,MG63,H3K36me3,Kolobok,0.08979779458011279,0.09114904201220608,-0.01463543454689401,0.19229302176766497
1133,MG63,H3K36me3,PIF-Harbinger,0.008295447520281211,0.8776317055798564,-0.09707370205188114,0.11348070288765535
1134,MG63,H3K36me3,Crypton,0.06069395799029839,0.30893956864988464,-0.05640947449861131,0.17615011973549902
1135,MG63,H3K36me3,Merlin,-0.03981768140427605,0.5651712106274054,-0.17400294442456574,0.09581928520675267
1136,MG63,H3K36me3,TcMar,0.022426412464171697,0.7495945075392996,-0.11497901141367362,0.15898976993233457
1137,MG63,H3K36me3,L1-Tx1,0.002181885219170255,0.9798122100981038,-0.1655943954094595,0.16983541987843284
1138,MG63,H3K36me3,Crypton-A,0.1003355260238964,0.2560315246840746,-0.07354852590118922,0.2682991380287511
1139,MG63,H3K36me3,I-Jockey,-0.08939857288481144,0.35525686594947725,-0.2732626605869745,0.1007674703513271
1140,MG63,H3K36me3,hAT-Tip100?,-0.018864468864468863,0.8823787217018079,-0.2634728831182654,0.2280232376414231
1141,MG63,H3K36me3,TcMar-Pogo,-0.17998533724340174,0.3242689087309034,-0.499664892854487,0.18284485129739686
1142,MG63,H3K36me3,hAT?,-0.1547746371275783,0.3821125783584738,-0.4700623903539324,0.19554214319559585
1143,MG63,H3K36me3,hAT-hAT19,0.27058823529411763,0.31076062710233504,-0.2691605637560616,0.6809886999053857
1144,MG63,H3K27me3,Alu,0.0006655337225212022,0.48415264406478864,-0.001198887548259089,0.0025299503664317387
1145,MG63,H3K27me3,L1,0.0016568615887574013,0.22840346856184784,-0.001039229917376007,0.004352929007886296
1146,MG63,H3K27me3,MIR,0.002002314531585618,0.15042931461709233,-0.0007267706684196707,0.0047313699056963495
1147,MG63,H3K27me3,L2,-0.00013253027444717872,0.9369036646284654,-0.00341381760230626,0.0031487599072806856
1148,MG63,H3K27me3,ERVL-MaLR,0.0005359080340656393,0.7892127784118027,-0.003393117358097888,0.004464916880411642
1149,MG63,H3K27me3,hAT-Charlie,0.002299996883478204,0.28077125829261373,-0.0018794671051189469,0.006479380520875503
1150,MG63,H3K27me3,ERV1,-0.004421468724021283,0.14807493346091452,-0.01041271121896332,0.0015700912110660455
1151,MG63,H3K27me3,ERVL,0.002551440592353092,0.414111574717855,-0.003571821776316034,0.008674511636582396
1152,MG63,H3K27me3,TcMar-Tigger,0.00037162949483347037,0.9069223866636462,-0.005857981574787827,0.006601211720149273
1153,MG63,H3K27me3,hAT-Tip100,0.000696461290237599,0.8724705803505853,-0.007807218838963294,0.009200040694763116
1154,MG63,H3K27me3,CR1,0.007314412190080481,0.1211635376381189,-0.0019353235929089028,0.016562896468177015
1155,MG63,H3K27me3,Gypsy,-0.005506794625671254,0.490613064403282,-0.021161490738399465,0.010150601129305586
1156,MG63,H3K27me3,hAT-Blackjack,-0.005308230995838625,0.5148759681025674,-0.021280552365332654,0.01066679932857382
1157,MG63,H3K27me3,TcMar-Mariner,0.01138876489311678,0.1659493470784103,-0.004724756830072617,0.027496373934531904
1158,MG63,H3K27me3,RTE-X,0.014612198990719383,0.15592028768336375,-0.005573224525530541,0.03478571946755247
1159,MG63,H3K27me3,ERVK,-0.01037541966745268,0.37301986967991274,-0.03319310250565489,0.012453073307889516
1160,MG63,H3K27me3,TcMar-Tc2,-0.0028620927958283152,0.8172129698797835,-0.027126679172562448,0.02140586430631533
1161,MG63,H3K27me3,SVA,0.03930679339928526,0.005825410463865289,0.011364731033802674,0.06718751747933802
1162,MG63,H3K27me3,RTE-BovB,-0.012545566934193373,0.39556249553164835,-0.04146889300197058,0.016398767895246878
1163,MG63,H3K27me3,tRNA-RTE,-0.0035174142549634474,0.8268699831631405,-0.035025439743080394,0.027997596733832435
1164,MG63,H3K27me3,hAT-Ac,0.009259562581380602,0.6096970064520189,-0.026288407679990737,0.0447841443902828
1165,MG63,H3K27me3,hAT,-0.03275279146563526,0.08955223229633298,-0.07048233085774913,0.005070327982486589
1166,MG63,H3K27me3,MULE-MuDR,-0.06396189164837982,0.002138329091917469,-0.10458424837099595,-0.023126459204859024
1167,MG63,H3K27me3,PiggyBac,0.01836991349806217,0.40114509012298094,-0.02451936927650629,0.06119169729046306
1168,MG63,H3K27me3,5S-Deu-L2,-0.0022568278106737754,0.9221000293613171,-0.04746051422799493,0.0429560836190752
1169,MG63,H3K27me3,Helitron,-0.02098732660145485,0.38841637269267537,-0.06859255931785145,0.02671326406381796
1170,MG63,H3K27me3,hAT-Tag1,0.029507361125854253,0.2260467982876186,-0.01828222161167087,0.07716242568842605
1171,MG63,H3K27me3,tRNA,-0.031991461516680884,0.21636974153801097,-0.0825684977751586,0.018749945541224538
1172,MG63,H3K27me3,Penelope,0.02411808222139888,0.5362324829860391,-0.05230605612275671,0.10026136205228132
1173,MG63,H3K27me3,TcMar-Tc1,-0.022586696658207495,0.5645171365752562,-0.09914962359767641,0.05424208649367062
1174,MG63,H3K27me3,Dong-R4,0.027172136206623017,0.5759692756811574,-0.0680302289750259,0.12188412759370613
1175,MG63,H3K27me3,tRNA-Deu,0.029309562665600433,0.5506076350002799,-0.06692949241728484,0.1250082741437224
1176,MG63,H3K27me3,Kolobok,0.05695903621096632,0.28449572195446027,-0.047494613372743584,0.16018044014339528
1177,MG63,H3K27me3,PIF-Harbinger,0.08504971521408246,0.11325193427821735,-0.020453031427619166,0.18867918160967398
1178,MG63,H3K27me3,Crypton,0.03790917031521228,0.525339243402343,-0.07907951575219706,0.15386783575373972
1179,MG63,H3K27me3,Merlin,-0.08417672078324534,0.22336223233166322,-0.2170097797854613,0.051717003358073284
1180,MG63,H3K27me3,TcMar,-0.045216383540340216,0.51972408345292,-0.1811972354117613,0.09246097248610341
1181,MG63,H3K27me3,L1-Tx1,-0.048395503481520365,0.5758189686371044,-0.21507194560110066,0.12102050637647094
1182,MG63,H3K27me3,Crypton-A,0.07389492860338462,0.40341508430620887,-0.09979280682946823,0.24321253903896636
1183,MG63,H3K27me3,I-Jockey,-0.12371420628301363,0.19996433812732942,-0.30538408727121974,0.06664539179325533
1184,MG63,H3K27me3,hAT-Tip100?,-0.051648351648351645,0.68524676155519,-0.2938814176113936,0.19681844888438285
1185,MG63,H3K27me3,TcMar-Pogo,-0.30021994134897356,0.09501915509393845,-0.5927065957459812,0.062225015484267884
1186,MG63,H3K27me3,hAT?,-0.05729564553093964,0.747561518682611,-0.3881900437480737,0.286684622686366
1187,MG63,H3K27me3,hAT-hAT19,-0.12352941176470587,0.6485420669723405,-0.5848677681002367,0.3981954146302434
1188,MG63,H3K4me3,Alu,0.001472089831671373,0.12191218375416452,-0.00039321311369930724,0.0033373825332296487
1189,MG63,H3K4me3,L1,0.0004590469591959069,0.73866063805652,-0.0022377171800307565,0.0031558044215658663
1190,MG63,H3K4me3,MIR,-0.00028466655770764665,0.8380506820227557,-0.0030144547048929957,0.002445125832008884
1191,MG63,H3K4me3,L2,-0.00025935252835215415,0.8769169109771855,-0.0035414019687367094,0.003022702499454591
1192,MG63,H3K4me3,ERVL-MaLR,-0.00010979019380974755,0.9563358511797145,-0.004039927930199025,0.0038203509342173494
1193,MG63,H3K4me3,hAT-Charlie,0.0012051300990875184,0.5720886425004124,-0.002975581672322104,0.005385799743486914
1194,MG63,H3K4me3,ERV1,-0.0002518400899734364,0.9343601455287298,-0.006244916163320235,0.005741254074090407
1195,MG63,H3K4me3,ERVL,0.0011088096768576113,0.722734774613285,-0.005016276394963262,0.00723381255199197
1196,MG63,H3K4me3,TcMar-Tigger,-0.006837059629922753,0.03150448531614487,-0.013067463586913549,-0.0006061248018368161
1197,MG63,H3K4me3,hAT-Tip100,-0.000985586710395196,0.8203199934131313,-0.009490102688642804,0.007519071839030998
1198,MG63,H3K4me3,CR1,0.0029658443589024677,0.5298060878213213,-0.006285993311427636,0.012217174320834205
1199,MG63,H3K4me3,Gypsy,-0.013805755003554614,0.08395196852226383,-0.02945703477586947,0.001852292769697892
1200,MG63,H3K4me3,hAT-Blackjack,-0.006862077274213767,0.4000739427632004,-0.022841737653690148,0.009121088495713645
1201,MG63,H3K4me3,TcMar-Mariner,-0.018372880134192165,0.025511339439300187,-0.03448651037861204,-0.0022497000086964375
1202,MG63,H3K4me3,RTE-X,0.003753010232379478,0.7156307555715027,-0.016437432583083823,0.023940393609283298
1203,MG63,H3K4me3,ERVK,0.010564524944422008,0.3648265032425476,-0.012285706908896892,0.033403728715075826
1204,MG63,H3K4me3,TcMar-Tc2,0.00570120576188529,0.6453999159133714,-0.018581014053843985,0.029976704059597903
1205,MG63,H3K4me3,SVA,-0.010708242224381841,0.4530131333727222,-0.03866113227183282,0.017261393839605104
1206,MG63,H3K4me3,RTE-BovB,0.01626015396401517,0.2710925236931051,-0.012700763943249972,0.04519381442330557
1207,MG63,H3K4me3,tRNA-RTE,0.00188880456792772,0.9064447234706053,-0.02960445041378361,0.03337831325437338
1208,MG63,H3K4me3,hAT-Ac,0.0008501560608703557,0.9626348604907515,-0.03470699713069588,0.036405159657281465
1209,MG63,H3K4me3,hAT,8.149670774706897e-05,0.9966302986025343,-0.03772533067835245,0.037888091119632185
1210,MG63,H3K4me3,MULE-MuDR,0.025493352340478535,0.22124825707260803,-0.015365744098440945,0.06626745005536894
1211,MG63,H3K4me3,PiggyBac,-0.001967156212114714,0.9283501026149696,-0.044819532013144654,0.04089244551576648
1212,MG63,H3K4me3,5S-Deu-L2,0.003951625544133724,0.8641184887804269,-0.04128847391228982,0.049175555209445526
1213,MG63,H3K4me3,Helitron,-0.046883689147837394,0.053837049427142694,-0.09435343711553507,0.0007987664048717645
1214,MG63,H3K4me3,hAT-Tag1,-0.020689257622336994,0.397016636585242,-0.06847953111137803,0.027195748564302725
1215,MG63,H3K4me3,tRNA,-0.01764907271046973,0.4948768651801727,-0.06823924239834438,0.03303162768848377
1216,MG63,H3K4me3,Penelope,-0.011789943399114171,0.7625792696222475,-0.08808798008947262,0.06464562757339506
1217,MG63,H3K4me3,TcMar-Tc1,-0.03422881051902363,0.38325475269128984,-0.11080257443818338,0.04274894858125533
1218,MG63,H3K4me3,Dong-R4,0.022231012185724937,0.6468869464868882,-0.07283215817937459,0.11689387310205744
1219,MG63,H3K4me3,tRNA-Deu,-0.0260217402232355,0.5961995422434638,-0.12176371252628242,0.07020000541576193
1220,MG63,H3K4me3,Kolobok,0.010432980247537665,0.8447006001247637,-0.09375971336728059,0.11439961740488168
1221,MG63,H3K4me3,PIF-Harbinger,0.05285204998076022,0.3255670204873884,-0.052644518319191605,0.15718193300956332
1222,MG63,H3K4me3,Crypton,-0.04638202249577446,0.4370222862078199,-0.16216420704188195,0.07065995264036003
1223,MG63,H3K4me3,Merlin,0.009584117638575565,0.8899294151120247,-0.1256501715184339,0.14446872643224645
1224,MG63,H3K4me3,TcMar,0.08806476079564367,0.20925144376596228,-0.04983489641421144,0.22266955673894379
1225,MG63,H3K4me3,L1-Tx1,-0.0846229537661147,0.32732606800754205,-0.24968818536109008,0.0852213768292874
1226,MG63,H3K4me3,Crypton-A,-0.08687351748286731,0.3257041523623784,-0.25554805023156607,0.08693345875818898
1227,MG63,H3K4me3,I-Jockey,-0.13295338708182747,0.1681421621958964,-0.3139786833694268,0.057399594024804705
1228,MG63,H3K4me3,hAT-Tip100?,-0.02138278388278388,0.8668115077667421,-0.2658216811944059,0.22563955956190426
1229,MG63,H3K4me3,TcMar-Pogo,-0.282991202346041,0.11654890711899492,-0.5797606658129546,0.08006895599957965
1230,MG63,H3K4me3,hAT?,0.08724216959511077,0.6236992135854981,-0.25917573576667996,0.41377178231280914
1231,MG63,H3K4me3,hAT-hAT19,-0.1411764705882353,0.6020026838819791,-0.5969684892475311,0.38351326982565126
1232,VCaP,CTCF,Alu,0.0015109515809063846,0.1117402231226781,-0.0003510806857149566,0.003372973370128418
1233,VCaP,CTCF,L1,-0.00254492717564302,0.0642309059998335,-0.005240256475518206,0.000150439101753013
1234,VCaP,CTCF,MIR,0.0013827082099238824,0.3200301050087833,-0.0013426250176510766,0.004108020897646519
1235,VCaP,CTCF,L2,-0.0009824789599624153,0.5571963381806516,-0.00426284470549827,0.002297907930248198
1236,VCaP,CTCF,ERVL-MaLR,0.0023656071098883047,0.23738164648769663,-0.0015584666869555034,0.00628960805476006
1237,VCaP,CTCF,hAT-Charlie,0.004902222638814335,0.021345467297492912,0.0007280358733867412,0.009076238576089584
1238,VCaP,CTCF,ERV1,0.0017474361034099885,0.5669418713207979,-0.004234299696751798,0.007729046855211387
1239,VCaP,CTCF,ERVL,-0.004024007887812312,0.19722199052966674,-0.0101399694926045,0.0020922547725933673
1240,VCaP,CTCF,TcMar-Tigger,0.0030166321330301602,0.34203467076273075,-0.0032060655782299207,0.009239096231076289
1241,VCaP,CTCF,hAT-Tip100,0.003732777159257093,0.3891260769346564,-0.004762485336102317,0.012227500896069304
1242,VCaP,CTCF,CR1,0.0002752192569769577,0.9534703154417952,-0.008969242138600859,0.009519633612278575
1243,VCaP,CTCF,Gypsy,-0.006674594738970573,0.40319951804902554,-0.02232135205831125,0.008975431570915604
1244,VCaP,CTCF,hAT-Blackjack,0.012460003673330493,0.1259969632923567,-0.003501549238478945,0.02841520922497838
1245,VCaP,CTCF,TcMar-Mariner,-0.0029962634958586947,0.7151770892739782,-0.01908740586087033,0.013096430646944861
1246,VCaP,CTCF,RTE-X,0.00127249852576822,0.9016479059077565,-0.018907488508852602,0.02145144920801038
1247,VCaP,CTCF,ERVK,0.0044769889108812536,0.7002107507691712,-0.018311327229338897,0.027260656040014736
1248,VCaP,CTCF,TcMar-Tc2,-0.011862787501079558,0.3377182177259941,-0.036102953098498,0.012391328889733086
1249,VCaP,CTCF,SVA,-0.014834038993830746,0.2976642246967835,-0.04273045569364067,0.013085489917111648
1250,VCaP,CTCF,RTE-BovB,0.05246082444930843,0.0003742383755593441,0.023561521735029727,0.0812725243127637
1251,VCaP,CTCF,tRNA-RTE,0.026493836958992278,0.09906343040823287,-0.004995127927279043,0.05793031239353483
1252,VCaP,CTCF,hAT-Ac,0.018965347021484006,0.29546822083501456,-0.016570052651642023,0.054452896441307824
1253,VCaP,CTCF,hAT,0.0034403854747709914,0.858340853670857,-0.034328766081233884,0.041199723984475266
1254,VCaP,CTCF,MULE-MuDR,-0.023321569881332226,0.2629413273387166,-0.06408485339051229,0.01751940796097522
1255,VCaP,CTCF,PiggyBac,-0.0012132669953219077,0.9557405066562157,-0.04403640557087694,0.04161432187869096
1256,VCaP,CTCF,5S-Deu-L2,-0.005327337345513195,0.8172991085928761,-0.05048794282783655,0.03985500921402375
1257,VCaP,CTCF,Helitron,-0.0016827409164622655,0.9447593051717924,-0.04924907039294798,0.04589120439086219
1258,VCaP,CTCF,hAT-Tag1,0.0213623988008688,0.38084030314468753,-0.026423437520120364,0.06905082805641105
1259,VCaP,CTCF,tRNA,0.0692291358419686,0.007197096996481019,0.018721804698977065,0.11938403676660314
1260,VCaP,CTCF,Penelope,0.0501961421913819,0.19742980013772948,-0.02621109603128614,0.12602028716589783
1261,VCaP,CTCF,TcMar-Tc1,-0.03835245884045249,0.3270668719971085,-0.11465125451349316,0.038396169292873
1262,VCaP,CTCF,Dong-R4,-0.002020504191637534,0.9667551427034802,-0.09678886954355205,0.09278416768277556
1263,VCaP,CTCF,tRNA-Deu,-0.06938558725904384,0.1567606553124608,-0.16432045337144077,0.026822882257983162
1264,VCaP,CTCF,Kolobok,0.0358406817819219,0.50147587322889,-0.06868437471193427,0.1395874162186611
1265,VCaP,CTCF,PIF-Harbinger,-0.029480361328878067,0.5830863655239017,-0.13406808063442763,0.07575687498898388
1266,VCaP,CTCF,Crypton,-0.03166108379500892,0.5958363579386301,-0.14774201287935254,0.08528028488284922
1267,VCaP,CTCF,Merlin,-0.08869523929015476,0.19833015962779427,-0.2210586183090126,0.04687660764312458
1268,VCaP,CTCF,TcMar,-0.05920492271136419,0.40143135367193916,-0.19543903262789733,0.07927086132947785
1269,VCaP,CTCF,L1-Tx1,0.05431844090548238,0.5284189792236883,-0.11456280455495886,0.22014824810439115
1270,VCaP,CTCF,Crypton-A,0.061074611013017165,0.48832300217327573,-0.11177965974119211,0.2303415952086013
1271,VCaP,CTCF,I-Jockey,0.04728940783986656,0.6253392988231095,-0.14218036289194577,0.2334163406754343
1272,VCaP,CTCF,hAT-Tip100?,-0.18447802197802196,0.14448407066242236,-0.4133860306395937,0.06636151685360493
1273,VCaP,CTCF,TcMar-Pogo,-0.1821847507331378,0.318292112602515,-0.5014230201209773,0.18071552713589895
1274,VCaP,CTCF,hAT?,-0.1877769289533995,0.2875736385578908,-0.49686985349981444,0.16359426910800953
1275,VCaP,CTCF,hAT-hAT19,0.2352941176470588,0.38035580118865675,-0.3016030461153394,0.658893235790222
1276,VCaP,H3K27ac,Alu,0.0004139258571223509,0.6631008531598532,-0.0014483618994605785,0.0022762107426236968
1277,VCaP,H3K27ac,L1,-0.00046103379609395336,0.7374598997911808,-0.0031566050169119122,0.0022345441245812925
1278,VCaP,H3K27ac,MIR,-0.0010507609702141477,0.4498671455356654,-0.0037762016126164965,0.0016746952824559188
1279,VCaP,H3K27ac,L2,-0.0013503157482581535,0.4198014726895386,-0.00463075812914919,0.001930155695255052
1280,VCaP,H3K27ac,ERVL-MaLR,0.0037005173127411797,0.06457919397628287,-0.00022387570324254382,0.007624796348172441
1281,VCaP,H3K27ac,hAT-Charlie,0.00024127959203252444,0.9098062817506128,-0.003933203974347663,0.004415754749201758
1282,VCaP,H3K27ac,ERV1,-0.00039264682643115395,0.8976435109803114,-0.006375015620263891,0.005589750072205478
1283,VCaP,H3K27ac,ERVL,-0.0012731758924137977,0.6833277125264365,-0.007390290178995158,0.004844033677965654
1284,VCaP,H3K27ac,TcMar-Tigger,0.0011434021444678625,0.7187627785408608,-0.005079698511546945,0.007366414240599167
1285,VCaP,H3K27ac,hAT-Tip100,-0.002478876330440359,0.567382992358884,-0.010973740176703356,0.006016345297965576
1286,VCaP,H3K27ac,CR1,0.004201634014482118,0.3730445103011715,-0.005043143902049976,0.013445693781104235
1287,VCaP,H3K27ac,Gypsy,0.017684290523695637,0.026775639509335352,0.0020337178483219426,0.033326202089427014
1288,VCaP,H3K27ac,hAT-Blackjack,-0.004896139321931926,0.5477978358675023,-0.020859076753205568,0.011069293782395736
1289,VCaP,H3K27ac,TcMar-Mariner,0.005304761651748405,0.5183219964853715,-0.01079155482685603,0.02139832968608337
1290,VCaP,H3K27ac,RTE-X,0.00993347253410499,0.3347096847425207,-0.010249642871495719,0.030108497423553756
1291,VCaP,H3K27ac,ERVK,0.00324963991957442,0.7799350803912857,-0.019544363978631223,0.026040267473494947
1292,VCaP,H3K27ac,TcMar-Tc2,0.006131813181245909,0.6202826132563373,-0.018124522016242296,0.030380934706006068
1293,VCaP,H3K27ac,SVA,-0.004864195143415927,0.7327128297089497,-0.032769657017417936,0.023048844608607698
1294,VCaP,H3K27ac,RTE-BovB,0.01704449900419406,0.24802684053930318,-0.011878645969734626,0.045939146702591256
1295,VCaP,H3K27ac,tRNA-RTE,0.012872470015945582,0.42278643064776755,-0.018603473203963283,0.04432292325466017
1296,VCaP,H3K27ac,hAT-Ac,0.0344855406352861,0.05699171117711662,-0.0010356583028119162,0.06991982449950102
1297,VCaP,H3K27ac,hAT,-0.00178033922715057,0.9264092518358662,-0.039542290290794244,0.03598668993804832
1298,VCaP,H3K27ac,MULE-MuDR,0.001167156790568925,0.9553375803105504,-0.03966235632158238,0.041992778852821065
1299,VCaP,H3K27ac,PiggyBac,0.05211018254078517,0.017063287632434764,0.00927646003707735,0.0947530228360285
1300,VCaP,H3K27ac,5S-Deu-L2,0.013212583951332672,0.5665515893069614,-0.03196890304521577,0.05834018241990103
1301,VCaP,H3K27ac,Helitron,-0.010957928803505856,0.6518294404727198,-0.05849909798978419,0.0366328314120242
1302,VCaP,H3K27ac,hAT-Tag1,-0.020365111985127315,0.40347637895144306,-0.06805730109323796,0.027419938744449802
1303,VCaP,H3K27ac,tRNA,0.005153638986534111,0.8416106889209636,-0.04537100227947863,0.05565198145538403
1304,VCaP,H3K27ac,Penelope,0.00021475158480009182,0.9956063830551214,-0.07610329159240357,0.07653029322684932
1305,VCaP,H3K27ac,TcMar-Tc1,0.013406934186381718,0.7319872575027542,-0.06326919986013262,0.08992571857147855
1306,VCaP,H3K27ac,Dong-R4,-0.0021939176640354834,0.9639037057529154,-0.09696067354915923,0.09261226080313495
1307,VCaP,H3K27ac,tRNA-Deu,0.06583327548371125,0.17914519208119284,-0.030377056593125916,0.16083491841901892
1308,VCaP,H3K27ac,Kolobok,0.020934559259694226,0.694253538909213,-0.08334645742667679,0.12476205034470057
1309,VCaP,H3K27ac,PIF-Harbinger,-0.14741634505172196,0.005794756647914032,-0.24908549455527984,-0.04253345023287039
1310,VCaP,H3K27ac,Crypton,-0.011751742139670679,0.8442379702483973,-0.12838389080589907,0.10520104903574058
1311,VCaP,H3K27ac,Merlin,-0.1486816244843546,0.030458155866901055,-0.2785530553516953,-0.01347043185846467
1312,VCaP,H3K27ac,TcMar,-0.04053101744028891,0.5658675911898396,-0.17730663391510354,0.09778062640742352
1313,VCaP,H3K27ac,L1-Tx1,0.036011607168166176,0.6761090535209686,-0.13255808714218317,0.20255666377777837
1314,VCaP,H3K27ac,Crypton-A,0.0681744477971543,0.43909960945541116,-0.10477286913116367,0.23711924505253626
1315,VCaP,H3K27ac,I-Jockey,0.034306366416458164,0.7232309832179475,-0.15484891806892787,0.22103534060354027
1316,VCaP,H3K27ac,hAT-Tip100?,-0.020879120879120874,0.8699211160193472,-0.2653520945713815,0.22611647162273854
1317,VCaP,H3K27ac,TcMar-Pogo,-0.2774926686217008,0.12413205598181365,-0.5756015749620527,0.08572195195893546
1318,VCaP,H3K27ac,hAT?,0.027654698242933536,0.8766233267597529,-0.3135029560501613,0.36248944505898606
1319,VCaP,H3K27ac,hAT-hAT19,0.37941176470588234,0.14722713386289268,-0.1620069981155764,0.7452529035926163
1320,C4-2B,CTCF,Alu,-0.00023521859533942886,0.8050427355063486,-0.002103007892364399,0.001632572342871597
1321,C4-2B,CTCF,L1,0.001006083203540874,0.46529249472880996,-0.0016945410582277357,0.003706692789897445
1322,C4-2B,CTCF,MIR,-0.0033316688783904514,0.01669752787744639,-0.006060051917770317,-0.0006032362351787662
1323,C4-2B,CTCF,L2,-0.0014215221593193708,0.395988092226881,-0.004703899444398388,0.0018608857570687068
1324,C4-2B,CTCF,ERVL-MaLR,0.003849013113436876,0.05519730598430531,-8.562199849031763e-05,0.007783529051343177
1325,C4-2B,CTCF,hAT-Charlie,-0.0023721411393738067,0.2662847356072975,-0.006554385519516088,0.0018101862259206466
1326,C4-2B,CTCF,ERV1,-0.0005639071226259365,0.8543506512337364,-0.006584617676471652,0.005456844313598851
1327,C4-2B,CTCF,ERVL,0.007087818013790297,0.023420346578276702,0.0009585709631834143,0.013216532538305707
1328,C4-2B,CTCF,TcMar-Tigger,0.0017868093737523395,0.5742992502598117,-0.0044476309219243495,0.008021110771788268
1329,C4-2B,CTCF,hAT-Tip100,-0.006223311562915652,0.1513514962970362,-0.01472384767199967,0.0022781240581382775
1330,C4-2B,CTCF,CR1,-0.014122644622757455,0.0027788288759733205,-0.02337406743240423,-0.00486880321763283
1331,C4-2B,CTCF,Gypsy,0.012193046383215823,0.12698177278272296,-0.003467097614217444,0.02784721132700705
1332,C4-2B,CTCF,hAT-Blackjack,-0.0026163946343194192,0.7485158246675545,-0.01860985522912518,0.013378404580937593
1333,C4-2B,CTCF,TcMar-Mariner,-0.0006576988172118207,0.9364070672228055,-0.016812836326082367,0.015497782002716063
1334,C4-2B,CTCF,RTE-X,-0.0016897669675654088,0.8696977146185203,-0.021876019587383166,0.018497862858830094
1335,C4-2B,CTCF,ERVK,0.01527171586026488,0.19396625307578758,-0.007773928295986175,0.03830114597898473
1336,C4-2B,CTCF,TcMar-Tc2,0.007919775604518203,0.523245348386095,-0.016396815256364602,0.0322270036117349
1337,C4-2B,CTCF,SVA,0.02711740568070508,0.05809503900715395,-0.0009350296579745937,0.055127195046701424
1338,C4-2B,CTCF,RTE-BovB,0.03577692027887956,0.015362384529576082,0.006840661679104113,0.06465331366685327
1339,C4-2B,CTCF,tRNA-RTE,0.0009231393081106804,0.9541954862444919,-0.03056922207760826,0.03241366971715397
1340,C4-2B,CTCF,hAT-Ac,-0.011280866936532755,0.5343768967426694,-0.04683686448877667,0.024303680349023256
1341,C4-2B,CTCF,hAT,0.024864105536447512,0.19758511009055377,-0.012967673626971182,0.0626248013044971
1342,C4-2B,CTCF,MULE-MuDR,-0.012142927483559425,0.5601004958850873,-0.05294579029454256,0.02870041428710496
1343,C4-2B,CTCF,PiggyBac,0.00027143221714149765,0.9901171348511,-0.04265707403568727,0.04319893807187791
1344,C4-2B,CTCF,5S-Deu-L2,0.01172960514583368,0.6109844704837706,-0.03346211249511693,0.0568734564051724
1345,C4-2B,CTCF,Helitron,0.036955749421193514,0.1294233940826276,-0.010833090364746658,0.08457615700076403
1346,C4-2B,CTCF,hAT-Tag1,-0.02132086983041946,0.38219182738752033,-0.06905193434801792,0.026507585919202138
1347,C4-2B,CTCF,tRNA,0.025016373585944284,0.33228777613215754,-0.025569937486723572,0.0754748955738046
1348,C4-2B,CTCF,Penelope,-0.02956762959639477,0.45033055105735964,-0.10601026287325471,0.04722243343828606
1349,C4-2B,CTCF,TcMar-Tc1,0.009881617518161084,0.8011631355896396,-0.06695493289633518,0.08660165420267169
1350,C4-2B,CTCF,Dong-R4,0.04067724465893835,0.40123154324350685,-0.05435820049842961,0.1349823557428007
1351,C4-2B,CTCF,tRNA-Deu,-0.0015296957737440547,0.975125137785575,-0.09743054007035555,0.09439929398476167
1352,C4-2B,CTCF,Kolobok,-0.039620724366245315,0.45741220501125524,-0.143304420991654,0.06492326096902164
1353,C4-2B,CTCF,PIF-Harbinger,0.07997704907750329,0.13592897910034715,-0.02538299485028882,0.18357985875146438
1354,C4-2B,CTCF,Crypton,0.02960865540795967,0.6198951897545577,-0.08731568771618675,0.14572828710088903
1355,C4-2B,CTCF,Merlin,0.060182254724549605,0.3844133232739756,-0.07562232600082693,0.19379485779486652
1356,C4-2B,CTCF,TcMar,-0.13067195753748673,0.06379241857108896,-0.2645117715843293,0.00810640315568869
1357,C4-2B,CTCF,L1-Tx1,0.021345138074599274,0.8044613452104337,-0.14691509333818034,0.18840482014908932
1358,C4-2B,CTCF,Crypton-A,-0.14759048073618797,0.09379152039865932,-0.31270392319660006,0.02618088559805582
1359,C4-2B,CTCF,I-Jockey,0.20783986655546288,0.030110363177519885,0.018497109339325322,0.3827912397836851
1360,C4-2B,CTCF,hAT-Tip100?,-0.057342657342657345,0.650034262359926,-0.29727323688673024,0.1893998135889677
1361,C4-2B,CTCF,TcMar-Pogo,0.12316715542521992,0.5018495355231954,-0.2369480944500325,0.4535253281504284
1362,C4-2B,CTCF,hAT?,-0.0411096256684492,0.8203095538402494,-0.37919813855398987,0.3066624052063312
1363,C4-2B,CTCF,hAT-hAT19,0.34705882352941175,0.18783442010629964,-0.19509660312578558,0.72675812907969
1364,C4-2B,H3K27ac,Alu,0.001897677597257427,0.04641752356546194,3.01207128898849e-05,0.0037652212443500107
1365,C4-2B,H3K27ac,L1,0.0030186148308839053,0.028629133732946024,0.00031528609071089324,0.005721899451383436
1366,C4-2B,H3K27ac,MIR,-0.0014260955597263066,0.31383618741143116,-0.004201176874516814,0.0013490077202241721
1367,C4-2B,H3K27ac,L2,-0.0012223101452240373,0.46559331084999067,-0.0045055381578913865,0.0020609442196892988
1368,C4-2B,H3K27ac,ERVL-MaLR,0.0004059395893811063,0.8399426109856998,-0.0035334431538493714,0.004345309733310843
1369,C4-2B,H3K27ac,hAT-Charlie,0.0004315595538528122,0.8412818539770386,-0.003792266947095456,0.004655370656196388
1370,C4-2B,H3K27ac,ERV1,-0.0008518249485485827,0.7821366624547734,-0.006889095552534591,0.00518550775183673
1371,C4-2B,H3K27ac,ERVL,-0.00013986876954781373,0.964380157564656,-0.006278447239739304,0.005998720241772671
1372,C4-2B,H3K27ac,TcMar-Tigger,0.001579801585857957,0.6242980069699163,-0.004742268143942022,0.007901745033058433
1373,C4-2B,H3K27ac,hAT-Tip100,0.0022750061994515755,0.6018589658907856,-0.006271417742014075,0.01082109781301664
1374,C4-2B,H3K27ac,CR1,0.0037562649533158074,0.42764460984291575,-0.005525016673064723,0.013036899469917948
1375,C4-2B,H3K27ac,Gypsy,-0.0035260801370746676,0.659717844312351,-0.019220072237546917,0.012169649134124577
1376,C4-2B,H3K27ac,hAT-Blackjack,0.0015761670299693027,0.850635561970062,-0.014828292186448362,0.01797977797524662
1377,C4-2B,H3K27ac,TcMar-Mariner,0.005280424653917424,0.5451414186788368,-0.01182445626082928,0.022382216179505105
1378,C4-2B,H3K27ac,RTE-X,0.012229691808578013,0.23520820313064206,-0.007964298470289781,0.0324137110519294
1379,C4-2B,H3K27ac,ERVK,-0.0006506754006444842,0.9559591625277375,-0.02373980309229713,0.02243914607243354
1380,C4-2B,H3K27ac,TcMar-Tc2,-0.01185991034848929,0.34972390535304243,-0.03670435582697999,0.012999186800804008
1381,C4-2B,H3K27ac,SVA,-0.039327418412501196,0.006012643727113361,-0.067327741265549,-0.011265196686024007
1382,C4-2B,H3K27ac,RTE-BovB,0.005174664169578948,0.7260871991307571,-0.02377264315456212,0.03411330167440869
1383,C4-2B,H3K27ac,tRNA-RTE,0.018108598948578337,0.26542519344289756,-0.013765765280473595,0.049946197792367385
1384,C4-2B,H3K27ac,hAT-Ac,-0.008672635193158125,0.6338932151379923,-0.04433919033710885,0.02701600024463677
1385,C4-2B,H3K27ac,hAT,0.012680161513930732,0.5186631069913676,-0.025827151373491567,0.05114990043275421
1386,C4-2B,H3K27ac,MULE-MuDR,-0.03973662636295423,0.056833556631882116,-0.08051163465808786,0.0011711541642888785
1387,C4-2B,H3K27ac,PiggyBac,-0.01477930574464667,0.5119780255997055,-0.058895555912840014,0.0293945603969151
1388,C4-2B,H3K27ac,5S-Deu-L2,-0.010639968721863279,0.647333442110474,-0.05617534672669488,0.03493958041063973
1389,C4-2B,H3K27ac,Helitron,0.015762781244150644,0.5224017940331261,-0.03253699506364289,0.06398910615636955
1390,C4-2B,H3K27ac,hAT-Tag1,0.010137146710040684,0.6779043531283864,-0.0376925832037954,0.057920535641610725
1391,C4-2B,H3K27ac,tRNA,0.024375845371298145,0.349685387243181,-0.026723005468909107,0.07534764205303324
1392,C4-2B,H3K27ac,Penelope,0.029595183590037866,0.4523531294960159,-0.04761045899127778,0.10644930797657327
1393,C4-2B,H3K27ac,TcMar-Tc1,0.040953526238908605,0.3125784166232611,-0.03859021498368633,0.1199815197930349
1394,C4-2B,H3K27ac,Dong-R4,-0.04350489443459228,0.36927658973613364,-0.1377678914815497,0.051539113082788975
1395,C4-2B,H3K27ac,tRNA-Deu,-0.10464704660623049,0.034593368273858,-0.19995841422191926,-0.007373776664759313
1396,C4-2B,H3K27ac,Kolobok,-0.03792233286881462,0.48779228517730266,-0.14421115935761372,0.06923155233551079
1397,C4-2B,H3K27ac,PIF-Harbinger,0.027681882147090935,0.6120586402772779,-0.07924929285652167,0.13398325845173997
1398,C4-2B,H3K27ac,Crypton,0.007654292732752962,0.9018656204166243,-0.11364056055768186,0.12872432364616157
1399,C4-2B,H3K27ac,Merlin,0.03422222162029573,0.6410447261140393,-0.10946560921520491,0.1765090726403252
1400,C4-2B,H3K27ac,TcMar,0.00992326302133079,0.8930655362373121,-0.1341511303535511,0.15358682776358598
1401,C4-2B,H3K27ac,L1-Tx1,0.021317135269647357,0.8047127422038781,-0.14694245461780897,0.1883777501359473
1402,C4-2B,H3K27ac,Crypton-A,-0.07203014522464937,0.4323786639651145,-0.24756606910327192,0.10808422136632384
1403,C4-2B,H3K27ac,I-Jockey,0.11893244370308592,0.2180413484798248,-0.07142070690403642,0.30092695432072925
1404,C4-2B,H3K27ac,hAT-Tip100?,0.14061355311355309,0.2677519369037136,-0.11018443890456936,0.3745769699902233
1405,C4-2B,H3K27ac,TcMar-Pogo,0.0251231527093596,0.8970717487166657,-0.34460855888386854,0.3881072136210017
1406,C4-2B,H3K27ac,hAT?,-0.22058823529411767,0.21735696636640467,-0.5273304264105405,0.137023996643634
1407,C4-2B,H3K27ac,hAT-hAT19,-0.02727272727272728,0.9365584481926122,-0.6171323985426411,0.5822111755078457
1408,RWPE2,CTCF,Alu,-0.00043251046673824223,0.6492535401254674,-0.00229641646244134,0.001431398534178899
1409,RWPE2,CTCF,L1,0.0007536969251987891,0.5836437237304771,-0.00194161221269192,0.003448995112376705
1410,RWPE2,CTCF,MIR,-0.0007195486338343825,0.6050335719656104,-0.0034464433631639546,0.0020073567966050524
1411,RWPE2,CTCF,L2,0.0005816072175893702,0.7282034720831573,-0.002698606914633385,0.003861808833895439
1412,RWPE2,CTCF,ERVL-MaLR,0.002089536124399869,0.2968450954782014,-0.0018362054295680622,0.0060152132735938
1413,RWPE2,CTCF,hAT-Charlie,-0.0012770444069809433,0.54897680308943,-0.0054535148186598105,0.0028994705559746104
1414,RWPE2,CTCF,ERV1,-0.004629185018379527,0.12955041956336913,-0.010614234755814115,0.0013561963869507141
1415,RWPE2,CTCF,ERVL,0.005431027655040291,0.08191589147751112,-0.0006877595476918365,0.011549408202267967
1416,RWPE2,CTCF,TcMar-Tigger,0.002706485348856263,0.394127753773986,-0.0035184679456650224,0.00893122889605857
1417,RWPE2,CTCF,hAT-Tip100,-0.00012673945998613532,0.9766754539649344,-0.008622769797948219,0.00836930917476577
1418,RWPE2,CTCF,CR1,-0.008148282469466693,0.08411703432511607,-0.01739300389424932,0.0010978320415604397
1419,RWPE2,CTCF,Gypsy,0.005276246414653164,0.5087605372646684,-0.010374132458910374,0.020924040975007434
1420,RWPE2,CTCF,hAT-Blackjack,0.014719791544146954,0.0709013323767617,-0.0012548514250193448,0.030686923753964902
1421,RWPE2,CTCF,TcMar-Mariner,-0.00584249454087904,0.4772899083735923,-0.021952697838579283,0.010270742137686362
1422,RWPE2,CTCF,RTE-X,0.0073607100210871515,0.47463041206706713,-0.012817752247366983,0.02753317961941766
1423,RWPE2,CTCF,ERVK,-0.01489964107649238,0.20041963822241077,-0.03769447611232162,0.007910691768263912
1424,RWPE2,CTCF,TcMar-Tc2,0.011534606431827042,0.351290745108906,-0.012721313718258808,0.03577695960487214
1425,RWPE2,CTCF,SVA,0.0070185152411478035,0.6224162323329377,-0.020915503236692428,0.03494158424635744
1426,RWPE2,CTCF,RTE-BovB,0.0050364795401899995,0.7328390564930014,-0.023879226126654426,0.033943765263157524
1427,RWPE2,CTCF,tRNA-RTE,-0.040147503747376405,0.012464352897069354,-0.07156518755637388,-0.00865023402824438
1428,RWPE2,CTCF,hAT-Ac,-0.014768211206957947,0.4151239119974308,-0.05025317434732847,0.020753990834707133
1429,RWPE2,CTCF,hAT,0.0007210902824198652,0.9701692395729642,-0.03705853203717562,0.038498654288970285
1430,RWPE2,CTCF,MULE-MuDR,0.04539757395970783,0.02915457311111486,0.004592871608794717,0.08605134834930034
1431,RWPE2,CTCF,PiggyBac,0.02766090603081846,0.2056711729826497,-0.01519068394334641,0.07041107367652225
1432,RWPE2,CTCF,5S-Deu-L2,0.045562644347498196,0.047941175889028284,0.00039159744887541333,0.09054813565117341
1433,RWPE2,CTCF,Helitron,0.002615791709956983,0.9143272173132986,-0.04501628056650354,0.05023599737095378
1434,RWPE2,CTCF,hAT-Tag1,-0.011690897047411965,0.631542437372398,-0.059412794564456736,0.0360843164665601
1435,RWPE2,CTCF,tRNA,-0.009976036525353256,0.6988817908011573,-0.0604593192878022,0.04055815166954683
1436,RWPE2,CTCF,Penelope,-0.0065737978509154355,0.8661383318608735,-0.08284984869170162,0.0697788262744463
1437,RWPE2,CTCF,TcMar-Tc1,0.019398579461862603,0.6210060485558884,-0.057478117059024524,0.09604657979579177
1438,RWPE2,CTCF,Dong-R4,0.043873761573585274,0.3652275530703716,-0.0511712789000456,0.1381311821853235
1439,RWPE2,CTCF,tRNA-Deu,0.061861324287740375,0.2068842019221858,-0.034348914362170226,0.15693551076943232
1440,RWPE2,CTCF,Kolobok,0.020609769097715964,0.6995781560110756,-0.08396475986464585,0.12473527291083197
1441,RWPE2,CTCF,PIF-Harbinger,0.15753140666529888,0.0031693437790794128,0.0527851507878057,0.2588489291784011
1442,RWPE2,CTCF,Crypton,-0.09190765316488769,0.12294013075580634,-0.20653104022638277,0.025204247468023352
1443,RWPE2,CTCF,Merlin,-0.03776880899469152,0.5844707688363631,-0.17169115670817633,0.09752414103758925
1444,RWPE2,CTCF,TcMar,-0.06359671537411794,0.3673590776147566,-0.19969331338826635,0.07490720416327262
1445,RWPE2,CTCF,L1-Tx1,-0.022392909693216865,0.7950694920802533,-0.18941755329397938,0.14589118695656486
1446,RWPE2,CTCF,Crypton-A,-0.03894767607298079,0.6587267229729408,-0.20913924423155247,0.13353397804549197
1447,RWPE2,CTCF,I-Jockey,-0.09410619961078677,0.33038801318817,-0.2776878878662956,0.09610650888448272
1448,RWPE2,CTCF,hAT-Tip100?,-0.058241758241758236,0.6475709500886913,-0.2999531667204112,0.19049681999703047
1449,RWPE2,CTCF,TcMar-Pogo,-0.4134897360703812,0.018654581630068674,-0.674529209637969,-0.06054529539625811
1450,RWPE2,CTCF,hAT?,-0.2491978609625668,0.15524554168326257,-0.5455338384428646,0.10252433734975418
1451,RWPE2,CTCF,hAT-hAT19,0.07058823529411765,0.795039302337628,-0.4410769542672359,0.5476222736656013
1452,RWPE2,H3K27ac,Alu,0.0031317975150816444,0.0010013786366187283,0.0012661589618853059,0.004997414267204884
1453,RWPE2,H3K27ac,L1,0.0009754670219652307,0.47820583793232196,-0.001720393615315452,0.0036713134805727537
1454,RWPE2,H3K27ac,MIR,0.00027114725395339223,0.8455348144630983,-0.0024567116662066344,0.002999002138789451
1455,RWPE2,H3K27ac,L2,-0.0031500043295248563,0.05983156989051344,-0.006430384442983749,0.0001304435797312572
1456,RWPE2,H3K27ac,ERVL-MaLR,-0.0029973682563342358,0.13467845338802392,-0.006924499049659388,0.0009298549929604011
1457,RWPE2,H3K27ac,hAT-Charlie,0.00118868343802841,0.5771367306239832,-0.002989747412690132,0.005367072781976267
1458,RWPE2,H3K27ac,ERV1,-0.005147443298289503,0.09197055722232997,-0.011134210583740388,0.0008396930026510568
1459,RWPE2,H3K27ac,ERVL,0.005067207942857913,0.10466704774492094,-0.0010534625466496563,0.011187498784524809
1460,RWPE2,H3K27ac,TcMar-Tigger,-0.0012103904763766473,0.7032223429115141,-0.007437261031164052,0.005016573943122691
1461,RWPE2,H3K27ac,hAT-Tip100,-0.0015427668525202587,0.722023283561217,-0.01004203433713386,0.006956723529857742
1462,RWPE2,H3K27ac,CR1,-0.0009266044360615329,0.8443058467906919,-0.010173838202335434,0.008320787803423935
1463,RWPE2,H3K27ac,Gypsy,-0.011125458541428,0.16356140781094453,-0.026772191077473573,0.00452672404149748
1464,RWPE2,H3K27ac,hAT-Blackjack,0.0070598714476974266,0.3867247342162523,-0.00892650138329738,0.02304263641363431
1465,RWPE2,H3K27ac,TcMar-Mariner,-0.005939493469355187,0.47078870026466946,-0.022078036187126948,0.010202143863425231
1466,RWPE2,H3K27ac,RTE-X,0.004091498334407196,0.6910618702536994,-0.016086199466672026,0.024265865008659387
1467,RWPE2,H3K27ac,ERVK,-0.018242031206135427,0.11736748906299381,-0.041057951638269585,0.004592903752167305
1468,RWPE2,H3K27ac,TcMar-Tc2,-0.013690894355025737,0.2686121616444571,-0.03793284602966656,0.01056716254542977
1469,RWPE2,H3K27ac,SVA,-0.006849544084153066,0.631062816506629,-0.03479265701328605,0.021104269931959355
1470,RWPE2,H3K27ac,RTE-BovB,0.008243466013044952,0.5763573288894572,-0.020673997546235348,0.037147148508768775
1471,RWPE2,H3K27ac,tRNA-RTE,0.04094067798399712,0.01085083313167293,0.009435995962117362,0.0723641624388615
1472,RWPE2,H3K27ac,hAT-Ac,0.004172206974970877,0.8179279564895975,-0.03134197421545041,0.039675866649187014
1473,RWPE2,H3K27ac,hAT,-0.028316900462947877,0.14195571841420984,-0.06603942039140928,0.009486446199942357
1474,RWPE2,H3K27ac,MULE-MuDR,0.01468198138104021,0.4808086930271718,-0.02613693396148981,0.05545201901201879
1475,RWPE2,H3K27ac,PiggyBac,0.04065862605148054,0.0629191829286545,-0.0022087769446714383,0.08337687267143246
1476,RWPE2,H3K27ac,5S-Deu-L2,0.02293660763958846,0.31997649121040983,-0.022276854633684607,0.06805643820536425
1477,RWPE2,H3K27ac,Helitron,0.01308956710459705,0.5903224480899665,-0.03456039874003288,0.06068015661594619
1478,RWPE2,H3K27ac,hAT-Tag1,-0.002612173831896542,0.9146722934965728,-0.050359411775719364,0.04514697762619751
1479,RWPE2,H3K27ac,tRNA,-0.05156092735269836,0.045506749200295626,-0.10185817042339015,-0.0010007424576812262
1480,RWPE2,H3K27ac,Penelope,-0.0009114732493543606,0.9813537078932497,-0.07722291238838642,0.07541058318728741
1481,RWPE2,H3K27ac,TcMar-Tc1,0.046824249343509206,0.23212473289670388,-0.03005067280472409,0.12314848904203768
1482,RWPE2,H3K27ac,Dong-R4,0.06925618285807114,0.15262785919388164,-0.025813185874996432,0.1630840449479864
1483,RWPE2,H3K27ac,tRNA-Deu,-0.08376392881150677,0.08756646003098775,-0.1785228149888362,0.012534472568472585
1484,RWPE2,H3K27ac,Kolobok,0.050495447563159414,0.34348062700679916,-0.05409052738500111,0.1539855419391765
1485,RWPE2,H3K27ac,PIF-Harbinger,-0.0003438944987777845,0.9948998071442305,-0.10547108808269043,0.10479090089180321
1486,RWPE2,H3K27ac,Crypton,-0.013971231852819765,0.8149821253397842,-0.1303620171211267,0.10279939427784335
1487,RWPE2,H3K27ac,Merlin,0.038627079579379234,0.5768676403848276,-0.0969974958544634,0.17284329487848857
1488,RWPE2,H3K27ac,TcMar,0.04288162855095664,0.54454193498578,-0.0957993864027641,0.17992962799833256
1489,RWPE2,H3K27ac,L1-Tx1,0.04662233667786366,0.5885112109300499,-0.1221380869250562,0.2127626789780522
1490,RWPE2,H3K27ac,Crypton-A,-0.11322371292597624,0.19787501238067182,-0.27983551040163274,0.06000881744175058
1491,RWPE2,H3K27ac,I-Jockey,-0.045880826614771573,0.635687420018349,-0.23207526128642736,0.14355707879149077
1492,RWPE2,H3K27ac,hAT-Tip100?,0.07129120879120879,0.57561449384946,-0.17793946674671962,0.31192698933885765
1493,RWPE2,H3K27ac,TcMar-Pogo,-0.344208211143695,0.05372104102668467,-0.6251653597512569,0.015721559984820555
1494,RWPE2,H3K27ac,hAT?,0.06860198624904508,0.6998615788868094,-0.27634815862727335,0.39789355238353435
1495,RWPE2,H3K27ac,hAT-hAT19,0.12058823529411765,0.6564245147485952,-0.4006230717558349,0.582835796857242
1496,RWPE2,H3K36me3,Alu,-0.00042660718738990336,0.6535020739944513,-0.0022892241576093287,0.001436012742927211
1497,RWPE2,H3K36me3,L1,0.00029630771881848775,0.82938881399758,-0.002398777368081841,0.0029913885012727856
1498,RWPE2,H3K36me3,MIR,0.000810021177353341,0.5602832660691127,-0.001915863819107049,0.003535894136216874
1499,RWPE2,H3K36me3,L2,0.0003326481430060327,0.8424421153280749,-0.0029473985034396554,0.003612687631739403
1500,RWPE2,H3K36me3,ERVL-MaLR,-0.0028251579333921336,0.15827040414395424,-0.006749640333828586,0.001099411493359462
1501,RWPE2,H3K36me3,hAT-Charlie,0.00045181001450211557,0.8320084425301848,-0.0037227241072428684,0.004626328389156379
1502,RWPE2,H3K36me3,ERV1,0.0017124465431283876,0.5748101234638872,-0.004270514685195793,0.007695285176731387
1503,RWPE2,H3K36me3,ERVL,-0.0019384518883863002,0.5345658402643377,-0.008055829429917073,0.004179070739817759
1504,RWPE2,H3K36me3,TcMar-Tigger,-0.0006808776516560321,0.8302028929894824,-0.006903911597699636,0.0055422090304010916
1505,RWPE2,H3K36me3,hAT-Tip100,0.004712240791914768,0.2769025230222059,-0.003782082247860584,0.01320588386146873
1506,RWPE2,H3K36me3,CR1,-0.00020307006999762173,0.9656581314886861,-0.009447182360120423,0.009041076926398866
1507,RWPE2,H3K36me3,Gypsy,0.010536078566237369,0.1869004605336486,-0.0051111207518497875,0.02617811981409577
1508,RWPE2,H3K36me3,hAT-Blackjack,0.0020315462931042257,0.8030346061625396,-0.013931805666101936,0.01799386292297058
1509,RWPE2,H3K36me3,TcMar-Mariner,-0.006513467866892196,0.42767962130740267,-0.02260546534704789,0.009581903819798215
1510,RWPE2,H3K36me3,RTE-X,-0.016281546645548706,0.11373239031380379,-0.03644612702101351,0.0038962864342525186
1511,RWPE2,H3K36me3,ERVK,0.010657912819694514,0.35965762997523454,-0.012147435378000202,0.03345217912778891
1512,RWPE2,H3K36me3,TcMar-Tc2,-0.009836066955333943,0.4265732499296576,-0.034072660314585355,0.014412088691807406
1513,RWPE2,H3K36me3,SVA,-0.01512464035151477,0.2888379042990614,-0.04305180534548682,0.012826142213636867
1514,RWPE2,H3K36me3,RTE-BovB,-0.004146639555885269,0.7786787879885857,-0.033054846107671225,0.02476849934111534
1515,RWPE2,H3K36me3,tRNA-RTE,0.0012526606736499423,0.9378339235255522,-0.03021970404420882,0.03272254403806712
1516,RWPE2,H3K36me3,hAT-Ac,-0.019302056928666354,0.2867386075217144,-0.05477138004769941,0.016215917721919503
1517,RWPE2,H3K36me3,hAT,-0.020493477081387653,0.2875534623175485,-0.05820996236801873,0.017281428357080363
1518,RWPE2,H3K36me3,MULE-MuDR,0.0007691936187213792,0.9705381753023119,-0.04003312995140444,0.04156895619546237
1519,RWPE2,H3K36me3,PiggyBac,-0.01803316122406298,0.4092748264058843,-0.060804878366927266,0.024804659832523692
1520,RWPE2,H3K36me3,5S-Deu-L2,0.003789625670683627,0.8694317044315076,-0.0413780603103225,0.04894185414022046
1521,RWPE2,H3K36me3,Helitron,0.01334169188963995,0.5830729046904247,-0.03429453744684224,0.06091743713046534
1522,RWPE2,H3K36me3,hAT-Tag1,0.014540848380321072,0.5508597793681171,-0.03323819138485216,0.06225357750042051
1523,RWPE2,H3K36me3,tRNA,-0.041452708549928434,0.10794806167151903,-0.09181126417727921,0.009117340297143358
1524,RWPE2,H3K36me3,Penelope,-0.02672524873190497,0.4927597503627029,-0.10278829419446324,0.049648524458633714
1525,RWPE2,H3K36me3,TcMar-Tc1,0.014992344962606931,0.7021648164128247,-0.06180807559385337,0.09161627344686543
1526,RWPE2,H3K36me3,Dong-R4,0.15240641230384627,0.0015653888656821898,0.0579155669490743,0.24419081683371716
1527,RWPE2,H3K36me3,tRNA-Deu,0.09841168779589424,0.04433705854922387,0.00228773009749612,0.19273367431795277
1528,RWPE2,H3K36me3,Kolobok,0.026087312212622144,0.6242241375259825,-0.07823079006740594,0.12984032739045176
1529,RWPE2,H3K36me3,PIF-Harbinger,0.20010677966197835,0.00016787317459584976,0.09612814055184933,0.29976527358691535
1530,RWPE2,H3K36me3,Crypton,-0.02677660602260523,0.6537642551641827,-0.14294845600308204,0.09012304241358722
1531,RWPE2,H3K36me3,Merlin,-0.035600011839534165,0.6062436088320435,-0.16957743457833208,0.09966940980956823
1532,RWPE2,H3K36me3,TcMar,-0.18515964270856694,0.008175454494851152,-0.315906719168164,-0.04751128100053246
1533,RWPE2,H3K36me3,L1-Tx1,0.045709911949847006,0.5958374166788687,-0.12303520914921469,0.2118861234500325
1534,RWPE2,H3K36me3,Crypton-A,0.01836882584527507,0.835038914955429,-0.15365501586693223,0.1893119845545641
1535,RWPE2,H3K36me3,I-Jockey,-0.038745250671856184,0.6891572627601903,-0.22527347055374283,0.15052279381551445
1536,RWPE2,H3K36me3,hAT-Tip100?,-0.02394688644688644,0.8510129044322392,-0.2682109638322216,0.22321027444688007
1537,RWPE2,H3K36me3,TcMar-Pogo,-0.1191348973607038,0.5160571968429095,-0.45019808524589094,0.24072345960045885
1538,RWPE2,H3K36me3,hAT?,-0.10557677616501145,0.5523440839322569,-0.4292453350126444,0.24212273679142726
1539,RWPE2,H3K36me3,hAT-hAT19,0.0029411764705882353,0.9913748045563624,-0.4934845205018354,0.49792144373831837
1540,22Rv1,CTCF,Alu,-0.0006284347229887442,0.5081551510156666,-0.002489825590172987,0.0012329604989784488
1541,22Rv1,CTCF,L1,-6.979687817096957e-05,0.959516445967582,-0.0027647928475273737,0.0026252001050557305
1542,22Rv1,CTCF,MIR,-0.0011941231863493152,0.3903673387700538,-0.003918869357385502,0.0015306407157458382
1543,22Rv1,CTCF,L2,-0.0028714140112946155,0.08619312724254671,-0.006151328096595085,0.0004085618560833545
1544,22Rv1,CTCF,ERVL-MaLR,0.005127829439801263,0.010410047786974358,0.0012048117685858834,0.00905068927793266
1545,22Rv1,CTCF,hAT-Charlie,0.000809198080858948,0.7039091308149874,-0.0033639401699423798,0.004982308147328914
1546,22Rv1,CTCF,ERV1,0.0043319620542101155,0.1557187906532667,-0.0016489044528098602,0.010312518656286922
1547,22Rv1,CTCF,ERVL,0.0012694112387976874,0.6841073021539295,-0.00484562441816356,0.0073843519612125305
1548,22Rv1,CTCF,TcMar-Tigger,0.003408151549657436,0.2829629182396263,-0.002813295466446425,0.009629334739310423
1549,22Rv1,CTCF,hAT-Tip100,0.0006309241624129827,0.8842290478351782,-0.007861409234952106,0.00912316655656093
1550,22Rv1,CTCF,CR1,-0.0064457403664030955,0.1717189915544116,-0.015688517489445813,0.0027981382390400975
1551,22Rv1,CTCF,Gypsy,-0.005853368924256844,0.4633879964739719,-0.021495961729231353,0.00979208903355279
1552,22Rv1,CTCF,hAT-Blackjack,0.010312550980126766,0.205204470136676,-0.005642692502332297,0.026262545103805233
1553,22Rv1,CTCF,TcMar-Mariner,0.003989067203660061,0.6269051931507406,-0.012095128224720338,0.020071198909939397
1554,22Rv1,CTCF,RTE-X,-0.003235599137814223,0.7532838882688664,-0.023408271621073038,0.016939707084998586
1555,22Rv1,CTCF,ERVK,0.008316557338799498,0.47447797927375013,-0.014474453800023003,0.031098931412528306
1556,22Rv1,CTCF,TcMar-Tc2,-0.026622034220467803,0.03133940498936217,-0.050832090239934416,-0.0023807079539784107
1557,22Rv1,CTCF,SVA,-0.024106189420831557,0.09033953323796705,-0.051970894231452,0.0037960216768066018
1558,22Rv1,CTCF,RTE-BovB,0.0006865783738312717,0.9628732396795648,-0.028216597858441786,0.029588607524735917
1559,22Rv1,CTCF,tRNA-RTE,-0.009446386693117956,0.5562214773264165,-0.04088988314155622,0.022015801688970788
1560,22Rv1,CTCF,hAT-Ac,0.01599764449866843,0.37744521761587946,-0.01953093581595183,0.05148587334176637
1561,22Rv1,CTCF,hAT,-0.0018482120684242054,0.9235979908144207,-0.039603052160918376,0.03591189776378585
1562,22Rv1,CTCF,MULE-MuDR,-0.003324115752970004,0.8731610902123863,-0.04411047029021149,0.037473301416949656
1563,22Rv1,CTCF,PiggyBac,0.041238799691777316,0.058948565501560884,-0.0015769277887795344,0.08390360663916058
1564,22Rv1,CTCF,5S-Deu-L2,0.048098474922771556,0.03673928822863961,0.0029423184702211305,0.0930588757128911
1565,22Rv1,CTCF,Helitron,-0.005733487837423596,0.8135276029331684,-0.053331647666153045,0.041890666439778415
1566,22Rv1,CTCF,hAT-Tag1,0.013753519974977903,0.5726367096000875,-0.03402452086102839,0.061468839923569385
1567,22Rv1,CTCF,tRNA,-0.008730919442902723,0.7349504176204447,-0.05921825869344721,0.04180097220964273
1568,22Rv1,CTCF,Penelope,0.006638215166443229,0.8649409725010927,-0.06977271239098431,0.08297170171006546
1569,22Rv1,CTCF,TcMar-Tc1,-0.039539369379218016,0.3123074819247202,-0.115825931892583,0.03721092540888229
1570,22Rv1,CTCF,Dong-R4,0.01633002374564712,0.7362129283954721,-0.07858471029109936,0.11095136099298158
1571,22Rv1,CTCF,tRNA-Deu,0.01930686379095544,0.6938878916783087,-0.07675926016557144,0.11501781833262723
1572,22Rv1,CTCF,Kolobok,0.12751424027905253,0.01622121902121616,0.023317732094266963,0.22897019052219708
1573,22Rv1,CTCF,PIF-Harbinger,0.12000382515399152,0.02496646770688192,0.014836834336258419,0.22254477452429883
1574,22Rv1,CTCF,Crypton,0.15869589129168304,0.007476633899350618,0.04215820040220312,0.27097336024657454
1575,22Rv1,CTCF,Merlin,-0.0537400730623747,0.4363309990353518,-0.18722836096980305,0.08169700484046036
1576,22Rv1,CTCF,TcMar,-0.005035176301246339,0.9431608545958579,-0.14264695860346255,0.13276757778491954
1577,22Rv1,CTCF,L1-Tx1,0.1414561692146123,0.09918177476328,-0.027741697739752574,0.3027743594196934
1578,22Rv1,CTCF,Crypton-A,0.0008140790297600837,0.9926370178999426,-0.17073528430787607,0.17231554035192245
1579,22Rv1,CTCF,I-Jockey,0.0679825780743212,0.4824363259134432,-0.12189164705554302,0.25305669392167796
1580,22Rv1,CTCF,hAT-Tip100?,0.0347985347985348,0.784865409025634,-0.21290378145848726,0.27829798804831407
1581,22Rv1,CTCF,TcMar-Pogo,-0.48497067448680353,0.004904960786989916,-0.7231539655906488,-0.14369986913797606
1582,22Rv1,CTCF,hAT?,-0.25805958747135216,0.1406055465878119,-0.552422461393398,0.09352999823478851
1583,22Rv1,CTCF,hAT-hAT19,0.09999999999999999,0.7125163701282782,-0.41746509450285557,0.56848990775716
1584,22Rv1,H3K27ac,Alu,-0.0006639009841161674,0.4846686902274081,-0.0025259417277672127,0.0011981443632976057
1585,22Rv1,H3K27ac,L1,0.0010426311253602793,0.448348924898034,-0.001652699451289954,0.0037379465530515653
1586,22Rv1,H3K27ac,MIR,0.0003367122516090626,0.8086433770564287,-0.002388337648283589,0.0030617571507293557
1587,22Rv1,H3K27ac,L2,-0.0013551449546863657,0.4180886327966272,-0.00463521972285134,0.0019249589735037063
1588,22Rv1,H3K27ac,ERVL-MaLR,0.0003461767138982703,0.8627108759075734,-0.0035774574814727237,0.004269800250581488
1589,22Rv1,H3K27ac,hAT-Charlie,-0.0005437928727406452,0.7984476388074769,-0.0047175899172720625,0.003630023118258789
1590,22Rv1,H3K27ac,ERV1,0.0014464446270500172,0.63553094582031,-0.004535061863672406,0.0074278476163404114
1591,22Rv1,H3K27ac,ERVL,0.0009618034678129483,0.7578970905268873,-0.005153789397240911,0.007077324389831389
1592,22Rv1,H3K27ac,TcMar-Tigger,-0.004783452533470447,0.13186777937350871,-0.011005282222866421,0.0014387475324839935
1593,22Rv1,H3K27ac,hAT-Tip100,0.0037966873125337944,0.380959705783668,-0.004696821685474968,0.012289648554243724
1594,22Rv1,H3K27ac,CR1,-0.0028797750621110526,0.5414879197579292,-0.01212360141252654,0.006364543462503885
1595,22Rv1,H3K27ac,Gypsy,0.002526598343561682,0.75161790670825,-0.013118870868143534,0.0181708307200981
1596,22Rv1,H3K27ac,hAT-Blackjack,0.00659132555088451,0.418184218045619,-0.009366367176712579,0.022545661903551364
1597,22Rv1,H3K27ac,TcMar-Mariner,0.004849990262129439,0.5546296384734144,-0.01123867049482433,0.02093614056030577
1598,22Rv1,H3K27ac,RTE-X,0.009902614049234476,0.33603412538066646,-0.010273011675413888,0.030070180369542204
1599,22Rv1,H3K27ac,ERVK,0.02684882354766341,0.0210029501866923,0.0040454444266178734,0.049624294264538175
1600,22Rv1,H3K27ac,TcMar-Tc2,0.021960214497509838,0.07585501443985286,-0.002288058044087321,0.04618267780159539
1601,22Rv1,H3K27ac,SVA,-0.00677171951850474,0.6344658535901151,-0.034675231375829035,0.021142341811866694
1602,22Rv1,H3K27ac,RTE-BovB,0.006219958094125934,0.6733097871980422,-0.022693302019142464,0.03512282206549028
1603,22Rv1,H3K27ac,tRNA-RTE,-0.009832485090538613,0.5402484318632611,-0.04127947294157686,0.02163396362214812
1604,22Rv1,H3K27ac,hAT-Ac,-0.010791157912881544,0.5516141299626464,-0.04628966250852768,0.02473456752967853
1605,22Rv1,H3K27ac,hAT,0.0004320054461277199,0.9821124272544648,-0.037319172167162545,0.038181951753007856
1606,22Rv1,H3K27ac,MULE-MuDR,-0.014455629943854312,0.4875992165994223,-0.05522624574986776,0.026363110186691116
1607,22Rv1,H3K27ac,PiggyBac,-0.006957327153082589,0.7501733025791769,-0.0497480084978555,0.03585884892791522
1608,22Rv1,H3K27ac,5S-Deu-L2,0.000920859303107691,0.9681212959131114,-0.04421747366219699,0.046055440132397235
1609,22Rv1,H3K27ac,Helitron,0.025301692029241464,0.29783915722084625,-0.022345166785937873,0.07283387295519865
1610,22Rv1,H3K27ac,hAT-Tag1,0.005121874883412965,0.8335959279570552,-0.04264230611817178,0.0528626964368808
1611,22Rv1,H3K27ac,tRNA,-0.00610830147362264,0.8127719530480573,-0.05660380206187898,0.04441836934623135
1612,22Rv1,H3K27ac,Penelope,-0.04890091339957834,0.20960348790704728,-0.12479712614509428,0.027564244540370677
1613,22Rv1,H3K27ac,TcMar-Tc1,-0.005484022598035433,0.8885925290307535,-0.0820578420792544,0.07115416455871873
1614,22Rv1,H3K27ac,Dong-R4,-0.019250732119022108,0.6912684038774397,-0.11383852468872523,0.0756829149880082
1615,22Rv1,H3K27ac,tRNA-Deu,0.06028225433784057,0.21873393496849924,-0.03592730988580987,0.15538465877209595
1616,22Rv1,H3K27ac,Kolobok,0.16654834553298867,0.001638496471645676,0.06284312606050955,0.2666954009924754
1617,22Rv1,H3K27ac,PIF-Harbinger,0.057835478160206046,0.2812650771934783,-0.047520480447099,0.16191875590202356
1618,22Rv1,H3K27ac,Crypton,-0.021594575108573343,0.7175677693089153,-0.13785841240011693,0.09525628338740807
1619,22Rv1,H3K27ac,Merlin,-0.058818861986981004,0.3941640316806483,-0.19215861596796555,0.07665325578087345
1620,22Rv1,H3K27ac,TcMar,0.10237259372478438,0.14611295137002014,-0.03620470253541029,0.23708714719591237
1621,22Rv1,H3K27ac,L1-Tx1,0.06560823843526387,0.4462332712269711,-0.10342344801180806,0.23095668465303393
1622,22Rv1,H3K27ac,Crypton-A,0.02520442058368679,0.7750631942669146,-0.14698331270648646,0.19590952853559546
1623,22Rv1,H3K27ac,I-Jockey,0.09927717542396443,0.30438536097162705,-0.09097947094666448,0.2825418506379422
1624,22Rv1,H3K27ac,hAT-Tip100?,-0.07596153846153846,0.5507890707015822,-0.31619843816482684,0.17343037571566938
1625,22Rv1,H3K27ac,TcMar-Pogo,-0.38196480938416416,0.03098199950232708,-0.6523367007649575,-0.025355072934946047
1626,22Rv1,H3K27ac,hAT?,0.021237585943468293,0.9051037246828253,-0.3192563443419387,0.35687515467528186
1627,22Rv1,H3K27ac,hAT-hAT19,-0.12352941176470587,0.6485420669723405,-0.5848677681002367,0.3981954146302434
1628,RWPE1,CTCF,Alu,-0.0002472095616982664,0.7949598848362817,-0.002111645908173282,0.0016172285034400707
1629,RWPE1,CTCF,L1,-0.0009658894536696148,0.4830891934348388,-0.003665139216274345,0.001733374383864779
1630,RWPE1,CTCF,MIR,-0.001024158180906632,0.4614715890609592,-0.0037498943053814186,0.0017015931619169741
1631,RWPE1,CTCF,L2,0.0035932480609240187,0.03184403616266786,0.0003120443150519642,0.00687437443566256
1632,RWPE1,CTCF,ERVL-MaLR,-0.001329112328644927,0.5072229134921318,-0.005257204915094881,0.002599021274476628
1633,RWPE1,CTCF,hAT-Charlie,-0.004032188025777852,0.058450357396796535,-0.008208422341146063,0.00014418694685725748
1634,RWPE1,CTCF,ERV1,-0.002219056145898196,0.4688569983148415,-0.008223362325068713,0.0037854100397845284
1635,RWPE1,CTCF,ERVL,-0.0012319380677560878,0.6932614018605293,-0.0073534088352289586,0.004889625028612297
1636,RWPE1,CTCF,TcMar-Tigger,-0.005082627398399402,0.10964136751363392,-0.011309139742263927,0.001144279081991654
1637,RWPE1,CTCF,hAT-Tip100,0.0016724046468902195,0.6996323457614768,-0.006823418560556986,0.010167986435492507
1638,RWPE1,CTCF,CR1,0.0017639749017739014,0.7086099094565292,-0.007486974866695228,0.011014622756960251
1639,RWPE1,CTCF,Gypsy,0.005602536261149532,0.48293640624487877,-0.010048878809113109,0.021251206855891516
1640,RWPE1,CTCF,hAT-Blackjack,0.004264023793796085,0.6008096861314132,-0.011708207457539359,0.02023407969315272
1641,RWPE1,CTCF,TcMar-Mariner,0.005719669750841314,0.48648154875864513,-0.010389197921785805,0.021825569414830367
1642,RWPE1,CTCF,RTE-X,-0.003970718138845742,0.6998073495210345,-0.024150495156142593,0.016212293386484566
1643,RWPE1,CTCF,ERVK,0.0006675172358667467,0.954579863317053,-0.022299919846347115,0.023634250104448928
1644,RWPE1,CTCF,TcMar-Tc2,-0.02009722737684044,0.10424262792678582,-0.04432220921081166,0.004151375102649293
1645,RWPE1,CTCF,SVA,-0.00032388875150782666,0.9818518636208022,-0.028224894823349275,0.02757762160235297
1646,RWPE1,CTCF,RTE-BovB,0.013805905167067084,0.3494570346400483,-0.015116698133395577,0.042705424754243944
1647,RWPE1,CTCF,tRNA-RTE,-0.03225689971217878,0.04454910187164834,-0.06367158699143757,-0.0007783490071418764
1648,RWPE1,CTCF,hAT-Ac,-0.025671992422543508,0.15696883656181013,-0.06116642191425495,0.009887283936791067
1649,RWPE1,CTCF,hAT,-0.061751933876819175,0.0013397503196286146,-0.09931366878200275,-0.024014463980910797
1650,RWPE1,CTCF,MULE-MuDR,-0.007590295966294892,0.715575022386704,-0.048385799684808196,0.03323048951691512
1651,RWPE1,CTCF,PiggyBac,-0.014599728834678817,0.5044118270000021,-0.057411965427786725,0.028266105509082904
1652,RWPE1,CTCF,5S-Deu-L2,-0.006253898265309691,0.7861253457843838,-0.051388288567607014,0.038905987224244154
1653,RWPE1,CTCF,Helitron,0.0073232245265326375,0.7634714507112994,-0.040360124949770336,0.054973293802819664
1654,RWPE1,CTCF,hAT-Tag1,-0.04733711166155157,0.05218294762915747,-0.0949308026147184,0.0004724881722534392
1655,RWPE1,CTCF,tRNA,-0.010196107717686878,0.692671103803516,-0.06069542640075806,0.04035527383602505
1656,RWPE1,CTCF,Penelope,-0.024114809831978976,0.5372190503506846,-0.10043155787575865,0.05248404177918604
1657,RWPE1,CTCF,TcMar-Tc1,0.04075477093707734,0.29802519457044135,-0.03605594157099628,0.11708678840397477
1658,RWPE1,CTCF,Dong-R4,0.01613724857487464,0.7392132943700738,-0.07877619473547069,0.11076075773419562
1659,RWPE1,CTCF,tRNA-Deu,0.0074095768649583135,0.8799460651695731,-0.08856976167061208,0.10325258728029053
1660,RWPE1,CTCF,Kolobok,0.03786676729477308,0.4775839129395014,-0.06666871249447556,0.14157998694333873
1661,RWPE1,CTCF,PIF-Harbinger,0.03136103840932934,0.5592779518862114,-0.07388799098791624,0.13591915439363036
1662,RWPE1,CTCF,Crypton,-0.0500278426617028,0.40180675655017895,-0.16573030544430156,0.06703319965866837
1663,RWPE1,CTCF,Merlin,0.041104718861239044,0.5526561403799846,-0.09454532151785945,0.17525620830963518
1664,RWPE1,CTCF,TcMar,-0.06452270007567193,0.3604103015446941,-0.2005898107536629,0.0739866406675447
1665,RWPE1,CTCF,L1-Tx1,0.09022503755507887,0.2943986395789406,-0.07902315236992735,0.2544174940396378
1666,RWPE1,CTCF,Crypton-A,-0.057756905327798216,0.5122941619290817,-0.22717019748346604,0.1150494525942642
1667,RWPE1,CTCF,I-Jockey,0.09212306551756093,0.3407255953037712,-0.09807075758598562,0.27582443844720456
1668,RWPE1,CTCF,hAT-Tip100?,-0.2232142857142857,0.07623484671994056,-0.447116682756362,0.02701131139177771
1669,RWPE1,CTCF,TcMar-Pogo,0.25329912023460405,0.1618725591268731,-0.11036164169485013,0.5571446750727135
1670,RWPE1,CTCF,hAT?,0.0035141329258976317,0.9842632861994672,-0.33505068894762136,0.34127523437016094
1671,RWPE1,CTCF,hAT-hAT19,0.11470588235294117,0.672291046599723,-0.4054620213814055,0.5787587984690807
1672,RWPE1,H3K27ac,Alu,-0.0005840717067923813,0.539092266957278,-0.0024479314487793774,0.0012797920933036743
1673,RWPE1,H3K27ac,L1,0.0005617471539518302,0.6833253445702409,-0.0021372564846882124,0.003260742608384282
1674,RWPE1,H3K27ac,MIR,-0.0004336299436620852,0.755253265740489,-0.003160102653068203,0.002292849212669929
1675,RWPE1,H3K27ac,L2,0.005848322499103937,0.0004767884958274225,0.002567202047249043,0.009129317028312095
1676,RWPE1,H3K27ac,ERVL-MaLR,-0.0028607190367568743,0.15344069655552756,-0.006788469342259347,0.0010671195373495325
1677,RWPE1,H3K27ac,hAT-Charlie,-0.0014697426604726837,0.49038550109154866,-0.005646378741234088,0.002706944698260342
1678,RWPE1,H3K27ac,ERV1,-0.003166635024160506,0.3012076505901431,-0.009169729215684753,0.00283668741126871
1679,RWPE1,H3K27ac,ERVL,-0.0032813193870022098,0.29342273977208777,-0.009402372356758804,0.0028399794795662663
1680,RWPE1,H3K27ac,TcMar-Tigger,-0.0043286210514038885,0.1731568751581499,-0.01055676750527072,0.0018998612396245174
1681,RWPE1,H3K27ac,hAT-Tip100,-0.0006059291464998684,0.8888265519539335,-0.00910136396430349,0.007889593134973236
1682,RWPE1,H3K27ac,CR1,-0.011371335019938564,0.015986155124561936,-0.02062038825414468,-0.0021203356033170275
1683,RWPE1,H3K27ac,Gypsy,-0.0003244297825808326,0.9675912105250124,-0.015973762470190476,0.015325061813413615
1684,RWPE1,H3K27ac,hAT-Blackjack,-0.011722301096098104,0.15069087743574475,-0.0277044196296347,0.0042658089162090065
1685,RWPE1,H3K27ac,TcMar-Mariner,0.017263945693706595,0.03640840377158753,0.0010912418162759027,0.03342762093261475
1686,RWPE1,H3K27ac,RTE-X,-0.009749753616684476,0.3437773505619879,-0.02992704683068699,0.01043548217833979
1687,RWPE1,H3K27ac,ERVK,0.019742363288940964,0.09202451595723442,-0.0032268527099701223,0.0426907585109055
1688,RWPE1,H3K27ac,TcMar-Tc2,0.0022042373432375507,0.858740347771719,-0.022067114049387233,0.026472991975279848
1689,RWPE1,H3K27ac,SVA,-0.00823805299410322,0.5629103182051957,-0.0361343076106023,0.019671030111771834
1690,RWPE1,H3K27ac,RTE-BovB,-0.0009362683544420204,0.9494309486249053,-0.02986325218845613,0.027992282449102655
1691,RWPE1,H3K27ac,tRNA-RTE,0.026941562451277993,0.09348481423364817,-0.004547281108775043,0.0583770301669817
1692,RWPE1,H3K27ac,hAT-Ac,0.01894321843270794,0.29634985991292395,-0.01661555794734378,0.05445413749482587
1693,RWPE1,H3K27ac,hAT,0.0035015285933497676,0.8558770663974944,-0.03427471205799424,0.041267778092101116
1694,RWPE1,H3K27ac,MULE-MuDR,-0.009597448496188814,0.6450582346774054,-0.050397397580312336,0.03123448109282991
1695,RWPE1,H3K27ac,PiggyBac,0.0298288011791895,0.1725248995927433,-0.013043261785169236,0.07259139522995291
1696,RWPE1,H3K27ac,5S-Deu-L2,-0.019325347598616354,0.4017149328947828,-0.06442180244794636,0.025849877507851667
1697,RWPE1,H3K27ac,Helitron,0.04879067156182059,0.045103023658558346,0.0010396266738890297,0.09631972109665445
1698,RWPE1,H3K27ac,hAT-Tag1,-0.009079417864894097,0.7097376583994701,-0.05683755410401264,0.03872017513558862
1699,RWPE1,H3K27ac,tRNA,-0.02619706203637279,0.30964593348216257,-0.07661680550903785,0.02435631993349744
1700,RWPE1,H3K27ac,Penelope,0.05255153429433669,0.17850700075624495,-0.024088900100015586,0.12857786961143688
1701,RWPE1,H3K27ac,TcMar-Tc1,-0.035226572296855815,0.36879684692881776,-0.11167338289945444,0.04163472128244179
1702,RWPE1,H3K27ac,Dong-R4,-0.005298983078454895,0.9129594859165475,-0.10003620450346495,0.08953345486150241
1703,RWPE1,H3K27ac,tRNA-Deu,-0.03187715113470291,0.5157287527080797,-0.12742674244648686,0.06425866619286202
1704,RWPE1,H3K27ac,Kolobok,0.011992654425650512,0.8220955920675368,-0.09236168165789503,0.1160864093834826
1705,RWPE1,H3K27ac,PIF-Harbinger,0.02218193969882,0.6796381323350643,-0.08300428114054371,0.12687935281261797
1706,RWPE1,H3K27ac,Crypton,0.05404242753073439,0.365056196762914,-0.06303691539094909,0.16965447202655265
1707,RWPE1,H3K27ac,Merlin,0.011728221689613216,0.8658364007852168,-0.12386349840514702,0.1468900006742962
1708,RWPE1,H3K27ac,TcMar,-0.011852747632207374,0.8667101595133349,-0.14932361399031974,0.12606763889842088
1709,RWPE1,H3K27ac,L1-Tx1,0.11279763191340388,0.18939941356629328,-0.056512827383651015,0.275801806032162
1710,RWPE1,H3K27ac,Crypton-A,-0.021024591860394033,0.811603830653893,-0.19187663583027234,0.1510643180971632
1711,RWPE1,H3K27ac,I-Jockey,-0.009192845890093598,0.924416791342549,-0.1969578627910783,0.17922267209947723
1712,RWPE1,H3K27ac,hAT-Tip100?,0.12840909090909092,0.30800955650268236,-0.12023328004453343,0.36189223113923885
1713,RWPE1,H3K27ac,TcMar-Pogo,-0.12353372434017595,0.5005677488995122,-0.4538274570513217,0.23660446808481495
1714,RWPE1,H3K27ac,hAT?,-0.305423987776929,0.07899540750473391,-0.5886688614972577,0.04461539033119717
1715,RWPE1,H3K27ac,hAT-hAT19,0.21470588235294116,0.4245592336201027,-0.32007063586245676,0.6457211026288694
