,cell_line,modification,family_name,r,p_value,ci_low,ci_high
0,Caco-2,H3K4me1,Alu,0.0006027259066017427,0.5271081777568056,-0.001265192265507495,0.0024706398727549444
1,Caco-2,H3K4me1,L1,0.0005798379621408891,0.6740706632174451,-0.002122367746078667,0.0032820352025283075
2,Caco-2,H3K4me1,MIR,0.0007719271971303307,0.5790927073309549,-0.001955530237647448,0.0034993731471796444
3,Caco-2,H3K4me1,L2,0.0011417975578272817,0.49540705992805856,-0.0021408346849696165,0.004424405193499037
4,Caco-2,H3K4me1,ERVL-MaLR,0.003871399733134072,0.053759338866058444,-6.262486390018521e-05,0.007805304500202973
5,Caco-2,H3K4me1,hAT-Charlie,-0.0005383068814817567,0.8007672206632521,-0.004719153518999189,0.003642558574773073
6,Caco-2,H3K4me1,ERV1,-0.00238612042788867,0.4373840353694657,-0.008407848788598404,0.0036357809860189435
7,Caco-2,H3K4me1,ERVL,-0.0033756670583113134,0.28032890748414135,-0.009503920547839866,0.0027528399942640305
8,Caco-2,H3K4me1,TcMar-Tigger,0.0008714400947751676,0.7840576818588861,-0.005361273546774989,0.0071040860318318105
9,Caco-2,H3K4me1,hAT-Tip100,0.009616774795244263,0.026600689357193064,0.0011160763985034647,0.01811608343835783
10,Caco-2,H3K4me1,CR1,-0.0049242276554484,0.29697185005463606,-0.014177344646894718,0.0043297326597559384
11,Caco-2,H3K4me1,Gypsy,-0.010019492873195746,0.20980922469679542,-0.0256742580476529,0.005640185323478967
12,Caco-2,H3K4me1,hAT-Blackjack,-0.0029541124628481965,0.7173496870364386,-0.01894639921390568,0.01303968549182583
13,Caco-2,H3K4me1,TcMar-Mariner,-0.001994859521860639,0.8083285530153856,-0.018110782765087353,0.01412210001384881
14,Caco-2,H3K4me1,RTE-X,-0.01091153841288551,0.28955543618947,-0.031096556711147836,0.009282376348003588
15,Caco-2,H3K4me1,ERVK,-0.0063890228604411336,0.5875330708388715,-0.029467988184907822,0.01669675083065586
16,Caco-2,H3K4me1,TcMar-Tc2,0.007463035544287504,0.5468674825216892,-0.016816074568343848,0.03173334980600184
17,Caco-2,H3K4me1,SVA,0.016450128982728924,0.25043508510589674,-0.011606566560179101,0.04448094304772928
18,Caco-2,H3K4me1,RTE-BovB,-0.020700833052143586,0.16111754971882977,-0.04962405748217662,0.008257082469720092
19,Caco-2,H3K4me1,tRNA-RTE,-0.006423668852384481,0.6893441410746062,-0.0379037286586168,0.0250691282675556
20,Caco-2,H3K4me1,hAT-Ac,0.005543804202719289,0.7601458004752764,-0.030041918645198114,0.04111549143444352
21,Caco-2,H3K4me1,hAT,-0.017765662124876312,0.356927453847655,-0.05551699767228859,0.02003639540811837
22,Caco-2,H3K4me1,MULE-MuDR,0.007120880209709235,0.7326919266497673,-0.03373478580235819,0.04795278670243018
23,Caco-2,H3K4me1,PiggyBac,0.006313348512917467,0.7732104741972121,-0.036614715111767775,0.049218155104125895
24,Caco-2,H3K4me1,5S-Deu-L2,0.008000573276361531,0.7286301774849204,-0.03718602340463499,0.05315451987730316
25,Caco-2,H3K4me1,Helitron,0.013846460390207564,0.5703889627622307,-0.033974329332232316,0.061603992811455975
26,Caco-2,H3K4me1,hAT-Tag1,0.043779469176956146,0.07265085140138036,-0.0040478834456223614,0.0914069884461047
27,Caco-2,H3K4me1,tRNA,-0.012671134970045428,0.6234151410194042,-0.06317877352244697,0.03790124552224024
28,Caco-2,H3K4me1,Penelope,-0.0389592338865846,0.3190954246725913,-0.11519375836133644,0.03773153216310677
29,Caco-2,H3K4me1,TcMar-Tc1,-0.00371815121134828,0.9244487280501004,-0.08042049845663254,0.07302797123446332
30,Caco-2,H3K4me1,Dong-R4,-0.05295370935517038,0.2743595181162522,-0.14706784708625112,0.04211063581341457
31,Caco-2,H3K4me1,tRNA-Deu,0.01062037707576599,0.8286058126761653,-0.085384374129055,0.10642973053167464
32,Caco-2,H3K4me1,Kolobok,-0.04719379379452056,0.3759954941635175,-0.15074458924540357,0.057381391660672965
33,Caco-2,H3K4me1,PIF-Harbinger,0.09736872471014085,0.06924909172326141,-0.00793940114175491,0.20054080461019014
34,Caco-2,H3K4me1,Crypton,-0.017175222665209443,0.773595998343147,-0.13351386878679952,0.09963034946854837
35,Caco-2,H3K4me1,Merlin,-0.004700401313047489,0.9458874850715318,-0.13968102346091832,0.13045172269334837
36,Caco-2,H3K4me1,TcMar,-0.010662877654711224,0.8805801412793474,-0.1488418288415304,0.1279245051812244
37,Caco-2,H3K4me1,L1-Tx1,-0.0649245032810212,0.4509965363553916,-0.2303029749815128,0.10409898209252212
38,Caco-2,H3K4me1,Crypton-A,0.04926646141413647,0.5762875551375553,-0.12340447192711478,0.21904184706752375
39,Caco-2,H3K4me1,I-Jockey,-0.1293763321286257,0.17998579903487666,-0.3106539001798451,0.06098220295520271
40,Caco-2,H3K4me1,hAT-Tip100?,0.042399267399267394,0.739392047621096,-0.2056602986766035,0.28533936396734805
41,Caco-2,H3K4me1,TcMar-Pogo,0.05535190615835778,0.763497836888407,-0.2993689652508007,0.39662995926041705
42,Caco-2,H3K4me1,hAT?,-0.01771390374331551,0.9220573619772838,-0.3588651230472529,0.3276123211398328
43,Caco-2,H3K4me1,hAT-hAT19,-0.18235294117647058,0.49907485724580003,-0.6245997955481012,0.34845230279353717
44,Caco-2,H3K9me3,Alu,0.0007377433464606526,0.43869846687177705,-0.0011294620349496297,0.002604943583662968
45,Caco-2,H3K9me3,L1,-0.0010971687385080177,0.4260293233964698,-0.0037986596045383805,0.0016043381420275426
46,Caco-2,H3K9me3,MIR,-0.003214862341734828,0.02086715354221985,-0.005942082718955415,-0.00048759414061885
47,Caco-2,H3K9me3,L2,-0.0035800422523825422,0.0325429407743797,-0.006862392718980855,-0.00029761464148798315
48,Caco-2,H3K9me3,ERVL-MaLR,0.0005253459923970758,0.7934839591309022,-0.003407806721392469,0.00445848245236973
49,Caco-2,H3K9me3,hAT-Charlie,0.0038444886603196853,0.07147128671689612,-0.0003359326415856197,0.008024775592588134
50,Caco-2,H3K9me3,ERV1,-0.0027431690496898826,0.371874596958359,-0.008763938506327009,0.0032777992929308095
51,Caco-2,H3K9me3,ERVL,-0.005128051262201626,0.10093573316518271,-0.01125500249007046,0.0009992850092705105
52,Caco-2,H3K9me3,TcMar-Tigger,-0.002386719652772897,0.4528964359692603,-0.00861877950935796,0.003845525603940509
53,Caco-2,H3K9me3,hAT-Tip100,-0.0014227950813952871,0.7428638722688261,-0.009922792823908337,0.007077408260286954
54,Caco-2,H3K9me3,CR1,0.001315319126799756,0.7805605439789829,-0.007938282151233983,0.010568695150644729
55,Caco-2,H3K9me3,Gypsy,0.00287619427869289,0.7188627023112405,-0.012783313940345417,0.018534292011259907
56,Caco-2,H3K9me3,hAT-Blackjack,0.004423824424977897,0.587732920113948,-0.011569686928976369,0.020415072893474814
57,Caco-2,H3K9me3,TcMar-Mariner,-0.011448625561766219,0.16387740749966065,-0.027561646951050553,0.00467034360239989
58,Caco-2,H3K9me3,RTE-X,-0.008968763255026435,0.3839663501813644,-0.02915301652597596,0.011222801072511107
59,Caco-2,H3K9me3,ERVK,0.003029035952366314,0.7969890094340069,-0.020047493800423775,0.026102340044341
60,Caco-2,H3K9me3,TcMar-Tc2,0.007583802978826398,0.5403366198089476,-0.016691620786473155,0.03185029130770236
61,Caco-2,H3K9me3,SVA,-0.012112560231121363,0.39704264648092513,-0.04012645740921648,0.015920364003160103
62,Caco-2,H3K9me3,RTE-BovB,0.02854794647275672,0.05316774875180395,-0.00039551561627159055,0.05744361798992742
63,Caco-2,H3K9me3,tRNA-RTE,0.010027808001323076,0.5325482038114464,-0.021463098495199534,0.04149883635642835
64,Caco-2,H3K9me3,hAT-Ac,0.0017789501897516387,0.9219612325603829,-0.03380274147032588,0.037356137901855
65,Caco-2,H3K9me3,hAT,-0.008658218357602714,0.6534121823642597,-0.04642234874286654,0.029130625523441877
66,Caco-2,H3K9me3,MULE-MuDR,-0.009631633003447247,0.6440972278217132,-0.050458064955567074,0.03122693516794696
67,Caco-2,H3K9me3,PiggyBac,0.02887053220478193,0.18747655371853264,-0.014073555981621053,0.07170830962695154
68,Caco-2,H3K9me3,5S-Deu-L2,-0.0027831077195219103,0.903911991660326,-0.04793761248017194,0.04238274910203103
69,Caco-2,H3K9me3,Helitron,-0.020148349930743777,0.4087795019434186,-0.06786965663282607,0.02766493960231928
70,Caco-2,H3K9me3,hAT-Tag1,0.012571519954944203,0.6063974290285914,-0.035247562448762024,0.060333168634841325
71,Caco-2,H3K9me3,tRNA,-0.00320620976687533,0.9011265462346794,-0.05374370892899251,0.047347672441300497
72,Caco-2,H3K9me3,Penelope,0.029093483463913567,0.4572857159184348,-0.047636576203197334,0.1054822023029828
73,Caco-2,H3K9me3,TcMar-Tc1,0.051992104724076046,0.18554027750972163,-0.025061912466284475,0.12843199476269426
74,Caco-2,H3K9me3,Dong-R4,-0.06445937948212081,0.18317893354032147,-0.15837534706311812,0.03061247617050453
75,Caco-2,H3K9me3,tRNA-Deu,-0.026645624449846767,0.5869671890275381,-0.12226509648088249,0.06946393922659952
76,Caco-2,H3K9me3,Kolobok,-0.054799459124571306,0.30386902238006896,-0.15820790782355804,0.04979801080831045
77,Caco-2,H3K9me3,PIF-Harbinger,0.11239240431754643,0.035835870796604864,0.007168602637856191,0.21515450725132695
78,Caco-2,H3K9me3,Crypton,-0.03391708724069882,0.5698910937138664,-0.14995464201468917,0.08304215042875472
79,Caco-2,H3K9me3,Merlin,-0.028490474326468715,0.6807256063350662,-0.16295889301140584,0.10701706529717941
80,Caco-2,H3K9me3,TcMar,-0.125827276311672,0.07509816028017788,-0.2602126804368268,0.013340308324134471
81,Caco-2,H3K9me3,L1-Tx1,0.030915096666917153,0.7198777646169948,-0.1375530753212569,0.19764487981326342
82,Caco-2,H3K9me3,Crypton-A,-0.2131338973259089,0.014517304009649236,-0.3727787127102346,-0.04123439000254961
83,Caco-2,H3K9me3,I-Jockey,0.06430358632193496,0.5065000697422364,-0.1255074801822111,0.2495732447255046
84,Caco-2,H3K9me3,hAT-Tip100?,0.2113095238095238,0.09371007646309512,-0.039171787435929986,0.4368046565204189
85,Caco-2,H3K9me3,TcMar-Pogo,-0.15212609970674487,0.4058771212990657,-0.477215179441864,0.20958728626343917
86,Caco-2,H3K9me3,hAT?,-0.33188502673796794,0.05917392598983592,-0.6122456729275387,0.02261156474912492
87,Caco-2,H3K9me3,hAT-hAT19,-0.0823529411764706,0.761733078752474,-0.5560223806309977,0.43169432608080366
88,SJCRH30,H3K27ac,Alu,0.00076388836553981,0.4222910014970601,-0.001101883336946897,0.002629654749688814
89,SJCRH30,H3K27ac,L1,0.0019675481659743844,0.15318454970857728,-0.0007322573069973701,0.004667324956421022
90,SJCRH30,H3K27ac,MIR,0.00029965993751822394,0.8294184577979006,-0.0024263964370335963,0.0030257118583011753
91,SJCRH30,H3K27ac,L2,0.004268061713848805,0.010793921361312074,0.0009866660223041628,0.007549365493092231
92,SJCRH30,H3K27ac,ERVL-MaLR,0.00463036679463902,0.020899115017698134,0.000701293160000324,0.008559297467731779
93,SJCRH30,H3K27ac,hAT-Charlie,-0.000519988408544932,0.8072551962539954,-0.004697377386525277,0.003657418717716428
94,SJCRH30,H3K27ac,ERV1,-0.002773278036889929,0.3655542317748641,-0.008780314854313104,0.0032339589333959338
95,SJCRH30,H3K27ac,ERVL,0.002052274647274472,0.51114414971582,-0.00406954569939526,0.00817394117226312
96,SJCRH30,H3K27ac,TcMar-Tigger,-0.0031682707818187967,0.31873324443768264,-0.009396031226774472,0.003059735438068394
97,SJCRH30,H3K27ac,hAT-Tip100,-0.003255633629376576,0.45264469230950677,-0.011751610147397038,0.005240812913426743
98,SJCRH30,H3K27ac,CR1,-0.0012645677098121035,0.7887586790839957,-0.010515062723528267,0.007986143731624809
99,SJCRH30,H3K27ac,Gypsy,-0.002494227879888601,0.7547578021059413,-0.018142458630702473,0.013155224482707995
100,SJCRH30,H3K27ac,hAT-Blackjack,-0.009146702303391513,0.2618482176587738,-0.025120032121824103,0.006831296782234583
101,SJCRH30,H3K27ac,TcMar-Mariner,0.0007197058488555194,0.9302095879543175,-0.015385534149861447,0.016824572503219313
102,SJCRH30,H3K27ac,RTE-X,-0.006588066679775975,0.5223162124622833,-0.026765290081397664,0.013594522653264407
103,SJCRH30,H3K27ac,ERVK,0.00755374674831891,0.5198866555172043,-0.015452712862554542,0.03055221232778276
104,SJCRH30,H3K27ac,TcMar-Tc2,0.005397259469156439,0.66264517536422,-0.018849516134402302,0.02963769038467779
105,SJCRH30,H3K27ac,SVA,0.010105796710214481,0.48044893783183173,-0.01796670918429615,0.038162381950778444
106,SJCRH30,H3K27ac,RTE-BovB,-0.002094068511150065,0.8871991620171815,-0.031020007432250737,0.026835375105785264
107,SJCRH30,H3K27ac,tRNA-RTE,0.0007845918826045596,0.9610589970863666,-0.030703573350048176,0.032271201338329086
108,SJCRH30,H3K27ac,hAT-Ac,-0.030090381074832393,0.09727383499613153,-0.06559017087516944,0.005485482035348029
109,SJCRH30,H3K27ac,hAT,0.017817963174780124,0.3551557302266003,-0.01995602895751006,0.055541159563230164
110,SJCRH30,H3K27ac,MULE-MuDR,0.02954041620681638,0.1560730322608881,-0.011291996668690926,0.07027447588301375
111,SJCRH30,H3K27ac,PiggyBac,-0.024866149863295932,0.2554941493768304,-0.06764655340853144,0.01800552250765159
112,SJCRH30,H3K27ac,5S-Deu-L2,-0.01969840719476502,0.3926877770210139,-0.06479361005474406,0.025477085932564907
113,SJCRH30,H3K27ac,Helitron,0.019326219534599617,0.4267967058159017,-0.028344771724828,0.06690950107559207
114,SJCRH30,H3K27ac,hAT-Tag1,0.017819483343092583,0.46492240010540054,-0.029977439965153483,0.06553510047904952
115,SJCRH30,H3K27ac,tRNA,0.008220664835724131,0.749907293551893,-0.042310251810214264,0.058709632641596385
116,SJCRH30,H3K27ac,Penelope,0.006435946877543061,0.8694146374082912,-0.07020717886907375,0.08300353234313014
117,SJCRH30,H3K27ac,TcMar-Tc1,-0.0009610333296533935,0.9804449540394227,-0.07768034835988519,0.07576959638187429
118,SJCRH30,H3K27ac,Dong-R4,-0.011857930591843521,0.8067584644521415,-0.10652830910380855,0.08302550918670952
119,SJCRH30,H3K27ac,tRNA-Deu,0.010171983975170119,0.8357370741300477,-0.0858293066816765,0.10598612572847305
120,SJCRH30,H3K27ac,Kolobok,0.05973773464562303,0.2629741428021121,-0.045018508937063835,0.16319449661966687
121,SJCRH30,H3K27ac,PIF-Harbinger,0.02448147817496619,0.6485486984905925,-0.08072171636104297,0.12914522023933855
122,SJCRH30,H3K27ac,Crypton,0.022206359192472585,0.7099216964309178,-0.09465050182327667,0.1384595763785282
123,SJCRH30,H3K27ac,Merlin,-0.010252227405316653,0.8823100638902154,-0.145123333843392,0.12499293322894585
124,SJCRH30,H3K27ac,TcMar,-0.07110214056161676,0.31342071056060455,-0.20695478201853076,0.06744058359732337
125,SJCRH30,H3K27ac,L1-Tx1,-0.024362440308168407,0.777495567347603,-0.19132050138229623,0.1439657860712706
126,SJCRH30,H3K27ac,Crypton-A,-0.06314317248207968,0.47368541416135157,-0.23231756539509565,0.10973954396920033
127,SJCRH30,H3K27ac,I-Jockey,0.03978315262718933,0.6812760367200064,-0.14951047355275868,0.22626366987551358
128,SJCRH30,H3K27ac,hAT-Tip100?,0.23378496503496504,0.060885255623693714,-0.01410342462526175,0.45460004532195325
129,SJCRH30,H3K27ac,TcMar-Pogo,0.10447214076246333,0.569334612956159,-0.25438268793303387,0.4380398467697967
130,SJCRH30,H3K27ac,hAT?,-0.042933537051184106,0.809484974471737,-0.375784658660674,0.2997293004677985
131,SJCRH30,H3K27ac,hAT-hAT19,-0.18529411764705883,0.4920570502059438,-0.626541278593295,0.3459033296858209
132,SJCRH30,H3K4me1,Alu,0.0018092504398080256,0.05752871450444796,-5.7816756618870465e-05,0.0036763050224021985
133,SJCRH30,H3K4me1,L1,-0.0013549935963737755,0.32538968310832883,-0.0040554272207766655,0.0013454597903627958
134,SJCRH30,H3K4me1,MIR,-0.0006607010892301005,0.6348758904526021,-0.0033876175364995764,0.002066225184122543
135,SJCRH30,H3K4me1,L2,0.000712681985401587,0.6703786062938407,-0.0025691237802546916,0.003994472399596879
136,SJCRH30,H3K4me1,ERVL-MaLR,-0.0016195396223430301,0.41938840956288015,-0.0055505236669297275,0.0023114944753233804
137,SJCRH30,H3K4me1,hAT-Charlie,0.001872861801103173,0.37975381323596136,-0.002306277268798712,0.006051935451975192
138,SJCRH30,H3K4me1,ERV1,0.00045461932728895025,0.882179443728778,-0.0055574549127975475,0.006466660703083795
139,SJCRH30,H3K4me1,ERVL,-0.007980533455018087,0.01064994638133917,-0.014104363715653281,-0.0018561045370289648
140,SJCRH30,H3K4me1,TcMar-Tigger,-0.0005575708470989122,0.8607593122020651,-0.006787648576788311,0.005672550165867747
141,SJCRH30,H3K4me1,hAT-Tip100,0.0010258656062749106,0.8129787576407471,-0.007472716936067876,0.00952429996290152
142,SJCRH30,H3K4me1,CR1,-0.0021958956829351743,0.6418131699909057,-0.011447834488686791,0.007056419070094566
143,SJCRH30,H3K4me1,Gypsy,0.0034691521257223835,0.663987258148155,-0.012182466544764388,0.0191190712619512
144,SJCRH30,H3K4me1,hAT-Blackjack,0.01710916955769067,0.03586830027961358,0.001127925160273707,0.033081676805749166
145,SJCRH30,H3K4me1,TcMar-Mariner,-0.0081985971795,0.3186837473957351,-0.024309422197628994,0.007916485283669688
146,SJCRH30,H3K4me1,RTE-X,-0.006389730124645969,0.5349168778740492,-0.026567073236494203,0.01379281738166377
147,SJCRH30,H3K4me1,ERVK,0.0032735081666319505,0.7806513642163366,-0.01976483428946,0.026308376180965768
148,SJCRH30,H3K4me1,TcMar-Tc2,-0.01274103239313778,0.30350125051950916,-0.03699699836138088,0.011529937705570916
149,SJCRH30,H3K4me1,SVA,0.019113910220714125,0.18178016203184447,-0.00894576358272455,0.04714350680380769
150,SJCRH30,H3K4me1,RTE-BovB,-0.002107670923839507,0.8864468187975321,-0.03102729849157184,0.026815482568869568
151,SJCRH30,H3K4me1,tRNA-RTE,-0.039068333441502456,0.014997392605535502,-0.07047695621798264,-0.0075823206684540465
152,SJCRH30,H3K4me1,hAT-Ac,0.05023353251834767,0.005631998088114264,0.014663674108535476,0.0856764118601572
153,SJCRH30,H3K4me1,hAT,-0.00759226721579518,0.6937162955298185,-0.04535139716328233,0.030188525779748752
154,SJCRH30,H3K4me1,MULE-MuDR,-0.007616421730347144,0.7145204069937032,-0.048394200095923316,0.033186703436619704
155,SJCRH30,H3K4me1,PiggyBac,-0.010475654170453135,0.6321152926756566,-0.05331924647986915,0.03240643458340104
156,SJCRH30,H3K4me1,5S-Deu-L2,-0.03699960522613579,0.10848774100280566,-0.08205029420678145,0.008201979546374768
157,SJCRH30,H3K4me1,Helitron,0.004211999459720883,0.8625099140639556,-0.04343737776637724,0.05184225764185845
158,SJCRH30,H3K4me1,hAT-Tag1,-0.005714535661019857,0.8147266840424864,-0.05346794840921616,0.04206495489344033
159,SJCRH30,H3K4me1,tRNA,0.006350637007664866,0.8055533598125733,-0.04419333195705086,0.056862177629379146
160,SJCRH30,H3K4me1,Penelope,0.04429382319196242,0.25836477534510405,-0.032579450887407616,0.12064611431816533
161,SJCRH30,H3K4me1,TcMar-Tc1,0.009725422850418075,0.8040942859508124,-0.06705144325307236,0.08638779246001559
162,SJCRH30,H3K4me1,Dong-R4,0.019033467843586196,0.694576936188299,-0.07589881387965992,0.11362379694661055
163,SJCRH30,H3K4me1,tRNA-Deu,0.0013958679318842768,0.9773007411082855,-0.09453191853098919,0.09729797127792023
164,SJCRH30,H3K4me1,Kolobok,0.03461867359710145,0.5161849461970619,-0.06989978643661544,0.1383853169045444
165,SJCRH30,H3K4me1,PIF-Harbinger,-0.09166783409153186,0.08727426146839014,-0.1949862833321805,0.013662688815676895
166,SJCRH30,H3K4me1,Crypton,-0.03943373307556526,0.5088053511242661,-0.15536155055678236,0.07756546629191496
167,SJCRH30,H3K4me1,Merlin,0.08835528110257633,0.20113942993175762,-0.047541870805929864,0.22104098650816453
168,SJCRH30,H3K4me1,TcMar,-0.012231985791561529,0.862147879589012,-0.149357261105449,0.12535491156458278
169,SJCRH30,H3K4me1,L1-Tx1,-0.061484825406093985,0.47538603303128335,-0.22701263921547188,0.10749562032311921
170,SJCRH30,H3K4me1,Crypton-A,0.17032935502996638,0.051767497873093454,-0.002484108170587703,0.3332641781656065
171,SJCRH30,H3K4me1,I-Jockey,0.03079418033546474,0.7505838921453156,-0.15826803999250086,0.2176782510247906
172,SJCRH30,H3K4me1,hAT-Tip100?,0.13430944055944055,0.28612143868167866,-0.11440669519338506,0.36718161177496483
173,SJCRH30,H3K4me1,TcMar-Pogo,0.012096774193548385,0.9476091665620759,-0.33803479435009504,0.3592868908540752
174,SJCRH30,H3K4me1,hAT?,0.18594346829640948,0.29239163058001066,-0.16538449811549658,0.4953926193884463
175,SJCRH30,H3K4me1,hAT-hAT19,-0.6352941176470589,0.00818206461633401,-0.8731461248971896,-0.15310388320453092
176,SJCRH30,H3K9me3,Alu,-4.6137066984720155e-05,0.9613664930224737,-0.0019129626834829324,0.0018206888710924007
177,SJCRH30,H3K9me3,L1,0.0003135783786740882,0.8199450260572195,-0.002386594150514508,0.0030137463353129028
178,SJCRH30,H3K9me3,MIR,0.001929556627947626,0.16546543206263858,-0.0007972483183648494,0.004656332880152842
179,SJCRH30,H3K9me3,L2,0.00016079770329114178,0.923492288340147,-0.003120869896967406,0.0034424618401822592
180,SJCRH30,H3K9me3,ERVL-MaLR,0.0031986479663895255,0.1107274704655409,-0.0007320876806993774,0.007129284772362848
181,SJCRH30,H3K9me3,hAT-Charlie,-0.0009620038106682668,0.6518299687055871,-0.005140607550297658,0.0032166335238383863
182,SJCRH30,H3K9me3,ERV1,0.002163677033491034,0.48050910284949944,-0.0038474208091738163,0.008174618517920194
183,SJCRH30,H3K9me3,ERVL,-0.001297895755435731,0.6778618555610776,-0.007421842915505994,0.004826148755611165
184,SJCRH30,H3K9me3,TcMar-Tigger,0.0015194296202513898,0.6326336108953589,-0.00471043613580793,0.007749177436414393
185,SJCRH30,H3K9me3,hAT-Tip100,-0.006709989954083991,0.12169990619575925,-0.01520661543379426,0.0017876045035800545
186,SJCRH30,H3K9me3,CR1,0.0017393235953404424,0.7125303553384159,-0.007512655286376536,0.0109910047166251
187,SJCRH30,H3K9me3,Gypsy,-0.0065325396437112,0.41337263247418066,-0.022182346714041654,0.009120468070612734
188,SJCRH30,H3K9me3,hAT-Blackjack,0.0013650013094952,0.8670175864224214,-0.01461146067556921,0.017340766497752628
189,SJCRH30,H3K9me3,TcMar-Mariner,-0.0024674617182560243,0.7640358925444158,-0.018576158801682032,0.013642516038657817
190,SJCRH30,H3K9me3,RTE-X,0.003412326375616023,0.7403881054686001,-0.016771590217800253,0.02359346302097364
191,SJCRH30,H3K9me3,ERVK,0.014878655154310385,0.2054731220751065,-0.008155841684912908,0.037897370444191586
192,SJCRH30,H3K9me3,TcMar-Tc2,0.006380432837252648,0.6064249953257526,-0.017892726256852648,0.030646075426948496
193,SJCRH30,H3K9me3,SVA,0.019552228004652856,0.17174439285706902,-0.008493067094780642,0.0475667878983214
194,SJCRH30,H3K9me3,RTE-BovB,0.007144474859253229,0.6284128686161666,-0.02178818350110314,0.03606517629097042
195,SJCRH30,H3K9me3,tRNA-RTE,3.551155910911248e-05,0.9982367854406702,-0.031451925484851616,0.031522878186739364
196,SJCRH30,H3K9me3,hAT-Ac,-0.024870287031344182,0.17054657242328816,-0.06038431659976775,0.010706627634062126
197,SJCRH30,H3K9me3,hAT,0.004419135440417491,0.8186965230799448,-0.033358208752843156,0.04218387025603512
198,SJCRH30,H3K9me3,MULE-MuDR,-0.010003841211049616,0.6309766307239992,-0.05078519264557334,0.030810815881304243
199,SJCRH30,H3K9me3,PiggyBac,-0.0344556787832097,0.11514730081154997,-0.077210448275566,0.008425581472520328
200,SJCRH30,H3K9me3,5S-Deu-L2,-0.034130980345126696,0.13863168208511903,-0.07918247021191639,0.011059646477225706
201,SJCRH30,H3K9me3,Helitron,0.0287247172185151,0.23749137118043542,-0.018951483693435696,0.07627058385108457
202,SJCRH30,H3K9me3,hAT-Tag1,0.000614434636818954,0.9799049477437585,-0.04716876610224291,0.04839482974312397
203,SJCRH30,H3K9me3,tRNA,-0.025451822569257803,0.3237770652879265,-0.07589165284574938,0.025117933322325373
204,SJCRH30,H3K9me3,Penelope,0.0483952882787402,0.21646231263486687,-0.028421230213277707,0.1246435611941928
205,SJCRH30,H3K9me3,TcMar-Tc1,0.015089789838105999,0.7003221942593999,-0.06171103655020365,0.09171297727738817
206,SJCRH30,H3K9me3,Dong-R4,0.06512142712100635,0.17871234999244162,-0.029950282331536484,0.15902542665135141
207,SJCRH30,H3K9me3,tRNA-Deu,-0.03385129664722007,0.4900579058645803,-0.12937350903538583,0.0622934066139223
208,SJCRH30,H3K9me3,Kolobok,0.02915689888548888,0.5845437689596513,-0.07532923213851717,0.1330097180418967
209,SJCRH30,H3K9me3,PIF-Harbinger,-0.042839393296813376,0.42498594135174284,-0.14720495945544998,0.06246956798131893
210,SJCRH30,H3K9me3,Crypton,-0.018757231183332283,0.7533869743334192,-0.1350694829734713,0.09806494089744257
211,SJCRH30,H3K9me3,Merlin,0.08439069475251712,0.22218352596602267,-0.051503292526100274,0.21721629176668344
212,SJCRH30,H3K9me3,TcMar,-0.026446151766845265,0.7080038002447138,-0.1635838959343989,0.11169429976704275
213,SJCRH30,H3K9me3,L1-Tx1,0.00830983236948158,0.9232230963155774,-0.15963097558006792,0.17578316986959325
214,SJCRH30,H3K9me3,Crypton-A,0.08635109760917453,0.3267434567525005,-0.08677513367105913,0.2544146008238782
215,SJCRH30,H3K9me3,I-Jockey,0.103428783245297,0.2845057204932741,-0.08685757164105616,0.2864337717284846
216,SJCRH30,H3K9me3,hAT-Tip100?,0.010314685314685315,0.9350059754517225,-0.23417980298715674,0.25358205900763775
217,SJCRH30,H3K9me3,TcMar-Pogo,0.05461876832844574,0.7665433270764032,-0.30003160410989765,0.39600392023557796
218,SJCRH30,H3K9me3,hAT?,0.14255156608097783,0.42125831465499375,-0.2072293617838288,0.46001700407516266
219,SJCRH30,H3K9me3,hAT-hAT19,0.4088235294117647,0.11588783814878352,-0.1309009401971673,0.7616160259480969
220,SJCRH30,H3K36me3,Alu,-0.00018867954450998148,0.8430052126359158,-0.002055899355000147,0.0016785415816473275
221,SJCRH30,H3K36me3,L1,-0.0005086845812282044,0.7119788499855206,-0.0032091198821749887,0.0021917581387537223
222,SJCRH30,H3K36me3,MIR,-0.0018593770357134129,0.18142917592284621,-0.004586381329547972,0.000867654913206793
223,SJCRH30,H3K36me3,L2,-0.000671373891727597,0.6884544805813857,-0.003953206297089897,0.0026104729756678186
224,SJCRH30,H3K36me3,ERVL-MaLR,-0.0021215525737287026,0.2901815872981541,-0.0060527368145182675,0.0018096972422858662
225,SJCRH30,H3K36me3,hAT-Charlie,0.001985088248815971,0.35189521953729164,-0.002194336459694711,0.006164443608785246
226,SJCRH30,H3K36me3,ERV1,0.0007649589653908548,0.8030780592476862,-0.005247435938107812,0.006777298564527099
227,SJCRH30,H3K36me3,ERVL,0.003646346973924213,0.2432758952306954,-0.0024785396006956287,0.009770959977287712
228,SJCRH30,H3K36me3,TcMar-Tigger,0.003310932467577752,0.29760800470591325,-0.0029193715526493373,0.009540979456724942
229,SJCRH30,H3K36me3,hAT-Tip100,-0.0032917508878959538,0.44773591684233827,-0.011789400087746246,0.005206373738642527
230,SJCRH30,H3K36me3,CR1,-0.004406364486442102,0.35059198252070634,-0.01365780666538836,0.004845832042920609
231,SJCRH30,H3K36me3,Gypsy,-0.007531012584532016,0.34569618131052127,-0.023180909236011342,0.008122574126187705
232,SJCRH30,H3K36me3,hAT-Blackjack,-0.012558401018812717,0.12349438978314826,-0.028533157103116245,0.0034227682779861207
233,SJCRH30,H3K36me3,TcMar-Mariner,0.009697444035629959,0.23824131595888393,-0.006418793007907343,0.025808644685447503
234,SJCRH30,H3K36me3,RTE-X,0.01689261794011196,0.10090435273724505,-0.003291576435796864,0.03706305360965232
235,SJCRH30,H3K36me3,ERVK,0.003621083700703816,0.7581668254978078,-0.01942855044782313,0.02666687078147327
236,SJCRH30,H3K36me3,TcMar-Tc2,-0.00785194997249734,0.5260153581007625,-0.03211262578246833,0.01641797293817952
237,SJCRH30,H3K36me3,SVA,-0.012550929506497544,0.380617087237334,-0.0405900580626025,0.015507950962186644
238,SJCRH30,H3K36me3,RTE-BovB,0.0003355029125200915,0.9818704496514642,-0.028595713087106605,0.02926615728087194
239,SJCRH30,H3K36me3,tRNA-RTE,0.010774708709688307,0.5024691083869832,-0.020716571492200804,0.04224463035332845
240,SJCRH30,H3K36me3,hAT-Ac,-0.018211467816477415,0.31556370022543884,-0.05373571266164688,0.01735881659242805
241,SJCRH30,H3K36me3,hAT,-0.014720531394583675,0.44510816457859104,-0.05246499441281858,0.02306593044303095
242,SJCRH30,H3K36me3,MULE-MuDR,0.017538784409991865,0.39967576994181886,-0.023282072778523788,0.058301256001134595
243,SJCRH30,H3K36me3,PiggyBac,0.019253622749337746,0.3791016183377769,-0.023656763610351537,0.062093196427162364
244,SJCRH30,H3K36me3,5S-Deu-L2,0.0032361847505710216,0.8883940043468119,-0.0419425001610605,0.04840166254459953
245,SJCRH30,H3K36me3,Helitron,-0.017647875611071614,0.4681781826783321,-0.06525122939854926,0.03003562076281261
246,SJCRH30,H3K36me3,hAT-Tag1,0.05475280322096839,0.02464741976619723,0.006967689260673245,0.10228842778117636
247,SJCRH30,H3K36me3,tRNA,-0.028660277078221594,0.26649920227872237,-0.07908535999743938,0.021911097187780566
248,SJCRH30,H3K36me3,Penelope,0.0024761163376913055,0.9496445038400315,-0.0742631345116598,0.0791862148215927
249,SJCRH30,H3K36me3,TcMar-Tc1,0.0007047701951431715,0.9856477002438959,-0.07596564916576527,0.07736690467101368
250,SJCRH30,H3K36me3,Dong-R4,0.06877634946357197,0.1554978496931626,-0.02629341723309447,0.16261317032562664
251,SJCRH30,H3K36me3,tRNA-Deu,-0.012622536887898984,0.7969426937077295,-0.10841016099664089,0.08339731613059301
252,SJCRH30,H3K36me3,Kolobok,-0.0025650358920260496,0.9616988724238249,-0.10691945181227039,0.10184527600171
253,SJCRH30,H3K36me3,PIF-Harbinger,-0.09530794075828042,0.07537736092367733,-0.1985335143481663,0.01000888858028257
254,SJCRH30,H3K36me3,Crypton,-0.03885636350092907,0.5150348551356039,-0.15479591029853432,0.07813890204831263
255,SJCRH30,H3K36me3,Merlin,0.04588496120759689,0.5073898207803581,-0.08981071365013639,0.17990815323688897
256,SJCRH30,H3K36me3,TcMar,0.01085862308042284,0.8777983991114269,-0.1270451974639386,0.14835062148848274
257,SJCRH30,H3K36me3,L1-Tx1,-0.05714905777270538,0.5071217850136414,-0.22286106018637275,0.11177290664833939
258,SJCRH30,H3K36me3,Crypton-A,0.13927424187829893,0.11261883419656071,-0.03387768415342807,0.3043088942106154
259,SJCRH30,H3K36me3,I-Jockey,0.07075340561579094,0.46472542607375755,-0.119165876634438,0.2556778624371939
260,SJCRH30,H3K36me3,hAT-Tip100?,-0.136756993006993,0.2773506550782012,-0.3693723198951268,0.1119858607683061
261,SJCRH30,H3K36me3,TcMar-Pogo,-0.12316715542521992,0.5018495355231954,-0.4535253281504284,0.2369480944500325
262,SJCRH30,H3K36me3,hAT?,0.27975553857906793,0.10906560551231893,-0.07130333441409901,0.5691456314769229
263,SJCRH30,H3K36me3,hAT-hAT19,0.22058823529411767,0.4116664304979635,-0.314827309892638,0.6495058705433708
264,SJCRH30,H3K27me3,Alu,0.0009402511689450134,0.32346531809405565,-0.0009261965483660881,0.0028066923353044456
265,SJCRH30,H3K27me3,L1,0.0012264433003741167,0.3733471247539981,-0.0014737689120135175,0.003926637628498995
266,SJCRH30,H3K27me3,MIR,0.00012960010850895698,0.925771805047757,-0.002596840206286743,0.0028560384965471888
267,SJCRH30,H3K27me3,L2,0.00011420677725900458,0.945618777497259,-0.0031674511528323726,0.00339586224750295
268,SJCRH30,H3K27me3,ERVL-MaLR,0.004132995557238993,0.03929866345783869,0.000202684562893288,0.008063178865939376
269,SJCRH30,H3K27me3,hAT-Charlie,-0.003075426552280349,0.14913602311232477,-0.007253738753705385,0.0011029930363150439
270,SJCRH30,H3K27me3,ERV1,0.0024250795261980193,0.429115925011616,-0.003586107167318329,0.00843609096637349
271,SJCRH30,H3K27me3,ERVL,-0.0004945653814175061,0.8742174028895304,-0.006617712434764984,0.005628618757573946
272,SJCRH30,H3K27me3,TcMar-Tigger,-0.002201944732387498,0.4883975295095374,-0.008430647421306335,0.004026928818588773
273,SJCRH30,H3K27me3,hAT-Tip100,0.0042975496491484124,0.3215571390029033,-0.0041998002661482285,0.012794278989544671
274,SJCRH30,H3K27me3,CR1,0.0011055823250404647,0.8148259559821469,-0.008146457900090534,0.010357433277569071
275,SJCRH30,H3K27me3,Gypsy,0.011436464845087237,0.15210330648780637,-0.004215711553493475,0.02708303886326834
276,SJCRH30,H3K27me3,hAT-Blackjack,-0.009742820265385354,0.23194576574052772,-0.025713210711499266,0.006232542078198334
277,SJCRH30,H3K27me3,TcMar-Mariner,-0.015967002559545303,0.052061322516855434,-0.03206919073143204,0.00014347184938380653
278,SJCRH30,H3K27me3,RTE-X,-0.008487024917684272,0.4098776871270263,-0.028665180870361975,0.01169804502088343
279,SJCRH30,H3K27me3,ERVK,-0.017951944500012428,0.12664584834672846,-0.04097046539074031,0.005085622027256363
280,SJCRH30,H3K27me3,TcMar-Tc2,-0.009647429001188229,0.4358480805955547,-0.03390275919897101,0.014619259140249143
281,SJCRH30,H3K27me3,SVA,-0.009623057089485278,0.5013566137052672,-0.03766011278989895,0.018429137099521115
282,SJCRH30,H3K27me3,RTE-BovB,-0.006762395357171568,0.6468952992747925,-0.0356835316747695,0.022170058474297497
283,SJCRH30,H3K27me3,tRNA-RTE,0.007123503612042406,0.657509474189466,-0.024365699428651043,0.038598585367705024
284,SJCRH30,H3K27me3,hAT-Ac,-0.0035429851769940004,0.8452090973094084,-0.03909426940000254,0.03201725732926217
285,SJCRH30,H3K27me3,hAT,-0.014323938488949686,0.4573852354913652,-0.052062289543501464,0.023455264937358767
286,SJCRH30,H3K27me3,MULE-MuDR,0.039519238553219885,0.05765889176602221,-0.0012998289574094304,0.08020683128856193
287,SJCRH30,H3K27me3,PiggyBac,0.017409918720826315,0.4262090405138924,-0.025478703190687426,0.06023456798801614
288,SJCRH30,H3K27me3,5S-Deu-L2,-0.009770264990202688,0.6716239430663249,-0.054895584533495655,0.03539488374842467
289,SJCRH30,H3K27me3,Helitron,0.012454263170570088,0.6086971895630362,-0.035223017355229994,0.060074981948159634
290,SJCRH30,H3K27me3,hAT-Tag1,-0.03953383383841632,0.10485426239828502,-0.08715543293725184,0.008268036769837466
291,SJCRH30,H3K27me3,tRNA,-0.009229116679170325,0.7205322639449646,-0.05973161383145372,0.04132050618222031
292,SJCRH30,H3K27me3,Penelope,-0.047593501126843414,0.22417954178167482,-0.123850874601191,0.029222724996446216
293,SJCRH30,H3K27me3,TcMar-Tc1,-0.055477840956651585,0.15676151817275297,-0.1317006288785129,0.02139711269264198
294,SJCRH30,H3K27me3,Dong-R4,-0.007336553114904761,0.8797091351641042,-0.10205365694304737,0.0875123782966159
295,SJCRH30,H3K27me3,tRNA-Deu,-0.08940915706128517,0.06782625144899743,-0.18393406489389322,0.006754279014044113
296,SJCRH30,H3K27me3,Kolobok,-0.02078069889811415,0.6967985196232522,-0.1247567618209941,0.08364683112263209
297,SJCRH30,H3K27me3,PIF-Harbinger,0.008545548794897996,0.8736104185485775,-0.09652303790124327,0.1134257843676746
298,SJCRH30,H3K27me3,Crypton,-0.058915786769376186,0.32335426488768615,-0.17441436300389096,0.05818196804876735
299,SJCRH30,H3K27me3,Merlin,0.03775586656006933,0.585497533532,-0.0978594609667868,0.1719945539013753
300,SJCRH30,H3K27me3,TcMar,-0.0362054623068309,0.6071761634110092,-0.17276156084857616,0.10171621700294017
301,SJCRH30,H3K27me3,L1-Tx1,0.030852090355775342,0.7204249410821393,-0.13761478640348776,0.19758411792785474
302,SJCRH30,H3K27me3,Crypton-A,-0.11499333389886457,0.19091135284478875,-0.2815032963565663,0.05823949153699491
303,SJCRH30,H3K27me3,I-Jockey,0.03206375683439904,0.7406586660480092,-0.15703249564027247,0.21889214579560315
304,SJCRH30,H3K27me3,hAT-Tip100?,-0.0686625874125874,0.5868018360059327,-0.3076789979034152,0.17850502764949966
305,SJCRH30,H3K27me3,TcMar-Pogo,0.10703812316715541,0.5598340484356554,-0.2520001260626874,0.440174245318332
306,SJCRH30,H3K27me3,hAT?,-0.04843391902215431,0.7856128969070441,-0.38054617149960573,0.2947446910625898
307,SJCRH30,H3K27me3,hAT-hAT19,0.12941176470588234,0.63288233246826,-0.39332360678280714,0.5889186780225588
308,SJCRH30,H3K4me3,Alu,-0.0003916975727234012,0.6810136399365285,-0.0022592445190805807,0.0014758521059101963
309,SJCRH30,H3K4me3,L1,0.0035527348022830365,0.009923395874007125,0.0008522205878294773,0.006253197198471393
310,SJCRH30,H3K4me3,MIR,-0.00040923177429854805,0.7686782050333383,-0.0031364172515961504,0.0023179597903695568
311,SJCRH30,H3K4me3,L2,0.0020894918477867893,0.2120870753251715,-0.0011924296703703671,0.005371368354494389
312,SJCRH30,H3K4me3,ERVL-MaLR,-0.0004027691071596167,0.8408651498113462,-0.004334340694390843,0.0035288149315227725
313,SJCRH30,H3K4me3,hAT-Charlie,-0.0020607394511133713,0.3338556306454534,-0.006240178049424829,0.0021187711415298154
314,SJCRH30,H3K4me3,ERV1,-0.002834730032733038,0.35540260045188665,-0.008846452108642634,0.003177196950642515
315,SJCRH30,H3K4me3,ERVL,-0.003708066865511778,0.23538087875673105,-0.009832555856519954,0.002416700316426875
316,SJCRH30,H3K4me3,TcMar-Tigger,0.0039053297568494676,0.21925722810281137,-0.0023252920927535163,0.010135648401715063
317,SJCRH30,H3K4me3,hAT-Tip100,0.005007143817493438,0.24817346281729244,-0.003491253612125501,0.01350481803104873
318,SJCRH30,H3K4me3,CR1,0.005022447528430109,0.2873764529478713,-0.004230276911244673,0.014274312053644284
319,SJCRH30,H3K4me3,Gypsy,-0.005458369175594574,0.4942971868851469,-0.02110809158198129,0.01019402742733445
320,SJCRH30,H3K4me3,hAT-Blackjack,-0.009798396114484029,0.22947925256599855,-0.025775127176833553,0.006183339192640265
321,SJCRH30,H3K4me3,TcMar-Mariner,0.003552308006677291,0.6658121252843978,-0.01256767693813305,0.019670446977323133
322,SJCRH30,H3K4me3,RTE-X,0.0064431296758729155,0.5315528206929265,-0.013741569496518828,0.026622579849053207
323,SJCRH30,H3K4me3,ERVK,0.01114773786608189,0.3428225345037972,-0.011886457058230286,0.034170107990857124
324,SJCRH30,H3K4me3,TcMar-Tc2,0.0033954061460407777,0.783979747183202,-0.020878386815414467,0.027665198458621178
325,SJCRH30,H3K4me3,SVA,0.006875430426358055,0.6312397524216913,-0.02119856399043003,0.03493859078393598
326,SJCRH30,H3K4me3,RTE-BovB,0.021586930116312436,0.1437090912951547,-0.0073551230848623115,0.05049284737383041
327,SJCRH30,H3K4me3,tRNA-RTE,0.002372481328434723,0.882628202178977,-0.029117139964530303,0.03385739821066647
328,SJCRH30,H3K4me3,hAT-Ac,0.011363577416373947,0.5313165135962352,-0.02421516240373034,0.0469135676764543
329,SJCRH30,H3K4me3,hAT,0.007440809011483709,0.6995260476059821,-0.030339832319564303,0.045200219426680295
330,SJCRH30,H3K4me3,MULE-MuDR,0.050933845222811046,0.014417960302228723,0.010118556733578917,0.09157969848433378
331,SJCRH30,H3K4me3,PiggyBac,0.0030930794344763003,0.887616705305135,-0.03978891744343338,0.04596370370536108
332,SJCRH30,H3K4me3,5S-Deu-L2,-0.007584113612270327,0.7421083431164174,-0.05271517070558516,0.03757786125640961
333,SJCRH30,H3K4me3,Helitron,0.013924616836220823,0.5671802429518225,-0.03376872785592165,0.06155468590150608
334,SJCRH30,H3K4me3,hAT-Tag1,0.014408942962959215,0.5545973428523243,-0.03338413002034634,0.062136267674550445
335,SJCRH30,H3K4me3,tRNA,-0.004330020100685387,0.8667080193942932,-0.054847535127116126,0.04620960560330574
336,SJCRH30,H3K4me3,Penelope,0.032343884485045896,0.4092900666731265,-0.044511613365780224,0.10881878076654848
337,SJCRH30,H3K4me3,TcMar-Tc1,-0.007375622125468115,0.8507848547594112,-0.08405412021159345,0.06938971020161715
338,SJCRH30,H3K4me3,Dong-R4,0.005550685157323763,0.9088426197247523,-0.08928382190523519,0.10028545304816798
339,SJCRH30,H3K4me3,tRNA-Deu,-0.05681546422203899,0.246434632759809,-0.1519785789028179,0.03939134930311945
340,SJCRH30,H3K4me3,Kolobok,0.03322379295355701,0.5338260336182583,-0.07143547679758047,0.13715945837595825
341,SJCRH30,H3K4me3,PIF-Harbinger,0.11730553909811892,0.02844046772530748,0.012117319265221227,0.21992592512794662
342,SJCRH30,H3K4me3,Crypton,-0.022687897595160912,0.7039237532267676,-0.1389327104800134,0.09417364240526746
343,SJCRH30,H3K4me3,Merlin,0.08321798965525455,0.22869805987763597,-0.05267443949156813,0.2160843719961438
344,SJCRH30,H3K4me3,TcMar,0.02401391774440562,0.7337948425125728,-0.11409286705734926,0.1612101589209133
345,SJCRH30,H3K4me3,L1-Tx1,0.03137014224738581,0.7159301624748192,-0.13710735508170138,0.19808368715867108
346,SJCRH30,H3K4me3,Crypton-A,0.04468092773175017,0.6123313007231402,-0.12790922887076073,0.21464449650400863
347,SJCRH30,H3K4me3,I-Jockey,0.11051802427949217,0.25260367686565566,-0.07980754388741221,0.2930689312191102
348,SJCRH30,H3K4me3,hAT-Tip100?,0.16206293706293706,0.1971247808375437,-0.08682105523600828,0.39190547873429915
349,SJCRH30,H3K4me3,TcMar-Pogo,0.05828445747800586,0.751350988580709,-0.2967158624920826,0.3991317549446924
350,SJCRH30,H3K4me3,hAT?,0.1174942704354469,0.5081149619029759,-0.23095048737009594,0.4392266502048215
351,SJCRH30,H3K4me3,hAT-hAT19,-0.35000000000000003,0.18386882202619317,-0.7284608753339697,0.19213463475632778
352,BE2C,H3K4me1,Alu,-0.0009387310095482614,0.32492090804072893,-0.0028077689275936217,0.0009303134670691067
353,BE2C,H3K4me1,L1,0.0021868393132564957,0.11289241843028154,-0.0005167904605210493,0.004890437117356872
354,BE2C,H3K4me1,MIR,-0.0007908977411502415,0.5699498257545783,-0.003519387223505143,0.0019376035171842678
355,BE2C,H3K4me1,L2,-0.0005054861337707091,0.7628287316561508,-0.0037885683095513966,0.0027776069389435004
356,BE2C,H3K4me1,ERVL-MaLR,0.0006341874648815876,0.752132387592079,-0.0033014318299673154,0.004569787113835506
357,BE2C,H3K4me1,hAT-Charlie,-0.0014268486816048384,0.5036790366252671,-0.00560882571914582,0.002755178264752338
358,BE2C,H3K4me1,ERV1,0.0006095818017894981,0.8428828019446934,-0.005418199858316122,0.006637319164928819
359,BE2C,H3K4me1,ERVL,0.004567448904585036,0.1442069459146235,-0.0015628577799512385,0.010697412305694525
360,BE2C,H3K4me1,TcMar-Tigger,-0.002810825368038494,0.3768973190240442,-0.009045285731587565,0.0034238535100047764
361,BE2C,H3K4me1,hAT-Tip100,0.003638072282192269,0.4016516526763223,-0.004864058892563926,0.012139677517431082
362,BE2C,H3K4me1,CR1,-0.005921023391523157,0.20986613615693114,-0.015175011425465823,0.0033339788981323762
363,BE2C,H3K4me1,Gypsy,-0.006297793972504486,0.4306819756779443,-0.021958682868080705,0.009366184892389034
364,BE2C,H3K4me1,hAT-Blackjack,-0.007777993855479807,0.34067793681719605,-0.023773751542823324,0.008221745284780925
365,BE2C,H3K4me1,TcMar-Mariner,-0.0029890475238852003,0.7164571602005887,-0.019117197792021538,0.013140657913619172
366,BE2C,H3K4me1,RTE-X,-0.002793796078133788,0.7863089418258107,-0.02298809432393521,0.017402781116784817
367,BE2C,H3K4me1,ERVK,-0.03116266357051448,0.008191926054740475,-0.05423152745448882,-0.008060551772134248
368,BE2C,H3K4me1,TcMar-Tc2,0.009446126381021838,0.44579920816492247,-0.014837268521103328,0.03371838495310419
369,BE2C,H3K4me1,SVA,-0.0005341641960172084,0.9702505293745487,-0.02860043095939284,0.027532944131483914
370,BE2C,H3K4me1,RTE-BovB,0.01707526452933752,0.24753459886231333,-0.011869952311602044,0.045991889110328844
371,BE2C,H3K4me1,tRNA-RTE,0.0031559907989163532,0.8443399645234103,-0.028342436523140606,0.03464815686508361
372,BE2C,H3K4me1,hAT-Ac,-0.003697197357872298,0.8386410502218042,-0.039265817532572043,0.03188078025231042
373,BE2C,H3K4me1,hAT,-0.03771322404923845,0.050532692298088634,-0.07541877749829917,0.00010002329454539289
374,BE2C,H3K4me1,MULE-MuDR,0.03316702200836376,0.11171013584068602,-0.007717752005644499,0.0739410928265902
375,BE2C,H3K4me1,PiggyBac,0.028581946437356242,0.19214027053434743,-0.014382775043466642,0.07144131792115728
376,BE2C,H3K4me1,5S-Deu-L2,0.005422750978574257,0.8141832808136792,-0.03978378116559136,0.05060712913398566
377,BE2C,H3K4me1,Helitron,0.030228821756274758,0.21530410184325546,-0.017603535702985527,0.07792312916188573
378,BE2C,H3K4me1,hAT-Tag1,0.004734150554374765,0.8462548956017466,-0.04310034115749579,0.0525469868036863
379,BE2C,H3K4me1,tRNA,0.02855413741373239,0.26859371142385946,-0.02205088998499719,0.07901322079275812
380,BE2C,H3K4me1,Penelope,-0.027199517500785912,0.4884463509975656,-0.10383946963655429,0.04976153354151766
381,BE2C,H3K4me1,TcMar-Tc1,0.06640627253556616,0.09021705965139351,-0.010515554746607233,0.14254678889969716
382,BE2C,H3K4me1,Dong-R4,0.08220433777814996,0.08940235076877626,-0.01284173156561819,0.17577823583739516
383,BE2C,H3K4me1,tRNA-Deu,-0.038609866373459444,0.4311002173551193,-0.13406381115663873,0.057553953236308256
384,BE2C,H3K4me1,Kolobok,0.019682413871885178,0.7117006836168558,-0.08458896871636343,0.12352738659740768
385,BE2C,H3K4me1,PIF-Harbinger,0.03328681278242577,0.5353961664485223,-0.07197371734767045,0.13781404796042704
386,BE2C,H3K4me1,Crypton,0.08390336776429164,0.15921716264866226,-0.03322289094284606,0.19875623796269318
387,BE2C,H3K4me1,Merlin,0.012630851469698884,0.8552758199329165,-0.1226522925628688,0.14745316905866665
388,BE2C,H3K4me1,TcMar,0.08084159193379042,0.25393337562064355,-0.05843093511513162,0.21702731204724804
389,BE2C,H3K4me1,L1-Tx1,-0.06919026390203001,0.4217468473965241,-0.23437956993789422,0.09988246388057448
390,BE2C,H3K4me1,Crypton-A,0.035792786193713844,0.6848374193598121,-0.13662561108467738,0.20610636272309316
391,BE2C,H3K4me1,I-Jockey,-0.021508664627930687,0.824318679139313,-0.20878681484274925,0.16729120014159077
392,BE2C,H3K4me1,hAT-Tip100?,-0.0470910138248848,0.713998001948059,-0.29158380863429084,0.2031774782718245
393,BE2C,H3K4me1,TcMar-Pogo,0.044354838709677415,0.8095204829126812,-0.3092819177614663,0.38721454033568903
394,BE2C,H3K4me1,hAT?,0.16410427807486633,0.3614707869611802,-0.19221706000788716,0.48219598656675694
395,BE2C,H3K4me1,hAT-hAT19,0.044117647058823525,0.8711220048065985,-0.46189247481035667,0.5284606726859619
396,BE2C,H3K9me3,Alu,0.00016513800620267615,0.8624724021801585,-0.0017032942374449794,0.002033569096844555
397,BE2C,H3K9me3,L1,-0.00011412041252480719,0.9340563895316666,-0.0028173469993521346,0.002589107842158331
398,BE2C,H3K9me3,MIR,-0.0002937747516887706,0.8328495140013559,-0.003021994115401027,0.0024344489852681124
399,BE2C,H3K9me3,L2,0.0009032251668871922,0.5897247195281895,-0.0023797372474934977,0.004186168111730798
400,BE2C,H3K9me3,ERVL-MaLR,-0.0005496264833683354,0.7842728170897175,-0.004484680385559892,0.0033854444404485787
401,BE2C,H3K9me3,hAT-Charlie,-6.693058708331878e-05,0.9749746971551896,-0.004248699804973491,0.004114840971664469
402,BE2C,H3K9me3,ERV1,-0.0034570724191538274,0.2608006056295752,-0.009482403346324225,0.0025685095368256396
403,BE2C,H3K9me3,ERVL,-0.004658488433037966,0.136358359123038,-0.01078811476702394,0.0014714879889657052
404,BE2C,H3K9me3,TcMar-Tigger,-0.008255707825762603,0.009444001875991807,-0.014489201789347846,-0.0020215721774505444
405,BE2C,H3K9me3,hAT-Tip100,0.0023256503573071056,0.5918652414626,-0.006176275878089002,0.01082724039537438
406,BE2C,H3K9me3,CR1,0.005367965848236139,0.25560297529865167,-0.003886722879623146,0.014621735116314304
407,BE2C,H3K9me3,Gypsy,-0.0027452485666583956,0.7312205015534439,-0.01840738625883379,0.012918236084483632
408,BE2C,H3K9me3,hAT-Blackjack,-0.001040409109965253,0.8985765638212178,-0.01703753813886456,0.014957252435550865
409,BE2C,H3K9me3,TcMar-Mariner,0.008530226055460721,0.29987765157224916,-0.007597418299194464,0.02465343386882327
410,BE2C,H3K9me3,RTE-X,0.013655576035994434,0.18501799666473948,-0.006538436658742494,0.03383845535768149
411,BE2C,H3K9me3,ERVK,0.007280510216394179,0.5369325963929574,-0.015829585248546125,0.030382831186399867
412,BE2C,H3K9me3,TcMar-Tc2,0.0019527646866334253,0.8747239662887525,-0.022320318742365338,0.026223547255109083
413,BE2C,H3K9me3,SVA,-0.015625606390537637,0.2749243892988403,-0.043654755980464234,0.012428122722159419
414,BE2C,H3K9me3,RTE-BovB,0.0024381141205307433,0.8688508195013976,-0.026497888099128522,0.031370034063935674
415,BE2C,H3K9me3,tRNA-RTE,-0.0019042071539575375,0.905709608799778,-0.03340183118718311,0.029597195675311813
416,BE2C,H3K9me3,hAT-Ac,-0.019558277458668984,0.28141728589146264,-0.055102852646668664,0.01603580601657682
417,BE2C,H3K9me3,hAT,-0.01077449266227414,0.5764498908801763,-0.048548470731279623,0.027030261705538954
418,BE2C,H3K9me3,MULE-MuDR,-0.007788120209195457,0.708858963284571,-0.04863634796873839,0.03308611584354438
419,BE2C,H3K9me3,PiggyBac,-0.0007350901619715481,0.9732589244439431,-0.04369264795355334,0.04222518080229281
420,BE2C,H3K9me3,5S-Deu-L2,0.011669137394022042,0.613013148860484,-0.033546541929022074,0.056837146415645835
421,BE2C,H3K9me3,Helitron,0.007908704093895953,0.7455572672559196,-0.03984635664571652,0.05562771748338135
422,BE2C,H3K9me3,hAT-Tag1,-0.03160179200703857,0.19544193301767543,-0.07931827172060915,0.016259173615217466
423,BE2C,H3K9me3,tRNA,0.01900785041253332,0.4616608999121875,-0.031606830509528935,0.06952529293579585
424,BE2C,H3K9me3,Penelope,0.027592160026225575,0.48151408260482453,-0.04925169563631419,0.10411128330914965
425,BE2C,H3K9me3,TcMar-Tc1,0.0339367195141576,0.38696388821728667,-0.04298121072919535,0.11045471285195058
426,BE2C,H3K9me3,Dong-R4,-0.0029936399882007823,0.9507603913533069,-0.0977529188262395,0.09181943155961493
427,BE2C,H3K9me3,tRNA-Deu,0.020551815979748,0.6752388870042783,-0.0755222201928972,0.11624778984914716
428,BE2C,H3K9me3,Kolobok,0.09714403158919781,0.0675188475226529,-0.007261120044460049,0.19945408569947745
429,BE2C,H3K9me3,PIF-Harbinger,0.04479459735853741,0.40414081212206654,-0.06052250547212214,0.14912533187408086
430,BE2C,H3K9me3,Crypton,0.00844346748419142,0.88754213640937,-0.10826269559107055,0.12492006102911146
431,BE2C,H3K9me3,Merlin,0.05501111067910423,0.42664964906332936,-0.08075886370233559,0.18877686523779924
432,BE2C,H3K9me3,TcMar,0.07299387647881567,0.30311001421257133,-0.06625286184353073,0.20945179564339758
433,BE2C,H3K9me3,L1-Tx1,-0.11187353934999059,0.19307433632088936,-0.2749287725807161,0.05743696016713764
434,BE2C,H3K9me3,Crypton-A,0.00033897716976895293,0.9969340669847755,-0.17119647637801488,0.17185448462717134
435,BE2C,H3K9me3,I-Jockey,0.17694374942081365,0.0656800448452035,-0.013026190023264701,0.354585217385972
436,BE2C,H3K9me3,hAT-Tip100?,-0.1592741935483871,0.21244825101343645,-0.3929397602366706,0.09371224999271877
437,BE2C,H3K9me3,TcMar-Pogo,0.2807917888563049,0.11953959536455734,-0.08233255496776706,0.578098618168929
438,BE2C,H3K9me3,hAT?,0.20855614973262035,0.24412789756770123,-0.1489316239576335,0.517830194466298
439,BE2C,H3K9me3,hAT-hAT19,-0.16764705882352943,0.5348568245819433,-0.6148281337779065,0.36110646855831324
440,BE2C,H3K36me3,Alu,0.00010975338589959249,0.9083486583517422,-0.0017588128415599294,0.0019783188469428012
441,BE2C,H3K36me3,L1,-0.0021055185549135377,0.1269065964598166,-0.004809043070276087,0.0005980367395947839
442,BE2C,H3K36me3,MIR,-0.0004455478158373424,0.7488945247939638,-0.0031736389608813705,0.0022825499611866962
443,BE2C,H3K36me3,L2,-0.0015403858916047672,0.3577818492972046,-0.0048234148524916665,0.001742676275115076
444,BE2C,H3K36me3,ERVL-MaLR,0.0012088435760998443,0.5471102715113261,-0.0027262262033097328,0.005143875918471319
445,BE2C,H3K36me3,hAT-Charlie,-0.00198336511780413,0.35257190526360305,-0.006164964770900711,0.0021983038980708447
446,BE2C,H3K36me3,ERV1,-0.0025608621676502497,0.4049533800757513,-0.008587531718549096,0.003465993415058856
447,BE2C,H3K36me3,ERVL,0.004150006554610563,0.1845540643153604,-0.001980181232525581,0.010279882444372805
448,BE2C,H3K36me3,TcMar-Tigger,0.00015806924801874329,0.9603660451698567,-0.006076196399061967,0.00639232260806303
449,BE2C,H3K36me3,hAT-Tip100,0.005909581734568413,0.17308242049592346,-0.002592335370479261,0.014410644575823755
450,BE2C,H3K36me3,CR1,-0.002284060240040643,0.6285787442630786,-0.011538154242103353,0.006970424986471804
451,BE2C,H3K36me3,Gypsy,-0.005890959063298217,0.4610648077585344,-0.021552506055610966,0.00977347847934391
452,BE2C,H3K36me3,hAT-Blackjack,0.015335237120534142,0.06025227333056999,-0.0006622082424648435,0.03132483535397156
453,BE2C,H3K36me3,TcMar-Mariner,-0.011878986457450025,0.1489190868123986,-0.028004317573923073,0.004252525597045001
454,BE2C,H3K36me3,RTE-X,0.0011228487250037622,0.9132252288549988,-0.019071002060388868,0.021315783774192135
455,BE2C,H3K36me3,ERVK,-0.02054235625810156,0.08136210792141282,-0.043624793778521166,0.002562001190249567
456,BE2C,H3K36me3,TcMar-Tc2,-0.005844127042727264,0.637168314617094,-0.030121373607140168,0.01844001059057865
457,BE2C,H3K36me3,SVA,0.006210090806609915,0.6644012182847052,-0.0218434275996222,0.034253837559106166
458,BE2C,H3K36me3,RTE-BovB,0.014455949353181946,0.32754955219507764,-0.014485710594461108,0.043373407319080945
459,BE2C,H3K36me3,tRNA-RTE,0.01007274394305344,0.5308723148464518,-0.021430385003146413,0.04155589021202814
460,BE2C,H3K36me3,hAT-Ac,0.0005405697518787463,0.976259771985991,-0.035051361798518144,0.03613113178262859
461,BE2C,H3K36me3,hAT,-0.004814590725549952,0.8028645431795473,-0.042592688681096946,0.03297725517009349
462,BE2C,H3K36me3,MULE-MuDR,-0.012645189198019532,0.5444240941217194,-0.05349114548782553,0.02824301175455408
463,BE2C,H3K36me3,PiggyBac,0.01584590344324185,0.46968582882505205,-0.02711354642131124,0.058746930494892734
464,BE2C,H3K36me3,5S-Deu-L2,0.028213083072497883,0.22131251601066218,-0.017014046766986746,0.07332499589155467
465,BE2C,H3K36me3,Helitron,-0.01364021277719118,0.5760309851705057,-0.061384233992067105,0.03416608664067408
466,BE2C,H3K36me3,hAT-Tag1,0.0004511924982951244,0.9852562312627773,-0.04737429800908154,0.0482746190893869
467,BE2C,H3K36me3,tRNA,-0.010177000519806169,0.6935086479069731,-0.060726778413806005,0.040424846513187764
468,BE2C,H3K36me3,Penelope,0.031964721794408936,0.41480585400854064,-0.04488994249799822,0.10844324169311956
469,BE2C,H3K36me3,TcMar-Tc1,0.019467180972547557,0.6200413596447238,-0.05746891780385434,0.09617342232173236
470,BE2C,H3K36me3,Dong-R4,0.05530305630536661,0.25360102074513186,-0.039764364551044706,0.1493782383700375
471,BE2C,H3K36me3,tRNA-Deu,0.06516635441543765,0.18359956141907904,-0.03104412235270234,0.16018033443031363
472,BE2C,H3K36me3,Kolobok,0.00851415947571975,0.8729943673244478,-0.09566055200495503,0.11250438721597733
473,BE2C,H3K36me3,PIF-Harbinger,-0.007587284257282891,0.8876837529745291,-0.11247928204143826,0.09747194496320623
474,BE2C,H3K36me3,Crypton,0.02901593166765227,0.6269207498418141,-0.08790335835852141,0.1451466059739765
475,BE2C,H3K36me3,Merlin,0.08220943772247809,0.23440774660216412,-0.053681424553369037,0.21511067950238683
476,BE2C,H3K36me3,TcMar,-0.01023062500608045,0.8853873081839891,-0.14841877140281112,0.12834939772749432
477,BE2C,H3K36me3,L1-Tx1,-0.020803750512195532,0.8093252007490109,-0.1878814328955458,0.14744404393317992
478,BE2C,H3K36me3,Crypton-A,-0.07114249986631237,0.41938828639289527,-0.23994893672171083,0.10183987094953055
479,BE2C,H3K36me3,I-Jockey,0.04431470670002781,0.6472757162872051,-0.14508712403580992,0.23058356904942928
480,BE2C,H3K36me3,hAT-Tip100?,-0.013344854070660522,0.9173240944146132,-0.26025990333151433,0.23520847590723135
481,BE2C,H3K36me3,TcMar-Pogo,0.024926686217008793,0.89228188719652,-0.32665657327517733,0.37044998242497323
482,BE2C,H3K36me3,hAT?,0.27540106951871657,0.12084701973407488,-0.0816796217361357,0.5698223012200896
483,BE2C,H3K36me3,hAT-hAT19,0.17058823529411765,0.527609768861268,-0.3585876165402646,0.6167910400470383
484,BE2C,H3K27me3,Alu,0.0005218746805764587,0.5840766618477571,-0.001346560163009831,0.0023903058803889437
485,BE2C,H3K27me3,L1,0.0028374479046645697,0.039673026616485696,0.00013402833328848387,0.005540826001495376
486,BE2C,H3K27me3,MIR,0.00043989106328628564,0.7519651114299742,-0.0022880692701776617,0.003167844849630571
487,BE2C,H3K27me3,L2,0.0011059219076803538,0.5090952337993426,-0.002177041688599993,0.0043888616651838385
488,BE2C,H3K27me3,ERVL-MaLR,-0.0017814282367270612,0.3749118932850034,-0.0057163435628926965,0.0021535422560841322
489,BE2C,H3K27me3,hAT-Charlie,-0.004341334464744733,0.04184522481579315,-0.008522341812460827,-0.0001601753284637004
490,BE2C,H3K27me3,ERV1,0.0029024024425989567,0.3451130719276856,-0.003122975998743117,0.00892757014501927
491,BE2C,H3K27me3,ERVL,0.000670615346455796,0.8302127695617709,-0.005459039124693018,0.006800219424386158
492,BE2C,H3K27me3,TcMar-Tigger,-0.0044506727182303035,0.16170411907525342,-0.010684036133695795,0.0017830365834482467
493,BE2C,H3K27me3,hAT-Tip100,0.0028340856163442045,0.5135374338250334,-0.005667940631148495,0.01133570215964834
494,BE2C,H3K27me3,CR1,-0.0028691271625560727,0.5434374214593525,-0.012123356447492697,0.006385593580983685
495,BE2C,H3K27me3,Gypsy,-0.006083255339245038,0.44654952410709037,-0.021744228059187267,0.00958070209207206
496,BE2C,H3K27me3,hAT-Blackjack,-0.0015670502884529414,0.8477542962440043,-0.017563495252776156,0.014430196691296795
497,BE2C,H3K27me3,TcMar-Mariner,-0.008946032219135787,0.27699955221191036,-0.02507122715093948,0.007183816756687828
498,BE2C,H3K27me3,RTE-X,0.0062511130789249,0.5440272295691961,-0.013942112676538538,0.026439241934652042
499,BE2C,H3K27me3,ERVK,0.0018912590788118233,0.8725522111502657,-0.02121360373365157,0.024994102821117654
500,BE2C,H3K27me3,TcMar-Tc2,0.010313114220336119,0.40495633405389797,-0.013959305510065325,0.034573386790316595
501,BE2C,H3K27me3,SVA,-0.0006048229967833415,0.9663036862106706,-0.028659529022768554,0.027450835133735963
502,BE2C,H3K27me3,RTE-BovB,-0.022713058067284034,0.12394818966801234,-0.05161695126719443,0.006228855235873948
503,BE2C,H3K27me3,tRNA-RTE,0.028779926024158534,0.07331474634669266,-0.0027245927005603043,0.060227370822557615
504,BE2C,H3K27me3,hAT-Ac,0.010639441820847749,0.5580003531240127,-0.02495640118507127,0.04620834047719168
505,BE2C,H3K27me3,hAT,-0.008757506957107992,0.6497626171620436,-0.04652846161248443,0.029038453866438736
506,BE2C,H3K27me3,MULE-MuDR,-0.02535696946552274,0.22423364951069027,-0.06617578437422693,0.015546573645966974
507,BE2C,H3K27me3,PiggyBac,-0.008906259097765568,0.6846344857392987,-0.05184620475824687,0.03406655772677368
508,BE2C,H3K27me3,5S-Deu-L2,0.01478253315276999,0.5218059533338385,-0.030448754297417772,0.059953401932494856
509,BE2C,H3K27me3,Helitron,-0.020507766144825683,0.400610394183635,-0.06824190344807787,0.0273200498181357
510,BE2C,H3K27me3,hAT-Tag1,-0.005602318189600105,0.8185132690938053,-0.05341284779963003,0.042233838034470915
511,BE2C,H3K27me3,tRNA,0.007519303801710349,0.7709159772360648,-0.043077523986629514,0.058077659266939655
512,BE2C,H3K27me3,Penelope,-0.0032273983157302343,0.9343964630760088,-0.07993282929851779,0.07351603011237913
513,BE2C,H3K27me3,TcMar-Tc1,0.047448480890424805,0.22630959400706546,-0.029485919602583385,0.12382401754172871
514,BE2C,H3K27me3,Dong-R4,-0.010036323847144323,0.8359855897214162,-0.10472587297176679,0.08483355978008557
515,BE2C,H3K27me3,tRNA-Deu,-0.002432643477783846,0.9604517844462599,-0.09832492622898872,0.093504398338916
516,BE2C,H3K27me3,Kolobok,0.016767871637871763,0.7528840456659642,-0.08748014511311138,0.12065260162298719
517,BE2C,H3K27me3,PIF-Harbinger,0.04831091583858859,0.36822135701371417,-0.05701931146884842,0.15257751868777916
518,BE2C,H3K27me3,Crypton,0.0038374825098240737,0.9487544762748359,-0.11281093798707546,0.12038156275463252
519,BE2C,H3K27me3,Merlin,0.0852938565213239,0.21725706823498434,-0.0506011373029597,0.21808785780436032
520,BE2C,H3K27me3,TcMar,-0.04862761034957148,0.49301500619344807,-0.18585159375153987,0.09045696042228783
521,BE2C,H3K27me3,L1-Tx1,0.0675147627390736,0.4331020958350825,-0.10153917016463608,0.2327788915182415
522,BE2C,H3K27me3,Crypton-A,0.01993559433861661,0.821194482367248,-0.15212684832366977,0.19082521101978206
523,BE2C,H3K27me3,I-Jockey,0.1021777407098508,0.29040284576487546,-0.08810018501850865,0.2852614675554705
524,BE2C,H3K27me3,hAT-Tip100?,0.10488671274961599,0.4132992373428537,-0.14737033432077462,0.34433212521937656
525,BE2C,H3K27me3,TcMar-Pogo,0.09677419354838708,0.5982653668660818,-0.2615106894114984,0.43161955370840466
526,BE2C,H3K27me3,hAT?,0.28342245989304815,0.10996950313226692,-0.07342230549898066,0.5759317606518122
527,BE2C,H3K27me3,hAT-hAT19,0.07941176470588236,0.770025319039825,-0.43404767404251515,0.5539290093824006
528,SJSA1,H3K27ac,Alu,0.0005101216050775364,0.5916162712821037,-0.0013534917949547015,0.002373731461754904
529,SJSA1,H3K27ac,L1,0.0006070656947303674,0.6589134351156778,-0.00208842374889448,0.0033025463169109068
530,SJSA1,H3K27ac,MIR,-0.0006202491427033356,0.6556882778559419,-0.003346717424664632,0.0021062283606970876
531,SJSA1,H3K27ac,L2,0.0017401792187565935,0.29846712594256747,-0.0015401969657664928,0.005020517951916415
532,SJSA1,H3K27ac,ERVL-MaLR,0.0005094048289015869,0.7992512358800598,-0.003416466216635045,0.004435260172130319
533,SJSA1,H3K27ac,hAT-Charlie,-0.0015956381789943963,0.4539196568420064,-0.005771588228061159,0.0025803675222161697
534,SJSA1,H3K27ac,ERV1,-0.005845256073817889,0.05565085530514431,-0.011831265768306646,0.00014117256238164132
535,SJSA1,H3K27ac,ERVL,-0.0036146602009516117,0.24691395791498857,-0.00973303507731304,0.002503985316991923
536,SJSA1,H3K27ac,TcMar-Tigger,-0.0035955770673788607,0.2575613956780585,-0.00981982053899605,0.002628945014300116
537,SJSA1,H3K27ac,hAT-Tip100,0.0004733266044065431,0.9130629392647428,-0.008023863462207313,0.008970448321073628
538,SJSA1,H3K27ac,CR1,-0.0014363544253118033,0.7607607901980125,-0.010681889932647303,0.007809426647994813
539,SJSA1,H3K27ac,Gypsy,0.0011142139132020283,0.8890045226434922,-0.01453246544221083,0.01676034772643468
540,SJSA1,H3K27ac,hAT-Blackjack,0.010790454941317877,0.1853157513755993,-0.005176962854768712,0.026752371757569355
541,SJSA1,H3K27ac,TcMar-Mariner,-0.008105425675904403,0.3237571299654365,-0.024201071218030286,0.007994420980503378
542,SJSA1,H3K27ac,RTE-X,-0.00013161634263130124,0.9897995222987142,-0.02030677898730511,0.02004365344810532
543,SJSA1,H3K27ac,ERVK,-0.0033215528351507213,0.7753130683039392,-0.02612447232987926,0.019484821457532032
544,SJSA1,H3K27ac,TcMar-Tc2,-0.009293995362283751,0.45274416535473927,-0.03354408298401587,0.014967029113344578
545,SJSA1,H3K27ac,SVA,0.016907565535293222,0.23534991949142647,-0.011020703144564114,0.044809476169847054
546,SJSA1,H3K27ac,RTE-BovB,0.010222068047870816,0.4884682946679154,-0.018699405439384434,0.039126449324404344
547,SJSA1,H3K27ac,tRNA-RTE,-0.002775195633426456,0.8629054552766955,-0.03426372774694039,0.028718840850934953
548,SJSA1,H3K27ac,hAT-Ac,0.0034044433615994644,0.8510687897516768,-0.03212642481259896,0.03892671768665403
549,SJSA1,H3K27ac,hAT,0.003635548369221564,0.8504521244708207,-0.034147874304216605,0.04140859363306327
550,SJSA1,H3K27ac,MULE-MuDR,0.012763881619453264,0.5400365249955558,-0.02806230144868001,0.05354755297313244
551,SJSA1,H3K27ac,PiggyBac,-0.00044089880288769936,0.9838974981776959,-0.04323485993292172,0.04235467724473324
552,SJSA1,H3K27ac,5S-Deu-L2,-0.004527768123557125,0.8442164711895963,-0.04965433689272783,0.04061724932208251
553,SJSA1,H3K27ac,Helitron,-0.0013393434742816836,0.9560582998525207,-0.04894857135544504,0.046275956807369005
554,SJSA1,H3K27ac,hAT-Tag1,0.009609465513000013,0.6934533634186851,-0.038162586315218586,0.057337692683636414
555,SJSA1,H3K27ac,tRNA,0.024673122928432444,0.3388057637053321,-0.025896122356357645,0.07511641522450868
556,SJSA1,H3K27ac,Penelope,0.033601955201467554,0.3894886487044721,-0.042962670931461985,0.1097741984178211
557,SJSA1,H3K27ac,TcMar-Tc1,-0.0001819970622107254,0.9962963784897456,-0.07690594897112518,0.07654409758161397
558,SJSA1,H3K27ac,Dong-R4,-0.02240163807623339,0.6439727955154027,-0.11695189944094417,0.07255106020671855
559,SJSA1,H3K27ac,tRNA-Deu,0.051005577803178645,0.298169872156081,-0.04519271931185684,0.1462666115125394
560,SJSA1,H3K27ac,Kolobok,0.047390451226809314,0.3740073766680281,-0.057185424776656245,0.15093767805492875
561,SJSA1,H3K27ac,PIF-Harbinger,-0.008282869415828661,0.8774644328574419,-0.11316634343279985,0.09678316644646824
562,SJSA1,H3K27ac,Crypton,-0.03182283198854525,0.5939584521249784,-0.14790068029908734,0.08511984730535171
563,SJSA1,H3K27ac,Merlin,0.0091103334621549,0.8950895400732768,-0.1257958427608809,0.14368568517912142
564,SJSA1,H3K27ac,TcMar,0.03660185849752147,0.6041445701214807,-0.10166611311755909,0.17348250266642912
565,SJSA1,H3K27ac,L1-Tx1,0.03451112353615925,0.6888910298596276,-0.13402934792339258,0.20111121806522614
566,SJSA1,H3K27ac,Crypton-A,-0.047758413375400585,0.5880318065434997,-0.21759625816474737,0.1248865447983685
567,SJSA1,H3K27ac,I-Jockey,0.0012695764989342972,0.9895464480223407,-0.18687684741920452,0.18932615952012397
568,SJSA1,H3K27ac,hAT-Tip100?,0.20242673992673993,0.10868046273339191,-0.04820629797490887,0.4290788116267204
569,SJSA1,H3K27ac,TcMar-Pogo,0.09970674486803517,0.587169553281415,-0.2587987317506519,0.43406840529201485
570,SJSA1,H3K27ac,hAT?,0.30664629488158895,0.07774316099158182,-0.04333360904183656,0.5895914227390744
571,SJSA1,H3K27ac,hAT-hAT19,-0.17058823529411765,0.527609768861268,-0.6167910400470383,0.3585876165402646
572,SJSA1,H3K9me3,Alu,-0.0011859505388482467,0.21207564481880253,-0.003048641390539724,0.0006767485424799628
573,SJSA1,H3K9me3,L1,0.00015986750807082403,0.9074491769172527,-0.002535326282081186,0.002855058975647376
574,SJSA1,H3K9me3,MIR,-0.0005973298284342802,0.6675763800334127,-0.0033232998909139,0.002128649111489131
575,SJSA1,H3K9me3,L2,-0.003408696914983129,0.041681526277389386,-0.006688923050110658,-0.0001283974229994338
576,SJSA1,H3K9me3,ERVL-MaLR,-0.0015925499478338869,0.4264764318225508,-0.00551755523662673,0.0023325044102836647
577,SJSA1,H3K9me3,hAT-Charlie,-0.003422796660583822,0.10809565904802138,-0.00759776702765526,0.000752293032572193
578,SJSA1,H3K9me3,ERV1,-0.00028548884493836106,0.9255092095542987,-0.006270120330446965,0.005699163090672538
579,SJSA1,H3K9me3,ERVL,-0.0020057015513281914,0.5204794142090866,-0.008122985969324389,0.004111732982347599
580,SJSA1,H3K9me3,TcMar-Tigger,-0.00269242757711182,0.3965029797702232,-0.008916042137315847,0.0035313955652257296
581,SJSA1,H3K9me3,hAT-Tip100,0.0014205026558313629,0.7431354776488319,-0.007075307334017958,0.00991610758989793
582,SJSA1,H3K9me3,CR1,0.010962307539027608,0.02014135902558827,0.001715810921851242,0.020206929806782646
583,SJSA1,H3K9me3,Gypsy,-0.008843005035035016,0.2680015818717907,-0.02448634398294512,0.006804663464503446
584,SJSA1,H3K9me3,hAT-Blackjack,0.0016849834269982674,0.8361200664226851,-0.014279354658097381,0.017648462685802432
585,SJSA1,H3K9me3,TcMar-Mariner,0.0011927851786330183,0.8845187146462838,-0.014902245806418555,0.01728719820447794
586,SJSA1,H3K9me3,RTE-X,0.00028750667599205013,0.9777200602082563,-0.019887825580044278,0.02046260487897126
587,SJSA1,H3K9me3,ERVK,0.001288597599414863,0.9117803257902076,-0.0215045395970689,0.024080395949566312
588,SJSA1,H3K9me3,TcMar-Tc2,0.005573415805169047,0.6524223042310758,-0.018678995865650746,0.029819272706849125
589,SJSA1,H3K9me3,SVA,0.016635605498108372,0.24282498730587782,-0.011284140448997528,0.04452943303335634
590,SJSA1,H3K9me3,RTE-BovB,-0.00445209921464028,0.7628972010906007,-0.03336628517375631,0.024469532987506957
591,SJSA1,H3K9me3,tRNA-RTE,-0.04289808389601346,0.00757593135173843,-0.07430360036781054,-0.011407560627363216
592,SJSA1,H3K9me3,hAT-Ac,-0.009423702909191294,0.6033135443907823,-0.04494215939083889,0.02611854876228382
593,SJSA1,H3K9me3,hAT,-0.024294940921330468,0.20753759858829163,-0.062015183522801734,0.013494604099927442
594,SJSA1,H3K9me3,MULE-MuDR,-0.00790597616626747,0.7043525310073728,-0.04870964795973629,0.03292404021710375
595,SJSA1,H3K9me3,PiggyBac,0.043262955637995204,0.047445072419748664,0.0004694516308850687,0.08589829573765405
596,SJSA1,H3K9me3,5S-Deu-L2,-0.028934503587813718,0.20911581224831627,-0.07398377928449947,0.01623261951271425
597,SJSA1,H3K9me3,Helitron,-0.009534121918405929,0.6949644887098373,-0.05713564083629791,0.03811064700943125
598,SJSA1,H3K9me3,hAT-Tag1,-0.03909363000841804,0.10867723463253459,-0.08670335840648774,0.008694259863724867
599,SJSA1,H3K9me3,tRNA,0.04761671747259993,0.06478028679466843,-0.002948244010787072,0.09793880352612237
600,SJSA1,H3K9me3,Penelope,0.04295417853232119,0.270856901564131,-0.03356578695984677,0.11897349178733935
601,SJSA1,H3K9me3,TcMar-Tc1,-0.048268186137735765,0.2176727834661703,-0.12451790659401962,0.028548290967637044
602,SJSA1,H3K9me3,Dong-R4,0.002602196955846189,0.9571922520055642,-0.09220751186419557,0.09736514685442207
603,SJSA1,H3K9me3,tRNA-Deu,-0.032464794199664845,0.5080153354619605,-0.1280062934283118,0.06367372671918378
604,SJSA1,H3K9me3,Kolobok,-0.006062364345779168,0.90950706140039,-0.11022881369313409,0.09823581739703816
605,SJSA1,H3K9me3,PIF-Harbinger,0.03310134222675833,0.537673756229933,-0.07215810560794084,0.13763157651451913
606,SJSA1,H3K9me3,Crypton,-0.009628650237811894,0.8718840632920151,-0.12608728831690397,0.10709177856510341
607,SJSA1,H3K9me3,Merlin,0.04443704159514484,0.5198959896027565,-0.09092233141054207,0.17818426012119432
608,SJSA1,H3K9me3,TcMar,0.07495952002386409,0.28662388158627744,-0.06325430347914987,0.21035203818249634
609,SJSA1,H3K9me3,L1-Tx1,-0.064880165506514,0.4513063964094206,-0.2302605803656765,0.10414278399722898
610,SJSA1,H3K9me3,Crypton-A,0.040832068843507416,0.6433224390319358,-0.13168616668926614,0.21094959203823682
611,SJSA1,H3K9me3,I-Jockey,-0.052414048744323975,0.5883130769606952,-0.23829091884807313,0.13716700698518408
612,SJSA1,H3K9me3,hAT-Tip100?,0.025869963369963368,0.8392017704961495,-0.2213868071286196,0.27000145654789004
613,SJSA1,H3K9me3,TcMar-Pogo,-0.22653958944281521,0.21247019885676732,-0.5364337662595541,0.13718686419572687
614,SJSA1,H3K9me3,hAT?,-0.049350649350649346,0.7816521892956636,-0.3813384865773388,0.29391257136633336
615,SJSA1,H3K9me3,hAT-hAT19,-0.049999999999999996,0.8540995521297436,-0.5327502893761625,0.45730167066061606
616,SJSA1,H3K36me3,Alu,0.0010760490963173728,0.2576053499158958,-0.0007869276106690481,0.002939018334076179
617,SJSA1,H3K36me3,L1,0.002722224067703976,0.047764000759162324,2.6809962354701852e-05,0.005417598618024586
618,SJSA1,H3K36me3,MIR,0.0007028807896881386,0.6133026713551275,-0.0020231118369967477,0.0034288629701432717
619,SJSA1,H3K36me3,L2,0.00029365966800351106,0.8607187803996633,-0.002986653055894297,0.0035739660720916808
620,SJSA1,H3K36me3,ERVL-MaLR,-0.0006441923380587946,0.7476994478062401,-0.004569234222590529,0.0032808693953763415
621,SJSA1,H3K36me3,hAT-Charlie,-0.002074744674831837,0.3300613196610087,-0.006249695440960244,0.0021002784193478547
622,SJSA1,H3K36me3,ERV1,0.001162055542371717,0.7035235035325276,-0.004822622093199999,0.007146649937774649
623,SJSA1,H3K36me3,ERVL,0.00026333918656509244,0.9327629862373878,-0.0058541972720159464,0.006380855934663943
624,SJSA1,H3K36me3,TcMar-Tigger,0.0004728857999478582,0.8816152796485878,-0.005750727274253489,0.006696462241445067
625,SJSA1,H3K36me3,hAT-Tip100,0.004089038645544226,0.34548168234013044,-0.004406311607012118,0.012583798709417011
626,SJSA1,H3K36me3,CR1,-0.004242367965854662,0.3684710395671087,-0.013487244560056027,0.0050032338695196145
627,SJSA1,H3K36me3,Gypsy,0.019169064799553263,0.0163303616700114,0.0035232604911976124,0.0348054864517691
628,SJSA1,H3K36me3,hAT-Blackjack,-0.005124514753635574,0.5292291836253358,-0.02108524904965077,0.010838830927556293
629,SJSA1,H3K36me3,TcMar-Mariner,-0.007338060150340451,0.37157639108669116,-0.0234307912372508,0.008758472802050197
630,SJSA1,H3K36me3,RTE-X,-0.005619760722847796,0.5851427841776704,-0.02579221210942546,0.014557265519140768
631,SJSA1,H3K36me3,ERVK,0.0016700740738473515,0.8858529598542102,-0.02112940963928019,0.02446782165036775
632,SJSA1,H3K36me3,TcMar-Tc2,0.03653501882148448,0.003147185948544673,0.012284406912196665,0.06074267759168079
633,SJSA1,H3K36me3,SVA,-0.01584080377114125,0.26607533798262734,-0.04373579030619224,0.012078863186466714
634,SJSA1,H3K36me3,RTE-BovB,0.006628113136610374,0.6533379448100635,-0.02229481625901877,0.035539956987082615
635,SJSA1,H3K36me3,tRNA-RTE,-0.0127587902502026,0.4270139022851105,-0.04421753135244329,0.018725228793416728
636,SJSA1,H3K36me3,hAT-Ac,-0.008775027894189361,0.6284211284472034,-0.04428878359037477,0.026760877914512277
637,SJSA1,H3K36me3,hAT,-0.014803253009630223,0.44255417013397214,-0.05254752896047708,0.02298325772028483
638,SJSA1,H3K36me3,MULE-MuDR,0.007869206498447748,0.705846086264869,-0.03298736485863429,0.04869952161865103
639,SJSA1,H3K36me3,PiggyBac,0.0027728423549358786,0.898970544475379,-0.04001656453921061,0.04555209780089364
640,SJSA1,H3K36me3,5S-Deu-L2,-0.0018872653643717454,0.9347213942812815,-0.04701978567800642,0.04325294479584145
641,SJSA1,H3K36me3,Helitron,0.015360805274661484,0.5275213813749235,-0.03229200813169472,0.06294394190004092
642,SJSA1,H3K36me3,hAT-Tag1,-0.015513206308712835,0.5245395390326604,-0.06322267466131343,0.03226700590263938
643,SJSA1,H3K36me3,tRNA,0.025133246264107484,0.3298722574263504,-0.025436306292777468,0.07557449843167789
644,SJSA1,H3K36me3,Penelope,-0.016653436089743692,0.6698141205255186,-0.09297313072928662,0.059860809446710635
645,SJSA1,H3K36me3,TcMar-Tc1,-0.04836816281449202,0.21672023830858408,-0.12461674481100679,0.028448347001901266
646,SJSA1,H3K36me3,Dong-R4,-0.08408563671546629,0.08228694847393485,-0.17762067377184654,0.010955026436405916
647,SJSA1,H3K36me3,tRNA-Deu,0.06006520513084638,0.22039995503642446,-0.03614423807261187,0.1551714605664266
648,SJSA1,H3K36me3,Kolobok,-0.014311156285550039,0.7884497754790805,-0.11837501654100233,0.09006365306981946
649,SJSA1,H3K36me3,PIF-Harbinger,0.009497179301983138,0.8596737973539706,-0.09558055846114305,0.11436559297151028
650,SJSA1,H3K36me3,Crypton,-0.03838409054304233,0.52015956539693,-0.15433318915409208,0.07860791401604163
651,SJSA1,H3K36me3,Merlin,0.04132679503610821,0.5495561412794184,-0.09400270877968007,0.17515678656281147
652,SJSA1,H3K36me3,TcMar,-0.034568421914325825,0.6243963345033916,-0.17150220325360438,0.10367570584086239
653,SJSA1,H3K36me3,L1-Tx1,-0.11717540375422032,0.17268126978731205,-0.2799348895528774,0.05213183837227781
654,SJSA1,H3K36me3,Crypton-A,-0.014426548051977878,0.8700890556458065,-0.18550173989435925,0.15749744569657925
655,SJSA1,H3K36me3,I-Jockey,-0.11147252339912891,0.24850401483858248,-0.2939612667629934,0.07885721098984994
656,SJSA1,H3K36me3,hAT-Tip100?,0.1629120879120879,0.1983655636551807,-0.08800227825400754,0.394386556461854
657,SJSA1,H3K36me3,TcMar-Pogo,-0.003665689149560117,0.9841141433730167,-0.3519109180080397,0.3454709385256579
658,SJSA1,H3K36me3,hAT?,0.027654698242933536,0.8766233267597529,-0.3135029560501613,0.36248944505898606
659,SJSA1,H3K36me3,hAT-hAT19,0.3029411764705882,0.25406688060961147,-0.23849092756482004,0.7007044030116498
660,SJSA1,H3K27me3,Alu,-0.0006693605570498227,0.48134706250244774,-0.002532518214267212,0.0011938017473594217
661,SJSA1,H3K27me3,L1,0.0008423951164930892,0.5401603515869279,-0.001852909282423685,0.0035376872760187663
662,SJSA1,H3K27me3,MIR,0.0005649396958552217,0.6846241419617716,-0.002161221022502864,0.0032910920170267912
663,SJSA1,H3K27me3,L2,-0.0001946689048238967,0.9074023512938545,-0.003474902986949763,0.0030855693665572505
664,SJSA1,H3K27me3,ERVL-MaLR,0.00021396981446122364,0.914918925932105,-0.003711401242042976,0.004139334277052193
665,SJSA1,H3K27me3,hAT-Charlie,-0.001827826873855716,0.3909040429403683,-0.006003249160137744,0.002347659146832505
666,SJSA1,H3K27me3,ERV1,0.0041159836656005835,0.17771555880088064,-0.0018693995015471728,0.010101071933603266
667,SJSA1,H3K27me3,ERVL,0.0007447684484054349,0.8114140936098971,-0.005372992405945563,0.006862473554339259
668,SJSA1,H3K27me3,TcMar-Tigger,-0.0023654367764253865,0.4563358349646863,-0.008589197235392301,0.0038585069402687602
669,SJSA1,H3K27me3,hAT-Tip100,0.004587188551178357,0.28992780493104076,-0.003908489342541807,0.013082204307752024
670,SJSA1,H3K27me3,CR1,-0.012537010963281666,0.007861392712129914,-0.02177969952092814,-0.003292179566437926
671,SJSA1,H3K27me3,Gypsy,0.000890894865865564,0.911144496437823,-0.014755236520539684,0.016536590079414718
672,SJSA1,H3K27me3,hAT-Blackjack,0.011827409154467757,0.1464997232724166,-0.004138402699030277,0.0277871926591163
673,SJSA1,H3K27me3,TcMar-Mariner,-0.005984769970287589,0.46623789536128013,-0.022080782855129308,0.010114344711178173
674,SJSA1,H3K27me3,RTE-X,0.02220341000260822,0.0310035242267898,0.0020266157506817458,0.04236213338620792
675,SJSA1,H3K27me3,ERVK,0.005439220853582303,0.6401367731818346,-0.017363306939759723,0.028236093579255744
676,SJSA1,H3K27me3,TcMar-Tc2,0.021062394848951307,0.08877754843695858,-0.003197196533987437,0.04529720895201848
677,SJSA1,H3K27me3,SVA,0.002222215329022571,0.8760649437319025,-0.025700485126738212,0.030141450976403417
678,SJSA1,H3K27me3,RTE-BovB,-0.0010587587971363803,0.9428008865170556,-0.029973040686151455,0.02785729352255874
679,SJSA1,H3K27me3,tRNA-RTE,-0.04360541446714751,0.006637988355505957,-0.075008785865816,-0.012115637278480416
680,SJSA1,H3K27me3,hAT-Ac,0.02655418846339283,0.14293261771292315,-0.008981585304663454,0.062022976624683604
681,SJSA1,H3K27me3,hAT,0.007354019552936622,0.7028631523923263,-0.03042653428520452,0.04511359009878789
682,SJSA1,H3K27me3,MULE-MuDR,-0.005346948424988807,0.7974663349457334,-0.046155920089075216,0.035479840842410376
683,SJSA1,H3K27me3,PiggyBac,0.010504105186184578,0.630455917169764,-0.03228596719140582,0.05325574204499161
684,SJSA1,H3K27me3,5S-Deu-L2,-0.014594786741495032,0.5264480466441122,-0.059694346373363585,0.030564234558628233
685,SJSA1,H3K27me3,Helitron,0.020356467226737486,0.4024214337452857,-0.02730131323227689,0.06792191874677833
686,SJSA1,H3K27me3,hAT-Tag1,-0.04174576065124667,0.08669663360694657,-0.08934178737341791,0.006040493690490066
687,SJSA1,H3K27me3,tRNA,0.017439462251463488,0.4990142850236874,-0.03312284205349614,0.06791272690659111
688,SJSA1,H3K27me3,Penelope,-0.022169377175496677,0.5699675022897026,-0.0983868321318448,0.054306646945443654
689,SJSA1,H3K27me3,TcMar-Tc1,-0.06750161389635202,0.08454318633883912,-0.14351133079923278,0.009299812631641572
690,SJSA1,H3K27me3,Dong-R4,-0.05243920857188203,0.27905574228242896,-0.14656177417132304,0.042624357587214945
691,SJSA1,H3K27me3,tRNA-Deu,0.047622501972739324,0.3314089205521873,-0.04856858593466261,0.14293834777325892
692,SJSA1,H3K27me3,Kolobok,0.046442465021230284,0.3836507319321817,-0.05813002636871489,0.15000683963286338
693,SJSA1,H3K27me3,PIF-Harbinger,0.1179329490067504,0.02759769519106454,0.01274955847772564,0.22053496594647876
694,SJSA1,H3K27me3,Crypton,-0.006130018280731668,0.9182269357700159,-0.12264096456919088,0.11054759990138684
695,SJSA1,H3K27me3,Merlin,0.07356025937521518,0.2863484728979534,-0.06198388372237131,0.20644018436765976
696,SJSA1,H3K27me3,TcMar,0.12899017100957805,0.06663202073295778,-0.009452591314361306,0.26258094099441076
697,SJSA1,H3K27me3,L1-Tx1,-0.0874690948343943,0.309454012644573,-0.2517982211777275,0.08176251517274243
698,SJSA1,H3K27me3,Crypton-A,-0.09949113388297416,0.25821419076460905,-0.2668669812477878,0.07371084507864459
699,SJSA1,H3K27me3,I-Jockey,-0.3027522935779817,0.0013750849276547123,-0.46778317933883196,-0.11732216608671805
700,SJSA1,H3K27me3,hAT-Tip100?,-0.022481684981684978,0.860033946508079,-0.266845933732375,0.2245987177143027
701,SJSA1,H3K27me3,TcMar-Pogo,-0.16092375366568912,0.37893593799187797,-0.48434062470361905,0.2011876792761158
702,SJSA1,H3K27me3,hAT?,0.01145912910618793,0.9487151354121994,-0.32798782187516345,0.3482853850296662
703,SJSA1,H3K27me3,hAT-hAT19,0.2352941176470588,0.38035580118865675,-0.3016030461153394,0.658893235790222
704,SJSA1,H3K4me3,Alu,-0.0004922265260932789,0.6046997094830151,-0.0023559122942988686,0.0013714626614444586
705,SJSA1,H3K4me3,L1,0.002165030939329958,0.11544696701208083,-0.0005305962058878125,0.004860626620781156
706,SJSA1,H3K4me3,MIR,0.0008291249631049319,0.5511432774827383,-0.001897258509886927,0.0035554961100956765
707,SJSA1,H3K4me3,L2,-0.0005392753824390897,0.7473073168279211,-0.003819789997251349,0.002741250839539498
708,SJSA1,H3K4me3,ERVL-MaLR,-0.0008605873873735959,0.6674496309368741,-0.004786349274176782,0.0030652010256966306
709,SJSA1,H3K4me3,hAT-Charlie,0.0019239384389685501,0.3665229228657886,-0.002251955626699323,0.006099765405838112
710,SJSA1,H3K4me3,ERV1,0.00037553780978820286,0.9021514019481582,-0.005611210614744607,0.006362259315019286
711,SJSA1,H3K4me3,ERVL,-0.0016914986903313815,0.5879132805464995,-0.007809664466895223,0.004426793721413004
712,SJSA1,H3K4me3,TcMar-Tigger,0.002043273915111255,0.5200108792194149,-0.004181762577618731,0.008268152053069307
713,SJSA1,H3K4me3,hAT-Tip100,0.0003109261559685925,0.9428280454583071,-0.008186412709310099,0.008808220120778419
714,SJSA1,H3K4me3,CR1,-0.005003739825220357,0.28889103300936514,-0.014250148546004123,0.004243524596391785
715,SJSA1,H3K4me3,Gypsy,-0.0019548036355598298,0.8065690866509351,-0.017600701399231224,0.01369205123917385
716,SJSA1,H3K4me3,hAT-Blackjack,0.0023720136394207486,0.7709181379902026,-0.013594055124296234,0.018336873162543493
717,SJSA1,H3K4me3,TcMar-Mariner,0.01627998068668814,0.04753381351355637,0.00017607488599900495,0.03237544471332377
718,SJSA1,H3K4me3,RTE-X,-0.0024889486109366575,0.8089697583254492,-0.022664127150189697,0.017688256336860476
719,SJSA1,H3K4me3,ERVK,-0.011243570576452044,0.3340295304414407,-0.03404502764509304,0.011569585179094717
720,SJSA1,H3K4me3,TcMar-Tc2,0.004074545816107276,0.742064786067455,-0.020188393441405935,0.028332688651786283
721,SJSA1,H3K4me3,SVA,-0.012595270322299307,0.3766503945911195,-0.0405003735937708,0.015329465607106801
722,SJSA1,H3K4me3,RTE-BovB,-0.0028948110124295662,0.8444724707454412,-0.031807400534315286,0.026022619124393603
723,SJSA1,H3K4me3,tRNA-RTE,-0.005416735549354242,0.7360873278512527,-0.03690213754879261,0.026079409980631924
724,SJSA1,H3K4me3,hAT-Ac,-0.0005160816362234897,0.9773013002808919,-0.036053980937220585,0.035023121275582034
725,SJSA1,H3K4me3,hAT,0.008304594653719334,0.6666960138013418,-0.029483914281302714,0.046069399384140945
726,SJSA1,H3K4me3,MULE-MuDR,0.01705455418218125,0.41312219617034196,-0.023792588293341254,0.057844848653288455
727,SJSA1,H3K4me3,PiggyBac,0.02878685914225523,0.18728031807964315,-0.014013637097737142,0.0714820593082832
728,SJSA1,H3K4me3,5S-Deu-L2,-0.026806540264580108,0.24458841053680655,-0.07186415486964685,0.018360261228186604
729,SJSA1,H3K4me3,Helitron,-0.038077598426465145,0.1170957793272518,-0.08555199675384355,0.009569313730916993
730,SJSA1,H3K4me3,hAT-Tag1,-0.04437004527453885,0.06862508263397567,-0.091952019549567,0.0034140921125725998
731,SJSA1,H3K4me3,tRNA,0.039218505571416123,0.12831592240457615,-0.011352672169607567,0.08958957103234341
732,SJSA1,H3K4me3,Penelope,-0.008909291666490887,0.8195632238482068,-0.08528549194311355,0.06757100010143176
733,SJSA1,H3K4me3,TcMar-Tc1,-0.021216642603502006,0.5883770575183505,-0.09779106095156015,0.05560751320988158
734,SJSA1,H3K4me3,Dong-R4,-0.08449911994201796,0.08078610235203842,-0.17802554913032748,0.010540286079848684
735,SJSA1,H3K4me3,tRNA-Deu,0.04438368746231583,0.3653830605412217,-0.051798949631168864,0.13975048711679228
736,SJSA1,H3K4me3,Kolobok,0.06724406046218392,0.20689708412248442,-0.03737023147835655,0.17040041405887038
737,SJSA1,H3K4me3,PIF-Harbinger,0.09179783286000195,0.08682483975836305,-0.013532237908363423,0.19511300071839213
738,SJSA1,H3K4me3,Crypton,0.031822567261550916,0.5939615234193238,-0.08512010989102935,0.14790042061793915
739,SJSA1,H3K4me3,Merlin,0.06296312856017802,0.3616411435590233,-0.07253370646930299,0.19617792475757878
740,SJSA1,H3K4me3,TcMar,0.021419226983247455,0.761064824678477,-0.11630977534064417,0.15834001252278157
741,SJSA1,H3K4me3,L1-Tx1,-0.10718073595346503,0.21253756161635678,-0.2704920810159911,0.0621265402404864
742,SJSA1,H3K4me3,Crypton-A,-0.0841357350035979,0.3393534196819028,-0.2523109940117632,0.08897327810690302
743,SJSA1,H3K4me3,I-Jockey,-0.0828004818830507,0.39201589007992454,-0.2670504180232395,0.1072895128775789
744,SJSA1,H3K4me3,hAT-Tip100?,0.24729853479853478,0.048825370962831294,-0.0022222383012557023,0.4678301304624125
745,SJSA1,H3K4me3,TcMar-Pogo,0.05058651026392961,0.7833536340362851,-0.3036715755643402,0.392556481807985
746,SJSA1,H3K4me3,hAT?,0.1550802139037433,0.38116203148927674,-0.19524897199642394,0.47031271687541026
747,SJSA1,H3K4me3,hAT-hAT19,0.014705882352941175,0.956891924031642,-0.48455406724881,0.5067391947839653
748,HAP-1,H3K27ac,Alu,0.0004961893420616409,0.6030616283219123,-0.001374018131952213,0.00236639334506198
749,HAP-1,H3K27ac,L1,-5.346991261693211e-05,0.9690777168396953,-0.002756907819329648,0.0026499687756739066
750,HAP-1,H3K27ac,MIR,-0.002539688446067162,0.06817551296557098,-0.005268888276250907,0.00018954921878496937
751,HAP-1,H3K27ac,L2,0.00043925941118052084,0.7931481185548099,-0.0028439206190043866,0.0037224299715983527
752,HAP-1,H3K27ac,ERVL-MaLR,-0.0029226760406443446,0.14568842251348801,-0.006859788109405884,0.0010145266389107335
753,HAP-1,H3K27ac,hAT-Charlie,0.005323647822710339,0.012634679081171999,0.0011397680550095008,0.009507341214119324
754,HAP-1,H3K27ac,ERV1,0.004124307234954151,0.18013724369356385,-0.001906693729269486,0.010155008182371235
755,HAP-1,H3K27ac,ERVL,-0.0005312918458270733,0.8651808900125538,-0.006664412135538923,0.005601868413416881
756,HAP-1,H3K27ac,TcMar-Tigger,-4.837128485495525e-06,0.9987872084167989,-0.006241968464349439,0.006232294583724551
757,HAP-1,H3K27ac,hAT-Tip100,0.0030491277735213386,0.4823077397613509,-0.00545674808613431,0.011554562443633898
758,HAP-1,H3K27ac,CR1,0.0032901298134728058,0.4860063739224759,-0.005966053730865039,0.012545749609576443
759,HAP-1,H3K27ac,Gypsy,-0.006325662583644064,0.4286892957643854,-0.021988040799965653,0.009339819869727569
760,HAP-1,H3K27ac,hAT-Blackjack,-0.008425876541748221,0.3019799360580275,-0.02442134248223051,0.0075739024716548345
761,HAP-1,H3K27ac,TcMar-Mariner,-0.00396064374457556,0.6304962071178584,-0.020096109848838556,0.012176884988747368
762,HAP-1,H3K27ac,RTE-X,0.006236828773832554,0.5450119156876336,-0.013959609638736188,0.026428180313461867
763,HAP-1,H3K27ac,ERVK,0.00917630609429408,0.4365834106325355,-0.013942297576312409,0.03228510418198381
764,HAP-1,H3K27ac,TcMar-Tc2,-0.0025106659891654375,0.8394875645570145,-0.026799705554109855,0.02178133632797597
765,HAP-1,H3K27ac,SVA,-0.01760288212896449,0.2197022436404107,-0.04568951936841643,0.010511563615367448
766,HAP-1,H3K27ac,RTE-BovB,-0.02842569626915092,0.05427407721144189,-0.05733106613622484,0.0005272908221290986
767,HAP-1,H3K27ac,tRNA-RTE,0.011370335756261112,0.4792552899027209,-0.020129355318450635,0.04284747608043141
768,HAP-1,H3K27ac,hAT-Ac,0.014320478734938056,0.4306251926145257,-0.021295199716459424,0.04989985638819548
769,HAP-1,H3K27ac,hAT,0.004853907611517086,0.8014330315581287,-0.032966112380067775,0.04266004676092862
770,HAP-1,H3K27ac,MULE-MuDR,0.034235349018463423,0.10070232260006612,-0.006657902291251709,0.07501428575160472
771,HAP-1,H3K27ac,PiggyBac,0.009984511331548039,0.6486426061183038,-0.032958692587294953,0.05289091788765943
772,HAP-1,H3K27ac,5S-Deu-L2,0.017558865008086975,0.4467248392405525,-0.027675056343656662,0.06272102357475333
773,HAP-1,H3K27ac,Helitron,0.010601299516498061,0.6639460655551832,-0.037214915532739694,0.058369080806544314
774,HAP-1,H3K27ac,hAT-Tag1,0.024739530356658393,0.3107157199759625,-0.023105341666447364,0.07247133675076284
775,HAP-1,H3K27ac,tRNA,0.01595571180065097,0.5365065167055061,-0.03463834403902163,0.06646819303980657
776,HAP-1,H3K27ac,Penelope,0.07052499021446827,0.07148879693395076,-0.006270155661656648,0.14649313931228072
777,HAP-1,H3K27ac,TcMar-Tc1,-0.01085346680876065,0.7827332897772485,-0.08780298765277351,0.06622481599872616
778,HAP-1,H3K27ac,Dong-R4,0.03414699531507718,0.4810728594488184,-0.060864327219121495,0.12854508171829104
779,HAP-1,H3K27ac,tRNA-Deu,-0.06706072900441533,0.1711571731792237,-0.16203950073396184,0.029149167442128514
780,HAP-1,H3K27ac,Kolobok,-0.027182669308363057,0.610753193448449,-0.1312123112041294,0.0774391097515171
781,HAP-1,H3K27ac,PIF-Harbinger,-0.02398900727030584,0.6551580184861301,-0.12866002930894158,0.0812106218067724
782,HAP-1,H3K27ac,Crypton,-0.11500852487120519,0.05328585327617783,-0.2289078222412646,0.001997271185616259
783,HAP-1,H3K27ac,Merlin,-0.07985700151702166,0.2481130982244403,-0.21283877336984056,0.0560293915622075
784,HAP-1,H3K27ac,TcMar,0.07858225448825418,0.26628754577527963,-0.060334508842025125,0.21451283451217182
785,HAP-1,H3K27ac,L1-Tx1,-0.0714724925056113,0.40656078858417255,-0.23655879396269955,0.0976246970977022
786,HAP-1,H3K27ac,Crypton-A,0.1517816987093014,0.08352086275205316,-0.02126601890528865,0.3159994785211799
787,HAP-1,H3K27ac,I-Jockey,0.046575850245575014,0.630572509531397,-0.1428778469250417,0.2327370444776619
788,HAP-1,H3K27ac,hAT-Tip100?,0.1592741935483871,0.21244825101343645,-0.09371224999271877,0.3929397602366706
789,HAP-1,H3K27ac,TcMar-Pogo,0.044354838709677415,0.8095204829126812,-0.3092819177614663,0.38721454033568903
790,HAP-1,H3K27ac,hAT?,0.11931818181818182,0.5083746131110635,-0.23475970972400936,0.4454419844625292
791,HAP-1,H3K27ac,hAT-hAT19,-0.2058823529411765,0.4442846410521438,-0.6400119754516044,0.32788695574892646
792,HAP-1,H3K4me1,Alu,0.001709318234686057,0.07326067681808762,-0.00016104726223443248,0.0035796717723446127
793,HAP-1,H3K4me1,L1,0.0005462662793976097,0.6921192458710284,-0.0021575561068760203,0.0032500806785632948
794,HAP-1,H3K4me1,MIR,-0.00051202026284951,0.7131124219058711,-0.0032414039913125797,0.002217371094263169
795,HAP-1,H3K4me1,L2,-0.0017801610442821668,0.2879249737606325,-0.0050633697060433365,0.0015030859963956432
796,HAP-1,H3K4me1,ERVL-MaLR,-0.0021275380277125783,0.2895651324801035,-0.006064777551534064,0.0018097674590848917
797,HAP-1,H3K4me1,hAT-Charlie,-0.0010714976012389955,0.6157017694566005,-0.005255322156049631,0.0031123644657703436
798,HAP-1,H3K4me1,ERV1,6.8265223593951e-05,0.9823009774495336,-0.005962864999992001,0.0060993904809528805
799,HAP-1,H3K4me1,ERVL,-0.002508732580992634,0.4227132780569378,-0.008641630734713628,0.003624354298829731
800,HAP-1,H3K4me1,TcMar-Tigger,-0.0014697791915054873,0.6441644650593185,-0.007706527652102852,0.004767083611529769
801,HAP-1,H3K4me1,hAT-Tip100,0.0013905740781299445,0.7486342418713823,-0.007114748220096489,0.009895695191057529
802,HAP-1,H3K4me1,CR1,0.0005814765561335528,0.9020066111445865,-0.008674444509981472,0.009837297990681344
803,HAP-1,H3K4me1,Gypsy,0.0076167211347644434,0.34058889845088014,-0.00804836630635339,0.0232780710409257
804,HAP-1,H3K4me1,hAT-Blackjack,-0.0010074768864533127,0.9017704013874032,-0.017004615152194296,0.014990177040094595
805,HAP-1,H3K4me1,TcMar-Mariner,0.004519335404066313,0.5831748116470397,-0.01162211172500847,0.02065842783621623
806,HAP-1,H3K4me1,RTE-X,0.008953241778572936,0.3848403264867859,-0.011240463602640484,0.029139647205673913
807,HAP-1,H3K4me1,ERVK,-0.02234688416201447,0.05831328054091217,-0.04545913130804255,0.0007892739611226887
808,HAP-1,H3K4me1,TcMar-Tc2,-0.004318889587213462,0.7275580554986596,-0.028610368404458703,0.01997768734052686
809,HAP-1,H3K4me1,SVA,0.020254181118031886,0.15784496902940304,-0.007857351385164968,0.048333724857848794
810,HAP-1,H3K4me1,RTE-BovB,-0.017155608198457316,0.24552263797056859,-0.04608471435150443,0.01180224977863059
811,HAP-1,H3K4me1,tRNA-RTE,-0.018353849788114638,0.2535359139582331,-0.04982729017057623,0.013156006753285385
812,HAP-1,H3K4me1,hAT-Ac,0.012902419940977192,0.47765882601162246,-0.0227124910128903,0.0484846240852586
813,HAP-1,H3K4me1,hAT,-0.001802815758537691,0.9255519126194507,-0.03959982728050497,0.035999347538220816
814,HAP-1,H3K4me1,MULE-MuDR,0.01603410988818108,0.44193204997880864,-0.02483899422292814,0.05685369687764916
815,HAP-1,H3K4me1,PiggyBac,0.003311815769187922,0.8798706451291504,-0.039621943270334276,0.046233368755171825
816,HAP-1,H3K4me1,5S-Deu-L2,-0.014714363039015167,0.5238383213048206,-0.05989745232014601,0.030528898364239682
817,HAP-1,H3K4me1,Helitron,0.041112376712600526,0.09187905746613863,-0.006717006181931826,0.08875407904042705
818,HAP-1,H3K4me1,hAT-Tag1,0.013975344546185736,0.5669217468929313,-0.033859846349777976,0.06174665145935744
819,HAP-1,H3K4me1,tRNA,-0.010904846928818808,0.6727142048064754,-0.06143536869110964,0.039681430334092924
820,HAP-1,H3K4me1,Penelope,0.02942533966891759,0.4532090250121358,-0.04748239860141214,0.10598625736927532
821,HAP-1,H3K4me1,TcMar-Tc1,-0.049903265479314306,0.2042093531172102,-0.12642638058968014,0.027210275169039136
822,HAP-1,H3K4me1,Dong-R4,0.04512415995200984,0.3517086410404111,-0.049924237737741385,0.13936253543695415
823,HAP-1,H3K4me1,tRNA-Deu,-0.008018086886232331,0.870170512355307,-0.103854831224024,0.08796618080738025
824,HAP-1,H3K4me1,Kolobok,-0.014173956343341905,0.7907219414192823,-0.11838686918957382,0.0903477986575397
825,HAP-1,H3K4me1,PIF-Harbinger,0.04384974203156797,0.41413717406207784,-0.06146350163675866,0.1481973828748691
826,HAP-1,H3K4me1,Crypton,-0.011261221611851979,0.8503980379948628,-0.12769473091679065,0.10547846082325903
827,HAP-1,H3K4me1,Merlin,0.026991379085033403,0.6966737909115559,-0.1084971023584896,0.1614953754283334
828,HAP-1,H3K4me1,TcMar,0.0587203935701456,0.40647604181756836,-0.08009789826767724,0.19530426373193224
829,HAP-1,H3K4me1,L1-Tx1,0.0459736050298109,0.5937159028439877,-0.12277595980469941,0.2121394708668732
830,HAP-1,H3K4me1,Crypton-A,0.09678732385954152,0.27144164962025075,-0.07640276952463702,0.2643081379559491
831,HAP-1,H3K4me1,I-Jockey,-0.01552219442127699,0.8727252766657313,-0.20304210969150613,0.1730960152808856
832,HAP-1,H3K4me1,hAT-Tip100?,-0.20022081413210446,0.11563600414206752,-0.4288740637950255,0.05254256226097069
833,HAP-1,H3K4me1,TcMar-Pogo,0.03958944281524926,0.8296693052689351,-0.31355988985278677,0.38311796218548894
834,HAP-1,H3K4me1,hAT?,-0.04578877005347594,0.8002475072362791,-0.3832359144534855,0.3024422196904941
835,HAP-1,H3K4me1,hAT-hAT19,-0.19999999999999998,0.45768790507519985,-0.6361845599460967,0.3330658485106412
836,HAP-1,H3K9me3,Alu,-0.0008909929267502303,0.35027196284882567,-0.0027605786619256203,0.0009785990371165717
837,HAP-1,H3K9me3,L1,0.0031201472939725414,0.023681629126396972,0.0004169219264033464,0.00582332706136745
838,HAP-1,H3K9me3,MIR,0.0004945479105546093,0.7224457612950494,-0.002234385624239817,0.0032234740794931517
839,HAP-1,H3K9me3,L2,0.00020254065288403207,0.9037581003681205,-0.0030805128354059606,0.0034855897750350195
840,HAP-1,H3K9me3,ERVL-MaLR,-0.000746026518108757,0.7102947890576434,-0.004682314443107401,0.0031902845254493366
841,HAP-1,H3K9me3,hAT-Charlie,-0.0013811687596755665,0.5175393361724946,-0.00556418503117329,0.002801895846819258
842,HAP-1,H3K9me3,ERV1,0.002347758672014535,0.4454186738238649,-0.003682487466929188,0.008377834067676521
843,HAP-1,H3K9me3,ERVL,0.0028824750866282603,0.3568367641073067,-0.003248965772554459,0.009013699220865364
844,HAP-1,H3K9me3,TcMar-Tigger,0.0022431172085474902,0.4808356690713548,-0.003993320211887886,0.008479380149190835
845,HAP-1,H3K9me3,hAT-Tip100,0.006589688436556754,0.12888838557381183,-0.00191590548385685,0.0150943289587384
846,HAP-1,H3K9me3,CR1,0.004298544142773552,0.3627143722944981,-0.004957672674436176,0.013554024427525263
847,HAP-1,H3K9me3,Gypsy,0.0046314388484261235,0.5622533819811306,-0.011032845346922959,0.020293450494325228
848,HAP-1,H3K9me3,hAT-Blackjack,-0.002325324385761669,0.7757552367215304,-0.018323138477632023,0.013673680041905452
849,HAP-1,H3K9me3,TcMar-Mariner,-0.011754108975439707,0.1531132101094362,-0.02787459668747308,0.004372490980891521
850,HAP-1,H3K9me3,RTE-X,-0.009880927348973653,0.3375547123169712,-0.030067761145214675,0.010313963567123916
851,HAP-1,H3K9me3,ERVK,-0.007626779664969487,0.5177736859716324,-0.03073043176067432,0.015485017800749117
852,HAP-1,H3K9me3,TcMar-Tc2,-0.02224240221783625,0.072712045754346,-0.046510908727418594,0.002052345391800086
853,HAP-1,H3K9me3,SVA,-0.013608876952305672,0.34236591700429975,-0.041681103393459464,0.014484818817089878
854,HAP-1,H3K9me3,RTE-BovB,0.005957595067539667,0.6868261318353656,-0.02300281514661441,0.03490801504060218
855,HAP-1,H3K9me3,tRNA-RTE,-0.01826164680818157,0.25599036569218653,-0.04973932148864017,0.013252270512229653
856,HAP-1,H3K9me3,hAT-Ac,0.016281358023307223,0.370067035440408,-0.019323451319858496,0.05184492441546179
857,HAP-1,H3K9me3,hAT,-0.012514634407547891,0.5167032213945812,-0.050306053198516526,0.02531257042262682
858,HAP-1,H3K9me3,MULE-MuDR,0.009573811238447916,0.646446028714635,-0.031329146224614565,0.050444755872825695
859,HAP-1,H3K9me3,PiggyBac,0.02572061155279434,0.2404193291948203,-0.017233518576175565,0.06857997638047171
860,HAP-1,H3K9me3,5S-Deu-L2,-0.010036830285062822,0.6635450730899839,-0.05520937145385738,0.03517671367292055
861,HAP-1,H3K9me3,Helitron,-0.04166139813268366,0.0875241202852518,-0.08928609187800357,0.006153365137819547
862,HAP-1,H3K9me3,hAT-Tag1,-0.01703827988471935,0.48511433936105486,-0.06479918982126044,0.03080051160989473
863,HAP-1,H3K9me3,tRNA,-0.009973333559718293,0.6992452216495338,-0.060506971934417605,0.04061129806591564
864,HAP-1,H3K9me3,Penelope,-0.007737891657844072,0.8435480608161261,-0.08441394432759472,0.0690292600557647
865,HAP-1,H3K9me3,TcMar-Tc1,0.021113497834926526,0.591624076022293,-0.05600680019143217,0.09798335303928282
866,HAP-1,H3K9me3,Dong-R4,-0.08686499703786199,0.07261927592690023,-0.1803417107453362,0.008166737837327772
867,HAP-1,H3K9me3,tRNA-Deu,-0.04699098900749923,0.33786836115207153,-0.14231688669347956,0.049198569994479927
868,HAP-1,H3K9me3,Kolobok,-0.05617441562052816,0.29256594892508375,-0.15970183448894784,0.04857522240724662
869,HAP-1,H3K9me3,PIF-Harbinger,-0.006404874177506527,0.9050971938419663,-0.11131118887884092,0.09864261159417986
870,HAP-1,H3K9me3,Crypton,-0.10788154472982246,0.06996949037542974,-0.22201404003772052,0.00916728751297152
871,HAP-1,H3K9me3,Merlin,0.057458078668000144,0.40633806302011144,-0.07832894833924373,0.1911520187599795
872,HAP-1,H3K9me3,TcMar,-0.06508064422406419,0.35746535940154944,-0.20146394613509253,0.07377813957657375
873,HAP-1,H3K9me3,L1-Tx1,0.12456814426152661,0.14696687526957802,-0.04472227659748974,0.2869039120332763
874,HAP-1,H3K9me3,Crypton-A,0.10457312231793549,0.2345636116452657,-0.06864598207936963,0.27167162906707115
875,HAP-1,H3K9me3,I-Jockey,-0.08678528403299046,0.36955160315329216,-0.27080358344334404,0.1033521218749924
876,HAP-1,H3K9me3,hAT-Tip100?,-0.1129120879120879,0.3743584711321236,-0.3497350779570398,0.13747459673753673
877,HAP-1,H3K9me3,TcMar-Pogo,0.03042521994134897,0.8687066972658026,-0.32175699976164623,0.3752116671227484
878,HAP-1,H3K9me3,hAT?,-0.08990641711229946,0.6187883027440202,-0.4208389179506736,0.26214599918370246
879,HAP-1,H3K9me3,hAT-hAT19,-0.02647058823529412,0.9224805705017287,-0.5154827882170895,0.4755474090858023
880,HAP-1,H3K36me3,Alu,-0.0003507935999892137,0.7130476067216154,-0.002220301364631373,0.0015187166167453191
881,HAP-1,H3K36me3,L1,0.001804243031893273,0.1907701074490726,-0.0008986876570556888,0.0045071473580122565
882,HAP-1,H3K36me3,MIR,-0.0005834334072190483,0.6751570047274067,-0.00331203342330397,0.0021451752965210326
883,HAP-1,H3K36me3,L2,-0.002033537487325015,0.22474181642421978,-0.005316538370313546,0.0012495072317497255
884,HAP-1,H3K36me3,ERVL-MaLR,0.003303720108821661,0.09993697475060451,-0.0006321872410331792,0.0072395251019421
885,HAP-1,H3K36me3,hAT-Charlie,-0.0027839707644846385,0.19204138050260325,-0.006966496479979193,0.0013986523569373267
886,HAP-1,H3K36me3,ERV1,-0.001453523442986116,0.636500223384376,-0.007481478840227398,0.00457453758750098
887,HAP-1,H3K36me3,ERVL,-0.004040466825422506,0.1965330180111585,-0.01017200059921159,0.0020913707767900697
888,HAP-1,H3K36me3,TcMar-Tigger,0.001625239288112107,0.6094855765350269,-0.00461077490790935,0.007861127082163622
889,HAP-1,H3K36me3,hAT-Tip100,-0.004804449876619989,0.2682051383041424,-0.013308628678359224,0.0037004239237417307
890,HAP-1,H3K36me3,CR1,-0.007004418620327011,0.13801394771080716,-0.01625914521785204,0.002251508048073366
891,HAP-1,H3K36me3,Gypsy,-0.0019098583864506108,0.8111324081533965,-0.01757274682194542,0.013753967184649449
892,HAP-1,H3K36me3,hAT-Blackjack,0.0006160571233043777,0.9398206466090031,-0.015376710471318378,0.016608509587862356
893,HAP-1,H3K36me3,TcMar-Mariner,-0.0025884652447536647,0.7531885519045187,-0.01872111720047944,0.01354553419319887
894,HAP-1,H3K36me3,RTE-X,-0.0019334722719490482,0.8511653896621102,-0.022127111037801732,0.01826174349737068
895,HAP-1,H3K36me3,ERVK,-0.005261189341029182,0.6554099772875437,-0.02836181686545746,0.017845054855687267
896,HAP-1,H3K36me3,TcMar-Tc2,-0.012882084411178133,0.29877252159043677,-0.03716769259201235,0.011418731277459987
897,HAP-1,H3K36me3,SVA,-0.00392189189185682,0.784397088882654,-0.03200821727071866,0.024170622449171085
898,HAP-1,H3K36me3,RTE-BovB,0.011401374265947357,0.44006455746256734,-0.01754259683304637,0.04032625240286837
899,HAP-1,H3K36me3,tRNA-RTE,-0.03694549511454526,0.02150547008276937,-0.06837623294355909,-0.005441490856633235
900,HAP-1,H3K36me3,hAT-Ac,0.013327175381050464,0.4629881403267906,-0.022264484837990553,0.048885096782025836
901,HAP-1,H3K36me3,hAT,-0.0019502314582919,0.91945436373996,-0.039732967199247606,0.035838073172330655
902,HAP-1,H3K36me3,MULE-MuDR,-0.026586592845509207,0.20255607501147146,-0.0674013991475558,0.01431704750802685
903,HAP-1,H3K36me3,PiggyBac,-0.009128252761294689,0.6768457977345381,-0.05201620179508365,0.03379330597012856
904,HAP-1,H3K36me3,5S-Deu-L2,-0.006768838912184475,0.7691750040540324,-0.051937908309549065,0.038427868829099134
905,HAP-1,H3K36me3,Helitron,-0.018159898133725687,0.4565701158924865,-0.06588846581067191,0.029651577688700016
906,HAP-1,H3K36me3,hAT-Tag1,0.013648657127077137,0.5760220068639315,-0.034186110052900925,0.061421033394374366
907,HAP-1,H3K36me3,tRNA,0.003417978269167415,0.8946677717965827,-0.047153214779454104,0.05397169456863018
908,HAP-1,H3K36me3,Penelope,0.026683941804149805,0.4960660088455884,-0.050157392906785454,0.103211225270008
909,HAP-1,H3K36me3,TcMar-Tc1,-0.009949638874185034,0.8002763716389498,-0.08684629416766697,0.06706487476373749
910,HAP-1,H3K36me3,Dong-R4,-0.0017483690160651128,0.9712307003523785,-0.09651925154971976,0.09305393004790086
911,HAP-1,H3K36me3,tRNA-Deu,-0.04095058022875029,0.40367279133152634,-0.13636976612021764,0.05522144695967967
912,HAP-1,H3K36me3,Kolobok,-0.08662024380719126,0.10422024399781829,-0.18948089233644008,0.01812096414167433
913,HAP-1,H3K36me3,PIF-Harbinger,0.05325298628423856,0.32120590378722974,-0.052092384847251365,0.15742621895029665
914,HAP-1,H3K36me3,Crypton,-0.041118720394482916,0.49085231785123284,-0.1570119807387038,0.07589162680093185
915,HAP-1,H3K36me3,Merlin,0.04885632510327524,0.4802596380044125,-0.0868653909210591,0.18279749958149438
916,HAP-1,H3K36me3,TcMar,0.1324023359058471,0.060327713646481276,-0.006361393736659121,0.26616328094198966
917,HAP-1,H3K36me3,L1-Tx1,0.07474882068498567,0.3853333890711024,-0.09438118572448635,0.23968505847541335
918,HAP-1,H3K36me3,Crypton-A,0.13366910757503278,0.12798677403967745,-0.03951563931310047,0.2990572596486012
919,HAP-1,H3K36me3,I-Jockey,-0.10793253637290336,0.26394109375649716,-0.29065060511992713,0.08238041749016135
920,HAP-1,H3K36me3,hAT-Tip100?,0.10815092165898618,0.3988314055329196,-0.14418175926363,0.347277597235737
921,HAP-1,H3K36me3,TcMar-Pogo,0.38563049853372433,0.029275096385294658,0.02940387843328972,0.6549404519583798
922,HAP-1,H3K36me3,hAT?,0.10260695187165776,0.5698939278887764,-0.2503724288917472,0.43150843707955977
923,HAP-1,H3K36me3,hAT-hAT19,-0.1323529411764706,0.6251064291516133,-0.5909376256019753,0.3908794033064706
924,HAP-1,H3K27me3,Alu,0.00023912877480380387,0.8020522479374693,-0.0016304304730018833,0.0021086863509803383
925,HAP-1,H3K27me3,L1,0.0008671418180191419,0.5295726527381741,-0.0018363398749988704,0.0035706108355318105
926,HAP-1,H3K27me3,MIR,-0.00040040605598618884,0.7736496330050944,-0.0031290818439713404,0.002328275694596912
927,HAP-1,H3K27me3,L2,0.0015968307626413572,0.3404428942938781,-0.001686254605980973,0.004879881708178518
928,HAP-1,H3K27me3,ERVL-MaLR,0.0007471980084744653,0.7098431343951495,-0.003188866976122892,0.004683239841104043
929,HAP-1,H3K27me3,hAT-Charlie,0.00025440508367845704,0.9051113282820081,-0.003928426486401133,0.004437227751593054
930,HAP-1,H3K27me3,ERV1,0.007767396433884858,0.011569910149466591,0.0017381142993563802,0.013796113862669476
931,HAP-1,H3K27me3,ERVL,-0.0056636441071383275,0.07022939725088563,-0.011794714392819226,0.0004678520147984884
932,HAP-1,H3K27me3,TcMar-Tigger,0.0021397991038130974,0.5012640296235015,-0.004096510138484419,0.008375941909570188
933,HAP-1,H3K27me3,hAT-Tip100,-0.003415371126245122,0.4311978877989817,-0.011919082810657955,0.005088834544856343
934,HAP-1,H3K27me3,CR1,0.009376588301362253,0.04707392660425712,0.0001210378005199257,0.018630532444883004
935,HAP-1,H3K27me3,Gypsy,0.011082796438460217,0.16550645684738619,-0.004581379416932651,0.026741534822054724
936,HAP-1,H3K27me3,hAT-Blackjack,-0.006172564007458227,0.4494671050156196,-0.022165805055353052,0.009823835467621526
937,HAP-1,H3K27me3,TcMar-Mariner,0.009180047453758356,0.26472386893013605,-0.006953089322327609,0.025308406511739382
938,HAP-1,H3K27me3,RTE-X,0.0063046696581169825,0.5405823155759788,-0.01388856775157216,0.026492766501972055
939,HAP-1,H3K27me3,ERVK,-0.004780254679158597,0.6853218800743898,-0.027895679514793638,0.018340279801197595
940,HAP-1,H3K27me3,TcMar-Tc2,0.01406825829266471,0.2562587201874385,-0.010221476323224097,0.03834140066689546
941,HAP-1,H3K27me3,SVA,0.02018872353388936,0.15915000593598386,-0.007919921857706872,0.04826549005601584
942,HAP-1,H3K27me3,RTE-BovB,0.04525126889899567,0.0021731689848512137,0.016317448190233,0.07410936719238398
943,HAP-1,H3K27me3,tRNA-RTE,0.0010357966505035402,0.9486129428758223,-0.03045667125212732,0.03252621012940644
944,HAP-1,H3K27me3,hAT-Ac,-0.012118658028717089,0.5048129079297397,-0.047702378386078284,0.023495782652724218
945,HAP-1,H3K27me3,hAT,-0.0006150166907964346,0.9745794337430792,-0.03842787327680192,0.03719959869431889
946,HAP-1,H3K27me3,MULE-MuDR,-0.002869044185099527,0.8906670967148371,-0.04375375209995637,0.038025257614670925
947,HAP-1,H3K27me3,PiggyBac,0.006312615761084652,0.7732360762904525,-0.0366154468111991,0.04921742399908621
948,HAP-1,H3K27me3,5S-Deu-L2,0.0036993693653962476,0.8726153129030932,-0.041504174200825375,0.048887799490094454
949,HAP-1,H3K27me3,Helitron,-0.0020316216573562614,0.9336058738047297,-0.04979445714946191,0.04574048510237071
950,HAP-1,H3K27me3,hAT-Tag1,-0.03604613124255079,0.13960271181190495,-0.08372752964192719,0.011799950118809549
951,HAP-1,H3K27me3,tRNA,-0.013772160247938644,0.5936821962331968,-0.06429267715701198,0.036818769993000613
952,HAP-1,H3K27me3,Penelope,0.020867169794626113,0.594536828142151,-0.05595577117576297,0.09744448509021056
953,HAP-1,H3K27me3,TcMar-Tc1,-0.010622698246156151,0.78691940879224,-0.08745541183156035,0.06633565182207911
954,HAP-1,H3K27me3,Dong-R4,0.008152575999361658,0.866448480656016,-0.08670279673270594,0.10286145927463344
955,HAP-1,H3K27me3,tRNA-Deu,-0.03235922711753481,0.509396553528823,-0.12790218365736225,0.0637788117694724
956,HAP-1,H3K27me3,Kolobok,-0.02618620848467024,0.6234036550226774,-0.13008397258000923,0.07828038780563296
957,HAP-1,H3K27me3,PIF-Harbinger,0.06863419779233336,0.20086133421848282,-0.036733522412997335,0.17249263537962348
958,HAP-1,H3K27me3,Crypton,-0.06775052075118901,0.2559559560347107,-0.1830330246351993,0.04936994666249334
959,HAP-1,H3K27me3,Merlin,-0.0042328522219820235,0.9512630403485873,-0.13922241840577307,0.1309111568388921
960,HAP-1,H3K27me3,TcMar,-0.03365138226546499,0.634471530786705,-0.17094658892145817,0.1049257771279049
961,HAP-1,H3K27me3,L1-Tx1,0.17990635398067464,0.035408848547410283,0.011205812071855411,0.33864882691439224
962,HAP-1,H3K27me3,Crypton-A,-0.056390320202430455,0.5223414594083668,-0.22586309060971543,0.1163954830481229
963,HAP-1,H3K27me3,I-Jockey,-0.07111481790380875,0.46244189691751136,-0.2560196028420491,0.1188101820758485
964,HAP-1,H3K27me3,hAT-Tip100?,-0.07795698924731183,0.5436524871571023,-0.3198947855327528,0.1735250876523717
965,HAP-1,H3K27me3,TcMar-Pogo,0.07038123167155425,0.7018892592331514,-0.2857285109153535,0.40941182496732087
966,HAP-1,H3K27me3,hAT?,0.26737967914438504,0.13250520694814535,-0.0898953750843171,0.5636849369298769
967,HAP-1,H3K27me3,hAT-hAT19,-0.3294117647058824,0.21280142621621312,-0.7164518941542429,0.21268305460997874
968,HAP-1,H3K4me3,Alu,0.000994635823114526,0.2972857818966236,-0.000875751175701778,0.002865015862786297
969,HAP-1,H3K4me3,L1,-0.0005836470553049843,0.6722451579676356,-0.0032875176988110253,0.002120232122220622
970,HAP-1,H3K4me3,MIR,-0.0002564434081574405,0.8538988404196659,-0.002985898253746825,0.002473015258405221
971,HAP-1,H3K4me3,L2,-0.0009478135002685537,0.5715357281348025,-0.004231124253784458,0.0023355176884974536
972,HAP-1,H3K4me3,ERVL-MaLR,-0.00018322846556259698,0.9273240029588752,-0.004120416067450557,0.003753964816946156
973,HAP-1,H3K4me3,hAT-Charlie,-0.003987091424918461,0.06180135220447038,-0.008170980717107855,0.00019693746165682732
974,HAP-1,H3K4me3,ERV1,0.008339071385800567,0.006728159305517873,0.002307954854690045,0.014369581278866232
975,HAP-1,H3K4me3,ERVL,-0.00028609904962362346,0.927147882240041,-0.0064188091404401406,0.005846632561716822
976,HAP-1,H3K4me3,TcMar-Tigger,0.0003021309454965269,0.9243662596553597,-0.005935390915359681,0.006539629296615796
977,HAP-1,H3K4me3,hAT-Tip100,-0.00035155131469184834,0.9354456139127969,-0.00885836120942376,0.00815530946094519
978,HAP-1,H3K4me3,CR1,0.004649066021629476,0.3248835866041294,-0.004606746195246236,0.013904081718311163
979,HAP-1,H3K4me3,Gypsy,0.015943399570295606,0.04602943280445484,0.00028007482856243833,0.031598903131188516
980,HAP-1,H3K4me3,hAT-Blackjack,-0.015682770613152878,0.05472143443657468,-0.03167587873843745,0.0003183661769028076
981,HAP-1,H3K4me3,TcMar-Mariner,-0.0003960329301552308,0.961650459214788,-0.016538086947189733,0.015746227474910425
982,HAP-1,H3K4me3,RTE-X,-0.011931787885394056,0.2469106317996085,-0.03212032208634825,0.008266478632420813
983,HAP-1,H3K4me3,ERVK,-0.02109887175976023,0.0737443656922433,-0.04420468528190528,0.0020295022752892375
984,HAP-1,H3K4me3,TcMar-Tc2,0.029432014790497927,0.017586047891162894,0.005132325490594376,0.05369696595538457
985,HAP-1,H3K4me3,SVA,-0.02650859623121084,0.06456733683513671,-0.054582810713678064,0.0016074961217014303
986,HAP-1,H3K4me3,RTE-BovB,-0.006409682576523354,0.6643935771543961,-0.03535328665188012,0.022544665121712396
987,HAP-1,H3K4me3,tRNA-RTE,-0.0023664935102342506,0.8829373039517707,-0.033855480512842616,0.029127187241312143
988,HAP-1,H3K4me3,hAT-Ac,0.019449320624584286,0.28434515788323417,-0.016162357873514378,0.05501171781562089
989,HAP-1,H3K4me3,hAT,0.004768490333073678,0.8048918383385357,-0.03305847275695537,0.042581811767546114
990,HAP-1,H3K4me3,MULE-MuDR,-0.008191079831421092,0.6944083501414327,-0.04902069993594091,0.032665870395602876
991,HAP-1,H3K4me3,PiggyBac,0.02404525749697607,0.27255989221265425,-0.0189187854166123,0.06692066159046556
992,HAP-1,H3K4me3,5S-Deu-L2,-0.0022985263196441206,0.9206864692465047,-0.047514149672264146,0.04292649749280557
993,HAP-1,H3K4me3,Helitron,-0.028971915294367077,0.23500375493206058,-0.0766717526370047,0.018860236935434264
994,HAP-1,H3K4me3,hAT-Tag1,-0.0001879817157384398,0.9938551389955554,-0.047997785764140724,0.047622681716842453
995,HAP-1,H3K4me3,tRNA,0.0144079320005407,0.5766226541424505,-0.036167106522915195,0.06490935631347809
996,HAP-1,H3K4me3,Penelope,0.031862776733940106,0.4162963225634482,-0.04499166061629066,0.10834226811408415
997,HAP-1,H3K4me3,TcMar-Tc1,-0.00884625494986974,0.8221671470312801,-0.0858099504670333,0.06822239168794521
998,HAP-1,H3K4me3,Dong-R4,0.04137066896317393,0.39324596927558764,-0.05366698134467097,0.13566555617003476
999,HAP-1,H3K4me3,tRNA-Deu,-0.03304964405000233,0.500398893636341,-0.128583041021315,0.06309151836236832
1000,HAP-1,H3K4me3,Kolobok,0.0051398056486391215,0.9232319001993643,-0.09914915118616055,0.10931707629632906
1001,HAP-1,H3K4me3,PIF-Harbinger,0.005620223630356376,0.9166784610516379,-0.0994193489439727,0.11053591919288894
1002,HAP-1,H3K4me3,Crypton,-0.08524791616849944,0.15261669389840365,-0.20006300672943256,0.03187673130532913
1003,HAP-1,H3K4me3,Merlin,0.017675527318380648,0.7985326382510989,-0.11768444151309673,0.1523906668969217
1004,HAP-1,H3K4me3,TcMar,-0.04448790409609703,0.5295589660455211,-0.1814911326974249,0.09420939367581825
1005,HAP-1,H3K4me3,L1-Tx1,0.22645401651199987,0.007792042432273113,0.058908303018680906,0.381591160131764
1006,HAP-1,H3K4me3,Crypton-A,0.13066101883227993,0.13687339356731787,-0.04253782380278071,0.2962356783456567
1007,HAP-1,H3K4me3,I-Jockey,0.07787971457696229,0.42085563931770276,-0.11214551036445757,0.26240984685253016
1008,HAP-1,H3K4me3,hAT-Tip100?,-0.1995967741935484,0.11679886103856758,-0.4283306982468508,0.053175179111907125
1009,HAP-1,H3K4me3,TcMar-Pogo,-0.021627565982404687,0.9064717987372536,-0.3675865040820552,0.3295896210998524
1010,HAP-1,H3K4me3,hAT?,0.25501336898395727,0.15206944606157874,-0.10248135662322823,0.5541686347807158
1011,HAP-1,H3K4me3,hAT-hAT19,0.047058823529411764,0.8626036946668731,-0.45959953959144045,0.5306077414822763
1012,HL-60,H3K27ac,Alu,0.0013885160642097098,0.14523796466476083,-0.0004798889215008366,0.0032569113555071297
1013,HL-60,H3K27ac,L1,0.0003053738036099154,0.8247225381515335,-0.0023970564224180158,0.003007799569276153
1014,HL-60,H3K27ac,MIR,0.00014675434338698917,0.916037083979004,-0.0025815133655554064,0.0028750198676154104
1015,HL-60,H3K27ac,L2,0.0012235272825008277,0.46503712067756187,-0.002058902805654978,0.004505931005413233
1016,HL-60,H3K27ac,ERVL-MaLR,-0.00220511947267535,0.2719738885617111,-0.006139373140080019,0.0017292024594761659
1017,HL-60,H3K27ac,hAT-Charlie,-0.005217500810757546,0.01446503483881061,-0.00939893280807561,-0.0010358863510446792
1018,HL-60,H3K27ac,ERV1,-0.002064384212853155,0.5017797030200748,-0.00808800741353934,0.003959388800581457
1019,HL-60,H3K27ac,ERVL,-0.002939031687686295,0.34724667744083837,-0.009067284291485952,0.0031894416794640804
1020,HL-60,H3K27ac,TcMar-Tigger,0.002364899328887116,0.45709961339412886,-0.0038681964233352657,0.008597811325808623
1021,HL-60,H3K27ac,hAT-Tip100,-0.001473302552827825,0.7341189542682898,-0.009974734907182887,0.007028342771299316
1022,HL-60,H3K27ac,CR1,0.0019461703912714734,0.6801992244449409,-0.007307780047296319,0.011199787517649235
1023,HL-60,H3K27ac,Gypsy,0.014191098298189762,0.07569707516150677,-0.0014689164667431565,0.029844154416482364
1024,HL-60,H3K27ac,hAT-Blackjack,0.008310166379418324,0.30870000884244814,-0.0076906725431014995,0.024306750888169394
1025,HL-60,H3K27ac,TcMar-Mariner,-0.002957934537520128,0.7192101726466151,-0.019081728286519523,0.013167397359922157
1026,HL-60,H3K27ac,RTE-X,-0.004918496279481711,0.6330313904027104,-0.02510418087881907,0.015271197412225058
1027,HL-60,H3K27ac,ERVK,0.0034789667968205063,0.767832497001988,-0.01961696918006195,0.026571191808487393
1028,HL-60,H3K27ac,TcMar-Tc2,0.015814385823363836,0.20171043551470644,-0.00846610733723168,0.04007624213507054
1029,HL-60,H3K27ac,SVA,-0.014300354330735898,0.31820156033270286,-0.042360111653595545,0.013781944459458533
1030,HL-60,H3K27ac,RTE-BovB,0.011008762916524285,0.45597222839202345,-0.017935070278731872,0.039934160543237125
1031,HL-60,H3K27ac,tRNA-RTE,-0.00641451205666609,0.6898399000765993,-0.037902710027930636,0.025086411641158712
1032,HL-60,H3K27ac,hAT-Ac,-0.037841689643305955,0.0371039815638515,-0.07333516504123894,-0.002252475044598281
1033,HL-60,H3K27ac,hAT,-0.00412349584544098,0.8306973694574625,-0.04190275526286014,0.033667538144702226
1034,HL-60,H3K27ac,MULE-MuDR,0.007432084927008872,0.7215436851839632,-0.033432839204924944,0.04827220045604212
1035,HL-60,H3K27ac,PiggyBac,-0.026790729068160022,0.2212948223236752,-0.06963605369840493,0.016153253516763718
1036,HL-60,H3K27ac,5S-Deu-L2,0.010584468908206662,0.6464932472453826,-0.03464184361252382,0.05576751864674354
1037,HL-60,H3K27ac,Helitron,-0.02519500777668126,0.30117014358048855,-0.07285420038843884,0.022578989232604884
1038,HL-60,H3K27ac,hAT-Tag1,-0.011680212109137939,0.6320568591373553,-0.059430481322113926,0.036123387695919607
1039,HL-60,H3K27ac,tRNA,-0.029861868330920412,0.2469592187896636,-0.08028122821356427,0.02070991085750169
1040,HL-60,H3K27ac,Penelope,0.06263168619387341,0.10927916378148969,-0.014118638642625131,0.13864830876281914
1041,HL-60,H3K27ac,TcMar-Tc1,0.00963702642037761,0.8064252498201758,-0.06737598699464492,0.08653588419173582
1042,HL-60,H3K27ac,Dong-R4,0.07170187912942756,0.13862028217271602,-0.023364945246944865,0.1654835762211951
1043,HL-60,H3K27ac,tRNA-Deu,0.0680344929145221,0.16501153515409622,-0.02817490177342273,0.16299496825858623
1044,HL-60,H3K27ac,Kolobok,0.024380926324785324,0.6470819242109574,-0.0799253510926725,0.12815905685904247
1045,HL-60,H3K27ac,PIF-Harbinger,-0.004146480805604673,0.9384763087678689,-0.10907953707632007,0.10087796992342674
1046,HL-60,H3K27ac,Crypton,0.02528063377764001,0.6719513039218037,-0.09160540806199413,0.14147951194597608
1047,HL-60,H3K27ac,Merlin,-0.0032479332350654278,0.9625938705160955,-0.13825619871066755,0.13187883908420875
1048,HL-60,H3K27ac,TcMar,-0.08279816386908588,0.2425837580485419,-0.21891408646026436,0.05647877267165251
1049,HL-60,H3K27ac,L1-Tx1,-0.023543358263324817,0.7847910474086379,-0.19052922354351198,0.14476663146284316
1050,HL-60,H3K27ac,Crypton-A,-0.141412200248259,0.1071510454902173,-0.3063099687692942,0.03172495142373109
1051,HL-60,H3K27ac,I-Jockey,-0.010202946900194607,0.9161405017597384,-0.19792957333680533,0.17824565031357434
1052,HL-60,H3K27ac,hAT-Tip100?,0.05380244755244755,0.6703547300176467,-0.1927977324694907,0.29401011973776575
1053,HL-60,H3K27ac,TcMar-Pogo,0.09640762463343108,0.5996586686315053,-0.26184938464838753,0.4313131852628577
1054,HL-60,H3K27ac,hAT?,0.10528074866310161,0.5598283920731295,-0.24788370373108828,0.43374583695631663
1055,HL-60,H3K27ac,hAT-hAT19,-0.21470588235294116,0.4245592336201027,-0.6457211026288694,0.32007063586245676
1056,MG63,H3K9me3,Alu,-0.00038637953567532556,0.6846484113491234,-0.0022510337957879004,0.0014782774112749772
1057,MG63,H3K9me3,L1,0.0008719254781386226,0.5262471834004119,-0.001824651670898528,0.003568489946764146
1058,MG63,H3K9me3,MIR,0.0037534702035118485,0.007033458345861935,0.0010239797824398288,0.0064829046973503505
1059,MG63,H3K9me3,L2,-0.0026684694627670284,0.11102896471054854,-0.0059503927662871246,0.0006135113264482423
1060,MG63,H3K9me3,ERVL-MaLR,0.002954635915300764,0.1405603176781443,-0.0009749072921248041,0.006884087877151419
1061,MG63,H3K9me3,hAT-Charlie,-0.002639440317231284,0.2158780083536932,-0.006819516097524395,0.0015407277037981528
1062,MG63,H3K9me3,ERV1,-0.004313829535366751,0.15827724508075391,-0.010306200153748184,0.0016788509111427634
1063,MG63,H3K9me3,ERVL,0.0033914941265426137,0.2777865533530683,-0.002733271504120128,0.009516005316279335
1064,MG63,H3K9me3,TcMar-Tigger,-0.0027335164361720985,0.38984056855336313,-0.008963759527453919,0.0034969388718834203
1065,MG63,H3K9me3,hAT-Tip100,-0.00031802921876898687,0.9415720224720125,-0.0088222787963802,0.008186266360279963
1066,MG63,H3K9me3,CR1,-0.0003213215161426,0.9457210567078083,-0.009571495513692097,0.008928907469952565
1067,MG63,H3K9me3,Gypsy,0.005373656600209515,0.5011586814432331,-0.01028372352669791,0.0210284023523348
1068,MG63,H3K9me3,hAT-Blackjack,-0.01545581975873116,0.058044925263101343,-0.03143151799117367,0.0005277736179536541
1069,MG63,H3K9me3,TcMar-Mariner,-0.008969078176034755,0.27552010744509603,-0.025086080041369276,0.007152584987016919
1070,MG63,H3K9me3,RTE-X,-0.00500816464728536,0.6268472088489776,-0.02519379923164946,0.01518155211679378
1071,MG63,H3K9me3,ERVK,-0.003740836287146678,0.748222800960756,-0.026577517751493585,0.01909974769572527
1072,MG63,H3K9me3,TcMar-Tc2,-0.006119595391867047,0.6212470014411451,-0.030387311298870873,0.018155330855902624
1073,MG63,H3K9me3,SVA,-0.000410919156344111,0.9769999292904372,-0.028340169795464654,0.02751897256685655
1074,MG63,H3K9me3,RTE-BovB,-0.0052206800205764434,0.7237796021484012,-0.03416242404603948,0.023729812826633775
1075,MG63,H3K9me3,tRNA-RTE,0.02374060212782875,0.1397269242906786,-0.007773316084787088,0.055207409413038144
1076,MG63,H3K9me3,hAT-Ac,0.0016335222810615006,0.9282522175338916,-0.03391287227345466,0.0371757892422778
1077,MG63,H3K9me3,hAT,-0.012121413833552632,0.5298882005861527,-0.049906640698830745,0.025698461913331257
1078,MG63,H3K9me3,MULE-MuDR,-0.00868274605123723,0.6772037242635516,-0.049529029342089304,0.03219253290719993
1079,MG63,H3K9me3,PiggyBac,-0.05488985328616783,0.012060644696168108,-0.09755872975809683,-0.01201955791971485
1080,MG63,H3K9me3,5S-Deu-L2,-0.03427854959128767,0.13735039856189038,-0.07937723550290655,0.010960171529430449
1081,MG63,H3K9me3,Helitron,-0.014730229235614742,0.5453251524148458,-0.062399930314106095,0.03300652651967845
1082,MG63,H3K9me3,hAT-Tag1,0.010028435379533575,0.6814370095000132,-0.037843892934101446,0.05785483764070045
1083,MG63,H3K9me3,tRNA,-0.014817015240566556,0.5668835480078228,-0.06545172738190677,0.03589380573456697
1084,MG63,H3K9me3,Penelope,-0.0374436539887391,0.33719233031549734,-0.11352027701896057,0.03906948970992956
1085,MG63,H3K9me3,TcMar-Tc1,0.032834206403385885,0.4025840886605019,-0.04408144965530011,0.10936290426475687
1086,MG63,H3K9me3,Dong-R4,0.052671548952376364,0.2769282982950442,-0.04239237368461426,0.1467903132570882
1087,MG63,H3K9me3,tRNA-Deu,-0.03274161107356264,0.5049162262727198,-0.12839352601602386,0.06351385620575059
1088,MG63,H3K9me3,Kolobok,-0.009600304589114355,0.8571573183855874,-0.11372403790706442,0.09473203324524404
1089,MG63,H3K9me3,PIF-Harbinger,-0.009532096177292284,0.8595660464911443,-0.1147019261235799,0.0958490398138101
1090,MG63,H3K9me3,Crypton,0.010032094177172537,0.8665650100691882,-0.10669313543981966,0.1264845650064464
1091,MG63,H3K9me3,Merlin,-0.027483838578491696,0.691419626800829,-0.16197619642259015,0.1080109532172122
1092,MG63,H3K9me3,TcMar,0.14382852291851234,0.039645023463263734,0.006218778573190106,0.27609209706160437
1093,MG63,H3K9me3,L1-Tx1,0.12191668904953788,0.1573802486473471,-0.048017651021530515,0.2849919463165423
1094,MG63,H3K9me3,Crypton-A,-0.027147974213396035,0.7591467054123152,-0.19843739493723614,0.14575064526740747
1095,MG63,H3K9me3,I-Jockey,0.04246131035121862,0.6610992009412454,-0.14689695120918983,0.22881740407542495
1096,MG63,H3K9me3,hAT-Tip100?,-0.28356227106227105,0.02317042586563952,-0.49863972019705977,-0.035594059843151685
1097,MG63,H3K9me3,TcMar-Pogo,-0.31524926686217003,0.07883349667716559,-0.6038931149561101,0.04649238522695418
1098,MG63,H3K9me3,hAT?,-0.1523300229182582,0.3897666610710857,-0.46805835911645866,0.19788576502629737
1099,MG63,H3K9me3,hAT-hAT19,-0.19411764705882353,0.47128972836210736,-0.6323400669089964,0.33821950777361554
1100,MG63,H3K36me3,Alu,0.0012880275892279698,0.17574663549577105,-0.0005764844103880577,0.003152530633461059
1101,MG63,H3K36me3,L1,0.0015524456546548292,0.25921656343052646,-0.0011444343149376362,0.0042493030420058114
1102,MG63,H3K36me3,MIR,0.0015630785621623836,0.2616662981589244,-0.0011662632316452246,0.004292397068408808
1103,MG63,H3K36me3,L2,-0.002769022969121575,0.0982035662388683,-0.006050962248517372,0.0005129759628032821
1104,MG63,H3K36me3,ERVL-MaLR,-0.00038318406531224423,0.848421386070602,-0.0043125036045183205,0.003546147306311836
1105,MG63,H3K36me3,hAT-Charlie,0.003240932153873356,0.12858408275717884,-0.0009389025738125975,0.007420653638667681
1106,MG63,H3K36me3,ERV1,0.0019617857176635585,0.5211062941059659,-0.004030708543774568,0.007954139086471017
1107,MG63,H3K36me3,ERVL,-0.006581428850074277,0.03518623822291087,-0.012705435064350509,-0.00045692892201132867
1108,MG63,H3K36me3,TcMar-Tigger,-0.0036780725254627546,0.24722026560055907,-0.009907810022028831,0.0025519504773118913
1109,MG63,H3K36me3,hAT-Tip100,0.006745822003723059,0.12000727073691331,-0.00175832862992705,0.015248996981423927
1110,MG63,H3K36me3,CR1,-0.006981772001550959,0.139182006495407,-0.016233924140616845,0.002271575661995113
1111,MG63,H3K36me3,Gypsy,0.0005432451847946604,0.9457889999242948,-0.01511478522574598,0.016201009220689358
1112,MG63,H3K36me3,hAT-Blackjack,-0.012787525743775386,0.11680585351636906,-0.028762684608119267,0.003194163755591855
1113,MG63,H3K36me3,TcMar-Mariner,-0.01408951131285809,0.08665585469336633,-0.030201031698293093,0.0020293285901012794
1114,MG63,H3K36me3,RTE-X,-0.004308234907925798,0.6757681437531895,-0.024493182799408337,0.015880224286001762
1115,MG63,H3K36me3,ERVK,0.0019493593740371917,0.8671794476809493,-0.020893566757931754,0.0247902513308228
1116,MG63,H3K36me3,TcMar-Tc2,-0.024731497869067833,0.04581888062564302,-0.04897780493604176,-0.0004560595727033737
1117,MG63,H3K36me3,SVA,-0.019188402069655743,0.17839656114574867,-0.047109474787599095,0.008762631814678444
1118,MG63,H3K36me3,RTE-BovB,0.02804714286312608,0.057564281557885746,-0.0009059913754159219,0.05695329350747819
1119,MG63,H3K36me3,tRNA-RTE,-0.002666383573828358,0.8682643726557572,-0.03416316915420555,0.028835693291245544
1120,MG63,H3K36me3,hAT-Ac,-0.01127247483143291,0.5344117922798549,-0.04680509423153173,0.024288635522934636
1121,MG63,H3K36me3,hAT,-0.037099184342503914,0.05449878587075627,-0.07482092832181989,0.0007285813856423707
1122,MG63,H3K36me3,MULE-MuDR,0.012340733582210233,0.5538990281801422,-0.028520533186015187,0.053160826362632974
1123,MG63,H3K36me3,PiggyBac,-0.006232284562325526,0.7755218784183823,-0.04903480696896154,0.0365930867097137
1124,MG63,H3K36me3,5S-Deu-L2,-0.023092688917784977,0.31682240699560066,-0.06822394017987729,0.02213288099576338
1125,MG63,H3K36me3,Helitron,0.020235238695681983,0.4057858846428939,-0.027478877666843038,0.06785735845327386
1126,MG63,H3K36me3,hAT-Tag1,0.03432599473583618,0.15950644469449687,-0.013520495574097768,0.08201565133133526
1127,MG63,H3K36me3,tRNA,-0.0011786539386097904,0.9636688628917063,-0.05185666230381059,0.04950540933912722
1128,MG63,H3K36me3,Penelope,-0.017094506995986053,0.6613631557808239,-0.09335289024955745,0.0593632751743918
1129,MG63,H3K36me3,TcMar-Tc1,-0.0050429523114595325,0.8976576763106519,-0.08173683749875807,0.07171030511892394
1130,MG63,H3K36me3,Dong-R4,0.015365306078811926,0.7512671251243972,-0.07954291608797309,0.10999746008529532
1131,MG63,H3K36me3,tRNA-Deu,0.034749107431196295,0.47914364365631623,-0.06151517467425226,0.1303728743938936
1132,MG63,H3K36me3,Kolobok,0.02837668701502072,0.5941170532777539,-0.07595656959236656,0.132095303347835
1133,MG63,H3K36me3,PIF-Harbinger,0.034625659781167564,0.520308448261587,-0.07094694040077071,0.1394311032056959
1134,MG63,H3K36me3,Crypton,0.05223301852448111,0.3813541012392092,-0.06483842615280182,0.16788615694140954
1135,MG63,H3K36me3,Merlin,-0.03263390459114313,0.6373947616384272,-0.1670016816220125,0.1029239675431105
1136,MG63,H3K36me3,TcMar,0.04089059323552747,0.5604806118158447,-0.0967432893899493,0.17698999404141982
1137,MG63,H3K36me3,L1-Tx1,0.03032470419584755,0.725010540106533,-0.13813129260148307,0.19707548080525394
1138,MG63,H3K36me3,Crypton-A,0.15303100031698122,0.08217141295727812,-0.020688336028255136,0.31778072240591726
1139,MG63,H3K36me3,I-Jockey,0.06133815216384024,0.5263398314554313,-0.1284192433958254,0.24676279499975587
1140,MG63,H3K36me3,hAT-Tip100?,0.06918498168498168,0.5869763987118897,-0.17997040441466008,0.30999825057974795
1141,MG63,H3K36me3,TcMar-Pogo,-0.08541055718475073,0.6420867105577661,-0.4220950266109375,0.27197946517849736
1142,MG63,H3K36me3,hAT?,-0.06890756302521009,0.6985869760452637,-0.3981550485522649,0.2760679657110351
1143,MG63,H3K36me3,hAT-hAT19,-0.0588235294117647,0.8286807500332258,-0.5391508970621227,0.4503782872629288
1144,MG63,H3K27me3,Alu,-0.0005262789449138897,0.5800934245824592,-0.0023906963049534916,0.0013381420738799608
1145,MG63,H3K27me3,L1,-3.548882400985843e-05,0.9794175458529558,-0.0027315735770412765,0.0026605964449491677
1146,MG63,H3K27me3,MIR,4.885691714087613e-05,0.972009657624905,-0.002680221935051872,0.0027779350415737467
1147,MG63,H3K27me3,L2,0.003136285047368278,0.06102003892508204,-0.00014501331184789876,0.006417515871056541
1148,MG63,H3K27me3,ERVL-MaLR,-0.0007698470144350661,0.7009551507801155,-0.004698851349300876,0.003159181088960916
1149,MG63,H3K27me3,hAT-Charlie,-0.0012942896122964394,0.5438779249947504,-0.0054737021477121815,0.002885168139663732
1150,MG63,H3K27me3,ERV1,-0.00038504595295388636,0.8997660980872418,-0.006376520524001705,0.0056064562628058015
1151,MG63,H3K27me3,ERVL,0.00725781507035572,0.020171128884441555,0.0011345882585525877,0.013380497654182932
1152,MG63,H3K27me3,TcMar-Tigger,-0.004118640694805561,0.1950429901653093,-0.010347998900627485,0.002111037179752836
1153,MG63,H3K27me3,hAT-Tip100,-0.0006954164342088968,0.8726602705910492,-0.00919899592356421,0.00780826362871112
1154,MG63,H3K27me3,CR1,0.004458307639944408,0.3448131365274383,-0.004791417046446633,0.01370726949160815
1155,MG63,H3K27me3,Gypsy,0.005975878819207941,0.4544272962976105,-0.009681568680994254,0.02163039672195969
1156,MG63,H3K27me3,hAT-Blackjack,-4.1164855731938706e-05,0.9959703332562788,-0.01601516766486761,0.015932858961402254
1157,MG63,H3K27me3,TcMar-Mariner,-0.009858829910706673,0.2304403859490065,-0.025967228800370872,0.0062546874507047314
1158,MG63,H3K27me3,RTE-X,-0.009135051496951091,0.37505938922063464,-0.029312770722010804,0.011050109588744804
1159,MG63,H3K27me3,ERVK,0.007345975975506048,0.5282267578475888,-0.015481857473260833,0.03016615545548183
1160,MG63,H3K27me3,TcMar-Tc2,-0.0072772645554920025,0.556740968038513,-0.03153843688747887,0.016992478117722185
1161,MG63,H3K27me3,SVA,0.019713003122757287,0.16681624211963308,-0.008238012714307989,0.04763323898458357
1162,MG63,H3K27me3,RTE-BovB,0.022556548606277326,0.12660174183418457,-0.006388543718297319,0.05146387444936421
1163,MG63,H3K27me3,tRNA-RTE,0.024369945331902093,0.12962629640666984,-0.007152033368406835,0.055843539965257726
1164,MG63,H3K27me3,hAT-Ac,-0.01750318589737242,0.3345179490793979,-0.05301148592611671,0.018049320034830334
1165,MG63,H3K27me3,hAT,-0.00992739577735947,0.6069246183501464,-0.047717127720557306,0.027890714164675624
1166,MG63,H3K27me3,MULE-MuDR,-0.012471156919501538,0.5498039531785465,-0.05329979556184383,0.02839910887034142
1167,MG63,H3K27me3,PiggyBac,0.006448952205619318,0.7682071036810516,-0.03642792486019399,0.04930212954186838
1168,MG63,H3K27me3,5S-Deu-L2,0.04298673690615453,0.0623944524472661,-0.002246954409214177,0.08804487733506006
1169,MG63,H3K27me3,Helitron,0.0403423604654666,0.09723722539541463,-0.007359782425245744,0.08786131264925463
1170,MG63,H3K27me3,hAT-Tag1,-0.03861611147789552,0.11306682769354276,-0.08622825349927676,0.00917201908909176
1171,MG63,H3K27me3,tRNA,0.0006458176308185785,0.9800950023665884,-0.05005386729688641,0.05134218268028458
1172,MG63,H3K27me3,Penelope,0.03730347336341341,0.3386379174541245,-0.03915126107031131,0.11332397845679627
1173,MG63,H3K27me3,TcMar-Tc1,0.040823090063193956,0.29758636929135696,-0.036046719508353704,0.11721266867321299
1174,MG63,H3K27me3,Dong-R4,-0.027156070648591078,0.5761950219196893,-0.12186826850185212,0.06804621127683912
1175,MG63,H3K27me3,tRNA-Deu,-0.06942473657355128,0.1570258082840049,-0.1644719802393197,0.026899884834769554
1176,MG63,H3K27me3,Kolobok,0.04388443354564096,0.4097537117768808,-0.060529990315627204,0.14734884523144154
1177,MG63,H3K27me3,PIF-Harbinger,0.007920891879114393,0.8829481166256472,-0.09729276861812809,0.11295946603093772
1178,MG63,H3K27me3,Crypton,0.0032939979904622616,0.9560042129092576,-0.11334736780522288,0.11984580058061998
1179,MG63,H3K27me3,Merlin,-0.01231659716258931,0.8588385276278472,-0.14714542474339706,0.12296159326587937
1180,MG63,H3K27me3,TcMar,0.13589570186363917,0.05203365815418579,-0.0017961504851175573,0.2685305088729123
1181,MG63,H3K27me3,L1-Tx1,0.21715001345276827,0.011104760816813974,0.048682391489382304,0.3736041071052753
1182,MG63,H3K27me3,Crypton-A,0.051179666879761394,0.5630742548389729,-0.12219441991189692,0.2215228271870931
1183,MG63,H3K27me3,I-Jockey,-0.014660365119080717,0.8797373074546944,-0.20221429020198176,0.17393088733088258
1184,MG63,H3K27me3,hAT-Tip100?,-0.12335164835164833,0.33150897416316916,-0.3591271895778657,0.12722423758547863
1185,MG63,H3K27me3,TcMar-Pogo,-0.5362903225806451,0.0015565579652786908,-0.7565852988480158,-0.20666690641692284
1186,MG63,H3K27me3,hAT?,-0.1257448433919022,0.4785682941410113,-0.446101565495165,0.22317470324357322
1187,MG63,H3K27me3,hAT-hAT19,-0.07647058823529412,0.7783409809607029,-0.5518312059137126,0.43639588116527667
1188,MG63,H3K4me3,Alu,0.0009365238422396959,0.3250903008673215,-0.0009287790443489182,0.0028018202118478015
1189,MG63,H3K4me3,L1,-0.0010264927563163695,0.45564466518051294,-0.0037232443869883443,0.0016702738047282301
1190,MG63,H3K4me3,MIR,-0.00012516970718140093,0.9283901246244166,-0.0028549591767270256,0.0026046216278323956
1191,MG63,H3K4me3,L2,0.001129757183997629,0.4998902102677931,-0.002152304243503035,0.004411794272323413
1192,MG63,H3K4me3,ERVL-MaLR,0.0027140051180698415,0.17590437632786182,-0.0012161545588028578,0.00664408095422564
1193,MG63,H3K4me3,hAT-Charlie,-0.0028167868006432196,0.18665395815362035,-0.006997407952375765,0.0013639328154973341
1194,MG63,H3K4me3,ERV1,-0.005198385124331262,0.0891192160547201,-0.011191162359170089,0.0007947655270145662
1195,MG63,H3K4me3,ERVL,-0.0018784284669476582,0.5477896165381874,-0.008003391908123068,0.004246675917121675
1196,MG63,H3K4me3,TcMar-Tigger,-0.004762481516851014,0.13411749008068233,-0.010993078466939843,0.0014684852258587389
1197,MG63,H3K4me3,hAT-Tip100,0.0008861281268002764,0.8381872997764883,-0.00761852441628863,0.00939065248599441
1198,MG63,H3K4me3,CR1,-0.002798422071236202,0.5532921315633027,-0.012049773058899387,0.006453407964853439
1199,MG63,H3K4me3,Gypsy,0.004911057883223128,0.53872652341194,-0.010746764314871997,0.020566472330996413
1200,MG63,H3K4me3,hAT-Blackjack,-0.012808067876698831,0.11625570316566343,-0.02878480810269419,0.00317521477832436
1201,MG63,H3K4me3,TcMar-Mariner,0.003969790888297715,0.6294051791122416,-0.012153536770369932,0.020091054791494038
1202,MG63,H3K4me3,RTE-X,0.010057682038981252,0.3289061649457561,-0.01013401248057877,0.030241177934165184
1203,MG63,H3K4me3,ERVK,-0.0010130725565823029,0.9307532227521952,-0.02385915539244142,0.021834067862590994
1204,MG63,H3K4me3,TcMar-Tc2,0.005242767136737783,0.672178891720486,-0.019039273747621245,0.029518626970354882
1205,MG63,H3K4me3,SVA,-0.015741272680055516,0.26996750305072753,-0.04368743823813331,0.012229508129749633
1206,MG63,H3K4me3,RTE-BovB,0.006457195983128492,0.6620941964336207,-0.022500337880896167,0.03540390422589868
1207,MG63,H3K4me3,tRNA-RTE,-0.016462074142844764,0.3056641508918103,-0.047930822475853056,0.015039321057701841
1208,MG63,H3K4me3,hAT-Ac,0.002445540107074153,0.8928013670892262,-0.03311349000148378,0.03799838675401747
1209,MG63,H3K4me3,hAT,-0.022060918530310652,0.2528825624790847,-0.05982232401376017,0.015763537061671763
1210,MG63,H3K4me3,MULE-MuDR,-0.022640754067476603,0.27734377401119803,-0.06342380409277185,0.018217788862917222
1211,MG63,H3K4me3,PiggyBac,0.0169376593494655,0.4387571121610926,-0.02594035434417799,0.05975346496580614
1212,MG63,H3K4me3,5S-Deu-L2,0.03744611059784732,0.10474997868918394,-0.007815506879841665,0.08255460715416427
1213,MG63,H3K4me3,Helitron,0.006102727263517682,0.8019332054975034,-0.04156433343533958,0.053742070448742206
1214,MG63,H3K4me3,hAT-Tag1,-0.061407280796570596,0.01187116973453356,-0.10898471276399928,-0.013549145613420858
1215,MG63,H3K4me3,tRNA,0.031837895220793125,0.21812186007089596,-0.018852558094078892,0.08236509365076004
1216,MG63,H3K4me3,Penelope,0.0022430958479660278,0.954168209046225,-0.07414441685093286,0.07860444022053789
1217,MG63,H3K4me3,TcMar-Tc1,0.009259519927519394,0.813584061306328,-0.06763311538872255,0.08604280817230374
1218,MG63,H3K4me3,Dong-R4,0.06317976564970469,0.1925678044643698,-0.03200423863054567,0.15722807934516003
1219,MG63,H3K4me3,tRNA-Deu,-0.008938617288379521,0.8555925729870276,-0.10488063536948512,0.08716825435267266
1220,MG63,H3K4me3,Kolobok,0.04539816620693811,0.39377576451187635,-0.059022169929505285,0.1488357865952014
1221,MG63,H3K4me3,PIF-Harbinger,-0.0031315683689158136,0.9535824639133521,-0.10822719673291918,0.10203328315443036
1222,MG63,H3K4me3,Crypton,0.004335963440149593,0.942108752323523,-0.11231888281275147,0.1208729160968581
1223,MG63,H3K4me3,Merlin,-0.011845854430191429,0.8641806693872434,-0.14668439719954562,0.12342487885076157
1224,MG63,H3K4me3,TcMar,0.15639636804012655,0.02513243795670658,0.018945000381726626,0.2880457150001568
1225,MG63,H3K4me3,L1-Tx1,0.01411933089053229,0.8704030380102095,-0.15458921849398607,0.18202778747862347
1226,MG63,H3K4me3,Crypton-A,0.0673100427051454,0.4467144902839536,-0.10630045929229204,0.23693804720769068
1227,MG63,H3K4me3,I-Jockey,-0.05736261699564452,0.5535378969195328,-0.2429913489998149,0.13231896665025178
1228,MG63,H3K4me3,hAT-Tip100?,-0.033516483516483515,0.7926114260796612,-0.2771083558295544,0.21412357305473356
1229,MG63,H3K4me3,TcMar-Pogo,-0.2287390029325513,0.2079447305630457,-0.538147736732753,0.13499849847744924
1230,MG63,H3K4me3,hAT?,-0.16333078686019864,0.356022863255665,-0.4770566329962003,0.1873149020467124
1231,MG63,H3K4me3,hAT-hAT19,-0.14411764705882352,0.5943782881736932,-0.5989701306371717,0.3810466250670312
1232,VCaP,CTCF,Alu,0.0019394712142016238,0.041203335950359014,7.74395267010071e-05,0.003801489452826981
1233,VCaP,CTCF,L1,0.0021708909102528956,0.11443055682999717,-0.0005244762155236576,0.004866226493187888
1234,VCaP,CTCF,MIR,0.0008682845963174828,0.5323385761464574,-0.001857047177286892,0.0035936034717213693
1235,VCaP,CTCF,L2,-0.0012706471245899703,0.4477415112630926,-0.004551008171793757,0.0020097412691652996
1236,VCaP,CTCF,ERVL-MaLR,0.0011536789265904602,0.5644592110385779,-0.0027703887610765836,0.005077711085126821
1237,VCaP,CTCF,hAT-Charlie,0.0005118887395466285,0.8100560527947724,-0.0036622959444338747,0.004686055585486447
1238,VCaP,CTCF,ERV1,0.0030390654469636506,0.319359393940393,-0.002942688833189438,0.009020602249078025
1239,VCaP,CTCF,ERVL,-0.0012209516670174262,0.6956075904945502,-0.007337085564003139,0.004895273575975891
1240,VCaP,CTCF,TcMar-Tigger,-0.0014969620272776384,0.6372841892427478,-0.007719516978368469,0.004725708851541287
1241,VCaP,CTCF,hAT-Tip100,-0.0042043539562446105,0.33204474408515305,-0.012699019815876265,0.004290918724339334
1242,VCaP,CTCF,CR1,-0.006907642778018136,0.14305436620051554,-0.01615116006603017,0.0023370551311767598
1243,VCaP,CTCF,Gypsy,-0.007037443885324057,0.3781204472343357,-0.02268405397244077,0.008612612894993803
1244,VCaP,CTCF,hAT-Blackjack,0.0028351101112468685,0.7277374841276649,-0.01312575308787775,0.01879452894567421
1245,VCaP,CTCF,TcMar-Mariner,-0.003948141962556443,0.6306293982828357,-0.02003895808318508,0.012144718911072879
1246,VCaP,CTCF,RTE-X,2.7791615470082684e-05,0.9978465057757806,-0.020151713044053145,0.020207273640837346
1247,VCaP,CTCF,ERVK,-0.007251918007701526,0.5328284128445084,-0.030033588509677103,0.015537282934839386
1248,VCaP,CTCF,TcMar-Tc2,0.011771963546594518,0.3414302339406745,-0.012482138465977418,0.03601222156107938
1249,VCaP,CTCF,SVA,0.014059749561573416,0.3235988774201677,-0.013859644296361606,0.04195723734702537
1250,VCaP,CTCF,RTE-BovB,0.030775231971407625,0.036972319432588344,0.0018548496745746787,0.059644177011840674
1251,VCaP,CTCF,tRNA-RTE,0.0061072971477483095,0.7038302125386954,-0.02537715339062875,0.03757964392087853
1252,VCaP,CTCF,hAT-Ac,-0.0041569617087687865,0.8186402088890645,-0.0396723016912215,0.03136886823130225
1253,VCaP,CTCF,hAT,0.009490165883442463,0.622466461225736,-0.028285400837909567,0.04723866476548094
1254,VCaP,CTCF,MULE-MuDR,0.014496216222949885,0.4865669681316269,-0.026340266674884982,0.05528439784505014
1255,VCaP,CTCF,PiggyBac,-0.008964745809479958,0.6817397434253205,-0.051771139771478666,0.03387452980555986
1256,VCaP,CTCF,5S-Deu-L2,-0.023192772461036727,0.3144715279160814,-0.06829970832661662,0.022008789976679325
1257,VCaP,CTCF,Helitron,0.026237518942986888,0.27989559343633763,-0.021367567061214638,0.07372389851584875
1258,VCaP,CTCF,hAT-Tag1,0.003916988714216797,0.8723542693244096,-0.043844833833147176,0.051660946867489406
1259,VCaP,CTCF,tRNA,0.09529185193459039,0.00021275348686823037,0.0448815351414676,0.14521811243598612
1260,VCaP,CTCF,Penelope,0.05493838674148079,0.15828773053179265,-0.021467924999985476,0.13070667685381845
1261,VCaP,CTCF,TcMar-Tc1,-0.022467135166906592,0.5659848381406876,-0.0989142158785793,0.05424358714963642
1262,VCaP,CTCF,Dong-R4,-0.0483174626716697,0.3186389679365152,-0.14250620540287218,0.046738496581810715
1263,VCaP,CTCF,tRNA-Deu,-0.017015277651706424,0.7286953368137343,-0.11275323173635302,0.07903570266601746
1264,VCaP,CTCF,Kolobok,0.0721210024796998,0.17576415349608593,-0.032493205807308245,0.17517206404297495
1265,VCaP,CTCF,PIF-Harbinger,0.07589902582098439,0.15710793160904696,-0.02946614828476797,0.17959603655406628
1266,VCaP,CTCF,Crypton,0.07289443097803722,0.22152857218483002,-0.04423290731892731,0.18804497071062826
1267,VCaP,CTCF,Merlin,0.05526780299803432,0.42338306053564434,-0.08018036435708487,0.18871194396496882
1268,VCaP,CTCF,TcMar,0.054357668944437866,0.4411428593696335,-0.08408242295131585,0.1907390613691055
1269,VCaP,CTCF,L1-Tx1,0.026308635252326688,0.7602397078728983,-0.1420622604798466,0.1931999802865535
1270,VCaP,CTCF,Crypton-A,-0.09381393356723747,0.28650901749128455,-0.2614920927703003,0.07936087095048569
1271,VCaP,CTCF,I-Jockey,-0.08455194143267539,0.38204320551973625,-0.26870058716517214,0.10555944854741564
1272,VCaP,CTCF,hAT-Tip100?,-0.10480769230769228,0.40982048799801785,-0.3424186501948409,0.145403948987286
1273,VCaP,CTCF,TcMar-Pogo,0.11803519061583577,0.5199660618064565,-0.2417516682800082,0.44928943799266086
1274,VCaP,CTCF,hAT?,-0.12727272727272726,0.4731966258124378,-0.4473715382367463,0.2217310151012535
1275,VCaP,CTCF,hAT-hAT19,-0.09117647058823529,0.7370049501736589,-0.5622759695515762,0.4246032278949095
1276,VCaP,H3K27ac,Alu,-0.0009606049787992758,0.312022050014004,-0.0028228869188319117,0.0009016836242001203
1277,VCaP,H3K27ac,L1,-0.0005543291961017495,0.6869082432419278,-0.003249899547514251,0.0021412492109595116
1278,VCaP,H3K27ac,MIR,-0.00016245967212247592,0.9069947501666382,-0.002887909115802612,0.0025629921850850125
1279,VCaP,H3K27ac,L2,-0.0013245958534741137,0.4287112038449359,-0.004605038680413363,0.00195587548252325
1280,VCaP,H3K27ac,ERVL-MaLR,0.0049554268619417105,0.013326980669169628,0.0010310464910822615,0.008879654600297123
1281,VCaP,H3K27ac,hAT-Charlie,0.002960850515083889,0.16448382554563754,-0.001213653178670227,0.007135251016073275
1282,VCaP,H3K27ac,ERV1,0.0052269067987225125,0.08681414067486584,-0.0007555412240670995,0.011208980695999534
1283,VCaP,H3K27ac,ERVL,-0.003127567233399586,0.31630657360199516,-0.009244574690742639,0.002989674288435758
1284,VCaP,H3K27ac,TcMar-Tigger,0.0041033728694489305,0.19623381947871746,-0.0021197699326861415,0.01032619785566654
1285,VCaP,H3K27ac,hAT-Tip100,-0.001423899888981882,0.7425242569907251,-0.00991886609948139,0.007071271836813424
1286,VCaP,H3K27ac,CR1,0.005396352982233279,0.2525905831150271,-0.0038484475347821427,0.014640231151377142
1287,VCaP,H3K27ac,Gypsy,-0.016577156418594405,0.03788503249481302,-0.03221978422540073,-0.0009264095813232893
1288,VCaP,H3K27ac,hAT-Blackjack,-0.007470828703815451,0.3590659253066132,-0.02343272882843269,0.008494879410709838
1289,VCaP,H3K27ac,TcMar-Mariner,0.0053171898243476335,0.517342364659513,-0.010779128280593277,0.02141075304605392
1290,VCaP,H3K27ac,RTE-X,-0.015297060039735308,0.13738599667856802,-0.03546785356240023,0.004886191637738405
1291,VCaP,H3K27ac,ERVK,0.00931370039111456,0.4232439323763826,-0.013482151944749865,0.03209987625121258
1292,VCaP,H3K27ac,TcMar-Tc2,0.01371002686562682,0.2679437267992979,-0.010548031754719892,0.03795195775793686
1293,VCaP,H3K27ac,SVA,0.008620938054628916,0.5449858323471659,-0.019293968266704913,0.03652241424788481
1294,VCaP,H3K27ac,RTE-BovB,0.013647485357913458,0.3550149735051724,-0.015275079770338592,0.04254723160396331
1295,VCaP,H3K27ac,tRNA-RTE,-0.00753443842895621,0.6389460249934502,-0.03899274466370544,0.02393878826343784
1296,VCaP,H3K27ac,hAT-Ac,0.003852968698363627,0.8316420932699027,-0.0316608781040275,0.03935709903062631
1297,VCaP,H3K27ac,hAT,0.020492192736340894,0.2876732116622365,-0.017289729213174964,0.05821567650626684
1298,VCaP,H3K27ac,MULE-MuDR,0.011142336923814503,0.5928748553565867,-0.029700049491214776,0.05194757945800278
1299,VCaP,H3K27ac,PiggyBac,0.014412266108618418,0.5096987650500748,-0.02843291589961312,0.05720458894683957
1300,VCaP,H3K27ac,5S-Deu-L2,0.011048870867976143,0.6317441849699468,-0.034129978470851065,0.056182655367062954
1301,VCaP,H3K27ac,Helitron,-0.02322459590843747,0.33885229652856996,-0.07072309322576135,0.02437898428784717
1302,VCaP,H3K27ac,hAT-Tag1,0.017952338455512692,0.4614668870470984,-0.029830516912060363,0.06565333028313829
1303,VCaP,H3K27ac,tRNA,0.01757185746325144,0.49561762765142325,-0.032973799917898984,0.06802785902873909
1304,VCaP,H3K27ac,Penelope,-0.06896249398012627,0.07665581457057578,-0.14460764895729714,0.007484066607212234
1305,VCaP,H3K27ac,TcMar-Tc1,-0.045821820856235596,0.24156196726636206,-0.12204095993209743,0.03093458978397863
1306,VCaP,H3K27ac,Dong-R4,-0.09993108230258567,0.038779449615730245,-0.19311902493301042,-0.004956418279911019
1307,VCaP,H3K27ac,tRNA-Deu,0.05486078905852168,0.26309080103126353,-0.041343704984836,0.15005738209086183
1308,VCaP,H3K27ac,Kolobok,0.012775329657999716,0.8104337424310322,-0.09143854346634925,0.11671240091872845
1309,VCaP,H3K27ac,PIF-Harbinger,-0.06772307721635672,0.20691928763488399,-0.1716011829588615,0.0376443676067727
1310,VCaP,H3K27ac,Crypton,0.05857142341156129,0.3270593022501609,-0.05873434886829015,0.17428168582981018
1311,VCaP,H3K27ac,Merlin,0.0326849822137434,0.6360609861031905,-0.10255132976526936,0.16673497225480913
1312,VCaP,H3K27ac,TcMar,-0.02920617433197289,0.679135896249809,-0.16627609719414588,0.1089710192520589
1313,VCaP,H3K27ac,L1-Tx1,-0.10445046247065305,0.22448622730834672,-0.26790836870139195,0.06485230905952988
1314,VCaP,H3K27ac,Crypton-A,0.10229370103460725,0.24497703013648855,-0.07091856519752059,0.26951738899355515
1315,VCaP,H3K27ac,I-Jockey,0.07378370864609397,0.44577136669060125,-0.11618237503488095,0.2585421446210408
1316,VCaP,H3K27ac,hAT-Tip100?,0.10320512820512821,0.41705641377560143,-0.14696900451193595,0.34096929222163497
1317,VCaP,H3K27ac,TcMar-Pogo,-0.0018328445747800585,0.9920566981279082,-0.3503032035709219,0.34708321571622874
1318,VCaP,H3K27ac,hAT?,-0.03284950343773873,0.8536770092315364,-0.36702119607160866,0.308831820233893
1319,VCaP,H3K27ac,hAT-hAT19,-0.014705882352941175,0.956891924031642,-0.5067391947839653,0.48455406724881
1320,C4-2B,CTCF,Alu,-0.00010606561068856483,0.9113786531299659,-0.001973855420027738,0.0017617249387001132
1321,C4-2B,CTCF,L1,0.0008615684841200656,0.5317879901084386,-0.001839055270329656,0.003562179671145775
1322,C4-2B,CTCF,MIR,0.0017287854248339935,0.21428495225449398,-0.000999651884424719,0.004457196994821371
1323,C4-2B,CTCF,L2,-0.0022687846007378412,0.1755068480428144,-0.005551145060215052,0.0010136247469914436
1324,C4-2B,CTCF,ERVL-MaLR,-0.0023159304283518613,0.24864848804694592,-0.006250497990299088,0.0016187088402997618
1325,C4-2B,CTCF,hAT-Charlie,0.00033991726829516475,0.8734359970454447,-0.003842391837947566,0.0045222144831021365
1326,C4-2B,CTCF,ERV1,-0.0069458063633554504,0.02375220130588618,-0.012966069175906397,-0.0009250400028393838
1327,C4-2B,CTCF,ERVL,0.0018945248540730897,0.5446378250285048,-0.004234741537125045,0.00802364890140099
1328,C4-2B,CTCF,TcMar-Tigger,0.0019187483253261719,0.5463692072262419,-0.004315694812534846,0.008153042309307447
1329,C4-2B,CTCF,hAT-Tip100,0.001067533998656558,0.8055925458460903,-0.0074337686732766734,0.009568682367266265
1330,C4-2B,CTCF,CR1,-0.0007194256295272168,0.8788966819964669,-0.009973376786407868,0.00853464874596604
1331,C4-2B,CTCF,Gypsy,0.0037412790448988625,0.6396041979899758,-0.011918374076584503,0.019399097447351896
1332,C4-2B,CTCF,hAT-Blackjack,0.004683550788148108,0.5660383095039923,-0.011311596258914921,0.02067630161810454
1333,C4-2B,CTCF,TcMar-Mariner,-0.020551282418476816,0.012653623552501275,-0.03669611740272895,-0.0043957221694580885
1334,C4-2B,CTCF,RTE-X,-0.00020752924504843678,0.9839261780635644,-0.02039442845582563,0.01997953910801199
1335,C4-2B,CTCF,ERVK,0.010295198789042578,0.3812313686145825,-0.012750001660329132,0.033329468092379334
1336,C4-2B,CTCF,TcMar-Tc2,-0.019631235069334518,0.11354754410623052,-0.043925661426101596,0.004686395825815657
1337,C4-2B,CTCF,SVA,0.012899453497552445,0.3674325227872638,-0.015153766427065365,0.04093238142679753
1338,C4-2B,CTCF,RTE-BovB,2.214588022997614e-05,0.9988033323637107,-0.02891196260795371,0.028956217288168478
1339,C4-2B,CTCF,tRNA-RTE,-0.014031816780677601,0.38259659780237776,-0.04550472309456808,0.017468917850703494
1340,C4-2B,CTCF,hAT-Ac,0.02091323230393386,0.24933395601976469,-0.014675235920562578,0.056448781304266754
1341,C4-2B,CTCF,hAT,-0.006074227181658707,0.752972935608183,-0.04387824388389898,0.031747160025833325
1342,C4-2B,CTCF,MULE-MuDR,0.024489690562295368,0.23987523275586134,-0.016360393413514553,0.06525815556039449
1343,C4-2B,CTCF,PiggyBac,0.03887950861868,0.07591195641491233,-0.004071497435684154,0.08168732747605785
1344,C4-2B,CTCF,5S-Deu-L2,0.013661276948557972,0.5535524583313276,-0.03153272330143962,0.05879952938022188
1345,C4-2B,CTCF,Helitron,0.02341140024245727,0.3368402432549933,-0.02437582644931518,0.07109188183501519
1346,C4-2B,CTCF,hAT-Tag1,-0.0005254299893268944,0.9828204651233607,-0.04832023666706594,0.04727177733485827
1347,C4-2B,CTCF,tRNA,-0.04071545387956315,0.11448625286482922,-0.09109488984890274,0.009871858271047914
1348,C4-2B,CTCF,Penelope,0.025790588307835094,0.5102802119657202,-0.05098925080392399,0.10226734769197834
1349,C4-2B,CTCF,TcMar-Tc1,0.03339932861867893,0.39453094869423444,-0.04351751064112093,0.10992255692283943
1350,C4-2B,CTCF,Dong-R4,0.11750117308562749,0.015007216973463643,0.022642779665719138,0.21026278052419856
1351,C4-2B,CTCF,tRNA-Deu,-0.07127593633282744,0.14574488514626932,-0.1661745367541614,0.02493079175555872
1352,C4-2B,CTCF,Kolobok,-0.0422232569055165,0.42837855320263896,-0.14586227553814135,0.062332462855811656
1353,C4-2B,CTCF,PIF-Harbinger,-0.0767320906760447,0.15259056677188124,-0.18041006751286892,0.028632252036475316
1354,C4-2B,CTCF,Crypton,-0.039706931333714994,0.5058714398603118,-0.15562917886601596,0.07729410915888633
1355,C4-2B,CTCF,Merlin,-0.12061233601649457,0.08046841437936295,-0.25204445314936735,0.015188872152259269
1356,C4-2B,CTCF,TcMar,-0.012645156688095781,0.8582413757267823,-0.15043897723929833,0.1256306110840998
1357,C4-2B,CTCF,L1-Tx1,0.055321874749592756,0.5208180631931328,-0.11357403452630992,0.22111014183908734
1358,C4-2B,CTCF,Crypton-A,0.14911448170309693,0.0904124054078781,-0.024643135851598438,0.3141267821650649
1359,C4-2B,CTCF,I-Jockey,0.017301454916133815,0.8582805655898523,-0.17137176740509472,0.20475052284713635
1360,C4-2B,CTCF,hAT-Tip100?,0.18334790209790208,0.14375733826259804,-0.06546026704568934,0.41069233274224787
1361,C4-2B,CTCF,TcMar-Pogo,0.344941348973607,0.053179561334354045,-0.01493449745240263,0.6256990501058789
1362,C4-2B,CTCF,hAT?,0.034759358288770054,0.8477140817369522,-0.3123736203194353,0.3737029740079113
1363,C4-2B,CTCF,hAT-hAT19,-0.014705882352941175,0.956891924031642,-0.5067391947839653,0.48455406724881
1364,C4-2B,H3K27ac,Alu,0.0004483050740090388,0.6380069186788674,-0.0014192515178411056,0.0023158585386959456
1365,C4-2B,H3K27ac,L1,0.001012464073961451,0.46291512957086556,-0.0016908664015997208,0.0037157797514223417
1366,C4-2B,H3K27ac,MIR,0.0006919397743496829,0.6250580016432659,-0.00208316108812383,0.003467029979346881
1367,C4-2B,H3K27ac,L2,0.00017074225710233046,0.9188154866598424,-0.0031125043793890075,0.0034539852124941765
1368,C4-2B,H3K27ac,ERVL-MaLR,0.0009217178130666723,0.6465345055904421,-0.0030176709111996588,0.004861077929638032
1369,C4-2B,H3K27ac,hAT-Charlie,0.0023658200406348213,0.2722920959692938,-0.0018580238280893658,0.006589579494059432
1370,C4-2B,H3K27ac,ERV1,0.007927665545959158,0.010062617160658115,0.0018903562306221947,0.013964396967686492
1371,C4-2B,H3K27ac,ERVL,0.0008386420477477332,0.7888809676308925,-0.005299970147039341,0.0069771910387830885
1372,C4-2B,H3K27ac,TcMar-Tigger,-0.003931436048449626,0.22291145419685407,-0.010253224057176857,0.0023906662204678055
1373,C4-2B,H3K27ac,hAT-Tip100,0.0040097911401295325,0.357796833553793,-0.004536689627942993,0.012555686169926748
1374,C4-2B,H3K27ac,CR1,0.005473521242774369,0.24773246444383115,-0.0038077979806755754,0.01475389752394141
1375,C4-2B,H3K27ac,Gypsy,0.010406812647939684,0.19376101492063152,-0.005289483208124831,0.026097981693724785
1376,C4-2B,H3K27ac,hAT-Blackjack,0.0020158118252774286,0.8096846920799964,-0.014388746272914341,0.018419285042480353
1377,C4-2B,H3K27ac,TcMar-Mariner,0.016336734449895203,0.061199161594893914,-0.0007683149645470714,0.033432226962625676
1378,C4-2B,H3K27ac,RTE-X,-0.006332025413470951,0.5388269314332138,-0.026520105872728714,0.013861217915475862
1379,C4-2B,H3K27ac,ERVK,0.005075125915525207,0.6666529623617657,-0.01801661585642391,0.028161456412484284
1380,C4-2B,H3K27ac,TcMar-Tc2,-0.012338342412871108,0.33062737388389707,-0.037182276725075354,0.012520834534395607
1381,C4-2B,H3K27ac,SVA,0.008453603404338383,0.5550019055076179,-0.019615367627480475,0.0365092591710148
1382,C4-2B,H3K27ac,RTE-BovB,0.008814501756724246,0.5506629307936702,-0.020134750205583696,0.037748985959927796
1383,C4-2B,H3K27ac,tRNA-RTE,-0.0033303287366361926,0.8377319200340839,-0.035190492987349574,0.02853659805817978
1384,C4-2B,H3K27ac,hAT-Ac,0.018130810020617557,0.3193913989332414,-0.01756308729333413,0.053778552628060625
1385,C4-2B,H3K27ac,hAT,0.012501011189682729,0.5245885506712423,-0.026006166348813205,0.050971145536008455
1386,C4-2B,H3K27ac,MULE-MuDR,-0.007071918735793351,0.7347380998842883,-0.04794832088913442,0.03382813093073146
1387,C4-2B,H3K27ac,PiggyBac,-0.03371487869144396,0.13458077149344516,-0.07776389234212328,0.010465509512751449
1388,C4-2B,H3K27ac,5S-Deu-L2,0.013455830695025608,0.5628937387271417,-0.03212724899879921,0.05898305128662419
1389,C4-2B,H3K27ac,Helitron,0.02022525768164248,0.41177956166330143,-0.02807911137803173,0.06843538865169442
1390,C4-2B,H3K27ac,hAT-Tag1,-0.021868596828547845,0.37022463490401347,-0.06961174816695498,0.025974505954922823
1391,C4-2B,H3K27ac,tRNA,0.0004063260407003898,0.9875640978328983,-0.050652743160916565,0.05146327672269627
1392,C4-2B,H3K27ac,Penelope,0.029779588299447157,0.4495398599357969,-0.04742651925255342,0.1066319893062857
1393,C4-2B,H3K27ac,TcMar-Tc1,0.04994570116674213,0.2180213729803087,-0.029606131807571188,0.1288687998290847
1394,C4-2B,H3K27ac,Dong-R4,-0.09924921379461316,0.040135796753264744,-0.19245282185064283,-0.004270953785879707
1395,C4-2B,H3K27ac,tRNA-Deu,0.09247880797241376,0.06200635346247875,-0.004855558396368971,0.18807729455723055
1396,C4-2B,H3K27ac,Kolobok,0.08179562315128538,0.13400316784458216,-0.025439420930437273,0.1871696693727387
1397,C4-2B,H3K27ac,PIF-Harbinger,-0.0018228090106876664,0.9733653244715145,-0.10847863036610361,0.10487449921115691
1398,C4-2B,H3K27ac,Crypton,-0.043011233391098684,0.4881905543997219,-0.16340228538234536,0.07864203570061976
1399,C4-2B,H3K27ac,Merlin,-0.05709437783929856,0.43642003281448005,-0.19869480096282824,0.08684097263741206
1400,C4-2B,H3K27ac,TcMar,0.11056717481543028,0.13299899798715303,-0.03429231421399596,0.25087645258995034
1401,C4-2B,H3K27ac,L1-Tx1,0.061559499552632437,0.4748490590512644,-0.10742191210240164,0.22708410145432986
1402,C4-2B,H3K27ac,Crypton-A,-0.016681485245527986,0.8558932957080658,-0.19461065863269436,0.16231052445806682
1403,C4-2B,H3K27ac,I-Jockey,0.05220090816421093,0.5898329738728669,-0.13737566453012168,0.23808831875232053
1404,C4-2B,H3K27ac,hAT-Tip100?,0.059661172161172144,0.6395701308860438,-0.18913388783151797,0.301258361833587
1405,C4-2B,H3K27ac,TcMar-Pogo,-0.15665024630541868,0.4170737031693854,-0.49652409947896853,0.22487099585403172
1406,C4-2B,H3K27ac,hAT?,0.0752005347593583,0.6774634048445489,-0.2756808508073808,0.40839810240552016
1407,C4-2B,H3K27ac,hAT-hAT19,0.7000000000000001,0.01647097883651441,0.09383094338699269,0.9275414933162424
1408,RWPE2,CTCF,Alu,-7.236261470682526e-05,0.9393461107541703,-0.0019362701158015512,0.0017915453891853646
1409,RWPE2,CTCF,L1,-0.0011709272204449366,0.3945082579958584,-0.003866220753328897,0.001524383325222433
1410,RWPE2,CTCF,MIR,-0.0018233847475597439,0.19000686725110003,-0.004550265528064326,0.0009035231502406037
1411,RWPE2,CTCF,L2,-0.0012411418881731015,0.4583325801129132,-0.004521333450563761,0.0020390763829974054
1412,RWPE2,CTCF,ERVL-MaLR,0.0007714710199896616,0.7001154378956502,-0.003154261323690844,0.004697179584942538
1413,RWPE2,CTCF,hAT-Charlie,-0.0018272687680121178,0.39116592353083446,-0.0060037242318736125,0.0023492504423303093
1414,RWPE2,CTCF,ERV1,-0.001702517331164834,0.5771822421385184,-0.007687755093586492,0.004282842412895089
1415,RWPE2,CTCF,ERVL,-0.002014859135604839,0.518668607377724,-0.008133484302254822,0.004103916898253141
1416,RWPE2,CTCF,TcMar-Tigger,0.00036909644671252257,0.9074842479353462,-0.0058557998371965144,0.006593964126266309
1417,RWPE2,CTCF,hAT-Tip100,-0.006984971046542461,0.10710088982408558,-0.015480195582614063,0.0015112618529119373
1418,RWPE2,CTCF,CR1,-0.0033964589391369936,0.4715402234953926,-0.012641966944882338,0.005849629764446065
1419,RWPE2,CTCF,Gypsy,0.005545500571842582,0.4873753799929482,-0.01010491004938762,0.021193195002739824
1420,RWPE2,CTCF,hAT-Blackjack,0.004518877434501146,0.5792804059083999,-0.011455513808125343,0.02049096269804722
1421,RWPE2,CTCF,TcMar-Mariner,0.00775625025936179,0.34544602515621636,-0.008357168791891592,0.023865642374025067
1422,RWPE2,CTCF,RTE-X,0.002778581026635095,0.7872465274882967,-0.01739871874812044,0.02295361858672889
1423,RWPE2,CTCF,ERVK,0.013248540204447405,0.25492795922228045,-0.00956172871932606,0.036045028385855
1424,RWPE2,CTCF,TcMar-Tc2,0.014896729565979885,0.22866618799360222,-0.009359551953466536,0.03913549036528319
1425,RWPE2,CTCF,SVA,0.0019050345011012077,0.8936727396400894,-0.026025950299905995,0.029833047220712217
1426,RWPE2,CTCF,RTE-BovB,0.01007053855641754,0.49489014619778005,-0.01884772712987127,0.03897196904111948
1427,RWPE2,CTCF,tRNA-RTE,0.027343556726055422,0.08885811057177685,-0.004161442112552129,0.05879432793788355
1428,RWPE2,CTCF,hAT-Ac,0.016005370611318633,0.3771364786623599,-0.01951737814098107,0.051487761660532004
1429,RWPE2,CTCF,hAT,-0.018200833259592025,0.3451796138749367,-0.05594409629447249,0.01959437448695869
1430,RWPE2,CTCF,MULE-MuDR,-0.0063588358151194495,0.7600670354449189,-0.04713924337814565,0.03444273359628765
1431,RWPE2,CTCF,PiggyBac,-0.0285317125378186,0.19175116482576354,-0.07127871559231545,0.014319903212727546
1432,RWPE2,CTCF,5S-Deu-L2,0.02878965475985134,0.21152671605830717,-0.016389453645350518,0.07385144300609314
1433,RWPE2,CTCF,Helitron,0.0007672909364103277,0.9748253102457523,-0.04686081127266837,0.04839191229690279
1434,RWPE2,CTCF,hAT-Tag1,-0.009308771350350074,0.7025814188059301,-0.057037887364734044,0.0384627981047029
1435,RWPE2,CTCF,tRNA,0.01214303413879554,0.6377382695364633,-0.03839487126892956,0.06261897790132788
1436,RWPE2,CTCF,Penelope,-0.05303082177454368,0.17358905207613481,-0.1288790878794393,0.023434309890040382
1437,RWPE2,CTCF,TcMar-Tc1,-0.04116034247829368,0.29398109863145616,-0.1176047681952061,0.0357690179972861
1438,RWPE2,CTCF,Dong-R4,0.01852172208457248,0.7023927274867776,-0.07640731723195993,0.11311799957144905
1439,RWPE2,CTCF,tRNA-Deu,0.031402058188432135,0.5220088096771316,-0.06473153710803073,0.12695815591005633
1440,RWPE2,CTCF,Kolobok,0.02185740135522966,0.6823520803809842,-0.08272661333302657,0.12596522117001108
1441,RWPE2,CTCF,PIF-Harbinger,0.007255723880370549,0.8925615921599505,-0.09780023432702609,0.11215175819044843
1442,RWPE2,CTCF,Crypton,0.12329845069868456,0.03817817359163245,0.00635436526637476,0.23691546329147772
1443,RWPE2,CTCF,Merlin,-0.06707905719145227,0.33104724381117046,-0.20016641017793338,0.06843887091037518
1444,RWPE2,CTCF,TcMar,-0.006966044478305477,0.9214247741827707,-0.1445388687310664,0.13087098162869074
1445,RWPE2,CTCF,L1-Tx1,-0.06378105541215123,0.45902563342026603,-0.22920948884643433,0.10522845217405147
1446,RWPE2,CTCF,Crypton-A,0.04456615593411187,0.61324595990755,-0.128021910365625,0.21453436835566217
1447,RWPE2,CTCF,I-Jockey,0.018367157816699103,0.849650816003665,-0.17033860093173062,0.20577338254268435
1448,RWPE2,CTCF,hAT-Tip100?,-0.15815018315018312,0.21198065886626383,-0.390170211676365,0.09275569393640125
1449,RWPE2,CTCF,TcMar-Pogo,0.15799120234604103,0.3877978947346399,-0.20399215158130607,0.481969175000561
1450,RWPE2,CTCF,hAT?,-0.19663865546218487,0.2650095118180991,-0.5039897809781627,0.15491549265807067
1451,RWPE2,CTCF,hAT-hAT19,0.13823529411764704,0.6096659407501825,-0.38597426239896654,0.5949625271849802
1452,RWPE2,H3K27ac,Alu,0.001144946603979214,0.22904142186639018,-0.0007206969234230418,0.003010582161143759
1453,RWPE2,H3K27ac,L1,0.0017877294694667893,0.19369389195705738,-0.0009081325330385878,0.004483565486876996
1454,RWPE2,H3K27ac,MIR,0.0022995914814509365,0.09848272879467014,-0.0004282718642853367,0.005027420603818573
1455,RWPE2,H3K27ac,L2,-0.0017716368049322912,0.289828528573696,-0.00505204844158202,0.001508812961803753
1456,RWPE2,H3K27ac,ERVL-MaLR,-0.0003103027798862806,0.876929070803178,-0.004237501193588016,0.003616905205369361
1457,RWPE2,H3K27ac,hAT-Charlie,-0.0002998460014508308,0.8881482197529909,-0.004478255009872479,0.0038785734770817467
1458,RWPE2,H3K27ac,ERV1,0.0024374436148056878,0.42491116311594923,-0.00354968784414782,0.008424400333865796
1459,RWPE2,H3K27ac,ERVL,0.004516216130076386,0.14812260031494998,-0.001604457957800394,0.010636551850898178
1460,RWPE2,H3K27ac,TcMar-Tigger,0.005645637150253148,0.07556892607265972,-0.0005813572329434935,0.011872193725933766
1461,RWPE2,H3K27ac,hAT-Tip100,-0.005613211344989395,0.19552932954349656,-0.014111999122872185,0.0028863874135265917
1462,RWPE2,H3K27ac,CR1,-0.005539607087743225,0.24035551818482975,-0.014786239530902077,0.0037079727567013773
1463,RWPE2,H3K27ac,Gypsy,0.005673313432856118,0.4774386067816908,-0.00997860865070912,0.021322456193675468
1464,RWPE2,H3K27ac,hAT-Blackjack,-0.007426593310559232,0.36254026983020005,-0.023409200901705528,0.008559809544501725
1465,RWPE2,H3K27ac,TcMar-Mariner,0.011520074653673426,0.1618590766732453,-0.004621837123832388,0.027655984495221442
1466,RWPE2,H3K27ac,RTE-X,-0.02063098527439329,0.04505626191235857,-0.04079243503844884,-0.00045274205875095534
1467,RWPE2,H3K27ac,ERVK,-0.0077260597885179015,0.5072219302861942,-0.030552134333848367,0.015108069091351565
1468,RWPE2,H3K27ac,TcMar-Tc2,-0.025135432012953533,0.04223044906908718,-0.0493625756640449,-0.0008787269725522995
1469,RWPE2,H3K27ac,SVA,-0.016223892300755525,0.25531172552094583,-0.044155153139043384,0.011732712490016808
1470,RWPE2,H3K27ac,RTE-BovB,0.004997435654330178,0.7348318699568259,-0.023918245863986356,0.033904762500373
1471,RWPE2,H3K27ac,tRNA-RTE,0.03331819563568266,0.03818380367351539,0.001807689660336151,0.06476260295353324
1472,RWPE2,H3K27ac,hAT-Ac,0.014139458655201224,0.4352662506051338,-0.02138243428586741,0.049625697807369286
1473,RWPE2,H3K27ac,hAT,0.023694303523411408,0.21916936025296269,-0.014109256103228135,0.06143022285964355
1474,RWPE2,H3K27ac,MULE-MuDR,-0.009995031592466093,0.6312774129347334,-0.05077640307215692,0.030819616218232402
1475,RWPE2,H3K27ac,PiggyBac,0.040173449750512104,0.06612848872141484,-0.0026943239722863424,0.08289384407418936
1476,RWPE2,H3K27ac,5S-Deu-L2,0.0619055733012764,0.007223055673581885,0.016724751886679438,0.10683410263725165
1477,RWPE2,H3K27ac,Helitron,0.013474181476633627,0.5794493170443353,-0.034176292477337535,0.06106353473751728
1478,RWPE2,H3K27ac,hAT-Tag1,-0.0030435630724176513,0.9006486043215092,-0.05078973013030407,0.044716484948349594
1479,RWPE2,H3K27ac,tRNA,0.026609002414024543,0.30225796728961085,-0.02396142726160199,0.07704360342595025
1480,RWPE2,H3K27ac,Penelope,-0.03319906804085251,0.3944819532758367,-0.10925990513962362,0.04324827691741322
1481,RWPE2,H3K27ac,TcMar-Tc1,0.0018992899464222988,0.9613645820763845,-0.07483670958898138,0.07861292830957642
1482,RWPE2,H3K27ac,Dong-R4,0.007018118225828033,0.8848931570388522,-0.08782827413831126,0.10173840455071936
1483,RWPE2,H3K27ac,tRNA-Deu,0.014181972299686426,0.7727732523864234,-0.08196459995475801,0.11006700425916588
1484,RWPE2,H3K27ac,Kolobok,-0.022017855385834423,0.6797177219494603,-0.12597639495042018,0.08241901638839358
1485,RWPE2,H3K27ac,PIF-Harbinger,0.1396891481320837,0.00907285290172262,0.03456033083648455,0.24176039787270048
1486,RWPE2,H3K27ac,Crypton,-0.02764755783395465,0.6432683729672712,-0.1438034953224374,0.08925983339541807
1487,RWPE2,H3K27ac,Merlin,0.1010678575127559,0.1434336155153124,-0.034817463346153425,0.23328408004836187
1488,RWPE2,H3K27ac,TcMar,0.03819861635409547,0.5893817117846281,-0.10043189525529643,0.17537418032225216
1489,RWPE2,H3K27ac,L1-Tx1,0.02067073718867392,0.8105213228796639,-0.14757399060346357,0.18775283119550684
1490,RWPE2,H3K27ac,Crypton-A,0.11814555466655852,0.1789516754153743,-0.055085725829018585,0.28447220702966486
1491,RWPE2,H3K27ac,I-Jockey,0.040505977203224915,0.675807453894991,-0.14880528908721188,0.22695310239950744
1492,RWPE2,H3K27ac,hAT-Tip100?,0.13539377289377288,0.2860967470093104,-0.11534908206378222,0.36991569486199055
1493,RWPE2,H3K27ac,TcMar-Pogo,0.0755131964809384,0.6812490623853001,-0.28104600900694615,0.41375374166632883
1494,RWPE2,H3K27ac,hAT?,0.10496562261268144,0.5546597553588943,-0.24269379504566668,0.4287318499807294
1495,RWPE2,H3K27ac,hAT-hAT19,0.18823529411764706,0.4850866091454682,-0.3433482297655295,0.6284784835567567
1496,RWPE2,H3K36me3,Alu,0.0012641497372485185,0.18344685977294456,-0.0005984711205844379,0.0031267618235366504
1497,RWPE2,H3K36me3,L1,0.0012386150432976432,0.367713174452274,-0.0014564739644780658,0.003933686057793352
1498,RWPE2,H3K36me3,MIR,-7.785428154336878e-05,0.9553587616548109,-0.0028037340097203413,0.0026480266036141686
1499,RWPE2,H3K36me3,L2,-0.000307255347085105,0.8543292404100705,-0.0035872951489839505,0.0029727910661399926
1500,RWPE2,H3K36me3,ERVL-MaLR,0.0015396467818904786,0.44194427809805514,-0.002384919360732358,0.005464165497018953
1501,RWPE2,H3K36me3,hAT-Charlie,-0.0011000372045256441,0.6055251873164529,-0.005274541133283002,0.003074505064189631
1502,RWPE2,H3K36me3,ERV1,-0.0015757079610405021,0.6057236739320189,-0.0075585535066562985,0.004407250390152991
1503,RWPE2,H3K36me3,ERVL,-0.0023970478710540017,0.44249959880120004,-0.008514399128571491,0.003720482797341666
1504,RWPE2,H3K36me3,TcMar-Tigger,-0.0008241661826330592,0.7951955788665637,-0.007047193573131698,0.005398925041998125
1505,RWPE2,H3K36me3,hAT-Tip100,-0.005193029308043885,0.2308225760031666,-0.013686607352851316,0.0033012980823586323
1506,RWPE2,H3K36me3,CR1,-0.0015783892198242013,0.7378916566367287,-0.010822366998664542,0.007665858317829675
1507,RWPE2,H3K36me3,Gypsy,-0.010676414678880836,0.181097245244943,-0.026318386653513083,0.004970784061515793
1508,RWPE2,H3K36me3,hAT-Blackjack,-0.007420347139003899,0.36227450971878017,-0.02338068104432601,0.008543768273800158
1509,RWPE2,H3K36me3,TcMar-Mariner,0.002093392336487772,0.7987867897266583,-0.014001293562056517,0.018186993763201143
1510,RWPE2,H3K36me3,RTE-X,-0.004322806990278403,0.6745553580711667,-0.02449598130415978,0.01585388639592152
1511,RWPE2,H3K36me3,ERVK,0.02422985134156544,0.0372754534401513,0.0014255450368122536,0.04700896988503298
1512,RWPE2,H3K36me3,TcMar-Tc2,0.0032287001720181637,0.794110446843208,-0.021017140750703413,0.027470745596870665
1513,RWPE2,H3K36me3,SVA,0.00862820205869136,0.5451371566108645,-0.01932074037624273,0.03656367026322766
1514,RWPE2,H3K36me3,RTE-BovB,-0.017336787033294915,0.23995656403601015,-0.04622783038238905,0.011583235824652573
1515,RWPE2,H3K36me3,tRNA-RTE,0.01632881932193694,0.30928412460220894,-0.015152225100761885,0.04777752281727795
1516,RWPE2,H3K36me3,hAT-Ac,0.019765981184714426,0.27531117457158855,-0.015752095830799437,0.055234237781995814
1517,RWPE2,H3K36me3,hAT,-0.0004907409934703026,0.9796846947374176,-0.038247606108414406,0.03726752335560141
1518,RWPE2,H3K36me3,MULE-MuDR,0.0007947169545823255,0.9695610413067304,-0.04000764788567118,0.041594435822777
1519,RWPE2,H3K36me3,PiggyBac,0.016299240486068293,0.45577752653554027,-0.026537311564439146,0.05907604285713061
1520,RWPE2,H3K36me3,5S-Deu-L2,0.05007817435460086,0.029737610457235063,0.004900555409455753,0.09505178395120294
1521,RWPE2,H3K36me3,Helitron,0.018453772677650894,0.44770124900842956,-0.029188250260389487,0.06601214286240259
1522,RWPE2,H3K36me3,hAT-Tag1,0.004565177175807118,0.8514593435548043,-0.043197927038180504,0.05230746082925873
1523,RWPE2,H3K36me3,tRNA,0.015052997516449763,0.5595441093020159,-0.035506146917061276,0.06553528376291436
1524,RWPE2,H3K36me3,Penelope,-0.02123793767387357,0.5857165939737752,-0.09734782902657818,0.05511891411662391
1525,RWPE2,H3K36me3,TcMar-Tc1,0.013540010364745982,0.7298293726371099,-0.06325423258528103,0.09017485505899403
1526,RWPE2,H3K36me3,Dong-R4,0.03422497780773981,0.48007119298526724,-0.06078666855691641,0.12862198919981807
1527,RWPE2,H3K36me3,tRNA-Deu,0.005493760246069411,0.9108355459868709,-0.09046971462263961,0.10135615469333818
1528,RWPE2,H3K36me3,Kolobok,0.038239352020052304,0.472630105176596,-0.06614986608493344,0.14180057298303858
1529,RWPE2,H3K36me3,PIF-Harbinger,-0.0495809798111119,0.355749699353928,-0.15382394837980773,0.05575350797886193
1530,RWPE2,H3K36me3,Crypton,0.032117208406241465,0.5905476543913473,-0.0848278444884053,0.14818943830371045
1531,RWPE2,H3K36me3,Merlin,-0.13397297316234233,0.05142293262035937,-0.26452142145637214,0.0013972611862750094
1532,RWPE2,H3K36me3,TcMar,-0.07456436221490964,0.2903788629081929,-0.21030065961261474,0.06399230512375652
1533,RWPE2,H3K36me3,L1-Tx1,0.0033556694600714726,0.9689562993829604,-0.16445283548920311,0.17097539563742228
1534,RWPE2,H3K36me3,Crypton-A,0.17079644955523857,0.051119436802339956,-0.002009871502833849,0.33369785585414546
1535,RWPE2,H3K36me3,I-Jockey,-0.033815216384023725,0.727036065097188,-0.22056607867203298,0.15532725796411753
1536,RWPE2,H3K36me3,hAT-Tip100?,0.11057692307692306,0.38438123660991275,-0.13976183907254502,0.34762921213899006
1537,RWPE2,H3K36me3,TcMar-Pogo,-0.08174486803519061,0.6564883574752143,-0.4190106332217752,0.27534299588003247
1538,RWPE2,H3K36me3,hAT?,0.10557677616501145,0.5523440839322569,-0.24212273679142726,0.4292453350126444
1539,RWPE2,H3K36me3,hAT-hAT19,0.4058823529411764,0.11879168453237476,-0.1340579487280147,0.7599990493259847
1540,22Rv1,CTCF,Alu,8.215074809940927e-05,0.9310681821968683,-0.0017792431230279316,0.001943544049957209
1541,22Rv1,CTCF,L1,0.0001910972489639835,0.8894681854349846,-0.0025039005513030213,0.002886092273350084
1542,22Rv1,CTCF,MIR,0.0007316114457690323,0.5987080040637183,-0.001993150842643761,0.003456362870770402
1543,22Rv1,CTCF,L2,-0.0017578297157918297,0.29353422537247115,-0.005037768462324324,0.0015221468527514346
1544,22Rv1,CTCF,ERVL-MaLR,0.000574770112043315,0.7739915977694041,-0.003348253881528254,0.004497776414129985
1545,22Rv1,CTCF,hAT-Charlie,0.002563072275593193,0.22867570899018397,-0.0016100780074773144,0.0067361332872400495
1546,22Rv1,CTCF,ERV1,-0.004265127393202913,0.16219836748936034,-0.010245688963167228,0.0017157393004964658
1547,22Rv1,CTCF,ERVL,-0.0035535200711453952,0.25472064882659634,-0.009668324863566122,0.002561550474364399
1548,22Rv1,CTCF,TcMar-Tigger,0.0015441104780163366,0.626649718681827,-0.00467730746175446,0.007765408886991195
1549,22Rv1,CTCF,hAT-Tip100,0.006938794917714564,0.1092848386044791,-0.0015536892811881798,0.015430278302853338
1550,22Rv1,CTCF,CR1,-0.003597388708020397,0.4456095695838945,-0.012840607502308478,0.00564644483597802
1551,22Rv1,CTCF,Gypsy,-0.00045979383713248124,0.9540671871956392,-0.016104106107017103,0.01518474350006904
1552,22Rv1,CTCF,hAT-Blackjack,-0.007992764445662125,0.32616192017959333,-0.023943856935573597,0.007962396657247147
1553,22Rv1,CTCF,TcMar-Mariner,-0.005129497957415381,0.531934227810233,-0.02121120926763001,0.010954867056719532
1554,22Rv1,CTCF,RTE-X,0.0014679187337647602,0.8866091591647824,-0.01870679380041746,0.021641436394438208
1555,22Rv1,CTCF,ERVK,-0.013200189026851234,0.25628007735422315,-0.03597823250296233,0.009591562633979514
1556,22Rv1,CTCF,TcMar-Tc2,0.02489075722628261,0.04414669665337417,0.0006488260874885052,0.049103450371498235
1557,22Rv1,CTCF,SVA,0.0038220760291384696,0.7883248496243053,-0.02407620065842102,0.031714404348985266
1558,22Rv1,CTCF,RTE-BovB,0.027961892530785758,0.0579445848788312,-0.00094713176780258,0.056824218535555596
1559,22Rv1,CTCF,tRNA-RTE,0.034189464064611194,0.0331378091993454,0.0027282689972254305,0.06558304362728844
1560,22Rv1,CTCF,hAT-Ac,-0.02037385856564673,0.2609705257837167,-0.0558523354763282,0.01515600402270369
1561,22Rv1,CTCF,hAT,-0.027742580485479056,0.14991823211619698,-0.06543884957806488,0.010032759744815408
1562,22Rv1,CTCF,MULE-MuDR,0.008940704750590838,0.6676356591783997,-0.03186395419194997,0.049715610116416294
1563,22Rv1,CTCF,PiggyBac,0.027081623427486278,0.21500020634402417,-0.015739232012725334,0.06980332100308073
1564,22Rv1,CTCF,5S-Deu-L2,0.021191298905987303,0.3576819762994734,-0.023973179770668047,0.06626945076133786
1565,22Rv1,CTCF,Helitron,-0.014814300622575972,0.5421971432131201,-0.0623852314518107,0.03282378893394302
1566,22Rv1,CTCF,hAT-Tag1,-0.02126600429561796,0.38299359680095146,-0.06895480006550136,0.02651975920431215
1567,22Rv1,CTCF,tRNA,0.0004125323373457923,0.9872376313474422,-0.05010100904869741,0.050923968561005076
1568,22Rv1,CTCF,Penelope,0.02285145485129201,0.5581561936469643,-0.05362679664981465,0.09906318594389926
1569,22Rv1,CTCF,TcMar-Tc1,-0.04589633866978959,0.2407965758721292,-0.12211465104328226,0.030860117172577813
1570,22Rv1,CTCF,Dong-R4,-0.0637863117461367,0.18780382259064846,-0.15771438352927333,0.03128562791368353
1571,22Rv1,CTCF,tRNA-Deu,0.010694068649828739,0.8274351479101244,-0.08531124853637503,0.1065026324340984
1572,22Rv1,CTCF,Kolobok,0.07978405135740145,0.13352697416892015,-0.024673546468428825,0.18251829446823806
1573,22Rv1,CTCF,PIF-Harbinger,0.007022827063893172,0.8959903485242905,-0.0980308232563168,0.11192168652752944
1574,22Rv1,CTCF,Crypton,-0.07166027373046549,0.2294711064501355,-0.18684288849158523,0.04546584338209178
1575,22Rv1,CTCF,Merlin,-0.005821872735026063,0.9328439196278753,-0.14046179173813936,0.1290294616166225
1576,22Rv1,CTCF,TcMar,0.05184079805539607,0.46261316980760014,-0.08657884536751907,0.18829680637541701
1577,22Rv1,CTCF,L1-Tx1,0.0219378641127482,0.7991448381565118,-0.14633590104670174,0.18897775753249652
1578,22Rv1,CTCF,Crypton-A,0.06404533219374822,0.46737701587678027,-0.10884944641836207,0.23317901398370003
1579,22Rv1,CTCF,I-Jockey,0.15775183022889444,0.10136645911637285,-0.03245751653975656,0.3369337333000507
1580,22Rv1,CTCF,hAT-Tip100?,-0.21684981684981683,0.08522313527864384,-0.44160973714342683,0.033520002445218536
1581,22Rv1,CTCF,TcMar-Pogo,-0.126099706744868,0.491641586587107,-0.4559407371553263,0.2341971581394661
1582,22Rv1,CTCF,hAT?,-0.11871657754010695,0.5036809801357325,-0.4402469736529238,0.22980065531782695
1583,22Rv1,CTCF,hAT-hAT19,-0.34411764705882353,0.19185563142554293,-0.7250511068377358,0.1980496290026333
1584,22Rv1,H3K27ac,Alu,-1.2487571268380622e-05,0.9895127079384685,-0.0018745311888258376,0.0018495561328830553
1585,22Rv1,H3K27ac,L1,2.056660068305037e-05,0.9880677467757042,-0.002674758747552507,0.0027158916500950345
1586,22Rv1,H3K27ac,MIR,7.184291572874089e-05,0.9587898768796173,-0.002653205238438805,0.0027968900029018877
1587,22Rv1,H3K27ac,L2,-0.0006680202570749729,0.68977312563508,-0.003948105837883821,0.0026120796982116276
1588,22Rv1,H3K27ac,ERVL-MaLR,-0.00203308088745593,0.3098302078662148,-0.005956666643874006,0.001890567466849435
1589,22Rv1,H3K27ac,hAT-Charlie,-0.0005050123180673832,0.8125435916954842,-0.0046788101655009995,0.0036688031246684275
1590,22Rv1,H3K27ac,ERV1,0.006147075487884426,0.043985386748376216,0.00016556094681788406,0.012128150178196205
1591,22Rv1,H3K27ac,ERVL,0.0026825919356105155,0.38993709014966993,-0.0034330365237625706,0.008798019737356583
1592,22Rv1,H3K27ac,TcMar-Tigger,0.0009061627121014172,0.7753088148728442,-0.005315990190295628,0.0071282454507148214
1593,22Rv1,H3K27ac,hAT-Tip100,-0.003217230252875703,0.4578376169099111,-0.011710259181384205,0.00527626283335021
1594,22Rv1,H3K27ac,CR1,-0.00237545163407849,0.6145154511771447,-0.011619339453844187,0.006868842167935915
1595,22Rv1,H3K27ac,Gypsy,-0.003631892157593002,0.6491325668753037,-0.01927577415277948,0.01201376773659246
1596,22Rv1,H3K27ac,hAT-Blackjack,0.006255205415107535,0.44231439039814047,-0.009702453399857302,0.02220967900430958
1597,22Rv1,H3K27ac,TcMar-Mariner,0.007373077580591444,0.36907240477671566,-0.008715864138430524,0.023458202895665897
1598,22Rv1,H3K27ac,RTE-X,-0.010946410782484203,0.2875821913331086,-0.031113223260611843,0.009229310514108517
1599,22Rv1,H3K27ac,ERVK,0.014637536546070945,0.20836036310149736,-0.008168159492052712,0.037428013525391664
1600,22Rv1,H3K27ac,TcMar-Tc2,-0.00767211463704607,0.535161222088824,-0.03191066826396711,0.01657545772449784
1601,22Rv1,H3K27ac,SVA,0.006700180454138091,0.6380495363232228,-0.021213845311487123,0.034603768190404824
1602,22Rv1,H3K27ac,RTE-BovB,0.01854481972518682,0.20870771805757968,-0.010372125475364416,0.04743077353112186
1603,22Rv1,H3K27ac,tRNA-RTE,-0.024791639065472618,0.12249139282052486,-0.056211618970897013,0.006677396778222654
1604,22Rv1,H3K27ac,hAT-Ac,0.01843343768717644,0.3091434737681776,-0.01709598231645952,0.053916364272670235
1605,22Rv1,H3K27ac,hAT,-0.02780036235313299,0.14899561139635772,-0.06548947280695072,0.009967954404630424
1606,22Rv1,H3K27ac,MULE-MuDR,0.028560905142768357,0.1701725908047137,-0.012262759420375668,0.06928951623953049
1607,22Rv1,H3K27ac,PiggyBac,0.015075569152232151,0.49020468400774175,-0.027749747638060002,0.057845647292628984
1608,22Rv1,H3K27ac,5S-Deu-L2,0.02952742086586179,0.19993066081299404,-0.015639737116221072,0.07457431863310612
1609,22Rv1,H3K27ac,Helitron,-0.006811635611837833,0.7792979990569177,-0.05440686971190632,0.040814480827568694
1610,22Rv1,H3K27ac,hAT-Tag1,-0.03592062542074822,0.1405143752120248,-0.08354608638733821,0.01186855617273899
1611,22Rv1,H3K27ac,tRNA,0.0030396261625970787,0.9061771966865968,-0.047480275643614823,0.053544016753901746
1612,22Rv1,H3K27ac,Penelope,-0.0439253555291732,0.2597984466486902,-0.11987676162972995,0.032537224624756236
1613,22Rv1,H3K27ac,TcMar-Tc1,-0.06781810120651878,0.08285629207560835,-0.14376573654057626,0.00892372347085393
1614,22Rv1,H3K27ac,Dong-R4,-0.06761717300001868,0.16259934463599318,-0.16147550298319555,0.02745341818341243
1615,22Rv1,H3K27ac,tRNA-Deu,-0.00977485457827008,0.842064309981518,-0.10559321332734845,0.08622334720631501
1616,22Rv1,H3K27ac,Kolobok,0.017380365397430902,0.7441664557110881,-0.08687267093972234,0.1212568487798894
1617,22Rv1,H3K27ac,PIF-Harbinger,0.009525832667889143,0.8592548208168546,-0.09555217844256159,0.11439388820205777
1618,22Rv1,H3K27ac,Crypton,0.07909354300428932,0.18459149136744749,-0.03803583979714833,0.19407902213414024
1619,22Rv1,H3K27ac,Merlin,-0.04477079957779101,0.5167625945121853,-0.1785090228161703,0.09059166300474138
1620,22Rv1,H3K27ac,TcMar,0.015137088413319481,0.8302735085730828,-0.12283660181939822,0.15253672335513538
1621,22Rv1,H3K27ac,L1-Tx1,-0.022675271309815368,0.7925434572981334,-0.18969042698878127,0.14561521057015708
1622,22Rv1,H3K27ac,Crypton-A,0.0777271981168636,0.37753993683417575,-0.09532482005522577,0.24621895127800147
1623,22Rv1,H3K27ac,I-Jockey,0.07145769622833843,0.46028118936662,-0.1184726942572068,0.2563437858586725
1624,22Rv1,H3K27ac,hAT-Tip100?,0.06543040293040292,0.6074774310187574,-0.18358681461044946,0.30655636320036883
1625,22Rv1,H3K27ac,TcMar-Pogo,0.02309384164222874,0.9001614122502035,-0.32828666310359583,0.3688597607831233
1626,22Rv1,H3K27ac,hAT?,-0.04721161191749427,0.7909020557151846,-0.37948918712723895,0.2958535825793081
1627,22Rv1,H3K27ac,hAT-hAT19,0.2352941176470588,0.38035580118865675,-0.3016030461153394,0.658893235790222
1628,RWPE1,CTCF,Alu,0.00016631249628718008,0.8612104206867496,-0.0016981253344204455,0.0020307491707482993
1629,RWPE1,CTCF,L1,0.0008972159664693576,0.5147379154184821,-0.0018020476297283116,0.0035964664884457673
1630,RWPE1,CTCF,MIR,0.0014725515232500356,0.2896701470428377,-0.001253200862384872,0.004198282027704274
1631,RWPE1,CTCF,L2,-0.0014448433694920727,0.38811042266443074,-0.004726019510505578,0.0018363638825865055
1632,RWPE1,CTCF,ERVL-MaLR,0.0023331387267960394,0.2443698044385654,-0.001594999535884606,0.00626120498848252
1633,RWPE1,CTCF,hAT-Charlie,-0.0002469878619455858,0.9077231714652936,-0.004423338932331962,0.003929371824338351
1634,RWPE1,CTCF,ERV1,0.0057211293178617605,0.06183277002215874,-0.000283337903918313,0.01172518401956105
1635,RWPE1,CTCF,ERVL,-0.0019146960957791026,0.5398539858385787,-0.008036131415146596,0.004206882722349009
1636,RWPE1,CTCF,TcMar-Tigger,0.002230567094370695,0.48262343638936167,-0.003996326209051663,0.008457287424827247
1637,RWPE1,CTCF,hAT-Tip100,-0.006986666960919727,0.10700250687897352,-0.015481572002605358,0.0015092466131590378
1638,RWPE1,CTCF,CR1,-0.0012332456710735802,0.7938759072930103,-0.01048394998019754,0.008017669714491863
1639,RWPE1,CTCF,Gypsy,-0.007563544075894896,0.3435550257082407,-0.023211431398347603,0.008088048299534712
1640,RWPE1,CTCF,hAT-Blackjack,0.003166655433672574,0.6975882602156496,-0.012805393550482295,0.01913708889723612
1641,RWPE1,CTCF,TcMar-Mariner,-0.0028826449421549124,0.7257901021808109,-0.018989575433020815,0.01322578140770852
1642,RWPE1,CTCF,RTE-X,-0.003156437721096058,0.7592174464126884,-0.023336634191309803,0.017026329959770117
1643,RWPE1,CTCF,ERVK,0.0002487957750557046,0.9830632118942078,-0.022718427042098057,0.02321575611897211
1644,RWPE1,CTCF,TcMar-Tc2,-0.0020176730023515584,0.8704485073755843,-0.026260545686330104,0.022227571564267714
1645,RWPE1,CTCF,SVA,0.029621553674551368,0.03744943219879204,0.001715594934927381,0.057481413050537535
1646,RWPE1,CTCF,RTE-BovB,-0.005252048758474827,0.7218980621027109,-0.03416225138575246,0.023666936100772886
1647,RWPE1,CTCF,tRNA-RTE,-0.0022664466206650793,0.8877809501373742,-0.03373524178638078,0.02920683806501556
1648,RWPE1,CTCF,hAT-Ac,0.055942122335436335,0.002028064016464703,0.020410562294597367,0.09133254882439473
1649,RWPE1,CTCF,hAT,0.016596672696623085,0.3891008422285297,-0.02117676769487344,0.05432279802618663
1650,RWPE1,CTCF,MULE-MuDR,0.004102479078110822,0.8438735578012946,-0.03671374389750882,0.044905037234646436
1651,RWPE1,CTCF,PiggyBac,-0.011278383071839624,0.6060733988009848,-0.05409947202787642,0.031584112262136636
1652,RWPE1,CTCF,5S-Deu-L2,-0.027678587572405353,0.22969582254428195,-0.0727447588163162,0.017500379678091437
1653,RWPE1,CTCF,Helitron,0.00016655364594971624,0.9945393874830414,-0.04750244573619113,0.04783479610922943
1654,RWPE1,CTCF,hAT-Tag1,0.005381613243250488,0.8253922764668238,-0.04241144950361219,0.05315010280632544
1655,RWPE1,CTCF,tRNA,-0.020484438643960948,0.4271354159491966,-0.07094556801423939,0.030081270911917948
1656,RWPE1,CTCF,Penelope,0.06885231858167934,0.07780676288330565,-0.007769847462599872,0.14467069719068543
1657,RWPE1,CTCF,TcMar-Tc1,0.0005490459176948746,0.988818712368142,-0.0761204692931832,0.07721210685059611
1658,RWPE1,CTCF,Dong-R4,0.059342534119600214,0.2205083596204957,-0.03572832640982002,0.15334892575560932
1659,RWPE1,CTCF,tRNA-Deu,-0.015944819223570817,0.7451530223341422,-0.11169512991396857,0.08009882983201858
1660,RWPE1,CTCF,Kolobok,-0.0862939981276412,0.10504030729561342,-0.1890182777319592,0.01829851180577063
1661,RWPE1,CTCF,PIF-Harbinger,-0.011853671635976979,0.8253586095943157,-0.1166922059584106,0.09324611894700699
1662,RWPE1,CTCF,Crypton,-0.012650773605096085,0.8321963605577722,-0.12906253387623778,0.10410493369775951
1663,RWPE1,CTCF,Merlin,-0.03271182943965404,0.6365909399212766,-0.16707768127230713,0.10284695629273036
1664,RWPE1,CTCF,TcMar,-0.005149220892684826,0.9418757098596778,-0.14275872309900084,0.13265557841631406
1665,RWPE1,CTCF,L1-Tx1,-0.03320899310589508,0.7000551122899438,-0.19985640912151173,0.13530566744896882
1666,RWPE1,CTCF,Crypton-A,-0.06528913818675872,0.45875564026325166,-0.23436636361323937,0.107621927765414
1667,RWPE1,CTCF,I-Jockey,-0.20001853396348812,0.03704194283712892,-0.3756755455389694,-0.01048833457235419
1668,RWPE1,CTCF,hAT-Tip100?,0.03644688644688644,0.7749368064191394,-0.21133463049158438,0.27982669594996373
1669,RWPE1,CTCF,TcMar-Pogo,-0.00439882697947214,0.9809374979853294,-0.35255357886721145,0.34482560083211644
1670,RWPE1,CTCF,hAT?,0.21986249045072573,0.21151485652234528,-0.13196291749980904,0.5224911542576428
1671,RWPE1,CTCF,hAT-hAT19,-0.2647058823529412,0.3218043958686153,-0.6773486812355178,0.27463901306008387
1672,RWPE1,H3K27ac,Alu,-0.0007898346191458534,0.406223216512681,-0.00265369325113404,0.0010740295005838786
1673,RWPE1,H3K27ac,L1,0.0028187461896225763,0.04066580425079698,0.00011974155421002835,0.005517709758310007
1674,RWPE1,H3K27ac,MIR,5.0458087253453605e-05,0.9710651579322143,-0.0026760185999997717,0.0027769340243288267
1675,RWPE1,H3K27ac,L2,-0.0003737534467274285,0.8233346943988191,-0.003654890738147401,0.002907391892269409
1676,RWPE1,H3K27ac,ERVL-MaLR,-4.194404654732234e-05,0.9833016500370719,-0.003969761941833269,0.003885875142943868
1677,RWPE1,H3K27ac,hAT-Charlie,0.0028343043846624765,0.1835063922542382,-0.001342388380751954,0.007010898264090315
1678,RWPE1,H3K27ac,ERV1,-0.004376860496154198,0.15301391000844625,-0.010379869970171011,0.0016264644506479285
1679,RWPE1,H3K27ac,ERVL,-0.0018775124527700062,0.5477348147243841,-0.007998651268039338,0.004243767060780604
1680,RWPE1,H3K27ac,TcMar-Tigger,-0.0015047351012550641,0.6358508568336154,-0.007733068046982693,0.0047237145906883805
1681,RWPE1,H3K27ac,hAT-Tip100,0.005267578211362457,0.22427065871993598,-0.003228106066938667,0.013762502144307347
1682,RWPE1,H3K27ac,CR1,-0.0017448481277793754,0.7116304243308162,-0.010995601125602756,0.0075062035163451475
1683,RWPE1,H3K27ac,Gypsy,0.006095935684435446,0.4452104702772435,-0.009554534542945782,0.021743420127517298
1684,RWPE1,H3K27ac,hAT-Blackjack,0.016898973635434914,0.03828350590196079,0.0009113172597684754,0.03287799328192336
1685,RWPE1,H3K27ac,TcMar-Mariner,-0.006614959781125541,0.42274869913323987,-0.022784503083132235,0.009558043429545509
1686,RWPE1,H3K27ac,RTE-X,-0.008402036152625612,0.41458249781855694,-0.028580248439773387,0.011783020888914484
1687,RWPE1,H3K27ac,ERVK,-0.018250716456894946,0.11935313070062155,-0.04120087379297161,0.0047186890745863
1688,RWPE1,H3K27ac,TcMar-Tc2,-0.008031448701214616,0.5166634852687133,-0.032295686002044376,0.01624224997996037
1689,RWPE1,H3K27ac,SVA,-0.0009040994851173582,0.9493762634193331,-0.02880746638998686,0.02700067535183318
1690,RWPE1,H3K27ac,RTE-BovB,-0.004889285835374736,0.7404974152013435,-0.03381246260323363,0.024042073708047586
1691,RWPE1,H3K27ac,tRNA-RTE,0.019421207395497027,0.2266642153407953,-0.012068416086659923,0.05087234743454094
1692,RWPE1,H3K27ac,hAT-Ac,-0.032546154381793646,0.07273280454653651,-0.06802124953407127,0.003011135158114048
1693,RWPE1,H3K27ac,hAT,-0.0011128766703682898,0.9539677080377199,-0.038882845764265005,0.03666026788861351
1694,RWPE1,H3K27ac,MULE-MuDR,0.00539980755048323,0.7955082978987793,-0.03542705242649942,0.04620867378711452
1695,RWPE1,H3K27ac,PiggyBac,0.013687427178815747,0.5314161682110912,-0.029177560598913355,0.05650216575226512
1696,RWPE1,H3K27ac,5S-Deu-L2,0.0059594435859411645,0.7959675225624143,-0.039199963227939304,0.05109455556862837
1697,RWPE1,H3K27ac,Helitron,0.019628648536157797,0.4204218489947378,-0.028127408898199383,0.06729530732678786
1698,RWPE1,H3K27ac,hAT-Tag1,0.037428725090996304,0.1248115067977188,-0.010388377601430479,0.08507504014241732
1699,RWPE1,H3K27ac,tRNA,-0.021649184834864322,0.40116333462999465,-0.07208874610574562,0.028900826939888
1700,RWPE1,H3K27ac,Penelope,-0.017936970778921937,0.6462901395481031,-0.09430465239058636,0.05864057093174008
1701,RWPE1,H3K27ac,TcMar-Tc1,-0.004451504917669055,0.9096058031137114,-0.08114919270670269,0.0722985919666796
1702,RWPE1,H3K27ac,Dong-R4,-0.1268084868983222,0.008630032716183853,-0.21932651904615647,-0.03203021838551326
1703,RWPE1,H3K27ac,tRNA-Deu,-0.029766302412330206,0.5439268511294235,-0.12534455692911578,0.06635939453058051
1704,RWPE1,H3K27ac,Kolobok,0.04607471291779622,0.38743211974780944,-0.05849642755834938,0.14964570247458756
1705,RWPE1,H3K27ac,PIF-Harbinger,-0.027608506097535793,0.6072400433439241,-0.13222514587624573,0.07761644170798691
1706,RWPE1,H3K27ac,Crypton,-0.040896349719244766,0.4932020544851473,-0.15679419848112164,0.07611255466118252
1707,RWPE1,H3K27ac,Merlin,0.12822907545693787,0.06362636394865089,-0.007846688898505134,0.25964215339470365
1708,RWPE1,H3K27ac,TcMar,-0.022432355957475676,0.7507290448652453,-0.15966599642103385,0.11565189002664587
1709,RWPE1,H3K27ac,L1-Tx1,-0.15629298870497005,0.06817839569621215,-0.31666004775172263,0.012760667340624051
1710,RWPE1,H3K27ac,Crypton-A,0.07207668891685673,0.4132922595716635,-0.10091624502277605,0.2408391292181944
1711,RWPE1,H3K27ac,I-Jockey,0.08644240570846076,0.37145296299434427,-0.10369109833509176,0.27048080329907503
1712,RWPE1,H3K27ac,hAT-Tip100?,0.12263986013986013,0.33042938167774527,-0.12591766348484695,0.3567091754226649
1713,RWPE1,H3K27ac,TcMar-Pogo,-0.09420821114369501,0.6080475773626955,-0.42947375139516586,0.2638801615058377
1714,RWPE1,H3K27ac,hAT?,0.005653170359052712,0.9746868987132402,-0.333151912126694,0.3431653220524336
1715,RWPE1,H3K27ac,hAT-hAT19,-0.4176470588235294,0.1074740793993006,-0.7664411434756573,0.12136572341538931
