,cell_line,modification,family_name,r,p_value,ci_low,ci_high
0,Caco-2,H3K4me1,Alu,0.0017805850260529258,0.06171627827031126,-8.733332302178091e-05,0.0036484909498249465
1,Caco-2,H3K4me1,L1,5.184359148576512e-06,0.9969997080133031,-0.0026970178343353715,0.0027073864769212165
2,Caco-2,H3K4me1,MIR,-0.001639287785157759,0.23879642547673663,-0.004366723004825333,0.0010881718237986911
3,Caco-2,H3K4me1,L2,0.0009080596437717417,0.587697281355431,-0.002374571259947062,0.004190670977696854
4,Caco-2,H3K4me1,ERVL-MaLR,0.0010557271691373285,0.5989075406832802,-0.0028782947842304262,0.004989716444756372
5,Caco-2,H3K4me1,hAT-Charlie,3.7651923377195915e-05,0.9859173163666767,-0.0041432056858140805,0.004218508216289999
6,Caco-2,H3K4me1,ERV1,-0.0013867868417870982,0.6517290117496535,-0.0074085684685887675,0.004635095361811679
7,Caco-2,H3K4me1,ERVL,-0.002859074157878704,0.3605239671949524,-0.008987361852596786,0.003269428296384499
8,Caco-2,H3K4me1,TcMar-Tigger,-0.007432733744674054,0.019421180733222694,-0.013664870117019565,-0.0012000199192516879
9,Caco-2,H3K4me1,hAT-Tip100,0.004886362101114025,0.25990183366229835,-0.0036144318801372114,0.013386449912931168
10,Caco-2,H3K4me1,CR1,0.0034054741364665333,0.4707399882183243,-0.0058484439223094155,0.012658808969686654
11,Caco-2,H3K4me1,Gypsy,0.00047321406466861856,0.9527702113328036,-0.01518529970312771,0.01613149578203473
12,Caco-2,H3K4me1,hAT-Blackjack,-0.0008722086129981431,0.914882546032635,-0.0168651233964067,0.01512115235858881
13,Caco-2,H3K4me1,TcMar-Mariner,0.010596350788661927,0.19753948436076854,-0.005521533975905435,0.026708731243753985
14,Caco-2,H3K4me1,RTE-X,-0.008556220145010568,0.40626993864903016,-0.02874289264431981,0.011637428624235627
15,Caco-2,H3K4me1,ERVK,0.01084522138356119,0.35717898177271834,-0.01224159756297137,0.03392048372572299
16,Caco-2,H3K4me1,TcMar-Tc2,0.009386611121561533,0.44860102792111367,-0.014893042697698517,0.033655202164238104
17,Caco-2,H3K4me1,SVA,0.006999771166504987,0.6248317618566992,-0.021054149231735517,0.03504267739671168
18,Caco-2,H3K4me1,RTE-BovB,0.022484504988755646,0.12798499730422255,-0.006473232871872171,0.05140456407660752
19,Caco-2,H3K4me1,tRNA-RTE,0.003693946249835909,0.8181905377628522,-0.027796796091166653,0.03517736386688266
20,Caco-2,H3K4me1,hAT-Ac,0.026513739552183977,0.1442024159978827,-0.009080599196662745,0.0620409742525104
21,Caco-2,H3K4me1,hAT,0.013241322381972342,0.4923332112460641,-0.02455824787587855,0.05100308525561152
22,Caco-2,H3K4me1,MULE-MuDR,-0.019632686502569933,0.34632388770652456,-0.060433488071891486,0.02123361051784712
23,Caco-2,H3K4me1,PiggyBac,-0.027434428759931177,0.21039120198127145,-0.07027744720225966,0.015509616325421059
24,Caco-2,H3K4me1,5S-Deu-L2,-0.03915033352041259,0.08943325735536205,-0.08419110123324827,0.006050088230777244
25,Caco-2,H3K4me1,Helitron,-0.02716254695148963,0.265548317512729,-0.07487014666567489,0.020669110548473774
26,Caco-2,H3K4me1,hAT-Tag1,0.00989410377354169,0.6851194561770685,-0.037921014268003275,0.057664018667861784
27,Caco-2,H3K4me1,tRNA,0.019667286871248853,0.44596138880977865,-0.03091440678737549,0.07014850376364698
28,Caco-2,H3K4me1,Penelope,0.0034301030426269227,0.930126079492112,-0.07313859429672888,0.0799586012457414
29,Caco-2,H3K4me1,TcMar-Tc1,0.057553947610662515,0.14179863894986808,-0.019319721416936265,0.1337511247792544
30,Caco-2,H3K4me1,Dong-R4,-0.039626968182685275,0.4135097790850182,-0.13394743620500524,0.0554050066318628
31,Caco-2,H3K4me1,tRNA-Deu,0.026635437431804646,0.5871102256535468,-0.06947407129289847,0.12225504174885453
32,Caco-2,H3K4me1,Kolobok,0.0033575131355819523,0.9498079244951018,-0.10091324936188921,0.10755531749717952
33,Caco-2,H3K4me1,PIF-Harbinger,0.03977736475847883,0.4588573070406198,-0.06551763568401892,0.14419629142460916
34,Caco-2,H3K4me1,Crypton,0.008266629851978225,0.8898823313977646,-0.1084373838855317,0.12474588177334602
35,Caco-2,H3K4me1,Merlin,0.04846797831725364,0.4837602689181947,-0.08725043558936775,0.18241997099429547
36,Caco-2,H3K4me1,TcMar,0.05260136236150592,0.4583203041933639,-0.08651808571670645,0.18970857655848855
37,Caco-2,H3K4me1,L1-Tx1,0.06184652830338959,0.4727881339308695,-0.10713858310164624,0.22735877193407658
38,Caco-2,H3K4me1,Crypton-A,-0.04438198723557598,0.6147149128840317,-0.21435764431578636,0.12820271786940665
39,Caco-2,H3K4me1,I-Jockey,0.09797979797979799,0.31077983123024344,-0.09226654641743137,0.2813246813993772
40,Caco-2,H3K4me1,hAT-Tip100?,0.05929487179487179,0.641630993542233,-0.18948568110787145,0.30092160228837295
41,Caco-2,H3K4me1,TcMar-Pogo,0.3379765395894428,0.058501899800589445,-0.022395271328803104,0.620619301722604
42,Caco-2,H3K4me1,hAT?,0.3148395721925134,0.07433049172059361,-0.04066828991158815,0.5995905495074518
43,Caco-2,H3K4me1,hAT-hAT19,-0.18823529411764706,0.4850866091454682,-0.6284784835567567,0.3433482297655295
44,Caco-2,H3K9me3,Alu,0.0015592455271992269,0.10169182658459067,-0.0003079600758042742,0.0034264402577553737
45,Caco-2,H3K9me3,L1,0.0004776336356246431,0.7289467525055771,-0.0022238707002458467,0.0031791309998509334
46,Caco-2,H3K9me3,MIR,0.0014172465332590869,0.308435493814615,-0.0013100253292308544,0.004144497312876751
47,Caco-2,H3K9me3,L2,-0.0005735357162495134,0.732002807752872,-0.003855949317901978,0.0027088902442753736
48,Caco-2,H3K9me3,ERVL-MaLR,0.0012227985357141182,0.542297545119083,-0.0027103613708472428,0.005155920609815225
49,Caco-2,H3K9me3,hAT-Charlie,-0.00022015662442500882,0.917789107003086,-0.004400553081536427,0.003960247527489589
50,Caco-2,H3K9me3,ERV1,-2.3747418042743287e-05,0.9938321418167644,-0.006044649433342487,0.005997156319005196
51,Caco-2,H3K9me3,ERVL,-0.0032310826237116406,0.3013523853990476,-0.009358177936338651,0.0028962552991188
52,Caco-2,H3K9me3,TcMar-Tigger,-0.0008872223309364905,0.780229057114549,-0.007119363373473391,0.005344987631105716
53,Caco-2,H3K9me3,hAT-Tip100,0.0014001970603003287,0.7468068541032689,-0.007100005055296551,0.009900196842219471
54,Caco-2,H3K9me3,CR1,0.0015062459545562297,0.7497056182516708,-0.0077473679335904565,0.010759601891524162
55,Caco-2,H3K9me3,Gypsy,0.0007259708714791981,0.9276030379221807,-0.014933101052724787,0.016384686777988315
56,Caco-2,H3K9me3,hAT-Blackjack,-0.006824971274251731,0.40294000515578676,-0.022815281759584666,0.009168830289894906
57,Caco-2,H3K9me3,TcMar-Mariner,-0.007857541906494072,0.3393463393947197,-0.02397233393584515,0.008261332404180265
58,Caco-2,H3K9me3,RTE-X,-0.005501428282959709,0.5933240448354915,-0.025687854128717845,0.014689482268321619
59,Caco-2,H3K9me3,ERVK,-0.011627279803343956,0.3233991289135263,-0.03469382634888151,0.011451648007903813
60,Caco-2,H3K9me3,TcMar-Tc2,0.009869848440207265,0.4255186284909077,-0.014406196045114528,0.03413426424198577
61,Caco-2,H3K9me3,SVA,-0.011314505361216918,0.4288793688722875,-0.039329421956651026,0.016718184829243848
62,Caco-2,H3K9me3,RTE-BovB,0.02200326084103941,0.1361821055679701,-0.006941903299334485,0.050911584416715575
63,Caco-2,H3K9me3,tRNA-RTE,0.004831987018582665,0.763618636377353,-0.026655590991027756,0.03630998620249114
64,Caco-2,H3K9me3,hAT-Ac,-0.009845395662768342,0.5876939841079715,-0.04540987392295639,0.025744008013790228
65,Caco-2,H3K9me3,hAT,-0.006886034800267024,0.7210044552007846,-0.04465347357857194,0.030901059330309885
66,Caco-2,H3K9me3,MULE-MuDR,0.0022306527094695114,0.9147968276791434,-0.03861825338413563,0.04307211584042044
67,Caco-2,H3K9me3,PiggyBac,-0.030607902111402633,0.1622823493215979,-0.07343916204885785,0.012336060334003118
68,Caco-2,H3K9me3,5S-Deu-L2,-0.010397537184301503,0.651976227718164,-0.05553312192303234,0.03478045610614333
69,Caco-2,H3K9me3,Helitron,-0.005730792650086255,0.8142634631141977,-0.05349834633436644,0.042062928568401874
70,Caco-2,H3K9me3,hAT-Tag1,-0.016973778526566487,0.4866389729427666,-0.06472072230752057,0.030850705923506076
71,Caco-2,H3K9me3,tRNA,-0.008350579314777255,0.7462531055388184,-0.05887268831070049,0.04221419809095142
72,Caco-2,H3K9me3,Penelope,-0.011812155631245274,0.7628493471973496,-0.08834259316227519,0.06485691730758467
73,Caco-2,H3K9me3,TcMar-Tc1,-0.10454443731988905,0.007640573002693422,-0.18020273371792245,-0.02765638445645565
74,Caco-2,H3K9me3,Dong-R4,0.00044309973750402705,0.9927073484880429,-0.09434767342875507,0.09522591081116262
75,Caco-2,H3K9me3,tRNA-Deu,0.13305905061108317,0.006442307714264539,0.03719982687655101,0.22649185615946693
76,Caco-2,H3K9me3,Kolobok,-0.00681267872378597,0.8983642955750888,-0.11097023030985434,0.09749290854012531
77,Caco-2,H3K9me3,PIF-Harbinger,-0.03265410976432889,0.5431856494296721,-0.13719155401493488,0.07260270607461713
78,Caco-2,H3K9me3,Crypton,-0.0023626884244053433,0.9684353795460983,-0.11892760573579585,0.11426647012115747
79,Caco-2,H3K9me3,Merlin,0.19395686412845684,0.0046905551539501876,0.05920492977737147,0.32176674936477223
80,Caco-2,H3K9me3,TcMar,-0.004584793558830514,0.9484959790383305,-0.1428895638703242,0.13389560095387154
81,Caco-2,H3K9me3,L1-Tx1,-0.05072474760331961,0.5560913362195807,-0.21670133586789256,0.11810191800926963
82,Caco-2,H3K9me3,Crypton-A,0.03637732162819732,0.6799703193141288,-0.13605298577277022,0.20666847775036087
83,Caco-2,H3K9me3,I-Jockey,-0.09464368455194144,0.3276210811157215,-0.27819275407426713,0.09557394836355464
84,Caco-2,H3K9me3,hAT-Tip100?,-0.009523809523809523,0.9404609761673299,-0.25474206397154825,0.23684529601446702
85,Caco-2,H3K9me3,TcMar-Pogo,0.23057184750733137,0.2042245236080894,-0.13317264057830097,0.5395744464849732
86,Caco-2,H3K9me3,hAT?,0.25434491978609625,0.15318345604602016,-0.10315895253288096,0.5536523588721689
87,Caco-2,H3K9me3,hAT-hAT19,-0.09705882352941177,0.7206513082372035,-0.5664229902492608,0.4198497353097381
88,SJCRH30,H3K27ac,Alu,0.0014158849920401398,0.13691820891647202,-0.00044988699138085933,0.0032816471178045425
89,SJCRH30,H3K27ac,L1,0.00038819687997879756,0.7780834946104207,-0.002311604614765099,0.0030879927156554016
90,SJCRH30,H3K27ac,MIR,0.001293189580490769,0.35249066208478286,-0.0014328709417921945,0.004019230882443565
91,SJCRH30,H3K27ac,L2,-0.001518773768972419,0.3643245919441641,-0.004800146305191082,0.0017626314741544286
92,SJCRH30,H3K27ac,ERVL-MaLR,-0.0019393500694316408,0.33333567546355203,-0.005868374381232024,0.0019897341199005187
93,SJCRH30,H3K27ac,hAT-Charlie,0.002131350338216743,0.3173155830600116,-0.0020460715223079694,0.006308697811963558
94,SJCRH30,H3K27ac,ERV1,-0.0016575106224588152,0.5886507746723288,-0.007664609975852901,0.004349708356992102
95,SJCRH30,H3K27ac,ERVL,0.00013977927341213167,0.964305185539343,-0.005981988648178571,0.006261536718272582
96,SJCRH30,H3K27ac,TcMar-Tigger,0.0015671362182913173,0.6218842908899784,-0.004660843312623964,0.007794994179971089
97,SJCRH30,H3K27ac,hAT-Tip100,0.0020314384478443965,0.6393457465964213,-0.006464960965679682,0.010527544576062507
98,SJCRH30,H3K27ac,CR1,-0.00727007104920102,0.12348151901929973,-0.016519696587885428,0.0019807987127651535
99,SJCRH30,H3K27ac,Gypsy,-0.004469697339952615,0.5756310483493958,-0.02011728291049704,0.01118007736392345
100,SJCRH30,H3K27ac,hAT-Blackjack,-0.00012270892766136566,0.9879903043914942,-0.016099344106393503,0.01585398889492966
101,SJCRH30,H3K27ac,TcMar-Mariner,0.014743770855659871,0.07277013968285706,-0.00136248731426943,0.030842381586259824
102,SJCRH30,H3K27ac,RTE-X,0.014187450166178166,0.1682578106945412,-0.005995844796194413,0.03435919046763067
103,SJCRH30,H3K27ac,ERVK,0.0157537022302688,0.17954531269336327,-0.007253799783500629,0.03874453389954446
104,SJCRH30,H3K27ac,TcMar-Tc2,0.023504991730573056,0.05741047303249965,-0.0007429113664742815,0.04772527102638651
105,SJCRH30,H3K27ac,SVA,-0.004749115762374512,0.7402110847899173,-0.032811593933114475,0.023320844454201343
106,SJCRH30,H3K27ac,RTE-BovB,-0.001135840451130974,0.9386711836033151,-0.030062648316470247,0.02779286839377517
107,SJCRH30,H3K27ac,tRNA-RTE,-0.029778706922299187,0.06380750066720225,-0.061215672088331605,0.001717280657498075
108,SJCRH30,H3K27ac,hAT-Ac,-0.02508646995820399,0.16685936934366621,-0.06059993860957758,0.010490430071211245
109,SJCRH30,H3K27ac,hAT,0.000869656230725562,0.9640069838973289,-0.03688913373828279,0.03862596657732519
110,SJCRH30,H3K27ac,MULE-MuDR,0.02860190516472375,0.16965246219226368,-0.012230614780247265,0.0693391940336142
111,SJCRH30,H3K27ac,PiggyBac,-0.025737115946472582,0.23921665373289436,-0.06851450805781212,0.017134739708379428
112,SJCRH30,H3K27ac,5S-Deu-L2,0.002387890291726814,0.9174824837301984,-0.04276524376448683,0.04753128950387572
113,SJCRH30,H3K27ac,Helitron,-0.0050215789588333275,0.8364261457118003,-0.052649733341595395,0.04262936921391048
114,SJCRH30,H3K27ac,hAT-Tag1,0.032474407855474376,0.1828601706079393,-0.015329569587254436,0.08013026662526047
115,SJCRH30,H3K27ac,tRNA,-0.009890677314517836,0.701334003741964,-0.06037424190712815,0.04064335718467455
116,SJCRH30,H3K27ac,Penelope,-0.03440481930352445,0.3793471450240026,-0.110743148185231,0.042337098231104264
117,SJCRH30,H3K27ac,TcMar-Tc1,0.01115537985107872,0.7760074962294883,-0.0656281955694308,0.08780762597345365
118,SJCRH30,H3K27ac,Dong-R4,0.0058783799891013525,0.9034864777194083,-0.0889588075182931,0.1006099402361406
119,SJCRH30,H3K27ac,tRNA-Deu,-0.05172483056897506,0.2913995991001873,-0.14697400179375866,0.044474785923038364
120,SJCRH30,H3K27ac,Kolobok,-0.052044673050981795,0.3295486881783809,-0.15565153461984668,0.05269480572136302
121,SJCRH30,H3K27ac,PIF-Harbinger,-0.046321341852735926,0.3882954334190194,-0.15062446623339543,0.05900169919232985
122,SJCRH30,H3K27ac,Crypton,0.0007962987989480418,0.9893593025534976,-0.11581199097305334,0.11738293724301328
123,SJCRH30,H3K27ac,Merlin,-0.07961747841709059,0.24953916140440893,-0.21260738859863343,0.05626839570609596
124,SJCRH30,H3K27ac,TcMar,-0.13946613503633778,0.04719729131513626,-0.2725753356251141,-0.0011184037927977214
125,SJCRH30,H3K27ac,L1-Tx1,0.016944030562989543,0.8442018316365603,-0.15121301134645426,0.18414798441517158
126,SJCRH30,H3K27ac,Crypton-A,-0.047838486722590105,0.5874054774123036,-0.21767302916888304,0.12480786520687669
127,SJCRH30,H3K27ac,I-Jockey,0.061430821981280706,0.5257139675718578,-0.12832828806184252,0.24685065711828583
128,SJCRH30,H3K27ac,hAT-Tip100?,-0.10677447552447551,0.3972381738497418,-0.34239860930458493,0.14148548418261914
129,SJCRH30,H3K27ac,TcMar-Pogo,0.17375366568914952,0.34157669639498467,-0.18886341098275608,0.49467223036182184
130,SJCRH30,H3K27ac,hAT?,0.038655462184873944,0.828170757545941,-0.3035966385485703,0.37207221147723873
131,SJCRH30,H3K27ac,hAT-hAT19,0.31176470588235294,0.23980004767411284,-0.2299622388355889,0.7059919513752017
132,SJCRH30,H3K4me1,Alu,0.00034053383052489475,0.7207345514013057,-0.0015265326673901578,0.002207597954283522
133,SJCRH30,H3K4me1,L1,0.00023028980083219326,0.8672581189102395,-0.002470158995200543,0.002930735238127326
134,SJCRH30,H3K4me1,MIR,-3.937338633298338e-05,0.9774233586586829,-0.002766295343460822,0.002687549156364123
135,SJCRH30,H3K4me1,L2,-0.0018084364954671917,0.28012592896964605,-0.005090208308716994,0.0014733742721893858
136,SJCRH30,H3K4me1,ERVL-MaLR,0.004162976525867177,0.03792938124393192,0.00023194648631565178,0.008093877906470983
137,SJCRH30,H3K4me1,hAT-Charlie,-0.0027204226757975313,0.2020095237856022,-0.0068994693220512954,0.0014587189945876188
138,SJCRH30,H3K4me1,ERV1,-0.0010044488557272122,0.7433254971383656,-0.007016466740846347,0.0050076416406623254
139,SJCRH30,H3K4me1,ERVL,-0.0015200744108752877,0.6266437841862926,-0.0076444289096087165,0.004604394119289534
140,SJCRH30,H3K4me1,TcMar-Tigger,-0.00371848420514647,0.24207678058442797,-0.009948376094382812,0.002511696341748376
141,SJCRH30,H3K4me1,hAT-Tip100,-0.00538667159865741,0.21413244933537645,-0.013884612776738029,0.0031120476702606054
142,SJCRH30,H3K4me1,CR1,0.006778082927284412,0.15104713083956092,-0.002474338741373828,0.016029344181329695
143,SJCRH30,H3K4me1,Gypsy,-0.0018491290417787494,0.8168864036223564,-0.017499546106095037,0.013802193912960909
144,SJCRH30,H3K4me1,hAT-Blackjack,0.0008092023525964405,0.9209474278375525,-0.015171380039607225,0.01678937144862137
145,SJCRH30,H3K4me1,TcMar-Mariner,0.0014407084867598668,0.8609025049350132,-0.014673406386170363,0.01755407519060713
146,SJCRH30,H3K4me1,RTE-X,0.012771331267365214,0.2148702635361328,-0.007411964770715054,0.03294422577330322
147,SJCRH30,H3K4me1,ERVK,0.007151281403997185,0.5429551874085062,-0.015888420823731986,0.030183393545623834
148,SJCRH30,H3K4me1,TcMar-Tc2,0.000869988640735929,0.9439893885186799,-0.023396930621303404,0.025135883301576355
149,SJCRH30,H3K4me1,SVA,-0.009797351210510839,0.4937258387883968,-0.03783993993735771,0.01826065648387385
150,SJCRH30,H3K4me1,RTE-BovB,-0.012527368561453752,0.3959909352751356,-0.04143497650305538,0.016401194832237297
151,SJCRH30,H3K4me1,tRNA-RTE,0.004305329516750912,0.7887347523171777,-0.02718183999153873,0.03578396421317655
152,SJCRH30,H3K4me1,hAT-Ac,0.0153942495796954,0.3964810247185744,-0.020192577960840997,0.05094211933084124
153,SJCRH30,H3K4me1,hAT,0.009025769701004735,0.6396583877627693,-0.028756394439196573,0.04678218088067954
154,SJCRH30,H3K4me1,MULE-MuDR,0.021226725172542395,0.3079417792022054,-0.01958704978113787,0.06196987323892785
155,SJCRH30,H3K4me1,PiggyBac,0.014007592035377563,0.5220556463479666,-0.028878210536201758,0.056841921046127356
156,SJCRH30,H3K4me1,5S-Deu-L2,-0.023761433195823526,0.3027501575286209,-0.06886630670323189,0.02144038572846232
157,SJCRH30,H3K4me1,Helitron,0.004098829827086899,0.8661687596646964,-0.043550324075710745,0.05172937837507785
158,SJCRH30,H3K4me1,hAT-Tag1,0.042703926476927986,0.0797874667586713,-0.005095831122637186,0.09030898257829147
159,SJCRH30,H3K4me1,tRNA,0.015606828721305236,0.5451854836759775,-0.03495308746892309,0.06608705962596832
160,SJCRH30,H3K4me1,Penelope,0.05150130202436159,0.18870887429352465,-0.025374715152613993,0.12777177069008525
161,SJCRH30,H3K4me1,TcMar-Tc1,-0.004015431653869514,0.9184283758803198,-0.0807158974965997,0.07273230933055864
162,SJCRH30,H3K4me1,Dong-R4,-0.011104584509634603,0.8188155670828224,-0.10578294778338698,0.08377330574297037
163,SJCRH30,H3K4me1,tRNA-Deu,-0.02462374782859999,0.6156659190127289,-0.12026918682702996,0.0714746177644333
164,SJCRH30,H3K4me1,Kolobok,0.04162604858896147,0.43494490681487297,-0.06292707209879701,0.14527541162557006
165,SJCRH30,H3K4me1,PIF-Harbinger,-0.04638570606383514,0.38763581100801725,-0.15068765853567953,0.05893757724350425
166,SJCRH30,H3K4me1,Crypton,0.0706799896704573,0.23592187165573253,-0.0464449651166818,0.18588789544358694
167,SJCRH30,H3K4me1,Merlin,-0.1058468546802099,0.12535233794454714,-0.237878330754617,0.030025309393295202
168,SJCRH30,H3K4me1,TcMar,0.05314662480892427,0.4502760056163464,-0.08494086775520736,0.18923104398846316
169,SJCRH30,H3K4me1,L1-Tx1,-0.013898725524468492,0.8719377602541417,-0.18119975757448908,0.15418413399423692
170,SJCRH30,H3K4me1,Crypton-A,0.005586450522255264,0.949505693332301,-0.16609951700832531,0.1769437051118958
171,SJCRH30,H3K4me1,I-Jockey,0.17198591418774906,0.07373820137405081,-0.018056743624196212,0.3500348692083345
172,SJCRH30,H3K4me1,hAT-Tip100?,-0.09025349650349651,0.47461559661030084,-0.32740759529350105,0.15759774737133214
173,SJCRH30,H3K4me1,TcMar-Pogo,-0.09054252199413489,0.6221380952492984,-0.42640336607596147,0.26725948962414975
174,SJCRH30,H3K4me1,hAT?,0.02062643239113827,0.9078227791401519,-0.31980331854775346,0.3563395218792328
175,SJCRH30,H3K4me1,hAT-hAT19,-0.01764705882352941,0.9482801500547112,-0.5089320166324547,0.4823095822381911
176,SJCRH30,H3K9me3,Alu,-0.00013946849954232129,0.8835846171399674,-0.002006293766522963,0.00172735773954449
177,SJCRH30,H3K9me3,L1,0.0021497352152662083,0.11866063845687772,-0.0005504415415035119,0.004849880625011621
178,SJCRH30,H3K9me3,MIR,0.000966560491600875,0.48721719234743477,-0.0017602429980859604,0.0036933496077115775
179,SJCRH30,H3K9me3,L2,0.002182511924246057,0.19240557595884136,-0.0010991657884101699,0.005464142628626326
180,SJCRH30,H3K9me3,ERVL-MaLR,-0.001632065640681766,0.4157651105130724,-0.00556274896058297,0.0022986681117148897
181,SJCRH30,H3K9me3,hAT-Charlie,-0.003510137600862349,0.0996791377312407,-0.007688661135196606,0.000668508512996719
182,SJCRH30,H3K9me3,ERV1,-0.002330521739265266,0.44732324022212866,-0.008341453814869356,0.0036805787515528953
183,SJCRH30,H3K9me3,ERVL,0.0004438927989167369,0.8870288414855438,-0.0056801265159156745,0.006567878818756501
184,SJCRH30,H3K9me3,TcMar-Tigger,0.0012904455664289696,0.6847549112672533,-0.004939414308792943,0.0075202052757312255
185,SJCRH30,H3K9me3,hAT-Tip100,0.0014027227966949567,0.7462875249610096,-0.007094762839439116,0.00990000586371417
186,SJCRH30,H3K9me3,CR1,0.010929022710764173,0.020597535897002296,0.0016770650501243937,0.020179109505563873
187,SJCRH30,H3K9me3,Gypsy,-0.006551035177264655,0.41205142016253793,-0.022200834876813954,0.009101974227850687
188,SJCRH30,H3K9me3,hAT-Blackjack,0.011281465044094758,0.16636837130098486,-0.004696025504978462,0.027253197066813666
189,SJCRH30,H3K9me3,TcMar-Mariner,-0.008566452140410567,0.2973233172094795,-0.024672753674617454,0.007544295444169527
190,SJCRH30,H3K9me3,RTE-X,-0.017082978920287473,0.09713872392389396,-0.03725430822966777,0.0031022655711327517
191,SJCRH30,H3K9me3,ERVK,0.0034601445960285976,0.7684305015814712,-0.019571911864781074,0.02648853055319578
192,SJCRH30,H3K9me3,TcMar-Tc2,-0.012247846675009475,0.32267775615536975,-0.03650804520710059,0.012026779712942108
193,SJCRH30,H3K9me3,SVA,-0.016792171088394675,0.24052558058876466,-0.0448110077655557,0.011253063435330696
194,SJCRH30,H3K9me3,RTE-BovB,0.005140070295210248,0.7277029144916576,-0.023791444581143437,0.03406298269050985
195,SJCRH30,H3K9me3,tRNA-RTE,-0.010450077433497885,0.515485569350325,-0.04192454288686978,0.021045108483701697
196,SJCRH30,H3K9me3,hAT-Ac,-0.010494441323765669,0.5631216244433632,-0.04604018672032089,0.025077846251727418
197,SJCRH30,H3K9me3,hAT,-0.006312525818239868,0.7433395273797362,-0.04407398474694685,0.03146694482696778
198,SJCRH30,H3K9me3,MULE-MuDR,0.013684990310858153,0.5111011206224413,-0.027133129784356908,0.054457551129424436
199,SJCRH30,H3K9me3,PiggyBac,0.006112824612738092,0.7799177362773327,-0.036753316559317545,0.04895651200851492
200,SJCRH30,H3K9me3,5S-Deu-L2,-0.013401686312479212,0.5610105477557707,-0.058528729115748454,0.0317800161498912
201,SJCRH30,H3K9me3,Helitron,-0.004892791578105339,0.8405643095948558,-0.05252128375550538,0.04275790981586967
202,SJCRH30,H3K9me3,hAT-Tag1,0.007349606195813204,0.763190993119869,-0.04044705377562726,0.05511270727704415
203,SJCRH30,H3K9me3,tRNA,-0.02425411861877866,0.34707457750559334,-0.07469925482237308,0.026314832879356955
204,SJCRH30,H3K9me3,Penelope,0.08232765826194272,0.03529594406150095,0.0055672637714788585,0.15812353080623298
205,SJCRH30,H3K9me3,TcMar-Tc1,0.006468685842252867,0.8689558312736713,-0.07029202579310324,0.0831532402511834
206,SJCRH30,H3K9me3,Dong-R4,-0.016538410720642535,0.7329740830842644,-0.1111573942957526,0.07837771266596752
207,SJCRH30,H3K9me3,tRNA-Deu,-0.080342464543685,0.10093464059537723,-0.17506006759926962,0.01584864894757276
208,SJCRH30,H3K9me3,Kolobok,0.13557352387768098,0.010662207937906221,0.03130844228706551,0.2369197797916073
209,SJCRH30,H3K9me3,PIF-Harbinger,-0.10230366710171077,0.056217467050612493,-0.2053449590037062,0.0029808152909412346
210,SJCRH30,H3K9me3,Crypton,-0.04229807915422809,0.4784909689425201,-0.15816686293416266,0.07471977579081433
211,SJCRH30,H3K9me3,Merlin,-0.016575637243497133,0.8108255219084513,-0.15131457389016925,0.11876801416940448
212,SJCRH30,H3K9me3,TcMar,-0.08400675230290927,0.23340696839993508,-0.21941352541518663,0.054575190686661466
213,SJCRH30,H3K9me3,L1-Tx1,0.007810449014505714,0.9278241770999976,-0.16011729440165087,0.17529881313902387
214,SJCRH30,H3K9me3,Crypton-A,-0.16565040244252563,0.05864176315051711,-0.3289169597446319,0.007231218737542419
215,SJCRH30,H3K9me3,I-Jockey,-0.03286998424613104,0.7343776901315475,-0.21966278860783897,0.15624764979274652
216,SJCRH30,H3K9me3,hAT-Tip100?,0.19860139860139858,0.11275056917538326,-0.05004022551952472,0.42406195932770707
217,SJCRH30,H3K9me3,TcMar-Pogo,-0.25733137829912023,0.1550712669129385,-0.5602385425722454,0.10628102057962696
218,SJCRH30,H3K9me3,hAT?,0.2727272727272727,0.11863550642551385,-0.07853603268829004,0.563750405473135
219,SJCRH30,H3K9me3,hAT-hAT19,-0.3058823529411765,0.24925429892891857,-0.70247118185279,0.23565608291162993
220,SJCRH30,H3K36me3,Alu,0.0010127419932857453,0.2877622612700473,-0.0008544806195024037,0.002879957544202352
221,SJCRH30,H3K36me3,L1,-0.0010065262536850523,0.46506633786998475,-0.0037069563964219785,0.001693918568975559
222,SJCRH30,H3K36me3,MIR,-0.001650792217450012,0.23544318830316024,-0.00437779955992467,0.0010762396777732259
223,SJCRH30,H3K36me3,L2,1.5616977109139863e-05,0.9925585070867725,-0.003266223936308466,0.0032974575541221077
224,SJCRH30,H3K36me3,ERVL-MaLR,0.001501458849610808,0.4541173914225176,-0.0024297880070176183,0.005432659297484761
225,SJCRH30,H3K36me3,hAT-Charlie,-0.0002886483144319322,0.8923246464924024,-0.004468045397292312,0.0038907588523016475
226,SJCRH30,H3K36me3,ERV1,0.0020743609694577367,0.4989059416331558,-0.003938064502926581,0.008086636471709282
227,SJCRH30,H3K36me3,ERVL,-0.005938084035729122,0.05740579192060921,-0.01206251017525692,0.0001867876102961377
228,SJCRH30,H3K36me3,TcMar-Tigger,0.0011356952273778424,0.7208865408749029,-0.005094569554634523,0.007365871843779679
229,SJCRH30,H3K36me3,hAT-Tip100,0.0029246643907978316,0.49997353366554786,-0.005573448269828893,0.011422354642457683
230,SJCRH30,H3K36me3,CR1,0.00011109044081223605,0.9812249406573239,-0.009140873052363496,0.009363034915603651
231,SJCRH30,H3K36me3,Gypsy,0.003331264971962854,0.6765992250803143,-0.012321828258534555,0.01898272590596951
232,SJCRH30,H3K36me3,hAT-Blackjack,0.0027040189568809784,0.7401673436149097,-0.013276436365829479,0.018683093311417095
233,SJCRH30,H3K36me3,TcMar-Mariner,-0.015014641788465621,0.06783119422791417,-0.0311228741044439,0.0011013879099007148
234,SJCRH30,H3K36me3,RTE-X,0.00416278324508639,0.686042588575955,-0.016020282871270795,0.02434245840170648
235,SJCRH30,H3K36me3,ERVK,-0.008375175754559053,0.4763879383477376,-0.03141745228008581,0.014675998369882575
236,SJCRH30,H3K36me3,TcMar-Tc2,0.004497526939747234,0.7164530640179989,-0.019771174267780887,0.028760931380799874
237,SJCRH30,H3K36me3,SVA,-0.0035340311697570647,0.8050127599228885,-0.03158330363870005,0.024520803351994996
238,SJCRH30,H3K36me3,RTE-BovB,-0.0031042216915641227,0.8334703616383414,-0.03203235220289189,0.025829105256600034
239,SJCRH30,H3K36me3,tRNA-RTE,0.02934908453843131,0.06769891465415527,-0.0021430098252167677,0.060783022284924236
240,SJCRH30,H3K36me3,hAT-Ac,0.03452861159192632,0.05700825472018246,-0.0010393496427976003,0.07000932021124383
241,SJCRH30,H3K36me3,hAT,0.009663887124003684,0.6161756110152452,-0.028118849954693163,0.04741905068483711
242,SJCRH30,H3K36me3,MULE-MuDR,0.004402137585503817,0.8325966895587145,-0.036405659929646075,0.04519527853136824
243,SJCRH30,H3K36me3,PiggyBac,0.03280075949240422,0.13395571892175562,-0.010111869606343072,0.07559279354904079
244,SJCRH30,H3K36me3,5S-Deu-L2,-0.01720187017900725,0.45566155478387893,-0.06232920604114083,0.027995657836813587
245,SJCRH30,H3K36me3,Helitron,-0.020229992617745496,0.4056295778066734,-0.06782399792036678,0.02745587670595253
246,SJCRH30,H3K36me3,hAT-Tag1,0.01057881896602966,0.6644277080459791,-0.03720893716923661,0.05831830145192974
247,SJCRH30,H3K36me3,tRNA,0.021258057700551117,0.4098827437552933,-0.029308405050884397,0.0717159924202606
248,SJCRH30,H3K36me3,Penelope,0.0173526603576344,0.6580469209470642,-0.05945728403076429,0.09395833443817557
249,SJCRH30,H3K36me3,TcMar-Tc1,0.05908691687776348,0.1311753633560022,-0.017726381925120396,0.1352068299265221
250,SJCRH30,H3K36me3,Dong-R4,-0.09876945692856605,0.04111396028050255,-0.1919840477028192,-0.0037887076792344596
251,SJCRH30,H3K36me3,tRNA-Deu,-0.05068049691291521,0.30126391439206385,-0.145946868035267,0.04551717932772415
252,SJCRH30,H3K36me3,Kolobok,-0.05858790508079368,0.2722893127530874,-0.162067680630484,0.04616642590393571
253,SJCRH30,H3K36me3,PIF-Harbinger,-0.07045425112570765,0.1891477939995728,-0.17427301451042013,0.034913622720318414
254,SJCRH30,H3K36me3,Crypton,-0.10522792133864722,0.07718095514071673,-0.21944500689150487,0.011834579013019847
255,SJCRH30,H3K36me3,Merlin,-0.005404279862711619,0.9377994654110118,-0.1403713553476233,0.12975997896091265
256,SJCRH30,H3K36me3,TcMar,-0.10457996624146323,0.1375679939055374,-0.23920675695677746,0.03399195386579243
257,SJCRH30,H3K36me3,L1-Tx1,0.17093845569482302,0.045806113216099405,0.0020857435499190766,0.33031399832664293
258,SJCRH30,H3K36me3,Crypton-A,0.007548247528398415,0.9318107537016006,-0.16419222767857306,0.17884458098314915
259,SJCRH30,H3K36me3,I-Jockey,0.10493003428783246,0.2775353301816331,-0.08536583891123434,0.28783998492626384
260,SJCRH30,H3K36me3,hAT-Tip100?,0.17618006993006993,0.16036152969369982,-0.07267380742754415,0.4043827247098256
261,SJCRH30,H3K36me3,TcMar-Pogo,-0.1191348973607038,0.5160571968429095,-0.45019808524589094,0.24072345960045885
262,SJCRH30,H3K36me3,hAT?,-0.10557677616501145,0.5523440839322569,-0.4292453350126444,0.24212273679142726
263,SJCRH30,H3K36me3,hAT-hAT19,-0.4088235294117647,0.11588783814878352,-0.7616160259480969,0.1309009401971673
264,SJCRH30,H3K27me3,Alu,-0.0002107135396799788,0.8248813182205182,-0.0020771584228670543,0.0016557328115986449
265,SJCRH30,H3K27me3,L1,-0.0012127099739683883,0.378722390579728,-0.003912904470061822,0.0014875022061257466
266,SJCRH30,H3K27me3,MIR,-0.00010624507950734116,0.9391195019569614,-0.002832683652417696,0.0026201950729425934
267,SJCRH30,H3K27me3,L2,-0.0017588350552883959,0.2935071008498722,-0.005040465232442823,0.0015228330045498242
268,SJCRH30,H3K27me3,ERVL-MaLR,0.002790193203498719,0.16410029168921586,-0.0011401244518534142,0.006720424657626857
269,SJCRH30,H3K27me3,hAT-Charlie,-8.179405154753193e-05,0.9693950444705489,-0.004260188137308305,0.004096602890296164
270,SJCRH30,H3K27me3,ERV1,-0.0017208489108230278,0.5747374050046165,-0.007731898959723322,0.004290325498931317
271,SJCRH30,H3K27me3,ERVL,0.0051869480805565174,0.09685727304956505,-0.0009362895600174707,0.01130979677610331
272,SJCRH30,H3K27me3,TcMar-Tigger,-0.004487435439866829,0.15794600096728945,-0.010715978038125783,0.0017414553626770126
273,SJCRH30,H3K27me3,hAT-Tip100,0.0007797869598129715,0.8572600510844025,-0.007717422786566331,0.009276884102365513
274,SJCRH30,H3K27me3,CR1,-0.00037043850318250234,0.9374517306838337,-0.009622359911650329,0.008881546323355577
275,SJCRH30,H3K27me3,Gypsy,0.008938745964893097,0.2629915997626237,-0.006713415969601528,0.024586528964980564
276,SJCRH30,H3K27me3,hAT-Blackjack,0.009132699386756173,0.2625000099445296,-0.006842645235474507,0.025103383437903016
277,SJCRH30,H3K27me3,TcMar-Mariner,-0.004232056630778895,0.6066488190419231,-0.020340152993135126,0.011878236260366182
278,SJCRH30,H3K27me3,RTE-X,-0.013283180808786562,0.19709930116922986,-0.03345780350197164,0.006902262511434828
279,SJCRH30,H3K27me3,ERVK,0.007902247094473347,0.5013744380527051,-0.015134475561481838,0.030930584983237672
280,SJCRH30,H3K27me3,TcMar-Tc2,0.008111114742878447,0.5123835385562886,-0.016155165279177975,0.032367845397926996
281,SJCRH30,H3K27me3,SVA,-0.02002150268629514,0.1618138195081637,-0.048043901963893444,0.008032388516927138
282,SJCRH30,H3K27me3,RTE-BovB,0.006371060682458411,0.666053770990962,-0.022561177102106783,0.03529263586169722
283,SJCRH30,H3K27me3,tRNA-RTE,0.004701619255608105,0.7698138442500149,-0.026785858853359507,0.036179776971299656
284,SJCRH30,H3K27me3,hAT-Ac,-0.02492187911858201,0.16959084860601947,-0.06042993587949263,0.010649172371575035
285,SJCRH30,H3K27me3,hAT,0.010774487289933238,0.5761664581475643,-0.02700217475777875,0.04852041875766288
286,SJCRH30,H3K27me3,MULE-MuDR,0.02162217579236495,0.29911941498716527,-0.019200589477549372,0.06237296783915377
287,SJCRH30,H3K27me3,PiggyBac,-0.0007065196822969817,0.9742423538903351,-0.04357156698816738,0.04216112411802057
288,SJCRH30,H3K27me3,5S-Deu-L2,-0.02143136401090239,0.35238855329249374,-0.06652062787136687,0.02374525050225699
289,SJCRH30,H3K27me3,Helitron,0.023367053224716904,0.3367535815359265,-0.02432105756503437,0.07094906190193336
290,SJCRH30,H3K27me3,hAT-Tag1,0.0008859766145193631,0.9710188695557469,-0.04688363552890914,0.048651545613420416
291,SJCRH30,H3K27me3,tRNA,-0.0074075895015234304,0.7740069368541527,-0.057915882148782356,0.04313852834532382
292,SJCRH30,H3K27me3,Penelope,0.04492295963000771,0.25129262088922244,-0.031891756486073466,0.12121011613779543
293,SJCRH30,H3K27me3,TcMar-Tc1,-0.0016609980410549048,0.9662088238391893,-0.078376087657875,0.07507364724129381
294,SJCRH30,H3K27me3,Dong-R4,0.02024414795538476,0.6762160704572391,-0.0746956571776821,0.114820258110951
295,SJCRH30,H3K27me3,tRNA-Deu,-0.0064615269600707525,0.8952120883887548,-0.10231419489708943,0.0895100267867827
296,SJCRH30,H3K27me3,Kolobok,0.0965046981719957,0.06974886324016215,-0.008052284230644047,0.19897435412773584
297,SJCRH30,H3K27me3,PIF-Harbinger,0.016821360731439465,0.7541714765278635,-0.08832208083634442,0.12159408364179207
298,SJCRH30,H3K27me3,Crypton,-0.06128244609869649,0.304263527924587,-0.17672445145919602,0.05582274276483802
299,SJCRH30,H3K27me3,Merlin,-0.0049118203692533205,0.943457523575392,-0.1398883839211938,0.13024395883487247
300,SJCRH30,H3K27me3,TcMar,0.021597331820566085,0.7591388148874949,-0.1161342561305459,0.15851398556210394
301,SJCRH30,H3K27me3,L1-Tx1,0.009791647464853892,0.9095858835998956,-0.15818756789512872,0.17722003983193033
302,SJCRH30,H3K27me3,Crypton-A,0.03192791263603319,0.7173358590428961,-0.1404095649765286,0.20238760938994066
303,SJCRH30,H3K27me3,I-Jockey,0.01449355944768789,0.8810955667445435,-0.17409245207210441,0.20205404393616538
304,SJCRH30,H3K27me3,hAT-Tip100?,-0.16756993006993007,0.1821270202310004,-0.39678070699531093,0.08131170503464089
305,SJCRH30,H3K27me3,TcMar-Pogo,-0.04105571847507331,0.8234577116226068,-0.38437951681483423,0.3122447219510977
306,SJCRH30,H3K27me3,hAT?,0.2608097784568372,0.13627467516346722,-0.09072884362457331,0.5545534774749356
307,SJCRH30,H3K27me3,hAT-hAT19,-0.7999999999999999,0.00019857097280000043,-0.938242025222084,-0.44148015494148596
308,SJCRH30,H3K4me3,Alu,-0.0003298317795513096,0.729227615089108,-0.002197379004202561,0.0015377177458331507
309,SJCRH30,H3K4me3,L1,0.0008089805761752507,0.5571121126924041,-0.0018915378675306662,0.0035094872204581287
310,SJCRH30,H3K4me3,MIR,-5.06007430604493e-05,0.9709909669683803,-0.0027777892250004867,0.002676588491571621
311,SJCRH30,H3K4me3,L2,0.00017313595129139032,0.9176479830713735,-0.0031087755986371674,0.0034550437715490036
312,SJCRH30,H3K4me3,ERVL-MaLR,-0.0012481364837801327,0.533799437382782,-0.005179690888743042,0.0026834565068124855
313,SJCRH30,H3K4me3,hAT-Charlie,0.002594501790122408,0.22372458450992883,-0.0015850103375179205,0.006773923275934927
314,SJCRH30,H3K4me3,ERV1,-0.0010861063290593233,0.7232752379638272,-0.007097922516317188,0.004925788367282638
315,SJCRH30,H3K4me3,ERVL,-0.002328015440911201,0.4562824085514673,-0.008452594462638338,0.003796738236641336
316,SJCRH30,H3K4me3,TcMar-Tigger,-0.0009745218966020248,0.7591815323538424,-0.007205021142252813,0.005256053010205961
317,SJCRH30,H3K4me3,hAT-Tip100,0.006335449502948201,0.1439743335614778,-0.0021629478286141657,0.014832931769055653
318,SJCRH30,H3K4me3,CR1,0.008992012860145993,0.05680791577647154,-0.0002606653572134429,0.018243151559817504
319,SJCRH30,H3K4me3,Gypsy,0.010096376717697593,0.20613011795885963,-0.005556309269706988,0.025744116406840708
320,SJCRH30,H3K4me3,hAT-Blackjack,-0.0036446727750139045,0.6548872481135963,-0.019623966457509183,0.012336482394682127
321,SJCRH30,H3K4me3,TcMar-Mariner,0.01257991716178463,0.12612359101972814,-0.0035406529145884562,0.028693950498852688
322,SJCRH30,H3K4me3,RTE-X,-0.0013440673199487897,0.8961632446128763,-0.021526195288610665,0.01883915563649983
323,SJCRH30,H3K4me3,ERVK,-0.011756927398879988,0.31709530611027864,-0.0347787335784653,0.011277349682137304
324,SJCRH30,H3K4me3,TcMar-Tc2,-0.015013833515746016,0.22541913753524523,-0.03927289066182904,0.009262911840086752
325,SJCRH30,H3K4me3,SVA,0.026246648501221076,0.0668611506704868,-0.0018291022231888448,0.054281053952864186
326,SJCRH30,H3K4me3,RTE-BovB,0.023829604704767197,0.1065147891622243,-0.005112115467326933,0.05273143678772507
327,SJCRH30,H3K4me3,tRNA-RTE,0.014571129952738331,0.3645120291097581,-0.016925708143366077,0.04603907783040325
328,SJCRH30,H3K4me3,hAT-Ac,-0.030970661746028177,0.08792090882886544,-0.06647374530913774,0.004610744296693991
329,SJCRH30,H3K4me3,hAT,0.024414967052599497,0.2053005449627267,-0.013374583623082853,0.062134873132019354
330,SJCRH30,H3K4me3,MULE-MuDR,0.02901305032949854,0.16359839020376402,-0.011819429362723002,0.06974893116692742
331,SJCRH30,H3K4me3,PiggyBac,0.02629933839830862,0.22943996160299263,-0.016603409110429842,0.06910542165337549
332,SJCRH30,H3K4me3,5S-Deu-L2,0.011106439286260407,0.6298779203788346,-0.03406049014542232,0.05622809314091797
333,SJCRH30,H3K4me3,Helitron,-0.0399253364670913,0.1007474272146306,-0.08744642911898791,0.007777056263978011
334,SJCRH30,H3K4me3,hAT-Tag1,0.007672544922632074,0.7530458182792255,-0.0401104762926319,0.0554205535774164
335,SJCRH30,H3K4me3,tRNA,0.026610531077599205,0.3022301837610783,-0.023959899420895735,0.07704512511467355
336,SJCRH30,H3K4me3,Penelope,0.010311254352792343,0.7925547743869849,-0.0664683887774142,0.08696950475665602
337,SJCRH30,H3K4me3,TcMar-Tc1,-0.026602074441287885,0.49738913389151274,-0.10313008884897373,0.050239028368895
338,SJCRH30,H3K4me3,Dong-R4,0.04001221241042194,0.40898056297045715,-0.05502105357039105,0.1343270654266355
339,SJCRH30,H3K4me3,tRNA-Deu,-0.01257685961345206,0.797661568230041,-0.10836498580607566,0.08344265525191147
340,SJCRH30,H3K4me3,Kolobok,-0.0824343022008444,0.12211936846384852,-0.18539509997534714,0.022316811996920174
341,SJCRH30,H3K4me3,PIF-Harbinger,0.0021444856562065533,0.9681580084064849,-0.10285888127758486,0.1071005847187
342,SJCRH30,H3K4me3,Crypton,-0.031154131600864814,0.6017394693422746,-0.14724468741644417,0.08578309985717811
343,SJCRH30,H3K4me3,Merlin,-0.018213975247025713,0.7925325213122749,-0.1529173778378198,0.11715389370015278
344,SJCRH30,H3K4me3,TcMar,-0.059728882296557984,0.3972702131513325,-0.19594678965448498,0.07875046855054534
345,SJCRH30,H3K4me3,L1-Tx1,-0.008928227645503096,0.9175290315221216,-0.17638287339743475,0.1590286738664619
346,SJCRH30,H3K4me3,Crypton-A,-0.06103991256256838,0.48857057436863105,-0.2303084409325541,0.11181387168109769
347,SJCRH30,H3K4me3,I-Jockey,-0.04533407469187286,0.6397232408607685,-0.23155456761490248,0.14409131378787468
348,SJCRH30,H3K4me3,hAT-Tip100?,-0.05690559440559441,0.6525296402110987,-0.2968706101262234,0.18981954958377964
349,SJCRH30,H3K4me3,TcMar-Pogo,0.0219941348973607,0.9048936616672865,-0.32926397435137567,0.3679049082561168
350,SJCRH30,H3K4me3,hAT?,-0.24828113063407178,0.1568206149824487,-0.544819306398129,0.10345205412960928
351,SJCRH30,H3K4me3,hAT-hAT19,-0.27058823529411763,0.31076062710233504,-0.6809886999053857,0.2691605637560616
352,BE2C,H3K4me1,Alu,-0.0016219348521517038,0.08897395275314968,-0.0034909679312032935,0.00024710955875864625
353,BE2C,H3K4me1,L1,-0.00010838688381801846,0.9373716271642952,-0.0028120095536975395,0.0025952373705866796
354,BE2C,H3K4me1,MIR,-0.001119017233417906,0.42149890421466674,-0.0038475029906152917,0.0016094851852507502
355,BE2C,H3K4me1,L2,0.00026511479207063146,0.8742441491618912,-0.003017976145851522,0.003548200014824081
356,BE2C,H3K4me1,ERVL-MaLR,0.003163642965240465,0.11513747849012995,-0.0007719871531429959,0.007099175080584797
357,BE2C,H3K4me1,hAT-Charlie,-0.0020693062810801578,0.33214149904967805,-0.006251265037722779,0.0021127248564057734
358,BE2C,H3K4me1,ERV1,0.0005906811493753436,0.8476938058649695,-0.0054370999265502505,0.006618419301802915
359,BE2C,H3K4me1,ERVL,-0.0007264204915488462,0.816344136664436,-0.006856621721178225,0.0054038353354402624
360,BE2C,H3K4me1,TcMar-Tigger,0.0012848870798578534,0.686268611916125,-0.004949761707514123,0.007519435979370952
361,BE2C,H3K4me1,hAT-Tip100,-0.007827452422775093,0.07115869060963902,-0.016328448584321587,0.0006746752906924531
362,BE2C,H3K4me1,CR1,-0.0019741985129501424,0.6758845363236327,-0.011228740857771804,0.007280682012146015
363,BE2C,H3K4me1,Gypsy,-0.021564695937182406,0.006962835006861306,-0.037216844132649446,-0.005901969422697473
364,BE2C,H3K4me1,hAT-Blackjack,0.007200502865378979,0.37773334014799753,-0.008799192242143868,0.023196512114101064
365,BE2C,H3K4me1,TcMar-Mariner,-0.003640495768733012,0.6582320412871898,-0.019768424339199845,0.01248932690854779
366,BE2C,H3K4me1,RTE-X,0.002212439928624955,0.8300071082753955,-0.017983944219518554,0.022407019347570462
367,BE2C,H3K4me1,ERVK,-0.0031152193946725874,0.7915848545674702,-0.026215698890625996,0.019988585374609874
368,BE2C,H3K4me1,TcMar-Tc2,-0.003953580362954505,0.749647335873447,-0.028230415888753514,0.020327916332214535
369,BE2C,H3K4me1,SVA,-0.02502608075170228,0.0805445677019249,-0.053059891156759575,0.003047145365600108
370,BE2C,H3K4me1,RTE-BovB,-0.0039823718335964655,0.7874121144227243,-0.03291593661411626,0.024957862284119482
371,BE2C,H3K4me1,tRNA-RTE,-0.015642105935061396,0.33045031551145587,-0.04711634926975697,0.015863166560508783
372,BE2C,H3K4me1,hAT-Ac,-0.04522682181094834,0.01269392259313956,-0.0806887708966816,-0.009650522062127336
373,BE2C,H3K4me1,hAT,0.02268182086595929,0.2396815615591564,-0.015135693735421523,0.060434535830634434
374,BE2C,H3K4me1,MULE-MuDR,-0.0035318197476964562,0.865540687741319,-0.044388628207906684,0.03733678344721566
375,BE2C,H3K4me1,PiggyBac,0.005813827557426387,0.7908175204794201,-0.0371341136938752,0.04874033128148322
376,BE2C,H3K4me1,5S-Deu-L2,-0.0037267130890018883,0.8716818780478425,-0.04891508049177348,0.04147687946408019
377,BE2C,H3K4me1,Helitron,-0.046633882753316584,0.055853583691414736,-0.09424565921914252,0.001190728642459165
378,BE2C,H3K4me1,hAT-Tag1,0.012747220475406239,0.6015917317148989,-0.03510058432516278,0.06053671963624668
379,BE2C,H3K4me1,tRNA,0.03156884118543971,0.22126752972501648,-0.019037024530162303,0.0820133689320883
380,BE2C,H3K4me1,Penelope,0.06914385517398224,0.07791657108597345,-0.007832105579492286,0.14530519685102813
381,BE2C,H3K4me1,TcMar-Tc1,0.004550826942753436,0.9076685814785898,-0.07225869871668329,0.08130669194785782
382,BE2C,H3K4me1,Dong-R4,-0.047134562387973714,0.3306445454887945,-0.14134185737626062,0.04791876552875821
383,BE2C,H3K4me1,tRNA-Deu,-0.015547854133413391,0.7512861786962919,-0.11130270573250017,0.08049303459324068
384,BE2C,H3K4me1,Kolobok,-0.034629970686350715,0.5154516027633418,-0.13825052579438019,0.0697405251051577
385,BE2C,H3K4me1,PIF-Harbinger,-0.0623740019402143,0.2451566478853829,-0.16636498323306473,0.04298915907752004
386,BE2C,H3K4me1,Crypton,-0.02852433363917936,0.6327733462778729,-0.1446641208692916,0.08839071909710791
387,BE2C,H3K4me1,Merlin,0.11619042022763362,0.09228919273721188,-0.019636859437739428,0.24780656182652025
388,BE2C,H3K4me1,TcMar,0.10300486741912092,0.14563839899428313,-0.03627013400942774,0.23835476342477885
389,BE2C,H3K4me1,L1-Tx1,-0.08766044733489906,0.30839271044389743,-0.25198014341128105,0.0815723765691663
390,BE2C,H3K4me1,Crypton-A,0.11690174867354802,0.18360320502604707,-0.05633045854851325,0.2833010242263995
391,BE2C,H3K4me1,I-Jockey,0.0376610138078028,0.697425985318979,-0.15157998944699444,0.22423875746612842
392,BE2C,H3K4me1,hAT-Tip100?,0.13752880184331798,0.28243778366427263,-0.11530296271716015,0.37362511275377003
393,BE2C,H3K4me1,TcMar-Pogo,0.33284457478005863,0.06268555448680217,-0.027869530041592344,0.6168624872834603
394,BE2C,H3K4me1,hAT?,0.2272727272727273,0.2033858853004687,-0.13037219756969531,0.532581545648149
395,BE2C,H3K4me1,hAT-hAT19,-0.4852941176470588,0.05671771428191195,-0.8021444050036814,0.04479510879546493
396,BE2C,H3K9me3,Alu,0.0003425888728510602,0.7193171368629551,-0.0015258438640300912,0.0022110192177514647
397,BE2C,H3K9me3,L1,0.0026973416250781522,0.050500950655022164,-5.89078194080734e-06,0.0054005346109237354
398,BE2C,H3K9me3,MIR,0.00013447011588554615,0.923041192048192,-0.0025937525749273114,0.0028626908049241588
399,BE2C,H3K9me3,L2,-0.0005589301081875337,0.7386156456223757,-0.003841878003265291,0.0027240298349526636
400,BE2C,H3K9me3,ERVL-MaLR,-0.0008210600326863714,0.6825768132253507,-0.004756108633794906,0.003114013996188284
401,BE2C,H3K9me3,hAT-Charlie,0.0005048367465294738,0.8129577719765745,-0.0036769416847114585,0.004686597521406614
402,BE2C,H3K9me3,ERV1,-0.003733978463897108,0.22452929355063225,-0.009759290339269665,0.0022916045470260005
403,BE2C,H3K9me3,ERVL,-0.0015090576926982075,0.6294515751423304,-0.007638891665543366,0.0046208896877800686
404,BE2C,H3K9me3,TcMar-Tigger,0.003561150303054076,0.26288836829511797,-0.0026730622792638537,0.009795086083043792
405,BE2C,H3K9me3,hAT-Tip100,0.0033041682551005346,0.44623012657838435,-0.005197793583288208,0.011805652442376177
406,BE2C,H3K9me3,CR1,0.003316296418259194,0.4824715711934554,-0.005938340256882902,0.012570365051720772
407,BE2C,H3K9me3,Gypsy,-0.010166623410718879,0.2033229728424504,-0.02582581517045851,0.005497556374062328
408,BE2C,H3K9me3,hAT-Blackjack,0.00827028348472933,0.3109632071184345,-0.00772842079464788,0.024264754895373154
409,BE2C,H3K9me3,TcMar-Mariner,-0.005841746498457281,0.47773357614527545,-0.021966120625953024,0.010285665960026922
410,BE2C,H3K9me3,RTE-X,0.005888336097395297,0.5676455127425176,-0.014304808428733488,0.02607667950660634
411,BE2C,H3K9me3,ERVK,0.017164416310490052,0.1454486089337288,-0.005946770043686945,0.040257275851261334
412,BE2C,H3K9me3,TcMar-Tc2,0.00481845984846698,0.6972529551675786,-0.01945595880942474,0.029087201172760292
413,BE2C,H3K9me3,SVA,0.007686775770097268,0.5912223528040482,-0.02036459993750141,0.03572605884282177
414,BE2C,H3K9me3,RTE-BovB,-0.022066354891283755,0.13501958537743872,-0.05097141717047043,0.006875645489250659
415,BE2C,H3K9me3,tRNA-RTE,0.02709155717343039,0.09188290343329532,-0.004417587816223414,0.05854696005438173
416,BE2C,H3K9me3,hAT-Ac,-0.0047712936827125334,0.7927449995592655,-0.04034417114078151,0.030813663623564067
417,BE2C,H3K9me3,hAT,0.004661132363202815,0.8090594663321732,-0.033137561786308625,0.04244651181069879
418,BE2C,H3K9me3,MULE-MuDR,0.0031542099838910227,0.8798008809448141,-0.03771383992454052,0.0440117261959643
419,BE2C,H3K9me3,PiggyBac,-0.009929745518439169,0.6506763388362204,-0.052867182714232505,0.033044339966069765
420,BE2C,H3K9me3,5S-Deu-L2,-0.032098873900746304,0.1640504476206714,-0.07719492838687655,0.013128251104940513
421,BE2C,H3K9me3,Helitron,0.003990996562521088,0.8699254775045775,-0.04375680107270487,0.05172060307662613
422,BE2C,H3K9me3,hAT-Tag1,-0.016542248651295607,0.49804302195026273,-0.06431909325676011,0.03131025581454544
423,BE2C,H3K9me3,tRNA,0.022814002324723998,0.37693904502830156,-0.027804386214069023,0.07331569061281112
424,BE2C,H3K9me3,Penelope,0.03897626214333575,0.31999713351836623,-0.03789113673200752,0.11538512194727324
425,BE2C,H3K9me3,TcMar-Tc1,-0.07366778078296625,0.06010806900183304,-0.14970739212544976,0.003238134976203822
426,BE2C,H3K9me3,Dong-R4,-0.016612031091536986,0.7318309698798716,-0.11123018168773048,0.07830458166738467
427,BE2C,H3K9me3,tRNA-Deu,-0.04940917349193298,0.3135679943485236,-0.14469627418396502,0.04678592789133402
428,BE2C,H3K9me3,Kolobok,-0.04449236746551869,0.40329115665989157,-0.1479460617002187,0.0599244738992801
429,BE2C,H3K9me3,PIF-Harbinger,-0.01806813502231503,0.736601577563663,-0.12282373985640584,0.08708565704591838
430,BE2C,H3K9me3,Crypton,-0.026817903433720886,0.6532650155531097,-0.14298900183821034,0.09008211511251404
431,BE2C,H3K9me3,Merlin,0.015479579538212516,0.8231218254472134,-0.11984757121075663,0.15024199236858038
432,BE2C,H3K9me3,TcMar,-0.041502156626753564,0.5585631441364702,-0.1789275519964511,0.09751169188805431
433,BE2C,H3K9me3,L1-Tx1,0.02534253848148553,0.7687914113979728,-0.14300729259703923,0.19226711613262037
434,BE2C,H3K9me3,Crypton-A,0.10301703027088589,0.24163838433962012,-0.07019755460713363,0.27020113291768827
435,BE2C,H3K9me3,I-Jockey,-0.0012973774441664351,0.9893175514656756,-0.18935296713494632,0.186850020459352
436,BE2C,H3K9me3,hAT-Tip100?,0.32704493087557607,0.008890692969001718,0.07963858468774862,0.5364969638683819
437,BE2C,H3K9me3,TcMar-Pogo,-0.02602639296187683,0.8875589636676529,-0.3714033964109367,0.32567777593490205
438,BE2C,H3K9me3,hAT?,-0.22927807486631016,0.1993186218884746,-0.5341531459254267,0.12837152019729417
439,BE2C,H3K9me3,hAT-hAT19,-0.32647058823529407,0.2171594905792295,-0.7147192387183534,0.21558387393694425
440,BE2C,H3K36me3,Alu,0.0011563285717481808,0.22517266881755268,-0.0007122394529149951,0.003024888521685585
441,BE2C,H3K36me3,L1,0.0008121191716136435,0.5560272399186328,-0.0018914343209224804,0.0035156607923087554
442,BE2C,H3K36me3,MIR,-0.0005227318240461975,0.7072521371442773,-0.003250822241734993,0.0022053663745064136
443,BE2C,H3K36me3,L2,0.0021870834826746557,0.19166316074695883,-0.001095979718987628,0.005470099537812406
444,BE2C,H3K36me3,ERVL-MaLR,0.0024523902691198705,0.22190506179664934,-0.0014826853293012422,0.0063873899189064685
445,BE2C,H3K36me3,hAT-Charlie,-0.0001628399500612522,0.9391615336112535,-0.004344483690841516,0.0040188094856126715
446,BE2C,H3K36me3,ERV1,-0.0016867651270461041,0.5833174765741495,-0.007713483208637154,0.004340075488493294
447,BE2C,H3K36me3,ERVL,0.006553643467952757,0.03613720307069114,0.00042348364318639054,0.012683310754245936
448,BE2C,H3K36me3,TcMar-Tigger,0.000188154591482127,0.9528305995468883,-0.006046112176194116,0.006422406733528552
449,BE2C,H3K36me3,hAT-Tip100,0.0003956705834903951,0.9273216284270875,-0.008106069655231382,0.008897353624775233
450,BE2C,H3K36me3,CR1,0.007201325793030519,0.12722268835154288,-0.002053256837697938,0.01645467497598398
451,BE2C,H3K36me3,Gypsy,-0.003876190745045371,0.6276775303072801,-0.019538463142878826,0.011787983624016908
452,BE2C,H3K36me3,hAT-Blackjack,0.005173262975295473,0.5261991548279017,-0.010824082400401402,0.021167960886539616
453,BE2C,H3K36me3,TcMar-Mariner,-0.0035000644340621345,0.6706451579615705,-0.019629133908381776,0.012630826329902253
454,BE2C,H3K36me3,RTE-X,0.005639713322764281,0.5841502188276442,-0.014555516875096625,0.025830344138072257
455,BE2C,H3K36me3,ERVK,-0.0009538484144963229,0.9355079078877974,-0.02405402912560196,0.022147350324430198
456,BE2C,H3K36me3,TcMar-Tc2,-0.015234960370881616,0.21883644261576524,-0.039503068383549785,0.009051110080836639
457,BE2C,H3K36me3,SVA,-0.003191417497384561,0.823570661174666,-0.0312381356970883,0.024860322507920828
458,BE2C,H3K36me3,RTE-BovB,0.01968725988245007,0.18239290593175686,-0.009254904412231372,0.04859646693868268
459,BE2C,H3K36me3,tRNA-RTE,0.0005726841331740255,0.9715785054764401,-0.030923407926645084,0.03206764002391754
460,BE2C,H3K36me3,hAT-Ac,0.021398525660389463,0.23874747582586364,-0.014207621292851781,0.056950472384619866
461,BE2C,H3K36me3,hAT,-0.006595961416696476,0.7323439296188115,-0.04437094100301889,0.031197852576884514
462,BE2C,H3K36me3,MULE-MuDR,0.01791840376870056,0.3903745781167054,-0.022973670898880964,0.05875062199478561
463,BE2C,H3K36me3,PiggyBac,0.01115776323297905,0.6107020342420393,-0.031797114615912406,0.05407150053740187
464,BE2C,H3K36me3,5S-Deu-L2,0.004640635065133409,0.8405938432626103,-0.04056456569312015,0.049826876999541664
465,BE2C,H3K36me3,Helitron,-0.07579155263900708,0.0018615988391735884,-0.12319504428320104,-0.02804297806271284
466,BE2C,H3K36me3,hAT-Tag1,-0.011352515967081953,0.6419433894575503,-0.05914640704960982,0.036493302263144275
467,BE2C,H3K36me3,tRNA,0.024719054367512542,0.33838982468352063,-0.025900776958681895,0.07521244626169388
468,BE2C,H3K36me3,Penelope,0.012490715640757828,0.75003975248909,-0.06429891362100866,0.0891332973580787
469,BE2C,H3K36me3,TcMar-Tc1,-0.0012920750666864196,0.9737514882465266,-0.07812722084449353,0.07555832965744155
470,BE2C,H3K36me3,Dong-R4,0.0017864801851975834,0.9706038633210308,-0.09301615180693922,0.09655701082765485
471,BE2C,H3K36me3,tRNA-Deu,0.051808462700966014,0.2906191122444897,-0.044391302346023086,0.14705624983627627
472,BE2C,H3K36me3,Kolobok,-0.06093689282480559,0.25214528439354167,-0.16407915590355115,0.04352336512725874
473,BE2C,H3K36me3,PIF-Harbinger,-0.08409847583163844,0.11682699080264636,-0.18760346022906074,0.021253671742062233
474,BE2C,H3K36me3,Crypton,-0.01501610929944474,0.8014227719275514,-0.13139008479557696,0.10176610844096347
475,BE2C,H3K36me3,Merlin,0.10512573046735074,0.12796169692619094,-0.03074872499568241,0.23718537301221856
476,BE2C,H3K36me3,TcMar,0.07061429191778128,0.31918667495235764,-0.06862207041105327,0.20715229485265085
477,BE2C,H3K36me3,L1-Tx1,0.0019111914379683836,0.9823163572452708,-0.1658576100483226,0.16957247527450417
478,BE2C,H3K36me3,Crypton-A,-0.03953754973061023,0.6538889029155697,-0.2097060335924075,0.13295565218445415
479,BE2C,H3K36me3,I-Jockey,0.036845519414326754,0.7036686867404042,-0.15237493147475142,0.22346030400933303
480,BE2C,H3K36me3,hAT-Tip100?,0.1893721198156682,0.13715162178624257,-0.06351723315263534,0.4194089253446615
481,BE2C,H3K36me3,TcMar-Pogo,0.2719941348973607,0.13207442738921274,-0.09135505724422728,0.5714292555404684
482,BE2C,H3K36me3,hAT?,0.1574197860962567,0.3816215420082977,-0.19863309132920595,0.4767645963804571
483,BE2C,H3K36me3,hAT-hAT19,-0.39999999999999997,0.12475042359840012,-0.7567521971290246,0.1403404171411318
484,BE2C,H3K27me3,Alu,-1.0126940237353278e-05,0.9915242097290302,-0.0018785603080933371,0.0018583064983258063
485,BE2C,H3K27me3,L1,-0.0006040669578337731,0.6614261223587206,-0.003307476961335388,0.002099351875256796
486,BE2C,H3K27me3,MIR,0.002122239065506063,0.12731639961564709,-0.0006057249686668133,0.004850171513396955
487,BE2C,H3K27me3,L2,9.724082865489604e-05,0.9537057802417184,-0.003185714884407779,0.0033801944456348302
488,BE2C,H3K27me3,ERVL-MaLR,-0.00019952951841940625,0.9208338394750396,-0.004134478586419707,0.0037354257285508014
489,BE2C,H3K27me3,hAT-Charlie,-0.0022316625985229726,0.29550710920846057,-0.006412750310854249,0.0019495031412477153
490,BE2C,H3K27me3,ERV1,-0.0013151339803749171,0.6688011908444405,-0.0073403895577889315,0.0047102170871891075
491,BE2C,H3K27me3,ERVL,0.001069060767056237,0.732477824648899,-0.005060605488110385,0.007198646687953167
492,BE2C,H3K27me3,TcMar-Tigger,0.0007530472663398281,0.8128359712868789,-0.005480608308882035,0.006986644317561042
493,BE2C,H3K27me3,hAT-Tip100,0.0010578273057189334,0.8073395094717752,-0.007444114628305613,0.009559616316425512
494,BE2C,H3K27me3,CR1,0.003927017206250286,0.4055983880334657,-0.005327744242346813,0.013181105990533777
495,BE2C,H3K27me3,Gypsy,-0.003298352551380059,0.6798186762611852,-0.018960315297077802,0.01236522853160596
496,BE2C,H3K27me3,hAT-Blackjack,-0.014858576979881301,0.0686869647519932,-0.030849002238535532,0.001139452059803455
497,BE2C,H3K27me3,TcMar-Mariner,0.006019728595285813,0.464483477649134,-0.010109888853880448,0.022146214299054733
498,BE2C,H3K27me3,RTE-X,-0.0052961091510925744,0.6072239960123511,-0.025484794255454087,0.01489689420599696
499,BE2C,H3K27me3,ERVK,-0.0050656008558526465,0.6674364075398517,-0.028166367758391656,0.018040573920613864
500,BE2C,H3K27me3,TcMar-Tc2,-0.00019401284527885006,0.9875004828847778,-0.024462178744166795,0.024074381581123887
501,BE2C,H3K27me3,SVA,0.01642369640368509,0.2512943698481173,-0.011638747340694864,0.04446028965719168
502,BE2C,H3K27me3,RTE-BovB,-0.011232169628977585,0.4468314231746289,-0.0401541214529113,0.017708587740410075
503,BE2C,H3K27me3,tRNA-RTE,-0.0037866548757003625,0.8137575834660417,-0.035278092040479325,0.02771229472013921
504,BE2C,H3K27me3,hAT-Ac,-0.014561806612200906,0.4226675673242686,-0.05012310470951436,0.021036367389669523
505,BE2C,H3K27me3,hAT,-8.446325209609862e-06,0.9996505678415539,-0.03779406206435215,0.03777719353247653
506,BE2C,H3K27me3,MULE-MuDR,0.017456529757214772,0.40281054158581775,-0.02344417420703712,0.05829889432496319
507,BE2C,H3K27me3,PiggyBac,-0.01124563378912832,0.6080671741888385,-0.054179746955984376,0.03172998371474744
508,BE2C,H3K27me3,5S-Deu-L2,-0.010207850554430886,0.6582583815594161,-0.05539193483475605,0.035017957287454354
509,BE2C,H3K27me3,Helitron,0.06216112567321879,0.010774300290853425,0.014361741126087365,0.10967705025995922
510,BE2C,H3K27me3,hAT-Tag1,-0.0064703105685646155,0.7910023766226123,-0.05427848011468923,0.04136745588367245
511,BE2C,H3K27me3,tRNA,0.03483362577572145,0.17724539006176446,-0.015789246349948202,0.08527837542887835
512,BE2C,H3K27me3,Penelope,0.04603438994115998,0.24010452272003638,-0.03084009729223009,0.12236746415968884
513,BE2C,H3K27me3,TcMar-Tc1,-0.02842888457993227,0.4686576064300422,-0.10499897005700078,0.04847628639250678
514,BE2C,H3K27me3,Dong-R4,0.02436895499368003,0.6151406508767351,-0.0705949257709567,0.1188950766654628
515,BE2C,H3K27me3,tRNA-Deu,0.026673392289348674,0.5865773805573946,-0.06943632109936762,0.12229250365953491
516,BE2C,H3K27me3,Kolobok,-0.04991871079933135,0.3483429734318394,-0.15327422901308216,0.05451714683179426
517,BE2C,H3K27me3,PIF-Harbinger,-0.08782411914734777,0.10142791466439455,-0.1912384031330374,0.017518539128105602
518,BE2C,H3K27me3,Crypton,0.04060303220952587,0.49631061158089795,-0.07640395582701695,0.15650692035955938
519,BE2C,H3K27me3,Merlin,0.018125830746251074,0.7935139225424155,-0.11724074890499862,0.1528311586177099
520,BE2C,H3K27me3,TcMar,0.027362082183494743,0.6998097631692962,-0.11148043311305929,0.16515684285347876
521,BE2C,H3K27me3,L1-Tx1,-0.04633997506126515,0.5907740011210596,-0.2124914390004785,0.12241573510889539
522,BE2C,H3K27me3,Crypton-A,-0.030708128647179554,0.727701859068457,-0.20121317695602733,0.1416030276525582
523,BE2C,H3K27me3,I-Jockey,0.0707256046705588,0.4649013379337934,-0.11919323623082179,0.25565157326914756
524,BE2C,H3K27me3,hAT-Tip100?,-0.032354070660522274,0.8012529412570738,-0.2779525623418167,0.21721478070446476
525,BE2C,H3K27me3,TcMar-Pogo,0.4666422287390029,0.007096527787819365,0.12190225652605007,0.7109127675171757
526,BE2C,H3K27me3,hAT?,0.045454545454545456,0.8016765232787512,-0.30274399801907265,0.3829478191183043
527,BE2C,H3K27me3,hAT-hAT19,-0.16176470588235295,0.5494831434036929,-0.6108894426280149,0.36612642999165823
528,SJSA1,H3K27ac,Alu,0.001518886780941804,0.11017316165284104,-0.0003447272617634262,0.003382490273320777
529,SJSA1,H3K27ac,L1,0.0012221302681671244,0.37419438180709097,-0.0014733613698436608,0.003917604147065301
530,SJSA1,H3K27ac,MIR,-0.0009199971625771282,0.5083867726248951,-0.003646462272242714,0.0018064816249725368
531,SJSA1,H3K27ac,L2,-0.0012205314319340182,0.4658514500589378,-0.004500879542056018,0.0020598429459428797
532,SJSA1,H3K27ac,ERVL-MaLR,-0.0018225683160541075,0.3628735247165352,-0.0057483944039416,0.0021033139520724117
533,SJSA1,H3K27ac,hAT-Charlie,0.0006954817474499776,0.7441088423657135,-0.0034805147152847183,0.004871453953375929
534,SJSA1,H3K27ac,ERV1,-0.001061395494739721,0.7282140792671303,-0.0070477249636653125,0.00492501004787447
535,SJSA1,H3K27ac,ERVL,0.0028584260518388993,0.35985919828501145,-0.0032602136183088482,0.008976851701636345
536,SJSA1,H3K27ac,TcMar-Tigger,-0.0033564979392503745,0.2905608003995575,-0.009580758432460824,0.0028680226387414226
537,SJSA1,H3K27ac,hAT-Tip100,-0.005201449934874026,0.23023363433084781,-0.013698059299428689,0.0032959105263942793
538,SJSA1,H3K27ac,CR1,0.008620507997377022,0.06763526906284069,-0.0006253862008553524,0.017864928445878694
539,SJSA1,H3K27ac,Gypsy,-0.004700388745474234,0.5560200703800148,-0.020345400005915823,0.010946923898540569
540,SJSA1,H3K27ac,hAT-Blackjack,0.010958452560561265,0.17856464373118894,-0.005008964309399922,0.026920282815614743
541,SJSA1,H3K27ac,TcMar-Mariner,-0.0037233357628563414,0.650348201235643,-0.01982074260370674,0.01237600096606951
542,SJSA1,H3K27ac,RTE-X,-0.008842002274867583,0.3903968154409645,-0.029012437363564188,0.011335630618477152
543,SJSA1,H3K27ac,ERVK,0.023972649466310416,0.03936600295790292,0.001165176021410264,0.046755195617959204
544,SJSA1,H3K27ac,TcMar-Tc2,-0.0015018731116336788,0.9034284505540269,-0.02575807492892613,0.022756096132539406
545,SJSA1,H3K27ac,SVA,-0.015003685279210076,0.29231967722625196,-0.042908350990036516,0.012924371133501412
546,SJSA1,H3K27ac,RTE-BovB,0.010639447232043072,0.47088839629461365,-0.018282186497201126,0.03954329093267819
547,SJSA1,H3K27ac,tRNA-RTE,0.0030400488862604097,0.8499701823072839,-0.02845421391584017,0.034528282007644705
548,SJSA1,H3K27ac,hAT-Ac,0.029053139366749938,0.10902012221220796,-0.006487928138169725,0.06452089842508286
549,SJSA1,H3K27ac,hAT,0.0035963003476772535,0.85204786314129,-0.03418707434068611,0.041369409655625876
550,SJSA1,H3K27ac,MULE-MuDR,-0.03404034373063909,0.10213555044296027,-0.07475817285863028,0.00679080464199335
551,SJSA1,H3K27ac,PiggyBac,0.02418757400050153,0.2681263501080744,-0.018632741462661154,0.06691932143557498
552,SJSA1,H3K27ac,5S-Deu-L2,0.013418573127519418,0.5603087118007507,-0.03173916563867532,0.058521641423094906
553,SJSA1,H3K27ac,Helitron,-0.04150135732613892,0.0876174219226343,-0.08895829626631901,0.006143581440816242
554,SJSA1,H3K27ac,hAT-Tag1,0.013932348337090311,0.5676547734752146,-0.03384592328320437,0.06164708370663709
555,SJSA1,H3K27ac,tRNA,0.01338135505424777,0.6039611797520604,-0.037175319105505096,0.06386970454573324
556,SJSA1,H3K27ac,Penelope,0.03764129237352265,0.3350149348243582,-0.03893048139069353,0.11377357728177137
557,SJSA1,H3K27ac,TcMar-Tc1,0.06889810594094303,0.07852135616683208,-0.007959685802435647,0.14494664796828693
558,SJSA1,H3K27ac,Dong-R4,-0.006305561808574146,0.8965108324846507,-0.10103291791048247,0.08853509719436742
559,SJSA1,H3K27ac,tRNA-Deu,-0.012365232528964161,0.8009944036326979,-0.1081556810539888,0.08365271175355196
560,SJSA1,H3K27ac,Kolobok,-0.05900710313405354,0.26818567387571346,-0.16233298103048802,0.04559878757621506
561,SJSA1,H3K27ac,PIF-Harbinger,0.030322883206183204,0.5723623529013135,-0.07491970487888974,0.134897408295129
562,SJSA1,H3K27ac,Crypton,0.1003831526153932,0.09189373663273905,-0.016701015899548376,0.21475154781088832
563,SJSA1,H3K27ac,Merlin,-0.04479346993132924,0.5165501130246477,-0.17853108137485102,0.0905692016957523
564,SJSA1,H3K27ac,TcMar,-0.04424894284734167,0.530748122714311,-0.18092232450871096,0.09410110778149552
565,SJSA1,H3K27ac,L1-Tx1,-0.040020675410449055,0.6424155965926401,-0.20641601188085906,0.1286243645371843
566,SJSA1,H3K27ac,Crypton-A,0.0034992052721818678,0.9683590042369027,-0.16812771527501252,0.17492022682645322
567,SJSA1,H3K27ac,I-Jockey,-0.03586321934945788,0.7112144975195687,-0.2225223846125392,0.15333223185417105
568,SJSA1,H3K27ac,hAT-Tip100?,0.09377289377289376,0.4611077921458431,-0.1561612208599437,0.33242134065183154
569,SJSA1,H3K27ac,TcMar-Pogo,-0.04142228739002932,0.8219064365623479,-0.38469475692416505,0.3119157729996727
570,SJSA1,H3K27ac,hAT?,-0.06615737203972498,0.7100871419776941,-0.3958001429899028,0.2785881266266384
571,SJSA1,H3K27ac,hAT-hAT19,0.12352941176470587,0.6485420669723405,-0.3981954146302434,0.5848677681002367
572,SJSA1,H3K9me3,Alu,0.0006922612597584348,0.4663629836683997,-0.0011704374040375429,0.0025549551197610455
573,SJSA1,H3K9me3,L1,-0.002200966558311513,0.10947486765375121,-0.004896133458828333,0.0004942323180499147
574,SJSA1,H3K9me3,MIR,-0.00034345895559119953,0.8049508157636615,-0.0030694313928673316,0.002382518586131073
575,SJSA1,H3K9me3,L2,0.0018094135262489023,0.27964517883516354,-0.0014708892881052313,0.005089677400959838
576,SJSA1,H3K9me3,ERVL-MaLR,-9.45385920219818e-05,0.9623477947552799,-0.004019574398647843,0.0038305001275114065
577,SJSA1,H3K9me3,hAT-Charlie,-0.0004573767009303438,0.8299917182355597,-0.004632434787705568,0.003717697331076309
578,SJSA1,H3K9me3,ERV1,-0.002492669644898138,0.4143056390932065,-0.008477194556545725,0.0034920338208115406
579,SJSA1,H3K9me3,ERVL,-0.0028103215426866983,0.36790763826589146,-0.008927558071922309,0.0033071253231818044
580,SJSA1,H3K9me3,TcMar-Tigger,0.001272096288316275,0.6887143280351846,-0.004951698120815412,0.007495792147980137
581,SJSA1,H3K9me3,hAT-Tip100,-0.0030075784319768947,0.48778447269652603,-0.01150302404050852,0.005488301332154619
582,SJSA1,H3K9me3,CR1,0.006695543308990046,0.15582844747945626,-0.0025511110245396884,0.01594105278679512
583,SJSA1,H3K9me3,Gypsy,0.007532534925535639,0.34541415062903924,-0.00811506455884278,0.023176446427311256
584,SJSA1,H3K9me3,hAT-Blackjack,0.0008465377487100722,0.9172279914533794,-0.015117612067115751,0.01681025608869169
585,SJSA1,H3K9me3,TcMar-Mariner,0.0036952752099528776,0.6527330601755127,-0.01240025640001194,0.019788892380154223
586,SJSA1,H3K9me3,RTE-X,-0.016811261838084478,0.10244742717402035,-0.036975361502560235,0.003366521583498322
587,SJSA1,H3K9me3,ERVK,0.005039848050051597,0.6647771404676954,-0.01775483229724343,0.027829292083045607
588,SJSA1,H3K9me3,TcMar-Tc2,0.006481042867012349,0.6004535781657008,-0.017771703641321784,0.03072616720807436
589,SJSA1,H3K9me3,SVA,0.007201322096860197,0.6131634889865056,-0.02071577946527697,0.03510720267837132
590,SJSA1,H3K9me3,RTE-BovB,0.007947676763862028,0.5901988340379061,-0.02097593927182181,0.036858000406764936
591,SJSA1,H3K9me3,tRNA-RTE,-0.002409868679939462,0.8808075578900472,-0.033898807779395385,0.029083850199109414
592,SJSA1,H3K9me3,hAT-Ac,0.03696145117488442,0.041472189590716066,0.001418473818072691,0.07241115912956629
593,SJSA1,H3K9me3,hAT,-0.02523790805626329,0.19043288786157012,-0.06295548488564144,0.012551659368717912
594,SJSA1,H3K9me3,MULE-MuDR,-0.02009722803482326,0.33471528692470587,-0.06087015951752255,0.02074266077222306
595,SJSA1,H3K9me3,PiggyBac,-0.0047315322182759426,0.8284435821690181,-0.04749654576673706,0.038050795215695515
596,SJSA1,H3K9me3,5S-Deu-L2,0.013469182127230323,0.5588303471616367,-0.031688613749905656,0.05857210137785175
597,SJSA1,H3K9me3,Helitron,-0.034272740740278106,0.15854607225387093,-0.08177955919982793,0.013389466392614235
598,SJSA1,H3K9me3,hAT-Tag1,0.013371621023466512,0.5833448242082758,-0.03440591929522839,0.06108818173322768
599,SJSA1,H3K9me3,tRNA,-0.013576789895943298,0.5986873634996693,-0.06406444141388402,0.03698018399074046
600,SJSA1,H3K9me3,Penelope,-0.029765591745800873,0.44556433914192295,-0.10591631891668056,0.046732233826306396
601,SJSA1,H3K9me3,TcMar-Tc1,0.042264115879373315,0.2804750612316795,-0.03454827807629091,0.11858011740790414
602,SJSA1,H3K9me3,Dong-R4,0.07040632896427979,0.14591228735912518,-0.024661950704764086,0.16421258551665782
603,SJSA1,H3K9me3,tRNA-Deu,-0.06585200645236934,0.17902125422963314,-0.16085330197997122,0.03035832062564675
604,SJSA1,H3K9me3,Kolobok,-0.08215668552447958,0.12285236762382387,-0.18497955703287708,0.022445467061015297
605,SJSA1,H3K9me3,PIF-Harbinger,0.04856618486440637,0.36569317118776723,-0.056764919217413785,0.1528280575291262
606,SJSA1,H3K9me3,Crypton,0.11456140097777989,0.05422514691858313,-0.002447366740199729,0.22847558611810212
607,SJSA1,H3K9me3,Merlin,0.037945763698698266,0.5827103473841502,-0.09734906439561618,0.1718635769524377
608,SJSA1,H3K9me3,TcMar,-0.03322432657742624,0.6371033621788009,-0.1698574796943976,0.10466209304087065
609,SJSA1,H3K9me3,L1-Tx1,-0.04143715062760023,0.6306785256928367,-0.2077786607088571,0.127233558105751
610,SJSA1,H3K9me3,Crypton-A,0.0036086388466742073,0.9673700060210124,-0.16802140448869823,0.1750263440169836
611,SJSA1,H3K9me3,I-Jockey,0.011120378092855158,0.9086312393620425,-0.1773580229023122,0.19881189729472698
612,SJSA1,H3K9me3,hAT-Tip100?,-0.14963369963369963,0.23794677906271652,-0.3826104210156792,0.101234757295528
613,SJSA1,H3K9me3,TcMar-Pogo,0.033357771260997066,0.8561771156289049,-0.3191381714900453,0.3777457346414446
614,SJSA1,H3K9me3,hAT?,0.09029793735676088,0.6115457150324248,-0.2563448209262023,0.4163606325592075
615,SJSA1,H3K9me3,hAT-hAT19,-0.07058823529411765,0.795039302337628,-0.5476222736656013,0.4410769542672359
616,SJSA1,H3K36me3,Alu,0.00015913725841353133,0.8670379843754404,-0.001703837848710943,0.0020221112609108264
617,SJSA1,H3K36me3,L1,0.002398180929443413,0.08118807541014599,-0.00029723417590239823,0.005093561188210933
618,SJSA1,H3K36me3,MIR,-0.0013686274307633237,0.3251004013672095,-0.004094601844518407,0.0013573673235487075
619,SJSA1,H3K36me3,L2,-0.0014421544449041512,0.38886585684746466,-0.004722443586108928,0.0018381657326786835
620,SJSA1,H3K36me3,ERVL-MaLR,0.0011465060610433631,0.5669817019143808,-0.0027785607631753244,0.00507153755904583
621,SJSA1,H3K36me3,hAT-Charlie,0.0025882060022446077,0.2243524043336773,-0.0015868185449497754,0.006763140321627041
622,SJSA1,H3K36me3,ERV1,0.0005054248970150846,0.8685311342842829,-0.005479234135068141,0.006490047724566572
623,SJSA1,H3K36me3,ERVL,0.0016578119105073463,0.5953265244072192,-0.0044597644438153184,0.007775264180644924
624,SJSA1,H3K36me3,TcMar-Tigger,0.005414004592199061,0.08819470389389031,-0.0008096640951917169,0.011637253882889782
625,SJSA1,H3K36me3,hAT-Tip100,0.006029943737829713,0.16416898915090103,-0.0024654214539894226,0.014524438610261132
626,SJSA1,H3K36me3,CR1,0.006426769573834757,0.17306505765321098,-0.002818857378645308,0.015671297870179766
627,SJSA1,H3K36me3,Gypsy,0.009696915552422743,0.224473038705668,-0.005949778965742411,0.0253388630854034
628,SJSA1,H3K36me3,hAT-Blackjack,0.007345658799121581,0.36711034254147457,-0.008617921278335435,0.023305495677498927
629,SJSA1,H3K36me3,TcMar-Mariner,0.009424947060753927,0.25111479929362335,-0.006671704268394389,0.025516715389012793
630,SJSA1,H3K36me3,RTE-X,-0.008781444654756937,0.3936508411121258,-0.02895192053231373,0.011396179734517566
631,SJSA1,H3K36me3,ERVK,-0.0053801395475252655,0.643750986267625,-0.028175511747681417,0.017420825539369397
632,SJSA1,H3K36me3,TcMar-Tc2,0.0050032245843181535,0.6860224610950632,-0.01925267522491742,0.029253238393721456
633,SJSA1,H3K36me3,SVA,-0.018239428755248595,0.2003432754344896,-0.04613083711494278,0.009680395991786819
634,SJSA1,H3K36me3,RTE-BovB,0.015946057003264586,0.2798825502481371,-0.012980104750689331,0.044845551717185794
635,SJSA1,H3K36me3,tRNA-RTE,0.026420956971598818,0.09995237009056049,-0.00506396271442076,0.05785354499387694
636,SJSA1,H3K36me3,hAT-Ac,0.01082252254699015,0.5505892414463356,-0.024714899413859317,0.04633262661295645
637,SJSA1,H3K36me3,hAT,-0.007644418487866358,0.6917199725883372,-0.045403451562322394,0.030136426429440175
638,SJSA1,H3K36me3,MULE-MuDR,-0.015600671532363528,0.4542739252171798,-0.056412541610312006,0.025263246720177587
639,SJSA1,H3K36me3,PiggyBac,-0.014094693720716823,0.518672149733842,-0.05684711083270794,0.028709319516452652
640,SJSA1,H3K36me3,5S-Deu-L2,0.03356966367783346,0.14503056652863064,-0.011597096171166712,0.07859971736844198
641,SJSA1,H3K36me3,Helitron,-0.010966707148219157,0.6519530420796749,-0.05856393058370636,0.036680264261073035
642,SJSA1,H3K36me3,hAT-Tag1,-0.0021523152252628944,0.9296506444701067,-0.04990068008958899,0.04560586585643917
643,SJSA1,H3K36me3,tRNA,0.024637629243556405,0.33950127548524545,-0.025931591671058563,0.07508107825010943
644,SJSA1,H3K36me3,Penelope,0.02105074386522445,0.5898755327365786,-0.05547973181191711,0.0973353181005065
645,SJSA1,H3K36me3,TcMar-Tc1,0.0455071053098507,0.24517522917195247,-0.03130801154953503,0.12178781663366313
646,SJSA1,H3K36me3,Dong-R4,0.007625754135289513,0.8750054734780703,-0.08722547084015311,0.10233995528304546
647,SJSA1,H3K36me3,tRNA-Deu,-0.026837534725220883,0.5842755740353016,-0.12245451190659085,0.06927306139100711
648,SJSA1,H3K36me3,Kolobok,-0.04961596685239074,0.35196192313588703,-0.15312239426605215,0.05496730116258097
649,SJSA1,H3K36me3,PIF-Harbinger,-0.03774114083453781,0.4821905871507488,-0.1421947482891322,0.06754375861239921
650,SJSA1,H3K36me3,Crypton,0.05963531473996819,0.31746973270955975,-0.0574648045843773,0.175116793387317
651,SJSA1,H3K36me3,Merlin,0.07681408483999395,0.2655094468148317,-0.05873998232397169,0.20958675990254597
652,SJSA1,H3K36me3,TcMar,-0.021465128714992673,0.7611450448362305,-0.15872139325694432,0.11660508222275087
653,SJSA1,H3K36me3,L1-Tx1,0.10393941128028054,0.22677450356536935,-0.06536230263176494,0.2674245510090866
654,SJSA1,H3K36me3,Crypton-A,0.0698960247617289,0.427602962047129,-0.10307190123101528,0.23876083165290554
655,SJSA1,H3K36me3,I-Jockey,0.04458344917060514,0.6452810899114436,-0.14482462017411146,0.23083958659190915
656,SJSA1,H3K36me3,hAT-Tip100?,0.06639194139194138,0.6021975217345932,-0.1826611430756816,0.3074382739759291
657,SJSA1,H3K36me3,TcMar-Pogo,0.06818181818181818,0.7108003843260133,-0.2877314180027568,0.4075474833814929
658,SJSA1,H3K36me3,hAT?,-0.09702062643239114,0.5851672145764591,-0.42204211983344847,0.2501010169708745
659,SJSA1,H3K36me3,hAT-hAT19,0.21470588235294116,0.4245592336201027,-0.32007063586245676,0.6457211026288694
660,SJSA1,H3K27me3,Alu,0.0005468455194087132,0.5651173443158961,-0.0013163165679184448,0.00241000381013297
661,SJSA1,H3K27me3,L1,-0.0009451722489932082,0.49188881865084233,-0.0036404632904961653,0.0017501325251769026
662,SJSA1,H3K27me3,MIR,-0.00167954176352929,0.22723931468043485,-0.004405680686078138,0.0010466221234678207
663,SJSA1,H3K27me3,L2,-0.0017318838926993045,0.3007574371255705,-0.005012094148697152,0.0015483636332107868
664,SJSA1,H3K27me3,ERVL-MaLR,-0.002144405313770891,0.2842982426366369,-0.006069726628262679,0.001780982084763719
665,SJSA1,H3K27me3,hAT-Charlie,-0.002304984886734398,0.27927173470162814,-0.006480392678630422,0.0018705032774880706
666,SJSA1,H3K27me3,ERV1,-0.003531103881183713,0.24756014183071653,-0.009516233178406365,0.002454278410688341
667,SJSA1,H3K27me3,ERVL,0.00020332669895008882,0.9480625693509932,-0.005914416246290603,0.006321054424501266
668,SJSA1,H3K27me3,TcMar-Tigger,0.007874349980924848,0.013148286557232531,0.001650456189053192,0.014097633739675484
669,SJSA1,H3K27me3,hAT-Tip100,0.0016205104087519755,0.708511792714535,-0.006875070706429569,0.010115857609411446
670,SJSA1,H3K27me3,CR1,0.004206222777781547,0.37253867029854104,-0.005038863795924307,0.013450590369286702
671,SJSA1,H3K27me3,Gypsy,0.0008405045223175798,0.9161511998273604,-0.014805615552305721,0.016486213094654704
672,SJSA1,H3K27me3,hAT-Blackjack,0.0021972069706470785,0.7873650781350511,-0.013767767446565224,0.018161061411007432
673,SJSA1,H3K27me3,TcMar-Mariner,0.0023524176868830325,0.7745777832068386,-0.013746121242372235,0.01844973738269581
674,SJSA1,H3K27me3,RTE-X,-0.009551915881034705,0.35347974914133695,-0.029721864533036338,0.010625808427842987
675,SJSA1,H3K27me3,ERVK,-0.0013222960669779635,0.909513547986244,-0.024121784674062074,0.021478567328508263
676,SJSA1,H3K27me3,TcMar-Tc2,-0.012921489045852335,0.29648134632799755,-0.03716612118004239,0.011338345710947342
677,SJSA1,H3K27me3,SVA,0.02111699201312046,0.138288143931267,-0.00681120665697191,0.0490122729876999
678,SJSA1,H3K27me3,RTE-BovB,-0.01577090467224158,0.28514676313596515,-0.04466752246994454,0.013152081586233105
679,SJSA1,H3K27me3,tRNA-RTE,-0.021258334186878097,0.1858778308020024,-0.05271805910486086,0.01024354552056884
680,SJSA1,H3K27me3,hAT-Ac,0.015280107840550696,0.3992941272778414,-0.02025400222581542,0.05077566321425306
681,SJSA1,H3K27me3,hAT,0.005308408771428815,0.7830479195362554,-0.032469959425172015,0.04307163024016691
682,SJSA1,H3K27me3,MULE-MuDR,-0.005423474163075417,0.794632042245483,-0.04623229314135761,0.03540341741733352
683,SJSA1,H3K27me3,PiggyBac,-0.03526406206609342,0.10619323770389989,-0.07793413683372066,0.007534974218029004
684,SJSA1,H3K27me3,5S-Deu-L2,-0.01086240588161035,0.6373302536962361,-0.05597277727823167,0.03429222292018798
685,SJSA1,H3K27me3,Helitron,0.005682648598793462,0.815204682873945,-0.04195547316143606,0.05329499118480996
686,SJSA1,H3K27me3,hAT-Tag1,-0.009029738348253425,0.7110904542629295,-0.05675967340171604,0.038741377697288144
687,SJSA1,H3K27me3,tRNA,-0.03070213774457284,0.23390499958134722,-0.08111743075362109,0.019869859444221413
688,SJSA1,H3K27me3,Penelope,0.008766925607075834,0.8222649763242094,-0.06765455148583814,0.08508612994399235
689,SJSA1,H3K27me3,TcMar-Tc1,0.027500644802442117,0.4826336108510718,-0.04928402631437707,0.1039621549907755
690,SJSA1,H3K27me3,Dong-R4,0.07684757571837976,0.11239178207357864,-0.01821107464231597,0.17052939869536554
691,SJSA1,H3K27me3,tRNA-Deu,-0.031212448207454623,0.5245260786513988,-0.12677113370271065,0.06492025122618657
692,SJSA1,H3K27me3,Kolobok,-0.06190137575685076,0.2453725723528667,-0.16516887603936461,0.0427086877436342
693,SJSA1,H3K27me3,PIF-Harbinger,0.07256599007802161,0.1761946887064771,-0.032801399254517215,0.17633807761453144
694,SJSA1,H3K27me3,Crypton,0.01665265157839979,0.7803059052743176,-0.10014734206339665,0.132999921906151
695,SJSA1,H3K27me3,Merlin,-0.07350925107975417,0.28668365326500594,-0.20639084079882117,0.06203471919572403
696,SJSA1,H3K27me3,TcMar,-0.017921139241423134,0.7996650855654358,-0.15525869109123303,0.120096019064894
697,SJSA1,H3K27me3,L1-Tx1,0.0461766253657123,0.592084857840515,-0.12257634896999658,0.21233451453211896
698,SJSA1,H3K27me3,Crypton-A,0.10012638243734434,0.255171649548862,-0.07307810979228706,0.26746790966366935
699,SJSA1,H3K27me3,I-Jockey,-0.007274580669076082,0.9401556480148843,-0.19511174524574956,0.18107735310331005
700,SJSA1,H3K27me3,hAT-Tip100?,-0.14427655677655676,0.25535987788542225,-0.37784257996000037,0.10655385453123069
701,SJSA1,H3K27me3,TcMar-Pogo,-0.07661290322580644,0.6768548669721728,-0.41468265775986046,0.2800409621571693
702,SJSA1,H3K27me3,hAT?,0.014514896867838044,0.9350649313227428,-0.3252638366849135,0.35097419528867696
703,SJSA1,H3K27me3,hAT-hAT19,0.21470588235294116,0.4245592336201027,-0.32007063586245676,0.6457211026288694
704,SJSA1,H3K4me3,Alu,0.001531336103110612,0.10730122939734421,-0.0003323537545155187,0.0033950153230709857
705,SJSA1,H3K4me3,L1,-0.0008110193734322702,0.5554021715431686,-0.0035066330402694803,0.0018846060797379665
706,SJSA1,H3K4me3,MIR,-0.0026291030225680315,0.05875354071823235,-0.005355448061964775,9.72811016800527e-05
707,SJSA1,H3K4me3,L2,0.001744756921421844,0.2972208661152368,-0.0015357754994368199,0.005025251788821607
708,SJSA1,H3K4me3,ERVL-MaLR,-0.0009358741617258337,0.640329587086943,-0.004861634490017305,0.002989915013428392
709,SJSA1,H3K4me3,hAT-Charlie,-0.0019608779451242217,0.35739339466626685,-0.006136703818418907,0.0022150163152568933
710,SJSA1,H3K4me3,ERV1,-0.005079147464980507,0.09634676928080123,-0.011065585193981688,0.0009076543428048041
711,SJSA1,H3K4me3,ERVL,0.002990956724239638,0.33799306580465693,-0.0031273564100574446,0.009109045939242742
712,SJSA1,H3K4me3,TcMar-Tigger,-0.0010029856029180946,0.75216065376364,-0.007227918846802439,0.005222025372985865
713,SJSA1,H3K4me3,hAT-Tip100,0.0016029275390239384,0.7115917106492282,-0.0068944888570389,0.010100112458552218
714,SJSA1,H3K4me3,CR1,-0.0015429408433483276,0.7436459170906049,-0.010789802599212328,0.0077041847772967385
715,SJSA1,H3K4me3,Gypsy,0.001818588405820256,0.8198075950959705,-0.013828239152167831,0.017464525546225483
716,SJSA1,H3K4me3,hAT-Blackjack,0.00018972689670205832,0.9814191866655941,-0.015775852529851996,0.016155209601170457
717,SJSA1,H3K4me3,TcMar-Mariner,-0.013248616713214974,0.10684990756395768,-0.0293459474407882,0.002855584221251846
718,SJSA1,H3K4me3,RTE-X,-0.010837500722112429,0.2924821602605022,-0.031007598093160046,0.009341419644640171
719,SJSA1,H3K4me3,ERVK,0.005461109646958917,0.638927887332548,-0.017350689571953466,0.02826722642757337
720,SJSA1,H3K4me3,TcMar-Tc2,-0.006055724171276981,0.6247342072255582,-0.030312336001094137,0.018208016187138423
721,SJSA1,H3K4me3,SVA,-0.0009940498292800096,0.9443756022778376,-0.028911493018000015,0.02692494293931403
722,SJSA1,H3K4me3,RTE-BovB,-0.0014914140309889173,0.9194947477419938,-0.030405310277527933,0.027424976120402844
723,SJSA1,H3K4me3,tRNA-RTE,0.014340795188743082,0.37220539460250535,-0.017160038911797536,0.045813188321162324
724,SJSA1,H3K4me3,hAT-Ac,0.025452975791617774,0.16047011759450666,-0.010100471019669505,0.06094214974485526
725,SJSA1,H3K4me3,hAT,0.0317830135231704,0.09920993565644297,-0.006012345624336839,0.06948769554273715
726,SJSA1,H3K4me3,MULE-MuDR,-0.0322364284229688,0.1218037175924958,-0.0729785567078868,0.008613113484899487
727,SJSA1,H3K4me3,PiggyBac,-0.014022790170942288,0.5207083137511017,-0.05676522719252223,0.02877095536254093
728,SJSA1,H3K4me3,5S-Deu-L2,0.003952787816246921,0.8637921584651029,-0.04119122295013293,0.04908069266048121
729,SJSA1,H3K4me3,Helitron,-0.017096632894880618,0.48180215585892694,-0.06465979709989325,0.03054403388171313
730,SJSA1,H3K4me3,hAT-Tag1,0.034911283020432546,0.15201858028702042,-0.012878157678974987,0.08254159783002803
731,SJSA1,H3K4me3,tRNA,0.012031758972311173,0.640934166254197,-0.03852276646030673,0.06252484967037951
732,SJSA1,H3K4me3,Penelope,0.020101680542157416,0.6067556371024277,-0.056425479301354865,0.0963940207450816
733,SJSA1,H3K4me3,TcMar-Tc1,0.05103515677507167,0.19274698416843164,-0.0258408649726316,0.12731109659066517
734,SJSA1,H3K4me3,Dong-R4,0.09373954788760065,0.05263587548947242,-0.0012652698028273299,0.18706732922664324
735,SJSA1,H3K4me3,tRNA-Deu,-0.019787625319846434,0.686663563018978,-0.11549282087803651,0.07628158036881666
736,SJSA1,H3K4me3,Kolobok,-0.05342184270326653,0.3162050535673252,-0.15685673422642687,0.05117226475791125
737,SJSA1,H3K4me3,PIF-Harbinger,0.017558867316951162,0.7437623601032561,-0.08759072623804925,0.12232149346497286
738,SJSA1,H3K4me3,Crypton,-0.02917953295014891,0.6249781806235847,-0.1453071653348701,0.08774115791208037
739,SJSA1,H3K4me3,Merlin,0.045239949949623826,0.5123745883120512,-0.09012681760275042,0.1789654918460915
740,SJSA1,H3K4me3,TcMar,-0.013831395501291909,0.844338327193078,-0.15092229070288724,0.1237814711409861
741,SJSA1,H3K4me3,L1-Tx1,-0.043971404475748786,0.6099090885145245,-0.21021540433622357,0.12474398678172795
742,SJSA1,H3K4me3,Crypton-A,0.04535087473656913,0.6070041874341916,-0.12725141666135997,0.21528727283085938
743,SJSA1,H3K4me3,I-Jockey,0.11430821981280699,0.23659597749983421,-0.07603232821161186,0.29661084652571784
744,SJSA1,H3K4me3,hAT-Tip100?,-0.051327838827838826,0.687098776513108,-0.2935858892869723,0.19712535637314052
745,SJSA1,H3K4me3,TcMar-Pogo,0.08211143695014662,0.6550426211351725,-0.2750069374124147,0.41931933557633366
746,SJSA1,H3K4me3,hAT?,-0.1489686783804431,0.4004346807777478,-0.4652986967980216,0.2011031861843037
747,SJSA1,H3K4me3,hAT-hAT19,-0.0058823529411764705,0.9827505044191351,-0.5001328749026314,0.49125900286792273
748,HAP-1,H3K27ac,Alu,-0.00027501160917680056,0.7731858887890309,-0.002145216625037223,0.001595195330483697
749,HAP-1,H3K27ac,L1,0.0012024782308419052,0.3833270324988337,-0.0015009659290939781,0.003905904813977022
750,HAP-1,H3K27ac,MIR,-0.0009640614538560953,0.48873167042681087,-0.003693284320558178,0.0017651757748619855
751,HAP-1,H3K27ac,L2,-0.0005318803556235892,0.7508515087166918,-0.0038150496961746774,0.002751300451461226
752,HAP-1,H3K27ac,ERVL-MaLR,0.00041352990266125964,0.836901864639585,-0.0035236586001468513,0.0043507055848799716
753,HAP-1,H3K27ac,hAT-Charlie,-0.00015613307156905358,0.9416937401364177,-0.00434000577288759,0.00402774509591026
754,HAP-1,H3K27ac,ERV1,0.0032486943748030596,0.2910728600213028,-0.0027823039426017673,0.009279456369838481
755,HAP-1,H3K27ac,ERVL,-0.0050076573149575535,0.10953479388621637,-0.011140495179824836,0.0011255572755081297
756,HAP-1,H3K27ac,TcMar-Tigger,-0.004702872888010736,0.139453450352905,-0.010939718007487128,0.0015343381279512532
757,HAP-1,H3K27ac,hAT-Tip100,-0.007131312376900087,0.10033106317571631,-0.01563618662674467,0.0013745937073929358
758,HAP-1,H3K27ac,CR1,0.003429777602516609,0.4676886578528816,-0.005826411391746705,0.012685378920831068
759,HAP-1,H3K27ac,Gypsy,0.003992083809261485,0.6174501780012528,-0.011673108864967339,0.019655317396445507
760,HAP-1,H3K27ac,hAT-Blackjack,0.013539429014760351,0.0971823299124696,-0.002460311111717934,0.029532238910899497
761,HAP-1,H3K27ac,TcMar-Mariner,-0.0012435741462304684,0.8799487584976777,-0.017379918831527147,0.014893418173760678
762,HAP-1,H3K27ac,RTE-X,-0.0033619965400807227,0.7442262441067089,-0.023554938212742727,0.01683368727697808
763,HAP-1,H3K27ac,ERVK,-0.01784140797238648,0.130356045703595,-0.04094152067208089,0.005277767401391539
764,HAP-1,H3K27ac,TcMar-Tc2,-0.034497273563135165,0.00537086650466538,-0.05874589080059988,-0.0102079713622403
765,HAP-1,H3K27ac,SVA,0.020171539156574953,0.15959111760354192,-0.007942890592206627,0.0482541040589056
766,HAP-1,H3K27ac,RTE-BovB,-0.014029734004377823,0.3422251304872783,-0.042960419489677146,0.014924460534019432
767,HAP-1,H3K27ac,tRNA-RTE,-0.0017621718548212133,0.9126910412135925,-0.033251817031530025,0.02973096845193608
768,HAP-1,H3K27ac,hAT-Ac,0.02371305840047674,0.1918397265797275,-0.011904991014987638,0.059271008615715645
769,HAP-1,H3K27ac,hAT,0.02075552664237854,0.2821489008407087,-0.017075691614099903,0.05852740186339973
770,HAP-1,H3K27ac,MULE-MuDR,0.008089575145584105,0.6981952499293977,-0.03279390724839008,0.04894603085945437
771,HAP-1,H3K27ac,PiggyBac,-0.014500275583228741,0.5081337511446833,-0.057394809355719806,0.028447695202515114
772,HAP-1,H3K27ac,5S-Deu-L2,-0.022983851011711135,0.31923809975366735,-0.06812748592601825,0.022253708201714205
773,HAP-1,H3K27ac,Helitron,0.02028273952929275,0.40580036641489725,-0.027544890995088066,0.06801771888222406
774,HAP-1,H3K27ac,hAT-Tag1,0.014476458388250478,0.5530979250261733,-0.0333593675927399,0.06224611016942203
775,HAP-1,H3K27ac,tRNA,0.012500188555443843,0.6282227661961812,-0.03808875443036541,0.06302522039206286
776,HAP-1,H3K27ac,Penelope,0.0140557625914424,0.7197566369712337,-0.06268186389719152,0.09062817353707339
777,HAP-1,H3K27ac,TcMar-Tc1,0.08985238924391421,0.02216777444058593,0.012765566393062764,0.16587747455203067
778,HAP-1,H3K27ac,Dong-R4,0.031012925617322013,0.5222519372566166,-0.06398466762536333,0.12545351024943455
779,HAP-1,H3K27ac,tRNA-Deu,0.03832101511994257,0.4345579199414099,-0.057841736968913184,0.13377919539400385
780,HAP-1,H3K27ac,Kolobok,0.0033128786572169783,0.9505447224245543,-0.10110524149612592,0.10765880637961454
781,HAP-1,H3K27ac,PIF-Harbinger,0.03843347955261148,0.4741857218434955,-0.06685492754117989,0.1428753671733892
782,HAP-1,H3K27ac,Crypton,0.058012802991712686,0.33083856179423854,-0.05908185551321639,0.1735327106893177
783,HAP-1,H3K27ac,Merlin,-0.10116306030209098,0.14305499924822487,-0.23337564655552107,0.03472204505942335
784,HAP-1,H3K27ac,TcMar,-0.14034664349268622,0.046349880310204074,-0.2737376857978453,-0.0016585062635337282
785,HAP-1,H3K27ac,L1-Tx1,-0.028938565350727627,0.7371091667902936,-0.19573829974233836,0.13948850828748083
786,HAP-1,H3K27ac,Crypton-A,-0.085940054426935,0.3290601138848718,-0.2540243841764693,0.08718307879064158
787,HAP-1,H3K27ac,I-Jockey,0.049374478732276905,0.6101545311934922,-0.14014145080661597,0.23540051611240329
788,HAP-1,H3K27ac,hAT-Tip100?,-0.28513824884792627,0.02350403469250493,-0.5015600023405163,-0.03512963154159947
789,HAP-1,H3K27ac,TcMar-Pogo,-0.2001466275659824,0.2720672155136147,-0.515703116986377,0.16322453067956552
790,HAP-1,H3K27ac,hAT?,0.09425133689839572,0.6018654309769457,-0.2581270622120505,0.42449680778323307
791,HAP-1,H3K27ac,hAT-hAT19,-0.09705882352941177,0.7206513082372035,-0.5664229902492608,0.4198497353097381
792,HAP-1,H3K4me1,Alu,-0.0004064338578413579,0.6701779312593019,-0.0022767958201648023,0.001463930948104512
793,HAP-1,H3K4me1,L1,-0.0015675206079509918,0.2558418203468167,-0.004271323163562378,0.0011363048667810888
794,HAP-1,H3K4me1,MIR,0.0008962852240192207,0.5198231027732674,-0.0018331078879228525,0.003625664982106827
795,HAP-1,H3K4me1,L2,0.001164850308787651,0.48682436300103793,-0.0021183945611965545,0.004448070065463403
796,HAP-1,H3K4me1,ERVL-MaLR,-0.0013479247218432663,0.502227761534683,-0.005285184332334579,0.002589376680261335
797,HAP-1,H3K4me1,hAT-Charlie,-0.0011916741301031858,0.5766743843710467,-0.005375495727852181,0.0029921891871145492
798,HAP-1,H3K4me1,ERV1,-0.0011421139850576907,0.7105223422205701,-0.00717319430268141,0.004889049420166882
799,HAP-1,H3K4me1,ERVL,-0.0011630145718099134,0.7101404632499949,-0.007295986070222946,0.004970044417693197
800,HAP-1,H3K4me1,TcMar-Tigger,-0.000652531597105417,0.837524773511707,-0.0068893199595944045,0.0055843075295519224
801,HAP-1,H3K4me1,hAT-Tip100,0.0005312834863911874,0.9025602905384277,-0.007973987185237076,0.009036477292991606
802,HAP-1,H3K4me1,CR1,-0.000574161591718626,0.9032332658252757,-0.009829983711625344,0.008681758906392454
803,HAP-1,H3K4me1,Gypsy,-0.005108324764652441,0.5227271355325341,-0.0207706649845057,0.010556522156796712
804,HAP-1,H3K4me1,hAT-Blackjack,0.0006781500813902524,0.9337882289341948,-0.015319426223393573,0.01667537928588829
805,HAP-1,H3K4me1,TcMar-Mariner,0.0004450586236593553,0.9569030774019172,-0.015695571880371226,0.016585457237672085
806,HAP-1,H3K4me1,RTE-X,-0.00155284886933711,0.8801978157374954,-0.021743448091797308,0.018639016505233835
807,HAP-1,H3K4me1,ERVK,-0.0034835914727508175,0.7679093549159934,-0.026614380120023828,0.019650925496074327
808,HAP-1,H3K4me1,TcMar-Tc2,0.0012624491665936394,0.9188893707197914,-0.023032634450645253,0.02555604254888417
809,HAP-1,H3K4me1,SVA,-0.008561968442522189,0.5505143579882694,-0.03665784098146119,0.01954742885477363
810,HAP-1,H3K4me1,RTE-BovB,0.006834188727547789,0.6436585485460926,-0.02212039276396144,0.035777315090147636
811,HAP-1,H3K4me1,tRNA-RTE,0.007398284907298564,0.6453591273835249,-0.024107362963617283,0.038889251656903316
812,HAP-1,H3K4me1,hAT-Ac,0.003911387797130247,0.8295711853837806,-0.03169615894725277,0.03950901867515333
813,HAP-1,H3K4me1,hAT,-0.01445556658394546,0.4536810835339694,-0.052228678678462905,0.02335884988468803
814,HAP-1,H3K4me1,MULE-MuDR,-0.004584729017432042,0.8259855348811888,-0.045430643202007646,0.03627648944104166
815,HAP-1,H3K4me1,PiggyBac,-0.016470229537130343,0.4522553631068178,-0.05935917372923967,0.02647940957563498
816,HAP-1,H3K4me1,5S-Deu-L2,-0.0046015874116140274,0.8420004486249322,-0.049811963592649285,0.040627608086157216
817,HAP-1,H3K4me1,Helitron,-0.005113180303882194,0.8340203028216371,-0.0528965816397695,0.04269358243140387
818,HAP-1,H3K4me1,hAT-Tag1,-0.028013544397015398,0.2509990186555997,-0.07573169414168485,0.01983262297027919
819,HAP-1,H3K4me1,tRNA,-0.016625074787769596,0.519550657303337,-0.06713502057178794,0.0339698668337219
820,HAP-1,H3K4me1,Penelope,0.01447370184194714,0.712212799891192,-0.062383517081643136,0.09116027143726818
821,HAP-1,H3K4me1,TcMar-Tc1,-0.02240992618397323,0.5687627536643906,-0.09920968317830511,0.05465523422971046
822,HAP-1,H3K4me1,Dong-R4,-0.007898425010026447,0.8705746874729324,-0.1026098786201083,0.08695495163413433
823,HAP-1,H3K4me1,tRNA-Deu,0.025676296821790585,0.6006490045156221,-0.07042797138274633,0.12130829032613664
824,HAP-1,H3K4me1,Kolobok,0.048516546626601785,0.363431762801273,-0.05621212732137312,0.15218919810704512
825,HAP-1,H3K4me1,PIF-Harbinger,0.007497865994714152,0.8889988444761334,-0.09756048275551484,0.11239095406792182
826,HAP-1,H3K4me1,Crypton,0.0017638759632283253,0.9764325793257297,-0.11485735461554603,0.11833714689353503
827,HAP-1,H3K4me1,Merlin,-0.024614671205450616,0.7222310388009032,-0.15917416419389674,0.1108426725183077
828,HAP-1,H3K4me1,TcMar,0.01079611964323448,0.8787973984838199,-0.1274488093799829,0.1486295654456504
829,HAP-1,H3K4me1,L1-Tx1,-0.02191686200903426,0.7993330626386854,-0.18895745805581468,0.14635642508366917
830,HAP-1,H3K4me1,Crypton-A,-0.14473524415662395,0.09906762493215633,-0.3094180051271664,0.0283764622137387
831,HAP-1,H3K4me1,I-Jockey,0.09006579557038273,0.3516630270969069,-0.10010724702274867,0.2738902179546726
832,HAP-1,H3K4me1,hAT-Tip100?,-0.19662058371735794,0.12246836307018175,-0.4257374320186884,0.056190033160644026
833,HAP-1,H3K4me1,TcMar-Pogo,-0.009530791788856303,0.9587116861177689,-0.35704541761326103,0.3403013956124676
834,HAP-1,H3K4me1,hAT?,-0.10127005347593585,0.574957263022393,-0.43038858835609173,0.2516154710553549
835,HAP-1,H3K4me1,hAT-hAT19,-0.3205882352941176,0.22604542220798243,-0.7112411230018962,0.2213601748264756
836,HAP-1,H3K9me3,Alu,-0.0007102901988783948,0.45649888610837674,-0.002579876971407207,0.0011593015390984802
837,HAP-1,H3K9me3,L1,0.0016622767946956616,0.2281153956139302,-0.0010409520551242113,0.004365481350670194
838,HAP-1,H3K9me3,MIR,-0.0026883638675304963,0.05350431662564061,-0.0054172594076153475,4.057171322837756e-05
839,HAP-1,H3K9me3,L2,0.0006094079205728919,0.7159982338602471,-0.0026736491396844287,0.0038924518439156465
840,HAP-1,H3K9me3,ERVL-MaLR,-0.002214082240782403,0.27027341949073996,-0.006150334590109987,0.0017222387204235143
841,HAP-1,H3K9me3,hAT-Charlie,-0.002053467207207921,0.3359755812722789,-0.00623646447078104,0.0021296019188484887
842,HAP-1,H3K9me3,ERV1,0.0020012321392679573,0.5154043413145102,-0.0040290082145230935,0.00803132695118347
843,HAP-1,H3K9me3,ERVL,-0.0017993557299772883,0.5651697975571213,-0.007930643900522992,0.004332067729252523
844,HAP-1,H3K9me3,TcMar-Tigger,7.184926926077336e-05,0.9819848890924776,-0.006164527214634535,0.006308220164381221
845,HAP-1,H3K9me3,hAT-Tip100,-0.0026910002125492766,0.5351938295173947,-0.011196153558665326,0.005814542475382134
846,HAP-1,H3K9me3,CR1,0.001376486213724833,0.7706949319934538,-0.00787959537219891,0.01063233194417145
847,HAP-1,H3K9me3,Gypsy,0.004404938399933507,0.5815259758074867,-0.011259314265057892,0.02006702965226091
848,HAP-1,H3K9me3,hAT-Blackjack,-0.0024707561416082336,0.7621408972301973,-0.01846852464348424,0.013528277142279733
849,HAP-1,H3K9me3,TcMar-Mariner,0.012436296201514154,0.13065047728939147,-0.003690281557305772,0.02855640702579315
850,HAP-1,H3K9me3,RTE-X,0.0014681231194453538,0.8866949856892155,-0.018724783167083824,0.02165983220980155
851,HAP-1,H3K9me3,ERVK,0.0006082951692399771,0.9588593039488233,-0.02250075560135128,0.0237166962642739
852,HAP-1,H3K9me3,TcMar-Tc2,0.011459948208741437,0.3551923132373218,-0.012835057696150254,0.03574143146038858
853,HAP-1,H3K9me3,SVA,0.0169712199849955,0.23636383365596061,-0.011122962887701144,0.045038630481765735
854,HAP-1,H3K9me3,RTE-BovB,-0.0190481088496765,0.1973491993042213,-0.04798045247468907,0.009916171164780614
855,HAP-1,H3K9me3,tRNA-RTE,0.010250143867313656,0.5237681612144567,-0.021261216714863335,0.041741159369135625
856,HAP-1,H3K9me3,hAT-Ac,-0.018635680245664994,0.30489965815896214,-0.05419407391807052,0.01696991826584607
857,HAP-1,H3K9me3,hAT,-0.007275715193187479,0.7061917992337018,-0.0450775598411008,0.030546935696151946
858,HAP-1,H3K9me3,MULE-MuDR,0.006198150872373099,0.7664933861188121,-0.03470079291255424,0.04707636878248639
859,HAP-1,H3K9me3,PiggyBac,-0.0027169081479553126,0.9013273500015275,-0.04563967265946338,0.04021586983892359
860,HAP-1,H3K9me3,5S-Deu-L2,-0.028162618520001865,0.22214018073289876,-0.07327473057698289,0.017064504632976034
861,HAP-1,H3K9me3,Helitron,0.04149719809480533,0.08878064554574326,-0.006317679988788655,0.08912275447989094
862,HAP-1,H3K9me3,hAT-Tag1,-0.012439754016587996,0.6102825032705134,-0.0602160210783775,0.03539337869918503
863,HAP-1,H3K9me3,tRNA,-0.0008021205097103333,0.9752127761064738,-0.05136294192038783,0.0497628023126653
864,HAP-1,H3K9me3,Penelope,0.0013025955547046719,0.973497083605683,-0.07543000063715552,0.07801985570414971
865,HAP-1,H3K9me3,TcMar-Tc1,0.04376212927548592,0.26597305397256527,-0.033407911779435355,0.12041345466314626
866,HAP-1,H3K9me3,Dong-R4,0.08405647937522638,0.08239362742990086,-0.010984271487070662,0.17759212251910386
867,HAP-1,H3K9me3,tRNA-Deu,-0.005420890205719735,0.9120134157060047,-0.10128401163743068,0.09054197094110124
868,HAP-1,H3K9me3,Kolobok,0.05597328581527982,0.29430014523717435,-0.04877591966193835,0.1595046345873172
869,HAP-1,H3K9me3,PIF-Harbinger,-0.031401548340437825,0.5587703291602262,-0.1359590206401733,0.07384772897573726
870,HAP-1,H3K9me3,Crypton,-0.014910483228706618,0.8027908522686351,-0.13128616653502714,0.10187057130041556
871,HAP-1,H3K9me3,Merlin,-0.03889727397227422,0.5742033461021091,-0.17310648949015575,0.09673013853780818
872,HAP-1,H3K9me3,TcMar,-0.050179880731439766,0.4781934612274915,-0.18702028276896973,0.0885708325315597
873,HAP-1,H3K9me3,L1-Tx1,0.03201187319420059,0.7103757912236918,-0.1364786883869533,0.19870243296381382
874,HAP-1,H3K9me3,Crypton-A,0.0692474306494938,0.4319137784095938,-0.10371282064715695,0.23814245894874264
875,HAP-1,H3K9me3,I-Jockey,0.03577981651376147,0.7118564784913226,-0.15341349982740032,0.22244273802572156
876,HAP-1,H3K9me3,hAT-Tip100?,-0.2573717948717948,0.0400608742631736,-0.4764342243429088,-0.008221994768861174
877,HAP-1,H3K9me3,TcMar-Pogo,-0.2456011730205278,0.17544503434024453,-0.5512185709398245,0.11812361867439701
878,HAP-1,H3K9me3,hAT?,0.10060160427807488,0.5774964897113983,-0.25223666263792555,0.4298283767045896
879,HAP-1,H3K9me3,hAT-hAT19,-0.4264705882352941,0.09949911193753966,-0.7712275176501722,0.11173225236818084
880,HAP-1,H3K36me3,Alu,-0.0014838396909880667,0.1197952495693612,-0.00335334058093017,0.0003856715711735075
881,HAP-1,H3K36me3,L1,-0.000608060260626326,0.659270729615566,-0.0033109791753341295,0.00209486753881159
882,HAP-1,H3K36me3,MIR,0.0005446454826910973,0.695635003414095,-0.0021839630218055306,0.0032732458771066388
883,HAP-1,H3K36me3,L2,0.001571175102885451,0.34825150526977333,-0.0017118687365243563,0.004854185073126342
884,HAP-1,H3K36me3,ERVL-MaLR,0.0019843944180348654,0.3230690960653243,-0.0019515130886061122,0.005920240443426145
885,HAP-1,H3K36me3,hAT-Charlie,0.0019113632458029042,0.37043404980257366,-0.0022712574626973076,0.006093917079142876
886,HAP-1,H3K36me3,ERV1,-0.004629732410712519,0.1322429658313109,-0.010657485044930895,0.0013983566810563668
887,HAP-1,H3K36me3,ERVL,-0.0017635638324876124,0.5729565546924467,-0.007895243985559953,0.004368248935052934
888,HAP-1,H3K36me3,TcMar-Tigger,-0.0005870693357647275,0.8536102063949336,-0.006823008242695096,0.005648915230168773
889,HAP-1,H3K36me3,hAT-Tip100,-0.002387752951526478,0.5821375073651387,-0.010892217407632774,0.006117056913414548
890,HAP-1,H3K36me3,CR1,-0.004203970092138646,0.3733537428178433,-0.01345915446115494,0.005051934556677953
891,HAP-1,H3K36me3,Gypsy,0.011188807809022521,0.16151057428999852,-0.0044758666091826,0.026847992399726107
892,HAP-1,H3K36me3,hAT-Blackjack,0.0026296364807470098,0.7472619812911234,-0.013363567744853047,0.01862149557977327
893,HAP-1,H3K36me3,TcMar-Mariner,-7.858570833350296e-05,0.9923832672250423,-0.01621197192461356,0.0160548414175936
894,HAP-1,H3K36me3,RTE-X,0.0036999330194156283,0.719552593812476,-0.01649585248205253,0.023892700749039993
895,HAP-1,H3K36me3,ERVK,-0.004877656030151222,0.6790739123440597,-0.0279785556157701,0.018228450790355386
896,HAP-1,H3K36me3,TcMar-Tc2,0.013565804548674239,0.2738571418301439,-0.010735085300997123,0.037850679892669305
897,HAP-1,H3K36me3,SVA,0.009125691813097091,0.5243695990784273,-0.018969499019417947,0.037206482287984226
898,HAP-1,H3K36me3,RTE-BovB,0.013306950869417454,0.3675151413881619,-0.015637594505872956,0.042229212691380406
899,HAP-1,H3K36me3,tRNA-RTE,0.013874675334188983,0.3880715146194518,-0.01763414591289537,0.04535596563630323
900,HAP-1,H3K36me3,hAT-Ac,-0.025077054644640807,0.16722855925751595,-0.060608082297901406,0.010517443280373353
901,HAP-1,H3K36me3,hAT,0.03399694621591173,0.07785382177986283,-0.0038044763198086863,0.07170134628163075
902,HAP-1,H3K36me3,MULE-MuDR,-0.015401238126144148,0.4604542854225858,-0.05624910335955378,0.025498099492812634
903,HAP-1,H3K36me3,PiggyBac,-0.021531334072354396,0.32553088065888036,-0.06438424202089166,0.021400835955018734
904,HAP-1,H3K36me3,5S-Deu-L2,0.01441972203679193,0.5318571176109055,-0.030787121526275676,0.05956769213317567
905,HAP-1,H3K36me3,Helitron,-0.02394853630305633,0.3261566108531271,-0.07165518081971704,0.02386743081050161
906,HAP-1,H3K36me3,hAT-Tag1,-0.007227883833578231,0.7671333492592223,-0.05501972907008613,0.04059700380458069
907,HAP-1,H3K36me3,tRNA,-0.02193507350792556,0.3954443058740078,-0.07242370642838097,0.02866569121196253
908,HAP-1,H3K36me3,Penelope,-0.05003280838131113,0.2016439723887091,-0.12632042878712832,0.02684313789228936
909,HAP-1,H3K36me3,TcMar-Tc1,0.005592052931644631,0.8869325307100278,-0.07140053652887268,0.08251839956121676
910,HAP-1,H3K36me3,Dong-R4,0.03355083867342669,0.488767686680632,-0.06145797971551602,0.1279571150903423
911,HAP-1,H3K36me3,tRNA-Deu,0.03345071680872513,0.4952108542493753,-0.06269222865867362,0.1289785294448615
912,HAP-1,H3K36me3,Kolobok,0.043603768691149625,0.41408661984182615,-0.061106603509432374,0.14736483828989386
913,HAP-1,H3K36me3,PIF-Harbinger,-0.0328851716361916,0.5403344442138143,-0.1374188947394096,0.0723730079398119
914,HAP-1,H3K36me3,Crypton,-0.028740350866553556,0.6301987616155134,-0.1448761388126978,0.08817656898427806
915,HAP-1,H3K36me3,Merlin,-0.08365487978952883,0.22625547349147196,-0.2165060992835944,0.052238162996494794
916,HAP-1,H3K36me3,TcMar,-0.20139325669938865,0.004052060520070458,-0.33151039640590735,-0.06375778240409379
917,HAP-1,H3K36me3,L1-Tx1,0.05536621252409997,0.5204834980613176,-0.11353033888169174,0.22115263852395364
918,HAP-1,H3K36me3,Crypton-A,-0.12741537915953155,0.1469813365812904,-0.2931887668349394,0.045795926505276224
919,HAP-1,H3K36me3,I-Jockey,-0.027671207487721252,0.7751692243966852,-0.21469040479644685,0.1613054144180573
920,HAP-1,H3K36me3,hAT-Tip100?,-0.2818740399385561,0.025214679423037824,-0.4988124626958183,-0.03169875837657648
921,HAP-1,H3K36me3,TcMar-Pogo,-0.05975073313782991,0.7452992192140482,-0.4003812375299759,0.29538778020703443
922,HAP-1,H3K36me3,hAT?,0.1644385026737968,0.360480205447817,-0.1918956339691031,0.4824670563389935
923,HAP-1,H3K36me3,hAT-hAT19,-0.40294117647058825,0.121745762952543,-0.7583777726490637,0.13720441111643325
924,HAP-1,H3K27me3,Alu,-0.0017317358843934308,0.06945072907417713,-0.003601284118759405,0.00013782445565047407
925,HAP-1,H3K27me3,L1,-0.0025727520946895715,0.06215468019408352,-0.005276196750168959,0.00013073016806071822
926,HAP-1,H3K27me3,MIR,0.0004072035136045312,0.769914438993386,-0.0023214782763557023,0.0031358792397433214
927,HAP-1,H3K27me3,L2,-0.0003261187856741484,0.8456362415110613,-0.0036091894442726066,0.00295695890311731
928,HAP-1,H3K27me3,ERVL-MaLR,0.0018723469180554231,0.35116360896231025,-0.002063726797251499,0.005808362618684648
929,HAP-1,H3K27me3,hAT-Charlie,-0.0027174117207725786,0.20290991832447988,-0.006900168333890011,0.0014654399799060515
930,HAP-1,H3K27me3,ERV1,0.0011515406700919992,0.708156425455722,-0.0048777677921423655,0.007180765410474075
931,HAP-1,H3K27me3,ERVL,0.0002588296022006567,0.9340612594286463,-0.005872610527521285,0.006390250270814047
932,HAP-1,H3K27me3,TcMar-Tigger,0.008763243442723789,0.005883812534466189,0.0025270143843122866,0.014998790908525461
933,HAP-1,H3K27me3,hAT-Tip100,-0.0010876232309418592,0.8020732876609603,-0.009591570101737418,0.007416480950492588
934,HAP-1,H3K27me3,CR1,0.00619437885097612,0.18960881756615888,-0.003061243018028188,0.015448939498986706
935,HAP-1,H3K27me3,Gypsy,-0.0009274326025270822,0.9076161661716985,-0.01659009465660153,0.01473568449880386
936,HAP-1,H3K27me3,hAT-Blackjack,-0.003831629241023294,0.6387308359090726,-0.01982575006431288,0.012164452204078085
937,HAP-1,H3K27me3,TcMar-Mariner,-0.003186603202285475,0.6986546331927634,-0.01931741838456892,0.012945870496033856
938,HAP-1,H3K27me3,RTE-X,0.001738263578759245,0.8660210519625775,-0.018453668150053455,0.021928777973617825
939,HAP-1,H3K27me3,ERVK,0.003775481635357626,0.7489390443066177,-0.01934466481717599,0.026891592434151543
940,HAP-1,H3K27me3,TcMar-Tc2,-0.0038380631932182292,0.7567820315809044,-0.02812057273061144,0.020448973407917452
941,HAP-1,H3K27me3,SVA,0.01422902324997249,0.3210691532613952,-0.01387923826816077,0.04231481421990117
942,HAP-1,H3K27me3,RTE-BovB,0.016756615849805343,0.2565210356837556,-0.012191724874102628,0.045676891617127305
943,HAP-1,H3K27me3,tRNA-RTE,0.038816636766004824,0.01568623513196046,0.00732227261154391,0.07023406905025459
944,HAP-1,H3K27me3,hAT-Ac,0.014176898389385456,0.4352616416929763,-0.021438707238119196,0.049756567105295295
945,HAP-1,H3K27me3,hAT,0.02783175378377541,0.14921700190353013,-0.009999834002997882,0.0655837802569525
946,HAP-1,H3K27me3,MULE-MuDR,-0.017176816782952006,0.41049340124571254,-0.058028826303490266,0.023732622601329627
947,HAP-1,H3K27me3,PiggyBac,-0.02255490908715405,0.30317047858515156,-0.06541474597034136,0.02038799584345821
948,HAP-1,H3K27me3,5S-Deu-L2,-0.03598640185232769,0.11870885200018395,-0.08106556948994935,0.009239690942448251
949,HAP-1,H3K27me3,Helitron,0.01805084311391775,0.45914531039558115,-0.029746311210419006,0.06576563596594823
950,HAP-1,H3K27me3,hAT-Tag1,0.03951268690238235,0.10535101231579792,-0.008331923020899055,0.08717679995944236
951,HAP-1,H3K27me3,tRNA,0.027574155374465184,0.2853745765032853,-0.02303045075718839,0.07803782243531945
952,HAP-1,H3K27me3,Penelope,0.054980280870435244,0.16051892317012914,-0.021894906289708416,0.13120913357792802
953,HAP-1,H3K27me3,TcMar-Tc1,-0.031027141323072587,0.4296985786434572,-0.10769055520763939,0.04600308103139885
954,HAP-1,H3K27me3,Dong-R4,0.021681122699963886,0.6546704687619931,-0.07326734302883589,0.1162400891764736
955,HAP-1,H3K27me3,tRNA-Deu,0.04546416860175093,0.35381587457018204,-0.050721456022494664,0.14081413522459219
956,HAP-1,H3K27me3,Kolobok,-0.04123462726224643,0.43927981972569285,-0.1448907404666227,0.06331675967843842
957,HAP-1,H3K27me3,PIF-Harbinger,-0.020263716828560863,0.7059966651814957,-0.12498859057841798,0.08490771205783845
958,HAP-1,H3K27me3,Crypton,-0.03360682720334274,0.5734272788781198,-0.14965039881387962,0.0833500055339188
959,HAP-1,H3K27me3,Merlin,-0.15552330687764918,0.023855263370083035,-0.2853659521443885,-0.02007468817630651
960,HAP-1,H3K27me3,TcMar,-0.08501530187622244,0.22898593010417856,-0.22071728140407285,0.05391563683906116
961,HAP-1,H3K27me3,L1-Tx1,-0.06181152479719969,0.4730392052846386,-0.22732527659632992,0.10717313652585383
962,HAP-1,H3K27me3,Crypton-A,-0.07566664398252006,0.39035356689212675,-0.2442580165420094,0.0973647849232692
963,HAP-1,H3K27me3,I-Jockey,0.0281438235566676,0.7714336209858605,-0.1608459243583506,0.2151427397130757
964,HAP-1,H3K27me3,hAT-Tip100?,-0.1533698156682028,0.23011079430287373,-0.3877111995605871,0.09959300779773704
965,HAP-1,H3K27me3,TcMar-Pogo,-0.05351906158357771,0.7711179742669981,-0.39506441882750315,0.30102508549759954
966,HAP-1,H3K27me3,hAT?,0.07586898395721926,0.6747522433605396,-0.2750678828751909,0.4089656160018253
967,HAP-1,H3K27me3,hAT-hAT19,-0.2529411764705882,0.34456303133749866,-0.6700175745636892,0.28550911342227914
968,HAP-1,H3K4me3,Alu,0.0010803959716016707,0.2575759724783705,-0.0007899910775997406,0.0029507754616232545
969,HAP-1,H3K4me3,L1,-0.0012198666026187767,0.37656350686706286,-0.003923730267900726,0.0014840148994009527
970,HAP-1,H3K4me3,MIR,0.0015615645749623578,0.26214988640354636,-0.0011678989575104324,0.004291004840354608
971,HAP-1,H3K4me3,L2,0.0008991719316493427,0.5914369167319519,-0.0023841589539794253,0.0041824834307594245
972,HAP-1,H3K4me3,ERVL-MaLR,-0.004893059758652177,0.014858587667280087,-0.008830103753598587,-0.0009558640662899276
973,HAP-1,H3K4me3,hAT-Charlie,-0.0016169065357860822,0.44879631820916754,-0.005800878999839441,0.0025671225391020605
974,HAP-1,H3K4me3,ERV1,-0.00068476923726836,0.8239009034632522,-0.006715869969733373,0.00534638131146506
975,HAP-1,H3K4me3,ERVL,-0.003546232163753335,0.25707281622501915,-0.009678762176801371,0.002586564597113349
976,HAP-1,H3K4me3,TcMar-Tigger,0.001913802339792113,0.5476046531534615,-0.00432376551890144,0.0081512212799128
977,HAP-1,H3K4me3,hAT-Tip100,0.0013512705396215255,0.7555535074298485,-0.007155651721565937,0.009857997228194868
978,HAP-1,H3K4me3,CR1,-0.002936517111794252,0.5340564588926722,-0.012191769681061141,0.006319238571508924
979,HAP-1,H3K4me3,Gypsy,0.01258743204858284,0.11522715188794523,-0.003076194297127743,0.02824488321841021
980,HAP-1,H3K4me3,hAT-Blackjack,0.006611781094873292,0.4180104016456663,-0.009389460345472648,0.02260963734625579
981,HAP-1,H3K4me3,TcMar-Mariner,-0.003958689002013991,0.630780812553447,-0.02009962693493238,0.01218431194039467
982,HAP-1,H3K4me3,RTE-X,-0.014036332187392914,0.1731556464975166,-0.03422318073375252,0.006161964961756739
983,HAP-1,H3K4me3,ERVK,-0.004837827965426591,0.6818220913566809,-0.027959646454078172,0.01828916458642243
984,HAP-1,H3K4me3,TcMar-Tc2,0.006766493421464501,0.585253476682536,-0.017534768627799215,0.03105976580899121
985,HAP-1,H3K4me3,SVA,0.03271274487323245,0.022547285544772904,0.004599501092031021,0.060774319069970814
986,HAP-1,H3K4me3,RTE-BovB,0.005813977054045817,0.6939260736829963,-0.02314002937489014,0.03475823831957677
987,HAP-1,H3K4me3,tRNA-RTE,0.026202755937884348,0.10296386079007167,-0.005298484277489435,0.057652042785642045
988,HAP-1,H3K4me3,hAT-Ac,0.010085068407150259,0.5788226382372808,-0.025522122825123356,0.045666702242324775
989,HAP-1,H3K4me3,hAT,-0.0013966898107339945,0.9423217247999216,-0.03921542295859409,0.03642603901660794
990,HAP-1,H3K4me3,MULE-MuDR,-0.01589391921816066,0.44583526927589145,-0.056705017785297095,0.02497020563484627
991,HAP-1,H3K4me3,PiggyBac,0.01986096405762114,0.3648219223042084,-0.023101276263341103,0.0627499835391416
992,HAP-1,H3K4me3,5S-Deu-L2,0.019099999780949763,0.4079761020722007,-0.02614720668898426,0.06426910552224782
993,HAP-1,H3K4me3,Helitron,0.003984696940114975,0.8702819824765058,-0.04381985500705805,0.051771043275985765
994,HAP-1,H3K4me3,hAT-Tag1,0.0013600342357574003,0.9555649057653925,-0.0464532433999659,0.04916709429418645
995,HAP-1,H3K4me3,tRNA,0.008471592713207285,0.7427050414102594,-0.042093416879846184,0.0589933156061132
996,HAP-1,H3K4me3,Penelope,0.00869379545899688,0.8245173639861951,-0.06807808485375451,0.08536332356566786
997,HAP-1,H3K4me3,TcMar-Tc1,0.053558340137743556,0.17328692282493086,-0.02361479944903728,0.13009695081994352
998,HAP-1,H3K4me3,Dong-R4,0.003061903367450108,0.9496390607089766,-0.09175175239340151,0.09782053980526241
999,HAP-1,H3K4me3,tRNA-Deu,-0.003777247705972296,0.9386274995262586,-0.09965656615260905,0.09217156936707735
1000,HAP-1,H3K4me3,Kolobok,0.01690902260651726,0.7512141463087518,-0.08748773706455171,0.12093840210270218
1001,HAP-1,H3K4me3,PIF-Harbinger,-0.025445035822046692,0.6356968483002869,-0.13009442535221624,0.07976502498535189
1002,HAP-1,H3K4me3,Crypton,-0.010819392258313321,0.8562026808918874,-0.12725974747697308,0.10591512492425663
1003,HAP-1,H3K4me3,Merlin,-0.1870189976979198,0.006438898830313171,-0.3152179537453465,-0.05211686023204839
1004,HAP-1,H3K4me3,TcMar,-0.06539439814781822,0.3551472909065809,-0.2017675954937312,0.07346616523415515
1005,HAP-1,H3K4me3,L1-Tx1,0.005292530135912447,0.951056339005456,-0.16256841304782224,0.17285573562643955
1006,HAP-1,H3K4me3,Crypton-A,-0.06975456184836075,0.4285410638136484,-0.23862596905406525,0.10321169948419927
1007,HAP-1,H3K4me3,I-Jockey,0.10584746548049301,0.27333257318622145,-0.08445390369378093,0.28869904106527006
1008,HAP-1,H3K4me3,hAT-Tip100?,-0.3462461597542243,0.005439947475613348,-0.5522937836949011,-0.1003299317206826
1009,HAP-1,H3K4me3,TcMar-Pogo,-0.15799120234604103,0.3877978947346399,-0.481969175000561,0.20399215158130607
1010,HAP-1,H3K4me3,hAT?,0.16377005347593585,0.3624629890059009,-0.19253842638879545,0.4819248691998445
1011,HAP-1,H3K4me3,hAT-hAT19,-0.35000000000000003,0.18386882202619317,-0.7284608753339697,0.19213463475632778
1012,HL-60,H3K27ac,Alu,0.0014030827156362798,0.1410640411641351,-0.00046532226394250945,0.003271477899099943
1013,HL-60,H3K27ac,L1,0.0013700203570284697,0.32040792797246465,-0.0013324140290101763,0.004072434732244977
1014,HL-60,H3K27ac,MIR,-0.0005497040442127066,0.6929151873859418,-0.0032779659948740493,0.0021785660898244108
1015,HL-60,H3K27ac,L2,0.0001841105203983954,0.9124618811766719,-0.00309831197069097,0.003466529044169416
1016,HL-60,H3K27ac,ERVL-MaLR,0.002531411794813695,0.20728061685240842,-0.0014029106276166412,0.006465655851398576
1017,HL-60,H3K27ac,hAT-Charlie,0.0008030778287649051,0.7066126109460238,-0.0033785427936493784,0.00498467036619053
1018,HL-60,H3K27ac,ERV1,-0.002342094692424509,0.44602926681553523,-0.008365702288082836,0.0036816828693796966
1019,HL-60,H3K27ac,ERVL,-0.0015931904768934214,0.6103851829571552,-0.00772152166126805,0.004535260379256821
1020,HL-60,H3K27ac,TcMar-Tigger,0.0034363999937102197,0.279892384066899,-0.002796708328721948,0.009669241304881263
1021,HL-60,H3K27ac,hAT-Tip100,0.00820418827378391,0.058570409745102164,-0.0002975282060660107,0.016704718855191703
1022,HL-60,H3K27ac,CR1,-0.003092746494747426,0.5124467844308469,-0.012346225343010709,0.006161262033308762
1023,HL-60,H3K27ac,Gypsy,0.008342813973153692,0.2963987649548331,-0.007317314503410956,0.023998851256863695
1024,HL-60,H3K27ac,hAT-Blackjack,0.012347457195343258,0.1303983340093528,-0.0036534144670157284,0.0283420078047754
1025,HL-60,H3K27ac,TcMar-Mariner,-0.007082501662905585,0.3893297827417965,-0.023204722358952504,0.009043401911601932
1026,HL-60,H3K27ac,RTE-X,0.0016635784714537241,0.8717062934296798,-0.01852511291689999,0.021850913853665672
1027,HL-60,H3K27ac,ERVK,-0.005676566192696579,0.630023893587409,-0.02876727086506422,0.017420193532545626
1028,HL-60,H3K27ac,TcMar-Tc2,0.010267754276312158,0.4071696633487024,-0.014012103607618518,0.034535510999659014
1029,HL-60,H3K27ac,SVA,0.02166917600206305,0.13038072100736717,-0.00641335060307767,0.049717550285081395
1030,HL-60,H3K27ac,RTE-BovB,-0.006244585575593951,0.6723941402156299,-0.035175754482320534,0.022697041110399736
1031,HL-60,H3K27ac,tRNA-RTE,-0.006112317321293157,0.703744078121967,-0.03760090436742039,0.02538839595130925
1032,HL-60,H3K27ac,hAT-Ac,0.010365028924840113,0.56813644633653,-0.025224752586463412,0.04592856961090622
1033,HL-60,H3K27ac,hAT,0.0002662430607547562,0.9889856316452843,-0.037519762863521794,0.03805148872604491
1034,HL-60,H3K27ac,MULE-MuDR,-0.004827885737189208,0.816915938053413,-0.045673324090875184,0.03603366855290627
1035,HL-60,H3K27ac,PiggyBac,-0.023297031493879208,0.28753440381373485,-0.06615440902962436,0.019646145812616502
1036,HL-60,H3K27ac,5S-Deu-L2,-0.030741674039914207,0.18274337003549496,-0.07585536306707365,0.014497615743155647
1037,HL-60,H3K27ac,Helitron,0.006560543241171155,0.7877872320663657,-0.04119214192199105,0.05428332559139077
1038,HL-60,H3K27ac,hAT-Tag1,0.03921798282398255,0.10776578989435812,-0.00859828835177718,0.0868553142361711
1039,HL-60,H3K27ac,tRNA,-1.6087490051003873e-06,0.9999502451289634,-0.05053088352904003,0.05052767424597157
1040,HL-60,H3K27ac,Penelope,-0.019267658300509336,0.6225635709547046,-0.095741128270924,0.057431923864273454
1041,HL-60,H3K27ac,TcMar-Tc1,-0.021788300697063456,0.5795356430075069,-0.09859331293936403,0.05527475650123039
1042,HL-60,H3K27ac,Dong-R4,-0.08027673912732934,0.09719664933814808,-0.17388993811104142,0.014774336554910906
1043,HL-60,H3K27ac,tRNA-Deu,0.029751761265608797,0.5441237188891974,-0.06637386374226928,0.125330211044253
1044,HL-60,H3K27ac,Kolobok,-0.07672480126996908,0.1491233639490567,-0.17952898666443975,0.02773705542452525
1045,HL-60,H3K27ac,PIF-Harbinger,-0.09288066190703602,0.08315324225170163,-0.19616839529558394,0.012445536614493184
1046,HL-60,H3K27ac,Crypton,-0.09916858516540197,0.09591341777633372,-0.21357427983312352,0.017920351146037367
1047,HL-60,H3K27ac,Merlin,-0.10523878537051821,0.12754986312841632,-0.237294018888462,0.030635318056444767
1048,HL-60,H3K27ac,TcMar,-0.03326209234336419,0.639241046302349,-0.17090763938757736,0.10565691127991875
1049,HL-60,H3K27ac,L1-Tx1,0.051625504495939625,0.5490901016544983,-0.11721514419824113,0.21756559447375953
1050,HL-60,H3K27ac,Crypton-A,0.03947349105285862,0.6544135865001264,-0.13301846106618803,0.20964448595703408
1051,HL-60,H3K27ac,I-Jockey,-0.045927161523491807,0.6353458889013863,-0.2321193841896232,0.14351180083212234
1052,HL-60,H3K27ac,hAT-Tip100?,-0.054152097902097907,0.6683369595300215,-0.2943325898391612,0.19246233268252802
1053,HL-60,H3K27ac,TcMar-Pogo,-0.16312316715542519,0.37236778957957506,-0.4861167848309328,0.19908128794852514
1054,HL-60,H3K27ac,hAT?,-0.06818181818181819,0.7061649594759432,-0.4024275569466286,0.2821041599294626
1055,HL-60,H3K27ac,hAT-hAT19,-0.1647058823529412,0.5421481352010777,-0.6128609355396578,0.36361939569317053
1056,MG63,H3K9me3,Alu,-0.0020602719922157287,0.03034337449469542,-0.0039249147049026205,-0.00019561495266969206
1057,MG63,H3K9me3,L1,-0.003098024209664181,0.024337797882314022,-0.0057945546181695584,-0.00040144874679394363
1058,MG63,H3K9me3,MIR,-0.0011408023348105283,0.41268726292339486,-0.0038702824698145216,0.0015886947984172536
1059,MG63,H3K9me3,L2,0.0013182569948424936,0.4311356501866861,-0.001963722500725737,0.00460020809168824
1060,MG63,H3K9me3,ERVL-MaLR,-0.0012458807448483386,0.5343253509208821,-0.005175380244954934,0.002683657230899952
1061,MG63,H3K9me3,hAT-Charlie,0.0020465406960151742,0.3372727667797152,-0.0021336256751968534,0.006226635546503008
1062,MG63,H3K9me3,ERV1,-0.0013169842052311012,0.6666621159537112,-0.007309538283081894,0.004675664461937691
1063,MG63,H3K9me3,ERVL,0.002245171457041334,0.47246657886868215,-0.0038795808531444506,0.008369755326613977
1064,MG63,H3K9me3,TcMar-Tigger,-0.0038656161098756716,0.2239683725355189,-0.010095780347785088,0.0023648482343378617
1065,MG63,H3K9me3,hAT-Tip100,0.004054569358969023,0.3500796809632427,-0.004449892252332105,0.012558444500583263
1066,MG63,H3K9me3,CR1,-0.004898321105196953,0.2993374881394102,-0.01414793774278919,0.004352133784187038
1067,MG63,H3K9me3,Gypsy,-0.010604147196678728,0.18436254231418928,-0.02625662985331824,0.005053533806810626
1068,MG63,H3K9me3,hAT-Blackjack,-0.002187533482419962,0.7885121780930185,-0.018169426057236145,0.013795476659385634
1069,MG63,H3K9me3,TcMar-Mariner,-0.006467515285559822,0.4316935629128186,-0.022585633917175493,0.009653964627517561
1070,MG63,H3K9me3,RTE-X,-0.010934828543212307,0.28845043205868864,-0.03111661782351699,0.00925587334886397
1071,MG63,H3K9me3,ERVK,0.007652802168665923,0.5114005928939417,-0.015189059196721677,0.030486680148847534
1072,MG63,H3K9me3,TcMar-Tc2,-0.0030088870406326904,0.8080598189924056,-0.02727895209245205,0.021264723246991545
1073,MG63,H3K9me3,SVA,-0.013731316103853176,0.3353258388083544,-0.04164623413462948,0.014205022441334661
1074,MG63,H3K9me3,RTE-BovB,-0.0061600225875505215,0.6766772785059539,-0.03510074768681626,0.022791025429725095
1075,MG63,H3K9me3,tRNA-RTE,-0.005184613409946759,0.7470959402956895,-0.03668250128582098,0.026323565589315333
1076,MG63,H3K9me3,hAT-Ac,0.006522531702623694,0.7191891615267767,-0.029028977949822846,0.0420575605132842
1077,MG63,H3K9me3,hAT,0.0195295881705182,0.31146388059524255,-0.018294233048078055,0.05729759088736063
1078,MG63,H3K9me3,MULE-MuDR,-0.0038109426315642713,0.8550275729128262,-0.04466722232725642,0.03705806393428355
1079,MG63,H3K9me3,PiggyBac,-0.02145002998055432,0.3268978283806734,-0.064262221046588,0.021440972917300828
1080,MG63,H3K9me3,5S-Deu-L2,-0.005581900397522387,0.8088837267765843,-0.050777909425479766,0.03963692491753936
1081,MG63,H3K9me3,Helitron,0.004630238377659947,0.84923490339349,-0.04309050991229984,0.05232990692697293
1082,MG63,H3K9me3,hAT-Tag1,-0.06449898937656932,0.008220390120631317,-0.11205540721793998,-0.016647793362479287
1083,MG63,H3K9me3,tRNA,0.0060582295430146454,0.8148860359543737,-0.04463702853534831,0.05672236618418303
1084,MG63,H3K9me3,Penelope,-0.015183686702214856,0.6972296971411738,-0.09145672239972882,0.06126646456738902
1085,MG63,H3K9me3,TcMar-Tc1,-0.023636296489414326,0.5468665663829011,-0.10024889233311801,0.053254930132914206
1086,MG63,H3K9me3,Dong-R4,-0.04099277146683629,0.3975859296198506,-0.13529323876888977,0.05404368558326467
1087,MG63,H3K9me3,tRNA-Deu,0.04673848038544265,0.34105528543137587,-0.049566356373952895,0.14218222446281398
1088,MG63,H3K9me3,Kolobok,-0.06561987836064365,0.2181016232746446,-0.16881048523118472,0.038993605461445945
1089,MG63,H3K9me3,PIF-Harbinger,0.031172980960925186,0.5627688920345679,-0.07437914219450456,0.13603436646755251
1090,MG63,H3K9me3,Crypton,0.004217895200677909,0.9436824874372061,-0.11243543294511313,0.12075653993481116
1091,MG63,H3K9me3,Merlin,-0.052896281388779436,0.44466834987740744,-0.18672315280823706,0.0828579764261715
1092,MG63,H3K9me3,TcMar,0.07166910316151119,0.30716698685986354,-0.06619044386857584,0.20684373547828783
1093,MG63,H3K9me3,L1-Tx1,-0.17199391719364068,0.045262263194382084,-0.33186562189949825,-0.0025179522392981863
1094,MG63,H3K9me3,Crypton-A,0.08937528251098308,0.3119119383488432,-0.08444962149570777,0.25792108031354916
1095,MG63,H3K9me3,I-Jockey,-0.09004726160689465,0.3517625483493714,-0.27387278741012944,0.10012558827651878
1096,MG63,H3K9me3,hAT-Tip100?,0.19610805860805858,0.12040728957333975,-0.054612840821063914,0.42356677514604973
1097,MG63,H3K9me3,TcMar-Pogo,0.02456011730205278,0.8938570091872897,-0.3269827150997292,0.3701320579624988
1098,MG63,H3K9me3,hAT?,0.2137509549274255,0.2248083582154243,-0.13803270537597764,0.517644538054666
1099,MG63,H3K9me3,hAT-hAT19,0.3147058823529411,0.23515831926634445,-0.2271031187040626,0.7077459404545711
1100,MG63,H3K36me3,Alu,-8.546773191543074e-05,0.9284118226650347,-0.001949977266435384,0.0017790423968440455
1101,MG63,H3K36me3,L1,0.001680563575191601,0.22195163998612705,-0.001016316488423484,0.004377419192936707
1102,MG63,H3K36me3,MIR,0.0018977462415588537,0.17294875551566452,-0.0008315956743911761,0.004627059883910109
1103,MG63,H3K36me3,L2,0.0017955995178572605,0.2835815658998985,-0.0014863998660561977,0.005077560219429842
1104,MG63,H3K36me3,ERVL-MaLR,0.0012709152905354707,0.5261229640368479,-0.002658425460007543,0.005200216796257821
1105,MG63,H3K36me3,hAT-Charlie,-0.0003325034774287755,0.8761006690230375,-0.004512308354899155,0.0038473130182579505
1106,MG63,H3K36me3,ERV1,0.0006003794145414565,0.8443238225920175,-0.005392081636101545,0.006592797346722602
1107,MG63,H3K36me3,ERVL,-0.003328994834710105,0.2867192406107584,-0.009453271093537408,0.002795531156686302
1108,MG63,H3K36me3,TcMar-Tigger,-0.0002699872419686616,0.9323105749554204,-0.0064999198798838575,0.0059599663535409965
1109,MG63,H3K36me3,hAT-Tip100,0.0033274572529027055,0.4431475228709052,-0.00517666579065106,0.011831099034223892
1110,MG63,H3K36me3,CR1,-0.012570342607337156,0.007752574013895876,-0.021821258036392715,-0.0033172748119251676
1111,MG63,H3K36me3,Gypsy,-0.004161148717717726,0.6024809267999156,-0.01981782594105776,0.01149756886440986
1112,MG63,H3K36me3,hAT-Blackjack,0.018089312438327655,0.02651056813196034,0.002108231321295254,0.03406115603529443
1113,MG63,H3K36me3,TcMar-Mariner,-0.0014894907045395174,0.8562767788107228,-0.01760665626762083,0.0146284487266388
1114,MG63,H3K36me3,RTE-X,0.0033509204173017663,0.7449481190802548,-0.016837259628404547,0.023536369382085184
1115,MG63,H3K36me3,ERVK,-0.025391479071828545,0.029348649821024152,-0.048209167898312685,-0.002547302484360378
1116,MG63,H3K36me3,TcMar-Tc2,0.008085012656533398,0.5139031613620855,-0.016190563483670904,0.03235106285925195
1117,MG63,H3K36me3,SVA,-0.020853880625602766,0.1435946356998237,-0.04877225675363286,0.0070970560956513315
1118,MG63,H3K36me3,RTE-BovB,-0.0018083748646281427,0.9025691500990958,-0.03075349828683215,0.02713977907061518
1119,MG63,H3K36me3,tRNA-RTE,0.006643807031252646,0.6793981064387081,-0.024861342307387273,0.03813577236112827
1120,MG63,H3K36me3,hAT-Ac,0.012424891077819997,0.4934664058542908,-0.02313694822504357,0.047955327145673424
1121,MG63,H3K36me3,hAT,-0.00515911755987296,0.7892329443702306,-0.042964733777065466,0.032661252293587156
1122,MG63,H3K36me3,MULE-MuDR,0.00034731641201560736,0.9867090379437014,-0.04049859610089983,0.0411920700402089
1123,MG63,H3K36me3,PiggyBac,0.028102134172134422,0.19842177480819764,-0.01473923705583506,0.07084051568803709
1124,MG63,H3K36me3,5S-Deu-L2,0.012086705586835191,0.6003640240998152,-0.03312949100724659,0.05725352629064474
1125,MG63,H3K36me3,Helitron,-0.013191139009999306,0.5878840089250792,-0.0608376687983915,0.034515369440916384
1126,MG63,H3K36me3,hAT-Tag1,-0.006529547843394311,0.7890725330546637,-0.05432333286942047,0.04129408727164458
1127,MG63,H3K36me3,tRNA,0.020648390156369406,0.4248361187978824,-0.03006956145244579,0.07126029052627929
1128,MG63,H3K36me3,Penelope,0.03354697937958882,0.3899040246913804,-0.0429592352758922,0.10966204721760722
1129,MG63,H3K36me3,TcMar-Tc1,-0.03086477301723576,0.4310531824209247,-0.10735371224132083,0.045987379452361137
1130,MG63,H3K36me3,Dong-R4,-0.03336273173823068,0.49120930234390237,-0.12777158202917796,0.0616452860346745
1131,MG63,H3K36me3,tRNA-Deu,-0.05039170837231565,0.3046129754834368,-0.1457765413289474,0.0459213593586692
1132,MG63,H3K36me3,Kolobok,-0.041600087978185124,0.4345792301742426,-0.14510426393636108,0.06280473560399265
1133,MG63,H3K36me3,PIF-Harbinger,-0.020401794853072596,0.7049021542924041,-0.12542580150375923,0.08507440312280183
1134,MG63,H3K36me3,Crypton,0.0620154751459994,0.29850470135203283,-0.05509181612438579,0.1774397641664771
1135,MG63,H3K36me3,Merlin,-0.011512438275087368,0.8679681316297947,-0.1463578355528094,0.1237529865766896
1136,MG63,H3K36me3,TcMar,0.0009583460730031135,0.989119164542165,-0.13609457136895756,0.13797527074568297
1137,MG63,H3K36me3,L1-Tx1,-0.0448534928317342,0.6027510968122918,-0.21106318916762054,0.1238770767059613
1138,MG63,H3K36me3,Crypton-A,0.060140683317804894,0.4966930476685587,-0.11337299689267569,0.2300944735357594
1139,MG63,H3K36me3,I-Jockey,0.12271337225465667,0.20365562396405618,-0.06764543175449471,0.30445170537331556
1140,MG63,H3K36me3,hAT-Tip100?,0.20984432234432232,0.09606161728720572,-0.040664301243720134,0.4355321409310348
1141,MG63,H3K36me3,TcMar-Pogo,-0.19281524926686217,0.2903775662910031,-0.509891285778055,0.1703857098063527
1142,MG63,H3K36me3,hAT?,-0.10038197097020625,0.5721698001743049,-0.4248756607646851,0.2469709324864048
1143,MG63,H3K36me3,hAT-hAT19,0.3764705882352941,0.1506481152876309,-0.16506245786450227,0.7435929814089205
1144,MG63,H3K27me3,Alu,0.000495361827238778,0.6025431802921651,-0.001369059128252616,0.002359779338915374
1145,MG63,H3K27me3,L1,0.000500808723411786,0.7158053124090524,-0.002195279423296865,0.003196889589489932
1146,MG63,H3K27me3,MIR,0.0010248423933472209,0.46171978800729674,-0.0017042415829892268,0.003753911103907038
1147,MG63,H3K27me3,L2,-0.0001832836418210875,0.9128235232444721,-0.003464570383780556,0.003098007046915537
1148,MG63,H3K27me3,ERVL-MaLR,0.0012307432666447406,0.5392512575513864,-0.002698289234618066,0.005159737769520293
1149,MG63,H3K27me3,hAT-Charlie,-0.00283319838827529,0.18396832929589121,-0.007012564132640663,0.0013462663347365389
1150,MG63,H3K27me3,ERV1,-0.0018792445669028992,0.5387251749415316,-0.007870650296747715,0.004112296084725428
1151,MG63,H3K27me3,ERVL,0.005682241863156109,0.06893952303880141,-0.00044101950747708625,0.011805077145981318
1152,MG63,H3K27me3,TcMar-Tigger,0.0021777313076471413,0.4932465396995763,-0.004051928340957343,0.00840722193037131
1153,MG63,H3K27me3,hAT-Tip100,-0.0011352451587937934,0.7935893297169817,-0.009638787708603923,0.007368461574088313
1154,MG63,H3K27me3,CR1,-0.002124809603915993,0.65253949918833,-0.011374077646326461,0.00712482200492694
1155,MG63,H3K27me3,Gypsy,-0.004310069118357148,0.5895227252635826,-0.019965196479874235,0.01134717121700548
1156,MG63,H3K27me3,hAT-Blackjack,0.021058964633302438,0.009766687683331545,0.005084891388192019,0.03702229306755357
1157,MG63,H3K27me3,TcMar-Mariner,0.0034677865672015458,0.6731625592605246,-0.012645100753034407,0.01957887341786144
1158,MG63,H3K27me3,RTE-X,-0.0021483389643984696,0.8347566461182805,-0.02233009682297569,0.018035169105340712
1159,MG63,H3K27me3,ERVK,-0.0007727748964334046,0.9471003833673035,-0.023597291812050995,0.022052547215483196
1160,MG63,H3K27me3,TcMar-Tc2,-0.005167218515650958,0.676469464723767,-0.029430110895036426,0.01910175931061744
1161,MG63,H3K27me3,SVA,-0.016632175398980164,0.24344866739428764,-0.044557161008196185,0.011318781220346514
1162,MG63,H3K27me3,RTE-BovB,0.02246079123593815,0.1282211922727416,-0.006484314470038551,0.05136829070614623
1163,MG63,H3K27me3,tRNA-RTE,0.033247045917830405,0.03864825833540253,0.001728345790562491,0.06469975428296428
1164,MG63,H3K27me3,hAT-Ac,0.017339498097808274,0.3390584936083135,-0.01821295302968457,0.052848156605647435
1165,MG63,H3K27me3,hAT,0.005253941072665676,0.7854139466844845,-0.0325594981434076,0.043052361081589094
1166,MG63,H3K27me3,MULE-MuDR,0.022952968049846586,0.2709789022958474,-0.01792342515297349,0.06375276134569231
1167,MG63,H3K27me3,PiggyBac,-0.010732319070289969,0.6237926605633548,-0.053575265171211785,0.03215006657264274
1168,MG63,H3K27me3,5S-Deu-L2,-0.04121379330163222,0.07400894930144448,-0.08628060452246987,0.0040213409753533935
1169,MG63,H3K27me3,Helitron,0.031637722808196676,0.1934767060359048,-0.01606704514466481,0.07919878193552302
1170,MG63,H3K27me3,hAT-Tag1,0.027511626747059453,0.25902715113806773,-0.020277478209557005,0.07517530455468174
1171,MG63,H3K27me3,tRNA,0.04405590046245437,0.088599235962566,-0.0066816233719533494,0.09456717075434472
1172,MG63,H3K27me3,Penelope,-0.0007118315150656805,0.9854373250671769,-0.07702445184648322,0.07560908058823208
1173,MG63,H3K27me3,TcMar-Tc1,0.012230673124463746,0.7550756137456236,-0.06455779323555724,0.08887515284357847
1174,MG63,H3K27me3,Dong-R4,-0.00942093636359704,0.8462706984097181,-0.10433891460733791,0.08566711553397145
1175,MG63,H3K27me3,tRNA-Deu,0.015595684060744335,0.7508367611490343,-0.0805609194677285,0.11146468196732792
1176,MG63,H3K27me3,Kolobok,0.10699878393125281,0.04393729262342132,0.0026449326447490237,0.20904734809820638
1177,MG63,H3K27me3,PIF-Harbinger,0.016486719415220452,0.7592467892533801,-0.08880530879234982,0.12141435658275732
1178,MG63,H3K27me3,Crypton,0.07870968886250918,0.18673799013564837,-0.0384197657117139,0.19370558003979965
1179,MG63,H3K27me3,Merlin,-0.10497179695512836,0.1285240918582281,-0.23703743868803154,0.03090313353119158
1180,MG63,H3K27me3,TcMar,0.035479002401781694,0.6135343392652828,-0.10209511268258119,0.17172144459135485
1181,MG63,H3K27me3,L1-Tx1,0.0694731192525532,0.421580513520631,-0.10023245820194243,0.23525071063814829
1182,MG63,H3K27me3,Crypton-A,-0.08096596534769873,0.35980190036612303,-0.24993836180129778,0.09279217894624858
1183,MG63,H3K27me3,I-Jockey,0.02631822815309054,0.785891429561438,-0.16262047853146044,0.21339515328682448
1184,MG63,H3K27me3,hAT-Tip100?,-0.19633699633699633,0.11996619018981329,-0.42376672331831194,0.05438100896044215
1185,MG63,H3K27me3,TcMar-Pogo,-0.1220674486803519,0.5057047621435786,-0.45261859376940566,0.23797856167814654
1186,MG63,H3K27me3,hAT?,0.25989304812834224,0.13770726230958025,-0.091663081441346,0.5538434987087557
1187,MG63,H3K27me3,hAT-hAT19,0.02941176470588235,0.9138955872505001,-0.47328372956885056,0.5176571840679537
1188,MG63,H3K4me3,Alu,-5.228006683725895e-05,0.9561916787774283,-0.0019175807362163256,0.0018130209663428242
1189,MG63,H3K4me3,L1,-0.001891694723056969,0.1691770979454917,-0.004588434954951809,0.0008050730235682756
1190,MG63,H3K4me3,MIR,-0.0032986123295849867,0.017866441210062797,-0.006028355906898282,-0.0005688195916319275
1191,MG63,H3K4me3,L2,0.00011022991664022486,0.9475159530138817,-0.003171823640498965,0.0033922810990152158
1192,MG63,H3K4me3,ERVL-MaLR,-0.005747351869712066,0.004154038905306725,-0.009677305200372617,-0.0018172209948332332
1193,MG63,H3K4me3,hAT-Charlie,0.003881655997428592,0.06879421574000297,-0.0002990598650820942,0.00806223617214187
1194,MG63,H3K4me3,ERV1,0.0006792294617277722,0.8242115742156455,-0.005313878264358978,0.006672288395957922
1195,MG63,H3K4me3,ERVL,-0.00033484537919140664,0.9146726782316089,-0.006459882423130094,0.005790216789024411
1196,MG63,H3K4me3,TcMar-Tigger,-0.0038586065447361066,0.22484693619277926,-0.01008927499990528,0.0023723615209998773
1197,MG63,H3K4me3,hAT-Tip100,-0.008683006332764769,0.045383789692000014,-0.0171864909149859,-0.00017826574701964863
1198,MG63,H3K4me3,CR1,-0.00494212833941278,0.29511163580086175,-0.014193180717111622,0.0043097700504682625
1199,MG63,H3K4me3,Gypsy,-0.0118241947663211,0.13883800627761897,-0.027476556465724514,0.0038339636601429946
1200,MG63,H3K4me3,hAT-Blackjack,-0.00680606957817608,0.40393121398134924,-0.022785753435964593,0.009177091060692694
1201,MG63,H3K4me3,TcMar-Mariner,0.016249639356391114,0.0482211539558449,0.00012612204579855621,0.03236471009635713
1202,MG63,H3K4me3,RTE-X,-0.0005960398132608941,0.9538622725207144,-0.02078491776498296,0.019593324031007876
1203,MG63,H3K4me3,ERVK,0.007745361373381297,0.5064502776383593,-0.015104283178432982,0.030586920498784923
1204,MG63,H3K4me3,TcMar-Tc2,-0.010763095510033231,0.3849888115563229,-0.03503409349211698,0.013520591248894298
1205,MG63,H3K4me3,SVA,-0.0024376606547028756,0.864365910513297,-0.03039929591557326,0.025527786933343215
1206,MG63,H3K4me3,RTE-BovB,-0.005471587268949606,0.7111467046880532,-0.03441937675344174,0.023485375497480802
1207,MG63,H3K4me3,tRNA-RTE,-0.01192401130254858,0.4581147194470401,-0.043400298334921615,0.019575924430950877
1208,MG63,H3K4me3,hAT-Ac,-0.0033264593062476253,0.854560118614356,-0.03887805687380986,0.03223354907460164
1209,MG63,H3K4me3,hAT,-0.001458306075509157,0.9397595328951113,-0.0392628725330344,0.036350429229595915
1210,MG63,H3K4me3,MULE-MuDR,-0.014746897922193839,0.4792524333290663,-0.0555521297502174,0.026107512932387528
1211,MG63,H3K4me3,PiggyBac,-0.011163285726015406,0.6098403167842759,-0.053994899356474294,0.031709331372670506
1212,MG63,H3K4me3,5S-Deu-L2,0.008718024658225104,0.7057581881380719,-0.0365297820950606,0.05393015890388261
1213,MG63,H3K4me3,Helitron,0.015380456399232136,0.5272376253679623,-0.03230056327384946,0.06299162768766622
1214,MG63,H3K4me3,hAT-Tag1,-0.010362620059654281,0.6714322140125897,-0.05818801322514939,0.037510229423557175
1215,MG63,H3K4me3,tRNA,0.008792481168723044,0.7338363965337887,-0.041874378424005536,0.05941423456688902
1216,MG63,H3K4me3,Penelope,0.07627081457706626,0.05033782543625126,-0.00021571745419223618,0.1518701394474049
1217,MG63,H3K4me3,TcMar-Tc1,-0.023976407327771523,0.5414227109486536,-0.10064482129750126,0.05297507891284723
1218,MG63,H3K4me3,Dong-R4,0.06327548334262326,0.19189338434077016,-0.031908522334656346,0.15732208472712442
1219,MG63,H3K4me3,tRNA-Deu,-0.06630761875942914,0.1765471289719492,-0.1614136759563844,0.030018720802133733
1220,MG63,H3K4me3,Kolobok,0.06993573643607312,0.18862650803136927,-0.03453026520541294,0.17288999569777663
1221,MG63,H3K4me3,PIF-Harbinger,0.014697983963908473,0.7846874925828925,-0.0905786263776781,0.11964972913381522
1222,MG63,H3K4me3,Crypton,0.09943807724563106,0.09500964444719653,-0.01764982413249565,0.2138355176979476
1223,MG63,H3K4me3,Merlin,-0.02579567977017746,0.7094908255285939,-0.16032773534633576,0.10967727792446241
1224,MG63,H3K4me3,TcMar,-0.015155240224235283,0.829240646951943,-0.15188257579253403,0.12214121983091435
1225,MG63,H3K4me3,L1-Tx1,-0.09547425233361453,0.26887270786921225,-0.25999516562544056,0.07443341623617736
1226,MG63,H3K4me3,Crypton-A,-0.003506840934607697,0.9684135555045896,-0.17558742723656415,0.16878168613321162
1227,MG63,H3K4me3,I-Jockey,0.024029283662311187,0.8041215512064499,-0.1648441361057444,0.2112027509323414
1228,MG63,H3K4me3,hAT-Tip100?,-0.08269230769230768,0.5159415576744,-0.3223414597338195,0.1669180885581358
1229,MG63,H3K4me3,TcMar-Pogo,-0.0846774193548387,0.6449570515028771,-0.42147861539845516,0.2726526955464376
1230,MG63,H3K4me3,hAT?,0.006569900687547746,0.9705837193985889,-0.3323375278043806,0.3439747410853186
1231,MG63,H3K4me3,hAT-hAT19,0.044117647058823525,0.8711220048065985,-0.46189247481035667,0.5284606726859619
1232,VCaP,CTCF,Alu,-0.0013516058132720208,0.15482515406392092,-0.0032136287919724274,0.0005104265378776564
1233,VCaP,CTCF,L1,-0.0008809501378746742,0.5217875828429492,-0.0035763030502171593,0.0018144155746159841
1234,VCaP,CTCF,MIR,-0.0004748393758424834,0.7327362778664575,-0.003200162253653878,0.0022504905556182723
1235,VCaP,CTCF,L2,-0.0007790918896271789,0.641579638247902,-0.004059460705247567,0.0025012936934235923
1236,VCaP,CTCF,ERVL-MaLR,0.001583684946164661,0.42893982841652534,-0.002340385898653338,0.005507707019253367
1237,VCaP,CTCF,hAT-Charlie,-8.017789399935057e-05,0.9699691674149472,-0.004254353062139131,0.00409400006813961
1238,VCaP,CTCF,ERV1,0.004123711342035838,0.17664063383941797,-0.001858046893528263,0.01010517448254954
1239,VCaP,CTCF,ERVL,-0.005523957646032307,0.07669767373601084,-0.01163979745003482,0.0005922954291654696
1240,VCaP,CTCF,TcMar-Tigger,-0.0013642983480801072,0.6674036144895383,-0.007586860207469915,0.0048583691653176645
1241,VCaP,CTCF,hAT-Tip100,-0.004449852455533664,0.30458812547950825,-0.012944487063356913,0.004045424405740263
1242,VCaP,CTCF,CR1,-0.0022075718742672517,0.6397636822732076,-0.01145178783143083,0.007037021398578249
1243,VCaP,CTCF,Gypsy,0.001352271720770555,0.865516962798809,-0.01429695253138032,0.017000833661868043
1244,VCaP,CTCF,hAT-Blackjack,0.008590382004950232,0.29148409761406224,-0.0073711602298633955,0.02454754795941595
1245,VCaP,CTCF,TcMar-Mariner,0.00024951365569114784,0.9757576492646722,-0.01584257677940023,0.016341474866007868
1246,VCaP,CTCF,RTE-X,0.0035946633581864494,0.7270141377590585,-0.01658609830033234,0.023772497455843776
1247,VCaP,CTCF,ERVK,-0.004390113033614469,0.7057542876484306,-0.027173838426323524,0.018398171157972
1248,VCaP,CTCF,TcMar-Tc2,0.007786668439074811,0.5291775664091668,-0.016466507191420097,0.0320306864790227
1249,VCaP,CTCF,SVA,0.007384495565640957,0.604163274457193,-0.02053269281268226,0.0352901775608349
1250,VCaP,CTCF,RTE-BovB,-0.003540600016119875,0.8103767035374541,-0.032452559565934555,0.025377280005075255
1251,VCaP,CTCF,tRNA-RTE,-0.01573069286648013,0.3274687474205258,-0.04718854847035449,0.015758335385867864
1252,VCaP,CTCF,hAT-Ac,0.0203138421539457,0.2624564466581586,-0.015221848457597246,0.05579828156679606
1253,VCaP,CTCF,hAT,-0.01053862011829496,0.5845468534089928,-0.048285030084163585,0.027237847771672066
1254,VCaP,CTCF,MULE-MuDR,0.03338907338517885,0.10894601451611095,-0.00745120105874449,0.07411814598989645
1255,VCaP,CTCF,PiggyBac,-0.04206079330415422,0.05424505631003259,-0.08475238814812915,0.0007849454833366852
1256,VCaP,CTCF,5S-Deu-L2,-0.006885314052693598,0.7652579753132898,-0.05204209740587717,0.038299568276466064
1257,VCaP,CTCF,Helitron,0.003284906664243958,0.8924053914665422,-0.04429238094749426,0.050847327344315046
1258,VCaP,CTCF,hAT-Tag1,0.019717220134524774,0.4186041530062641,-0.028067282042946215,0.06741181380769437
1259,VCaP,CTCF,tRNA,0.010147322333789677,0.6939705443731049,-0.040387172611432196,0.060630037903217075
1260,VCaP,CTCF,Penelope,-0.004528985544886645,0.9074781349102173,-0.08076048896490794,0.07175519339124986
1261,VCaP,CTCF,TcMar-Tc1,0.0736437917458401,0.05960264624492181,-0.003084745927024868,0.1495102748128474
1262,VCaP,CTCF,Dong-R4,0.033251229783559974,0.4926596661006243,-0.061756311045420426,0.12766160341753024
1263,VCaP,CTCF,tRNA-Deu,0.0532809797282801,0.277106517518075,-0.04292123511819542,0.1485042345761171
1264,VCaP,CTCF,Kolobok,-0.07802214560175942,0.14291546418269668,-0.18094090697663243,0.026586914892596146
1265,VCaP,CTCF,PIF-Harbinger,0.07770058855862623,0.14746331452657546,-0.02766264785026018,0.18135630182210627
1266,VCaP,CTCF,Crypton,0.02267307288347837,0.7041081360063088,-0.0941883236687735,0.13891814509785558
1267,VCaP,CTCF,Merlin,-0.021515424971865926,0.7554560867003741,-0.15582798666185674,0.11357828371666419
1268,VCaP,CTCF,TcMar,0.09052020472336768,0.19900600442763694,-0.048068253102073556,0.22568923803109783
1269,VCaP,CTCF,L1-Tx1,-0.14907526572861327,0.08210120384304988,-0.3099117161565421,0.020055952249578804
1270,VCaP,CTCF,Crypton-A,0.04241752111785985,0.6304778948376859,-0.13013079571789707,0.21247206814391073
1271,VCaP,CTCF,I-Jockey,-0.053405615790936896,0.5812658258710843,-0.23923328996898963,0.13619612961263752
1272,VCaP,CTCF,hAT-Tip100?,-0.18237179487179486,0.14920470215894915,-0.4115373759053306,0.06848331317667612
1273,VCaP,CTCF,TcMar-Pogo,0.16752199413489735,0.3594340541212673,-0.19486065891139318,0.48966286389452485
1274,VCaP,CTCF,hAT?,-0.1578304048892284,0.3726694731670679,-0.472563881764985,0.19260824081920308
1275,VCaP,CTCF,hAT-hAT19,0.1176470588235294,0.6643410791623536,-0.403045265536449,0.5807994752518446
1276,VCaP,H3K27ac,Alu,-0.0006389091867767344,0.5013166172944821,-0.002501192961172071,0.0012233790192339522
1277,VCaP,H3K27ac,L1,0.002167125504655205,0.11508921650034382,-0.0005284557477370979,0.0048626752639136525
1278,VCaP,H3K27ac,MIR,0.0013359255114265723,0.3366990918002174,-0.0013895314682714375,0.0040613626444150255
1279,VCaP,H3K27ac,L2,0.00014064966429146045,0.9330300805940739,-0.003139813198858789,0.0034211095002595537
1280,VCaP,H3K27ac,ERVL-MaLR,0.004153820201416971,0.03802767960302417,0.00022943068358613396,0.0080780817766283
1281,VCaP,H3K27ac,hAT-Charlie,-0.0006989938084648935,0.7427727152087691,-0.004873459641958515,0.003475496386745675
1282,VCaP,H3K27ac,ERV1,-0.0005764176603032575,0.8502137927702726,-0.006558779078178501,0.005405985016287888
1283,VCaP,H3K27ac,ERVL,0.0012518319668239958,0.6883554948442052,-0.004865377052119903,0.0073689472993351745
1284,VCaP,H3K27ac,TcMar-Tigger,0.0016622142675322192,0.6006179331219798,-0.004560899686825276,0.007885199478563953
1285,VCaP,H3K27ac,hAT-Tip100,0.005672650321540577,0.1906140185000848,-0.0028226359233945214,0.014167117829959613
1286,VCaP,H3K27ac,CR1,0.0023035011822764608,0.6252935146277498,-0.006941200123147687,0.011547808767216335
1287,VCaP,H3K27ac,Gypsy,-0.010051112313384342,0.208127703873662,-0.025697377475321213,0.005600076031812167
1288,VCaP,H3K27ac,hAT-Blackjack,0.004596089200688933,0.5725990285292262,-0.011369301526897064,0.020559137194225138
1289,VCaP,H3K27ac,TcMar-Mariner,0.006462771510264329,0.43131589053864794,-0.009633680490752094,0.02255587511459576
1290,VCaP,H3K27ac,RTE-X,0.01322828714928547,0.1989092890168595,-0.006955015178731179,0.033400815844245944
1291,VCaP,H3K27ac,ERVK,-0.011415063250957843,0.3263486473091307,-0.03419940339524964,0.011381136323381044
1292,VCaP,H3K27ac,TcMar-Tc2,-0.026235447373588603,0.03399202105236697,-0.05046091687078854,-0.0019791236487149053
1293,VCaP,H3K27ac,SVA,0.02562612259905422,0.07193713160989232,-0.0022898403748027253,0.05350217554021714
1294,VCaP,H3K27ac,RTE-BovB,0.01066189139950169,0.46995304661707105,-0.018259750732541713,0.0395657059787048
1295,VCaP,H3K27ac,tRNA-RTE,-0.0007537457686015841,0.9625646855932504,-0.03222009078848246,0.030714091936838852
1296,VCaP,H3K27ac,hAT-Ac,0.012777366095035228,0.4807820090876578,-0.02274378500873747,0.04826629744658362
1297,VCaP,H3K27ac,hAT,-0.0025733815488002765,0.8937929001299458,-0.040334103975258495,0.035194680978987404
1298,VCaP,H3K27ac,MULE-MuDR,-0.005446869932714162,0.7938098288836444,-0.046264493142456974,0.03538891171432692
1299,VCaP,H3K27ac,PiggyBac,-0.02921490625415885,0.18132460831816957,-0.07195939250980868,0.01363669554314224
1300,VCaP,H3K27ac,5S-Deu-L2,0.009193411889703459,0.690052171761177,-0.035982923228659015,0.05433224929453149
1301,VCaP,H3K27ac,Helitron,0.02137294433872562,0.3787712755398893,-0.026229388749554293,0.06887856861438374
1302,VCaP,H3K27ac,hAT-Tag1,-0.017885422282927325,0.46313884540484396,-0.06558665232443649,0.029897366255089684
1303,VCaP,H3K27ac,tRNA,-0.013617433442847809,0.5974713177015629,-0.06408818119644111,0.03692279798297142
1304,VCaP,H3K27ac,Penelope,-0.011945864735979918,0.7593579640682102,-0.08818497334582381,0.06443238550271944
1305,VCaP,H3K27ac,TcMar-Tc1,0.03082693081072086,0.43091147283034736,-0.04590735540546856,0.1071995571147279
1306,VCaP,H3K27ac,Dong-R4,0.10798003877784018,0.02548895599909533,0.013052985814062211,0.20097809786696774
1307,VCaP,H3K27ac,tRNA-Deu,0.008326490642120366,0.8652235286637733,-0.08766025506922098,0.1041600391131846
1308,VCaP,H3K27ac,Kolobok,-0.05146168007976225,0.33362730623746595,-0.15478845672664843,0.052978742480507955
1309,VCaP,H3K27ac,PIF-Harbinger,-0.0731451268283287,0.1727601557023179,-0.1769042929080656,0.032222005131381945
1310,VCaP,H3K27ac,Crypton,-0.09757935195135334,0.10199407137269764,-0.2122342304234072,0.01972556217679801
1311,VCaP,H3K27ac,Merlin,0.043220399288593156,0.531399904577921,-0.09212752147792666,0.17700022278219252
1312,VCaP,H3K27ac,TcMar,0.06369605610313826,0.366609662119151,-0.0748084535566577,0.19978949891498501
1313,VCaP,H3K27ac,L1-Tx1,0.044715812374053934,0.6038658841496385,-0.12401240080108847,0.21093087532476845
1314,VCaP,H3K27ac,Crypton-A,-0.02068027646747911,0.8146332221098562,-0.19154423176062926,0.1514002973175586
1315,VCaP,H3K27ac,I-Jockey,0.16103234176628672,0.09437055271436764,-0.029144091761704308,0.3399579893093497
1316,VCaP,H3K27ac,hAT-Tip100?,-0.2304029304029304,0.06700757242529588,-0.45332008130628226,0.019638813811166802
1317,VCaP,H3K27ac,TcMar-Pogo,0.2162756598240469,0.23447947802069363,-0.14736113381856297,0.5284075830577603
1318,VCaP,H3K27ac,hAT?,0.0722689075630252,0.6846204019653569,-0.27298294964165093,0.40102886815033667
1319,VCaP,H3K27ac,hAT-hAT19,0.2764705882352941,0.2999421284923735,-0.26365264480027495,0.684611693761416
1320,C4-2B,CTCF,Alu,-0.00017863135393026168,0.8513105834847118,-0.0020464208811734304,0.0016891594196739366
1321,C4-2B,CTCF,L1,-0.0002707591535177209,0.8442172293960988,-0.0029713760045203845,0.002429861646963467
1322,C4-2B,CTCF,MIR,-0.0014020180352052462,0.3138694089487253,-0.0041304341312149336,0.0013264189349630072
1323,C4-2B,CTCF,L2,-0.0018160612758964714,0.27819080375480404,-0.005098431165620353,0.0014663477467373837
1324,C4-2B,CTCF,ERVL-MaLR,5.62971929153361e-05,0.9776275545654731,-0.003878322911938152,0.003990915554669403
1325,C4-2B,CTCF,hAT-Charlie,0.0034345298939850153,0.10750049160987425,-0.0007477967039763973,0.007616736341377796
1326,C4-2B,CTCF,ERV1,0.0013373583339933086,0.6633055056105615,-0.004683414499177773,0.007358034210860819
1327,C4-2B,CTCF,ERVL,-0.00012928469339852023,0.9670236511960848,-0.006258491477631778,0.005999931804571906
1328,C4-2B,CTCF,TcMar-Tigger,-0.0048098304639270315,0.13050695680697807,-0.01104392112608055,0.0014246340867075822
1329,C4-2B,CTCF,hAT-Tip100,-0.0054154418767136,0.21184138097092967,-0.013916096315303588,0.003085995308753553
1330,C4-2B,CTCF,CR1,-0.0014771667737077795,0.7543938276259732,-0.010731041489132145,0.007776960941167133
1331,C4-2B,CTCF,Gypsy,1.0880236497446367e-07,0.9999891348265034,-0.01565879132756094,0.01565900887893396
1332,C4-2B,CTCF,hAT-Blackjack,0.002486735648028895,0.760587555559137,-0.013508038333772954,0.01848023734611155
1333,C4-2B,CTCF,TcMar-Mariner,0.015319653381590257,0.06308946777643928,-0.0008368158285041648,0.03146812684910448
1334,C4-2B,CTCF,RTE-X,-0.00683659646032649,0.5068800279902874,-0.0270200876156243,0.013352466587016417
1335,C4-2B,CTCF,ERVK,0.008794186020844292,0.4544843727278045,-0.014250712535814681,0.03182974702995256
1336,C4-2B,CTCF,TcMar-Tc2,0.026241840827888854,0.03438910542761913,0.0019258336209244207,0.05052683432492664
1337,C4-2B,CTCF,SVA,0.0020089269197193877,0.8883761054665326,-0.026039139713189344,0.03005383307436049
1338,C4-2B,CTCF,RTE-BovB,-0.01302078549512315,0.37785619948829663,-0.04194029967093654,0.015920528357387064
1339,C4-2B,CTCF,tRNA-RTE,-0.010801961829329618,0.501499302864875,-0.04227996305794256,0.020697463030487775
1340,C4-2B,CTCF,hAT-Ac,0.010257482118214704,0.5720952241094893,-0.02532635762477751,0.04581536183494558
1341,C4-2B,CTCF,hAT,0.008411465587620138,0.6629644874098324,-0.029412304629527406,0.04621118189078212
1342,C4-2B,CTCF,MULE-MuDR,0.02301731048974471,0.26932534493717447,-0.017832460069614784,0.06379036652308384
1343,C4-2B,CTCF,PiggyBac,-0.011425501661227137,0.6020790061992438,-0.05432826184530586,0.03151936592738334
1344,C4-2B,CTCF,5S-Deu-L2,-0.013539489107745908,0.5570940769366932,-0.0586781019786217,0.03165437469094181
1345,C4-2B,CTCF,Helitron,-0.025001796485561428,0.3050371396111249,-0.0726759026837671,0.02278630189756982
1346,C4-2B,CTCF,hAT-Tag1,-0.038887222709973635,0.11087609532583059,-0.08654036876377222,0.008943461759892142
1347,C4-2B,CTCF,tRNA,0.03410265924217228,0.1862230833578298,-0.016486515989916375,0.08451767739094125
1348,C4-2B,CTCF,Penelope,0.052651255018089795,0.17868015714576285,-0.024165569501491495,0.12884999417050408
1349,C4-2B,CTCF,TcMar-Tc1,0.06049986100611991,0.1227651343050616,-0.016430367433887705,0.13671800370164314
1350,C4-2B,CTCF,Dong-R4,-0.0729398033701642,0.13191714097160828,-0.1666978131334908,0.022125404084393556
1351,C4-2B,CTCF,tRNA-Deu,-0.02045479284823394,0.676685328254744,-0.11615194211648676,0.07561863466790578
1352,C4-2B,CTCF,Kolobok,0.03102940495242267,0.5606407388589633,-0.07346833338493938,0.13485319656105452
1353,C4-2B,CTCF,PIF-Harbinger,-0.023833954450366207,0.6572445523131023,-0.12850726078543054,0.08136454419572853
1354,C4-2B,CTCF,Crypton,-0.051041747049991024,0.39232285794135013,-0.16672163468797535,0.06602418400557183
1355,C4-2B,CTCF,Merlin,0.08251922093172229,0.23264341290986956,-0.05337214493058517,0.21540977674526787
1356,C4-2B,CTCF,TcMar,0.051450911707946786,0.46710427690194467,-0.0873108153691749,0.18825406444491785
1357,C4-2B,CTCF,L1-Tx1,-0.10296164667404277,0.23119826660185724,-0.2664987151686425,0.06633785552621911
1358,C4-2B,CTCF,Crypton-A,-0.025886166961224106,0.770022000498326,-0.19722132199871653,0.14698344249405795
1359,C4-2B,CTCF,I-Jockey,-0.16248725790010196,0.09139261190423802,-0.34129832565646623,0.027673527013686625
1360,C4-2B,CTCF,hAT-Tip100?,0.027403846153846154,0.8284494450104455,-0.21799651367630035,0.26954500166537
1361,C4-2B,CTCF,TcMar-Pogo,-0.10740469208211142,0.5584828061999085,-0.44047892695343044,0.25165949113467634
1362,C4-2B,CTCF,hAT?,-0.1681149732620321,0.3496909925288374,-0.48544568251617803,0.18835600169797018
1363,C4-2B,CTCF,hAT-hAT19,-0.06470588235294117,0.8118214513105935,-0.5433955247540582,0.44573770486135694
1364,C4-2B,H3K27ac,Alu,-0.0006655218171102979,0.4848945744827351,-0.00253307418531847,0.0012020351934613652
1365,C4-2B,H3K27ac,L1,0.003315779716085597,0.01621644059157068,0.0006124526207445305,0.006019058348476298
1366,C4-2B,H3K27ac,MIR,-0.0005579865730307255,0.6935162906742683,-0.003333078158098788,0.0022171136063245927
1367,C4-2B,H3K27ac,L2,0.00027959582607175754,0.8674433152603677,-0.003003651863118674,0.0035628374873459268
1368,C4-2B,H3K27ac,ERVL-MaLR,-0.00031595646602717496,0.8750890931784842,-0.004255328198295496,0.003623425072701936
1369,C4-2B,H3K27ac,hAT-Charlie,0.00039245275879276674,0.8554982828537907,-0.003831373146545806,0.004616264660907597
1370,C4-2B,H3K27ac,ERV1,-0.004201671135310095,0.17255734872611514,-0.01023874299290713,0.0018357070134335913
1371,C4-2B,H3K27ac,ERVL,-0.0029352576470161704,0.348666351392924,-0.009073691206526293,0.003203397125539649
1372,C4-2B,H3K27ac,TcMar-Tigger,0.0012945692011843114,0.6881693523324954,-0.005027493015735043,0.0076165279357218035
1373,C4-2B,H3K27ac,hAT-Tip100,-0.0037386582211548776,0.39122853721532036,-0.012284586518785076,0.004807816209039856
1374,C4-2B,H3K27ac,CR1,0.0051045724470911765,0.28105138041360783,-0.0041767421615552525,0.014385007671813575
1375,C4-2B,H3K27ac,Gypsy,0.020901717379198114,0.009046783174029736,0.0052067047969217494,0.03658643463540336
1376,C4-2B,H3K27ac,hAT-Blackjack,0.0034828602487536474,0.67733340200433,-0.012921993400470283,0.01988583948014339
1377,C4-2B,H3K27ac,TcMar-Mariner,0.0022390207842591654,0.7975212772276685,-0.014865263704359274,0.019341995286264586
1378,C4-2B,H3K27ac,RTE-X,-0.010113727843454396,0.3262693256311415,-0.030299325270057516,0.010080115639095544
1379,C4-2B,H3K27ac,ERVK,0.0017173637514132356,0.8841119049568482,-0.02137298268126418,0.02480587905052325
1380,C4-2B,H3K27ac,TcMar-Tc2,0.0040897796908821804,0.7471048827690376,-0.02076682675184675,0.028941333328419458
1381,C4-2B,H3K27ac,SVA,-0.01789776756859258,0.211369766942186,-0.04594075304211721,0.010173405161129693
1382,C4-2B,H3K27ac,RTE-BovB,-0.01138415294908699,0.44085525554732785,-0.040315359068463584,0.017566125611799276
1383,C4-2B,H3K27ac,tRNA-RTE,-0.007312124874318465,0.6529577060837694,-0.039167234997639584,0.02455783288852507
1384,C4-2B,H3K27ac,hAT-Ac,0.011862463093633306,0.5147669481286234,-0.023828481942796246,0.047523207608672534
1385,C4-2B,H3K27ac,hAT,0.027845726948315774,0.1563258174884739,-0.010666322255979214,0.06627528877591628
1386,C4-2B,H3K27ac,MULE-MuDR,-0.0028888600431910398,0.8899167485333959,-0.043773531334299086,0.03800547139513683
1387,C4-2B,H3K27ac,PiggyBac,0.03427733216267117,0.12819555427111612,-0.009902885877689232,0.07832398652867724
1388,C4-2B,H3K27ac,5S-Deu-L2,-0.006166775910130661,0.790903128506071,-0.051714001707073104,0.03940605180973109
1389,C4-2B,H3K27ac,Helitron,-0.011364157083450007,0.6446986729359201,-0.05960503810858634,0.03692968178295354
1390,C4-2B,H3K27ac,hAT-Tag1,-0.02827362082290745,0.2466242577375492,-0.07599065288685453,0.019572616428532492
1391,C4-2B,H3K27ac,tRNA,-0.007758238542534631,0.7659996433776476,-0.05879373200664047,0.04331770393868851
1392,C4-2B,H3K27ac,Penelope,-0.014272889062875853,0.717079729788037,-0.0912565977396489,0.062880403139231
1393,C4-2B,H3K27ac,TcMar-Tc1,-0.00103008187747393,0.9797447092159672,-0.08040861686794161,0.07836143624249255
1394,C4-2B,H3K27ac,Dong-R4,0.04024240999425823,0.4062882891374179,-0.05479161742269457,0.13455389790639416
1395,C4-2B,H3K27ac,tRNA-Deu,-0.017777512355052406,0.7203322820979079,-0.11467183943701448,0.07945188368863852
1396,C4-2B,H3K27ac,Kolobok,-0.062394478266650184,0.2533427166043761,-0.1682104400635827,0.04484305331681773
1397,C4-2B,H3K27ac,PIF-Harbinger,0.02139768942530752,0.6950735195832385,-0.08548641173685086,0.1277948913619049
1398,C4-2B,H3K27ac,Crypton,-0.06687722671935636,0.2807953341372345,-0.18668431055432863,0.0548899091721133
1399,C4-2B,H3K27ac,Merlin,0.021645854300397088,0.7681098958666754,-0.12185845022113136,0.16426372334074177
1400,C4-2B,H3K27ac,TcMar,0.04033178871092094,0.5846764805005271,-0.1042102251058606,0.18320528689414933
1401,C4-2B,H3K27ac,L1-Tx1,0.0600940194268154,0.485447126826262,-0.10886818026982356,0.2256814095886577
1402,C4-2B,H3K27ac,Crypton-A,-0.039242982346129385,0.6691195220447563,-0.2162911194951901,0.14030395013545593
1403,C4-2B,H3K27ac,I-Jockey,0.23921786674080253,0.012238216450987974,0.05082770965399119,0.4111689010697769
1404,C4-2B,H3K27ac,hAT-Tip100?,0.029487179487179487,0.8170830292173392,-0.2179534545504903,0.2733658792598666
1405,C4-2B,H3K27ac,TcMar-Pogo,0.14926108374384234,0.4396508913693242,-0.23183793385533044,0.4906378893234976
1406,C4-2B,H3K27ac,hAT?,-0.07586898395721926,0.6747522433605396,-0.4089656160018253,0.2750678828751909
1407,C4-2B,H3K27ac,hAT-hAT19,0.2545454545454546,0.4500365768888285,-0.416805741615719,0.7462128425856346
1408,RWPE2,CTCF,Alu,6.959166483760662e-05,0.9416644781472281,-0.0017943163299777532,0.0019334991761089052
1409,RWPE2,CTCF,L1,0.0006986570948609074,0.6114207159855167,-0.0019966518047743634,0.003393955843474943
1410,RWPE2,CTCF,MIR,-0.0014234080219952903,0.306272399394448,-0.004150294432644623,0.0013034995575277218
1411,RWPE2,CTCF,L2,-0.00034586586298510026,0.8362766442696254,-0.0036260705537044264,0.0029343462706074705
1412,RWPE2,CTCF,ERVL-MaLR,-0.0024580901557649188,0.21973697301754655,-0.006383756690405145,0.001467652143350703
1413,RWPE2,CTCF,hAT-Charlie,0.0032721119322205003,0.12464951926419732,-0.0009044094020709244,0.007448519115350286
1414,RWPE2,CTCF,ERV1,0.00029353413331346647,0.9234249159986854,-0.005691787759824087,0.006278834995343635
1415,RWPE2,CTCF,ERVL,-0.003681210474718021,0.2383316750099057,-0.009799729700032574,0.002437584388382284
1416,RWPE2,CTCF,TcMar-Tigger,-0.0006707681185634642,0.8327346418685879,-0.006895622644111455,0.005554138390379966
1417,RWPE2,CTCF,hAT-Tip100,-0.006289059761691581,0.14683032749252917,-0.014784393386346953,0.0022071817674955098
1418,RWPE2,CTCF,CR1,0.011875455422369698,0.011821807543230567,0.0026295398571430165,0.021119340754078827
1419,RWPE2,CTCF,Gypsy,0.002402398130880941,0.7635198527930752,-0.013247535879161658,0.01805115542982642
1420,RWPE2,CTCF,hAT-Blackjack,0.013167556098633045,0.10617365885875342,-0.0028072094506323805,0.029135602769737246
1421,RWPE2,CTCF,TcMar-Mariner,0.00882326774136277,0.2831569260858299,-0.007290214555107501,0.024932169161211073
1422,RWPE2,CTCF,RTE-X,0.0024477913949970975,0.8120690674530651,-0.017729399871795053,0.02262298976170331
1423,RWPE2,CTCF,ERVK,-0.0030994115743676488,0.7899891580294208,-0.02590401457429952,0.01970841560978314
1424,RWPE2,CTCF,TcMar-Tc2,-0.006239289465573281,0.6141400232414235,-0.03048646751589927,0.01801522756755529
1425,RWPE2,CTCF,SVA,-0.008790869730450257,0.5373772070801206,-0.036711969865089254,0.019143944706555303
1426,RWPE2,CTCF,RTE-BovB,0.0030891318265932406,0.8341613345237412,-0.02582528888170935,0.03199838810963273
1427,RWPE2,CTCF,tRNA-RTE,-0.007877114334961563,0.6240849197247129,-0.03936336832476458,0.023624766869476562
1428,RWPE2,CTCF,hAT-Ac,-0.023556571869275476,0.19361431354934122,-0.05902149980140831,0.011967745330199028
1429,RWPE2,CTCF,hAT,0.01507410947648316,0.43433587610416424,-0.022719581445016426,0.052824777040504534
1430,RWPE2,CTCF,MULE-MuDR,0.04494806294614039,0.03079057244667932,0.004142864215946639,0.08560382510814789
1431,RWPE2,CTCF,PiggyBac,-0.018555754686610942,0.3959454028435021,-0.061336101892587064,0.02429264392164868
1432,RWPE2,CTCF,5S-Deu-L2,-0.023871898543528537,0.3002504479807798,-0.06895245466527192,0.021305950070211358
1433,RWPE2,CTCF,Helitron,-0.01936909672034367,0.425634552778558,-0.06693818449504568,0.028287843387995563
1434,RWPE2,CTCF,hAT-Tag1,-0.029330178493098,0.22884762878147702,-0.07698601924608903,0.01845937339091207
1435,RWPE2,CTCF,tRNA,-0.023775804887335623,0.35650927565215074,-0.07420629351160893,0.02677597805264266
1436,RWPE2,CTCF,Penelope,0.04479890811877399,0.25043221649230984,-0.03166433079596577,0.12074082730168884
1437,RWPE2,CTCF,TcMar-Tc1,-0.019015135254856104,0.6279245506991373,-0.0956662379654547,0.0578601447332991
1438,RWPE2,CTCF,Dong-R4,0.0008984440273397717,0.9852138112096613,-0.09389637720136458,0.09567712105243077
1439,RWPE2,CTCF,tRNA-Deu,0.06299931278709069,0.19863713036878167,-0.03321118720286768,0.15805294400386152
1440,RWPE2,CTCF,Kolobok,-0.05130958419341427,0.3364347199997735,-0.15493031119046602,0.05342780479024031
1441,RWPE2,CTCF,PIF-Harbinger,-0.008068816069048088,0.8806071535188911,-0.11295492112017538,0.09699513320703863
1442,RWPE2,CTCF,Crypton,-0.11291374016506293,0.05780584639658393,-0.22688248914487724,0.004105663808778237
1443,RWPE2,CTCF,Merlin,-0.021232045552638044,0.7585768601673168,-0.15555094917996237,0.11385772115636968
1444,RWPE2,CTCF,TcMar,0.02445180593983452,0.7291284907934896,-0.11366112909605666,0.16163760340372083
1445,RWPE2,CTCF,L1-Tx1,-0.06304598178216339,0.464228731922567,-0.22850636722565612,0.10595436656560095
1446,RWPE2,CTCF,Crypton-A,0.16636038612093937,0.05755284298455904,-0.006511288396758908,0.3295769578658514
1447,RWPE2,CTCF,I-Jockey,-0.09500509683995924,0.3257689199152787,-0.2785321897123312,0.0952158007553261
1448,RWPE2,CTCF,hAT-Tip100?,0.2003205128205128,0.11248717045312248,-0.050343656439791676,0.4272429730865942
1449,RWPE2,CTCF,TcMar-Pogo,0.09677419354838708,0.5982653668660818,-0.2615106894114984,0.43161955370840466
1450,RWPE2,CTCF,hAT?,-0.18533231474407943,0.29400903060158845,-0.49489989227078013,0.16598083363965652
1451,RWPE2,CTCF,hAT-hAT19,-0.27058823529411763,0.31076062710233504,-0.6809886999053857,0.2691605637560616
1452,RWPE2,H3K27ac,Alu,-0.0009019955689423445,0.3433342809106835,-0.002767632667570096,0.0009636478086864204
1453,RWPE2,H3K27ac,L1,0.00038080921489726217,0.7818886411076518,-0.002315048731313705,0.00307666162594256
1454,RWPE2,H3K27ac,MIR,-0.000768100307381947,0.5810314747044456,-0.00349595043768283,0.001959761254097878
1455,RWPE2,H3K27ac,L2,0.0006731156949588833,0.6875622975756228,-0.0026073288577353627,0.003953545760488524
1456,RWPE2,H3K27ac,ERVL-MaLR,0.0013156634905820343,0.5114313200185422,-0.0026115551855421183,0.005242841583976847
1457,RWPE2,H3K27ac,hAT-Charlie,0.000765246533784307,0.7196312503811885,-0.0034131795168578405,0.004943645863329384
1458,RWPE2,H3K27ac,ERV1,-0.004207341327960616,0.16840908291009468,-0.010194181799106573,0.001779800764953177
1459,RWPE2,H3K27ac,ERVL,0.00019382138379434185,0.9505105266417705,-0.005926784233567558,0.006314412479389233
1460,RWPE2,H3K27ac,TcMar-Tigger,0.007963347910808116,0.012192339946194071,0.0017364109703471256,0.014189667319803955
1461,RWPE2,H3K27ac,hAT-Tip100,0.0017906080182701403,0.6796745189163538,-0.006708895002101316,0.010289852333083669
1462,RWPE2,H3K27ac,CR1,0.004306907906860113,0.36133197342927725,-0.004940650704819567,0.013553729932932537
1463,RWPE2,H3K27ac,Gypsy,0.001342660325727781,0.8664806759944552,-0.01430855753960887,0.01699322041971034
1464,RWPE2,H3K27ac,hAT-Blackjack,-0.006468793310189774,0.42771846800346225,-0.02245180514640786,0.009517524340704402
1465,RWPE2,H3K27ac,TcMar-Mariner,0.00012163306059486756,0.9882164484256741,-0.016018915403884556,0.016262118150287965
1466,RWPE2,H3K27ac,RTE-X,-0.00920275998367717,0.37137782254383755,-0.02937401828288736,0.010975990563379784
1467,RWPE2,H3K27ac,ERVK,0.00019708598818710097,0.9865030644499218,-0.02263413935021487,0.02302810586043385
1468,RWPE2,H3K27ac,TcMar-Tc2,-0.013124804507216526,0.2889087738587096,-0.03736736506559223,0.011133195476715936
1469,RWPE2,H3K27ac,SVA,0.0006606990882411468,0.9630535788214085,-0.02728925398730243,0.02860961992536497
1470,RWPE2,H3K27ac,RTE-BovB,-0.024569639031228534,0.09581949533354885,-0.05344807179283038,0.004349857173667352
1471,RWPE2,H3K27ac,tRNA-RTE,-0.016860186510092207,0.29430145394250634,-0.04834041345895154,0.014653502519499815
1472,RWPE2,H3K27ac,hAT-Ac,0.013249361333091837,0.4647229951688695,-0.0222720580218995,0.048737370944843164
1473,RWPE2,H3K27ac,hAT,0.007395614306903289,0.7013688071921674,-0.030399024730907446,0.04516913569026669
1474,RWPE2,H3K27ac,MULE-MuDR,0.025760721106726447,0.21604165834802494,-0.015062935751783836,0.06649863726494176
1475,RWPE2,H3K27ac,PiggyBac,-0.03850004877498999,0.0782466008015184,-0.08122773479771507,0.004368886957137692
1476,RWPE2,H3K27ac,5S-Deu-L2,0.006205886909532079,0.7878930105967139,-0.038989918534277405,0.05137635254784154
1477,RWPE2,H3K27ac,Helitron,0.0031457257128529766,0.8970591431626607,-0.04448743979692996,0.05076462056781629
1478,RWPE2,H3K27ac,hAT-Tag1,-0.009532844058603948,0.6957751778920006,-0.05726129833308312,0.03823908546760522
1479,RWPE2,H3K27ac,tRNA,0.017884169582626525,0.48813175526281005,-0.03267867586097351,0.06835570557529053
1480,RWPE2,H3K27ac,Penelope,-0.0024814762168505794,0.9492652164572071,-0.07878346837362488,0.07384942134323111
1481,RWPE2,H3K27ac,TcMar-Tc1,0.01014665933363995,0.795792453637505,-0.06663220753472876,0.08680607102655671
1482,RWPE2,H3K27ac,Dong-R4,-0.026675216425359017,0.5820826308324681,-0.12117234803063812,0.06830107558484143
1483,RWPE2,H3K27ac,tRNA-Deu,0.014779231658694646,0.7634823936329006,-0.08137161344622873,0.11065752429427084
1484,RWPE2,H3K27ac,Kolobok,-0.04944000308388478,0.35367455394559266,-0.15294968408571405,0.05514270876114319
1485,RWPE2,H3K27ac,PIF-Harbinger,-0.03942350724986857,0.463512688255748,-0.1439980012421079,0.06602177727699574
1486,RWPE2,H3K27ac,Crypton,-0.09322387578070208,0.1176446934236778,-0.20780847322773435,0.023884565090095067
1487,RWPE2,H3K27ac,Merlin,-0.04741853263155907,0.493288530966039,-0.1813996111745986,0.08829080530351997
1488,RWPE2,H3K27ac,TcMar,-0.03941978112329097,0.5775273942621229,-0.17656250604328516,0.09922433478447552
1489,RWPE2,H3K27ac,L1-Tx1,0.04413708773838096,0.6085617520258109,-0.12458116921200471,0.21037465866013008
1490,RWPE2,H3K27ac,Crypton-A,0.11749162233117746,0.18138630521245933,-0.05574019696322739,0.28385650395879525
1491,RWPE2,H3K27ac,I-Jockey,0.03126679640441109,0.7468842440221957,-0.1578081445951301,0.21813018942993334
1492,RWPE2,H3K27ac,hAT-Tip100?,0.10439560439560439,0.41167416443241245,-0.14580648289434037,0.3420460403560501
1493,RWPE2,H3K27ac,TcMar-Pogo,0.1063049853372434,0.5625410369773747,-0.2526811940601481,0.4395647077372566
1494,RWPE2,H3K27ac,hAT?,-0.2427807486631016,0.1665138504976826,-0.540524579595144,0.1090076963882799
1495,RWPE2,H3K27ac,hAT-hAT19,-0.09117647058823529,0.7370049501736589,-0.5622759695515762,0.4246032278949095
1496,RWPE2,H3K36me3,Alu,-0.00024300767390126232,0.7981765873367501,-0.0021056254528347192,0.0016196117911887326
1497,RWPE2,H3K36me3,L1,-0.00026112193420354147,0.8493897269322683,-0.002956203011873699,0.002433962936770715
1498,RWPE2,H3K36me3,MIR,-0.0007859175398504703,0.5720126669392498,-0.0035117907564576824,0.0019399673561534703
1499,RWPE2,H3K36me3,L2,0.00032011378410884954,0.8483055122031922,-0.002959932747611279,0.003600153427823037
1500,RWPE2,H3K36me3,ERVL-MaLR,0.002194868050522134,0.27301816420536007,-0.0017297009815931933,0.00611936947169841
1501,RWPE2,H3K36me3,hAT-Charlie,0.0008692175978140581,0.6831997111100472,-0.0033053220715876666,0.005043726972082528
1502,RWPE2,H3K36me3,ERV1,0.0019192039541111952,0.5295366662838734,-0.004063761305939605,0.007902031817648068
1503,RWPE2,H3K36me3,ERVL,-0.0036638849600523046,0.24045212941038974,-0.009781153581664913,0.0024536578898319335
1504,RWPE2,H3K36me3,TcMar-Tigger,0.0012494966761960173,0.6939301804403264,-0.004973606903627362,0.007472503478812381
1505,RWPE2,H3K36me3,hAT-Tip100,0.008801590261418878,0.04226415220509517,0.000307324236906638,0.01729458626299052
1506,RWPE2,H3K36me3,CR1,-0.0025966238103993593,0.5819551485804797,-0.011840485106773881,0.006647681267940194
1507,RWPE2,H3K36me3,Gypsy,-0.005105410495345272,0.5224868544074325,-0.02074977756363795,0.01054145609722708
1508,RWPE2,H3K36me3,hAT-Blackjack,0.010437403976640731,0.2000255950368197,-0.00552683523921205,0.026396324296033235
1509,RWPE2,H3K36me3,TcMar-Mariner,0.0015088339100450526,0.854221881211291,-0.014585725985121914,0.017602612160239575
1510,RWPE2,H3K36me3,RTE-X,0.004572935199871338,0.6568970876579783,-0.015603826341517713,0.024745974050930264
1511,RWPE2,H3K36me3,ERVK,0.014764701048400084,0.20443475021898008,-0.008040997169751967,0.037555048019930544
1512,RWPE2,H3K36me3,TcMar-Tc2,-0.01659029129632782,0.17989231319762025,-0.040819671906585954,0.007658589446671556
1513,RWPE2,H3K36me3,SVA,-0.009956029230821018,0.48506291623455455,-0.037889943976853566,0.017993433155030488
1514,RWPE2,H3K36me3,RTE-BovB,-0.023161696337773163,0.11641441099546683,-0.05204276150359197,0.005758080466086072
1515,RWPE2,H3K36me3,tRNA-RTE,-0.007451623329785651,0.6426792522350822,-0.038914095029231155,0.024025608642232615
1516,RWPE2,H3K36me3,hAT-Ac,0.011469517043845901,0.5267479105471717,-0.02404499826226104,0.046955119537633774
1517,RWPE2,H3K36me3,hAT,0.0050597858242579065,0.7928970925561325,-0.03270427518375193,0.042809420209075716
1518,RWPE2,H3K36me3,MULE-MuDR,0.046284876617381114,0.02617611819292764,0.00547233354538337,0.08694348141378029
1519,RWPE2,H3K36me3,PiggyBac,0.017784784837786005,0.4157576387383244,-0.025052866289156844,0.060557242231430504
1520,RWPE2,H3K36me3,5S-Deu-L2,0.0034735880058646747,0.8802346855323699,-0.041693531012155886,0.04862653858283974
1521,RWPE2,H3K36me3,Helitron,-0.008239593495105503,0.7346227796119147,-0.05583082520254992,0.039388994173555916
1522,RWPE2,H3K36me3,hAT-Tag1,-0.011766540271369096,0.629337124355265,-0.05948820193209335,0.036008782307532
1523,RWPE2,H3K36me3,tRNA,0.046618109411870765,0.07060671601940008,-0.0039478729798251835,0.0969462986952149
1524,RWPE2,H3K36me3,Penelope,-0.02437910881961906,0.5315172368815454,-0.10046260137472812,0.051987850375336604
1525,RWPE2,H3K36me3,TcMar-Tc1,-0.024307162550775,0.5352291537313787,-0.10085535571816413,0.052527126068178796
1526,RWPE2,H3K36me3,Dong-R4,-0.09006977902533285,0.06264338969398595,-0.183477891913665,0.004950265170784328
1527,RWPE2,H3K36me3,tRNA-Deu,-0.023921418657292907,0.6257766676891859,-0.11957574190238751,0.07217292003452096
1528,RWPE2,H3K36me3,Kolobok,-0.07368660691283031,0.16594563698149709,-0.17655882841526427,0.030778008110570156
1529,RWPE2,H3K36me3,PIF-Harbinger,-0.05500938115444236,0.3054814768520887,-0.15914851977660197,0.05034044125116766
1530,RWPE2,H3K36me3,Crypton,-0.08442990975601625,0.15660719676679002,-0.19926802193303195,0.03269575642289817
1531,RWPE2,H3K36me3,Merlin,0.05409587166651637,0.43329543461627984,-0.08134383108039188,0.18757391899565315
1532,RWPE2,H3K36me3,TcMar,-0.010596463972430598,0.8807265231363939,-0.14809400187443628,0.12730295456991042
1533,RWPE2,H3K36me3,L1-Tx1,0.06205888290760829,0.47126652374754296,-0.10692895240242356,0.22756197065831932
1534,RWPE2,H3K36me3,Crypton-A,0.12076128400808271,0.16945317638078405,-0.05246669656196087,0.2869339649329138
1535,RWPE2,H3K36me3,I-Jockey,-0.14199796126401631,0.1407820191449115,-0.32237007818880686,0.048324011523457666
1536,RWPE2,H3K36me3,hAT-Tip100?,0.13447802197802194,0.2893985482380342,-0.11625408051552685,0.3690969847166007
1537,RWPE2,H3K36me3,TcMar-Pogo,-0.13709677419354838,0.45432458352832306,-0.46496551576757794,0.22384171846112547
1538,RWPE2,H3K36me3,hAT?,-0.3555385790679908,0.0390600829328696,-0.6259588486369057,-0.008795361331716593
1539,RWPE2,H3K36me3,hAT-hAT19,0.05294117647058824,0.8456104411493658,-0.4549988507346061,0.5348883254111099
1540,22Rv1,CTCF,Alu,0.0002510224111996386,0.791537125251853,-0.0016103719664857736,0.002112415049407174
1541,22Rv1,CTCF,L1,0.00039965132089394667,0.771319023571113,-0.0022953477450805525,0.003094644581528978
1542,22Rv1,CTCF,MIR,0.0010430928855365987,0.453066289880552,-0.0016816705857565341,0.0037678408683568514
1543,22Rv1,CTCF,L2,0.001245300226775351,0.45679470559591384,-0.0020346746142414483,0.004525248273504619
1544,22Rv1,CTCF,ERVL-MaLR,-0.001463074665254322,0.46480428885754965,-0.0053860619702317475,0.0024599576732754346
1545,22Rv1,CTCF,hAT-Charlie,0.00398543344597077,0.06123285530056902,-0.00018771245497035708,0.008158440535508094
1546,22Rv1,CTCF,ERV1,-0.004163081453671463,0.17248120566433,-0.010143650531513967,0.0018177854477508938
1547,22Rv1,CTCF,ERVL,-0.0006719956497361353,0.8294676884086707,-0.006786964030416306,0.005443022987029091
1548,22Rv1,CTCF,TcMar-Tigger,-0.004489509530149577,0.15725745092342616,-0.010710611018796402,0.0017319394918421066
1549,22Rv1,CTCF,hAT-Tip100,0.0036888917329605717,0.3945704979882477,-0.0048035780700009,0.01218082946120009
1550,22Rv1,CTCF,CR1,-0.004962067759098486,0.2927485715562383,-0.014205088978544285,0.004281801412056319
1551,22Rv1,CTCF,Gypsy,-0.01017247497086687,0.20252999864368834,-0.02581319881698672,0.005473228005623823
1552,22Rv1,CTCF,hAT-Blackjack,0.004433862135172106,0.5859781899194472,-0.011520922225516934,0.020386389445994295
1553,22Rv1,CTCF,TcMar-Mariner,0.0027396364036246937,0.738502233197792,-0.013344337216556684,0.018822192681940162
1554,22Rv1,CTCF,RTE-X,0.005700142508922569,0.5797665552588,-0.014475833674075227,0.0258714788941819
1555,22Rv1,CTCF,ERVK,0.0017151574733387045,0.8827384331077411,-0.02107355698574232,0.024502090616381575
1556,22Rv1,CTCF,TcMar-Tc2,-0.017294903993547644,0.16200085547986914,-0.041517880144179564,0.00694839091800215
1557,22Rv1,CTCF,SVA,0.007208282623597745,0.6126042487069207,-0.020691848175285514,0.03509719524803697
1558,22Rv1,CTCF,RTE-BovB,-0.018976504572776307,0.19820749218435801,-0.0478554682428743,0.009934157858018102
1559,22Rv1,CTCF,tRNA-RTE,0.009481744905897772,0.5547443228112974,-0.021980462682919696,0.04092519060266204
1560,22Rv1,CTCF,hAT-Ac,0.0034966254405263152,0.8470355913174306,-0.03202267231342262,0.03900710244889803
1561,22Rv1,CTCF,hAT,-0.008640601302002027,0.6538911163908927,-0.046383744019834604,0.0291271771714222
1562,22Rv1,CTCF,MULE-MuDR,-0.023355257292741217,0.2619417805734111,-0.0640919671820426,0.0174591579856326
1563,22Rv1,CTCF,PiggyBac,-0.0030443341005189466,0.8891659277793897,-0.04583323670894108,0.03975571919916613
1564,22Rv1,CTCF,5S-Deu-L2,0.01234382168115367,0.5921425768198816,-0.03281266334077819,0.05745001433181169
1565,22Rv1,CTCF,Helitron,0.018453947554856822,0.4476969450350231,-0.029188075549459288,0.06601231711341818
1566,22Rv1,CTCF,hAT-Tag1,0.02412283154236623,0.32235926110871904,-0.023664807503151464,0.07180048354946499
1567,22Rv1,CTCF,tRNA,0.0474725058711802,0.06550667772726325,-0.0030757718275100394,0.09777880287849323
1568,22Rv1,CTCF,Penelope,-0.017301809526454274,0.6575164699304186,-0.09355857821337234,0.05915677544366339
1569,22Rv1,CTCF,TcMar-Tc1,0.05992394073042938,0.12550290906097977,-0.01682957861555912,0.13597536117250705
1570,22Rv1,CTCF,Dong-R4,0.020820942898660735,0.6675347536883955,-0.07412237364945787,0.11539020647727712
1571,22Rv1,CTCF,tRNA-Deu,0.014646549496799749,0.7652691421312403,-0.08138798832932397,0.11041162806175363
1572,22Rv1,CTCF,Kolobok,-0.054278453986488916,0.3078093061616139,-0.15755181866801093,0.0501693388220988
1573,22Rv1,CTCF,PIF-Harbinger,0.02461691120248743,0.6467358821125965,-0.08058725720388724,0.1292786446330123
1574,22Rv1,CTCF,Crypton,0.1340005688985092,0.024168621103085732,0.017154805414134184,0.24723556590150758
1575,22Rv1,CTCF,Merlin,-0.028190584624789263,0.6831888999147502,-0.1623491821123648,0.1069913447408229
1576,22Rv1,CTCF,TcMar,-0.03674638670616835,0.6027163629760257,-0.17362322249972142,0.1015232473940679
1577,22Rv1,CTCF,L1-Tx1,-0.04153516044493195,0.6298697594077647,-0.20787292821927147,0.12713730597419232
1578,22Rv1,CTCF,Crypton-A,0.15504068393991471,0.07702367514211363,-0.017972806454726504,0.3190392396983283
1579,22Rv1,CTCF,I-Jockey,-0.07453433416736169,0.44114434494798327,-0.2592512668584723,0.1154429423238838
1580,22Rv1,CTCF,hAT-Tip100?,0.07413003663003662,0.5604630595972933,-0.1751995856295435,0.3145242339006694
1581,22Rv1,CTCF,TcMar-Pogo,-0.3310117302052786,0.06423532607447902,-0.615517926068357,0.029819908697384368
1582,22Rv1,CTCF,hAT?,-0.051489686783804424,0.7724316408399623,-0.38318581194528706,0.2919694532816019
1583,22Rv1,CTCF,hAT-hAT19,-0.4676470588235294,0.06776085019015395,-0.7930507736494362,0.06539761916447787
1584,22Rv1,H3K27ac,Alu,0.0014956379601015007,0.11542057776244846,-0.0003664077627100785,0.0033576733115530796
1585,22Rv1,H3K27ac,L1,-0.0011779773991802947,0.3916713161339561,-0.003873291236054924,0.001517353553170888
1586,22Rv1,H3K27ac,MIR,-0.001530508486496122,0.27098293535570667,-0.00425553996490581,0.00119454572264572
1587,22Rv1,H3K27ac,L2,0.0007050712382618004,0.6735345007565229,-0.0025750289905034866,0.003985156295285717
1588,22Rv1,H3K27ac,ERVL-MaLR,0.0001778372552314425,0.9292135324419359,-0.0037457946081560093,0.0041014636430574646
1589,22Rv1,H3K27ac,hAT-Charlie,0.00016577187477422996,0.9379522368799357,-0.004008038370488343,0.004339576344323103
1590,22Rv1,H3K27ac,ERV1,-0.00033963022086099366,0.911389104143283,-0.006321081677620523,0.005641845538418179
1591,22Rv1,H3K27ac,ERVL,0.0010730185038768947,0.7309318645802587,-0.005042577482688513,0.007188534228515537
1592,22Rv1,H3K27ac,TcMar-Tigger,0.0013551410156472025,0.6694782143257185,-0.004867024531139883,0.007577201634509655
1593,22Rv1,H3K27ac,hAT-Tip100,0.004665239004738651,0.2816770300711913,-0.003828285832020498,0.013158090779839076
1594,22Rv1,H3K27ac,CR1,-0.005523570629506717,0.24155713430004389,-0.014767017045001683,0.0037208197933143237
1595,22Rv1,H3K27ac,Gypsy,-0.0021310955893596873,0.7894983979337781,-0.01777544637903376,0.01351429842762699
1596,22Rv1,H3K27ac,hAT-Blackjack,0.0005621699575312268,0.9449518654086952,-0.015394503728138982,0.016518557373950155
1597,22Rv1,H3K27ac,TcMar-Mariner,0.0039140371751281156,0.633493107377839,-0.012174480296373524,0.02000052864889808
1598,22Rv1,H3K27ac,RTE-X,0.003649200319297971,0.7229572356479097,-0.016525162397789898,0.023820592949248896
1599,22Rv1,H3K27ac,ERVK,-0.009429925035117023,0.4176697753138665,-0.0322252513386268,0.013375206441158496
1600,22Rv1,H3K27ac,TcMar-Tc2,-0.0064174017970820615,0.6039529651918001,-0.03065701410992683,0.01782975437528015
1601,22Rv1,H3K27ac,SVA,0.016626524987274047,0.24303448893764848,-0.011290388028546636,0.04451753898759025
1602,22Rv1,H3K27ac,RTE-BovB,-0.006874702152768491,0.6412214673565158,-0.03577683324915695,0.02203891938647743
1603,22Rv1,H3K27ac,tRNA-RTE,-0.011885943776012091,0.4590878449768523,-0.04332984855313961,0.019581485629182608
1604,22Rv1,H3K27ac,hAT-Ac,0.009370726842588623,0.6051736713894063,-0.026153969058378086,0.04487178461590676
1605,22Rv1,H3K27ac,hAT,-0.04080979577401371,0.03410163760569744,-0.07845514490794028,-0.003048226961687454
1606,22Rv1,H3K27ac,MULE-MuDR,0.0013666406956147036,0.947680258180061,-0.03943663848290743,0.042165369712165106
1607,22Rv1,H3K27ac,PiggyBac,0.021441746365828303,0.32639082823232857,-0.02138777900573562,0.06419271578628892
1608,22Rv1,H3K27ac,5S-Deu-L2,0.011216578546300992,0.6263950548351648,-0.033938507537873426,0.0563259643748796
1609,22Rv1,H3K27ac,Helitron,0.024160530242267296,0.32016958109648486,-0.02348575544010043,0.07169730717374281
1610,22Rv1,H3K27ac,hAT-Tag1,0.027150033523148747,0.26534214741000584,-0.020638954280570523,0.07481524148114257
1611,22Rv1,H3K27ac,tRNA,-0.00239140698399845,0.9261205087459284,-0.052897584490710456,0.048126973896006356
1612,22Rv1,H3K27ac,Penelope,0.015599874888964757,0.6891324379554747,-0.06079392651973807,0.09181198299958132
1613,22Rv1,H3K27ac,TcMar-Tc1,0.032699908220485394,0.40342914001707164,-0.04403855652018156,0.10905476207906857
1614,22Rv1,H3K27ac,Dong-R4,-0.0034816619270717983,0.9427461503614245,-0.09823633377039448,0.0913355717934083
1615,22Rv1,H3K27ac,tRNA-Deu,-0.05113316198881906,0.2969613556598218,-0.1463920968328531,0.045065374623334285
1616,22Rv1,H3K27ac,Kolobok,-0.0752358795010561,0.15719794278108895,-0.17807358459229292,0.02922751200493459
1617,22Rv1,H3K27ac,PIF-Harbinger,-0.0933046752626106,0.08175008786353323,-0.19658161621129422,0.012019955311508932
1618,22Rv1,H3K27ac,Crypton,0.05226399158281785,0.3810714337197604,-0.06480759312833657,0.16791643127902026
1619,22Rv1,H3K27ac,Merlin,0.023636992223818633,0.7322208180573682,-0.11148571992559973,0.15790157112860778
1620,22Rv1,H3K27ac,TcMar,-0.013658453663316727,0.846637627348065,-0.15109042658776742,0.12429150991908378
1621,22Rv1,H3K27ac,L1-Tx1,0.10098978249201189,0.24030327298404502,-0.06830450795259495,0.26463087492110016
1622,22Rv1,H3K27ac,Crypton-A,-0.010900651664066171,0.9016545003852855,-0.18209066913510416,0.1609307452292685
1623,22Rv1,H3K27ac,I-Jockey,0.05972569734037624,0.537289596965194,-0.13000148171582,0.24523362678105964
1624,22Rv1,H3K27ac,hAT-Tip100?,-0.10187728937728938,0.4231071723027908,-0.3397677435274444,0.14826504315653805
1625,22Rv1,H3K27ac,TcMar-Pogo,-0.2379032258064516,0.18980396501248115,-0.5452667392847899,0.12584889283783365
1626,22Rv1,H3K27ac,hAT?,-0.044766997708174175,0.8015077050000261,-0.3773732824622022,0.29806930643688434
1627,22Rv1,H3K27ac,hAT-hAT19,-0.30882352941176466,0.24449869579851796,-0.7042336982353709,0.23281320666209246
1628,RWPE1,CTCF,Alu,-0.0002688411289873457,0.7774717735477812,-0.0021332773846588515,0.0015955969957355913
1629,RWPE1,CTCF,L1,-0.0008548815539699935,0.534771620777639,-0.0035541325345544907,0.0018443818839396287
1630,RWPE1,CTCF,MIR,-0.0024282404054463106,0.0808040054221655,-0.005153956188439116,0.0002975114595899061
1631,RWPE1,CTCF,L2,-0.0032186372937220626,0.054530983487362523,-0.00649977398125654,6.256869877809145e-05
1632,RWPE1,CTCF,ERVL-MaLR,-0.0018800109517386908,0.34822258908503423,-0.005808089829477566,0.0020481259434619076
1633,RWPE1,CTCF,hAT-Charlie,-0.0008162833787086944,0.7016603572651067,-0.00499262262350461,0.0033600843412187015
1634,RWPE1,CTCF,ERV1,-0.0008076581930019154,0.7920619920674923,-0.006812034493938575,0.00519677634478773
1635,RWPE1,CTCF,ERVL,0.0008600851710888669,0.7830275615273641,-0.005261467562257356,0.006981573444421343
1636,RWPE1,CTCF,TcMar-Tigger,-0.0028305944415265433,0.3729540704173593,-0.009057277325248575,0.00339630794492794
1637,RWPE1,CTCF,hAT-Tip100,0.0017506365599802328,0.6863122794144874,-0.006745190587832193,0.010246210995866523
1638,RWPE1,CTCF,CR1,0.0007793057130895213,0.8688596703326414,-0.008471577163316667,0.01003005520718938
1639,RWPE1,CTCF,Gypsy,-0.0056757957833544845,0.4772318748450032,-0.021324438739204022,0.009975627534000612
1640,RWPE1,CTCF,hAT-Blackjack,-0.021671605381518872,0.007823037501239397,-0.037631814688799635,-0.005700342494755979
1641,RWPE1,CTCF,TcMar-Mariner,0.0016882322427142656,0.8372543496165088,-0.014419950143412864,0.01779553857080019
1642,RWPE1,CTCF,RTE-X,-0.0005759824651202399,0.9553966676556331,-0.020757375660783523,0.01960587992382639
1643,RWPE1,CTCF,ERVK,-0.010907513529332516,0.35199815994377914,-0.033866804689240027,0.012063284097145875
1644,RWPE1,CTCF,TcMar-Tc2,-0.010560405318846154,0.3933144155502921,-0.03479630451267364,0.013687907530316666
1645,RWPE1,CTCF,SVA,0.020202476507534886,0.1558989355053028,-0.007705973285057473,0.048079478253749204
1646,RWPE1,CTCF,RTE-BovB,0.005855045450651776,0.6915237686466691,-0.023064298429793666,0.03476459882882058
1647,RWPE1,CTCF,tRNA-RTE,0.025057085835095538,0.11868006233953292,-0.006424078069430181,0.05648863053225656
1648,RWPE1,CTCF,hAT-Ac,0.0023285740404667805,0.8978662936351641,-0.03321862532990011,0.03786988956492168
1649,RWPE1,CTCF,hAT,-0.018007396875482876,0.3500630070221801,-0.05573013140651968,0.019766673266114042
1650,RWPE1,CTCF,MULE-MuDR,0.04893876701113532,0.018736913397465194,0.008120689996673891,0.08959402928898141
1651,RWPE1,CTCF,PiggyBac,-8.692672574401195e-05,0.9968288460041519,-0.042932638467242705,0.042759104170479824
1652,RWPE1,CTCF,5S-Deu-L2,0.020959788259010733,0.3630869248643065,-0.024216541253726517,0.0660506883303612
1653,RWPE1,CTCF,Helitron,-0.02585604609489353,0.28794623370497313,-0.07344208820136003,0.021847462084690822
1654,RWPE1,CTCF,hAT-Tag1,-0.014555399037986414,0.5506981948970757,-0.062296408888808,0.03325206669918993
1655,RWPE1,CTCF,tRNA,0.009666097086795347,0.7078933094793043,-0.040884329285119876,0.060167166643670666
1656,RWPE1,CTCF,Penelope,0.060425011368569405,0.1217959185991726,-0.016210448012942552,0.13635467897938877
1657,RWPE1,CTCF,TcMar-Tc1,0.0139472398983292,0.721830330501638,-0.06278992253449503,0.09052046214834009
1658,RWPE1,CTCF,Dong-R4,-0.017712433703898023,0.7148167968551917,-0.11231804308398831,0.07721140241961413
1659,RWPE1,CTCF,tRNA-Deu,0.009853228894497353,0.8408147981263472,-0.08614558426803144,0.10567075718643043
1660,RWPE1,CTCF,Kolobok,0.10499207588243877,0.04839470555901207,0.000477391441788017,0.2072378202329362
1661,RWPE1,CTCF,PIF-Harbinger,-0.03542290003828056,0.5095186922988669,-0.13991521016289532,0.06984970558092186
1662,RWPE1,CTCF,Crypton,-0.04669042944417023,0.43397659118660015,-0.16246595829525778,0.0703532487255609
1663,RWPE1,CTCF,Merlin,0.08770505572729674,0.20448811615642948,-0.04819179989305017,0.22041391701918292
1664,RWPE1,CTCF,TcMar,-0.13377107808022728,0.05707505520874211,-0.2671448342907913,0.004631289469849511
1665,RWPE1,CTCF,L1-Tx1,0.0014001402475958857,0.9870444644103333,-0.16635449241925926,0.16907600534131728
1666,RWPE1,CTCF,Crypton-A,0.08850240153699954,0.3147899167023161,-0.08463932527072641,0.2564562262247981
1667,RWPE1,CTCF,I-Jockey,-0.03401908998239274,0.7254557851162123,-0.22076087450237664,0.15512870984250407
1668,RWPE1,CTCF,hAT-Tip100?,-0.03511904761904761,0.7829321163833389,-0.27859530897550766,0.2125987434663964
1669,RWPE1,CTCF,TcMar-Pogo,-0.031524926686217,0.8640042696124455,-0.3761623900953163,0.32077540650650826
1670,RWPE1,CTCF,hAT?,-0.12543926661573718,0.4796464205959188,-0.4458474524941779,0.2234633005971665
1671,RWPE1,CTCF,hAT-hAT19,-0.06764705882352941,0.8034203137966691,-0.5455111301042209,0.4434098601134071
1672,RWPE1,H3K27ac,Alu,0.0006296851245875453,0.507874148826158,-0.001234178756576325,0.002493544630722103
1673,RWPE1,H3K27ac,L1,-0.0017507833405466036,0.20359173400487765,-0.004449764567335505,0.0009482233937228541
1674,RWPE1,H3K27ac,MIR,0.0010936485394507387,0.43176054510777795,-0.00163283346197322,0.003820114281232944
1675,RWPE1,H3K27ac,L2,-1.3038578278981901e-05,0.993785763673743,-0.003294180096454076,0.003268103220639926
1676,RWPE1,H3K27ac,ERVL-MaLR,0.0005956894052399143,0.7662793464817953,-0.0033321372871720567,0.004523497717350525
1677,RWPE1,H3K27ac,hAT-Charlie,0.004097062477757803,0.05452945579709954,-7.962489813498995e-05,0.008273606911948783
1678,RWPE1,H3K27ac,ERV1,-0.005895235061279287,0.05426741863873555,-0.011898119594032606,0.00010807438145753077
1679,RWPE1,H3K27ac,ERVL,0.001416154834840536,0.6502345799006573,-0.0047051143678818515,0.007537317912726111
1680,RWPE1,H3K27ac,TcMar-Tigger,-0.0032890794264376984,0.3006665413659684,-0.009517303196812108,0.00293939952900817
1681,RWPE1,H3K27ac,hAT-Tip100,0.0032074780845708427,0.4593156988573378,-0.005288168751380774,0.01170266193501792
1682,RWPE1,H3K27ac,CR1,0.008483690398955333,0.0722715353486153,-0.0007674597193514864,0.01773338850811523
1683,RWPE1,H3K27ac,Gypsy,-0.007915671028926746,0.3215269365311611,-0.023562410649806423,0.007734945631714216
1684,RWPE1,H3K27ac,hAT-Blackjack,0.00028478656248955654,0.9721497457232549,-0.01570204672383957,0.016271474279294644
1685,RWPE1,H3K27ac,TcMar-Mariner,-0.0035339760366013325,0.6684499219573907,-0.019704704219046326,0.01263860059629936
1686,RWPE1,H3K27ac,RTE-X,-0.019603952776217813,0.056944597311431616,-0.039772856010953775,0.0005809183968082341
1687,RWPE1,H3K27ac,ERVK,0.0018744267503581536,0.8729219007900266,-0.021092017320423796,0.024838893623330714
1688,RWPE1,H3K27ac,TcMar-Tc2,0.01088575543463117,0.37941256798662437,-0.01338864203642745,0.03514732937941014
1689,RWPE1,H3K27ac,SVA,0.023733500538313718,0.09553204332956029,-0.004177281397124264,0.05160733326137753
1690,RWPE1,H3K27ac,RTE-BovB,-0.02387318228592958,0.10579988739907298,-0.05276864058335414,0.005062219593000505
1691,RWPE1,H3K27ac,tRNA-RTE,0.025247051169686504,0.11600497138473172,-0.006242201590669988,0.056686282989860004
1692,RWPE1,H3K27ac,hAT-Ac,-0.012893176485609155,0.47724856956478,-0.0484168647613688,0.022663087680778383
1693,RWPE1,H3K27ac,hAT,0.002348363445860274,0.9030496119957825,-0.03542642281466397,0.04011644893673622
1694,RWPE1,H3K27ac,MULE-MuDR,-0.012651173045476723,0.543708426856854,-0.053443958750120334,0.028183767319743373
1695,RWPE1,H3K27ac,PiggyBac,0.0074914024086448535,0.7319546243859114,-0.0353664214715429,0.050321722094522486
1696,RWPE1,H3K27ac,5S-Deu-L2,0.023189482426895263,0.3142829977703791,-0.021988061775889987,0.06827251388239805
1697,RWPE1,H3K27ac,Helitron,-0.03277913418717542,0.17839782656532255,-0.08039125196747757,0.014982224725613813
1698,RWPE1,H3K27ac,hAT-Tag1,0.000452447883855028,0.9852020003378072,-0.04733038920072762,0.04823321899976176
1699,RWPE1,H3K27ac,tRNA,-0.03977797720222479,0.1228304188109602,-0.09012924895090865,0.010776122232334224
1700,RWPE1,H3K27ac,Penelope,-0.02797968818394438,0.47402211883477163,-0.10426236494006597,0.04863027210417091
1701,RWPE1,H3K27ac,TcMar-Tc1,0.010126469327129305,0.7961898456065168,-0.06665230210761217,0.08678602325627686
1702,RWPE1,H3K27ac,Dong-R4,0.032907463976847004,0.4971455660134182,-0.062098595299428856,0.12732252317627846
1703,RWPE1,H3K27ac,tRNA-Deu,-0.013218148829877737,0.7875848002645416,-0.10899919884205943,0.08280608628655897
1704,RWPE1,H3K27ac,Kolobok,0.02235172668680059,0.6751355967592935,-0.08208762540821969,0.12630549685357198
1705,RWPE1,H3K27ac,PIF-Harbinger,-0.08581824238434169,0.10950563016891189,-0.1892816270961687,0.019529802658173757
1706,RWPE1,H3K27ac,Crypton,0.03970799024169232,0.5058600853653819,-0.07729305736171846,0.15563021616017275
1707,RWPE1,H3K27ac,Merlin,0.0312985821114703,0.6520163070387424,-0.10456781380886394,0.16601808522027117
1708,RWPE1,H3K27ac,TcMar,-0.030156187296502917,0.6693039580035283,-0.16720241150597484,0.10803329323550835
1709,RWPE1,H3K27ac,L1-Tx1,0.0482301643955196,0.575702511730197,-0.1205567203837084,0.21430681127743706
1710,RWPE1,H3K27ac,Crypton-A,0.017058292062939982,0.846658303617315,-0.1549327890480211,0.18804576967812583
1711,RWPE1,H3K27ac,I-Jockey,0.18655360948938932,0.05209964358492913,-0.0032535727376831903,0.3633862389245568
1712,RWPE1,H3K27ac,hAT-Tip100?,-0.15581293706293708,0.21519158134457564,-0.3863601876679844,0.09305930012596915
1713,RWPE1,H3K27ac,TcMar-Pogo,-0.038123167155425214,0.8358910191159055,-0.38185545634006746,0.3148740540742188
1714,RWPE1,H3K27ac,hAT?,-0.20427807486631014,0.24651633570605946,-0.5101009811345472,0.1473988656960603
1715,RWPE1,H3K27ac,hAT-hAT19,-0.02058823529411765,0.9396737397890448,-0.5111202153779418,0.48006032055761466
