,cell_line,modification,family_name,r,p_value,ci_low,ci_high
0,Caco-2,H3K4me1,Alu,0.00032305626133165326,0.7346281444510383,-0.0015448612976989063,0.002190971566003153
1,Caco-2,H3K4me1,L1,-0.0011264357755132175,0.4139134623829158,-0.0038286271345711873,0.0015757720337691865
2,Caco-2,H3K4me1,MIR,0.0005960321494869642,0.6684243817181786,-0.0021314244690089084,0.0033234799002188264
3,Caco-2,H3K4me1,L2,0.0003202013479565564,0.8483823245424343,-0.0029624249988582404,0.003602820794038979
4,Caco-2,H3K4me1,ERVL-MaLR,0.0021172338386566633,0.29150553695277026,-0.001816794605467854,0.0060511967485022
5,Caco-2,H3K4me1,hAT-Charlie,0.00010580464795960907,0.9604407992288915,-0.004075054121855183,0.004286659718936004
6,Caco-2,H3K4me1,ERV1,0.00351365822413115,0.2527881198330261,-0.00250825403368351,0.009535315655004787
7,Caco-2,H3K4me1,ERVL,0.0016585352832782833,0.5958212528178424,-0.004469947009405124,0.007786892994635988
8,Caco-2,H3K4me1,TcMar-Tigger,-0.008723556687889688,0.006082854027425697,-0.014955545434272017,-0.0024908902107705654
9,Caco-2,H3K4me1,hAT-Tip100,-0.0005942888043527522,0.8910139720900113,-0.009094836718712336,0.007906344996708574
10,Caco-2,H3K4me1,CR1,-0.000602405417415382,0.8984746904891117,-0.009856058241339146,0.008651350575756969
11,Caco-2,H3K4me1,Gypsy,0.0021808625960377903,0.7848830256953745,-0.013478016649958438,0.017838672412794722
12,Caco-2,H3K4me1,hAT-Blackjack,-0.0030717286289052926,0.7066075531513978,-0.019063976797585983,0.012922090910475382
13,Caco-2,H3K4me1,TcMar-Mariner,-0.004393730217847617,0.593135959987062,-0.02050884519352212,0.011723667201611769
14,Caco-2,H3K4me1,RTE-X,-0.009112156813909976,0.376460054904142,-0.029298454003539972,0.011081569889275217
15,Caco-2,H3K4me1,ERVK,0.020500690719829785,0.08174845896327967,-0.0025860332906505086,0.04356557261986507
16,Caco-2,H3K4me1,TcMar-Tc2,0.008003723963364486,0.5182083169508707,-0.0162755525891831,0.03227356745503923
17,Caco-2,H3K4me1,SVA,-0.0008054574528174325,0.9551269322445896,-0.028854253287887363,0.027244605803396382
18,Caco-2,H3K4me1,RTE-BovB,-0.005139785721708074,0.7279169097258686,-0.03408477219697404,0.023813815895312868
19,Caco-2,H3K4me1,tRNA-RTE,0.0013731369923932575,0.9319040008754523,-0.03011558179920603,0.03285913297542834
20,Caco-2,H3K4me1,hAT-Ac,0.009403299450928987,0.604574332580724,-0.026185771429290315,0.04496856406089621
21,Caco-2,H3K4me1,hAT,-0.026341585098095335,0.17191764864001458,-0.06406997871655924,0.011462001045141286
22,Caco-2,H3K4me1,MULE-MuDR,-0.008167041595540882,0.6952601865574344,-0.0489967138242231,0.032689880555702315
23,Caco-2,H3K4me1,PiggyBac,-0.021319132767872773,0.3304388213943339,-0.06418298648417774,0.021623239849763328
24,Caco-2,H3K4me1,5S-Deu-L2,0.004027360887664509,0.8613576930211638,-0.041152744169222565,0.04919103002369122
25,Caco-2,H3K4me1,Helitron,-0.004251535611740111,0.8616800241862272,-0.05203719379735533,0.04355354731837862
26,Caco-2,H3K4me1,hAT-Tag1,-0.022444149679082318,0.3576169840941439,-0.07017089153567126,0.025385111904770698
27,Caco-2,H3K4me1,tRNA,-0.004546725647486838,0.8601502799475871,-0.055080407117317924,0.04601018849747735
28,Caco-2,H3K4me1,Penelope,0.07046455158671242,0.07129820028400909,-0.006212861544246122,0.1463181940300656
29,Caco-2,H3K4me1,TcMar-Tc1,0.01973663087507392,0.614662027265235,-0.05708228404977849,0.09632322230636621
30,Caco-2,H3K4me1,Dong-R4,0.022019608043483803,0.6496359183042952,-0.07293085521329806,0.11657449408599282
31,Caco-2,H3K4me1,tRNA-Deu,0.033063117202896744,0.500224147942027,-0.06307810548239857,0.12859632695120105
32,Caco-2,H3K4me1,Kolobok,0.04692342363829963,0.3787393961797245,-0.057650802533520236,0.15047911562642619
33,Caco-2,H3K4me1,PIF-Harbinger,-0.03180008419578563,0.5537882629865292,-0.13635121039134662,0.07345161841248209
34,Caco-2,H3K4me1,Crypton,-0.0031711646650926175,0.9576432541869524,-0.11972470554426098,0.11346859963747193
35,Caco-2,H3K4me1,Merlin,0.014431426452914115,0.8349212183422248,-0.12087972070095714,0.1492160671572361
36,Caco-2,H3K4me1,TcMar,0.016634562029001026,0.8146892195378586,-0.12205060274424273,0.15468260594856467
37,Caco-2,H3K4me1,L1-Tx1,0.14147017061708828,0.09914799475963829,-0.027727588130636634,0.3027874884804373
38,Caco-2,H3K4me1,Crypton-A,0.11435007800977544,0.1934217162282876,-0.05888273675815763,0.28089714667769217
39,Caco-2,H3K4me1,I-Jockey,0.14803076637939025,0.12450277522230219,-0.04225692182493549,0.32795499216208435
40,Caco-2,H3K4me1,hAT-Tip100?,0.1272435897435897,0.31636007432167057,-0.1233922981139381,0.3626192868404449
41,Caco-2,H3K4me1,TcMar-Pogo,0.0007331378299120235,0.9968226374104951,-0.3480498509601027,0.3493378458906952
42,Caco-2,H3K4me1,hAT?,-0.1841577540106952,0.3049280573145062,-0.4983759145437521,0.1728248234183724
43,Caco-2,H3K4me1,hAT-hAT19,0.032352941176470584,0.9053195187918449,-0.47101521392456863,0.519827000335542
44,Caco-2,H3K9me3,Alu,0.000619581410047837,0.5154591154889624,-0.001247623783998706,0.0024867822838170145
45,Caco-2,H3K9me3,L1,-0.0008548936231920803,0.5351050136876597,-0.0035563872155913,0.0018466124474168517
46,Caco-2,H3K9me3,MIR,0.0011074012162862975,0.4261259095528599,-0.001619869941628756,0.0038346559005625128
47,Caco-2,H3K9me3,L2,0.0015687929382594164,0.3488929424751981,-0.001713638496483657,0.004851190567799846
48,Caco-2,H3K9me3,ERVL-MaLR,0.0007769903180697787,0.6986169865263084,-0.0031561653218347002,0.004710121918471779
49,Caco-2,H3K9me3,hAT-Charlie,0.0010296261547117487,0.6292846490065749,-0.003150788971477856,0.005210005293946048
50,Caco-2,H3K9me3,ERV1,-0.000265882324280791,0.9310284745954138,-0.0062867752452133545,0.005755029873795727
51,Caco-2,H3K9me3,ERVL,0.002507660890156068,0.42247582682287976,-0.003619668950794855,0.008634802439610805
52,Caco-2,H3K9me3,TcMar-Tigger,0.0005805528963729511,0.8551301300015296,-0.005651647258460462,0.006812707953798386
53,Caco-2,H3K9me3,hAT-Tip100,-0.000524809172841941,0.9036841876867836,-0.009024882945105759,0.007975340436361207
54,Caco-2,H3K9me3,CR1,-0.006463601438991958,0.17099167612921856,-0.015716258724131137,0.0027901627441744366
55,Caco-2,H3K9me3,Gypsy,-0.007098319215169008,0.3743138387421897,-0.022754887252636944,0.008561729766729248
56,Caco-2,H3K9me3,hAT-Blackjack,0.012595529724264478,0.12268723476021823,-0.0033984036181783296,0.0285830206185898
57,Caco-2,H3K9me3,TcMar-Mariner,-0.0027738434614153888,0.735899862434021,-0.01889060921084507,0.013344363440402384
58,Caco-2,H3K9me3,RTE-X,0.019775304736863043,0.054887223898803204,-0.00041596079553030076,0.03995045256006652
59,Caco-2,H3K9me3,ERVK,-0.032729048091070634,0.005430764714794535,-0.055768171330717174,-0.00965508976573447
60,Caco-2,H3K9me3,TcMar-Tc2,0.008314901320606746,0.5020079774641628,-0.015960741649843707,0.03258074751221148
61,Caco-2,H3K9me3,SVA,0.019774875899457714,0.1667411683761457,-0.008258932253378669,0.04777762441487014
62,Caco-2,H3K9me3,RTE-BovB,-0.018210069262128897,0.21749327418790393,-0.047124875619323776,0.010735228957284794
63,Caco-2,H3K9me3,tRNA-RTE,0.006443530303993389,0.6883957910793269,-0.025045216391431053,0.037919503601356506
64,Caco-2,H3K9me3,hAT-Ac,-0.004982904975810983,0.7837764653156065,-0.04055545956090356,0.03060226519694458
65,Caco-2,H3K9me3,hAT,-0.008481712058880772,0.660029232423046,-0.04624617991800454,0.029306965523658336
66,Caco-2,H3K9me3,MULE-MuDR,-0.022277794831567405,0.2852254883189701,-0.06307079551724584,0.018589521380863703
67,Caco-2,H3K9me3,PiggyBac,0.014715928173465408,0.5017426098610765,-0.028221933136430136,0.05759958391215621
68,Caco-2,H3K9me3,5S-Deu-L2,-0.0007748038424850145,0.9731896637151589,-0.045933645916647274,0.04438719860225324
69,Caco-2,H3K9me3,Helitron,0.003589644746045726,0.8830104503969769,-0.04419990154019262,0.05136280009094263
70,Caco-2,H3K9me3,hAT-Tag1,-0.040285924712664324,0.09860462781049485,-0.08793191871692366,0.007543983246088755
71,Caco-2,H3K9me3,tRNA,-0.006466413141970922,0.8021458663887153,-0.056994390995470226,0.044094606180193376
72,Caco-2,H3K9me3,Penelope,-0.014842428348853229,0.7045711976186768,-0.09135047559607669,0.0618398126429427
73,Caco-2,H3K9me3,TcMar-Tc1,0.037231306316541146,0.3432733637055808,-0.03981125672133757,0.11383380685342612
74,Caco-2,H3K9me3,Dong-R4,0.011758214018792098,0.8083518429008001,-0.08312449579605789,0.10642965401149493
75,Caco-2,H3K9me3,tRNA-Deu,-0.012516148272055883,0.7986173153513473,-0.10830494134384135,0.08350291668041566
76,Caco-2,H3K9me3,Kolobok,0.04860731980886019,0.3618499024080919,-0.05597269427271096,0.1521323326533927
77,Caco-2,H3K9me3,PIF-Harbinger,-0.024585081970902187,0.6471617399191202,-0.12924728772250915,0.08061885781631153
78,Caco-2,H3K9me3,Crypton,-0.03441477399004135,0.5642404189666752,-0.1504426427336219,0.0825482864215639
79,Caco-2,H3K9me3,Merlin,0.00036279765536227393,0.9958201931333551,-0.1347123738777667,0.1354247317785979
80,Caco-2,H3K9me3,TcMar,-0.03390752238754751,0.6327488626391456,-0.1715363198226834,0.1050194147524481
81,Caco-2,H3K9me3,L1-Tx1,0.10538155573530432,0.2203592217036457,-0.06392296894653327,0.26878968286534977
82,Caco-2,H3K9me3,Crypton-A,0.01836882584527507,0.835038914955429,-0.15365501586693223,0.1893119845545641
83,Caco-2,H3K9me3,I-Jockey,0.07765730701510519,0.4221874799041807,-0.11236482842047342,0.26219995085977293
84,Caco-2,H3K9me3,hAT-Tip100?,0.09468864468864467,0.45672292638153644,-0.15527021070401048,0.3332525462165899
85,Caco-2,H3K9me3,TcMar-Pogo,0.01539589442815249,0.9333489581314992,-0.3351161741179495,0.36216443961932177
86,Caco-2,H3K9me3,hAT?,0.02774064171122995,0.8782069986183596,-0.31866445076878885,0.36760877830491534
87,Caco-2,H3K9me3,hAT-hAT19,0.0411764705882353,0.8796536149318311,-0.4641804933042493,0.5263090737375081
88,SJCRH30,H3K27ac,Alu,0.0003465589011910291,0.7158171373970417,-0.0015192119970092346,0.0022123273865810172
89,SJCRH30,H3K27ac,L1,0.0010047456901444752,0.46575052980130893,-0.0016950585596057057,0.0037045352928912296
90,SJCRH30,H3K27ac,MIR,-0.0027720690471880346,0.04625627283160881,-0.005498087067331302,-4.600982664926612e-05
91,SJCRH30,H3K27ac,L2,0.00020153944731298102,0.9041834269599368,-0.0030798571892509856,0.0034829317437047626
92,SJCRH30,H3K27ac,ERVL-MaLR,0.0019719493394664564,0.32527357135660273,-0.0019571349773880916,0.005900972772288994
93,SJCRH30,H3K27ac,hAT-Charlie,0.0023231972167266626,0.27571283804202446,-0.0018542253141942428,0.006500538665209627
94,SJCRH30,H3K27ac,ERV1,-0.0007405892984169547,0.8090666625867222,-0.0067477316462122156,0.00526660649933736
95,SJCRH30,H3K27ac,ERVL,0.0014149702476201865,0.6505363089622217,-0.004706836360553472,0.00753667080110817
96,SJCRH30,H3K27ac,TcMar-Tigger,-0.0009161637430368107,0.7731026847798017,-0.0071440545045516855,0.005311798089144776
97,SJCRH30,H3K27ac,hAT-Tip100,0.006848029224199332,0.11416975951420134,-0.001648445357250274,0.015343515154773828
98,SJCRH30,H3K27ac,CR1,-0.004179238387028062,0.37591117792439677,-0.013429373909881376,0.005071612396745161
99,SJCRH30,H3K27ac,Gypsy,0.0020301131280363815,0.7993046568461576,-0.013619250217297886,0.017678482172593067
100,SJCRH30,H3K27ac,hAT-Blackjack,-4.889354308753464e-05,0.9952145680612459,-0.01602554771522075,0.015927785589578636
101,SJCRH30,H3K27ac,TcMar-Mariner,-0.00968812628611165,0.23840713489264334,-0.025789539721113804,0.006418312588771092
102,SJCRH30,H3K27ac,RTE-X,-0.00716269239221912,0.48668974308375945,-0.027339562247898457,0.013020011400218431
103,SJCRH30,H3K27ac,ERVK,0.013802565016385942,0.2396309213912357,-0.009204899381599534,0.0367954233145503
104,SJCRH30,H3K27ac,TcMar-Tc2,-0.025943592067810665,0.035960363604130005,-0.05016024713276039,-0.0016964491218873078
105,SJCRH30,H3K27ac,SVA,-0.009096042954306138,0.5253780631986367,-0.037153831320244295,0.018976075440138105
106,SJCRH30,H3K27ac,RTE-BovB,0.013532211270878652,0.35930341595100046,-0.015402928457655484,0.0424447051070917
107,SJCRH30,H3K27ac,tRNA-RTE,0.001248607223447961,0.9380665932622373,-0.03023999580426822,0.03273473437365563
108,SJCRH30,H3K27ac,hAT-Ac,-0.004628391694560998,0.7987197557144479,-0.04018391778911862,0.03093884088703816
109,SJCRH30,H3K27ac,hAT,-0.0012920471369570515,0.9465471074364422,-0.03904772949375891,0.03646731918997099
110,SJCRH30,H3K27ac,MULE-MuDR,0.01539764416565469,0.4597789191583632,-0.02543065767535266,0.05617466411308043
111,SJCRH30,H3K27ac,PiggyBac,0.00983536402460357,0.6529244215224641,-0.03302545984430012,0.05266007872893255
112,SJCRH30,H3K27ac,5S-Deu-L2,0.0010683781203241916,0.9630276409715206,-0.04408222035513202,0.04621462106986218
113,SJCRH30,H3K27ac,Helitron,0.006838689297499156,0.7785717869474592,-0.04081561467446624,0.054461951644090956
114,SJCRH30,H3K27ac,hAT-Tag1,0.003749179641627659,0.8778149270818649,-0.044026491288464184,0.05150774134488505
115,SJCRH30,H3K27ac,tRNA,0.014053640563887434,0.5857832807028469,-0.03648724748514203,0.06452281960236496
116,SJCRH30,H3K27ac,Penelope,0.033904467713332616,0.38632148825133594,-0.042836471176381966,0.11024768060351543
117,SJCRH30,H3K27ac,TcMar-Tc1,0.01739555658002614,0.6572554486105521,-0.05941455498189934,0.09400089302417614
118,SJCRH30,H3K27ac,Dong-R4,-0.03026279373010017,0.5323691270396531,-0.12471334590807472,0.06473130666300198
119,SJCRH30,H3K27ac,tRNA-Deu,-0.06324667658809731,0.19687660160478887,-0.1582958153990477,0.032963855294066965
120,SJCRH30,H3K27ac,Kolobok,0.03556682900967823,0.5053595397250936,-0.06910544840308214,0.13946453316769228
121,SJCRH30,H3K27ac,PIF-Harbinger,-0.012309867097101154,0.818751592369961,-0.1171425174645663,0.09279409265640154
122,SJCRH30,H3K27ac,Crypton,-0.0668779805778736,0.2621439566997206,-0.1821824192803502,0.05024085686488024
123,SJCRH30,H3K27ac,Merlin,-0.090139249150863,0.19215626982718323,-0.22276099545519554,0.04575826626513548
124,SJCRH30,H3K27ac,TcMar,0.03275231559028655,0.6427254617122977,-0.10546980112622312,0.1697328528042194
125,SJCRH30,H3K27ac,L1-Tx1,-0.11237292270496645,0.19108201237992511,-0.27540058898525427,0.0569375826964143
126,SJCRH30,H3K27ac,Crypton-A,0.009910411270489151,0.9105494920280195,-0.1618944210653428,0.18113212279823945
127,SJCRH30,H3K27ac,I-Jockey,-0.0061810768232786585,0.9491382727276492,-0.19405892387909307,0.1821341631766001
128,SJCRH30,H3K27ac,hAT-Tip100?,0.006381118881118881,0.9597649917507056,-0.2378906191427784,0.24989368676399593
129,SJCRH30,H3K27ac,TcMar-Pogo,0.07001466275659823,0.7033717855509212,-0.2860624901016025,0.4091012481359273
130,SJCRH30,H3K27ac,hAT?,0.03284950343773873,0.8536770092315364,-0.308831820233893,0.36702119607160866
131,SJCRH30,H3K27ac,hAT-hAT19,0.0823529411764706,0.761733078752474,-0.43169432608080366,0.5560223806309977
132,SJCRH30,H3K4me1,Alu,-0.002027601803768302,0.03329662504908937,-0.003894654452064373,-0.00016053501933126058
133,SJCRH30,H3K4me1,L1,0.0007396550826360633,0.5913815674989864,-0.0019607964272766337,0.003440095804807762
134,SJCRH30,H3K4me1,MIR,0.0004536726956506233,0.7443678214559524,-0.002273252510054162,0.0031805911542405253
135,SJCRH30,H3K4me1,L2,0.0028957097724942454,0.08374087705240824,-0.0003861001162712906,0.006177457286734496
136,SJCRH30,H3K4me1,ERVL-MaLR,0.0015142241794046784,0.4502647698180847,-0.002416809263850614,0.005445210824424833
137,SJCRH30,H3K4me1,hAT-Charlie,-0.002231929861326923,0.29521533729069555,-0.006410992621482603,0.0019472108600422156
138,SJCRH30,H3K4me1,ERV1,-0.0010657097194676577,0.728272866407253,-0.007077724818512483,0.0049463824193699485
139,SJCRH30,H3K4me1,ERVL,0.002414497731784278,0.43970507925746405,-0.0037099881826492794,0.008538802518145396
140,SJCRH30,H3K4me1,TcMar-Tigger,-0.0009188173426521545,0.772540672691545,-0.007148878558909947,0.005311315199815386
141,SJCRH30,H3K4me1,hAT-Tip100,0.0007836871701420091,0.8565765117593409,-0.007714880673978511,0.009282141811061935
142,SJCRH30,H3K4me1,CR1,0.0005879331982796899,0.9008845228826909,-0.008664274968272464,0.00984004070778243
143,SJCRH30,H3K4me1,Gypsy,-0.009706518346691442,0.22417683567120147,-0.02535394530363497,0.005945663628812018
144,SJCRH30,H3K4me1,hAT-Blackjack,0.005680205374752671,0.48603788507210544,-0.01030124216390128,0.02165875182188624
145,SJCRH30,H3K4me1,TcMar-Mariner,0.001264557473098866,0.8777665403502495,-0.014849517419169157,0.017377975672469577
146,SJCRH30,H3K4me1,RTE-X,-0.009725737858520099,0.34491617032719935,-0.029900909124779662,0.010457354746384014
147,SJCRH30,H3K4me1,ERVK,0.00965107515587875,0.4116387977752758,-0.013389228243083652,0.032681135501923364
148,SJCRH30,H3K4me1,TcMar-Tc2,-0.0023826441682310573,0.8474190073015668,-0.026647558604993134,0.021885076344330255
149,SJCRH30,H3K4me1,SVA,0.009671138178098329,0.49930870440730724,-0.01838682186486729,0.03771387786757503
150,SJCRH30,H3K4me1,RTE-BovB,0.0035088628070682145,0.8120846835886483,-0.025415292153752794,0.03242714781056237
151,SJCRH30,H3K4me1,tRNA-RTE,-0.023511114849664103,0.14333769956287865,-0.054958115678981324,0.007982481572428994
152,SJCRH30,H3K4me1,hAT-Ac,-0.01471033556947279,0.4177975347858983,-0.05025961914937818,0.02087617542090234
153,SJCRH30,H3K4me1,hAT,-0.010154235379935024,0.5983921598341096,-0.04790842459115655,0.027628926296389966
154,SJCRH30,H3K4me1,MULE-MuDR,0.03812256717983956,0.06701975680284661,-0.002688640738961081,0.07880699490026809
155,SJCRH30,H3K4me1,PiggyBac,-0.028478150096665555,0.19301260161177983,-0.07126617520762245,0.014414491267417512
156,SJCRH30,H3K4me1,5S-Deu-L2,-0.003853921939329676,0.8672717612533798,-0.04901799118371864,0.04132587542104886
157,SJCRH30,H3K4me1,Helitron,-0.008336046923762672,0.7317878327832592,-0.0559551012891161,0.039320845322960735
158,SJCRH30,H3K4me1,hAT-Tag1,-0.00893103941542174,0.7141901891767082,-0.0566754300646251,0.03885410632915364
159,SJCRH30,H3K4me1,tRNA,-0.03682410621879206,0.15333106242465183,-0.08720815989470457,0.01374785943333555
160,SJCRH30,H3K4me1,Penelope,0.009056970306283463,0.8173133201403622,-0.06771667910821784,0.08572399219193777
161,SJCRH30,H3K4me1,TcMar-Tc1,0.058279886956296066,0.13683328327624386,-0.018593214711411177,0.1344679928548511
162,SJCRH30,H3K4me1,Dong-R4,-0.016893961908974783,0.7274588946491134,-0.11150891555701337,0.07802451783011335
163,SJCRH30,H3K4me1,tRNA-Deu,0.010303182909148062,0.8336490607293285,-0.0856991232668751,0.10611592657403174
164,SJCRH30,H3K4me1,Kolobok,-0.02125787043945854,0.6901917284976686,-0.12522720251170535,0.0831732908595535
165,SJCRH30,H3K4me1,PIF-Harbinger,0.049237280569825584,0.3590982560416758,-0.05609607942101794,0.1534866695871906
166,SJCRH30,H3K4me1,Crypton,-0.12707319291085215,0.032605261153591095,-0.24055773079386922,-0.01016137903230107
167,SJCRH30,H3K4me1,Merlin,-0.013571698206228163,0.8446271968508892,-0.14837440867555576,0.1217261587844175
168,SJCRH30,H3K4me1,TcMar,0.032820410249935775,0.6412052573181897,-0.10506109242701148,0.16946386655236426
169,SJCRH30,H3K4me1,L1-Tx1,0.12836952503374943,0.13492696124539186,-0.040906651538133186,0.29048226909200975
170,SJCRH30,H3K4me1,Crypton-A,0.06178459469143088,0.48327200561013217,-0.11107956304877155,0.23101991771908248
171,SJCRH30,H3K4me1,I-Jockey,0.02884811416921509,0.765876544972015,-0.1601610803292401,0.21581669606069098
172,SJCRH30,H3K4me1,hAT-Tip100?,0.1006555944055944,0.42498975229831304,-0.14746466484839083,0.3368569830926052
173,SJCRH30,H3K4me1,TcMar-Pogo,-0.003665689149560117,0.9841141433730167,-0.3519109180080397,0.3454709385256579
174,SJCRH30,H3K4me1,hAT?,-0.12452253628724218,0.48288835516812767,-0.4450848765618063,0.2243288124367735
175,SJCRH30,H3K4me1,hAT-hAT19,0.02941176470588235,0.9138955872505001,-0.47328372956885056,0.5176571840679537
176,SJCRH30,H3K9me3,Alu,0.0008922810694300822,0.3488628005932042,-0.0009745467057478075,0.002759102625342699
177,SJCRH30,H3K9me3,L1,0.0005213000259922146,0.7051381852634935,-0.0021788736664784115,0.003221466116949869
178,SJCRH30,H3K9me3,MIR,-0.00047410246537457,0.7332737192093673,-0.0032008966940354376,0.0022526988135954684
179,SJCRH30,H3K9me3,L2,-0.0020333085802373553,0.2246009372591848,-0.005314942439575426,0.0012483690737576188
180,SJCRH30,H3K9me3,ERVL-MaLR,-0.0002426754981316172,0.9036876924237425,-0.004173387963582157,0.0036880444662494745
181,SJCRH30,H3K9me3,hAT-Charlie,0.0003467910965057256,0.8707861413788395,-0.003831838019227272,0.004525408101674416
182,SJCRH30,H3K9me3,ERV1,0.0009699603956945772,0.7518029335490799,-0.005041111178409289,0.00698096187542786
183,SJCRH30,H3K9me3,ERVL,0.0017038051333201657,0.5855532253279507,-0.004420249004688712,0.007827731474476343
184,SJCRH30,H3K9me3,TcMar-Tigger,0.004518220549446298,0.15517999346591746,-0.001711676996599571,0.010747767389127022
185,SJCRH30,H3K9me3,hAT-Tip100,0.006302457948152884,0.14603576120180345,-0.0021951408797887323,0.014799146646714152
186,SJCRH30,H3K9me3,CR1,0.00074819470758713,0.8740642828518584,-0.00850371644281532,0.009999977771959595
187,SJCRH30,H3K9me3,Gypsy,0.0007465587578701218,0.9255226470529124,-0.014905525806801167,0.016398277535383643
188,SJCRH30,H3K9me3,hAT-Blackjack,-0.0049148365605574595,0.546563185878311,-0.020889428678082817,0.011062264422152605
189,SJCRH30,H3K9me3,TcMar-Mariner,-0.008407180609430695,0.30639626340778225,-0.024513556127406872,0.00770355830174378
190,SJCRH30,H3K9me3,RTE-X,0.003983118800769228,0.6989307711297361,-0.016200966426180997,0.02416395907433578
191,SJCRH30,H3K9me3,ERVK,0.01610709132673421,0.17048113377656715,-0.006927399637176541,0.03912449808400018
192,SJCRH30,H3K9me3,TcMar-Tc2,-0.010629444950699457,0.39073677069962065,-0.034891270168942626,0.013644901892077108
193,SJCRH30,H3K9me3,SVA,-0.002002962990985176,0.8886713537663452,-0.030039264714357635,0.0260364878935897
194,SJCRH30,H3K9me3,RTE-BovB,0.02029742688096177,0.16911338838111828,-0.008638409727570264,0.04919930002574888
195,SJCRH30,H3K9me3,tRNA-RTE,-0.0005030375664174722,0.9750273115919628,-0.031989934722913754,0.030984857069658808
196,SJCRH30,H3K9me3,hAT-Ac,0.014442714289422027,0.42616676590168834,-0.021131942644370266,0.049980845004397305
197,SJCRH30,H3K9me3,hAT,-0.0186136982332773,0.3342560196356491,-0.05634893789278296,0.01917464431125884
198,SJCRH30,H3K9me3,MULE-MuDR,0.02174865293340535,0.2963009911249258,-0.019074155131118615,0.062499066971696306
199,SJCRH30,H3K9me3,PiggyBac,0.01791032314095429,0.41292030946123925,-0.024968388686797818,0.060723255636804446
200,SJCRH30,H3K9me3,5S-Deu-L2,-0.0009543183088081163,0.9669811821653449,-0.04611278378019027,0.04420803975947548
201,SJCRH30,H3K9me3,Helitron,0.028183741719477785,0.2464463005648269,-0.01949233076836143,0.07573193256007951
202,SJCRH30,H3K9me3,hAT-Tag1,-0.005384331265544772,0.8253055108452287,-0.053152813577358696,0.04240873664056062
203,SJCRH30,H3K9me3,tRNA,0.019093400554119445,0.4591982475809483,-0.03147084055926067,0.06956016053844238
204,SJCRH30,H3K9me3,Penelope,-0.03722984088151879,0.34180609031521403,-0.11359825089289435,0.03957592111572017
205,SJCRH30,H3K9me3,TcMar-Tc1,0.05985272006387091,0.12653539728689883,-0.01701894217368052,0.13602096556183202
206,SJCRH30,H3K9me3,Dong-R4,0.008830158914018076,0.8554657533246863,-0.08603049100709814,0.10353214514059592
207,SJCRH30,H3K9me3,tRNA-Deu,-0.030660459705640106,0.5318894060255219,-0.12622664963513355,0.06546960232656905
208,SJCRH30,H3K9me3,Kolobok,-0.05979217745710726,0.26185889122867845,-0.16310234769522516,0.044814975697218054
209,SJCRH30,H3K9me3,PIF-Harbinger,-0.07773044169601105,0.14730738048535824,-0.1813854663921824,0.027632758224059414
210,SJCRH30,H3K9me3,Crypton,0.010068891229384565,0.8660801685437475,-0.10665677485836751,0.1265207981678169
211,SJCRH30,H3K9me3,Merlin,-0.02724431547856062,0.6939733303928842,-0.16174234005038565,0.1082474131471398
212,SJCRH30,H3K9me3,TcMar,0.06644496111375457,0.34624878467535314,-0.07207506461899477,0.20245030975787623
213,SJCRH30,H3K9me3,L1-Tx1,-0.0273237369318337,0.7512853534936134,-0.19417992031889364,0.14106904432237297
214,SJCRH30,H3K9me3,Crypton-A,-0.034992052721818684,0.691525690698283,-0.20533620537421785,0.1374098891814447
215,SJCRH30,H3K9me3,I-Jockey,0.01655082939486609,0.8643690108803228,-0.17209928983991665,0.20402989012265202
216,SJCRH30,H3K9me3,hAT-Tip100?,0.02958916083916084,0.8150021417027966,-0.21591975539143957,0.27157917039141116
217,SJCRH30,H3K9me3,TcMar-Pogo,-0.04875366568914955,0.7910270257158751,-0.390987099141728,0.305323572141902
218,SJCRH30,H3K9me3,hAT?,-0.2855614973262032,0.10160833294976837,-0.5735865129151605,0.06530458245999672
219,SJCRH30,H3K9me3,hAT-hAT19,-0.3235294117647059,0.2215741250012429,-0.7129823146794156,0.2184762258116274
220,SJCRH30,H3K36me3,Alu,-0.0001020945131116636,0.9146577860509302,-0.0019693146607392856,0.0017651263464235395
221,SJCRH30,H3K36me3,L1,-0.001868906263134355,0.1749591197544899,-0.004569325094884919,0.0008315398260942924
222,SJCRH30,H3K36me3,MIR,-0.002025377648621557,0.14548238250634224,-0.004752379389043142,0.0007016542158540539
223,SJCRH30,H3K36me3,L2,0.0009692630790796398,0.5626858319744577,-0.00231258579378978,0.004251091073104208
224,SJCRH30,H3K36me3,ERVL-MaLR,-0.0013608502928003931,0.4974760093667766,-0.00529205410033155,0.0025703955774085646
225,SJCRH30,H3K36me3,hAT-Charlie,-0.0019539668059229223,0.3594965364557219,-0.0061333230937553294,0.002225457743235567
226,SJCRH30,H3K36me3,ERV1,-0.0035034987735409664,0.25341534161000007,-0.009515686670468553,0.0025089424149254734
227,SJCRH30,H3K36me3,ERVL,-0.0052145807770328685,0.09518056375139235,-0.011339071121391875,0.0009103007943577318
228,SJCRH30,H3K36me3,TcMar-Tigger,-0.005288185981706247,0.09619196096954707,-0.011518076779043627,0.0009421153394372634
229,SJCRH30,H3K36me3,hAT-Tip100,-0.005681598456284093,0.19006528886382265,-0.014178938408173917,0.0028165620785318693
230,SJCRH30,H3K36me3,CR1,-0.000545426028121707,0.9080153928664927,-0.009797331345930875,0.008706572665141415
231,SJCRH30,H3K36me3,Gypsy,-0.02101689707993355,0.008493068362160268,-0.03665897162920121,-0.005364526615928024
232,SJCRH30,H3K36me3,hAT-Blackjack,-0.004743652939611052,0.560712948554271,-0.020722024465978157,0.011237141196990732
233,SJCRH30,H3K36me3,TcMar-Mariner,-0.004471168132880656,0.5866003103336397,-0.02058462062760769,0.011644606561036868
234,SJCRH30,H3K36me3,RTE-X,0.018343647685335876,0.07484369674011974,-0.0018403636888898835,0.03851271889992392
235,SJCRH30,H3K36me3,ERVK,-0.005035554704570082,0.6685359916761151,-0.028080378892069054,0.018014619263056406
236,SJCRH30,H3K36me3,TcMar-Tc2,0.02644756563676124,0.03266571628843781,0.0021783017673558842,0.05068569261540116
237,SJCRH30,H3K36me3,SVA,0.013189190639402089,0.3568676618904022,-0.014869846580280996,0.04122747165917424
238,SJCRH30,H3K36me3,RTE-BovB,-0.0015092462637900943,0.9185797141810714,-0.030438871272727073,0.027422905217957986
239,SJCRH30,H3K36me3,tRNA-RTE,-0.03053070936917205,0.057354885756039975,-0.06196180746625331,0.0009608846490641392
240,SJCRH30,H3K36me3,hAT-Ac,0.007549389502886545,0.6774020572883508,-0.028014734335427872,0.04309442546309624
241,SJCRH30,H3K36me3,hAT,0.006636778920288908,0.7306554894595989,-0.031143035542359566,0.044397656505161635
242,SJCRH30,H3K36me3,MULE-MuDR,-0.009405083780243044,0.651556489426395,-0.05018778682817087,0.03140893167180708
243,SJCRH30,H3K36me3,PiggyBac,0.033558098687377656,0.1252004382187807,-0.009354306544846059,0.07634712755069892
244,SJCRH30,H3K36me3,5S-Deu-L2,-0.023913183613244456,0.29967195656472995,-0.06901750307626689,0.02128870004803725
245,SJCRH30,H3K36me3,Helitron,-0.014396047394355193,0.5540119744516067,-0.06201049866663744,0.03328378265022698
246,SJCRH30,H3K36me3,hAT-Tag1,-0.019254816342512117,0.429739158524992,-0.06696525801082454,0.02854347825745339
247,SJCRH30,H3K36me3,tRNA,-0.0034928580987404075,0.8923028077511237,-0.05401275801151765,0.047044877692260866
248,SJCRH30,H3K36me3,Penelope,-0.08294326043308334,0.03408096393681128,-0.1587873874620466,-0.006125960101640038
249,SJCRH30,H3K36me3,TcMar-Tc1,0.051584879780444286,0.18765243902850448,-0.02523206502607498,0.12779622402641067
250,SJCRH30,H3K36me3,Dong-R4,-0.025934803651550473,0.5926054087336741,-0.12044132368421108,0.06903758591245596
251,SJCRH30,H3K36me3,tRNA-Deu,-0.03913663379028258,0.4248356348536029,-0.1345828239966319,0.05702910169497244
252,SJCRH30,H3K36me3,Kolobok,0.047222945739472166,0.3763803472145414,-0.057501276513125775,0.15091923925283918
253,SJCRH30,H3K36me3,PIF-Harbinger,0.08668158382554406,0.10596894468134709,-0.018664222182214116,0.19012391189211492
254,SJCRH30,H3K36me3,Crypton,0.061944263584524324,0.2990609579537655,-0.055162827597042725,0.17737027772963734
255,SJCRH30,H3K36me3,Merlin,-0.013146305180750566,0.8494384797758159,-0.1479579024779067,0.12214492136318264
256,SJCRH30,H3K36me3,TcMar,0.06842460307834716,0.332037634536535,-0.07010562317254747,0.20436557151783935
257,SJCRH30,H3K36me3,L1-Tx1,0.028649203032891143,0.7396430700439044,-0.13977177299537236,0.19545909894630475
258,SJCRH30,H3K36me3,Crypton-A,0.05856564613441232,0.5063954716325805,-0.11425265099741438,0.2279435229537161
259,SJCRH30,H3K36me3,I-Jockey,0.1012510425354462,0.2948230015462298,-0.08902034824356184,0.28439282460159865
260,SJCRH30,H3K36me3,hAT-Tip100?,0.062062937062937064,0.6233327021289425,-0.18486235100603973,0.30161753013563525
261,SJCRH30,H3K36me3,TcMar-Pogo,0.04728739002932551,0.7971796452335246,-0.30664403082940456,0.3897305275248658
262,SJCRH30,H3K36me3,hAT?,-0.280672268907563,0.10786152686312085,-0.5698477891096803,0.0703576088550956
263,SJCRH30,H3K36me3,hAT-hAT19,-0.047058823529411764,0.8626036946668731,-0.5306077414822763,0.45959953959144045
264,SJCRH30,H3K27me3,Alu,-0.0009065448090897906,0.3411139391589746,-0.0027729861800068834,0.0009599028779390085
265,SJCRH30,H3K27me3,L1,0.00038065523736253184,0.7823170534090147,-0.0023195535609951794,0.00308085848491907
266,SJCRH30,H3K27me3,MIR,-0.000540659708775252,0.6975239880847516,-0.0032670944778339824,0.002185783098239619
267,SJCRH30,H3K27me3,L2,-0.0012768410195902755,0.44570838739739327,-0.004558479988649614,0.00200482545074034
268,SJCRH30,H3K27me3,ERVL-MaLR,-0.001650217873191712,0.41054828278811384,-0.005580481857714112,0.002280097093879274
269,SJCRH30,H3K27me3,hAT-Charlie,0.00036651033406987795,0.8635015605037334,-0.0038118911786432256,0.00454489904898388
270,SJCRH30,H3K27me3,ERV1,0.0037380946954796153,0.2229121731599234,-0.0022731029594895147,0.009749022210469338
271,SJCRH30,H3K27me3,ERVL,-0.0007156678597845311,0.8188100038319721,-0.006838805394501212,0.0054075233402328315
272,SJCRH30,H3K27me3,TcMar-Tigger,-0.0007837159914526649,0.8052159865763373,-0.007012493485141732,0.0054451223155748425
273,SJCRH30,H3K27me3,hAT-Tip100,0.0002927211948082989,0.9461692548981527,-0.00820445671342484,0.008789856833117705
274,SJCRH30,H3K27me3,CR1,0.008525196029904966,0.07091887897380658,-0.0007269834758625891,0.017775916098095156
275,SJCRH30,H3K27me3,Gypsy,-0.01601710089240904,0.04487557195238569,-0.03166107725393925,-0.0003652787279695711
276,SJCRH30,H3K27me3,hAT-Blackjack,0.002321382477027762,0.775791533806626,-0.013653158657291916,0.018294738924374398
277,SJCRH30,H3K27me3,TcMar-Mariner,0.00860309874496554,0.29526141045497295,-0.007507650748509571,0.024709383169620174
278,SJCRH30,H3K27me3,RTE-X,-0.009223553408430037,0.37045021502708164,-0.02940121200290823,0.010961619138576488
279,SJCRH30,H3K27me3,ERVK,-0.013588037576944512,0.24763407627440812,-0.03661124962440131,0.009449591328479738
280,SJCRH30,H3K27me3,TcMar-Tc2,-0.0012989389257728526,0.9164448543283373,-0.02556084535674325,0.022964496819257565
281,SJCRH30,H3K27me3,SVA,0.01861010605386224,0.1934781222111539,-0.009443821790270658,0.04663476116753102
282,SJCRH30,H3K27me3,RTE-BovB,-0.003329803798705113,0.82154642916189,-0.03225456336595752,0.02560052860934769
283,SJCRH30,H3K27me3,tRNA-RTE,0.006203533928142398,0.6994256906983392,-0.025285046490035813,0.037679816688883955
284,SJCRH30,H3K27me3,hAT-Ac,-0.025149356946448733,0.16572839621321517,-0.06065682293516228,0.01042167840244806
285,SJCRH30,H3K27me3,hAT,-0.014538473080332365,0.45067448630457385,-0.05227634314109618,0.023240861084123775
286,SJCRH30,H3K27me3,MULE-MuDR,-0.011075170042435998,0.594866255617499,-0.05185404848047915,0.029740580398991114
287,SJCRH30,H3K27me3,PiggyBac,0.004450515634821052,0.8388301672130394,-0.038423388288375805,0.04730806385252998
288,SJCRH30,H3K27me3,5S-Deu-L2,-0.017166784578372323,0.4563420418395253,-0.06227029911724476,0.0280067046498225
289,SJCRH30,H3K27me3,Helitron,-0.01360117501768059,0.5761056582081174,-0.061218224375467645,0.03407764393349668
290,SJCRH30,H3K27me3,hAT-Tag1,0.04290446114915974,0.07838152359110341,-0.004895138439214967,0.09050844661630732
291,SJCRH30,H3K27me3,tRNA,-0.004249376716689673,0.8691679229379217,-0.05476712378260771,0.046290069239446965
292,SJCRH30,H3K27me3,Penelope,-0.03706778863602617,0.3439129319445504,-0.11343783768502334,0.03973771132423111
293,SJCRH30,H3K27me3,TcMar-Tc1,0.010367207109565854,0.7914549604827403,-0.06641269919788553,0.08702506203800986
294,SJCRH30,H3K27me3,Dong-R4,0.01890750201147365,0.6964978259635286,-0.07602398503092064,0.1134992987154173
295,SJCRH30,H3K27me3,tRNA-Deu,0.004194504678842654,0.9318635589251285,-0.09175791410667225,0.10006974773815364
296,SJCRH30,H3K27me3,Kolobok,-0.1404449881606661,0.008139231439332099,-0.24163450140451065,-0.03623386922839362
297,SJCRH30,H3K27me3,PIF-Harbinger,0.00661786890239402,0.9019567998972727,-0.0984317483713101,0.11152162064717608
298,SJCRH30,H3K27me3,Crypton,-0.032182860700835585,0.589788197469844,-0.14825383554556484,0.08476271950220918
299,SJCRH30,H3K27me3,Merlin,-0.015011391718880567,0.8283876265925798,-0.14978376012533748,0.12030863763467597
300,SJCRH30,H3K27me3,TcMar,0.03369962619288964,0.6322906519309135,-0.10419253668221462,0.1703206133883817
301,SJCRH30,H3K27me3,L1-Tx1,-0.10136548679178346,0.23854948421575178,-0.26498683156010666,0.06792987407973096
302,SJCRH30,H3K27me3,Crypton-A,-0.033302505096119886,0.7057157015278319,-0.20371065451067008,0.1390641846762514
303,SJCRH30,H3K27me3,I-Jockey,-0.04415716801037902,0.6484461434301367,-0.230433480807423,0.14524099631360185
304,SJCRH30,H3K27me3,hAT-Tip100?,0.04383741258741258,0.7287884454773559,-0.20233852199484822,0.284802480191484
305,SJCRH30,H3K27me3,TcMar-Pogo,0.007331378299120234,0.9682342625092057,-0.34224180798049186,0.35512179713093395
306,SJCRH30,H3K27me3,hAT?,-0.13857906799083267,0.4344462898835504,-0.4567386704472829,0.21101118474056063
307,SJCRH30,H3K27me3,hAT-hAT19,-0.044117647058823525,0.8711220048065985,-0.5284606726859619,0.46189247481035667
308,SJCRH30,H3K4me3,Alu,0.0015690165204175893,0.09962823349149443,-0.00029853403113123196,0.003436556127344363
309,SJCRH30,H3K4me3,L1,0.00171799873345523,0.21244220637591865,-0.0009825216870783739,0.004418494096068839
310,SJCRH30,H3K4me3,MIR,-0.0004849738761878455,0.727436032650278,-0.00321215865161802,0.0022422181132852105
311,SJCRH30,H3K4me3,L2,0.0003817231305786538,0.8196732379965507,-0.0029001903811537388,0.003663628419284136
312,SJCRH30,H3K4me3,ERVL-MaLR,-0.0030167572784436025,0.13260554769167768,-0.006948262103918947,0.0009148408084993547
313,SJCRH30,H3K4me3,hAT-Charlie,-0.00026407551551314634,0.9014441765020793,-0.0044435585908675366,0.003915416785646069
314,SJCRH30,H3K4me3,ERV1,0.00047113315327337543,0.8779286392318166,-0.00554074363426051,0.006482975884979511
315,SJCRH30,H3K4me3,ERVL,0.007704843469668052,0.013676845715088775,0.001580135898576141,0.01382897301216327
316,SJCRH30,H3K4me3,TcMar-Tigger,0.0013121672233116209,0.6797758147776214,-0.004918417182991457,0.007542649753964112
317,SJCRH30,H3K4me3,hAT-Tip100,-7.149441601682958e-05,0.9868445575095552,-0.00856968482724363,0.008426706321767388
318,SJCRH30,H3K4me3,CR1,-0.0051367473256967115,0.2765479637927193,-0.014388594008967647,0.0041159788412754245
319,SJCRH30,H3K4me3,Gypsy,-0.001871031543326491,0.8147624276884436,-0.017521941270668653,0.013780794862914282
320,SJCRH30,H3K4me3,hAT-Blackjack,-0.004648134412816222,0.5686444883584434,-0.020627072136539488,0.011333177298164885
321,SJCRH30,H3K4me3,TcMar-Mariner,-0.007466791375108838,0.36395756944910274,-0.023583391968950415,0.00865368928959249
322,SJCRH30,H3K4me3,RTE-X,0.012335659490881726,0.2309778222400152,-0.007849765280798393,0.03251103537499624
323,SJCRH30,H3K4me3,ERVK,0.020404713453511112,0.08248591536336823,-0.0026293463910526693,0.04341713245793549
324,SJCRH30,H3K4me3,TcMar-Tc2,0.015210571541416317,0.21939801059947525,-0.009066181485059263,0.039469404628936215
325,SJCRH30,H3K4me3,SVA,-0.006155452806414437,0.6674000247194705,-0.034219377742626164,0.021918171719288285
326,SJCRH30,H3K4me3,RTE-BovB,-0.00951153101769491,0.5194647631379563,-0.03843569698387642,0.019428559985613922
327,SJCRH30,H3K4me3,tRNA-RTE,-0.007845168278656398,0.6254027020016991,-0.03932334034945491,0.023648559599820852
328,SJCRH30,H3K4me3,hAT-Ac,-0.00774510146575592,0.6696303742636194,-0.04330151073482373,0.027830903388259276
329,SJCRH30,H3K4me3,hAT,-0.015910532230071696,0.4091831137954566,-0.053652266924816214,0.021876595622628718
330,SJCRH30,H3K4me3,MULE-MuDR,0.00040163604412269576,0.9846172417712462,-0.04040893268111086,0.041210866961309496
331,SJCRH30,H3K4me3,PiggyBac,0.0037614090655981583,0.8635505358488655,-0.03912166943512689,0.04663065768244066
332,SJCRH30,H3K4me3,5S-Deu-L2,-0.015375117063967733,0.5046879900552448,-0.06048425244299046,0.02979669169077279
333,SJCRH30,H3K4me3,Helitron,0.009677988402536166,0.6908579407310347,-0.0380092834814981,0.05732127980230812
334,SJCRH30,H3K4me3,hAT-Tag1,0.020817278063100512,0.39325579731149574,-0.026982341455363525,0.06852191865585158
335,SJCRH30,H3K4me3,tRNA,-0.00739202212675533,0.7744690143002699,-0.05790036322422096,0.043154064683313884
336,SJCRH30,H3K4me3,Penelope,0.024652322861538598,0.529446783205823,-0.052183029304924376,0.10119751947355943
337,SJCRH30,H3K4me3,TcMar-Tc1,0.025779876909364414,0.5107806573447896,-0.05105885417858641,0.10231518980932386
338,SJCRH30,H3K4me3,Dong-R4,-0.03250500084739387,0.5024248518455783,-0.12692552460565307,0.06249930258247629
339,SJCRH30,H3K4me3,tRNA-Deu,-0.0224044566561015,0.6478537317429818,-0.1180777300775436,0.07368094322666377
340,SJCRH30,H3K4me3,Kolobok,-0.03921499221169034,0.4626732421520886,-0.14305190707921647,0.06547583028879171
341,SJCRH30,H3K4me3,PIF-Harbinger,0.022399239486072683,0.6766759057762823,-0.0827886207207864,0.127093505844253
342,SJCRH30,H3K4me3,Crypton,-0.03759361573796957,0.5287952690872817,-0.15355861636661888,0.07939284365554405
343,SJCRH30,H3K4me3,Merlin,-0.060646610174282654,0.38074909383895894,-0.194245202990572,0.07516081218140351
344,SJCRH30,H3K4me3,TcMar,0.0947301715752431,0.17882300385293967,-0.04385773209694031,0.22974100772459036
345,SJCRH30,H3K4me3,L1-Tx1,0.009513952982414042,0.91213963520694,-0.15845810564871934,0.17695080876845384
346,SJCRH30,H3K4me3,Crypton-A,0.0849311302523471,0.3347909382279851,-0.08818421192725219,0.25306640365672883
347,SJCRH30,H3K4me3,I-Jockey,0.009405986470206653,0.9226697166738989,-0.17901653464981365,0.19716292557664714
348,SJCRH30,H3K4me3,hAT-Tip100?,0.11298076923076922,0.370210157380251,-0.13540675181667547,0.34800666415980464
349,SJCRH30,H3K4me3,TcMar-Pogo,0.04288856304985337,0.815707997351764,-0.3105993486813585,0.385955123483727
350,SJCRH30,H3K4me3,hAT?,-0.15446906035141328,0.3830645080321825,-0.4698120244142869,0.19583526579690005
351,SJCRH30,H3K4me3,hAT-hAT19,-0.047058823529411764,0.8626036946668731,-0.5306077414822763,0.45959953959144045
352,BE2C,H3K4me1,Alu,0.00029294992302765136,0.7586907638098094,-0.0015760934126394655,0.002161991211959431
353,BE2C,H3K4me1,L1,0.0008421347083548307,0.5415334316863154,-0.001861493495229421,0.0035457506006414826
354,BE2C,H3K4me1,MIR,0.0008754209604738761,0.5294531806752897,-0.0018530806388952475,0.003603909525365701
355,BE2C,H3K4me1,L2,0.0028793954345598997,0.08562113734196838,-0.00040370344008121284,0.0061624322373607055
356,BE2C,H3K4me1,ERVL-MaLR,-0.0004095472456337382,0.8383872590929473,-0.0043451510661054365,0.0035260692618170756
357,BE2C,H3K4me1,hAT-Charlie,0.0010766407026780267,0.6138521926276588,-0.0031053828686948455,0.0052586266149163416
358,BE2C,H3K4me1,ERV1,-0.0026080547760700696,0.3964277328834426,-0.008635690457791112,0.00341977042663528
359,BE2C,H3K4me1,ERVL,0.002926166661190081,0.34950508297692073,-0.003204134891400577,0.00905624828560705
360,BE2C,H3K4me1,TcMar-Tigger,-0.0046828240329460655,0.14098708758466696,-0.010917146040202157,0.0015518620160464927
361,BE2C,H3K4me1,hAT-Tip100,0.002385430591420836,0.5823839054695251,-0.006116658148393746,0.010887174479113335
362,BE2C,H3K4me1,CR1,0.007244444984368434,0.12497802528561151,-0.0020105497195274324,0.016498198744728812
363,BE2C,H3K4me1,Gypsy,-0.017228222478806027,0.031094797151296025,-0.03288341011082078,-0.0015645830247326522
364,BE2C,H3K4me1,hAT-Blackjack,-0.018380913001098866,0.024330436490084113,-0.0343706300307637,-0.002381788328389798
365,BE2C,H3K4me1,TcMar-Mariner,-0.0064052557142087515,0.43638872271814233,-0.022532129185174957,0.009724950289146283
366,BE2C,H3K4me1,RTE-X,0.016669998654526178,0.10571721890743549,-0.003528147704832937,0.03685454883552748
367,BE2C,H3K4me1,ERVK,0.006162767375607811,0.6011345442712976,-0.016942174233169828,0.02926113076504912
368,BE2C,H3K4me1,TcMar-Tc2,0.0004592339277645392,0.9704324622907321,-0.023820483505105603,0.024738409931496442
369,BE2C,H3K4me1,SVA,-0.008073966427461943,0.57294858030627,-0.03613292893952213,0.019997716031500936
370,BE2C,H3K4me1,RTE-BovB,-0.044696438933686196,0.002460219740208825,-0.0735529428351522,-0.015765155486703493
371,BE2C,H3K4me1,tRNA-RTE,-0.035960025175252895,0.025226459046250878,-0.06738938188175977,-0.004459372168895719
372,BE2C,H3K4me1,hAT-Ac,0.03717025184625242,0.04056570487497515,0.0015864122785024131,0.07266007955382814
373,BE2C,H3K4me1,hAT,0.036647165192774625,0.05741812849083895,-0.001166808230654264,0.07435648480505434
374,BE2C,H3K4me1,MULE-MuDR,-0.0023377302650972953,0.9107621994810375,-0.04319674698308278,0.03852909347778313
375,BE2C,H3K4me1,PiggyBac,-0.010202653487989558,0.6415788329535181,-0.05311880714220911,0.03275111944378371
376,BE2C,H3K4me1,5S-Deu-L2,0.029507300036095533,0.2008357603843264,-0.015719942166448037,0.07461404437312111
377,BE2C,H3K4me1,Helitron,-0.02203075981467771,0.3665430556273296,-0.06975910298095178,0.025798215732195297
378,BE2C,H3K4me1,hAT-Tag1,-0.002136902119047665,0.9302567326047813,-0.049956317112406126,0.045692287809638674
379,BE2C,H3K4me1,tRNA,-0.008007131481417254,0.7564305187137914,-0.058547132996771424,0.042573810894575445
380,BE2C,H3K4me1,Penelope,0.05011929657772375,0.20155846540412187,-0.02687519449719802,0.12652263553501858
381,BE2C,H3K4me1,TcMar-Tc1,-0.03245135783217926,0.40809522357859174,-0.10898374039892504,0.04446347573366183
382,BE2C,H3K4me1,Dong-R4,0.10182554413365859,0.03521313160654367,0.006861229098106047,0.19496961826628242
383,BE2C,H3K4me1,tRNA-Deu,-0.014486268269378984,0.7677639172716753,-0.11025315343428393,0.0815471280046745
384,BE2C,H3K4me1,Kolobok,-0.0031243619158242922,0.9532229073480043,-0.10717781959131882,0.10099679613501861
385,BE2C,H3K4me1,PIF-Harbinger,0.10423692240285161,0.05169999677211314,-0.001037218204153608,0.2072259441645239
386,BE2C,H3K4me1,Crypton,0.0630521460558001,0.2904847614328664,-0.05405795677840226,0.178451223017438
387,BE2C,H3K4me1,Merlin,-0.04902431063736023,0.4787496432053815,-0.18296079632909953,0.0866988243209367
388,BE2C,H3K4me1,TcMar,0.122579822855607,0.08299373042111537,-0.016609927481603257,0.2571089113730938
389,BE2C,H3K4me1,L1-Tx1,0.12157417769875073,0.15700806408977955,-0.04772478358542692,0.2840831378663057
390,BE2C,H3K4me1,Crypton-A,0.054692765242012706,0.5349599708236542,-0.11806684058286493,0.2242387792181964
391,BE2C,H3K4me1,I-Jockey,-0.033546473913446395,0.7291209108723451,-0.2203092853065624,0.15558896300851052
392,BE2C,H3K4me1,hAT-Tip100?,-0.14458525345622122,0.2582311367536029,-0.37991029802577997,0.10831700226339745
393,BE2C,H3K4me1,TcMar-Pogo,0.2214076246334311,0.22329078484683196,-0.1422818105272471,0.5324263658970569
394,BE2C,H3K4me1,hAT?,0.2533422459893048,0.1548655152198047,-0.10417482645353762,0.5528775836575237
395,BE2C,H3K4me1,hAT-hAT19,0.34411764705882353,0.19185563142554293,-0.1980496290026333,0.7250511068377358
396,BE2C,H3K9me3,Alu,-0.0009369098815353107,0.325702291431228,-0.0028053370860313307,0.000931523864532033
397,BE2C,H3K9me3,L1,6.784594366232857e-05,0.9607668228771561,-0.002635381989944519,0.0027710728857090394
398,BE2C,H3K9me3,MIR,-0.0007682733978602914,0.5809968187502835,-0.0034964881986511496,0.0019599528397427615
399,BE2C,H3K9me3,L2,0.0015049531754122557,0.36893326834655915,-0.00177801215637233,0.004787886067090538
400,BE2C,H3K9me3,ERVL-MaLR,0.0017439209918312442,0.3850639035169219,-0.00219116034128582,0.005678948316762715
401,BE2C,H3K9me3,hAT-Charlie,-0.0030189037014696197,0.15708790907021736,-0.007200592728552228,0.0011628909094998042
402,BE2C,H3K9me3,ERV1,0.0025952358981849114,0.39857694189181714,-0.003430338339186206,0.008620621686892873
403,BE2C,H3K9me3,ERVL,-0.0003684300829677287,0.9062261186684177,-0.006498316760668025,0.005761484282758424
404,BE2C,H3K9me3,TcMar-Tigger,-0.0006831011118185184,0.8299547820180119,-0.0069172058556889494,0.005551056728696781
405,BE2C,H3K9me3,hAT-Tip100,0.003452334152019353,0.4261063782398906,-0.00504963201289427,0.011953801247182937
406,BE2C,H3K9me3,CR1,-0.002321970504571441,0.6228949649635032,-0.01157616320420016,0.0069326199217855655
407,BE2C,H3K9me3,Gypsy,0.004002466064482554,0.6165018060325955,-0.011661227380958573,0.019664195704256315
408,BE2C,H3K9me3,hAT-Blackjack,-0.009614912469177166,0.23881961008554042,-0.025608751331609298,0.00638384740631717
409,BE2C,H3K9me3,TcMar-Mariner,-0.0058521481798823865,0.4769499780553139,-0.02197651813170985,0.010275265512731769
410,BE2C,H3K9me3,RTE-X,0.020096697190572634,0.051084702846439324,-9.664887071935243e-05,0.04027366022256973
411,BE2C,H3K9me3,ERVK,0.022296855703984497,0.058597599614226094,-0.0008135605324439894,0.0453834675233703
412,BE2C,H3K9me3,TcMar-Tc2,-0.0065182423308263555,0.5987003400066518,-0.03078563174185891,0.017756827102671856
413,BE2C,H3K9me3,SVA,-0.0005687804138431926,0.9683008890638914,-0.028614897418584733,0.02747823140765475
414,BE2C,H3K9me3,RTE-BovB,-0.011947428774823072,0.4184271447550977,-0.04086842243311832,0.01699356779130302
415,BE2C,H3K9me3,tRNA-RTE,0.011509411763605037,0.474009757949004,-0.019998480216066764,0.04299446540810962
416,BE2C,H3K9me3,hAT-Ac,-0.0025097347158377775,0.8900771072683965,-0.038085913817262444,0.03307279852465744
417,BE2C,H3K9me3,hAT,-0.007088279547040105,0.71326932168456,-0.04486938546491836,0.030713074022985457
418,BE2C,H3K9me3,MULE-MuDR,0.0007438625985892464,0.9715512588885675,-0.040120449977255626,0.041605690983617695
419,BE2C,H3K9me3,PiggyBac,0.026922972366032548,0.2194651896536208,-0.01606231450318593,0.06980892412133383
420,BE2C,H3K9me3,5S-Deu-L2,-0.005877450908965228,0.7989233649990787,-0.05106072650431143,0.03932983623480352
421,BE2C,H3K9me3,Helitron,0.007394323787511026,0.7615874975201906,-0.04035984589878757,0.0551147905028307
422,BE2C,H3K9me3,hAT-Tag1,0.016571727766677345,0.4972774180275724,-0.03128080916367394,0.06434847004389932
423,BE2C,H3K9me3,tRNA,-0.021754395777626098,0.3995062306551175,-0.07226057989841199,0.02886307102042604
424,BE2C,H3K9me3,Penelope,-0.019180862927564022,0.6246639348899515,-0.09577196100469638,0.05763601902180558
425,BE2C,H3K9me3,TcMar-Tc1,-0.0054776695959837755,0.8889751987228829,-0.08222753858548654,0.07133678852930522
426,BE2C,H3K9me3,Dong-R4,0.004827720870587918,0.9206736777167479,-0.09000081904348065,0.09956951209468279
427,BE2C,H3K9me3,tRNA-Deu,0.01922273873873665,0.6951549027524077,-0.07684284256823945,0.1149346976302338
428,BE2C,H3K9me3,Kolobok,-0.049782653230013914,0.3496600058660575,-0.15314068831241925,0.054652783962612105
429,BE2C,H3K9me3,PIF-Harbinger,0.050935168936738544,0.3427479297871646,-0.05440358070717506,0.15515266272347625
430,BE2C,H3K9me3,Crypton,-0.034066393265501586,0.5681930750864385,-0.15010104668663932,0.0828939957542476
431,BE2C,H3K9me3,Merlin,-0.007819311438283376,0.9101026504203856,-0.1427391614210552,0.12738583352376673
432,BE2C,H3K9me3,TcMar,0.07915397475092982,0.2640132179352109,-0.0601141004620182,0.21539927787109664
433,BE2C,H3K9me3,L1-Tx1,0.010685403656235933,0.9013730648990201,-0.15731671750400616,0.17808642942523348
434,BE2C,H3K9me3,Crypton-A,0.017578768819671842,0.8420395866680166,-0.15442537463877504,0.18854869614127134
435,BE2C,H3K9me3,I-Jockey,-0.03332406635158929,0.7308477959535461,-0.22009675200029558,0.15580553146224468
436,BE2C,H3K9me3,hAT-Tip100?,-0.14655337941628266,0.2517376763224149,-0.3816603086003541,0.10636507628238144
437,BE2C,H3K9me3,TcMar-Pogo,-0.12536656891495598,0.4941836141539302,-0.455337232490623,0.23488530512714054
438,BE2C,H3K9me3,hAT?,0.41143048128342247,0.0173698360980134,0.06456743772878795,0.6695938769706513
439,BE2C,H3K9me3,hAT-hAT19,0.34411764705882353,0.19185563142554293,-0.1980496290026333,0.7250511068377358
440,BE2C,H3K36me3,Alu,0.0009657506157373685,0.3110658163795594,-0.0009028173102811464,0.002834311797848352
441,BE2C,H3K36me3,L1,-0.0014876604582072348,0.2808140913187061,-0.0041911939911167895,0.0012158948218243403
442,BE2C,H3K36me3,MIR,0.0018738366430822008,0.1782277534810968,-0.0008542649858821305,0.004601910380031054
443,BE2C,H3K36me3,L2,-0.0026510455308829855,0.11349941554155211,-0.0059340510582062,0.0006320171444384068
444,BE2C,H3K36me3,ERVL-MaLR,0.004663465119151932,0.020191418149935813,0.0007284017180450723,0.008598384097478276
445,BE2C,H3K36me3,hAT-Charlie,-0.0008655412039323652,0.6849757139571377,-0.005047170390825148,0.003316118252948416
446,BE2C,H3K36me3,ERV1,-0.0030357290594659,0.3235262151990185,-0.009062369349995388,0.0029911317589112417
447,BE2C,H3K36me3,ERVL,0.0005271973087114895,0.8661445575195454,-0.005602932242440917,0.0066572872375531755
448,BE2C,H3K36me3,TcMar-Tigger,0.00039938630959146656,0.9000800988291666,-0.005834888087551441,0.006633629661645811
449,BE2C,H3K36me3,hAT-Tip100,3.95861074430078e-05,0.9927186806139497,-0.008462129381978453,0.008541295874366627
450,BE2C,H3K36me3,CR1,0.004483245488911198,0.34237408439004013,-0.0047713247908895305,0.013737047863309025
451,BE2C,H3K36me3,Gypsy,-0.006548133308659685,0.41260162334280936,-0.0222094230690903,0.00911636944838881
452,BE2C,H3K36me3,hAT-Blackjack,0.0011535462336497056,0.8876096697630999,-0.014843075612947152,0.017149577734948945
453,BE2C,H3K36me3,TcMar-Mariner,-0.006832674213419431,0.4064332697635068,-0.022960460172440897,0.009298667127174682
454,BE2C,H3K36me3,RTE-X,0.0030421446832029618,0.7678123418460844,-0.01715236772248598,0.023234176086033505
455,BE2C,H3K36me3,ERVK,0.01582261873033274,0.17948209116389552,-0.0072821939425234804,0.03891054626952529
456,BE2C,H3K36me3,TcMar-Tc2,0.0185749812805223,0.13380968020740236,-0.005711001951294919,0.042839065332836414
457,BE2C,H3K36me3,SVA,-0.00986930949545103,0.49051343364683275,-0.03790894080167307,0.018185850833354663
458,BE2C,H3K36me3,RTE-BovB,-0.004400342521147242,0.7656963440055102,-0.0333303288292401,0.02453701148694079
459,BE2C,H3K36me3,tRNA-RTE,-0.017690782159456433,0.2710321115613861,-0.04916138247718206,0.01381491006962697
460,BE2C,H3K36me3,hAT-Ac,0.03372899945327318,0.06326719100002019,-0.001874618730624796,0.06924721464683535
461,BE2C,H3K36me3,hAT,0.0471996635825482,0.014337177647678744,0.009409808340144432,0.08485489001872226
462,BE2C,H3K36me3,MULE-MuDR,0.008217533440531392,0.6936611672877466,-0.03266609884083202,0.04907371157105144
463,BE2C,H3K36me3,PiggyBac,-0.015029692211069161,0.49287374505256887,-0.057933033622405275,0.027929063392512003
464,BE2C,H3K36me3,5S-Deu-L2,0.011964122232844465,0.6040651288574559,-0.03325192373329156,0.057131293007052456
465,BE2C,H3K36me3,Helitron,0.006150705430091438,0.8009299112450934,-0.041643796095545645,0.053917122115767116
466,BE2C,H3K36me3,hAT-Tag1,-0.0021876277344108227,0.9286055427071862,-0.05000691886171717,0.0456416703637794
467,BE2C,H3K36me3,tRNA,-0.018486144933312083,0.47404867111132276,-0.06900566156141862,0.03212794212915403
468,BE2C,H3K36me3,Penelope,-0.05023622443940156,0.19981467741633646,-0.1265214836641631,0.026639746567520967
469,BE2C,H3K36me3,TcMar-Tc1,0.06592941745954721,0.09280845609756971,-0.011052637101150608,0.1421345546377976
470,BE2C,H3K36me3,Dong-R4,0.05708555701105638,0.23859630032349888,-0.03798367003150361,0.15113066607836712
471,BE2C,H3K36me3,tRNA-Deu,-0.0036277285701928025,0.9410523779174743,-0.09950850135440442,0.09231979183295203
472,BE2C,H3K36me3,Kolobok,-0.030204847444937614,0.5705611667481987,-0.13389541665881277,0.07413992547645497
473,BE2C,H3K36me3,PIF-Harbinger,0.15931504340555122,0.0028389514688987867,0.05459467995418925,0.26056887927459904
474,BE2C,H3K36me3,Crypton,-0.026876408099468067,0.6525580236995647,-0.14304644127073013,0.0900241342624611
475,BE2C,H3K36me3,Merlin,0.047792203811314764,0.4898844511870938,-0.08792039128276855,0.1817629507568463
476,BE2C,H3K36me3,TcMar,0.11282282421301765,0.11078844065341409,-0.026419752540572966,0.2477707407120069
477,BE2C,H3K36me3,L1-Tx1,-0.0049051580007442525,0.954634664711014,-0.17247974066576016,0.16294537079350904
478,BE2C,H3K36me3,Crypton-A,0.06618862878685429,0.45257617397684646,-0.10673396806484745,0.23522478942656921
479,BE2C,H3K36me3,I-Jockey,0.03796682420535632,0.6950901414185052,-0.1512818389013039,0.22453063153392913
480,BE2C,H3K36me3,hAT-Tip100?,-0.09370199692780339,0.46511355900059803,-0.334212293560145,0.15826573503710767
481,BE2C,H3K36me3,TcMar-Pogo,0.2408357771260997,0.18424013185342475,-0.12291022623864424,0.5475371346922548
482,BE2C,H3K36me3,hAT?,0.3161764705882353,0.07304248943670587,-0.03925950857014554,0.6005877268405073
483,BE2C,H3K36me3,hAT-hAT19,0.18823529411764706,0.4850866091454682,-0.3433482297655295,0.6284784835567567
484,BE2C,H3K27me3,Alu,0.0003935656330211958,0.6797200282916982,-0.0014748689272307968,0.0022619974453640035
485,BE2C,H3K27me3,L1,-0.0026751130341985843,0.052447207436549965,-0.005378494131854208,2.830716519565704e-05
486,BE2C,H3K27me3,MIR,0.0008266054426633164,0.5525839013211228,-0.0019013567665805385,0.003554555349126159
487,BE2C,H3K27me3,L2,0.0002867982785078518,0.8640495410368264,-0.0029961592983244042,0.0035697496732362737
488,BE2C,H3K27me3,ERVL-MaLR,0.0010106514031761851,0.6146870634486483,-0.0029243135061995432,0.004945585015019639
489,BE2C,H3K27me3,hAT-Charlie,0.002466290692865,0.24763957602934353,-0.0017148756921148707,0.006647370846959575
490,BE2C,H3K27me3,ERV1,0.0012599053244424056,0.6819315431628135,-0.004765444380731237,0.007285163549539661
491,BE2C,H3K27me3,ERVL,0.002643030175174098,0.3980505143756181,-0.0034866683582068037,0.008772530099378437
492,BE2C,H3K27me3,TcMar-Tigger,-8.258601019653255e-05,0.9792842642991596,-0.006316211733506117,0.006151046131388882
493,BE2C,H3K27me3,hAT-Tip100,0.007411619551270737,0.08752232870099032,-0.0010904385180817884,0.015912606199085716
494,BE2C,H3K27me3,CR1,-0.006733511759066218,0.15385823427467388,-0.01598715254000933,0.0025212823973458447
495,BE2C,H3K27me3,Gypsy,-0.00033667291376894006,0.9663978431313957,-0.015999488666910977,0.015326308028889308
496,BE2C,H3K27me3,hAT-Blackjack,0.0007221887805674182,0.9294969943544464,-0.015274865197522122,0.016718873142501645
497,BE2C,H3K27me3,TcMar-Mariner,-0.007696928650520559,0.3496370019645699,-0.02382269988475491,0.008432846841262182
498,BE2C,H3K27me3,RTE-X,0.0018229591676009113,0.8595592771079688,-0.018369002524859016,0.02201343446779712
499,BE2C,H3K27me3,ERVK,-0.004837980597001459,0.6815405318228817,-0.02793890803584893,0.01826811172146185
500,BE2C,H3K27me3,TcMar-Tc2,0.012043850325588319,0.330766300492658,-0.01222888464626582,0.03630239988750836
501,BE2C,H3K27me3,SVA,0.021581979946048137,0.13165791599521748,-0.006480399068428798,0.049610392788430706
502,BE2C,H3K27me3,RTE-BovB,-0.001770802698424202,0.9045422346208098,-0.030703342191901902,0.02716470175714718
503,BE2C,H3K27me3,tRNA-RTE,-0.000286224406902166,0.9857928383778228,-0.03178147026212406,0.031209589299497926
504,BE2C,H3K27me3,hAT-Ac,-0.018736131493971266,0.30222001904805634,-0.054288440522290725,0.01686362108630334
505,BE2C,H3K27me3,hAT,0.020376990185622623,0.2906613611019345,-0.017425974678751326,0.05812178046722462
506,BE2C,H3K27me3,MULE-MuDR,0.0012501631440742687,0.9522272305909296,-0.03963273956978428,0.042128887203848865
507,BE2C,H3K27me3,PiggyBac,0.010819734057196264,0.621722260500675,-0.032155399795877886,0.053754935257053375
508,BE2C,H3K27me3,5S-Deu-L2,0.02642211117791269,0.25217876010317297,-0.01881671947677939,0.0715529761243869
509,BE2C,H3K27me3,Helitron,-0.014384604983184878,0.5555016859532049,-0.062140365100279885,0.03343687044092127
510,BE2C,H3K27me3,hAT-Tag1,0.012802766586983278,0.600008570626567,-0.035045114445167794,0.06059208795357503
511,BE2C,H3K27me3,tRNA,0.015887385532047386,0.5383882583949158,-0.03472343582754553,0.06641692743151237
512,BE2C,H3K27me3,Penelope,-0.008818150763153643,0.8220489220028921,-0.08548682240629779,0.06795433701106772
513,BE2C,H3K27me3,TcMar-Tc1,0.0023118356116352606,0.9530175101041667,-0.07448536879938132,0.07908178001940114
514,BE2C,H3K27me3,Dong-R4,-0.008274409295062249,0.8644717638251975,-0.10298205719997745,0.08658191707962926
515,BE2C,H3K27me3,tRNA-Deu,0.031512883086325834,0.5205403655069671,-0.06462123344155986,0.1270674659216827
516,BE2C,H3K27me3,Kolobok,-0.05263751520937355,0.3226853001402059,-0.1559421436611927,0.05180613539902848
517,BE2C,H3K27me3,PIF-Harbinger,0.017254619384880262,0.7480509695091344,-0.08789244655023916,0.12202142103131344
518,BE2C,H3K27me3,Crypton,0.01290967660555193,0.8288145650573199,-0.10384897959375407,0.12931734790421398
519,BE2C,H3K27me3,Merlin,0.004413612321396677,0.9491845115970008,-0.1307335392264617,0.13939972577254883
520,BE2C,H3K27me3,TcMar,0.06658181784796442,0.34767144703291697,-0.07263425304824993,0.2032529267426998
521,BE2C,H3K27me3,L1-Tx1,-0.029090247210883845,0.7357820371360546,-0.1958846469088517,0.1393400145081904
522,BE2C,H3K27me3,Crypton-A,0.09602128883809513,0.2752711519310681,-0.07716508767261411,0.26358284764852796
523,BE2C,H3K27me3,I-Jockey,-0.054665925308127146,0.5723651963937371,-0.2404306905636627,0.13496172221988195
524,BE2C,H3K27me3,hAT-Tip100?,0.013488863287250385,0.9164350796721503,-0.2350726355417325,0.2603944050515792
525,BE2C,H3K27me3,TcMar-Pogo,0.04105571847507331,0.8234577116226068,-0.3122447219510977,0.38437951681483423
526,BE2C,H3K27me3,hAT?,0.25066844919786097,0.15941611541532075,-0.1068807813836375,0.5508093972201278
527,BE2C,H3K27me3,hAT-hAT19,-0.11176470588235293,0.6802736949858406,-0.5767137615441166,0.407873364319891
528,SJSA1,H3K27ac,Alu,-0.0013396947278831444,0.1588474093300105,-0.003203299558557036,0.0005239194084350269
529,SJSA1,H3K27ac,L1,0.00019989438549599244,0.8844356587791371,-0.0024955927640065976,0.0028953786302759236
530,SJSA1,H3K27ac,MIR,0.0004855019585411224,0.7270823713359414,-0.0022409748478697225,0.0032119715468410786
531,SJSA1,H3K27ac,L2,0.0009016355385207417,0.5900863286935301,-0.0023787370727615604,0.004181988745182459
532,SJSA1,H3K27ac,ERVL-MaLR,-0.001105525342979484,0.5809998972791486,-0.005031368664060778,0.0028203520556958684
533,SJSA1,H3K27ac,hAT-Charlie,-0.002658116164748308,0.21219189469673416,-0.006834033530674377,0.0015178939098699402
534,SJSA1,H3K27ac,ERV1,-0.003224777418921415,0.29106027628675096,-0.009210987729470502,0.0027616640209070396
535,SJSA1,H3K27ac,ERVL,-0.0005335458885422344,0.8642951152352721,-0.006652094760776713,0.005585042932295472
536,SJSA1,H3K27ac,TcMar-Tigger,0.001047555292682371,0.741511204436419,-0.005176923298133546,0.007271952711223085
537,SJSA1,H3K27ac,hAT-Tip100,0.00019903188160603355,0.9633835525233169,-0.008298139555688967,0.00869617457802815
538,SJSA1,H3K27ac,CR1,-0.0012811658163574974,0.785941440845775,-0.010526717513657406,0.007964604915178423
539,SJSA1,H3K27ac,Gypsy,0.0027285302371028914,0.7325238739391953,-0.012918471541324646,0.01837419607482716
540,SJSA1,H3K27ac,hAT-Blackjack,0.002194836996926334,0.7876095694914501,-0.01377172604542996,0.01816028104774476
541,SJSA1,H3K27ac,TcMar-Mariner,-0.0007096572277305669,0.9311537649770386,-0.016808006352940497,0.01538905973112481
542,SJSA1,H3K27ac,RTE-X,0.026703939819971264,0.009475895294153248,0.006528645883837929,0.04685750239936064
543,SJSA1,H3K27ac,ERVK,0.006643343613527248,0.5680745485003794,-0.016164192307863392,0.0294439698058111
544,SJSA1,H3K27ac,TcMar-Tc2,-0.028240401357390917,0.022494919772850862,-0.05246641362357685,-0.003981168576895499
545,SJSA1,H3K27ac,SVA,0.0012662702332592241,0.9291857860379098,-0.026655754757442612,0.029186320891876245
546,SJSA1,H3K27ac,RTE-BovB,-0.022242116895625875,0.13168511631582108,-0.05112799597211547,0.0066809457338293
547,SJSA1,H3K27ac,tRNA-RTE,-0.003918271498927551,0.8073847966252808,-0.035405489517426114,0.027576718057097892
548,SJSA1,H3K27ac,hAT-Ac,-0.003195589952498008,0.8601080797957423,-0.03871816455703345,0.032335051297288024
549,SJSA1,H3K27ac,hAT,0.001449926706821793,0.9400605141345848,-0.03633069106090238,0.03922640574078247
550,SJSA1,H3K27ac,MULE-MuDR,0.00707533355367613,0.7341147613736405,-0.03374482509180735,0.04787192558292979
551,SJSA1,H3K27ac,PiggyBac,0.013005663859081034,0.5515890431492798,-0.029807509161586646,0.05577120394238505
552,SJSA1,H3K27ac,5S-Deu-L2,-0.04848849290849098,0.035238620911356724,-0.0934468273112265,-0.00333281924028756
553,SJSA1,H3K27ac,Helitron,0.02519117366206771,0.29995517850389297,-0.022455633719301503,0.07272380375172666
554,SJSA1,H3K27ac,hAT-Tag1,0.02285276934660207,0.3484993998180911,-0.02493410812164227,0.07053544746857135
555,SJSA1,H3K27ac,tRNA,0.02041711408238258,0.4286565722740546,-0.030148527780246723,0.07087851933154145
556,SJSA1,H3K27ac,Penelope,-0.01770573950800356,0.6502960522345289,-0.09401722967427847,0.05881259119553773
557,SJSA1,H3K27ac,TcMar-Tc1,0.05825240908811406,0.1370187595087369,-0.018620715170415122,0.13444085944321926
558,SJSA1,H3K27ac,Dong-R4,-0.07636460465734558,0.11467426459628041,-0.17005595997413317,0.01869497572475713
559,SJSA1,H3K27ac,tRNA-Deu,-0.06645846263936067,0.17504275032498057,-0.16144848316270127,0.029751674980248742
560,SJSA1,H3K27ac,Kolobok,-0.017637290793696643,0.7408743513896763,-0.12165681762571728,0.08676543444882964
561,SJSA1,H3K27ac,PIF-Harbinger,0.03630868426361619,0.4989824254613031,-0.06896871848272872,0.14078630458123226
562,SJSA1,H3K27ac,Crypton,-0.06323004259599063,0.2891231439496842,-0.1786247745731011,0.05388052366005163
563,SJSA1,H3K27ac,Merlin,0.022974514114868127,0.7394512371798646,-0.11213923786478495,0.157254171316209
564,SJSA1,H3K27ac,TcMar,-0.0005895890198895287,0.993338955960378,-0.13828820451481058,0.1371313884009014
565,SJSA1,H3K27ac,L1-Tx1,0.02156916051421462,0.8024508911062955,-0.14669619616445478,0.18862137341587545
566,SJSA1,H3K27ac,Crypton-A,0.13493960468377308,0.12436939776924881,-0.038238451610962766,0.30024831141197544
567,SJSA1,H3K27ac,I-Jockey,0.11988694282272265,0.21434349880825115,-0.07046803049252594,0.3018171421416091
568,SJSA1,H3K27ac,hAT-Tip100?,-0.017307692307692305,0.89202469342167,-0.26201981678732134,0.22949568170274784
569,SJSA1,H3K27ac,TcMar-Pogo,0.1004398826979472,0.5844097997151299,-0.25812007580036633,0.43468003615426726
570,SJSA1,H3K27ac,hAT?,0.14469060351413293,0.41425083543811947,-0.20518965366380038,0.46177950026676723
571,SJSA1,H3K27ac,hAT-hAT19,0.19411764705882353,0.47128972836210736,-0.33821950777361554,0.6323400669089964
572,SJSA1,H3K9me3,Alu,0.000729007376246511,0.44303730369467,-0.001133691342084363,0.0025917010357926307
573,SJSA1,H3K9me3,L1,-0.0001755457184086029,0.89841971415209,-0.0028707370614678633,0.0025196481750011396
574,SJSA1,H3K9me3,MIR,-0.0003402259217198392,0.8067503408490799,-0.003066198387539488,0.0023857516004969904
575,SJSA1,H3K9me3,L2,0.00015781589094571093,0.9248754284745122,-0.0031224771450751527,0.0034381055306702732
576,SJSA1,H3K9me3,ERVL-MaLR,-0.0006019597572261337,0.7637295445529059,-0.004526986706198476,0.003323085739227834
577,SJSA1,H3K9me3,hAT-Charlie,-0.0003277399558208665,0.8777239466096319,-0.004502800621014752,0.0038473321351620883
578,SJSA1,H3K9me3,ERV1,-0.0003441717913143765,0.9102566514763666,-0.006328801009194024,0.005640482080236804
579,SJSA1,H3K9me3,ERVL,-0.0006156857251422527,0.8436246071229468,-0.006733038877669038,0.005501713508143341
580,SJSA1,H3K9me3,TcMar-Tigger,-0.004641712339178002,0.14381091984030767,-0.010865184664753507,0.0015821195768840114
581,SJSA1,H3K9me3,hAT-Tip100,0.0029549658687910876,0.49542906635575823,-0.005540912096674019,0.011450417273416754
582,SJSA1,H3K9me3,CR1,-0.003646399324191437,0.4395729733289039,-0.012892388146485318,0.005600212997461187
583,SJSA1,H3K9me3,Gypsy,0.004055027189182797,0.6115055162682692,-0.011592193757528483,0.019700262725787496
584,SJSA1,H3K9me3,hAT-Blackjack,0.0015324031416315321,0.8507769609833598,-0.014431901934904737,0.017495927160972206
585,SJSA1,H3K9me3,TcMar-Mariner,0.002485916186976961,0.7621138768344717,-0.01360939236361638,0.018579936834962545
586,SJSA1,H3K9me3,RTE-X,0.002626204752146628,0.7986452594865742,-0.017549976378888974,0.022800247953147806
587,SJSA1,H3K9me3,ERVK,-0.006303205436115113,0.5878510404013588,-0.02909174835681488,0.016491886358299623
588,SJSA1,H3K9me3,TcMar-Tc2,0.002527429997977737,0.8381614546657417,-0.0217236390186151,0.026775526524274555
589,SJSA1,H3K9me3,SVA,-0.01016894576291164,0.4752817403592148,-0.03807143623192371,0.017749389380647733
590,SJSA1,H3K9me3,RTE-BovB,0.017152654058581594,0.2450893549738873,-0.01177365076923052,0.046050274592677
591,SJSA1,H3K9me3,tRNA-RTE,0.0045917574754319275,0.7751025511428286,-0.026903764746869552,0.03607817238768283
592,SJSA1,H3K9me3,hAT-Ac,-0.01642055371533512,0.36519931307692155,-0.05192536553702956,0.019125716852902732
593,SJSA1,H3K9me3,hAT,0.0003625416096051221,0.9849966292839527,-0.03740956376424497,0.0381336125122601
594,SJSA1,H3K9me3,MULE-MuDR,-0.0018972361239480322,0.9274468745779703,-0.042712719125430475,0.03892456910461258
595,SJSA1,H3K9me3,PiggyBac,0.008648816001738965,0.6920239054599038,-0.034139000044035854,0.051404984647075644
596,SJSA1,H3K9me3,5S-Deu-L2,0.029877780750385115,0.19464337188103698,-0.015289386629495258,0.0749232622242876
597,SJSA1,H3K9me3,Helitron,0.012167811825541547,0.6167551080801121,-0.03548089332684959,0.05976132123062321
598,SJSA1,H3K9me3,hAT-Tag1,-0.02007228577043514,0.4102727292147045,-0.06776556537498074,0.027712520756127762
599,SJSA1,H3K9me3,tRNA,0.03919785761241283,0.12851719305823556,-0.011373328788688,0.08956903692756188
600,SJSA1,H3K9me3,Penelope,0.04615217088271084,0.23674835191020227,-0.03037015198874802,0.1221366437539267
601,SJSA1,H3K9me3,TcMar-Tc1,-0.017819464493746058,0.6492034355631373,-0.09436290737746293,0.05893342111220689
602,SJSA1,H3K9me3,Dong-R4,0.07116480245277759,0.14160852787183767,-0.02390265461471608,0.16495670939749668
603,SJSA1,H3K9me3,tRNA-Deu,-0.012585321410696725,0.7975283825082241,-0.10837335461375422,0.08343425612062622
604,SJSA1,H3K9me3,Kolobok,-0.03761141018874751,0.4805605726804284,-0.1413288886255743,0.0669227912064867
605,SJSA1,H3K9me3,PIF-Harbinger,0.06301263324091243,0.24034814512433317,-0.04235127859396159,0.1669903711850199
606,SJSA1,H3K9me3,Crypton,-0.15331716822086314,0.009792602321617312,-0.26581225831163163,-0.036702644747663105
607,SJSA1,H3K9me3,Merlin,-0.048857130803057015,0.4792014905593506,-0.18248344608663028,0.08654133910610701
608,SJSA1,H3K9me3,TcMar,-0.014325777777896596,0.838848844227329,-0.15140594191223544,0.1232950112052358
609,SJSA1,H3K9me3,L1-Tx1,-0.16152951323097867,0.05933078408194512,-0.32154807372606503,0.007459027042607942
610,SJSA1,H3K9me3,Crypton-A,0.04703775325069494,0.5936824478804898,-0.12559458775651872,0.21690524810718756
611,SJSA1,H3K9me3,I-Jockey,0.05446205170975814,0.5738006684819958,-0.13516143576022704,0.24023702220781123
612,SJSA1,H3K9me3,hAT-Tip100?,0.051739926739926737,0.6847179526023144,-0.19673075433304316,0.29396584790569225
613,SJSA1,H3K9me3,TcMar-Pogo,-0.19941348973607034,0.27386369398371446,-0.5151229759068684,0.16394202663019744
614,SJSA1,H3K9me3,hAT?,0.21772345301757062,0.2161045467027687,-0.13408977954146686,0.5207966415738006
615,SJSA1,H3K9me3,hAT-hAT19,0.15588235294117647,0.5642819694728023,-0.3711229460356745,0.6069335613825662
616,SJSA1,H3K36me3,Alu,0.00016948364057583354,0.8584818334959895,-0.0016934914977069437,0.002032457602413588
617,SJSA1,H3K36me3,L1,-0.0002812475496175193,0.8379561822083521,-0.00297665465489633,0.0024141636423181535
618,SJSA1,H3K36me3,MIR,-1.9401581190585644e-05,0.9888702266065936,-0.002745389849872818,0.0027065869758384447
619,SJSA1,H3K36me3,L2,0.0015026152236957365,0.3692917351619185,-0.001777705166446308,0.004782903276295731
620,SJSA1,H3K36me3,ERVL-MaLR,0.0014985069543534157,0.45429581940366603,-0.002426562552028043,0.005423530288666681
621,SJSA1,H3K36me3,hAT-Charlie,-0.005008527630279372,0.018709497791682326,-0.009183362190452604,-0.0008335184687281137
622,SJSA1,H3K36me3,ERV1,-0.002393329538323634,0.43315366052895876,-0.008377860186421584,0.003591372547981368
623,SJSA1,H3K36me3,ERVL,-0.0029014049111217403,0.35259931148912316,-0.009018784628298663,0.003216191970283009
624,SJSA1,H3K36me3,TcMar-Tigger,0.0004076147565065782,0.8978588437697212,-0.005815996057789321,0.006631193994402408
625,SJSA1,H3K36me3,hAT-Tip100,-0.0011970436466279522,0.7824166795396708,-0.009692109810998235,0.007298195293564458
626,SJSA1,H3K36me3,CR1,0.0013600025138690614,0.7731123372194814,-0.007885464910764712,0.010605237441513123
627,SJSA1,H3K36me3,Gypsy,0.0004098210373734835,0.9590573609384732,-0.015235701428913286,0.01605514287226713
628,SJSA1,H3K36me3,hAT-Blackjack,0.008328671701243118,0.3064981847379958,-0.0076349744035067914,0.024288073716121038
629,SJSA1,H3K36me3,TcMar-Mariner,0.003545640864384182,0.6659353468124213,-0.01255040780176765,0.01963985248812156
630,SJSA1,H3K36me3,RTE-X,0.016213900370670255,0.11524142071634923,-0.0039639384386894,0.036378541523282036
631,SJSA1,H3K36me3,ERVK,0.018897361794456672,0.10427043227594467,-0.0039050186947468253,0.041680100884708624
632,SJSA1,H3K36me3,TcMar-Tc2,-0.027506826027245482,0.02621928640500435,-0.051730305745075686,-0.0032509979817090836
633,SJSA1,H3K36me3,SVA,0.018377847163566923,0.19694858358767925,-0.009541979331591269,0.04626904169292699
634,SJSA1,H3K36me3,RTE-BovB,-0.003899217825277249,0.7916147343178701,-0.03281396618207015,0.025022052082163442
635,SJSA1,H3K36me3,tRNA-RTE,0.01136949222975745,0.4790609441804339,-0.020113941286664022,0.04283039992947801
636,SJSA1,H3K36me3,hAT-Ac,-0.004891465113125055,0.7873411133486733,-0.04041153438554846,0.030640951626989845
637,SJSA1,H3K36me3,hAT,0.0028845828874760667,0.8810614984228058,-0.034890889020845035,0.040651824000676
638,SJSA1,H3K36me3,MULE-MuDR,-0.03159824298428025,0.12953408326178517,-0.07236034811505711,0.009269242898546361
639,SJSA1,H3K36me3,PiggyBac,0.02358583528831643,0.2801030228602756,-0.01922408650672139,0.06630943236627178
640,SJSA1,H3K36me3,5S-Deu-L2,-0.04451034558746712,0.05327611104335529,-0.08948927448647316,0.000649765850414125
641,SJSA1,H3K36me3,Helitron,0.047463934230125605,0.050797036922884925,-0.00018965281365649202,0.0949024413703782
642,SJSA1,H3K36me3,hAT-Tag1,-0.004448226407762328,0.855222102778461,-0.05219081440505527,0.043314648779337654
643,SJSA1,H3K36me3,tRNA,0.021623857125305797,0.4018711988445811,-0.02894294596834993,0.07208026554788353
644,SJSA1,H3K36me3,Penelope,-0.009506871115899583,0.8076897880925689,-0.08587895398327237,0.06697628444109896
645,SJSA1,H3K36me3,TcMar-Tc1,0.0692278320354214,0.07687238284633621,-0.007570139180352989,0.14521394342615296
646,SJSA1,H3K36me3,Dong-R4,0.04231043835463324,0.3825778751096177,-0.0527300912053992,0.136591361968932
647,SJSA1,H3K36me3,tRNA-Deu,-0.030385328065131573,0.5355789507836222,-0.12595524234200003,0.0657434030542075
648,SJSA1,H3K36me3,Kolobok,-0.048853614983686754,0.35941956556217136,-0.15237410400099255,0.05572720838569569
649,SJSA1,H3K36me3,PIF-Harbinger,0.07902647719231123,0.14065802207430864,-0.02633500087330043,0.18265147535150622
650,SJSA1,H3K36me3,Crypton,-0.03575985184823782,0.5491042472574215,-0.1517613302057421,0.08121332433265636
651,SJSA1,H3K36me3,Merlin,-0.03921908188909553,0.5701158709422627,-0.1731040848017229,0.09608907485710735
652,SJSA1,H3K36me3,TcMar,-0.023399224569167997,0.7403617802770477,-0.16061006121449045,0.11469886079863927
653,SJSA1,H3K36me3,L1-Tx1,0.017940463705861946,0.8351661516867646,-0.15024035717291379,0.18511216486233084
654,SJSA1,H3K36me3,Crypton-A,0.062756151303997,0.4764057948622671,-0.1101213265185242,0.23194794773085947
655,SJSA1,H3K36me3,I-Jockey,-0.10165878973218423,0.2928726869830328,-0.2847750557566873,0.08861550693451051
656,SJSA1,H3K36me3,hAT-Tip100?,0.0011446886446886445,0.9928374695916772,-0.2447335329889121,0.24688458114155987
657,SJSA1,H3K36me3,TcMar-Pogo,-0.04728739002932551,0.7971796452335246,-0.3897305275248658,0.30664403082940456
658,SJSA1,H3K36me3,hAT?,0.22505729564553092,0.20064909194932382,-0.12678668787831876,0.5265983103248226
659,SJSA1,H3K36me3,hAT-hAT19,0.10588235294117648,0.6963341050381157,-0.4126799097165957,0.5726105866457505
660,SJSA1,H3K27me3,Alu,-0.000563485101956894,0.5533408885470918,-0.0024266433091021345,0.0012996770173154047
661,SJSA1,H3K27me3,L1,-0.0010619526086624639,0.4399795126997428,-0.0037572423279837747,0.0016333525400581057
662,SJSA1,H3K27me3,MIR,0.0002992251293067523,0.8296685020317961,-0.002426934083762836,0.003025379894734357
663,SJSA1,H3K27me3,L2,0.0011185609653209163,0.5039126059766819,-0.002161684262229031,0.004398782121565833
664,SJSA1,H3K27me3,ERVL-MaLR,0.002286833142677222,0.2535252077689311,-0.0016385545923992505,0.006212150404541066
665,SJSA1,H3K27me3,hAT-Charlie,-0.00331036794507446,0.12021199065232735,-0.007485740529367319,0.0008651200678373172
666,SJSA1,H3K27me3,ERV1,-4.136275165346855e-05,0.9891932937706286,-0.006026673026545832,0.00594395048679376
667,SJSA1,H3K27me3,ERVL,0.00041451049025462616,0.8943538512723453,-0.005703239760250844,0.006532229713253216
668,SJSA1,H3K27me3,TcMar-Tigger,0.0009271241155516393,0.770318693611167,-0.0052967859910215374,0.007150962394772565
669,SJSA1,H3K27me3,hAT-Tip100,0.0001939724216401381,0.9643066887955393,-0.008301522227043345,0.008689439071105119
670,SJSA1,H3K27me3,CR1,-0.0074136218750334906,0.11601592485645795,-0.01665745695764732,0.00183148041645815
671,SJSA1,H3K27me3,Gypsy,-0.0008094220736460678,0.9192411739583471,-0.016455138856423083,0.014836690993783177
672,SJSA1,H3K27me3,hAT-Blackjack,-0.004998992322095886,0.5394202283232263,-0.020961891358184288,0.010966454812252871
673,SJSA1,H3K27me3,TcMar-Mariner,-0.0036243052895998822,0.6590411683511723,-0.01972120363241291,0.012474471485538086
674,SJSA1,H3K27me3,RTE-X,0.0017139715783957396,0.8677718826720299,-0.01846189812270656,0.02188844597375776
675,SJSA1,H3K27me3,ERVK,0.005050230343045595,0.6642354817071103,-0.017752164977008406,0.027847375011704895
676,SJSA1,H3K27me3,TcMar-Tc2,-0.0051509702212692325,0.6772894035005239,-0.02940272648251247,0.019106846777384875
677,SJSA1,H3K27me3,SVA,-0.0012496459623875268,0.9301130764901588,-0.029169710456123616,0.02667236694338964
678,SJSA1,H3K27me3,RTE-BovB,-0.0014467145895065065,0.9218997476604396,-0.030360651054096018,0.027469641034817995
679,SJSA1,H3K27me3,tRNA-RTE,0.013723603310439954,0.39313727288533595,-0.0177770276041367,0.04519701704935378
680,SJSA1,H3K27me3,hAT-Ac,-0.008111163439293403,0.654579127006996,-0.043620223929813406,0.02741836481258074
681,SJSA1,H3K27me3,hAT,-0.00415915447109129,0.8291932249364483,-0.04192432326871543,0.033617881898477794
682,SJSA1,H3K27me3,MULE-MuDR,0.019417156249731216,0.35133123587119164,-0.02142242150236286,0.060192041583854404
683,SJSA1,H3K27me3,PiggyBac,-0.022202449532498794,0.3091707365678391,-0.06492043913166672,0.02059676542457287
684,SJSA1,H3K27me3,5S-Deu-L2,0.011966493286101353,0.6035124109144402,-0.033189533032142136,0.0570737643571841
685,SJSA1,H3K27me3,Helitron,-0.0015493499529008116,0.9491920079150493,-0.0491721328419507,0.046080461623008995
686,SJSA1,H3K27me3,hAT-Tag1,0.020452384379606076,0.4014639347762631,-0.02733273794250771,0.06814424729800413
687,SJSA1,H3K27me3,tRNA,0.033907065854605324,0.1886151313693487,-0.01666527023873526,0.08430635766890018
688,SJSA1,H3K27me3,Penelope,-0.005852464999694001,0.8808003850921033,-0.08219109319543996,0.07055443802874224
689,SJSA1,H3K27me3,TcMar-Tc1,0.05146178040588401,0.18870916441074256,-0.025355169803690476,0.1276745714002093
690,SJSA1,H3K27me3,Dong-R4,0.021641863604050317,0.6552554188708011,-0.07330636939303768,0.11620130230761037
691,SJSA1,H3K27me3,tRNA-Deu,-0.04600309471752757,0.3481335212664399,-0.14134460341420563,0.05018395706433836
692,SJSA1,H3K27me3,Kolobok,-0.09276922135379273,0.0813284287225636,-0.1953338960917395,0.011802699234118667
693,SJSA1,H3K27me3,PIF-Harbinger,0.0669662331375981,0.21205099314038986,-0.038400882309106904,0.1708605789099947
694,SJSA1,H3K27me3,Crypton,-0.09551085228472872,0.1088690635554484,-0.21002734353081956,0.021590837285375232
695,SJSA1,H3K27me3,Merlin,-0.02305574954838012,0.7385633715572852,-0.15733356244742383,0.11205910587002456
696,SJSA1,H3K27me3,TcMar,0.049705510327645315,0.4812728783126836,-0.08869575971836546,0.18622382580760383
697,SJSA1,H3K27me3,L1-Tx1,-0.018365172914299364,0.8313213359695943,-0.1855230538501298,0.14982570922169233
698,SJSA1,H3K27me3,Crypton-A,-0.017589445265963777,0.8419448993920533,-0.18855901187952936,0.15441496542767952
699,SJSA1,H3K27me3,I-Jockey,0.27938096561949777,0.003260850270360758,0.09269590779824216,0.4470907063709762
700,SJSA1,H3K27me3,hAT-Tip100?,0.05357142857142856,0.6741737217682,-0.1949762378727991,0.29565385938491695
701,SJSA1,H3K27me3,TcMar-Pogo,-0.2104105571847507,0.24772069630526533,-0.523800762226439,0.15314712087233615
702,SJSA1,H3K27me3,hAT?,0.3402597402597402,0.04895032445180474,-0.007679113221592937,0.6147066310804512
703,SJSA1,H3K27me3,hAT-hAT19,0.28529411764705886,0.28413874015956303,-0.25533459874279396,0.6900142576666219
704,SJSA1,H3K4me3,Alu,-0.0006170948162941967,0.5163559912524646,-0.002480779957174414,0.0012465946113358922
705,SJSA1,H3K4me3,L1,-0.0006499561597439532,0.6365150258292982,-0.003345571472650527,0.002045668598807082
706,SJSA1,H3K4me3,MIR,-0.00017327542995171594,0.9008674846656657,-0.0028996527962413627,0.0025531045122992634
707,SJSA1,H3K4me3,L2,-0.0004214931859623966,0.8011782456605193,-0.0037020093467429564,0.0028590320468840358
708,SJSA1,H3K4me3,ERVL-MaLR,0.001422479555156798,0.47759409529928465,-0.002503313740585396,0.005348229005208371
709,SJSA1,H3K4me3,hAT-Charlie,0.000490488309326852,0.8179272028394607,-0.0036853915992325933,0.004666351111708456
710,SJSA1,H3K4me3,ERV1,-0.006077121310724012,0.04664007669103643,-0.0120634732831012,-9.0333726143036e-05
711,SJSA1,H3K4me3,ERVL,-0.00032404278357237417,0.917323879213465,-0.006442272394517628,0.005794211087085987
712,SJSA1,H3K4me3,TcMar-Tigger,-0.0030862990143250882,0.33118570928448066,-0.009311111757065824,0.0031387529175256044
713,SJSA1,H3K4me3,hAT-Tip100,0.002050252389260619,0.6362873792088346,-0.0064471858917998,0.010547394596469452
714,SJSA1,H3K4me3,CR1,-0.0018692154338985842,0.6919695645880736,-0.011116041570753825,0.007377930365145152
715,SJSA1,H3K4me3,Gypsy,0.0015342414620430275,0.8476045620633877,-0.01411252766968908,0.01718025939783614
716,SJSA1,H3K4me3,hAT-Blackjack,-0.002242032038988146,0.7831484973150644,-0.018206931873305028,0.01372401077230104
717,SJSA1,H3K4me3,TcMar-Mariner,-0.0025062829555942356,0.7603420147275561,-0.018608442444901237,0.013597176302570398
718,SJSA1,H3K4me3,RTE-X,0.016704167944758912,0.10467244715829727,-0.0034746956624394938,0.036869433500144384
719,SJSA1,H3K4me3,ERVK,-0.011550189542513125,0.3210145246052399,-0.03435136761296142,0.011263006203124055
720,SJSA1,H3K4me3,TcMar-Tc2,0.01608771060570014,0.1937521942252882,-0.008177893474809659,0.04033437905274298
721,SJSA1,H3K4me3,SVA,0.006029871379054296,0.6721240506353988,-0.021892306369652125,0.033942649596698966
722,SJSA1,H3K4me3,RTE-BovB,-0.030599937797687913,0.03806242393130888,-0.05946926245809331,-0.0016794685894434892
723,SJSA1,H3K4me3,tRNA-RTE,0.026085606315238787,0.10451276491572656,-0.005415662432460891,0.05753515381460893
724,SJSA1,H3K4me3,hAT-Ac,0.009325625761293166,0.6071482288832037,-0.026222395244574447,0.04485009146211865
725,SJSA1,H3K4me3,hAT,-0.0020127654552991314,0.9168654867137369,-0.039788386062702845,0.035768600471648274
726,SJSA1,H3K4me3,MULE-MuDR,-0.003908059290635657,0.8512478554021701,-0.044728687439737895,0.036925597397818664
727,SJSA1,H3K4me3,PiggyBac,0.022343033390820128,0.30611661280786745,-0.02045623802578789,0.06506056539370028
728,SJSA1,H3K4me3,5S-Deu-L2,0.01516325053078997,0.5104658852293694,-0.0299963570602018,0.06026108095579419
729,SJSA1,H3K4me3,Helitron,0.023997705951848886,0.3234426878391714,-0.023648490363646375,0.07153513109949894
730,SJSA1,H3K4me3,hAT-Tag1,-0.006333344120129183,0.7950291994057707,-0.05407090740413324,0.041433103586714974
731,SJSA1,H3K4me3,tRNA,0.006353259585357724,0.8054746688768053,-0.04419071481587247,0.056864792252421456
732,SJSA1,H3K4me3,Penelope,-0.04301679057359058,0.27052354585453253,-0.11909302446891333,0.03356158647555736
733,SJSA1,H3K4me3,TcMar-Tc1,0.048369705720637736,0.21705860070166655,-0.028505858529656532,0.12467645373911054
734,SJSA1,H3K4me3,Dong-R4,0.009308385211023716,0.8477309639333142,-0.08555595028537165,0.10400546477556682
735,SJSA1,H3K4me3,tRNA-Deu,-0.037275038396456565,0.44721153826291016,-0.13274845705063543,0.05888374756013764
736,SJSA1,H3K4me3,Kolobok,-0.08729851996368564,0.10103956269195259,-0.18999846358475955,0.01729123599390477
737,SJSA1,H3K4me3,PIF-Harbinger,0.06096921068809848,0.25596925741551196,-0.044392070603528754,0.16498910097422978
738,SJSA1,H3K4me3,Crypton,-0.14639349841112673,0.013696933076853431,-0.25916127146590495,-0.02968808204977946
739,SJSA1,H3K4me3,Merlin,-0.021994021324339672,0.7501944564972822,-0.15629583624534965,0.11310630856912907
740,SJSA1,H3K4me3,TcMar,-0.1463516425621497,0.036731599659024866,-0.2788121737187439,-0.008426481924565027
741,SJSA1,H3K4me3,L1-Tx1,-0.055688244781047024,0.5180567893736336,-0.22146128444355254,0.11321295576582435
742,SJSA1,H3K4me3,Crypton-A,0.1443775832058441,0.09991383851431493,-0.02873700712230762,0.30908361699543896
743,SJSA1,H3K4me3,I-Jockey,0.10361412288017795,0.283638915592121,-0.08667344234055999,0.2866074108686919
744,SJSA1,H3K4me3,hAT-Tip100?,0.25160256410256404,0.044905492385580885,0.0022347191076771363,0.47151072281453826
745,SJSA1,H3K4me3,TcMar-Pogo,0.093841642228739,0.6094505407693276,-0.2642183921496525,0.4291669751690419
746,SJSA1,H3K4me3,hAT?,0.16455309396485868,0.35238522798012684,-0.1861364442775943,0.4780532877264857
747,SJSA1,H3K4me3,hAT-hAT19,-0.07941176470588236,0.770025319039825,-0.5539290093824006,0.43404767404251515
748,HAP-1,H3K27ac,Alu,0.0006322914199758709,0.507563196411387,-0.001237916314647085,0.0025024947315052423
749,HAP-1,H3K27ac,L1,-0.0010177347983717005,0.4606082573086181,-0.003721163563361757,0.0016857088430003088
750,HAP-1,H3K27ac,MIR,0.001568214761235596,0.2600841021091742,-0.001161023836100113,0.004297429996255375
751,HAP-1,H3K27ac,L2,-0.0016217001395049948,0.33299073343230823,-0.004904851953462561,0.001661486635806805
752,HAP-1,H3K27ac,ERVL-MaLR,0.0008462564779033893,0.6735563197749034,-0.003090937123052657,0.004783423842536978
753,HAP-1,H3K27ac,hAT-Charlie,0.002008554416996877,0.346747369465336,-0.002175343594195195,0.006192382109586666
754,HAP-1,H3K27ac,ERV1,0.0026679471532351693,0.3859216471805058,-0.0033630455829637427,0.008698745812490192
755,HAP-1,H3K27ac,ERVL,-0.0011044952852259662,0.7241188993169186,-0.0072375897008431925,0.0050286822224609295
756,HAP-1,H3K27ac,TcMar-Tigger,0.005853447527487118,0.06585766638917195,-0.00038375143091154944,0.012090191074284615
757,HAP-1,H3K27ac,hAT-Tip100,0.0037332812020678223,0.3896551858412358,-0.004772614554208368,0.012238636777371305
758,HAP-1,H3K27ac,CR1,0.0016158634335220305,0.7322354948617932,-0.007640233688443252,0.010871683683768002
759,HAP-1,H3K27ac,Gypsy,0.009481282679745318,0.23551672844585764,-0.006184388123088433,0.02514230078182732
760,HAP-1,H3K27ac,hAT-Blackjack,0.009370931633222784,0.25097934253842874,-0.006628887476439774,0.025365953951545117
761,HAP-1,H3K27ac,TcMar-Mariner,0.00918703549500882,0.2645060240792391,-0.006951022645581319,0.025320309363973045
762,HAP-1,H3K27ac,RTE-X,-0.00849255182227573,0.4098461516826605,-0.028682480494356604,0.011704303417174086
763,HAP-1,H3K27ac,ERVK,-0.011938672437440952,0.3114489993650423,-0.03504498414207311,0.011180396277337893
764,HAP-1,H3K27ac,TcMar-Tc2,-0.025975923597791054,0.036084992417725,-0.05023895015980891,-0.0016822539690194238
765,HAP-1,H3K27ac,SVA,0.004101328693159234,0.7749281286173445,-0.024008625569228104,0.032204802850783636
766,HAP-1,H3K27ac,RTE-BovB,-0.022869427818905576,0.1215430307019915,-0.051785633631906886,0.006085093113700225
767,HAP-1,H3K27ac,tRNA-RTE,-0.004550621092354155,0.7770638579675018,-0.03603708567172891,0.026944869208700335
768,HAP-1,H3K27ac,hAT-Ac,0.027132845143344818,0.1353208736675115,-0.00848489612941837,0.06268182596734412
769,HAP-1,H3K27ac,hAT,0.020855555976830073,0.2798354960642141,-0.01697568732102781,0.058627170364973925
770,HAP-1,H3K27ac,MULE-MuDR,-0.008783800935636736,0.6737292213342603,-0.04963873862501472,0.032100482620012166
771,HAP-1,H3K27ac,PiggyBac,-0.0038719806060910265,0.8597469930331767,-0.0467923720362193,0.03906268139674078
772,HAP-1,H3K27ac,5S-Deu-L2,0.03407557323897418,0.13969497183049467,-0.01116320353388586,0.07917514303868077
773,HAP-1,H3K27ac,Helitron,0.04309943957582255,0.07720987576342127,-0.004728479418370856,0.09073062342104536
774,HAP-1,H3K27ac,hAT-Tag1,-0.0011803386608801516,0.9614310080198851,-0.04898782579705476,0.046632544551609624
775,HAP-1,H3K27ac,tRNA,-0.002380273902811398,0.9265366684710183,-0.05293687069653871,0.04818849370400431
776,HAP-1,H3K27ac,Penelope,0.037812972571962464,0.3342931351421454,-0.03899370729961893,0.11417545988235185
777,HAP-1,H3K27ac,TcMar-Tc1,-0.04754191961616089,0.2268294172304791,-0.124151057051588,0.029630638646718187
778,HAP-1,H3K27ac,Dong-R4,0.013113073734296639,0.7867728186937435,-0.08177943417157192,0.10776997182602878
779,HAP-1,H3K27ac,tRNA-Deu,0.04398770821261409,0.3696805004667766,-0.052193791823582344,0.1393606354482423
780,HAP-1,H3K27ac,Kolobok,-0.08850850416260175,0.0968570393147533,-0.19132309005592693,0.01622731687062876
781,HAP-1,H3K27ac,PIF-Harbinger,0.12323735043900488,0.021290736186199127,0.01809737987397612,0.22568160444259086
782,HAP-1,H3K27ac,Crypton,0.04000077829742254,0.5027256927635333,-0.07700222793889831,0.1559170206265019
783,HAP-1,H3K27ac,Merlin,-0.0684780574496292,0.322196156636742,-0.20183396803095424,0.06737067116606896
784,HAP-1,H3K27ac,TcMar,0.07377621410629578,0.2967294664018482,-0.0651242836968929,0.20987214633546733
785,HAP-1,H3K27ac,L1-Tx1,-0.0012181220154084205,0.9887285649696824,-0.16889916506849417,0.16653144884202226
786,HAP-1,H3K27ac,Crypton-A,0.0102333737708202,0.907647157797087,-0.16158014939700147,0.1814447751534305
787,HAP-1,H3K27ac,I-Jockey,-0.05565749235474007,0.5654076721221406,-0.24137246453809022,0.1339902230441986
788,HAP-1,H3K27ac,hAT-Tip100?,0.21524577572964673,0.09023295547676922,-0.03726147333878146,0.44191639128089943
789,HAP-1,H3K27ac,TcMar-Pogo,0.15212609970674487,0.4058771212990657,-0.20958728626343917,0.477215179441864
790,HAP-1,H3K27ac,hAT?,-0.15675133689839574,0.3836719840488263,-0.4762204102963701,0.19927339091048304
791,HAP-1,H3K27ac,hAT-hAT19,-0.06176470588235294,0.8202418775044894,-0.5412754497566349,0.44806050764011357
792,HAP-1,H3K4me1,Alu,-0.0002450923228370787,0.7973074531716421,-0.0021154549970315083,0.0016252720661506653
793,HAP-1,H3K4me1,L1,-0.0015445847136859687,0.2628636748274548,-0.004248387581718591,0.0011592407381165633
794,HAP-1,H3K4me1,MIR,-0.00020795392224119623,0.8812927046347401,-0.00293734036399843,0.0025214356178461165
795,HAP-1,H3K4me1,L2,-0.0005408429125074334,0.7468003067857087,-0.0038240720166398635,0.002742397851803144
796,HAP-1,H3K4me1,ERVL-MaLR,-0.0017756516008253268,0.37674547007861137,-0.005712900635414129,0.002161652486760326
797,HAP-1,H3K4me1,hAT-Charlie,0.0016294880923611154,0.4452567487866007,-0.002554379012909638,0.00581329815071457
798,HAP-1,H3K4me1,ERV1,0.0033842599838863003,0.27142305582984283,-0.002646939072747823,0.00941521284038665
799,HAP-1,H3K4me1,ERVL,-0.0046769688222582225,0.13500889439100644,-0.010809713758182371,0.0014561279483822967
800,HAP-1,H3K4me1,TcMar-Tigger,-0.0030074142957617843,0.3446110194507379,-0.009244070745316088,0.0032294761167583133
801,HAP-1,H3K4me1,hAT-Tip100,0.0004183501614361853,0.9232000150019651,-0.008086913024765191,0.008923552821573125
802,HAP-1,H3K4me1,CR1,0.002864436083823881,0.5441550471974087,-0.006391625959060787,0.012120007329391226
803,HAP-1,H3K4me1,Gypsy,6.047665743198253e-05,0.993962692482256,-0.015603438189998714,0.01572436182802775
804,HAP-1,H3K4me1,hAT-Blackjack,-0.005203276098765942,0.5238295413746714,-0.021199028033144145,0.010795139013933138
805,HAP-1,H3K4me1,TcMar-Mariner,0.004776016223914802,0.5619681351526811,-0.011365468897709449,0.02091501291387869
806,HAP-1,H3K4me1,RTE-X,-0.002309117176479179,0.8226627603683423,-0.022499363870365736,0.0178830123080494
807,HAP-1,H3K4me1,ERVK,-0.005148396709200985,0.6627312899044966,-0.028278045315643173,0.017986761940749885
808,HAP-1,H3K4me1,TcMar-Tc2,-0.030802947166759766,0.012946263626310682,-0.05506185983297674,-0.006507690950694755
809,HAP-1,H3K4me1,SVA,0.0023994076417736417,0.8671358626828947,-0.025706545054454317,0.030501570029290048
810,HAP-1,H3K4me1,RTE-BovB,0.014989321238472762,0.31027943498959215,-0.01396823272137203,0.04392175307380188
811,HAP-1,H3K4me1,tRNA-RTE,0.0001205819130318039,0.9940152558672799,-0.03137913638840119,0.031620060925752605
812,HAP-1,H3K4me1,hAT-Ac,-0.010917719666053068,0.5479467105428169,-0.046503699756389884,0.024695936798904146
813,HAP-1,H3K4me1,hAT,-0.002032340107937952,0.9161066113726869,-0.03982899876804494,0.03577012621936198
814,HAP-1,H3K4me1,MULE-MuDR,0.0038294984990469043,0.8542982286685872,-0.03703065381616881,0.04467686753317669
815,HAP-1,H3K4me1,PiggyBac,0.040811713082225545,0.06243483690985416,-0.002137891890375189,0.08361102643752742
816,HAP-1,H3K4me1,5S-Deu-L2,0.003171584853962582,0.8907233860923365,-0.042055062646814745,0.04838526131117979
817,HAP-1,H3K4me1,Helitron,0.044611031086559824,0.06737763192648841,-0.0032155836297741783,0.09223402424496842
818,HAP-1,H3K4me1,hAT-Tag1,0.038235609441644634,0.1170990576019623,-0.009609643256102217,0.08590619037940506
819,HAP-1,H3K4me1,tRNA,-0.007005869379279307,0.786095159788157,-0.057548998961099426,0.04357308182871487
820,HAP-1,H3K4me1,Penelope,0.008977741080751717,0.8190204968578703,-0.0678544563077291,0.08570408141234853
821,HAP-1,H3K4me1,TcMar-Tc1,0.01196944829190399,0.7608608748003162,-0.06505448774190226,0.08885160346438672
822,HAP-1,H3K4me1,Dong-R4,-0.06468751079775112,0.1816306027214724,-0.15859936132168906,0.03038430159670436
823,HAP-1,H3K4me1,tRNA-Deu,0.05834515999578305,0.23392389824443416,-0.0378630822705086,0.15348169696163758
824,HAP-1,H3K4me1,Kolobok,0.016139831387925883,0.7625117728059994,-0.08839872634564115,0.12032672204085122
825,HAP-1,H3K4me1,PIF-Harbinger,0.1750207578112712,0.0010259734306209678,0.07055185627490644,0.2756919372589349
826,HAP-1,H3K4me1,Crypton,0.007603753458173073,0.8986628926871643,-0.10909215544166333,0.12409292245363998
827,HAP-1,H3K4me1,Merlin,0.021943509595019225,0.7513251212406937,-0.11347748975576943,0.15656404351986272
828,HAP-1,H3K4me1,TcMar,0.0663138208988654,0.3484088149661211,-0.07255183920285126,0.20265729393295331
829,HAP-1,H3K4me1,L1-Tx1,0.15328968787387687,0.07371873922959446,-0.01579795334230007,0.3138536028606657
830,HAP-1,H3K4me1,Crypton-A,0.02974457936933237,0.7359253820220331,-0.14254551968265028,0.20028519280306198
831,HAP-1,H3K4me1,I-Jockey,0.04838291168566398,0.6173556431918739,-0.141111217225505,0.23445707556370776
832,HAP-1,H3K4me1,hAT-Tip100?,0.019489247311827957,0.8794963014704971,-0.22940618337097593,0.26599230284404407
833,HAP-1,H3K4me1,TcMar-Pogo,-0.0531524926686217,0.7726445452531766,-0.39475113355601704,0.3013561188747337
834,HAP-1,H3K4me1,hAT?,-0.09959893048128343,0.5813147111970498,-0.42898770003794007,0.25316803862015647
835,HAP-1,H3K4me1,hAT-hAT19,0.1411764705882353,0.6020026838819791,-0.38351326982565126,0.5969684892475311
836,HAP-1,H3K9me3,Alu,0.001222054874320517,0.20014905992331103,-0.0006475372658268317,0.0030916384714145934
837,HAP-1,H3K9me3,L1,0.00046886742563388413,0.7338938771008431,-0.0022343578598184254,0.0031720858586731394
838,HAP-1,H3K9me3,MIR,0.0008227398216795256,0.554584350481413,-0.0019061952723505495,0.003551662661726686
839,HAP-1,H3K9me3,L2,-0.0018153545166698635,0.27847361267211845,-0.005098378241851476,0.0014677083417778565
840,HAP-1,H3K9me3,ERVL-MaLR,-0.0026255349345052307,0.19110955680257444,-0.006561775030034982,0.0013107865232706067
841,HAP-1,H3K9me3,hAT-Charlie,0.0012933232325915633,0.5445258678605381,-0.0028897405738642513,0.005476341778262552
842,HAP-1,H3K9me3,ERV1,0.0024603673098310473,0.4238988492793069,-0.00356988047524704,0.008490436162091192
843,HAP-1,H3K9me3,ERVL,0.0012066919537952606,0.6996971063426443,-0.004924717417380263,0.007338010596990068
844,HAP-1,H3K9me3,TcMar-Tigger,-2.7860731726337356e-05,0.9930138411179571,-0.006264233358178807,0.006208514061865187
845,HAP-1,H3K9me3,hAT-Tip100,-0.0034549171588020766,0.42595630737184254,-0.011959985295392132,0.005050650844177727
846,HAP-1,H3K9me3,CR1,0.000416169715193213,0.9297793886051549,-0.008839841547154472,0.009672109668442237
847,HAP-1,H3K9me3,Gypsy,-0.009233335090075867,0.2479604612341712,-0.024893468412177894,0.006431328690485931
848,HAP-1,H3K9me3,hAT-Blackjack,-0.007108765199594472,0.3838404328887619,-0.023104813673886764,0.008890922176376949
849,HAP-1,H3K9me3,TcMar-Mariner,0.0007302922943778125,0.9292739823518346,-0.01539510547145879,0.016855310275405502
850,HAP-1,H3K9me3,RTE-X,5.408956613657432e-07,0.999958114135379,-0.02019179964026349,0.02019288099050679
851,HAP-1,H3K9me3,ERVK,0.0017866238944088213,0.8795728921484969,-0.021323007237468942,0.024894346866734432
852,HAP-1,H3K9me3,TcMar-Tc2,-0.0034054728852726717,0.7835173356787111,-0.027693888110041306,0.02088696101248175
853,HAP-1,H3K9me3,SVA,0.016654623717630754,0.24522264266025373,-0.011439533613748864,0.04472250796905142
854,HAP-1,H3K9me3,RTE-BovB,0.018768709685228906,0.20400340487900467,-0.010195565500394905,0.04770151676068182
855,HAP-1,H3K9me3,tRNA-RTE,-0.03987911152942581,0.013088255977518714,-0.07130567438901711,-0.008373453103182616
856,HAP-1,H3K9me3,hAT-Ac,0.018305493278698928,0.31354979778975517,-0.017300012404639135,0.05386463021567728
857,HAP-1,H3K9me3,hAT,0.008976211713920516,0.6418696586481374,-0.02884808786972653,0.04677484252867532
858,HAP-1,H3K9me3,MULE-MuDR,0.0026639038274340367,0.8984405800372995,-0.038230089731182804,0.043548989471231696
859,HAP-1,H3K9me3,PiggyBac,0.013088653815673836,0.5502946371044359,-0.029857967845509422,0.05598703969292108
860,HAP-1,H3K9me3,5S-Deu-L2,0.00497778047037815,0.8291852451421902,-0.040227999282501085,0.050163224060394876
861,HAP-1,H3K9me3,Helitron,0.008467391139166407,0.7285029474208297,-0.03933118859999496,0.056227308433381716
862,HAP-1,H3K9me3,hAT-Tag1,0.030090406236705166,0.21755033771060203,-0.01775618361618541,0.07779949581414458
863,HAP-1,H3K9me3,tRNA,-0.013507646296086983,0.6007933599432267,-0.06402911217828511,0.03708288077809107
864,HAP-1,H3K9me3,Penelope,0.057778311984461796,0.1402494797352891,-0.01909518823048261,0.13397269194141076
865,HAP-1,H3K9me3,TcMar-Tc1,-0.045783354527652656,0.24449936189246016,-0.12241232359941483,0.031388238975064126
866,HAP-1,H3K9me3,Dong-R4,-0.02307011410509309,0.6341130026188943,-0.11761223393973437,0.07188644533415228
867,HAP-1,H3K9me3,tRNA-Deu,0.04919845009452946,0.31563880382671944,-0.04699620192754346,0.14448896458957888
868,HAP-1,H3K9me3,Kolobok,-0.05896704397105326,0.26919324649758236,-0.16243925364020578,0.045787940724304234
869,HAP-1,H3K9me3,PIF-Harbinger,0.043820665216904725,0.41444709268029833,-0.061492457457509,0.14816882414090177
870,HAP-1,H3K9me3,Crypton,-0.07285022156998391,0.22180965871049665,-0.1880019147871799,0.044277077645482
871,HAP-1,H3K9me3,Merlin,-0.0344779130964792,0.6184885182205364,-0.16879981121622945,0.10110125140866044
872,HAP-1,H3K9me3,TcMar,-0.03773891888235327,0.5938728462266747,-0.1749267670950016,0.1008863920902784
873,HAP-1,H3K9me3,L1-Tx1,0.02333567079326476,0.7866439015724752,-0.14496966859750993,0.1903285603282088
874,HAP-1,H3K9me3,Crypton-A,-0.048511102838982044,0.5821564022625333,-0.21831784329895387,0.12414689225480151
875,HAP-1,H3K9me3,I-Jockey,-0.10497636919655269,0.27732203500142333,-0.2878833769910297,0.08531978741428248
876,HAP-1,H3K9me3,hAT-Tip100?,0.08956043956043956,0.4815707850198706,-0.16025590128127687,0.3285941727569663
877,HAP-1,H3K9me3,TcMar-Pogo,0.038489736070381225,0.8343346615640608,-0.3145456070437762,0.38217117201530393
878,HAP-1,H3K9me3,hAT?,-0.27941176470588236,0.11531241577635853,-0.5728805229478738,0.07755619931193064
879,HAP-1,H3K9me3,hAT-hAT19,-0.044117647058823525,0.8711220048065985,-0.5284606726859619,0.46189247481035667
880,HAP-1,H3K36me3,Alu,0.0004967494608535442,0.6025173472323444,-0.0013727610925575002,0.0023662565419221935
881,HAP-1,H3K36me3,L1,-0.0017603164988942764,0.20179578847870833,-0.004463221463343661,0.0009426141865513273
882,HAP-1,H3K36me3,MIR,0.001879005482280952,0.17711449948666774,-0.0008496063386496317,0.0046075893237961804
883,HAP-1,H3K36me3,L2,0.00019345274739945815,0.9080563007095132,-0.003089582228654285,0.003476483553267631
884,HAP-1,H3K36me3,ERVL-MaLR,-0.0006520058772989998,0.7454235383453922,-0.004587882912015486,0.0032838913581428
885,HAP-1,H3K36me3,hAT-Charlie,-0.0040499228043749955,0.05772362222230282,-0.00823239923486832,0.0001326953247256947
886,HAP-1,H3K36me3,ERV1,0.004069847017581372,0.18574484429339572,-0.00195824375044043,0.01009764201600531
887,HAP-1,H3K36me3,ERVL,0.00503674050196806,0.107410026082045,-0.0010950929696610762,0.01116819523072594
888,HAP-1,H3K36me3,TcMar-Tigger,1.1657811748385643e-05,0.9970765468773666,-0.0062243059892390954,0.006247620706055646
889,HAP-1,H3K36me3,hAT-Tip100,0.0006178504921991399,0.8867755949114529,-0.007886865285721158,0.009122476892537056
890,HAP-1,H3K36me3,CR1,-0.002747228077151747,0.5607445404052742,-0.01200260752598776,0.006508622065543941
891,HAP-1,H3K36me3,Gypsy,0.0008819669962613014,0.9121290742214134,-0.014781640093313215,0.016545141318743625
892,HAP-1,H3K36me3,hAT-Blackjack,-0.0007305983921494188,0.9286592373212336,-0.016723019711634157,0.015262196648362454
893,HAP-1,H3K36me3,TcMar-Mariner,-0.008715239079226219,0.2897294086219685,-0.024845458624544965,0.007419517217450197
894,HAP-1,H3K36me3,RTE-X,-0.009444319695389537,0.35938732684000774,-0.029633601802350182,0.01075266517980824
895,HAP-1,H3K36me3,ERVK,-0.004663686151528582,0.692416465900255,-0.027764735304066094,0.018442341813343564
896,HAP-1,H3K36me3,TcMar-Tc2,0.014948218572008714,0.22791735485127,-0.009352769153665428,0.03923156019246709
897,HAP-1,H3K36me3,SVA,0.009985589275580778,0.4860436969579771,-0.018109934017149994,0.0380653554203536
898,HAP-1,H3K36me3,RTE-BovB,0.0070364771143543526,0.6337251619415485,-0.02190558458082265,0.035966754914984335
899,HAP-1,H3K36me3,tRNA-RTE,-0.00902048750092273,0.5747064669422727,-0.04050921625176021,0.022486141224215623
900,HAP-1,H3K36me3,hAT-Ac,0.015350857693632293,0.3978914576020903,-0.020241816808317225,0.050904671389064564
901,HAP-1,H3K36me3,hAT,0.023309331867523885,0.22675102501966815,-0.014494190768573065,0.06104631259271155
902,HAP-1,H3K36me3,MULE-MuDR,0.018433568236013696,0.3769958608664812,-0.022467694401026958,0.05927322731076554
903,HAP-1,H3K36me3,PiggyBac,0.008075599195350324,0.7123452380143134,-0.03484460338649799,0.05096606762036084
904,HAP-1,H3K36me3,5S-Deu-L2,0.030542934803771238,0.18535596719737651,-0.014672278587222655,0.07563349130963036
905,HAP-1,H3K36me3,Helitron,0.04090319113143232,0.09344798113840558,-0.006912086072702731,0.08853185208865527
906,HAP-1,H3K36me3,hAT-Tag1,-0.01736380838092549,0.47681148877593793,-0.06512357391329258,0.030475326248863115
907,HAP-1,H3K36me3,tRNA,0.029778611487756523,0.2485949847889088,-0.020826839720552416,0.08023186565401826
908,HAP-1,H3K36me3,Penelope,0.02253992142496083,0.5653240265335677,-0.054288707298635885,0.09910324422483138
909,HAP-1,H3K36me3,TcMar-Tc1,0.05381968344689826,0.1708643685311466,-0.023293620242386848,0.1302963540553506
910,HAP-1,H3K36me3,Dong-R4,-0.031908002392770564,0.5103100250933796,-0.12633659023247532,0.0630936541275352
911,HAP-1,H3K36me3,tRNA-Deu,0.07259827699739159,0.13839714399102496,-0.0236069227714994,0.16747120699262089
912,HAP-1,H3K36me3,Kolobok,0.036416634833141885,0.49523520749659555,-0.06826014840919255,0.14030036175963698
913,HAP-1,H3K36me3,PIF-Harbinger,0.05509597642529622,0.3047195966302227,-0.050254052801825176,0.15923342176091473
914,HAP-1,H3K36me3,Crypton,0.01781109690559282,0.7654539440893863,-0.0990011994998287,0.13413918569928088
915,HAP-1,H3K36me3,Merlin,-0.006424967632551256,0.926082631681703,-0.1413722247702562,0.12875671280259807
916,HAP-1,H3K36me3,TcMar,0.060112995092515546,0.3954179370498748,-0.07871488180337662,0.19665364530962912
917,HAP-1,H3K36me3,L1-Tx1,0.08060840762117447,0.34907902321893913,-0.08857351176158403,0.24526981893593736
918,HAP-1,H3K36me3,Crypton-A,-0.010484270258680687,0.9053932906193912,-0.18168764424769862,0.16133598648050854
919,HAP-1,H3K36me3,I-Jockey,-0.15263645630618108,0.11308025468213045,-0.3322121538351787,0.037617681326169876
920,HAP-1,H3K36me3,hAT-Tip100?,0.06009984639016897,0.6398570911575072,-0.19072196637590855,0.3035551882820857
921,HAP-1,H3K36me3,TcMar-Pogo,-0.04508797653958944,0.8064309333944821,-0.3878438928262196,0.30862282441431566
922,HAP-1,H3K36me3,hAT?,-0.23128342245989308,0.19530819771687935,-0.5357230209998273,0.12636845682564515
923,HAP-1,H3K36me3,hAT-hAT19,-0.01764705882352941,0.9482801500547112,-0.5089320166324547,0.4823095822381911
924,HAP-1,H3K27me3,Alu,0.0006036428377664482,0.526843084875151,-0.0012659172533586534,0.0024731987091283223
925,HAP-1,H3K27me3,L1,-0.001218075541788537,0.37719424148307723,-0.003921540510667581,0.0014854072323872525
926,HAP-1,H3K27me3,MIR,4.698314083454924e-05,0.9730787984440266,-0.0026816963018579335,0.002775661883883265
927,HAP-1,H3K27me3,L2,0.0006195419470010814,0.711487124867157,-0.0026635382212441255,0.0039026087596867624
928,HAP-1,H3K27me3,ERVL-MaLR,-0.0018275949476673275,0.3627959438557812,-0.005763611830405129,0.0021084785631128554
929,HAP-1,H3K27me3,hAT-Charlie,0.0037622327607210082,0.07792034502555427,-0.0004206159816221271,0.007944949855612943
930,HAP-1,H3K27me3,ERV1,-0.0001485308648105639,0.9614905785962096,-0.006177797963029135,0.0058807470322339225
931,HAP-1,H3K27me3,ERVL,-0.001598636352798505,0.6093420362171769,-0.007729995208449544,0.004532842702383891
932,HAP-1,H3K27me3,TcMar-Tigger,-0.002915625092805229,0.35949282158394325,-0.009151719382549545,0.0033206959778556483
933,HAP-1,H3K27me3,hAT-Tip100,-0.0025347077040315403,0.5591022714977023,-0.011038516494417762,0.0059694676980930235
934,HAP-1,H3K27me3,CR1,0.004646570957678799,0.3251325265491155,-0.004609034797618542,0.013901380655754428
935,HAP-1,H3K27me3,Gypsy,0.008484325811342697,0.28840445234190204,-0.007179809823729516,0.024144298737543167
936,HAP-1,H3K27me3,hAT-Blackjack,0.026034345980567905,0.0014207001620223558,0.010040540970895058,0.04201483378920593
937,HAP-1,H3K27me3,TcMar-Mariner,-0.001478854576999462,0.8574162061134327,-0.017610210538712825,0.014653271080105092
938,HAP-1,H3K27me3,RTE-X,-0.0034294702782535426,0.7392378304309262,-0.023619162906607278,0.016763018636865933
939,HAP-1,H3K27me3,ERVK,0.010195735994293475,0.3874298286551734,-0.012926287141351175,0.03330686128437601
940,HAP-1,H3K27me3,TcMar-Tc2,-0.00248384269322634,0.8411433770824007,-0.026767306719784376,0.021802551082460226
941,HAP-1,H3K27me3,SVA,-0.01268115891771392,0.3765270469323916,-0.04076904911017436,0.01542675784430515
942,HAP-1,H3K27me3,RTE-BovB,-0.022068161788488454,0.13507273959886776,-0.05097951823609811,0.0068801518920843345
943,HAP-1,H3K27me3,tRNA-RTE,-0.022274739113364604,0.16570508768685943,-0.05373241248826232,0.009227103581609733
944,HAP-1,H3K27me3,hAT-Ac,-0.01749738617678983,0.33555428027432255,-0.05307004255469003,0.018119621861951287
945,HAP-1,H3K27me3,hAT,-0.02457173842672758,0.20290908541171854,-0.062333261301763566,0.013260032509822576
946,HAP-1,H3K27me3,MULE-MuDR,0.010847309007827544,0.6032553979930757,-0.030056981252313965,0.05171532859896924
947,HAP-1,H3K27me3,PiggyBac,-0.009213611683199162,0.674070808419085,-0.05211163006605837,0.03371834692350222
948,HAP-1,H3K27me3,5S-Deu-L2,0.011369431136408882,0.6221637895452086,-0.033845869639078624,0.05653828579873272
949,HAP-1,H3K27me3,Helitron,0.031057778404881404,0.20271105330863315,-0.016746190176786083,0.07872008331546607
950,HAP-1,H3K27me3,hAT-Tag1,0.044734946339749324,0.06670055190278365,-0.0031058118349362083,0.09237139699408405
951,HAP-1,H3K27me3,tRNA,0.022661876986133467,0.37997098424728637,-0.027939518354533427,0.07314742699121353
952,HAP-1,H3K27me3,Penelope,0.1322437357576739,0.0007046750612183286,0.05575347023518016,0.20719078036309535
953,HAP-1,H3K27me3,TcMar-Tc1,-0.01373968352680813,0.7266112626523249,-0.09054961609822156,0.06323274452598483
954,HAP-1,H3K27me3,Dong-R4,-0.03147898389044801,0.5160160813166308,-0.12591333592288476,0.06352073925193814
955,HAP-1,H3K27me3,tRNA-Deu,-0.007632705421429252,0.8763593654787475,-0.1034734243047829,0.08834844667104283
956,HAP-1,H3K27me3,Kolobok,0.02555268481696697,0.6318328177296744,-0.07890956789862788,0.12945985813013186
957,HAP-1,H3K27me3,PIF-Harbinger,0.04458668401873669,0.40632806364431695,-0.06072958169318689,0.14892115059289093
958,HAP-1,H3K27me3,Crypton,-0.016999443940973573,0.7758511786244713,-0.13334099624435272,0.09980425701397048
959,HAP-1,H3K27me3,Merlin,-0.020627090637798016,0.7657965811915856,-0.15527718869347484,0.1147754725039175
960,HAP-1,H3K27me3,TcMar,-0.030623766096339735,0.6652720072676803,-0.16799632397976033,0.10791551811468897
961,HAP-1,H3K27me3,L1-Tx1,-0.04990566555847601,0.5624948988502001,-0.2159152729087765,0.11890810923893892
962,HAP-1,H3K27me3,Crypton-A,-0.0046282394675540494,0.958158021235511,-0.1760149025764568,0.16703075566244271
963,HAP-1,H3K27me3,I-Jockey,0.0262904272078584,0.7861121768194715,-0.1626474951329799,0.21336853337012213
964,HAP-1,H3K27me3,hAT-Tip100?,0.046706989247311835,0.7162314378538899,-0.20354424963612391,0.29122953600796253
965,HAP-1,H3K27me3,TcMar-Pogo,0.041788856304985335,0.820355822027871,-0.31158676121734635,0.3850099376353021
966,HAP-1,H3K27me3,hAT?,0.0,1.0,-0.3433089972376546,0.3433089972376546
967,HAP-1,H3K27me3,hAT-hAT19,-0.3147058823529411,0.23515831926634445,-0.7077459404545711,0.2271031187040626
968,HAP-1,H3K4me3,Alu,-0.000721314584089856,0.4497330334838239,-0.002591696237844794,0.0011490721164706611
969,HAP-1,H3K4me3,L1,0.0019023317394531334,0.1679114823450054,-0.0008015504309923908,0.004606186094270142
970,HAP-1,H3K4me3,MIR,0.002306782220676577,0.09763085721316582,-0.0004226809623418532,0.005036211033031626
971,HAP-1,H3K4me3,L2,0.0024069345270125,0.15077314873520403,-0.0008764003375704715,0.005690217497221056
972,HAP-1,H3K4me3,ERVL-MaLR,-0.0007689111015386238,0.7018915126762448,-0.004706087977831113,0.003168289613250579
973,HAP-1,H3K4me3,hAT-Charlie,-0.001970780559945888,0.35590704279955354,-0.0061547428452230725,0.0022132507258946477
974,HAP-1,H3K4me3,ERV1,0.007648992149918986,0.012928198248582923,0.001617850811096758,0.013679577048458028
975,HAP-1,H3K4me3,ERVL,-0.0008549183485469349,0.7846827933943783,-0.006987604060798848,0.005277831671100722
976,HAP-1,H3K4me3,TcMar-Tigger,-0.006584543672423846,0.038545118585972454,-0.01282159520851765,-0.0003469797838444325
977,HAP-1,H3K4me3,hAT-Tip100,-0.004430090232913818,0.3074097583468035,-0.01293648056531411,0.0040769412713258
978,HAP-1,H3K4me3,CR1,0.005128817987961392,0.27745073555742483,-0.004127002765025238,0.014383760027352937
979,HAP-1,H3K4me3,Gypsy,-0.018081166117344307,0.02365541961129177,-0.03373529111376607,-0.0024181715618073626
980,HAP-1,H3K4me3,hAT-Blackjack,0.006770215841058188,0.40694318613649805,-0.009231040720417623,0.022768006099683605
981,HAP-1,H3K4me3,TcMar-Mariner,0.0057013843173233355,0.48880337321542777,-0.010441866947586944,0.021841664419059884
982,HAP-1,H3K4me3,RTE-X,-0.004422177206201554,0.6678328318654871,-0.0246156334129991,0.01577488622795943
983,HAP-1,H3K4me3,ERVK,0.0009888912662185355,0.933213574500043,-0.022136431802089764,0.024113156702201224
984,HAP-1,H3K4me3,TcMar-Tc2,-0.018292769141205884,0.14009319551545232,-0.0425739771614201,0.006010035284894496
985,HAP-1,H3K4me3,SVA,-0.01100574185262432,0.44294195186211716,-0.03910445354419376,0.017110361596237647
986,HAP-1,H3K4me3,RTE-BovB,-0.006826155574287636,0.6440484300221945,-0.03576929104944974,0.022128421565637074
987,HAP-1,H3K4me3,tRNA-RTE,-0.02325332722387928,0.1478829937785576,-0.054708979340316925,0.008248433660373337
988,HAP-1,H3K4me3,hAT-Ac,-0.01929845614212252,0.28809805947214306,-0.05486120028519746,0.016313187185607973
989,HAP-1,H3K4me3,hAT,-0.0361762859244944,0.060842815196018515,-0.0739082770623002,0.0016591315090519398
990,HAP-1,H3K4me3,MULE-MuDR,-0.006079338190288488,0.7706007307884953,-0.04691340262456078,0.03477501069477264
991,HAP-1,H3K4me3,PiggyBac,0.008795904967366187,0.6881938330223132,-0.03415613367412109,0.05171551086940525
992,HAP-1,H3K4me3,5S-Deu-L2,0.04205567390451294,0.06836418337851712,-0.00319086289357877,0.0871303638857204
993,HAP-1,H3K4me3,Helitron,0.029258050460395323,0.23041073005261253,-0.018574158469532902,0.07695663883451477
994,HAP-1,H3K4me3,hAT-Tag1,0.016329593161556858,0.5034572661479257,-0.03150842504206603,0.064092968316204
995,HAP-1,H3K4me3,tRNA,-0.015421294056157407,0.5501080264082976,-0.06591898732404516,0.03515518978892085
996,HAP-1,H3K4me3,Penelope,0.0883513945173399,0.02395746473643236,0.011555862884974318,0.16411078430407564
997,HAP-1,H3K4me3,TcMar-Tc1,0.0007655656770260652,0.9844817271104925,-0.07625960409538872,0.07778165250166556
998,HAP-1,H3K4me3,Dong-R4,-0.03280690559082278,0.4984618688382869,-0.12722333227927754,0.06219871712945457
999,HAP-1,H3K4me3,tRNA-Deu,0.01185284195211982,0.8090787009533646,-0.08416127315668427,0.10764888693700768
1000,HAP-1,H3K4me3,Kolobok,-0.058023477840848596,0.2762590476570316,-0.16136890221002353,0.04658069404571174
1001,HAP-1,H3K4me3,PIF-Harbinger,0.09072410796124837,0.09059313327581472,-0.014609615388327972,0.19406629964037805
1002,HAP-1,H3K4me3,Crypton,-0.005579121405528584,0.9255534773001384,-0.1220981123335067,0.11109156330738079
1003,HAP-1,H3K4me3,Merlin,-0.05754302952744236,0.40564336161902204,-0.191234455275142,0.0782445676571638
1004,HAP-1,H3K4me3,TcMar,0.008559076005888499,0.9037745039952105,-0.1296476136334778,0.14643953820336775
1005,HAP-1,H3K4me3,L1-Tx1,0.050395714645134565,0.5586594774538134,-0.11842579270416137,0.21638558642014633
1006,HAP-1,H3K4me3,Crypton-A,0.13152047275878073,0.13428767189255036,-0.04167459265750048,0.2970420726675751
1007,HAP-1,H3K4me3,I-Jockey,-0.020220554165508296,0.834685352725555,-0.20755154017480285,0.1685410506707565
1008,HAP-1,H3K4me3,hAT-Tip100?,0.0956221198156682,0.4559759940253777,-0.15639858632789627,0.3359526048223821
1009,HAP-1,H3K4me3,TcMar-Pogo,-0.13269794721407624,0.4690664701270638,-0.4613618556683072,0.22799139639072552
1010,HAP-1,H3K4me3,hAT?,-0.2807486631016043,0.11351032097171376,-0.5738983785785131,0.07617940222926937
1011,HAP-1,H3K4me3,hAT-hAT19,-0.0411764705882353,0.8796536149318311,-0.5263090737375081,0.4641804933042493
1012,HL-60,H3K27ac,Alu,-4.167853052650355e-05,0.9651268415696825,-0.0019100812227690522,0.0018267244527096409
1013,HL-60,H3K27ac,L1,-0.0017790074227562185,0.19696664019887258,-0.004481416200752783,0.0009234273398018248
1014,HL-60,H3K27ac,MIR,0.0017497522628691536,0.20875151175539897,-0.0009785211572700405,0.004477999634699854
1015,HL-60,H3K27ac,L2,0.002656739797811211,0.11265713485467443,-0.0006256920414488399,0.005939114388330138
1016,HL-60,H3K27ac,ERVL-MaLR,-0.00329516056116958,0.10068155489333927,-0.007229379665339185,0.0006391605522698141
1017,HL-60,H3K27ac,hAT-Charlie,-0.0003141761848139,0.8829291722095098,-0.004495778984145177,0.003867437601792435
1018,HL-60,H3K27ac,ERV1,-0.004247031536861513,0.16701207675175894,-0.01027051330781886,0.0017767584398459635
1019,HL-60,H3K27ac,ERVL,-0.0005291005476602951,0.8656288174252295,-0.006657482075772954,0.00559932072364342
1020,HL-60,H3K27ac,TcMar-Tigger,0.005960712009889796,0.060884784366692486,-0.00027238349181739113,0.012193344364595253
1021,HL-60,H3K27ac,hAT-Tip100,-0.0012263550405431727,0.7773908489364507,-0.009727809493811834,0.007275276685642054
1022,HL-60,H3K27ac,CR1,-0.008287482259828758,0.07921059823226417,-0.01754010602231323,0.0009665608178645926
1023,HL-60,H3K27ac,Gypsy,-0.006928486538149357,0.385851481829936,-0.022585124186214677,0.008731548774153832
1024,HL-60,H3K27ac,hAT-Blackjack,-0.006434448805842817,0.43059015364749353,-0.0224318452219708,0.009566241790548064
1025,HL-60,H3K27ac,TcMar-Mariner,-0.010129774780709457,0.2182381879221986,-0.026250569096241006,0.005996286847547589
1026,HL-60,H3K27ac,RTE-X,-0.008839678283849914,0.3908228911925593,-0.029022948397207406,0.011350796903825594
1027,HL-60,H3K27ac,ERVK,-0.010171200742406478,0.38807847819148267,-0.033258275365059396,0.012926722862537003
1028,HL-60,H3K27ac,TcMar-Tc2,0.0014170187117559304,0.9089296965064894,-0.02285950542399974,0.025691872720173536
1029,HL-60,H3K27ac,SVA,-0.010956527407270922,0.44442269907634235,-0.03902069675978703,0.017124913309406773
1030,HL-60,H3K27ac,RTE-BovB,0.020006222945526054,0.175454712215837,-0.008939089721589846,0.04891803732921744
1031,HL-60,H3K27ac,tRNA-RTE,0.03812828541081021,0.017646609227802215,0.006629280364921127,0.06955170133077854
1032,HL-60,H3K27ac,hAT-Ac,0.009838329694664938,0.5879620594689106,-0.025751068744836327,0.045402820604854184
1033,HL-60,H3K27ac,hAT,0.002109863218527829,0.9128867348410821,-0.03567865098738058,0.03989235270792077
1034,HL-60,H3K27ac,MULE-MuDR,-0.010841893927529576,0.6031209157302864,-0.05167441315190229,0.03002681485614083
1035,HL-60,H3K27ac,PiggyBac,-0.03284332278116809,0.13373094507583808,-0.0756659117417452,0.010100191237060728
1036,HL-60,H3K27ac,5S-Deu-L2,-0.007636623297020646,0.7407194961209789,-0.05282751429685621,0.03758548234607918
1037,HL-60,H3K27ac,Helitron,-0.03186126870230402,0.19100391545255144,-0.07949169500538004,0.01591431012099713
1038,HL-60,H3K27ac,hAT-Tag1,0.06028322980515951,0.013379883417752423,0.012494114871431337,0.10779757973453698
1039,HL-60,H3K27ac,tRNA,0.026660352203614943,0.30132561177854494,-0.023910105016134654,0.0770947188246777
1040,HL-60,H3K27ac,Penelope,-0.014640099719316041,0.7084132663939511,-0.09114967455163155,0.06204129479654039
1041,HL-60,H3K27ac,TcMar-Tc1,0.02115067645732436,0.590684026312656,-0.05591017715034734,0.09796103326569083
1042,HL-60,H3K27ac,Dong-R4,0.04609599476488785,0.34142256149517913,-0.048954858217075306,0.14031941659734468
1043,HL-60,H3K27ac,tRNA-Deu,-0.01869884668990927,0.7030642429010658,-0.11441703759315182,0.07736333246391601
1044,HL-60,H3K27ac,Kolobok,-0.10848321291695029,0.04107184769158938,-0.2104910873912693,-0.004138448551039091
1045,HL-60,H3K27ac,PIF-Harbinger,0.026726885784979608,0.6187680793309052,-0.07849208404906195,0.13135695872224493
1046,HL-60,H3K27ac,Crypton,-0.05931843652775383,0.3200526062005095,-0.17480745583173318,0.057780652705403786
1047,HL-60,H3K27ac,Merlin,0.06393478329013651,0.3554158332410231,-0.0718915051643215,0.19743295249732945
1048,HL-60,H3K27ac,TcMar,-0.09621708491021164,0.17422279729610052,-0.23183349818108762,0.04306825613990673
1049,HL-60,H3K27ac,L1-Tx1,-0.08337835174433497,0.332712579790449,-0.24790696988415248,0.08582507287121736
1050,HL-60,H3K27ac,Crypton-A,0.14688921719602194,0.09409032088631503,-0.02620437853744324,0.31143114941994154
1051,HL-60,H3K27ac,I-Jockey,-0.04700213140580114,0.6274439571943142,-0.2331428741824372,0.14246118512994957
1052,HL-60,H3K27ac,hAT-Tip100?,-0.06302447552447552,0.6179507878461092,-0.3025015644714008,0.18393708345350096
1053,HL-60,H3K27ac,TcMar-Pogo,0.06158357771260996,0.7377554718678421,-0.2937262392357591,0.4019417650656492
1054,HL-60,H3K27ac,hAT?,0.393048128342246,0.023650099251070898,0.043969515514266665,0.6565936400871524
1055,HL-60,H3K27ac,hAT-hAT19,-0.15294117647058825,0.5717446192454616,-0.604949167049358,0.3736124896571969
1056,MG63,H3K9me3,Alu,-0.0004937988558085403,0.6037342775530289,-0.0023584526102062068,0.0013708583324079772
1057,MG63,H3K9me3,L1,0.0007072544038247005,0.6072124668280452,-0.001989322073726576,0.0034038205957743328
1058,MG63,H3K9me3,MIR,0.000566939691714895,0.6839336451833564,-0.002162555172350473,0.0032964261082410328
1059,MG63,H3K9me3,L2,-0.0005664012958785843,0.7351755310060254,-0.0038483639790466684,0.0027155735890716064
1060,MG63,H3K9me3,ERVL-MaLR,-0.0003272131927453634,0.8703559112338122,-0.004256731137117544,0.0036023148567245248
1061,MG63,H3K9me3,hAT-Charlie,0.0003657000464240009,0.863856787462456,-0.0038144496658802213,0.0045458369785351714
1062,MG63,H3K9me3,ERV1,0.0002678477341968479,0.930192705314843,-0.005724770729752995,0.006260446960592083
1063,MG63,H3K9me3,ERVL,0.0011725800036376396,0.7074864648767549,-0.004952148910340977,0.007297220946403118
1064,MG63,H3K9me3,TcMar-Tigger,0.0038606393121683453,0.22456530877610553,-0.002369825018534098,0.010090803922933567
1065,MG63,H3K9me3,hAT-Tip100,0.008161902124347939,0.059964683801323825,-0.0003425364987829281,0.0166651602058063
1066,MG63,H3K9me3,CR1,0.010633650848373493,0.02425248410526713,0.0013833232406212652,0.019882158795949983
1067,MG63,H3K9me3,Gypsy,0.0060583358840384915,0.448225585201771,-0.0095991201780835,0.021712821926671653
1068,MG63,H3K9me3,hAT-Blackjack,-0.012049294533713395,0.13952044934097177,-0.028026985659059256,0.003934551902532001
1069,MG63,H3K9me3,TcMar-Mariner,0.0023101056710001736,0.7788241818131121,-0.013810734992615616,0.018429745710162284
1070,MG63,H3K9me3,RTE-X,-0.0028538751299175403,0.7817496418021505,-0.023040644022995566,0.017335219990550148
1071,MG63,H3K9me3,ERVK,0.006687276075792832,0.5660975879753488,-0.01615431873365991,0.029521894686318884
1072,MG63,H3K9me3,TcMar-Tc2,0.002385661240983103,0.8472628853474662,-0.02188764305211107,0.026656154612383555
1073,MG63,H3K9me3,SVA,-0.005578889842951442,0.6954861342976657,-0.03350346134767287,0.02235438527684252
1074,MG63,H3K9me3,RTE-BovB,-0.005993572643226666,0.6849383943330289,-0.0349344810841502,0.0229573797903317
1075,MG63,H3K9me3,tRNA-RTE,0.01521179826501887,0.34405320488575664,-0.016301503395927414,0.0466949085714668
1076,MG63,H3K9me3,hAT-Ac,-0.005066275669456761,0.7800391360651796,-0.04060359350024863,0.030483843508264562
1077,MG63,H3K9me3,hAT,-0.010722074326244958,0.5784479041876311,-0.04851020598343895,0.027096706710422983
1078,MG63,H3K9me3,MULE-MuDR,0.011274787559254717,0.5888104449624609,-0.029603236332337263,0.05211516074090811
1079,MG63,H3K9me3,PiggyBac,-0.010376088896905911,0.6353564598130146,-0.05321993074585929,0.03250588354866185
1080,MG63,H3K9me3,5S-Deu-L2,0.013669627952835833,0.5536266754076598,-0.03156045697951397,0.05884384196069102
1081,MG63,H3K9me3,Helitron,-0.022377316536953296,0.3581937860628598,-0.07001948829020051,0.025366706401328282
1082,MG63,H3K9me3,hAT-Tag1,0.03920341463172449,0.10842219004386625,-0.008684203608023584,0.08691162633970384
1083,MG63,H3K9me3,tRNA,0.012092665671312269,0.6402507950745429,-0.03861393857041048,0.06273715265772857
1084,MG63,H3K9me3,Penelope,0.04329320484230191,0.2670894832563998,-0.033227066339280915,0.11930887962121066
1085,MG63,H3K9me3,TcMar-Tc1,0.03784966691465255,0.33456701944593803,-0.03907520276874025,0.11432854880497419
1086,MG63,H3K9me3,Dong-R4,-0.08549161743695574,0.07727385875908181,-0.17899728667062534,0.009544669627260218
1087,MG63,H3K9me3,tRNA-Deu,0.018977836738783907,0.6991931164360915,-0.07720160495894911,0.11480732154532096
1088,MG63,H3K9me3,Kolobok,-0.08011200276476475,0.13248196700019374,-0.1829826245988775,0.02449390651294958
1089,MG63,H3K9me3,PIF-Harbinger,-0.008764387448222877,0.8707731707099899,-0.11394382149136809,0.09660933553514156
1090,MG63,H3K9me3,Crypton,0.05095279877989575,0.3931494224426223,-0.06611271060646277,0.1666346739441355
1091,MG63,H3K9me3,Merlin,-0.006940421343602937,0.920171440806113,-0.14187759163038013,0.1282499783882317
1092,MG63,H3K9me3,TcMar,-0.02743474575702445,0.6961835694373741,-0.16387899714286852,0.11003949922136164
1093,MG63,H3K9me3,L1-Tx1,0.052736977078541615,0.542019909752596,-0.11674780017650281,0.21923705962578893
1094,MG63,H3K9me3,Crypton-A,-0.12090680789263876,0.1706032793848485,-0.2876976342283817,0.053002225707208826
1095,MG63,H3K9me3,I-Jockey,0.08988972291724587,0.3526091888920738,-0.10028148497200105,0.2737246240795517
1096,MG63,H3K9me3,hAT-Tip100?,0.13406593406593406,0.29089249466826683,-0.11666122496498549,0.3687284733733921
1097,MG63,H3K9me3,TcMar-Pogo,-0.1539589442815249,0.40017673555290156,-0.4787023924294744,0.20784077802283513
1098,MG63,H3K9me3,hAT?,0.0505729564553094,0.7763796386758828,-0.2928024764203554,0.3823943426827159
1099,MG63,H3K9me3,hAT-hAT19,0.2029411764705882,0.45096124172270946,-0.33047957514520065,0.6381004016505516
1100,MG63,H3K36me3,Alu,0.00032805122074024243,0.7302104574885997,-0.0015364596110604596,0.0021925597716685404
1101,MG63,H3K36me3,L1,-0.0010271011210233238,0.45539639845552937,-0.0037239650702463032,0.0016697777686654873
1102,MG63,H3K36me3,MIR,-0.00032390074899010015,0.8160751018597816,-0.003053233272667164,0.002405436600335214
1103,MG63,H3K36me3,L2,-0.0011066137091945284,0.5087054544460339,-0.004388586754022659,0.0021753831752766226
1104,MG63,H3K36me3,ERVL-MaLR,0.0007119667718792711,0.7224917975203071,-0.003217368614920089,0.004641280173717106
1105,MG63,H3K36me3,hAT-Charlie,-0.0008127009503074683,0.7031412242274305,-0.004992495714436782,0.0033671222109169447
1106,MG63,H3K36me3,ERV1,-0.0007410774797143317,0.8084826915366564,-0.006733489511294568,0.005251387775073184
1107,MG63,H3K36me3,ERVL,0.007083267716022921,0.023401685654613164,0.0009587804643513017,0.013207223609684808
1108,MG63,H3K36me3,TcMar-Tigger,0.004614855364884062,0.14654506388009406,-0.0016151676978459675,0.010844520206091442
1109,MG63,H3K36me3,hAT-Tip100,-0.0010139452313599735,0.8152284534718992,-0.009517818372837519,0.007490074561436899
1110,MG63,H3K36me3,CR1,0.0017341544481733336,0.7133835285626169,-0.007519061318812909,0.010987073260245358
1111,MG63,H3K36me3,Gypsy,0.020129888952507457,0.011741127008486776,0.00447181203145365,0.03577809738967004
1112,MG63,H3K36me3,hAT-Blackjack,-0.01100941980113007,0.17694124413905007,-0.026985539698129325,0.0049723227648012834
1113,MG63,H3K36me3,TcMar-Mariner,0.0057338453238492074,0.4856674204905489,-0.010384826163987225,0.021849537825675513
1114,MG63,H3K36me3,RTE-X,0.007400207572677232,0.4724977537244902,-0.012788963701610423,0.027583347630615214
1115,MG63,H3K36me3,ERVK,0.003970610308212355,0.7333645778204843,-0.018873165535144853,0.02681024280644365
1116,MG63,H3K36me3,TcMar-Tc2,-0.02316423622862028,0.061418969942905084,-0.04741283200196564,0.0011116457215194504
1117,MG63,H3K36me3,SVA,0.02071241330574041,0.1463316525276225,-0.007238536192465043,0.04863102299825811
1118,MG63,H3K36me3,RTE-BovB,0.0005580897940696529,0.9698635485234917,-0.02838908068967595,0.029504325017692807
1119,MG63,H3K36me3,tRNA-RTE,-0.01896997609742978,0.23794479904837249,-0.05044226264211146,0.012539948639412952
1120,MG63,H3K36me3,hAT-Ac,0.03700667893156849,0.04132372419214006,0.0014461747694840112,0.07247370755116071
1121,MG63,H3K36me3,hAT,-0.025157567352457257,0.19234467127230281,-0.06291742805106533,0.012674215184764769
1122,MG63,H3K36me3,MULE-MuDR,0.015631850073409618,0.4533724616938991,-0.025232090395512278,0.05644363837281505
1123,MG63,H3K36me3,PiggyBac,-0.009444529000156127,0.6656382098477025,-0.05223954961795123,0.03338511637662106
1124,MG63,H3K36me3,5S-Deu-L2,0.00981872877034788,0.6704209661063159,-0.03539451620427915,0.054991861864629725
1125,MG63,H3K36me3,Helitron,0.002162754584855512,0.9292056376207969,-0.045524722501997655,0.04984039703351145
1126,MG63,H3K36me3,hAT-Tag1,-0.016247881844190418,0.5055954797746116,-0.06401153892983466,0.03159004488421804
1127,MG63,H3K36me3,tRNA,0.015739812463610788,0.5429780578199401,-0.03497230900652324,0.06637108621173139
1128,MG63,H3K36me3,Penelope,0.03820539920838166,0.32744846457741694,-0.0383088953406917,0.1142743053903463
1129,MG63,H3K36me3,TcMar-Tc1,-0.00064614779306681,0.9868515055052696,-0.0773673453986889,0.07608265720551291
1130,MG63,H3K36me3,Dong-R4,-0.0037194358276633373,0.9388434955471194,-0.098471850913943,0.09109981363121863
1131,MG63,H3K36me3,tRNA-Deu,0.05111250721701895,0.2977388334991325,-0.045201956378236215,0.14648549288347748
1132,MG63,H3K36me3,Kolobok,-0.0009847242017873871,0.9852493955566333,-0.10506204134578281,0.1031139305748865
1133,MG63,H3K36me3,PIF-Harbinger,-0.023058474891939792,0.668622845033427,-0.12804404641093087,0.08243814228002512
1134,MG63,H3K36me3,Crypton,-0.037124519504014804,0.533954106536548,-0.15309890635545134,0.07985859768458861
1135,MG63,H3K36me3,Merlin,0.030239951048365313,0.6622917976511382,-0.10528926040687249,0.16466628905035116
1136,MG63,H3K36me3,TcMar,-0.0017711294067201437,0.9798925084623101,-0.13877256794037204,0.13529682766856688
1137,MG63,H3K36me3,L1-Tx1,0.05099544138452148,0.5539828185266487,-0.11783544766604076,0.21696108180591797
1138,MG63,H3K36me3,Crypton-A,0.038943960192033604,0.6600038201473487,-0.13420637689760082,0.20978675702088398
1139,MG63,H3K36me3,I-Jockey,-0.09196552682791216,0.3415554701017558,-0.27567636240713733,0.0982267477653366
1140,MG63,H3K36me3,hAT-Tip100?,0.16506410256410253,0.1924217779280326,-0.08585115576138151,0.39628951526967027
1141,MG63,H3K36me3,TcMar-Pogo,-0.04618768328445748,0.8018019929911264,-0.3887874768704204,0.30763371156792263
1142,MG63,H3K36me3,hAT?,0.029793735676088614,0.8671617940568104,-0.31158102757718886,0.3643568830518469
1143,MG63,H3K36me3,hAT-hAT19,0.10882352941176471,0.688288293957414,-0.4102793190048086,0.5746643593600581
1144,MG63,H3K27me3,Alu,-0.00044627718391945526,0.638964725403431,-0.002310694930847064,0.0014181436655806997
1145,MG63,H3K27me3,L1,-0.0012408640303262991,0.36702212808226253,-0.003936936910754095,0.0014552268894571765
1146,MG63,H3K27me3,MIR,0.0001951604390773609,0.8885338561806442,-0.0025339194296931885,0.0029242374007890327
1147,MG63,H3K27me3,L2,0.002057824351920749,0.21900893281045486,-0.0012234761811471281,0.005339080572484783
1148,MG63,H3K27me3,ERVL-MaLR,-0.00017752829375129614,0.9294328540940548,-0.004106543425888463,0.003751492319459008
1149,MG63,H3K27me3,hAT-Charlie,0.00031264270130961636,0.8834364941479553,-0.003866802848053976,0.004492077328362151
1150,MG63,H3K27me3,ERV1,0.0014131905106002,0.6438767522049911,-0.0045783403056972975,0.007404619865739437
1151,MG63,H3K27me3,ERVL,-0.003822177891359091,0.22116852383581745,-0.009945164098422013,0.002301094927543769
1152,MG63,H3K27me3,TcMar-Tigger,-0.0032877870703391142,0.3009492691776891,-0.009517206269329863,0.0029418873113806364
1153,MG63,H3K27me3,hAT-Tip100,-0.0003444222630680488,0.9367281519190129,-0.008848029460961453,0.008159234746390596
1154,MG63,H3K27me3,CR1,0.0015456955440161467,0.7432705458200075,-0.007703901264635762,0.010795027875507002
1155,MG63,H3K27me3,Gypsy,0.0065015846741285025,0.4157233562966621,-0.009155914676487914,0.02215589671723642
1156,MG63,H3K27me3,hAT-Blackjack,0.01372881329878547,0.09209499048365616,-0.0022464452638169723,0.02969706618364479
1157,MG63,H3K27me3,TcMar-Mariner,-0.006143560582588575,0.45488863557587667,-0.022253642132303384,0.00996971065354682
1158,MG63,H3K27me3,RTE-X,-0.013989221562901232,0.17432843381086316,-0.03416326535791624,0.0061962178981061645
1159,MG63,H3K27me3,ERVK,0.010989632647432374,0.34538931769073666,-0.0118389557316289,0.03380677101669339
1160,MG63,H3K27me3,TcMar-Tc2,0.0011699550643951987,0.9247273168305588,-0.023097129705891867,0.025435661958076707
1161,MG63,H3K27me3,SVA,0.03226284615975376,0.02363460584308797,0.004315706871990067,0.06015962652789467
1162,MG63,H3K27me3,RTE-BovB,0.001381695136483333,0.9254560203496998,-0.027556663774041357,0.030317740085540345
1163,MG63,H3K27me3,tRNA-RTE,-0.01939508795857964,0.2277700541629554,-0.05087876090696456,0.012127096171247123
1164,MG63,H3K27me3,hAT-Ac,-0.0005011944676641288,0.9779559101683333,-0.036039112974076054,0.03503799004490699
1165,MG63,H3K27me3,hAT,-0.0035710483146645573,0.8531829325709153,-0.04137229414370882,0.03424040598668197
1166,MG63,H3K27me3,MULE-MuDR,-0.019009259530829135,0.361960712015152,-0.05982069369649845,0.02186561862440848
1167,MG63,H3K27me3,PiggyBac,-0.017330255863631655,0.42832914433111713,-0.060155140260234476,0.025558308544560843
1168,MG63,H3K27me3,5S-Deu-L2,-0.009586372114484876,0.6778576826870137,-0.05477214257865773,0.03563858192109991
1169,MG63,H3K27me3,Helitron,-0.004523902276917667,0.8525276838804938,-0.052181514804886565,0.04315426934510773
1170,MG63,H3K27me3,hAT-Tag1,0.0035611662392334115,0.8838634362434048,-0.04419993997052145,0.05130603084959897
1171,MG63,H3K27me3,tRNA,0.017368756838407336,0.5021849410496064,-0.03336248077313504,0.06801072234479809
1172,MG63,H3K27me3,Penelope,-0.05814871255607665,0.13562088776754153,-0.13393487513937438,0.018313655555973366
1173,MG63,H3K27me3,TcMar-Tc1,0.02638416709928201,0.5009200296796652,-0.050456314702316006,0.10291412333849864
1174,MG63,H3K27me3,Dong-R4,0.12580519393295228,0.00934154080231879,0.03079250401769695,0.218564697421447
1175,MG63,H3K27me3,tRNA-Deu,-0.06932924789638592,0.15759854989974253,-0.16437831374819925,0.02699544720589732
1176,MG63,H3K27me3,Kolobok,-0.07910309294615521,0.1368849851161072,-0.18185302909650436,0.02535558160845617
1177,MG63,H3K27me3,PIF-Harbinger,-0.036454596494222724,0.49787932419830083,-0.14107939826260243,0.06897550789025332
1178,MG63,H3K27me3,Crypton,0.05673231852013302,0.3416412617066428,-0.06035770329484383,0.1722822361159998
1179,MG63,H3K27me3,Merlin,-0.057099113382236756,0.4092813433274428,-0.1908036623076952,0.07868548812153545
1180,MG63,H3K27me3,TcMar,-0.023030950539292848,0.7430778882008282,-0.15958019763586323,0.11438305054815427
1181,MG63,H3K27me3,L1-Tx1,-0.030597847158786558,0.7236249289346941,-0.19794957739501182,0.13848713987131225
1182,MG63,H3K27me3,Crypton-A,-0.11025518823144714,0.21174838293544307,-0.27766632719657386,0.06365500469794443
1183,MG63,H3K27me3,I-Jockey,0.1273561301084237,0.18693899533364675,-0.0630038692346968,0.30877465769318074
1184,MG63,H3K27me3,hAT-Tip100?,-0.13273809523809524,0.2957406878648411,-0.36754066045664324,0.11797269257670051
1185,MG63,H3K27me3,TcMar-Pogo,-0.19684750733137826,0.2802118208048657,-0.5130906583107672,0.16645084560127618
1186,MG63,H3K27me3,hAT?,0.07868601986249045,0.6582433845764435,-0.2670785901014717,0.4065018345704113
1187,MG63,H3K27me3,hAT-hAT19,-0.07647058823529412,0.7783409809607029,-0.5518312059137126,0.43639588116527667
1188,MG63,H3K4me3,Alu,0.00013157868945504889,0.8900380060920753,-0.0017337225992358467,0.001996879062530042
1189,MG63,H3K4me3,L1,0.0014453646256440346,0.29350347457965414,-0.001251402887509703,0.004142111115930212
1190,MG63,H3K4me3,MIR,0.0024512870868924853,0.07840775347228282,-0.000278509311784943,0.005181046952894063
1191,MG63,H3K4me3,L2,0.0006975372388979786,0.6770064389553827,-0.002584521476877207,0.003979580927118758
1192,MG63,H3K4me3,ERVL-MaLR,-0.0028430175959674635,0.15624555810649837,-0.006773089326231896,0.0010871419604202052
1193,MG63,H3K4me3,hAT-Charlie,-0.0005610614940312817,0.7925261699945936,-0.004741745962326096,0.0036196425869648987
1194,MG63,H3K4me3,ERV1,0.005156345956689991,0.09173538891011865,-0.000836805141365738,0.011149126657964976
1195,MG63,H3K4me3,ERVL,-0.003494520510054786,0.2634777307227381,-0.009619383434953365,0.0026306046157760824
1196,MG63,H3K4me3,TcMar-Tigger,0.0007199392567621586,0.8208444600474059,-0.005510974107948933,0.006950796719697281
1197,MG63,H3K4me3,hAT-Tip100,-0.00622602399789891,0.15133492817980773,-0.014729919915538863,0.002278772535382269
1198,MG63,H3K4me3,CR1,0.00317994321526187,0.5005286143215151,-0.006071903650933092,0.012431245722879895
1199,MG63,H3K4me3,Gypsy,0.0007230392278360078,0.9278854148870472,-0.014934033343648862,0.016379757309818246
1200,MG63,H3K4me3,hAT-Blackjack,0.009467408038331182,0.2456457828511532,-0.00651591329658077,0.025445893191051287
1201,MG63,H3K4me3,TcMar-Mariner,-0.0036894736201447333,0.6538004118420528,-0.019810836340197743,0.012433807130292115
1202,MG63,H3K4me3,RTE-X,-0.0010388311119898094,0.9196783393127659,-0.021227517625477404,0.019150702257866727
1203,MG63,H3K4me3,ERVK,0.0026983171657150463,0.8169645057846486,-0.020149595782582894,0.025543413251317364
1204,MG63,H3K4me3,TcMar-Tc2,0.0029513595258610684,0.8117166820811896,-0.021329672313015743,0.027228911775878304
1205,MG63,H3K4me3,SVA,0.02405621409436392,0.0917992265295204,-0.003914128511973129,0.051988945269187216
1206,MG63,H3K4me3,RTE-BovB,0.002878923223451821,0.845514937915563,-0.026076335924246543,0.031829355716893354
1207,MG63,H3K4me3,tRNA-RTE,-0.009942927803505303,0.536128523580376,-0.0414222012765142,0.021556065746073202
1208,MG63,H3K4me3,hAT-Ac,0.02902670485039518,0.10963461811186496,-0.006543630077706841,0.06452367745605807
1209,MG63,H3K4me3,hAT,-0.006233348759209573,0.7466751302862698,-0.044030050407169986,0.03158117178494162
1210,MG63,H3K4me3,MULE-MuDR,-0.020662736160459442,0.32150057823075456,-0.06145170189742675,0.020195129963523684
1211,MG63,H3K4me3,PiggyBac,-0.019915383028835252,0.3625887437145374,-0.06272220148488747,0.022964575983093923
1212,MG63,H3K4me3,5S-Deu-L2,-0.010213849432168246,0.6582408998314667,-0.055421965078372,0.0350360587633789
1213,MG63,H3K4me3,Helitron,-0.0053415970934301785,0.8262138030953554,-0.05298297923323628,0.04232404574602638
1214,MG63,H3K4me3,hAT-Tag1,0.0030728985108053747,0.8999038091271183,-0.044786765723829176,0.05091848951223044
1215,MG63,H3K4me3,tRNA,-0.0017784907879684199,0.945166879500501,-0.05242104368502199,0.04887318625892793
1216,MG63,H3K4me3,Penelope,0.0658975445342274,0.0909740999907983,-0.010613189185204857,0.14164116815960745
1217,MG63,H3K4me3,TcMar-Tc1,-0.009604370434868196,0.806775967614435,-0.08638525019091922,0.06728992841835749
1218,MG63,H3K4me3,Dong-R4,0.002350169923954219,0.9613802695234741,-0.09256845103242206,0.09722646161021278
1219,MG63,H3K4me3,tRNA-Deu,-0.07653922224311734,0.118624432099125,-0.171447053649157,0.019776157835854118
1220,MG63,H3K4me3,Kolobok,0.03552081583587373,0.5046995623240195,-0.06885448963163782,0.1391269123928796
1221,MG63,H3K4me3,PIF-Harbinger,-0.05657473818363396,0.29260048076221545,-0.16083186113301723,0.04893099421500857
1222,MG63,H3K4me3,Crypton,0.0130735426150429,0.8266757697263258,-0.1036869740257179,0.1294786199523926
1223,MG63,H3K4me3,Merlin,0.11459040592009401,0.09689297289123999,-0.02124528930553379,0.24627217944114227
1224,MG63,H3K4me3,TcMar,-0.11527454595558963,0.09978860122294374,-0.24881499027337609,0.02256686046429335
1225,MG63,H3K4me3,L1-Tx1,0.02704356382935708,0.7546411322440416,-0.14196589845166419,0.19452095520383203
1226,MG63,H3K4me3,Crypton-A,0.05621050878127805,0.5252908131572125,-0.11724448288965017,0.2263375109913831
1227,MG63,H3K4me3,I-Jockey,0.16419238254100643,0.0879978630976852,-0.025949238303465322,0.34286843812982254
1228,MG63,H3K4me3,hAT-Tip100?,0.12408424908424907,0.328623022162156,-0.1265033701564307,0.35978491348722863
1229,MG63,H3K4me3,TcMar-Pogo,-0.20491202346041054,0.26057700099262726,-0.519468387209751,0.15855329308219615
1230,MG63,H3K4me3,hAT?,-0.07990832696715049,0.6532636054194523,-0.4075423101621146,0.26595174196380533
1231,MG63,H3K4me3,hAT-hAT19,0.023529411764705882,0.931073583667659,-0.4778062677491202,0.5133038022421272
1232,VCaP,CTCF,Alu,-0.00028681766549812463,0.7627263056156616,-0.002148846772310814,0.001575213430197964
1233,VCaP,CTCF,L1,-0.004086268274788381,0.0029645931233667194,-0.00678156571521207,-0.0013909114616252453
1234,VCaP,CTCF,MIR,0.0006379840945289398,0.646366326986638,-0.0020873466775864526,0.0033633053895118096
1235,VCaP,CTCF,L2,-0.0014438024497993981,0.3883340502770217,-0.004724160477329994,0.0018365866508812338
1236,VCaP,CTCF,ERVL-MaLR,-0.0007024529450166996,0.7256965503890677,-0.0046264945164697785,0.0032216102594508672
1237,VCaP,CTCF,hAT-Charlie,-0.00018501059392737876,0.930774524221616,-0.004359183848457208,0.003989169107759072
1238,VCaP,CTCF,ERV1,-0.00017694906212773723,0.9537655911692059,-0.006158629564735495,0.005804744103159636
1239,VCaP,CTCF,ERVL,0.0035682394980620174,0.25285047062469185,-0.0025480219858704475,0.009684234024170417
1240,VCaP,CTCF,TcMar-Tigger,-0.004384913312059816,0.16724035695109776,-0.01060727716724045,0.0018377901166781996
1241,VCaP,CTCF,hAT-Tip100,0.0006520195979118552,0.8804258237268705,-0.007843106632477097,0.009147051720485423
1242,VCaP,CTCF,CR1,-0.004673604770203859,0.3217543261270523,-0.013917492341877233,0.004571081601921162
1243,VCaP,CTCF,Gypsy,0.002936292202606117,0.713070473626074,-0.01271324024723322,0.018584386530100288
1244,VCaP,CTCF,hAT-Blackjack,-0.0014475717275014481,0.8589161721419929,-0.017407415117465515,0.01451300913918421
1245,VCaP,CTCF,TcMar-Mariner,-0.0005943906677765985,0.942291460183997,-0.01668625905947538,0.015497785562740535
1246,VCaP,CTCF,RTE-X,-0.0016512137489772423,0.8725980993862613,-0.021829993464031933,0.01852891075219303
1247,VCaP,CTCF,ERVK,0.0006670767719380601,0.9542500236564723,-0.022119595962045796,0.02345305679085386
1248,VCaP,CTCF,TcMar-Tc2,-0.004586115807340509,0.710925881027274,-0.02883273557810657,0.01966589761824535
1249,VCaP,CTCF,SVA,0.027077671227491776,0.057264060946968884,-0.0008406533035813291,0.05495381815074971
1250,VCaP,CTCF,RTE-BovB,-0.022284360428150365,0.13095317561456493,-0.05117016344314854,0.006638696725956308
1251,VCaP,CTCF,tRNA-RTE,0.0030910044356363027,0.847427701381002,-0.02839111155009482,0.034566994420042504
1252,VCaP,CTCF,hAT-Ac,0.012082014218277946,0.5051206522440543,-0.023450390116129535,0.04758393194181052
1253,VCaP,CTCF,hAT,0.015148627088560346,0.4318962808645773,-0.02263106465384952,0.05288511494292725
1254,VCaP,CTCF,MULE-MuDR,-0.008284360447909336,0.6909154921138887,-0.04908721464144922,0.03254609911742501
1255,VCaP,CTCF,PiggyBac,-0.04179956417245486,0.05575968703369992,-0.08449233996995383,0.0010463999000360125
1256,VCaP,CTCF,5S-Deu-L2,0.03604469769054259,0.11791699533430686,-0.009157302553755175,0.08109969142022382
1257,VCaP,CTCF,Helitron,0.031730943857558466,0.19124779217872873,-0.015875217625414804,0.07919356783742025
1258,VCaP,CTCF,hAT-Tag1,0.0027744448103227577,0.9093938022626549,-0.04498504545848993,0.05052128149037472
1259,VCaP,CTCF,tRNA,-0.01843825266275403,0.47460663503225764,-0.06889086579110998,0.03210843537287321
1260,VCaP,CTCF,Penelope,-0.022953462501482145,0.555799324985194,-0.09904907502603935,0.05340904899276925
1261,VCaP,CTCF,TcMar-Tc1,0.015134913529365726,0.6990304138034222,-0.061548542839421023,0.0916407442613274
1262,VCaP,CTCF,Dong-R4,0.03630402626521337,0.45378848079670786,-0.05871593496980276,0.13067206296349052
1263,VCaP,CTCF,tRNA-Deu,-0.029319634532531797,0.5499902005618077,-0.12490387331579603,0.06680383889630036
1264,VCaP,CTCF,Kolobok,0.06637019273865045,0.2128727000348909,-0.03824371626538454,0.1695450262550336
1265,VCaP,CTCF,PIF-Harbinger,-0.021412462732137316,0.6901670113435465,-0.12612095992949646,0.08376789357811008
1266,VCaP,CTCF,Crypton,-0.016291563958132128,0.7849518955894581,-0.1326447660714734,0.10050454743580069
1267,VCaP,CTCF,Merlin,-0.00967016524814064,0.8886832549332515,-0.14423431204568515,0.12524513348475505
1268,VCaP,CTCF,TcMar,0.01636217119430648,0.81677026684802,-0.12163084065549588,0.15373467968688248
1269,VCaP,CTCF,L1-Tx1,0.03706171235386309,0.6672179826020821,-0.13152810211590396,0.2035679275246339
1270,VCaP,CTCF,Crypton-A,-0.011650672016074642,0.8949253756590189,-0.182816522142103,0.16020068213070324
1271,VCaP,CTCF,I-Jockey,-0.10472616068946346,0.27847513739368107,-0.2876490530280977,0.08556845812287533
1272,VCaP,CTCF,hAT-Tip100?,0.13891941391941393,0.2736173907138523,-0.11186183200461457,0.3730651021511509
1273,VCaP,CTCF,TcMar-Pogo,0.16532258064516128,0.36586707735218393,-0.19697228400722655,0.487890864566143
1274,VCaP,CTCF,hAT?,-0.21925133689839568,0.21281929247451958,-0.5220072059689134,0.132570860923463
1275,VCaP,CTCF,hAT-hAT19,0.049999999999999996,0.8540995521297436,-0.45730167066061606,0.5327502893761625
1276,VCaP,H3K27ac,Alu,0.0001756593715254939,0.8533289769804415,-0.0016866277549304107,0.002037945279568938
1277,VCaP,H3K27ac,L1,0.0007841642734222525,0.5685636653105339,-0.0019114151817176247,0.0034797323328950246
1278,VCaP,H3K27ac,MIR,0.0005425666854452078,0.6964054121526233,-0.002182887447446171,0.00326801275787861
1279,VCaP,H3K27ac,L2,0.004705400371620962,0.0049338083263912634,0.0014249428109417014,0.0079857566597763
1280,VCaP,H3K27ac,ERVL-MaLR,-0.0017509652592218588,0.381852928251772,-0.005675305599543295,0.002173429013301824
1281,VCaP,H3K27ac,hAT-Charlie,-0.0006036787132334009,0.7768453290590414,-0.0047781465964472185,0.003570810209724509
1282,VCaP,H3K27ac,ERV1,-0.004011060152441007,0.18881033945599252,-0.009993227956343104,0.001971394752115641
1283,VCaP,H3K27ac,ERVL,-0.0006071005153018963,0.8457723815034883,-0.00672424547187954,0.005510089876379795
1284,VCaP,H3K27ac,TcMar-Tigger,0.0019012708428886255,0.5493044168116143,-0.0043218483934609414,0.008124242820348643
1285,VCaP,H3K27ac,hAT-Tip100,0.0004055913578631245,0.9254466003424999,-0.00808951874908205,0.008900642924663612
1286,VCaP,H3K27ac,CR1,0.013072076331715286,0.005579755984152101,0.0038276027742674217,0.02231431576045741
1287,VCaP,H3K27ac,Gypsy,-0.004909155336765078,0.5387025354656563,-0.020557582455106013,0.010741676450837049
1288,VCaP,H3K27ac,hAT-Blackjack,-0.01476589657718969,0.06986432576113895,-0.0307239958579436,0.0011997284850955748
1289,VCaP,H3K27ac,TcMar-Mariner,-0.003477330157494392,0.6719922740124746,-0.01957156526694556,0.012618706602142038
1290,VCaP,H3K27ac,RTE-X,0.004422487544224085,0.6675788688920203,-0.015759580623866728,0.02460095358610595
1291,VCaP,H3K27ac,ERVK,0.0033664534298062333,0.7722391001184878,-0.01942759794792214,0.026157007096498666
1292,VCaP,H3K27ac,TcMar-Tc2,-0.002742952599263884,0.8246030080578933,-0.026994614208954285,0.021511935961265893
1293,VCaP,H3K27ac,SVA,0.015497707041139924,0.2765220398233505,-0.012419085563869415,0.04339035854451352
1294,VCaP,H3K27ac,RTE-BovB,-0.030691888009777346,0.03748725205807615,-0.05956101370737297,-0.0017714642240549752
1295,VCaP,H3K27ac,tRNA-RTE,0.02528839432297549,0.11526811820216006,-0.006188662966025275,0.056715387556337614
1296,VCaP,H3K27ac,hAT-Ac,0.026415694523410478,0.144897653794104,-0.009108422854009953,0.06187321915989388
1297,VCaP,H3K27ac,hAT,0.03662912941122652,0.057309217413719526,-0.0011496941656967527,0.07430354478416941
1298,VCaP,H3K27ac,MULE-MuDR,0.008803149956881067,0.6727171571351862,-0.03203676397416022,0.049613717192680803
1299,VCaP,H3K27ac,PiggyBac,-0.0023035815651176027,0.916078383166237,-0.045124597587089754,0.04052588404455406
1300,VCaP,H3K27ac,5S-Deu-L2,-0.021571043697291212,0.3493864143179012,-0.06667177581190269,0.02361765479479139
1301,VCaP,H3K27ac,Helitron,0.03852785305046455,0.11250597207114259,-0.009076650104139933,0.08595811394384327
1302,VCaP,H3K27ac,hAT-Tag1,-0.007519759685263529,0.7577383882936161,-0.05525403050252265,0.04024880614811529
1303,VCaP,H3K27ac,tRNA,-0.034744170124919684,0.17778326862601995,-0.0851224450944079,0.01581129841090983
1304,VCaP,H3K27ac,Penelope,0.019702758762736822,0.6133744164260817,-0.05670668897063699,0.09588274300322731
1305,VCaP,H3K27ac,TcMar-Tc1,0.04007196105570278,0.30582921184600237,-0.03667902882123472,0.11635298215165757
1306,VCaP,H3K27ac,Dong-R4,-0.00032065421418685203,0.9947225540986953,-0.09510457198601284,0.09446902541766286
1307,VCaP,H3K27ac,tRNA-Deu,0.012408691662385783,0.8003096853687053,-0.08360957567233117,0.10819866379917663
1308,VCaP,H3K27ac,Kolobok,-0.057484222451919594,0.2800712646730292,-0.1606953168483771,0.04697044228132599
1309,VCaP,H3K27ac,PIF-Harbinger,0.1700017608413908,0.0014339145913829412,0.06544790084576306,0.2708634151479815
1310,VCaP,H3K27ac,Crypton,-0.010498121307864403,0.8606748037834004,-0.12714977704986868,0.10643997622511073
1311,VCaP,H3K27ac,Merlin,-0.025777451437053202,0.709023150262306,-0.15999272148860083,0.1093736121591556
1312,VCaP,H3K27ac,TcMar,-0.10789192159345824,0.1254714307709958,-0.24238519245955864,0.030669981659602167
1313,VCaP,H3K27ac,L1-Tx1,0.061956205956117935,0.47200191362760746,-0.10703031371432359,0.22746372208167467
1314,VCaP,H3K27ac,Crypton-A,-0.13144039941159122,0.13452698905778326,-0.29696695047378174,0.04175502636700344
1315,VCaP,H3K27ac,I-Jockey,-0.12157353350013901,0.2079188516926163,-0.30338949941849014,0.06878400773130595
1316,VCaP,H3K27ac,hAT-Tip100?,0.11295787545787546,0.3741635362536837,-0.13742972845175727,0.34977635117649025
1317,VCaP,H3K27ac,TcMar-Pogo,0.11510263929618768,0.5304600351755813,-0.24449055881481807,0.44686382691268217
1318,VCaP,H3K27ac,hAT?,-0.07165775401069518,0.6871523152963481,-0.4005067151365802,0.2735442566939135
1319,VCaP,H3K27ac,hAT-hAT19,0.2911764705882353,0.27388704841914874,-0.24975116412258716,0.6935946774924099
1320,C4-2B,CTCF,Alu,-0.0007486012690932409,0.4321350039736892,-0.0026163880675819573,0.0011191907525949934
1321,C4-2B,CTCF,L1,-0.0016339533078335916,0.23568790441598736,-0.004334554957543489,0.0010666721758078198
1322,C4-2B,CTCF,MIR,-0.00027858997294148707,0.8413833752476895,-0.003007018295628947,0.0024498424975790347
1323,C4-2B,CTCF,L2,0.0015693900906393267,0.34870613560707797,-0.0017130183301486068,0.004851764693831131
1324,C4-2B,CTCF,ERVL-MaLR,0.00018949290908687325,0.9247975366192395,-0.003745129161192323,0.004124109112200094
1325,C4-2B,CTCF,hAT-Charlie,-0.0016187221325795374,0.44810205681572934,-0.005800989122527566,0.002563601485577586
1326,C4-2B,CTCF,ERV1,-0.0008245825186523963,0.7883694503501562,-0.0068452819889098255,0.005196176732529321
1327,C4-2B,CTCF,ERVL,-0.004131197791294418,0.1864870488976316,-0.010260175861140863,0.0019980906712705054
1328,C4-2B,CTCF,TcMar-Tigger,0.0033579564761117074,0.29112123227212794,-0.002876507091765561,0.009592159014270765
1329,C4-2B,CTCF,hAT-Tip100,-0.004615495997061422,0.2872878279337847,-0.013116259404925728,0.003885934536340347
1330,C4-2B,CTCF,CR1,-0.0023836952271237637,0.6136667794450321,-0.011637468021354035,0.006870485830099021
1331,C4-2B,CTCF,Gypsy,-0.0013385255877890574,0.8669553047874194,-0.01699707644757225,0.014320681687439694
1332,C4-2B,CTCF,hAT-Blackjack,-0.019337828501409568,0.01779979680509105,-0.035322609371682974,-0.0033431556749633105
1333,C4-2B,CTCF,TcMar-Mariner,-0.01902115899604355,0.02101607005875519,-0.035167126763829354,-0.0028652642007064187
1334,C4-2B,CTCF,RTE-X,-0.013920949383978448,0.1765323246540796,-0.034099328426249596,0.006268774532308293
1335,C4-2B,CTCF,ERVK,0.0019322742086122073,0.8694634575761303,-0.02111025269560402,0.024972749374796238
1336,C4-2B,CTCF,TcMar-Tc2,-0.0033606724455709476,0.7864880326538364,-0.027671532517041283,0.02095416075524816
1337,C4-2B,CTCF,SVA,-0.0033417054702305727,0.8153902236201692,-0.03138541338499789,0.024707259654140994
1338,C4-2B,CTCF,RTE-BovB,0.006498528918630656,0.6598580965190695,-0.022440085777800232,0.035426262947391526
1339,C4-2B,CTCF,tRNA-RTE,0.008201335699965057,0.6098363993354066,-0.023296676474375295,0.039683081687555785
1340,C4-2B,CTCF,hAT-Ac,-0.009770274532218359,0.5904856510243428,-0.0453290307012127,0.02581320873999595
1341,C4-2B,CTCF,hAT,0.03222347440925564,0.094919065384548,-0.005606911386913866,0.0699617566396392
1342,C4-2B,CTCF,MULE-MuDR,-0.04028222474299527,0.053149761528612095,-0.0809931170710375,0.0005628510664613999
1343,C4-2B,CTCF,PiggyBac,0.010376697077330266,0.6358227814673336,-0.03256697286391297,0.05328212442938344
1344,C4-2B,CTCF,5S-Deu-L2,0.02347334278565062,0.30865157795541137,-0.021728348940880854,0.0685792638385074
1345,C4-2B,CTCF,Helitron,0.0026752117787679597,0.9126212808325508,-0.04508407152178587,0.0504222940657367
1346,C4-2B,CTCF,hAT-Tag1,-0.013956061648611896,0.5673415921876351,-0.0617132347913166,0.033864869409737486
1347,C4-2B,CTCF,tRNA,-0.007056648022358788,0.7845128317463648,-0.05758281624690662,0.04350557745401196
1348,C4-2B,CTCF,Penelope,-0.04814816570508535,0.21882026113039313,-0.12439925135941383,0.028668270603696932
1349,C4-2B,CTCF,TcMar-Tc1,0.0005657388169796918,0.9884964821782392,-0.07622145851194816,0.07734626522157692
1350,C4-2B,CTCF,Dong-R4,-0.03170795701905113,0.5129665821052121,-0.12613923583360862,0.06329280124453668
1351,C4-2B,CTCF,tRNA-Deu,-0.05781691381827637,0.23819248872007776,-0.15296266633417588,0.03839087343649665
1352,C4-2B,CTCF,Kolobok,0.1342539308665907,0.011455259413132472,0.02997490865606196,0.23564200683092193
1353,C4-2B,CTCF,PIF-Harbinger,0.06906540977678088,0.19803960012323266,-0.03630239460590612,0.17291449404484704
1354,C4-2B,CTCF,Crypton,0.09806996813892777,0.09966879328978191,-0.019023051775031653,0.21250918283409653
1355,C4-2B,CTCF,Merlin,0.02735545419692864,0.6927879807960167,-0.10813769716869537,0.1618508508152294
1356,C4-2B,CTCF,TcMar,0.04102496345735482,0.5621169669992565,-0.0976365683843697,0.17812406605743825
1357,C4-2B,CTCF,L1-Tx1,0.19158819077978298,0.02491271853280753,0.02311948044517273,0.34947634051289894
1358,C4-2B,CTCF,Crypton-A,0.003755378726702168,0.966176234145657,-0.16854029144032687,0.17582837108595048
1359,C4-2B,CTCF,I-Jockey,0.0547956630525438,0.5714525906035636,-0.13483462575636782,0.2405539282757932
1360,C4-2B,CTCF,hAT-Tip100?,0.013942307692307693,0.9122263774739796,-0.23075289497302892,0.2569788930302915
1361,C4-2B,CTCF,TcMar-Pogo,0.2415689149560117,0.18286726637653133,-0.12217473564576375,0.5481041508266823
1362,C4-2B,CTCF,hAT?,0.09959893048128343,0.5813147111970498,-0.25316803862015647,0.42898770003794007
1363,C4-2B,CTCF,hAT-hAT19,-0.26176470588235295,0.3274104118125859,-0.6755222880989646,0.2773673136231458
1364,C4-2B,H3K27ac,Alu,-0.0014486074413393587,0.12843923831540643,-0.0033161547594768442,0.0004189499815859174
1365,C4-2B,H3K27ac,L1,0.00012894363542659374,0.9255170800428512,-0.0025743824280249077,0.002832267814246473
1366,C4-2B,H3K27ac,MIR,0.00027162076524247467,0.8478699906196686,-0.0025034777032223636,0.003046715050117114
1367,C4-2B,H3K27ac,L2,0.0004001293566193165,0.8112139016787067,-0.002883119430141815,0.003683369516834799
1368,C4-2B,H3K27ac,ERVL-MaLR,0.002088955819936065,0.2986568375836457,-0.001850440635691707,0.006028287439987204
1369,C4-2B,H3K27ac,hAT-Charlie,-0.00040492541017335507,0.850958793448112,-0.004628737058262905,0.003818900686180253
1370,C4-2B,H3K27ac,ERV1,-0.003331378403422599,0.2794754475117674,-0.009368511666042951,0.0027059977090122607
1371,C4-2B,H3K27ac,ERVL,0.004312067522736794,0.16858171438776146,-0.0018265931925187918,0.01045040326453324
1372,C4-2B,H3K27ac,TcMar-Tigger,-0.0010315920921741923,0.7491102685023077,-0.007353564237724523,0.005290462514506344
1373,C4-2B,H3K27ac,hAT-Tip100,0.006081970951932285,0.16307777970406817,-0.0024645271289360244,0.014627580605996324
1374,C4-2B,H3K27ac,CR1,0.0108249140383274,0.022253764984467635,0.0015437409951637108,0.020104222317740995
1375,C4-2B,H3K27ac,Gypsy,0.0011388293140233152,0.886917620021317,-0.014556442956281694,0.016833540521651705
1376,C4-2B,H3K27ac,hAT-Blackjack,0.009484576897336136,0.2571451694566096,-0.006920934406607093,0.02588498395730048
1377,C4-2B,H3K27ac,TcMar-Mariner,-0.014544388170560248,0.09558546067024601,-0.031641114731400716,0.002560847014587356
1378,C4-2B,H3K27ac,RTE-X,-0.008114618442450046,0.4309237930507782,-0.02830158239786856,0.012078961749581212
1379,C4-2B,H3K27ac,ERVK,0.005545303236549872,0.637888871703182,-0.017546602764347434,0.028631296657869156
1380,C4-2B,H3K27ac,TcMar-Tc2,0.001068850721715518,0.9328391175395596,-0.02378617988873036,0.025922560787552083
1381,C4-2B,H3K27ac,SVA,0.03603290694087718,0.01184236485042982,0.007968047691425473,0.06404104561155805
1382,C4-2B,H3K27ac,RTE-BovB,-0.00025096409699667627,0.9864440678032205,-0.029194305639766147,0.02869279792569855
1383,C4-2B,H3K27ac,tRNA-RTE,0.026439999399710028,0.10391072885940614,-0.00543395420048212,0.05826028256398068
1384,C4-2B,H3K27ac,hAT-Ac,-0.00251988723331946,0.8899430893407632,-0.038196114882421556,0.033162756200848645
1385,C4-2B,H3K27ac,hAT,0.026475390876392006,0.17773783449252858,-0.012036776787784474,0.06490912759073189
1386,C4-2B,H3K27ac,MULE-MuDR,0.0013298663014556537,0.9491965603440665,-0.03956205988485633,0.042217345492684695
1387,C4-2B,H3K27ac,PiggyBac,-0.04343136387271327,0.053872176531683684,-0.08743668199219339,0.0007431268982367412
1388,C4-2B,H3K27ac,5S-Deu-L2,-0.027603766113289525,0.2352167156945165,-0.0730818257359545,0.01798885161784791
1389,C4-2B,H3K27ac,Helitron,0.01790562235939913,0.4674610621449016,-0.03039653927938455,0.06612435039581879
1390,C4-2B,H3K27ac,hAT-Tag1,0.05356990679151798,0.02806979849122606,0.005740147874760583,0.10115511487175882
1391,C4-2B,H3K27ac,tRNA,-0.02198953936111239,0.3988796958383515,-0.07297177826120228,0.029107321887882332
1392,C4-2B,H3K27ac,Penelope,-0.007233387708801579,0.8542986454449241,-0.08426760828108269,0.06988678291428384
1393,C4-2B,H3K27ac,TcMar-Tc1,0.04901466765702879,0.22673331233412208,-0.030536776734631867,0.12794906955902313
1394,C4-2B,H3K27ac,Dong-R4,-0.010322846371706511,0.8313723400016989,-0.10500941103082743,0.0845492005444929
1395,C4-2B,H3K27ac,tRNA-Deu,-0.007826338850352294,0.8747706651496453,-0.10483279650886451,0.08932764750829016
1396,C4-2B,H3K27ac,Kolobok,0.006478727751333766,0.9056770633741333,-0.10042708434362345,0.11323664965051343
1397,C4-2B,H3K27ac,PIF-Harbinger,0.040986632086578746,0.45262001260191087,-0.06602344283339101,0.14706462871587328
1398,C4-2B,H3K27ac,Crypton,-0.059884006254831174,0.3342747177997205,-0.17987268683050384,0.06186053821958301
1399,C4-2B,H3K27ac,Merlin,0.04572580051655398,0.5332153940570383,-0.09810048530393468,0.1876810167967307
1400,C4-2B,H3K27ac,TcMar,0.007444778421565966,0.919669399425905,-0.13658285149022278,0.15116418389530134
1401,C4-2B,H3K27ac,L1-Tx1,0.1618305433842118,0.05885224260012179,-0.007154026557349163,0.32182886637629715
1402,C4-2B,H3K27ac,Crypton-A,-0.026283923960466433,0.7747467649267094,-0.2038540606523009,0.15296052311550523
1403,C4-2B,H3K27ac,I-Jockey,-0.0736076359929571,0.4468606507927072,-0.2583757855259576,0.11635579918980109
1404,C4-2B,H3K27ac,hAT-Tip100?,-0.10929487179487178,0.38995136448154055,-0.3464722734546339,0.1410167133793539
1405,C4-2B,H3K27ac,TcMar-Pogo,0.2118226600985221,0.269983822509751,-0.17186661886375035,0.5397106125140041
1406,C4-2B,H3K27ac,hAT?,0.03241978609625668,0.8578565542209733,-0.314473073663299,0.3716739814476807
1407,C4-2B,H3K27ac,hAT-hAT19,0.28181818181818186,0.4011448979604785,-0.3943331754220317,0.7600074848700374
1408,RWPE2,CTCF,Alu,0.0011260109112078648,0.23639762609480952,-0.0007378989881050637,0.0029899129866593262
1409,RWPE2,CTCF,L1,-8.268476099920978e-05,0.952055004345997,-0.002777988957346117,0.0026126206367023718
1410,RWPE2,CTCF,MIR,0.0007724813639548352,0.5787434864634973,-0.0019544242985704754,0.0034993755381564555
1411,RWPE2,CTCF,L2,-0.0010551836739577296,0.5283784666322098,-0.004335378287737887,0.002225033646875289
1412,RWPE2,CTCF,ERVL-MaLR,0.0024093135886829728,0.2290244897243155,-0.001516428657740132,0.006334981574037438
1413,RWPE2,CTCF,hAT-Charlie,-0.0018608979576951608,0.3825069468015879,-0.00603735244645928,0.0023156214507408204
1414,RWPE2,CTCF,ERV1,-0.0034972107050987595,0.25212748892232506,-0.009482342285783322,0.0024881714419048282
1415,RWPE2,CTCF,ERVL,0.0007663591999729516,0.8060849984258883,-0.005352386025904083,0.006885047042844145
1416,RWPE2,CTCF,TcMar-Tigger,-0.0015598305574249039,0.6233395948276139,-0.007784641374386008,0.004665101143648077
1417,RWPE2,CTCF,hAT-Tip100,0.0010651024817394964,0.8059103037805859,-0.007431006760750082,0.009561057960394553
1418,RWPE2,CTCF,CR1,-0.009339544627000186,0.04772405431252738,-0.018584019770654076,-9.34727473881987e-05
1419,RWPE2,CTCF,Gypsy,-0.0018312197690890158,0.818611840800974,-0.01748014532539055,0.013818602732310992
1420,RWPE2,CTCF,hAT-Blackjack,-0.003172942003288913,0.697055849546031,-0.01914549467013543,0.012801229821379788
1421,RWPE2,CTCF,TcMar-Mariner,0.0096750366612175,0.23924835617050433,-0.0064384763689807134,0.02578352663176885
1422,RWPE2,CTCF,RTE-X,-0.029586030557596874,0.004048467083981264,-0.04973703323236044,-0.009410950518580898
1423,RWPE2,CTCF,ERVK,-0.005560457797333996,0.6327934221019667,-0.02836341643010069,0.01724828507832223
1424,RWPE2,CTCF,TcMar-Tc2,-0.013216165020885615,0.28552813299938257,-0.03745677283031184,0.011039987287497064
1425,RWPE2,CTCF,SVA,-0.009100674047547174,0.5231343674244626,-0.037021416530862224,0.018834266012781754
1426,RWPE2,CTCF,RTE-BovB,0.028093924748333953,0.056851360180431014,-0.00082449140782326,0.056965391652845566
1427,RWPE2,CTCF,tRNA-RTE,0.020230751154343227,0.20812011314336928,-0.011275185949575146,0.051696559927887895
1428,RWPE2,CTCF,hAT-Ac,0.006914391468708241,0.7028175392569789,-0.02860243868512882,0.042413785100760125
1429,RWPE2,CTCF,hAT,0.012037925993834455,0.5324212892968974,-0.02575376181037532,0.049795254668542614
1430,RWPE2,CTCF,MULE-MuDR,-0.06242117396820026,0.002692996746536335,-0.10299056974396505,-0.021644445235688585
1431,RWPE2,CTCF,PiggyBac,-0.02392755593393219,0.27365014294729284,-0.06669074032625175,0.018923370413107817
1432,RWPE2,CTCF,5S-Deu-L2,-0.02285950068343316,0.3212205695214367,-0.0679437178079209,0.022317884997530596
1433,RWPE2,CTCF,Helitron,0.0024611224537092135,0.9193751622945832,-0.04517062697228542,0.05008170692146645
1434,RWPE2,CTCF,hAT-Tag1,-0.013946218694922614,0.5672692305025904,-0.06166090862771385,0.03383207072990437
1435,RWPE2,CTCF,tRNA,0.005477953221524416,0.8317878156165286,-0.04504738524432008,0.055975337976703454
1436,RWPE2,CTCF,Penelope,-0.001304954877859355,0.9733066767918301,-0.07761405268913966,0.07501934369583552
1437,RWPE2,CTCF,TcMar-Tc1,-0.011708675487429957,0.7653908206800497,-0.0884156851651518,0.06513638798042196
1438,RWPE2,CTCF,Dong-R4,-0.05796540462454236,0.231424686435827,-0.1519955052861803,0.037104546090710525
1439,RWPE2,CTCF,tRNA-Deu,-0.0631047977158494,0.1978849793800544,-0.15815651426948776,0.033105716962434924
1440,RWPE2,CTCF,Kolobok,0.04533113884290435,0.39581980368731307,-0.05938610007731308,0.14906154346488623
1441,RWPE2,CTCF,PIF-Harbinger,0.00015477052076814888,0.9977013145188707,-0.10482702396938562,0.105133153615036
1442,RWPE2,CTCF,Crypton,-0.04885536680381021,0.41294280482257506,-0.16458371594664623,0.06819979755856308
1443,RWPE2,CTCF,Merlin,-0.047205343654979845,0.49420392065589613,-0.18087728984131105,0.08817897657742345
1444,RWPE2,CTCF,TcMar,-0.07746281626524246,0.2719812659023376,-0.21309986522191576,0.06110359719855632
1445,RWPE2,CTCF,L1-Tx1,-0.076452324652894,0.37456612975927817,-0.24130951682756127,0.09269367145234868
1446,RWPE2,CTCF,Crypton-A,0.09931497251915723,0.25906230513764933,-0.07388629065863118,0.26670031965530616
1447,RWPE2,CTCF,I-Jockey,0.047206005004170146,0.6259500195477607,-0.1422618942864622,0.2333369494533937
1448,RWPE2,CTCF,hAT-Tip100?,-0.14619963369963368,0.24901225963030663,-0.3795552217374234,0.1046457180004272
1449,RWPE2,CTCF,TcMar-Pogo,-0.08504398826979472,0.6435212500975562,-0.4217868502118981,0.27231611316621657
1450,RWPE2,CTCF,hAT?,-0.12941176470588237,0.4657296899730241,-0.4491478419710405,0.21970788451111628
1451,RWPE2,CTCF,hAT-hAT19,0.10588235294117648,0.6963341050381157,-0.4126799097165957,0.5726105866457505
1452,RWPE2,H3K27ac,Alu,-0.0016611927075796211,0.08095381504924049,-0.003526824440891018,0.00020445058966945498
1453,RWPE2,H3K27ac,L1,0.0014457951270105097,0.29319756338618985,-0.001250066625947175,0.004141635864962634
1454,RWPE2,H3K27ac,MIR,0.000778287017280768,0.5760267227012599,-0.0019495745877724999,0.0035061370395524545
1455,RWPE2,H3K27ac,L2,-0.003740889048591907,0.025412697847791217,-0.007021252785741638,-0.0004604447985245741
1456,RWPE2,H3K27ac,ERVL-MaLR,0.0004507419728715708,0.8220161907377883,-0.003476467863566267,0.004377937905789556
1457,RWPE2,H3K27ac,hAT-Charlie,-0.00039214030798832275,0.8540605729949402,-0.004570547504888964,0.003786280581782571
1458,RWPE2,H3K27ac,ERV1,-0.001657502047807933,0.5874017060782735,-0.00764450106439619,0.0043296157949931175
1459,RWPE2,H3K27ac,ERVL,-0.0004830465736015569,0.8770722778962116,-0.006603625935701205,0.005637568980010979
1460,RWPE2,H3K27ac,TcMar-Tigger,-0.008704878335524115,0.006145055942096294,-0.014931111270882012,-0.0024779703696253003
1461,RWPE2,H3K27ac,hAT-Tip100,-0.004453872719437201,0.3043968359672809,-0.012952818638196285,0.004045716685799359
1462,RWPE2,H3K27ac,CR1,0.0013554423613046896,0.7738988708304395,-0.007891979762658928,0.010602632669845636
1463,RWPE2,H3K27ac,Gypsy,-0.0028824845630332397,0.7181363281777109,-0.018532591130291452,0.012769034133243816
1464,RWPE2,H3K27ac,hAT-Blackjack,0.009993684596599805,0.2204672981678464,-0.005992838125917268,0.025975100290766526
1465,RWPE2,H3K27ac,TcMar-Mariner,0.0011329375628250636,0.890584603919613,-0.015007859008452053,0.017273143837104963
1466,RWPE2,H3K27ac,RTE-X,-0.017865584945657275,0.0826616689504249,-0.038029770502096466,0.002313143823748972
1467,RWPE2,H3K27ac,ERVK,0.005106302865354642,0.6611702865171223,-0.017727035856982532,0.0279343182322465
1468,RWPE2,H3K27ac,TcMar-Tc2,-0.0017515512775594794,0.8874560533025151,-0.026003877052418745,0.02250283511710408
1469,RWPE2,H3K27ac,SVA,0.020023284736926845,0.16032308015889424,-0.007933401509897612,0.04794869401072186
1470,RWPE2,H3K27ac,RTE-BovB,-0.0016154189429113317,0.9128172799573975,-0.0305260573012459,0.027297920089838085
1471,RWPE2,H3K27ac,tRNA-RTE,-0.014463004653841389,0.3683297438674422,-0.04594738240217498,0.017050078612447343
1472,RWPE2,H3K27ac,hAT-Ac,-0.00782448421218322,0.6659317857717681,-0.043322373637431265,0.027693136649508236
1473,RWPE2,H3K27ac,hAT,-0.0046901533778549356,0.8078587575194892,-0.0424684624587479,0.033101548323391204
1474,RWPE2,H3K27ac,MULE-MuDR,-0.02175229313909617,0.29622013635231864,-0.06250269628326692,0.01907051614261374
1475,RWPE2,H3K27ac,PiggyBac,-0.007144737272484753,0.7439131426677319,-0.049975856023175246,0.035712612980519434
1476,RWPE2,H3K27ac,5S-Deu-L2,-0.025608650658016336,0.26682709374984825,-0.07071864290518666,0.019605874326084766
1477,RWPE2,H3K27ac,Helitron,0.00704439640211202,0.7720270302891195,-0.04059619646570739,0.054653032841537774
1478,RWPE2,H3K27ac,hAT-Tag1,-0.007603896696836312,0.7551139803583974,-0.05533793020550603,0.04016481552568499
1479,RWPE2,H3K27ac,tRNA,0.004492507270010053,0.8617555349449486,-0.046047479111675386,0.05500955327118567
1480,RWPE2,H3K27ac,Penelope,-0.051652300399363846,0.18505807047535613,-0.12751678587835355,0.024813058705220534
1481,RWPE2,H3K27ac,TcMar-Tc1,-0.009854528840411518,0.8015474426028213,-0.08651599402287935,0.06692295264317508
1482,RWPE2,H3K27ac,Dong-R4,-0.023538468231781285,0.6272431576666598,-0.1180748465137684,0.07142075876601033
1483,RWPE2,H3K27ac,tRNA-Deu,-0.021304484608546285,0.6644386079414135,-0.11710584339287093,0.07488971693596935
1484,RWPE2,H3K27ac,Kolobok,0.05251855751651242,0.3244688515164563,-0.05207318325751637,0.15597062887817226
1485,RWPE2,H3K27ac,PIF-Harbinger,0.047210642605860734,0.3799306339531636,-0.05826785299120946,0.15164669277710968
1486,RWPE2,H3K27ac,Crypton,-0.10300686185620901,0.08366991397623115,-0.21729381618119192,0.014066098659565023
1487,RWPE2,H3K27ac,Merlin,-0.007956635474499001,0.9085306836683115,-0.14287376538589888,0.12725079950675186
1488,RWPE2,H3K27ac,TcMar,0.10649175559398905,0.13144396668847402,-0.0324230708749907,0.24137021698704964
1489,RWPE2,H3K27ac,L1-Tx1,-0.08673168763732714,0.3135661994204546,-0.2510970725514459,0.08249515698474406
1490,RWPE2,H3K27ac,Crypton-A,0.08462952064459991,0.33651638785163007,-0.08848344097800052,0.2527799746728984
1491,RWPE2,H3K27ac,I-Jockey,0.043249003799462525,0.6552099437782388,-0.14612789079673988,0.22956813662132952
1492,RWPE2,H3K27ac,hAT-Tip100?,0.09784798534798533,0.44177202493144496,-0.1521938557547207,0.33611804700895054
1493,RWPE2,H3K27ac,TcMar-Pogo,0.14039589442815245,0.44343300863094537,-0.22072285362218425,0.46766279347910183
1494,RWPE2,H3K27ac,hAT?,-0.07929717341482047,0.655751673542851,-0.4070221520778892,0.2665152545773467
1495,RWPE2,H3K27ac,hAT-hAT19,0.25,0.3503914791072017,-0.288208840877694,0.668174158635457
1496,RWPE2,H3K36me3,Alu,0.0005115947298680348,0.5903481871438101,-0.0013510253839132001,0.00237421129384898
1497,RWPE2,H3K36me3,L1,-0.0007761499259949401,0.5724520835470785,-0.0034712261829496238,0.0019189376060443815
1498,RWPE2,H3K36me3,MIR,0.0026177921276990352,0.05980264624783433,-0.00010809363266975686,0.005343638985592762
1499,RWPE2,H3K36me3,L2,0.0023410558185510723,0.16184978414600826,-0.0009389992256822205,0.005621060489561389
1500,RWPE2,H3K36me3,ERVL-MaLR,-0.0011719178478476263,0.5583684031948399,-0.005096445161644997,0.0027526455658886946
1501,RWPE2,H3K36me3,hAT-Charlie,-0.0005034847659373401,0.8131317193281156,-0.004678002085520341,0.003671050101773935
1502,RWPE2,H3K36me3,ERV1,0.0013698499183755562,0.6536120433332308,-0.0046131037848780865,0.00735270555348328
1503,RWPE2,H3K36me3,ERVL,-0.005514309968672612,0.07727593399853706,-0.0116314314229679,0.0006032242078744186
1504,RWPE2,H3K36me3,TcMar-Tigger,-0.0005426915433122922,0.8642867879397538,-0.006765731629932174,0.0056803905763966695
1505,RWPE2,H3K36me3,hAT-Tip100,0.006077356057238899,0.1608268175446327,-0.00241697164418168,0.01457080681053784
1506,RWPE2,H3K36me3,CR1,-0.0037033671320568094,0.43234685041113285,-0.012947085517662908,0.005540984183821073
1507,RWPE2,H3K36me3,Gypsy,-0.010830692255952233,0.17487305767438563,-0.02647258754235078,0.0048165053158367955
1508,RWPE2,H3K36me3,hAT-Blackjack,0.01240875420104892,0.1276253337975986,-0.003555448143080835,0.028366633191908932
1509,RWPE2,H3K36me3,TcMar-Mariner,0.006816461312089629,0.4065014639590402,-0.009278940112187281,0.02290833157564902
1510,RWPE2,H3K36me3,RTE-X,0.02134496838695741,0.03811537977628319,0.0011679576917648232,0.04150460655569185
1511,RWPE2,H3K36me3,ERVK,-0.014588471258130984,0.2098895406513114,-0.03737899825203864,0.00821722379089214
1512,RWPE2,H3K36me3,TcMar-Tc2,-0.0027595085799002727,0.823495274620505,-0.027001880836049905,0.021486107620585795
1513,RWPE2,H3K36me3,SVA,0.01685463075236005,0.23720051831428487,-0.011096343480202041,0.0447792867105331
1514,RWPE2,H3K36me3,RTE-BovB,0.011888191425599413,0.4203841426518483,-0.017030728615774676,0.04078723804042526
1515,RWPE2,H3K36me3,tRNA-RTE,0.01661801508630527,0.30079280490357335,-0.014863090955975874,0.04806620757559796
1516,RWPE2,H3K36me3,hAT-Ac,0.012291592305389329,0.49754977608940076,-0.023223439553384337,0.04777563933422143
1517,RWPE2,H3K36me3,hAT,-0.011442339984576414,0.5526763163647087,-0.04917989807250083,0.02632784115398523
1518,RWPE2,H3K36me3,MULE-MuDR,-0.03144236405959443,0.13101840703327564,-0.07216090021125669,0.00938080628742476
1519,RWPE2,H3K36me3,PiggyBac,0.0005762014574093705,0.9789670286122634,-0.04224003572901424,0.04339032612757869
1520,RWPE2,H3K36me3,5S-Deu-L2,-0.031835446505014985,0.1672012617242644,-0.07689673189148773,0.013355627784348604
1521,RWPE2,H3K36me3,Helitron,0.005147009308458406,0.8323025500661373,-0.042476042817890365,0.05274672588449762
1522,RWPE2,H3K36me3,hAT-Tag1,-0.017272718325459315,0.47860363928628347,-0.06497611466144877,0.03050944339016633
1523,RWPE2,H3K36me3,tRNA,-0.03355213428620269,0.19328675864902667,-0.0839532363535696,0.017020202720275497
1524,RWPE2,H3K36me3,Penelope,0.015376878003687419,0.6931282426750291,-0.06095810418788384,0.09153303467711033
1525,RWPE2,H3K36me3,TcMar-Tc1,0.012222169548581338,0.7552404668132566,-0.06456625865288337,0.08886671120336316
1526,RWPE2,H3K36me3,Dong-R4,-0.04104932599291841,0.39693460497911826,-0.13534895947572687,0.053987310929045976
1527,RWPE2,H3K36me3,tRNA-Deu,-0.03468605705307471,0.4794127824442427,-0.1301965260576404,0.061462235142719895
1528,RWPE2,H3K36me3,Kolobok,0.059988647340469506,0.2596148525100752,-0.044470261414320256,0.1631499966867927
1529,RWPE2,H3K36me3,PIF-Harbinger,-0.022586968435112022,0.6741207904670217,-0.12727851036567242,0.08260230210100723
1530,RWPE2,H3K36me3,Crypton,0.008859353592285627,0.8820423515977337,-0.10785184301114618,0.1253296739845526
1531,RWPE2,H3K36me3,Merlin,0.028929260310909928,0.6753522809593032,-0.10626188459988134,0.1630702807218115
1532,RWPE2,H3K36me3,TcMar,0.026642681440141775,0.7059338135361077,-0.11150043775293282,0.16377564697890895
1533,RWPE2,H3K36me3,L1-Tx1,-0.025249195798312474,0.7696191570671038,-0.1921769723640791,0.14309858787537263
1534,RWPE2,H3K36me3,Crypton-A,0.07258648922729664,0.40998756159564864,-0.10041211415154024,0.24132482954316017
1535,RWPE2,H3K36me3,I-Jockey,-0.053628023352794,0.5796904964253518,-0.23944462682349538,0.13597832515236133
1536,RWPE2,H3K36me3,hAT-Tip100?,-0.07756410256410255,0.5423906336201768,-0.31766244239463526,0.17188132147943797
1537,RWPE2,H3K36me3,TcMar-Pogo,0.043255131964809374,0.8141600806583423,-0.3102700853715815,0.38627006670607295
1538,RWPE2,H3K36me3,hAT?,0.04079449961802903,0.8188156166976333,-0.30166401504353535,0.3739294258772609
1539,RWPE2,H3K36me3,hAT-hAT19,0.07647058823529412,0.7783409809607029,-0.43639588116527667,0.5518312059137126
1540,22Rv1,CTCF,Alu,0.0012261759745211256,0.19666636905858648,-0.0006352197708697086,0.0030875632230433557
1541,22Rv1,CTCF,L1,-0.0012107259459304008,0.37858225860138206,-0.003905710675727197,0.0014842763708732712
1542,22Rv1,CTCF,MIR,-0.0005108050022041079,0.713298389051638,-0.003235558627154047,0.0022139562074900143
1543,22Rv1,CTCF,L2,-0.002505726801435839,0.1343123729951634,-0.0057856496579618,0.0007742499690011911
1544,22Rv1,CTCF,ERVL-MaLR,0.0031691893675448216,0.11334290870213508,-0.0007538459750468235,0.007092127162625973
1545,22Rv1,CTCF,hAT-Charlie,0.0017512130530187812,0.41080536444081606,-0.002421934054034928,0.005924299165477205
1546,22Rv1,CTCF,ERV1,0.0004255675667009236,0.8890856892469148,-0.005555242571505138,0.006406347259876203
1547,22Rv1,CTCF,ERVL,0.0020304924179071573,0.515173798163745,-0.004084560180294618,0.008145393163321807
1548,22Rv1,CTCF,TcMar-Tigger,0.004473979286866766,0.15869824650524594,-0.0017474697835550823,0.010695082026117207
1549,22Rv1,CTCF,hAT-Tip100,-0.0024439112229166747,0.5727348463127573,-0.010935987363458414,0.006048517421423606
1550,22Rv1,CTCF,CR1,0.003017259716573274,0.5223354933196446,-0.006226550860378439,0.012260554679771265
1551,22Rv1,CTCF,Gypsy,0.012496030287877241,0.11746921533454006,-0.0031496233604115338,0.02813556765418649
1552,22Rv1,CTCF,hAT-Blackjack,-0.0026602026445339206,0.7438275510670062,-0.01861333190352158,0.013294280794535122
1553,22Rv1,CTCF,TcMar-Mariner,-0.0034657063988646373,0.6727966318498919,-0.019548020531633754,0.012618400701652087
1554,22Rv1,CTCF,RTE-X,0.003990377539628968,0.6982873494636144,-0.016185153383099015,0.024162660350935013
1555,22Rv1,CTCF,ERVK,-0.0033125988992629574,0.7757401723487191,-0.02609856533162059,0.019476807894670094
1556,22Rv1,CTCF,TcMar-Tc2,-0.005667408270235758,0.6468045643815878,-0.029902065308149085,0.018573907959418455
1557,22Rv1,CTCF,SVA,-0.010504353920307722,0.46056964905767594,-0.03838948149090873,0.017397120989029836
1558,22Rv1,CTCF,RTE-BovB,-0.008019141881065013,0.5866572550464204,-0.036913663405812785,0.020888776970635074
1559,22Rv1,CTCF,tRNA-RTE,0.028465710952402974,0.07613054830686534,-0.0029982866434036816,0.0598734026358492
1560,22Rv1,CTCF,hAT-Ac,-0.020676298777585048,0.25395713124398883,-0.056154064114147764,0.014853614709007599
1561,22Rv1,CTCF,hAT,-0.017727241495893303,0.35761115130784893,-0.055450658354294816,0.020046712556880626
1562,22Rv1,CTCF,MULE-MuDR,-0.00949924518538106,0.6482307955818152,-0.05027290671426259,0.0313060285123023
1563,22Rv1,CTCF,PiggyBac,-0.03200617341751234,0.14278175175290483,-0.07470953753100053,0.010814362483282889
1564,22Rv1,CTCF,5S-Deu-L2,-0.008419329648663114,0.714813162852306,-0.05353626881269274,0.03673191374247616
1565,22Rv1,CTCF,Helitron,-0.008375131987645099,0.7304259179016614,-0.05596597625348784,0.039253682689557895
1566,22Rv1,CTCF,hAT-Tag1,-0.01497369744990411,0.5390634241467469,-0.06268498336098739,0.03280587259319861
1567,22Rv1,CTCF,tRNA,-0.0028769855367204215,0.9111759963714734,-0.05338182745445738,0.04764253764771072
1568,22Rv1,CTCF,Penelope,-0.03668593367990974,0.3470672592133842,-0.11277016742958888,0.03982599914264059
1569,22Rv1,CTCF,TcMar-Tc1,-0.015618942170978197,0.6898962263280514,-0.09212108341478063,0.061066503988622345
1570,22Rv1,CTCF,Dong-R4,0.007168649691056085,0.8824419253003065,-0.08767894472041039,0.10188743335349304
1571,22Rv1,CTCF,tRNA-Deu,-0.042657645131147046,0.3843430400293696,-0.13805099163305737,0.05351987007255389
1572,22Rv1,CTCF,Kolobok,0.03678818304144279,0.4896084065960523,-0.06759375180384446,0.1403735000323605
1573,22Rv1,CTCF,PIF-Harbinger,0.08720087315149573,0.10388550369870712,-0.018143528271977197,0.19063048014697986
1574,22Rv1,CTCF,Crypton,-0.016150199743159305,0.7867728682775581,-0.1325057180264436,0.10064438562319843
1575,22Rv1,CTCF,Merlin,-0.15776676866480036,0.021564766086396677,-0.2871984603286131,-0.022677186215367868
1576,22Rv1,CTCF,TcMar,-0.09103986073907323,0.1964289366656107,-0.22618955968408197,0.04754873141814206
1577,22Rv1,CTCF,L1-Tx1,0.15883190968727726,0.06376318126900676,-0.010191106955923143,0.3190308355624836
1578,22Rv1,CTCF,Crypton-A,0.04559376388971066,0.605077909427192,-0.1270128988238176,0.2155202839641242
1579,22Rv1,CTCF,I-Jockey,-0.13016402557686962,0.17732667243709355,-0.31138633601959387,0.060193611744189815
1580,22Rv1,CTCF,hAT-Tip100?,0.03818681318681318,0.764495452432358,-0.20967726907303,0.28143933269945565
1581,22Rv1,CTCF,TcMar-Pogo,-0.1345307917888563,0.46289371393995793,-0.46286439336417723,0.2262635840949555
1582,22Rv1,CTCF,hAT?,0.026432391138273486,0.8820375496921292,-0.3146002719522667,0.3614214422666349
1583,22Rv1,CTCF,hAT-hAT19,0.011764705882352941,0.9655081698956276,-0.48679378978142623,0.5045417383784665
1584,22Rv1,H3K27ac,Alu,-0.0006876057651178356,0.4692102145159145,-0.002549646381838762,0.001174439619744452
1585,22Rv1,H3K27ac,L1,-0.0014044676248909185,0.3071182433357971,-0.00409977863400767,0.0012908637904965224
1586,22Rv1,H3K27ac,MIR,0.000972185384044987,0.48440602624056106,-0.0017528675348497092,0.0036972238642735775
1587,22Rv1,H3K27ac,L2,0.002461138906239957,0.14139676982798755,-0.00081896653795023,0.005741191391725931
1588,22Rv1,H3K27ac,ERVL-MaLR,-2.0454296650530866e-05,0.9918477893550708,-0.003944083199200153,0.003903175235681413
1589,22Rv1,H3K27ac,hAT-Charlie,-0.0009234130847087871,0.6645640724783858,-0.005097201772492065,0.003250407776007387
1590,22Rv1,H3K27ac,ERV1,-0.002954726907859674,0.33295603052483536,-0.008936046155771078,0.003026803767053834
1591,22Rv1,H3K27ac,ERVL,-0.001625905201384118,0.602312275833099,-0.007741393404117834,0.004489704619184115
1592,22Rv1,H3K27ac,TcMar-Tigger,0.002332182378416854,0.4625653536102161,-0.0038900041826325795,0.008554188360018677
1593,22Rv1,H3K27ac,hAT-Tip100,0.007371557088031859,0.08892631881983724,-0.001121955468108467,0.01586400615490076
1594,22Rv1,H3K27ac,CR1,-0.0007638422447450201,0.8713467320457635,-0.010007902855804905,0.00848034891293266
1595,22Rv1,H3K27ac,Gypsy,0.018255340817595795,0.022193967320896443,0.0026098574055917435,0.03389188922917848
1596,22Rv1,H3K27ac,hAT-Blackjack,0.006140583914110026,0.4507217440914486,-0.00981706271789204,0.02209510368477413
1597,22Rv1,H3K27ac,TcMar-Mariner,-0.005815355318860775,0.47867092606746664,-0.02190113158247014,0.010273431081651851
1598,22Rv1,H3K27ac,RTE-X,0.0010120162988462075,0.9216828295853396,-0.019161459117525998,0.02118466802926172
1599,22Rv1,H3K27ac,ERVK,-0.001139236352893582,0.9220026356249471,-0.02394037062989268,0.02166308254629002
1600,22Rv1,H3K27ac,TcMar-Tc2,-0.0076625471333523895,0.5356704638416934,-0.03190110904944429,0.01658502227121779
1601,22Rv1,H3K27ac,SVA,-0.00475488649511983,0.738497006261225,-0.03266045550315366,0.023158090104042354
1602,22Rv1,H3K27ac,RTE-BovB,-0.017891732456812384,0.22518803651932606,-0.046778747384131084,0.011025182806271416
1603,22Rv1,H3K27ac,tRNA-RTE,0.019013573194344068,0.23626287473147778,-0.012455715962351139,0.0504452348788357
1604,22Rv1,H3K27ac,hAT-Ac,-0.0022246892797420695,0.9023196041672781,-0.037736964166454924,0.0332931977292131
1605,22Rv1,H3K27ac,hAT,-0.008651529217010769,0.6534218427963026,-0.04638765167590704,0.029109251001472575
1606,22Rv1,H3K27ac,MULE-MuDR,0.00606203700966983,0.7709938387320843,-0.034747993122077554,0.04685188424305208
1607,22Rv1,H3K27ac,PiggyBac,0.009924685338551958,0.6496694527251978,-0.03289532209640675,0.05270832522805038
1608,22Rv1,H3K27ac,5S-Deu-L2,0.007417418134177826,0.7475168972080121,-0.037732320197753355,0.05253693424885715
1609,22Rv1,H3K27ac,Helitron,0.022800957087537654,0.34816555007702954,-0.024844524227804914,0.07034308868805164
1610,22Rv1,H3K27ac,hAT-Tag1,-0.037277891660287,0.12611403683693667,-0.08489671095655209,0.010510826028917628
1611,22Rv1,H3K27ac,tRNA,0.005585199859911322,0.8285452018590511,-0.04494036741162948,0.05608226616361511
1612,22Rv1,H3K27ac,Penelope,-0.016953853228442776,0.6637380984480895,-0.09315557149437648,0.05944532393543451
1613,22Rv1,H3K27ac,TcMar-Tc1,-0.024140838523644792,0.5374026221060237,-0.10057365003085923,0.052575243758070586
1614,22Rv1,H3K27ac,Dong-R4,-0.027499198268831532,0.5704754801714065,-0.12198579138052719,0.06748134531969531
1615,22Rv1,H3K27ac,tRNA-Deu,0.02486733257452647,0.6121760450640112,-0.0712324131403389,0.1205096739503977
1616,22Rv1,H3K27ac,Kolobok,-0.002643567055298887,0.9604148176242944,-0.1067024476424422,0.10147259586062327
1617,22Rv1,H3K27ac,PIF-Harbinger,0.03439681312471553,0.5218672663561454,-0.07087008139269922,0.13890598796068765
1618,22Rv1,H3K27ac,Crypton,0.03379875427423281,0.5712385714899508,-0.08315956813234403,0.14983860581135824
1619,22Rv1,H3K27ac,Merlin,-0.02516850055173463,0.7155966531124721,-0.15939789061313686,0.1099745902881488
1620,22Rv1,H3K27ac,TcMar,-0.027795320801409996,0.693837290793985,-0.16490010352426585,0.11036328545205269
1621,22Rv1,H3K27ac,L1-Tx1,0.08094444128059747,0.3470670274126041,-0.08824019099117537,0.24558984134260656
1622,22Rv1,H3K27ac,Crypton-A,0.030502607056059793,0.7294533456559231,-0.1418040774386294,0.20101526050618412
1623,22Rv1,H3K27ac,I-Jockey,-0.13979241960893338,0.14712024189757805,-0.32032584037375206,0.05053936397297689
1624,22Rv1,H3K27ac,hAT-Tip100?,0.07019230769230768,0.5815298013253661,-0.17899928570999948,0.31092087697760057
1625,22Rv1,H3K27ac,TcMar-Pogo,0.22067448680351903,0.22486656510339478,-0.1430083814115458,0.5318529507304387
1626,22Rv1,H3K27ac,hAT?,-0.1284950343773873,0.46892214743103233,-0.44838680579156426,0.22057522183745445
1627,22Rv1,H3K27ac,hAT-hAT19,0.049999999999999996,0.8540995521297436,-0.45730167066061606,0.5327502893761625
1628,RWPE1,CTCF,Alu,0.00122408310471886,0.19816409026486984,-0.0006403563463883514,0.0030885140456972226
1629,RWPE1,CTCF,L1,-0.0006189424307318384,0.6531282313258824,-0.003318195834326836,0.002080319992087398
1630,RWPE1,CTCF,MIR,-0.00019925947555576656,0.8860702813834639,-0.002925003791860696,0.002526487801621606
1631,RWPE1,CTCF,L2,-0.0006553743390190246,0.6954461646444599,-0.003936563059904036,0.0026258284937144003
1632,RWPE1,CTCF,ERVL-MaLR,0.00210036778521631,0.29464274297365417,-0.0018277699261064048,0.0060284406788559
1633,RWPE1,CTCF,hAT-Charlie,-0.0003569418225193169,0.8669671702171176,-0.004533290767102469,0.003819419573582916
1634,RWPE1,CTCF,ERV1,0.0019967937832933123,0.5145370159482403,-0.004007668608790318,0.008001112195172055
1635,RWPE1,CTCF,ERVL,-0.0004294389154227088,0.8906398729603399,-0.006550945875863757,0.005692100229791438
1636,RWPE1,CTCF,TcMar-Tigger,0.0016415093986228769,0.6053807422000754,-0.004585371716696144,0.007868263220271336
1637,RWPE1,CTCF,hAT-Tip100,0.000543503324965234,0.9002196475533895,-0.007952254339674064,0.009039182532450478
1638,RWPE1,CTCF,CR1,0.0023775383761049595,0.6144607391725448,-0.006873446270665049,0.011628116095597581
1639,RWPE1,CTCF,Gypsy,0.0036416906696094147,0.6483647199809239,-0.012009456846892494,0.019291054240235833
1640,RWPE1,CTCF,hAT-Blackjack,-0.011404427758966268,0.16167164084637864,-0.027371322591537316,0.004568284878139151
1641,RWPE1,CTCF,TcMar-Mariner,-0.00032209941143353514,0.9687391305952945,-0.01642979336549191,0.01578576168678882
1642,RWPE1,CTCF,RTE-X,0.006160829043370135,0.5496686264211738,-0.014022738759889426,0.026339378351395788
1643,RWPE1,CTCF,ERVK,0.016492398350504478,0.15933146909603987,-0.0064787096392305826,0.03944610964265998
1644,RWPE1,CTCF,TcMar-Tc2,-0.006767357002405374,0.5843703539550291,-0.031006679786564444,0.017479921006382834
1645,RWPE1,CTCF,SVA,0.0007868723920154533,0.955928587449824,-0.027114987633167307,0.028687507288214745
1646,RWPE1,CTCF,RTE-BovB,-0.002964220006897639,0.8407926698318016,-0.03187674268642399,0.025953259350169067
1647,RWPE1,CTCF,tRNA-RTE,0.019835628425521435,0.2167864476967692,-0.011645896683100213,0.05127786949599229
1648,RWPE1,CTCF,hAT-Ac,0.019753009119518144,0.27617889914886906,-0.015805955357225412,0.05526207123986695
1649,RWPE1,CTCF,hAT,0.007969510964403839,0.6792117861229856,-0.029797626054421874,0.04571392548860037
1650,RWPE1,CTCF,MULE-MuDR,-0.010373162518073343,0.6184986833892013,-0.051162504754086596,0.030450729795225062
1651,RWPE1,CTCF,PiggyBac,0.010331156675163714,0.6366601357217462,-0.03253025655359735,0.053154640695118556
1652,RWPE1,CTCF,5S-Deu-L2,-0.008923804870768687,0.6986141799425076,-0.054051384234989806,0.036240153319694324
1653,RWPE1,CTCF,Helitron,-0.02523083305419854,0.29976644306821654,-0.07281943402786908,0.022472395428072483
1654,RWPE1,CTCF,hAT-Tag1,-0.03289227350188258,0.17741805002086458,-0.0805603402505098,0.014925904957358058
1655,RWPE1,CTCF,tRNA,-0.0020665120166044717,0.9361557959746686,-0.05259035330128284,0.04846788171574718
1656,RWPE1,CTCF,Penelope,0.03911182842241093,0.3168322168145738,-0.03752054873290064,0.11528687733927895
1657,RWPE1,CTCF,TcMar-Tc1,-0.015968941636949112,0.6835488079157439,-0.09252682929340367,0.06077664427653845
1658,RWPE1,CTCF,Dong-R4,0.033845626270812786,0.4849545098386224,-0.061164436677274635,0.12824785911766443
1659,RWPE1,CTCF,tRNA-Deu,-0.04705063235506842,0.3372548746783739,-0.14237558310782628,0.049139073507655937
1660,RWPE1,CTCF,Kolobok,0.05492727293028856,0.30274085910089554,-0.0496704938381953,0.15833325350029753
1661,RWPE1,CTCF,PIF-Harbinger,-0.03758058318075417,0.48405735924435467,-0.1420368979377109,0.06770349205111391
1662,RWPE1,CTCF,Crypton,0.12837406136099533,0.030852618286766137,0.011473976052469435,0.24181237339796346
1663,RWPE1,CTCF,Merlin,0.11624918322815005,0.0921234915601072,-0.019577777075158967,0.24786290473507405
1664,RWPE1,CTCF,TcMar,0.13871336900668568,0.04841484537980476,0.0003580084104397626,0.2718579156922934
1665,RWPE1,CTCF,L1-Tx1,0.02784878952468216,0.746666668239817,-0.14055521221877867,0.19468668803311956
1666,RWPE1,CTCF,Crypton-A,-0.1765030100982781,0.04373001741703799,-0.3389917527127859,-0.00378891937893821
1667,RWPE1,CTCF,I-Jockey,0.04081178760077843,0.673498869755482,-0.14850689836680317,0.22724474323563876
1668,RWPE1,CTCF,hAT-Tip100?,0.03241758241758241,0.7992668298116496,-0.21516865005233246,0.2760882271226572
1669,RWPE1,CTCF,TcMar-Pogo,0.31854838709677413,0.07558399899952076,-0.04301758873133743,0.6063353308615045
1670,RWPE1,CTCF,hAT?,0.1174942704354469,0.5081149619029759,-0.23095048737009594,0.4392266502048215
1671,RWPE1,CTCF,hAT-hAT19,-0.02941176470588235,0.9138955872505001,-0.5176571840679537,0.47328372956885056
1672,RWPE1,H3K27ac,Alu,0.0003278503356344299,0.7302791955803931,-0.0015360129009761858,0.0021917112943525244
1673,RWPE1,H3K27ac,L1,0.00035530261355213173,0.796396344558504,-0.002343699904449913,0.0030542999550782443
1674,RWPE1,H3K27ac,MIR,-0.0005652718364561285,0.6844836553092591,-0.003291743298388737,0.002161208029567237
1675,RWPE1,H3K27ac,L2,2.924290664797247e-05,0.9860632865803869,-0.003251899065038943,0.003310384248683021
1676,RWPE1,H3K27ac,ERVL-MaLR,-0.0009955941652217608,0.6193335318120614,-0.004923394433099986,0.0029322368222140147
1677,RWPE1,H3K27ac,hAT-Charlie,0.0013293211494090932,0.5327581952422774,-0.0028473649909434655,0.005505960910958474
1678,RWPE1,H3K27ac,ERV1,0.00446415636166472,0.14498747364937709,-0.0015391682562814397,0.010467159214889506
1679,RWPE1,H3K27ac,ERVL,-0.0022237505474185,0.4764526248600831,-0.008344869870520069,0.0038975354204674566
1680,RWPE1,H3K27ac,TcMar-Tigger,-0.0014218088866101521,0.6545770485775351,-0.007650146182901365,0.004806638722005888
1681,RWPE1,H3K27ac,hAT-Tip100,0.007667085655361467,0.07692067299287615,-0.0008285740469635751,0.016161638674069678
1682,RWPE1,H3K27ac,CR1,0.005777850128838993,0.22090809218482593,-0.0034733361688148445,0.015028047510971468
1683,RWPE1,H3K27ac,Gypsy,0.00651988253286966,0.41420380626167486,-0.00913062875493935,0.02216720039609857
1684,RWPE1,H3K27ac,hAT-Blackjack,-0.010404378010464708,0.20212688949646732,-0.026387182890840837,0.005583744812042128
1685,RWPE1,H3K27ac,TcMar-Mariner,0.002952221603798905,0.7205122775323463,-0.013220248640642716,0.01912314768223466
1686,RWPE1,H3K27ac,RTE-X,0.002606759660781688,0.8001770286922816,-0.017576902159702385,0.02278829780573761
1687,RWPE1,H3K27ac,ERVK,0.014898688448112278,0.20358600623859738,-0.008070863088558224,0.037852526146903306
1688,RWPE1,H3K27ac,TcMar-Tc2,-0.0045787189483919594,0.7116035213144467,-0.02884578195921958,0.01969373810098761
1689,RWPE1,H3K27ac,SVA,-0.008899538154710222,0.5319846860226293,-0.03679504071646237,0.019009822898142684
1690,RWPE1,H3K27ac,RTE-BovB,-0.009607569054298519,0.5151646077009658,-0.038525315119064,0.019326255819905814
1691,RWPE1,H3K27ac,tRNA-RTE,-0.008157817702536284,0.6115965948665678,-0.03962744281385123,0.023327974768187973
1692,RWPE1,H3K27ac,hAT-Ac,0.007135069953212278,0.6940916048621271,-0.028416990815858793,0.042669102221497314
1693,RWPE1,H3K27ac,hAT,-0.000801724443040539,0.9668291502167126,-0.03857215430465625,0.03697099304738563
1694,RWPE1,H3K27ac,MULE-MuDR,0.0010479273572829304,0.9598872529281361,-0.0397725392175946,0.041864901882384356
1695,RWPE1,H3K27ac,PiggyBac,-0.011196793318545851,0.6086820272493885,-0.05401809083786297,0.031665611075495925
1696,RWPE1,H3K27ac,5S-Deu-L2,0.02819844586164434,0.2210610832344163,-0.016980597862586568,0.07326257671626776
1697,RWPE1,H3K27ac,Helitron,-0.008154145127061254,0.7378714820770045,-0.055858315178669016,0.039587168869080785
1698,RWPE1,H3K27ac,hAT-Tag1,0.0025004106244390163,0.9183584234314685,-0.04528688598365442,0.050276289885608776
1699,RWPE1,H3K27ac,tRNA,0.025171747600661903,0.32897080986002103,-0.025381011521264464,0.07559609526370735
1700,RWPE1,H3K27ac,Penelope,-0.04305841560259743,0.2704254673860956,-0.1191919249900023,0.03357848748674691
1701,RWPE1,H3K27ac,TcMar-Tc1,-0.010653961320071978,0.7858250290009259,-0.08730978385251892,0.0661272881251199
1702,RWPE1,H3K27ac,Dong-R4,0.04686235068394922,0.3334480521286436,-0.048190343430772616,0.1410738871912147
1703,RWPE1,H3K27ac,tRNA-Deu,-0.0034515917421097052,0.9439096349097791,-0.09933407368655055,0.09249439706833255
1704,RWPE1,H3K27ac,Kolobok,0.03843077107238252,0.47104514092078253,-0.06610749619638791,0.14213454886745142
1705,RWPE1,H3K27ac,PIF-Harbinger,0.025112557972827014,0.6401193323039818,-0.08009515003837747,0.12976691613461563
1706,RWPE1,H3K27ac,Crypton,0.011745672011477947,0.8440427177810924,-0.1049996351806047,0.12817163645329546
1707,RWPE1,H3K27ac,Merlin,0.013456809440573777,0.8462913609055125,-0.1221622581031534,0.14858257861146904
1708,RWPE1,H3K27ac,TcMar,-0.1259733687983185,0.07330902521369004,-0.25969869547465335,0.012492323090319404
1709,RWPE1,H3K27ac,L1-Tx1,-0.038081481167528755,0.6586277477678752,-0.20454972212711078,0.13052761097151117
1710,RWPE1,H3K27ac,Crypton-A,-0.021886714898467826,0.8040309218233687,-0.1927088057580445,0.15022293729420638
1711,RWPE1,H3K27ac,I-Jockey,-0.13158187378370867,0.17261313527539165,-0.3127043014684834,0.05877368483654506
1712,RWPE1,H3K27ac,hAT-Tip100?,0.034746503496503496,0.7834831890298642,-0.21101202509120162,0.27637341883967514
1713,RWPE1,H3K27ac,TcMar-Pogo,0.26099706744868034,0.1490691457623214,-0.10256243634006652,0.563045007803724
1714,RWPE1,H3K27ac,hAT?,0.34484339190221536,0.04579343396233527,-0.0027548265938486414,0.6180930943936608
1715,RWPE1,H3K27ac,hAT-hAT19,0.10882352941176471,0.688288293957414,-0.4102793190048086,0.5746643593600581
