,cell_line,modification,family_name,r,p_value,ci_low,ci_high
0,Caco-2,H3K4me1,Alu,-0.0005270897289583348,0.5802201087439918,-0.002395004078731114,0.001340828298964492
1,Caco-2,H3K4me1,L1,0.002262086418111424,0.10085187958945016,-0.0004401218846670149,0.004964261685932629
2,Caco-2,H3K4me1,MIR,0.00015593668642352888,0.9107783598134785,-0.002571517335161248,0.0028833883879825052
3,Caco-2,H3K4me1,L2,-0.0027528141842648045,0.10025306897662933,-0.006035389013396838,0.0005298199711726298
4,Caco-2,H3K4me1,ERVL-MaLR,0.002095122091173893,0.29657407251757983,-0.001838906285555983,0.006029085618041885
5,Caco-2,H3K4me1,hAT-Charlie,-0.002309546552419745,0.27894170507103094,-0.006490346412912433,0.0018713340475952367
6,Caco-2,H3K4me1,ERV1,-0.004618587915479475,0.13277911272955276,-0.010640164698683102,0.0014033238278334122
7,Caco-2,H3K4me1,ERVL,-0.003898184129730653,0.21251137522577454,-0.010026400526368625,0.0022303250782389665
8,Caco-2,H3K4me1,TcMar-Tigger,0.004684883837981982,0.14068979747977,-0.0015478788963765077,0.010917282595138814
9,Caco-2,H3K4me1,hAT-Tip100,-0.008735480875795735,0.043996836695037865,-0.017234956306211285,-0.00023474304039735485
10,Caco-2,H3K4me1,CR1,-0.006415913541147835,0.17418041354506816,-0.015668785411104415,0.0028380571095588383
11,Caco-2,H3K4me1,Gypsy,0.004445742716537917,0.5779098727816818,-0.011213515625691717,0.020102821016983793
12,Caco-2,H3K4me1,hAT-Blackjack,0.003083884463050236,0.7055006160024035,-0.01290993728822861,0.019076128625260654
13,Caco-2,H3K4me1,TcMar-Mariner,0.005705948996095814,0.4877630490519701,-0.010411629096956067,0.02182056299692954
14,Caco-2,H3K4me1,RTE-X,0.014607064167526634,0.1562414317386321,-0.005586929212916148,0.03478914858802589
15,Caco-2,H3K4me1,ERVK,0.01688868061803308,0.15160065453553107,-0.006198457098045535,0.03995782336279359
16,Caco-2,H3K4me1,TcMar-Tc2,-0.0036964349996893293,0.7654015915159793,-0.027969733662341924,0.020581220331752824
17,Caco-2,H3K4me1,SVA,-0.010034323442174147,0.4832897485254918,-0.03807375590099019,0.018020897657147213
18,Caco-2,H3K4me1,RTE-BovB,-0.004710912802388484,0.749826397008581,-0.03365635034533397,0.024242421036127462
19,Caco-2,H3K4me1,tRNA-RTE,-0.018776932507467748,0.24257267567126564,-0.05023740300060144,0.012720764451022598
20,Caco-2,H3K4me1,hAT-Ac,9.54187059070941e-05,0.9958075103999442,-0.0354842258575977,0.03567482168785072
21,Caco-2,H3K4me1,hAT,-0.042622948125292166,0.027033309356983806,-0.08029633840246721,-0.00482795825372382
22,Caco-2,H3K4me1,MULE-MuDR,-0.01611507744985514,0.43953056820540104,-0.056925590691585426,0.024749199729651842
23,Caco-2,H3K4me1,PiggyBac,-0.013722500321669112,0.531053832657375,-0.05660889297667572,0.029214439362811984
24,Caco-2,H3K4me1,5S-Deu-L2,-0.027240721923652716,0.23740182065146906,-0.07233250145063562,0.017962188488174338
25,Caco-2,H3K4me1,Helitron,-0.005783658025196832,0.8126365078519244,-0.05356526650760636,0.04202437507847993
26,Caco-2,H3K4me1,hAT-Tag1,-0.030266930153028657,0.2147259780227161,-0.07796106813228634,0.017565431755444737
27,Caco-2,H3K4me1,tRNA,0.023511273759138987,0.3622064041988454,-0.027073957553593604,0.07397639998717938
28,Caco-2,H3K4me1,Penelope,0.07146079178051516,0.06737899290082631,-0.005214319544229488,0.14730054514311483
29,Caco-2,H3K4me1,TcMar-Tc1,-0.02010587204982122,0.6080561085105245,-0.09668944987136978,0.0567143739417804
30,Caco-2,H3K4me1,Dong-R4,-0.019469909605759853,0.687936678999187,-0.1140551365920084,0.07546510814577818
31,Caco-2,H3K4me1,tRNA-Deu,-0.15864514303117824,0.0011362081531112662,-0.2513102233077597,-0.06309829077015547
32,Caco-2,H3K4me1,Kolobok,0.11190139266356333,0.03532790144761809,0.007429747577345519,0.21395662165899343
33,Caco-2,H3K4me1,PIF-Harbinger,-0.02893016024364848,0.5901395545097511,-0.13352643656629892,0.07630352106833727
34,Caco-2,H3K4me1,Crypton,0.03268901871399671,0.5839481205247208,-0.08426060169114398,0.14875029270744775
35,Caco-2,H3K4me1,Merlin,0.1002145488263639,0.14686132435919674,-0.035672619081440315,0.23246328363134444
36,Caco-2,H3K4me1,TcMar,0.03905830335428522,0.581974039010955,-0.09992887483307315,0.17655042041010346
37,Caco-2,H3K4me1,L1-Tx1,0.021303133867171396,0.8048384481905244,-0.1469561351853688,0.18836421505814196
38,Caco-2,H3K4me1,Crypton-A,-0.04049309167373846,0.6460825563910491,-0.21062399911369534,0.13201862968279873
39,Caco-2,H3K4me1,I-Jockey,0.17429339264201651,0.06989382083556728,-0.015716368636739163,0.352153523641218
40,Caco-2,H3K4me1,hAT-Tip100?,-0.0417124542124542,0.7434673375988599,-0.28470389924458067,0.20631566600041282
41,Caco-2,H3K4me1,TcMar-Pogo,-0.09127565982404691,0.6193092452967088,-0.42701790956411606,0.2665841529645584
42,Caco-2,H3K4me1,hAT?,-0.12098930481283422,0.5024104320143286,-0.44682877103963287,0.23319076911770686
43,Caco-2,H3K4me1,hAT-hAT19,-0.1647058823529412,0.5421481352010777,-0.6128609355396578,0.36361939569317053
44,Caco-2,H3K9me3,Alu,-0.001583269042185571,0.09652813043090237,-0.003450463583263133,0.0002839365388522534
45,Caco-2,H3K9me3,L1,0.003695350497232329,0.00733993158166262,0.0009938498839861154,0.006396797172702865
46,Caco-2,H3K9me3,MIR,9.667909682813692e-06,0.994456437235276,-0.002717597591522555,0.002736933267068808
47,Caco-2,H3K9me3,L2,0.005202012969319437,0.0018951967441637211,0.0019196029501471457,0.008484310894068519
48,Caco-2,H3K9me3,ERVL-MaLR,-0.0025426190182200226,0.20514312144502092,-0.006475706015662788,0.001390546645733307
49,Caco-2,H3K9me3,hAT-Charlie,0.0015617346653394619,0.464040373019327,-0.002618685436679826,0.00574210018246248
50,Caco-2,H3K9me3,ERV1,-0.0002397196373267887,0.9378007222433687,-0.006260613566420478,0.005781191672049702
51,Caco-2,H3K9me3,ERVL,0.0047003104232099194,0.13270784676879996,-0.0014270291087827873,0.010827297028101522
52,Caco-2,H3K9me3,TcMar-Tigger,0.002296854158243542,0.4700895934417272,-0.003935389575345069,0.008528919472408305
53,Caco-2,H3K9me3,hAT-Tip100,0.0025750317419088622,0.5526842416573579,-0.005925225486380092,0.01107491686941224
54,Caco-2,H3K9me3,CR1,0.006103570451635712,0.196091858797709,-0.003150194303920543,0.015356289962456584
55,Caco-2,H3K9me3,Gypsy,0.002646059661597849,0.7405116600599803,-0.013013407050055265,0.01830422874403537
56,Caco-2,H3K9me3,hAT-Blackjack,-0.007672877418421172,0.34706698981522344,-0.02366282364761247,0.00832099358262816
57,Caco-2,H3K9me3,TcMar-Mariner,-0.0005195806174432552,0.949624171822514,-0.016637021688311784,0.01559813040291476
58,Caco-2,H3K9me3,RTE-X,-0.011513315773614925,0.2637252354897724,-0.0316957431826595,0.00867849668751409
59,Caco-2,H3K9me3,ERVK,-0.008434691384986969,0.473780789375155,-0.03150404548705458,0.014643644654382303
60,Caco-2,H3K9me3,TcMar-Tc2,-0.0034670722191314234,0.7795368554071268,-0.02773681336474413,0.020806754015147453
61,Caco-2,H3K9me3,SVA,-0.013896019206711784,0.33123658012325075,-0.04190754157658235,0.014137331265964583
62,Caco-2,H3K9me3,RTE-BovB,-0.018760773327769386,0.20389862907841821,-0.04767467720767121,0.010184544221420292
63,Caco-2,H3K9me3,tRNA-RTE,0.0009116100057374194,0.9547552630613387,-0.03057261328268042,0.0323940261180382
64,Caco-2,H3K9me3,hAT-Ac,0.005885008513636726,0.7458780142461187,-0.029701042329986015,0.04145615992052288
65,Caco-2,H3K9me3,hAT,0.021489756972772805,0.26502363633163756,-0.01630644809515137,0.05922463482432388
66,Caco-2,H3K9me3,MULE-MuDR,-0.0077435621517655895,0.7103291020596307,-0.048574146855269104,0.03311285959149385
67,Caco-2,H3K9me3,PiggyBac,-0.01282654815406263,0.5582138143522171,-0.055715354842007105,0.030109505871311833
68,Caco-2,H3K9me3,5S-Deu-L2,-0.031119940466739254,0.1769538639125136,-0.07618420630195108,0.014071200104727474
69,Caco-2,H3K9me3,Helitron,-0.004533452301532076,0.8525664253881511,-0.05230417884035943,0.04325797468873728
70,Caco-2,H3K9me3,hAT-Tag1,-0.007525480185577376,0.7577693318618961,-0.055302280881470184,0.04028570284493606
71,Caco-2,H3K9me3,tRNA,0.007230060712722126,0.7793526890116583,-0.0433325141251836,0.0577556922601152
72,Caco-2,H3K9me3,Penelope,0.007016431932081034,0.8577566939926741,-0.06962965454536277,0.08358016515264376
73,Caco-2,H3K9me3,TcMar-Tc1,-0.04607073513755755,0.24081989022265402,-0.12257884923600079,0.030981721026522864
74,Caco-2,H3K9me3,Dong-R4,-0.024044856999149877,0.6198514980103305,-0.11857499283317098,0.07091721924849324
75,Caco-2,H3K9me3,tRNA-Deu,-0.0007997630696776786,0.9869932763790803,-0.09670744358370345,0.09512263260555276
76,Caco-2,H3K9me3,Kolobok,0.008093318955991002,0.8793929510349043,-0.0962247068957307,0.11223548319221988
77,Caco-2,H3K9me3,PIF-Harbinger,0.01366285645124898,0.7992333712832473,-0.09145327733089877,0.11847786618678716
78,Caco-2,H3K9me3,Crypton,-0.026812608893834265,0.6533290120097213,-0.14298380367056163,0.09008736221894244
79,Caco-2,H3K9me3,Merlin,0.032469112698390555,0.6390960413636358,-0.10308682338600686,0.16684095710550673
80,Caco-2,H3K9me3,TcMar,0.05844152485771808,0.40988912504882025,-0.0807232348416758,0.195371350582902
81,Caco-2,H3K9me3,L1-Tx1,0.06320933147771625,0.46306969032298306,-0.10579306398768135,0.22866262771887422
82,Caco-2,H3K9me3,Crypton-A,0.10117000506238102,0.25022684505999854,-0.07203838521557501,0.26845493372529994
83,Caco-2,H3K9me3,I-Jockey,-0.03133166527661941,0.7463768955398613,-0.21819221550996443,0.1577450169058282
84,Caco-2,H3K9me3,hAT-Tip100?,-0.1989468864468864,0.11502451804248279,-0.4260448749831186,0.05173659101527348
85,Caco-2,H3K9me3,TcMar-Pogo,-0.03629032258064516,0.8436818438253306,-0.380275985338872,0.3165153498715849
86,Caco-2,H3K9me3,hAT?,-0.3021390374331551,0.08746351834013617,-0.5900782846124081,0.05398989686635087
87,Caco-2,H3K9me3,hAT-hAT19,-0.2647058823529412,0.3218043958686153,-0.6773486812355178,0.27463901306008387
88,SJCRH30,H3K27ac,Alu,3.578537067632586e-05,0.9700130071507189,-0.0018299846119620678,0.0019015551041700143
89,SJCRH30,H3K27ac,L1,-0.00027503693407342314,0.8417408271207452,-0.0029748337465298168,0.0024247638878242017
90,SJCRH30,H3K27ac,MIR,-0.0014987309991736102,0.2812354890504287,-0.004224769600413476,0.0012273298772970537
91,SJCRH30,H3K27ac,L2,-0.0035386760754771082,0.03454622132006645,-0.006820001721727737,-0.0002572742239583313
92,SJCRH30,H3K27ac,ERVL-MaLR,-0.00018914586324699555,0.9248290638231376,-0.004118208171408883,0.0037399222848138918
93,SJCRH30,H3K27ac,hAT-Charlie,0.00024875107137753704,0.9070905028499117,-0.003928651974876101,0.004426145435889923
94,SJCRH30,H3K27ac,ERV1,-0.0021269159657062763,0.4877170778859178,-0.008133990376987962,0.003880311949475028
95,SJCRH30,H3K27ac,ERVL,0.00022633748345972265,0.9422324662089026,-0.0058954335364896845,0.0063480915389718074
96,SJCRH30,H3K27ac,TcMar-Tigger,-0.0007136558767563925,0.8222989205147813,-0.006941556034545916,0.005514299642323861
97,SJCRH30,H3K27ac,hAT-Tip100,0.0061531808258937165,0.1557730044370168,-0.0023433011628079046,0.014648774475061802
98,SJCRH30,H3K27ac,CR1,0.005550489712425364,0.23960042501334666,-0.0037003858519605347,0.014800415337724875
99,SJCRH30,H3K27ac,Gypsy,-0.0009828575844958425,0.9020350969127369,-0.01663152011236097,0.01466628632422847
100,SJCRH30,H3K27ac,hAT-Blackjack,0.007335689894759767,0.36819030888478355,-0.008642204562628247,0.023309839526290194
101,SJCRH30,H3K27ac,TcMar-Mariner,-0.0036734750064528073,0.654855316696743,-0.01977741884395918,0.012432374418255478
102,SJCRH30,H3K27ac,RTE-X,0.004803586249028885,0.6408700923646258,-0.015378583924914636,0.02498184389787263
103,SJCRH30,H3K27ac,ERVK,0.008838522160645674,0.4514637880739414,-0.014168254080656735,0.031835944807962376
104,SJCRH30,H3K27ac,TcMar-Tc2,-0.0195058961347634,0.11483857532824265,-0.04373165100505993,0.004742784646930222
105,SJCRH30,H3K27ac,SVA,-0.0029296217733770736,0.8379318045268793,-0.030993827043396167,0.02513919903318742
106,SJCRH30,H3K27ac,RTE-BovB,-0.022105203737184012,0.13424874883818685,-0.05100390302493317,0.006830482530021046
107,SJCRH30,H3K27ac,tRNA-RTE,0.036385052677743404,0.023514492060972395,0.004892845549040125,0.067805159171913
108,SJCRH30,H3K27ac,hAT-Ac,0.0037311025633986784,0.8371290008855411,-0.03183519507033402,0.03928796316797848
109,SJCRH30,H3K27ac,hAT,-0.013761231795268735,0.47516870112786547,-0.05149383216498713,0.0240106018312275
110,SJCRH30,H3K27ac,MULE-MuDR,-0.007984543194732699,0.7014930605614811,-0.048779202773741946,0.032836711226517844
111,SJCRH30,H3K27ac,PiggyBac,0.032015098247088286,0.14314772299058598,-0.010856633374282403,0.07476934539119055
112,SJCRH30,H3K27ac,5S-Deu-L2,0.021451907693951604,0.35192706729127543,-0.02372471889237296,0.06654109993342112
113,SJCRH30,H3K27ac,Helitron,-0.025125211440675744,0.3015086586639237,-0.07268615072073896,0.02254974091408736
114,SJCRH30,H3K27ac,hAT-Tag1,-0.009672806031362748,0.6916231341061909,-0.057415011213763786,0.038113538853221496
115,SJCRH30,H3K27ac,tRNA,0.019364107536027908,0.4527046921353446,-0.031183619035713178,0.06981303706579646
116,SJCRH30,H3K27ac,Penelope,0.046379137734360164,0.2358789067253024,-0.030377595429876288,0.12259207859986453
117,SJCRH30,H3K27ac,TcMar-Tc1,0.009301201160225776,0.8124772886631714,-0.06747362946066884,0.08596652917096388
118,SJCRH30,H3K27ac,Dong-R4,0.013164806967898146,0.7859519684194495,-0.08172806992739606,0.10782114468849523
119,SJCRH30,H3K27ac,tRNA-Deu,0.061331270736064945,0.21080895195416463,-0.034878781923445706,0.15641496872412294
120,SJCRH30,H3K27ac,Kolobok,-0.07014349100932071,0.1885696643032305,-0.17338272372760613,0.03462055423243735
121,SJCRH30,H3K27ac,PIF-Harbinger,0.054500678047421466,0.30998251743038896,-0.05084790540012934,0.15864974042525837
122,SJCRH30,H3K27ac,Crypton,0.06259602144456755,0.29399551305600136,-0.05451286767795304,0.17800621413011897
123,SJCRH30,H3K27ac,Merlin,0.032030306379316816,0.6436353767108859,-0.1035204478285075,0.16641295523662608
124,SJCRH30,H3K27ac,TcMar,0.015163627091830322,0.8299804479869326,-0.12281048493205356,0.15256267760387876
125,SJCRH30,H3K27ac,L1-Tx1,0.03575958192359892,0.6782496309171818,-0.13280524294854246,0.2023139208500058
126,SJCRH30,H3K27ac,Crypton-A,-0.09306658232680196,0.29038228685612916,-0.2607839478565234,0.08010401458843279
127,SJCRH30,H3K27ac,I-Jockey,-0.051051802427949225,0.5980577611810208,-0.23699583060012255,0.13850038319135055
128,SJCRH30,H3K27ac,hAT-Tip100?,0.17242132867132867,0.16961449222927683,-0.07644829334739757,0.40106713444382003
129,SJCRH30,H3K27ac,TcMar-Pogo,0.10703812316715541,0.5598340484356554,-0.2520001260626874,0.440174245318332
130,SJCRH30,H3K27ac,hAT?,-0.038044308632543926,0.8308479828883855,-0.37154121454348676,0.30414843315358703
131,SJCRH30,H3K27ac,hAT-hAT19,0.15,0.5792486306642535,-0.3760962642032207,0.6029604660399384
132,SJCRH30,H3K4me1,Alu,0.0008134676823529589,0.39313697580490226,-0.0010535996999437361,0.00268052939326307
133,SJCRH30,H3K4me1,L1,-0.0027974446437747094,0.04231955601040588,-0.005497855618221685,-9.69928692316396e-05
134,SJCRH30,H3K4me1,MIR,0.00039848251668018325,0.7745663486509446,-0.002328442374810558,0.003125401481855746
135,SJCRH30,H3K4me1,L2,-0.0006986472588939416,0.6764980298169623,-0.0039804378729989395,0.0025831584043584516
136,SJCRH30,H3K4me1,ERVL-MaLR,-0.0002879869558630432,0.8858268431020604,-0.0042189990651419155,0.003643034053878754
137,SJCRH30,H3K4me1,hAT-Charlie,-0.0006327088455051651,0.7666705737562711,-0.004811813894745602,0.0035464183042784843
138,SJCRH30,H3K4me1,ERV1,0.0019177963958456013,0.5318354628578343,-0.004094315078953439,0.007929769233972346
139,SJCRH30,H3K4me1,ERVL,0.0018016620952806934,0.5642297396210122,-0.004322812700550124,0.007926001735878279
140,SJCRH30,H3K4me1,TcMar-Tigger,-0.0004853433357346162,0.8786463529377007,-0.006715424220829228,0.00574477522573972
141,SJCRH30,H3K4me1,hAT-Tip100,0.004243404314990364,0.32776899333542475,-0.00425530255511361,0.012741498232897143
142,SJCRH30,H3K4me1,CR1,0.00022568410908094382,0.9618696658703559,-0.009026495093050412,0.009477824672979364
143,SJCRH30,H3K4me1,Gypsy,-0.009504254122458967,0.23398087163246833,-0.025151776218604007,0.006147923916314526
144,SJCRH30,H3K4me1,hAT-Blackjack,-0.002119575638617118,0.7949066257158993,-0.018099364118194766,0.013861295401866047
145,SJCRH30,H3K4me1,TcMar-Mariner,0.00020014875894924254,0.9805790323087669,-0.0159136685923383,0.016313862171607164
146,SJCRH30,H3K4me1,RTE-X,0.007377643525032855,0.47370838835236395,-0.012805100514764271,0.0275543785620473
147,SJCRH30,H3K4me1,ERVK,-0.00011439947746009693,0.992235356289997,-0.023151128811373007,0.02292245127861733
148,SJCRH30,H3K4me1,TcMar-Tc2,0.015524895889428788,0.20991433918683725,-0.008746281624717482,0.03977779165102891
149,SJCRH30,H3K4me1,SVA,-0.011009304811391684,0.44185717192847884,-0.039050409847997035,0.017049126334203482
150,SJCRH30,H3K4me1,RTE-BovB,-0.004456186803460427,0.7627111100577079,-0.033373515914646386,0.0244685970100708
151,SJCRH30,H3K4me1,tRNA-RTE,0.03194975157124178,0.04670354629869345,0.00045884582705703407,0.06337735240331581
152,SJCRH30,H3K4me1,hAT-Ac,0.013772703057442753,0.44809297481346355,-0.021813333379234415,0.04932388448309176
153,SJCRH30,H3K4me1,hAT,0.03047533820454466,0.11384970106547031,-0.007313434805792419,0.06817719364387959
154,SJCRH30,H3K4me1,MULE-MuDR,-0.013555582807726218,0.5150136898486233,-0.05431963981006103,0.02725358318636086
155,SJCRH30,H3K4me1,PiggyBac,-0.014979006311024539,0.4936085865289197,-0.05781064731741207,0.0279076771292309
156,SJCRH30,H3K4me1,5S-Deu-L2,-0.03916797608104224,0.08928888476920145,-0.08420866111615218,0.006032434827851523
157,SJCRH30,H3K4me1,Helitron,-0.019739985378074646,0.41696251328468215,-0.06732175210352336,0.027931368169674273
158,SJCRH30,H3K4me1,hAT-Tag1,-0.020703839008132743,0.39583975169536223,-0.0684089066430774,0.027095690208346325
159,SJCRH30,H3K4me1,tRNA,0.0003706476732479494,0.9885371220989575,-0.05015957236339971,0.05089897502879768
160,SJCRH30,H3K4me1,Penelope,-0.004420743601593071,0.910227810137578,-0.08111862807136579,0.07232918780700912
161,SJCRH30,H3K4me1,TcMar-Tc1,-0.053490504449242374,0.17217519103834564,-0.12973734714855048,0.02338521004718887
162,SJCRH30,H3K4me1,Dong-R4,-0.045146735845371454,0.3514674967716418,-0.13938476545667086,0.04990172040969974
163,SJCRH30,H3K4me1,tRNA-Deu,-0.010449087296590031,0.8313283847161677,-0.10626027329436642,0.08555434533814904
164,SJCRH30,H3K4me1,Kolobok,-0.012823647041869314,0.8099953598153511,-0.1169067824491834,0.09153812279393882
165,SJCRH30,H3K4me1,PIF-Harbinger,-0.020900019161094213,0.6972122832543408,-0.1256158470409184,0.08427638021347819
166,SJCRH30,H3K4me1,Crypton,0.05218033785260921,0.38183517153086666,-0.06489086826081736,0.16783466431468333
167,SJCRH30,H3K4me1,Merlin,-0.09082013348293375,0.18880606407505848,-0.22341730308062915,0.045077346871462254
168,SJCRH30,H3K4me1,TcMar,-0.0020729424121251495,0.9765251249563006,-0.13940457037082554,0.13533692171583625
169,SJCRH30,H3K4me1,L1-Tx1,0.05097443928080753,0.5541462718354977,-0.11785612274308307,0.21694092973581677
170,SJCRH30,H3K4me1,Crypton-A,-0.0708542358164301,0.4212798430010789,-0.23967420545890064,0.10212483005882933
171,SJCRH30,H3K4me1,I-Jockey,-0.014104346214437959,0.8842661730169925,-0.20168010679428908,0.1744694069640957
172,SJCRH30,H3K4me1,hAT-Tip100?,0.17801573426573425,0.15598039286447998,-0.07082840210652935,0.4060002435136891
173,SJCRH30,H3K4me1,TcMar-Pogo,0.16239002932551316,0.37454969254646453,-0.19978370826218167,0.48552496261003103
174,SJCRH30,H3K4me1,hAT?,-0.11932773109243698,0.5014713073205892,-0.440756898248054,0.22922546143321285
175,SJCRH30,H3K4me1,hAT-hAT19,-0.12352941176470587,0.6485420669723405,-0.5848677681002367,0.3981954146302434
176,SJCRH30,H3K9me3,Alu,-0.00034451666707102467,0.7175727186576039,-0.002211341080503284,0.001522310147668785
177,SJCRH30,H3K9me3,L1,0.000807569138258596,0.5577501609966979,-0.0018926058709945396,0.003507732371670936
178,SJCRH30,H3K9me3,MIR,0.0010884149171732798,0.43402187390730607,-0.001638388966447057,0.0038152026151406205
179,SJCRH30,H3K9me3,L2,-0.0003441140064025638,0.8371656005066513,-0.0036257759412929177,0.0029375553402428245
180,SJCRH30,H3K9me3,ERVL-MaLR,-0.003439365195382102,0.08635244278951387,-0.007369993571627702,0.00049136946027429
181,SJCRH30,H3K9me3,hAT-Charlie,-0.002213214984223213,0.29922598992664456,-0.006391784426045009,0.001965431746833022
182,SJCRH30,H3K9me3,ERV1,-0.0031865175323700294,0.2988091031372875,-0.009197397389060821,0.0028245925975493484
183,SJCRH30,H3K9me3,ERVL,-0.003949622102775849,0.20621075274341627,-0.010073405905856423,0.002174457946665316
184,SJCRH30,H3K9me3,TcMar-Tigger,-0.001595273643405532,0.6157488315524048,-0.00782501741231079,0.004634593952482804
185,SJCRH30,H3K9me3,hAT-Tip100,-0.0007468691542739127,0.8632287901940922,-0.00924420856173838,0.0077505781096611935
186,SJCRH30,H3K9me3,CR1,0.0023959181758000467,0.6117662886176007,-0.006856098069331394,0.011647524256505887
187,SJCRH30,H3K9me3,Gypsy,0.004892677147154927,0.5401180752693456,-0.010760148733503897,0.020543105818574967
188,SJCRH30,H3K9me3,hAT-Blackjack,-0.007733423513223722,0.3427776661449019,-0.023706869210272725,0.008243969776183939
189,SJCRH30,H3K9me3,TcMar-Mariner,-0.001553001854385178,0.8501444393898266,-0.017661980658337545,0.014556782997313203
190,SJCRH30,H3K9me3,RTE-X,0.002404361462171877,0.8154003835673165,-0.017779233259635208,0.02258599739726652
191,SJCRH30,H3K9me3,ERVK,-0.01823151023738028,0.12078940201960771,-0.041246531118273026,0.0048028474387803236
192,SJCRH30,H3K9me3,TcMar-Tc2,0.004574542546382075,0.71185482773178,-0.019697912738407153,0.028841608712598596
193,SJCRH30,H3K9me3,SVA,-0.00721623496858654,0.614020054924831,-0.035247428728521255,0.02082630425390782
194,SJCRH30,H3K9me3,RTE-BovB,0.019914619001363824,0.17729856670344143,-0.009021231226689271,0.04881714605748347
195,SJCRH30,H3K9me3,tRNA-RTE,-0.0036143853908246312,0.8220400932240765,-0.035097895603864795,0.0278762917870694
196,SJCRH30,H3K9me3,hAT-Ac,0.012658645585241367,0.48551450513817673,-0.022915043693496506,0.048200319855320986
197,SJCRH30,H3K9me3,hAT,0.020351560730208475,0.2910845457439913,-0.01743734398004402,0.058082406584011585
198,SJCRH30,H3K9me3,MULE-MuDR,-0.024612011395228933,0.23722947347959553,-0.06535360626527903,0.01621150323551186
199,SJCRH30,H3K9me3,PiggyBac,0.025593970998372063,0.24195310538866802,-0.01728811667127915,0.06838207525482448
200,SJCRH30,H3K9me3,5S-Deu-L2,0.03522304209723893,0.12643357532966698,-0.009967246128841638,0.08026974695265694
201,SJCRH30,H3K9me3,Helitron,0.006038887737736516,0.8039059289724324,-0.04161396819570916,0.05366433229961493
202,SJCRH30,H3K9me3,hAT-Tag1,0.052354884847815114,0.03173727349835769,0.004551786230791289,0.09991924797252058
203,SJCRH30,H3K9me3,tRNA,0.017608000710793555,0.49487484949729654,-0.03295451044216099,0.06808061198170268
204,SJCRH30,H3K9me3,Penelope,0.029425419594455833,0.4525131342665989,-0.04736428820742596,0.10586936721252582
205,SJCRH30,H3K9me3,TcMar-Tc1,-0.006425621533427281,0.8698204473520459,-0.08311046117981898,0.07033486835488288
206,SJCRH30,H3K9me3,Dong-R4,-0.02527941398799529,0.6019917124175491,-0.11979418018986557,0.06968945645584286
207,SJCRH30,H3K9me3,tRNA-Deu,0.029332861225312288,0.5498101775438295,-0.06679067845735238,0.12491692320966176
208,SJCRH30,H3K9me3,Kolobok,-0.09831417647864985,0.06464482409901609,-0.20073702975628227,0.006234762718235139
209,SJCRH30,H3K9me3,PIF-Harbinger,-0.023256793794259538,0.6650346563185234,-0.12793857033170428,0.08193746392140981
210,SJCRH30,H3K9me3,Crypton,0.12631872097700841,0.033660092520359154,0.009400247487511199,0.23982993438387495
211,SJCRH30,H3K9me3,Merlin,-0.04917185686691778,0.47742550053152844,-0.18310421968605897,0.08655251967167224
212,SJCRH30,H3K9me3,TcMar,0.11580977219024718,0.09989002779017948,-0.02271866429387676,0.2499748807780162
213,SJCRH30,H3K9me3,L1-Tx1,-0.06382539318665843,0.4587128324612938,-0.22925189519627118,0.10518466252005976
214,SJCRH30,H3K9me3,Crypton-A,-0.056211489727040535,0.5236636082500357,-0.22569200944109438,0.11657158842623429
215,SJCRH30,H3K9me3,I-Jockey,-0.08470021314058011,0.3812060601592725,-0.268840246433234,0.10541294803216279
216,SJCRH30,H3K9me3,hAT-Tip100?,0.1605332167832168,0.2014431186476159,-0.08834931233116465,0.39054944722365526
217,SJCRH30,H3K9me3,TcMar-Pogo,-0.05351906158357771,0.7711179742669981,-0.39506441882750315,0.30102508549759954
218,SJCRH30,H3K9me3,hAT?,-0.11596638655462185,0.5136847244454952,-0.4379503565215673,0.23238673691290349
219,SJCRH30,H3K9me3,hAT-hAT19,-0.19999999999999998,0.45768790507519985,-0.6361845599460967,0.3330658485106412
220,SJCRH30,H3K36me3,Alu,-0.0009188888327663869,0.33478094414425397,-0.0027861049647827704,0.0009483337066820278
221,SJCRH30,H3K36me3,L1,-0.0021910868024153803,0.11177228958932806,-0.004891500635498859,0.0005093589870388454
222,SJCRH30,H3K36me3,MIR,-0.0012606680040997793,0.36490186536938185,-0.003987680570853429,0.0014663633129737466
223,SJCRH30,H3K36me3,L2,0.0003033799522921622,0.8562243386425393,-0.0029784638345293065,0.0035852172040193144
224,SJCRH30,H3K36me3,ERVL-MaLR,0.0018738043718936432,0.3501978842355331,-0.002057444533734306,0.00580499535993537
225,SJCRH30,H3K36me3,hAT-Charlie,-0.0011538776461978376,0.5884264295782828,-0.0053332557035511985,0.003025540721623414
226,SJCRH30,H3K36me3,ERV1,-0.001313297488001484,0.6685666468103627,-0.007325612126988394,0.004699112098612879
227,SJCRH30,H3K36me3,ERVL,-0.006202437462037376,0.0471662909026691,-0.012326838942875772,-7.757064225488666e-05
228,SJCRH30,H3K36me3,TcMar-Tigger,0.002629002222812,0.4082090944743526,-0.003601294254676469,0.008859094607750851
229,SJCRH30,H3K36me3,hAT-Tip100,-0.0012357003990206299,0.7756473124095609,-0.00973355739986837,0.0072623350745312865
230,SJCRH30,H3K36me3,CR1,-0.004563967598444526,0.3336297519037986,-0.013815386477990386,0.0046882326119321496
231,SJCRH30,H3K36me3,Gypsy,-0.004335555804654016,0.5872284500555992,-0.01998668032926623,0.01131769310374267
232,SJCRH30,H3K36me3,hAT-Blackjack,-0.0032410430903267737,0.6910025744005633,-0.019219942061661853,0.01273951110986886
233,SJCRH30,H3K36me3,TcMar-Mariner,0.0064994208619613665,0.4292689741134348,-0.009616611662996509,0.022612077807754195
234,SJCRH30,H3K36me3,RTE-X,0.029325152845886424,0.004396045383522862,0.00914459601121342,0.04948183178532842
235,SJCRH30,H3K36me3,ERVK,0.01133764018026014,0.3350306523417992,-0.01171409844288921,0.034377334300253616
236,SJCRH30,H3K36me3,TcMar-Tc2,0.0009835137291502078,0.9366950122375195,-0.02328346855600862,0.025249337712702657
237,SJCRH30,H3K36me3,SVA,-0.0047527967344203,0.7398885246259048,-0.03280089783506115,0.02330278454163441
238,SJCRH30,H3K36me3,RTE-BovB,0.00509698551558022,0.729924017351136,-0.023837655041173206,0.034023093837938195
239,SJCRH30,H3K36me3,tRNA-RTE,0.02244524432965999,0.16238027368172878,-0.009048452245818336,0.053894456622440294
240,SJCRH30,H3K36me3,hAT-Ac,-0.01378116202449137,0.4475897706075527,-0.04931478080630874,0.02178729873785545
241,SJCRH30,H3K36me3,hAT,0.04284683888273492,0.02618291776578196,0.0050661345016011815,0.08050539689747761
242,SJCRH30,H3K36me3,MULE-MuDR,-0.0018779204673163334,0.928152441003787,-0.04267574767700099,0.03892615917964169
243,SJCRH30,H3K36me3,PiggyBac,-0.013666813643703096,0.5324273555284109,-0.05652256381667019,0.029239206163428073
244,SJCRH30,H3K36me3,5S-Deu-L2,0.02757942268959053,0.23161780832387552,-0.017623550092725444,0.07266988387160733
245,SJCRH30,H3K36me3,Helitron,0.037943515722734064,0.11871872029980085,-0.009745765527476743,0.08546058485987655
246,SJCRH30,H3K36me3,hAT-Tag1,-0.05312481561654713,0.029258881014644956,-0.10067042821090927,-0.00533711044532903
247,SJCRH30,H3K36me3,tRNA,-0.013188017394646898,0.6091988176042101,-0.06367705453209883,0.03736835740908877
248,SJCRH30,H3K36me3,Penelope,-0.04230094926127717,0.28042510806155346,-0.11867481859054935,0.03457050567956036
249,SJCRH30,H3K36me3,TcMar-Tc1,-0.04632191498873752,0.23681752317768692,-0.12259357112804908,0.030493694977409534
250,SJCRH30,H3K36me3,Dong-R4,-0.019191575625569498,0.6921686690191198,-0.11378005949639629,0.07574170037738621
251,SJCRH30,H3K36me3,tRNA-Deu,-0.02015197552159481,0.6812074206173471,-0.11585278471276601,0.075919543663752
252,SJCRH30,H3K36me3,Kolobok,0.017110287813452713,0.7486982065413796,-0.0874363433695925,0.12128411279530486
253,SJCRH30,H3K36me3,PIF-Harbinger,-0.14198900233028458,0.007894955042417965,-0.24384014943777874,-0.03703990408747216
254,SJCRH30,H3K36me3,Crypton,0.032213833759172326,0.5894300607958783,-0.08473199495405716,0.14828421624596713
255,SJCRH30,H3K36me3,Merlin,-0.010661013495865694,0.877653408198747,-0.1455238148718818,0.12459075508107911
256,SJCRH30,H3K36me3,TcMar,0.06274747766177098,0.3738042377083236,-0.07575131343492136,0.19887096789762893
257,SJCRH30,H3K36me3,L1-Tx1,-0.008480182766272413,0.9216541419199622,-0.17594838049469733,0.15946506783333242
258,SJCRH30,H3K36me3,Crypton-A,0.023549571408436783,0.7894761572582386,-0.148599561199305,0.19431336977960184
259,SJCRH30,H3K36me3,I-Jockey,-0.14713186915021778,0.12683216330147118,-0.3271234517958291,0.043161620927820395
260,SJCRH30,H3K36me3,hAT-Tip100?,0.28793706293706295,0.020025317862797307,0.04226762417887734,0.5007734300249472
261,SJCRH30,H3K36me3,TcMar-Pogo,-0.05865102639296187,0.7498366693306184,-0.3994442140051549,0.29638393770399696
262,SJCRH30,H3K36me3,hAT?,-0.20916730328495034,0.23514388498190114,-0.5139991789242295,0.14257105795311475
263,SJCRH30,H3K36me3,hAT-hAT19,-0.07647058823529412,0.7783409809607029,-0.5518312059137126,0.43639588116527667
264,SJCRH30,H3K27me3,Alu,0.0009553646910691934,0.3157486699060677,-0.0009110830387872686,0.002821805764674608
265,SJCRH30,H3K27me3,L1,0.0010776472208075664,0.43408728632212035,-0.0016225646009914128,0.0037778433281178674
266,SJCRH30,H3K27me3,MIR,-0.001118507945541069,0.42136004690735596,-0.0038449364587265435,0.0016079371964283762
267,SJCRH30,H3K27me3,L2,0.002991466932810178,0.07399448765416607,-0.00029019999007238653,0.0062730694241454115
268,SJCRH30,H3K27me3,ERVL-MaLR,-0.0014860164221530904,0.45866601808046525,-0.005416284461103275,0.0024442975264464665
269,SJCRH30,H3K27me3,hAT-Charlie,0.0024414322377687603,0.25212578216151643,-0.0017369872428504777,0.006619766468763701
270,SJCRH30,H3K27me3,ERV1,-0.0003338332141043903,0.9133236115386266,-0.006344946228548778,0.0056773039255508225
271,SJCRH30,H3K27me3,ERVL,-0.00359818835728679,0.2494295781218464,-0.009721160714959065,0.002525053813619299
272,SJCRH30,H3K27me3,TcMar-Tigger,0.0026122739164999467,0.41109190137688534,-0.003616606326319135,0.008840951457567003
273,SJCRH30,H3K27me3,hAT-Tip100,0.0005716208510287116,0.8951043821852599,-0.007925575658072522,0.009068734816169028
274,SJCRH30,H3K27me3,CR1,-0.001198531369001445,0.7995766491516432,-0.010450372879287987,0.008053515326481924
275,SJCRH30,H3K27me3,Gypsy,-0.008446395543640966,0.29019599962115145,-0.024094399584067564,0.007205746255088595
276,SJCRH30,H3K27me3,hAT-Blackjack,0.018616277833291943,0.022359570644037055,0.002641666421616842,0.034581390293474845
277,SJCRH30,H3K27me3,TcMar-Mariner,0.0030617799028729645,0.709528974410431,-0.01304831239365162,0.019170283062724176
278,SJCRH30,H3K27me3,RTE-X,-0.0015950839578487228,0.8769131695205266,-0.021777098514653488,0.018588230085062725
279,SJCRH30,H3K27me3,ERVK,-0.015335264427952173,0.19196387872646864,-0.03835667714506353,0.007702418537355721
280,SJCRH30,H3K27me3,TcMar-Tc2,0.00036846089477332757,0.9762585242555801,-0.02389445531214765,0.02463094329156471
281,SJCRH30,H3K27me3,SVA,0.01948462937714643,0.17336327873034643,-0.008569285650225114,0.04750789660472094
282,SJCRH30,H3K27me3,RTE-BovB,0.0285140105730211,0.053373310395916425,-0.00041999829793671625,0.057400316830880566
283,SJCRH30,H3K27me3,tRNA-RTE,0.019738281774127366,0.2192293250435157,-0.01175542767799389,0.05119286964591743
284,SJCRH30,H3K27me3,hAT-Ac,0.015033024260649416,0.40742515855330785,-0.020536057941297016,0.05056410016806027
285,SJCRH30,H3K27me3,hAT,0.04035498714922588,0.03621933218619523,0.002578981958117527,0.07801598042279241
286,SJCRH30,H3K27me3,MULE-MuDR,0.03243108428096562,0.11932610123851785,-0.008391799061575963,0.07314604656462712
287,SJCRH30,H3K27me3,PiggyBac,0.00599920494608022,0.7839564458097148,-0.03687702537491338,0.04885338828527718
288,SJCRH30,H3K27me3,5S-Deu-L2,0.020456390536467313,0.3747288368797044,-0.024719618114682,0.0655490206638317
289,SJCRH30,H3K27me3,Helitron,0.002096640913335814,0.9313237785862416,-0.04556249344478735,0.04974625254134213
290,SJCRH30,H3K27me3,hAT-Tag1,0.02986227540485301,0.22064736872647855,-0.01794157352854052,0.07752990875170034
291,SJCRH30,H3K27me3,tRNA,-0.029724175882727712,0.24914606719310345,-0.08014419710829883,0.020847562468046258
292,SJCRH30,H3K27me3,Penelope,0.00453931781042102,0.9077599924457342,-0.07215249098021612,0.08117776544688148
293,SJCRH30,H3K27me3,TcMar-Tc1,0.018475741321063614,0.6374534643537404,-0.05833851030557646,0.09507250641278323
294,SJCRH30,H3K27me3,Dong-R4,-0.03290953024505298,0.4971185380564881,-0.12732456133052708,0.062096537986497446
295,SJCRH30,H3K27me3,tRNA-Deu,0.04304869517857034,0.3799957751455503,-0.0531300180747184,0.13843606427852104
296,SJCRH30,H3K27me3,Kolobok,0.031629047817658025,0.5530870268195415,-0.0728722921260845,0.135443429770723
297,SJCRH30,H3K27me3,PIF-Harbinger,0.04147426507829158,0.4399036506420093,-0.06382865454454559,0.1458637999655379
298,SJCRH30,H3K27me3,Crypton,0.04532443815342158,0.4475590255226106,-0.0717115705893531,0.16112932261730115
299,SJCRH30,H3K27me3,Merlin,-0.08611845471335329,0.212827714615202,-0.2188834682395229,0.04977731100031668
300,SJCRH30,H3K27me3,TcMar,0.003952231151927663,0.9552601510296324,-0.13349195408770598,0.14124725367633453
301,SJCRH30,H3K27me3,L1-Tx1,0.16152951323097867,0.05933078408194512,-0.007459027042607942,0.32154807372606503
302,SJCRH30,H3K27me3,Crypton-A,0.09076847726246286,0.3025098828585552,-0.08238826452342356,0.2586055420461713
303,SJCRH30,H3K27me3,I-Jockey,-0.03896765823371329,0.6874655912672114,-0.22548568043378947,0.15030589307839612
304,SJCRH30,H3K27me3,hAT-Tip100?,0.03623251748251748,0.7744630391152448,-0.2095962145536052,0.2777531483254886
305,SJCRH30,H3K27me3,TcMar-Pogo,0.1689882697947214,0.35518309259445024,-0.19345144839369552,0.4908430409769206
306,SJCRH30,H3K27me3,hAT?,0.11627196333078686,0.5125683568639573,-0.2320995794020724,0.4382056943228236
307,SJCRH30,H3K27me3,hAT-hAT19,-0.14705882352941177,0.5867933937012053,-0.6009674550471439,0.3785742995295686
308,SJCRH30,H3K4me3,Alu,-0.0011327048164538366,0.23453574692837875,-0.003000247596202366,0.0007348458644437581
309,SJCRH30,H3K4me3,L1,0.0018274542396957106,0.18473434758383794,-0.0008730661930830445,0.004527948018093204
310,SJCRH30,H3K4me3,MIR,0.00043415547876557263,0.7550281173478633,-0.00229303622827954,0.0031613407276972327
311,SJCRH30,H3K4me3,L2,0.003364277323411195,0.04452080841711394,8.235918750550442e-05,0.006646122986924714
312,SJCRH30,H3K4me3,ERVL-MaLR,-0.0012657183959223705,0.5280526191251199,-0.0051972723987919476,0.0026658747361136847
313,SJCRH30,H3K4me3,hAT-Charlie,-0.0010598194452859028,0.6191901813048486,-0.005239285318303845,0.0031196834538159694
314,SJCRH30,H3K4me3,ERV1,-0.00046121930410470384,0.8804778256892385,-0.006473062435796682,0.005550657166793269
315,SJCRH30,H3K4me3,ERVL,0.003036407512785293,0.3312127587741581,-0.0030883552823057414,0.00916094250644363
316,SJCRH30,H3K4me3,TcMar-Tigger,0.0029367257284625445,0.3555858683495674,-0.0032938894883615985,0.009167112940954347
317,SJCRH30,H3K4me3,hAT-Tip100,0.00210068693185598,0.628046115026921,-0.006397632261127282,0.010598702705109124
318,SJCRH30,H3K4me3,CR1,-0.0016936033070886283,0.7197817807502662,-0.01094590793122502,0.007558991289266384
319,SJCRH30,H3K4me3,Gypsy,0.0022697740983699546,0.7762444649923057,-0.013382130609352547,0.017920566771230804
320,SJCRH30,H3K4me3,hAT-Blackjack,-0.0027568458834507027,0.7352882530076925,-0.018736434388029154,0.013224150661909996
321,SJCRH30,H3K4me3,TcMar-Mariner,-0.01325998029403577,0.10690469944232948,-0.02937362456555965,0.0028605540286409875
322,SJCRH30,H3K4me3,RTE-X,0.011400974849743652,0.26826110596854047,-0.008784404984236114,0.031577067106909114
323,SJCRH30,H3K4me3,ERVK,-0.01843322172245797,0.11673257202610962,-0.04144800796790126,0.004601115186188836
324,SJCRH30,H3K4me3,TcMar-Tc2,-0.0019245596335912263,0.8765187908600354,-0.026195360807913612,0.0223485091685501
325,SJCRH30,H3K4me3,SVA,-0.02417069030564303,0.09148544827234215,-0.05220893238106249,0.003905628864116662
326,SJCRH30,H3K4me3,RTE-BovB,-0.024276613499159654,0.1001050626703917,-0.05317760526394091,0.004665014160348789
327,SJCRH30,H3K4me3,tRNA-RTE,0.036263589083331875,0.02398281910861684,0.004771293777716402,0.06768402412903998
328,SJCRH30,H3K4me3,hAT-Ac,-0.005322677802500679,0.7693626472518595,-0.040882994689715006,0.030251106001029544
329,SJCRH30,H3K4me3,hAT,0.0005061870304270473,0.9790531989240506,-0.03726611975179951,0.038277049465699105
330,SJCRH30,H3K4me3,MULE-MuDR,-0.014127099913769222,0.4976396814012035,-0.05490738142072667,0.026700232816881938
331,SJCRH30,H3K4me3,PiggyBac,-0.03166495835404267,0.14786654864902563,-0.07445120251684374,0.011237653518452937
332,SJCRH30,H3K4me3,5S-Deu-L2,0.05079852175350235,0.027421875751201134,0.0056339147686370016,0.09575630217854263
333,SJCRH30,H3K4me3,Helitron,0.025813940063486262,0.2887322819722985,-0.021889550158416357,0.0734001553759206
334,SJCRH30,H3K4me3,hAT-Tag1,-0.01626579943233111,0.5047458859766303,-0.0639868529920815,0.03152947316079789
335,SJCRH30,H3K4me3,tRNA,-0.022380859776050723,0.38559269745048264,-0.07283407752373465,0.028186615413204007
336,SJCRH30,H3K4me3,Penelope,-0.0009703204132472324,0.9802560193476996,-0.0776895797476127,0.07576036294336008
337,SJCRH30,H3K4me3,TcMar-Tc1,-0.0822676981946673,0.035571362548615884,-0.15812217461648073,-0.005447920478603881
338,SJCRH30,H3K4me3,Dong-R4,-0.036567207611893214,0.45052008099167196,-0.13093153326221696,0.058453762375735935
339,SJCRH30,H3K4me3,tRNA-Deu,-0.021613073230297177,0.6594964021665154,-0.11729610310633468,0.07446753258137723
340,SJCRH30,H3K4me3,Kolobok,-0.019915192652599285,0.7092360111699076,-0.12405043744182204,0.08465395056933003
341,SJCRH30,H3K4me3,PIF-Harbinger,0.04974111401613831,0.35419627904265694,-0.05559389285549421,0.15398108496522794
342,SJCRH30,H3K4me3,Crypton,0.12143000757269543,0.04122227205227263,0.004470915756195596,0.2351116807204644
343,SJCRH30,H3K4me3,Merlin,-0.0513978248756106,0.4576920937184531,-0.1852674673543459,0.08434474838308337
344,SJCRH30,H3K4me3,TcMar,0.12313014388975146,0.08008947941206665,-0.015355350561200595,0.2569806003211299
345,SJCRH30,H3K4me3,L1-Tx1,-0.010991100943627702,0.8985663304033819,-0.1783827217981725,0.1570188099874883
346,SJCRH30,H3K4me3,Crypton-A,-0.06601513653461033,0.4537644290291353,-0.23505923315929986,0.106905252447187
347,SJCRH30,H3K4me3,I-Jockey,0.0025298860161245486,0.979170944771562,-0.1856604812339525,0.1905412276537617
348,SJCRH30,H3K4me3,hAT-Tip100?,0.08920454545454545,0.4797864547439188,-0.15861737948278118,0.32645271458963976
349,SJCRH30,H3K4me3,TcMar-Pogo,0.26099706744868034,0.1490691457623214,-0.10256243634006652,0.563045007803724
350,SJCRH30,H3K4me3,hAT?,-0.11902215431627194,0.5025755323166841,-0.4405019557098507,0.22951308154506458
351,SJCRH30,H3K4me3,hAT-hAT19,-0.09411764705882353,0.7288144270239805,-0.5643516795393834,0.4222291056157042
352,BE2C,H3K4me1,Alu,0.00025590261353112593,0.7884291371110334,-0.001613140621220948,0.00212494406038402
353,BE2C,H3K4me1,L1,0.0005744370514765109,0.6770943273554728,-0.0021291899642826187,0.0032780556694499137
354,BE2C,H3K4me1,MIR,9.19401579650317e-06,0.994730541983283,-0.002719302702856927,0.0027376905975566653
355,BE2C,H3K4me1,L2,-0.0012541641741484982,0.4540266045871182,-0.004537235036339577,0.002028933724461022
356,BE2C,H3K4me1,ERVL-MaLR,-0.0008044683920169348,0.6886927269334024,-0.004740064680401872,0.0031311528172320814
357,BE2C,H3K4me1,hAT-Charlie,0.0015275541184524958,0.474047345711868,-0.0026544736559852198,0.005709528461571693
358,BE2C,H3K4me1,ERV1,0.004594416953943727,0.13520266626852553,-0.0014334157434437698,0.010621915788636764
359,BE2C,H3K4me1,ERVL,-0.003138467422077734,0.31565511875037583,-0.0092685351489797,0.0029918361891889665
360,BE2C,H3K4me1,TcMar-Tigger,0.004742848783743108,0.13596276825308973,-0.0014918369528909767,0.010977165812433768
361,BE2C,H3K4me1,hAT-Tip100,-0.005309775685035326,0.22093223082382757,-0.013811164713956473,0.0031923809481991406
362,BE2C,H3K4me1,CR1,0.0029677394388498662,0.5296808028524214,-0.006287192104804317,0.012222162609882044
363,BE2C,H3K4me1,Gypsy,0.010314966268214144,0.196806285522004,-0.0053492142187749805,0.025974085956763784
364,BE2C,H3K4me1,hAT-Blackjack,-0.004486884488588562,0.5825589806757332,-0.02048396870197892,0.011512496548395682
365,BE2C,H3K4me1,TcMar-Mariner,-0.0003374072175386949,0.9672974088713922,-0.01646635396517885,0.015791715080231892
366,BE2C,H3K4me1,RTE-X,-0.0017979852146327506,0.8614928029580297,-0.02199275883679605,0.01839825505937846
367,BE2C,H3K4me1,ERVK,0.020280252893366997,0.08534602445702752,-0.0028257558122053482,0.04336461822860434
368,BE2C,H3K4me1,TcMar-Tc2,0.003410987357036892,0.7830781157604199,-0.02087026220848387,0.027688215448331003
369,BE2C,H3K4me1,SVA,-0.021788836099974857,0.12815314969932914,-0.0498283831950307,0.006285030695553038
370,BE2C,H3K4me1,RTE-BovB,-0.01135410853273021,0.44196263302021255,-0.040279049563836766,0.017589846318554255
371,BE2C,H3K4me1,tRNA-RTE,0.00430833024401979,0.7886709381608901,-0.027191037180210983,0.03579915029154091
372,BE2C,H3K4me1,hAT-Ac,-0.016241541488580466,0.3710020545653977,-0.051787625119909114,0.01934564359938812
373,BE2C,H3K4me1,hAT,-0.030734347826644606,0.11107441952716889,-0.06846338806467256,0.0070824784116094615
374,BE2C,H3K4me1,MULE-MuDR,-0.057314217575640994,0.005958479590362013,-0.09798114827373769,-0.01645619595196879
375,BE2C,H3K4me1,PiggyBac,-0.011506642750211819,0.5995899835475642,-0.054419482807090226,0.03144862406105173
376,BE2C,H3K4me1,5S-Deu-L2,-0.025477996687900024,0.26940313620932255,-0.07060045970193723,0.019748521391860042
377,BE2C,H3K4me1,Helitron,0.02811703395446579,0.24911081734637266,-0.01971491383425329,0.07582056797316064
378,BE2C,H3K4me1,hAT-Tag1,-0.05976229446696924,0.014289913763832107,-0.10732236632900459,-0.011929336847682076
379,BE2C,H3K4me1,tRNA,0.005835846633516148,0.8211540030026419,-0.04474068165540491,0.05638253550201571
380,BE2C,H3K4me1,Penelope,-0.008799482504661804,0.8226880288378343,-0.0855859625471739,0.0680909123861373
381,BE2C,H3K4me1,TcMar-Tc1,-0.015158808594416033,0.6992382987787695,-0.09184017862888179,0.06170128658348823
382,BE2C,H3K4me1,Dong-R4,-0.04406883259791995,0.36309747993035657,-0.13832329646610494,0.050976746301482266
383,BE2C,H3K4me1,tRNA-Deu,-0.01700410479320862,0.7288664863938001,-0.11274218868986384,0.0790467998507257
384,BE2C,H3K4me1,Kolobok,0.0159789523165215,0.7641589469535304,-0.0882625133612043,0.11987421926450524
385,BE2C,H3K4me1,PIF-Harbinger,-0.11160189606258791,0.03716654704748735,-0.21438644852671798,-0.00637273909620397
386,BE2C,H3K4me1,Crypton,0.026308039242639133,0.6594394558731762,-0.09058738913040257,0.14248839623765677
387,BE2C,H3K4me1,Merlin,0.026323269318292312,0.7038251250628673,-0.10915657335397377,0.16084297884946533
388,BE2C,H3K4me1,TcMar,-0.09528460991687972,0.17845389827848643,-0.23093690893597413,0.04400138348076601
389,BE2C,H3K4me1,L1-Tx1,-0.029430948004465513,0.7328039461807192,-0.19621334487560588,0.13900645395210404
390,BE2C,H3K4me1,Crypton-A,-0.02093384206691258,0.8124020063864685,-0.19178902830143804,0.1511528736468227
391,BE2C,H3K4me1,I-Jockey,0.012454823463997776,0.8977232065763646,-0.17606651935847994,0.20009487189381628
392,BE2C,H3K4me1,hAT-Tip100?,-0.05635560675883256,0.6608786671378898,-0.30011544118636246,0.19431316084510164
393,BE2C,H3K4me1,TcMar-Pogo,0.1854838709677419,0.3094562398451983,-0.1775164950954454,0.5040563080291509
394,BE2C,H3K4me1,hAT?,0.15842245989304815,0.37855789296625,-0.1976721987830893,0.47758051854986167
395,BE2C,H3K4me1,hAT-hAT19,0.011764705882352941,0.9655081698956276,-0.48679378978142623,0.5045417383784665
396,BE2C,H3K9me3,Alu,0.0016329951368474688,0.08671379201945012,-0.0002354385324892487,0.0035014174045063786
397,BE2C,H3K9me3,L1,0.0014036191092952454,0.30882682684506046,-0.0012996146004279196,0.004106832305317613
398,BE2C,H3K9me3,MIR,0.0018172200125589786,0.19172412631956948,-0.0009110084832799825,0.004545421456601176
399,BE2C,H3K9me3,L2,-0.0026515332011091707,0.11342240752107183,-0.005934442001076886,0.0006314327540015433
400,BE2C,H3K9me3,ERVL-MaLR,0.0002646600692533746,0.89512626216167,-0.00367040712675876,0.004199719068889962
401,BE2C,H3K9me3,hAT-Charlie,0.0010660270423143538,0.6173310060356698,-0.00311575843777761,0.005247775238763428
402,BE2C,H3K9me3,ERV1,-0.0033003986841314147,0.28302959517152826,-0.00932574008385895,0.002725182367963569
403,BE2C,H3K9me3,ERVL,-1.2170207225062422e-05,0.9968952461014637,-0.006142070894985363,0.006117731395143058
404,BE2C,H3K9me3,TcMar-Tigger,-0.0060389940761357815,0.05761561953354122,-0.012272722340742783,0.0001952035839182545
405,BE2C,H3K9me3,hAT-Tip100,0.0051119891232496405,0.23860562036464608,-0.003390006372739788,0.013613245634861796
406,BE2C,H3K9me3,CR1,0.005070742590851903,0.28286861158409166,-0.004183942215695148,0.014324558846585305
407,BE2C,H3K9me3,Gypsy,-0.0056531073492757135,0.4793452710078836,-0.021314244879921704,0.010010803850310335
408,BE2C,H3K9me3,hAT-Blackjack,0.0004373994954060874,0.9572654430597953,-0.015560118418615081,0.016434693533452886
409,BE2C,H3K9me3,TcMar-Mariner,0.001225767673933057,0.8815793607514737,-0.014900838852807304,0.017351736660403374
410,BE2C,H3K9me3,RTE-X,0.005040221400771447,0.6246977961492497,-0.015152717674487464,0.025229050859335807
411,BE2C,H3K9me3,ERVK,0.0012962464187506254,0.9124625896189824,-0.02181154289547557,0.02440265150036471
412,BE2C,H3K9me3,TcMar-Tc2,-0.0012460836528798128,0.9198637263072436,-0.025517323671284377,0.023026624575157535
413,BE2C,H3K9me3,SVA,-0.012714494429316834,0.3743424028371911,-0.04074766739228881,0.015338679619199803
414,BE2C,H3K9me3,RTE-BovB,0.005191017573668452,0.7251702901010365,-0.023746833930861116,0.03412017754677727
415,BE2C,H3K9me3,tRNA-RTE,0.006366542011243412,0.6920779513395925,-0.025138417366109413,0.037858867563367975
416,BE2C,H3K9me3,hAT-Ac,-0.029526121216457035,0.10388518718694069,-0.0650450459767277,0.006067525368328591
417,BE2C,H3K9me3,hAT,-0.024904509383814524,0.19660746177551042,-0.06264404489306657,0.012906145541948185
418,BE2C,H3K9me3,MULE-MuDR,0.026582570304728027,0.20242792694948042,-0.014303266833068541,0.06737966403861839
419,BE2C,H3K9me3,PiggyBac,-0.00596867543824726,0.7854811661573294,-0.04891544690207214,0.037000125654859245
420,BE2C,H3K9me3,5S-Deu-L2,0.0023842691957665983,0.9176944416026271,-0.04281685861335107,0.04757565624821277
421,BE2C,H3K9me3,Helitron,-0.029447641882546175,0.22685004526988392,-0.0770888497437757,0.018327732496785848
422,BE2C,H3K9me3,hAT-Tag1,0.01129767594210088,0.6435528781433184,-0.03654806132768859,0.05909173687403235
423,BE2C,H3K9me3,tRNA,-0.022427704821849748,0.3850737450689399,-0.07293104196938721,0.028190357552793983
424,BE2C,H3K9me3,Penelope,0.010721491546529613,0.7845007999945317,-0.06606007283547997,0.08737683408662855
425,BE2C,H3K9me3,TcMar-Tc1,0.014185412528466943,0.7176976060969333,-0.06267057998422626,0.09087415404536198
426,BE2C,H3K9me3,Dong-R4,-0.029605950025955598,0.5413085966304874,-0.12406516535667435,0.06538502634331476
427,BE2C,H3K9me3,tRNA-Deu,-0.04941229532004266,0.3135373828080227,-0.14469934538987084,0.04678281267217758
428,BE2C,H3K9me3,Kolobok,-0.028180949191049503,0.5966651657932746,-0.13190253804961338,0.07615104358897372
429,BE2C,H3K9me3,PIF-Harbinger,-0.012377971772222569,0.8177663278600511,-0.11720974096280352,0.09272660760490055
430,BE2C,H3K9me3,Crypton,0.10713872078372932,0.07193042848148154,-0.009914066138229559,0.22129501757316963
431,BE2C,H3K9me3,Merlin,-0.06958497353544404,0.3144176481848969,-0.202905608628335,0.06626858370732344
432,BE2C,H3K9me3,TcMar,0.09540209289939935,0.1779166803441341,-0.04388382850554627,0.23104988032365908
433,BE2C,H3K9me3,L1-Tx1,-0.08177052402667903,0.34215196709231166,-0.246376447535564,0.0874206554062737
434,BE2C,H3K9me3,Crypton-A,0.017530724811358134,0.8424657073288068,-0.15447221573526998,0.18850227496988253
435,BE2C,H3K9me3,I-Jockey,-0.03107218978778612,0.7484069376511806,-0.21794410440994133,0.15799752072311035
436,BE2C,H3K9me3,hAT-Tip100?,0.03936251920122887,0.7593818470841357,-0.21054865954838717,0.2844444088430291
437,BE2C,H3K9me3,TcMar-Pogo,0.05791788856304985,0.7528662170989002,-0.29704772346248504,0.3988192369269785
438,BE2C,H3K9me3,hAT?,0.24866310160427807,0.16289160311580747,-0.10890735377564406,0.5492562354230587
439,BE2C,H3K9me3,hAT-hAT19,0.023529411764705882,0.931073583667659,-0.4778062677491202,0.5133038022421272
440,BE2C,H3K36me3,Alu,-0.0005488891261873563,0.5647931470839581,-0.0024174526486342492,0.001319678229193857
441,BE2C,H3K36me3,L1,0.0021165480994513285,0.12492862801040125,-0.0005870071812507159,0.0048200724397749
442,BE2C,H3K36me3,MIR,-0.0015482640902615395,0.2659969431175957,-0.004276342529874117,0.0011798373952393681
443,BE2C,H3K36me3,L2,-0.0022702637846886667,0.17531146521851962,-0.005553278030361151,0.00101279940060054
444,BE2C,H3K36me3,ERVL-MaLR,-0.0015842001595228982,0.43008146700873995,-0.005519223595594016,0.0023508723380908526
445,BE2C,H3K36me3,hAT-Charlie,0.003882207303278422,0.06881793035838753,-0.0002994599853112721,0.00806373882302614
446,BE2C,H3K36me3,ERV1,-0.002658018583271473,0.38736637516079986,-0.00868468231344647,0.0033688382365159378
447,BE2C,H3K36me3,ERVL,-0.0006348287867831143,0.8391584159174347,-0.0067649140960244995,0.005495304233972451
448,BE2C,H3K36me3,TcMar-Tigger,-9.808721638120848e-05,0.975399591090446,-0.006332342979524603,0.006136176171276282
449,BE2C,H3K36me3,hAT-Tip100,0.0012702462455231218,0.7696491190323579,-0.007231547917366831,0.009771856784005219
450,BE2C,H3K36me3,CR1,0.005202662515076943,0.2705275006801457,-0.004051921014460787,0.014456354918142575
451,BE2C,H3K36me3,Gypsy,0.01720820995158435,0.03129636183916164,0.0015440669885797948,0.032863910368201604
452,BE2C,H3K36me3,hAT-Blackjack,-0.004411480222683066,0.5888622736766429,-0.020406460628928886,0.011585757806992142
453,BE2C,H3K36me3,TcMar-Mariner,-0.009772384378789523,0.23507654074677348,-0.025898815167304565,0.006359131345198573
454,BE2C,H3K36me3,RTE-X,0.0034155535526702156,0.7402843049876515,-0.016779074613065922,0.023607396187539813
455,BE2C,H3K36me3,ERVK,-0.023700237525463807,0.04434390104206507,-0.04677857104814074,-0.0005966161933690158
456,BE2C,H3K36me3,TcMar-Tc2,-0.009229754655806062,0.4563232140915675,-0.03350407646506743,0.015055450088206065
457,BE2C,H3K36me3,SVA,0.006977501615348056,0.6259336491970726,-0.021076407805809695,0.035020431907993005
458,BE2C,H3K36me3,RTE-BovB,-0.02014950445437891,0.17233553497462273,-0.04905792540955704,0.008792647244105466
459,BE2C,H3K36me3,tRNA-RTE,0.020462074858505982,0.20296575444417028,-0.011043869389181978,0.05192743212895942
460,BE2C,H3K36me3,hAT-Ac,0.014917368254109806,0.4115058855511211,-0.020686848444080513,0.05048379637447669
461,BE2C,H3K36me3,hAT,0.012096195030314784,0.5305152297233232,-0.025702561709433126,0.0498604135189364
462,BE2C,H3K36me3,MULE-MuDR,-0.009971566524959084,0.6326705283502204,-0.050823838636129354,0.030914019297105022
463,BE2C,H3K36me3,PiggyBac,-0.00985246504190376,0.6530605868146879,-0.05276948996369604,0.03310088806804965
464,BE2C,H3K36me3,5S-Deu-L2,-0.004094129490964231,0.8591571830529244,-0.049281649198169825,0.041110116389167534
465,BE2C,H3K36me3,Helitron,-0.0018646538630251648,0.93906944041722,-0.04964208380927126,0.04592129045653603
466,BE2C,H3K36me3,hAT-Tag1,-0.03189152287358484,0.1913748119063147,-0.07960668226540948,0.01596944575906675
467,BE2C,H3K36me3,tRNA,0.0057157873782815284,0.8248305026345581,-0.04487732971054391,0.05627965944117444
468,BE2C,H3K36me3,Penelope,0.011037045016304632,0.7783212823155814,-0.0657459840703246,0.08769013775977462
469,BE2C,H3K36me3,TcMar-Tc1,-0.048667305442381154,0.2149457027584899,-0.12508741443307658,0.028326870671228185
470,BE2C,H3K36me3,Dong-R4,-0.02144051724664564,0.6582587334106533,-0.11600237444054316,0.07350651872262548
471,BE2C,H3K36me3,tRNA-Deu,-0.038752648932791726,0.4293969229607366,-0.1342044956927498,0.05741169392951438
472,BE2C,H3K36me3,Kolobok,-0.04969306579156735,0.3505289250760295,-0.1530527565605849,0.05474209297809231
473,BE2C,H3K36me3,PIF-Harbinger,-0.11016132339048602,0.03969929140218714,-0.21298653551422178,-0.0049226703924964595
474,BE2C,H3K36me3,Crypton,0.027718239941441063,0.6424196414471166,-0.08918977387558831,0.1438728803457176
475,BE2C,H3K36me3,Merlin,-0.04505333700463618,0.5151236154334013,-0.17909917257046767,0.09063473002851975
476,BE2C,H3K36me3,TcMar,0.03942108228545459,0.5784701980338539,-0.09957013282164567,0.17690337094038755
477,BE2C,H3K36me3,L1-Tx1,-0.06958230317135686,0.41911505248314174,-0.23475400436633187,0.09949472012849601
478,BE2C,H3K36me3,Crypton-A,0.038760838262871924,0.6602620247404337,-0.13371713981667466,0.20895970030738625
479,BE2C,H3K36me3,I-Jockey,0.0029932351033268466,0.9753572030262327,-0.1852131794424538,0.19098783572125558
480,BE2C,H3K36me3,hAT-Tip100?,-0.03379416282642089,0.792599456495369,-0.27928787240774516,0.21584644671090913
481,BE2C,H3K36me3,TcMar-Pogo,0.08174486803519061,0.6564883574752143,-0.27534299588003247,0.4190106332217752
482,BE2C,H3K36me3,hAT?,0.2162433155080214,0.2267821191339349,-0.1413336431698387,0.523906934101117
483,BE2C,H3K36me3,hAT-hAT19,0.16764705882352943,0.5348568245819433,-0.36110646855831324,0.6148281337779065
484,BE2C,H3K27me3,Alu,0.0011863771545903856,0.21331761414947953,-0.0006820584181086547,0.0030548044439070252
485,BE2C,H3K27me3,L1,-0.0013334118597271695,0.33368592064970004,-0.004036813667746994,0.0013700094386325209
486,BE2C,H3K27me3,MIR,0.0008296981692258818,0.5510985989401045,-0.0018982640525528746,0.003557648042193067
487,BE2C,H3K27me3,L2,0.0024745554235132625,0.13958512219014466,-0.0008084108579025972,0.005757468364607687
488,BE2C,H3K27me3,ERVL-MaLR,4.557642306268559e-05,0.9818886919698347,-0.0038893765514826564,0.003980527986211087
489,BE2C,H3K27me3,hAT-Charlie,-0.0010187359231188593,0.6329752337073111,-0.005199857202574863,0.0031624209753022426
490,BE2C,H3K27me3,ERV1,0.0017380938993807268,0.5718175338532939,-0.004287266687865959,0.007763328285995007
491,BE2C,H3K27me3,ERVL,0.005187724508216553,0.09715982771848562,-0.0009419780274640686,0.011317037218825564
492,BE2C,H3K27me3,TcMar-Tigger,0.008022301469449478,0.011656743397426703,0.0017886616625288438,0.014255317833164737
493,BE2C,H3K27me3,hAT-Tip100,-0.010455244871229829,0.015939394806210493,-0.01895566480416077,-0.0019533135722813863
494,BE2C,H3K27me3,CR1,0.0030496311216243206,0.5183762130511778,-0.006205097666503084,0.012303837532538848
495,BE2C,H3K27me3,Gypsy,-0.0018166134690083416,0.8201860805947119,-0.017479028729366533,0.013846693116460447
496,BE2C,H3K27me3,hAT-Blackjack,-0.005935881803222565,0.46708466453271646,-0.0219308156442406,0.010062089968875133
497,BE2C,H3K27me3,TcMar-Mariner,-0.011199150524965408,0.17354869546259027,-0.027323210515311662,0.004930735529438288
498,BE2C,H3K27me3,RTE-X,-0.012411486665540108,0.22832063750895432,-0.03259536399610169,0.0077825098977173275
499,BE2C,H3K27me3,ERVK,-0.009417158466378759,0.4244151795756981,-0.032514511285065946,0.013690247493753999
500,BE2C,H3K27me3,TcMar-Tc2,0.03874111521883893,0.0017510118591377141,0.0144773501714636,0.0629592814180811
501,BE2C,H3K27me3,SVA,0.0003615980258120727,0.9798505538594127,-0.027693873605557275,0.02841650043418205
502,BE2C,H3K27me3,RTE-BovB,-0.01069865379643201,0.4687139092221645,-0.03962130588244689,0.018241910696801037
503,BE2C,H3K27me3,tRNA-RTE,-0.016874380884212968,0.2937703501207448,-0.048346456678821884,0.014631167858235693
504,BE2C,H3K27me3,hAT-Ac,-0.014360321745388782,0.42911523620155156,-0.049922030239591395,0.02123775252466419
505,BE2C,H3K27me3,hAT,0.0007313599472373153,0.9697502188390328,-0.03705529692051553,0.03851592841185264
506,BE2C,H3K27me3,MULE-MuDR,0.006520392357238679,0.7546815829188696,-0.03437006464762288,0.047389055480563415
507,BE2C,H3K27me3,PiggyBac,-0.029739774981915632,0.17494667375115497,-0.07261539967379431,0.013245568958423444
508,BE2C,H3K27me3,5S-Deu-L2,-0.011513801090242819,0.6178420695269851,-0.05669425699622869,0.03371371565277353
509,BE2C,H3K27me3,Helitron,-0.0133166110535706,0.5852298140055048,-0.06107586824425315,0.03450348326795523
510,BE2C,H3K27me3,hAT-Tag1,0.03160805694384259,0.19535332390844348,-0.01625290880738206,0.07932450817119042
511,BE2C,H3K27me3,tRNA,-0.04542385063562737,0.07842927761479206,-0.09580938251051,0.005193858290517872
512,BE2C,H3K27me3,Penelope,0.005022351093577091,0.8980734789497665,-0.0717307969219134,0.08171636940443339
513,BE2C,H3K27me3,TcMar-Tc1,0.029493362851473193,0.45216498598760435,-0.04741454650679248,0.10605365057992916
514,BE2C,H3K27me3,Dong-R4,-0.005923608304276635,0.9027475630638457,-0.10065472464766621,0.08891394796860874
515,BE2C,H3K27me3,tRNA-Deu,-0.018860278064528335,0.7006236065421101,-0.11457655279870962,0.07720295360876964
516,BE2C,H3K27me3,Kolobok,-0.11038788477446265,0.03762755697095729,-0.2123430506963662,-0.006055302777188758
517,BE2C,H3K27me3,PIF-Harbinger,-0.018375558820065172,0.732289862859137,-0.12312690571119483,0.08678074810226086
518,BE2C,H3K27me3,Crypton,0.061404485243083146,0.30329970595880473,-0.05570106021303099,0.1768435474641671
519,BE2C,H3K27me3,Merlin,-0.03226280346831658,0.6412285976657737,-0.166639732427625,0.10329070111792907
520,BE2C,H3K27me3,TcMar,0.14809431888947702,0.03589740057927459,0.009140993321877957,0.28143669387969067
521,BE2C,H3K27me3,L1-Tx1,0.05075741754243018,0.5558366546419332,-0.11806975876497972,0.21673268545274435
522,BE2C,H3K27me3,Crypton-A,0.09204164348277616,0.29575057616379574,-0.08112294499190204,0.2598125544234187
523,BE2C,H3K27me3,I-Jockey,-0.07394124733574275,0.4447980095494982,-0.2586909852168748,0.11602719863899497
524,BE2C,H3K27me3,hAT-Tip100?,-0.016081029185867898,0.9004512810959208,-0.26281421567449187,0.23262627144670284
525,BE2C,H3K27me3,TcMar-Pogo,0.1722873900293255,0.345729127390594,-0.19027643796020388,0.49349505855680365
526,BE2C,H3K27me3,hAT?,0.0822192513368984,0.6492002448128057,-0.2692340169965198,0.41434738344303346
527,BE2C,H3K27me3,hAT-hAT19,0.0588235294117647,0.8286807500332258,-0.4503782872629288,0.5391508970621227
528,SJSA1,H3K27ac,Alu,0.0012047129350686613,0.20515601373375153,-0.0006589012124922598,0.003068318714579963
529,SJSA1,H3K27ac,L1,0.0026289875860403007,0.05592612729895861,-6.65033206362914e-05,0.005324440290275365
530,SJSA1,H3K27ac,MIR,-0.0005657896684285403,0.6842099112783777,-0.0032922584873010608,0.002160687562217243
531,SJSA1,H3K27ac,L2,-0.004984376605263252,0.002900481533300906,-0.008264626756196969,-0.0017040191839629787
532,SJSA1,H3K27ac,ERVL-MaLR,0.0013717864443350007,0.49343629067495076,-0.0025540931159270083,0.00529762371957255
533,SJSA1,H3K27ac,hAT-Charlie,-0.0021051090077071535,0.32314689117975437,-0.006281044267205461,0.0020708996730218073
534,SJSA1,H3K27ac,ERV1,0.0026480574843047253,0.38595377197698255,-0.0033383784943689207,0.00863430366859103
535,SJSA1,H3K27ac,ERVL,-0.0019540992245405,0.5313466323439,-0.008072578699945362,0.004164526561422343
536,SJSA1,H3K27ac,TcMar-Tigger,-0.002227752922529973,0.4830082057367372,-0.008452086571294645,0.0039967533485536265
537,SJSA1,H3K27ac,hAT-Tip100,0.0011007691484608304,0.7995729503507647,-0.007396459926824961,0.009597839269073769
538,SJSA1,H3K27ac,CR1,-0.0035904621158674124,0.4465872420973387,-0.012835738407120432,0.0056554280145102226
539,SJSA1,H3K27ac,Gypsy,-0.013906505974644403,0.0815116540386907,-0.029547254040012745,0.0017410503496364295
540,SJSA1,H3K27ac,hAT-Blackjack,-0.0013309159293609255,0.870227386674547,-0.01729661666956083,0.014635463351401246
541,SJSA1,H3K27ac,TcMar-Mariner,-0.0036011693232991244,0.6610920792127932,-0.019698618625361455,0.012498146546079664
542,SJSA1,H3K27ac,RTE-X,0.012114159186838662,0.23928723049787956,-0.008063768174919838,0.032282225392735314
543,SJSA1,H3K27ac,ERVK,-0.003727132597011307,0.7487521252827346,-0.026529792301526602,0.01907940374964001
544,SJSA1,H3K27ac,TcMar-Tc2,-0.02957022140964752,0.016875699697596145,-0.05379405359312986,-0.005311605720700261
545,SJSA1,H3K27ac,SVA,0.004186041079045191,0.7689217153220977,-0.023737927016271074,0.032103482471548525
546,SJSA1,H3K27ac,RTE-BovB,-0.01676303972928433,0.25592422636814516,-0.04565812885992322,0.01216007622887567
547,SJSA1,H3K27ac,tRNA-RTE,-0.000681345970633505,0.9661843794290306,-0.03217212532173726,0.030810784778694752
548,SJSA1,H3K27ac,hAT-Ac,0.012959459413126,0.47476875210476543,-0.022579306760683305,0.04846551452861987
549,SJSA1,H3K27ac,hAT,0.005942113308868312,0.757958279401254,-0.0318439762739919,0.04371124174651783
550,SJSA1,H3K27ac,MULE-MuDR,0.032497598060115644,0.11864977123227892,-0.008334123898312977,0.07322113097045914
551,SJSA1,H3K27ac,PiggyBac,0.019174890900768043,0.38002912555036694,-0.02364321563897463,0.061922776812923734
552,SJSA1,H3K27ac,5S-Deu-L2,-0.016324540370458326,0.47862178238383424,-0.061418770485408905,0.028836196951411347
553,SJSA1,H3K27ac,Helitron,-0.021073284805936628,0.3859138824396766,-0.06862203103682797,0.026570983747184425
554,SJSA1,H3K27ac,hAT-Tag1,-0.021354105687858508,0.38102526499636935,-0.06904256650182136,0.02643172439429452
555,SJSA1,H3K27ac,tRNA,0.007211301882047909,0.779839031713682,-0.043334423283206504,0.05772020409389748
556,SJSA1,H3K27ac,Penelope,0.03623285064238829,0.35342577800021924,-0.04033664368561505,0.11237927876081887
557,SJSA1,H3K27ac,TcMar-Tc1,-0.020146079254608654,0.607338690497387,-0.09672932798073813,0.05667431073389618
558,SJSA1,H3K27ac,Dong-R4,0.06524517362800877,0.17788651173553668,-0.02982650150276127,0.15914692932821545
559,SJSA1,H3K27ac,tRNA-Deu,0.010537812937602038,0.8299178776099061,-0.08546630322024057,0.10634805022572698
560,SJSA1,H3K27ac,Kolobok,-0.14575771439196078,0.006006929487316566,-0.246772050673546,-0.04160994314858914
561,SJSA1,H3K27ac,PIF-Harbinger,-0.0059291294987568275,0.9121168397664562,-0.11084114336428087,0.0991135698344813
562,SJSA1,H3K27ac,Crypton,0.022320721254023637,0.7084955901537862,-0.09453725462807476,0.13857194607819834
563,SJSA1,H3K27ac,Merlin,0.029604962792757733,0.6682141893912881,-0.10559451646749897,0.1637298105149832
564,SJSA1,H3K27ac,TcMar,-0.17068817304276265,0.014899641280373153,-0.30222964760558413,-0.03276749546170374
565,SJSA1,H3K27ac,L1-Tx1,0.06877022182775124,0.4245772331425647,-0.1002978606067302,0.2339783491332561
566,SJSA1,H3K27ac,Crypton-A,0.06469125719441032,0.46288878202196737,-0.1082120292554426,0.23379566790030673
567,SJSA1,H3K27ac,I-Jockey,0.15428597905662125,0.10919337699399506,-0.03595458247749291,0.33373546246114427
568,SJSA1,H3K27ac,hAT-Tip100?,-0.18328754578754577,0.1471383369090868,-0.4123413231889444,0.06756101471514071
569,SJSA1,H3K27ac,TcMar-Pogo,-0.009897360703812315,0.9571250985891424,-0.3573658093404456,0.3399777792931974
570,SJSA1,H3K27ac,hAT?,0.15171886936592818,0.3916939567835266,-0.19847118576036293,0.46755695711610973
571,SJSA1,H3K27ac,hAT-hAT19,-0.18529411764705883,0.4920570502059438,-0.626541278593295,0.3459033296858209
572,SJSA1,H3K9me3,Alu,0.00031844277221990656,0.7375714974547767,-0.0015442551223820568,0.002181138457058512
573,SJSA1,H3K9me3,L1,0.0011479890207941367,0.40381640168825583,-0.0015472093348587377,0.0038431706983275164
574,SJSA1,H3K9me3,MIR,0.0010139007509570343,0.46600849269598643,-0.0017120799122486595,0.0037398663456972374
575,SJSA1,H3K9me3,L2,-0.0004505719577397958,0.7877645531224623,-0.0037308580091358705,0.0028297237902446784
576,SJSA1,H3K9me3,ERVL-MaLR,-0.0016515456589317697,0.4095447402922131,-0.005576549475450687,0.0022735090446708225
577,SJSA1,H3K9me3,hAT-Charlie,-0.0030646273742498133,0.15024390274432606,-0.007239611260329683,0.0011104633514838198
578,SJSA1,H3K9me3,ERV1,0.003449164690365143,0.2586488941111455,-0.002535547523954108,0.009433629835997409
579,SJSA1,H3K9me3,ERVL,-0.005243174224558472,0.0929825977926504,-0.011360229822450487,0.0008742737913510377
580,SJSA1,H3K9me3,TcMar-Tigger,0.00235852826429873,0.4576431182308759,-0.00386528981655835,0.00858216363001935
581,SJSA1,H3K9me3,hAT-Tip100,-0.0005705044500109829,0.8952904604122544,-0.009066181516985105,0.007925254971850027
582,SJSA1,H3K9me3,CR1,-0.0008307581582410726,0.8602213929678387,-0.010077075116575082,0.008415700852676159
583,SJSA1,H3K9me3,Gypsy,-0.004560732741575444,0.5678166202081278,-0.02020579336376189,0.011086560887872186
584,SJSA1,H3K9me3,hAT-Blackjack,0.001870164576623538,0.8184081278808804,-0.014094212821055054,0.01783358876256512
585,SJSA1,H3K9me3,TcMar-Mariner,0.011234801921851455,0.17128546131939168,-0.004861324087695794,0.027325107758339597
586,SJSA1,H3K9me3,RTE-X,-0.004709037209404955,0.6473677989763066,-0.024882001556275242,0.015467760621967057
587,SJSA1,H3K9me3,ERVK,0.010153624809830324,0.3826480352275158,-0.012642384432929907,0.032939085022946145
588,SJSA1,H3K9me3,TcMar-Tc2,0.009453190497562622,0.4449008186303881,-0.014800442798843233,0.03369570643282925
589,SJSA1,H3K9me3,SVA,0.00494386322527626,0.7285330832221398,-0.022972053106389893,0.03285207600577552
590,SJSA1,H3K9me3,RTE-BovB,-0.014153578670693216,0.3375067908578233,-0.04305574115593218,0.01477225388077888
591,SJSA1,H3K9me3,tRNA-RTE,0.024416931700254586,0.1286412947770946,-0.007084672938836955,0.05587012161587892
592,SJSA1,H3K9me3,hAT-Ac,-0.006646737285710273,0.7139845592160008,-0.0421698872311387,0.02889319628509053
593,SJSA1,H3K9me3,hAT,-0.031431213576416754,0.10294500444847954,-0.06913003233720068,0.006357246318125671
594,SJSA1,H3K9me3,MULE-MuDR,0.008763160187852235,0.6740514843691088,-0.03206784761906153,0.0495649672723519
595,SJSA1,H3K9me3,PiggyBac,-0.05134545967677245,0.018617838525465932,-0.09394153853256526,-0.008561740283467758
596,SJSA1,H3K9me3,5S-Deu-L2,-0.02784408960185378,0.22679788023107086,-0.07289767651690676,0.01732290707570163
597,SJSA1,H3K9me3,Helitron,-0.03820722511093872,0.11596098986177578,-0.08569496601428638,0.00945371826183558
598,SJSA1,H3K9me3,hAT-Tag1,0.02185969649830324,0.36984992793261695,-0.025926504925357814,0.06954622437562812
599,SJSA1,H3K9me3,tRNA,-0.05447600958421173,0.034585917198231356,-0.1047541355816369,-0.003920119000445278
600,SJSA1,H3K9me3,Penelope,0.012559802104747867,0.7475866338131525,-0.063879191592561,0.0888522821813319
601,SJSA1,H3K9me3,TcMar-Tc1,-0.02613702636869282,0.5046133711890455,-0.10261072335796163,0.050643818791185444
602,SJSA1,H3K9me3,Dong-R4,0.024365664270240877,0.6151884034600519,-0.07059819824700495,0.1188918267738093
603,SJSA1,H3K9me3,tRNA-Deu,-0.027059677441236135,0.5811671035418475,-0.12267376022263779,0.06905210716587487
604,SJSA1,H3K9me3,Kolobok,-0.07446898942917218,0.16207940820376213,-0.17746805286130724,0.030143833430929003
605,SJSA1,H3K9me3,PIF-Harbinger,0.13997366854503365,0.00883314255997099,0.03500124529311528,0.24189121325502524
606,SJSA1,H3K9me3,Crypton,0.03297677695683465,0.5806399376987561,-0.08397512048811479,0.14903251629949762
607,SJSA1,H3K9me3,Merlin,0.08904914869816825,0.19653843703344698,-0.04652278192174555,0.22139990990966701
608,SJSA1,H3K9me3,TcMar,-0.11987445022862141,0.08767486337730256,-0.25354206026650716,0.018285268784235545
609,SJSA1,H3K9me3,L1-Tx1,-0.14642900066065703,0.08774410290402594,-0.30743436862693035,0.022727132530575733
610,SJSA1,H3K9me3,Crypton-A,0.0721487549293273,0.41282415941240125,-0.10084498452162598,0.2409077923018841
611,SJSA1,H3K9me3,I-Jockey,-0.025437864887406174,0.7928899111607746,-0.2125520883544131,0.16347590136289675
612,SJSA1,H3K9me3,hAT-Tip100?,-0.12458791208791208,0.32664817760924514,-0.36023699431140843,0.12600765585739146
613,SJSA1,H3K9me3,TcMar-Pogo,0.188049853372434,0.3026913240137926,-0.17502415517661318,0.5061011822623522
614,SJSA1,H3K9me3,hAT?,0.15599694423223834,0.37831869616090386,-0.19436916660120754,0.47106345993185744
615,SJSA1,H3K9me3,hAT-hAT19,-0.28529411764705886,0.28413874015956303,-0.6900142576666219,0.25533459874279396
616,SJSA1,H3K36me3,Alu,-0.0007503721672430949,0.42985657842052627,-0.0026133433664218345,0.001112604240529007
617,SJSA1,H3K36me3,L1,-0.0003019259400475087,0.8262257633239052,-0.0029973328707151078,0.0023934853777434944
618,SJSA1,H3K36me3,MIR,0.0013439581749405544,0.3338972141510671,-0.0013820365328656677,0.00406993290882393
619,SJSA1,H3K36me3,L2,-0.0018285544330549667,0.2745926262198661,-0.00510883630723024,0.0014517667931266208
620,SJSA1,H3K36me3,ERVL-MaLR,0.003053030865545662,0.12737899769069233,-0.0008720417612591754,0.006978009422549743
621,SJSA1,H3K36me3,hAT-Charlie,-0.003246641789640313,0.1274735706898317,-0.007421552602510808,0.0009283822046469251
622,SJSA1,H3K36me3,ERV1,0.0027432878017077966,0.3689633151802648,-0.0032414187503364226,0.008727797847624496
623,SJSA1,H3K36me3,ERVL,0.00166073778315555,0.5946771453374504,-0.004456838636117378,0.007778189899247783
624,SJSA1,H3K36me3,TcMar-Tigger,0.0013508003194438265,0.670547914242136,-0.004872839286246029,0.007574335283740673
625,SJSA1,H3K36me3,hAT-Tip100,-0.0010908653833201995,0.8012926196967036,-0.009585940757974596,0.007404367441889033
626,SJSA1,H3K36me3,CR1,0.002667918126082633,0.5716852197957396,-0.00657762456789335,0.011913004731710928
627,SJSA1,H3K36me3,Gypsy,0.006148295580680888,0.4411943498038078,-0.009498190035697886,0.021791771303006933
628,SJSA1,H3K36me3,hAT-Blackjack,-0.010784406001900433,0.18546018699102867,-0.026742620595311,0.005179303935295239
629,SJSA1,H3K36me3,TcMar-Mariner,0.010362074671581345,0.207034174761887,-0.0057345955996796595,0.026453376472288376
630,SJSA1,H3K36me3,RTE-X,0.003722223691888978,0.7176770925800743,-0.01645429831765072,0.023895715539310424
631,SJSA1,H3K36me3,ERVK,-0.0028318432646006796,0.8076835405366762,-0.025628897602823945,0.019968154927422887
632,SJSA1,H3K36me3,TcMar-Tc2,0.007458670156010094,0.5467332532612101,-0.016798117670044008,0.03170668342890833
633,SJSA1,H3K36me3,SVA,-0.006054701989551297,0.6707901564436204,-0.03396179378806742,0.02186182421679425
634,SJSA1,H3K36me3,RTE-BovB,-0.013378283170838876,0.3646389028060477,-0.042281556417779226,0.01554736379751966
635,SJSA1,H3K36me3,tRNA-RTE,-0.010218967977065991,0.5246569711164546,-0.04168160103303616,0.021263911669577796
636,SJSA1,H3K36me3,hAT-Ac,-0.00247209906237795,0.8915556907990914,-0.03799569592303766,0.03305773814428183
637,SJSA1,H3K36me3,hAT,0.0011361168669942107,0.953007516252413,-0.03663705937024249,0.03890605132601264
638,SJSA1,H3K36me3,MULE-MuDR,0.033912134147955804,0.10373421741210222,-0.0069545671261280325,0.07466574637367143
639,SJSA1,H3K36me3,PiggyBac,-0.003267757907914169,0.8810620298138288,-0.046046011676694226,0.039522459189964054
640,SJSA1,H3K36me3,5S-Deu-L2,-0.008883891377245578,0.6998208143762137,-0.05399961267590843,0.03626802684188081
641,SJSA1,H3K36me3,Helitron,0.028682023285699458,0.23805085343227803,-0.018980071208453495,0.07621405390320146
642,SJSA1,H3K36me3,hAT-Tag1,-0.04829048916340375,0.047484884975263236,-0.09585055352075614,-0.0005104390406202614
643,SJSA1,H3K36me3,tRNA,-0.025113047135514717,0.33026120573631257,-0.07555438919888374,0.025456492269438292
644,SJSA1,H3K36me3,Penelope,0.016725274515835647,0.6684743764988803,-0.059789253930474025,0.09304441305780144
645,SJSA1,H3K36me3,TcMar-Tc1,-0.006074038917358137,0.876791164747218,-0.08270253577814596,0.07062585966533476
646,SJSA1,H3K36me3,Dong-R4,0.05796211390110321,0.23145122164797235,-0.037107834314329284,0.15199227089808354
647,SJSA1,H3K36me3,tRNA-Deu,-0.01182417042553353,0.8095316781102705,-0.10762052746573532,0.08418972930907963
648,SJSA1,H3K36me3,Kolobok,0.01425164509558645,0.7893087866796035,-0.090122649169258,0.11831628304474476
649,SJSA1,H3K36me3,PIF-Harbinger,0.01300905157008339,0.8086503757055314,-0.09210123501986947,0.11783262125461542
650,SJSA1,H3K36me3,Crypton,0.031027327370580202,0.603220109759974,-0.08590886225484748,0.14712028423917062
651,SJSA1,H3K36me3,Merlin,0.06603622092869367,0.3386368540501543,-0.06947668903386821,0.1991561785203673
652,SJSA1,H3K36me3,TcMar,-0.049765043038899365,0.4807471863823014,-0.18628163376297238,0.08863675200683327
653,SJSA1,H3K36me3,L1-Tx1,-0.026635334643432398,0.7573543135643086,-0.19351539049287025,0.14174263240242255
654,SJSA1,H3K36me3,Crypton-A,0.0977455349142427,0.26670242945114503,-0.07544899066136275,0.26521517949653195
655,SJSA1,H3K36me3,I-Jockey,-0.05852098971365027,0.5455434537006851,-0.24409069127499697,0.13118313948472157
656,SJSA1,H3K36me3,hAT-Tip100?,0.017994505494505493,0.8877671115925736,-0.2288461777883832,0.2626609774214301
657,SJSA1,H3K36me3,TcMar-Pogo,0.19904692082111436,0.2747648111451518,-0.16430065937881003,0.5148328185120018
658,SJSA1,H3K36me3,hAT?,-0.05240641711229946,0.7684892444986764,-0.38397691894823655,0.2911360424160179
659,SJSA1,H3K36me3,hAT-hAT19,-0.2323529411764706,0.38651134990798475,-0.6570242802453357,0.30426131880301843
660,SJSA1,H3K27me3,Alu,0.00014068247651588577,0.8823493074403543,-0.0017224785910824791,0.0020038425673931217
661,SJSA1,H3K27me3,L1,-0.001462964547228765,0.28740352034497596,-0.004158249306575985,0.0012323414679188455
662,SJSA1,H3K27me3,MIR,0.0012278809654024771,0.37735484117499096,-0.0014982822498033391,0.003954025929564095
663,SJSA1,H3K27me3,L2,-0.000285839502554705,0.8643884196184888,-0.0035660724959148387,0.002994399642042681
664,SJSA1,H3K27me3,ERVL-MaLR,-0.000507727141747685,0.799873574079603,-0.004433086453841985,0.0034176478169852327
665,SJSA1,H3K27me3,hAT-Charlie,-0.0021261478145057806,0.3182741703519087,-0.006301561205913402,0.0020493397134026523
666,SJSA1,H3K27me3,ERV1,0.002814517682562836,0.35671564841110537,-0.003170859350328128,0.008799693061932071
667,SJSA1,H3K27me3,ERVL,-0.0021029856622933715,0.5004791002999466,-0.008220622188578443,0.0040148082792199405
668,SJSA1,H3K27me3,TcMar-Tigger,-0.0001738000956384503,0.95635285991055,-0.006397671427277497,0.006050084700870787
669,SJSA1,H3K27me3,hAT-Tip100,0.000571088637911314,0.8951809209159056,-0.007924431390277735,0.009066526231529943
670,SJSA1,H3K27me3,CR1,-0.007365095172998867,0.11842231933382545,-0.01660893937499203,0.0018800079436642374
671,SJSA1,H3K27me3,Gypsy,0.015696366501240684,0.04926684374973213,4.949253788885099e-05,0.03133555663043054
672,SJSA1,H3K27me3,hAT-Blackjack,0.016731149310966368,0.03996673721118563,0.0007657646373956888,0.032688006830379035
673,SJSA1,H3K27me3,TcMar-Mariner,0.014481217871038012,0.07788568443543024,-0.001617999233342645,0.030572930278009898
674,SJSA1,H3K27me3,RTE-X,0.005844567418963876,0.5702212495111727,-0.014332511342815947,0.02601688832400208
675,SJSA1,H3K27me3,ERVK,-0.007942690666454031,0.4948030432491335,-0.03073768948832624,0.01486056590086763
676,SJSA1,H3K27me3,TcMar-Tc2,-0.0010362765820016268,0.9332759864158238,-0.025290916383445612,0.023219582539272803
677,SJSA1,H3K27me3,SVA,0.011302857089365962,0.42761389158705376,-0.01662435217846283,0.03921244437846811
678,SJSA1,H3K27me3,RTE-BovB,0.00650909594346477,0.6591311925523883,-0.02241061953452989,0.03541792729395277
679,SJSA1,H3K27me3,tRNA-RTE,0.027412305113808298,0.0880170193445868,-0.004088602527464308,0.05885886292376914
680,SJSA1,H3K27me3,hAT-Ac,0.026552843031237505,0.14295287825126846,-0.008982930942894863,0.06202163479019888
681,SJSA1,H3K27me3,hAT,-0.04117787730927508,0.032613934874586956,-0.07884278172055043,-0.0033955761007494313
682,SJSA1,H3K27me3,MULE-MuDR,0.0420103738112269,0.043677811846749556,0.0011756506396592848,0.08270522755427537
683,SJSA1,H3K27me3,PiggyBac,-0.017509335231142564,0.42257477952112965,-0.06024187508500894,0.025287266669715706
684,SJSA1,H3K27me3,5S-Deu-L2,-0.0008578952142034235,0.970299970734642,-0.04599260810303194,0.04428031325717428
685,SJSA1,H3K27me3,Helitron,-0.019943765730687193,0.4120304036181156,-0.06751074557554324,0.027713671952003152
686,SJSA1,H3K27me3,hAT-Tag1,-0.01740946093106379,0.47512798228528186,-0.06511237611860617,0.030372843008699166
687,SJSA1,H3K27me3,tRNA,-0.01642849551337165,0.5242252275464077,-0.0669056344367882,0.03413252285782096
688,SJSA1,H3K27me3,Penelope,0.04471124092878245,0.2517222282241323,-0.031810165492756885,0.12071155569481852
689,SJSA1,H3K27me3,TcMar-Tc1,-0.02697630881862513,0.4910232941352999,-0.10344253012860802,0.04980691643182123
690,SJSA1,H3K27me3,Dong-R4,-0.02006721417419145,0.6788877797753334,-0.11464541518154625,0.07487150438944488
691,SJSA1,H3K27me3,tRNA-Deu,-0.07252088852161999,0.13881917399839733,-0.16739532769402068,0.0236844077280177
692,SJSA1,H3K27me3,Kolobok,-0.07655282784682894,0.1506189655200722,-0.17950503189791328,0.02805803192941287
693,SJSA1,H3K27me3,PIF-Harbinger,0.09250266331641395,0.0844204431410041,-0.012824908482118438,0.19579999435845646
694,SJSA1,H3K27me3,Crypton,-0.09349389731491983,0.11658067914881065,-0.20807050031786667,0.023613795350274854
695,SJSA1,H3K27me3,Merlin,0.10678555168161975,0.12112615741513705,-0.028757305664091654,0.23847236317245454
696,SJSA1,H3K27me3,TcMar,0.06551252105796822,0.3530736837652373,-0.07300241760141621,0.2015479214405473
697,SJSA1,H3K27me3,L1-Tx1,0.20035540229681256,0.018901531546363884,0.03208594208280124,0.35758024538098476
698,SJSA1,H3K27me3,Crypton-A,0.10134616642619798,0.2493987413974302,-0.0718628535036956,0.26862151493949715
699,SJSA1,H3K27me3,I-Jockey,-0.02648503382448337,0.784567302968283,-0.21355486842340643,0.1624583744719301
700,SJSA1,H3K27me3,hAT-Tip100?,-0.11286630036630035,0.37455346726948024,-0.3496938040350043,0.13751946423821515
701,SJSA1,H3K27me3,TcMar-Pogo,0.2067448680351906,0.25624382755029373,-0.15675318120833479,0.5209139611214356
702,SJSA1,H3K27me3,hAT?,-0.07471352177234529,0.6745266927999589,-0.4031158828128587,0.27073596225351704
703,SJSA1,H3K27me3,hAT-hAT19,-0.06470588235294117,0.8118214513105935,-0.5433955247540582,0.44573770486135694
704,SJSA1,H3K4me3,Alu,-0.0010902010865408258,0.2515804662672023,-0.0029538834551505293,0.0007734888553256225
705,SJSA1,H3K4me3,L1,-0.002240988779686271,0.10322761749013307,-0.004936583232595459,0.00045463824085729856
706,SJSA1,H3K4me3,MIR,0.00013440236776794898,0.9230280086144161,-0.0025919773099902805,0.002860780047462723
707,SJSA1,H3K4me3,L2,0.0011060942825224867,0.5087149714754104,-0.002174435744852144,0.004386600502738949
708,SJSA1,H3K4me3,ERVL-MaLR,0.0011667677454854824,0.5602215729738598,-0.002759023558721131,0.005092523085903129
709,SJSA1,H3K4me3,hAT-Charlie,0.0013926637347042817,0.5133372439484996,-0.0027832265850865857,0.00556850548425845
710,SJSA1,H3K4me3,ERV1,-0.0018301714945214273,0.5490632725123572,-0.007816826458559203,0.004156614659661143
711,SJSA1,H3K4me3,ERVL,-0.0035493300759748994,0.25553351884977527,-0.009667381632841704,0.0025689872025678804
712,SJSA1,H3K4me3,TcMar-Tigger,0.0003805163697200591,0.904636691007519,-0.005844474505792669,0.006605477754960379
713,SJSA1,H3K4me3,hAT-Tip100,-0.007242617295762664,0.09481089122916876,-0.015739077113718938,0.0012548883923883974
714,SJSA1,H3K4me3,CR1,-0.003426145076411364,0.46772891066316513,-0.012672780913364158,0.005821076677230906
715,SJSA1,H3K4me3,Gypsy,0.0049136788991040285,0.5382377726065055,-0.010733661901648607,0.02055861388856665
716,SJSA1,H3K4me3,hAT-Blackjack,0.0032367116789087727,0.6911316782639614,-0.012729519435385167,0.019201292737907542
717,SJSA1,H3K4me3,TcMar-Mariner,0.00877719809583776,0.2854016049495281,-0.007327032809812331,0.02487687727072355
718,SJSA1,H3K4me3,RTE-X,0.000808845294061107,0.9373792225576218,-0.01936775952047628,0.020984791575294183
719,SJSA1,H3K4me3,ERVK,-0.03461838087945228,0.002928428138952172,-0.05738934955185562,-0.011811411866382572
720,SJSA1,H3K4me3,TcMar-Tc2,-0.012654575294865803,0.3066832390039151,-0.03690505840016903,0.011610803293396378
721,SJSA1,H3K4me3,SVA,-0.010503559914687913,0.4609672774532202,-0.03841130409759672,0.017420556904287978
722,SJSA1,H3K4me3,RTE-BovB,-0.013684229656722394,0.3537209081960211,-0.04258392342776052,0.015238344422275665
723,SJSA1,H3K4me3,tRNA-RTE,0.003972529909773181,0.8047710392496453,-0.027522503352639442,0.03545968401968745
724,SJSA1,H3K4me3,hAT-Ac,-0.030354440391642982,0.09415489227318465,-0.06583014617154828,0.005197904747329291
725,SJSA1,H3K4me3,hAT,0.010310081146805749,0.5928579861488936,-0.02748023355157505,0.048070967832248845
726,SJSA1,H3K4me3,MULE-MuDR,-0.004226005701461776,0.8393045369609079,-0.04504602483533271,0.036608101911228964
727,SJSA1,H3K4me3,PiggyBac,-0.018514682331275147,0.39642858756230037,-0.06124422386750643,0.024282598327600536
728,SJSA1,H3K4me3,5S-Deu-L2,-0.0186992969133655,0.41701686785034886,-0.06378588127166789,0.026463466397849866
729,SJSA1,H3K4me3,Helitron,-0.052040638249920605,0.032160993871423425,-0.09943858975442019,-0.004407060780393185
730,SJSA1,H3K4me3,hAT-Tag1,-0.04477322037233908,0.06614461923428817,-0.0923529921268556,0.003010547806881503
731,SJSA1,H3K4me3,tRNA,-0.010946611128075514,0.6713278586626128,-0.061443414258447085,0.039606086614970636
732,SJSA1,H3K4me3,Penelope,0.04010178479318569,0.3043598759806984,-0.03647342396114489,0.11620882129254623
733,SJSA1,H3K4me3,TcMar-Tc1,-0.027030765659572752,0.4904815502516091,-0.1035549440763534,0.04981154292996166
734,SJSA1,H3K4me3,Dong-R4,0.03951232856147957,0.4148632589426169,-0.05551925795411049,0.1338344634602408
735,SJSA1,H3K4me3,tRNA-Deu,-0.04932586997342726,0.3143855629684474,-0.14461432096842364,0.04686905453478784
736,SJSA1,H3K4me3,Kolobok,-0.033579932826827946,0.5288609658454755,-0.13736331867084506,0.0709327368521286
737,SJSA1,H3K4me3,PIF-Harbinger,0.10372236158802234,0.05287178924253443,-0.0015545910515255184,0.20672535260602898
738,SJSA1,H3K4me3,Crypton,0.009214087764689342,0.8773557114689218,-0.10750137863940952,0.12567903390908924
739,SJSA1,H3K4me3,Merlin,0.007052369146517779,0.9186945918409866,-0.12781973755884768,0.1416683782655293
740,SJSA1,H3K4me3,TcMar,0.03421026406972579,0.6271372953850307,-0.10368801768274728,0.17081813036720903
741,SJSA1,H3K4me3,L1-Tx1,-0.06808415310642926,0.4292237266446469,-0.23332293047134378,0.10097624627625934
742,SJSA1,H3K4me3,Crypton-A,0.08803530701172735,0.3173608331943047,-0.08510315804681426,0.2560130419390282
743,SJSA1,H3K4me3,I-Jockey,0.08373644703919933,0.3866673441040137,-0.10636508962544543,0.2679323563042244
744,SJSA1,H3K4me3,hAT-Tip100?,-0.19761904761904758,0.11751881292069073,-0.4248861043387735,0.053082349513441894
745,SJSA1,H3K4me3,TcMar-Pogo,0.27089442815249265,0.13370673231613364,-0.09247931008674344,0.570593205944701
746,SJSA1,H3K4me3,hAT?,0.06799083269671503,0.7024131983622692,-0.2769084131024715,0.3973704400676227
747,SJSA1,H3K4me3,hAT-hAT19,0.19999999999999998,0.45768790507519985,-0.3330658485106412,0.6361845599460967
748,HAP-1,H3K27ac,Alu,0.0008825918868136887,0.3549919420911113,-0.000987616191426027,0.0027527937910240747
749,HAP-1,H3K27ac,L1,0.0020868504449834983,0.1302941296300737,-0.0006165942802564515,0.004790264666468613
750,HAP-1,H3K27ac,MIR,-0.00040542956732107305,0.7709338232492955,-0.003134658161074491,0.002323805066283991
751,HAP-1,H3K27ac,L2,-0.001175952441590599,0.48267362183469986,-0.004459112131030959,0.0021072325995868087
752,HAP-1,H3K27ac,ERVL-MaLR,0.00313593306785134,0.11850197540397775,-0.0008012691022306611,0.007073038015662983
753,HAP-1,H3K27ac,hAT-Charlie,-0.002041650116938346,0.33885961814416166,-0.006225476809585838,0.002142248052972464
754,HAP-1,H3K27ac,ERV1,0.0025480854641347127,0.4076229089758646,-0.0034829057403018477,0.008578891310778996
755,HAP-1,H3K27ac,ERVL,-0.0006866603527282447,0.8263124505362521,-0.0068197739277897,0.005446504880363789
756,HAP-1,H3K27ac,TcMar-Tigger,-0.0069156203467873,0.02976703853423126,-0.013152259131002438,-0.0006784435151460174
757,HAP-1,H3K27ac,hAT-Tip100,0.004371064276216552,0.3138359903720381,-0.0041348446496251665,0.01287634073974889
758,HAP-1,H3K27ac,CR1,0.0023817266003518405,0.6140347439112188,-0.006874414883427143,0.011637459985453836
759,HAP-1,H3K27ac,Gypsy,0.008016285926153357,0.3158776065758962,-0.00764932653658971,0.023677964548002556
760,HAP-1,H3K27ac,hAT-Blackjack,-0.00045837626205330915,0.9552210675301485,-0.016456730540638214,0.015540212660391947
761,HAP-1,H3K27ac,TcMar-Mariner,0.0019655908435101776,0.8113192524130234,-0.01417156144927397,0.018101719487358756
762,HAP-1,H3K27ac,RTE-X,0.010414006685029713,0.31218769484064374,-0.00978308204301056,0.03060260185181897
763,HAP-1,H3K27ac,ERVK,-0.00707234856513043,0.5487761667993651,-0.030182863055247866,0.01604572339793025
764,HAP-1,H3K27ac,TcMar-Tc2,0.002712739842938187,0.8267657779230322,-0.021579362486809372,0.027001640961642218
765,HAP-1,H3K27ac,SVA,0.0056089238279324995,0.6957661728950555,-0.022501913071231654,0.03371089868482774
766,HAP-1,H3K27ac,RTE-BovB,-0.02174556071186432,0.1409610321737238,-0.050663795486563364,0.007209107184709355
767,HAP-1,H3K27ac,tRNA-RTE,0.011865797096418244,0.4603125727266648,-0.019634113594511872,0.0433421745252471
768,HAP-1,H3K27ac,hAT-Ac,0.010985246321462165,0.5454739026376909,-0.024628456281642903,0.04657110139071716
769,HAP-1,H3K27ac,hAT,0.02897524573492278,0.1332042268533177,-0.008856134701873568,0.06672379870246256
770,HAP-1,H3K27ac,MULE-MuDR,0.007039854973650788,0.7357850617706958,-0.03384235994802279,0.04789855006731868
771,HAP-1,H3K27ac,PiggyBac,0.027761137035162583,0.20511684843563324,-0.015193241099540674,0.07061323731152501
772,HAP-1,H3K27ac,5S-Deu-L2,-0.008983786725882133,0.6970716246548476,-0.054171167177439083,0.03624031447979702
773,HAP-1,H3K27ac,Helitron,0.00908037623663168,0.7097908762472527,-0.038733435240555676,0.05685270192054992
774,HAP-1,H3K27ac,hAT-Tag1,-0.00413465671348019,0.8654855238968969,-0.0519348292753008,0.04368441783746241
775,HAP-1,H3K27ac,tRNA,-0.002922953962798005,0.9098524683521036,-0.05347805452286038,0.04764709221981962
776,HAP-1,H3K27ac,Penelope,0.021861278311191595,0.576800045667023,-0.054906185502453506,0.09837181403366196
777,HAP-1,H3K27ac,TcMar-Tc1,-0.00024205352948658093,0.9950932160225124,-0.0772612761929366,0.07678004094523767
778,HAP-1,H3K27ac,Dong-R4,0.047760029426768255,0.324260625458779,-0.047294714717676746,0.14195753921842033
779,HAP-1,H3K27ac,tRNA-Deu,0.054161663868695586,0.2692319756306689,-0.04204186613442791,0.14937009943288165
780,HAP-1,H3K27ac,Kolobok,-0.03176636914604539,0.551930942399282,-0.1357252208964522,0.07288437705313217
781,HAP-1,H3K27ac,PIF-Harbinger,-0.05701779860999183,0.28813431585873167,-0.16111736580193817,0.04833651478606198
782,HAP-1,H3K27ac,Crypton,-0.0056701874915784925,0.9243419121961091,-0.12218785220130622,0.11100164697118295
783,HAP-1,H3K27ac,Merlin,0.018843761317777825,0.7855300598579695,-0.11653327442299788,0.15353336322999797
784,HAP-1,H3K27ac,TcMar,-0.07196612331415106,0.3087712709469179,-0.2081231278663993,0.06692699358587623
785,HAP-1,H3K27ac,L1-Tx1,0.03321832737421239,0.69997485105021,-0.1352965196960395,0.19986540562557614
786,HAP-1,H3K27ac,Crypton-A,0.15916179220860183,0.0693973730169517,-0.013804200903158951,0.32287934920153094
787,HAP-1,H3K27ac,I-Jockey,0.1583263830970253,0.10011261522581237,-0.031877436128523486,0.3374636149783907
788,HAP-1,H3K27ac,hAT-Tip100?,0.18481182795698925,0.14704518828359825,-0.06811592544238292,0.415418236080366
789,HAP-1,H3K27ac,TcMar-Pogo,0.18401759530791786,0.313364121596079,-0.17893903621629784,0.5028865361152717
790,HAP-1,H3K27ac,hAT?,0.021724598930481284,0.9044829307460704,-0.32403866419906774,0.36236791465188123
791,HAP-1,H3K27ac,hAT-hAT19,0.2352941176470588,0.38035580118865675,-0.3016030461153394,0.658893235790222
792,HAP-1,H3K4me1,Alu,0.001948607973801225,0.0411558280589989,7.824286763838407e-05,0.003818959446515072
793,HAP-1,H3K4me1,L1,-0.001806193715001318,0.190437713703547,-0.004509992892910969,0.0008976318717190857
794,HAP-1,H3K4me1,MIR,-0.0025658455445127823,0.0653985369617633,-0.005295201032856453,0.00016354817254206493
795,HAP-1,H3K4me1,L2,-0.000923379248953284,0.5814828574749229,-0.004206602850252442,0.0023598642597224455
796,HAP-1,H3K4me1,ERVL-MaLR,-0.0005035109951547324,0.8020889095290196,-0.004440788312438305,0.003433781933203333
797,HAP-1,H3K4me1,hAT-Charlie,-0.0038997923352766923,0.06771567725967756,-0.008083523263563045,0.00028407512038627897
798,HAP-1,H3K4me1,ERV1,-0.002068179732953034,0.5015198673431207,-0.00809921291839589,0.003963003910184035
799,HAP-1,H3K4me1,ERVL,0.0001598794353438448,0.9592513736776946,-0.005973147926139971,0.006292894769432906
800,HAP-1,H3K4me1,TcMar-Tigger,-0.002725502108252872,0.39172061029023675,-0.008962177083033639,0.003511384898196661
801,HAP-1,H3K4me1,hAT-Tip100,0.006596517264736217,0.12848526098191235,-0.001908916394843653,0.01510099657407439
802,HAP-1,H3K4me1,CR1,0.0034526591672955267,0.4647191910191746,-0.005803427475712259,0.01270815422694824
803,HAP-1,H3K4me1,Gypsy,0.017909825127815863,0.025024764598359665,0.002245299177951934,0.0335655638578752
804,HAP-1,H3K4me1,hAT-Blackjack,0.01895254537164824,0.020229199021020015,0.002954596736631487,0.034940795189098296
805,HAP-1,H3K4me1,TcMar-Mariner,-0.0023173144967861574,0.7784226166870967,-0.018457162769766753,0.013823741169293578
806,HAP-1,H3K4me1,RTE-X,-0.010768297782466652,0.2959336310549152,-0.03095342147765396,0.009425605601144367
807,HAP-1,H3K4me1,ERVK,0.03253271823177911,0.0058385451660372765,0.009400813857692782,0.0556298226122918
808,HAP-1,H3K4me1,TcMar-Tc2,0.0008549736242801695,0.9450177605167048,-0.02343988520521665,0.02514882321541891
809,HAP-1,H3K4me1,SVA,0.0022864957368014457,0.8733341349886763,-0.025819378919850915,0.03038875844905154
810,HAP-1,H3K4me1,RTE-BovB,-0.006361618585692218,0.6667579125839032,-0.035305276256699075,0.0225927021487541
811,HAP-1,H3K4me1,tRNA-RTE,-0.001765233615787374,0.9125624537839563,-0.03326300757558603,0.029736043355481648
812,HAP-1,H3K4me1,hAT-Ac,0.006017335574199998,0.7405328005848847,-0.029592322961797618,0.041611739557157156
813,HAP-1,H3K4me1,hAT,-0.03168607298282664,0.10043511829470797,-0.06941207263325297,0.0061304283746797675
814,HAP-1,H3K4me1,MULE-MuDR,-0.035068862250270456,0.09253429933863899,-0.0758269449786108,0.005806213085257961
815,HAP-1,H3K4me1,PiggyBac,0.010771410337762664,0.6230295104294539,-0.03217271863834472,0.053675842201970574
816,HAP-1,H3K4me1,5S-Deu-L2,0.015468406862544859,0.5027879044895534,-0.029775625691742365,0.060649184466854744
817,HAP-1,H3K4me1,Helitron,0.03181386075836989,0.1921939238507445,-0.01601859363881021,0.07950103362875387
818,HAP-1,H3K4me1,hAT-Tag1,-0.0471701793507263,0.053160471264443517,-0.09479306348222272,0.0006681100145357533
819,HAP-1,H3K4me1,tRNA,-0.02023399239215846,0.43311638142364595,-0.07072968486778256,0.03036513968064538
820,HAP-1,H3K4me1,Penelope,-0.031522776827578175,0.42164712787046543,-0.10806402698385856,0.04538999164083747
821,HAP-1,H3K4me1,TcMar-Tc1,0.03320002193166543,0.3984521997898849,-0.0438945463587463,0.10990151566812242
822,HAP-1,H3K4me1,Dong-R4,0.04848590179468289,0.316952863734857,-0.04657041589751313,0.14267198681918133
823,HAP-1,H3K4me1,tRNA-Deu,0.040651377650448677,0.4071195395928845,-0.05551964438761159,0.13607504992500544
824,HAP-1,H3K4me1,Kolobok,-0.07443289613366069,0.16288218524320575,-0.17757760356784458,0.03032936806479254
825,HAP-1,H3K4me1,PIF-Harbinger,-0.05662554391120962,0.2914692559295037,-0.16073288868821498,0.04872794261626004
826,HAP-1,H3K4me1,Crypton,0.06089753304893903,0.3073166738481181,-0.05620651392402885,0.17634880440078401
827,HAP-1,H3K4me1,Merlin,0.07748093236570534,0.26251138022307824,-0.058399790626633245,0.2105429362628768
828,HAP-1,H3K4me1,TcMar,0.021898713536818017,0.7570592482363196,-0.11652092637212913,0.15948385379046667
829,HAP-1,H3K4me1,L1-Tx1,0.10705238976410208,0.21308887095409001,-0.06225471793936677,0.2703706647282667
830,HAP-1,H3K4me1,Crypton-A,0.1173021154094956,0.18209637075836485,-0.05592983865454365,0.2836780560205126
831,HAP-1,H3K4me1,I-Jockey,0.11896024464831804,0.21793300897821832,-0.0713929628199067,0.3009528855677672
832,HAP-1,H3K4me1,hAT-Tip100?,0.14496927803379417,0.25695531177583897,-0.10793625753095012,0.3802518662925738
833,HAP-1,H3K4me1,TcMar-Pogo,-0.09860703812316715,0.591319882378066,-0.43315052253526565,0.2598162154176022
834,HAP-1,H3K4me1,hAT?,0.13268716577540107,0.4616676236302907,-0.22216864957987442,0.45650288780276255
835,HAP-1,H3K4me1,hAT-hAT19,-0.10588235294117648,0.6963341050381157,-0.5726105866457505,0.4126799097165957
836,HAP-1,H3K9me3,Alu,-0.0011338313420149613,0.23458182110481351,-0.0030034155389192965,0.0007357607811967496
837,HAP-1,H3K9me3,L1,0.0003681391743486683,0.7895324562619981,-0.002335085545971689,0.0030713585143810115
838,HAP-1,H3K9me3,MIR,0.0011594526393560397,0.40499299711731873,-0.0015694835961747333,0.003888371605869661
839,HAP-1,H3K9me3,L2,0.0005787293179500375,0.7297205308836262,-0.0027043275013907205,0.00386177366171001
840,HAP-1,H3K9me3,ERVL-MaLR,0.00120803039606998,0.5475066797306023,-0.002728285140809208,0.005144308497403319
841,HAP-1,H3K9me3,hAT-Charlie,0.00445256477576268,0.0369562367080602,0.0002695026394182661,0.008635471092786721
842,HAP-1,H3K9me3,ERV1,0.001962203398840992,0.5236296029479017,-0.004068036235322239,0.007992300329527031
843,HAP-1,H3K9me3,ERVL,0.0019230085673733715,0.5387486112650812,-0.004208417423869035,0.008054289972842991
844,HAP-1,H3K9me3,TcMar-Tigger,-7.251119543405509e-05,0.9818189497737922,-0.00630888206436371,0.0061638653137581975
845,HAP-1,H3K9me3,hAT-Tip100,7.729957804658292e-05,0.9857885158146991,-0.008428100183006841,0.008582688155129537
846,HAP-1,H3K9me3,CR1,0.0002992413973773278,0.9494772401164197,-0.00895676042801429,0.009555191948890903
847,HAP-1,H3K9me3,Gypsy,-0.0015204897897943392,0.8491157842642487,-0.01718348943997901,0.014143255939827865
848,HAP-1,H3K9me3,hAT-Blackjack,0.012983912597297285,0.11169746644561337,-0.0030158621476275792,0.028977041407015222
849,HAP-1,H3K9me3,TcMar-Mariner,0.005942750151872797,0.4701243744024005,-0.010183582397207128,0.02206599225756667
850,HAP-1,H3K9me3,RTE-X,-0.006773980716754091,0.5108914802989363,-0.02696286451743206,0.013420426875793933
851,HAP-1,H3K9me3,ERVK,0.01956105953925766,0.09711788370104638,-0.003551487999914272,0.04265271933392329
852,HAP-1,H3K9me3,TcMar-Tc2,0.011603834706409242,0.349183569915137,-0.012691195655651343,0.03588517265294262
853,HAP-1,H3K9me3,SVA,-0.0007504722419760368,0.9582429948524388,-0.02883672761604039,0.02733696718432597
854,HAP-1,H3K9me3,RTE-BovB,-0.000490971026632952,0.9734951660555116,-0.02944673932757726,0.028465620593995093
855,HAP-1,H3K9me3,tRNA-RTE,-0.006092182180776792,0.7047468276777732,-0.03758892779820195,0.025416655963735563
856,HAP-1,H3K9me3,hAT-Ac,-0.018531012601819677,0.30762440631552596,-0.05408964251429419,0.017074557114131687
857,HAP-1,H3K9me3,hAT,0.0037576364686874456,0.8456341114223773,-0.03406108334749788,0.04156561042634175
858,HAP-1,H3K9me3,MULE-MuDR,0.0033142486883817606,0.8738338118308332,-0.037580713204588674,0.044198127978655494
859,HAP-1,H3K9me3,PiggyBac,0.01871005415072002,0.3931619715263568,-0.024241178259985362,0.06159234030999933
860,HAP-1,H3K9me3,5S-Deu-L2,0.016407267735035355,0.4769812537647623,-0.028813587572247164,0.06156110116527602
861,HAP-1,H3K9me3,Helitron,-0.05762869292976681,0.018059783867828978,-0.10516028939399985,-0.009834389234778284
862,HAP-1,H3K9me3,hAT-Tag1,-0.00014512114688143793,0.9952561724882457,-0.047955023677403064,0.04766544482485845
863,HAP-1,H3K9me3,tRNA,0.011698674179913195,0.6504200468481145,-0.0388889536179698,0.06222648824487844
864,HAP-1,H3K9me3,Penelope,0.013272166577783785,0.7349711610237031,-0.06352091067283246,0.08990899817672324
865,HAP-1,H3K9me3,TcMar-Tc1,0.018596180820017294,0.6365639689836193,-0.058514930813614155,0.09548669844267121
866,HAP-1,H3K9me3,Dong-R4,0.008631797166244253,0.8586781475259759,-0.08622731456509465,0.10333580917783655
867,HAP-1,H3K9me3,tRNA-Deu,0.018519259420231263,0.7057829596035536,-0.07754174445950766,0.11423957765220236
868,HAP-1,H3K9me3,Kolobok,-0.015027786126964815,0.7784335940689295,-0.11922947011048184,0.08950134043388379
869,HAP-1,H3K9me3,PIF-Harbinger,0.039907786975706155,0.4573845697044149,-0.06538783821118703,0.1443244704295214
870,HAP-1,H3K9me3,Crypton,0.012833699958178894,0.829806649211819,-0.1039240920707048,0.12924257238438666
871,HAP-1,H3K9me3,Merlin,-0.005780490811670034,0.9334791165902032,-0.14074028556443868,0.12939021347327714
872,HAP-1,H3K9me3,TcMar,0.058366965426334516,0.4093113488614316,-0.08044882974719689,0.1949617423532435
873,HAP-1,H3K9me3,L1-Tx1,-0.13219657504384486,0.12358222259502674,-0.2940812553600028,0.03706140534971483
874,HAP-1,H3K9me3,Crypton-A,0.1530388502601768,0.08096444767936896,-0.01999601231776481,0.3171723772603899
875,HAP-1,H3K9me3,I-Jockey,0.12630896117134652,0.1906192159412835,-0.06405132310058112,0.30780012469304263
876,HAP-1,H3K9me3,hAT-Tip100?,0.09065934065934066,0.4761866066738567,-0.15918835120630817,0.3295931381592069
877,HAP-1,H3K9me3,TcMar-Pogo,-0.0344574780058651,0.8514872108177871,-0.37869502562639806,0.3181550818837667
878,HAP-1,H3K9me3,hAT?,-0.03977272727272728,0.8260627489013268,-0.3780427297929327,0.3078663118727018
879,HAP-1,H3K9me3,hAT-hAT19,0.11470588235294117,0.672291046599723,-0.4054620213814055,0.5787587984690807
880,HAP-1,H3K36me3,Alu,-0.0007106729701839202,0.45623680723467486,-0.002580178941412706,0.0011588379687393657
881,HAP-1,H3K36me3,L1,0.0003827428375528276,0.7813680019809868,-0.0023201837683195026,0.0030856638509412977
882,HAP-1,H3K36me3,MIR,-0.0018355170009624914,0.18735136977052846,-0.004564101496840307,0.0008930948267657062
883,HAP-1,H3K36me3,L2,0.0007362939214124887,0.6602523718045186,-0.0025467456628399917,0.004019317633667525
884,HAP-1,H3K36me3,ERVL-MaLR,-0.0008601145691855241,0.6684242319587451,-0.004795987451138399,0.003075784961201086
885,HAP-1,H3K36me3,hAT-Charlie,0.001621905461571857,0.4472419475374816,-0.0025607133913431693,0.00580446756690458
886,HAP-1,H3K36me3,ERV1,-0.0007619898499282035,0.8043256712602969,-0.006789977301756937,0.00526605297873203
887,HAP-1,H3K36me3,ERVL,0.0010057115086968133,0.7478589610910249,-0.005126082415989172,0.007137429806952733
888,HAP-1,H3K36me3,TcMar-Tigger,0.0004572447459064452,0.8857290134427875,-0.005778735405574956,0.006693189335420241
889,HAP-1,H3K36me3,hAT-Tip100,-0.007852711497728785,0.07034117892811217,-0.016356423748123832,0.0006521366825916246
890,HAP-1,H3K36me3,CR1,0.0010061252065188431,0.8312875878942799,-0.008249621141295856,0.010261699170210083
891,HAP-1,H3K36me3,Gypsy,0.000311855618504918,0.968874458122831,-0.015351619592175214,0.015975177806571178
892,HAP-1,H3K36me3,hAT-Blackjack,0.0014788151378643671,0.8561926633121647,-0.014514151446311888,0.017471025268342467
893,HAP-1,H3K36me3,TcMar-Mariner,0.01339575048802701,0.10366497372096611,-0.002738971855958081,0.029523499983178145
894,HAP-1,H3K36me3,RTE-X,0.0033484410426085887,0.7452216620175914,-0.01684723862348411,0.02354138962044735
895,HAP-1,H3K36me3,ERVK,-0.01859535194065707,0.1147031612748799,-0.041683353846312186,0.0045124985932019366
896,HAP-1,H3K36me3,TcMar-Tc2,0.007506256416480362,0.544887842631351,-0.016793382472951965,0.0317970335641236
897,HAP-1,H3K36me3,SVA,0.014349025079843694,0.3168055927058489,-0.013747705063321495,0.04242311382354419
898,HAP-1,H3K36me3,RTE-BovB,-0.0022497410481084525,0.8789153247629321,-0.031184990780712813,0.026689276379528035
899,HAP-1,H3K36me3,tRNA-RTE,0.01658562927455775,0.3021728009308933,-0.014923931874472943,0.048062281602501526
900,HAP-1,H3K36me3,hAT-Ac,-0.003116946264013743,0.8637167454045434,-0.03869226566126308,0.03246626459528329
901,HAP-1,H3K36me3,hAT,0.01560577955240557,0.4183882596244711,-0.022195235321983628,0.05336223742615628
902,HAP-1,H3K36me3,MULE-MuDR,0.00028121580099174664,0.9892477371173456,-0.04060011297685754,0.04116160461798014
903,HAP-1,H3K36me3,PiggyBac,-0.029879687848077152,0.17240981337386463,-0.07270345083153157,0.013054045951262173
904,HAP-1,H3K36me3,5S-Deu-L2,-0.0017843497635677144,0.9383392798627078,-0.04696503687043917,0.04340362330793562
905,HAP-1,H3K36me3,Helitron,0.006929527555583645,0.7763553650377699,-0.040866387829143626,0.05469380206817924
906,HAP-1,H3K36me3,hAT-Tag1,-0.0036860771307885227,0.8799621033001086,-0.051487400519328416,0.04413209755073791
907,HAP-1,H3K36me3,tRNA,-0.002266864077205985,0.9300276778814661,-0.05282377074236689,0.04830163351713055
908,HAP-1,H3K36me3,Penelope,0.004489741484697744,0.9088327204050084,-0.0722605609364234,0.08118718464724145
909,HAP-1,H3K36me3,TcMar-Tc1,-0.06414352328235322,0.10254928384812663,-0.1404893475305685,0.012960592486621143
910,HAP-1,H3K36me3,Dong-R4,-0.03641790060189834,0.45237266372943397,-0.130784332781367,0.0586024983126873
911,HAP-1,H3K36me3,tRNA-Deu,-0.048107781937052216,0.3264996526900671,-0.14341586503134926,0.04808444170144705
912,HAP-1,H3K36me3,Kolobok,0.0012815290066518514,0.9808587080002105,-0.10311517998735154,0.10565031149644101
913,HAP-1,H3K36me3,PIF-Harbinger,-0.012715460431736152,0.8128881656375094,-0.11754285238121066,0.09239217877612892
914,HAP-1,H3K36me3,Crypton,0.027917579368172404,0.6400285312618441,-0.08899218561183568,0.14406855708938368
915,HAP-1,H3K36me3,Merlin,-0.02835953503183972,0.6821130988815008,-0.16283107894500667,0.10714635789088199
916,HAP-1,H3K36me3,TcMar,-0.055051074190372605,0.43647614568685256,-0.19174695643337214,0.08374003490905829
917,HAP-1,H3K36me3,L1-Tx1,-0.14099879006706434,0.10029025724617072,-0.3023454505909263,0.028202582815368707
918,HAP-1,H3K36me3,Crypton-A,0.0755572104080277,0.3910413083435669,-0.0974730942864227,0.24415384446287175
919,HAP-1,H3K36me3,I-Jockey,0.18000185339634883,0.06107702740315158,-0.009919423112718378,0.3573886498534718
920,HAP-1,H3K36me3,hAT-Tip100?,-0.03187403993855607,0.8041427845490922,-0.27750730150003966,0.2176707294347126
921,HAP-1,H3K36me3,TcMar-Pogo,-0.03922287390029325,0.8312237990099489,-0.38280242492728794,0.31388852495303043
922,HAP-1,H3K36me3,hAT?,-0.05080213903743316,0.7788909524183301,-0.3875514964700766,0.29790931438518187
923,HAP-1,H3K36me3,hAT-hAT19,0.18823529411764706,0.4850866091454682,-0.3433482297655295,0.6284784835567567
924,HAP-1,H3K27me3,Alu,-0.0006737153806456247,0.4800057070520488,-0.002543270881582151,0.0011958448298957937
925,HAP-1,H3K27me3,L1,0.0006197192976366461,0.6532277767845465,-0.002083761332940816,0.0033231908694228572
926,HAP-1,H3K27me3,MIR,-0.002169070092839505,0.11923205470305007,-0.004897723411555333,0.0005596155262456737
927,HAP-1,H3K27me3,L2,0.0035088857713249546,0.03619130267537975,0.00022580383156719738,0.00679189206995217
928,HAP-1,H3K27me3,ERVL-MaLR,0.0019030429276187812,0.3433230724542058,-0.0020330309211391015,0.005839057810586389
929,HAP-1,H3K27me3,hAT-Charlie,0.0002800681202941675,0.8955917695925465,-0.003902763855758448,0.004462890296178628
930,HAP-1,H3K27me3,ERV1,-0.001456187832806781,0.6359524686657054,-0.007485397906376683,0.004573128111704013
931,HAP-1,H3K27me3,ERVL,-0.0003368848070785928,0.914243972973015,-0.006468302327432125,0.005794558043266532
932,HAP-1,H3K27me3,TcMar-Tigger,-0.0031838426048033082,0.317006397444328,-0.009419918811980583,0.0030524812453769307
933,HAP-1,H3K27me3,hAT-Tip100,-0.005514150500273554,0.2037795716187192,-0.014017590885112306,0.0029900874234920732
934,HAP-1,H3K27me3,CR1,-0.001579837936466478,0.7379664950918776,-0.010835042866830178,0.007675637656589371
935,HAP-1,H3K27me3,Gypsy,-0.003313717770763611,0.6784104563618192,-0.018975675553879388,0.012349865888505595
936,HAP-1,H3K27me3,hAT-Blackjack,0.012274249032138047,0.13259031672652377,-0.0037223613530969657,0.02826457918434478
937,HAP-1,H3K27me3,TcMar-Mariner,0.0013897598498157373,0.8659223569712535,-0.01474234571320007,0.017521142088236585
938,HAP-1,H3K27me3,RTE-X,-0.0007091391578604736,0.9451261076582615,-0.020900111237025808,0.019482411135267334
939,HAP-1,H3K27me3,ERVK,-0.002373521199970616,0.8405442751404925,-0.025490530662818842,0.020746025356655613
940,HAP-1,H3K27me3,TcMar-Tc2,-0.012761591396746914,0.30309259559562757,-0.0370361423878032,0.011528011003971784
941,HAP-1,H3K27me3,SVA,-0.002675445658506666,0.8520028737991996,-0.030774472155486232,0.025427806328587856
942,HAP-1,H3K27me3,RTE-BovB,0.010463910813800914,0.4786226051494191,-0.018482875966858273,0.0393931705268228
943,HAP-1,H3K27me3,tRNA-RTE,-0.024378970989341265,0.12923672737559075,-0.05583224223817725,0.007122639757949601
944,HAP-1,H3K27me3,hAT-Ac,-0.004051285379870278,0.8235740480125159,-0.03964870922798733,0.031556408987090286
945,HAP-1,H3K27me3,hAT,0.0003309038016475123,0.9863210657555426,-0.03748331294610468,0.03814417424436678
946,HAP-1,H3K27me3,MULE-MuDR,0.010791377054660059,0.6051248930613666,-0.0301128567559792,0.0516595271968686
947,HAP-1,H3K27me3,PiggyBac,-0.01373129238690614,0.5307906656554384,-0.056617661097444726,0.02920565573271488
948,HAP-1,H3K27me3,5S-Deu-L2,-0.009316009179987882,0.6863744124631406,-0.05449049440319702,0.03589653437511803
949,HAP-1,H3K27me3,Helitron,0.041554788485013594,0.08824365909988409,-0.006245818703439308,0.08916592429476924
950,HAP-1,H3K27me3,hAT-Tag1,0.014135022017348326,0.562498935427139,-0.033700373198867775,0.06190580347904037
951,HAP-1,H3K27me3,tRNA,0.008328112214854676,0.7469938343199549,-0.04225345241825258,0.058867094908177056
952,HAP-1,H3K27me3,Penelope,0.0024650406921034387,0.949869446915379,-0.07427414808710095,0.07917520750333254
953,HAP-1,H3K27me3,TcMar-Tc1,-0.012586444963118868,0.7487502604782725,-0.08940493573284619,0.0643809044935781
954,HAP-1,H3K27me3,Dong-R4,0.001399475803063237,0.9769699286650486,-0.09339976592447884,0.09617357026624775
955,HAP-1,H3K27me3,tRNA-Deu,0.020477138565229556,0.6763520880135363,-0.07559642925199044,0.1161740172419629
956,HAP-1,H3K27me3,Kolobok,0.014110306019422935,0.7913499587902393,-0.09026276270542923,0.11817678880411804
957,HAP-1,H3K27me3,PIF-Harbinger,-0.041777877837226626,0.436560235828346,-0.14616210687872663,0.06352641087437617
958,HAP-1,H3K27me3,Crypton,-0.01477970809350704,0.8044854988303217,-0.13115750317668384,0.10199990359599202
959,HAP-1,H3K27me3,Merlin,-0.08427316875148425,0.22283038623011814,-0.2171028654077702,0.05162067516757668
960,HAP-1,H3K27me3,TcMar,-0.017794433671098318,0.8015382366822923,-0.1554742641483683,0.12056354755097583
961,HAP-1,H3K27me3,L1-Tx1,-0.09353170210648447,0.27698611650349525,-0.25755776384029444,0.07573381549527768
962,HAP-1,H3K27me3,Crypton-A,0.0609865303311087,0.48895158519996884,-0.1118665048322223,0.2302574337760936
963,HAP-1,H3K27me3,I-Jockey,0.12432582707812066,0.19773240132735578,-0.06603411126909373,0.3059537441965881
964,HAP-1,H3K27me3,hAT-Tip100?,0.0855894777265745,0.5047931813737987,-0.16613940184717552,0.3268457414718643
965,HAP-1,H3K27me3,TcMar-Pogo,-0.3999266862170088,0.02333533940279289,-0.6650367763639488,-0.0453014099531549
966,HAP-1,H3K27me3,hAT?,-0.03643048128342246,0.8404840126193108,-0.3751507835193537,0.3108724704461879
967,HAP-1,H3K27me3,hAT-hAT19,0.07941176470588236,0.770025319039825,-0.43404767404251515,0.5539290093824006
968,HAP-1,H3K4me3,Alu,-0.0010028419001148904,0.29331798891473343,-0.002873221888085383,0.0008675451044153391
969,HAP-1,H3K4me3,L1,5.50759501140854e-05,0.9681545611384567,-0.002648800047696057,0.002758951142609936
970,HAP-1,H3K4me3,MIR,-0.0014929209971285792,0.28370532377807334,-0.004222362203122019,0.0012365424531686055
971,HAP-1,H3K4me3,L2,0.002978144366395297,0.07543871980423088,-0.000305189081280874,0.006261413604306151
972,HAP-1,H3K4me3,ERVL-MaLR,-0.0014513097311457921,0.47000518520835477,-0.0053884715554933845,0.0024858970880210704
973,HAP-1,H3K4me3,hAT-Charlie,0.0013649224712237518,0.5225732832614132,-0.0028191045502363255,0.005548901704250899
974,HAP-1,H3K4me3,ERV1,0.00031534492186519286,0.9183771739103244,-0.005715793860405478,0.006346460763107974
975,HAP-1,H3K4me3,ERVL,-0.0013096537124461956,0.6755451757346862,-0.007442317794831525,0.004823108882713212
976,HAP-1,H3K4me3,TcMar-Tigger,-0.0014729157595083217,0.6434946984274983,-0.007710358837832649,0.004764641930796591
977,HAP-1,H3K4me3,hAT-Tip100,0.004561807483374236,0.2932495978844405,-0.003945225996408038,0.0130681807281254
978,HAP-1,H3K4me3,CR1,-0.00358507692882957,0.4477549887556297,-0.01284024458156122,0.00567070495451652
979,HAP-1,H3K4me3,Gypsy,-0.0008290760179586072,0.9173739016438482,-0.01649126412907662,0.014833518855555977
980,HAP-1,H3K4me3,hAT-Blackjack,0.004641264689459122,0.5696915087469772,-0.01135973834203683,0.020639891397248963
981,HAP-1,H3K4me3,TcMar-Mariner,0.0018444330025557524,0.8228089305908773,-0.014298165534535036,0.017986070336045587
982,HAP-1,H3K4me3,RTE-X,-0.012154417954550278,0.23820236022639663,-0.032342780180037944,0.00804385815231285
983,HAP-1,H3K4me3,ERVK,0.009310013520129008,0.4301223034493469,-0.013818273624256503,0.03242834390796017
984,HAP-1,H3K4me3,TcMar-Tc2,0.003331738735227839,0.7881551062138628,-0.020968127205865782,0.027627670596266505
985,HAP-1,H3K4me3,SVA,-0.02316044409194411,0.10636835912533335,-0.05124080628753279,0.004956509659068334
986,HAP-1,H3K4me3,RTE-BovB,0.004865353956494759,0.7419122520451213,-0.024088077231271064,0.03381062998492579
987,HAP-1,H3K4me3,tRNA-RTE,-0.010864423932395981,0.4990283335300447,-0.04234233129614951,0.02063503092966562
988,HAP-1,H3K4me3,hAT-Ac,-0.0025422041991572065,0.8887189177158206,-0.0381359347565391,0.03305796907224774
989,HAP-1,H3K4me3,hAT,-0.00922700425686457,0.6326557886916451,-0.047032181417343014,0.02860456861483116
990,HAP-1,H3K4me3,MULE-MuDR,-0.00981945017448624,0.6376501390047956,-0.050645457113690576,0.03103931958163452
991,HAP-1,H3K4me3,PiggyBac,0.009436819289042789,0.6667956551064358,-0.03351602528507415,0.052354868112395564
992,HAP-1,H3K4me3,5S-Deu-L2,0.019306175456752627,0.40293316911737465,-0.025941184367464214,0.06447459180303088
993,HAP-1,H3K4me3,Helitron,0.006425122894788158,0.7923076425296128,-0.041384095496113125,0.05420498602721939
994,HAP-1,H3K4me3,hAT-Tag1,-0.025810138912992362,0.2902356947951378,-0.07353756384980366,0.022035241405285504
995,HAP-1,H3K4me3,tRNA,0.01596863915790457,0.5360406373609901,-0.034608592986684006,0.0664642849250227
996,HAP-1,H3K4me3,Penelope,-0.014876544661072643,0.7043568007783139,-0.09150135236977253,0.061923392202447435
997,HAP-1,H3K4me3,TcMar-Tc1,-0.0023485168173853345,0.9524199512864129,-0.07935493044819655,0.07468576039728428
998,HAP-1,H3K4me3,Dong-R4,-0.001445775516567544,0.9762082321954748,-0.0962194447278722,0.09335387291972345
999,HAP-1,H3K4me3,tRNA-Deu,-0.0045229538573296965,0.9265426583069876,-0.10039497149736434,0.09143228260867572
1000,HAP-1,H3K4me3,Kolobok,-0.020322868493507923,0.7031591250110119,-0.12430535649539069,0.08410114419800582
1001,HAP-1,H3K4me3,PIF-Harbinger,0.03624184993476647,0.49977336855862753,-0.06903519515957365,0.14072058286710185
1002,HAP-1,H3K4me3,Crypton,0.037148080206510274,0.5336943983661372,-0.0798352057616441,0.15312199652712977
1003,HAP-1,H3K4me3,Merlin,0.03969951667497672,0.5663269811359477,-0.09593623289413994,0.1738878641323761
1004,HAP-1,H3K4me3,TcMar,0.1200148796562871,0.08888644949786603,-0.01883921226932717,0.2543270460918498
1005,HAP-1,H3K4me3,L1-Tx1,-0.015868256139420035,0.8539797553024655,-0.1831067605150119,0.15226284002422077
1006,HAP-1,H3K4me3,Crypton-A,0.08657530298130517,0.32548424995273995,-0.0865525995827539,0.2546274287683453
1007,HAP-1,H3K4me3,I-Jockey,0.1381428968584932,0.1519994682629671,-0.052195274292549255,0.3187961028580311
1008,HAP-1,H3K4me3,hAT-Tip100?,0.07963709677419355,0.5349755815183732,-0.17190113788176195,0.32142655994696606
1009,HAP-1,H3K4me3,TcMar-Pogo,-0.08870967741935483,0.629233360900747,-0.4248659865600654,0.2689466765612882
1010,HAP-1,H3K4me3,hAT?,-0.04946524064171123,0.7845712261751205,-0.38640174610180605,0.29911923274980073
1011,HAP-1,H3K4me3,hAT-hAT19,0.008823529411764706,0.9741279946623942,-0.4890287637649059,0.5023396357269391
1012,HL-60,H3K27ac,Alu,0.00016372275062289765,0.8636373540681623,-0.0017046806235332071,0.0020321249816899647
1013,HL-60,H3K27ac,L1,0.00020475624753705458,0.8819471629504033,-0.00249767334770097,0.002907182852057029
1014,HL-60,H3K27ac,MIR,-0.0009078268468919247,0.5142888935647745,-0.0036360850638332497,0.0018204448847512949
1015,HL-60,H3K27ac,L2,-0.0018538322599659979,0.2683206034522101,-0.005136224416743803,0.0014285998441771466
1016,HL-60,H3K27ac,ERVL-MaLR,0.0013705250020373337,0.4947608195900993,-0.0025637928171797887,0.0053048003933120836
1017,HL-60,H3K27ac,hAT-Charlie,-0.0013275799864175164,0.5337787590162304,-0.005509159847738391,0.0028540463025927966
1018,HL-60,H3K27ac,ERV1,0.0024543001537409626,0.4245455319892144,-0.0035694790481191584,0.008477901246736799
1019,HL-60,H3K27ac,ERVL,-0.0033029199810724664,0.29082186906671387,-0.009431148478845323,0.0028255566129890947
1020,HL-60,H3K27ac,TcMar-Tigger,0.0038674272440497306,0.22394807405868603,-0.0023656831073507623,0.01010023709347077
1021,HL-60,H3K27ac,hAT-Tip100,0.0031665991917076298,0.4653770891656209,-0.005335118424760111,0.011667859069703523
1022,HL-60,H3K27ac,CR1,0.006004480500324896,0.20346701744174775,-0.003249593533511513,0.015257526189331566
1023,HL-60,H3K27ac,Gypsy,-0.006954337292931072,0.38408142193347616,-0.02261096438904863,0.008705700143778057
1024,HL-60,H3K27ac,hAT-Blackjack,-0.008144906085804208,0.3184203114392642,-0.024141565518343414,0.007855923160686009
1025,HL-60,H3K27ac,TcMar-Mariner,0.015394725144019508,0.06131469961909287,-0.0007310801327585085,0.03151252596022455
1026,HL-60,H3K27ac,RTE-X,0.014921016041426581,0.14746776753399227,-0.005269750017251631,0.035099621107317826
1027,HL-60,H3K27ac,ERVK,-0.0010362528087013473,0.9299306883548066,-0.024129971546429534,0.022058571291493426
1028,HL-60,H3K27ac,TcMar-Tc2,-0.013551998796757107,0.27394042261403356,-0.03781639695593938,0.01072837057652458
1029,HL-60,H3K27ac,SVA,-0.008211654932250807,0.5665421786484948,-0.03627909453858623,0.019868729488210356
1030,HL-60,H3K27ac,RTE-BovB,-0.0122836188542031,0.40550329986889233,-0.0412073052571668,0.016660637719947472
1031,HL-60,H3K27ac,tRNA-RTE,-0.0010322605625837518,0.9487947361179988,-0.03252674316441907,0.030464269978122693
1032,HL-60,H3K27ac,hAT-Ac,-0.012672739998217804,0.48524458623817823,-0.04823194310610675,0.02291854544444442
1033,HL-60,H3K27ac,hAT,0.006813966947195162,0.7238535135799673,-0.030980075564284004,0.044588552576930215
1034,HL-60,H3K27ac,MULE-MuDR,0.0621688054632472,0.0028443815402684576,0.021329410252768154,0.10280107464404742
1035,HL-60,H3K27ac,PiggyBac,0.028191412217659275,0.19807222036581368,-0.01475267216979904,0.07103168457272452
1036,HL-60,H3K27ac,5S-Deu-L2,-0.005466654901384173,0.8127556030499014,-0.050662942533797786,0.03975197796079813
1037,HL-60,H3K27ac,Helitron,-0.03621825974064107,0.1371362932957427,-0.08382817079080115,0.011556628799696525
1038,HL-60,H3K27ac,hAT-Tag1,-0.05428969601936306,0.02593463767715901,-0.10184226925218523,-0.006489590300905717
1039,HL-60,H3K27ac,tRNA,-0.00020269709428486402,0.9937311139885632,-0.05073145690142928,0.05032709776853387
1040,HL-60,H3K27ac,Penelope,-0.00167581709374766,0.9658551914048779,-0.07827354189091598,0.0749415775549149
1041,HL-60,H3K27ac,TcMar-Tc1,0.017808724295316925,0.6506588510288553,-0.059239814028530804,0.09464633239893698
1042,HL-60,H3K27ac,Dong-R4,0.04592242823558576,0.34324540887086763,-0.04912799612201723,0.140148530454589
1043,HL-60,H3K27ac,tRNA-Deu,-0.03851218601497492,0.4322677202471341,-0.1339675644314499,0.05765127393690405
1044,HL-60,H3K27ac,Kolobok,-0.0323097499096367,0.544001062049958,-0.13596739048535844,0.07204763875348516
1045,HL-60,H3K27ac,PIF-Harbinger,0.06101797786997298,0.25558845760658166,-0.04434337393056882,0.16503686970375908
1046,HL-60,H3K27ac,Crypton,-0.023214704313879862,0.6973828889957348,-0.13945027726485465,0.09365190848432216
1047,HL-60,H3K27ac,Merlin,-0.07328895875277823,0.2892877734620205,-0.20648979950556595,0.06257893318965912
1048,HL-60,H3K27ac,TcMar,0.017427381293760907,0.8060279140950446,-0.12127021796404142,0.15545750269309777
1049,HL-60,H3K27ac,L1-Tx1,0.04686969478827227,0.5865321911326884,-0.12189484163890325,0.2130002783661586
1050,HL-60,H3K27ac,Crypton-A,0.152342212139628,0.08237319026182695,-0.020699827890010784,0.3165224755142251
1051,HL-60,H3K27ac,I-Jockey,-0.04584375868779539,0.6359606999265557,-0.23203996254997952,0.14359330073064053
1052,HL-60,H3K27ac,hAT-Tip100?,-0.05878496503496503,0.6418267780745065,-0.29860145126789006,0.18801420487357282
1053,HL-60,H3K27ac,TcMar-Pogo,-0.2313049853372434,0.20274938709642537,-0.5401447232581057,0.13244173079065832
1054,HL-60,H3K27ac,hAT?,-0.28743315508021394,0.10481470397167643,-0.5789760062909424,0.06927785809215307
1055,HL-60,H3K27ac,hAT-hAT19,0.15882352941176472,0.5568612810855389,-0.36862760305346826,0.6089136522221239
1056,MG63,H3K9me3,Alu,-0.0012642730364195787,0.18388323100927792,-0.0031289222176073103,0.0006003849363673922
1057,MG63,H3K9me3,L1,0.0002918411199047502,0.8320134011994448,-0.002404733176346516,0.0029884111719093785
1058,MG63,H3K9me3,MIR,0.000932515673182338,0.5031066219918164,-0.0017969807923169856,0.0036619982439752446
1059,MG63,H3K9me3,L2,0.0002684089924330664,0.8726517851040119,-0.0030135632950734205,0.003550375497699166
1060,MG63,H3K9me3,ERVL-MaLR,0.0023758941769977423,0.23600042519363013,-0.001553649185911752,0.006305364167021126
1061,MG63,H3K9me3,hAT-Charlie,-0.004241973417366369,0.0467062822194298,-0.008421986623480936,-6.181196747775314e-05
1062,MG63,H3K9me3,ERV1,0.0009229324667799044,0.7627628157728603,-0.005069706016326844,0.006915504662386186
1063,MG63,H3K9me3,ERVL,0.002729901626113185,0.38234193227828484,-0.003394857789852896,0.008854456235560882
1064,MG63,H3K9me3,TcMar-Tigger,0.0010685204630109858,0.7367702462205348,-0.005161899793451913,0.007298857764537162
1065,MG63,H3K9me3,hAT-Tip100,0.001286972215294253,0.7667715643403926,-0.007217383521910566,0.009791141798137438
1066,MG63,H3K9me3,CR1,-0.0019167131229203065,0.6846612788270774,-0.011166725840252672,0.007333627605683188
1067,MG63,H3K9me3,Gypsy,0.0033864385216779255,0.6716326264889767,-0.012270658866762681,0.019041875732229242
1068,MG63,H3K9me3,hAT-Blackjack,-0.011034860183342139,0.17600025716793435,-0.027013091034130878,0.004949007826556545
1069,MG63,H3K9me3,TcMar-Mariner,0.008908509027688446,0.27877549652279326,-0.007213151486163959,0.025025539719561594
1070,MG63,H3K9me3,RTE-X,0.01202887866450834,0.24291077139299594,-0.008161888767176639,0.03220984188401662
1071,MG63,H3K9me3,ERVK,-0.0066982162207026566,0.5654624379063234,-0.029532826618067574,0.01614338178789
1072,MG63,H3K9me3,TcMar-Tc2,-0.002887522449697568,0.8156596486062886,-0.02715767201873927,0.021386029357945275
1073,MG63,H3K9me3,SVA,0.015263927726492986,0.28417498173015493,-0.012672675771845344,0.04317672040288568
1074,MG63,H3K9me3,RTE-BovB,-0.020940246870065356,0.15628188401255438,-0.04985990181887668,0.008014492558270364
1075,MG63,H3K9me3,tRNA-RTE,0.0009792075243572665,0.9514356267741045,-0.030525409552366344,0.03248188091211162
1076,MG63,H3K9me3,hAT-Ac,-0.01414715423266253,0.4354692695760103,-0.04966835587704221,0.021409790996379616
1077,MG63,H3K9me3,hAT,0.011439772146041657,0.5532821432183745,-0.026379584214843942,0.049226427825791355
1078,MG63,H3K9me3,MULE-MuDR,0.034440766896098075,0.09860133986867492,-0.006443493798495022,0.07521007790681274
1079,MG63,H3K9me3,PiggyBac,0.004974378635859011,0.8201663248205648,-0.037900329453281964,0.04783080586087992
1080,MG63,H3K9me3,5S-Deu-L2,-0.01949542405051174,0.39821161334549904,-0.06465119855197397,0.025740025066807844
1081,MG63,H3K9me3,Helitron,-0.04426947366910688,0.06900794928013558,-0.0918097720080599,0.003472171872636244
1082,MG63,H3K9me3,hAT-Tag1,0.03433373998294226,0.15978558244150748,-0.013555582370051143,0.08206591274466324
1083,MG63,H3K9me3,tRNA,0.004925004772370247,0.8490489439185244,-0.04576781442880385,0.055592523813442596
1084,MG63,H3K9me3,Penelope,0.0720622844017195,0.06448630602313667,-0.0044355764151221356,0.14772162981149303
1085,MG63,H3K9me3,TcMar-Tc1,-0.08002318546329923,0.041083023428057884,-0.15596952803640574,-0.003136264047284963
1086,MG63,H3K9me3,Dong-R4,-0.010462051626027724,0.8291330978514874,-0.10514716213653767,0.08441104213105166
1087,MG63,H3K9me3,tRNA-Deu,0.0006112433780074938,0.990071000581408,-0.09542450736248566,0.09663572060699753
1088,MG63,H3K9me3,Kolobok,0.014607494961027805,0.7841761220133552,-0.08976987113839378,0.11866747453147047
1089,MG63,H3K9me3,PIF-Harbinger,-0.007371784492713978,0.8911671506452423,-0.11256840586210388,0.09798825640399901
1090,MG63,H3K9me3,Crypton,-0.10175258535706813,0.08752421502603301,-0.21607862069523526,0.015325888259778476
1091,MG63,H3K9me3,Merlin,0.0952759018699183,0.16793178423265331,-0.04061897507678879,0.22770998110863463
1092,MG63,H3K9me3,TcMar,-0.012901455418829706,0.8543281634910131,-0.14967746609093507,0.12435905833929752
1093,MG63,H3K9me3,L1-Tx1,-0.11041416944248487,0.20066097701582553,-0.2741390932184934,0.05953097083207923
1094,MG63,H3K9me3,Crypton-A,-0.052804721674225244,0.5507290029625498,-0.2230787420325009,0.12059620749089431
1095,MG63,H3K9me3,I-Jockey,-0.039570012047076275,0.6828917409128299,-0.22606034893389798,0.14971838501530857
1096,MG63,H3K9me3,hAT-Tip100?,-0.10105311355311355,0.4268878951080082,-0.339021657435714,0.14906915239411003
1097,MG63,H3K9me3,TcMar-Pogo,-0.2877565982404692,0.11026087889714203,-0.583354495302774,0.07515343689205745
1098,MG63,H3K9me3,hAT?,0.019404125286478224,0.9132639446661945,-0.32089676322116667,0.3552677659060535
1099,MG63,H3K9me3,hAT-hAT19,0.15,0.5792486306642535,-0.3760962642032207,0.6029604660399384
1100,MG63,H3K36me3,Alu,0.0002234935534079628,0.8142590617795269,-0.0016410169955507626,0.0020880025484621124
1101,MG63,H3K36me3,L1,0.001094144866433573,0.4265128848110562,-0.001602734223219684,0.0037910080403872996
1102,MG63,H3K36me3,MIR,-0.000290668442720071,0.8346577531401123,-0.003020001255760229,0.0024386687008555387
1103,MG63,H3K36me3,L2,-0.0004852492145265205,0.7719813288320605,-0.0037672313870411407,0.0027967434116574117
1104,MG63,H3K36me3,ERVL-MaLR,0.00043232851866751166,0.8292634096686424,-0.0034970034936197816,0.0043616471809955855
1105,MG63,H3K36me3,hAT-Charlie,0.003214955647618877,0.1316752580828665,-0.0009648791519573523,0.007394678111951037
1106,MG63,H3K36me3,ERV1,-0.0027244960654047405,0.3728747765422855,-0.008716805982602516,0.0032680095208349985
1107,MG63,H3K36me3,ERVL,0.0027364693914333593,0.38117939354925734,-0.0033880508829059763,0.008860784382558596
1108,MG63,H3K36me3,TcMar-Tigger,-0.0005144945683142753,0.8714158823177401,-0.0067444168201727895,0.005715467620866472
1109,MG63,H3K36me3,hAT-Tip100,-0.0014726540611320266,0.7343037387210888,-0.009976486755850798,0.007031391629842498
1110,MG63,H3K36me3,CR1,0.002804009581415937,0.5525621338629929,-0.006449264094486618,0.012056803102621527
1111,MG63,H3K36me3,Gypsy,0.0009843233489890833,0.9019457657676369,-0.014673807290223618,0.0166419713356121
1112,MG63,H3K36me3,hAT-Blackjack,-0.009703250097236335,0.23403387349828983,-0.025680027687837406,0.006278483149685903
1113,MG63,H3K36me3,TcMar-Mariner,0.01879729866244816,0.02226177539125493,0.002679107676583239,0.03490572518595768
1114,MG63,H3K36me3,RTE-X,-0.004673946922551101,0.6500097752860439,-0.024858696073372592,0.015514611587478013
1115,MG63,H3K36me3,ERVK,0.01856829204958414,0.11112128809810713,-0.004277464544260429,0.041394675755095436
1116,MG63,H3K36me3,TcMar-Tc2,-0.003448683789729879,0.7806761540425199,-0.027718438081832022,0.020825133925072264
1117,MG63,H3K36me3,SVA,0.03603690096624691,0.011474548790560686,0.00809222214612097,0.06392533722582512
1118,MG63,H3K36me3,RTE-BovB,-0.00026258077990293016,0.9858181994999022,-0.029209068874128725,0.028684347353479144
1119,MG63,H3K36me3,tRNA-RTE,-0.02364439741017632,0.14128771009060714,-0.05510734663174599,0.007865459817624737
1120,MG63,H3K36me3,hAT-Ac,0.008859514242157317,0.6253454395667482,-0.026699840522059173,0.044396476218534084
1121,MG63,H3K36me3,hAT,0.0013946649234525671,0.9423944883400384,-0.03642102089722412,0.039206362342603635
1122,MG63,H3K36me3,MULE-MuDR,0.014472820027328376,0.4875543659664018,-0.026390254528931383,0.05528760841743885
1123,MG63,H3K36me3,PiggyBac,0.015102932761421366,0.48952104579515565,-0.027732631183019555,0.05788313140763725
1124,MG63,H3K36me3,5S-Deu-L2,-0.003363762006586186,0.8840860146864572,-0.04855295783999585,0.041839176190847156
1125,MG63,H3K36me3,Helitron,-0.009688857520676549,0.6906156003098316,-0.05734620741405274,0.03801254830570943
1126,MG63,H3K36me3,hAT-Tag1,-0.009049485804603196,0.7108159123697634,-0.05683610703831226,0.03877850470555221
1127,MG63,H3K36me3,tRNA,-0.026800045186522344,0.30025065759097064,-0.07738509001842891,0.023922626067325006
1128,MG63,H3K36me3,Penelope,-0.012855367803721856,0.7418554964078636,-0.08914569668057468,0.06358492199169365
1129,MG63,H3K36me3,TcMar-Tc1,0.08751179325855737,0.025333981265978474,0.010712656133356476,0.1632845583270923
1130,MG63,H3K36me3,Dong-R4,0.03564634074809599,0.46201414103948935,-0.05937105658643246,0.13002360882977085
1131,MG63,H3K36me3,tRNA-Deu,-0.011563728452219745,0.813869521934757,-0.1074777051732398,0.08456351068482656
1132,MG63,H3K36me3,Kolobok,-0.03084751661415316,0.5623869111545552,-0.1345281042198408,0.07350118125655884
1133,MG63,H3K36me3,PIF-Harbinger,-0.06576489372538281,0.22172007221205642,-0.16998219338831808,0.039907217436134526
1134,MG63,H3K36me3,Crypton,-0.021653344501314856,0.7168320323881257,-0.13791616438901144,0.09519809342705393
1135,MG63,H3K36me3,Merlin,0.03311295079100529,0.632459968244419,-0.10245051843732891,0.1674688736370752
1136,MG63,H3K36me3,TcMar,-0.047809350422455474,0.4960427095482012,-0.1837173500801303,0.0898922285943971
1137,MG63,H3K36me3,L1-Tx1,-0.06975032000106836,0.417990071097154,-0.23491446493746235,0.09932853236788562
1138,MG63,H3K36me3,Crypton-A,-0.059356833358122335,0.5023304547779559,-0.2293454739314347,0.11414545851131117
1139,MG63,H3K36me3,I-Jockey,-0.03966268186451673,0.6821890842858236,-0.22614875083957017,0.14962799026856333
1140,MG63,H3K36me3,hAT-Tip100?,-0.0032967032967032963,0.9793738838613208,-0.24890492320426744,0.24270990277316506
1141,MG63,H3K36me3,TcMar-Pogo,-0.21774193548387094,0.23124498223353102,-0.5295569676624059,0.14591148470115567
1142,MG63,H3K36me3,hAT?,0.1498854087089381,0.3975087851622219,-0.20022628728369998,0.46605180502883475
1143,MG63,H3K36me3,hAT-hAT19,0.09705882352941177,0.7206513082372035,-0.4198497353097381,0.5664229902492608
1144,MG63,H3K27me3,Alu,0.0016795247073312118,0.07746406198591234,-0.00018489676313610928,0.0035439345015564902
1145,MG63,H3K27me3,L1,0.0006963985439651733,0.6126758133840111,-0.0019996905509746467,0.0033924775148403514
1146,MG63,H3K27me3,MIR,-0.0015678681920323065,0.26016264155660157,-0.004296929976517193,0.0011612169469790053
1147,MG63,H3K27me3,L2,-0.0018391420744033919,0.27196638456803107,-0.005120402746685102,0.0014421582013677454
1148,MG63,H3K27me3,ERVL-MaLR,-0.00227296059654715,0.2568584138933085,-0.0062019282502947266,0.0016560772332327573
1149,MG63,H3K27me3,hAT-Charlie,-0.0023538837706445033,0.26965438002729464,-0.00653326568068045,0.0018255803731383365
1150,MG63,H3K27me3,ERV1,-0.0006698065818744434,0.8265657764082738,-0.006661269580865136,0.005321704506459982
1151,MG63,H3K27me3,ERVL,0.0003926375229525395,0.8999872579252829,-0.00573057309155288,0.006515818694721543
1152,MG63,H3K27me3,TcMar-Tigger,-0.006945814502292086,0.02886650715740653,-0.013174916847690897,-0.0007161730651924452
1153,MG63,H3K27me3,hAT-Tip100,0.001048283866719168,0.8090826827900341,-0.007455417788771196,0.009551833915765277
1154,MG63,H3K27me3,CR1,0.0023189352228924387,0.6231637257856456,-0.006930707010122022,0.011568180673700648
1155,MG63,H3K27me3,Gypsy,-0.005821744212552568,0.4661486453910878,-0.021476321242458806,0.009835686854897172
1156,MG63,H3K27me3,hAT-Blackjack,0.0005860561902051279,0.9426795502783564,-0.015388102572949534,0.01655991586654761
1157,MG63,H3K27me3,TcMar-Mariner,-0.008778570701705193,0.2856028781837534,-0.02488749322856936,0.0073349094977012965
1158,MG63,H3K27me3,RTE-X,0.0008389608223584559,0.9350733519053582,-0.01934407306711128,0.02102131122496216
1159,MG63,H3K27me3,ERVK,-0.0035047708337393704,0.7634819228898511,-0.026327664513927415,0.0193217746369494
1160,MG63,H3K27me3,TcMar-Tc2,0.00020548288059657027,0.9867605625968526,-0.024061058079440267,0.024471781839679452
1161,MG63,H3K27me3,SVA,0.02538851375890006,0.07496904059712695,-0.0025615683398893595,0.05329895918818348
1162,MG63,H3K27me3,RTE-BovB,0.0019199054729301644,0.8965592637126396,-0.027018865584377907,0.030855461216508107
1163,MG63,H3K27me3,tRNA-RTE,-0.025206180513506832,0.11697468191732233,-0.056677966368616536,0.006315648631552689
1164,MG63,H3K27me3,hAT-Ac,-0.0037748904588225884,0.8351378304375384,-0.03930830176059919,0.03176805606627634
1165,MG63,H3K27me3,hAT,0.0007449152384462784,0.9692070206863477,-0.037062844881752065,0.038550545873910935
1166,MG63,H3K27me3,MULE-MuDR,0.008084579100958483,0.6982476871343616,-0.03278112432780263,0.04892329601095826
1167,MG63,H3K27me3,PiggyBac,-0.0008982409480590367,0.9672562596321218,-0.04376292609043402,0.04196974527330124
1168,MG63,H3K27me3,5S-Deu-L2,-0.03352918567082614,0.14615920559430043,-0.07863112094482187,0.011709726980885633
1169,MG63,H3K27me3,Helitron,-0.01361609218310404,0.5758002562425598,-0.061247165165433604,0.03407685470422263
1170,MG63,H3K27me3,hAT-Tag1,-0.034070530450707785,0.16213687693516182,-0.08170483283359815,0.013719070168491871
1171,MG63,H3K27me3,tRNA,0.005459871035040049,0.8329402072777801,-0.04525107275326847,0.05614274832177721
1172,MG63,H3K27me3,Penelope,-0.002431117079819575,0.9502934855950502,-0.07873341660700987,0.07389950124721562
1173,MG63,H3K27me3,TcMar-Tc1,-0.035632176242326924,0.3633057991447103,-0.11207495904659547,0.04122985596037083
1174,MG63,H3K27me3,Dong-R4,-0.09421301137136895,0.05199863153507591,-0.1877473583494564,0.0010146879741421953
1175,MG63,H3K27me3,tRNA-Deu,-0.020169542049473486,0.6813078216710897,-0.11598471688306188,0.0760175564944403
1176,MG63,H3K27me3,Kolobok,-0.02036229937967696,0.7022079498310643,-0.12419780989468276,0.08391434446033894
1177,MG63,H3K27me3,PIF-Harbinger,-0.09683950918563579,0.0711904588647502,-0.2001722198084704,0.008623860812198382
1178,MG63,H3K27me3,Crypton,-0.0964111887924489,0.10555894083066468,-0.21090062135465512,0.02068758502353273
1179,MG63,H3K27me3,Merlin,0.0025223379243408802,0.9709462852875943,-0.13259161269492212,0.1375442561971749
1180,MG63,H3K27me3,TcMar,0.006274520182910647,0.9288522336637273,-0.13087435575116277,0.1431877472943641
1181,MG63,H3K27me3,L1-Tx1,0.07138861557035983,0.4088624369075823,-0.09833772582514828,0.2370792000090511
1182,MG63,H3K27me3,Crypton-A,-0.0663896335190373,0.4529681073681745,-0.23606017197313872,0.107209179883952
1183,MG63,H3K27me3,I-Jockey,0.004485219164118247,0.9630811593690964,-0.18377247176230335,0.19242551877161598
1184,MG63,H3K27me3,hAT-Tip100?,-0.026602564102564098,0.8347114203494407,-0.27068321796268663,0.220691813580617
1185,MG63,H3K27me3,TcMar-Pogo,0.07148093841642228,0.6974481551593217,-0.2847261857077205,0.4103432033590361
1186,MG63,H3K27me3,hAT?,0.10496562261268144,0.5546597553588943,-0.24269379504566668,0.4287318499807294
1187,MG63,H3K27me3,hAT-hAT19,0.06176470588235294,0.8202418775044894,-0.44806050764011357,0.5412754497566349
1188,MG63,H3K4me3,Alu,-0.0006836993622519131,0.4725130338176553,-0.0025489971845867004,0.001181603217736795
1189,MG63,H3K4me3,L1,0.0008982196970821822,0.5138781829174608,-0.0017985464304415121,0.003594972759967721
1190,MG63,H3K4me3,MIR,-0.0007579053256747072,0.5863259244230385,-0.0034876889362808385,0.001971889580379017
1191,MG63,H3K4me3,L2,-0.00023979433658415458,0.8861329496662526,-0.003521844011677218,0.00304226050457462
1192,MG63,H3K4me3,ERVL-MaLR,0.002168789202784013,0.27944192504389553,-0.0017613698997078495,0.006098881307213716
1193,MG63,H3K4me3,hAT-Charlie,-0.00027215073616012177,0.8984756711606248,-0.004452841008877939,0.003908549049974341
1194,MG63,H3K4me3,ERV1,0.002027652046483908,0.5072584057714882,-0.003965487705315407,0.008020646143930877
1195,MG63,H3K4me3,ERVL,0.005556374967282428,0.0754057275899164,-0.0005687417837835471,0.011681074816201613
1196,MG63,H3K4me3,TcMar-Tigger,0.0012303769361184064,0.6987423439140725,-0.005000551593768478,0.007461209929859762
1197,MG63,H3K4me3,hAT-Tip100,-0.004130516520415315,0.34114659287084126,-0.012634702414087505,0.004374266873065937
1198,MG63,H3K4me3,CR1,-0.00287025111033439,0.5431536981347136,-0.01212159312498396,0.006381582248709641
1199,MG63,H3K4me3,Gypsy,0.0005667917695105795,0.9434395150836098,-0.015090244865611559,0.016223550519637028
1200,MG63,H3K4me3,hAT-Blackjack,-0.013216086412466509,0.10507637000602763,-0.029192595190801272,0.0027671731770847444
1201,MG63,H3K4me3,TcMar-Mariner,0.007160999710105056,0.384031338597016,-0.008962728016479581,0.023281004749438172
1202,MG63,H3K4me3,RTE-X,0.002273320455208052,0.825348996822013,-0.017916654207031858,0.022461441907671915
1203,MG63,H3K4me3,ERVK,-0.008089858771807542,0.48772859538613333,-0.03093114467258279,0.01475987215513283
1204,MG63,H3K4me3,TcMar-Tc2,-0.006046571932809233,0.6255228459676079,-0.030321792815544604,0.018235777627874667
1205,MG63,H3K4me3,SVA,0.013162359209576912,0.356324272024674,-0.01480796780569513,0.04111210295555916
1206,MG63,H3K4me3,RTE-BovB,0.003945852883262975,0.7894276140556888,-0.025010142660581807,0.032895233037646646
1207,MG63,H3K4me3,tRNA-RTE,-0.0029477009178413673,0.8544760044441192,-0.03443603866638043,0.02854648334861709
1208,MG63,H3K4me3,hAT-Ac,-0.006297713054240742,0.7285646984796088,-0.041844792878784016,0.029265290047170357
1209,MG63,H3K4me3,hAT,0.015832361623421068,0.41192368272353264,-0.021989879619016398,0.053609348639029344
1210,MG63,H3K4me3,MULE-MuDR,0.013941327504620175,0.5035892050148632,-0.026912446988642914,0.054748608909763526
1211,MG63,H3K4me3,PiggyBac,0.03672794680792989,0.09306639864685277,-0.006152285605410779,0.07947335761226575
1212,MG63,H3K4me3,5S-Deu-L2,0.013417520013552373,0.5611735391888399,-0.03183637870451187,0.05861651962670594
1213,MG63,H3K4me3,Helitron,-0.030367849061743304,0.2118429963801623,-0.07792055778363406,0.01732272418390389
1214,MG63,H3K4me3,hAT-Tag1,-0.05106098553525648,0.03648889556563144,-0.09870375262381245,-0.003184673412566947
1215,MG63,H3K4me3,tRNA,0.023668752579825737,0.35996118820061573,-0.027017955321559737,0.07423406695521755
1216,MG63,H3K4me3,Penelope,0.05242418906497453,0.17889970062030391,-0.024099335353025657,0.12833695890425864
1217,MG63,H3K4me3,TcMar-Tc1,-0.012195588064344749,0.756119679422369,-0.08895793535690683,0.06471077427070515
1218,MG63,H3K4me3,Dong-R4,-0.059575401092452206,0.21924148871077978,-0.1536872571497968,0.03560759145924118
1219,MG63,H3K4me3,tRNA-Deu,-0.029904587862737548,0.5425429298936986,-0.12559530596094806,0.06633743395845196
1220,MG63,H3K4me3,Kolobok,-0.03283667961870345,0.5374492810780058,-0.13648597052283495,0.07152375928567427
1221,MG63,H3K4me3,PIF-Harbinger,0.04782667717270465,0.373737551416769,-0.05765403689726286,0.15225137395583127
1222,MG63,H3K4me3,Crypton,-0.05747037738032821,0.3353875685776767,-0.17300303183734472,0.059622352184614265
1223,MG63,H3K4me3,Merlin,0.13767149055771924,0.04577788624079566,0.0020098267020829132,0.26835727464775366
1224,MG63,H3K4me3,TcMar,-0.03269380912711639,0.6416692241805961,-0.16900758911421168,0.10484721792350596
1225,MG63,H3K4me3,L1-Tx1,-0.031201359697273577,0.7184011204551859,-0.198531448423756,0.13789614081936968
1226,MG63,H3K4me3,Crypton-A,0.02270433698550918,0.7976403549943266,-0.15009033573485125,0.19415306454344491
1227,MG63,H3K4me3,I-Jockey,0.07229172458530259,0.4550487334367005,-0.11765163966412157,0.2571322081024032
1228,MG63,H3K4me3,hAT-Tip100?,-0.03832417582417582,0.7636728841590708,-0.28156660242970677,0.2095463794259555
1229,MG63,H3K4me3,TcMar-Pogo,0.14626099706744866,0.42442464481582676,-0.2151641366149258,0.47244638693026164
1230,MG63,H3K4me3,hAT?,0.04201680672268907,0.8134807428465688,-0.30055872015367757,0.3749898014173344
1231,MG63,H3K4me3,hAT-hAT19,0.6205882352941177,0.010313515549677674,0.1315620087527101,0.8666827688429753
1232,VCaP,CTCF,Alu,-0.0008838003973560123,0.3522244050462201,-0.0027458264583965484,0.0009782317922307606
1233,VCaP,CTCF,L1,-0.0006672151559206191,0.6275539097414529,-0.003362570289950184,0.002028149672703345
1234,VCaP,CTCF,MIR,0.0006584107592731953,0.6358521373132675,-0.0020669201104325918,0.0033837318484123647
1235,VCaP,CTCF,L2,0.0005345413854221891,0.7494403240864681,-0.0027458423564068746,0.0038149136229768204
1236,VCaP,CTCF,ERVL-MaLR,-0.002576350675835466,0.1981578254326996,-0.006500345310569286,0.00134772330095347
1237,VCaP,CTCF,hAT-Charlie,-0.00013809649933231905,0.9482996207281176,-0.0043122706187356565,0.004036082432388777
1238,VCaP,CTCF,ERV1,-0.0017571245351028614,0.564793878335128,-0.007738734787928577,0.0042246114593954415
1239,VCaP,CTCF,ERVL,-0.004061035356488585,0.19313102740990298,-0.010176994202995178,0.002055227315791153
1240,VCaP,CTCF,TcMar-Tigger,0.0014848859603176132,0.6400021954709052,-0.004737784618950845,0.007707441547050643
1241,VCaP,CTCF,hAT-Tip100,-0.001318935399323847,0.7609026144548375,-0.00981391101887104,0.007176230585739803
1242,VCaP,CTCF,CR1,-0.00031044186782203445,0.9475235436192471,-0.009554853070001649,0.008934022394856387
1243,VCaP,CTCF,Gypsy,-0.0030608678920192086,0.7014697760583972,-0.01870892294661224,0.012588686298410295
1244,VCaP,CTCF,hAT-Blackjack,0.020146671209376098,0.01335527160359405,0.0041861610220812265,0.03609691959006955
1245,VCaP,CTCF,TcMar-Mariner,0.003784686153359601,0.6448460635039839,-0.012308147644523924,0.019875559851193172
1246,VCaP,CTCF,RTE-X,0.013924301428221484,0.17626760952869874,-0.006257928239153563,0.034095191910644425
1247,VCaP,CTCF,ERVK,0.026158433911469416,0.024443464157199016,0.0033702128275589485,0.04891950048090496
1248,VCaP,CTCF,TcMar-Tc2,-0.01535407141506519,0.2146579069634885,-0.03959045724140578,0.008900370142660772
1249,VCaP,CTCF,SVA,-0.018262154963732274,0.1997830074851101,-0.04615352827070004,0.009657670125410222
1250,VCaP,CTCF,RTE-BovB,-0.019603616398761698,0.18397162707802728,-0.04849409300432982,0.009319634620916733
1251,VCaP,CTCF,tRNA-RTE,0.02551853270810656,0.11213445055408823,-0.0059706636329061764,0.056957170582270344
1252,VCaP,CTCF,hAT-Ac,-0.010085078591426627,0.5780087927566788,-0.04559069321704563,0.02544598432922719
1253,VCaP,CTCF,hAT,-0.009148379967741045,0.6350543872082128,-0.04689754638623479,0.028626879531674615
1254,VCaP,CTCF,MULE-MuDR,0.025688745545132226,0.21752745902689244,-0.01515262611307273,0.06644454173504022
1255,VCaP,CTCF,PiggyBac,-0.01307525854752957,0.5497476777851134,-0.055871210955846615,0.029768650232432355
1256,VCaP,CTCF,5S-Deu-L2,-0.005849874763331071,0.7997424561199593,-0.051009216603696624,0.03933334058085955
1257,VCaP,CTCF,Helitron,-0.06975590221123174,0.004029999499160818,-0.11699518864140038,-0.022201680184221667
1258,VCaP,CTCF,hAT-Tag1,0.032830785818407454,0.1779719279568032,-0.014958957930482597,0.08047087605564654
1259,VCaP,CTCF,tRNA,0.045327834839132726,0.0786641163032624,-0.005222519182658798,0.09564711712088464
1260,VCaP,CTCF,Penelope,-0.00457911647324292,0.9064586873243108,-0.08081030242258883,0.0717053280406415
1261,VCaP,CTCF,TcMar-Tc1,0.053282878105804746,0.1731884413250993,-0.023474872406364578,0.12941610496520653
1262,VCaP,CTCF,Dong-R4,-0.030960962798364286,0.5229495831508274,-0.1254022404420343,0.06403639106285496
1263,VCaP,CTCF,tRNA-Deu,-0.016228001894467475,0.7407876079856932,-0.11197505956052543,0.07981760253127186
1264,VCaP,CTCF,Kolobok,0.024641352094297332,0.6440421065465611,-0.07981454285495622,0.1285619523809289
1265,VCaP,CTCF,PIF-Harbinger,0.09360969951740308,0.08075257118801636,-0.011713785130376853,0.19687885937361718
1266,VCaP,CTCF,Crypton,0.1134482239666175,0.05662347626947548,-0.003567783889960411,0.2273993243581233
1267,VCaP,CTCF,Merlin,-0.004428905456510361,0.9488867066873466,-0.13909552998718508,0.13039855136254314
1268,VCaP,CTCF,TcMar,0.08353013198208618,0.23607920325210216,-0.05505098352337925,0.21895396717782314
1269,VCaP,CTCF,L1-Tx1,0.03961930187280491,0.645757707256149,-0.12901837409143876,0.2060298025808035
1270,VCaP,CTCF,Crypton-A,-0.011768112925285934,0.893872368779191,-0.18293016620848448,0.1600863534695693
1271,VCaP,CTCF,I-Jockey,-0.04097859327217126,0.6722409172715296,-0.22740380949155342,0.1483441289012825
1272,VCaP,CTCF,hAT-Tip100?,-0.11913919413919412,0.3484120546422578,-0.35534178593099597,0.13136528720903798
1273,VCaP,CTCF,TcMar-Pogo,0.04032258064516129,0.8265622209634641,-0.31290243144234164,0.3837488583596517
1274,VCaP,CTCF,hAT?,-0.044461420932009166,0.8028359053046912,-0.3771086127807755,0.2983460790975965
1275,VCaP,CTCF,hAT-hAT19,-0.2441176470588235,0.3622134961419501,-0.6644745589347925,0.2935872713114979
1276,VCaP,H3K27ac,Alu,0.0011797023816828242,0.21439253869728248,-0.0006825863262017758,0.0030419829068949553
1277,VCaP,H3K27ac,L1,0.0006671033626050653,0.6276389027448774,-0.002028475585410466,0.003362672616110469
1278,VCaP,H3K27ac,MIR,0.0007669240996041288,0.5812771930719889,-0.001958531099295363,0.0034923679049574745
1279,VCaP,H3K27ac,L2,0.002985062564122681,0.0745094915525171,-0.00029540903453003476,0.006265469915995974
1280,VCaP,H3K27ac,ERVL-MaLR,0.0005518712135096359,0.7828386328556324,-0.003372512719338934,0.004476238147922151
1281,VCaP,H3K27ac,hAT-Charlie,0.0022950595791230034,0.281233708182343,-0.0018794434682725392,0.006469482638029982
1282,VCaP,H3K27ac,ERV1,-0.0014535110350022277,0.6339328052945679,-0.007435833074578238,0.004528915043623243
1283,VCaP,H3K27ac,ERVL,-0.004090267955889918,0.19001676969018133,-0.010207207511526633,0.002026977710885195
1284,VCaP,H3K27ac,TcMar-Tigger,-0.0006754466509422583,0.8315368855037889,-0.006898480841688168,0.005547639855170091
1285,VCaP,H3K27ac,hAT-Tip100,-0.0013329601345375384,0.7584389251725786,-0.009827934505028552,0.0071622066256943505
1286,VCaP,H3K27ac,CR1,-0.0022219831169646384,0.6375840754319149,-0.011466300226071499,0.0070227137794142865
1287,VCaP,H3K27ac,Gypsy,0.004086785604913456,0.6087983850791479,-0.01156393158533851,0.01973550094283269
1288,VCaP,H3K27ac,hAT-Blackjack,0.00015247344992847176,0.985066116387556,-0.0158120373483469,0.016116906528104276
1289,VCaP,H3K27ac,TcMar-Mariner,-0.004072561248451248,0.6199692859880553,-0.020166587928497525,0.012023575474045372
1290,VCaP,H3K27ac,RTE-X,0.0010746498866907542,0.9168835860737474,-0.01910633329593953,0.02125475775648283
1291,VCaP,H3K27ac,ERVK,-0.021925178467821715,0.05938317214524172,-0.04469807303006893,0.0008704907877016796
1292,VCaP,H3K27ac,TcMar-Tc2,0.005529784013971887,0.6550157351867743,-0.018726324696496398,0.02977938727639677
1293,VCaP,H3K27ac,SVA,-0.011007982398148241,0.4395826042504656,-0.03890661945504654,0.0169078030423534
1294,VCaP,H3K27ac,RTE-BovB,0.002416980020296969,0.8698932292335528,-0.026500105604090187,0.031330024039076386
1295,VCaP,H3K27ac,tRNA-RTE,0.019821081154287937,0.21706447997361397,-0.011656383010852313,0.05125930019899371
1296,VCaP,H3K27ac,hAT-Ac,0.034331477690007196,0.058110143698101406,-0.0011898095448611634,0.06976623768176908
1297,VCaP,H3K27ac,hAT,0.0111908546950226,0.5615127583936499,-0.026586142404116483,0.04893593381273574
1298,VCaP,H3K27ac,MULE-MuDR,0.02790546539994604,0.18047723949750064,-0.012944833570866067,0.068662769653192
1299,VCaP,H3K27ac,PiggyBac,-0.026237025592486234,0.2299881960333496,-0.06899226308899752,0.01661441707789458
1300,VCaP,H3K27ac,5S-Deu-L2,-0.008717251811802877,0.7053347818573533,-0.0538573484328602,0.036458400531713134
1301,VCaP,H3K27ac,Helitron,-0.008314039918956352,0.7320885881646884,-0.0558630046395867,0.03927255164513471
1302,VCaP,H3K27ac,hAT-Tag1,-0.007887639043007726,0.7462844306243136,-0.05562086852911347,0.03988156312773708
1303,VCaP,H3K27ac,tRNA,0.011637336191895324,0.6518072804874786,-0.03889973353658128,0.062115024318513845
1304,VCaP,H3K27ac,Penelope,-0.027674070455405885,0.4778604257200453,-0.10378618132221065,0.04876027942114059
1305,VCaP,H3K27ac,TcMar-Tc1,-0.011434597439898053,0.7702133327667228,-0.0879677513703809,0.06523276120591155
1306,VCaP,H3K27ac,Dong-R4,0.05757090045410483,0.23462118534400567,-0.03749873950816582,0.151607743981371
1307,VCaP,H3K27ac,tRNA-Deu,-0.06584995261808664,0.1790348408040505,-0.16085128624107042,0.03036037501053988
1308,VCaP,H3K27ac,Kolobok,0.0343850134164066,0.5184287285223272,-0.06998413817603584,0.1380095228557442
1309,VCaP,H3K27ac,PIF-Harbinger,0.003737499880911823,0.9445343158076503,-0.10128269441557398,0.10867531412169966
1310,VCaP,H3K27ac,Crypton,0.0006078810222737922,0.9918914637114974,-0.11620476614403406,0.11740394122846276
1311,VCaP,H3K27ac,Merlin,0.029560251817724,0.6686856037685076,-0.10563867878316643,0.1636861724577673
1312,VCaP,H3K27ac,TcMar,0.12315237899877407,0.08003455608099291,-0.01533296738298,0.2570018632076964
1313,VCaP,H3K27ac,L1-Tx1,-0.0030429714714417244,0.9718478576206283,-0.1706717370634556,0.1647569817114317
1314,VCaP,H3K27ac,Crypton-A,-0.07709728778563942,0.3814295906813243,-0.24561960525112245,0.09594855295544798
1315,VCaP,H3K27ac,I-Jockey,-0.06890000926698175,0.47653245508276654,-0.2539247994913054,0.12098937357398593
1316,VCaP,H3K27ac,hAT-Tip100?,0.060714285714285714,0.6336602928663706,-0.18812221521309275,0.30222629369521375
1317,VCaP,H3K27ac,TcMar-Pogo,0.22763929618768325,0.21019910114129883,-0.13609304395086788,0.5372910131013945
1318,VCaP,H3K27ac,hAT?,0.09488158899923606,0.5935056713509288,-0.2520900437980761,0.42023645817784033
1319,VCaP,H3K27ac,hAT-hAT19,-0.07058823529411765,0.795039302337628,-0.5476222736656013,0.4410769542672359
1320,C4-2B,CTCF,Alu,0.0005203078073123837,0.5850768928601966,-0.0013474838237423437,0.0023880958080341234
1321,C4-2B,CTCF,L1,-0.0015536362665788306,0.2595125033697743,-0.004254239020617822,0.0011469891498367033
1322,C4-2B,CTCF,MIR,-0.0005737999322829591,0.6802019772730552,-0.003302225542409493,0.002154634220958051
1323,C4-2B,CTCF,L2,-0.0010981356320946384,0.5120107720210427,-0.0043805184072841785,0.0021842708060011884
1324,C4-2B,CTCF,ERVL-MaLR,-0.000987009679772533,0.622959546459092,-0.0049216107675677774,0.002947621968252762
1325,C4-2B,CTCF,hAT-Charlie,-0.001661365020584485,0.43623495618576835,-0.005843630825906559,0.0025209589047306973
1326,C4-2B,CTCF,ERV1,-0.002722534674747181,0.37546906433916305,-0.008743134947362651,0.0032982629766481544
1327,C4-2B,CTCF,ERVL,0.00039541299621620544,0.899382359434808,-0.005733812857586567,0.006524609140874383
1328,C4-2B,CTCF,TcMar-Tigger,-0.003899183534208768,0.22026799544467188,-0.010133346671835594,0.002335282704660621
1329,C4-2B,CTCF,hAT-Tip100,0.0036228598874296684,0.4035831971544225,-0.004878551045861259,0.012123747169040924
1330,C4-2B,CTCF,CR1,0.0017255518557273781,0.7147703591884687,-0.007528591609258713,0.010979399779610368
1331,C4-2B,CTCF,Gypsy,-0.016561037815301737,0.03818280985908753,-0.0322126571849774,-0.0009012979881948865
1332,C4-2B,CTCF,hAT-Blackjack,0.006473453341320987,0.42764715305860856,-0.009521912077427254,0.022465506818874787
1333,C4-2B,CTCF,TcMar-Mariner,-0.004996727741867813,0.5444053693309044,-0.02115043561444842,0.01115958833191732
1334,C4-2B,CTCF,RTE-X,0.0006026471065901883,0.9533464559473461,-0.019584577418196376,0.020789380456789477
1335,C4-2B,CTCF,ERVK,-0.006413234992619721,0.5854432684563997,-0.02945068534849726,0.016631024972481458
1336,C4-2B,CTCF,TcMar-Tc2,0.007564269290879653,0.5420636043810804,-0.016752211755580504,0.03187180774290239
1337,C4-2B,CTCF,SVA,-0.012758747169921602,0.37268189760187,-0.040791861637690774,0.015294437985775221
1338,C4-2B,CTCF,RTE-BovB,0.010923612719570689,0.4594155448998548,-0.01801703460685892,0.03984597104183534
1339,C4-2B,CTCF,tRNA-RTE,0.010628582870342976,0.508391881519862,-0.020870757745248828,0.04210684367970816
1340,C4-2B,CTCF,hAT-Ac,0.012285814594672175,0.4986001007586204,-0.023299373119607936,0.04783990961153578
1341,C4-2B,CTCF,hAT,0.023087643028738072,0.23154824741802849,-0.014744011260547609,0.06085328979870721
1342,C4-2B,CTCF,MULE-MuDR,0.022259339770136128,0.2854155089775982,-0.01859021761369145,0.0630347076010753
1343,C4-2B,CTCF,PiggyBac,0.005211179304461038,0.8120278831678798,-0.037725559674044964,0.04812871207573443
1344,C4-2B,CTCF,5S-Deu-L2,0.022104427504435496,0.33772515670188097,-0.023096582891210204,0.06721524955833583
1345,C4-2B,CTCF,Helitron,0.024653602423763857,0.3118239116424169,-0.02313432062370669,0.07232911985803639
1346,C4-2B,CTCF,hAT-Tag1,0.00600112080727846,0.8057299394437545,-0.04180731741926739,0.05378214089443492
1347,C4-2B,CTCF,tRNA,0.02151071842478152,0.40449545382331364,-0.029072811619832144,0.07198435809139252
1348,C4-2B,CTCF,Penelope,0.04137478477190575,0.2907292424999121,-0.035436650269166835,0.11770025457726839
1349,C4-2B,CTCF,TcMar-Tc1,0.0843725497266283,0.03123222833823898,0.0075013620334137615,0.16025239457738194
1350,C4-2B,CTCF,Dong-R4,-0.0373263698564597,0.4411669994454318,-0.13167993635735378,0.05769745476446607
1351,C4-2B,CTCF,tRNA-Deu,0.08418264173207879,0.08561133633685086,-0.0119982251581029,0.1788200578350725
1352,C4-2B,CTCF,Kolobok,0.04426719577535675,0.40634450410262624,-0.06029699689151514,0.1478703958556957
1353,C4-2B,CTCF,PIF-Harbinger,-0.08734505745333308,0.10331280719340373,-0.19077112492527257,0.017998946269754224
1354,C4-2B,CTCF,Crypton,0.06949480691683683,0.24389002491783193,-0.047628515332311605,0.1847330701380979
1355,C4-2B,CTCF,Merlin,-0.046995070934744136,0.4971613445656484,-0.1809878244826118,0.0887105417283211
1356,C4-2B,CTCF,TcMar,0.01544819493267785,0.8272650446325756,-0.12287299588834447,0.15318062841727761
1357,C4-2B,CTCF,L1-Tx1,0.12784213887382165,0.1365507808478033,-0.04143624162347936,0.28998603317247695
1358,C4-2B,CTCF,Crypton-A,0.17362686284648016,0.0482043272160628,0.00017932399231407832,0.33693270661666913
1359,C4-2B,CTCF,I-Jockey,-0.08801779260494857,0.36276637330339867,-0.2719635880798903,0.10213336224628125
1360,C4-2B,CTCF,hAT-Tip100?,-0.010402097902097902,0.9344563843859626,-0.25366396302842975,0.23409728007700448
1361,C4-2B,CTCF,TcMar-Pogo,-0.18695014662756596,0.3055790562704278,-0.5052251546195377,0.17609275240463745
1362,C4-2B,CTCF,hAT?,-0.2730614973262032,0.12416545741103842,-0.5680351164166518,0.08408014798853512
1363,C4-2B,CTCF,hAT-hAT19,0.4176470588235294,0.1074740793993006,-0.12136572341538931,0.7664411434756573
1364,C4-2B,H3K27ac,Alu,0.0012385046291635618,0.19367416327149714,-0.000629052851746935,0.0031060534708598512
1365,C4-2B,H3K27ac,L1,0.003813440648660093,0.005695347808516796,0.001110117109924659,0.006516708450804785
1366,C4-2B,H3K27ac,MIR,-0.0020209683457313,0.15348038475395692,-0.004796040811472359,0.0007541352475504026
1367,C4-2B,H3K27ac,L2,0.0019863148816337303,0.23572217219064842,-0.001296941682625187,0.0052695286222325345
1368,C4-2B,H3K27ac,ERVL-MaLR,-0.00018017709174160136,0.9285705947082268,-0.0041195511301556215,0.0037592025388974086
1369,C4-2B,H3K27ac,hAT-Charlie,0.0035291995917451266,0.10149696489908182,-0.0006946433067610341,0.007752916564604322
1370,C4-2B,H3K27ac,ERV1,-0.0017134062708724467,0.5780475098064612,-0.007750635463972777,0.004323947826109339
1371,C4-2B,H3K27ac,ERVL,0.004828537460089196,0.12315188542530894,-0.0013101209823643543,0.010966832006845641
1372,C4-2B,H3K27ac,TcMar-Tigger,0.008202183611116071,0.010994555347943443,0.001880156359314973,0.014523555236585776
1373,C4-2B,H3K27ac,hAT-Tip100,-0.0003542674605185096,0.9352476273062399,-0.008900531730124459,0.008192048559829345
1374,C4-2B,H3K27ac,CR1,-0.0064971116713882695,0.17005217463972983,-0.01577731450235822,0.0027842104324423385
1375,C4-2B,H3K27ac,Gypsy,-0.007527732130427723,0.347217191896535,-0.02322021798318965,0.00816846227864678
1376,C4-2B,H3K27ac,hAT-Blackjack,0.0030036863919038316,0.7197024495608537,-0.013401076545855376,0.019406832792769203
1377,C4-2B,H3K27ac,TcMar-Mariner,0.007252152234694121,0.40597828533903224,-0.009852988556426058,0.024353050101196667
1378,C4-2B,H3K27ac,RTE-X,0.0013336381519710504,0.8970079238296669,-0.01885814743112301,0.021524336321261762
1379,C4-2B,H3K27ac,ERVK,0.017919864320372694,0.12824915546784588,-0.005173611295665818,0.04099423597729555
1380,C4-2B,H3K27ac,TcMar-Tc2,0.022746233265039384,0.07286842770542316,-0.002112566163322372,0.047576937409294896
1381,C4-2B,H3K27ac,SVA,0.009463728798353934,0.5087293031667335,-0.018605657060287682,0.03751820847878944
1382,C4-2B,H3K27ac,RTE-BovB,0.006414394105154527,0.6640931867017192,-0.022533640126346677,0.03535168150614075
1383,C4-2B,H3K27ac,tRNA-RTE,-0.01557365508612396,0.33819241655266796,-0.04741586516512101,0.016300175101060233
1384,C4-2B,H3K27ac,hAT-Ac,0.006684975871988962,0.713544439114149,-0.029001945172182853,0.04235487688963715
1385,C4-2B,H3K27ac,hAT,-0.01601182683598107,0.41506917549420097,-0.05447387505633255,0.02249766550920704
1386,C4-2B,H3K27ac,MULE-MuDR,0.03439803230553235,0.09924089819366484,-0.006512968054691296,0.07519407553641617
1387,C4-2B,H3K27ac,PiggyBac,-0.010257504965415236,0.6490267125334104,-0.05438630919235563,0.03391128960507824
1388,C4-2B,H3K27ac,5S-Deu-L2,-0.002584203902202615,0.9115323465003948,-0.04813993514224936,0.04298225605968729
1389,C4-2B,H3K27ac,Helitron,0.014171338998496432,0.5652503501123893,-0.034126450721296206,0.062403091555101535
1390,C4-2B,H3K27ac,hAT-Tag1,-0.014672373951702594,0.547738613017403,-0.06244137376233717,0.033163695429007815
1391,C4-2B,H3K27ac,tRNA,-0.03795622134520894,0.14524597336472828,-0.08886032130529739,0.013145634094670136
1392,C4-2B,H3K27ac,Penelope,-0.03029137561285097,0.44178413438209607,-0.10713897323162144,0.04691600179691356
1393,C4-2B,H3K27ac,TcMar-Tc1,-0.03782206992985517,0.35105035073077717,-0.11688435373236321,0.041716584075648655
1394,C4-2B,H3K27ac,Dong-R4,0.007937148406775505,0.8699457735227079,-0.08691653295691168,0.10264821097733667
1395,C4-2B,H3K27ac,tRNA-Deu,-0.02801597848805533,0.5725706665865824,-0.1247800841897516,0.06927604748017495
1396,C4-2B,H3K27ac,Kolobok,-0.06714480323381768,0.21891334061877354,-0.17285804746641745,0.04009777183980167
1397,C4-2B,H3K27ac,PIF-Harbinger,0.004755603203188251,0.9305862200195145,-0.10197355538436188,0.11137652598583803
1398,C4-2B,H3K27ac,Crypton,0.02918309616695576,0.6382041248585546,-0.09235683157674171,0.14986618970475907
1399,C4-2B,H3K27ac,Merlin,-0.0682331364298744,0.35215838306940417,-0.20945987415566256,0.07578214547390992
1400,C4-2B,H3K27ac,TcMar,0.0040967727949837275,0.9557432289444134,-0.1398656266427035,0.1478895568125644
1401,C4-2B,H3K27ac,L1-Tx1,-0.12357637825281284,0.15023780637948836,-0.2859697569748553,0.045717132703606944
1402,C4-2B,H3K27ac,Crypton-A,0.07013336720688375,0.4446282436582515,-0.10995596974101325,0.24576424304456496
1403,C4-2B,H3K27ac,I-Jockey,0.1642943193401909,0.08779813570040132,-0.025846127612765557,0.34296227866818974
1404,C4-2B,H3K27ac,hAT-Tip100?,-0.05192307692307692,0.6836607870656445,-0.2941347000016139,0.19655535629919313
1405,C4-2B,H3K27ac,TcMar-Pogo,0.13842364532019702,0.4739276119724565,-0.24200184106609052,0.4819610375533836
1406,C4-2B,H3K27ac,hAT?,-0.06651069518716578,0.7130594140459106,-0.40100285886659837,0.28363007053912226
1407,C4-2B,H3K27ac,hAT-hAT19,0.4272727272727273,0.189943724965427,-0.26114096801319425,0.8275914263962844
1408,RWPE2,CTCF,Alu,-0.001262989899265713,0.18415260526620605,-0.0031268910413706705,0.00060092001847036
1409,RWPE2,CTCF,L1,-0.0004191836768357333,0.7605030978304674,-0.0031144850872490857,0.0022761238240375896
1410,RWPE2,CTCF,MIR,-0.00021599154444443922,0.8766290287775875,-0.002942890981688326,0.0025109111050212246
1411,RWPE2,CTCF,L2,-0.0008340124927161658,0.6182506906413654,-0.00411421051417373,0.0024462034762989496
1412,RWPE2,CTCF,ERVL-MaLR,-0.0006484784877553454,0.746120216554722,-0.004574189462372829,0.0032772524746442835
1413,RWPE2,CTCF,hAT-Charlie,-0.0035535343028343775,0.09539226055603305,-0.007729930560282655,0.0006229859233800644
1414,RWPE2,CTCF,ERV1,0.0032727097089105205,0.2838630525617135,-0.0027126712181039184,0.009257856154357418
1415,RWPE2,CTCF,ERVL,-0.00031850732916306046,0.9187375695104261,-0.006437214168565717,0.005800223359255007
1416,RWPE2,CTCF,TcMar-Tigger,-0.0015939416101871814,0.6157639619828972,-0.007818750603151538,0.004630990910428721
1417,RWPE2,CTCF,hAT-Tip100,-0.001394861870701259,0.7476218812551324,-0.009890788377932757,0.007101266006094725
1418,RWPE2,CTCF,CR1,-0.002366357158865905,0.6159380864123241,-0.011611994384054062,0.006879684647266199
1419,RWPE2,CTCF,Gypsy,0.02020592527152103,0.011382777633279606,0.0045563558199806726,0.035845599714138955
1420,RWPE2,CTCF,hAT-Blackjack,0.003330753162939554,0.6827890081884931,-0.012643446634479983,0.01930325327209966
1421,RWPE2,CTCF,TcMar-Mariner,-0.005165477360603027,0.529796891935032,-0.021275946438384888,0.010947673605616473
1422,RWPE2,CTCF,RTE-X,-0.004890092229133632,0.6347982912323495,-0.025064025329108675,0.0152878221651471
1423,RWPE2,CTCF,ERVK,-0.00019342163133263395,0.9867396113327758,-0.02299969969946359,0.02261305764594337
1424,RWPE2,CTCF,TcMar-Tc2,-0.004405579599060056,0.7218435575237143,-0.028654190888741257,0.01984821381727625
1425,RWPE2,CTCF,SVA,0.008785540049617303,0.5376239255505234,-0.01914927219106736,0.036706646301926854
1426,RWPE2,CTCF,RTE-BovB,0.019762993803831803,0.18038357997886792,-0.009157105577193268,0.04865005960810423
1427,RWPE2,CTCF,tRNA-RTE,0.0035714215603109907,0.824165369188429,-0.027927351904015945,0.03506310959426231
1428,RWPE2,CTCF,hAT-Ac,0.006541275845542526,0.718150459088827,-0.0289752173965181,0.04204127343716677
1429,RWPE2,CTCF,hAT,0.010415148615946154,0.5890947512403073,-0.027375254407383722,0.048175823765101856
1430,RWPE2,CTCF,MULE-MuDR,0.05119248802897342,0.013886527586692465,0.010395299662758373,0.09181953056412803
1431,RWPE2,CTCF,PiggyBac,-0.017445298502684035,0.42482644936490677,-0.06022896305335075,0.02540234623839193
1432,RWPE2,CTCF,5S-Deu-L2,0.016801497049617916,0.465982557758309,-0.028371667201467776,0.061906175160488255
1433,RWPE2,CTCF,Helitron,0.04556569717952839,0.060793680644244695,-0.0020899003184830954,0.09301479824311246
1434,RWPE2,CTCF,hAT-Tag1,0.002022911309646408,0.9338702678718603,-0.04573499398406052,0.049771590565149064
1435,RWPE2,CTCF,tRNA,-0.0009994052372621959,0.9690881617374745,-0.051509312745679124,0.0495156022578772
1436,RWPE2,CTCF,Penelope,0.03673432954825695,0.3460640779845435,-0.039719495591459354,0.11276054146949105
1437,RWPE2,CTCF,TcMar-Tc1,0.010487717522010378,0.78924595343498,-0.06635169939227556,0.08720347496460293
1438,RWPE2,CTCF,Dong-R4,0.09681285399440967,0.04531413258258982,0.0018223021371518045,0.19007189939408084
1439,RWPE2,CTCF,tRNA-Deu,0.04900711489275449,0.3175268169670552,-0.04718712355323274,0.14430072363872945
1440,RWPE2,CTCF,Kolobok,-0.032820101086054494,0.5388108544877733,-0.1367622216450505,0.07183684092936321
1441,RWPE2,CTCF,PIF-Harbinger,0.019132685197995266,0.7217069959447687,-0.08602975235556598,0.12387348309559669
1442,RWPE2,CTCF,Crypton,-0.06345585472215508,0.287400950690964,-0.17884506360715702,0.05365529173548756
1443,RWPE2,CTCF,Merlin,-0.14610098257325274,0.033494342495825294,-0.27609431447247873,-0.010858513778469733
1444,RWPE2,CTCF,TcMar,0.03265907158470791,0.6436725086627285,-0.10556189681097018,0.16964199149479411
1445,RWPE2,CTCF,L1-Tx1,0.10385306929834548,0.2271627259240962,-0.06544845925813714,0.26734280390149945
1446,RWPE2,CTCF,Crypton-A,0.10558204649252338,0.23005476324422264,-0.06763964605491643,0.27262473698374595
1447,RWPE2,CTCF,I-Jockey,-0.19591326105087578,0.04118693481741368,-0.3719339472038004,-0.006292515426175322
1448,RWPE2,CTCF,hAT-Tip100?,-0.018956043956043955,0.8818118272172303,-0.26355833185363553,0.22793659706708896
1449,RWPE2,CTCF,TcMar-Pogo,-0.2382697947214076,0.18910213638987597,-0.5455507426166177,0.12548184731993867
1450,RWPE2,CTCF,hAT?,-0.15935828877005345,0.3680000296621848,-0.4738131493069463,0.19113946059771084
1451,RWPE2,CTCF,hAT-hAT19,-0.19117647058823528,0.47816401281702825,-0.6304114123813899,0.3407869677255128
1452,RWPE2,H3K27ac,Alu,0.0014013517812682319,0.14096679489079125,-0.0004642917250469905,0.0032669855324532764
1453,RWPE2,H3K27ac,L1,-0.0024500547008985797,0.07487014932480697,-0.0051458802298006145,0.0002458064401116143
1454,RWPE2,H3K27ac,MIR,-0.0022329460295688196,0.1086326410827698,-0.0049607762658613105,0.0004949174382551305
1455,RWPE2,H3K27ac,L2,0.0018450722823793596,0.2702993970942469,-0.0014353776211680387,0.0051254824753292775
1456,RWPE2,H3K27ac,ERVL-MaLR,-0.0012752375042175625,0.5244928503902222,-0.00520241652959362,0.0026519808569168855
1457,RWPE2,H3K27ac,hAT-Charlie,-0.00026759078235237473,0.9001135487941532,-0.004446000411278995,0.003910828190388026
1458,RWPE2,H3K27ac,ERV1,0.004557198719401023,0.13573434167178725,-0.0014299421453530265,0.01054401288182228
1459,RWPE2,H3K27ac,ERVL,-0.0002835865233570924,0.9276432725240226,-0.0064041740594815676,0.005837022260047998
1460,RWPE2,H3K27ac,TcMar-Tigger,-0.0022682188153902356,0.4752706067709973,-0.00849503116896679,0.003958769436227617
1461,RWPE2,H3K27ac,hAT-Tip100,0.0017107022187929654,0.6932257151632067,-0.0067887968125334396,0.010209954089250352
1462,RWPE2,H3K27ac,CR1,-0.0033838958776889775,0.47325045012474365,-0.012630846060309026,0.005863633035170968
1463,RWPE2,H3K27ac,Gypsy,-0.004217944435861161,0.5973737448893295,-0.019867612610948552,0.011433790100164553
1464,RWPE2,H3K27ac,hAT-Blackjack,0.012816978621915902,0.11607472413261816,-0.003169493427561124,0.028796901078510847
1465,RWPE2,H3K27ac,TcMar-Mariner,0.0047903043522481495,0.5607987000307412,-0.011351182837366407,0.02092929566587745
1466,RWPE2,H3K27ac,RTE-X,0.006140262226082744,0.5508962801715306,-0.014037952486290245,0.026313477846124644
1467,RWPE2,H3K27ac,ERVK,-0.015536453257637802,0.1823223169769873,-0.03835534773370224,0.007298636333624914
1468,RWPE2,H3K27ac,TcMar-Tc2,0.004181409029112836,0.7354719294932436,-0.020074144592914032,0.028432043450482766
1469,RWPE2,H3K27ac,SVA,-0.03356544857324622,0.018574715113652485,-0.061465082879824925,-0.005613403063958623
1470,RWPE2,H3K27ac,RTE-BovB,0.01170552008567052,0.42756049691415077,-0.017213340670284395,0.04060481274365136
1471,RWPE2,H3K27ac,tRNA-RTE,-0.005060747927320389,0.7529387925111045,-0.03655878868475411,0.02644733809486923
1472,RWPE2,H3K27ac,hAT-Ac,-0.00910915191053122,0.6152272488376833,-0.04460484307599223,0.02640951005978322
1473,RWPE2,H3K27ac,hAT,0.005230075911425036,0.7862485941178539,-0.032562245086479355,0.04300746259306761
1474,RWPE2,H3K27ac,MULE-MuDR,-0.015575045582737944,0.45452597999232247,-0.0563427715244003,0.02524453046670601
1475,RWPE2,H3K27ac,PiggyBac,0.012261917217540464,0.5750291419936128,-0.03060164072515487,0.055080458449049505
1476,RWPE2,H3K27ac,5S-Deu-L2,-0.021854405527275363,0.3433475860584613,-0.0669780834528489,0.023358488504708206
1477,RWPE2,H3K27ac,Helitron,-0.03815588914504418,0.11645202700741235,-0.08564388606598036,0.009505077866379769
1478,RWPE2,H3K27ac,hAT-Tag1,-0.04471565773049216,0.06649418049189722,-0.09229574465700362,0.003068163878713053
1479,RWPE2,H3K27ac,tRNA,0.02119341292054146,0.41130835856751236,-0.029372988630076625,0.07165161632008443
1480,RWPE2,H3K27ac,Penelope,-0.0721188964825561,0.06407357409165573,-0.14772038621503386,0.004320491614376694
1481,RWPE2,H3K27ac,TcMar-Tc1,-0.04041172966962396,0.3024852190455883,-0.11680563662298608,0.03645757703464314
1482,RWPE2,H3K27ac,Dong-R4,0.09293002992156998,0.054720632811245416,-0.0020783156414086123,0.18627569486856113
1483,RWPE2,H3K27ac,tRNA-Deu,0.0004893588042635919,0.9920508126179843,-0.09554527750566519,0.09651496958905297
1484,RWPE2,H3K27ac,Kolobok,0.04700362849204601,0.37792414479843106,-0.057570883445120555,0.15055786910292734
1485,RWPE2,H3K27ac,PIF-Harbinger,0.02584974721872713,0.6308249061155653,-0.07951481375104014,0.13064308630944402
1486,RWPE2,H3K27ac,Crypton,-0.06552972599574515,0.2719064362464865,-0.18086780206016495,0.051586328227142965
1487,RWPE2,H3K27ac,Merlin,0.053840943299945314,0.4365669408058537,-0.08192044692106955,0.18764062359405817
1488,RWPE2,H3K27ac,TcMar,0.059319853083417716,0.40169368534569616,-0.07950261411602012,0.1958851665631964
1489,RWPE2,H3K27ac,L1-Tx1,0.08458247235726743,0.3257532980385186,-0.08462969178383609,0.2490527880270421
1490,RWPE2,H3K27ac,Crypton-A,0.01158661333832303,0.8954998203051063,-0.1602630417655147,0.1827545330279628
1491,RWPE2,H3K27ac,I-Jockey,0.07018811972940413,0.46830946732297385,-0.11972214565770067,0.2551432754561814
1492,RWPE2,H3K27ac,hAT-Tip100?,-0.08186813186813185,0.5201478419936445,-0.3215900703257031,0.1677163953560014
1493,RWPE2,H3K27ac,TcMar-Pogo,-0.03042521994134897,0.8687066972658026,-0.3752116671227484,0.32175699976164623
1494,RWPE2,H3K27ac,hAT?,-0.07379679144385026,0.678305416334068,-0.4023335517569257,0.27157891261001
1495,RWPE2,H3K27ac,hAT-hAT19,-0.2529411764705882,0.34456303133749866,-0.6700175745636892,0.28550911342227914
1496,RWPE2,H3K36me3,Alu,-0.0007841838068321765,0.40927698816247515,-0.0026467989316802227,0.001078436759227928
1497,RWPE2,H3K36me3,L1,0.002398923868865594,0.08105710680144508,-0.0002961650354949123,0.0050939779242889635
1498,RWPE2,H3K36me3,MIR,-3.0293016185309392e-05,0.9826224446289789,-0.0027561731082782117,0.002695587526087472
1499,RWPE2,H3K36me3,L2,-3.700094051286956e-05,0.9823605638466977,-0.0033170438788641754,0.0032430427940013115
1500,RWPE2,H3K36me3,ERVL-MaLR,0.0024186247462705257,0.22709146264057262,-0.0015059446936934652,0.006343119682709865
1501,RWPE2,H3K36me3,hAT-Charlie,-0.0026862363116620302,0.20723697123649137,-0.006860693795226397,0.0014883147958974696
1502,RWPE2,H3K36me3,ERV1,0.0050754376854058765,0.0963773888940527,-0.0009075414911098589,0.011058053513489735
1503,RWPE2,H3K36me3,ERVL,-0.00535902557184185,0.08598587192698731,-0.011476160583821398,0.0007585105403625712
1504,RWPE2,H3K36me3,TcMar-Tigger,-0.0021570739509916047,0.49690484821277137,-0.008380031177051049,0.004066050346556372
1505,RWPE2,H3K36me3,hAT-Tip100,0.0037356276141938725,0.38871057554259025,-0.004758677520490454,0.012229393700445434
1506,RWPE2,H3K36me3,CR1,0.001914240242366256,0.6848504944189067,-0.0073300278631565265,0.01115818118975384
1507,RWPE2,H3K36me3,Gypsy,0.004003786194170379,0.6160029689721573,-0.011642928458755726,0.019648540649966212
1508,RWPE2,H3K36me3,hAT-Blackjack,-0.012599431355243974,0.12187619837771035,-0.02855720469068918,0.0033647624849676536
1509,RWPE2,H3K36me3,TcMar-Mariner,-0.009172770598838302,0.2639887102112166,-0.025263575922656007,0.006922786445216262
1510,RWPE2,H3K36me3,RTE-X,-0.004202357982375087,0.6831237967782657,-0.024375596853248135,0.015974301908513566
1511,RWPE2,H3K36me3,ERVK,-0.001959451007410113,0.8662649201206469,-0.02476011540070684,0.020843250896521854
1512,RWPE2,H3K36me3,TcMar-Tc2,0.00473359260070284,0.7020024592570546,-0.019512915105907528,0.0289745357667513
1513,RWPE2,H3K36me3,SVA,-0.00018250618501512803,0.9897887718021736,-0.02812612720994287,0.02776139986126228
1514,RWPE2,H3K36me3,RTE-BovB,-0.001395426038541873,0.9246519675656912,-0.03030626263913875,0.027517743450785417
1515,RWPE2,H3K36me3,tRNA-RTE,-0.007608355359113092,0.6357032850051039,-0.03907061618500823,0.02386897617843508
1516,RWPE2,H3K36me3,hAT-Ac,0.010940592945640664,0.545985814812664,-0.024573570987739476,0.046427177236263405
1517,RWPE2,H3K36me3,hAT,0.008568581720543762,0.6565901141574192,-0.029199129134540064,0.046311862144428825
1518,RWPE2,H3K36me3,MULE-MuDR,-0.0005114034854780711,0.9804096272468168,-0.041311605295457285,0.04029050101824056
1519,RWPE2,H3K36me3,PiggyBac,-0.014318475262264487,0.5123568293489222,-0.05710085120045883,0.028516390864188255
1520,RWPE2,H3K36me3,5S-Deu-L2,0.011603188641155691,0.6147393860935491,-0.0335763666245768,0.05673541847717974
1521,RWPE2,H3K36me3,Helitron,0.00500338826916252,0.8369153396697944,-0.04261939021755909,0.05260348233925903
1522,RWPE2,H3K36me3,hAT-Tag1,-0.05042032616478568,0.038501831637686015,-0.09796802704689163,-0.0026429613305039026
1523,RWPE2,H3K36me3,tRNA,0.03749326483766109,0.14599380561819303,-0.013078524553394387,0.08787373231970039
1524,RWPE2,H3K36me3,Penelope,0.08235061409251423,0.034275395372037214,0.0060006771537758396,0.1577459861273846
1525,RWPE2,H3K36me3,TcMar-Tc1,0.016647578454716438,0.6711105483142917,-0.06015958786665823,0.09325877214843345
1526,RWPE2,H3K36me3,Dong-R4,0.0638183771675554,0.18758155951300806,-0.031253559967981966,0.15774587374032165
1527,RWPE2,H3K36me3,tRNA-Deu,0.07411244578395855,0.13033653365838374,-0.022090690141831505,0.16895567626290314
1528,RWPE2,H3K36me3,Kolobok,-0.07938258429603944,0.13549896315130783,-0.1821260880563919,0.02507565725250579
1529,RWPE2,H3K36me3,PIF-Harbinger,-0.07886493149142737,0.14147407703613277,-0.1824936865545802,0.026496775890041575
1530,RWPE2,H3K36me3,Crypton,-0.1233397481098002,0.03811309866311443,-0.23695532471456246,-0.006396001587525004
1531,RWPE2,H3K36me3,Merlin,-0.07448470601394079,0.28031938362431136,-0.2073343717872005,0.06106247699398952
1532,RWPE2,H3K36me3,TcMar,-0.030255528025523233,0.6682790601007758,-0.1672992636449272,0.1079352266769107
1533,RWPE2,H3K36me3,L1-Tx1,0.17801383107934088,0.03741927295006515,0.009279319993447324,0.3368915466467177
1534,RWPE2,H3K36me3,Crypton-A,0.07202330668539705,0.4136392006272269,-0.1009690297148089,0.2407882668520161
1535,RWPE2,H3K36me3,I-Jockey,-0.09190992493744787,0.3418486713226059,-0.27562409869362403,0.09828180142751412
1536,RWPE2,H3K36me3,hAT-Tip100?,0.10650183150183148,0.4022508521673185,-0.1437484243473985,0.3439498926957059
1537,RWPE2,H3K36me3,TcMar-Pogo,-0.3079178885630498,0.08643995883637089,-0.5984487330790921,0.05418656666200754
1538,RWPE2,H3K36me3,hAT?,-0.20763941940412528,0.23865909579869532,-0.5127820801118628,0.14408119578632184
1539,RWPE2,H3K36me3,hAT-hAT19,-0.09411764705882353,0.7288144270239805,-0.5643516795393834,0.4222291056157042
1540,22Rv1,CTCF,Alu,0.0009819523258046362,0.3011590463009908,-0.0008794433262581174,0.0028433411733610947
1541,22Rv1,CTCF,L1,0.0004558854564824758,0.7402315189772879,-0.0022391139206785885,0.0031508782114465623
1542,22Rv1,CTCF,MIR,0.00045684831255844233,0.7424444426052478,-0.0022679126032414984,0.0031816024447958564
1543,22Rv1,CTCF,L2,-0.002090773926980925,0.2115360116720868,-0.005370705939553539,0.0011892030713048164
1544,22Rv1,CTCF,ERVL-MaLR,0.0007003702750356626,0.7264076871880715,-0.0032226551803097706,0.004623374172911609
1545,22Rv1,CTCF,hAT-Charlie,0.0011096766193971564,0.6022469267418857,-0.0030634650596510593,0.005282779648471691
1546,22Rv1,CTCF,ERV1,0.0034115827106322855,0.26356664244424277,-0.002569282843174441,0.009392204201794796
1547,22Rv1,CTCF,ERVL,-0.0024980337764042002,0.42333017205989554,-0.008612907329127936,0.0036170265945446992
1548,22Rv1,CTCF,TcMar-Tigger,0.0021672045684178716,0.49476849675179113,-0.004054226698610737,0.00838846807064519
1549,22Rv1,CTCF,hAT-Tip100,0.007821709855656663,0.07104477581399232,-0.0006707550108580388,0.016313046568945416
1550,22Rv1,CTCF,CR1,-0.0068318631863036,0.1474567832774689,-0.016074571779151954,0.0024120128686739304
1551,22Rv1,CTCF,Gypsy,0.006037274609882051,0.4494581854739692,-0.009608202704486516,0.02167979675505142
1552,22Rv1,CTCF,hAT-Blackjack,0.011897827845018671,0.1438450116497011,-0.0040573978402610915,0.02784699733065337
1553,22Rv1,CTCF,TcMar-Mariner,0.0039017329412167215,0.6344696701401047,-0.012182448206996741,0.019983895548536846
1554,22Rv1,CTCF,RTE-X,0.00010183927516189197,0.99210678830433,-0.020072349702117208,0.020275945356038317
1555,22Rv1,CTCF,ERVK,0.001387132043436642,0.9050460962994883,-0.021401429459065355,0.024174252907483682
1556,22Rv1,CTCF,TcMar-Tc2,0.02173868366900495,0.07878999480248945,-0.002504068391561683,0.04595589844975473
1557,22Rv1,CTCF,SVA,-0.011452221628243268,0.42110878882383296,-0.03933617665070915,0.01644955566115794
1558,22Rv1,CTCF,RTE-BovB,0.011514361507891004,0.43499618703481113,-0.01739499798633668,0.04040448497827799
1559,22Rv1,CTCF,tRNA-RTE,-0.03424371905373881,0.03285978274467151,-0.06563715745906379,-0.0027825579711216976
1560,22Rv1,CTCF,hAT-Ac,0.009686456616367108,0.5930687921163246,-0.025838477414508544,0.04518695614883477
1561,22Rv1,CTCF,hAT,-0.010439226382541321,0.5880259006316846,-0.04817883493386532,0.02733014558631569
1562,22Rv1,CTCF,MULE-MuDR,0.024933627525142135,0.2310535150448336,-0.01588108334689634,0.06566538476382731
1563,22Rv1,CTCF,PiggyBac,-0.0027042931143832724,0.901478653593197,-0.04549388107684558,0.04009520005756287
1564,22Rv1,CTCF,5S-Deu-L2,-0.005521479879990817,0.810616918955622,-0.05064568694170524,0.03962522468731495
1565,22Rv1,CTCF,Helitron,0.005891765819112284,0.8084784599920716,-0.041732681703692674,0.0534895013183024
1566,22Rv1,CTCF,hAT-Tag1,0.012348364379202656,0.6124859711704753,-0.035427783407530285,0.060068198252140485
1567,22Rv1,CTCF,tRNA,0.007006225284153146,0.7858760238629202,-0.04352229158137217,0.05749899008601955
1568,22Rv1,CTCF,Penelope,0.009543744619253431,0.8068142744687195,-0.06688145362682943,0.08585760871934117
1569,22Rv1,CTCF,TcMar-Tc1,-0.02878236245870841,0.4621133225038101,-0.10517393338623819,0.0479469020761431
1570,22Rv1,CTCF,Dong-R4,0.0002816247036295026,0.9953649085494984,-0.09450770592053827,0.0950658947919659
1571,22Rv1,CTCF,tRNA-Deu,-0.04974649523452121,0.31027167045852083,-0.1450281180693164,0.046449312115193
1572,22Rv1,CTCF,Kolobok,-0.012229959420809601,0.8183824102453622,-0.11617398994644636,0.09197905826437477
1573,22Rv1,CTCF,PIF-Harbinger,0.05025038172150218,0.34928442162789,-0.05508624901997934,0.15448079308982401
1574,22Rv1,CTCF,Crypton,0.022672278702495375,0.7041180141435379,-0.09418911016395749,0.13891736480846173
1575,22Rv1,CTCF,Merlin,-0.06559477876674093,0.3418827462083257,-0.19872847381687056,0.06991594025991653
1576,22Rv1,CTCF,TcMar,-0.030197429837431927,0.6688783845143268,-0.1672426211185069,0.10799257992709063
1577,22Rv1,CTCF,L1-Tx1,0.09910659385899542,0.24922930716145314,-0.07018178254276677,0.2628461572190032
1578,22Rv1,CTCF,Crypton-A,-0.0313620609825606,0.7221383319744772,-0.20184284175534437,0.14096325295285028
1579,22Rv1,CTCF,I-Jockey,0.11337225465665834,0.24048160630409238,-0.07696498306992954,0.29573654970521845
1580,22Rv1,CTCF,hAT-Tip100?,-0.03855311355311355,0.7623025155829407,-0.28177870443937225,0.20932821526760137
1581,22Rv1,CTCF,TcMar-Pogo,-0.1312316715542522,0.4740356060172297,-0.4601587837224493,0.22937239447638536
1582,22Rv1,CTCF,hAT?,-0.17219251336898397,0.3301608865003388,-0.4842680889394016,0.17875316072032904
1583,22Rv1,CTCF,hAT-hAT19,0.2529411764705882,0.34456303133749866,-0.28550911342227914,0.6700175745636892
1584,22Rv1,H3K27ac,Alu,-4.806503343979804e-05,0.9596501524454408,-0.001910108524634294,0.0018139787910574992
1585,22Rv1,H3K27ac,L1,-0.0017824021830876813,0.19493732098710115,-0.004477708011874927,0.0009129295431705183
1586,22Rv1,H3K27ac,MIR,0.001294992787612848,0.35164178230016807,-0.001430061032649691,0.004020027374957535
1587,22Rv1,H3K27ac,L2,0.0001306193730973205,0.9377889583358177,-0.003149475856110585,0.00341071179163346
1588,22Rv1,H3K27ac,ERVL-MaLR,0.002888832397829731,0.14900618984037273,-0.0010348167361361787,0.00681239258579004
1589,22Rv1,H3K27ac,hAT-Charlie,0.002050881934462688,0.33551582993135376,-0.0021229480702170266,0.0062246404838237415
1590,22Rv1,H3K27ac,ERV1,-0.0009021665380818702,0.7675258032518735,-0.006883594734812122,0.005079326213894086
1591,22Rv1,H3K27ac,ERVL,0.0021803037252806135,0.4847051492835477,-0.003935317151509304,0.00829576151535571
1592,22Rv1,H3K27ac,TcMar-Tigger,-0.001119088442341444,0.724456923355496,-0.007341160925310786,0.005103070691139296
1593,22Rv1,H3K27ac,hAT-Tip100,-0.0003849910892624376,0.9292084194492456,-0.00887828930866505,0.008108362674034352
1594,22Rv1,H3K27ac,CR1,-0.003826037376955515,0.4172562416855433,-0.013069738877025077,0.0054183180182511585
1595,22Rv1,H3K27ac,Gypsy,0.00520435414990172,0.5144319154195787,-0.0104415276206799,0.020847688281025012
1596,22Rv1,H3K27ac,hAT-Blackjack,0.0034303427817374264,0.6735167695513697,-0.012526924163984834,0.019385862931804942
1597,22Rv1,H3K27ac,TcMar-Mariner,-0.0015752690405704552,0.8478190493852475,-0.017662520671823546,0.014512797992233557
1598,22Rv1,H3K27ac,RTE-X,-0.007440213695084534,0.46980096892121215,-0.02760942784646852,0.012735055925106974
1599,22Rv1,H3K27ac,ERVK,0.010121652491346299,0.38434129806223494,-0.012683607408805569,0.03291638803630126
1600,22Rv1,H3K27ac,TcMar-Tc2,-0.01697108393486127,0.17010307900788657,-0.04120000854213693,0.007277788259172999
1601,22Rv1,H3K27ac,SVA,0.021970010050788004,0.12290131365249801,-0.005946748381857303,0.04985254948913193
1602,22Rv1,H3K27ac,RTE-BovB,0.011093815939779858,0.45205563203976185,-0.01782168888885963,0.03999077916068057
1603,22Rv1,H3K27ac,tRNA-RTE,-0.0027616410521903692,0.8634289691892924,-0.034217725100973304,0.028699909194011577
1604,22Rv1,H3K27ac,hAT-Ac,0.0022701838468794705,0.9003323672113428,-0.03324775510599074,0.037782395911021116
1605,22Rv1,H3K27ac,hAT,-0.013112436528170976,0.49615575415588165,-0.05083945814726987,0.024651955089862714
1606,22Rv1,H3K27ac,MULE-MuDR,0.018959110039643644,0.36260352990919187,-0.02186252664843746,0.0597176345821878
1607,22Rv1,H3K27ac,PiggyBac,-0.015759170896688702,0.4707407004644245,-0.05852732149477227,0.027066722540644572
1608,22Rv1,H3K27ac,5S-Deu-L2,-0.018193264157150352,0.429737776210511,-0.063281509647548,0.02696909945292225
1609,22Rv1,H3K27ac,Helitron,-0.031795477983169076,0.19073870899290932,-0.07929974095310495,0.01585286875156932
1610,22Rv1,H3K27ac,hAT-Tag1,-0.0008751005728077656,0.9713659746639633,-0.048626516109364484,0.04688030610496515
1611,22Rv1,H3K27ac,tRNA,-0.022088231524654903,0.39167951827461256,-0.07252594768030639,0.02846217399772656
1612,22Rv1,H3K27ac,Penelope,0.019787822534582066,0.6118430314305516,-0.05662192925813613,0.09596712054387783
1613,22Rv1,H3K27ac,TcMar-Tc1,0.013414780873014205,0.7318364266660682,-0.06326138719631624,0.08993350720521597
1614,22Rv1,H3K27ac,Dong-R4,0.013913714399886817,0.7740960544315246,-0.08098446178363031,0.10856189789133366
1615,22Rv1,H3K27ac,tRNA-Deu,-0.07647197276127879,0.11850536802489141,-0.1712682729757759,0.01972727864678467
1616,22Rv1,H3K27ac,Kolobok,0.06428602801433715,0.22696272113066096,-0.04017786107336709,0.16735977445903844
1617,22Rv1,H3K27ac,PIF-Harbinger,-0.004865849669348286,0.9278295082964781,-0.10979047392982023,0.10016602464126013
1618,22Rv1,H3K27ac,Crypton,0.005106848447641847,0.9318394031385469,-0.1115578506641322,0.12163269431831945
1619,22Rv1,H3K27ac,Merlin,0.06096372932451466,0.37711788715298167,-0.07452161620866257,0.19423923261177958
1620,22Rv1,H3K27ac,TcMar,-0.013925633602378586,0.8436756558294715,-0.15135179587176034,0.12402865010500859
1621,22Rv1,H3K27ac,L1-Tx1,-0.026985369705331365,0.7542665267908342,-0.1938533013422474,0.1414001445767415
1622,22Rv1,H3K27ac,Crypton-A,0.03936405747836628,0.6553103112965422,-0.13312575716922068,0.2095393397405509
1623,22Rv1,H3K27ac,I-Jockey,0.0734037623945881,0.44812379026796356,-0.11655659517853101,0.2581831488653288
1624,22Rv1,H3K27ac,hAT-Tip100?,0.01932234432234432,0.8795448426970636,-0.2275900056276809,0.26390009818645116
1625,22Rv1,H3K27ac,TcMar-Pogo,-0.12316715542521992,0.5018495355231954,-0.4535253281504284,0.2369480944500325
1626,22Rv1,H3K27ac,hAT?,-0.2058059587471352,0.24292373622626928,-0.511320255845556,0.14589162223426383
1627,22Rv1,H3K27ac,hAT-hAT19,0.12352941176470587,0.6485420669723405,-0.3981954146302434,0.5848677681002367
1628,RWPE1,CTCF,Alu,-0.00010894809016974468,0.9088176104046826,-0.001973384986116523,0.0017554895632116967
1629,RWPE1,CTCF,L1,-0.0011777459853101106,0.39245479625623303,-0.0038769932849505775,0.0015215184764269896
1630,RWPE1,CTCF,MIR,-0.0016377502720530642,0.23894309308049125,-0.004363478498740029,0.001088002290556837
1631,RWPE1,CTCF,L2,0.0003843297950204681,0.8184244875273128,-0.0028968708130680206,0.0036655221275262106
1632,RWPE1,CTCF,ERVL-MaLR,-0.0035934408249026373,0.07297731755257887,-0.007521465635307175,0.00033469487918457065
1633,RWPE1,CTCF,hAT-Charlie,0.001230095104461634,0.563749482588038,-0.0029462771807335234,0.00540642447918487
1634,RWPE1,CTCF,ERV1,0.00274921769785648,0.3695082058946729,-0.0032552557402865208,0.008753492902098717
1635,RWPE1,CTCF,ERVL,0.0014962049584185998,0.6319072458164663,-0.004625364730922261,0.007617662513144014
1636,RWPE1,CTCF,TcMar-Tigger,0.003361287765029888,0.2900578694336873,-0.0028656198524906664,0.009587934726828817
1637,RWPE1,CTCF,hAT-Tip100,-0.010289193425781391,0.01760916571107114,-0.018783496599182735,-0.0017934050393480715
1638,RWPE1,CTCF,CR1,-0.003592188715367966,0.44662173312430276,-0.012842612184563526,0.00565884957219994
1639,RWPE1,CTCF,Gypsy,0.006667659567735435,0.403733328502617,-0.008983863006915558,0.022315915923649045
1640,RWPE1,CTCF,hAT-Blackjack,-0.004923901625506708,0.5457035457061534,-0.020893716600424276,0.011048425339775191
1641,RWPE1,CTCF,TcMar-Mariner,-0.00651012070728641,0.42830680061191184,-0.022615698536318323,0.0095988352890114
1642,RWPE1,CTCF,RTE-X,0.006044399694088141,0.5572369541737461,-0.014139142190494091,0.026223017921093404
1643,RWPE1,CTCF,ERVK,-0.011695534768331808,0.31829607444807095,-0.034654103675108995,0.011275371788217393
1644,RWPE1,CTCF,TcMar-Tc2,0.0006537004871002711,0.9578604575035119,-0.02359080857909872,0.024897441091978553
1645,RWPE1,CTCF,SVA,0.0013412779170210141,0.9249500065174997,-0.026560989032893147,0.02924145655185473
1646,RWPE1,CTCF,RTE-BovB,-0.019323275898709004,0.19032382003004614,-0.048214223266915386,0.009599977371041327
1647,RWPE1,CTCF,tRNA-RTE,0.01051383163058996,0.5127089040743098,-0.020965135719385884,0.041971973618108956
1648,RWPE1,CTCF,hAT-Ac,0.010361851729821684,0.5678725859017673,-0.025192782226286257,0.04589030466910658
1649,RWPE1,CTCF,hAT,-0.018889254285678298,0.32696877928866874,-0.05660981207055382,0.018885152239771434
1650,RWPE1,CTCF,MULE-MuDR,0.030092680641138573,0.14847680934457474,-0.010739643967471523,0.07082481496603495
1651,RWPE1,CTCF,PiggyBac,-0.03586242287065304,0.1009575996521633,-0.07860123746646233,0.007007977379646838
1652,RWPE1,CTCF,5S-Deu-L2,0.040699394796518365,0.07729714759831069,-0.004475959661647521,0.08570896458923072
1653,RWPE1,CTCF,Helitron,-0.0018213914611155064,0.9403392158186619,-0.04948575633159468,0.045851250882256875
1654,RWPE1,CTCF,hAT-Tag1,0.0020358251090403755,0.9334885620218611,-0.04575048614410759,0.049812840390663846
1655,RWPE1,CTCF,tRNA,0.0537191055001452,0.037181113563252835,0.0031620374334265363,0.10400225705551575
1656,RWPE1,CTCF,Penelope,0.05962969377103974,0.12679151908011269,-0.01700659425947586,0.13556944641214871
1657,RWPE1,CTCF,TcMar-Tc1,0.026657694719724134,0.4961592349779247,-0.05012463651495835,0.10312676345081905
1658,RWPE1,CTCF,Dong-R4,-0.015775268996568243,0.7448578381740283,-0.11040284232013263,0.07913573649453985
1659,RWPE1,CTCF,tRNA-Deu,0.012897668528407513,0.7926162886123662,-0.08312421501315746,0.10868226212290477
1660,RWPE1,CTCF,Kolobok,0.09921184867816878,0.062229001769254305,-0.005332904578983074,0.20161129555457846
1661,RWPE1,CTCF,PIF-Harbinger,-0.03658286733392365,0.4957445816838797,-0.14105591599088008,0.06869599530489903
1662,RWPE1,CTCF,Crypton,-0.0372494706453391,0.5325775027136941,-0.1532213610122558,0.07973454053972559
1663,RWPE1,CTCF,Merlin,-0.09094468549489791,0.1881978765829418,-0.22353734945768863,0.04495277805081316
1664,RWPE1,CTCF,TcMar,-0.09510386485913902,0.1771073118947885,-0.23010048669235214,0.04348380837211958
1665,RWPE1,CTCF,L1-Tx1,0.035806253265185446,0.6778530333050401,-0.13275947454023887,0.20235887440146438
1666,RWPE1,CTCF,Crypton-A,-0.0022580683907443633,0.9795786950482729,-0.17371649421152988,0.16933322634387135
1667,RWPE1,CTCF,I-Jockey,-0.0719951811694931,0.45690536839940576,-0.25685190147141135,0.11794359264420794
1668,RWPE1,CTCF,hAT-Tip100?,-0.0700091575091575,0.582518375211682,-0.31075315210551707,0.17917587991641923
1669,RWPE1,CTCF,TcMar-Pogo,-0.11656891495601172,0.5252003200408103,-0.4480770964687145,0.2431216582830511
1670,RWPE1,CTCF,hAT?,-0.010236822001527883,0.9541794482067585,-0.3472087111494638,0.32907624777295175
1671,RWPE1,CTCF,hAT-hAT19,0.12941176470588234,0.63288233246826,-0.39332360678280714,0.5889186780225588
1672,RWPE1,H3K27ac,Alu,0.001177903614617056,0.21548024392898446,-0.0006859607857995486,0.0030417598310062996
1673,RWPE1,H3K27ac,L1,0.00160610791286952,0.24348334581614917,-0.0010928987505922784,0.004305091176647669
1674,RWPE1,H3K27ac,MIR,-0.0013169555731253571,0.34378674720490343,-0.004043418554171004,0.0014095269875377704
1675,RWPE1,H3K27ac,L2,0.0011645659243604853,0.48665276917443423,-0.002116584934776735,0.004445691708336064
1676,RWPE1,H3K27ac,ERVL-MaLR,0.0007417139184050559,0.7113001847171188,-0.0031861144515374228,0.004669519402387348
1677,RWPE1,H3K27ac,hAT-Charlie,-0.00010469929057614874,0.9608145210863267,-0.0042813659160794715,0.004071970987793192
1678,RWPE1,H3K27ac,ERV1,-0.0009515345973217536,0.7560609816919799,-0.006954749688908532,0.005051749079043852
1679,RWPE1,H3K27ac,ERVL,-0.003043740361555166,0.3297725667739032,-0.009164809131667263,0.003077556501749077
1680,RWPE1,H3K27ac,TcMar-Tigger,-0.0023228128669726647,0.4648157782402095,-0.00855109945085504,0.0039056539341369816
1681,RWPE1,H3K27ac,hAT-Tip100,-0.005264757484360245,0.22451888246543436,-0.01375968181015949,0.0032309267796504088
1682,RWPE1,H3K27ac,CR1,0.005986153137413028,0.20470881562505366,-0.0032650339850926677,0.015236315693277866
1683,RWPE1,H3K27ac,Gypsy,-0.013229546278745624,0.09754806469197257,-0.028873666161837192,0.0024210529786518648
1684,RWPE1,H3K27ac,hAT-Blackjack,0.017699081278543773,0.030013347959812822,0.001711552397405231,0.03367756463665982
1685,RWPE1,H3K27ac,TcMar-Mariner,-0.006100874715851897,0.45968909458576834,-0.022270631722882125,0.01007207332165535
1686,RWPE1,H3K27ac,RTE-X,-0.008503137907196865,0.40898929620585844,-0.028681283154799182,0.011681934451853445
1687,RWPE1,H3K27ac,ERVK,0.004606630530090318,0.6942502573099427,-0.01836094970001446,0.027569351600346154
1688,RWPE1,H3K27ac,TcMar-Tc2,-0.007413079653624294,0.5494625785478549,-0.031677854902350755,0.016860428552685894
1689,RWPE1,H3K27ac,SVA,-0.012895035731832993,0.3651545521428441,-0.04078560679606726,0.01501561479718074
1690,RWPE1,H3K27ac,RTE-BovB,-0.0021508935958798356,0.8841594803864155,-0.031076779736485288,0.026778592344291842
1691,RWPE1,H3K27ac,tRNA-RTE,0.005127803243135241,0.749586471303743,-0.026355936252136128,0.03660138013025606
1692,RWPE1,H3K27ac,hAT-Ac,0.018064164290688686,0.3193352840097324,-0.017494368298189567,0.053577059623839775
1693,RWPE1,H3K27ac,hAT,0.009412974836454535,0.6253641985024816,-0.028369539709156906,0.04716863171634497
1694,RWPE1,H3K27ac,MULE-MuDR,-0.00031135801448104925,0.9880772051571498,-0.041129590383217327,0.040507911905398715
1695,RWPE1,H3K27ac,PiggyBac,-0.022396084813579926,0.305777685113903,-0.06518476435200081,0.020474802206252467
1696,RWPE1,H3K27ac,5S-Deu-L2,-0.01924428904960877,0.40369268709192585,-0.06434101468922714,0.025930876574311177
1697,RWPE1,H3K27ac,Helitron,-0.02728965768395359,0.2626077487163829,-0.07492604290566315,0.020470995934277477
1698,RWPE1,H3K27ac,hAT-Tag1,-0.048876745710972676,0.044979424903435365,-0.09646162939296637,-0.0010689472936541923
1699,RWPE1,H3K27ac,tRNA,-0.003849650696462353,0.8813400090390544,-0.05435176372142394,0.04667210704466672
1700,RWPE1,H3K27ac,Penelope,0.006622392625967927,0.8654632558418383,-0.0699048049147178,0.08307209839396441
1701,RWPE1,H3K27ac,TcMar-Tc1,0.012231621250352325,0.7550572337604785,-0.06455684936373185,0.08887609406329489
1702,RWPE1,H3K27ac,Dong-R4,0.04989157640236406,0.30310962012525466,-0.04516757453561168,0.14405532694610482
1703,RWPE1,H3K27ac,tRNA-Deu,-0.07475882850940528,0.12700814061753343,-0.169589281337924,0.02144332428204281
1704,RWPE1,H3K27ac,Kolobok,0.0339060270972875,0.5248646305532918,-0.07060847848427217,0.13768417478662703
1705,RWPE1,H3K27ac,PIF-Harbinger,-0.02122127561824725,0.6927924398013635,-0.12593251257378196,0.08395760920525173
1706,RWPE1,H3K27ac,Crypton,-0.11602772379938003,0.05119522292255908,-0.22989295613814262,0.0009711622603671768
1707,RWPE1,H3K27ac,Merlin,0.055033620967800574,0.42757145606519187,-0.08106247966079852,0.1891151163778793
1708,RWPE1,H3K27ac,TcMar,-0.013414943356440211,0.8493390716911045,-0.15085219963463928,0.12453107019726847
1709,RWPE1,H3K27ac,L1-Tx1,0.02842284702619648,0.7416271877913256,-0.13999334470833338,0.1952406777554371
1710,RWPE1,H3K27ac,Crypton-A,-0.10722355010990847,0.2228497549901155,-0.27417489306296444,0.06600177740727133
1711,RWPE1,H3K27ac,I-Jockey,0.05557408951904365,0.5659913379906336,-0.13407194848280668,0.24129326003122262
1712,RWPE1,H3K27ac,hAT-Tip100?,-0.10118006993006994,0.42256862302441334,-0.337332468246192,0.1469527037487657
1713,RWPE1,H3K27ac,TcMar-Pogo,-0.03665689149560117,0.8421224928098057,-0.38059199859205417,0.31618721589350246
1714,RWPE1,H3K27ac,hAT?,-0.01145912910618793,0.9487151354121994,-0.3482853850296662,0.32798782187516345
1715,RWPE1,H3K27ac,hAT-hAT19,0.02058823529411765,0.9396737397890448,-0.48006032055761466,0.5111202153779418
