,cell_line,modification,family_name,r,p_value,ci_low,ci_high
0,Caco-2,H3K4me1,Alu,0.00023369600212080945,0.8062923826995311,-0.0016342213148203132,0.0021016116882787658
1,Caco-2,H3K4me1,L1,0.000920047045650965,0.5045624647383946,-0.001782160112597256,0.003622240767728286
2,Caco-2,H3K4me1,MIR,-0.0022012544835099223,0.11368760693925385,-0.004928681107846918,0.0005262048910092194
3,Caco-2,H3K4me1,L2,-0.002972900919726004,0.07589191802597985,-0.0062554702748775,0.0003097325048122925
4,Caco-2,H3K4me1,ERVL-MaLR,-0.0003943742200776516,0.8442340834934913,-0.00432837656064173,0.0035396403274923828
5,Caco-2,H3K4me1,hAT-Charlie,0.003763199489825515,0.0777039827295649,-0.000417678838983586,0.007943946261386853
6,Caco-2,H3K4me1,ERV1,-0.0005273687882880737,0.8637172778933067,-0.006549189009169579,0.005494489680077218
7,Caco-2,H3K4me1,ERVL,-0.0015839039424793602,0.6124697057948192,-0.007712265569015776,0.004544576659443834
8,Caco-2,H3K4me1,TcMar-Tigger,-0.004653921126767458,0.14333324296898667,-0.010886322438294132,0.0015788417564634334
9,Caco-2,H3K4me1,hAT-Tip100,0.005608461000282514,0.19597086197331137,-0.002892336845578551,0.014108448323173282
10,Caco-2,H3K4me1,CR1,-0.002125268961893286,0.652617599127531,-0.011378762555378272,0.007128588608973315
11,Caco-2,H3K4me1,Gypsy,0.0012400353156243368,0.8766595254095129,-0.014418651041109261,0.016898113595462085
12,Caco-2,H3K4me1,hAT-Blackjack,0.021618383919623698,0.008061910204418932,0.005625313887016666,0.037600397403877855
13,Caco-2,H3K4me1,TcMar-Mariner,0.005329885186758381,0.5168948946472348,-0.010787645382870156,0.021444647013800798
14,Caco-2,H3K4me1,RTE-X,-0.007918886211934546,0.4421229145828033,-0.028105977462273696,0.012274661695293631
15,Caco-2,H3K4me1,ERVK,-0.004786934078865191,0.6844497085333777,-0.027867062800076985,0.018298295812673254
16,Caco-2,H3K4me1,TcMar-Tc2,-0.005983388109769786,0.6290869464130827,-0.0302549363014675,0.018295212106895956
17,Caco-2,H3K4me1,SVA,-0.012686988872922194,0.3754257134401796,-0.040723067732430604,0.015369051897865835
18,Caco-2,H3K4me1,RTE-BovB,0.02361581452221543,0.10988697613825651,-0.0053417389475891135,0.05253379444118743
19,Caco-2,H3K4me1,tRNA-RTE,0.005074727049475891,0.7521548294166059,-0.026417098618568256,0.036556490104927536
20,Caco-2,H3K4me1,hAT-Ac,0.03329975424086743,0.06661478585880524,-0.0022923400707168555,0.06880758678287638
21,Caco-2,H3K4me1,hAT,-0.022403142352209884,0.2453307385873373,-0.06014258840659252,0.015400260008141271
22,Caco-2,H3K4me1,MULE-MuDR,-0.002241701312767368,0.9143764281667672,-0.04308314450008651,0.038607221702617656
23,Caco-2,H3K4me1,PiggyBac,-0.009024092517507494,0.6804006602845043,-0.051922570972702725,0.03390762808622517
24,Caco-2,H3K4me1,5S-Deu-L2,0.01069645030739053,0.6427466335835069,-0.034493942792131145,0.05584319263750229
25,Caco-2,H3K4me1,Helitron,0.03615485707125764,0.13829447395235955,-0.011676937877934506,0.08382157120397311
26,Caco-2,H3K4me1,hAT-Tag1,-0.01042306359514362,0.6692580513302604,-0.058191385990186986,0.03739287834830237
27,Caco-2,H3K4me1,tRNA,-0.02226800457319562,0.3881516282370202,-0.07273845713068149,0.028316205178177345
28,Caco-2,H3K4me1,Penelope,-0.02043054354306038,0.6014379531235288,-0.09683630657541764,0.056214607299765205
29,Caco-2,H3K4me1,TcMar-Tc1,0.0330748878550484,0.39877963659905336,-0.043782170311402156,0.10954275174289183
30,Caco-2,H3K4me1,Dong-R4,0.02085660515732686,0.6669994402465298,-0.07408692695093021,0.11542544389092652
31,Caco-2,H3K4me1,tRNA-Deu,-0.08373030526966015,0.08731261966276864,-0.17837727568087916,0.012451881155170236
32,Caco-2,H3K4me1,Kolobok,-0.025729933486165337,0.6294696197819665,-0.12963448048937765,0.07873354077377986
33,Caco-2,H3K4me1,PIF-Harbinger,-0.051332293296228904,0.33899316631873233,-0.15554226261747023,0.054007651178368074
34,Caco-2,H3K4me1,Crypton,-0.03150846868277703,0.5976106927165004,-0.14759230047449132,0.08543165921056978
35,Caco-2,H3K4me1,Merlin,-0.033320537477612225,0.6303265765233994,-0.16767130945411862,0.10224534284972038
36,Caco-2,H3K4me1,TcMar,0.027565286205078258,0.69768908129516,-0.11127998224102105,0.1653550246447663
37,Caco-2,H3K4me1,L1-Tx1,0.04862453723192578,0.5725807560609935,-0.12016873974002659,0.21468546551647838
38,Caco-2,H3K4me1,Crypton-A,0.0942543369767798,0.28424277747402465,-0.0789228784415825,0.26190932815503376
39,Caco-2,H3K4me1,I-Jockey,-0.13144286905754796,0.17307112039445494,-0.31257511299466695,0.05891291967878037
40,Caco-2,H3K4me1,hAT-Tip100?,-0.18507326007326005,0.14317043822109812,-0.41390820457814875,0.0657615515285631
41,Caco-2,H3K4me1,TcMar-Pogo,0.12096774193548386,0.5095747265540842,-0.23900841178377297,0.45171133780804607
42,Caco-2,H3K4me1,hAT?,0.003008021390374332,0.986744959233409,-0.34065347693166825,0.345960465197672
43,Caco-2,H3K4me1,hAT-hAT19,-0.16176470588235295,0.5494831434036929,-0.6108894426280149,0.36612642999165823
44,Caco-2,H3K9me3,Alu,0.0009893519129080253,0.2990368694319613,-0.0008778537371760262,0.002856550664345127
45,Caco-2,H3K9me3,L1,0.0005909254885168083,0.6681262318690516,-0.0021105794288907185,0.0032924217806481874
46,Caco-2,H3K9me3,MIR,-0.0014919428798053091,0.28363414396223163,-0.0042191926593500295,0.0012353290937875345
47,Caco-2,H3K9me3,L2,-0.0012637560149644802,0.45048984162286076,-0.004546159058114847,0.0020186742602989294
48,Caco-2,H3K9me3,ERVL-MaLR,-0.0026292146305927676,0.190132794748526,-0.0065622989673444565,0.00130395105184725
49,Caco-2,H3K9me3,hAT-Charlie,0.000545790649896454,0.798035331500577,-0.0036346184107281716,0.00472618063432423
50,Caco-2,H3K9me3,ERV1,-0.00044802770553875897,0.8840449189068522,-0.00646891343629659,0.005572890508363774
51,Caco-2,H3K9me3,ERVL,-0.0032827078507264135,0.29369456168678143,-0.009409799679912744,0.0028446304649718114
52,Caco-2,H3K9me3,TcMar-Tigger,0.004185901984956193,0.18803299093886236,-0.002046357879595565,0.010417836691010244
53,Caco-2,H3K9me3,hAT-Tip100,0.005367653915666133,0.21584085550387652,-0.003132663684210659,0.01386719588002107
54,Caco-2,H3K9me3,CR1,0.003293387008634375,0.4854579993002913,-0.005960320381750819,0.012546530394571771
55,Caco-2,H3K9me3,Gypsy,0.007587574484381166,0.3422857728985895,-0.008072510089672382,0.023243938201500565
56,Caco-2,H3K9me3,hAT-Blackjack,0.005650694393483465,0.48863907215105107,-0.010342982523536128,0.021641480871385906
57,Caco-2,H3K9me3,TcMar-Mariner,-0.005685037041736438,0.4893887741295261,-0.021800748957581852,0.010433628502882692
58,Caco-2,H3K9me3,RTE-X,-0.00279655258317815,0.7860367472764712,-0.022984420618773663,0.017393595197758214
59,Caco-2,H3K9me3,ERVK,-0.009042922287148099,0.44248784556305065,-0.032111768693116584,0.014035553698114695
60,Caco-2,H3K9me3,TcMar-Tc2,-0.014750491962415777,0.23366197697907654,-0.03900984681603306,0.009526240919122478
61,Caco-2,H3K9me3,SVA,-0.016128542111361038,0.2594273420616424,-0.04413690348048318,0.011905153396748617
62,Caco-2,H3K9me3,RTE-BovB,0.003496525415205384,0.8128332414640287,-0.02544338066785991,0.0324305758046528
63,Caco-2,H3K9me3,tRNA-RTE,0.0036125470133882777,0.822106514133969,-0.027874065206724374,0.035091997762248986
64,Caco-2,H3K9me3,hAT-Ac,0.018890778571292725,0.2981667019037056,-0.016703144463565852,0.054436882359995754
65,Caco-2,H3K9me3,hAT,-0.010408488754079157,0.5893329623194385,-0.048169177330315296,0.02738190868919817
66,Caco-2,H3K9me3,MULE-MuDR,0.04061313387589093,0.051324905573595966,-0.00024943746309373185,0.0813403037538349
67,Caco-2,H3K9me3,PiggyBac,0.01605971413540084,0.4634981026091828,-0.02687929276904963,0.05893956690421854
68,Caco-2,H3K9me3,5S-Deu-L2,-0.012162992189524923,0.5977737680696775,-0.057293630915842136,0.033017254884088416
69,Caco-2,H3K9me3,Helitron,0.036125543888556676,0.13849719798645693,-0.011692019393864819,0.08377825805539285
70,Caco-2,H3K9me3,hAT-Tag1,0.01842411607309847,0.4501795252442419,-0.029401843951560706,0.06616591206217956
71,Caco-2,H3K9me3,tRNA,-0.01934404125671212,0.45347386767411013,-0.06982656036958096,0.031237303838036398
72,Caco-2,H3K9me3,Penelope,0.043640919120486676,0.2647224567716596,-0.03311388457233302,0.11988397305196374
73,Caco-2,H3K9me3,TcMar-Tc1,0.005678047778253376,0.8851175707350701,-0.071255681541339,0.08254461916261918
74,Caco-2,H3K9me3,Dong-R4,0.06473312175518675,0.18132220461386386,-0.030338681092530587,0.15864414826771692
75,Caco-2,H3K9me3,tRNA-Deu,-0.09395396371538264,0.054935160822786926,-0.18837787422219693,0.002191040418171879
76,Caco-2,H3K9me3,Kolobok,0.018388957698748074,0.7302510187775709,-0.08601983849239991,0.12239822964676504
77,Caco-2,H3K9me3,PIF-Harbinger,-0.13222046294970888,0.013432829099984663,-0.2343874818306441,-0.027164632969849233
78,Caco-2,H3K9me3,Crypton,0.0418256738328442,0.4834220333439465,-0.07518920295919951,0.15770429057226137
79,Caco-2,H3K9me3,Merlin,-0.009670984682817236,0.888938167432928,-0.14455384291113707,0.12556472299967925
80,Caco-2,H3K9me3,TcMar,0.07908713472460975,0.26441800155176853,-0.060180751812791214,0.21533478587768068
81,Caco-2,H3K9me3,L1-Tx1,0.011425144420382425,0.8945833586476983,-0.15659578751426778,0.1788033727383372
82,Caco-2,H3K9me3,Crypton-A,-0.04697369457294332,0.594185913521596,-0.21684381880407255,0.12565751851845408
83,Caco-2,H3K9me3,I-Jockey,-0.07844500046334908,0.4174815090574049,-0.2629432730725798,0.11158801395701586
84,Caco-2,H3K9me3,hAT-Tip100?,0.020421245421245418,0.8727497377074042,-0.22654995146192142,0.2649251225979514
85,Caco-2,H3K9me3,TcMar-Pogo,0.2782258064516129,0.12310039622092292,-0.08496937306552764,0.5761568851569863
86,Caco-2,H3K9me3,hAT?,0.11497326203208558,0.5240449377787748,-0.23883239672054532,0.4418307541832893
87,Caco-2,H3K9me3,hAT-hAT19,-0.12058823529411765,0.6564245147485952,-0.582835796857242,0.4006230717558349
88,SJCRH30,H3K27ac,Alu,-0.0005573427858098604,0.5582250415518021,-0.0024231102708309592,0.0013084285795394246
89,SJCRH30,H3K27ac,L1,0.0001520965286878019,0.9120788376703102,-0.0025477035034357316,0.00285189434357418
90,SJCRH30,H3K27ac,MIR,0.0003178440075088267,0.8192409701726706,-0.0024082124792181485,0.0030438957702017874
91,SJCRH30,H3K27ac,L2,0.0004064062740880334,0.8082035897897752,-0.0028749922618749933,0.0036877960580517853
92,SJCRH30,H3K27ac,ERVL-MaLR,-0.0046195674552239625,0.021199365117366233,-0.008548498589391556,-0.0006904936929305123
93,SJCRH30,H3K27ac,hAT-Charlie,0.0022886336781871466,0.28291946414557045,-0.0018887887489860463,0.0064659762292260045
94,SJCRH30,H3K27ac,ERV1,0.0018888992164613528,0.5377050986590445,-0.004118324415895597,0.007895986523011852
95,SJCRH30,H3K27ac,ERVL,-0.0009166730398601512,0.7691535965726538,-0.007038397601702673,0.0052051202283935095
96,SJCRH30,H3K27ac,TcMar-Tigger,-0.0008859379222641657,0.7803931696936965,-0.007113830110565711,0.005342022991962188
97,SJCRH30,H3K27ac,hAT-Tip100,0.005083192163058685,0.24095586395815288,-0.00341328919772861,0.01357893965500197
98,SJCRH30,H3K27ac,CR1,0.0034786394300289286,0.46111121625239526,-0.005772188621840589,0.012728872124256127
99,SJCRH30,H3K27ac,Gypsy,-0.0031224269125831256,0.6957626810232891,-0.01877046242605429,0.012527137886488052
100,SJCRH30,H3K27ac,hAT-Blackjack,-0.0026635990330372856,0.7438648337006655,-0.0186395008334268,0.013313662550496652
101,SJCRH30,H3K27ac,TcMar-Mariner,0.0002390994241962336,0.9767879841292688,-0.015866021482666016,0.016344096299218843
102,SJCRH30,H3K27ac,RTE-X,0.004419241747949406,0.6678082260088996,-0.015762825532485984,0.024597709545832708
103,SJCRH30,H3K27ac,ERVK,0.012037908573778358,0.30509989382663477,-0.010969408621928616,0.03503248676758464
104,SJCRH30,H3K27ac,TcMar-Tc2,0.002984251128255654,0.8093863459691191,-0.02126147371253127,0.02722646783053812
105,SJCRH30,H3K27ac,SVA,-0.009481984851664347,0.5079555243035652,-0.037539318428179376,0.01859028671790838
106,SJCRH30,H3K27ac,RTE-BovB,0.008858067699508362,0.548477108546925,-0.020075430070423648,0.03777674089035658
107,SJCRH30,H3K27ac,tRNA-RTE,0.015835100221800878,0.324392868392518,-0.015662083847265675,0.04730088859805121
108,SJCRH30,H3K27ac,hAT-Ac,-0.002306311002399177,0.8988871861661678,-0.03786520255652698,0.03325841389917774
109,SJCRH30,H3K27ac,hAT,-0.00343369782689158,0.8585873320763406,-0.04118604084768423,0.034328435530462845
110,SJCRH30,H3K27ac,MULE-MuDR,0.0028466806945568954,0.891302885972019,-0.03796771746339002,0.04365159689164509
111,SJCRH30,H3K27ac,PiggyBac,0.038063696575593005,0.08168730884107415,-0.004805512437244446,0.08079325444065528
112,SJCRH30,H3K27ac,5S-Deu-L2,-0.019958690185580146,0.3864629286448332,-0.06505301397059579,0.025216984355311733
113,SJCRH30,H3K27ac,Helitron,-0.016692187587076895,0.4924869737037738,-0.06428482660249217,0.03097621049593225
114,SJCRH30,H3K27ac,hAT-Tag1,0.009722268949556122,0.6901277275967852,-0.03806415449670579,0.05746432700181336
115,SJCRH30,H3K27ac,tRNA,-0.004283432809979118,0.8680854633068648,-0.05478430578365904,0.04623929842578061
116,SJCRH30,H3K27ac,Penelope,0.0329084191649649,0.40043580898208253,-0.043830485799417444,0.1092612697797684
117,SJCRH30,H3K27ac,TcMar-Tc1,0.022887306435676262,0.5593447458893945,-0.053942463180820875,0.09944768334826282
118,SJCRH30,H3K27ac,Dong-R4,-0.0680114475851,0.16015702998128464,-0.16186248277075752,0.027058884890756963
119,SJCRH30,H3K27ac,tRNA-Deu,-0.01305786760245697,0.7901000995151567,-0.108840691684352,0.08296519325864922
120,SJCRH30,H3K27ac,Kolobok,-0.09694729423828244,0.06886546437097059,-0.19954928666235772,0.007757454778663499
121,SJCRH30,H3K27ac,PIF-Harbinger,0.0019135649339295886,0.97158526055272,-0.10308732995861238,0.1068722817953368
122,SJCRH30,H3K27ac,Crypton,-0.04245254735542031,0.47688454846195594,-0.15831810763944074,0.07456627293675085
123,SJCRH30,H3K27ac,Merlin,-0.14558597250770855,0.03456061783833825,-0.2759058176133666,-0.010010240848969695
124,SJCRH30,H3K27ac,TcMar,0.028574984140363663,0.6856984683329532,-0.10959394405108386,0.16566055212992498
125,SJCRH30,H3K27ac,L1-Tx1,0.003600694003400752,0.9666908062188013,-0.16421449528509077,0.17121332042255313
126,SJCRH30,H3K27ac,Crypton-A,0.005557090294952441,0.9497707242424414,-0.16612805418328347,0.1769152493691637
127,SJCRH30,H3K27ac,I-Jockey,-0.11488277268093781,0.234232532236269,-0.29714742756010964,0.0754596809072524
128,SJCRH30,H3K27ac,hAT-Tip100?,0.1604458041958042,0.2016918984150405,-0.08843661357567006,0.3904719360622745
129,SJCRH30,H3K27ac,TcMar-Pogo,0.3049853372434017,0.08963530081559921,-0.05725368354675845,0.5962643334307981
130,SJCRH30,H3K27ac,hAT?,-0.002597402597402597,0.9883681900580692,-0.3404645777261391,0.3358638281751393
131,SJCRH30,H3K27ac,hAT-hAT19,0.3529411764705882,0.17995865788498183,-0.18916365264737126,0.73015934447076
132,SJCRH30,H3K4me1,Alu,0.0005315172398500993,0.576869542503603,-0.0013355496906050732,0.0023985804646383113
133,SJCRH30,H3K4me1,L1,0.0009618662919464095,0.4851058976401136,-0.0017385860726532097,0.003662304627895763
134,SJCRH30,H3K4me1,MIR,0.0004069939648626571,0.7698855220931909,-0.0023199309758988387,0.0031339128527249605
135,SJCRH30,H3K4me1,L2,-0.0033060790595410886,0.04832899939579358,-0.00658781588991991,-2.427101524040359e-05
136,SJCRH30,H3K4me1,ERVL-MaLR,0.004191040616108514,0.03665287811862091,0.00026001083410807967,0.00812194087184116
137,SJCRH30,H3K4me1,hAT-Charlie,-0.0009138464696001703,0.6682268068425493,-0.005092945246001982,0.003265284227485449
138,SJCRH30,H3K4me1,ERV1,-0.0038686090113990916,0.20724394626467282,-0.009880460441345,0.0021435220770412715
139,SJCRH30,H3K4me1,ERVL,0.003462449118972873,0.26783587296314415,-0.0026620478139596482,0.009586686310595467
140,SJCRH30,H3K4me1,TcMar-Tigger,-0.0016467071145983808,0.6044288169836955,-0.007876731353208544,0.004583444954933048
141,SJCRH30,H3K4me1,hAT-Tip100,0.00041052708842577787,0.924572430969117,-0.008088016644499898,0.008909011520915687
142,SJCRH30,H3K4me1,CR1,-0.002138212854588254,0.6505876441677827,-0.011390158332744019,0.0071140986953301425
143,SJCRH30,H3K4me1,Gypsy,-0.00716574772455024,0.36954852298526697,-0.022814300068319054,0.008486315043084997
144,SJCRH30,H3K4me1,hAT-Blackjack,-0.01409035278603958,0.08396623788856733,-0.03006475940473524,0.00189124970009354
145,SJCRH30,H3K4me1,TcMar-Mariner,-0.006788880888759025,0.4089724608548042,-0.022900327190701245,0.009326090844658077
146,SJCRH30,H3K4me1,RTE-X,-0.000698207967092815,0.9459420450941842,-0.020878479241085365,0.0194826320043041
147,SJCRH30,H3K4me1,ERVK,-0.009999401992891673,0.3949656971661937,-0.03302915931052893,0.013040968033872027
148,SJCRH30,H3K4me1,TcMar-Tc2,-0.009090868892840508,0.462853908328544,-0.03335043343362996,0.015179401688958155
149,SJCRH30,H3K4me1,SVA,-0.01769939584930669,0.21628757124803788,-0.045731199890053614,0.010360260288717062
150,SJCRH30,H3K4me1,RTE-BovB,0.011988907452061786,0.4166101127976254,-0.016939491757903352,0.040897251801220856
151,SJCRH30,H3K4me1,tRNA-RTE,0.006170011446420623,0.7009714609892297,-0.02531854552992882,0.03764633721653433
152,SJCRH30,H3K4me1,hAT-Ac,-0.006264607830592643,0.7300638768485095,-0.04182929767867354,0.02931593724768139
153,SJCRH30,H3K4me1,hAT,0.007985961958621472,0.6786993066911899,-0.02979521919319183,0.0457443568012612
154,SJCRH30,H3K4me1,MULE-MuDR,-0.01667473061929432,0.42320292825458994,-0.057430719147570565,0.024136743895316847
155,SJCRH30,H3K4me1,PiggyBac,0.004814593607616796,0.8258487773569835,-0.038059871067776356,0.04767136461579115
156,SJCRH30,H3K4me1,5S-Deu-L2,-0.0038959923051402746,0.865836515114602,-0.049059964683662,0.04128387987879313
157,SJCRH30,H3K4me1,Helitron,-0.006046526598295833,0.8036629414657166,-0.053671950533513244,0.041606343381101765
158,SJCRH30,H3K4me1,hAT-Tag1,0.005923710571757006,0.8080748185651814,-0.04185617024613305,0.05367655906395326
159,SJCRH30,H3K4me1,tRNA,0.027229635425039065,0.29111741844564,-0.02334111374969119,0.07766139016313707
160,SJCRH30,H3K4me1,Penelope,0.0135664283014217,0.7293228799802264,-0.06322792917822374,0.09020107657984815
161,SJCRH30,H3K4me1,TcMar-Tc1,0.042525299257928584,0.2778797490071134,-0.03434638340259059,0.11889676202408418
162,SJCRH30,H3K4me1,Dong-R4,0.0021492250480247142,0.9646385436994187,-0.09265656554080963,0.096916396134265
163,SJCRH30,H3K4me1,tRNA-Deu,-0.07169048224444466,0.14341007256146207,-0.16658106187520716,0.024515794209760435
164,SJCRH30,H3K4me1,Kolobok,-0.03818440827120372,0.4738952789795543,-0.1418923163832991,0.06635264750929118
165,SJCRH30,H3K4me1,PIF-Harbinger,-0.01342925388684288,0.802594779150831,-0.1182473296828228,0.09168479836927135
166,SJCRH30,H3K4me1,Crypton,-0.04176796334808001,0.48402630215731113,-0.15764777869229554,0.07524654695220157
167,SJCRH30,H3K4me1,Merlin,-0.06423306939058401,0.3531711744220696,-0.19772202335954883,0.07159482152854293
168,SJCRH30,H3K4me1,TcMar,0.02530078161242963,0.7194421652460415,-0.11248311015745485,0.16213007747762997
169,SJCRH30,H3K4me1,L1-Tx1,0.12658201265098534,0.14049105353355454,-0.04270133658914159,0.2888000641048257
170,SJCRH30,H3K4me1,Crypton-A,-0.04533219095555824,0.6071524747271881,-0.21526934829588312,0.12726976356671493
171,SJCRH30,H3K4me1,I-Jockey,-0.12695764989342972,0.1883332866959382,-0.30840385232104445,0.06340249599513928
172,SJCRH30,H3K4me1,hAT-Tip100?,0.24536713286713288,0.04883164256560432,-0.0021572428521247507,0.4645606956140896
173,SJCRH30,H3K4me1,TcMar-Pogo,0.35263929618768325,0.047751308263832073,-0.006645675816642481,0.6312882841153653
174,SJCRH30,H3K4me1,hAT?,-0.14224598930481283,0.4222647591205254,-0.45976506117923954,0.2075205573751981
175,SJCRH30,H3K4me1,hAT-hAT19,-0.29705882352941176,0.2638630146135225,-0.6971580609143375,0.24413675831657025
176,SJCRH30,H3K9me3,Alu,-0.0005192312207708683,0.5856601058438067,-0.002386054814026076,0.001347595991565435
177,SJCRH30,H3K9me3,L1,0.0035272866974649093,0.010456885702426845,0.0008271157344631122,0.006227406226453482
178,SJCRH30,H3K9me3,MIR,-0.000616467672614182,0.6576913223664271,-0.0033432605252112853,0.0021103343473837808
179,SJCRH30,H3K9me3,L2,-0.0006538947901341196,0.6961406939295305,-0.0039355526279732265,0.002627777131721225
180,SJCRH30,H3K9me3,ERVL-MaLR,-0.002568216451203356,0.20034101461236403,-0.006498873715363142,0.0013625201733121815
181,SJCRH30,H3K9me3,hAT-Charlie,-0.0006838996077473475,0.7483782680638392,-0.004862509637811949,0.003494734305308553
182,SJCRH30,H3K9me3,ERV1,2.149609379010114e-05,0.9944077025642086,-0.005989545449081389,0.0060325360832415974
183,SJCRH30,H3K9me3,ERVL,-0.0045752569608983,0.1431156922974295,-0.010698992805254959,0.001548822055431193
184,SJCRH30,H3K9me3,TcMar-Tigger,0.0020885382693619963,0.5111363822953952,-0.00414133998055828,0.008318254404676385
185,SJCRH30,H3K9me3,hAT-Tip100,0.004965762771338359,0.2520596143067745,-0.003531835530720981,0.01346264396894933
186,SJCRH30,H3K9me3,CR1,-0.008513375297781255,0.07130777667936165,-0.017763994718814284,0.0007387015048973157
187,SJCRH30,H3K9me3,Gypsy,0.0038336649836651243,0.6312063527067879,-0.011819009920330496,0.019484461541860815
188,SJCRH30,H3K9me3,hAT-Blackjack,0.009578178617448302,0.2399929486153718,-0.006399302898822873,0.025550770948354718
189,SJCRH30,H3K9me3,TcMar-Mariner,0.01022913540295102,0.21332236455586615,-0.005881666118400084,0.026334628012282854
190,SJCRH30,H3K9me3,RTE-X,-0.010949321265659364,0.28768399090950536,-0.031125750212878174,0.009236027372797717
191,SJCRH30,H3K9me3,ERVK,-0.006205157454601506,0.597493139141188,-0.02923162949726383,0.016827896900002928
192,SJCRH30,H3K9me3,TcMar-Tc2,-0.007203784641845485,0.5607918377383736,-0.03146873881565368,0.017069655943120446
193,SJCRH30,H3K9me3,SVA,0.016574835512184073,0.24666758147867096,-0.011470380623119048,0.04459399536516939
194,SJCRH30,H3K9me3,RTE-BovB,0.0032975856123707565,0.8232444348090328,-0.025632724463685558,0.03222237676818007
195,SJCRH30,H3K9me3,tRNA-RTE,0.02430333549035972,0.13037983583952464,-0.00719421866302027,0.05575271246677435
196,SJCRH30,H3K9me3,hAT-Ac,0.03340810379345922,0.06560019231054141,-0.0021663334797625004,0.06889808892536836
197,SJCRH30,H3K9me3,hAT,0.028599426821891295,0.1378734994044265,-0.009189809779794927,0.06630709154819092
198,SJCRH30,H3K9me3,MULE-MuDR,-0.017465687692154327,0.40164337854118926,-0.05822835908533475,0.02335512603793596
199,SJCRH30,H3K9me3,PiggyBac,-0.03809998584047712,0.08146944944135753,-0.08083958532528068,0.004779464572183546
200,SJCRH30,H3K9me3,5S-Deu-L2,0.03278355860223147,0.15490710584431194,-0.012407374278078882,0.07784084134580403
201,SJCRH30,H3K9me3,Helitron,0.01119529666576552,0.6452888536840338,-0.03646609356275958,0.05880587209970699
202,SJCRH30,H3K9me3,hAT-Tag1,0.030761811764120617,0.20718449535709357,-0.017056361251605843,0.07843958642320864
203,SJCRH30,H3K9me3,tRNA,0.026473526914876675,0.3047269829030426,-0.024096829130878305,0.07690874536183279
204,SJCRH30,H3K9me3,Penelope,0.009302441010264586,0.8123113423700061,-0.06741359566363063,0.08590912804783041
205,SJCRH30,H3K9me3,TcMar-Tc1,0.025792493448177214,0.5105737549192206,-0.05104627462076592,0.10232769493598132
206,SJCRH30,H3K9me3,Dong-R4,0.05458453066885101,0.2598307459577416,-0.04048203339781464,0.14867170912692182
207,SJCRH30,H3K9me3,tRNA-Deu,0.03774725597473158,0.4414732478695381,-0.05841334002967025,0.13321381431015208
208,SJCRH30,H3K9me3,Kolobok,0.03530366091885277,0.507912545689225,-0.0692185254103224,0.13905917274337196
209,SJCRH30,H3K9me3,PIF-Harbinger,-0.07136353675706962,0.18348717543332235,-0.17516228689698718,0.03400421578422023
210,SJCRH30,H3K9me3,Crypton,-0.015404860890620006,0.7963928641849422,-0.13177253437139777,0.10138162137226837
211,SJCRH30,H3K9me3,Merlin,-0.0828762700326862,0.23062151083134416,-0.21575448597829333,0.05301565171281889
212,SJCRH30,H3K9me3,TcMar,-0.08894402239829804,0.20697240937412809,-0.22417136747833624,0.04964367921550114
213,SJCRH30,H3K9me3,L1-Tx1,-0.07045505725902496,0.41329059706031523,-0.23558743385366487,0.0986313894513919
214,SJCRH30,H3K9me3,Crypton-A,0.09641097912775078,0.27331851250161276,-0.07677730746433165,0.2639518286923507
215,SJCRH30,H3K9me3,I-Jockey,0.014150681123158189,0.8838886230430232,-0.17442453354753648,0.20172462526360702
216,SJCRH30,H3K9me3,hAT-Tip100?,0.19685314685314687,0.11601821455535694,-0.05181239224714961,0.4225336026033602
217,SJCRH30,H3K9me3,TcMar-Pogo,0.1407624633431085,0.44223164028613104,-0.2203759622609626,0.4679622017905255
218,SJCRH30,H3K9me3,hAT?,-0.17830404889228418,0.3130188085038701,-0.4892221861899197,0.17282411982736642
219,SJCRH30,H3K9me3,hAT-hAT19,-0.11470588235294117,0.672291046599723,-0.5787587984690807,0.4054620213814055
220,SJCRH30,H3K36me3,Alu,-0.0003067898228708194,0.7474318207331024,-0.0021740091396160355,0.0015604316331273781
221,SJCRH30,H3K36me3,L1,6.820122337515674e-05,0.9605208598586541,-0.0026322387990875594,0.002768640251140263
222,SJCRH30,H3K36me3,MIR,0.0009539120294277347,0.4929696732076123,-0.0017731183958220723,0.0036809282668329208
223,SJCRH30,H3K36me3,L2,0.0035716373380347386,0.03292181834874659,0.0002897895228258461,0.006853408217246743
224,SJCRH30,H3K36me3,ERVL-MaLR,0.0029981833048761705,0.13497215224363945,-0.0009330668262481463,0.0069293407651395056
225,SJCRH30,H3K36me3,hAT-Charlie,-0.0023225274366025354,0.27608153765238946,-0.006501872346244775,0.0018568986098723593
226,SJCRH30,H3K36me3,ERV1,0.0025840202613441753,0.3995896317441284,-0.003428412928872106,0.00859626663479743
227,SJCRH30,H3K36me3,ERVL,-0.001865626999689457,0.5505056334430228,-0.007990351888926876,0.0042592378609852734
228,SJCRH30,H3K36me3,TcMar-Tigger,0.006456526917475843,0.04223920566358571,0.00022624436517346152,0.01268630825067816
229,SJCRH30,H3K36me3,hAT-Tip100,0.001960407181336739,0.6511688991685797,-0.006537665865567122,0.010458197086173113
230,SJCRH30,H3K36me3,CR1,0.004008842342237248,0.3957532748519649,-0.0052433433712134655,0.013260341758184106
231,SJCRH30,H3K36me3,Gypsy,0.0032287515549419632,0.6860123694832099,-0.012424324452870221,0.018880245496587515
232,SJCRH30,H3K36me3,hAT-Blackjack,-0.008480643486232547,0.29828555204704743,-0.024457468680030243,0.007500512712894267
233,SJCRH30,H3K36me3,TcMar-Mariner,-0.0013233134458404446,0.8721434750828214,-0.017437803782759595,0.014791864189193782
234,SJCRH30,H3K36me3,RTE-X,-0.001979440382876994,0.8475738284652322,-0.022160207693545538,0.01820293937005176
235,SJCRH30,H3K36me3,ERVK,0.017558940161129744,0.13541369883658685,-0.005492995967154312,0.04059222428594173
236,SJCRH30,H3K36me3,TcMar-Tc2,-0.015840068309219617,0.20080631733049223,-0.04009259871966671,0.008431114901228795
237,SJCRH30,H3K36me3,SVA,-0.0177456271306202,0.21508995904744777,-0.04577736035328198,0.010314030916845617
238,SJCRH30,H3K36me3,RTE-BovB,-0.001693228809783382,0.9086953518259253,-0.030622687053371355,0.0272390638919011
239,SJCRH30,H3K36me3,tRNA-RTE,0.017370753179265626,0.27961130181855925,-0.014122683559685005,0.048829759304491634
240,SJCRH30,H3K36me3,hAT-Ac,-0.014113667761133876,0.43670780820811683,-0.04964661926882152,0.02145496621358161
241,SJCRH30,H3K36me3,hAT,0.009726045926930922,0.613908496289765,-0.028056745729235284,0.04748108672711945
242,SJCRH30,H3K36me3,MULE-MuDR,0.005357779565784515,0.7969788637880355,-0.03545132388462651,0.04614904479544938
243,SJCRH30,H3K36me3,PiggyBac,0.010813192194253295,0.6213472514915346,-0.03208982278871885,0.05367643242232828
244,SJCRH30,H3K36me3,5S-Deu-L2,-0.0033780875354770543,0.8835343610838808,-0.04854324404791677,0.041800855204237077
245,SJCRH30,H3K36me3,Helitron,0.008429693631987915,0.7289697566406474,-0.03924144544994427,0.056062547173878007
246,SJCRH30,H3K36me3,hAT-Tag1,-0.014572705555892337,0.550105847694291,-0.06229948709178136,0.033220571346034
247,SJCRH30,H3K36me3,tRNA,-0.006954367593454893,0.7874917570539774,-0.05746406330824933,0.043590839159781195
248,SJCRH30,H3K36me3,Penelope,0.006161222173620434,0.8751322445438108,-0.0705979016153448,0.08284780843215495
249,SJCRH30,H3K36me3,TcMar-Tc1,-0.047406118253454456,0.22601105549769676,-0.12366560802263488,0.02941002882019077
250,SJCRH30,H3K36me3,Dong-R4,0.09032148110420171,0.06191023007357321,-0.004697581514272902,0.18372414483824429
251,SJCRH30,H3K36me3,tRNA-Deu,0.08637309707124838,0.07774684123467922,-0.009800954153404071,0.18096383402580316
252,SJCRH30,H3K36me3,Kolobok,0.011048430543031399,0.8361260561543988,-0.09344537514882371,0.11530148808987098
253,SJCRH30,H3K36me3,PIF-Harbinger,-0.04664288060906046,0.38500700885972017,-0.15094014418584395,0.058681364159028436
254,SJCRH30,H3K36me3,Crypton,-0.03462351122507145,0.5618784546699462,-0.1506473048704527,0.08234113966527876
255,SJCRH30,H3K36me3,Merlin,-0.05723899487259651,0.4081329122616856,-0.19093941276810023,0.07854655491269334
256,SJCRH30,H3K36me3,TcMar,-0.08344549511548403,0.2365559677063573,-0.2188723553791209,0.05513546845426134
257,SJCRH30,H3K36me3,L1-Tx1,-0.04406941429308049,0.6091119142289714,-0.2103096119193688,0.12464767298690348
258,SJCRH30,H3K36me3,Crypton-A,0.10752515971765565,0.22154346014820064,-0.06570075804706303,0.2744596463628418
259,SJCRH30,H3K36me3,I-Jockey,-0.002131405801130572,0.9824511413365196,-0.190157098212579,0.18604511418286312
260,SJCRH30,H3K36me3,hAT-Tip100?,0.23063811188811187,0.06454591896046025,-0.017339091159822198,0.45188582959323187
261,SJCRH30,H3K36me3,TcMar-Pogo,0.1191348973607038,0.5160571968429095,-0.24072345960045885,0.45019808524589094
262,SJCRH30,H3K36me3,hAT?,0.07654698242933536,0.6669927258219337,-0.2690488714916277,0.40467946741723054
263,SJCRH30,H3K36me3,hAT-hAT19,-0.11470588235294117,0.672291046599723,-0.5787587984690807,0.4054620213814055
264,SJCRH30,H3K27me3,Alu,-0.0010640086631717323,0.26385747804539156,-0.002930449051190945,0.0008024391380458833
265,SJCRH30,H3K27me3,L1,-0.000545777525146803,0.6919901268649642,-0.003245979258983309,0.0021544321673409913
266,SJCRH30,H3K27me3,MIR,-0.0010964350533047115,0.43058186289579925,-0.0038228638305394923,0.0016300100245582037
267,SJCRH30,H3K27me3,L2,-0.0004761920321903132,0.7761007266712756,-0.0037578430781177183,0.0028054692702179276
268,SJCRH30,H3K27me3,ERVL-MaLR,0.0004139970850250969,0.8364381995245198,-0.003516306307836676,0.004344287687664577
269,SJCRH30,H3K27me3,hAT-Charlie,-0.0004126915511342405,0.8465041945073654,-0.004591079347005151,0.0037657106550901477
270,SJCRH30,H3K27me3,ERV1,0.0037559265963641388,0.22071273129580543,-0.0022552711004786286,0.009766852864591996
271,SJCRH30,H3K27me3,ERVL,-0.00011950952840835572,0.9694856357795576,-0.0062426717014236145,0.006003661606189131
272,SJCRH30,H3K27me3,TcMar-Tigger,-0.002302907953119171,0.4686797874936922,-0.00853160460021034,0.003925967390328764
273,SJCRH30,H3K27me3,hAT-Tip100,-0.002091762982834476,0.6294652764828291,-0.010588741391532597,0.006405517482816424
274,SJCRH30,H3K27me3,CR1,-0.00957615054107119,0.04249469158827052,-0.01882664865971117,-0.00032401308640304054
275,SJCRH30,H3K27me3,Gypsy,0.009918196181892961,0.2142347334732416,-0.005733988884782309,0.02556552254359355
276,SJCRH30,H3K27me3,hAT-Blackjack,-0.0013577295246248863,0.8677020639721925,-0.017331374328772468,0.014616608180131305
277,SJCRH30,H3K27me3,TcMar-Mariner,-0.01195771898642733,0.14572577917668625,-0.028062299810110106,0.004153067763589481
278,SJCRH30,H3K27me3,RTE-X,-0.002352418804613123,0.8193187536304309,-0.022534079636304855,0.017831158497350667
279,SJCRH30,H3K27me3,ERVK,0.017739552842480476,0.13119944704886752,-0.005298031964935997,0.04075831727327743
280,SJCRH30,H3K27me3,TcMar-Tc2,0.006311080288951237,0.6102339141163605,-0.017954612286875997,0.03056934261559855
281,SJCRH30,H3K27me3,SVA,0.005217024719793373,0.7154815626085054,-0.02283307818083598,0.03325892020273689
282,SJCRH30,H3K27me3,RTE-BovB,0.007973902162851872,0.589094624400039,-0.020959178400948308,0.036893637759553025
283,SJCRH30,H3K27me3,tRNA-RTE,0.021170788393523425,0.18758281759273301,-0.01032295740608035,0.05262257459162821
284,SJCRH30,H3K27me3,hAT-Ac,0.014308992928163514,0.43038704819889284,-0.02125974004793222,0.04984154971240084
285,SJCRH30,H3K27me3,hAT,0.004985243574070356,0.7959173440616722,-0.03278574305284394,0.042742010832667154
286,SJCRH30,H3K27me3,MULE-MuDR,0.010162427851623248,0.6255725752095415,-0.03065239551305569,0.05094341763203705
287,SJCRH30,H3K27me3,PiggyBac,0.022463834286645876,0.3045479713159951,-0.02042760125074193,0.06527273490117076
288,SJCRH30,H3K27me3,5S-Deu-L2,-0.02004706036154659,0.3843632542725013,-0.06514108464678103,0.025128674728381328
289,SJCRH30,H3K27me3,Helitron,0.026962219358165066,0.26767017198928295,-0.020727594329913068,0.07452961752495289
290,SJCRH30,H3K27me3,hAT-Tag1,0.011487663809498113,0.637583741652732,-0.03630144897109291,0.05922435619126776
291,SJCRH30,H3K27me3,tRNA,0.027763819298688826,0.2817522850974144,-0.022807181456622232,0.07819310093929775
292,SJCRH30,H3K27me3,Penelope,0.05296903220324309,0.17606902876716488,-0.023847730984882628,0.12916398998964523
293,SJCRH30,H3K27me3,TcMar-Tc1,-0.031235770367773717,0.4255324527520187,-0.10772121071930923,0.045617244873908176
294,SJCRH30,H3K27me3,Dong-R4,0.005002282269766966,0.9178153384065537,-0.08982770517058707,0.09974238442521362
295,SJCRH30,H3K27me3,tRNA-Deu,0.0007819357881039697,0.9872831806594994,-0.09514029788926857,0.09668978231536901
296,SJCRH30,H3K27me3,Kolobok,-0.03562921417849448,0.5040053557198356,-0.13937941026018758,0.06889471747639102
297,SJCRH30,H3K27me3,PIF-Harbinger,-0.06628243396946194,0.21676559934142672,-0.17019137609790816,0.03908430539933576
298,SJCRH30,H3K27me3,Crypton,0.007933206202618165,0.8942973009956385,-0.10876674032012924,0.1244174558095665
299,SJCRH30,H3K27me3,Merlin,0.03633788980847733,0.5996692733556136,-0.09926205943652473,0.17061283245354628
300,SJCRH30,H3K27me3,TcMar,-0.03331479252654046,0.6361861574660107,-0.16994563353661765,0.10457272378509924
301,SJCRH30,H3K27me3,L1-Tx1,-0.06547055797758361,0.4471901430462104,-0.2308250593331924,0.10355948651448468
302,SJCRH30,H3K27me3,Crypton-A,-0.03544046346607998,0.6877772882065933,-0.20576751296960627,0.13697071340374842
303,SJCRH30,H3K27me3,I-Jockey,-0.09678435733481607,0.3167486797924967,-0.28020274905058534,0.09345206616657319
304,SJCRH30,H3K27me3,hAT-Tip100?,-0.0625,0.620883920786121,-0.30201940227296004,0.18444181558303344
305,SJCRH30,H3K27me3,TcMar-Pogo,-0.10373900293255131,0.5720624083399479,-0.4374294954846849,0.2550628156552327
306,SJCRH30,H3K27me3,hAT?,-0.11138273491214666,0.530573558554391,-0.43411554417613096,0.23668856955384968
307,SJCRH30,H3K27me3,hAT-hAT19,-0.06764705882352941,0.8034203137966691,-0.5455111301042209,0.4434098601134071
308,SJCRH30,H3K4me3,Alu,0.00011853535209449717,0.9009978239676102,-0.0017490135690394221,0.001986083446388037
309,SJCRH30,H3K4me3,L1,-0.0010034573970298807,0.46644066956686203,-0.003703961909141999,0.0016970617510532258
310,SJCRH30,H3K4me3,MIR,0.0026270291774823555,0.05902848018732969,-0.00010016510891303248,0.00535418438664307
311,SJCRH30,H3K4me3,L2,0.0008743172776798858,0.601570865914982,-0.0024076000168319505,0.004156215737775618
312,SJCRH30,H3K4me3,ERVL-MaLR,0.0008580808844151615,0.6688204844201354,-0.0030735084994057567,0.004789643741005046
313,SJCRH30,H3K4me3,hAT-Charlie,-0.002482901033730241,0.24428272919116004,-0.006662326245158364,0.001696610920652766
314,SJCRH30,H3K4me3,ERV1,-0.0003607500325695948,0.9063773012247668,-0.006372597167809946,0.005651123179463377
315,SJCRH30,H3K4me3,ERVL,0.004796112453765282,0.12483332309920321,-0.0013286530393147678,0.010920518128950504
316,SJCRH30,H3K4me3,TcMar-Tigger,-0.00012336513418676197,0.9690442538118332,-0.006353901787947537,0.0061071810975559995
317,SJCRH30,H3K4me3,hAT-Tip100,-0.00117264424586593,0.7868177215710015,-0.009670746401757597,0.007325627285069484
318,SJCRH30,H3K4me3,CR1,0.005090423108985927,0.2809026169357898,-0.004162302379787806,0.014342277045212267
319,SJCRH30,H3K4me3,Gypsy,-0.00333182326478611,0.6765286355756127,-0.018982285958052285,0.01232027179031211
320,SJCRH30,H3K4me3,hAT-Blackjack,-0.011912955843498862,0.14400079701406054,-0.027888596863915083,0.004068769231689314
321,SJCRH30,H3K4me3,TcMar-Mariner,-0.006527842025130922,0.42737879862130146,-0.022644845385276877,0.009592553509072272
322,SJCRH30,H3K4me3,RTE-X,0.00749117569038572,0.4669767673755957,-0.012693729397446287,0.027669978016008588
323,SJCRH30,H3K4me3,ERVK,-0.010719323381556236,0.36169211940799284,-0.03374208243071,0.012314806085987857
324,SJCRH30,H3K4me3,TcMar-Tc2,0.015735346084166286,0.20390413399997587,-0.00854142050594554,0.03999357463635181
325,SJCRH30,H3K4me3,SVA,0.019891914508875355,0.16489325262654905,-0.00818500290731897,0.04793749240965293
326,SJCRH30,H3K4me3,RTE-BovB,-0.007904379503809877,0.5924270664149364,-0.036830497663184594,0.02103497304410561
327,SJCRH30,H3K4me3,tRNA-RTE,0.0038067809467748374,0.8127385532832327,-0.027684053297527805,0.0352900667304543
328,SJCRH30,H3K4me3,hAT-Ac,-0.00410240113177917,0.8212115039386849,-0.039664568079656785,0.031470145367889966
329,SJCRH30,H3K4me3,hAT,0.0032060627614073265,0.8679216529506658,-0.034569812413061694,0.040972789847234715
330,SJCRH30,H3K4me3,MULE-MuDR,0.011799794249105338,0.5710734347057664,-0.029025507115807828,0.05258579444941544
331,SJCRH30,H3K4me3,PiggyBac,-0.016963581198585424,0.43827603521395364,-0.05979978152749252,0.025934982018070193
332,SJCRH30,H3K4me3,5S-Deu-L2,-0.027389576749570647,0.23459864314974432,-0.07245687443886456,0.017789340054528997
333,SJCRH30,H3K4me3,Helitron,-0.007290917612148103,0.7644840231662713,-0.05494107713117755,0.04039237529677915
334,SJCRH30,H3K4me3,hAT-Tag1,0.04113317194942194,0.09152165562584282,-0.006667723097612005,0.08874651472862692
335,SJCRH30,H3K4me3,tRNA,-0.014381477697597535,0.5771960722709522,-0.06486622498046637,0.03617669982362665
336,SJCRH30,H3K4me3,Penelope,-0.02005785678222847,0.6089133393702155,-0.09664182736644496,0.05676221700577083
337,SJCRH30,H3K4me3,TcMar-Tc1,0.022014470361976398,0.5744260381520476,-0.0548124063190945,0.09858222292276307
338,SJCRH30,H3K4me3,Dong-R4,0.056805003705755905,0.24091560450699495,-0.0382639692471605,0.1508548756071735
339,SJCRH30,H3K4me3,tRNA-Deu,-0.029525510881028172,0.547191387768629,-0.12510699493713456,0.06659899095762264
340,SJCRH30,H3K4me3,Kolobok,0.0018999912223154481,0.9716244229162161,-0.10250330419900452,0.10626188292888772
341,SJCRH30,H3K4me3,PIF-Harbinger,-0.005065011734832881,0.9248840615593252,-0.10998728732310255,0.09996890360190054
342,SJCRH30,H3K4me3,Crypton,-0.03065631248802512,0.6075616274298525,-0.14675627873919095,0.08627681279513504
343,SJCRH30,H3K4me3,Merlin,-0.1206072261903627,0.08048133341046124,-0.25203955821411717,0.01519401449432431
344,SJCRH30,H3K4me3,TcMar,0.10510249130349426,0.1356023690800858,-0.03346800407639898,0.23970836342105395
345,SJCRH30,H3K4me3,L1-Tx1,-0.03203987599915251,0.710133762185591,-0.19872943051423977,0.13645125334330568
346,SJCRH30,H3K4me3,Crypton-A,0.07267190079763214,0.4094354173281728,-0.10032764587140233,0.24140619717408707
347,SJCRH30,H3K4me3,I-Jockey,-0.1303030303030303,0.17686042504990343,-0.3115155721419661,0.060054429536030324
348,SJCRH30,H3K4me3,hAT-Tip100?,0.18072552447552448,0.14967589711541787,-0.0681017626979656,0.4083859415343745
349,SJCRH30,H3K4me3,TcMar-Pogo,-0.09274193548387095,0.6136675984393901,-0.4282462968153663,0.2652326866400377
350,SJCRH30,H3K4me3,hAT?,0.07685255920550038,0.6657401430375809,-0.2687675352702286,0.40493992521864103
351,SJCRH30,H3K4me3,hAT-hAT19,-0.21176470588235297,0.431083247239221,-0.6438223247105804,0.32268252517663865
352,BE2C,H3K4me1,Alu,-0.0005850163118693471,0.5395626198255498,-0.0024540562210704233,0.0012840276846289443
353,BE2C,H3K4me1,L1,-0.00013254750843378366,0.9234500763867123,-0.0028361699899057883,0.002571076910771425
354,BE2C,H3K4me1,MIR,-0.0005102557925020815,0.7139682182529623,-0.0032387481113929496,0.0022182441237842423
355,BE2C,H3K4me1,L2,-0.001081297666248151,0.5185902924025382,-0.004364371385789314,0.0022017993631775297
356,BE2C,H3K4me1,ERVL-MaLR,0.0016597403832815823,0.40848624460199334,-0.002275887852442276,0.005595317203534898
357,BE2C,H3K4me1,hAT-Charlie,0.0006434889048486833,0.7629724011494696,-0.003538529427952305,0.004825484729449656
358,BE2C,H3K4me1,ERV1,-0.0036756227384213925,0.23203079412119154,-0.009703189305993273,0.002352210926800916
359,BE2C,H3K4me1,ERVL,-0.001331396890568094,0.6703472083718351,-0.0074615696618323185,0.004798875947682922
360,BE2C,H3K4me1,TcMar-Tigger,-2.255042049023334e-05,0.9943437893060152,-0.006257156104381126,0.006212057016484735
361,BE2C,H3K4me1,hAT-Tip100,-0.002675907430571673,0.5373212220453714,-0.011177620947891565,0.005826192931656199
362,BE2C,H3K4me1,CR1,-0.0031123781445077728,0.5098159070020034,-0.012366782823814529,0.006142559683741109
363,BE2C,H3K4me1,Gypsy,1.2264162896946882e-05,0.9987755948639886,-0.01565063852312356,0.015675160831470945
364,BE2C,H3K4me1,hAT-Blackjack,-0.0053756845790477485,0.5101965959477882,-0.021372436159111476,0.010623818786827518
365,BE2C,H3K4me1,TcMar-Mariner,-0.01534131730983699,0.062290563947510556,-0.03146351622203679,0.0007888626216665366
366,BE2C,H3K4me1,RTE-X,-0.011832800259179231,0.25085332929891596,-0.032021410443374705,0.008365461512691425
367,BE2C,H3K4me1,ERVK,0.007882938800194382,0.5036926950152338,-0.015222502425598146,0.03097996577452975
368,BE2C,H3K4me1,TcMar-Tc2,0.013957703376259976,0.259905146992405,-0.010326428847640656,0.03822538130103994
369,BE2C,H3K4me1,SVA,0.0038707430923344333,0.7869701738193914,-0.024198684456799086,0.031934072414300255
370,BE2C,H3K4me1,RTE-BovB,0.0061335900488182086,0.6778871275359076,-0.022807973490100438,0.03506488168512807
371,BE2C,H3K4me1,tRNA-RTE,0.030934775185310456,0.05422729966051416,-0.0005688399931519419,0.0623770470724362
372,BE2C,H3K4me1,hAT-Ac,-0.023679193632861327,0.1921084787886938,-0.05920795758871843,0.011909484892669377
373,BE2C,H3K4me1,hAT,0.018703586019732835,0.3322863368464175,-0.01911290970774903,0.05646664312430754
374,BE2C,H3K4me1,MULE-MuDR,0.00567602469179997,0.7855251407702252,-0.03519555479050847,0.04652864891853623
375,BE2C,H3K4me1,PiggyBac,-0.02102748529482487,0.33733073761366483,-0.06391282204432956,0.021935371027947563
376,BE2C,H3K4me1,5S-Deu-L2,0.0038676643967350223,0.8668730721034021,-0.04133617987103655,0.04905570767877133
377,BE2C,H3K4me1,Helitron,0.01546949976100975,0.5260779524808752,-0.03235329495358858,0.06322162402580699
378,BE2C,H3K4me1,hAT-Tag1,0.038585712875904406,0.11388828316940107,-0.009273642823503495,0.08626869486003912
379,BE2C,H3K4me1,tRNA,0.030459629772873514,0.23793386215563472,-0.020146007831293087,0.08090959287302599
380,BE2C,H3K4me1,Penelope,0.010563337054666996,0.7879220421900774,-0.0663355160834636,0.08733744774739467
381,BE2C,H3K4me1,TcMar-Tc1,-0.07652484486702227,0.050805045108979804,-0.1525230999446206,0.00037311832663075817
382,BE2C,H3K4me1,Dong-R4,-0.05313225023385724,0.2727424916234671,-0.14724345466924738,0.04193235641285554
383,BE2C,H3K4me1,tRNA-Deu,0.01085262465645205,0.8249176244595543,-0.08515390767662852,0.1066594867529573
384,BE2C,H3K4me1,Kolobok,0.028565383910072115,0.5916653013490368,-0.07576908542500647,0.13228112907038175
385,BE2C,H3K4me1,PIF-Harbinger,0.01988049570326627,0.711306141547174,-0.08528790909981969,0.1246107871581168
386,BE2C,H3K4me1,Crypton,0.01682035612930856,0.7781507481505273,-0.0999814329224073,0.13316486386861862
387,BE2C,H3K4me1,Merlin,-0.05455314251203601,0.4305153551959525,-0.18833220669341608,0.08121350536114827
388,BE2C,H3K4me1,TcMar,-0.054124557824129865,0.44539072738497487,-0.19118616910054886,0.08500739109025766
389,BE2C,H3K4me1,L1-Tx1,0.1701007051133448,0.046895577924596504,0.0012349132017723257,0.3295343793846144
390,BE2C,H3K4me1,Crypton-A,0.06642084149370388,0.45098846254928415,-0.10650469839384266,0.23544636854662304
391,BE2C,H3K4me1,I-Jockey,-0.025141321471596704,0.7952510329013991,-0.2122680616641412,0.16376399595977456
392,BE2C,H3K4me1,hAT-Tip100?,0.24399961597542244,0.053961907433985164,-0.0077460401870487845,0.4666594856218521
393,BE2C,H3K4me1,TcMar-Pogo,0.15322580645161288,0.40245138762800525,-0.20853959588423507,0.47810768062877246
394,BE2C,H3K4me1,hAT?,0.001002673796791444,0.9955814813197184,-0.34242427446527557,0.34419326975097153
395,BE2C,H3K4me1,hAT-hAT19,-0.13529411764705881,0.6173674089706418,-0.5929522406234536,0.3884296309682105
396,BE2C,H3K9me3,Alu,-0.0011724254562122196,0.21874935702098722,-0.003040851142366653,0.0006960084158979706
397,BE2C,H3K9me3,L1,-0.0006210123357740883,0.6525218165169315,-0.003324234463043168,0.002082218867512307
398,BE2C,H3K9me3,MIR,0.003409259806693995,0.014316345387377735,0.0006810364867405008,0.006137432375379582
399,BE2C,H3K9me3,L2,0.0011711535396179407,0.48443257209874835,-0.0021118103939869546,0.004454092228342854
400,BE2C,H3K9me3,ERVL-MaLR,-0.001861106798668325,0.35394149420483356,-0.005796131062237771,0.0020739751022485894
401,BE2C,H3K9me3,hAT-Charlie,0.001696068877039547,0.42665339235982547,-0.0024857221628375994,0.005877800597998134
402,BE2C,H3K9me3,ERV1,0.0012175279513280208,0.6920822022305158,-0.004808020003749248,0.007242987497441181
403,BE2C,H3K9me3,ERVL,-0.002393097245827263,0.4441773738272323,-0.008522882141532493,0.0037368674939142095
404,BE2C,H3K9me3,TcMar-Tigger,-0.0028474862339038652,0.3706692705092154,-0.009081471133236546,0.0033867199963344007
405,BE2C,H3K9me3,hAT-Tip100,0.0025655939973281768,0.5542191552014715,-0.0059363420982961575,0.011067159209453212
406,BE2C,H3K9me3,CR1,-0.0009124672633670195,0.8467679333000315,-0.010166812318555795,0.008342034087281056
407,BE2C,H3K9me3,Gypsy,-0.0063231577763131356,0.4288279055261389,-0.021984036690311414,0.009340823551081965
408,BE2C,H3K9me3,hAT-Blackjack,-0.00714306566968851,0.3815182431307179,-0.02313803393558567,0.008855558567857087
409,BE2C,H3K9me3,TcMar-Mariner,-0.004436753652412962,0.589748461237495,-0.02056166776031046,0.011690468057059365
410,BE2C,H3K9me3,RTE-X,-0.01636286574143143,0.11222440151144922,-0.036543411369740694,0.0038310199675485944
411,BE2C,H3K9me3,ERVK,-0.004002823423676514,0.7342517441149352,-0.027107534962127526,0.019106162609914216
412,BE2C,H3K9me3,TcMar-Tc2,-0.004205292202699585,0.7342141636373833,-0.028474495411150727,0.02006886589039656
413,BE2C,H3K9me3,SVA,-0.004838280131796598,0.735331808944991,-0.03288055356855624,0.023211604896549505
414,BE2C,H3K9me3,RTE-BovB,-0.005280390896935017,0.7206351032917091,-0.03420945576109943,0.023657515135900118
415,BE2C,H3K9me3,tRNA-RTE,-0.013810913912863949,0.3902560594593546,-0.04529230912652392,0.01769788575078011
416,BE2C,H3K9me3,hAT-Ac,0.01400954942352226,0.44040014231132174,-0.02158247723113814,0.049566110105645524
417,BE2C,H3K9me3,hAT,0.006882003611384339,0.7212603369080821,-0.03091913691406819,0.044663485683090205
418,BE2C,H3K9me3,MULE-MuDR,-0.013148973868318594,0.5284170632997153,-0.053984817822496624,0.027730778397995513
419,BE2C,H3K9me3,PiggyBac,0.03513641375295981,0.10898559560852956,-0.00784760756467916,0.07799082864358788
420,BE2C,H3K9me3,5S-Deu-L2,0.024934164179290043,0.2797610556639934,-0.020292171716215477,0.0700586646891686
421,BE2C,H3K9me3,Helitron,0.010131833916950488,0.6776114999177726,-0.037626860357412,0.0578443488859356
422,BE2C,H3K9me3,hAT-Tag1,0.015850283787245185,0.5161926044473899,-0.032001440738283725,0.06362951250573344
423,BE2C,H3K9me3,tRNA,0.015732796588761144,0.5423489667971784,-0.03487781437036801,0.06626291876469127
424,BE2C,H3K9me3,Penelope,0.008633266252728235,0.8257194918816171,-0.06813831774103662,0.08530321059892602
425,BE2C,H3K9me3,TcMar-Tc1,-0.05525280281437846,0.15877292294153356,-0.13153656153413842,0.02168148119208089
426,BE2C,H3K9me3,Dong-R4,-0.03514071726524813,0.46839394304695114,-0.1295250411251102,0.059874667163883906
427,BE2C,H3K9me3,tRNA-Deu,-0.12445126682560623,0.010874669431704854,-0.21812107220930205,-0.02850942107811422
428,BE2C,H3K9me3,Kolobok,0.044480163188724324,0.4034202915344244,-0.05993663021312924,0.1479340731343834
429,BE2C,H3K9me3,PIF-Harbinger,0.049917127549560916,0.35249374775525866,-0.05541844520138445,0.1541537990480486
430,BE2C,H3K9me3,Crypton,0.027780583148606045,0.6416714263901833,-0.08912797908457451,0.14393407878454062
431,BE2C,H3K9me3,Merlin,-0.004060395590031647,0.9532463960759545,-0.13905324986126696,0.13108060928550327
432,BE2C,H3K9me3,TcMar,0.003167237764593663,0.9644074871601994,-0.13528712313279231,0.1415002744248476
433,BE2C,H3K9me3,L1-Tx1,0.12051007111057786,0.1606980528871689,-0.048791358431538395,0.28308006471164765
434,BE2C,H3K9me3,Crypton-A,0.02045340198377548,0.8166308340149262,-0.15162166271762872,0.1913251897945406
435,BE2C,H3K9me3,I-Jockey,-0.020961912705031973,0.8287153416927838,-0.20826254419073215,0.1678217676615889
436,BE2C,H3K9me3,hAT-Tip100?,0.05395545314900154,0.674493893020877,-0.19661256262288437,0.29790797249049084
437,BE2C,H3K9me3,TcMar-Pogo,-0.020894428152492667,0.9096291185775631,-0.3669495156609261,0.33024072920229386
438,BE2C,H3K9me3,hAT?,0.004010695187165776,0.9823272134277938,-0.3397674015585818,0.3468433887237028
439,BE2C,H3K9me3,hAT-hAT19,-0.11176470588235293,0.6802736949858406,-0.5767137615441166,0.407873364319891
440,BE2C,H3K36me3,Alu,-0.0014635081685271877,0.12476101478400002,-0.0033320659181300693,0.0004050598008546217
441,BE2C,H3K36me3,L1,-0.0008216963410711476,0.5513785565335984,-0.0035252378600378613,0.001881857189738884
442,BE2C,H3K36me3,MIR,6.051838200635718e-05,0.9653200619971574,-0.0026675769281103083,0.0027886127913067144
443,BE2C,H3K36me3,L2,-0.0034765487879909224,0.037941964260612866,-0.006759532962758833,-0.00019348967022448808
444,BE2C,H3K36me3,ERVL-MaLR,0.0009092154196354949,0.6506507879183665,-0.0030258515930894287,0.004844254274587336
445,BE2C,H3K36me3,hAT-Charlie,-9.668330888627219e-05,0.9638555460188313,-0.004278328260338265,0.00408496502380704
446,BE2C,H3K36me3,ERV1,0.0005223436249883468,0.8651132105864385,-0.0055044663229916226,0.006549115627608851
447,BE2C,H3K36me3,ERVL,-0.004293755212070959,0.16980727067614487,-0.010423620119859499,0.001836432396451774
448,BE2C,H3K36me3,TcMar-Tigger,-0.0054316653967066255,0.08770420438795481,-0.011665575970596444,0.0008026673850937716
449,BE2C,H3K36me3,hAT-Tip100,-0.001959862230124284,0.6514033390820064,-0.010461408721687738,0.006541967575121044
450,BE2C,H3K36me3,CR1,0.0009940152299332595,0.8332644493314099,-0.008260388863053225,0.010248249063012966
451,BE2C,H3K36me3,Gypsy,-0.0027213822193217123,0.7334760662721389,-0.01838402741578293,0.012942598311424148
452,BE2C,H3K36me3,hAT-Blackjack,0.005972220211293011,0.4643473661144686,-0.010025222789548557,0.02196660688764271
453,BE2C,H3K36me3,TcMar-Mariner,0.005770375700565583,0.48323285948826233,-0.01036085118968399,0.02189859995610813
454,BE2C,H3K36me3,RTE-X,-0.00031149567279676623,0.9758833590828299,-0.020504779187524566,0.019882041881522112
455,BE2C,H3K36me3,ERVK,0.012368996715304476,0.29402663851702,-0.010735659633255228,0.03546045282616793
456,BE2C,H3K36me3,TcMar-Tc2,0.014536213202339308,0.240705449565957,-0.00974982406666881,0.038805111696285075
457,BE2C,H3K36me3,SVA,-0.006385600446553214,0.655520483483383,-0.0344291626546391,0.02166800957073507
458,BE2C,H3K36me3,RTE-BovB,0.02511730114882353,0.0888857217994693,-0.00382412898781899,0.05401668906217795
459,BE2C,H3K36me3,tRNA-RTE,0.010958829172873169,0.49536171294394415,-0.02054473883731803,0.042440656859969145
460,BE2C,H3K36me3,hAT-Ac,-0.0184599025054937,0.3094847335972115,-0.054018692583981225,0.01714564731317192
461,BE2C,H3K36me3,hAT,-0.0248061754490226,0.19829767792862737,-0.06253898222490292,0.012997443777134216
462,BE2C,H3K36me3,MULE-MuDR,0.007858304529686689,0.7064173818367239,-0.033024904415209735,0.04871525940441054
463,BE2C,H3K36me3,PiggyBac,-0.04392460669717248,0.04496730444027931,-0.08671995917742029,-0.0009674429311120523
464,BE2C,H3K36me3,5S-Deu-L2,0.027597784569462134,0.23155538683708804,-0.017629251938956793,0.07271211488923442
465,BE2C,H3K36me3,Helitron,0.01246909353632157,0.6092273459066743,-0.03533562591284431,0.06021688098652085
466,BE2C,H3K36me3,hAT-Tag1,0.0459016836204067,0.05997187937236897,-0.001952216049729911,0.09354583349979852
467,BE2C,H3K36me3,tRNA,-0.0072347260696439385,0.77935728074309,-0.05779396834288338,0.04336153256956725
468,BE2C,H3K36me3,Penelope,0.0027950099024206514,0.9431696581592158,-0.07394602207272157,0.07950313507067149
469,BE2C,H3K36me3,TcMar-Tc1,-0.06474338334426266,0.09884779567739092,-0.14096438106812587,0.012240614732037768
470,BE2C,H3K36me3,Dong-R4,-0.04659427151633668,0.33622389064578795,-0.14080997499668882,0.04845778808225182
471,BE2C,H3K36me3,tRNA-Deu,-0.049192370745052706,0.31569867899109344,-0.14448298363451464,0.047002268217737134
472,BE2C,H3K36me3,Kolobok,0.002173300059920273,0.9674523568235807,-0.10193794258385204,0.10623745033760883
473,BE2C,H3K36me3,PIF-Harbinger,-0.005310329714855719,0.9212574189553122,-0.11022970385330803,0.0997260911672602
474,BE2C,H3K36me3,Crypton,0.022013240850108026,0.7123321947952088,-0.09484173239184263,0.13826981735916366
475,BE2C,H3K36me3,Merlin,-0.028030589974601037,0.6856034524520234,-0.16250997014353855,0.10747115095755423
476,BE2C,H3K36me3,TcMar,-0.03727572480277695,0.5993320722019955,-0.17481574975710046,0.10169122326930251
477,BE2C,H3K36me3,L1-Tx1,-0.029416946601989555,0.7329262554887712,-0.1961998372930654,0.1390201624841656
478,BE2C,H3K36me3,Crypton-A,0.19309153852437289,0.02712661224658884,0.020698214534102182,0.3543343216763914
479,BE2C,H3K36me3,I-Jockey,0.046724121953479754,0.6294835729148403,-0.14273292679750454,0.23287820815359553
480,BE2C,H3K36me3,hAT-Tip100?,0.2488479262672811,0.049220816880821985,-0.002733327134267026,0.47080334332286844
481,BE2C,H3K36me3,TcMar-Pogo,0.08834310850439882,0.6306563470535195,-0.2692839162154985,0.4245583356173099
482,BE2C,H3K36me3,hAT?,0.10127005347593585,0.574957263022393,-0.2516154710553549,0.43038858835609173
483,BE2C,H3K36me3,hAT-hAT19,0.008823529411764706,0.9741279946623942,-0.4890287637649059,0.5023396357269391
484,BE2C,H3K27me3,Alu,-0.0005744659622993191,0.5467699534663695,-0.0024428968977161934,0.001293968984088086
485,BE2C,H3K27me3,L1,-0.0017549844779138502,0.20324721453738365,-0.004458380565066404,0.0009484372616441608
486,BE2C,H3K27me3,MIR,1.1471079876650183e-05,0.9934241926700095,-0.002716486461023245,0.002739428450046685
487,BE2C,H3K27me3,L2,0.0006058908751295757,0.7175588668863677,-0.002677069439459897,0.0038888381293904163
488,BE2C,H3K27me3,ERVL-MaLR,-0.001629082230145865,0.4171197935479507,-0.005564001448565742,0.0023058874371349133
489,BE2C,H3K27me3,hAT-Charlie,-0.0033902474485952056,0.11201095962882694,-0.007571294481839623,0.0007909181202495567
490,BE2C,H3K27me3,ERV1,0.0007614574564002266,0.8043735561246939,-0.0052638787058581875,0.006786738330201631
491,BE2C,H3K27me3,ERVL,0.0015694180009242335,0.6157939080701319,-0.00456026098487877,0.007698979053332233
492,BE2C,H3K27me3,TcMar-Tigger,-0.0024953400537296865,0.4327043147536699,-0.008728842943999468,0.0037383567644330806
493,BE2C,H3K27me3,hAT-Tip100,-0.0034974613767752554,0.4200884352657276,-0.011999003190590262,0.005004586039819738
494,BE2C,H3K27me3,CR1,-0.0038499751275782286,0.414872960635703,-0.013104074668416456,0.0054047838811248795
495,BE2C,H3K27me3,Gypsy,0.011988451538037525,0.13358328745421613,-0.0036757010440469835,0.027646722374799097
496,BE2C,H3K27me3,hAT-Blackjack,-0.0021390628231610065,0.7932722015243749,-0.018135335983037675,0.013858305106664826
497,BE2C,H3K27me3,TcMar-Mariner,0.008048937467540838,0.3280400065873821,-0.008080862553064524,0.024174550112795443
498,BE2C,H3K27me3,RTE-X,-0.0068978367950641205,0.5031721799688391,-0.027085573285029488,0.013295523882574356
499,BE2C,H3K27me3,ERVK,-0.009230825311741093,0.4336394663699862,-0.032328337758656955,0.0138765413766634
500,BE2C,H3K27me3,TcMar-Tc2,0.0036064470445476694,0.7708829522424879,-0.020663721224414597,0.02787236731106972
501,BE2C,H3K27me3,SVA,-0.005645689474493848,0.6933348800788985,-0.03369576553662901,0.022413273819077928
502,BE2C,H3K27me3,RTE-BovB,0.008666194829027663,0.5572588942860768,-0.02027352172982103,0.0375914015751517
503,BE2C,H3K27me3,tRNA-RTE,-0.0010923017855768392,0.94582084663127,-0.032586721818619574,0.030404285304141583
504,BE2C,H3K27me3,hAT-Ac,7.321914035891483e-05,0.9967834352324259,-0.03551226128310067,0.03565851412612051
505,BE2C,H3K27me3,hAT,0.023035725063220536,0.23225192005011844,-0.014767766169320268,0.06077345504243031
506,BE2C,H3K27me3,MULE-MuDR,0.006378953670150583,0.759837544823474,-0.03451132280795802,0.04724790899463057
507,BE2C,H3K27me3,PiggyBac,0.05400092587999064,0.013727222721651965,0.011036346970093076,0.09676648137424021
508,BE2C,H3K27me3,5S-Deu-L2,0.005087129856196584,0.8255382937406293,-0.040130862866632276,0.05028432863563577
509,BE2C,H3K27me3,Helitron,0.0605174507332448,0.01305066785903822,0.012714569448455141,0.10804433935165723
510,BE2C,H3K27me3,hAT-Tag1,0.006646132457901924,0.7854600774326103,-0.0411919535941416,0.05445381738311637
511,BE2C,H3K27me3,tRNA,0.027899204680087563,0.27989208042094565,-0.022722420966484903,0.07837813615609611
512,BE2C,H3K27me3,Penelope,-0.0022740579299212744,0.95374886187982,-0.07898540073731813,0.07446405833653467
513,BE2C,H3K27me3,TcMar-Tc1,-0.09642059683311408,0.013776137207863129,-0.1721048966308327,-0.01960464339284075
514,BE2C,H3K27me3,Dong-R4,0.04290452872807776,0.37592597782478765,-0.052137756087724814,0.1371765611523755
515,BE2C,H3K27me3,tRNA-Deu,-0.09994516262471845,0.041113755638574716,-0.19423143119508607,-0.003829125862575101
516,BE2C,H3K27me3,Kolobok,0.10297539597706534,0.05255999592555277,-0.0014012922796913223,0.20513253130751183
517,BE2C,H3K27me3,PIF-Harbinger,-0.026503093116782707,0.6217094620772836,-0.1311365567975947,0.07871433987412978
518,BE2C,H3K27me3,Crypton,0.020533152224802672,0.7309000362475337,-0.09630713823328341,0.13681526264944235
519,BE2C,H3K27me3,Merlin,0.0787545565290722,0.2547238931776656,-0.057129350114384386,0.21177369266271168
520,BE2C,H3K27me3,TcMar,0.12192997201833647,0.08465117960986374,-0.0172639383689131,0.25648755621435315
521,BE2C,H3K27me3,L1-Tx1,0.06533287751990334,0.4481481676567637,-0.10369552024848745,0.23069342944926088
522,BE2C,H3K27me3,Crypton-A,0.1705722441831079,0.0514296633204864,-0.0022375127748255432,0.33348969736852085
523,BE2C,H3K27me3,I-Jockey,0.08395885460105644,0.3854028883368379,-0.10614538808413335,0.2681418914151099
524,BE2C,H3K27me3,hAT-Tip100?,0.18994815668202766,0.13593841679206858,-0.06293573573428789,0.41991250841939465
525,BE2C,H3K27me3,TcMar-Pogo,-0.0755131964809384,0.6812490623853001,-0.41375374166632883,0.28104600900694615
526,BE2C,H3K27me3,hAT?,-0.20421122994652408,0.25431370800669756,-0.5143843379934152,0.15321113761487498
527,BE2C,H3K27me3,hAT-hAT19,-0.2764705882352941,0.2999421284923735,-0.684611693761416,0.26365264480027495
528,SJSA1,H3K27ac,Alu,0.0016306637685794358,0.08635045712987782,-0.00023295017027272078,0.0034942663806941674
529,SJSA1,H3K27ac,L1,-1.3368538168623538e-05,0.992244186767745,-0.0027088542185960953,0.0026821173365209157
530,SJSA1,H3K27ac,MIR,3.5290765503724736e-05,0.9797604676808425,-0.0026911831736377576,0.0027617641799661937
531,SJSA1,H3K27ac,L2,2.7793820855207292e-05,0.986750696915029,-0.003252571385347781,0.003308158428891038
532,SJSA1,H3K27ac,ERVL-MaLR,0.00032301575187432995,0.8718862555790124,-0.0036028528777862605,0.00424887442463444
533,SJSA1,H3K27ac,hAT-Charlie,6.27275779677004e-05,0.9765132519815971,-0.004113259352834673,0.004238712320975452
534,SJSA1,H3K27ac,ERV1,0.00859031343931282,0.00491534051451608,0.002603964351428036,0.01457604685369199
535,SJSA1,H3K27ac,ERVL,0.000851750201440868,0.7849771428804666,-0.0052668485092224725,0.0069702851383518895
536,SJSA1,H3K27ac,TcMar-Tigger,0.001313745839184225,0.6791153898641484,-0.004910740130629376,0.007538130010356706
537,SJSA1,H3K27ac,hAT-Tip100,-0.0036244194389022655,0.40315531452315034,-0.012121231360387391,0.0048729158575087006
538,SJSA1,H3K27ac,CR1,-0.01240702106833305,0.008534212577194453,-0.02165056578344388,-0.003161355351081194
539,SJSA1,H3K27ac,Gypsy,0.004417243307164966,0.5800603373049315,-0.01123003030905571,0.020062354169440178
540,SJSA1,H3K27ac,hAT-Blackjack,0.02179473843126174,0.007459197115307717,0.005828810166079001,0.037749557719547584
541,SJSA1,H3K27ac,TcMar-Mariner,0.004844660671778123,0.5553315066704065,-0.011254850686637388,0.0209416609464355
542,SJSA1,H3K27ac,RTE-X,-0.007149598381583778,0.4873713009069939,-0.027321131633932814,0.013027755057979077
543,SJSA1,H3K27ac,ERVK,0.006527257215738842,0.5748564992835056,-0.016280244473571272,0.029327969911997685
544,SJSA1,H3K27ac,TcMar-Tc2,0.01790813276275067,0.1479372657698416,-0.006353698025503875,0.04214889234486183
545,SJSA1,H3K27ac,SVA,0.004026583086658197,0.7774877552528503,-0.023897288100556267,0.031944176187286136
546,SJSA1,H3K27ac,RTE-BovB,0.02183482192900209,0.13890571780110186,-0.007088289515106201,0.05072143039320222
547,SJSA1,H3K27ac,tRNA-RTE,0.003689825364627286,0.8184128613032664,-0.027804978648732544,0.03517731093637726
548,SJSA1,H3K27ac,hAT-Ac,0.00021577546311146522,0.990505419361887,-0.03531137528257916,0.03574238152285285
549,SJSA1,H3K27ac,hAT,0.005954085290238668,0.7574859004344477,-0.031832017349345654,0.0437231926130431
550,SJSA1,H3K27ac,MULE-MuDR,-0.012357156892374849,0.5530268748372753,-0.05314181765017993,0.028468661141856783
551,SJSA1,H3K27ac,PiggyBac,-0.016891859041940852,0.43934036553428046,-0.05964656215457645,0.025924706519130956
552,SJSA1,H3K27ac,5S-Deu-L2,-0.017944259113560825,0.4360791802051154,-0.06303331565774947,0.027217901448990774
553,SJSA1,H3K27ac,Helitron,-0.010442970909801048,0.6674607379777007,-0.058027742004237486,0.03718914465736581
554,SJSA1,H3K27ac,hAT-Tag1,0.0322184085580006,0.18620572568790342,-0.01557136514386279,0.07986131724105947
555,SJSA1,H3K27ac,tRNA,-0.018543561299738734,0.4722338957573149,-0.06901250662857125,0.03202005893752962
556,SJSA1,H3K27ac,Penelope,0.023414967318113437,0.5487931948544431,-0.05312332040628311,0.09967975052392743
557,SJSA1,H3K27ac,TcMar-Tc1,0.05776833698249805,0.1403180766703334,-0.01910517086194875,0.13396284142259302
558,SJSA1,H3K27ac,Dong-R4,0.06067313431579754,0.21031526021074856,-0.03439834679870356,0.1546563652576275
559,SJSA1,H3K27ac,tRNA-Deu,-0.06857374764378397,0.16168017995750755,-0.1635240328082204,0.027635309708123206
560,SJSA1,H3K27ac,Kolobok,-0.0021831139027323676,0.9673518472479328,-0.10639418047793703,0.1020753914835865
561,SJSA1,H3K27ac,PIF-Harbinger,0.10665446193267968,0.046480458283546154,0.0013941106498891684,0.20957729996786634
562,SJSA1,H3K27ac,Crypton,-0.13402029105958682,0.02414758545261436,-0.24725456573638246,-0.017174728271077716
563,SJSA1,H3K27ac,Merlin,0.07574731875961167,0.2722240766590603,-0.059803733629063265,0.2085553849920895
564,SJSA1,H3K27ac,TcMar,-0.02791510348549947,0.692584582571435,-0.1650169421194684,0.1102450966352204
565,SJSA1,H3K27ac,L1-Tx1,0.003465347112799817,0.9679421897827112,-0.1643461516851258,0.17108189711005525
566,SJSA1,H3K27ac,Crypton-A,-0.04443803857860864,0.6142676781930456,-0.21441143077731192,0.1281476904101255
567,SJSA1,H3K27ac,I-Jockey,0.08458900935965157,0.3818338150368742,-0.10552282400486165,0.268735502532292
568,SJSA1,H3K27ac,hAT-Tip100?,0.12197802197802196,0.33696307134364856,-0.12857531651032375,0.357893472345255
569,SJSA1,H3K27ac,TcMar-Pogo,-0.004765395894428152,0.9793492798696655,-0.35287481830207157,0.344502840462374
570,SJSA1,H3K27ac,hAT?,0.06462948815889992,0.7165035882925725,-0.27998668645815084,0.3944904614354291
571,SJSA1,H3K27ac,hAT-hAT19,0.15294117647058825,0.5717446192454616,-0.3736124896571969,0.604949167049358
572,SJSA1,H3K9me3,Alu,-0.00026052944452710486,0.7839819344312903,-0.0021232253771463583,0.0016021682959787772
573,SJSA1,H3K9me3,L1,0.0012794809913102936,0.3521399127639735,-0.0014157176742963908,0.003974661068469639
574,SJSA1,H3K9me3,MIR,-0.0008793945575261887,0.527204184141763,-0.003605361672416207,0.0018465856268168482
575,SJSA1,H3K9me3,L2,0.0013104646905430963,0.43362905980656774,-0.001969836584670037,0.004590737763763458
576,SJSA1,H3K9me3,ERVL-MaLR,-0.0002174169286689291,0.9135463261287351,-0.004142450729400657,0.003707623571077269
577,SJSA1,H3K9me3,hAT-Charlie,-0.001492641292485318,0.4834839950198554,-0.0056676750120995285,0.0026824444640751945
578,SJSA1,H3K9me3,ERV1,-0.0012034006649062766,0.6935007083830087,-0.007187993140541025,0.0047812780125199615
579,SJSA1,H3K9me3,ERVL,0.002655813612414159,0.394826805471282,-0.0034616313462108297,0.008773059798364837
580,SJSA1,H3K9me3,TcMar-Tigger,-0.0014507364234359874,0.6477740510617167,-0.007674423093112003,0.004773062634955433
581,SJSA1,H3K9me3,hAT-Tip100,0.004253301317692204,0.32648292874748486,-0.004242610728425611,0.012748599386061432
582,SJSA1,H3K9me3,CR1,-3.501874859145165e-05,0.9940775351934276,-0.009281408516416744,0.009211377007144236
583,SJSA1,H3K9me3,Gypsy,0.014522951662989987,0.06887971003930304,-0.0011245498974854706,0.03016334323129973
584,SJSA1,H3K9me3,hAT-Blackjack,-0.008111760892102022,0.31931568183060927,-0.02407284872911777,0.00785346133232569
585,SJSA1,H3K9me3,TcMar-Mariner,-0.0021413339371483386,0.7942878298172272,-0.018235463086670022,0.013953904594811134
586,SJSA1,H3K9me3,RTE-X,0.011820806880721083,0.25085631691993343,-0.008357107307472385,0.031989098673631415
587,SJSA1,H3K9me3,ERVK,-0.005743076713038542,0.6214532313005225,-0.028532025883894818,0.01705183939183608
588,SJSA1,H3K9me3,TcMar-Tc2,0.0028268308742342998,0.8193034764268023,-0.02142438506593176,0.02707472220378051
589,SJSA1,H3K9me3,SVA,-0.015444346706016087,0.27822807921240017,-0.04333990148941722,0.01247527095772947
590,SJSA1,H3K9me3,RTE-BovB,-0.000102431378734954,0.994462077297529,-0.029020684072306558,0.028815992635476687
591,SJSA1,H3K9me3,tRNA-RTE,-0.012137536297633708,0.4501037526617053,-0.043613490394801,0.019362489919592774
592,SJSA1,H3K9me3,hAT-Ac,-0.01383954019647577,0.44536864454252034,-0.04934968843347127,0.021705551586338363
593,SJSA1,H3K9me3,hAT,0.00930480413596723,0.6293436172385884,-0.02847761337387761,0.04706067259240514
594,SJSA1,H3K9me3,MULE-MuDR,0.023123380630076417,0.26702046902266574,-0.017717548653374837,0.06388727548110375
595,SJSA1,H3K9me3,PiggyBac,0.02033222671549333,0.3517081324567042,-0.022466116396324586,0.06305618353076778
596,SJSA1,H3K9me3,5S-Deu-L2,-0.018315149696826995,0.42665333566427766,-0.06340299665880146,0.02684731177251473
597,SJSA1,H3K9me3,Helitron,0.018306483679075933,0.45146829302033786,-0.029349474217252806,0.06587940727288782
598,SJSA1,H3K9me3,hAT-Tag1,-0.00039518486344705016,0.9870670110220447,-0.04814771657335614,0.047359149198242904
599,SJSA1,H3K9me3,tRNA,0.019104286011664053,0.4589422232331757,-0.031459967162242954,0.06957100250116738
600,SJSA1,H3K9me3,Penelope,-0.013434297525063022,0.7306713718163192,-0.08972038404339024,0.06300850208069732
601,SJSA1,H3K9me3,TcMar-Tc1,0.006360509311354742,0.8710298696862686,-0.07034086947776425,0.08298711898546011
602,SJSA1,H3K9me3,Dong-R4,0.04105116267576817,0.3969134631121882,-0.05398548008013633,0.13535076907167845
603,SJSA1,H3K9me3,tRNA-Deu,0.00877307636854747,0.8580693896324747,-0.0872172336006847,0.10460197307540811
604,SJSA1,H3K9me3,Kolobok,-0.031996597042035405,0.5484816924314606,-0.1358051840386803,0.07250692279621108
605,SJSA1,H3K9me3,PIF-Harbinger,0.02550573014391655,0.6348909055742402,-0.07970475830140922,0.1301542107943181
606,SJSA1,H3K9me3,Crypton,-0.025689769347378773,0.6669577296635669,-0.1418812936640727,0.0912000323679369
607,SJSA1,H3K9me3,Merlin,-0.04605482321291466,0.5047991079659884,-0.17975823589136977,0.08931931632277673
608,SJSA1,H3K9me3,TcMar,0.09366688882936718,0.18268230263597585,-0.044576263114022026,0.22839014835801774
609,SJSA1,H3K9me3,L1-Tx1,0.0005670568002763335,0.9947528174758022,-0.1671643422349185,0.16826655494318934
610,SJSA1,H3K9me3,Crypton-A,0.11100301209725365,0.20687118697620682,-0.06222796780875715,0.27774151106830686
611,SJSA1,H3K9me3,I-Jockey,0.04700213140580114,0.6274439571943142,-0.14246118512994957,0.2331428741824372
612,SJSA1,H3K9me3,hAT-Tip100?,-0.3014194139194139,0.015502898451875814,-0.513641924423213,-0.05444199775003997
613,SJSA1,H3K9me3,TcMar-Pogo,0.21517595307917886,0.23692521159752983,-0.14844754091885276,0.5275449353052426
614,SJSA1,H3K9me3,hAT?,-0.1309396485867074,0.46043458139509863,-0.4504154462004786,0.2182613829521821
615,SJSA1,H3K9me3,hAT-hAT19,-0.22941176470588234,0.39272049088161975,-0.6551510666048215,0.30691283867300784
616,SJSA1,H3K36me3,Alu,0.0020545011606066424,0.030659669380110964,0.00019152533758560458,0.003917462722648926
617,SJSA1,H3K36me3,L1,0.0017835079465910659,0.19467440883181597,-0.0009119078891700729,0.004478897867197761
618,SJSA1,H3K36me3,MIR,-0.0017611059699911274,0.20543445762512347,-0.004487074955902539,0.000964889189481817
619,SJSA1,H3K36me3,L2,0.001076018403099001,0.5202809411728178,-0.0022043001030058918,0.004356313752371094
620,SJSA1,H3K36me3,ERVL-MaLR,0.0001707969065010656,0.9320335491079734,-0.003754258669517238,0.004095847219911058
621,SJSA1,H3K36me3,hAT-Charlie,2.8454590711040953e-05,0.9893421641463616,-0.004146546311321839,0.004203454500781127
622,SJSA1,H3K36me3,ERV1,0.00039177212961730455,0.8979086113988898,-0.005592883289553866,0.00637639948541584
623,SJSA1,H3K36me3,ERVL,-0.003452905706255056,0.2686176972449405,-0.009570248706120879,0.002664695736093143
624,SJSA1,H3K36me3,TcMar-Tigger,0.0008011690505156557,0.8008050651181572,-0.005422454786935555,0.007024730824393256
625,SJSA1,H3K36me3,hAT-Tip100,0.0030033136270533395,0.48837317186883855,-0.005492007330928759,0.011498201102084164
626,SJSA1,H3K36me3,CR1,0.004451387939639344,0.34534767724271864,-0.004794219162306623,0.013696234068726896
627,SJSA1,H3K36me3,Gypsy,0.0037620806433349865,0.6374540775773541,-0.011884098319509446,0.019406417860306644
628,SJSA1,H3K36me3,hAT-Blackjack,-0.00770413219394618,0.3441924794179332,-0.023663813170690103,0.008259474642077644
629,SJSA1,H3K36me3,TcMar-Mariner,0.00856495175086154,0.29698399891793137,-0.00753166353453258,0.02465712955875822
630,SJSA1,H3K36me3,RTE-X,0.0022816115621052202,0.8246034412892316,-0.017894454885995725,0.022455820603618146
631,SJSA1,H3K36me3,ERVK,0.00971395825396989,0.403719719489663,-0.013088141325355055,0.032505960085488554
632,SJSA1,H3K36me3,TcMar-Tc2,0.01078631964176097,0.3834535711550474,-0.013471321632711693,0.035031272023755375
633,SJSA1,H3K36me3,SVA,0.011098001960135223,0.43589719549460004,-0.016820643595839055,0.038999355409590014
634,SJSA1,H3K36me3,RTE-BovB,0.01606825394436349,0.27621344457635744,-0.012857925175032042,0.044967561722877816
635,SJSA1,H3K36me3,tRNA-RTE,0.011249992178666797,0.48369395042056174,-0.02023338671773289,0.04271108198785537
636,SJSA1,H3K36me3,hAT-Ac,-0.005004938297892782,0.7825303572541975,-0.04052483447387093,0.0305275917777165
637,SJSA1,H3K36me3,hAT,0.01863979890050388,0.33357856152044396,-0.019148553353657848,0.0563749738330569
638,SJSA1,H3K36me3,MULE-MuDR,-0.006968533987810089,0.7381988126924184,-0.04780076026268437,0.03388694351311284
639,SJSA1,H3K36me3,PiggyBac,0.0007765421779703555,0.9716364154268494,-0.042009437372974724,0.04355967877769885
640,SJSA1,H3K36me3,5S-Deu-L2,0.004798631139116874,0.8350271513376452,-0.040346852793536364,0.04992456277151048
641,SJSA1,H3K36me3,Helitron,-0.018696755960649285,0.4418787081885416,-0.06626828008992718,0.02895957205189776
642,SJSA1,H3K36me3,hAT-Tag1,0.01027092357962257,0.6735310442639587,-0.037502166596934894,0.05799717277870325
643,SJSA1,H3K36me3,tRNA,-0.025785006984181184,0.31748131392255874,-0.076223341972608,0.02478495332649748
644,SJSA1,H3K36me3,Penelope,0.05909945762624309,0.12991635239922528,-0.017478782317557378,0.13498838401993046
645,SJSA1,H3K36me3,TcMar-Tc1,-0.05817523989554183,0.1372386989247294,-0.13430660671958478,0.018638850660613777
646,SJSA1,H3K36me3,Dong-R4,-0.07352800105279908,0.1288211815572894,-0.1672746803712426,0.02153636055731135
647,SJSA1,H3K36me3,tRNA-Deu,0.0312731595488508,0.52371939888029,-0.06485982729346927,0.12683101701829733
648,SJSA1,H3K36me3,Kolobok,-0.008285310169975798,0.8765544643039282,-0.1124251457590411,0.09603455857744306
649,SJSA1,H3K36me3,PIF-Harbinger,0.025266340446494954,0.6380721861612606,-0.0799424579657412,0.12991840257373297
650,SJSA1,H3K36me3,Crypton,-0.06160686903024929,0.3017058042823917,-0.1770410448697662,0.05549926199591847
651,SJSA1,H3K36me3,Merlin,-0.031866330558196196,0.6445440833220175,-0.1659363995348504,0.1033603767817797
652,SJSA1,H3K36me3,TcMar,0.00028977367887514545,0.9967261735725573,-0.13742554470284682,0.13799410152627556
653,SJSA1,H3K36me3,L1-Tx1,-0.05916759329632279,0.4922116135349609,-0.22479440919492377,0.10978218343494846
654,SJSA1,H3K36me3,Crypton-A,0.010986063234401655,0.9008878327377963,-0.16084761346415227,0.1821733355915117
655,SJSA1,H3K36me3,I-Jockey,-0.09642294504679826,0.31856771513847615,-0.27986348508808273,0.09381039829671223
656,SJSA1,H3K36me3,hAT-Tip100?,-0.09638278388278387,0.44867152825149004,-0.3347895352283748,0.15362102839055627
657,SJSA1,H3K36me3,TcMar-Pogo,0.0755131964809384,0.6812490623853001,-0.28104600900694615,0.41375374166632883
658,SJSA1,H3K36me3,hAT?,0.13582887700534757,0.44370778641603803,-0.21362466222882245,0.45446515022504425
659,SJSA1,H3K36me3,hAT-hAT19,-0.011764705882352941,0.9655081698956276,-0.5045417383784665,0.48679378978142623
660,SJSA1,H3K27me3,Alu,-0.0007373803510653035,0.4379311802208081,-0.0026005376384525295,0.0011257820557568242
661,SJSA1,H3K27me3,L1,-0.00041955352295465904,0.7602978223499824,-0.0031148498329300564,0.0022757488828312705
662,SJSA1,H3K27me3,MIR,0.0007972762570589442,0.5665101308773645,-0.0019288855409064119,0.0035234262044207313
663,SJSA1,H3K27me3,L2,-0.0008569162961263448,0.6086425673009312,-0.004137141539235821,0.0024233273877293394
664,SJSA1,H3K27me3,ERVL-MaLR,0.0025835200594178007,0.1970622273111613,-0.001341867993146688,0.006508828495842599
665,SJSA1,H3K27me3,hAT-Charlie,-0.0009279732082907747,0.6631350408036866,-0.005103418948681845,0.0032475048895929943
666,SJSA1,H3K27me3,ERV1,-0.0018453237159819058,0.5456650362268028,-0.007830554088259903,0.004140038869665589
667,SJSA1,H3K27me3,ERVL,0.0027127431336145527,0.38480036670836604,-0.0034050601561915477,0.008830343366186244
668,SJSA1,H3K27me3,TcMar-Tigger,0.002236198236655584,0.48131094132762453,-0.003987743249745881,0.008459966477789018
669,SJSA1,H3K27me3,hAT-Tip100,-0.002813489802662267,0.5162869652842045,-0.011308717201682831,0.005682143711850392
670,SJSA1,H3K27me3,CR1,0.00493262867361593,0.29568595881243726,-0.004312473956639937,0.014176888157743922
671,SJSA1,H3K27me3,Gypsy,0.009837045306308103,0.21786128076757177,-0.0058101500021669,0.025479424730818365
672,SJSA1,H3K27me3,hAT-Blackjack,-0.002318344348694243,0.7759468645949298,-0.0182821613680691,0.013646654394264308
673,SJSA1,H3K27me3,TcMar-Mariner,0.02172978370516283,0.008150422673008407,0.005631858027131567,0.03781644969208042
674,SJSA1,H3K27me3,RTE-X,0.006232532050996671,0.5449051194828276,-0.013944633751102675,0.026404624179875845
675,SJSA1,H3K27me3,ERVK,-0.002091644765285026,0.8573266587773577,-0.024890688540791694,0.02070957368597142
676,SJSA1,H3K27me3,TcMar-Tc2,-0.002713483474722275,0.8264703219918271,-0.026967022216722075,0.02154324803827297
677,SJSA1,H3K27me3,SVA,-0.006511302381585969,0.6476850903648189,-0.034426410666777325,0.021413957931915303
678,SJSA1,H3K27me3,RTE-BovB,0.011936901301491162,0.4185332146257734,-0.016985182302738714,0.04083902571955719
679,SJSA1,H3K27me3,tRNA-RTE,-0.008546289963198879,0.5948841538461729,-0.04002755758592401,0.022951927965250453
680,SJSA1,H3K27me3,hAT-Ac,-0.025978952568760812,0.15179745251470092,-0.061449270124762194,0.009556900493942299
681,SJSA1,H3K27me3,hAT,0.03282338458907937,0.08856642023159038,-0.0049645263870010375,0.07051768817980184
682,SJSA1,H3K27me3,MULE-MuDR,-0.0407991896874621,0.05011697288419633,-0.08149912506131912,3.658942219777209e-05
683,SJSA1,H3K27me3,PiggyBac,-0.03830123696193468,0.07929660387195826,-0.08095860549819185,0.004496184450136447
684,SJSA1,H3K27me3,5S-Deu-L2,-0.0018427212162476512,0.9362588125229963,-0.04697533789112936,0.04329740380636376
685,SJSA1,H3K27me3,Helitron,0.01373788646148673,0.5720490053713305,-0.033912929768190436,0.061326386019939956
686,SJSA1,H3K27me3,hAT-Tag1,-0.010018381514109552,0.6811112618847762,-0.057745389581397945,0.03775431591870894
687,SJSA1,H3K27me3,tRNA,-0.0008484927696615998,0.9737628144443966,-0.05137557807334309,0.049682925289562675
688,SJSA1,H3K27me3,Penelope,0.04124164596595076,0.2904413263094323,-0.0352765733207429,0.11727913889125093
689,SJSA1,H3K27me3,TcMar-Tc1,-0.04155459731284385,0.28863593138675575,-0.1178781600112163,0.03525703897333539
690,SJSA1,H3K27me3,Dong-R4,-0.00176864905586452,0.9708971402652384,-0.09653934436362165,0.09303382719413376
691,SJSA1,H3K27me3,tRNA-Deu,0.01765475949396334,0.7189222375316179,-0.07840052229196652,0.11338525420228894
692,SJSA1,H3K27me3,Kolobok,0.0013019425331579067,0.9805261499994151,-0.10294722617682306,0.1055228201405548
693,SJSA1,H3K27me3,PIF-Harbinger,0.0018506122186878245,0.9725196780828267,-0.10314960731613185,0.1068100412961226
694,SJSA1,H3K27me3,Crypton,-0.035411868214189554,0.553000936605766,-0.15142020372334927,0.08155872114158591
695,SJSA1,H3K27me3,Merlin,-0.029988469606779464,0.6641760009434285,-0.16410409824886793,0.10521569933434051
696,SJSA1,H3K27me3,TcMar,0.08004208891186382,0.2562897206292743,-0.05853151821969273,0.21558940143189612
697,SJSA1,H3K27me3,L1-Tx1,0.04837484555443784,0.574556329403922,-0.12041438878765526,0.21444573020521954
698,SJSA1,H3K27me3,Crypton-A,0.0005711898766185506,0.9948338052749077,-0.1709710692965684,0.17207983910564645
699,SJSA1,H3K27me3,I-Jockey,-0.004985636178296729,0.9589655176451468,-0.19290758809278283,0.18328911768647946
700,SJSA1,H3K27me3,hAT-Tip100?,-0.2501373626373626,0.046209771628214005,-0.47025847438989465,-0.0007165260857451482
701,SJSA1,H3K27me3,TcMar-Pogo,0.06414956011730204,0.7272345110741395,-0.29139739224688993,0.40412403087985965
702,SJSA1,H3K27me3,hAT?,-0.44812834224598924,0.007863647388712907,-0.6919180644337035,-0.11260591194137479
703,SJSA1,H3K27me3,hAT-hAT19,-0.01764705882352941,0.9482801500547112,-0.5089320166324547,0.4823095822381911
704,SJSA1,H3K4me3,Alu,0.0001444573979629467,0.8792502106160488,-0.0017192308911480286,0.002008144683576846
705,SJSA1,H3K4me3,L1,0.0014956823443082216,0.27681725289373516,-0.0011999448909675945,0.004191287843239791
706,SJSA1,H3K4me3,MIR,-0.0015706612294853265,0.2588431208869089,-0.004297023225819094,0.001155724116712093
707,SJSA1,H3K4me3,L2,-0.0011865720386818315,0.4783730782264193,-0.004467076938854572,0.0020939584008197376
708,SJSA1,H3K4me3,ERVL-MaLR,-0.005370708339805799,0.007332330874186686,-0.009296317972308456,-0.0014449331659022492
709,SJSA1,H3K4me3,hAT-Charlie,0.0016706315194887958,0.4329725476618802,-0.00250526098070036,0.005846465755122215
710,SJSA1,H3K4me3,ERV1,-0.006706565885032031,0.02811852402511859,-0.012692859169445772,-0.0007197918713319907
711,SJSA1,H3K4me3,ERVL,-0.002405040914693461,0.441037526371317,-0.008523166569031158,0.003713264794377402
712,SJSA1,H3K4me3,TcMar-Tigger,0.003599651195162477,0.25706334050408,-0.0026254046052345188,0.009824428021978499
713,SJSA1,H3K4me3,hAT-Tip100,-0.011306766234597539,0.009106885729289384,-0.019802452204319494,-0.002809447572779842
714,SJSA1,H3K4me3,CR1,0.0004443124497357075,0.9249719233922935,-0.00880273437042492,0.009691283286078975
715,SJSA1,H3K4me3,Gypsy,0.007903348297084549,0.32218831305196916,-0.007744274805342203,0.023547101875120227
716,SJSA1,H3K4me3,hAT-Blackjack,-0.007542640470437751,0.3544973847191041,-0.023505568368096235,0.008424132528769342
717,SJSA1,H3K4me3,TcMar-Mariner,0.005356561524091605,0.5144439793034417,-0.010747366211249271,0.02145771135526789
718,SJSA1,H3K4me3,RTE-X,-0.006044441223978262,0.5571297475907976,-0.026217713509026783,0.014133752143637705
719,SJSA1,H3K4me3,ERVK,-0.0020367299618320248,0.8610897124743225,-0.02484506729477411,0.020773726673150972
720,SJSA1,H3K4me3,TcMar-Tc2,0.0034728729785491208,0.7790785849919968,-0.020789794723443222,0.027731452518982746
721,SJSA1,H3K4me3,SVA,-0.01749626091820483,0.2193945701972582,-0.045394459662725144,0.010429207807843326
722,SJSA1,H3K4me3,RTE-BovB,0.034379104323910746,0.019780186040424808,0.005460805148850843,0.06323994954108085
723,SJSA1,H3K4me3,tRNA-RTE,-0.03566653179443045,0.02642371856256074,-0.0670926228641957,-0.0041697438319213695
724,SJSA1,H3K4me3,hAT-Ac,-0.02285739898231163,0.20754997448253928,-0.05835318725095711,0.01269611151350902
725,SJSA1,H3K4me3,hAT,0.0022362911374756407,0.9076722953890354,-0.035545366940103615,0.040011565857742314
726,SJSA1,H3K4me3,MULE-MuDR,-0.020899412317345413,0.3158827023639867,-0.06167883993557574,0.019949674308119315
727,SJSA1,H3K4me3,PiggyBac,-0.01626844616330837,0.4561996104903846,-0.05900459764221122,0.026527228521518453
728,SJSA1,H3K4me3,5S-Deu-L2,0.007840695762421763,0.7336411497863544,-0.037309686691483726,0.05295913146029767
729,SJSA1,H3K4me3,Helitron,-0.025709490530752954,0.29011770654054087,-0.07324000657912218,0.021937550510524415
730,SJSA1,H3K4me3,hAT-Tag1,0.03658115541162202,0.13335587290914494,-0.011207816965510934,0.0842034005621043
731,SJSA1,H3K4me3,tRNA,-0.015724017461433017,0.5421708387053672,-0.06620381049440915,0.03483605905194919
732,SJSA1,H3K4me3,Penelope,0.003756974879878376,0.9233703218413278,-0.07269693600612866,0.08016698982042536
733,SJSA1,H3K4me3,TcMar-Tc1,0.01593243569162806,0.6844626358997952,-0.060871854674620154,0.09254916980704221
734,SJSA1,H3K4me3,Dong-R4,-0.06106488346196042,0.20738003830297191,-0.15504124820625853,0.03400673193120079
735,SJSA1,H3K4me3,tRNA-Deu,0.06623188364129483,0.1765214011388168,-0.029978331030565835,0.1612261227465869
736,SJSA1,H3K4me3,Kolobok,0.014763103197512135,0.7819345986098343,-0.08961560000446234,0.11882103959209002
737,SJSA1,H3K4me3,PIF-Harbinger,-0.08940259496472142,0.09540964571153214,-0.19277780087991023,0.015935368294621232
738,SJSA1,H3K4me3,Crypton,-0.0883178227582604,0.1383250189219762,-0.20304549085649698,0.028801935122107186
739,SJSA1,H3K4me3,Merlin,0.03722094211751763,0.5899366986164549,-0.09806615342307509,0.17115728985288184
740,SJSA1,H3K4me3,TcMar,0.201623157027417,0.0038302078972611286,0.06469033431986508,0.3311034223826927
741,SJSA1,H3K4me3,L1-Tx1,0.026637668210511722,0.757333715573763,-0.1417403492501764,0.19351764333002355
742,SJSA1,H3K4me3,Crypton-A,-0.040450385888570715,0.6464306305062857,-0.21058297752456517,0.13206051271982805
743,SJSA1,H3K4me3,I-Jockey,0.057446019831340935,0.5529604119918221,-0.13223719960729544,0.2430705136265561
744,SJSA1,H3K4me3,hAT-Tip100?,-0.19977106227106226,0.11349689353740594,-0.4267638107608443,0.050900924404023086
745,SJSA1,H3K4me3,TcMar-Pogo,0.018328445747800584,0.9206901007173833,-0.3325176627692837,0.36471816408664737
746,SJSA1,H3K4me3,hAT?,-0.09274255156608097,0.6018955165668045,-0.4184288515524337,0.25407686414031666
747,SJSA1,H3K4me3,hAT-hAT19,0.19705882352941176,0.46446421122573867,-0.3356458136277041,0.6342644488821559
748,HAP-1,H3K27ac,Alu,9.666589636443692e-06,0.9919171571776774,-0.0018605395278877954,0.0018798726395395863
749,HAP-1,H3K27ac,L1,0.000990496297743442,0.47269684006607593,-0.0017129472554643249,0.0036939253727181027
750,HAP-1,H3K27ac,MIR,0.001252645737967581,0.3683488544570964,-0.001476592330904618,0.0039818651456721725
751,HAP-1,H3K27ac,L2,0.002205586914982907,0.18794879042239288,-0.0010776006515116848,0.005488726932477908
752,HAP-1,H3K27ac,ERVL-MaLR,0.0019290213903958896,0.3369139882844835,-0.0020081801216796473,0.005866163097492076
753,HAP-1,H3K27ac,hAT-Charlie,-0.0006593284100690854,0.7574239854245118,-0.004843191015476603,0.003524557278176165
754,HAP-1,H3K27ac,ERV1,0.003817724117959496,0.214717587313854,-0.002213276708641128,0.009848447229364
755,HAP-1,H3K27ac,ERVL,0.001114006282940622,0.7218414884601261,-0.00501917148545209,0.007247100243744533
756,HAP-1,H3K27ac,TcMar-Tigger,0.0013452939491216181,0.6724830511298081,-0.004891881443662361,0.007582364673262046
757,HAP-1,H3K27ac,hAT-Tip100,0.0017689487077658115,0.6835602920372725,-0.0067368738798293856,0.010274515338859088
758,HAP-1,H3K27ac,CR1,0.005495458408154652,0.2445651387205478,-0.003760779577017009,0.014750754781554484
759,HAP-1,H3K27ac,Gypsy,-0.02158886755442854,0.0069051715823901265,-0.03724249666213429,-0.005924646246774125
760,HAP-1,H3K27ac,hAT-Blackjack,-0.007411772829931658,0.36389819056572914,-0.023407690975151385,0.008587939315021933
761,HAP-1,H3K27ac,TcMar-Mariner,0.0026588419204501496,0.7467548650431949,-0.013478452100074884,0.018794751259951975
762,HAP-1,H3K27ac,RTE-X,-0.004722278909724956,0.646758139247352,-0.024914499365458247,0.015473793156006626
763,HAP-1,H3K27ac,ERVK,0.00710431299853419,0.5469711072889407,-0.016013768190586017,0.030214802559411735
764,HAP-1,H3K27ac,TcMar-Tc2,-0.013310075888351284,0.2828936826410727,-0.03758963331407119,0.010985186967717175
765,HAP-1,H3K27ac,SVA,-0.012165309733961816,0.396346773416249,-0.040259651042623495,0.015948251520628814
766,HAP-1,H3K27ac,RTE-BovB,0.008741841043466814,0.5539959487063004,-0.02021053560073542,0.03767956845987732
767,HAP-1,H3K27ac,tRNA-RTE,-0.002450339181465915,0.8788212091943337,-0.03393923350561412,0.02904341519176402
768,HAP-1,H3K27ac,hAT-Ac,0.006979410628200676,0.7009085761511333,-0.028631133910067542,0.04257226176650239
769,HAP-1,H3K27ac,hAT,0.009102235518661713,0.6372007165425204,-0.028722179726761842,0.0469006216415919
770,HAP-1,H3K27ac,MULE-MuDR,-0.012706690609580412,0.5424682402264811,-0.05355249647286631,0.02818156534548168
771,HAP-1,H3K27ac,PiggyBac,-0.0017998315059096516,0.9345398948379171,-0.04472441909559854,0.04113138958211999
772,HAP-1,H3K27ac,5S-Deu-L2,0.007753699120257208,0.7368905996926733,-0.03746858482426628,0.05294428990340327
773,HAP-1,H3K27ac,Helitron,0.009565215923750845,0.69505243855474,-0.0382493797458418,0.057336110895104826
774,HAP-1,H3K27ac,hAT-Tag1,0.029872579887857305,0.22090021260449805,-0.017973980206124025,0.07758263418878684
775,HAP-1,H3K27ac,tRNA,-0.050708318683032126,0.04935447576184403,-0.10104441276196834,-0.00011327524130230614
776,HAP-1,H3K27ac,Penelope,0.02541502944868081,0.5164606962227822,-0.05136370347478935,0.1018950931941995
777,HAP-1,H3K27ac,TcMar-Tc1,-0.02646315206354659,0.5012915170190078,-0.10328668716267016,0.050674242379906385
778,HAP-1,H3K27ac,Dong-R4,-0.06785571218513095,0.1611184023623859,-0.16170963136707744,0.027214725154256502
779,HAP-1,H3K27ac,tRNA-Deu,-0.07243651700928729,0.13928040982593282,-0.16731260056760108,0.023768883429773163
780,HAP-1,H3K27ac,Kolobok,0.03205309335807117,0.5483454979011295,-0.07259935590818009,0.13600740942614756
781,HAP-1,H3K27ac,PIF-Harbinger,-0.01654343719710979,0.7581057509008701,-0.1213199431082626,0.08859766400227698
782,HAP-1,H3K27ac,Crypton,0.01966167095946459,0.7419074749125345,-0.09716979669232734,0.1359586400128265
783,HAP-1,H3K27ac,Merlin,0.08126475861634992,0.23984608566742685,-0.05462444588286777,0.2141984702955885
784,HAP-1,H3K27ac,TcMar,-0.07006576457178475,0.3217539150676294,-0.20628617828586587,0.06881886578735862
785,HAP-1,H3K27ac,L1-Tx1,0.05307231608512204,0.5379353934443036,-0.1157903687659533,0.2189533725817208
786,HAP-1,H3K27ac,Crypton-A,0.007764445565810111,0.9298625773493326,-0.16398197786587096,0.17905400679738306
787,HAP-1,H3K27ac,I-Jockey,-0.14538967658233715,0.1314418966425356,-0.32551118781608734,0.04491436617962516
788,HAP-1,H3K27ac,hAT-Tip100?,-0.05664362519201229,0.6592520610042742,-0.30038020600803367,0.19403709384014037
789,HAP-1,H3K27ac,TcMar-Pogo,0.15652492668621698,0.39227342995277914,-0.20539265782363542,0.4807820631713448
790,HAP-1,H3K27ac,hAT?,0.3415775401069519,0.05171236850952705,-0.012250649361526983,0.6193845620156035
791,HAP-1,H3K27ac,hAT-hAT19,0.032352941176470584,0.9053195187918449,-0.47101521392456863,0.519827000335542
792,HAP-1,H3K4me1,Alu,0.0002486761755724592,0.7944095914180325,-0.0016216882234702044,0.002119038834747313
793,HAP-1,H3K4me1,L1,0.0019215663139000166,0.16364473302463875,-0.0007822592441213911,0.004625363776225045
794,HAP-1,H3K4me1,MIR,8.868483673879228e-06,0.9949187749616251,-0.0027205196616769097,0.002738256496892078
795,HAP-1,H3K4me1,L2,-0.0013571396376748984,0.4178495981557552,-0.004640356127401264,0.0019261061109680986
796,HAP-1,H3K4me1,ERVL-MaLR,-0.000795161561389113,0.6922330818893028,-0.004732433239002612,0.0031421347697555657
797,HAP-1,H3K4me1,hAT-Charlie,0.0031580798211793136,0.1390253990684959,-0.0010257910777535116,0.007341840158973331
798,HAP-1,H3K4me1,ERV1,-0.00040084958588717693,0.896356998394203,-0.00643196203995163,0.005630292029583121
799,HAP-1,H3K4me1,ERVL,0.00340807910717293,0.27609608513898587,-0.0027250171244679097,0.009540918957652748
800,HAP-1,H3K4me1,TcMar-Tigger,0.0005426578614735071,0.8645914952572238,-0.00569417760556906,0.006779451112051816
801,HAP-1,H3K4me1,hAT-Tip100,-0.0030651739465254353,0.4799810324443935,-0.011570126328171521,0.0054402218963110266
802,HAP-1,H3K4me1,CR1,0.008010097305655123,0.08985659193544204,-0.001246017131746005,0.01726483931785071
803,HAP-1,H3K4me1,Gypsy,-0.012996266299939488,0.10392098399854775,-0.028654994042508816,0.0026688383738295712
804,HAP-1,H3K4me1,hAT-Blackjack,0.006957775818739585,0.3939911491376996,-0.009040832343595408,0.02295282284002824
805,HAP-1,H3K4me1,TcMar-Mariner,0.002899300354945075,0.7248068017483392,-0.0132418701849155,0.019038960271222354
806,HAP-1,H3K4me1,RTE-X,0.0027040876448444335,0.7929689581148875,-0.017488172891000787,0.022894143344171638
807,HAP-1,H3K4me1,ERVK,-0.004778642848733023,0.6856088418542048,-0.02790855296026872,0.018356381588638206
808,HAP-1,H3K4me1,TcMar-Tc2,-0.012334303920433389,0.31975654281548743,-0.03661862172829529,0.011964572594881406
809,HAP-1,H3K4me1,SVA,-0.015113317199237435,0.2919616578046595,-0.04320074947749762,0.012997986706645445
810,HAP-1,H3K4me1,RTE-BovB,0.007929521309121664,0.5914526157303852,-0.021025627297384466,0.03687137895181537
811,HAP-1,H3K4me1,tRNA-RTE,0.010395003996896152,0.517863753893577,-0.021112358544565075,0.04188173929129614
812,HAP-1,H3K4me1,hAT-Ac,-0.0036896634544368143,0.8390963059148695,-0.03928762031767755,0.03191764718357748
813,HAP-1,H3K4me1,hAT,0.005895614511683374,0.759923725339148,-0.031911504655987744,0.04368588647770754
814,HAP-1,H3K4me1,MULE-MuDR,-0.03130312710929699,0.1332392101703622,-0.07207513516249972,0.00957332380747706
815,HAP-1,H3K4me1,PiggyBac,-0.013841905582782652,0.5275845232436527,-0.05673825187043727,0.02910545194085542
816,HAP-1,H3K4me1,5S-Deu-L2,0.028782423344020768,0.2123709923196167,-0.016468870334529023,0.07391605168878086
817,HAP-1,H3K4me1,Helitron,-0.014975905787569363,0.5393656335197337,-0.06272969468026056,0.032846299146186315
818,HAP-1,H3K4me1,hAT-Tag1,0.027129648741100496,0.2662702555581171,-0.020716244792998696,0.07485156090285655
819,HAP-1,H3K4me1,tRNA,-0.02053302241630644,0.42634774532780184,-0.07102748974130561,0.030066412559725746
820,HAP-1,H3K4me1,Penelope,0.03644646130921584,0.3528074750334066,-0.04047612304411843,0.11293956974518156
821,HAP-1,H3K4me1,TcMar-Tc1,-0.017054310050568892,0.6645348463466358,-0.0938978930415284,0.05999127035941198
822,HAP-1,H3K4me1,Dong-R4,-0.030204632106524517,0.5331576757253891,-0.1246559538235481,0.06478919413291924
823,HAP-1,H3K4me1,tRNA-Deu,-0.04200797627084801,0.3916320322662723,-0.1374112053517855,0.05416749982519684
824,HAP-1,H3K4me1,Kolobok,0.049328977362484525,0.3554432231302763,-0.055402358040674504,0.15298664905059184
825,HAP-1,H3K4me1,PIF-Harbinger,0.03485971319116254,0.5162775254068029,-0.07040977826400943,0.1393613000082501
826,HAP-1,H3K4me1,Crypton,0.03977112762984029,0.5051833148001594,-0.07723034360198548,0.15569206447715592
827,HAP-1,H3K4me1,Merlin,-0.026821477366148958,0.6984898842754943,-0.16132947796063477,0.10866481569517272
828,HAP-1,H3K4me1,TcMar,0.08132013965586182,0.2499337353589252,-0.05760372134228738,0.2171544456119344
829,HAP-1,H3K4me1,L1-Tx1,0.06593027069221093,0.44399967174632227,-0.10310523763617617,0.23126453622298038
830,HAP-1,H3K4me1,Crypton-A,0.030310431022804958,0.7310923627612507,-0.14199206241279824,0.20083018634125074
831,HAP-1,H3K4me1,I-Jockey,-0.006672226855713095,0.9451028479310883,-0.19453184127486992,0.1816595344484753
832,HAP-1,H3K4me1,hAT-Tip100?,-0.06586021505376345,0.6080642351672196,-0.3088378240743434,0.18518719868183217
833,HAP-1,H3K4me1,TcMar-Pogo,0.19611436950146627,0.2820428506811128,-0.16716696200796255,0.5125094751213557
834,HAP-1,H3K4me1,hAT?,0.15708556149732622,0.38264596280556573,-0.1989532706458387,0.4764925271356296
835,HAP-1,H3K4me1,hAT-hAT19,-0.18823529411764706,0.4850866091454682,-0.6284784835567567,0.3433482297655295
836,HAP-1,H3K9me3,Alu,-0.0007531529114188008,0.4297854151685866,-0.002622739446171619,0.0011164388884236298
837,HAP-1,H3K9me3,L1,-0.0007129242432398606,0.6052239869825582,-0.0034161403081049407,0.0019903022408832433
838,HAP-1,H3K9me3,MIR,0.0008823760331650114,0.5262529540130086,-0.0018465592968588459,0.0036112982209779293
839,HAP-1,H3K9me3,L2,0.001682052490361735,0.315294716963186,-0.0016010100792424643,0.004965078800258834
840,HAP-1,H3K9me3,ERVL-MaLR,0.0019314514406250677,0.33619748047886766,-0.002004868600338933,0.0058677116280811716
841,HAP-1,H3K9me3,hAT-Charlie,0.0031766694924462687,0.13663926311986607,-0.0010064008573363874,0.007359628672843311
842,HAP-1,H3K9me3,ERV1,-0.0003251875094210877,0.9158257778946002,-0.006355360901349787,0.005705009532183909
843,HAP-1,H3K9me3,ERVL,-0.0005309340720397263,0.8652322682511528,-0.006662283518884106,0.005600455294358585
844,HAP-1,H3K9me3,TcMar-Tigger,0.002376481846625429,0.45514045131251635,-0.0038599578791155245,0.00861273671892713
845,HAP-1,H3K9me3,hAT-Tip100,-0.001724309484833391,0.6911177875164987,-0.010229559987717166,0.006781190496744051
846,HAP-1,H3K9me3,CR1,0.001010900694576965,0.830504520446375,-0.008245155628918248,0.01026678380415452
847,HAP-1,H3K9me3,Gypsy,-0.003511807807910264,0.6603676966655639,-0.019174201219205794,0.012152308781329571
848,HAP-1,H3K9me3,hAT-Blackjack,0.0018248892138594197,0.8231067128810956,-0.014174012041240903,0.017822856305440577
849,HAP-1,H3K9me3,TcMar-Mariner,0.0028813328698422047,0.7261943596940489,-0.01324453028420014,0.019005697607137422
850,HAP-1,H3K9me3,RTE-X,-0.008736800863393346,0.3964610259453524,-0.02892442355756507,0.01145794608123778
851,HAP-1,H3K9me3,ERVK,2.117603975347426e-05,0.9985671711593238,-0.02308756760285102,0.02312989706577532
852,HAP-1,H3K9me3,TcMar-Tc2,-0.024486644359532708,0.04818162681318578,-0.048751917698558855,-0.0001924837282630351
853,HAP-1,H3K9me3,SVA,-0.03765882326874505,0.00858145356636288,-0.06568613159865876,-0.009572141128664263
854,HAP-1,H3K9me3,RTE-BovB,-0.05796540618923398,8.639304351491267e-05,-0.08680007821277613,-0.02903369440731523
855,HAP-1,H3K9me3,tRNA-RTE,-0.0049061134024673625,0.7602529153601358,-0.03640434400213793,0.026601855529696405
856,HAP-1,H3K9me3,hAT-Ac,-0.022873422978198693,0.20790532203238432,-0.058421761588550884,0.012732849731316187
857,HAP-1,H3K9me3,hAT,-0.0002892744224766746,0.9880418071204682,-0.03810260512121366,0.03752488353132371
858,HAP-1,H3K9me3,MULE-MuDR,0.026754555000741646,0.199815615516208,-0.014158001736074706,0.06757767796408912
859,HAP-1,H3K9me3,PiggyBac,0.00021101057160921125,0.9923170133243466,-0.04271738527197231,0.043138628708776244
860,HAP-1,H3K9me3,5S-Deu-L2,-0.0010412852799317233,0.9640028509479472,-0.04623557124855153,0.04415725479297428
861,HAP-1,H3K9me3,Helitron,0.0240757614864089,0.32359239168014453,-0.023740277348514,0.07178189728981159
862,HAP-1,H3K9me3,hAT-Tag1,-0.03965928401810469,0.10406445535624526,-0.08732264715760997,0.008185244601798924
863,HAP-1,H3K9me3,tRNA,-0.04529429107981554,0.07918515408494449,-0.09566386745068074,0.005306647399932809
864,HAP-1,H3K9me3,Penelope,0.030113638910280408,0.44235664950365006,-0.04673671824515897,0.10660961401264754
865,HAP-1,H3K9me3,TcMar-Tc1,-0.021931941744958765,0.5773325817299481,-0.09879492274790763,0.05519118569724888
866,HAP-1,H3K9me3,Dong-R4,0.005057612340615914,0.9169095604416309,-0.0897728330205794,0.09979717822387342
867,HAP-1,H3K9me3,tRNA-Deu,-0.07330364584343704,0.13459576817806948,-0.1681627809877706,0.022900634192158136
868,HAP-1,H3K9me3,Kolobok,-0.0542193848075598,0.30971321126811086,-0.1577847393358103,0.050525778571457916
869,HAP-1,H3K9me3,PIF-Harbinger,-0.08089325103856672,0.13148754040454558,-0.18447454181577916,0.024465273371273025
870,HAP-1,H3K9me3,Crypton,0.12905242428396885,0.02997102565342061,0.012158578684709499,0.24246651461625923
871,HAP-1,H3K9me3,Merlin,0.15251809038384723,0.02674160448762527,0.017028763541514735,0.282507134637576
872,HAP-1,H3K9me3,TcMar,0.07166292491683424,0.31081924907936337,-0.06722888860470966,0.20783009494937446
873,HAP-1,H3K9me3,L1-Tx1,0.041857192701878994,0.6272154763174177,-0.1268210321899412,0.20818264800427017
874,HAP-1,H3K9me3,Crypton-A,0.03602232978899046,0.6829245821020957,-0.13640075482046643,0.20632711200382575
875,HAP-1,H3K9me3,I-Jockey,-0.14129367065146883,0.14278308282170094,-0.32171743835455857,0.049031593105008604
876,HAP-1,H3K9me3,hAT-Tip100?,-0.1816391941391941,0.15087329045867262,-0.41089401391631425,0.06922090669990728
877,HAP-1,H3K9me3,TcMar-Pogo,0.03372434017595308,0.854613270282663,-0.3188105373761245,0.3780622245923417
878,HAP-1,H3K9me3,hAT?,0.4090909090909091,0.018082169655063072,0.061929916122177214,0.6679478130944912
879,HAP-1,H3K9me3,hAT-hAT19,-0.014705882352941175,0.956891924031642,-0.5067391947839653,0.48455406724881
880,HAP-1,H3K36me3,Alu,-0.0008550908183925261,0.37000549021796647,-0.0027245959678171656,0.0010144203082250748
881,HAP-1,H3K36me3,L1,-0.0024738993095498756,0.0728305543175719,-0.005176792935680662,0.00022903046409114398
882,HAP-1,H3K36me3,MIR,0.0013048418803264863,0.34861980162446404,-0.0014237694068033064,0.004033433737632016
883,HAP-1,H3K36me3,L2,-0.00021319374640171464,0.8987220622338467,-0.003496224319729441,0.003069841422660595
884,HAP-1,H3K36me3,ERVL-MaLR,-0.000622916796743507,0.7564133231068954,-0.004558794391558877,0.0033129800975471814
885,HAP-1,H3K36me3,hAT-Charlie,0.0013077878035414221,0.5399912690023476,-0.0028748284409591683,0.005490358290855837
886,HAP-1,H3K36me3,ERV1,-0.0006255887763283861,0.8388196997401329,-0.006653582040204455,0.005402449951575236
887,HAP-1,H3K36me3,ERVL,0.0010816813718981775,0.7295331189671079,-0.005050114679889008,0.007213396084560344
888,HAP-1,H3K36me3,TcMar-Tigger,0.003937435869338512,0.2158909681583475,-0.0022986080874968654,0.010173173596529164
889,HAP-1,H3K36me3,hAT-Tip100,-0.005761111296379557,0.1842853857830555,-0.01426515643823722,0.00274376722792209
890,HAP-1,H3K36me3,CR1,-0.0013975482900236967,0.7672791573335853,-0.010653082191045856,0.007858225059351498
891,HAP-1,H3K36me3,Gypsy,0.003924598137343059,0.6233873881565137,-0.011739583672916942,0.019586854224174072
892,HAP-1,H3K36me3,hAT-Blackjack,0.011305179566441507,0.16591558815974253,-0.0046887936692014435,0.02729337026196637
893,HAP-1,H3K36me3,TcMar-Mariner,0.004556037932680221,0.5799528015844564,-0.011578303581431209,0.020688007718210565
894,HAP-1,H3K36me3,RTE-X,-0.008085830086536303,0.4326338569478705,-0.028276026693974558,0.012110961386232444
895,HAP-1,H3K36me3,ERVK,0.007272362186491674,0.5373318116510909,-0.015834518950403213,0.03037147968706382
896,HAP-1,H3K36me3,TcMar-Tc2,-0.008234175683726128,0.5065926917001005,-0.03252431451729459,0.016065684203446205
897,HAP-1,H3K36me3,SVA,-0.009159173853994384,0.5228488533779854,-0.037239925026516775,0.018936030506454458
898,HAP-1,H3K36me3,RTE-BovB,0.01772400154775889,0.23002345517024875,-0.011221268664071068,0.04663959353466343
899,HAP-1,H3K36me3,tRNA-RTE,-0.0005176755665033908,0.974310826528346,-0.032016754592113755,0.030982430759975338
900,HAP-1,H3K36me3,hAT-Ac,0.0051300989810090895,0.7775548813570614,-0.030455217850927155,0.04070242757302555
901,HAP-1,H3K36me3,hAT,-0.017719698434717043,0.3581731199539224,-0.05547114573595717,0.02008233966434221
902,HAP-1,H3K36me3,MULE-MuDR,0.009631231469015348,0.6443992038750588,-0.0312628862307604,0.05049315836740339
903,HAP-1,H3K36me3,PiggyBac,0.0159757708710838,0.4657316133282793,-0.026952870183783142,0.05884559510874647
904,HAP-1,H3K36me3,5S-Deu-L2,0.004330254031696503,0.8510873279263113,-0.04086239041219239,0.04950521705826711
905,HAP-1,H3K36me3,Helitron,0.03598161031822689,0.14007698121705942,-0.01183599634152353,0.08363502381195685
906,HAP-1,H3K36me3,hAT-Tag1,0.020577506641974153,0.39915045008983463,-0.02726460767147982,0.06832556792632645
907,HAP-1,H3K36me3,tRNA,-0.029732930529899677,0.24932186478704296,-0.08018640419839107,0.020872506913786858
908,HAP-1,H3K36me3,Penelope,0.049961785147469386,0.2022855362771719,-0.026914151361182394,0.12625022885365506
909,HAP-1,H3K36me3,TcMar-Tc1,0.013615287214968453,0.7291898961375205,-0.06341597996124212,0.09048528156027656
910,HAP-1,H3K36me3,Dong-R4,-0.02907622008070467,0.5485720916231884,-0.12354237797428917,0.06591219225600697
911,HAP-1,H3K36me3,tRNA-Deu,-0.04143536727283534,0.3981252493872942,-0.13684725708964415,0.054738261145326816
912,HAP-1,H3K36me3,Kolobok,-0.06346112544179888,0.23432305429061476,-0.16684196742553822,0.04129987850434912
913,HAP-1,H3K36me3,PIF-Harbinger,-0.0321926917685322,0.5489015795278944,-0.1367375422082713,0.0730613756814482
914,HAP-1,H3K36me3,Crypton,0.03776873264471961,0.5268759281644353,-0.07921896458448714,0.1537302196681336
915,HAP-1,H3K36me3,Merlin,-0.0060136266289362835,0.9308027884841643,-0.1409688954740242,0.1291610577500216
916,HAP-1,H3K36me3,TcMar,0.05450400673398943,0.44105491052693546,-0.08428281050770833,0.1912163572892522
917,HAP-1,H3K36me3,L1-Tx1,-0.007616762946921617,0.9296093593439982,-0.17511093883728102,0.16030589698010145
918,HAP-1,H3K36me3,Crypton-A,0.13489689889860534,0.12448969615978861,-0.03828138940949699,0.30020828254274384
919,HAP-1,H3K36me3,I-Jockey,-0.15126494300806229,0.11639316488345111,-0.3309450246454571,0.03899985546360243
920,HAP-1,H3K36me3,hAT-Tip100?,0.11832757296466975,0.3556742652960363,-0.13421517405807976,0.3564374728128131
921,HAP-1,H3K36me3,TcMar-Pogo,-0.1033724340175953,0.5734285123190146,-0.43712423263179634,0.2554027789569045
922,HAP-1,H3K36me3,hAT?,0.33923796791443855,0.05344096926233071,-0.014757864709110195,0.6176651869761267
923,HAP-1,H3K36me3,hAT-hAT19,-0.16176470588235295,0.5494831434036929,-0.6108894426280149,0.36612642999165823
924,HAP-1,H3K27me3,Alu,-0.00012639714752652202,0.894581578179245,-0.0019959551755061515,0.0017431617640320963
925,HAP-1,H3K27me3,L1,-0.0011846651595565627,0.39041997342833856,-0.003888130535392524,0.0015188175331984513
926,HAP-1,H3K27me3,MIR,-0.0029675347364028883,0.03304547236174729,-0.005696173716537117,-0.00023885156577808993
927,HAP-1,H3K27me3,L2,0.0020568677416852124,0.2194739657874003,-0.0012262184467622369,0.005339909590008708
928,HAP-1,H3K27me3,ERVL-MaLR,0.003156608543898776,0.11598884230250575,-0.0007794660021657445,0.007092585282749176
929,HAP-1,H3K27me3,hAT-Charlie,-0.005487544268380523,0.010130942264515544,-0.009670181113756168,-0.0013047154052596743
930,HAP-1,H3K27me3,ERV1,-0.0037718744908046948,0.22014848815017113,-0.009800945641745029,0.002257470889513941
931,HAP-1,H3K27me3,ERVL,0.006815389521201478,0.029361354120929977,0.0006839161955306475,0.01294635041723442
932,HAP-1,H3K27me3,TcMar-Tigger,0.00033163956521648207,0.9169880016203944,-0.005904620256864083,0.006567873591854322
933,HAP-1,H3K27me3,hAT-Tip100,-0.005175879746649657,0.23291093525015172,-0.013679367656073547,0.003328356777278321
934,HAP-1,H3K27me3,CR1,0.007223912333166178,0.1260763723099568,-0.0020317018331147186,0.01647828890732412
935,HAP-1,H3K27me3,Gypsy,-0.004316918139039192,0.5890860458951086,-0.019978539914220574,0.011346821724611827
936,HAP-1,H3K27me3,hAT-Blackjack,0.0005502689700912286,0.9462457635522401,-0.015445145393834323,0.016545401762645677
937,HAP-1,H3K27me3,TcMar-Mariner,0.006591041505062685,0.423278911183003,-0.009541915480584686,0.022720568140129866
938,HAP-1,H3K27me3,RTE-X,-0.017886974341918663,0.0825222225133587,-0.03806610857241761,0.0023067421418032736
939,HAP-1,H3K27me3,ERVK,-0.027320292772310222,0.020541863906387077,-0.050411134692629624,-0.004200258582300669
940,HAP-1,H3K27me3,TcMar-Tc2,0.02129492693626547,0.08569363822802654,-0.002994414912033664,0.04555915654821889
941,HAP-1,H3K27me3,SVA,0.015781664148406305,0.2710926984826064,-0.012326841692195096,0.04386524808249786
942,HAP-1,H3K27me3,RTE-BovB,0.0015968142685565932,0.913901563058255,-0.027344865563481462,0.030535819291213507
943,HAP-1,H3K27me3,tRNA-RTE,-0.00042613004511580344,0.978847047828044,-0.03191716916524436,0.03106575427186204
944,HAP-1,H3K27me3,hAT-Ac,0.00832786054000586,0.646733202974044,-0.027283842695492794,0.04391845215779223
945,HAP-1,H3K27me3,hAT,0.024846300515307604,0.19790638738622082,-0.012985478285971115,0.06260704679214156
946,HAP-1,H3K27me3,MULE-MuDR,0.0099089058120039,0.6349573498276231,-0.030994411984738065,0.05077909040161359
947,HAP-1,H3K27me3,PiggyBac,-0.009650379160946831,0.6595710938365708,-0.05254732847567436,0.03328211915387409
948,HAP-1,H3K27me3,5S-Deu-L2,-0.00037929149828451085,0.986884065713689,-0.045574961538293435,0.04481792811356251
949,HAP-1,H3K27me3,Helitron,-0.016629328109047107,0.49526992877966636,-0.06434912510825201,0.031166346211838294
950,HAP-1,H3K27me3,hAT-Tag1,-0.014735901121694931,0.5460063377498665,-0.06250468893677628,0.03310024659269578
951,HAP-1,H3K27me3,tRNA,0.0016547878386879132,0.9488902962555189,-0.04891223569483139,0.05221335010107343
952,HAP-1,H3K27me3,Penelope,0.04128027356016027,0.2922042208115452,-0.03559007196602845,0.11766501903176671
953,HAP-1,H3K27me3,TcMar-Tc1,-0.046133344108825865,0.24018054621877255,-0.12264075781871091,0.030919149844627323
954,HAP-1,H3K27me3,Dong-R4,0.03191925207522533,0.5101608450885606,-0.06308245479044125,0.12634768841952826
955,HAP-1,H3K27me3,tRNA-Deu,-0.04627231131530197,0.3453167166186647,-0.14160957948856331,0.04991543769017781
956,HAP-1,H3K27me3,Kolobok,0.038516724166068564,0.4700529816464093,-0.0660219635455851,0.1422190587461507
957,HAP-1,H3K27me3,PIF-Harbinger,-0.09738361599143683,0.0692063379750608,-0.2005553069396683,0.007924444463450038
958,HAP-1,H3K27me3,Crypton,-0.01884922381386235,0.7522168396270748,-0.13515992757593295,0.09797390021174104
959,HAP-1,H3K27me3,Merlin,0.06833306613313758,0.3232241942913846,-0.06751501144529809,0.20169357946167815
960,HAP-1,H3K27me3,TcMar,0.10429842875863626,0.13962425335244366,-0.03462254621236562,0.23926525651487718
961,HAP-1,H3K27me3,L1-Tx1,0.10893557839711854,0.20510164272552614,-0.060373572829468945,0.27215177418103287
962,HAP-1,H3K27me3,Crypton-A,0.02591974248524647,0.7688563907104387,-0.14628446317388866,0.1965992715295751
963,HAP-1,H3K27me3,I-Jockey,-0.10597720322490967,0.27274172501869776,-0.2888205056049458,0.0843249235043805
964,HAP-1,H3K27me3,hAT-Tip100?,-0.1664746543778802,0.192229325047661,-0.3993000766758849,0.08652183606798779
965,HAP-1,H3K27me3,TcMar-Pogo,-0.06378299120234603,0.7287345717677494,-0.40381245515301767,0.29173027704515386
966,HAP-1,H3K27me3,hAT?,0.04812834224598931,0.7902624305760928,-0.30032831880497973,0.3852512167251919
967,HAP-1,H3K27me3,hAT-hAT19,0.02058823529411765,0.9396737397890448,-0.48006032055761466,0.5111202153779418
968,HAP-1,H3K4me3,Alu,-0.0015483582563306927,0.10469337322585026,-0.003418734383618441,0.00032202870431038646
969,HAP-1,H3K4me3,L1,-0.0001996642688427564,0.8849234397286203,-0.0029035383295694527,0.002504212711352166
970,HAP-1,H3K4me3,MIR,0.0003517525854999018,0.800588590139004,-0.002377706672447678,0.0030812066023800672
971,HAP-1,H3K4me3,L2,0.0033999309937222007,0.042400017439072415,0.00011659962370275234,0.006683189060217475
972,HAP-1,H3K4me3,ERVL-MaLR,0.0007950477462159647,0.6922678115539005,-0.0031421532530269574,0.004732224096650123
973,HAP-1,H3K4me3,hAT-Charlie,-0.001369622411170505,0.5211423871263314,-0.005553601521591505,0.0028144046522366145
974,HAP-1,H3K4me3,ERV1,-0.0031982936454720452,0.2986387064312058,-0.00922925880329533,0.0028329041838389664
975,HAP-1,H3K4me3,ERVL,0.002132736890948794,0.4954932262490289,-0.004000043628745986,0.008265356985389266
976,HAP-1,H3K4me3,TcMar-Tigger,-0.0055742473670070914,0.07985167596048579,-0.011811395673266443,0.0006633346818437233
977,HAP-1,H3K4me3,hAT-Tip100,-0.0015267325501591383,0.7250253307770074,-0.01003344331965847,0.006980199186934587
978,HAP-1,H3K4me3,CR1,-0.0062831706820662605,0.1833500676828826,-0.015537922398741365,0.0029726575148323153
979,HAP-1,H3K4me3,Gypsy,-0.009919299556412544,0.21452012428963904,-0.025578110405011185,0.005744377674649329
980,HAP-1,H3K4me3,hAT-Blackjack,0.0090261647780589,0.26888826391127396,-0.006975241726565117,0.02502295003218474
981,HAP-1,H3K4me3,TcMar-Mariner,2.3337437320846505e-05,0.9977392697126266,-0.01611882774643491,0.01616549045903716
982,HAP-1,H3K4me3,RTE-X,-0.005917405202275882,0.56581754864045,-0.026110017522629012,0.014280033985036552
983,HAP-1,H3K4me3,ERVK,-0.00821583250953989,0.4862709942240597,-0.03133508036118957,0.014912201991877108
984,HAP-1,H3K4me3,TcMar-Tc2,0.010182742552341693,0.41149569784672924,-0.014119481659256325,0.034472943651000836
985,HAP-1,H3K4me3,SVA,-0.008160853019875893,0.5694216512360635,-0.03626296097697995,0.019954151427382636
986,HAP-1,H3K4me3,RTE-BovB,0.013037266113558656,0.37751293941372754,-0.015919839264389685,0.041972520416912636
987,HAP-1,H3K4me3,tRNA-RTE,0.00016064170990578782,0.9920249982936513,-0.03133098299430258,0.031651947793356956
988,HAP-1,H3K4me3,hAT-Ac,0.011529380561115781,0.52568377859322,-0.024078808164714964,0.047108352195648316
989,HAP-1,H3K4me3,hAT,0.020317936346214142,0.29251117330808546,-0.017520213869765853,0.058097972507316756
990,HAP-1,H3K4me3,MULE-MuDR,0.01710307851073898,0.411997237996793,-0.02376184257127086,0.05791094037068117
991,HAP-1,H3K4me3,PiggyBac,-0.042918719076442076,0.05011242451474801,-0.08571873222400161,3.94067478051313e-05
992,HAP-1,H3K4me3,5S-Deu-L2,0.013835748639838845,0.5489236562780769,-0.03140656558731168,0.059021482995110876
993,HAP-1,H3K4me3,Helitron,-0.013163656300801265,0.589547111103569,-0.060923407659895415,0.03465623353459971
994,HAP-1,H3K4me3,hAT-Tag1,0.026892961948309212,0.2704657789570163,-0.02095284873245781,0.07461587212081945
995,HAP-1,H3K4me3,tRNA,-0.013062873003859846,0.6127180767310116,-0.06356912982153157,0.03751012696591865
996,HAP-1,H3K4me3,Penelope,-0.005941558954384438,0.8795495737146732,-0.08262959022638121,0.07081642379311005
997,HAP-1,H3K4me3,TcMar-Tc1,0.015233142841602659,0.6987219428646687,-0.06186455722409311,0.09215013215301546
998,HAP-1,H3K4me3,Dong-R4,-0.0448489636383545,0.3546565389219054,-0.13909154951981031,0.05019871430651423
999,HAP-1,H3K4me3,tRNA-Deu,-0.041898301520152614,0.3928707286443711,-0.1373031930367945,0.05427682433915308
1000,HAP-1,H3K4me3,Kolobok,-0.03920975902373542,0.46209540603913246,-0.14290041554328173,0.06533227651888085
1001,HAP-1,H3K4me3,PIF-Harbinger,-0.04384416662293108,0.41419658962383954,-0.1481919068170892,0.06146905385543578
1002,HAP-1,H3K4me3,Crypton,-0.01159067435629707,0.8460749952058666,-0.12801905712964295,0.10515283763212976
1003,HAP-1,H3K4me3,Merlin,0.046368478505324426,0.502921282332119,-0.08933155544163235,0.18037844264811853
1004,HAP-1,H3K4me3,TcMar,0.08963571058635421,0.20457945698575183,-0.04930002498085714,0.22516836406048546
1005,HAP-1,H3K4me3,L1-Tx1,0.03827750080219218,0.65698158403142,-0.13033526737765508,0.204738413599933
1006,HAP-1,H3K4me3,Crypton-A,0.018440891857745636,0.8344009739332431,-0.15358473886917684,0.18938160114568472
1007,HAP-1,H3K4me3,I-Jockey,-0.12491891390973961,0.1955853151924423,-0.3065060431389611,0.0654412492797796
1008,HAP-1,H3K4me3,hAT-Tip100?,-0.14223310291858682,0.26613895428216766,-0.3778171051154956,0.1106478082219984
1009,HAP-1,H3K4me3,TcMar-Pogo,0.07697947214076245,0.6753924433529066,-0.2797058165480761,0.4149921793174784
1010,HAP-1,H3K4me3,hAT?,0.2774064171122995,0.11805553575683285,-0.07961921435812702,0.5713522845915393
1011,HAP-1,H3K4me3,hAT-hAT19,-0.14705882352941177,0.5867933937012053,-0.6009674550471439,0.3785742995295686
1012,HL-60,H3K27ac,Alu,0.0002369150934980138,0.8037283096328118,-0.0016314884950762638,0.002105317027964715
1013,HL-60,H3K27ac,L1,0.0010372596056152051,0.4518815004316782,-0.0016651739738079191,0.0037396780345876914
1014,HL-60,H3K27ac,MIR,-4.604163848016e-06,0.997360932806796,-0.0027328707901875483,0.0027236625310331415
1015,HL-60,H3K27ac,L2,-0.0020454685664144483,0.22194742591066058,-0.00532785681889093,0.001236963762892148
1016,HL-60,H3K27ac,ERVL-MaLR,0.003416804585735745,0.08872566821500316,-0.0005175160014072457,0.007351019397881724
1017,HL-60,H3K27ac,hAT-Charlie,-0.0001937510747418312,0.927641383793209,-0.004375356171637611,0.003987860797958476
1018,HL-60,H3K27ac,ERV1,-0.0030594033511393438,0.3195201462717131,-0.009082967415668813,0.0029643827342975748
1019,HL-60,H3K27ac,ERVL,0.0014622946056622934,0.6400267444006968,-0.0046661531726263725,0.007590632544337013
1020,HL-60,H3K27ac,TcMar-Tigger,1.8599467284156593e-05,0.9953335949050686,-0.0062144312720270704,0.006251628761392104
1021,HL-60,H3K27ac,hAT-Tip100,-0.0026852107377605553,0.5358882560274233,-0.011186523368621292,0.005816490046420627
1022,HL-60,H3K27ac,CR1,0.0005280151573386778,0.9109570510682837,-0.008725838190552363,0.009781778074197587
1023,HL-60,H3K27ac,Gypsy,0.0026542236171797754,0.7397400257281926,-0.013005244588213892,0.018312390189777383
1024,HL-60,H3K27ac,hAT-Blackjack,-0.0014292309205104635,0.861024105740031,-0.01742838073801026,0.014570650620414419
1025,HL-60,H3K27ac,TcMar-Mariner,-0.005294460689208031,0.5198966200973967,-0.021417413823808025,0.010831245578658739
1026,HL-60,H3K27ac,RTE-X,0.015388660408115092,0.13519175889280605,-0.004802081625731252,0.0355668603964745
1027,HL-60,H3K27ac,ERVK,0.00956853720441381,0.41681224108278836,-0.013529270966660125,0.0326561391559374
1028,HL-60,H3K27ac,TcMar-Tc2,0.010337050402436817,0.40401108963018584,-0.013942822330642956,0.034604740314009654
1029,HL-60,H3K27ac,SVA,0.013787451308877586,0.3358705528848337,-0.01429474644417269,0.04184791592066816
1030,HL-60,H3K27ac,RTE-BovB,0.00999227377278046,0.49862366718329343,-0.01895117129870852,0.0389189853371509
1031,HL-60,H3K27ac,tRNA-RTE,0.018127215324227564,0.25938440303300825,-0.013378540685351688,0.04959701398278398
1032,HL-60,H3K27ac,hAT-Ac,-0.007114442692997568,0.6952177560682942,-0.04268361196783957,0.02847273850873691
1033,HL-60,H3K27ac,hAT,-0.0011055636833697592,0.9542868466648526,-0.038889578428882354,0.03668160800542606
1034,HL-60,H3K27ac,MULE-MuDR,0.012845271553837079,0.5378971349695183,-0.028025328806418115,0.053672996221841636
1035,HL-60,H3K27ac,PiggyBac,-0.02004597594279222,0.36014018960050975,-0.06291386547099315,0.022895745359610305
1036,HL-60,H3K27ac,5S-Deu-L2,0.023218352111299006,0.31432426658341245,-0.022019319323622277,0.06836114146356266
1037,HL-60,H3K27ac,Helitron,0.023410161152066507,0.3367222772598506,-0.02436287137156599,0.0710765175488518
1038,HL-60,H3K27ac,hAT-Tag1,0.022004296400636288,0.36697654664813795,-0.02581043021479448,0.06971857119417439
1039,HL-60,H3K27ac,tRNA,0.03738546291223497,0.1471573539588605,-0.013186357177243927,0.08776651041799685
1040,HL-60,H3K27ac,Penelope,-0.026243329423496872,0.5025535900499194,-0.1026577639747172,0.05047903051158725
1041,HL-60,H3K27ac,TcMar-Tc1,0.016859432400081253,0.6681382097431526,-0.060185373288754486,0.0937045482161597
1042,HL-60,H3K27ac,Dong-R4,-0.11700894208189246,0.01543767660531201,-0.20978308879061522,-0.022146669933521004
1043,HL-60,H3K27ac,tRNA-Deu,-0.006529057031285447,0.8941233335550912,-0.10238104128685398,0.08944305546967882
1044,HL-60,H3K27ac,Kolobok,0.054920586703977245,0.30211305266403177,-0.04952871192999207,0.15818160469281956
1045,HL-60,H3K27ac,PIF-Harbinger,-0.02942743023422412,0.5837632003740039,-0.13401597479048885,0.07580946614439134
1046,HL-60,H3K27ac,Crypton,-0.010295365173034848,0.8630972361826386,-0.12674379642148934,0.10643298210233647
1047,HL-60,H3K27ac,Merlin,0.034124057636847685,0.6220976477861793,-0.1014510739241097,0.16845481167155363
1048,HL-60,H3K27ac,TcMar,0.040664998015465886,0.5665313908845844,-0.09833985308657124,0.17811338498348606
1049,HL-60,H3K27ac,L1-Tx1,-0.00721772297635679,0.9332883594478885,-0.17472384375100092,0.16069443483928986
1050,HL-60,H3K27ac,Crypton-A,-0.08581994440615073,0.32973904057665626,-0.25391035199295237,0.08730227521753056
1051,HL-60,H3K27ac,I-Jockey,-0.040607914002409415,0.675037590521851,-0.22705031879640689,0.14870582838452556
1052,HL-60,H3K27ac,hAT-Tip100?,0.17465034965034965,0.16408127719412047,-0.07421061567776858,0.40303392850855924
1053,HL-60,H3K27ac,TcMar-Pogo,0.2525659824046921,0.1631317546717163,-0.11110247315508864,0.5565813938223737
1054,HL-60,H3K27ac,hAT?,-0.25935828877005346,0.14497096195081294,-0.5575197283255187,0.09807019873638097
1055,HL-60,H3K27ac,hAT-hAT19,0.055882352941176466,0.8371372217954723,-0.45269106223057354,0.5370218584269028
1056,MG63,H3K9me3,Alu,-0.0016910809644589278,0.07548324648477635,-0.003555726897655704,0.0001735767282995225
1057,MG63,H3K9me3,L1,0.0005580646982321033,0.6850215625882243,-0.002138511076262752,0.003254632356790616
1058,MG63,H3K9me3,MIR,-0.0005493333833365358,0.693242416580985,-0.0032788199712643832,0.002180161389792347
1059,MG63,H3K9me3,L2,-3.5606176166698455e-05,0.9830353479200118,-0.003317575363237735,0.003246363777955678
1060,MG63,H3K9me3,ERVL-MaLR,0.0020394605101162746,0.3090406693048157,-0.0018900820357518157,0.0059689400728699105
1061,MG63,H3K9me3,hAT-Charlie,-0.0014816052483629996,0.48725306734684437,-0.005661716218972583,0.0026985575001497258
1062,MG63,H3K9me3,ERV1,-0.0005278070875045784,0.8629463530690089,-0.006520396048819871,0.005464819782350989
1063,MG63,H3K9me3,ERVL,0.00025716389128285175,0.9344127229826332,-0.005867536695578625,0.0063818451847620205
1064,MG63,H3K9me3,TcMar-Tigger,0.003840128218067919,0.22703748528129772,-0.002390336054507722,0.010070294363057357
1065,MG63,H3K9me3,hAT-Tip100,0.0028506199866680892,0.5112029979696264,-0.005653807574804534,0.011354635220958259
1066,MG63,H3K9me3,CR1,0.00478698361062202,0.31045644817525614,-0.004463469232916917,0.014036617255160744
1067,MG63,H3K9me3,Gypsy,0.010729131825528634,0.17924329949376822,-0.004928548506311622,0.026381552547780317
1068,MG63,H3K9me3,hAT-Blackjack,-0.007213596107150487,0.37639008161322196,-0.02319363862873017,0.008770131608984098
1069,MG63,H3K9me3,TcMar-Mariner,0.005084023772020782,0.5365129886396545,-0.011037289807747654,0.021202695074095498
1070,MG63,H3K9me3,RTE-X,0.0013208406036688165,0.8979746520605565,-0.01886772658012081,0.021508331151208867
1071,MG63,H3K9me3,ERVK,0.007324657100292265,0.5296759767067803,-0.015517117255164128,0.030158790371938797
1072,MG63,H3K9me3,TcMar-Tc2,-0.0014820135052709968,0.9047574563982087,-0.025753102821524182,0.022790822006592434
1073,MG63,H3K9me3,SVA,-0.014537972011038073,0.30770677375895883,-0.04245178366082982,0.01339851825804393
1074,MG63,H3K9me3,RTE-BovB,0.00109690607430107,0.9408081484879701,-0.027850696547926684,0.030042670476114537
1075,MG63,H3K9me3,tRNA-RTE,0.01608640809270256,0.31702247500403685,-0.01542711509816954,0.04756800449896062
1076,MG63,H3K9me3,hAT-Ac,0.0130536295946167,0.47178329619995285,-0.02250272639455781,0.048577004361018875
1077,MG63,H3K9me3,hAT,-0.00922656628795829,0.6325451928835633,-0.047017679872467584,0.028590922113037882
1078,MG63,H3K9me3,MULE-MuDR,0.016994845229041277,0.4151655161166504,-0.023887779701607482,0.05782072262980508
1079,MG63,H3K9me3,PiggyBac,-0.025482536812520624,0.24412268749919808,-0.06828124952773082,0.017409795145878832
1080,MG63,H3K9me3,5S-Deu-L2,0.029148896607026204,0.20648358970491934,-0.016090371463185923,0.07426906582841257
1081,MG63,H3K9me3,Helitron,-0.019604759484482027,0.4208498806225328,-0.06725739427991237,0.02813711228318433
1082,MG63,H3K9me3,hAT-Tag1,-0.022971256178295013,0.347010581503404,-0.07075273984021471,0.02491540384623892
1083,MG63,H3K9me3,tRNA,-0.0022997965218607896,0.9291791378662195,-0.05297477735085389,0.04838699866525288
1084,MG63,H3K9me3,Penelope,0.030722815372113427,0.43106306366225045,-0.04577728874863526,0.10686466916256174
1085,MG63,H3K9me3,TcMar-Tc1,0.01573874807765171,0.6883233379382379,-0.061123739743414146,0.09241567481247058
1086,MG63,H3K9me3,Dong-R4,0.05108740999446041,0.2916529865690256,-0.043973928966088746,0.14523194206876655
1087,MG63,H3K9me3,tRNA-Deu,-0.056498763674040706,0.24965247320251352,-0.15178088322520417,0.03982374709458091
1088,MG63,H3K9me3,Kolobok,-0.030215318924261703,0.5709747311925011,-0.13405179674393083,0.07427744015073512
1089,MG63,H3K9me3,PIF-Harbinger,-0.11330632662523771,0.03487162194626449,-0.2163348520698122,-0.007782023798515901
1090,MG63,H3K9me3,Crypton,-0.06892657042350506,0.24777630629273903,-0.1841793031818923,0.048195880920367765
1091,MG63,H3K9me3,Merlin,0.021854726365978107,0.7522984576550199,-0.1135650404834526,0.15647726495066203
1092,MG63,H3K9me3,TcMar,-0.07856835912020947,0.262807103288646,-0.2135097492212329,0.05931490186162771
1093,MG63,H3K9me3,L1-Tx1,-0.14115275667941662,0.10118548661861079,-0.30306979288639896,0.028685416165585155
1094,MG63,H3K9me3,Crypton-A,0.17128896889007503,0.05134816968810105,-0.0021954289897330227,0.3347640550269903
1095,MG63,H3K9me3,I-Jockey,0.054665925308127146,0.5723651963937371,-0.13496172221988195,0.2404306905636627
1096,MG63,H3K9me3,hAT-Tip100?,-0.18640109890109888,0.1402722701280858,-0.4150726221075186,0.06442264676788935
1097,MG63,H3K9me3,TcMar-Pogo,-0.009897360703812315,0.9571250985891424,-0.3573658093404456,0.3399777792931974
1098,MG63,H3K9me3,hAT?,-0.04048892284186402,0.820150594045137,-0.37366423090384815,0.3019402320509009
1099,MG63,H3K9me3,hAT-hAT19,0.5911764705882353,0.01587557955564148,0.0900478414763926,0.8534321359635155
1100,MG63,H3K36me3,Alu,0.001071075350750169,0.26020418817172997,-0.0007934366103631363,0.0029355798649015803
1101,MG63,H3K36me3,L1,-0.0019041626087535632,0.16640237154059548,-0.004601014979009866,0.0007927174598853443
1102,MG63,H3K36me3,MIR,-0.00017759831794551386,0.8985170152398307,-0.002906932081657181,0.0025517380917218866
1103,MG63,H3K36me3,L2,0.0002397612814810373,0.8861463194816471,-0.003042229138537883,0.003521746536349148
1104,MG63,H3K36me3,ERVL-MaLR,-0.0007274887629502183,0.716699797803737,-0.004656801859290646,0.0032018467976580893
1105,MG63,H3K36me3,hAT-Charlie,0.003739095908028378,0.07954962669240614,-0.0004407366224194865,0.007918797789244349
1106,MG63,H3K36me3,ERV1,-0.0019360763833430154,0.5265819865904506,-0.007928431125717386,0.004056417405261551
1107,MG63,H3K36me3,ERVL,0.0033076455925711732,0.2898211326759322,-0.002816880248847396,0.009431923302967903
1108,MG63,H3K36me3,TcMar-Tigger,-0.0008084323953924038,0.7992380679966642,-0.007038341422040043,0.005421539385307056
1109,MG63,H3K36me3,hAT-Tip100,-0.002639098621811711,0.5430281118940472,-0.011142816375850234,0.005865000835433268
1110,MG63,H3K36me3,CR1,0.0009907949591955317,0.8337748142531782,-0.008262371217893345,0.010243791473351341
1111,MG63,H3K36me3,Gypsy,0.008693270528768966,0.27654147298584436,-0.006965874137786831,0.024348152700623193
1112,MG63,H3K36me3,hAT-Blackjack,0.004062356173412046,0.6183372583126836,-0.011918867087527095,0.02004150462206466
1113,MG63,H3K36me3,TcMar-Mariner,0.01065990572588712,0.19489456935081853,-0.005459069330535686,0.02677334271383638
1114,MG63,H3K36me3,RTE-X,0.0008936601354543835,0.9308651273090345,-0.01929367639145658,0.021080268304014525
1115,MG63,H3K36me3,ERVK,-0.00832064832374004,0.47530837101645784,-0.03115709582371187,0.014524481568585261
1116,MG63,H3K36me3,TcMar-Tc2,0.018381469151757788,0.1377573939993716,-0.005895212974357561,0.0426364967816614
1117,MG63,H3K36me3,SVA,0.02536662563061326,0.0752204084340996,-0.002583462667083727,0.053277111408644745
1118,MG63,H3K36me3,RTE-BovB,0.012209445400812655,0.4084983921652847,-0.016744260392855405,0.04114269183650071
1119,MG63,H3K36me3,tRNA-RTE,0.003249120702233041,0.8398283230540458,-0.02825345301198875,0.03474524673457411
1120,MG63,H3K36me3,hAT-Ac,-0.001414011492075803,0.9378827895984553,-0.036962419476330007,0.034137970601049984
1121,MG63,H3K36me3,hAT,0.02922817106962257,0.12984882573652526,-0.008603153463161685,0.06697594574609075
1122,MG63,H3K36me3,MULE-MuDR,-0.0026698922231996407,0.8981033269949467,-0.04351055674106682,0.03817968084716595
1123,MG63,H3K36me3,PiggyBac,-0.0027477736493358097,0.8999503866138259,-0.04555768622434798,0.04007221299876967
1124,MG63,H3K36me3,5S-Deu-L2,0.03281521973910758,0.15483780342331893,-0.012411792322589422,0.07790823931491883
1125,MG63,H3K36me3,Helitron,-0.00534388330363185,0.8262419025199725,-0.05301344132847143,0.042349974534792396
1126,MG63,H3K36me3,hAT-Tag1,0.011004125804693649,0.6520996794418725,-0.03682692991170625,0.0587848776877826
1127,MG63,H3K36me3,tRNA,0.0037384173060846077,0.8851256017196594,-0.04695174378314777,0.054409373735575015
1128,MG63,H3K36me3,Penelope,0.01624420527808372,0.6772338729467706,-0.06021023267093504,0.09250915998997591
1129,MG63,H3K36me3,TcMar-Tc1,-0.06236647114844032,0.1113395163695839,-0.13850238852911143,0.014502292982034082
1130,MG63,H3K36me3,Dong-R4,0.01489144190357446,0.7586967682647037,-0.08001353352194908,0.10952886118118353
1131,MG63,H3K36me3,tRNA-Deu,0.021613291130220032,0.6598773793891701,-0.07458281112776888,0.11741085902030016
1132,MG63,H3K36me3,Kolobok,-0.022871753503169598,0.6675788965962277,-0.12667172383207262,0.0814236889939624
1133,MG63,H3K36me3,PIF-Harbinger,-0.06588674199635464,0.22086318851201417,-0.17010144454504403,0.03978545586163533
1134,MG63,H3K36me3,Crypton,-0.07910558808253139,0.1845244308741451,-0.1940907400806264,0.03802379204243927
1135,MG63,H3K36me3,Merlin,0.10078173952700067,0.14457608449063483,-0.03510421758987547,0.23300887959514313
1136,MG63,H3K36me3,TcMar,-0.0026438093699998684,0.9699889153841573,-0.13962847259350222,0.13444014756556283
1137,MG63,H3K36me3,L1-Tx1,-0.06460713815823281,0.4532171048801673,-0.22999950835219257,0.10441250062124162
1138,MG63,H3K36me3,Crypton-A,0.1420161331134977,0.10701100744139719,-0.03180006733345341,0.3074945991561913
1139,MG63,H3K36me3,I-Jockey,0.04013529793346307,0.6786097707558998,-0.14916694017277743,0.2265995647523175
1140,MG63,H3K36me3,hAT-Tip100?,-0.1459249084249084,0.24991241186465113,-0.3793106346663535,0.10491839678314972
1141,MG63,H3K36me3,TcMar-Pogo,-0.13416422287390029,0.4641248149990145,-0.4625640015678535,0.22660928581944953
1142,MG63,H3K36me3,hAT?,0.2213903743315508,0.20827787481004867,-0.13044211704527456,0.5237003311577808
1143,MG63,H3K36me3,hAT-hAT19,0.5205882352941177,0.03869090714064999,-0.002110461863377628,0.8198642207149485
1144,MG63,H3K27me3,Alu,-0.000583679252576311,0.5394862449998639,-0.0024480963240000506,0.0012807418766553607
1145,MG63,H3K27me3,L1,0.0011424616494502397,0.4062390750285987,-0.0015536290292812332,0.003838535719372078
1146,MG63,H3K27me3,MIR,0.00019988608333699627,0.8858530687673294,-0.00252919381680848,0.0029289630060316367
1147,MG63,H3K27me3,L2,0.0012146676718006043,0.4681221945668944,-0.0020666305734480315,0.0044959397607642875
1148,MG63,H3K27me3,ERVL-MaLR,-0.0027685625201156264,0.1672557239312018,-0.006697515160580552,0.0011604755976296769
1149,MG63,H3K27me3,hAT-Charlie,-0.0010012505626057276,0.6386850860698814,-0.005180670325275752,0.0031782041791797474
1150,MG63,H3K27me3,ERV1,-0.002268118602600159,0.45811678327773264,-0.008259503125710027,0.0037234287616671104
1151,MG63,H3K27me3,ERVL,-0.003832224413199424,0.21995694653779407,-0.009955209890445902,0.0022910484292297125
1152,MG63,H3K27me3,TcMar-Tigger,-0.00628853374525278,0.047871696217523116,-0.012517702238201091,-5.8877172598778124e-05
1153,MG63,H3K27me3,hAT-Tip100,0.002872440944280187,0.5079427152953669,-0.0056313470083293885,0.011375813476015158
1154,MG63,H3K27me3,CR1,0.005200425165640008,0.2704826916507721,-0.004049313288064762,0.014449273808453183
1155,MG63,H3K27me3,Gypsy,0.01230436238141443,0.12348913951197582,-0.003353278025388353,0.02795597108226297
1156,MG63,H3K27me3,hAT-Blackjack,0.0027069095432960917,0.7398079869240753,-0.013267706746428649,0.018680144398725708
1157,MG63,H3K27me3,TcMar-Mariner,-0.01234932556391156,0.1330482645754124,-0.028456409805895835,0.0037641699790699015
1158,MG63,H3K27me3,RTE-X,-0.006344742088330412,0.5378393467749811,-0.026524251373286192,0.013839936046056526
1159,MG63,H3K27me3,ERVK,-0.015355913355116458,0.1873372805819419,-0.03816880926567158,0.007472980838009308
1160,MG63,H3K27me3,TcMar-Tc2,0.015286221543005277,0.2170079895952664,-0.008984949250068274,0.039539391574659515
1161,MG63,H3K27me3,SVA,0.013887927125820982,0.33008816348420056,-0.014062641489664527,0.041816808945377766
1162,MG63,H3K27me3,RTE-BovB,-0.012273987259074368,0.4058716360668645,-0.04119768685454308,0.01667026638092295
1163,MG63,H3K27me3,tRNA-RTE,-0.018436348626135215,0.251591851189159,-0.04992182958244496,0.013085740487832573
1164,MG63,H3K27me3,hAT-Ac,-0.03323018619220565,0.06687079518489733,-0.06869739482757017,0.0023209148527072896
1165,MG63,H3K27me3,hAT,0.01522178847421933,0.43019013170058296,-0.022600117240722563,0.05300018477427732
1166,MG63,H3K27me3,MULE-MuDR,-0.0138363360713769,0.5069930904888083,-0.05466159818510795,0.027035109157688576
1167,MG63,H3K27me3,PiggyBac,0.030523658881470083,0.16293755191718085,-0.012368861521629998,0.0733040554922735
1168,MG63,H3K27me3,5S-Deu-L2,0.003543106934781534,0.8779852531607285,-0.04167218098612945,0.04874391210084509
1169,MG63,H3K27me3,Helitron,0.01782470086985442,0.4638637868354083,-0.0298730860157444,0.06544149454219438
1170,MG63,H3K27me3,hAT-Tag1,0.009454359648679677,0.6981564019421043,-0.03831744416652709,0.05718304611416979
1171,MG63,H3K27me3,tRNA,0.011346699994848195,0.661118156439608,-0.03937562156523107,0.06201069664788717
1172,MG63,H3K27me3,Penelope,0.07278541938324369,0.0616470253322132,-0.003652305959506112,0.148377543558559
1173,MG63,H3K27me3,TcMar-Tc1,-0.0907592644909933,0.02036277760198331,-0.1664798468966411,-0.01397453422275002
1174,MG63,H3K27me3,Dong-R4,-0.15973161670404534,0.0009382976265812043,-0.25150042954478036,-0.06511636658487406
1175,MG63,H3K27me3,tRNA-Deu,-0.049222840908157824,0.31598170948077825,-0.1446267289309189,0.04708780336302202
1176,MG63,H3K27me3,Kolobok,-0.01342819141003254,0.8009440094091929,-0.11735687155027287,0.09079143363408068
1177,MG63,H3K27me3,PIF-Harbinger,-0.009206776835835963,0.8641169229319239,-0.11422942490132697,0.09601937904679599
1178,MG63,H3K27me3,Crypton,-0.019974048812775327,0.7379557408356769,-0.13626570685524533,0.09686059645380578
1179,MG63,H3K27me3,Merlin,0.04525006531071292,0.5132886431117496,-0.09043981403087184,0.17929055664410057
1180,MG63,H3K27me3,TcMar,0.03389731349786449,0.6294460616077762,-0.10365820501968118,0.17018045814051558
1181,MG63,H3K27me3,L1-Tx1,-0.020667322661863784,0.8112442678918936,-0.18836245770255608,0.14819882837357898
1182,MG63,H3K27me3,Crypton-A,0.16915045140425117,0.05437063685678027,-0.004366307260880467,0.3327791462765254
1183,MG63,H3K27me3,I-Jockey,0.035399870262255585,0.7147836014939477,-0.15378369634198436,0.2220798799605317
1184,MG63,H3K27me3,hAT-Tip100?,-0.1436355311355311,0.2574999202765597,-0.3772714233961958,0.10718958146120425
1185,MG63,H3K27me3,TcMar-Pogo,0.009530791788856303,0.9587116861177689,-0.3403013956124676,0.35704541761326103
1186,MG63,H3K27me3,hAT?,-0.0160427807486631,0.9282463999302384,-0.3523170623100847,0.3239002773795898
1187,MG63,H3K27me3,hAT-hAT19,0.5029411764705883,0.047063140467273036,-0.02370878931401044,0.8110822633729994
1188,MG63,H3K4me3,Alu,-0.0009684799921422394,0.3088542151338439,-0.0028337761653993605,0.0008968229204681738
1189,MG63,H3K4me3,L1,0.0005327878312522624,0.6985924898659455,-0.002163976696329086,0.0032295446094132057
1190,MG63,H3K4me3,MIR,-0.0002241751379207067,0.8721285822850774,-0.0029539637988911347,0.0025056168640464126
1191,MG63,H3K4me3,L2,0.0009435242366177936,0.5731292934964272,-0.0023385361352318778,0.004225564281439536
1192,MG63,H3K4me3,ERVL-MaLR,-0.0004976117214325612,0.8040118616831508,-0.0044277427731966015,0.0034325347025471287
1193,MG63,H3K4me3,hAT-Charlie,0.002618382162756431,0.21962429637593425,-0.001562337366846614,0.006799010163391595
1194,MG63,H3K4me3,ERV1,-0.006079616595022764,0.046782704628350824,-0.012072317508985976,-8.647896506856436e-05
1195,MG63,H3K4me3,ERVL,-0.0014885516428118964,0.6338468853487051,-0.00761353574069806,0.004636544144668883
1196,MG63,H3K4me3,TcMar-Tigger,0.001787991580757781,0.5738310468721198,-0.004442950732847815,0.008018795060746535
1197,MG63,H3K4me3,hAT-Tip100,0.002463297300935275,0.5702522722655986,-0.006041435623083684,0.010967673894759384
1198,MG63,H3K4me3,CR1,-0.0017942341883580835,0.7038706829158163,-0.011045703124480069,0.007457541894800541
1199,MG63,H3K4me3,Gypsy,0.003990475690437254,0.6174234468081765,-0.011667217045879462,0.019646212003369704
1200,MG63,H3K4me3,hAT-Blackjack,-0.001694320179400714,0.8354082682521186,-0.01767583035579472,0.014288055534470441
1201,MG63,H3K4me3,TcMar-Mariner,-0.0044348131983683375,0.5898230594237791,-0.020555908983440094,0.011688588086509364
1202,MG63,H3K4me3,RTE-X,-0.0004411069092217299,0.9658465698736631,-0.020630050443710492,0.019748196216307655
1203,MG63,H3K4me3,ERVK,-0.002401499730382541,0.8367979198918368,-0.025246776666355636,0.020446284212626807
1204,MG63,H3K4me3,TcMar-Tc2,0.01118152429618705,0.3667825807533662,-0.013102241967748424,0.035452108551715766
1205,MG63,H3K4me3,SVA,-0.010866213378921631,0.44637522836715526,-0.03881890849750777,0.017103474769450785
1206,MG63,H3K4me3,RTE-BovB,-0.00539823804108558,0.7148485717414954,-0.03434610630717618,0.023558680538343178
1207,MG63,H3K4me3,tRNA-RTE,-0.003376476244917308,0.8335977363621474,-0.03486432480269765,0.028118069261668356
1208,MG63,H3K4me3,hAT-Ac,-0.00044104256718761176,0.9806105949053197,-0.03599657744631807,0.03511560747568658
1209,MG63,H3K4me3,hAT,0.027554350733831237,0.1532378985174952,-0.010270229875464333,0.06530019173205988
1210,MG63,H3K4me3,MULE-MuDR,0.006230101307582751,0.7650274259608971,-0.03461557143131024,0.047054995599525605
1211,MG63,H3K4me3,PiggyBac,0.025528242851767954,0.24316475093907253,-0.017353832052058756,0.06831657554482355
1212,MG63,H3K4me3,5S-Deu-L2,2.557898391765359e-05,0.9991161434116158,-0.04520701642920964,0.04525806972871476
1213,MG63,H3K4me3,Helitron,0.005020929045186322,0.8364947155223783,-0.04264410406834811,0.05266315784548126
1214,MG63,H3K4me3,hAT-Tag1,0.028705453016014428,0.23989918057211668,-0.019183711263314047,0.07646320574196608
1215,MG63,H3K4me3,tRNA,0.037298646800183195,0.1490475145519737,-0.01339147599869227,0.08779754975277772
1216,MG63,H3K4me3,Penelope,0.03245515993915987,0.4055254172261975,-0.04404880081378218,0.10858069056648699
1217,MG63,H3K4me3,TcMar-Tc1,-0.016326737080597804,0.6775571173615623,-0.09305795077914758,0.060597264224241394
1218,MG63,H3K4me3,Dong-R4,-0.045670286842928946,0.3464718810336156,-0.14001018533405565,0.04949133906976917
1219,MG63,H3K4me3,tRNA-Deu,0.0010277858397497064,0.9833054952717151,-0.09501175749504395,0.09704837313837618
1220,MG63,H3K4me3,Kolobok,-0.011180056334164377,0.8337363262873733,-0.11513735538162084,0.09301948450366
1221,MG63,H3K4me3,PIF-Harbinger,-0.052962173100116305,0.32455856678004336,-0.15728993460377402,0.05253469783443553
1222,MG63,H3K4me3,Crypton,0.021704833901712257,0.7161876487764336,-0.095147111190556,0.1379667619282944
1223,MG63,H3K4me3,Merlin,-0.007986019515835406,0.9081943665561037,-0.14290256691216113,0.1272219049871672
1224,MG63,H3K4me3,TcMar,0.042884593822015774,0.5415039067219652,-0.09476980357676286,0.17892981312378173
1225,MG63,H3K4me3,L1-Tx1,-0.019868205269005478,0.8184141911319416,-0.1875899328545799,0.14897927767183367
1226,MG63,H3K4me3,Crypton-A,0.0720431854930544,0.41533312584407256,-0.1016239657347879,0.24144916273227252
1227,MG63,H3K4me3,I-Jockey,0.08210545825224726,0.3960160604642676,-0.10797580477842406,0.2663953620794056
1228,MG63,H3K4me3,hAT-Tip100?,-0.10077838827838827,0.4281523915668066,-0.33877291147495925,0.14933713292822642
1229,MG63,H3K4me3,TcMar-Pogo,-0.02565982404692082,0.8891328586075721,-0.3710856516369989,0.3260041037109715
1230,MG63,H3K4me3,hAT?,0.033766233766233764,0.849639322364828,-0.30800623187887055,0.36781969805882836
1231,MG63,H3K4me3,hAT-hAT19,0.36470588235294116,0.16486839724475402,-0.1771881310241002,0.7369104267511842
1232,VCaP,CTCF,Alu,0.0004733196142911282,0.6183335699893957,-0.001388711930056061,0.002335347876492306
1233,VCaP,CTCF,L1,-0.0022950741733236504,0.0951392510954063,-0.004990407732950978,0.0004002927335071708
1234,VCaP,CTCF,MIR,-0.0015305953590490139,0.27100483764945743,-0.00425590606772784,0.0011947380863110897
1235,VCaP,CTCF,L2,0.0031806308309243864,0.05738512501655889,-9.975719892980328e-05,0.006460950408323649
1236,VCaP,CTCF,ERVL-MaLR,-0.0014825825607125574,0.4589910736205778,-0.005406607102939377,0.0024414876396653276
1237,VCaP,CTCF,hAT-Charlie,-0.0008824355649310598,0.6786240968690119,-0.005056594337110861,0.00329175395791041
1238,VCaP,CTCF,ERV1,0.003931241114039036,0.19770907110645256,-0.00205051719003446,0.009912718096119379
1239,VCaP,CTCF,ERVL,0.008461055563237457,0.00669975418344837,0.0023448810438031157,0.014576597087462437
1240,VCaP,CTCF,TcMar-Tigger,0.000641553991546365,0.8398614627674692,-0.005581092301984787,0.0068641506018101
1241,VCaP,CTCF,hAT-Tip100,-0.0043525510615453475,0.3152846418590908,-0.012847198147639072,0.0041427242346213046
1242,VCaP,CTCF,CR1,-0.0014864039968378305,0.7526602207783489,-0.010730700052952088,0.007758146114100721
1243,VCaP,CTCF,Gypsy,-0.0002477031644161818,0.9752521594380501,-0.01589655633778328,0.015401271328273174
1244,VCaP,CTCF,hAT-Blackjack,0.02267288640702558,0.0053616165788912,0.006713028073511583,0.03862119681883627
1245,VCaP,CTCF,TcMar-Mariner,0.006908509115242328,0.4001301914968949,-0.009184730528612402,0.022998170881722277
1246,VCaP,CTCF,RTE-X,-0.00938354410226881,0.36213127539944423,-0.029557884475257732,0.010798438117044304
1247,VCaP,CTCF,ERVK,0.01731859569641929,0.13633962957524992,-0.005471605629376677,0.04009081549903297
1248,VCaP,CTCF,TcMar-Tc2,-0.001385242279973048,0.9108681474851377,-0.02563409168958054,0.022865236305687535
1249,VCaP,CTCF,SVA,0.0028601032676359725,0.8408635402376248,-0.02505452975647913,0.03077027962905062
1250,VCaP,CTCF,RTE-BovB,0.0035024530896330588,0.8123814572033017,-0.025415400859099043,0.03241445035419674
1251,VCaP,CTCF,tRNA-RTE,-0.006435468850981146,0.6887271577180534,-0.03790739336650489,0.025049209791650835
1252,VCaP,CTCF,hAT-Ac,0.004283408635872276,0.8132239179474307,-0.031242552450538197,0.03979856068571663
1253,VCaP,CTCF,hAT,-0.00703148486103772,0.7152639780044732,-0.044784638639922145,0.03074172451684654
1254,VCaP,CTCF,MULE-MuDR,0.01846629537127966,0.3754227165764614,-0.022372799967992033,0.059243865182751924
1255,VCaP,CTCF,PiggyBac,-0.009205509028417536,0.6736788700519805,-0.05201132124684129,0.03363406786105842
1256,VCaP,CTCF,5S-Deu-L2,-0.02387049142100289,0.3005358356408984,-0.06897496691148008,0.021331374185638168
1257,VCaP,CTCF,Helitron,-0.015566525735985257,0.5215141635421556,-0.0630929178864426,0.032030309742494226
1258,VCaP,CTCF,hAT-Tag1,-0.014026035117427848,0.5650530778662943,-0.06174046331931769,0.03375235649526066
1259,VCaP,CTCF,tRNA,-0.01777857420376759,0.49055989688573476,-0.06823377245423565,0.03276733425000405
1260,VCaP,CTCF,Penelope,-0.027845123395028346,0.4748071132544889,-0.10389818889298631,0.04853168049725047
1261,VCaP,CTCF,TcMar-Tc1,-0.05426950020955486,0.16535423651130143,-0.13039089153774566,0.02248794514990593
1262,VCaP,CTCF,Dong-R4,0.006191917057245393,0.8983658335273967,-0.0886478209218763,0.1009203941084543
1263,VCaP,CTCF,tRNA-Deu,0.023200933590926884,0.6362221461587396,-0.07288920068068286,0.11886429799910013
1264,VCaP,CTCF,Kolobok,-0.002163367007880814,0.9676469972583628,-0.10637465475985053,0.10209493045946366
1265,VCaP,CTCF,PIF-Harbinger,0.010691093072997628,0.8422508107980551,-0.09439792594047296,0.11554447614499853
1266,VCaP,CTCF,Crypton,0.018006862517900693,0.7629523967435516,-0.09880748998868788,0.13433168706889634
1267,VCaP,CTCF,Merlin,0.009363485743331804,0.8921917928503558,-0.12554682332798855,0.1439337783389549
1268,VCaP,CTCF,TcMar,0.10623146103257716,0.1314290200723861,-0.03233575708340941,0.24079194865085346
1269,VCaP,CTCF,L1-Tx1,0.046246632378092095,0.5915229004542235,-0.12250751527077065,0.21240176866364396
1270,VCaP,CTCF,Crypton-A,-0.03935071192050136,0.655419701624039,-0.2095265168293233,0.1331388418524301
1271,VCaP,CTCF,I-Jockey,0.12036882587341304,0.21249365438768872,-0.06998696624530515,0.30226646475206354
1272,VCaP,CTCF,hAT-Tip100?,-0.13026556776556775,0.3049081918138917,-0.3653272951328116,0.1204129396814911
1273,VCaP,CTCF,TcMar-Pogo,0.13306451612903225,0.4678284736997066,-0.2276459731285446,0.46166247895457446
1274,VCaP,CTCF,hAT?,0.008403361344537815,0.9623796880984457,-0.3307076368142075,0.34559246690941214
1275,VCaP,CTCF,hAT-hAT19,-0.27941176470588236,0.29461765356841446,-0.6864168056824974,0.2608875047387211
1276,VCaP,H3K27ac,Alu,0.0005879227186721678,0.5360752022209939,-0.0012743653978786323,0.0024502067572609036
1277,VCaP,H3K27ac,L1,-0.002664917797857955,0.052663170763180917,-0.005360459077286198,3.066220868221705e-05
1278,VCaP,H3K27ac,MIR,0.003474340231351613,0.01247136717620812,0.0007488883936080397,0.006199740454041625
1279,VCaP,H3K27ac,L2,0.0012746156813841444,0.4463360419233643,-0.002005855436374386,0.004555059365797779
1280,VCaP,H3K27ac,ERVL-MaLR,-0.0027600003728406853,0.16806968433451824,-0.006684311776576658,0.0011643960426102615
1281,VCaP,H3K27ac,hAT-Charlie,-0.0029865305006897287,0.16085390883461465,-0.007160930076012535,0.0011879731623991472
1282,VCaP,H3K27ac,ERV1,-0.0015764328771875114,0.6055259189040048,-0.0075587488465157495,0.004405995929638063
1283,VCaP,H3K27ac,ERVL,-0.0020466060001747017,0.5119950729756217,-0.008163679565850695,0.004070620732195469
1284,VCaP,H3K27ac,TcMar-Tigger,-7.733058225538738e-05,0.980569327728007,-0.006300390037292981,0.006145734862268797
1285,VCaP,H3K27ac,hAT-Tip100,-0.006000289912855431,0.1662490160522186,-0.014494709412047444,0.0024949956095860312
1286,VCaP,H3K27ac,CR1,-0.0035179658497335336,0.4557640088496898,-0.012762120631372888,0.005726790229761814
1287,VCaP,H3K27ac,Gypsy,0.01153553030067193,0.148559007378459,-0.004115645503868132,0.02718105592262202
1288,VCaP,H3K27ac,hAT-Blackjack,0.007936262453844102,0.32991429895131374,-0.008029478432404856,0.023897958126343277
1289,VCaP,H3K27ac,TcMar-Mariner,-0.006107307824995083,0.4570834805720214,-0.02220055743347551,0.009989106019590315
1290,VCaP,H3K27ac,RTE-X,-0.01074210848747071,0.29685362127119835,-0.03091655115337242,0.00944108323125319
1291,VCaP,H3K27ac,ERVK,0.004532161369122235,0.6967764087844459,-0.01826233827006222,0.027321952160186118
1292,VCaP,H3K27ac,TcMar-Tc2,0.0018021468467238194,0.8842276766592523,-0.022452266041060813,0.026054439591526295
1293,VCaP,H3K27ac,SVA,0.015982159277729294,0.2617836043459837,-0.011934691542011351,0.04387411454423244
1294,VCaP,H3K27ac,RTE-BovB,0.0014498805505320496,0.9217293831636402,-0.027466477522116287,0.03036381416941613
1295,VCaP,H3K27ac,tRNA-RTE,0.019352893026619643,0.22812251453068422,-0.012124540312303181,0.05079200789168307
1296,VCaP,H3K27ac,hAT-Ac,-0.013794760706478637,0.44654384932879565,-0.049281690481561946,0.021726953841009696
1297,VCaP,H3K27ac,hAT,0.006956911045127402,0.7181543113933487,-0.0308162214864642,0.04471020067104537
1298,VCaP,H3K27ac,MULE-MuDR,0.02552327681732157,0.22060612897368143,-0.015326947743340646,0.06628843987221032
1299,VCaP,H3K27ac,PiggyBac,-0.013491464477900577,0.5371162361158828,-0.05628629928845008,0.029352852957588285
1300,VCaP,H3K27ac,5S-Deu-L2,0.002418462951035458,0.9164519572295753,-0.042746714295088216,0.04757377548208343
1301,VCaP,H3K27ac,Helitron,0.014691293975214379,0.5452002686800139,-0.03290450422047356,0.06222060865825612
1302,VCaP,H3K27ac,hAT-Tag1,-0.013794739725261884,0.5714865410738981,-0.06150992513145063,0.03398335450927175
1303,VCaP,H3K27ac,tRNA,-0.010427929343368883,0.6859525090170127,-0.06090971092886099,0.040107063335713976
1304,VCaP,H3K27ac,Penelope,-0.008752410581329225,0.8224215099053647,-0.08501387486934314,0.0676110023424152
1305,VCaP,H3K27ac,TcMar-Tc1,-0.04537552053695512,0.2461817897286295,-0.12159959764153724,0.03138060595526863
1306,VCaP,H3K27ac,Dong-R4,-0.07432313166983999,0.12472583122402787,-0.16805441712564262,0.020740007054343566
1307,VCaP,H3K27ac,tRNA-Deu,-0.013442509686918284,0.7840676071203447,-0.10922107023378029,0.08258336298362015
1308,VCaP,H3K27ac,Kolobok,-0.010367868419145729,0.8456576504479966,-0.11433531537388628,0.09382422433338743
1309,VCaP,H3K27ac,PIF-Harbinger,-0.013323391697534982,0.804119278096472,-0.11814285415878818,0.09178971446495562
1310,VCaP,H3K27ac,Crypton,-0.009247443561993435,0.8771330940350492,-0.12591829095342963,0.10767572387216708
1311,VCaP,H3K27ac,Merlin,0.013415811438290452,0.8460263191185895,-0.12155892096391102,0.14790339711614797
1312,VCaP,H3K27ac,TcMar,0.07500117451796649,0.2875542989352876,-0.06355707407220589,0.21072262251110116
1313,VCaP,H3K27ac,L1-Tx1,0.014587127812869801,0.8656530601046699,-0.15351269972776335,0.18186641180802238
1314,VCaP,H3K27ac,Crypton-A,0.18064547125954908,0.03894335437158856,0.00800411362834165,0.34282954818630657
1315,VCaP,H3K27ac,I-Jockey,0.085080159392086,0.37906594812409034,-0.10503751191475913,0.2691980965244326
1316,VCaP,H3K27ac,hAT-Tip100?,0.10865384615384614,0.3927542880786069,-0.14164392050330674,0.34589359755097
1317,VCaP,H3K27ac,TcMar-Pogo,-0.1539589442815249,0.40017673555290156,-0.4787023924294744,0.20784077802283513
1318,VCaP,H3K27ac,hAT?,0.13246753246753246,0.4551717087918191,-0.21681370518434379,0.45168206379906145
1319,VCaP,H3K27ac,hAT-hAT19,-0.38235294117647056,0.14385924954389048,-0.7469085367423103,0.1589417622795659
1320,C4-2B,CTCF,Alu,-0.001219605032006848,0.20061874256581838,-0.0030873888887126017,0.0006481873342188939
1321,C4-2B,CTCF,L1,0.00024108317470060217,0.8611072448815955,-0.002459537440108903,0.0029417002729057156
1322,C4-2B,CTCF,MIR,0.0014197483790777121,0.307788890939758,-0.0013086886207020758,0.004148164240718543
1323,C4-2B,CTCF,L2,4.8272069370128255e-05,0.9770051014195011,-0.0032341260202787205,0.003330669118839506
1324,C4-2B,CTCF,ERVL-MaLR,-0.0007652190302965806,0.703070147214975,-0.004699824698487776,0.0031694103309491293
1325,C4-2B,CTCF,hAT-Charlie,6.105235330646855e-05,0.9771748453921216,-0.00412125222585622,0.004243354796654813
1326,C4-2B,CTCF,ERV1,-0.004721724475224939,0.12427273977240658,-0.010742185079667796,0.0012990784430512443
1327,C4-2B,CTCF,ERVL,-0.003929209349105516,0.20895210272613313,-0.010058202490962362,0.0022000790095445585
1328,C4-2B,CTCF,TcMar-Tigger,-0.0001930651650948169,0.9516020136352061,-0.0064274432614080754,0.00604132793916425
1329,C4-2B,CTCF,hAT-Tip100,0.0028755597446197293,0.5073623028887191,-0.00562582814240512,0.011376531994442735
1330,C4-2B,CTCF,CR1,0.00029927998453523465,0.9494600431980704,-0.008954761381326446,0.009553270091627626
1331,C4-2B,CTCF,Gypsy,0.003534379671000567,0.6582309478654862,-0.01212524039373412,0.0191922664786207
1332,C4-2B,CTCF,hAT-Blackjack,0.008515706185976649,0.29672620557008095,-0.007479814508688087,0.024506870150926858
1333,C4-2B,CTCF,TcMar-Mariner,-0.007531331335692846,0.3609004285139109,-0.023683993087904105,0.008625261572403444
1334,C4-2B,CTCF,RTE-X,0.02330295462582424,0.023663142368340533,0.003114696002795574,0.04347222582922514
1335,C4-2B,CTCF,ERVK,0.013954012097700592,0.23528825094619493,-0.009091597922643217,0.03698480680627602
1336,C4-2B,CTCF,TcMar-Tc2,0.016363071168321378,0.18718046421960183,-0.00795477294737371,0.040661572647353615
1337,C4-2B,CTCF,SVA,0.00013812514888100747,0.9923001417596817,-0.027908554313004787,0.028184587309478846
1338,C4-2B,CTCF,RTE-BovB,-0.004972269403073412,0.7363109614108683,-0.03390166070180062,0.023965447177378443
1339,C4-2B,CTCF,tRNA-RTE,-0.030589728182444313,0.05693876863544867,-0.06202878808664569,0.0009099757735837948
1340,C4-2B,CTCF,hAT-Ac,0.01617176632442273,0.37306107286797585,-0.019415390767101588,0.05171799848873459
1341,C4-2B,CTCF,hAT,-0.015940108876748252,0.40883588128680326,-0.05372387080210721,0.021889232134798466
1342,C4-2B,CTCF,MULE-MuDR,0.0026971772528362466,0.8970232699735698,-0.038134705515215854,0.043520068238117
1343,C4-2B,CTCF,PiggyBac,0.03548908578252964,0.10522495992188687,-0.00746379507090125,0.07831124934503739
1344,C4-2B,CTCF,5S-Deu-L2,-0.014412535022143416,0.5319525538481917,-0.05954854190326021,0.03078228473080473
1345,C4-2B,CTCF,Helitron,0.03993150859061971,0.10130165574112936,-0.00785591928784315,0.08753696255920829
1346,C4-2B,CTCF,hAT-Tag1,-0.023961316383509748,0.3260424188054045,-0.07168207671023658,0.023868889893683538
1347,C4-2B,CTCF,tRNA,0.004654696991235084,0.856864666376782,-0.04590245544518785,0.05518806505668729
1348,C4-2B,CTCF,Penelope,0.02105256135969391,0.5909804991373458,-0.05571213549843704,0.09756983043429253
1349,C4-2B,CTCF,TcMar-Tc1,0.000999189047804838,0.9796843583884248,-0.07579052499199196,0.07777712112729251
1350,C4-2B,CTCF,Dong-R4,0.0908659045122507,0.06034862018181988,-0.004151003376876335,0.18425675136638126
1351,C4-2B,CTCF,tRNA-Deu,-0.051670445037169555,0.29190789826718416,-0.14692051579562632,0.044529074307280286
1352,C4-2B,CTCF,Kolobok,0.040423922551697036,0.44833633992939415,-0.06412379727713313,0.1440939416677029
1353,C4-2B,CTCF,PIF-Harbinger,0.007660329167905342,0.8866096957474627,-0.09739961837568335,0.1125514353839417
1354,C4-2B,CTCF,Crypton,-0.007788400536719037,0.8962157424455443,-0.12427481468097097,0.10890977362105073
1355,C4-2B,CTCF,Merlin,0.08825244585167259,0.20166637492538714,-0.047644665020810856,0.2209418189868269
1356,C4-2B,CTCF,TcMar,-0.1056058581021681,0.13470249169348827,-0.24052012805414336,0.033311575716781505
1357,C4-2B,CTCF,L1-Tx1,0.02008967898592163,0.8157515849036285,-0.14814160141563,0.18719099455627486
1358,C4-2B,CTCF,Crypton-A,-0.17495148734280783,0.046495127739906196,-0.3381608314259811,-0.0015255205095882972
1359,C4-2B,CTCF,I-Jockey,-0.023287925122787507,0.8100491514004555,-0.21049235896838678,0.16556404136312478
1360,C4-2B,CTCF,hAT-Tip100?,-0.06193181818181818,0.6240681313684309,-0.3014969560303248,0.1849884983970816
1361,C4-2B,CTCF,TcMar-Pogo,0.09017595307917887,0.6235545121792729,-0.26759705892416036,0.42609600684655924
1362,C4-2B,CTCF,hAT?,-0.29244652406417115,0.09863017217525316,-0.582771468209569,0.06408233059044635
1363,C4-2B,CTCF,hAT-hAT19,-0.2764705882352941,0.2999421284923735,-0.684611693761416,0.26365264480027495
1364,C4-2B,H3K27ac,Alu,-0.0003233370769593534,0.7343567463867484,-0.002190891112571463,0.0015442192140987185
1365,C4-2B,H3K27ac,L1,0.0005125125967664019,0.7102048200479725,-0.0021908157709478178,0.0032158334736314266
1366,C4-2B,H3K27ac,MIR,-0.0023288058897673004,0.1000189675351124,-0.005103873197892444,0.0004462972872776136
1367,C4-2B,H3K27ac,L2,0.0012394055846144951,0.4593770613333529,-0.0020438488609538664,0.004522633309370399
1368,C4-2B,H3K27ac,ERVL-MaLR,-0.0001868356461413686,0.9259383363775637,-0.00412620957400326,0.0037525440806095932
1369,C4-2B,H3K27ac,hAT-Charlie,0.003335162167108397,0.12171853256284466,-0.0008886814890740368,0.007558886821029153
1370,C4-2B,H3K27ac,ERV1,-0.0043692628070124695,0.15606234127481636,-0.01040632205232796,0.0016681149462278286
1371,C4-2B,H3K27ac,ERVL,-0.003490165230097214,0.2651277412455476,-0.00962856146493267,0.002648494037424637
1372,C4-2B,H3K27ac,TcMar-Tigger,0.0042822247739126105,0.18431848451409102,-0.0020398778538458576,0.010603985101601418
1373,C4-2B,H3K27ac,hAT-Tip100,-0.0012385293337038828,0.776385306570305,-0.009784719990658698,0.007307842245220629
1374,C4-2B,H3K27ac,CR1,0.007639770536196226,0.10666953175159721,-0.0016415375510302277,0.016919762512635293
1375,C4-2B,H3K27ac,Gypsy,0.017835943618979968,0.025923875781146948,0.0021402878346023207,0.03352281362930414
1376,C4-2B,H3K27ac,hAT-Blackjack,-0.003228044700217931,0.6997476261952964,-0.01963111353225387,0.013176761413619537
1377,C4-2B,H3K27ac,TcMar-Mariner,-0.000894372401042509,0.9183750402127466,-0.017997794289979514,0.016209572760544712
1378,C4-2B,H3K27ac,RTE-X,-0.007480601231433645,0.4677947677906804,-0.027667973316040047,0.01271287017536457
1379,C4-2B,H3K27ac,ERVK,0.003931700355822158,0.7386073039680094,-0.019159610086682818,0.02701881866169046
1380,C4-2B,H3K27ac,TcMar-Tc2,-0.004904244187464123,0.6989957894014547,-0.02975515825434044,0.01995272890989146
1381,C4-2B,H3K27ac,SVA,0.007145615944923709,0.61781641432528,-0.02092275413491504,0.0352027308550847
1382,C4-2B,H3K27ac,RTE-BovB,0.009654139457967037,0.5133595900282396,-0.01929547947516031,0.038587584033722984
1383,C4-2B,H3K27ac,tRNA-RTE,0.017824318481261425,0.27300264577070626,-0.014050001157785638,0.04966244971704795
1384,C4-2B,H3K27ac,hAT-Ac,-0.013896697809768392,0.44537148735353793,-0.04955345291356559,0.02179543582667558
1385,C4-2B,H3K27ac,hAT,-0.004801384485156381,0.8069386522391524,-0.04328676621429788,0.033698225727781334
1386,C4-2B,H3K27ac,MULE-MuDR,0.0017180780605533191,0.9343957919978755,-0.039174460983070244,0.042604871955082654
1387,C4-2B,H3K27ac,PiggyBac,-0.02610744465438888,0.2466490934935068,-0.07018631615995445,0.01807318115979321
1388,C4-2B,H3K27ac,5S-Deu-L2,-0.02550750364516477,0.2727057353554061,-0.07099370783870904,0.020084564866476175
1389,C4-2B,H3K27ac,Helitron,0.04966855766204653,0.043732035650085085,0.0013701051665611671,0.09773582131372253
1390,C4-2B,H3K27ac,hAT-Tag1,-0.021508335378418803,0.37816210782929327,-0.06925286875345009,0.026334503616532397
1391,C4-2B,H3K27ac,tRNA,-0.011278607093394651,0.6652598531419867,-0.06230236543883311,0.039803952400253154
1392,C4-2B,H3K27ac,Penelope,0.02353955801134626,0.5500522877598186,-0.05364863239777272,0.10044811149642024
1393,C4-2B,H3K27ac,TcMar-Tc1,-0.011202246153710212,0.7824587862424754,-0.09050932377073301,0.06824601561769793
1394,C4-2B,H3K27ac,Dong-R4,-0.11917645742996268,0.013620100263698224,-0.21189513040029556,-0.024331534678728766
1395,C4-2B,H3K27ac,tRNA-Deu,0.004495838099829026,0.9278634161597578,-0.0926297156798254,0.1015366423428154
1396,C4-2B,H3K27ac,Kolobok,0.058593246311305115,0.28347118889137984,-0.04863761986323308,0.164488843245967
1397,C4-2B,H3K27ac,PIF-Harbinger,-0.07155376094025513,0.1894158149358273,-0.17701312699950184,0.035530033783120904
1398,C4-2B,H3K27ac,Crypton,0.018327031767191942,0.7677988609886162,-0.10309972911699156,0.13921556310455335
1399,C4-2B,H3K27ac,Merlin,0.050179949421946375,0.4940540631753364,-0.09369236470807552,0.1919993622438736
1400,C4-2B,H3K27ac,TcMar,0.10545681557953446,0.15198897810979667,-0.039416158918887986,0.24598748775898313
1401,C4-2B,H3K27ac,L1-Tx1,0.056684677923919416,0.5105848798721646,-0.11223074372409861,0.22241613928874582
1402,C4-2B,H3K27ac,Crypton-A,-0.08744146661899502,0.3402353460298996,-0.2621719353826836,0.09284038870427613
1403,C4-2B,H3K27ac,I-Jockey,0.2740153831896951,0.003936295287397415,0.08706996961629497,0.4423180978347026
1404,C4-2B,H3K27ac,hAT-Tip100?,0.05608974358974358,0.6597771079662444,-0.1925618304440129,0.2979730271554458
1405,C4-2B,H3K27ac,TcMar-Pogo,0.11133004926108372,0.5653243637549898,-0.26713518398987945,0.4600409407746577
1406,C4-2B,H3K27ac,hAT?,-0.022727272727272728,0.9000959400442231,-0.3632425012027816,0.3231441074484131
1407,C4-2B,H3K27ac,hAT-hAT19,-0.018181818181818184,0.9576852410216187,-0.6114243872966039,0.5881450363495015
1408,RWPE2,CTCF,Alu,-0.00019125774511057368,0.8406094347883031,-0.002055164789330115,0.0016726506280259513
1409,RWPE2,CTCF,L1,-0.00022777624832344472,0.8684454962124167,-0.0029230792995716287,0.002467530112362309
1410,RWPE2,CTCF,MIR,0.0015928721756994218,0.252259891864266,-0.0011340356185654146,0.0043197562808317425
1411,RWPE2,CTCF,L2,-0.0020672123595098543,0.21676281571777187,-0.005347388310231079,0.0012130080765718975
1412,RWPE2,CTCF,ERVL-MaLR,0.0008901857942753631,0.6567286879506935,-0.003035547798160842,0.004815891948890957
1413,RWPE2,CTCF,hAT-Charlie,-2.240901161167315e-05,0.9916094861063915,-0.004198906414783999,0.00415408917332743
1414,RWPE2,CTCF,ERV1,-0.004237992523906414,0.16520535840010298,-0.010223071845868044,0.0017473904386516687
1415,RWPE2,CTCF,ERVL,0.005045778564212655,0.10603575384494848,-0.0010730127376793275,0.01116419205588184
1416,RWPE2,CTCF,TcMar-Tigger,0.0014729156331260258,0.6428218238574719,-0.004752013930643927,0.0076977310485221075
1417,RWPE2,CTCF,hAT-Tip100,-0.0059929724010117985,0.16681413663699482,-0.014488350567870255,0.002503270928033188
1418,RWPE2,CTCF,CR1,-0.0033374532430826345,0.47927614185657796,-0.012582969047992835,0.005908633171483519
1419,RWPE2,CTCF,Gypsy,-0.012763352369710778,0.10993886533040671,-0.02840772860255079,0.002887274949656927
1420,RWPE2,CTCF,hAT-Blackjack,-0.0021689706490216096,0.7901489562729374,-0.018141843711555583,0.013805009245973594
1421,RWPE2,CTCF,TcMar-Mariner,0.018703608570572752,0.022891221959894657,0.0025908482408520937,0.03480665965502326
1422,RWPE2,CTCF,RTE-X,-0.002366403191958832,0.818206567138166,-0.022541640616517564,0.0178107608698361
1423,RWPE2,CTCF,ERVK,0.0009727018817685497,0.9333890481032258,-0.0218341671882635,0.02377855908759593
1424,RWPE2,CTCF,TcMar-Tc2,-0.009306893498990087,0.45201328777459526,-0.03355140065752715,0.014948560659855292
1425,RWPE2,CTCF,SVA,0.012865261629983657,0.36670056741826507,-0.01507088366394706,0.040781337202114736
1426,RWPE2,CTCF,RTE-BovB,-0.008870466261061942,0.5476995182343269,-0.0377733922249064,0.020047288878261606
1427,RWPE2,CTCF,tRNA-RTE,0.00417678334424695,0.7949773304581857,-0.02732247993067351,0.03566776021618651
1428,RWPE2,CTCF,hAT-Ac,0.026952488609824805,0.13690197928527542,-0.008571542611339083,0.06240857483038976
1429,RWPE2,CTCF,hAT,-0.01301388237033086,0.49971795605891345,-0.050769126731435965,0.0247785062805764
1430,RWPE2,CTCF,MULE-MuDR,-0.002294428180790749,0.9122567628949421,-0.043082672774995265,0.03850145227549516
1431,RWPE2,CTCF,PiggyBac,-0.01944071715294062,0.37380031492361876,-0.06221836409113182,0.023408225503361194
1432,RWPE2,CTCF,5S-Deu-L2,0.029714164391496222,0.19721856225744172,-0.015464997603914073,0.07477224204954162
1433,RWPE2,CTCF,Helitron,-0.004919407313092954,0.8396619753343406,-0.0525337693849444,0.04271727160055013
1434,RWPE2,CTCF,hAT-Tag1,0.00041223324657215844,0.9865091303656042,-0.04734213920033402,0.048164725587761456
1435,RWPE2,CTCF,tRNA,-0.01170946633235432,0.6497928104188017,-0.06218690683227153,0.038827723776285815
1436,RWPE2,CTCF,Penelope,-0.005254964470724701,0.8928115141750721,-0.08153958329221872,0.07109086599943583
1437,RWPE2,CTCF,TcMar-Tc1,0.0356812661430616,0.36301386443861205,-0.04123997622295483,0.1121820379092239
1438,RWPE2,CTCF,Dong-R4,-0.06665230227627933,0.16869414579439015,-0.16052839206637395,0.028418827568967037
1439,RWPE2,CTCF,tRNA-Deu,-0.044422628160315544,0.36496213422532575,-0.13978882402596202,0.05176011953012059
1440,RWPE2,CTCF,Kolobok,0.08324168593584944,0.11849247320256777,-0.021507735703619538,0.18618337753161868
1441,RWPE2,CTCF,PIF-Harbinger,-0.0861252427333346,0.10823750511971127,-0.18958115305913795,0.01922201987284041
1442,RWPE2,CTCF,Crypton,0.050864512327286324,0.3939708737918799,-0.06620057715547042,0.16654835889003122
1443,RWPE2,CTCF,Merlin,-0.03008922673361604,0.6631166625110317,-0.16420242848288444,0.10511616942699659
1444,RWPE2,CTCF,TcMar,0.16083443343784495,0.02188653404235773,0.02275548379104852,0.2928921909582831
1445,RWPE2,CTCF,L1-Tx1,-0.10374105807853781,0.22766706363061948,-0.2672367509210757,0.06556022714363956
1446,RWPE2,CTCF,Crypton-A,0.0828785834527225,0.34664455565640184,-0.09022009048775344,0.2511167241649413
1447,RWPE2,CTCF,I-Jockey,0.051663423223056254,0.5936736562731495,-0.13790178831829647,0.2375773602012029
1448,RWPE2,CTCF,hAT-Tip100?,0.12298534798534796,0.3329579257848623,-0.12758459509829445,0.35879826015750577
1449,RWPE2,CTCF,TcMar-Pogo,-0.17741935483870966,0.3313288590325346,-0.4976111138611249,0.1853256758256819
1450,RWPE2,CTCF,hAT?,0.08999236058059586,0.6127565629645504,-0.25662811376338085,0.41610192640078414
1451,RWPE2,CTCF,hAT-hAT19,-0.011764705882352941,0.9655081698956276,-0.5045417383784665,0.48679378978142623
1452,RWPE2,H3K27ac,Alu,0.0001642924262540011,0.8629670155317941,-0.0017013494843502082,0.0020299331931799575
1453,RWPE2,H3K27ac,L1,-4.3867434876083175e-05,0.9745575270348016,-0.0027397225840044255,0.00265198835187742
1454,RWPE2,H3K27ac,MIR,0.00037175873798074246,0.7893860459047634,-0.00235610079851487,0.0030996127418114455
1455,RWPE2,H3K27ac,L2,-0.0022511608034511423,0.17862550320837572,-0.005531562533841095,0.0010292893775426333
1456,RWPE2,H3K27ac,ERVL-MaLR,-0.0023408210635654883,0.24271037187947908,-0.006267972305508712,0.0015864023828056097
1457,RWPE2,H3K27ac,hAT-Charlie,0.0011629204801920931,0.5854183641187548,-0.0030155101105842565,0.005341310463794479
1458,RWPE2,H3K27ac,ERV1,-0.006861726185887229,0.024684711732764042,-0.012848339584936825,-0.0008746208810435109
1459,RWPE2,H3K27ac,ERVL,-0.0020854455083447196,0.5042585797842924,-0.00820594594960033,0.004035211181349049
1460,RWPE2,H3K27ac,TcMar-Tigger,-0.006836470758037674,0.031411112036361086,-0.013062911745004856,-0.0006094996208047638
1461,RWPE2,H3K27ac,hAT-Tip100,-0.004642417611120094,0.28438146675830284,-0.013141338977860987,0.003857174482105843
1462,RWPE2,H3K27ac,CR1,0.010922472823419271,0.020611408798350838,0.001675047274750388,0.020168030458691755
1463,RWPE2,H3K27ac,Gypsy,0.0052678902174422984,0.5094724976531111,-0.010383984617205121,0.02091718433806041
1464,RWPE2,H3K27ac,hAT-Blackjack,0.0013451902027932997,0.8690034451002642,-0.014640298126084136,0.017329991071383295
1465,RWPE2,H3K27ac,TcMar-Mariner,-0.00541116418165346,0.5111528839885926,-0.021549917106518098,0.010730408094755926
1466,RWPE2,H3K27ac,RTE-X,0.0026602468421016577,0.7961029732381197,-0.01751701449614384,0.022835342308167087
1467,RWPE2,H3K27ac,ERVK,0.009042030766165722,0.4376717469143626,-0.013792406354179262,0.031867041770275654
1468,RWPE2,H3K27ac,TcMar-Tc2,0.01853799561568827,0.13413774516949187,-0.005720071067085863,0.04277425690857304
1469,RWPE2,H3K27ac,SVA,0.005478490518549452,0.7009018948006471,-0.022474606542929338,0.03342302842662669
1470,RWPE2,H3K27ac,RTE-BovB,0.0027299724864859936,0.853209250490635,-0.026184193279571645,0.031639574266807455
1471,RWPE2,H3K27ac,tRNA-RTE,-0.0026177101686240658,0.8706643358135194,-0.034118618283513265,0.028888393984162476
1472,RWPE2,H3K27ac,hAT-Ac,0.017364616618255918,0.33796217523284955,-0.018158638777290514,0.052844087950242036
1473,RWPE2,H3K27ac,hAT,0.021703714165135456,0.260382988897098,-0.016099563497179004,0.059445031288236624
1474,RWPE2,H3K27ac,MULE-MuDR,0.026873986608874294,0.19684092771727174,-0.013949730896157232,0.067608260695485
1475,RWPE2,H3K27ac,PiggyBac,-0.011626061120299028,0.5950137502576667,-0.054446256543653565,0.031236816943371833
1476,RWPE2,H3K27ac,5S-Deu-L2,-0.005986998744540737,0.7952048236506525,-0.05115800148858843,0.03920845007592472
1477,RWPE2,H3K27ac,Helitron,0.00025216203550271915,0.9917253812028766,-0.04737479043240131,0.047877970559104914
1478,RWPE2,H3K27ac,hAT-Tag1,0.02968640110765871,0.22324152303111652,-0.01810321051746405,0.07734067906678262
1479,RWPE2,H3K27ac,tRNA,-0.012449826018460631,0.6293797413191582,-0.06294146272690895,0.038105379770464826
1480,RWPE2,H3K27ac,Penelope,-0.03926259614439618,0.3138623646699597,-0.11526317607842974,0.037194984071237606
1481,RWPE2,H3K27ac,TcMar-Tc1,0.0033644460101955463,0.9316173618798166,-0.07337973752221916,0.08006901859796996
1482,RWPE2,H3K27ac,Dong-R4,-0.0692290917860372,0.1527888195538444,-0.16305746054338704,0.02584030029987801
1483,RWPE2,H3K27ac,tRNA-Deu,-0.08248285796138691,0.0925380075378907,-0.17726869709000098,0.013819113532409945
1484,RWPE2,H3K27ac,Kolobok,0.02494600881109955,0.6399497005623831,-0.07951202589661412,0.12886213470799646
1485,RWPE2,H3K27ac,PIF-Harbinger,-0.08264174187312694,0.12386580043383766,-0.18632915896189606,0.02286628670900993
1486,RWPE2,H3K27ac,Crypton,-0.022109601476044557,0.7111290647306511,-0.1383645025771174,0.0947463145200438
1487,RWPE2,H3K27ac,Merlin,-0.06129042869282336,0.37570409488178147,-0.19486952635992585,0.07452086093519651
1488,RWPE2,H3K27ac,TcMar,-0.06958892063433052,0.3250662742279775,-0.2058251312329096,0.06929346178441995
1489,RWPE2,H3K27ac,L1-Tx1,0.03710605012837029,0.6668435856828452,-0.13148460785453356,0.20361061946800704
1490,RWPE2,H3K27ac,Crypton-A,-0.10151165134372298,0.24862255199531874,-0.2687779933686995,0.07169795262047537
1491,RWPE2,H3K27ac,I-Jockey,0.2166156982670744,0.023673071640304716,0.027506781283023748,0.39075532342610714
1492,RWPE2,H3K27ac,hAT-Tip100?,0.10096153846153845,0.4273091577950521,-0.14915848234226023,0.33893874492643367
1493,RWPE2,H3K27ac,TcMar-Pogo,-0.022727272727272724,0.9017384625624244,-0.36854153659413247,0.3286124953710824
1494,RWPE2,H3K27ac,hAT?,0.20672268907563024,0.24078508404313317,-0.1449866458216822,0.5120513460065501
1495,RWPE2,H3K27ac,hAT-hAT19,0.07352941176470588,0.7866792491258565,-0.43873896787471733,0.5497289631077525
1496,RWPE2,H3K36me3,Alu,0.00012470093284158292,0.8956028530858691,-0.001737918182572191,0.0019873191829933904
1497,RWPE2,H3K36me3,L1,-0.002645267404296634,0.0543877108922299,-0.005340317158745123,4.982077767404644e-05
1498,RWPE2,H3K36me3,MIR,0.000241101847350941,0.8623709469225935,-0.0024847801443559614,0.0029669802560802765
1499,RWPE2,H3K36me3,L2,0.0015782979973132942,0.34563110351005866,-0.0017017561949422397,0.004858318228791322
1500,RWPE2,H3K36me3,ERVL-MaLR,-0.0014829394531963491,0.4589396832837209,-0.005407459546234373,0.002441626320519483
1501,RWPE2,H3K36me3,hAT-Charlie,0.001839147341283548,0.3878698890407617,-0.002335401006243594,0.0060136315884740926
1502,RWPE2,H3K36me3,ERV1,-0.0013088726059631462,0.6680874516372468,-0.007291731156677517,0.004674079647512724
1503,RWPE2,H3K36me3,ERVL,0.0004728370810475212,0.8795892924373433,-0.00564464691278484,0.006590285684535287
1504,RWPE2,H3K36me3,TcMar-Tigger,0.0003915417905870625,0.901857292211401,-0.00583153513465865,0.006614588389743624
1505,RWPE2,H3K36me3,hAT-Tip100,-0.000779052700766482,0.8573426424952358,-0.009273117130749119,0.0077151241467222
1506,RWPE2,H3K36me3,CR1,0.007617867931772969,0.10627904261216921,-0.001626510643836164,0.016860944591527316
1507,RWPE2,H3K36me3,Gypsy,-0.009902361806275621,0.21482107045901647,-0.02554471011766426,0.005744834362697365
1508,RWPE2,H3K36me3,hAT-Blackjack,-0.015937512547278737,0.050366358679909455,-0.03189329524945873,2.6391315125710704e-05
1509,RWPE2,H3K36me3,TcMar-Mariner,0.008522788495377936,0.29933586754397035,-0.007572739010370356,0.0246139009621806
1510,RWPE2,H3K36me3,RTE-X,0.008814244624218816,0.39188632169522586,-0.011363384384913173,0.028984698422974815
1511,RWPE2,H3K36me3,ERVK,0.006548523581045215,0.5735593295948394,-0.016255896876651806,0.029346134771205075
1512,RWPE2,H3K36me3,TcMar-Tc2,-0.0016854325723583122,0.8916365130261801,-0.025928522895439014,0.022559639068167343
1513,RWPE2,H3K36me3,SVA,0.014653614176495784,0.30412003191099013,-0.013297094463597468,0.042581440606250694
1514,RWPE2,H3K36me3,RTE-BovB,0.0025731832846180246,0.861552117353994,-0.026340869434867378,0.031482934137786904
1515,RWPE2,H3K36me3,tRNA-RTE,0.018632004821995566,0.24598443716947327,-0.012849420788267658,0.05007652929100567
1516,RWPE2,H3K36me3,hAT-Ac,-0.012088632038384312,0.5046774625047108,-0.04757306643184871,0.023426275635036783
1517,RWPE2,H3K36me3,hAT,0.01938471432581641,0.3144377550686514,-0.018389861855946252,0.0571040298525239
1518,RWPE2,H3K36me3,MULE-MuDR,0.013428187209338882,0.5190620879784831,-0.027389718197497484,0.05420138811817056
1519,RWPE2,H3K36me3,PiggyBac,0.032990916274953756,0.13106813419995875,-0.009849826263717562,0.07571077056953462
1520,RWPE2,H3K36me3,5S-Deu-L2,0.0038876168797002068,0.8660869552225762,-0.041280243523324135,0.04903962008067219
1521,RWPE2,H3K36me3,Helitron,0.01593022188186544,0.5122031670594327,-0.03170917423803817,0.06349740162473845
1522,RWPE2,H3K36me3,hAT-Tag1,-0.028650363957455547,0.2398226454935874,-0.07630916200394522,0.01913904863671991
1523,RWPE2,H3K36me3,tRNA,-0.056151084278964786,0.029387252999019235,-0.10641793428450991,-0.005597955384133196
1524,RWPE2,H3K36me3,Penelope,0.035879596687258354,0.357044072686432,-0.04051474339333267,0.111856892638578
1525,RWPE2,H3K36me3,TcMar-Tc1,-0.058727636893761676,0.13383812318855717,-0.13491011774866432,0.0181450842894909
1526,RWPE2,H3K36me3,Dong-R4,0.05687663433689646,0.24032194310437288,-0.038192404562481776,0.15092529124514054
1527,RWPE2,H3K36me3,tRNA-Deu,-0.026720548324479128,0.585915672177272,-0.12233904696076489,0.06938941905607612
1528,RWPE2,H3K36me3,Kolobok,0.03973712524246451,0.4554505322144541,-0.06465926550708602,0.1432731372569596
1529,RWPE2,H3K36me3,PIF-Harbinger,-0.015036383070122538,0.7795458781269609,-0.11983319386385305,0.0900918173240425
1530,RWPE2,H3K36me3,Crypton,-0.01139610001546369,0.8486276298641984,-0.12782751276637078,0.10534515251101469
1531,RWPE2,H3K36me3,Merlin,0.049071239697584736,0.4772750717940115,-0.08632902403649408,0.18269160092925665
1532,RWPE2,H3K36me3,TcMar,-0.04676904141349965,0.5075841272358694,-0.18337154857839608,0.09160542646965986
1533,RWPE2,H3K36me3,L1-Tx1,0.0013044639973435,0.9879296901095073,-0.16644750898192556,0.1689830518451699
1534,RWPE2,H3K36me3,Crypton-A,0.11071207893579842,0.2080711658769928,-0.0625186006436561,0.27746708703520506
1535,RWPE2,H3K36me3,I-Jockey,0.10511537392271339,0.2766828101585757,-0.08518162919829297,0.2880135497442831
1536,RWPE2,H3K36me3,hAT-Tip100?,0.2581501831501832,0.039441661080455215,0.009030953363846655,0.47709762283723706
1537,RWPE2,H3K36me3,TcMar-Pogo,-0.3991935483870967,0.02361364657396822,-0.6645212787171171,-0.04448194601188429
1538,RWPE2,H3K36me3,hAT?,0.17891520244461417,0.31133587524638934,-0.17223011204512675,0.4897167282373306
1539,RWPE2,H3K36me3,hAT-hAT19,0.06764705882352941,0.8034203137966691,-0.4434098601134071,0.5455111301042209
1540,22Rv1,CTCF,Alu,-2.978147160930097e-05,0.9749836171652331,-0.001891174963098761,0.0018316122262530179
1541,22Rv1,CTCF,L1,0.0015739442581788998,0.2523476773429234,-0.0011210586523104095,0.004268924305563157
1542,22Rv1,CTCF,MIR,-0.0028445866758502886,0.04074074391845964,-0.005569306971581017,-0.00011982414212723074
1543,22Rv1,CTCF,L2,0.0023518996662420656,0.1599052175288917,-0.0009280772874750352,0.005631826015816388
1544,22Rv1,CTCF,ERVL-MaLR,-0.003913487846132827,0.05055911319322085,-0.007836398676248144,9.543440650185459e-06
1545,22Rv1,CTCF,hAT-Charlie,0.0003699199369011796,0.8620721648376553,-0.0038032122849890725,0.00454303927449397
1546,22Rv1,CTCF,ERV1,0.002603810197771316,0.3935002929292847,-0.003377048257582479,0.008584482377604416
1547,22Rv1,CTCF,ERVL,0.0012429689906082013,0.6903429847220839,-0.0048720659822616245,0.007357911006445956
1548,22Rv1,CTCF,TcMar-Tigger,-0.00045002010108645104,0.887260341518036,-0.0066713710369556145,0.005771365671227586
1549,22Rv1,CTCF,hAT-Tip100,-0.0018624651361814266,0.6673145165703772,-0.01035459915656485,0.006629937521970372
1550,22Rv1,CTCF,CR1,0.001667421534604185,0.7236815740805531,-0.007576317542627079,0.01091087566845128
1551,22Rv1,CTCF,Gypsy,-0.005619658553445782,0.4814321632118561,-0.021262340009309634,0.010025773660558644
1552,22Rv1,CTCF,hAT-Blackjack,0.005588251996680374,0.4924071851186883,-0.010366687779341521,0.02154034709912008
1553,22Rv1,CTCF,TcMar-Mariner,0.0074291923926761635,0.36531048468601013,-0.008655419167916982,0.02350996057668202
1554,22Rv1,CTCF,RTE-X,-0.0060483778570575575,0.5568311751249223,-0.026219510642452964,0.014127678172358158
1555,22Rv1,CTCF,ERVK,-0.010104844889507605,0.38484195074602867,-0.03288572771388225,0.012686532032683797
1556,22Rv1,CTCF,TcMar-Tc2,-0.025882352432538783,0.03635779987984843,-0.050093548482547316,-0.001640754374988351
1557,22Rv1,CTCF,SVA,-0.0042229681452258735,0.7667353155887393,-0.03211491709339641,0.023675553075894657
1558,22Rv1,CTCF,RTE-BovB,0.0030075628412691625,0.8384272054520562,-0.02589736655239666,0.03190746745603504
1559,22Rv1,CTCF,tRNA-RTE,-0.014024142023623265,0.38230448070500767,-0.04546057794511472,0.01744004252517642
1560,22Rv1,CTCF,hAT-Ac,-0.02315606487344113,0.20137520102638468,-0.05862781245222353,0.012374081955842532
1561,22Rv1,CTCF,hAT,0.023961084967636184,0.2136826899142087,-0.013814400355091488,0.0616682703917861
1562,22Rv1,CTCF,MULE-MuDR,-0.0030405846204183645,0.8838996307543154,-0.04382746605616248,0.03775641586759894
1563,22Rv1,CTCF,PiggyBac,0.00743034592612985,0.7337504162953548,-0.03537626793907686,0.05020974477749505
1564,22Rv1,CTCF,5S-Deu-L2,0.0028404747164242706,0.9018894239866686,-0.042301525191048815,0.047970900858963605
1565,22Rv1,CTCF,Helitron,0.04577368723887664,0.059549107387300015,-0.0018676085604610202,0.09320766841466088
1566,22Rv1,CTCF,hAT-Tag1,0.007350172578836014,0.7630366206178635,-0.04041809665318416,0.0550849201805733
1567,22Rv1,CTCF,tRNA,-0.008711429795335813,0.7355199098790335,-0.0591988316111384,0.04182042497763128
1568,22Rv1,CTCF,Penelope,0.04594845271791216,0.23882635760098167,-0.030573755098060713,0.12193517962149801
1569,22Rv1,CTCF,TcMar-Tc1,0.018241187466139112,0.6412203789767885,-0.05845457207289428,0.09472287668525363
1570,22Rv1,CTCF,Dong-R4,-0.06107873511178569,0.20727679821909287,-0.15505485668370886,0.03399288462588565
1571,22Rv1,CTCF,tRNA-Deu,0.03926840779785967,0.4232768396394738,-0.05689780070849806,0.1347126519967969
1572,22Rv1,CTCF,Kolobok,0.02623356236475685,0.6222812997310097,-0.07808553235545945,0.12998440414954546
1573,22Rv1,CTCF,PIF-Harbinger,0.06487898363841069,0.22667620006186695,-0.04048675056818478,0.16881765688123768
1574,22Rv1,CTCF,Crypton,0.08918877456960983,0.13446324990895697,-0.027929289110641794,0.20389134572445827
1575,22Rv1,CTCF,Merlin,0.08161516193375692,0.2366966083389676,-0.05394958485828451,0.21422578651206606
1576,22Rv1,CTCF,TcMar,0.12100561508572133,0.08547912340046382,-0.017493533776375726,0.25494850498643595
1577,22Rv1,CTCF,L1-Tx1,0.0059109254119339635,0.9453460027515002,-0.1619665672196818,0.17345589288398403
1578,22Rv1,CTCF,Crypton-A,-0.033094314393427145,0.7074713736811695,-0.2035103009346057,0.13926798164726434
1579,22Rv1,CTCF,I-Jockey,-0.04080252061903439,0.673568782451228,-0.22723590600278476,0.14851594088946737
1580,22Rv1,CTCF,hAT-Tip100?,0.05274725274725274,0.6789110507097769,-0.19576591774308846,0.29489439431681685
1581,22Rv1,CTCF,TcMar-Pogo,-0.15615835777126097,0.3933969394636454,-0.480485140733284,0.20574260460124255
1582,22Rv1,CTCF,hAT?,0.2834224598930481,0.10430938886140047,-0.06751718362102704,0.5719520893593039
1583,22Rv1,CTCF,hAT-hAT19,-0.03529411764705882,0.8967532476935333,-0.521992247339007,0.4687418466013702
1584,22Rv1,H3K27ac,Alu,8.093322494434654e-05,0.9321109556365899,-0.0017811107075925692,0.0019429765962568413
1585,22Rv1,H3K27ac,L1,0.0007744782310113439,0.5733139716266704,-0.0019208513825622134,0.003469796591763553
1586,22Rv1,H3K27ac,MIR,0.00035160365942275097,0.8003555248917076,-0.0023734463301031392,0.0030766484270125702
1587,22Rv1,H3K27ac,L2,-0.0018175042232505424,0.2774717705532799,-0.005097570408253448,0.0014626010708009638
1588,22Rv1,H3K27ac,ERVL-MaLR,0.0026490916397538715,0.18573789148241754,-0.0012745577103854334,0.006572659425356438
1589,22Rv1,H3K27ac,hAT-Charlie,-0.003849518441890149,0.0706562460686356,-0.008023212437180415,0.0003243096747762572
1590,22Rv1,H3K27ac,ERV1,-0.002905123382011701,0.34113592467204923,-0.008886445708538152,0.0030764068221412855
1591,22Rv1,H3K27ac,ERVL,0.0013923740015681701,0.6554275722583375,-0.004723230317785399,0.007507874171202284
1592,22Rv1,H3K27ac,TcMar-Tigger,0.000295892028977224,0.9257408476484805,-0.005926240670093748,0.006518001817249021
1593,22Rv1,H3K27ac,hAT-Tip100,0.0013049325058587845,0.7633174510404432,-0.007188477716604882,0.00979815446168798
1594,22Rv1,H3K27ac,CR1,-0.004119306502508846,0.3824616849630691,-0.013362966788535472,0.005125057799471341
1595,22Rv1,H3K27ac,Gypsy,-0.0025427210202452213,0.750085644061234,-0.018186948491823323,0.013102751178917625
1596,22Rv1,H3K27ac,hAT-Blackjack,0.007139295633303859,0.3805511730435518,-0.008818446583555548,0.023093402456557985
1597,22Rv1,H3K27ac,TcMar-Mariner,-0.0016343477369189082,0.8421853235245552,-0.017721581790595433,0.01445373229894783
1598,22Rv1,H3K27ac,RTE-X,-0.017613513833511094,0.0870388152321471,-0.03777473389940284,0.002562039757942291
1599,22Rv1,H3K27ac,ERVK,-0.004386494663635212,0.7061750913277557,-0.027185633966384026,0.01841720584565226
1600,22Rv1,H3K27ac,TcMar-Tc2,0.0022995712133920543,0.8525429875639875,-0.02194581693074174,0.026542256090088878
1601,22Rv1,H3K27ac,SVA,0.02576149524022445,0.07044711237573083,-0.0021544275170246848,0.053637297275542076
1602,22Rv1,H3K27ac,RTE-BovB,0.005036485104938098,0.7328108059795153,-0.02387607457350631,0.03394062666199667
1603,22Rv1,H3K27ac,tRNA-RTE,-0.006161737766696104,0.7011330790645505,-0.0376137418692663,0.025302462260014313
1604,22Rv1,H3K27ac,hAT-Ac,0.02208284066810208,0.22306703634135333,-0.013447245430912703,0.05755723282061521
1605,22Rv1,H3K27ac,hAT,0.02058945591411815,0.2852119799384809,-0.01717846177328699,0.05829870173545937
1606,22Rv1,H3K27ac,MULE-MuDR,-0.020085277516184705,0.3347931019215934,-0.06084058493873413,0.02073688943308535
1607,22Rv1,H3K27ac,PiggyBac,-0.0020505729464894754,0.9252314726669679,-0.04485166058169861,0.04075802906426173
1608,22Rv1,H3K27ac,5S-Deu-L2,-0.003032679799871706,0.895287624514383,-0.04816267623960384,0.04210967355441505
1609,22Rv1,H3K27ac,Helitron,0.044705330883941005,0.06575391822721405,-0.002936998861729874,0.09214517491578238
1610,22Rv1,H3K27ac,hAT-Tag1,-0.023620849583434876,0.33253419242872717,-0.07130050188255838,0.024166502276919233
1611,22Rv1,H3K27ac,tRNA,-0.0007446152038245763,0.9769663155195123,-0.051255189597921316,0.04976975897873846
1612,22Rv1,H3K27ac,Penelope,-0.04874457676654923,0.2110656466429419,-0.12464256648943937,0.02772054354907448
1613,22Rv1,H3K27ac,TcMar-Tc1,0.0450174767597029,0.24993243897970505,-0.03173840514446833,0.12124549898984846
1614,22Rv1,H3K27ac,Dong-R4,-0.1004459657281344,0.03778115906195051,-0.1936220357871854,-0.005474062257036357
1615,22Rv1,H3K27ac,tRNA-Deu,0.006083374991942723,0.9013124281223773,-0.08988503785218241,0.10193985939229402
1616,22Rv1,H3K27ac,Kolobok,-0.05134097844113664,0.3347638584139685,-0.15467001662807905,0.053099100479056895
1617,22Rv1,H3K27ac,PIF-Harbinger,0.0829132427601472,0.1220916854832433,-0.0224414552481852,0.18644662965548206
1618,22Rv1,H3K27ac,Crypton,-0.038366750924913644,0.5203482168141343,-0.1543161995060401,0.07862513316583537
1619,22Rv1,H3K27ac,Merlin,-0.10350779639921728,0.13303932797693227,-0.23532197932946083,0.03204536468208783
1620,22Rv1,H3K27ac,TcMar,0.0625057605088479,0.3756513335552737,-0.07599154351475046,0.198636878593799
1621,22Rv1,H3K27ac,L1-Tx1,-0.08867088188024742,0.302828035611711,-0.252940635338735,0.08056819687975933
1622,22Rv1,H3K27ac,Crypton-A,0.059785430123265954,0.49756599944114643,-0.11305055768568911,0.22910958755111377
1623,22Rv1,H3K27ac,I-Jockey,-0.010045408210545824,0.9174307322389152,-0.19777804029257198,0.17839804813334156
1624,22Rv1,H3K27ac,hAT-Tip100?,0.2656593406593406,0.03386517716298696,0.016849191268624813,0.48348665771917004
1625,22Rv1,H3K27ac,TcMar-Pogo,-0.14589442815249265,0.4255992493230968,-0.47214784601141463,0.21551208613403702
1626,22Rv1,H3K27ac,hAT?,0.24736440030557674,0.15840719150830332,-0.10437926196331174,0.5441044154371203
1627,22Rv1,H3K27ac,hAT-hAT19,0.2676470588235294,0.3162544185483094,-0.2719034465475825,0.6791708185579431
1628,RWPE1,CTCF,Alu,0.00031718808293544376,0.7388027059339308,-0.0015472501702293005,0.002181624130928553
1629,RWPE1,CTCF,L1,-0.00016861092833563723,0.902558345074863,-0.002867868331027765,0.00253064893135405
1630,RWPE1,CTCF,MIR,-0.0018304287712768358,0.1881138670996422,-0.004556154200340276,0.0008953238567798792
1631,RWPE1,CTCF,L2,-0.003579068160062042,0.03252544943597633,-0.006860194937741468,-0.0002978643165720034
1632,RWPE1,CTCF,ERVL-MaLR,0.00044358831515176777,0.8248348696514105,-0.0034845362488541407,0.004371699189923037
1633,RWPE1,CTCF,hAT-Charlie,-0.0011146067805091287,0.6009166612228065,-0.005290939017726736,0.003061764338506528
1634,RWPE1,CTCF,ERV1,0.002220068843709578,0.4686541306222186,-0.0037843973582397474,0.008224374966125811
1635,RWPE1,CTCF,ERVL,0.0026058788407289854,0.40409367335027335,-0.0035157115332437572,0.008727273914883333
1636,RWPE1,CTCF,TcMar-Tigger,0.0021332093041817536,0.5019370069475926,-0.004093682208385894,0.008359935393517195
1637,RWPE1,CTCF,hAT-Tip100,-0.00223566840242694,0.606022250780125,-0.01073119551144257,0.00626018143463799
1638,RWPE1,CTCF,CR1,0.001736010673026707,0.713023086026612,-0.007514937381340494,0.010986661600316673
1639,RWPE1,CTCF,Gypsy,0.0027269224139699986,0.7327410054651525,-0.012924069410965702,0.018376578404371513
1640,RWPE1,CTCF,hAT-Blackjack,0.005436412653268694,0.5047071623853637,-0.010535981453795416,0.02140603331338069
1641,RWPE1,CTCF,TcMar-Mariner,-0.008557141584874169,0.2977997417334756,-0.02466181582034414,0.007551972969168733
1642,RWPE1,CTCF,RTE-X,-0.00872070604894824,0.39708118472270715,-0.028897636434150106,0.01146332792380142
1643,RWPE1,CTCF,ERVK,0.0018831884496402448,0.872341669307223,-0.02108483650069048,0.024849226687341925
1644,RWPE1,CTCF,TcMar-Tc2,-0.00901496892514083,0.46618802927132996,-0.033252326126380405,0.0152329854459582
1645,RWPE1,CTCF,SVA,-0.01889482595950576,0.18446391810812848,-0.04677391433582307,0.009013675669754336
1646,RWPE1,CTCF,RTE-BovB,-0.03205304582324761,0.029800747949356016,-0.060919183363660104,-0.0031333374610879694
1647,RWPE1,CTCF,tRNA-RTE,0.0373522068841155,0.019996266617498773,0.005876988880317922,0.06875348671692351
1648,RWPE1,CTCF,hAT-Ac,-0.01293632117062672,0.4757756017879272,-0.04845992528064022,0.022619967821156432
1649,RWPE1,CTCF,hAT,-0.02332872518703709,0.22601956356748454,-0.061037657215317065,0.014446705223033818
1650,RWPE1,CTCF,MULE-MuDR,0.0103535016860727,0.6191641379658548,-0.030470370338949657,0.0511428891114809
1651,RWPE1,CTCF,PiggyBac,-0.008231558602115246,0.7066421518352684,-0.05106014644109886,0.03462725069081905
1652,RWPE1,CTCF,5S-Deu-L2,0.005554283421249985,0.809562925038715,-0.03960445516796053,0.05069037884082798
1653,RWPE1,CTCF,Helitron,-0.001672244516938058,0.9452165945971169,-0.04933696687395633,0.04600007750360706
1654,RWPE1,CTCF,hAT-Tag1,-0.040069385868566496,0.10032905920066953,-0.08770236215283082,0.007746408697016081
1655,RWPE1,CTCF,tRNA,0.007809118467134582,0.7621166574921839,-0.042737793576199265,0.05831615511441323
1656,RWPE1,CTCF,Penelope,-0.04526406735062396,0.2466218701658827,-0.12137358977426489,0.031374583544395214
1657,RWPE1,CTCF,TcMar-Tc1,0.007642531704635713,0.8453344974218472,-0.06906535635896145,0.08426058101249205
1658,RWPE1,CTCF,Dong-R4,0.09501137423260572,0.04949440680648451,1.2292601190044606e-05,0.1883108721621316
1659,RWPE1,CTCF,tRNA-Deu,-0.024188663574155923,0.6219209951738958,-0.11983961450522027,0.07190721573173012
1660,RWPE1,CTCF,Kolobok,-0.0013905330545809721,0.9792013436159717,-0.10561042970918672,0.10285957976369393
1661,RWPE1,CTCF,PIF-Harbinger,0.061750403070397905,0.24991642288633154,-0.04361196223273231,0.16575425503319904
1662,RWPE1,CTCF,Crypton,0.050815273106340736,0.39442946311411997,-0.06624958159364717,0.16650021857997038
1663,RWPE1,CTCF,Merlin,-0.03960498489153726,0.5672524073879313,-0.17379579791721123,0.09602978901977348
1664,RWPE1,CTCF,TcMar,-0.16422779797932596,0.019213814312050086,-0.2961100074893796,-0.026200887392613264
1665,RWPE1,CTCF,L1-Tx1,0.08638631970958681,0.31550433142807877,-0.08283824529358284,0.25076864146311345
1666,RWPE1,CTCF,Crypton-A,-0.03041452637415133,0.7302044106917535,-0.20093043597887567,0.14189023837379783
1667,RWPE1,CTCF,I-Jockey,-0.06793624316560096,0.48273553731720675,-0.253012844243239,0.12193721014712434
1668,RWPE1,CTCF,hAT-Tip100?,-0.11749084249084248,0.3551691826752176,-0.3538589220587357,0.13298387578756207
1669,RWPE1,CTCF,TcMar-Pogo,0.3801319648093841,0.031865349870464424,0.023334813809600615,0.6510325424703453
1670,RWPE1,CTCF,hAT?,-0.31367456073338423,0.07083888205509593,-0.5948835490320327,0.03594364946383209
1671,RWPE1,CTCF,hAT-hAT19,-0.049999999999999996,0.8540995521297436,-0.5327502893761625,0.45730167066061606
1672,RWPE1,H3K27ac,Alu,0.0014645168869626493,0.12355363730821399,-0.00039934745044255764,0.0033283710489667565
1673,RWPE1,H3K27ac,L1,-0.002627974380638514,0.05634135460964367,-0.005326941442361194,7.103096844681348e-05
1674,RWPE1,H3K27ac,MIR,0.0015143646690930518,0.2763215993606296,-0.001212118216119338,0.0042408250397474225
1675,RWPE1,H3K27ac,L2,-0.0013560829213988314,0.4179152173799334,-0.0046372054555698745,0.0019250688116260795
1676,RWPE1,H3K27ac,ERVL-MaLR,0.0018872611653286285,0.3463299348700225,-0.0020405760061214303,0.00581504010446326
1677,RWPE1,H3K27ac,hAT-Charlie,-0.0008282693508847109,0.6975158421985399,-0.0050049212394203575,0.0033484114352292102
1678,RWPE1,H3K27ac,ERV1,0.005404355648179382,0.07765969882945975,-0.0005989610780238569,0.01140728284436146
1679,RWPE1,H3K27ac,ERVL,-0.002607714614367444,0.4037397036411602,-0.008728811034353922,0.0035135772239572524
1680,RWPE1,H3K27ac,TcMar-Tigger,0.0012450926024729903,0.6952031066421116,-0.004983350352230265,0.007473438955520946
1681,RWPE1,H3K27ac,hAT-Tip100,-0.00010153350559841167,0.9813120593838948,-0.008597007000709669,0.008393954645507875
1682,RWPE1,H3K27ac,CR1,-0.0008384585095428443,0.8590076611200567,-0.01008930531974442,0.008412531810470086
1683,RWPE1,H3K27ac,Gypsy,0.0041998178413142585,0.5989150343292151,-0.011450417110420798,0.019847995705640706
1684,RWPE1,H3K27ac,hAT-Blackjack,0.001898663533432646,0.8159486616994129,-0.014088539982210513,0.01788489654310234
1685,RWPE1,H3K27ac,TcMar-Mariner,-0.0010559742964974098,0.8981716758925131,-0.01722748845131806,0.015116092190100862
1686,RWPE1,H3K27ac,RTE-X,-0.0035115376760195766,0.7331239176257304,-0.023692623515826065,0.01667240893615147
1687,RWPE1,H3K27ac,ERVK,-0.017680546947849537,0.13134244717822904,-0.0406313576022862,0.0052889107613333965
1688,RWPE1,H3K27ac,TcMar-Tc2,-0.017672179241007772,0.15357308206599407,-0.04192623091739018,0.0066026884184831654
1689,RWPE1,H3K27ac,SVA,-0.0016250801869747411,0.9091420767226884,-0.029527847581016124,0.026280217902508063
1690,RWPE1,H3K27ac,RTE-BovB,-0.04073074776943078,0.005776884920697137,-0.06958849600820054,-0.011804887757033502
1691,RWPE1,H3K27ac,tRNA-RTE,0.017561659925721132,0.2742979697802048,-0.013927744077855648,0.049016264014155896
1692,RWPE1,H3K27ac,hAT-Ac,0.009098472033382118,0.6159899146928018,-0.026455220531606292,0.044629175447433264
1693,RWPE1,H3K27ac,hAT,0.008483638214305145,0.6598976424712848,-0.029298021055972207,0.04624109125702909
1694,RWPE1,H3K27ac,MULE-MuDR,0.04480267129378171,0.03144660002606514,0.003970726696586728,0.08548546790474654
1695,RWPE1,H3K27ac,PiggyBac,0.010470120404206138,0.6321322676294693,-0.03239145518198534,0.053293256653660505
1696,RWPE1,H3K27ac,5S-Deu-L2,-0.03133481491751481,0.17386720625985447,-0.07638624871431833,0.013844301005336162
1697,RWPE1,H3K27ac,Helitron,-0.04409809974182236,0.07017425343379302,-0.09165339076774945,0.003657879484777171
1698,RWPE1,H3K27ac,hAT-Tag1,0.0013684957731280205,0.9552621366909563,-0.0464163731129259,0.049147115835504296
1699,RWPE1,H3K27ac,tRNA,-0.03042116691873362,0.23805844838389856,-0.08082110521550633,0.020133939678253415
1700,RWPE1,H3K27ac,Penelope,0.014785489624985394,0.7052219801949251,-0.06177949936796136,0.0911774815600571
1701,RWPE1,H3K27ac,TcMar-Tc1,0.022216550466137693,0.5709173677199852,-0.054611003775242584,0.0987826031386296
1702,RWPE1,H3K27ac,Dong-R4,-0.14614508394057046,0.0024380988404568843,-0.2381176020937292,-0.051574779672117745
1703,RWPE1,H3K27ac,tRNA-Deu,0.0520255119079602,0.2886000693113672,-0.04417463395969365,0.147269702308069
1704,RWPE1,H3K27ac,Kolobok,-0.06039371386020509,0.257081235469072,-0.1636917845059791,0.04421434084381015
1705,RWPE1,H3K27ac,PIF-Harbinger,0.022730305839434917,0.6721723880819435,-0.08246003781843556,0.12741976389992557
1706,RWPE1,H3K27ac,Crypton,0.04650048782573764,0.4358509277544361,-0.07054214344870811,0.16228011771165507
1707,RWPE1,H3K27ac,Merlin,0.006069494022113391,0.9303288133292256,-0.12942852996313928,0.14134500744285028
1708,RWPE1,H3K27ac,TcMar,-0.00806273743622651,0.9091039829432332,-0.14561309919945253,0.1297934181061363
1709,RWPE1,H3K27ac,L1-Tx1,0.07161484009745021,0.40562441739835653,-0.09748383168250346,0.23669467539072622
1710,RWPE1,H3K27ac,Crypton-A,0.03875016181657999,0.6603497990566043,-0.13372760593675925,0.20894944039471525
1711,RWPE1,H3K27ac,I-Jockey,0.0710684829950885,0.46273431171104895,-0.1188557859980254,0.255975791918677
1712,RWPE1,H3K27ac,hAT-Tip100?,0.17880244755244754,0.1541301390764413,-0.07003710080436129,0.40669311956111354
1713,RWPE1,H3K27ac,TcMar-Pogo,0.18621700879765396,0.307513809698923,-0.1768047741204423,0.504640846995533
1714,RWPE1,H3K27ac,hAT?,0.02215431627196333,0.901027138065561,-0.3184355679775038,0.3576782975378237
1715,RWPE1,H3K27ac,hAT-hAT19,-0.10588235294117648,0.6963341050381157,-0.5726105866457505,0.4126799097165957
