,cell_line,modification,family_name,r,p_value,ci_low,ci_high
0,Caco-2,H3K4me1,Alu,0.00010262825934935751,0.9142451831081564,-0.0017652886620365584,0.0019705444645722247
1,Caco-2,H3K4me1,L1,0.002350044203366636,0.08828110109616812,-0.00035216391951128684,0.005052218006780286
2,Caco-2,H3K4me1,MIR,0.0007466152563876555,0.5915983912679814,-0.0019808420687210137,0.003474061473358557
3,Caco-2,H3K4me1,L2,0.002806413401597644,0.09381055165529473,-0.0004762205978091201,0.006088986919583362
4,Caco-2,H3K4me1,ERVL-MaLR,0.0007832971599100443,0.6963552424117545,-0.0031507220554155657,0.004717292129961953
5,Caco-2,H3K4me1,hAT-Charlie,-0.0009587048282522749,0.653118731314696,-0.005139542144052867,0.003222166003019412
6,Caco-2,H3K4me1,ERV1,0.0017639873268063791,0.5658796828096677,-0.004257903187605502,0.00778574990800985
7,Caco-2,H3K4me1,ERVL,-0.0001602165782798579,0.959134970975345,-0.006288643087732452,0.005968221965900678
8,Caco-2,H3K4me1,TcMar-Tigger,0.002192760642449355,0.49048272346115684,-0.004039985402029619,0.00842533632587993
9,Caco-2,H3K4me1,hAT-Tip100,0.00048316209826353547,0.9112995390130052,-0.008017464436069918,0.008983718805938292
10,Caco-2,H3K4me1,CR1,0.005929600018694971,0.20915586743825165,-0.0033243706560492437,0.015182555195042503
11,Caco-2,H3K4me1,Gypsy,-0.0075915096103772355,0.34202007752663877,-0.02324737207015814,0.008068075398354864
12,Caco-2,H3K4me1,hAT-Blackjack,0.008291647238892476,0.309586012467884,-0.007702796081452758,0.024281849017494053
13,Caco-2,H3K4me1,TcMar-Mariner,-0.009584021440305943,0.24382442170124416,-0.025696911681563732,0.00653384730344632
14,Caco-2,H3K4me1,RTE-X,0.008941969884610611,0.3854390420961039,-0.011251733955175753,0.0291283829599981
15,Caco-2,H3K4me1,ERVK,0.007039793693828504,0.5500636532549177,-0.016046175513758414,0.030118261083342153
16,Caco-2,H3K4me1,TcMar-Tc2,0.005326794636571488,0.6671900381082702,-0.018951553782879826,0.02959886486923788
17,Caco-2,H3K4me1,SVA,-0.0013090324730479022,0.9271351918241542,-0.029357409729625174,0.02674140460003015
18,Caco-2,H3K4me1,RTE-BovB,-0.004072399245788259,0.7828178779817627,-0.0330184935653878,0.02488052113057574
19,Caco-2,H3K4me1,tRNA-RTE,0.024897112725446275,0.12124405469343241,-0.006600340137442119,0.05634521207131634
20,Caco-2,H3K4me1,hAT-Ac,-0.004494498801963263,0.8045174694968302,-0.04006779498769341,0.03109017646382712
21,Caco-2,H3K4me1,hAT,-0.017772509215136276,0.3567421239312527,-0.05552382810464945,0.020029551202628528
22,Caco-2,H3K4me1,MULE-MuDR,0.021398576281965818,0.3046706885054582,-0.0194684487609326,0.06219421737584558
23,Caco-2,H3K4me1,PiggyBac,-0.027305323678385264,0.21254636680241337,-0.0701488067991755,0.015638711014081663
24,Caco-2,H3K4me1,5S-Deu-L2,-0.012239205333869766,0.5955783447165532,-0.05738160402674925,0.03295313902183468
25,Caco-2,H3K4me1,Helitron,0.007628122985341602,0.754570880326921,-0.04018323889070161,0.05540463360044689
26,Caco-2,H3K4me1,hAT-Tag1,-0.011017790269336197,0.6515993033405761,-0.05878429828851945,0.03679905408871397
27,Caco-2,H3K4me1,tRNA,-0.004366809562372164,0.8656305517251277,-0.054901011310720706,0.04618970555099392
28,Caco-2,H3K4me1,Penelope,0.07044121466070392,0.07139219619872328,-0.006236251002554782,0.14629518109812917
29,Caco-2,H3K4me1,TcMar-Tc1,0.023553591891026897,0.5479628907281723,-0.05327832716814856,0.10010828006266645
30,Caco-2,H3K4me1,Dong-R4,0.01883288677070225,0.6976365718856115,-0.07609812848841785,0.11342555175039797
31,Caco-2,H3K4me1,tRNA-Deu,-0.053645247776657176,0.2738306942789065,-0.14886238642422497,0.04255752466514516
32,Caco-2,H3K4me1,Kolobok,-0.051772909356809574,0.3313950282159318,-0.15523906790139874,0.05281678114532222
33,Caco-2,H3K4me1,PIF-Harbinger,-0.06959069796012667,0.19464140084232356,-0.17342834939686486,0.035777168888380007
34,Caco-2,H3K4me1,Crypton,-0.03378313538156727,0.5714165390960249,-0.14982328989162788,0.08317506603640848
35,Caco-2,H3K4me1,Merlin,-3.5768782923041096e-05,0.9995879045121469,-0.1351036819991401,0.13503344953012705
36,Caco-2,H3K4me1,TcMar,-0.008865165691998148,0.9005995535481324,-0.14708211044130773,0.12969135682533642
37,Caco-2,H3K4me1,L1-Tx1,0.018435179926679156,0.8306879556227291,-0.14975735640886562,0.1855907786061163
38,Caco-2,H3K4me1,Crypton-A,0.04639983558475179,0.5987047066237197,-0.12622122673838587,0.2162934695719784
39,Caco-2,H3K4me1,I-Jockey,-0.043925493466777876,0.650168915767034,-0.23021275072905997,0.14546726659438977
40,Caco-2,H3K4me1,hAT-Tip100?,0.11808608058608058,0.3527198593527465,-0.13239950348440763,0.3543945057239686
41,Caco-2,H3K4me1,TcMar-Pogo,0.41495601173020524,0.01819895682757639,0.06220292516154598,0.6755503770131585
42,Caco-2,H3K4me1,hAT?,-0.08790106951871658,0.6266648621266663,-0.41914792492724295,0.2639978013868008
43,Caco-2,H3K4me1,hAT-hAT19,0.02058823529411765,0.9396737397890448,-0.48006032055761466,0.5111202153779418
44,Caco-2,H3K9me3,Alu,0.0003025945623009105,0.7507680395655124,-0.0015646099359483783,0.0021697969505891698
45,Caco-2,H3K9me3,L1,0.0006060093263459404,0.6601801140200181,-0.0020954956645648825,0.003307505471813738
46,Caco-2,H3K9me3,MIR,-0.00047781850259451914,0.7313079595273692,-0.0032050799110851648,0.0022494500139011147
47,Caco-2,H3K9me3,L2,-0.0020069484747030943,0.23077478949456495,-0.005289337526488147,0.0012754838238642977
48,Caco-2,H3K9me3,ERVL-MaLR,-0.0014972195115414441,0.4556122304795812,-0.005430335138634106,0.0024359424383712637
49,Caco-2,H3K9me3,hAT-Charlie,0.0009646670444890734,0.6510685361695001,-0.0032157473526559597,0.005145047725093493
50,Caco-2,H3K9me3,ERV1,-0.0009239019071735282,0.763603783121059,-0.0069447674388850595,0.005097030609747121
51,Caco-2,H3K9me3,ERVL,-0.0002197776376053736,0.9439542043861029,-0.006347033756365157,0.005907494983540951
52,Caco-2,H3K9me3,TcMar-Tigger,0.0060038614360446475,0.05900481466709359,-0.0002283824510142858,0.012235638950864118
53,Caco-2,H3K9me3,hAT-Tip100,0.002536383306228121,0.5586612211954687,-0.005963872388955798,0.01103627248541978
54,Caco-2,H3K9me3,CR1,0.012446137416848174,0.008383263417625108,0.003192646143486866,0.021697497397656654
55,Caco-2,H3K9me3,Gypsy,-0.01270127306033209,0.11189595226486186,-0.0283551648517256,0.002958846962311482
56,Caco-2,H3K9me3,hAT-Blackjack,-0.001371776085840216,0.8665001822011529,-0.017364017251711564,0.014621166780483657
57,Caco-2,H3K9me3,TcMar-Mariner,0.007801910697094879,0.3427768910519261,-0.00831695969135326,0.023916727704909005
58,Caco-2,H3K9me3,RTE-X,-0.00011141471581761665,0.9913710644144696,-0.020300495390118238,0.020077756783941438
59,Caco-2,H3K9me3,ERVK,0.02738962455791044,0.019989776413752942,0.0043129495746456826,0.05043714277181353
60,Caco-2,H3K9me3,TcMar-Tc2,0.017361215831448035,0.16097435563508303,-0.006915529083257321,0.041617507797899765
61,Caco-2,H3K9me3,SVA,0.011041885793969138,0.4400860007930175,-0.016990718310102047,0.0390571444995636
62,Caco-2,H3K9me3,RTE-BovB,0.003230925038522706,0.8268160320310656,-0.025708797387448353,0.03216523657174581
63,Caco-2,H3K9me3,tRNA-RTE,0.030656494430475037,0.056335593980578406,-0.0008350424313142809,0.06208728636480798
64,Caco-2,H3K9me3,hAT-Ac,0.006902199731211736,0.7038742824647206,-0.02868479208770163,0.04247171694150766
65,Caco-2,H3K9me3,hAT,-0.0024315049229890863,0.8996535749678293,-0.04020647525430338,0.035350405988383155
66,Caco-2,H3K9me3,MULE-MuDR,0.01915310343752697,0.3582343605180719,-0.021712962853173555,0.059955273592497145
67,Caco-2,H3K9me3,PiggyBac,-0.00993256026457599,0.6502703841999389,-0.05282881237676177,0.033000280214394585
68,Caco-2,H3K9me3,5S-Deu-L2,0.019133236269751764,0.406536389557445,-0.026053847843528852,0.06424229148120073
69,Caco-2,H3K9me3,Helitron,-0.0016844930976996088,0.9449466398732833,-0.04946235722362991,0.04610106275479528
70,Caco-2,H3K9me3,hAT-Tag1,-0.02015790945426307,0.4086966465501062,-0.06789335436140158,0.027669616634849334
71,Caco-2,H3K9me3,tRNA,0.019075463839817307,0.4597697039450943,-0.03150558561565867,0.06955905893605711
72,Caco-2,H3K9me3,Penelope,-0.01939269489757941,0.6203070650283699,-0.09586515546239724,0.057307344660200585
73,Caco-2,H3K9me3,TcMar-Tc1,0.01796922924055553,0.6474680929243741,-0.059020516664676136,0.09474647213047488
74,Caco-2,H3K9me3,Dong-R4,0.04622869510078285,0.3400330758551978,-0.04882248268669123,0.14045006479387212
75,Caco-2,H3K9me3,tRNA-Deu,0.03149308412384075,0.5208025486241039,-0.06464093941499273,0.12704793772275527
76,Caco-2,H3K9me3,Kolobok,0.011790586885183247,0.8250444311209355,-0.09256192540830362,0.11588690804926781
77,Caco-2,H3K9me3,PIF-Harbinger,-0.05585571407056258,0.2980891667243778,-0.15997825370249436,0.04949607874927642
78,Caco-2,H3K9me3,Crypton,0.040486022878031505,0.49755356165447595,-0.07652019650623113,0.15639231613090318
79,Caco-2,H3K9me3,Merlin,-0.01610872688069815,0.8160581556151714,-0.15085769320916292,0.11922792470172137
80,Caco-2,H3K9me3,TcMar,-0.019379527068655398,0.7848037915202252,-0.15736497604632022,0.11934814196787809
81,Caco-2,H3K9me3,L1-Tx1,-0.04132747297487189,0.6315840926286481,-0.20767316812734327,0.12734126599885354
82,Caco-2,H3K9me3,Crypton-A,0.008861450422306487,0.9199840262262777,-0.16291497494994825,0.18011647008435175
83,Caco-2,H3K9me3,I-Jockey,-0.1463256417384858,0.1289497275895675,-0.3263774523688727,0.04397284521241316
84,Caco-2,H3K9me3,hAT-Tip100?,-0.027564102564102563,0.8288258270800705,-0.2715777527597377,0.21977935022371692
85,Caco-2,H3K9me3,TcMar-Pogo,0.17045454545454544,0.3509623826639746,-0.1920410665081282,0.49202229339257336
86,Caco-2,H3K9me3,hAT?,-0.08790106951871658,0.6266648621266663,-0.41914792492724295,0.2639978013868008
87,Caco-2,H3K9me3,hAT-hAT19,-0.0823529411764706,0.761733078752474,-0.5560223806309977,0.43169432608080366
88,SJCRH30,H3K27ac,Alu,0.0003614078422677854,0.7042027775057734,-0.0015043630929126228,0.0022271762612567246
89,SJCRH30,H3K27ac,L1,0.0012477081232801644,0.36504539809363457,-0.0014520967892845916,0.003947494846983465
90,SJCRH30,H3K27ac,MIR,0.0003580834273359956,0.7968295522884474,-0.002367973302816173,0.003084134835386039
91,SJCRH30,H3K27ac,L2,0.000501723298030982,0.764423930841743,-0.002779676051236444,0.003783111842638071
92,SJCRH30,H3K27ac,ERVL-MaLR,-0.0031218475375648595,0.11940139759806451,-0.007050835958728095,0.000807237270511038
93,SJCRH30,H3K27ac,hAT-Charlie,0.002898510893477161,0.1738526663621737,-0.0012789122650227634,0.007075832890536748
94,SJCRH30,H3K27ac,ERV1,-0.0018153494234339693,0.5536563727215207,-0.007822440611526312,0.004191872782240305
95,SJCRH30,H3K27ac,ERVL,-0.00767711564312107,0.013973556320293245,-0.013798320118565834,-0.0015553357697772662
96,SJCRH30,H3K27ac,TcMar-Tigger,0.007652714632898715,0.01602429631285307,0.0014247611413912124,0.013880074488347847
97,SJCRH30,H3K27ac,hAT-Tip100,-0.002993652926059645,0.489830182199431,-0.011489658787113579,0.00550278513725611
98,SJCRH30,H3K27ac,CR1,0.00044939943364081603,0.9241449757064915,-0.008801251943385317,0.009699973896981497
99,SJCRH30,H3K27ac,Gypsy,-0.005151376781668504,0.5188291805747001,-0.020798718467224326,0.010498487896561916
100,SJCRH30,H3K27ac,hAT-Blackjack,0.0013053397424045389,0.8727835435607868,-0.014671639720033861,0.017281652819347147
101,SJCRH30,H3K27ac,TcMar-Mariner,-0.0006107956885067854,0.9407495216294224,-0.016715692340976286,0.015494417811655593
102,SJCRH30,H3K27ac,RTE-X,-0.008826344927190104,0.3913621171039432,-0.02900213487438299,0.0113566338884763
103,SJCRH30,H3K27ac,ERVK,0.0031278822063047058,0.7898788425182249,-0.019877050690880544,0.026129504828454
104,SJCRH30,H3K27ac,TcMar-Tc2,0.008581989026918984,0.48787316575784834,-0.015665849334630815,0.03281973915161942
105,SJCRH30,H3K27ac,SVA,0.010191097065027126,0.47675176945111386,-0.017881439598055635,0.03824757870602506
106,SJCRH30,H3K27ac,RTE-BovB,-0.020773070593350006,0.15934206107841162,-0.04967412239653516,0.008162740223545187
107,SJCRH30,H3K27ac,tRNA-RTE,-0.013155355351554831,0.41296588006578727,-0.04462563263192731,0.018341005598672876
108,SJCRH30,H3K27ac,hAT-Ac,-0.0031501694215473803,0.8622111228612884,-0.03870787116337967,0.0324155000187023
109,SJCRH30,H3K27ac,hAT,-0.025093092318000006,0.1928247252155573,-0.06279709464983615,0.012682434658786374
110,SJCRH30,H3K27ac,MULE-MuDR,-0.011258599477936471,0.5888601583432098,-0.05204588211477194,0.02956618201842013
111,SJCRH30,H3K27ac,PiggyBac,-0.03663525627405883,0.09381673295730021,-0.07937085637231812,0.006234761374088695
112,SJCRH30,H3K27ac,5S-Deu-L2,-0.0040710175012007585,0.8597965359776651,-0.04921061862793789,0.04108518007716574
113,SJCRH30,H3K27ac,Helitron,-0.04329158041537519,0.07494543487548777,-0.09076702462460026,0.0043801900822756715
114,SJCRH30,H3K27ac,hAT-Tag1,0.0049204314915370344,0.8400973821444446,-0.04285754899351149,0.05267595790384937
115,SJCRH30,H3K27ac,tRNA,-4.639045539383436e-05,0.998564774336197,-0.05055876724213209,0.05046622306296762
116,SJCRH30,H3K27ac,Penelope,-0.005827513877879901,0.8816642911394257,-0.08239909580358712,0.07081246725528642
117,SJCRH30,H3K27ac,TcMar-Tc1,0.04674222921143686,0.2329445178034226,-0.03013265113373965,0.1230673896106239
118,SJCRH30,H3K27ac,Dong-R4,-0.08320900329696738,0.08554344217327967,-0.176762210472922,0.011834242951269704
119,SJCRH30,H3K27ac,tRNA-Deu,-0.060395954603730026,0.21786480408370043,-0.1554963390394821,0.03581367028477965
120,SJCRH30,H3K27ac,Kolobok,-0.08828302598825417,0.097713877494617,-0.19110314120815516,0.01645346835013101
121,SJCRH30,H3K27ac,PIF-Harbinger,0.03247372059374823,0.5454167478821856,-0.07278202475456416,0.13701406418396045
122,SJCRH30,H3K27ac,Crypton,-0.014199955975921864,0.812009109335525,-0.13058707760950697,0.10257322370244772
123,SJCRH30,H3K27ac,Merlin,-0.09764494501030328,0.15755910669575063,-0.22999071659298947,0.03824686784578256
124,SJCRH30,H3K27ac,TcMar,0.02959528873986835,0.6751021758835714,-0.10858695972911361,0.16665552683795204
125,SJCRH30,H3K27ac,L1-Tx1,-0.10814216559014754,0.20844012980746765,-0.27140147301180073,0.06116623686516183
126,SJCRH30,H3K27ac,Crypton-A,-0.045209411823200985,0.6081273315073519,-0.21515155635635444,0.12739032673931003
127,SJCRH30,H3K27ac,I-Jockey,0.03173941247335743,0.7431903374385203,-0.15734818779928353,0.21858206785432066
128,SJCRH30,H3K27ac,hAT-Tip100?,0.017875874125874127,0.8876054897724309,-0.22703185188133648,0.2606571570097881
129,SJCRH30,H3K27ac,TcMar-Pogo,-0.16129032258064516,0.3778365748637942,-0.48463679586351305,0.20083679512649047
130,SJCRH30,H3K27ac,hAT?,-0.0346829640947288,0.8456053875683757,-0.36861783484389965,0.3071802617139165
131,SJCRH30,H3K27ac,hAT-hAT19,-0.07941176470588236,0.770025319039825,-0.5539290093824006,0.43404767404251515
132,SJCRH30,H3K4me1,Alu,-0.0005716967948143182,0.5484116878215116,-0.0024387598174689974,0.0012953702136337061
133,SJCRH30,H3K4me1,L1,0.0017916254602658378,0.19348220852546272,-0.0009088283279399858,0.004492053117960085
134,SJCRH30,H3K4me1,MIR,-0.0014323887878540868,0.3032344774732356,-0.004159296193389328,0.0012945399204460815
135,SJCRH30,H3K4me1,L2,0.001893463290435355,0.2581323829231795,-0.00138834761824394,0.0051752334132049395
136,SJCRH30,H3K4me1,ERVL-MaLR,-0.0008898264243961391,0.6572910046257217,-0.004820827143665045,0.0030412017956471305
137,SJCRH30,H3K4me1,hAT-Charlie,-0.003920150093932095,0.06598737870347991,-0.008099150816655756,0.0002589875587535987
138,SJCRH30,H3K4me1,ERV1,-0.0010256747978981422,0.7380985396984352,-0.007037691721517101,0.004986416271405852
139,SJCRH30,H3K4me1,ERVL,0.00033482036547125487,0.9146703125312186,-0.00578961380569615,0.006459229419389643
140,SJCRH30,H3K4me1,TcMar-Tigger,-0.0023757521267239617,0.45482511550461835,-0.00860573436620907,0.0038544145378693424
141,SJCRH30,H3K4me1,hAT-Tip100,0.005768362252675199,0.18341624808060794,-0.0027303574454597642,0.014266248727514762
142,SJCRH30,H3K4me1,CR1,0.00182910194458277,0.6984114837012366,-0.007423191653773515,0.011081082392177673
143,SJCRH30,H3K4me1,Gypsy,0.003436860107020241,0.6669257210456343,-0.012214753270678284,0.019086789770101736
144,SJCRH30,H3K4me1,hAT-Blackjack,-0.0033253352640553397,0.6834063426313128,-0.019304737164481854,0.012655765026405376
145,SJCRH30,H3K4me1,TcMar-Mariner,0.002445959467289272,0.7660933183854439,-0.013668369216205048,0.01855901795095158
146,SJCRH30,H3K4me1,RTE-X,-0.02133364401228424,0.038268966431271714,-0.041498634192957136,-0.0011512813138629177
147,SJCRH30,H3K4me1,ERVK,0.00051802253393638,0.9648510395230654,-0.022519038014640162,0.02355453325999
148,SJCRH30,H3K4me1,TcMar-Tc2,-0.00019983927225425605,0.9871241530952328,-0.024466141596231953,0.024066698406096702
149,SJCRH30,H3K4me1,SVA,-0.0015873304676640306,0.9117110862048944,-0.02963834441664403,0.026466181721831645
150,SJCRH30,H3K4me1,RTE-BovB,-0.0045248338055139895,0.7591678975684014,-0.03344209213770205,0.024399994065448526
151,SJCRH30,H3K4me1,tRNA-RTE,0.023163410345433882,0.14935174829616435,-0.008330224653718937,0.054611138478787555
152,SJCRH30,H3K4me1,hAT-Ac,0.013027582027967098,0.4730326779474836,-0.022558043835292536,0.04858023825254359
153,SJCRH30,H3K4me1,hAT,0.011447539703559786,0.5526434228217308,-0.026336676545785816,0.049199093836388486
154,SJCRH30,H3K4me1,MULE-MuDR,0.025579241294899885,0.21919534594139647,-0.015235546491091021,0.06630892889142803
155,SJCRH30,H3K4me1,PiggyBac,-0.033922786336167646,0.12096847288135729,-0.07668991278777436,0.008968936410317846
156,SJCRH30,H3K4me1,5S-Deu-L2,-0.022139649980353792,0.3369557265527068,-0.06725034751696411,0.023061379539052178
157,SJCRH30,H3K4me1,Helitron,-0.043858755301979906,0.07120760910432303,-0.09133115171549044,0.003812534600475132
158,SJCRH30,H3K4me1,hAT-Tag1,-0.020688463276129627,0.3961907723300895,-0.06839358872242983,0.027111053629670843
159,SJCRH30,H3K4me1,tRNA,0.021347968992494304,0.4079048122429222,-0.02921857835339136,0.07180552949390133
160,SJCRH30,H3K4me1,Penelope,0.025790827836753287,0.5106010672786682,-0.05104793535107811,0.10232604403401811
161,SJCRH30,H3K4me1,TcMar-Tc1,0.021047694406202404,0.5913512480148605,-0.055775875857695216,0.09762351498649202
162,SJCRH30,H3K4me1,Dong-R4,-0.016240026286008995,0.7376131593845565,-0.11086237814402863,0.07867410582602741
163,SJCRH30,H3K4me1,tRNA-Deu,-0.06416999832822133,0.19040572576728382,-0.15920229185248153,0.032040573978862584
164,SJCRH30,H3K4me1,Kolobok,-0.0954280190181204,0.0729391043114652,-0.19792528344658084,0.009133499161391046
165,SJCRH30,H3K4me1,PIF-Harbinger,0.02500789555499794,0.6415141568920406,-0.08019906822516722,0.12966381427341217
166,SJCRH30,H3K4me1,Crypton,0.0797797153735956,0.18079978873542793,-0.0373494737921383,0.19474651911331528
167,SJCRH30,H3K4me1,Merlin,-0.1341444330702008,0.05168013661110258,-0.264989272404493,0.0015511825412863297
168,SJCRH30,H3K4me1,TcMar,-0.013966387659735792,0.8428386552814935,-0.1510543575971268,0.1236486471097109
169,SJCRH30,H3K4me1,L1-Tx1,-0.03767544049572595,0.6620428597182308,-0.20415883170740567,0.13092600671708887
170,SJCRH30,H3K4me1,Crypton-A,0.02242587543621057,0.7993040972592713,-0.14969665385743144,0.19322914058471666
171,SJCRH30,H3K4me1,I-Jockey,0.013501992401074973,0.8891766504361683,-0.17505270811959775,0.2011013139839207
172,SJCRH30,H3K4me1,hAT-Tip100?,-0.07259615384615385,0.5654999346562073,-0.3112848685187434,0.17470850062973037
173,SJCRH30,H3K4me1,TcMar-Pogo,-0.1983137829912023,0.27657280263881157,-0.5142523300232227,0.1650176946535175
174,SJCRH30,H3K4me1,hAT?,-0.1281894576012223,0.4699888557779536,-0.4481330481176804,0.2208642404562012
175,SJCRH30,H3K4me1,hAT-hAT19,-0.17058823529411765,0.527609768861268,-0.6167910400470383,0.3585876165402646
176,SJCRH30,H3K9me3,Alu,0.0008077315910744392,0.39642146056225336,-0.0010590960906913234,0.002674553642890663
177,SJCRH30,H3K9me3,L1,-6.234060878992585e-05,0.9639073333306163,-0.0027625105884449682,0.0026378302799059494
178,SJCRH30,H3K9me3,MIR,-0.0007835518342085201,0.5732992537744378,-0.00351034296607628,0.0019432509497429365
179,SJCRH30,H3K9me3,L2,0.001055819975320496,0.5283130227850823,-0.002225854583699694,0.004337471793403166
180,SJCRH30,H3K9me3,ERVL-MaLR,-0.0007358945812863741,0.713666806023733,-0.004666598003398553,0.0031948315807442105
181,SJCRH30,H3K9me3,hAT-Charlie,-0.002176176807924749,0.3073861266853727,-0.006354747405958481,0.0020024697859134396
182,SJCRH30,H3K9me3,ERV1,0.0028841263525861546,0.34701600459678694,-0.0031269811269184883,0.008895025410925787
183,SJCRH30,H3K9me3,ERVL,0.004441520448292012,0.1551759891238295,-0.0016825590910425011,0.010565266846500979
184,SJCRH30,H3K9me3,TcMar-Tigger,-0.004125181931354526,0.19435049780972724,-0.010354759897131117,0.0021047162334920924
185,SJCRH30,H3K9me3,hAT-Tip100,-0.0019372283132854107,0.6550032567602,-0.01043446140967524,0.006560284540641247
186,SJCRH30,H3K9me3,CR1,0.0012498636222708498,0.7911849997078317,-0.008002083514658918,0.010501596790847788
187,SJCRH30,H3K9me3,Gypsy,0.009232254055000153,0.2476687203958116,-0.006420915477098096,0.02488090030344488
188,SJCRH30,H3K9me3,hAT-Blackjack,-0.01059437823486095,0.19371289311671003,-0.026566465659346568,0.0053831170390937775
189,SJCRH30,H3K9me3,TcMar-Mariner,0.00794914111955054,0.3335008595340063,-0.00816156943159838,0.024055725988165695
190,SJCRH30,H3K9me3,RTE-X,-0.023055918028228997,0.025153448290162528,-0.043221187254876954,-0.002871870529779149
191,SJCRH30,H3K9me3,ERVK,-0.013510968937952842,0.25026083907830937,-0.03653107980723789,0.009523473076149131
192,SJCRH30,H3K9me3,TcMar-Tc2,-0.00285626698713918,0.8176059590569298,-0.027124577529217753,0.02141540845088438
193,SJCRH30,H3K9me3,SVA,-0.002060647364838282,0.8854869310240587,-0.03009689881630727,0.025978843941786615
194,SJCRH30,H3K9me3,RTE-BovB,0.03753179156706439,0.010982911200242454,0.00860316939904954,0.06639764352032729
195,SJCRH30,H3K9me3,tRNA-RTE,-0.00944915657155689,0.5565130910880174,-0.04092508412809649,0.022045507004494848
196,SJCRH30,H3K9me3,hAT-Ac,-0.02255709858047168,0.2138863029383535,-0.05807697427200144,0.013019816385339647
197,SJCRH30,H3K9me3,hAT,0.02891246688510259,0.13361334171130396,-0.008876706250606494,0.06661917602854314
198,SJCRH30,H3K9me3,MULE-MuDR,0.009111575666342275,0.6617436546463465,-0.03170211724963843,0.04989493327432833
199,SJCRH30,H3K9me3,PiggyBac,0.0006657091737775344,0.9757239052845093,-0.04219161217418517,0.04352058517754967
200,SJCRH30,H3K9me3,5S-Deu-L2,0.012110268518568524,0.5993625377416438,-0.03306991430362499,0.057241058002290776
201,SJCRH30,H3K9me3,Helitron,-0.051208095874622356,0.03513157543349957,-0.098638925165732,-0.003545126160229356
202,SJCRH30,H3K9me3,hAT-Tag1,-0.007219087167013163,0.7672740591104458,-0.054982554185193266,0.04057734281229136
203,SJCRH30,H3K9me3,tRNA,-0.0008887299759351227,0.9725190756708503,-0.05141570990425236,0.04964278817560903
204,SJCRH30,H3K9me3,Penelope,-0.000799598780645633,0.9837168141953997,-0.07746116773169315,0.07587136980669601
205,SJCRH30,H3K9me3,TcMar-Tc1,0.041999207905503134,0.283873354645678,-0.03487193159097647,0.11837630490881917
206,SJCRH30,H3K9me3,Dong-R4,0.0368214351296805,0.4473755315197637,-0.05820049994086495,0.13118216676579517
207,SJCRH30,H3K9me3,tRNA-Deu,0.02129218216197042,0.6642410102388725,-0.07478645419756128,0.11697914276203489
208,SJCRH30,H3K9me3,Kolobok,-0.021121670966064605,0.6920751409505921,-0.12509292780528258,0.08330845746022772
209,SJCRH30,H3K9me3,PIF-Harbinger,-0.013480491186467904,0.8018571898293274,-0.11829789521194817,0.09163401835093393
210,SJCRH30,H3K9me3,Crypton,-0.03155466354328781,0.5970733697148718,-0.1476376171397223,0.08538584034893204
211,SJCRH30,H3K9me3,Merlin,0.03907228551729053,0.5724807099191207,-0.09655695679533,0.1732769594260506
212,SJCRH30,H3K9me3,TcMar,0.020084400170847488,0.7760883231696472,-0.1179654455232949,0.157372634651784
213,SJCRH30,H3K9me3,L1-Tx1,-0.20999770146858956,0.013779260707481863,-0.36647101643478985,-0.0419726876119742
214,SJCRH30,H3K9me3,Crypton-A,0.03113518649885698,0.7240669076626688,-0.1411852278163859,0.20162439857736217
215,SJCRH30,H3K9me3,I-Jockey,-0.1486701881197294,0.12286591256724545,-0.3285463679540056,0.04161322483967464
216,SJCRH30,H3K9me3,hAT-Tip100?,-0.028758741258741262,0.8201060770252505,-0.2708063762537778,0.21670911882018976
217,SJCRH30,H3K9me3,TcMar-Pogo,-0.3504398826979471,0.049255031524017764,-0.6296940666880646,0.009018527403473113
218,SJCRH30,H3K9me3,hAT?,-0.0294881588999236,0.8685123636941035,-0.36409022822638215,0.31185571556401975
219,SJCRH30,H3K9me3,hAT-hAT19,0.2058823529411765,0.4442846410521438,-0.32788695574892646,0.6400119754516044
220,SJCRH30,H3K36me3,Alu,-0.0008064339419888226,0.39728041636629063,-0.002673650737789218,0.001060788477093724
221,SJCRH30,H3K36me3,L1,0.00040822163562518086,0.7670128801794549,-0.0022922205383055986,0.0031086578557470343
222,SJCRH30,H3K36me3,MIR,0.0002121799683204252,0.8787946352755354,-0.002514846709914661,0.0029392034907323003
223,SJCRH30,H3K36me3,L2,-0.00165024210035897,0.3243555110780785,-0.004932058369299577,0.001631609716327955
224,SJCRH30,H3K36me3,ERVL-MaLR,-0.00040362470940266465,0.8405177057426367,-0.004334848290232272,0.00352761134711992
225,SJCRH30,H3K36me3,hAT-Charlie,-0.002043441158688823,0.3379193219121517,-0.006222794762543298,0.0021359838322423897
226,SJCRH30,H3K36me3,ERV1,-0.001841370735452053,0.5483326136022433,-0.007853658773707238,0.004171050428495192
227,SJCRH30,H3K36me3,ERVL,0.0019337464166841165,0.5360475012076478,-0.004191119810531006,0.008058467561720241
228,SJCRH30,H3K36me3,TcMar-Tigger,0.00599745288215607,0.05919623391915563,-0.00023283856656814502,0.012227278748289473
229,SJCRH30,H3K36me3,hAT-Tip100,0.0035308653738083066,0.4154481109322673,-0.004967266123298597,0.0120284869094026
230,SJCRH30,H3K36me3,CR1,-0.0006308202484270657,0.8936936152207697,-0.009882717559693962,0.00862118505754684
231,SJCRH30,H3K36me3,Gypsy,-0.002701148174080784,0.7352042591866007,-0.018352808093964314,0.012951835291993112
232,SJCRH30,H3K36me3,hAT-Blackjack,-0.0048069015906438434,0.5554990538700111,-0.020785249729002354,0.011173901458649894
233,SJCRH30,H3K36me3,TcMar-Mariner,-0.0016073020251308368,0.8450218194658308,-0.01772170855776201,0.014507939302307387
234,SJCRH30,H3K36me3,RTE-X,0.010907967062396377,0.28948305527338597,-0.009276308051395843,0.03108335711163889
235,SJCRH30,H3K36me3,ERVK,0.004713969907658867,0.6885567529542864,-0.018336087403437232,0.027759019082904655
236,SJCRH30,H3K36me3,TcMar-Tc2,-0.004778531529114888,0.6995734245525764,-0.02904172309373394,0.019490287735567106
237,SJCRH30,H3K36me3,SVA,0.011798430672337303,0.4098319517482829,-0.01626024296715635,0.03983853646754122
238,SJCRH30,H3K36me3,RTE-BovB,-0.01801286130354343,0.22241573281866625,-0.04692169004449349,0.01092611604869415
239,SJCRH30,H3K36me3,tRNA-RTE,0.026733955210525327,0.09608234113318725,-0.004759011442114308,0.05817394336266087
240,SJCRH30,H3K36me3,hAT-Ac,-0.0031649617860927165,0.861548045865302,-0.03871679143876149,0.03239487034432281
241,SJCRH30,H3K36me3,hAT,0.02183402498529359,0.2573543082705575,-0.01595522391468876,0.059560987806471816
242,SJCRH30,H3K36me3,MULE-MuDR,-0.008397972496650703,0.6867709466837285,-0.04918289959022031,0.032414914269305886
243,SJCRH30,H3K36me3,PiggyBac,-0.014369294906394462,0.5115682417953986,-0.057223121109850665,0.028537384296874108
244,SJCRH30,H3K36me3,5S-Deu-L2,-0.0293006087596054,0.20376923347684583,-0.0743842507140599,0.01590256061069682
245,SJCRH30,H3K36me3,Helitron,-0.04821522732348252,0.04737086141851598,-0.095677439638564,-0.0005342802258787891
246,SJCRH30,H3K36me3,hAT-Tag1,-0.009871317938419836,0.6856288713255421,-0.05761293157977685,0.0379153411829851
247,SJCRH30,H3K36me3,tRNA,-0.00461864093620166,0.8579148067880362,-0.05513532147270277,0.04592162405180253
248,SJCRH30,H3K36me3,Penelope,-0.05070138564904372,0.19567704576788933,-0.12698122770563602,0.02617462389745368
249,SJCRH30,H3K36me3,TcMar-Tc1,-0.015524699394033203,0.6918954555212705,-0.09208599658397235,0.06121907571590729
250,SJCRH30,H3K36me3,Dong-R4,0.008434736402155673,0.861871783146287,-0.08642284173372893,0.1031407554361684
251,SJCRH30,H3K36me3,tRNA-Deu,0.05036494581372344,0.30428756032987603,-0.04583211313487287,0.1456364835451278
252,SJCRH30,H3K36me3,Kolobok,-0.03063986490959682,0.5661277133394702,-0.134616414204437,0.07400406593322462
253,SJCRH30,H3K36me3,PIF-Harbinger,-0.07431949138171766,0.16594908997937402,-0.17805229591660293,0.031046954057443208
254,SJCRH30,H3K36me3,Crypton,0.009963529885640775,0.8674685529100541,-0.1067608858275186,0.12641705079710971
255,SJCRH30,H3K36me3,Merlin,-0.05021426139781783,0.46812743780012334,-0.1841173742351,0.08551876136611876
256,SJCRH30,H3K36me3,TcMar,0.10627413809666891,0.13127322071946249,-0.032292950794010525,0.24083290506598926
257,SJCRH30,H3K36me3,L1-Tx1,-0.16638333275597772,0.05199319028154362,-0.32607288249113187,0.002538169266871797
258,SJCRH30,H3K36me3,Crypton-A,0.1753926596839168,0.04509343045592668,0.002659901471178653,0.33796233462077946
259,SJCRH30,H3K36me3,I-Jockey,-0.19177092021128722,0.04575500981211906,-0.3681538983092311,-0.002064244210683555
260,SJCRH30,H3K36me3,hAT-Tip100?,0.005725524475524475,0.9638958130323059,-0.238508572517718,0.24927844576965166
261,SJCRH30,H3K36me3,TcMar-Pogo,-0.022727272727272724,0.9017384625624244,-0.36854153659413247,0.3286124953710824
262,SJCRH30,H3K36me3,hAT?,-0.3207028265851795,0.06442287415248446,-0.6001541703333376,0.028519747228353997
263,SJCRH30,H3K36me3,hAT-hAT19,0.12941176470588234,0.63288233246826,-0.39332360678280714,0.5889186780225588
264,SJCRH30,H3K27me3,Alu,-4.422562397999228e-05,0.9629583547462813,-0.001910671146562339,0.0018222202067328442
265,SJCRH30,H3K27me3,L1,-0.0007085618743817445,0.6070326560385356,-0.0034087620078329965,0.0019916485914779325
266,SJCRH30,H3K27me3,MIR,-0.0004529499923463247,0.7447172198048262,-0.003179385591596381,0.0022734923408849624
267,SJCRH30,H3K27me3,L2,-0.0001551365816352697,0.9261778097721112,-0.0034367915839622408,0.003126521762107412
268,SJCRH30,H3K27me3,ERVL-MaLR,0.0006392429822704934,0.7498956760429081,-0.003291063190716797,0.004569529406184254
269,SJCRH30,H3K27me3,hAT-Charlie,0.0005140846522410089,0.8094457860842602,-0.003664319029730694,0.004692470383418254
270,SJCRH30,H3K27me3,ERV1,0.005941552323128139,0.05271142849546897,-6.962879291838292e-05,0.011952304067038315
271,SJCRH30,H3K27me3,ERVL,-0.0008817112730975823,0.7777716701872375,-0.007004841364321057,0.005241484934402688
272,SJCRH30,H3K27me3,TcMar-Tigger,0.0021741346133941084,0.4939062663047892,-0.004054738427119496,0.008402838949793425
273,SJCRH30,H3K27me3,hAT-Tip100,0.007198858324609264,0.09681667949120613,-0.0012984885062599894,0.01569516564304728
274,SJCRH30,H3K27me3,CR1,-0.0032109358539865835,0.49637706718469865,-0.012462543538261645,0.006041221531030065
275,SJCRH30,H3K27me3,Gypsy,-0.01217888261024148,0.12722961896276888,-0.027825069045826663,0.003473269841591921
276,SJCRH30,H3K27me3,hAT-Blackjack,0.004395532147950041,0.5896906149940433,-0.011579371370715333,0.020368192480296834
277,SJCRH30,H3K27me3,TcMar-Mariner,-0.023811562995270718,0.0037643602212915433,-0.039907946399651006,-0.0077028242692541715
278,SJCRH30,H3K27me3,RTE-X,-0.006987274266101045,0.49747003020534186,-0.027166392225295113,0.013197535967655168
279,SJCRH30,H3K27me3,ERVK,0.004763171073547155,0.6852938173919005,-0.01827257269655703,0.027793860727585558
280,SJCRH30,H3K27me3,TcMar-Tc2,0.0040229253819557415,0.7452373026061186,-0.020241850271560197,0.028282964652823477
281,SJCRH30,H3K27me3,SVA,0.007551085554505552,0.5977875830357435,-0.02050022688338048,0.03559051880955078
282,SJCRH30,H3K27me3,RTE-BovB,-0.004343713256282644,0.7685761456505811,-0.0332674557418256,0.024587298945392952
283,SJCRH30,H3K27me3,tRNA-RTE,-0.007291280217465676,0.6499751513359646,-0.03876613864047397,0.024198032065250036
284,SJCRH30,H3K27me3,hAT-Ac,-0.011954310570228794,0.5100504071376811,-0.047491490494684575,0.02361309333927278
285,SJCRH30,H3K27me3,hAT,-0.003524215499748744,0.8549269353774559,-0.041283417945925396,0.03424503909902803
286,SJCRH30,H3K27me3,MULE-MuDR,0.01765536312924652,0.39654973295038276,-0.02316556269235343,0.05841751539006639
287,SJCRH30,H3K27me3,PiggyBac,-0.005371066840889922,0.8061001863515924,-0.04822663349737571,0.03750423847026791
288,SJCRH30,H3K27me3,5S-Deu-L2,-0.012092018292619766,0.599816025966712,-0.05721089103625779,0.03307614719442003
289,SJCRH30,H3K27me3,Helitron,-0.013338826579802416,0.5834878271263636,-0.060956723559012944,0.0343396487536474
290,SJCRH30,H3K27me3,hAT-Tag1,-0.032674969566972335,0.1801703017963892,-0.08032990413168002,0.01512899747726059
291,SJCRH30,H3K27me3,tRNA,0.00868770927609004,0.7362976965974295,-0.041860898016841834,0.05919195517954638
292,SJCRH30,H3K27me3,Penelope,-0.05751375531680701,0.14177142746845803,-0.1336533732793291,0.019300849272202044
293,SJCRH30,H3K27me3,TcMar-Tc1,0.022440900754522774,0.5670339916121725,-0.05438740022353069,0.09900506074630715
294,SJCRH30,H3K27me3,Dong-R4,0.00237414216866795,0.9609407629229176,-0.09243359757701357,0.09713922088932446
295,SJCRH30,H3K27me3,tRNA-Deu,-0.0579756341316423,0.23690420129442946,-0.15311862184408587,0.038232294093930724
296,SJCRH30,H3K27me3,Kolobok,-0.010168906958675526,0.8487958316074411,-0.11428559509591506,0.09416873960191742
297,SJCRH30,H3K27me3,PIF-Harbinger,-0.06930839878863894,0.1964623204210489,-0.17315219974603524,0.03605943996169944
298,SJCRH30,H3K27me3,Crypton,-0.021081534193559612,0.7240015566761762,-0.13735422797851543,0.09576424059477624
299,SJCRH30,H3K27me3,Merlin,0.04510315780942185,0.514658595035378,-0.09058536892367529,0.1791476406866909
300,SJCRH30,H3K27me3,TcMar,-0.030512468399681882,0.6648490066462804,-0.16721416892338037,0.10734030089514784
301,SJCRH30,H3K27me3,L1-Tx1,-0.005691570106477275,0.9473712532814559,-0.17324301756072788,0.16218006284233774
302,SJCRH30,H3K27me3,Crypton-A,-0.05458333166752037,0.5357786100425886,-0.2241340430036341,0.118174560077095
303,SJCRH30,H3K27me3,I-Jockey,-0.032054489852654994,0.7407309612522945,-0.21888328681782165,0.1570415158176844
304,SJCRH30,H3K27me3,hAT-Tip100?,0.03282342657342657,0.7951984494728037,-0.212843108304111,0.2745867818241352
305,SJCRH30,H3K27me3,TcMar-Pogo,-0.1975806451612903,0.27838847195371524,-0.5136716099503776,0.16573442327187443
306,SJCRH30,H3K27me3,hAT?,0.12971734148204736,0.464668098668259,-0.21941867818380384,0.44940144175412433
307,SJCRH30,H3K27me3,hAT-hAT19,0.22647058823529412,0.3989829266412891,-0.30955764885634146,0.6532735942501562
308,SJCRH30,H3K4me3,Alu,-0.0006508094234993468,0.4945979342943626,-0.0025183550877892233,0.001216740780494434
309,SJCRH30,H3K4me3,L1,-0.0001402494059321105,0.9189239683795498,-0.0028407622127825318,0.0025602654465330587
310,SJCRH30,H3K4me3,MIR,0.00120579677943111,0.38617477263792355,-0.0015213980784044897,0.003932973700910136
311,SJCRH30,H3K4me3,L2,-0.0027866334923447563,0.09607600568410639,-0.006068494123046771,0.0004952871674020318
312,SJCRH30,H3K4me3,ERVL-MaLR,0.0005806439603805189,0.7722290012954645,-0.0033509423119790975,0.004512212282358255
313,SJCRH30,H3K4me3,hAT-Charlie,-0.0002377656827922905,0.9112204164933104,-0.004417249259116586,0.00394172620017033
314,SJCRH30,H3K4me3,ERV1,-0.0006132337274239616,0.8415414212777297,-0.006625070628522494,0.005398647501229188
315,SJCRH30,H3K4me3,ERVL,6.645758771562827e-05,0.9830327515333505,-0.006058236128886063,0.006191146318424159
316,SJCRH30,H3K4me3,TcMar-Tigger,0.0003508375373806127,0.9121214261825523,-0.005879717020724444,0.006581364856708244
317,SJCRH30,H3K4me3,hAT-Tip100,0.0038128342483945282,0.3792107756503099,-0.004685544065749403,0.012310661845882457
318,SJCRH30,H3K4me3,CR1,-0.0019766695306159,0.6754269495197325,-0.011228942713251752,0.007275942089568555
319,SJCRH30,H3K4me3,Gypsy,0.0029266403264064655,0.7140156793070651,-0.012725385232877143,0.01857723203351945
320,SJCRH30,H3K4me3,hAT-Blackjack,0.015042053373833205,0.06505826732096916,-0.0009394598185472791,0.031015884776912164
321,SJCRH30,H3K4me3,TcMar-Mariner,-0.015472213388598442,0.05993446091403038,-0.03158451470724857,0.0006481272295673719
322,SJCRH30,H3K4me3,RTE-X,-0.002055777820749459,0.841779982549502,-0.02223757927081511,0.018127698432989038
323,SJCRH30,H3K4me3,ERVK,0.002340410047421831,0.8421466593453343,-0.02069116463608081,0.02536950202789157
324,SJCRH30,H3K4me3,TcMar-Tc2,-0.014744528947451848,0.23385106629260968,-0.039003890513047965,0.009532203622373194
325,SJCRH30,H3K4me3,SVA,-0.0019016950560900641,0.8943845162706707,-0.029969692346780628,0.02616929892351093
326,SJCRH30,H3K4me3,RTE-BovB,-0.001738504558642852,0.906275211852728,-0.030671073548751933,0.027196975314995177
327,SJCRH30,H3K4me3,tRNA-RTE,0.020055368537250037,0.21197270070172547,-0.011442423793010349,0.0515134008078243
328,SJCRH30,H3K4me3,hAT-Ac,0.0014225152395553032,0.9375407877023364,-0.03414703547619941,0.036988466799777825
329,SJCRH30,H3K4me3,hAT,0.008020561429100759,0.6773855222349058,-0.029760653416001783,0.04577889124884297
330,SJCRH30,H3K4me3,MULE-MuDR,-0.008695213809992013,0.6763687103354735,-0.04948832776474265,0.03212686191077524
331,SJCRH30,H3K4me3,PiggyBac,0.03205872181388804,0.14289011852670092,-0.01084380699001804,0.07484343731819681
332,SJCRH30,H3K4me3,5S-Deu-L2,0.0069442387557912145,0.7631866673159238,-0.038216745991399084,0.05207691414208656
333,SJCRH30,H3K4me3,Helitron,-0.05436752472714245,0.025372133414558,-0.10180726441478379,-0.006681071789854929
334,SJCRH30,H3K4me3,hAT-Tag1,0.022440462479833244,0.35740990295475683,-0.025360348117311693,0.07013889195268513
335,SJCRH30,H3K4me3,tRNA,0.006193393233606656,0.810275056469053,-0.044350248819465345,0.05670540984858448
336,SJCRH30,H3K4me3,Penelope,0.027236180750778563,0.4871899849888378,-0.04960669812010398,0.10375851365587323
337,SJCRH30,H3K4me3,TcMar-Tc1,0.030750857846554513,0.4327566090861946,-0.04610102652810313,0.10724086825384252
338,SJCRH30,H3K4me3,Dong-R4,-0.012181645944113303,0.801591331098484,-0.10684856888471418,0.08270415388333759
339,SJCRH30,H3K4me3,tRNA-Deu,-0.10325347888726803,0.03482871412741111,-0.19746154555356182,-0.007155720185315909
340,SJCRH30,H3K4me3,Kolobok,-0.08278547797813289,0.12053135338931385,-0.18573797778626452,0.02196491283582737
341,SJCRH30,H3K4me3,PIF-Harbinger,0.03928799914470484,0.46440678590314277,-0.06600463328395145,0.14371531923628172
342,SJCRH30,H3K4me3,Crypton,0.06420291430015752,0.28175252795773875,-0.05291008753464842,0.17957378876924768
343,SJCRH30,H3K4me3,Merlin,0.016893723920205606,0.807265530143627,-0.11845467127880561,0.15162580307271553
344,SJCRH30,H3K4me3,TcMar,0.021295137720207007,0.7629801732129314,-0.11677258686254156,0.15855535901226783
345,SJCRH30,H3K4me3,L1-Tx1,0.0005903924710695985,0.9945368873094411,-0.16714165966945416,0.16828923092582224
346,SJCRH30,H3K4me3,Crypton-A,0.07874679873774346,0.3712954005525707,-0.09431500055220515,0.24718887256137245
347,SJCRH30,H3K4me3,I-Jockey,0.020137151329811885,0.8353575738275075,-0.16862196060551352,0.20747154296166928
348,SJCRH30,H3K4me3,hAT-Tip100?,-0.15227272727272728,0.22592693589997243,-0.3832133550633169,0.09658608705075392
349,SJCRH30,H3K4me3,TcMar-Pogo,-0.3024193548387097,0.09250455649815871,-0.5943498721682388,0.05993250618474524
350,SJCRH30,H3K4me3,hAT?,-0.07012987012987013,0.6934966831584615,-0.3992006333957522,0.27494675587656153
351,SJCRH30,H3K4me3,hAT-hAT19,0.1764705882352941,0.5132505967364668,-0.35353200740425916,0.6207039869240245
352,BE2C,H3K4me1,Alu,0.0010097657213066808,0.28965164457258963,-0.0008592788094360115,0.0028788031971841684
353,BE2C,H3K4me1,L1,-0.0001559467061633461,0.9099895382353536,-0.0028595690029089853,0.0025476778703921
354,BE2C,H3K4me1,MIR,0.0013532210151310413,0.33102108004230624,-0.001375281962252405,0.00408170384390027
355,BE2C,H3K4me1,L2,-0.0016746774399669085,0.317426672669109,-0.004957740737001057,0.0016084219586024874
356,BE2C,H3K4me1,ERVL-MaLR,0.0024821724664730272,0.21640745814727413,-0.0014534584531613508,0.0064177264934504276
357,BE2C,H3K4me1,hAT-Charlie,-0.002013550826216758,0.34533381824164533,-0.006195511271958779,0.002168480050144823
358,BE2C,H3K4me1,ERV1,-0.0037206464653970392,0.22636190277882276,-0.009748209891692257,0.0023071873302571246
359,BE2C,H3K4me1,ERVL,0.0007690843960239326,0.8057673528740973,-0.0053611727409237355,0.0068992837290184055
360,BE2C,H3K4me1,TcMar-Tigger,0.0011989300022047557,0.706246401273247,-0.0050357164422780935,0.007433483241171318
361,BE2C,H3K4me1,hAT-Tip100,-0.0020435553801848665,0.6375733907023968,-0.01054533363377978,0.006458518302229255
362,BE2C,H3K4me1,CR1,-0.0015215271258535586,0.7472852367437326,-0.010776119224492245,0.007733325610641339
363,BE2C,H3K4me1,Gypsy,-0.00045692906578567353,0.9544068439363224,-0.016119714196130425,0.015206080258085298
364,BE2C,H3K4me1,hAT-Blackjack,-0.007011941584704037,0.39035124243318675,-0.02300803124025955,0.008987737411999928
365,BE2C,H3K4me1,TcMar-Mariner,-0.005490538581505907,0.5046722998882447,-0.021617781593608894,0.010639561068644896
366,BE2C,H3K4me1,RTE-X,0.006125667449516065,0.5522231511293434,-0.014071818701681695,0.02631815685911136
367,BE2C,H3K4me1,ERVK,0.0009521321639871239,0.9356281587882307,-0.022150670488700695,0.024053918479394146
368,BE2C,H3K4me1,TcMar-Tc2,0.011728136169600643,0.3438226669577107,-0.012555724347940563,0.03599817035918084
369,BE2C,H3K4me1,SVA,-0.01752479374282648,0.22109057449415412,-0.04557122450410343,0.010549242718884229
370,BE2C,H3K4me1,RTE-BovB,0.018019078199084847,0.2223569549938644,-0.010926210239419202,0.0469341944761226
371,BE2C,H3K4me1,tRNA-RTE,0.019123133364677053,0.23411602866623774,-0.01238273446515864,0.050591069032403915
372,BE2C,H3K4me1,hAT-Ac,-0.016402759434678626,0.3662716498409656,-0.05194849888375365,0.01918448934612594
373,BE2C,H3K4me1,hAT,-0.03221541493892176,0.09487872761362798,-0.06993970125135178,0.005600883428964693
374,BE2C,H3K4me1,MULE-MuDR,0.020514784751115563,0.3252939472306279,-0.020369674655284303,0.061330747704775194
375,BE2C,H3K4me1,PiggyBac,0.004589560925879239,0.8341416520592427,-0.03835653257063384,0.04751873106828716
376,BE2C,H3K4me1,5S-Deu-L2,-0.020666304270032364,0.37035545782086976,-0.06580610061626187,0.024557904995000785
377,BE2C,H3K4me1,Helitron,0.04278849660576577,0.07937072999807672,-0.0050396702514276664,0.09042134505696929
378,BE2C,H3K4me1,hAT-Tag1,0.02201206108652245,0.36723552154967243,-0.025845399796141807,0.06976885522943149
379,BE2C,H3K4me1,tRNA,-0.04086674423941529,0.11326482826304748,-0.09126205431608286,0.009737352017018072
380,BE2C,H3K4me1,Penelope,0.052934295874356205,0.17735206347442303,-0.02406010873313282,0.12930443616957232
381,BE2C,H3K4me1,TcMar-Tc1,0.014773924791841222,0.7065167013445868,-0.062084561173955305,0.09145822246902026
382,BE2C,H3K4me1,Dong-R4,0.0005053173690395666,0.9916833890948538,-0.09428601064070118,0.09528756529313118
383,BE2C,H3K4me1,tRNA-Deu,-0.05876603171699093,0.23056184468756127,-0.15389519799906373,0.037442544089061336
384,BE2C,H3K4me1,Kolobok,0.01263719333823928,0.8124452477159464,-0.09157545430798604,0.1165760316336191
385,BE2C,H3K4me1,PIF-Harbinger,-0.006563879185846992,0.9027526816577871,-0.11146828125340477,0.09848519846520712
386,BE2C,H3K4me1,Crypton,0.1054855007041314,0.07645556281032875,-0.011575728815937531,0.21969442849880447
387,BE2C,H3K4me1,Merlin,-0.04509485434195758,0.5147360833907453,-0.17913956270127837,0.09059359580927642
388,BE2C,H3K4me1,TcMar,-0.052189413602627285,0.46185266425025795,-0.18930888080860753,0.08692657091564504
389,BE2C,H3K4me1,L1-Tx1,-0.07883723020796565,0.35980459882400706,-0.24358258492272786,0.09032991591633135
390,BE2C,H3K4me1,Crypton-A,0.0929117738555689,0.2911889403135476,-0.08025793318090897,0.2606372435295579
391,BE2C,H3K4me1,I-Jockey,-0.1402001668056714,0.14593254367535174,-0.32070386512678917,0.050129912594580786
392,BE2C,H3K4me1,hAT-Tip100?,-0.1744431643625192,0.1715051734691134,-0.40631833474197976,0.07854020544992113
393,BE2C,H3K4me1,TcMar-Pogo,0.12903225806451613,0.4815404761070984,-0.23144181043689716,0.45835243915020074
394,BE2C,H3K4me1,hAT?,0.052807486631016046,0.7703916380336323,-0.2960928740269315,0.389274662362147
395,BE2C,H3K4me1,hAT-hAT19,-0.10294117647058824,0.7044103818167706,-0.5705524379735629,0.41507516036700587
396,BE2C,H3K9me3,Alu,-6.807886793451109e-06,0.9943020432095999,-0.0018752395683214243,0.0018616238422676918
397,BE2C,H3K9me3,L1,-0.0007829838143431022,0.5702399271738738,-0.0034862042969696855,0.001920248111492318
398,BE2C,H3K9me3,MIR,-0.00044710729354213746,0.7480567023509872,-0.003175325283525499,0.002281117352253021
399,BE2C,H3K9me3,L2,-0.0006141339120731311,0.7138842777329008,-0.003897081052730786,0.0026688264665965244
400,BE2C,H3K9me3,ERVL-MaLR,-0.002827010262288578,0.15911171529290608,-0.0067620062051403544,0.0011080732311562016
401,BE2C,H3K9me3,hAT-Charlie,-0.0009880273134112135,0.6433078649417553,-0.005169777376334813,0.0031937573051652973
402,BE2C,H3K9me3,ERV1,-0.006535454364837024,0.03351663852721757,-0.012560534520753907,-0.0005098996564972202
403,BE2C,H3K9me3,ERVL,0.0026108593569555464,0.40383896403147646,-0.003519108555768861,0.008740631060675151
404,BE2C,H3K9me3,TcMar-Tigger,0.00038824073562431936,0.9028525645371414,-0.005845907122259635,0.0066223584160083945
405,BE2C,H3K9me3,hAT-Tip100,-0.0016508479880426594,0.7035210493458457,-0.010152503909500826,0.0068510465812529715
406,BE2C,H3K9me3,CR1,0.001666409875718429,0.724151860124633,-0.007588142551818924,0.010920676866118266
407,BE2C,H3K9me3,Gypsy,-0.006166587304563983,0.44034702113545365,-0.02182752759349764,0.009497378580510828
408,BE2C,H3K9me3,hAT-Blackjack,-0.006972243543919413,0.39300845186914357,-0.022967284445502587,0.009026365903247107
409,BE2C,H3K9me3,TcMar-Mariner,0.004519688643303551,0.582813443873393,-0.01160754565187268,0.02064457220242913
410,BE2C,H3K9me3,RTE-X,-0.002015634445383365,0.844894934377082,-0.022206019999657017,0.018176394602826967
411,BE2C,H3K9me3,ERVK,3.950487496918529e-05,0.9973268096998149,-0.023067642491263075,0.023146610054792023
412,BE2C,H3K9me3,TcMar-Tc2,0.010829725662033284,0.3819071692123557,-0.013446522736393022,0.03509321457353416
413,BE2C,H3K9me3,SVA,0.014460999812421195,0.3122988542295635,-0.013592550045092088,0.04249180170805963
414,BE2C,H3K9me3,RTE-BovB,-0.04382421645515715,0.0029841611409560428,-0.0726799843109792,-0.014895141467194358
415,BE2C,H3K9me3,tRNA-RTE,0.005839890501076387,0.716399264899717,-0.025664698057855453,0.037332890289735375
416,BE2C,H3K9me3,hAT-Ac,-0.011318661923857389,0.5330758184544769,-0.046880444550890375,0.02427177551591901
417,BE2C,H3K9me3,hAT,-0.016837040485178992,0.38271069851122685,-0.054597624079656196,0.0209716324715688
418,BE2C,H3K9me3,MULE-MuDR,0.005120947890941732,0.8060588190375095,-0.0357498881062844,0.045974682277170095
419,BE2C,H3K9me3,PiggyBac,-0.03481760857411104,0.11223706434601767,-0.07767332846031419,0.008166543206865315
420,BE2C,H3K9me3,5S-Deu-L2,0.031230263326267584,0.17576767868425433,-0.01399695182642115,0.07632995128238293
421,BE2C,H3K9me3,Helitron,0.003327420415464003,0.8914054513902682,-0.04441903837450782,0.05105871265407858
422,BE2C,H3K9me3,hAT-Tag1,0.028462586045741933,0.2436197950576269,-0.019397959899034624,0.07619298652190536
423,BE2C,H3K9me3,tRNA,-0.04613132154416296,0.0738870453517644,-0.09651259516239635,0.004485737604169661
424,BE2C,H3K9me3,Penelope,-0.06699415215469824,0.08715467310152544,-0.14306866737054189,0.009867351872311324
425,BE2C,H3K9me3,TcMar-Tc1,0.07182284101507641,0.06683325793233662,-0.005087701890257358,0.14788866130593684
426,BE2C,H3K9me3,Dong-R4,-0.01122021900071726,0.8169620155201043,-0.10589736183765464,0.08365852827638266
427,BE2C,H3K9me3,tRNA-Deu,-0.08244797329692273,0.09228371541744353,-0.17712187098282758,0.01373779040306651
428,BE2C,H3K9me3,Kolobok,0.10004864946625755,0.05968139029996786,-0.004343009205028657,0.20228319088458416
429,BE2C,H3K9me3,PIF-Harbinger,0.09022620279753689,0.09238446250654221,-0.015109151120868176,0.19358086508351025
430,BE2C,H3K9me3,Crypton,0.07917057855963966,0.18416290842096078,-0.03795878667867644,0.1941539650548966
431,BE2C,H3K9me3,Merlin,0.022848587548625465,0.7414253445728507,-0.11258488630898342,0.15744859663614663
432,BE2C,H3K9me3,TcMar,-0.05108995021904736,0.47135374653139217,-0.18824195244740105,0.08801661798257625
433,BE2C,H3K9me3,L1-Tx1,-0.2784412239052351,0.0009855689298728437,-0.42890749399891753,-0.11294192979035189
434,BE2C,H3K9me3,Crypton-A,0.08880134203317373,0.3131516506027298,-0.0843424423909407,0.2567398360285191
435,BE2C,H3K9me3,I-Jockey,-0.15468445927161525,0.1082702158849772,-0.3341033428155392,0.0355526989687837
436,BE2C,H3K9me3,hAT-Tip100?,0.12807219662058372,0.3171594033986967,-0.12463488531725858,0.3651757470451937
437,BE2C,H3K9me3,TcMar-Pogo,0.1312316715542522,0.4740356060172297,-0.22937239447638536,0.4601587837224493
438,BE2C,H3K9me3,hAT?,0.047459893048128345,0.7931120453812652,-0.3009325500325473,0.38467565976666535
439,BE2C,H3K9me3,hAT-hAT19,-0.03823529411764706,0.8881976539853073,-0.5241529351784473,0.4664636117667526
440,BE2C,H3K36me3,Alu,-0.0007463001905349813,0.4337423759488218,-0.0026148626653925006,0.001122267495792599
441,BE2C,H3K36me3,L1,-0.0009631517597025926,0.48502398876173913,-0.0036666917328149642,0.001740402293095899
442,BE2C,H3K36me3,MIR,0.0002766867308639405,0.8424336206484936,-0.0024514100389427464,0.003004779382187909
443,BE2C,H3K36me3,L2,-0.006025350215010251,0.00032175532584284366,-0.009308247285472266,-0.002742323259316772
444,BE2C,H3K36me3,ERVL-MaLR,2.9343467878033585e-05,0.9883391159253674,-0.0039057123575037185,0.003964398384512493
445,BE2C,H3K36me3,hAT-Charlie,0.0008913639559514747,0.6761035935466921,-0.003290295810187363,0.005072992549021353
446,BE2C,H3K36me3,ERV1,0.0025325319358853963,0.4101701848022762,-0.0034943232700297227,0.008559203168004301
447,BE2C,H3K36me3,ERVL,0.0006350838408771199,0.8390946779093148,-0.005495049187973849,0.006765169139044941
448,BE2C,H3K36me3,TcMar-Tigger,-0.002465002410185423,0.43836603748834124,-0.008699137816627336,0.0037693246052072932
449,BE2C,H3K36me3,hAT-Tip100,-0.001422937532824702,0.7428857020167954,-0.009924534413060277,0.007078865044541712
450,BE2C,H3K36me3,CR1,0.0031963743405718625,0.49844214923514574,-0.006058154318183312,0.012450355510848079
451,BE2C,H3K36me3,Gypsy,0.007991769258346722,0.3173290698281635,-0.007672841127649696,0.02365245833471926
452,BE2C,H3K36me3,hAT-Blackjack,0.0013840957346394663,0.8653437424049947,-0.014612578088474175,0.017380061225355476
453,BE2C,H3K36me3,TcMar-Mariner,-0.009926541165393854,0.22777327648885431,-0.02605289512196911,0.006204977932328912
454,BE2C,H3K36me3,RTE-X,0.01395383125679516,0.1756500324700081,-0.006242322436116707,0.03413860604116087
455,BE2C,H3K36me3,ERVK,-0.009101857325042833,0.440027688527147,-0.03219627135990935,0.014002270585192225
456,BE2C,H3K36me3,TcMar-Tc2,0.018382156872852464,0.1378937184934199,-0.005903842455392751,0.0426464842768367
457,BE2C,H3K36me3,SVA,0.03020064169708536,0.034831185697705755,0.0021466256199425544,0.058207157449146264
458,BE2C,H3K36me3,RTE-BovB,-0.0224270612846383,0.12875376418287107,-0.0513314737321362,0.006514892769452232
459,BE2C,H3K36me3,tRNA-RTE,0.0015247546101909465,0.9244259201431815,-0.02997223475355189,0.033018718960303756
460,BE2C,H3K36me3,hAT-Ac,-0.01602165696282397,0.37775059767598973,-0.05158577586279699,0.01958304719920804
461,BE2C,H3K36me3,hAT,0.016309781007349432,0.3977030537953018,-0.021491602769944017,0.054064598269553114
462,BE2C,H3K36me3,MULE-MuDR,0.006870455845952372,0.7419136357298954,-0.03401154821333714,0.04772950600485493
463,BE2C,H3K36me3,PiggyBac,0.014374221578559394,0.5119299100092529,-0.028583945430768393,0.05727939059378097
464,BE2C,H3K36me3,5S-Deu-L2,0.0018524397896440552,0.9360082841705272,-0.04334767785335763,0.04704498941744633
465,BE2C,H3K36me3,Helitron,0.01675601859487779,0.49211876017229816,-0.031054006054626822,0.0644895425730788
466,BE2C,H3K36me3,hAT-Tag1,0.019923582209072054,0.41444463135417975,-0.027932239560881943,0.06768828440067816
467,BE2C,H3K36me3,tRNA,-0.01169514063133109,0.6506273391619256,-0.062239779191794464,0.03890933342027235
468,BE2C,H3K36me3,Penelope,-0.0701775057222572,0.07312006531477869,-0.1462083617148723,0.006677553666700274
469,BE2C,H3K36me3,TcMar-Tc1,0.02518845565916507,0.521170204459926,-0.05176676772745741,0.10184630579225849
470,BE2C,H3K36me3,Dong-R4,-0.0015759504135441154,0.9740667871378613,-0.09634842238293359,0.09322483989568141
471,BE2C,H3K36me3,tRNA-Deu,-0.07489290281137899,0.12632608322825667,-0.1697206978315665,0.02130903840265612
472,BE2C,H3K36me3,Kolobok,0.09220371352025099,0.08277246717704677,-0.01222127320553472,0.19463921247659402
473,BE2C,H3K36me3,PIF-Harbinger,-0.0352344653413125,0.5117749601779642,-0.13972988478852288,0.07003710386884601
474,BE2C,H3K36me3,Crypton,-0.008387080634398891,0.8882882314115872,-0.12486452241920518,0.1083183976843358
475,BE2C,H3K36me3,Merlin,-0.11088833688755925,0.10824429090675038,-0.24272002364336923,0.02496476129019266
476,BE2C,H3K36me3,TcMar,0.08366007518423776,0.23769806139323893,-0.055618547427782716,0.2197450055598169
477,BE2C,H3K36me3,L1-Tx1,-0.0943274484805348,0.2729016031314588,-0.2583130742718214,0.07494182054007793
478,BE2C,H3K36me3,Crypton-A,0.04979494550558728,0.5721979111324051,-0.12288495369570841,0.21954831038656084
479,BE2C,H3K36me3,I-Jockey,-0.14232230562505793,0.13986765743748533,-0.322670591194918,0.04799810165093885
480,BE2C,H3K36me3,hAT-Tip100?,0.2079493087557604,0.10195962401925411,-0.044694269358525336,0.4355923968209444
481,BE2C,H3K36me3,TcMar-Pogo,0.2917888563049853,0.10514181582510539,-0.07098224981669359,0.5863876454983312
482,BE2C,H3K36me3,hAT?,0.3482620320855615,0.04701747765093277,-0.005064809595746643,0.6242836937317504
483,BE2C,H3K36me3,hAT-hAT19,-0.05294117647058824,0.8456104411493658,-0.5348883254111099,0.4549988507346061
484,BE2C,H3K27me3,Alu,-0.0009297678375479902,0.32940428746223815,-0.0027981967836461356,0.0009386676002670631
485,BE2C,H3K27me3,L1,0.0007520158182381225,0.5856110635299072,-0.0019514036893407637,0.0034554243336748134
486,BE2C,H3K27me3,MIR,-0.0005894102237688037,0.6719490500366065,-0.00331736258255655,0.0021385509075067016
487,BE2C,H3K27me3,L2,-0.00269704103295754,0.10736191423802278,-0.005979948743152212,0.0005859248133174525
488,BE2C,H3K27me3,ERVL-MaLR,-0.0021886000319287975,0.27566091587503055,-0.006123504283023716,0.0017463719949104106
489,BE2C,H3K27me3,hAT-Charlie,0.0026675105436848694,0.21114394726742616,-0.0015136561196114652,0.006848583940734214
490,BE2C,H3K27me3,ERV1,-0.0004932905856742237,0.8725185979991013,-0.006518582715595284,0.005532037361454613
491,BE2C,H3K27me3,ERVL,0.0024872364615555875,0.42644314216619694,-0.0036424598925991793,0.008616745913499554
492,BE2C,H3K27me3,TcMar-Tigger,-8.449333508865545e-06,0.9978803477397743,-0.006242077969183044,0.006225179958815915
493,BE2C,H3K27me3,hAT-Tip100,0.00178099503775669,0.6813872289494304,-0.006720986078623641,0.010282718687356345
494,BE2C,H3K27me3,CR1,0.007055620824964393,0.13510937280773297,-0.0021991700900555232,0.01630920319350864
495,BE2C,H3K27me3,Gypsy,0.002993547447550836,0.7079793451715266,-0.012669981382595364,0.018655607491681235
496,BE2C,H3K27me3,hAT-Blackjack,-0.0023977950887171654,0.7689396774897389,-0.018393987960234698,0.013599624970912279
497,BE2C,H3K27me3,TcMar-Mariner,-0.0012047902104394695,0.8836070669038953,-0.01733294905112859,0.01492399542957162
498,BE2C,H3K27me3,RTE-X,0.012113462193319623,0.23968807090409197,-0.00808052354289849,0.03229757164365172
499,BE2C,H3K27me3,ERVK,0.021004903082053435,0.07477519362833696,-0.00210257997200936,0.04408996662950024
500,BE2C,H3K27me3,TcMar-Tc2,-0.009321402768105952,0.45162058202520605,-0.03358261352520768,0.014950787182490603
501,BE2C,H3K27me3,SVA,0.012316837912391645,0.3896139425570506,-0.01574485616286203,0.040359144446641716
502,BE2C,H3K27me3,RTE-BovB,-0.019094238738865236,0.19592445003894715,-0.048004440733207955,0.00984792812097739
503,BE2C,H3K27me3,tRNA-RTE,0.008839159375351412,0.5823712312192169,-0.02266329656736682,0.0403240796666298
504,BE2C,H3K27me3,hAT-Ac,-0.010334824966754662,0.5693283575979315,-0.0459042795954357,0.025260802653865946
505,BE2C,H3K27me3,hAT,-0.0017536402527040813,0.9275500968591743,-0.039536677278515904,0.036034404298029905
506,BE2C,H3K27me3,MULE-MuDR,-0.004156233641862271,0.8421257710879232,-0.04502962017492345,0.03673104493931417
507,BE2C,H3K27me3,PiggyBac,-0.0024419889656308283,0.9113319778636781,-0.04539622237466193,0.0405212576504523
508,BE2C,H3K27me3,5S-Deu-L2,-0.03508615552763812,0.1283211159645408,-0.08018129701194956,0.010152316392990936
509,BE2C,H3K27me3,Helitron,0.02274462436338231,0.351215578959546,-0.025084837433269176,0.07047019463741504
510,BE2C,H3K27me3,hAT-Tag1,0.01601656211904342,0.5118002214569086,-0.03183535295917523,0.06379522106232033
511,BE2C,H3K27me3,tRNA,-0.01801881105448967,0.485298589413131,-0.0685401681615545,0.03259472650946944
512,BE2C,H3K27me3,Penelope,-0.03840689111548371,0.32712280057631526,-0.11482161680279403,0.03845968514948809
513,BE2C,H3K27me3,TcMar-Tc1,0.03967437784373436,0.31177170483722705,-0.03725312360503435,0.11613442360952686
514,BE2C,H3K27me3,Dong-R4,-0.04440655265691913,0.3594281160803312,-0.13865588499837872,0.05063994557485829
515,BE2C,H3K27me3,tRNA-Deu,0.03829226143998497,0.43490298793860893,-0.05787038372534369,0.1337508626881056
516,BE2C,H3K27me3,Kolobok,0.0652761167333968,0.21987240658832075,-0.03918850697367637,0.1683292779574677
517,BE2C,H3K27me3,PIF-Harbinger,-0.040579376704675464,0.449842912751924,-0.14498446738188336,0.06471942311313032
518,BE2C,H3K27me3,Crypton,-0.0022999481267488653,0.9692731482181525,-0.11886574358003983,0.11432838266801532
519,BE2C,H3K27me3,Merlin,-0.07547085451108375,0.2751310540238195,-0.20859986356332377,0.06040416592024671
520,BE2C,H3K27me3,TcMar,0.08714688143901846,0.21863853890038398,-0.05213695943779736,0.2231049057107473
521,BE2C,H3K27me3,L1-Tx1,-0.1531706759528312,0.07394557123944966,-0.31374234647547505,0.015918261676409213
522,BE2C,H3K27me3,Crypton-A,0.10258730330763549,0.24361802342186673,-0.07062592073045597,0.26979493894793505
523,BE2C,H3K27me3,I-Jockey,-0.24639977759243817,0.009800724813106912,-0.4176256603441981,-0.058273758605794444
524,BE2C,H3K27me3,hAT-Tip100?,0.05126728110599079,0.6898670957889954,-0.19918544390815623,0.29543328476645886
525,BE2C,H3K27me3,TcMar-Pogo,0.2525659824046921,0.1631317546717163,-0.11110247315508864,0.5565813938223737
526,BE2C,H3K27me3,hAT?,0.3145053475935829,0.07465523191796591,-0.04102028994684302,0.5993411325769934
527,BE2C,H3K27me3,hAT-hAT19,0.1323529411764706,0.6251064291516133,-0.3908794033064706,0.5909376256019753
528,SJSA1,H3K27ac,Alu,0.0012875915253531614,0.17568484169827878,-0.0005760226213404008,0.0031511967283155266
529,SJSA1,H3K27ac,L1,0.0004105862822614543,0.7652846910050912,-0.0022849021380284516,0.0031060687362046927
530,SJSA1,H3K27ac,MIR,-0.002413244470509636,0.08277733035643749,-0.0051396883020235935,0.0003132352393714719
531,SJSA1,H3K27ac,L2,0.001383260776773518,0.40853552605628196,-0.0018971143097560763,0.0046636060933632345
532,SJSA1,H3K27ac,ERVL-MaLR,0.0006887841847920864,0.7309440666394453,-0.0032370889925809427,0.00461463613052464
533,SJSA1,H3K27ac,hAT-Charlie,-0.0025870014404393462,0.22467754091206135,-0.006762921214743569,0.0015890085622635127
534,SJSA1,H3K27ac,ERV1,-0.0037896229918606837,0.2147050257067087,-0.009775795272406325,0.0021968209015692784
535,SJSA1,H3K27ac,ERVL,0.002244977656370737,0.4720618964516209,-0.0038736534143094035,0.008363440637463181
536,SJSA1,H3K27ac,TcMar-Tigger,-0.003495236248381375,0.27108024455258317,-0.009719486928896605,0.0027292852671946255
537,SJSA1,H3K27ac,hAT-Tip100,0.0037154754120067236,0.39144369728159256,-0.004781862199713871,0.012212276500278193
538,SJSA1,H3K27ac,CR1,0.0036656850976445254,0.4371215977905568,-0.005580207678256563,0.012910951174183581
539,SJSA1,H3K27ac,Gypsy,-0.01097867797184537,0.1690676602391748,-0.02662099749438558,0.004669016617982238
540,SJSA1,H3K27ac,hAT-Blackjack,-0.011795923958958914,0.14761787964736225,-0.027757312625191023,0.004171478207481833
541,SJSA1,H3K27ac,TcMar-Mariner,-0.0031308114884736346,0.7030961891262288,-0.01922842090840145,0.01296842070426016
542,SJSA1,H3K27ac,RTE-X,-0.0011130063615271322,0.9139055975200109,-0.02128775106804638,0.01906264441922536
543,SJSA1,H3K27ac,ERVK,0.010036676494550317,0.3884099119023996,-0.012771656405550948,0.0328345705617201
544,SJSA1,H3K27ac,TcMar-Tc2,-0.003207429064568021,0.7955438442857702,-0.027462481297785037,0.021051397704296405
545,SJSA1,H3K27ac,SVA,0.029117665103986827,0.04095684605890969,0.0011916483068065817,0.05699830168184821
546,SJSA1,H3K27ac,RTE-BovB,0.0006964739124018897,0.9623549109712279,-0.028219289282948198,0.029611072480664757
547,SJSA1,H3K27ac,tRNA-RTE,0.020896795953081023,0.19347437644786716,-0.010605085138347,0.052357238861371114
548,SJSA1,H3K27ac,hAT-Ac,-0.017084723870422886,0.3460453069298812,-0.052582275671599926,0.018455948927386563
549,SJSA1,H3K27ac,hAT,-0.003538588729626585,0.8543953892945237,-0.04131179205193715,0.0342447152415158
550,SJSA1,H3K27ac,MULE-MuDR,0.006938836050555243,0.7390555673088428,-0.03388115372484222,0.04773571383538436
551,SJSA1,H3K27ac,PiggyBac,-0.0071673701632530675,0.7428343285532167,-0.04994737355424766,0.035638885094569556
552,SJSA1,H3K27ac,5S-Deu-L2,-0.006054804021152124,0.7927226781050613,-0.051177716061147314,0.039092778500469286
553,SJSA1,H3K27ac,Helitron,-0.029239045305599117,0.22891761440113342,-0.07675465705620624,0.018409075859803715
554,SJSA1,H3K27ac,hAT-Tag1,0.020347206385966942,0.40389001533686264,-0.02743782958756041,0.06803946235091854
555,SJSA1,H3K27ac,tRNA,-0.02386541300201402,0.3548591803980957,-0.07431224792693762,0.026703254044182962
556,SJSA1,H3K27ac,Penelope,0.04360396598239845,0.2640318784574789,-0.03297493091160144,0.11967387841645122
557,SJSA1,H3K27ac,TcMar-Tc1,0.011740092637290053,0.7646041397732195,-0.06504615876491707,0.08838813199258139
558,SJSA1,H3K27ac,Dong-R4,-0.06492895806404217,0.1800024596272737,-0.158836443262933,0.030142800392491724
559,SJSA1,H3K27ac,tRNA-Deu,0.022916765079574533,0.6403620311583855,-0.07317169047140165,0.11858367517634961
560,SJSA1,H3K27ac,Kolobok,0.045269147810016404,0.395793989101793,-0.059298959420606485,0.14885455482910698
561,SJSA1,H3K27ac,PIF-Harbinger,-0.11661468245069558,0.02939390862649692,-0.21925522391290003,-0.0114212198217279
562,SJSA1,H3K27ac,Crypton,0.022783199313120124,0.7027388491081589,-0.0940792619443712,0.13902634417937715
563,SJSA1,H3K27ac,Merlin,0.1088775215275642,0.11396714084580169,-0.026657585235757966,0.24048193199593973
564,SJSA1,H3K27ac,TcMar,-0.10304359193415986,0.1434738552895877,-0.23773157098119022,0.03553217994485809
565,SJSA1,H3K27ac,L1-Tx1,-0.11281163331587982,0.18934412772735723,-0.27581503222632103,0.05649882366113818
566,SJSA1,H3K27ac,Crypton-A,-0.05288577670710262,0.5485568129817144,-0.2225089771597764,0.1198451344393497
567,SJSA1,H3K27ac,I-Jockey,0.07555370215920675,0.43490439186947705,-0.11443851972705546,0.2602140315304051
568,SJSA1,H3K27ac,hAT-Tip100?,-0.012774725274725273,0.92019537687498,-0.25778411570138493,0.23377830334797006
569,SJSA1,H3K27ac,TcMar-Pogo,-0.15799120234604103,0.3877978947346399,-0.481969175000561,0.20399215158130607
570,SJSA1,H3K27ac,hAT?,0.08846447669977081,0.6188258622943947,-0.2580439064718068,0.4148077994497313
571,SJSA1,H3K27ac,hAT-hAT19,-0.05294117647058824,0.8456104411493658,-0.5348883254111099,0.4549988507346061
572,SJSA1,H3K9me3,Alu,-0.0003483249421650227,0.7139818787421225,-0.0022110204954884512,0.0015143730282824648
573,SJSA1,H3K9me3,L1,0.0011163736520315413,0.41688699309045374,-0.001578824618673623,0.003811555703928426
574,SJSA1,H3K9me3,MIR,-0.0002964190096212701,0.8312306193853827,-0.0030223918579864394,0.0024295582440880246
575,SJSA1,H3K9me3,L2,-0.0014789057985092995,0.37689080488492166,-0.004759175903347727,0.0018013961332689484
576,SJSA1,H3K9me3,ERVL-MaLR,-0.002350162172876521,0.24057603012970094,-0.006275146996947719,0.0015748950638048449
577,SJSA1,H3K9me3,hAT-Charlie,0.0014889373220820055,0.48457001346737827,-0.0026861484044946,0.005663971140841043
578,SJSA1,H3K9me3,ERV1,-0.0011895814174173445,0.6968448823025606,-0.007174174536425178,0.004795096913485405
579,SJSA1,H3K9me3,ERVL,-0.0017758654853762732,0.5693769791199712,-0.007893162491814005,0.0043415644348391205
580,SJSA1,H3K9me3,TcMar-Tigger,6.987069189925941e-05,0.9824453847580166,-0.006153884679431832,0.006293620650334236
581,SJSA1,H3K9me3,hAT-Tip100,-0.0009081073439783898,0.8340606745595439,-0.009403756863280112,0.0075876732646757965
582,SJSA1,H3K9me3,CR1,0.000746371248002021,0.8742951062987812,-0.008500081471055467,0.009992696343912118
583,SJSA1,H3K9me3,Gypsy,-0.005464869370307476,0.4936454338341504,-0.021109602315230378,0.010182539249421193
584,SJSA1,H3K9me3,hAT-Blackjack,-0.014120620930625966,0.08298568849276855,-0.030078578526908862,0.001844533157124919
585,SJSA1,H3K9me3,TcMar-Mariner,0.011896685377563974,0.14742431601608513,-0.004199427274864732,0.027986635016335085
586,SJSA1,H3K9me3,RTE-X,-0.0031415531068614473,0.760244118600275,-0.02331534158680031,0.017034792831995903
587,SJSA1,H3K9me3,ERVK,0.008765952581889695,0.4510245744368385,-0.014029784434804092,0.03155258216072639
588,SJSA1,H3K9me3,TcMar-Tc2,-0.0019047602595957354,0.8776675386380586,-0.026153273103273623,0.022345992760545674
589,SJSA1,H3K9me3,SVA,-0.007315928481762523,0.6075253702707523,-0.03522168497782945,0.020601227563223648
590,SJSA1,H3K9me3,RTE-BovB,-0.004126736437099473,0.7797603435574241,-0.033041254962910466,0.02479468416429307
591,SJSA1,H3K9me3,tRNA-RTE,-0.023006768287184023,0.152229025964034,-0.05446293392431087,0.008495017478914298
592,SJSA1,H3K9me3,hAT-Ac,-0.013156959016893737,0.4681357061355246,-0.04866845928528475,0.02238776164932232
593,SJSA1,H3K9me3,hAT,0.020370819105040485,0.2906281409700651,-0.01741809087555333,0.05810161531173315
594,SJSA1,H3K9me3,MULE-MuDR,0.007799816821019543,0.7081392658533103,-0.033030073650304935,0.04860371642896538
595,SJSA1,H3K9me3,PiggyBac,-0.0060556079375792,0.7815189447106917,-0.0488177417109367,0.03672868469483408
596,SJSA1,H3K9me3,5S-Deu-L2,0.001672854391645838,0.9421238089456465,-0.04346694473272141,0.046805837305235715
597,SJSA1,H3K9me3,Helitron,-0.0016982711983727112,0.94431599979885,-0.04932069906280543,0.04593186093813644
598,SJSA1,H3K9me3,hAT-Tag1,-0.0009287565431267444,0.969611130180914,-0.048680046265567746,0.04682676903340398
599,SJSA1,H3K9me3,tRNA,-0.011015278660646936,0.6693878918465788,-0.061511849505853006,0.03953753737900528
600,SJSA1,H3K9me3,Penelope,0.036782436328082216,0.3457994907636388,-0.03972965437389059,0.11286570440472835
601,SJSA1,H3K9me3,TcMar-Tc1,-0.0036477866507614552,0.9258175659896126,-0.08029189128761345,0.07303919905739967
602,SJSA1,H3K9me3,Dong-R4,-0.03274009625216284,0.499337418797937,-0.12715743069383878,0.0622652356336707
603,SJSA1,H3K9me3,tRNA-Deu,-0.08576549073705873,0.07986720444660964,-0.18036924440240393,0.010410521836084964
604,SJSA1,H3K9me3,Kolobok,0.13496792989344925,0.011019915081537265,0.030696414832782824,0.23633341185080375
605,SJSA1,H3K9me3,PIF-Harbinger,-0.01580847130414148,0.768539751981571,-0.12059492358881521,0.08932638268480442
606,SJSA1,H3K9me3,Crypton,-0.012606564197042786,0.8327741353784706,-0.12901902153624778,0.10414863840414999
607,SJSA1,H3K9me3,Merlin,0.04180476165653923,0.5449448005902306,-0.09352945884036334,0.17562215673326048
608,SJSA1,H3K9me3,TcMar,0.030735806211557616,0.6625460196986749,-0.10711979106439629,0.1674319171501589
609,SJSA1,H3K9me3,L1-Tx1,0.04378938624356132,0.6113907694137946,-0.1249228489268905,0.2100404412482995
610,SJSA1,H3K9me3,Crypton-A,-7.20660124705648e-05,0.9993481859555404,-0.1715954399142256,0.1714555483969119
611,SJSA1,H3K9me3,I-Jockey,0.0765916041145399,0.4286029182726747,-0.11341553325559485,0.2611940160114169
612,SJSA1,H3K9me3,hAT-Tip100?,-0.003113553113553113,0.9805195505129027,-0.2487330411509231,0.24288218872473902
613,SJSA1,H3K9me3,TcMar-Pogo,0.04508797653958944,0.8064309333944821,-0.30862282441431566,0.3878438928262196
614,SJSA1,H3K9me3,hAT?,0.0004583651642475172,0.9979472605715493,-0.33775970277231787,0.3385715994608982
615,SJSA1,H3K9me3,hAT-hAT19,0.17941176470588235,0.5061395399904385,-0.35099518391573875,0.622654032375277
616,SJSA1,H3K36me3,Alu,-0.00012145778912072787,0.8983223225073398,-0.001984431937163594,0.0017415172020029924
617,SJSA1,H3K36me3,L1,-0.0001950503698154597,0.8872139774560956,-0.00289045818433211,0.0025003602788732566
618,SJSA1,H3K36me3,MIR,-7.500602293647377e-05,0.9569920292742258,-0.0028009938676889557,0.002650982936557443
619,SJSA1,H3K36me3,L2,-0.0031903820818961134,0.056620097422990685,-0.006470632486967667,8.993698260635719e-05
620,SJSA1,H3K36me3,ERVL-MaLR,-0.001681027730032304,0.4012373083765266,-0.005606046544086763,0.002244042879914219
621,SJSA1,H3K36me3,hAT-Charlie,-0.001290711598814719,0.5445645017890424,-0.005465684293139696,0.0028843060913013095
622,SJSA1,H3K36me3,ERV1,-0.0014892086513172019,0.6257553729364596,-0.007473787436433309,0.004495476808498358
623,SJSA1,H3K36me3,ERVL,-0.0006464559186382094,0.8359218168534803,-0.006763956729761975,0.005471093278583408
624,SJSA1,H3K36me3,TcMar-Tigger,0.007953622257811177,0.012251870541713578,0.0017300136704536397,0.014176614727053775
625,SJSA1,H3K36me3,hAT-Tip100,0.005350699012185805,0.21702662875397177,-0.0031446664119283902,0.013845292151302072
626,SJSA1,H3K36me3,CR1,-0.001939220841980549,0.6810031524785194,-0.011184393010641593,0.0073062828426687385
627,SJSA1,H3K36me3,Gypsy,-0.011300247171938883,0.15689887254749357,-0.026941407349856557,0.004346444785927431
628,SJSA1,H3K36me3,hAT-Blackjack,0.0085512384190643,0.2937524451381738,-0.007412419422433461,0.024510538764252087
629,SJSA1,H3K36me3,TcMar-Mariner,-0.002653581747053411,0.7466107216280781,-0.01874809119991622,0.013442302564651717
630,SJSA1,H3K36me3,RTE-X,0.008623358216987365,0.4022225692468563,-0.011554243449253333,0.028793940051701515
631,SJSA1,H3K36me3,ERVK,-0.007418828837766803,0.5236660699006948,-0.03021269551297424,0.015382749928928373
632,SJSA1,H3K36me3,TcMar-Tc2,-0.021530808215196363,0.08188143938721068,-0.045763129555797866,0.0027268373040223812
633,SJSA1,H3K36me3,SVA,0.002505857982937424,0.8603570150654231,-0.025408538806774697,0.030416350097411084
634,SJSA1,H3K36me3,RTE-BovB,-0.011622461822729748,0.430947285114363,-0.04052815436183537,0.017302668444150838
635,SJSA1,H3K36me3,tRNA-RTE,-0.013219442795162663,0.4105121288977335,-0.04467744542785047,0.018264750275321158
636,SJSA1,H3K36me3,hAT-Ac,-0.016925780858979087,0.3505514279650128,-0.052423677050484375,0.018614835280227393
637,SJSA1,H3K36me3,hAT,0.03016903166493171,0.11753019710865688,-0.007619830698569866,0.06787184926335757
638,SJSA1,H3K36me3,MULE-MuDR,-0.005814586277518145,0.780328912026834,-0.04664918867338729,0.035039417222684624
639,SJSA1,H3K36me3,PiggyBac,0.0072992314359254015,0.7382147587341803,-0.03549700079469994,0.05006874159756743
640,SJSA1,H3K36me3,5S-Deu-L2,-0.027984365567474676,0.22446525951075166,-0.07303740236547615,0.017182651895023972
641,SJSA1,H3K36me3,Helitron,0.01464173986477785,0.5470306559201561,-0.03301021185415286,0.062227275776654156
642,SJSA1,H3K36me3,hAT-Tag1,0.009142314613899779,0.7076530710561981,-0.03862898503051425,0.056871919893851694
643,SJSA1,H3K36me3,tRNA,-0.023056833576682666,0.37140214366921864,-0.0735071656128377,0.027511205038657116
644,SJSA1,H3K36me3,Penelope,0.02383671005704376,0.5416155652945751,-0.05270290399300411,0.10009789607104218
645,SJSA1,H3K36me3,TcMar-Tc1,-0.06987526735213688,0.07414549806534391,-0.14585243746891113,0.006921318241927192
646,SJSA1,H3K36me3,Dong-R4,-0.0989557271809123,0.0407318147612406,-0.1921660576672781,-0.003975940395604971
647,SJSA1,H3K36me3,tRNA-Deu,0.01418041126800148,0.7725312159508846,-0.08185079645264114,0.10995073375316591
648,SJSA1,H3K36me3,Kolobok,0.11522901495145903,0.030190811516162822,0.01078086574972121,0.21718984773969013
649,SJSA1,H3K36me3,PIF-Harbinger,-0.1838343496694968,0.0005575861167502661,-0.28416128313917344,-0.07952517600317228
650,SJSA1,H3K36me3,Crypton,-0.03834676403684164,0.5205657134841647,-0.15429661595469468,0.07864498112841216
651,SJSA1,H3K36me3,Merlin,-0.1339836786070687,0.05140413845756679,-0.26453164980006744,0.001386456878258134
652,SJSA1,H3K36me3,TcMar,-0.006251293312466165,0.9294649150269054,-0.143838626446453,0.13157313432975656
653,SJSA1,H3K36me3,L1-Tx1,0.03298263709920041,0.7020024596649834,-0.1355274938674682,0.19963823745205522
654,SJSA1,H3K36me3,Crypton-A,0.1426560062412695,0.10406700997182323,-0.03047197534394494,0.30747361850635774
655,SJSA1,H3K36me3,I-Jockey,0.12918172551200077,0.18064723677190225,-0.06117700310716012,0.31047291982916225
656,SJSA1,H3K36me3,hAT-Tip100?,0.05283882783882783,0.6783840651442582,-0.19567818745470034,0.2949787906443842
657,SJSA1,H3K36me3,TcMar-Pogo,-0.26466275659824046,0.14323710465673492,-0.5658456185932378,0.0988352877062313
658,SJSA1,H3K36me3,hAT?,-0.05118411000763942,0.7737470222902796,-0.3829220291156634,0.2922471707259481
659,SJSA1,H3K36me3,hAT-hAT19,0.13823529411764704,0.6096659407501825,-0.38597426239896654,0.5949625271849802
660,SJSA1,H3K27me3,Alu,0.0008736446888618548,0.3580769710612205,-0.0009895178842263175,0.002736801196468876
661,SJSA1,H3K27me3,L1,0.0010908571227420069,0.42763420352002757,-0.0016044481101718819,0.0037861465062955565
662,SJSA1,H3K27me3,MIR,1.5898461120818483e-05,0.9908802689962638,-0.0027102588288320214,0.002742055514761065
663,SJSA1,H3K27me3,L2,0.0015554738337022302,0.35267959342084176,-0.0017247732207512625,0.004835687414554904
664,SJSA1,H3K27me3,ERVL-MaLR,0.0033809621887810394,0.09138508544747788,-0.0005444241484036015,0.007306244335360783
665,SJSA1,H3K27me3,hAT-Charlie,0.006295147086697606,0.003127107612663608,0.0021196968214576436,0.01047037785074335
666,SJSA1,H3K27me3,ERV1,-0.0006619254909350214,0.8284003838127021,-0.00664721157575009,0.005323408019450197
667,SJSA1,H3K27me3,ERVL,-0.0014562678564147636,0.6408246861339819,-0.007573939148178241,0.004661512441798415
668,SJSA1,H3K27me3,TcMar-Tigger,0.002487058023617301,0.43351348345871066,-0.0037368876494993574,0.00871081101668816
669,SJSA1,H3K27me3,hAT-Tip100,-0.004667082395622407,0.28160895503057276,-0.01316208767557982,0.0038285965534992634
670,SJSA1,H3K27me3,CR1,-0.0003694032359569592,0.9375783414811814,-0.009614220461847038,0.008875477133683874
671,SJSA1,H3K27me3,Gypsy,0.009698869280257963,0.22439443878944332,-0.005948323877817503,0.025341314194259574
672,SJSA1,H3K27me3,hAT-Blackjack,-0.01963123044601591,0.015943748713241154,-0.03558608661161581,-0.0036663696062184782
673,SJSA1,H3K27me3,TcMar-Mariner,-0.0011702423422875559,0.8867091338940001,-0.01726791865656366,0.014928040497597238
674,SJSA1,H3K27me3,RTE-X,0.004044356934392,0.694425625461077,-0.016132258352898443,0.02421767982367868
675,SJSA1,H3K27me3,ERVK,-0.0011658835479425407,0.9201788881546923,-0.02396546011703374,0.021634905188023874
676,SJSA1,H3K27me3,TcMar-Tc2,0.003166642453431427,0.7980720600420704,-0.021090307215567896,0.027419866155122482
677,SJSA1,H3K27me3,SVA,0.0011433810093486646,0.9360426508154681,-0.026778554374445297,0.029063533666133394
678,SJSA1,H3K27me3,RTE-BovB,0.03695651981478633,0.012233901369417027,0.008040057210598061,0.06581122680365784
679,SJSA1,H3K27me3,tRNA-RTE,-0.016718835036520396,0.2981811857428888,-0.048187127801685305,0.014782613652042332
680,SJSA1,H3K27me3,hAT-Ac,-0.02587864136780623,0.15338528478433988,-0.06134922382161782,0.009657223713602801
681,SJSA1,H3K27me3,hAT,0.009027801002162342,0.6395830434675613,-0.02875436499843542,0.04678420824685388
682,SJSA1,H3K27me3,MULE-MuDR,-0.006974392412140296,0.7378222933206646,-0.047780039868125776,0.03385449553621672
683,SJSA1,H3K27me3,PiggyBac,-0.004541480824075894,0.8352336865926991,-0.04730689851207598,0.03824055531742512
684,SJSA1,H3K27me3,5S-Deu-L2,0.011949485585500443,0.6040271972151621,-0.03320651983028505,0.057056805038953926
685,SJSA1,H3K27me3,Helitron,-0.020358587708273444,0.40237241159025383,-0.06792403134439344,0.027299194480513257
686,SJSA1,H3K27me3,hAT-Tag1,-0.03130407482010915,0.1990179949884931,-0.07895114186240906,0.016485693466222646
687,SJSA1,H3K27me3,tRNA,0.022339634262814424,0.3864687091861527,-0.028227805443698194,0.07279302688490467
688,SJSA1,H3K27me3,Penelope,0.046262447203933924,0.23562882480494626,-0.030259935955093076,0.12224569796060879
689,SJSA1,H3K27me3,TcMar-Tc1,-0.043677455572216944,0.2646886381201274,-0.11997822450577124,0.033136274422467527
690,SJSA1,H3K27me3,Dong-R4,0.025597389706359584,0.5974294086924039,-0.06937319570975765,0.120108162636084
691,SJSA1,H3K27me3,tRNA-Deu,0.06920033140674561,0.1578731736605785,-0.027008280715637812,0.16413872427757703
692,SJSA1,H3K27me3,Kolobok,0.08339012256282712,0.1173122139443432,-0.02120944133028538,0.1861838774794605
693,SJSA1,H3K27me3,PIF-Harbinger,-0.0984334866101997,0.06624607451190889,-0.20157766853765394,0.006869872531103837
694,SJSA1,H3K27me3,Crypton,-0.1042854932388284,0.07988268427938416,-0.21853232889600271,0.01278155448532407
695,SJSA1,H3K27me3,Merlin,-0.017190425302405783,0.8034884656349035,-0.15159805579585317,0.1178413781759313
696,SJSA1,H3K27me3,TcMar,-0.07382665867846636,0.2951910245161614,-0.20958794735263947,0.06472724763811712
697,SJSA1,H3K27me3,L1-Tx1,0.059006577167849274,0.49339238355766435,-0.10994101846662557,0.22464022431232517
698,SJSA1,H3K27me3,Crypton-A,-0.08264103252272692,0.3480332778453157,-0.2508910117182848,0.09045564154398664
699,SJSA1,H3K27me3,I-Jockey,0.054860531924752105,0.5709965437683084,-0.13477107576607925,0.24061554544399796
700,SJSA1,H3K27me3,hAT-Tip100?,0.16643772893772893,0.18869528864151625,-0.0844771372507403,0.39750335416195975
701,SJSA1,H3K27me3,TcMar-Pogo,-0.126099706744868,0.491641586587107,-0.4559407371553263,0.2341971581394661
702,SJSA1,H3K27me3,hAT?,0.0961038961038961,0.5887344912074548,-0.2509537275634548,0.4212685029366378
703,SJSA1,H3K27me3,hAT-hAT19,-0.2529411764705882,0.34456303133749866,-0.6700175745636892,0.28550911342227914
704,SJSA1,H3K4me3,Alu,0.00021253639595318738,0.8231342442108764,-0.0016511520956478943,0.002076223411135254
705,SJSA1,H3K4me3,L1,0.0017045118284876337,0.21522140802170397,-0.000991115573121096,0.004400114458898363
706,SJSA1,H3K4me3,MIR,-0.00012373981115752251,0.9291176520875046,-0.0028501175757367106,0.0026026397929725543
707,SJSA1,H3K4me3,L2,0.0010559274279126345,0.5281271308168964,-0.0022246023264318724,0.004336434454870289
708,SJSA1,H3K4me3,ERVL-MaLR,-0.0004466064246955449,0.8235591802085391,-0.004372376284965304,0.003479177201526008
709,SJSA1,H3K4me3,hAT-Charlie,0.0014836826439573623,0.48619707312793137,-0.0026922084430840753,0.0056595219864132434
710,SJSA1,H3K4me3,ERV1,0.002085505118888563,0.4947609931184046,-0.0039012856976491516,0.008072146442560409
711,SJSA1,H3K4me3,ERVL,0.004023416365686323,0.19743845192488432,-0.0020949021854127555,0.010141433703035805
712,SJSA1,H3K4me3,TcMar-Tigger,0.0009265711361886353,0.7704912169192335,-0.005298437566990202,0.007151508029512142
713,SJSA1,H3K4me3,hAT-Tip100,0.007800629169820085,0.07197744999786564,-0.0006968633110037916,0.01629699520546918
714,SJSA1,H3K4me3,CR1,0.008050224050601056,0.08795486597942292,-0.0011970250611566418,0.017296096502768938
715,SJSA1,H3K4me3,Gypsy,-0.008194873749446515,0.304661356536927,-0.023838500906252478,0.007452765654860991
716,SJSA1,H3K4me3,hAT-Blackjack,-0.00437986918729651,0.5908199149591449,-0.0203440546339288,0.011586549079434858
717,SJSA1,H3K4me3,TcMar-Mariner,-0.015869580528201175,0.053414511279965764,-0.03196531026485348,0.00023437822909834222
718,SJSA1,H3K4me3,RTE-X,-0.004559909821982264,0.6578290115753488,-0.024734024524274013,0.015617917360661
719,SJSA1,H3K4me3,ERVK,-0.008457081374988263,0.4674657031266941,-0.03126092659550867,0.014355563493374772
720,SJSA1,H3K4me3,TcMar-Tc2,-0.0006590265618086439,0.9575466882324783,-0.02491947370236952,0.023602196369494635
721,SJSA1,H3K4me3,SVA,0.005911767063984513,0.6781822943314493,-0.022010348142094894,0.033824666836797995
722,SJSA1,H3K4me3,RTE-BovB,0.011852051139053297,0.4218488281519637,-0.017070005275882545,0.040754290222196204
723,SJSA1,H3K4me3,tRNA-RTE,-0.0028020534016296866,0.86159200225057,-0.034290555346260757,0.028692006183593476
724,SJSA1,H3K4me3,hAT-Ac,0.0025064111896421805,0.8900959253933801,-0.03303514535800772,0.03804163661702657
725,SJSA1,H3K4me3,hAT,0.01287357250789892,0.5043531034709674,-0.024918718705947265,0.05062911983843922
726,SJSA1,H3K4me3,MULE-MuDR,0.034700169662271,0.09579959730905296,-0.006148427444057054,0.07543315335803819
727,SJSA1,H3K4me3,PiggyBac,-0.027652216101580727,0.2052727912713488,-0.07035154123615348,0.015148258066520984
728,SJSA1,H3K4me3,5S-Deu-L2,-0.012936154923206138,0.5744951125177868,-0.05804063527600673,0.032221030747553496
729,SJSA1,H3K4me3,Helitron,-0.0047128848482438776,0.8462626509616085,-0.05231373798833188,0.04290933565093894
730,SJSA1,H3K4me3,hAT-Tag1,0.03346113893174814,0.1697824663337382,-0.014328545843790664,0.08109830002484734
731,SJSA1,H3K4me3,tRNA,-0.009634114839836925,0.7088156727915816,-0.06013528937038694,0.04091625321383263
732,SJSA1,H3K4me3,Penelope,0.010581604297802936,0.7864482343303467,-0.06590659918625054,0.0869461798664556
733,SJSA1,H3K4me3,TcMar-Tc1,0.0011754282202227984,0.9760836450992891,-0.07555643738849742,0.07789345498249968
734,SJSA1,H3K4me3,Dong-R4,-0.07543409520858714,0.11917408996200116,-0.16914372344225945,0.019627181832085065
735,SJSA1,H3K4me3,tRNA-Deu,-0.04393447282800688,0.3702606251267516,-0.13930822215882904,0.052246872617658306
736,SJSA1,H3K4me3,Kolobok,0.0980120219368802,0.06547511798432473,-0.006538297026466674,0.20044272573196936
737,SJSA1,H3K4me3,PIF-Harbinger,9.202952990500052e-05,0.9986331561622317,-0.10488907470738226,0.10507110528553737
738,SJSA1,H3K4me3,Crypton,0.030220174764864584,0.6126828472290202,-0.08670931770204475,0.14632835056072918
739,SJSA1,H3K4me3,Merlin,0.03338335504912943,0.6288614696293575,-0.10186104433347534,0.16741611196634695
740,SJSA1,H3K4me3,TcMar,0.036785009793343905,0.601431242545625,-0.10114331339187842,0.1733259218127383
741,SJSA1,H3K4me3,L1-Tx1,0.014638466288614984,0.865184702012976,-0.15346262201150107,0.18191612378698382
742,SJSA1,H3K4me3,Crypton-A,0.005519722732930666,0.9501080442489671,-0.1661643739132345,0.17687903265959276
743,SJSA1,H3K4me3,I-Jockey,0.09283662311185246,0.33698271369003074,-0.09736412489639339,0.2764950528440415
744,SJSA1,H3K4me3,hAT-Tip100?,-0.004578754578754578,0.9713555084394819,-0.25010777502480147,0.24150357741181253
745,SJSA1,H3K4me3,TcMar-Pogo,-0.4765395894428152,0.005827662434597643,-0.7175425810504732,-0.13363006488664345
746,SJSA1,H3K4me3,hAT?,-0.10404889228418639,0.5581417141165133,-0.42796132535792675,0.24355004079350254
747,SJSA1,H3K4me3,hAT-hAT19,0.21764705882352942,0.41808684161130294,-0.3174522442303996,0.6476156175680963
748,HAP-1,H3K27ac,Alu,-0.0007940653409985056,0.40531032171422254,-0.0026642677630387347,0.0010761426357982788
749,HAP-1,H3K27ac,L1,0.0017673800562842186,0.20007770580373835,-0.0009360648306640958,0.004470799109200555
750,HAP-1,H3K27ac,MIR,0.0011526626701611866,0.40780134353824127,-0.001576575146229486,0.00388188331487018
751,HAP-1,H3K27ac,L2,-0.0022715990779761806,0.1750740788569887,-0.0055547376561675315,0.0010115884723263715
752,HAP-1,H3K27ac,ERVL-MaLR,-0.0011090397696062134,0.5808883468134365,-0.005046201543510032,0.002828156387629726
753,HAP-1,H3K27ac,hAT-Charlie,0.0004278340528562557,0.8411515385389666,-0.0037560483728330697,0.004611701500235667
754,HAP-1,H3K27ac,ERV1,-0.002387814279236768,0.43774987166154933,-0.008418629533318832,0.003643174673947799
755,HAP-1,H3K27ac,ERVL,-0.002476912354056557,0.42862983924724307,-0.008609932537620763,0.003656294169160574
756,HAP-1,H3K27ac,TcMar-Tigger,-0.000516349301993565,0.8711038168240489,-0.006753459492082101,0.005720801061934133
757,HAP-1,H3K27ac,hAT-Tip100,-0.002133548358659596,0.6229861610706123,-0.010639079536089705,0.006372291530483684
758,HAP-1,H3K27ac,CR1,0.008779904645734422,0.06300612843606974,-0.0004762892377604244,0.018034594183796687
759,HAP-1,H3K27ac,Gypsy,0.00898855720992494,0.26075153781540333,-0.006677099600446585,0.02464980309209437
760,HAP-1,H3K27ac,hAT-Blackjack,0.005035361208112934,0.537339740154406,-0.010964097557323013,0.021032242392988645
761,HAP-1,H3K27ac,TcMar-Mariner,0.004098669190976324,0.618630534405705,-0.012038882023297188,0.020234085896310153
762,HAP-1,H3K27ac,RTE-X,-0.005410971302594142,0.5995101410335828,-0.02560280525609723,0.014785275960432087
763,HAP-1,H3K27ac,ERVK,-0.0031995329961074124,0.7861954511842717,-0.026312805953069552,0.019917159032254557
764,HAP-1,H3K27ac,TcMar-Tc2,0.014374038024484377,0.2461752961398453,-0.009921316092826857,0.03865243152254464
765,HAP-1,H3K27ac,SVA,0.016229606523998658,0.2578200341052644,-0.011884733558033087,0.04431830696531734
766,HAP-1,H3K27ac,RTE-BovB,-0.005812131117183787,0.6939866384318332,-0.03475323804398618,0.023138715754066997
767,HAP-1,H3K27ac,tRNA-RTE,-0.003121515941536232,0.845999316708395,-0.03460965642945725,0.02837281580858637
768,HAP-1,H3K27ac,hAT-Ac,-0.023378890581367363,0.19817847269068303,-0.05893768381282352,0.012239155389842165
769,HAP-1,H3K27ac,hAT,-0.010562979759617239,0.5841684692072664,-0.04835846405811972,0.027262710431830546
770,HAP-1,H3K27ac,MULE-MuDR,-0.0004082031283209911,0.9843895125732691,-0.041279487533212464,0.04046444509784272
771,HAP-1,H3K27ac,PiggyBac,-0.015865133650814198,0.4690401355900461,-0.05875582126643418,0.02708401959999242
772,HAP-1,H3K27ac,5S-Deu-L2,0.009344381706218145,0.6855494726565763,-0.0358802327990624,0.054530801670322294
773,HAP-1,H3K27ac,Helitron,0.03990807918666673,0.101807594040265,-0.007922052432549516,0.08755601903493826
774,HAP-1,H3K27ac,hAT-Tag1,0.0022086569521069404,0.9278996795566112,-0.04560645215329538,0.05001366890390523
775,HAP-1,H3K27ac,tRNA,0.03024182081831256,0.2413079235482853,-0.020363761005820165,0.08069284030602529
776,HAP-1,H3K27ac,Penelope,-0.00504769552980802,0.8974836727319263,-0.08168287674682982,0.07164682284300941
777,HAP-1,H3K27ac,TcMar-Tc1,0.005498542397618281,0.8888963545154857,-0.07155300240948245,0.08248485147065412
778,HAP-1,H3K27ac,Dong-R4,-0.008615802719760948,0.8589372739377265,-0.10331997783495568,0.08624318474141911
779,HAP-1,H3K27ac,tRNA-Deu,0.07229702058480729,0.14004557573764354,-0.023908549835335448,0.16717582068513193
780,HAP-1,H3K27ac,Kolobok,0.05304786677949919,0.32029893011249966,-0.051694326794957446,0.15663567163149203
781,HAP-1,H3K27ac,PIF-Harbinger,-0.06887309346620486,0.19929447848091134,-0.1727263527822508,0.03649467703836986
782,HAP-1,H3K27ac,Crypton,0.03361185701623503,0.5733698692219975,-0.08334501484244851,0.1496553312157327
783,HAP-1,H3K27ac,Merlin,-0.006166921412892174,0.9290434324529301,-0.1411192084483449,0.1290103741249025
784,HAP-1,H3K27ac,TcMar,0.0674370745052516,0.3402866861017594,-0.07143457301594382,0.20374400291470138
785,HAP-1,H3K27ac,L1-Tx1,-0.18122715294757344,0.03406041722739949,-0.3398747177731655,-0.012550908846703367
786,HAP-1,H3K27ac,Crypton-A,-0.15124520728313165,0.08463130225955984,-0.31549882258118717,0.02180786331096315
787,HAP-1,H3K27ac,I-Jockey,-0.07370030581039756,0.4462871573595104,-0.25846334397612564,0.1162645244091938
788,HAP-1,H3K27ac,hAT-Tip100?,0.15937019969278035,0.2121691770722693,-0.09361651372890104,0.3930246799820515
789,HAP-1,H3K27ac,TcMar-Pogo,-0.10557184750733135,0.5652540068582357,-0.43895493771307226,0.2533619931113645
790,HAP-1,H3K27ac,hAT?,0.34425133689839577,0.049791589226906026,-0.0093803041666516,0.6213465927261781
791,HAP-1,H3K27ac,hAT-hAT19,-0.15294117647058825,0.5717446192454616,-0.604949167049358,0.3736124896571969
792,HAP-1,H3K4me1,Alu,0.0006001663114315608,0.5294034368555791,-0.001270198898685283,0.0024705273224734934
793,HAP-1,H3K4me1,L1,0.002124428041077549,0.12356777096228799,-0.0005793973355664775,0.004828222355946453
794,HAP-1,H3K4me1,MIR,0.0005784384383079376,0.6778682733310555,-0.0021509532653322875,0.003307821523726723
795,HAP-1,H3K4me1,L2,-0.0031742398360645836,0.05810604685230253,-0.006457416462873475,0.00010900522470186792
796,HAP-1,H3K4me1,ERVL-MaLR,-0.001058596009422671,0.5982196301234687,-0.004995862161185305,0.0028787029634981037
797,HAP-1,H3K4me1,hAT-Charlie,0.004703635377405028,0.027561934034107578,0.0005197755520883225,0.008887330534266899
798,HAP-1,H3K4me1,ERV1,0.0037837769141925155,0.21883786297970065,-0.0022474237210480027,0.009814702285401012
799,HAP-1,H3K4me1,ERVL,-0.0014663578108863918,0.6393500770254636,-0.007599314230755341,0.004666708919889458
800,HAP-1,H3K4me1,TcMar-Tigger,-0.004984886050961488,0.11722470653616576,-0.011221391657669886,0.0012520073538331742
801,HAP-1,H3K4me1,hAT-Tip100,0.0017720728588194654,0.6830148382309877,-0.006733269340682778,0.01027715867874565
802,HAP-1,H3K4me1,CR1,0.0030363348192317097,0.5202621590760466,-0.0062197349094373555,0.01229188429742758
803,HAP-1,H3K4me1,Gypsy,-0.0030658831653356485,0.7012764961175554,-0.018728920586051474,0.012598658724793061
804,HAP-1,H3K4me1,hAT-Blackjack,0.003957828161551816,0.6277670071628316,-0.012040405087079764,0.01995403567446004
805,HAP-1,H3K4me1,TcMar-Mariner,-0.007568332768943941,0.3581052854482897,-0.023706184900878367,0.00857346259799917
806,HAP-1,H3K4me1,RTE-X,-0.008492162314123959,0.40979306060444487,-0.028678877457461463,0.01170147687370813
807,HAP-1,H3K4me1,ERVK,-0.011652583557835586,0.3235577845685754,-0.03477685706891936,0.01148416038623582
808,HAP-1,H3K4me1,TcMar-Tc2,0.015541134864613379,0.20996256434752447,-0.008758005860210062,0.039821932541640695
809,HAP-1,H3K4me1,SVA,-0.006853962800132755,0.6327253295191022,-0.03495173881370091,0.021254640094027374
810,HAP-1,H3K4me1,RTE-BovB,0.001914095794657033,0.8969152659835271,-0.027037296023851572,0.03086227923155189
811,HAP-1,H3K4me1,tRNA-RTE,0.028435274093353242,0.07686340216970902,-0.0030734408528659304,0.05988758347610189
812,HAP-1,H3K4me1,hAT-Ac,-0.02673520846300979,0.14114245960973787,-0.062285264238131285,0.008882600789968772
813,HAP-1,H3K4me1,hAT,-0.007743781903560103,0.6881421941761682,-0.04553069983541067,0.030065264241321516
814,HAP-1,H3K4me1,MULE-MuDR,0.0012495707824533664,0.9522186982046348,-0.03960667626899166,0.04210164660391132
815,HAP-1,H3K4me1,PiggyBac,0.006100497563678436,0.7807089707202299,-0.03683755695802513,0.04901606833925603
816,HAP-1,H3K4me1,5S-Deu-L2,-0.014098996062365702,0.5413459257317041,-0.059283943386675635,0.031143607445577492
817,HAP-1,H3K4me1,Helitron,0.0696252347837252,0.0042789751443580845,0.021844197691161717,0.11708893229448442
818,HAP-1,H3K4me1,hAT-Tag1,0.009341343005926796,0.7019284822833686,-0.03848712256309518,0.057127105202032444
819,HAP-1,H3K4me1,tRNA,-0.009042318528339853,0.7261338082402449,-0.059579006327639863,0.041540602687662416
820,HAP-1,H3K4me1,Penelope,-0.0005456497163917704,0.9889049395523024,-0.07732629583886877,0.07624143044932238
821,HAP-1,H3K4me1,TcMar-Tc1,-0.05371538084151041,0.1716961844422091,-0.13019331112310414,0.023397952286257035
822,HAP-1,H3K4me1,Dong-R4,-0.0075108849287275885,0.8768732272428259,-0.10222624041427354,0.08733943046611194
823,HAP-1,H3K4me1,tRNA-Deu,0.0646593859610996,0.18703990859153774,-0.031551157474866795,0.15968270191462886
824,HAP-1,H3K4me1,Kolobok,-0.005839039001941721,0.912950742702051,-0.11015565503446918,0.09860481670980334
825,HAP-1,H3K4me1,PIF-Harbinger,-0.09871776187588784,0.06546263784990625,-0.20185446562010115,0.00658429351167185
826,HAP-1,H3K4me1,Crypton,0.024071096140541072,0.6867976405329536,-0.09280366043503391,0.14029154679804395
827,HAP-1,H3K4me1,Merlin,-0.09267052927093465,0.17991778685968896,-0.2252004462532315,0.04322637026805991
828,HAP-1,H3K4me1,TcMar,-0.024354511359983216,0.7308120009424603,-0.16188136881019857,0.1141003779951495
829,HAP-1,H3K4me1,L1-Tx1,-0.28610699176082255,0.0007008466224921042,-0.4358258692901278,-0.12098025899877941
830,HAP-1,H3K4me1,Crypton-A,-0.07290411350448174,0.4079364866742353,-0.2416274063596548,0.10009798821060881
831,HAP-1,H3K4me1,I-Jockey,0.04905940135297934,0.6124387495764425,-0.14044963046920433,0.235100759786798
832,HAP-1,H3K4me1,hAT-Tip100?,-0.1863959293394777,0.14354990329885983,-0.4168052783541321,0.0665194553832481
833,HAP-1,H3K4me1,TcMar-Pogo,0.10703812316715541,0.5598340484356554,-0.2520001260626874,0.440174245318332
834,HAP-1,H3K4me1,hAT?,0.31951871657754016,0.06989838788360017,-0.03573206788412409,0.6030772355435787
835,HAP-1,H3K4me1,hAT-hAT19,-0.10588235294117648,0.6963341050381157,-0.5726105866457505,0.4126799097165957
836,HAP-1,H3K9me3,Alu,-5.6952783413169046e-05,0.9523899797919066,-0.0019265425424675419,0.0018126373737829202
837,HAP-1,H3K9me3,L1,-0.0013708106246777844,0.3202710499406928,-0.004074019102818859,0.0013324178875972756
838,HAP-1,H3K9me3,MIR,0.00048548600661165684,0.7273268622585207,-0.002243447478874764,0.003214412261211246
839,HAP-1,H3K9me3,L2,-0.002787783808241423,0.09605442572358915,-0.006070786030574751,0.0004952785097043324
840,HAP-1,H3K9me3,ERVL-MaLR,0.002752477005926301,0.17052747569956472,-0.001183844403278939,0.006688713119128766
841,HAP-1,H3K9me3,hAT-Charlie,0.0004288681667454627,0.8407415821615778,-0.003754185184167271,0.004611906509094386
842,HAP-1,H3K9me3,ERV1,0.0015041763096892207,0.6249187752089185,-0.0045260538495482975,0.007534297075904475
843,HAP-1,H3K9me3,ERVL,0.003762306147994817,0.22910905607475707,-0.002369140903339344,0.009893470323263313
844,HAP-1,H3K9me3,TcMar-Tigger,0.00272638549294553,0.3915335729391618,-0.0035100594902202674,0.008962618405783126
845,HAP-1,H3K9me3,hAT-Tip100,0.0018138609607642531,0.6759659162626532,-0.006691643478058919,0.010319102964337095
846,HAP-1,H3K9me3,CR1,-0.0008953626932966369,0.8496305925421341,-0.010151257230158644,0.008360685260511013
847,HAP-1,H3K9me3,Gypsy,0.010223931325631201,0.2008014443427404,-0.005440749075225753,0.025883595267172776
848,HAP-1,H3K9me3,hAT-Blackjack,0.006548846408591794,0.4224089548100527,-0.009450789399744511,0.02254512991893803
849,HAP-1,H3K9me3,TcMar-Mariner,0.002275956887188228,0.7820751752587001,-0.01384978660470507,0.01840051678197855
850,HAP-1,H3K9me3,RTE-X,-0.0010569307959020107,0.9182967096662061,-0.02124882325846529,0.01913582355225094
851,HAP-1,H3K9me3,ERVK,0.02393098622154191,0.04238671837614627,0.0008193999524335674,0.04701702086840984
852,HAP-1,H3K9me3,TcMar-Tc2,-0.00037544302634815244,0.9758365927899797,-0.02466585463758916,0.023915411633900846
853,HAP-1,H3K9me3,SVA,0.018553007568876196,0.19549006655951973,-0.009541239609394625,0.04661798789761992
854,HAP-1,H3K9me3,RTE-BovB,-0.0021344656180925176,0.8851500882352135,-0.031088762297540914,0.026823410384116578
855,HAP-1,H3K9me3,tRNA-RTE,0.023927960536095146,0.13662781907138544,-0.0075859325886180615,0.055394371150829076
856,HAP-1,H3K9me3,hAT-Ac,-0.004501535865080671,0.804280872395104,-0.04008654808470137,0.031094880766881727
857,HAP-1,H3K9me3,hAT,-0.015169991088819945,0.431846836051218,-0.05295553230345622,0.02265892765910451
858,HAP-1,H3K9me3,MULE-MuDR,0.0012557392197407925,0.9520248431700833,-0.03963606889535118,0.04214334821597135
859,HAP-1,H3K9me3,PiggyBac,0.023763797224019268,0.27809876709325654,-0.01918984281740401,0.06662987743690946
860,HAP-1,H3K9me3,5S-Deu-L2,-0.009344528524716463,0.6854655425205942,-0.05451893749856757,0.0358680552798745
861,HAP-1,H3K9me3,Helitron,-0.0158701585157741,0.5152913589522459,-0.06360673752745964,0.03193887776112897
862,HAP-1,H3K9me3,hAT-Tag1,-0.03980844339552472,0.10276824333795093,-0.0874710419327975,0.008036000910507957
863,HAP-1,H3K9me3,tRNA,0.03077209103201098,0.23315188440970236,-0.019833620294321213,0.08122053241556282
864,HAP-1,H3K9me3,Penelope,0.05640570595900054,0.14993288018841325,-0.020468735440623345,0.1326171085970778
865,HAP-1,H3K9me3,TcMar-Tc1,0.04154888415133511,0.29093352651107274,-0.03561891319444821,0.11822415324423907
866,HAP-1,H3K9me3,Dong-R4,0.0262652535076027,0.587898300807927,-0.06870888733449541,0.12076759294115089
867,HAP-1,H3K9me3,tRNA-Deu,0.011444704003464585,0.8155327455623568,-0.08456633420754354,0.10724518007634033
868,HAP-1,H3K9me3,Kolobok,0.12685466199346515,0.01709909080071724,0.022352929665461554,0.22861430838235114
869,HAP-1,H3K9me3,PIF-Harbinger,0.04048410073429835,0.45090852879141985,-0.06481425303275132,0.14489084028613894
870,HAP-1,H3K9me3,Crypton,0.06637208729170682,0.26577842629682336,-0.050745743475330854,0.18168918393409123
871,HAP-1,H3K9me3,Merlin,0.09616181797553006,0.16399484131242886,-0.039732049827355675,0.22856300381766362
872,HAP-1,H3K9me3,TcMar,0.05172025962393052,0.4647726451563978,-0.0870437585236107,0.18851547704491944
873,HAP-1,H3K9me3,L1-Tx1,-0.014608129916583739,0.8654614534182534,-0.1818867486039892,0.15349221346734998
874,HAP-1,H3K9me3,Crypton-A,-0.09610403129685761,0.27485576556288843,-0.263661196061011,0.07708275411518156
875,HAP-1,H3K9me3,I-Jockey,-0.012139746084700215,0.9002970734329956,-0.19979199068893844,0.17637150143543667
876,HAP-1,H3K9me3,hAT-Tip100?,-0.07087912087912086,0.5778294831204724,-0.31154974478682146,0.17833694984154716
877,HAP-1,H3K9me3,TcMar-Pogo,-0.08284457478005865,0.6521548315468635,-0.41993656489714,0.2743346242586839
878,HAP-1,H3K9me3,hAT?,0.25167112299465244,0.15769850931998086,-0.10586656598861509,0.551585328284851
879,HAP-1,H3K9me3,hAT-hAT19,-0.07352941176470588,0.7866792491258565,-0.5497289631077525,0.43873896787471733
880,HAP-1,H3K36me3,Alu,0.00044607985906807535,0.6400258271937573,-0.0014234305842329982,0.0023155871842136895
881,HAP-1,H3K36me3,L1,0.002350022757008455,0.0883690183464345,-0.0003529073230102219,0.00505291849953542
882,HAP-1,H3K36me3,MIR,-0.00028829025849159214,0.8359479903460648,-0.003016892998514932,0.0024403167743381636
883,HAP-1,H3K36me3,L2,0.0010358539065371312,0.536311009730671,-0.002247187599340991,0.004318873082927375
884,HAP-1,H3K36me3,ERVL-MaLR,-0.001330248940912837,0.5076989729021422,-0.005266111500194119,0.002605654832683109
885,HAP-1,H3K36me3,hAT-Charlie,0.0018994423672004164,0.37342587871216204,-0.0022831782752589184,0.006081996551588091
886,HAP-1,H3K36me3,ERV1,-0.0002289441189879299,0.9406613089875306,-0.006256953328053309,0.005799081728361083
887,HAP-1,H3K36me3,ERVL,-0.00013484858943607102,0.9656196319756397,-0.0062666041984920495,0.005996917159826512
888,HAP-1,H3K36me3,TcMar-Tigger,-0.0028319784937323447,0.3734209662110347,-0.009067794206343151,0.003404057473643648
889,HAP-1,H3K36me3,hAT-Tip100,0.0056550039710887325,0.19249898008284108,-0.0028498746049657724,0.014159064513322668
890,HAP-1,H3K36me3,CR1,-0.0009318097534274656,0.8435818861305111,-0.010187391083165645,0.008323931227632538
891,HAP-1,H3K36me3,Gypsy,0.004112905632904426,0.6068207458701909,-0.011551304600445643,0.01977509774555289
892,HAP-1,H3K36me3,hAT-Blackjack,-0.0087065605974482,0.28598375270362614,-0.024696039442052536,0.007287371723071556
893,HAP-1,H3K36me3,TcMar-Mariner,-0.002067355459103575,0.8017097111856027,-0.01820017240043633,0.01406653769065864
894,HAP-1,H3K36me3,RTE-X,-0.010682984798161379,0.2998537487503717,-0.030871384373976005,0.009514127690088556
895,HAP-1,H3K36me3,ERVK,-0.03200253643683521,0.006624309660121533,-0.055071634833924805,-0.008899290215270833
896,HAP-1,H3K36me3,TcMar-Tc2,-0.01192944801335025,0.33593714302858924,-0.03621604888566479,0.012371235930549711
897,HAP-1,H3K36me3,SVA,0.003210082584968742,0.822806391693056,-0.024881976982954305,0.031297076452308135
898,HAP-1,H3K36me3,RTE-BovB,-0.010803817482094767,0.4644029096886504,-0.03972948363109386,0.01813994106875369
899,HAP-1,H3K36me3,tRNA-RTE,-0.0039907801889348705,0.803941996505108,-0.03548604362767452,0.027512402688471084
900,HAP-1,H3K36me3,hAT-Ac,-0.015246744307867611,0.4010998036006237,-0.05080077465698609,0.02034588334539452
901,HAP-1,H3K36me3,hAT,-0.003733211544828509,0.8465122108134656,-0.04151311494032395,0.03405735198947744
902,HAP-1,H3K36me3,MULE-MuDR,-0.010597222299622913,0.6115568917947992,-0.05145693698022881,0.030297911501895924
903,HAP-1,H3K36me3,PiggyBac,0.006630061173085204,0.7621127375082408,-0.03628816303076681,0.04952387339653763
904,HAP-1,H3K36me3,5S-Deu-L2,-0.006789272170750558,0.7684980524614617,-0.051958290486431254,0.038407467917559855
905,HAP-1,H3K36me3,Helitron,0.03528662575098072,0.14790053012905083,-0.012531169383896612,0.08294339512147046
906,HAP-1,H3K36me3,hAT-Tag1,-0.002020272297506501,0.9340347148830385,-0.04982574335368432,0.045794434691753344
907,HAP-1,H3K36me3,tRNA,0.018206379901889527,0.4806197967105065,-0.03239051939413987,0.06871020148104909
908,HAP-1,H3K36me3,Penelope,-0.006903691051178662,0.8602310267215754,-0.08358535231503376,0.06985924861419439
909,HAP-1,H3K36me3,TcMar-Tc1,-0.013913006183714403,0.7235080055017721,-0.090780767608168,0.06311955387713443
910,HAP-1,H3K36me3,Dong-R4,-0.031649106639406815,0.5137494662068428,-0.12608117603049346,0.06335138628912913
911,HAP-1,H3K36me3,tRNA-Deu,0.03985555794259376,0.4163719242108941,-0.05631272783100527,0.13529110131314467
912,HAP-1,H3K36me3,Kolobok,0.060914913498992425,0.2536667825593185,-0.04384307191999526,0.1643479035894256
913,HAP-1,H3K36me3,PIF-Harbinger,-0.037596039060393126,0.4838774872001297,-0.14205209337590888,0.06768811568985968
914,HAP-1,H3K36me3,Crypton,0.014534835623750743,0.8076611259295755,-0.10224206643869645,0.13091657704564372
915,HAP-1,H3K36me3,Merlin,-0.06579028890426926,0.34159780127488326,-0.1992308497128696,0.07004567316878806
916,HAP-1,H3K36me3,TcMar,0.141244955190859,0.044955201559041987,0.0025662385859267587,0.2745933624361814
917,HAP-1,H3K36me3,L1-Tx1,-0.14715474002232756,0.08616660573068799,-0.3081139517968279,0.021994747632671837
918,HAP-1,H3K36me3,Crypton-A,-0.0727599814795406,0.4088664766585871,-0.24149010566616044,0.10024053598429668
919,HAP-1,H3K36me3,I-Jockey,0.034973589102029475,0.7180726192689388,-0.1541989914352118,0.22167272480949363
920,HAP-1,H3K36me3,hAT-Tip100?,-0.051315284178187405,0.6895914541334671,-0.29547749714932314,0.199139522259753
921,HAP-1,H3K36me3,TcMar-Pogo,-0.12683284457478003,0.48910623673341536,-0.4565440101324778,0.23350873544100456
922,HAP-1,H3K36me3,hAT?,0.4288101604278075,0.012775791407648293,0.08431036233373188,0.6817437024955525
923,HAP-1,H3K36me3,hAT-hAT19,-0.2323529411764706,0.38651134990798475,-0.6570242802453357,0.30426131880301843
924,HAP-1,H3K27me3,Alu,-0.0004245845773924121,0.656236181963744,-0.0022941413327632566,0.0014449751460357662
925,HAP-1,H3K27me3,L1,-0.0010459317308793687,0.4482850125245268,-0.0037493987481421716,0.0016575505753600487
926,HAP-1,H3K27me3,MIR,0.0013552448357898618,0.3303307339247038,-0.0013734405935495674,0.004083910083683021
927,HAP-1,H3K27me3,L2,-0.0005049334752375341,0.7630793052328975,-0.003788001840563436,0.002778145775016423
928,HAP-1,H3K27me3,ERVL-MaLR,0.0030709243260235784,0.12622274997065872,-0.0008651504677923456,0.0070069039675173
929,HAP-1,H3K27me3,hAT-Charlie,-0.0008403798781450987,0.6937446874782818,-0.005023190281348039,0.0033424599316947885
930,HAP-1,H3K27me3,ERV1,-0.0008322429352949366,0.7867459777109024,-0.00686148214698394,0.005197056783976624
931,HAP-1,H3K27me3,ERVL,0.0016003788665723793,0.6089520649511274,-0.004531100228485667,0.007731737631081903
932,HAP-1,H3K27me3,TcMar-Tigger,-0.003888984338920772,0.2216152161866753,-0.010125009797147413,0.0023473436083036483
933,HAP-1,H3K27me3,hAT-Tip100,0.007211253665714998,0.0965126788130053,-0.0012929692475652306,0.015714433590885524
934,HAP-1,H3K27me3,CR1,-9.855422244899858e-05,0.983349446251533,-0.0093539032980445,0.009156811737779862
935,HAP-1,H3K27me3,Gypsy,-0.0035164929359832145,0.6599328831006068,-0.019178384708351995,0.012147124203011736
936,HAP-1,H3K27me3,hAT-Blackjack,0.005690357192559367,0.4856654075997803,-0.010305987523574202,0.021683790212642596
937,HAP-1,H3K27me3,TcMar-Mariner,0.0013888535636567678,0.8660089645064232,-0.014743251793972052,0.01752023606838205
938,HAP-1,H3K27me3,RTE-X,0.007518656067797627,0.4655335298743065,-0.012674822211922298,0.02770600399899268
939,HAP-1,H3K27me3,ERVK,0.0037822810184976333,0.7485021650759464,-0.019337868177463795,0.026898387292887935
940,HAP-1,H3K27me3,TcMar-Tc2,0.003112393168009405,0.8016968677167908,-0.021174307273586535,0.027395422477302356
941,HAP-1,H3K27me3,SVA,0.015759202870562546,0.2717754281637704,-0.012349300160289785,0.04384281945623533
942,HAP-1,H3K27me3,RTE-BovB,0.0010277635183126616,0.9445209573970323,-0.027913472095571767,0.029967277533383047
943,HAP-1,H3K27me3,tRNA-RTE,0.0004685346871187328,0.9767426647101547,-0.031023390788003324,0.03195953085899552
944,HAP-1,H3K27me3,hAT-Ac,-0.03486755871749986,0.05493266291241933,-0.0703939528818204,0.000747176118106482
945,HAP-1,H3K27me3,hAT,0.015345127552760643,0.42654891697548847,-0.02248389017990011,0.053130267078702886
946,HAP-1,H3K27me3,MULE-MuDR,0.03876377821121558,0.06317976929672865,-0.002144719889796688,0.07954274970974838
947,HAP-1,H3K27me3,PiggyBac,0.018750965522610966,0.3920143391684997,-0.02418998617118981,0.061622853391209126
948,HAP-1,H3K27me3,5S-Deu-L2,0.0056941244928252555,0.8050669993564183,-0.03951285993292245,0.05087784630137026
949,HAP-1,H3K27me3,Helitron,-0.017867700053085675,0.46371510021218865,-0.06558314571876772,0.029929271716573357
950,HAP-1,H3K27me3,hAT-Tag1,-0.013863342700124485,0.5700339240011929,-0.061635017090997675,0.03397170379014444
951,HAP-1,H3K27me3,tRNA,0.032284872942190596,0.21096284595069653,-0.018321090337911027,0.0827258426190765
952,HAP-1,H3K27me3,Penelope,0.005972136201066121,0.8789344516014512,-0.0707860057109178,0.08265996665660522
953,HAP-1,H3K27me3,TcMar-Tc1,0.01519963598522694,0.6989097092551482,-0.061779002202419185,0.09199851600233208
954,HAP-1,H3K27me3,Dong-R4,0.09066279800044832,0.060927357467191204,-0.004354918803688909,0.18405805822904941
955,HAP-1,H3K27me3,tRNA-Deu,0.08384893473782806,0.08686383410391557,-0.012332908536942069,0.17849340225988064
956,HAP-1,H3K27me3,Kolobok,0.03302931906696032,0.5356436451073917,-0.07148021303127992,0.13682151247525376
957,HAP-1,H3K27me3,PIF-Harbinger,-0.052423944192371966,0.3288077333179852,-0.15661310380399637,0.052919156197918066
958,HAP-1,H3K27me3,Crypton,0.05497691382072329,0.3568110706795632,-0.06210628312859643,0.17056751545306612
959,HAP-1,H3K27me3,Merlin,0.029480503139517174,0.6702697899935267,-0.10603937593737381,0.16392518254798163
960,HAP-1,H3K27me3,TcMar,0.14568410003320714,0.038568550074422836,0.0070545509909543105,0.2788194065148405
961,HAP-1,H3K27me3,L1-Tx1,0.02988366001785485,0.7288529098069572,-0.13856318536063894,0.19665006449875427
962,HAP-1,H3K27me3,Crypton-A,-0.0898796631086592,0.3072883711899887,-0.2577626746093369,0.08327134941152935
963,HAP-1,H3K27me3,I-Jockey,-0.040505977203224915,0.675807453894991,-0.22695310239950744,0.14880528908721188
964,HAP-1,H3K27me3,hAT-Tip100?,-0.1193836405529954,0.3513666210071972,-0.3573860254869406,0.1331786630258788
965,HAP-1,H3K27me3,TcMar-Pogo,0.10483870967741933,0.5679729289712876,-0.2540425234537332,0.4383449352110205
966,HAP-1,H3K27me3,hAT?,0.18482620320855617,0.3031452156624844,-0.17217464018385784,0.4989122931782333
967,HAP-1,H3K27me3,hAT-hAT19,0.014705882352941175,0.956891924031642,-0.48455406724881,0.5067391947839653
968,HAP-1,H3K4me3,Alu,-0.00035504738131097763,0.7098545300528403,-0.002225430869420338,0.001515338590950925
969,HAP-1,H3K4me3,L1,0.0015056537654105724,0.27509476408131306,-0.0011982282464131381,0.004209513761760719
970,HAP-1,H3K4me3,MIR,-0.0004963042398344337,0.7215525197955683,-0.0032257569288674866,0.002233155844066282
971,HAP-1,H3K4me3,L2,-8.532333686843161e-05,0.9593787433502198,-0.003368645582434244,0.0031980007483045445
972,HAP-1,H3K4me3,ERVL-MaLR,-0.00030010781850704077,0.8812416558457689,-0.0042372934417814,0.003637087108991205
973,HAP-1,H3K4me3,hAT-Charlie,0.0009265455199870985,0.6642662575225817,-0.0032574769794451856,0.00511053557934926
974,HAP-1,H3K4me3,ERV1,0.0016365504498827427,0.5948418922759764,-0.004394624725908526,0.007667606568417964
975,HAP-1,H3K4me3,ERVL,-0.0037415255358415806,0.2317937786890324,-0.00987404165790769,0.002391272023823309
976,HAP-1,H3K4me3,TcMar-Tigger,0.004907157870885632,0.12309038680459153,-0.0013304309338263173,0.011144364839149948
977,HAP-1,H3K4me3,hAT-Tip100,-0.0029374816585513194,0.49854537365414864,-0.011444050159952238,0.005569511990143294
978,HAP-1,H3K4me3,CR1,-0.00448365255545119,0.3423948377560696,-0.013738692907686291,0.004772155977421523
979,HAP-1,H3K4me3,Gypsy,0.0059351210469930395,0.457682807182499,-0.009728320759431733,0.02159565100657876
980,HAP-1,H3K4me3,hAT-Blackjack,-0.0007871640120156054,0.9231879848615125,-0.016787028358240128,0.01521310336575077
981,HAP-1,H3K4me3,TcMar-Mariner,-0.012064107386396185,0.1429858254774457,-0.02820136157246534,0.004079433414297401
982,HAP-1,H3K4me3,RTE-X,0.02002366546578195,0.05198423026711785,-0.00017398447585408942,0.04020498495790346
983,HAP-1,H3K4me3,ERVK,0.009718754296592408,0.4101538296408742,-0.013409616570363082,0.032836731312432914
984,HAP-1,H3K4me3,TcMar-Tc2,-0.014147125405855249,0.25385762260735534,-0.03843322970158733,0.010155682080222989
985,HAP-1,H3K4me3,SVA,0.003196552774651623,0.8236657726888302,-0.02491571688755437,0.03130377082370695
986,HAP-1,H3K4me3,RTE-BovB,0.008624796579143406,0.5593578687753044,-0.020330684988381195,0.03756582188938781
987,HAP-1,H3K4me3,tRNA-RTE,0.018601669589458206,0.24705928614372255,-0.012900076118121162,0.05006652666011297
988,HAP-1,H3K4me3,hAT-Ac,-0.014292889814622959,0.43143781869305964,-0.04986645781249114,0.02131689710964027
989,HAP-1,H3K4me3,hAT,-0.007498988902836831,0.6976668378970772,-0.04530745616196942,0.030330931039700373
990,HAP-1,H3K4me3,MULE-MuDR,0.015656135149381044,0.452671008075368,-0.02520782258269755,0.05646785971003414
991,HAP-1,H3K4me3,PiggyBac,-0.009412458445327322,0.6676041924424558,-0.05233056693490086,0.0335403559788558
992,HAP-1,H3K4me3,5S-Deu-L2,-0.010566819932626021,0.6471302665994965,-0.05576193700165795,0.03467151077985228
993,HAP-1,H3K4me3,Helitron,0.008000833910392661,0.7429925242986857,-0.03981117103936067,0.055776284868936384
994,HAP-1,H3K4me3,hAT-Tag1,0.0005882503183206604,0.9807725844557359,-0.047223316942705845,0.048397128312806806
995,HAP-1,H3K4me3,tRNA,0.018522143534429256,0.47289312202145484,-0.03205827960990387,0.06900793818775743
996,HAP-1,H3K4me3,Penelope,0.0332842326330919,0.39579978653093506,-0.04357326103820156,0.10975007135920245
997,HAP-1,H3K4me3,TcMar-Tc1,-0.025114161745620835,0.5233639823909175,-0.10194968606346955,0.05201923286471407
998,HAP-1,H3K4me3,Dong-R4,0.023442348495977303,0.6286504492427321,-0.07151633357451868,0.117979907619828
999,HAP-1,H3K4me3,tRNA-Deu,0.02485057328677976,0.6124158783613627,-0.07124907774431254,0.12049312805720029
1000,HAP-1,H3K4me3,Kolobok,0.03421805508648294,0.5210551458300999,-0.0702981916775835,0.13799117526263135
1001,HAP-1,H3K4me3,PIF-Harbinger,-0.07181112209346342,0.18074713373147316,-0.1755999738824772,0.033556522241434995
1002,HAP-1,H3K4me3,Crypton,0.0961305781784579,0.10658198666503993,-0.020969120038469104,0.21062845915233877
1003,HAP-1,H3K4me3,Merlin,0.050547677552921895,0.46517458054626637,-0.0851880643235265,0.1844413895240472
1004,HAP-1,H3K4me3,TcMar,0.05741587609597573,0.4169990363621343,-0.0813930716919517,0.19403987887199925
1005,HAP-1,H3K4me3,L1-Tx1,-0.1763219949468292,0.03929701004431552,-0.3353198667266888,-0.007557959150752125
1006,HAP-1,H3K4me3,Crypton-A,-0.171714623936345,0.04986509807260064,-0.334550183323616,0.00107747845794805
1007,HAP-1,H3K4me3,I-Jockey,0.053590955425817814,0.5799529141738373,-0.13601462685202864,0.23940940493312116
1008,HAP-1,H3K4me3,hAT-Tip100?,-0.051651305683563756,0.6876630888945088,-0.29578696190303105,0.19881804766168718
1009,HAP-1,H3K4me3,TcMar-Pogo,-0.027492668621700876,0.8812676487488302,-0.3726737769088118,0.32437184444381617
1010,HAP-1,H3K4me3,hAT?,0.27473262032085566,0.12178833723792683,-0.08236584645860011,0.5693119191508826
1011,HAP-1,H3K4me3,hAT-hAT19,-0.0588235294117647,0.8286807500332258,-0.5391508970621227,0.4503782872629288
1012,HL-60,H3K27ac,Alu,0.0010903059657016696,0.2527332568906566,-0.0007780990148343616,0.0029587033338804186
1013,HL-60,H3K27ac,L1,0.001960698186989689,0.1550218340980654,-0.0007417365253139544,0.0046631042609275655
1014,HL-60,H3K27ac,MIR,0.0015978602300832398,0.2510148498097249,-0.0011304130998981247,0.004326109772944754
1015,HL-60,H3K27ac,L2,0.0017891665476400492,0.28537356576743583,-0.0014932654397216284,0.005071559981083071
1016,HL-60,H3K27ac,ERVL-MaLR,-0.0013171202411516748,0.5117265888207235,-0.005251396882582326,0.002617197174949716
1017,HL-60,H3K27ac,hAT-Charlie,-0.00010040063720825385,0.9624665110071823,-0.004282007452531794,0.004081209689296334
1018,HL-60,H3K27ac,ERV1,-0.003004737254697171,0.32824372231442445,-0.009028304800377692,0.00301904834480821
1019,HL-60,H3K27ac,ERVL,-0.001384078185374432,0.6580212842184691,-0.0075124200848870875,0.004744367678571852
1020,HL-60,H3K27ac,TcMar-Tigger,-0.0029014602247218945,0.3615840532607023,-0.009134338167004768,0.003331643163920071
1021,HL-60,H3K27ac,hAT-Tip100,0.000879738150945147,0.8392815100213514,-0.007621873177339782,0.009381222310669915
1022,HL-60,H3K27ac,CR1,-0.001143329225620216,0.8086619894806579,-0.010397032314546015,0.008110569676602503
1023,HL-60,H3K27ac,Gypsy,-0.002381615051010548,0.7656433560982224,-0.01803986458514445,0.013277802429322432
1024,HL-60,H3K27ac,hAT-Blackjack,-0.007084173634707986,0.3855194046433704,-0.023081298371014504,0.008916577899045694
1025,HL-60,H3K27ac,TcMar-Mariner,-0.014181828443943806,0.08474811975957289,-0.03030037829557756,0.0019440953570218436
1026,HL-60,H3K27ac,RTE-X,-0.005265185168944786,0.6092671130569027,-0.025450675044764587,0.014924596379622143
1027,HL-60,H3K27ac,ERVK,-0.020029445294552854,0.08917150469048883,-0.04310610918446278,0.0030685795693538467
1028,HL-60,H3K27ac,TcMar-Tc2,0.008706803806555892,0.482137592649857,-0.015572673255404715,0.03297601922924575
1029,HL-60,H3K27ac,SVA,0.00353531365404978,0.8051001688331658,-0.024542540676490386,0.031607594779882765
1030,HL-60,H3K27ac,RTE-BovB,0.024311212671283954,0.09965896850891642,-0.004633563871616383,0.05321528656869684
1031,HL-60,H3K27ac,tRNA-RTE,-0.0006475994888631537,0.9678624576900674,-0.03214247890890976,0.030848564727524768
1032,HL-60,H3K27ac,hAT-Ac,-0.02030332614186989,0.26348941605124954,-0.05584616710785645,0.015290908306436913
1033,HL-60,H3K27ac,hAT,0.02119136933835922,0.2718065652903667,-0.016611799366135358,0.05893403949968537
1034,HL-60,H3K27ac,MULE-MuDR,0.008271604081506205,0.6916212505963646,-0.03259431791199918,0.04910991530452771
1035,HL-60,H3K27ac,PiggyBac,-0.02663410609024353,0.22400800961226242,-0.06947998783108061,0.01630985724482982
1036,HL-60,H3K27ac,5S-Deu-L2,0.012384314082507609,0.5915201063293691,-0.0328442775909262,0.05756228736030952
1037,HL-60,H3K27ac,Helitron,-0.003328676108194371,0.8913647241852383,-0.0510599651865861,0.044417785245002665
1038,HL-60,H3K27ac,hAT-Tag1,0.05503949227996269,0.023945954819009477,0.007240619195597348,0.1025874245329092
1039,HL-60,H3K27ac,tRNA,-0.0005525577600319198,0.9829119767794826,-0.05108041431506071,0.04997812038438186
1040,HL-60,H3K27ac,Penelope,0.05998610421446412,0.1251105291830343,-0.016767351347896167,0.13603673515684334
1041,HL-60,H3K27ac,TcMar-Tc1,-0.01902849617355793,0.6284785879837163,-0.09585630600241322,0.05802468607866501
1042,HL-60,H3K27ac,Dong-R4,-0.014608057045547271,0.7631505969011612,-0.1092486100436141,0.08029496157855637
1043,HL-60,H3K27ac,tRNA-Deu,-0.007118589623787452,0.8846272441281884,-0.10296457784225785,0.08885837314104375
1044,HL-60,H3K27ac,Kolobok,0.031246569642742653,0.5573397668505756,-0.07310453301289815,0.13492092743563272
1045,HL-60,H3K27ac,PIF-Harbinger,-0.09490799340707516,0.07661633053149092,-0.19814387224231436,0.010410445334164586
1046,HL-60,H3K27ac,Crypton,0.07423130229940944,0.21314825831814052,-0.042897054061510086,0.18934680298840664
1047,HL-60,H3K27ac,Merlin,-0.1150126053042392,0.09566081163483792,-0.24667710964867395,0.0208209217542407
1048,HL-60,H3K27ac,TcMar,0.06454729336766381,0.3626336284137385,-0.07465724910684962,0.20128431539542566
1049,HL-60,H3K27ac,L1-Tx1,0.061088119002608486,0.4782442230991427,-0.10788717178435056,0.22663297355456932
1050,HL-60,H3K27ac,Crypton-A,-0.05048357629141712,0.5668895210281373,-0.22020814431441105,0.12220789899935126
1051,HL-60,H3K27ac,I-Jockey,0.22882031322398297,0.016699578108459314,0.04007846918624065,0.40179573346091607
1052,HL-60,H3K27ac,hAT-Tip100?,0.05340909090909091,0.6726274985238452,-0.19317500563205117,0.2936472918866763
1053,HL-60,H3K27ac,TcMar-Pogo,0.11546920821114366,0.529142731086627,-0.2441484357101688,0.4471672313168976
1054,HL-60,H3K27ac,hAT?,-0.05080213903743316,0.7788909524183301,-0.3875514964700766,0.29790931438518187
1055,HL-60,H3K27ac,hAT-hAT19,0.18823529411764706,0.4850866091454682,-0.3433482297655295,0.6284784835567567
1056,MG63,H3K9me3,Alu,-0.0006850508465428976,0.4714848092479941,-0.00254970362066983,0.001179606691346077
1057,MG63,H3K9me3,L1,-0.0020676702810420184,0.13287658517096235,-0.004764218946028361,0.0006289084540189483
1058,MG63,H3K9me3,MIR,-0.0001565573634049891,0.9104913361897242,-0.0028860474451350066,0.0025729350510681486
1059,MG63,H3K9me3,L2,0.00010861475514275964,0.9482825947292761,-0.0031733559594612076,0.003390583129897241
1060,MG63,H3K9me3,ERVL-MaLR,-0.0013043947520011985,0.5153031913321565,-0.005233892908800487,0.002625143687482905
1061,MG63,H3K9me3,hAT-Charlie,0.0016984383679889397,0.4258276082845276,-0.0024817260076244125,0.005878543388016795
1062,MG63,H3K9me3,ERV1,0.007829523489141944,0.010444159584488905,0.0018369086732942304,0.01382157598448006
1063,MG63,H3K9me3,ERVL,0.001244513572172029,0.6904435191221467,-0.0048802172415179906,0.007369151017939303
1064,MG63,H3K9me3,TcMar-Tigger,0.0021541263279489815,0.497998607244447,-0.00407631972185859,0.008384405141744853
1065,MG63,H3K9me3,hAT-Tip100,-0.0017047663974575698,0.6944029479592988,-0.010208897792725992,0.00679961158394408
1066,MG63,H3K9me3,CR1,0.0012665662595617718,0.7884235570379066,-0.007983733195453912,0.010516648964123954
1067,MG63,H3K9me3,Gypsy,-0.009849224652821936,0.21760005354893752,-0.025502073603592457,0.005808452605237553
1068,MG63,H3K9me3,hAT-Blackjack,-3.7061166577302695e-05,0.996373973016133,-0.01601956038618224,0.015945456986879724
1069,MG63,H3K9me3,TcMar-Mariner,-0.007394034176857912,0.36868324540205777,-0.023511756821285153,0.008727531252525997
1070,MG63,H3K9me3,RTE-X,0.014192062644882418,0.16827746264689927,-0.005998727647699189,0.03437128593677739
1071,MG63,H3K9me3,ERVK,0.0056310655189860375,0.6289697292467218,-0.017210201128150405,0.028466457772993548
1072,MG63,H3K9me3,TcMar-Tc2,0.00811764588107349,0.5122057293347814,-0.016157939863005955,0.032383667241020354
1073,MG63,H3K9me3,SVA,0.008999400357589957,0.5277688921932409,-0.018935499079312888,0.036920260197426134
1074,MG63,H3K9me3,RTE-BovB,-0.018168258688948367,0.21870211519775262,-0.047092587021567746,0.010786511426447803
1075,MG63,H3K9me3,tRNA-RTE,0.0012728632245856783,0.9368984831559763,-0.03023202969070485,0.0327752295565622
1076,MG63,H3K9me3,hAT-Ac,-0.02128016603508434,0.2407353682358166,-0.05678563125428798,0.014279057939166017
1077,MG63,H3K9me3,hAT,0.004122554339508505,0.8308284765178797,-0.03368956811542902,0.041922891769724066
1078,MG63,H3K9me3,MULE-MuDR,0.0018151251230733207,0.9306540051476779,-0.039050892374428985,0.042675080868038055
1079,MG63,H3K9me3,PiggyBac,0.013265699556061446,0.5443350748290051,-0.029619389425569832,0.05610204070967124
1080,MG63,H3K9me3,5S-Deu-L2,0.02895457448837897,0.20952648992381556,-0.016284679130007123,0.07407552256703079
1081,MG63,H3K9me3,Helitron,0.016478822017482405,0.49867159862604193,-0.03125996449359547,0.06414259598192557
1082,MG63,H3K9me3,hAT-Tag1,-0.017557190459384166,0.4723124479683811,-0.06535892165183008,0.03032493701674613
1083,MG63,H3K9me3,tRNA,-0.008514060472196095,0.7421262956122645,-0.059170533168331686,0.042186148611073226
1084,MG63,H3K9me3,Penelope,0.025040125590910803,0.5210775898947803,-0.05144491390169036,0.10123313304410513
1085,MG63,H3K9me3,TcMar-Tc1,0.011717107994471013,0.7652268067880567,-0.06512799387682625,0.08842405666379684
1086,MG63,H3K9me3,Dong-R4,0.01629382578781648,0.7367760118895443,-0.07862066628582734,0.11091557125933371
1087,MG63,H3K9me3,tRNA-Deu,-0.0031581597412226907,0.9487329297475269,-0.09915846562706922,0.09290039361632933
1088,MG63,H3K9me3,Kolobok,-0.01601791016316479,0.7639265657768413,-0.1200592342938735,0.08837143809147016
1089,MG63,H3K9me3,PIF-Harbinger,-0.023461931247031546,0.6631775366280368,-0.12844156987337094,0.08203769003297852
1090,MG63,H3K9me3,Crypton,0.02042315815865809,0.7322863594318421,-0.09641602598303757,0.1367071511529406
1091,MG63,H3K9me3,Merlin,0.160155364266183,0.019932488252603128,0.024773358015240526,0.289768810901511
1092,MG63,H3K9me3,TcMar,0.0840899925989658,0.23062603257820688,-0.053805097758982026,0.21883786450317158
1093,MG63,H3K9me3,L1-Tx1,-0.16900975045195185,0.049188220353131556,-0.3290895444716506,0.0005126365570893038
1094,MG63,H3K9me3,Crypton-A,0.11844601063245064,0.179537991935609,-0.055465993396326616,0.28538263762229255
1095,MG63,H3K9me3,I-Jockey,-0.13458437586877955,0.16293759964762708,-0.3154935079793572,0.055764813579145076
1096,MG63,H3K9me3,hAT-Tip100?,-0.15027472527472527,0.2359193466343777,-0.3831802860591739,0.10059753594871748
1097,MG63,H3K9me3,TcMar-Pogo,0.07184750733137829,0.6959699616344138,-0.2843919480075432,0.4106535454804418
1098,MG63,H3K9me3,hAT?,0.19113827349121468,0.2788738934780078,-0.1603074057553542,0.49957442509032846
1099,MG63,H3K9me3,hAT-hAT19,0.3205882352941176,0.22604542220798243,-0.2213601748264756,0.7112411230018962
1100,MG63,H3K36me3,Alu,0.000462965413916952,0.6264945899335308,-0.001401545737664999,0.002327473346596142
1101,MG63,H3K36me3,L1,-0.0007239719700853875,0.598784922249499,-0.0034208391976225565,0.001972905788529132
1102,MG63,H3K36me3,MIR,0.0014081465957854042,0.3119191798299919,-0.0013211949862017012,0.00413746719846389
1103,MG63,H3K36me3,L2,8.72188921330295e-05,0.9584602245646017,-0.0031947700075576004,0.003369205912876651
1104,MG63,H3K36me3,ERVL-MaLR,-0.0010593217241515439,0.5972272807972512,-0.004988627949818604,0.0028700172125086477
1105,MG63,H3K36me3,hAT-Charlie,0.0011155289924648902,0.6009166637211527,-0.003064297628927589,0.005295316635468548
1106,MG63,H3K36me3,ERV1,-0.0016474170193769323,0.5900108325207322,-0.0076397867760732594,0.004345071052509097
1107,MG63,H3K36me3,ERVL,-0.0018902664270194556,0.545230349394004,-0.008014631141011249,0.004234240090395557
1108,MG63,H3K36me3,TcMar-Tigger,-0.00373548210529004,0.23991919466830997,-0.009965215385135203,0.002494541137055515
1109,MG63,H3K36me3,hAT-Tip100,-0.008139315664602876,0.06066651230638735,-0.016642257588258064,0.0003648034453735838
1110,MG63,H3K36me3,CR1,0.0015256545112982338,0.7465795569537539,-0.00772754812041488,0.010778595891333937
1111,MG63,H3K36me3,Gypsy,-0.0065810230294844,0.4100938286274025,-0.022236801808021886,0.00907798261610381
1112,MG63,H3K36me3,hAT-Blackjack,0.012835296542917192,0.1154453876984166,-0.0031463904848952145,0.028810428543000702
1113,MG63,H3K36me3,TcMar-Mariner,-0.01171568315581171,0.15426565977705686,-0.02782856041788134,0.004403280603723439
1114,MG63,H3K36me3,RTE-X,-0.005535533452336353,0.5909962106702316,-0.025719798386873785,0.014653243031642295
1115,MG63,H3K36me3,ERVK,-0.015600190131277525,0.1807419330106438,-0.03842985855592803,0.007245755292168324
1116,MG63,H3K36me3,TcMar-Tc2,0.0037511142949511176,0.7619998815949158,-0.020522841974766063,0.02802065080706697
1117,MG63,H3K36me3,SVA,0.00375772870820315,0.7921565629188586,-0.02418867406122856,0.03169826304434412
1118,MG63,H3K36me3,RTE-BovB,-0.00487815884408796,0.7412300668027961,-0.033820264889147966,0.024072122039450698
1119,MG63,H3K36me3,tRNA-RTE,-0.011245374807697352,0.48421206770618197,-0.04273083218235938,0.02026239703576308
1120,MG63,H3K36me3,hAT-Ac,0.03252215486554229,0.07299136902846666,-0.003041001377576682,0.06800315024530333
1121,MG63,H3K36me3,hAT,-0.01610713118862541,0.40394329154537345,-0.053890502794457555,0.021722296963247033
1122,MG63,H3K36me3,MULE-MuDR,0.01579894272949443,0.44855854863003075,-0.025065115787023882,0.05661029174743196
1123,MG63,H3K36me3,PiggyBac,0.0293470548184429,0.17925340390451433,-0.013494302360247363,0.07208086369961572
1124,MG63,H3K36me3,5S-Deu-L2,-0.04135249110836398,0.07296447485294957,-0.08640667037219832,0.0038704868971794503
1125,MG63,H3K36me3,Helitron,0.021132448224024204,0.38528438303933277,-0.026582382366706733,0.06875120495506161
1126,MG63,H3K36me3,hAT-Tag1,0.023745876822307367,0.33055631825376386,-0.02409844980303489,0.07148167644516427
1127,MG63,H3K36me3,tRNA,0.007029290104798913,0.7858864609339388,-0.04366798034530672,0.057690450958283256
1128,MG63,H3K36me3,Penelope,-0.028738470542500144,0.4614284880820614,-0.10489860334164756,0.04775679334635646
1129,MG63,H3K36me3,TcMar-Tc1,-0.09068487970537109,0.020466372123007497,-0.16640667092679098,-0.013899805512377126
1130,MG63,H3K36me3,Dong-R4,-0.012662244623133215,0.7939360188290167,-0.10732401015438371,0.082227031734034
1131,MG63,H3K36me3,tRNA-Deu,0.04496631314207098,0.359695663638707,-0.05133383564219979,0.1404379521606535
1132,MG63,H3K36me3,Kolobok,0.05973121756786741,0.2616687586386855,-0.044727300466969364,0.16289772462219254
1133,MG63,H3K36me3,PIF-Harbinger,0.03738336546367493,0.4876164393941014,-0.0682042410280011,0.14214279750047742
1134,MG63,H3K36me3,Crypton,0.04335010422970001,0.46760861460483893,-0.07367424285384024,0.15919685313136248
1135,MG63,H3K36me3,Merlin,0.054343000912363146,0.4322958916868711,-0.08142210633394605,0.1881281584749026
1136,MG63,H3K36me3,TcMar,0.09384966085550112,0.180745828275101,-0.04405071689187141,0.22824057948365503
1137,MG63,H3K36me3,L1-Tx1,-0.0387815512913267,0.6527561583586252,-0.2052235776477446,0.129840625862626
1138,MG63,H3K36me3,Crypton-A,0.16276494197659325,0.06427889669952809,-0.010840771000818395,0.32684548722155016
1139,MG63,H3K36me3,I-Jockey,0.045797423779075155,0.6363023685293621,-0.14363857761916002,0.231995838612052
1140,MG63,H3K36me3,hAT-Tip100?,-0.15032051282051279,0.23577498764162325,-0.38322098542138466,0.10055201400455265
1141,MG63,H3K36me3,TcMar-Pogo,-0.09127565982404691,0.6193092452967088,-0.42701790956411606,0.2665841529645584
1142,MG63,H3K36me3,hAT?,0.01787624140565317,0.9200708216320077,-0.3222626253517512,0.35392715089512844
1143,MG63,H3K36me3,hAT-hAT19,0.18823529411764706,0.4850866091454682,-0.3433482297655295,0.6284784835567567
1144,MG63,H3K27me3,Alu,-0.00030499614973039765,0.7484940212527824,-0.0021694145361768084,0.0015594243570859654
1145,MG63,H3K27me3,L1,-0.0008440263256674895,0.5394942694436284,-0.003540103763622808,0.0018520633825261615
1146,MG63,H3K27me3,MIR,0.0005302818659441804,0.7033249394882667,-0.002198800001168244,0.003259355834117526
1147,MG63,H3K27me3,L2,-0.0007784720725028295,0.6419371837023997,-0.004059750997452131,0.002502823615835077
1148,MG63,H3K27me3,ERVL-MaLR,0.0003981203175013521,0.8425765863428719,-0.00353090332684384,0.004327131670135781
1149,MG63,H3K27me3,hAT-Charlie,-0.001235120200864293,0.5624463510442622,-0.005414534238956698,0.00294433698666784
1150,MG63,H3K27me3,ERV1,-0.002681258317633197,0.38043291207821106,-0.008672618821861947,0.0033102946892102094
1151,MG63,H3K27me3,ERVL,-0.001681221715191792,0.5904842120058491,-0.0078043423015100415,0.0044420249408441735
1152,MG63,H3K27me3,TcMar-Tigger,-0.0015598089341505971,0.6236073093694268,-0.007789334327057288,0.0046698375243722804
1153,MG63,H3K27me3,hAT-Tip100,-0.002942697426611484,0.49762120236941276,-0.011446062272606144,0.005561093000870376
1154,MG63,H3K27me3,CR1,0.0008016919763550397,0.8651087840772578,-0.008447853295050177,0.010051100073655114
1155,MG63,H3K27me3,Gypsy,0.0017478973007248786,0.8268072223964137,-0.013908897207321079,0.017403834910694777
1156,MG63,H3K27me3,hAT-Blackjack,0.004861164644746739,0.5508992541412123,-0.011113806060313583,0.020833654541076104
1157,MG63,H3K27me3,TcMar-Mariner,-0.00316428010401639,0.7003161550463721,-0.019275470060867227,0.012948552743963716
1158,MG63,H3K27me3,RTE-X,-0.0009152116553175862,0.9291872169044277,-0.021097528974059216,0.019267851270474534
1159,MG63,H3K27me3,ERVK,0.017986063553377285,0.1225005909569827,-0.004842699656369827,0.040796089127415926
1160,MG63,H3K27me3,TcMar-Tc2,-0.001071701488139035,0.9310322783489035,-0.025337470245135944,0.02319532943064176
1161,MG63,H3K27me3,SVA,0.0070162545742371366,0.6227051151703418,-0.02093195736220711,0.03495350943978642
1162,MG63,H3K27me3,RTE-BovB,-0.00351499378142327,0.8118631159276962,-0.03244902589865724,0.02542492495835091
1163,MG63,H3K27me3,tRNA-RTE,-0.017137106992210164,0.2865665545279639,-0.048624968852174114,0.014384783970670034
1164,MG63,H3K27me3,hAT-Ac,0.040779798512698265,0.024500181272972876,0.00523406940482417,0.07622260438664416
1165,MG63,H3K27me3,hAT,0.006400235652243732,0.7401345321042132,-0.031414463726977114,0.04419663908508307
1166,MG63,H3K27me3,MULE-MuDR,0.021049657223529798,0.3127309626385367,-0.019826123882799678,0.0618551873176814
1167,MG63,H3K27me3,PiggyBac,0.0013851556454719642,0.9495261857770388,-0.04148368962022365,0.04424891039991129
1168,MG63,H3K27me3,5S-Deu-L2,-0.01514312632030978,0.5117010861788955,-0.06031289325078343,0.030088532751631553
1169,MG63,H3K27me3,Helitron,0.010597178454669391,0.6632251357919141,-0.03709151712143605,0.05823771684253253
1170,MG63,H3K27me3,hAT-Tag1,0.019775971993211607,0.4172187436178254,-0.028008581167831604,0.06747034885189722
1171,MG63,H3K27me3,tRNA,0.026321109400635426,0.3091359783882386,-0.024418286590742213,0.07692524629470343
1172,MG63,H3K27me3,Penelope,0.03756977364874934,0.33519855674639387,-0.038885373476683444,0.11358759591906287
1173,MG63,H3K27me3,TcMar-Tc1,0.003758047797593701,0.9236405068627345,-0.07298829245194584,0.08046014313555298
1174,MG63,H3K27me3,Dong-R4,0.050548997759527654,0.29791286470542605,-0.044735569387953984,0.1449221321779989
1175,MG63,H3K27me3,tRNA-Deu,-0.03575455189933884,0.4665096471582456,-0.13136400598758888,0.06051392710716392
1176,MG63,H3K27me3,Kolobok,-0.04936428793924432,0.353729450784386,-0.1527300443712075,0.055069838264508154
1177,MG63,H3K27me3,PIF-Harbinger,-0.03879437465202173,0.4706834548330323,-0.14337964330981254,0.06664780904756297
1178,MG63,H3K27me3,Crypton,-0.025422262719607167,0.6702210529280418,-0.1416185984810098,0.09146508394956052
1179,MG63,H3K27me3,Merlin,0.08055832515361984,0.24397017840339932,-0.05532951953156999,0.21351620296318932
1180,MG63,H3K27me3,TcMar,0.08658754275724279,0.21702256691852645,-0.05131080381097721,0.22124588142074994
1181,MG63,H3K27me3,L1-Tx1,-0.068218385674513,0.4300343170116686,-0.23405248998494785,0.10147308701941364
1182,MG63,H3K27me3,Crypton-A,0.09767808347765551,0.26890345354393125,-0.07619453552350978,0.2657855753206584
1183,MG63,H3K27me3,I-Jockey,-0.06457232879251229,0.5047214497645982,-0.24982782563035286,0.12524347988734344
1184,MG63,H3K27me3,hAT-Tip100?,-0.03498168498168498,0.7837605109961595,-0.27846788998778754,0.21272947844855233
1185,MG63,H3K27me3,TcMar-Pogo,0.07404692082111436,0.6871239709469288,-0.2823851624630676,0.4125143666306788
1186,MG63,H3K27me3,hAT?,0.06004583651642475,0.7358660175747169,-0.2841758295949631,0.39055540750339046
1187,MG63,H3K27me3,hAT-hAT19,0.1764705882352941,0.5132505967364668,-0.35353200740425916,0.6207039869240245
1188,MG63,H3K4me3,Alu,0.0005089136828970268,0.5928294188803667,-0.0013563885805697067,0.0023742124049893417
1189,MG63,H3K4me3,L1,-0.002866932819832387,0.03719271997261222,-0.005563656573046219,-0.00017016736713098833
1190,MG63,H3K4me3,MIR,-0.0008466914749869911,0.5432435527652728,-0.003576474132306648,0.0018831038010043877
1191,MG63,H3K4me3,L2,0.0004043889142895299,0.8091747483619538,-0.002877667438868399,0.003686436555400198
1192,MG63,H3K4me3,ERVL-MaLR,-0.001583205860086028,0.42979449281577675,-0.005513313485491263,0.0023469506736414235
1193,MG63,H3K4me3,hAT-Charlie,0.0015769594344046854,0.45972730058331124,-0.002603755592377076,0.00575761933638962
1194,MG63,H3K4me3,ERV1,-0.00035514785949291347,0.907537172375947,-0.006348219940484416,0.005637949733239926
1195,MG63,H3K4me3,ERVL,0.0015242201816874732,0.6257390596829343,-0.004600876450304133,0.007649202447794714
1196,MG63,H3K4me3,TcMar-Tigger,0.0023085482776980556,0.46773981719509994,-0.00392240428081311,0.008539321582699991
1197,MG63,H3K4me3,hAT-Tip100,0.002612837446484308,0.5470793253958097,-0.0058919014519639755,0.01111719838303464
1198,MG63,H3K4me3,CR1,0.003060073087503014,0.5168141388091785,-0.006191768708464478,0.012311391044665405
1199,MG63,H3K4me3,Gypsy,-0.0030220860602438765,0.705217328240832,-0.018678139480690487,0.012635449013109758
1200,MG63,H3K4me3,hAT-Blackjack,-0.000346052547326831,0.9661514852908886,-0.016327940067593364,0.01563601175290388
1201,MG63,H3K4me3,TcMar-Mariner,-0.003411713881256478,0.6783436206414957,-0.019533172642922172,0.012711518514810885
1202,MG63,H3K4me3,RTE-X,-0.015598995370669038,0.1299548935767161,-0.035778081143243504,0.00459280518184699
1203,MG63,H3K4me3,ERVK,-0.0029420050998615653,0.8007677650114728,-0.025786950451432013,0.01990601150620408
1204,MG63,H3K4me3,TcMar-Tc2,-0.012687612360062278,0.30579299009776156,-0.03695665472064179,0.011596387282142934
1205,MG63,H3K4me3,SVA,-0.0178188947324809,0.21175379327487917,-0.04576197497439445,0.010152048650000741
1206,MG63,H3K4me3,RTE-BovB,0.015595625577137937,0.29116624933168417,-0.013365194823528739,0.04453030222473527
1207,MG63,H3K4me3,tRNA-RTE,0.0009380787571051297,0.9534550520285184,-0.03055429678822639,0.032428593694524874
1208,MG63,H3K4me3,hAT-Ac,-0.017417043392136462,0.33714111381783884,-0.05294304600842839,0.018152991063079802
1209,MG63,H3K4me3,hAT,0.01816072053406817,0.3466028721528447,-0.019662606128145865,0.05593213978656586
1210,MG63,H3K4me3,MULE-MuDR,-0.008544931001990077,0.6818487941859812,-0.04936491975165331,0.03230355605883096
1211,MG63,H3K4me3,PiggyBac,0.039491757333931586,0.07093174983375193,-0.003386775637251519,0.08222533853707228
1212,MG63,H3K4me3,5S-Deu-L2,-0.05538343081916252,0.01638007074942457,-0.10039889383091294,-0.010141688383329706
1213,MG63,H3K4me3,Helitron,0.020452152972057564,0.40049159441385973,-0.027233898245114716,0.06804533176095928
1214,MG63,H3K4me3,hAT-Tag1,-0.0009378739512222919,0.9693768267728458,-0.04878866047323671,0.046917207855888717
1215,MG63,H3K4me3,tRNA,0.007686893163015182,0.7662606976910928,-0.04297782086208979,0.05831217239829631
1216,MG63,H3K4me3,Penelope,0.053073834001427,0.17356717418317244,-0.023449555493273235,0.12897892156628957
1217,MG63,H3K4me3,TcMar-Tc1,-0.058148619912420714,0.13832763408007007,-0.1344548722950098,0.018843191763958086
1218,MG63,H3K4me3,Dong-R4,0.03628363341129177,0.45457316573309814,-0.05884794613723248,0.13076212668208212
1219,MG63,H3K4me3,tRNA-Deu,-0.045700185826455506,0.35190045858739283,-0.141160327360049,0.0506019593540219
1220,MG63,H3K4me3,Kolobok,0.011346490482535934,0.8312979973430893,-0.09285456402826728,0.11530169747638865
1221,MG63,H3K4me3,PIF-Harbinger,0.04395699204580356,0.41367020562508894,-0.06150879148163396,0.14845203053674225
1222,MG63,H3K4me3,Crypton,0.05795112160203354,0.33135383759148573,-0.05914332016365516,0.17347248132355328
1223,MG63,H3K4me3,Merlin,0.05108548675330048,0.46043328377226134,-0.08465459370667977,0.18496398873480852
1224,MG63,H3K4me3,TcMar,0.13115063515188757,0.060873460728001615,-0.006583774204370122,0.2640014224614451
1225,MG63,H3K4me3,L1-Tx1,-0.10927155084195017,0.20538862051945767,-0.2730592599654219,0.06067277152947388
1226,MG63,H3K4me3,Crypton-A,0.009714823367912446,0.912648242511358,-0.16274749440749273,0.18160111611048393
1227,MG63,H3K4me3,I-Jockey,0.00571772773607636,0.9529464584312095,-0.18258186603980556,0.19361271558163815
1228,MG63,H3K4me3,hAT-Tip100?,-0.2238095238095238,0.07543433743044886,-0.4476310122909549,0.026401696789791172
1229,MG63,H3K4me3,TcMar-Pogo,0.05975073313782991,0.7452992192140482,-0.29538778020703443,0.4003812375299759
1230,MG63,H3K4me3,hAT?,0.12360580595874712,0.4861415865739108,-0.22519390432618205,0.4443219452063804
1231,MG63,H3K4me3,hAT-hAT19,0.37941176470588234,0.14722713386289268,-0.1620069981155764,0.7452529035926163
1232,VCaP,CTCF,Alu,-0.0003169965946054469,0.7386295123111355,-0.0021790255713350867,0.0015450345802777057
1233,VCaP,CTCF,L1,-0.0008130906952619167,0.5543545374048422,-0.003508444332986231,0.0018822747566179646
1234,VCaP,CTCF,MIR,0.0007583385518727313,0.5854985671977314,-0.0019669927706653417,0.003483658609436628
1235,VCaP,CTCF,L2,-0.0007047042560736133,0.6737213098272073,-0.0039850741437234445,0.0025756807980544774
1236,VCaP,CTCF,ERVL-MaLR,0.0009146051563489253,0.6478004545233108,-0.0030094603052474122,0.004838642451413477
1237,VCaP,CTCF,hAT-Charlie,-0.00043900580547205094,0.8366877620010397,-0.004613174138266614,0.003735177825575988
1238,VCaP,CTCF,ERV1,-0.002794212934437177,0.3599046039538295,-0.008775764904891223,0.003187538992349926
1239,VCaP,CTCF,ERVL,-0.0023584428238822655,0.44978780897720994,-0.008474515494161663,0.0037578062939203115
1240,VCaP,CTCF,TcMar-Tigger,-0.0006226977024580339,0.8445072346689277,-0.0068452951541080175,0.005599947972189931
1241,VCaP,CTCF,hAT-Tip100,0.002722830564827618,0.5298770954546993,-0.005772400584252863,0.011217668721517023
1242,VCaP,CTCF,CR1,0.0004886914284040084,0.9174806169480806,-0.008755787079888755,0.00973308640991835
1243,VCaP,CTCF,Gypsy,-0.004272954471793014,0.5925546087232665,-0.019920608403562422,0.011376792235927392
1244,VCaP,CTCF,hAT-Blackjack,-0.004956878524192011,0.5427356536642456,-0.020915559048004777,0.011004327291726682
1245,VCaP,CTCF,TcMar-Mariner,0.004173079254431857,0.6112876188671863,-0.011919817824816572,0.020263815087043998
1246,VCaP,CTCF,RTE-X,-0.008393522108150522,0.41498136214638714,-0.028568531842007968,0.011788323270066622
1247,VCaP,CTCF,ERVK,-0.01342632630427592,0.24819071349752733,-0.03620261059598296,0.009363899085568604
1248,VCaP,CTCF,TcMar-Tc2,0.00011833600211475863,0.9923700172839447,-0.024131432204951946,0.024367965034708425
1249,VCaP,CTCF,SVA,0.010086933180036126,0.478849769888837,-0.017831372825991124,0.03798952228582677
1250,VCaP,CTCF,RTE-BovB,-0.000652859888663904,0.9647107025676376,-0.029567496197133003,0.028262868116592836
1251,VCaP,CTCF,tRNA-RTE,-0.017713778315994144,0.2701621674078525,-0.04916810515430851,0.013775649778797906
1252,VCaP,CTCF,hAT-Ac,0.007371419716325369,0.6842983847118429,-0.02815747995845817,0.042881718197407444
1253,VCaP,CTCF,hAT,-0.0069668954643102325,0.7177671002085897,-0.044720166920387834,0.030806247374202383
1254,VCaP,CTCF,MULE-MuDR,-0.00987229728126381,0.6356208543849244,-0.05067162495388803,0.030959926656298358
1255,VCaP,CTCF,PiggyBac,-0.0023707075431109287,0.9136423505822233,-0.045191590398601926,0.04045887111827806
1256,VCaP,CTCF,5S-Deu-L2,-0.01884153967790513,0.41385364383720735,-0.063963533148124,0.02635733434250443
1257,VCaP,CTCF,Helitron,-0.038352437066081706,0.1141530333346886,-0.08578357450801068,0.009252150488437142
1258,VCaP,CTCF,hAT-Tag1,-0.003755847100872279,0.8775632414923686,-0.05150021688245491,0.04400565215924776
1259,VCaP,CTCF,tRNA,0.0076466925191093415,0.7668446143342984,-0.04288310383464348,0.05813746875175423
1260,VCaP,CTCF,Penelope,-0.0037027912809527914,0.9243000450672252,-0.07993948573233628,0.07257696956973968
1261,VCaP,CTCF,TcMar-Tc1,-0.040558349302266566,0.29999115942923055,-0.11683428149096803,0.036193246795178255
1262,VCaP,CTCF,Dong-R4,0.045810390581750536,0.3444253460043224,-0.049239754815071174,0.14003822075416586
1263,VCaP,CTCF,tRNA-Deu,0.07681750984099776,0.11684554983276048,-0.019381104297750373,0.17160687099081243
1264,VCaP,CTCF,Kolobok,0.02318833229025459,0.6637066812068455,-0.08125715885375147,0.1271300760683571
1265,VCaP,CTCF,PIF-Harbinger,0.02462707397266099,0.6465999340270259,-0.0805771673962253,0.1292886565625037
1266,VCaP,CTCF,Crypton,0.01499493113989825,0.8016970253550174,-0.10178705352984099,0.1313692492076916
1267,VCaP,CTCF,Merlin,0.04953913060533209,0.47307996439920263,-0.08586502096813392,0.18314644912738146
1268,VCaP,CTCF,TcMar,-0.10102880415207996,0.15150883380172103,-0.23579630508517457,0.03755125666035783
1269,VCaP,CTCF,L1-Tx1,0.09988133812933181,0.24552977518665087,-0.06940958201870892,0.2635804940171403
1270,VCaP,CTCF,Crypton-A,-0.11068538782006855,0.2081815049684227,-0.2774419094745187,0.06254526307957711
1271,VCaP,CTCF,I-Jockey,0.04660365119080716,0.6303682735583321,-0.1428506748653736,0.23276351311522636
1272,VCaP,CTCF,hAT-Tip100?,-0.17907509157509155,0.1568226460572463,-0.4086408183022347,0.07180077046939172
1273,VCaP,CTCF,TcMar-Pogo,0.13086510263929618,0.4752821647106642,-0.2297174704265644,0.4598578710245501
1274,VCaP,CTCF,hAT?,0.07899159663865546,0.6569970751405878,-0.2667969444684838,0.4067620132538541
1275,VCaP,CTCF,hAT-hAT19,-0.25588235294117645,0.33878990807124576,-0.6718567347453558,0.282802315049514
1276,VCaP,H3K27ac,Alu,-4.6707541117875956e-05,0.9607939251520765,-0.0019089939364307189,0.0018155791781688626
1277,VCaP,H3K27ac,L1,-7.266733047086769e-05,0.9578620833514324,-0.0027682417922413947,0.0026229081873194097
1278,VCaP,H3K27ac,MIR,-0.000864076927954631,0.5343457563605322,-0.003589519687753323,0.0018613786687070274
1279,VCaP,H3K27ac,L2,-0.00040905312258749293,0.8069252103835421,-0.0036895097071513406,0.002871412265966243
1280,VCaP,H3K27ac,ERVL-MaLR,-0.003014511154392422,0.13218420347839155,-0.006938814312903002,0.0009098848550384869
1281,VCaP,H3K27ac,hAT-Charlie,-0.0002904047901388391,0.8915464932425234,-0.004464879009465074,0.00388407955053703
1282,VCaP,H3K27ac,ERV1,0.004361135073451996,0.15306188623940575,-0.0016213192096196473,0.010343277198926462
1283,VCaP,H3K27ac,ERVL,0.006027128399131646,0.053469119911647295,-9.00998396632186e-05,0.012143905578710288
1284,VCaP,H3K27ac,TcMar-Tigger,0.003290794539233992,0.30000003766058236,-0.002932344837020431,0.009513679034915564
1285,VCaP,H3K27ac,hAT-Tip100,-0.007145233236382816,0.09924612953146242,-0.01563947422520774,0.0013500390178689365
1286,VCaP,H3K27ac,CR1,0.0026600573551105317,0.5727846797885578,-0.006584662152325699,0.011904322198945357
1287,VCaP,H3K27ac,Gypsy,-0.006248619068216327,0.4339085163897527,-0.021896542763349226,0.009402365387660871
1288,VCaP,H3K27ac,hAT-Blackjack,-0.009236402097685748,0.2568352160098644,-0.025197499181024156,0.006729402844540446
1289,VCaP,H3K27ac,TcMar-Mariner,-0.01023533768816464,0.21264345504309518,-0.02632670382132114,0.005861331261507326
1290,VCaP,H3K27ac,RTE-X,0.007297882938076818,0.4785029642211537,-0.012884846330578546,0.027474668164520204
1291,VCaP,H3K27ac,ERVK,0.010709498767339315,0.35714161887440354,-0.012086601053877962,0.03349447210247234
1292,VCaP,H3K27ac,TcMar-Tc2,-0.0024864941365505895,0.84077138566082,-0.026738330980260853,0.021768267949002922
1293,VCaP,H3K27ac,SVA,-0.016009770204079014,0.2609602635970832,-0.043901685493576516,0.011907083637434217
1294,VCaP,H3K27ac,RTE-BovB,-0.008583013561079442,0.560792848154345,-0.03748943290362071,0.02033775756767595
1295,VCaP,H3K27ac,tRNA-RTE,0.006304326920188598,0.6946358731456165,-0.02516808315585728,0.0377642524237805
1296,VCaP,H3K27ac,hAT-Ac,0.002600914693758188,0.8858867172880385,-0.032911568301627475,0.0381068386397864
1297,VCaP,H3K27ac,hAT,-0.009701257973800984,0.6147464109117431,-0.047449341276698684,0.028074495189053625
1298,VCaP,H3K27ac,MULE-MuDR,0.003645025560395457,0.8611544015179688,-0.03718825341079905,0.04446615287203414
1299,VCaP,H3K27ac,PiggyBac,-0.01955116025888531,0.3710913957144627,-0.06232846668333023,0.02329784676192728
1300,VCaP,H3K27ac,5S-Deu-L2,-0.00024562224145273533,0.9914993592795504,-0.0454055618110399,0.044915319204314116
1301,VCaP,H3K27ac,Helitron,-0.01276952135787824,0.5990098019652025,-0.06030506201268287,0.034823807602079516
1302,VCaP,H3K27ac,hAT-Tag1,-0.0031346167463649115,0.8976924195266532,-0.05088055607251857,0.04462561881267925
1303,VCaP,H3K27ac,tRNA,0.013420713600421184,0.6027767879709102,-0.03711921699064714,0.063892164111049
1304,VCaP,H3K27ac,Penelope,-0.01608931812679195,0.6799105132182166,-0.09229769447921116,0.06030645067503113
1305,VCaP,H3K27ac,TcMar-Tc1,-0.05318144710201052,0.17400928013161093,-0.12931588444051817,0.02357632838900926
1306,VCaP,H3K27ac,Dong-R4,-0.05418367463689141,0.2633517369342822,-0.14827751425971894,0.04088237931206781
1307,VCaP,H3K27ac,tRNA-Deu,0.006009436957766051,0.9025058855005358,-0.08995835937938246,0.10186666519339575
1308,VCaP,H3K27ac,Kolobok,0.007351802695754986,0.8902151997615788,-0.09681173904027641,0.11135604504447619
1309,VCaP,H3K27ac,PIF-Harbinger,-0.01653270982859326,0.7582577329316182,-0.12130936151691558,0.08860830079480629
1310,VCaP,H3K27ac,Crypton,-0.11149854310574234,0.061498128516517904,-0.2257134492067258,0.005739969230972456
1311,VCaP,H3K27ac,Merlin,0.039371477043435854,0.5686171966900958,-0.095938253106489,0.17325253173539276
1312,VCaP,H3K27ac,TcMar,-0.006432760492553816,0.9274229052930022,-0.1440164197548022,0.1313948755594878
1313,VCaP,H3K27ac,L1-Tx1,0.06934427932926555,0.42071178701799705,-0.09973014060069564,0.23452667359037355
1314,VCaP,H3K27ac,Crypton-A,-0.0019270985556943624,0.982571377731033,-0.17339543415248815,0.16965463115413476
1315,VCaP,H3K27ac,I-Jockey,-0.011009174311926608,0.9095410377731108,-0.1987049610423857,0.17746562630765558
1316,VCaP,H3K27ac,hAT-Tip100?,0.0715201465201465,0.5743856374148619,-0.1777186163596052,0.31213654497445936
1317,VCaP,H3K27ac,TcMar-Pogo,0.012463343108504396,0.9460238322732195,-0.3377107488684162,0.3596068597602821
1318,VCaP,H3K27ac,hAT?,-0.008708938120702826,0.9610126958628061,-0.3458619437919646,0.33043584272383353
1319,VCaP,H3K27ac,hAT-hAT19,-0.6558823529411765,0.005800736962231502,-0.8820138548739643,-0.184213242354401
1320,C4-2B,CTCF,Alu,0.00040013035910687944,0.674575996425489,-0.0014676610076470122,0.002267918934039272
1321,C4-2B,CTCF,L1,-0.0014091499987194266,0.3064573840843251,-0.004109754673601874,0.0012914752309707322
1322,C4-2B,CTCF,MIR,0.0017523582997597026,0.2081017129947598,-0.0009760790170611416,0.004480769526342131
1323,C4-2B,CTCF,L2,-0.0013398989296518886,0.4236703464089996,-0.004622277649021871,0.0019425086621929829
1324,C4-2B,CTCF,ERVL-MaLR,-0.007513930845619448,0.00018185449468248173,-0.011448267157053691,-0.003579361890991061
1325,C4-2B,CTCF,hAT-Charlie,0.0028916107213029013,0.17538580373605103,-0.0012907171534658883,0.007073837438335467
1326,C4-2B,CTCF,ERV1,0.0027064958538319398,0.37828840091295757,-0.0033143016093540043,0.008727097101014632
1327,C4-2B,CTCF,ERVL,0.0010100468114143607,0.746707531105226,-0.005119198161619938,0.007139215895152926
1328,C4-2B,CTCF,TcMar-Tigger,-0.0019000021666516354,0.5502962123947202,-0.008134297213958221,0.004334440577307541
1329,C4-2B,CTCF,hAT-Tip100,-0.0006555972291518923,0.8798610241001921,-0.009156779894198275,0.007845680197154906
1330,C4-2B,CTCF,CR1,-0.0006921394983377372,0.8834563953892434,-0.009946093259210599,0.00856193280775628
1331,C4-2B,CTCF,Gypsy,0.005177667353145194,0.516965341558852,-0.010482187545047771,0.020834983145358962
1332,C4-2B,CTCF,hAT-Blackjack,0.0012897862712876293,0.8744234593887839,-0.014704735723611027,0.017283648373855903
1333,C4-2B,CTCF,TcMar-Mariner,0.0009641680537777488,0.9068879638065237,-0.01519138673197473,0.017119219555256183
1334,C4-2B,CTCF,RTE-X,-0.00753726630693105,0.46433510243466813,-0.027720319532098123,0.0126519298320422
1335,C4-2B,CTCF,ERVK,0.022760968245847234,0.052859029163122434,-0.0002837290826142551,0.04578150361180717
1336,C4-2B,CTCF,TcMar-Tc2,0.004293261732103116,0.7293109860344744,-0.02002199265747731,0.02860344046387005
1337,C4-2B,CTCF,SVA,0.02048138286552959,0.1523907018225972,-0.00757247827696106,0.04850302903449241
1338,C4-2B,CTCF,RTE-BovB,-0.007637236958152703,0.6049959512144527,-0.03656366876138116,0.021301981980467264
1339,C4-2B,CTCF,tRNA-RTE,0.0035001661555688836,0.8275959834527393,-0.027994481946320947,0.03498787198335468
1340,C4-2B,CTCF,hAT-Ac,-0.007262595402473338,0.6891500119620914,-0.042825662709597215,0.028318852839097207
1341,C4-2B,CTCF,hAT,-0.0005408531652427495,0.9776439877118691,-0.038353818223375545,0.03727365860230543
1342,C4-2B,CTCF,MULE-MuDR,-0.002169029518157122,0.9171061449159965,-0.04299287941387919,0.038662051443761565
1343,C4-2B,CTCF,PiggyBac,-0.002258946380829301,0.9178948481487985,-0.04518262803962931,0.04067306089239208
1344,C4-2B,CTCF,5S-Deu-L2,0.021531843121155952,0.3503911364200972,-0.02366884459433071,0.06664467760233865
1345,C4-2B,CTCF,Helitron,0.028226470664183573,0.24685086709820386,-0.019562838285934955,0.07588709601005018
1346,C4-2B,CTCF,hAT-Tag1,-0.008740178236827535,0.7201979576102631,-0.05651349778141472,0.03907307294869669
1347,C4-2B,CTCF,tRNA,-0.0027639868601304885,0.9147076882022944,-0.053302715648977206,0.047788865328899574
1348,C4-2B,CTCF,Penelope,0.007350525729000312,0.8511737301759061,-0.06935589625250314,0.08397054132771196
1349,C4-2B,CTCF,TcMar-Tc1,0.028172316718124122,0.47268187802679495,-0.048732174717027704,0.10474474437426462
1350,C4-2B,CTCF,Dong-R4,0.055594553179313555,0.2511034888060286,-0.039473194182452674,0.14966484781043946
1351,C4-2B,CTCF,tRNA-Deu,0.044662516004533186,0.3623757471083193,-0.05152090817564476,0.14002498758402823
1352,C4-2B,CTCF,Kolobok,-0.038990582016153616,0.46460391679615864,-0.1426849397859732,0.06555040286637595
1353,C4-2B,CTCF,PIF-Harbinger,0.011688032597106553,0.8277606146712311,-0.0934102361774961,0.11652869531921045
1354,C4-2B,CTCF,Crypton,-0.04361986103692343,0.4648403376306751,-0.1594609292965164,0.07340611958915935
1355,C4-2B,CTCF,Merlin,0.07643341800867343,0.2690374857058572,-0.059444436725292454,0.20953043971061888
1356,C4-2B,CTCF,TcMar,0.024207461957202907,0.7323752184862757,-0.11424535138925379,0.16173784352106307
1357,C4-2B,CTCF,L1-Tx1,0.014377106775730416,0.8675695546606058,-0.1537175563877249,0.18166303796146607
1358,C4-2B,CTCF,Crypton-A,0.02570863996687091,0.7715557219208145,-0.14715685574027654,0.19705019780906025
1359,C4-2B,CTCF,I-Jockey,0.07799091835789083,0.42019063190657935,-0.11203584608678986,0.26251478989749244
1360,C4-2B,CTCF,hAT-Tip100?,0.03430944055944056,0.7861416468553044,-0.21142829347403724,0.27596747443901615
1361,C4-2B,CTCF,TcMar-Pogo,0.12023460410557184,0.5121628504525386,-0.2396946361042264,0.45110621069285634
1362,C4-2B,CTCF,hAT?,-0.13870320855614976,0.44141940138798075,-0.4614554118473935,0.21647296309364156
1363,C4-2B,CTCF,hAT-hAT19,-0.25588235294117645,0.33878990807124576,-0.6718567347453558,0.282802315049514
1364,C4-2B,H3K27ac,Alu,0.001501308693855843,0.1151192844609743,-0.00036624869512519206,0.0033688556104313474
1365,C4-2B,H3K27ac,L1,-0.0004784167511279842,0.728695816508337,-0.0031817379456657562,0.002224911435916544
1366,C4-2B,H3K27ac,MIR,0.0010901902673208727,0.4413200815022652,-0.0016849121849660893,0.003865275928156815
1367,C4-2B,H3K27ac,L2,0.0015896570512161574,0.3426416571391093,-0.0016935987299864827,0.004872878560419848
1368,C4-2B,H3K27ac,ERVL-MaLR,-0.0003478308631717015,0.8626073435093602,-0.004287202038280796,0.003591551107695833
1369,C4-2B,H3K27ac,hAT-Charlie,0.00039082445354465155,0.8560912698253982,-0.003833001426784164,0.00461463638874976
1370,C4-2B,H3K27ac,ERV1,-0.0028129229571769243,0.3611445219599092,-0.008850089540343472,0.0032244486819225362
1371,C4-2B,H3K27ac,ERVL,0.0035136479691295444,0.26192588723058147,-0.002625011426078547,0.00965204256192072
1372,C4-2B,H3K27ac,TcMar-Tigger,0.003399477678876744,0.29192678976661435,-0.0029226218192435743,0.009721305438484259
1373,C4-2B,H3K27ac,hAT-Tip100,-0.0009062527035385207,0.8353605585486199,-0.009452472197222683,0.007640099173835008
1374,C4-2B,H3K27ac,CR1,-0.005816053686033089,0.2193680397759699,-0.015096373547780081,0.0034652681252987302
1375,C4-2B,H3K27ac,Gypsy,-0.006549671012676431,0.4134338504989937,-0.02224255981141223,0.009146444520292592
1376,C4-2B,H3K27ac,hAT-Blackjack,-0.005811249784150596,0.4875028272840949,-0.022213336315307638,0.01059396423178382
1377,C4-2B,H3K27ac,TcMar-Mariner,-0.0016040726890519364,0.8541693896814522,-0.01870726422720163,0.01550005734700119
1378,C4-2B,H3K27ac,RTE-X,-0.01647425476986837,0.10980116389556632,-0.03665469962840617,0.0037196209564110414
1379,C4-2B,H3K27ac,ERVK,0.017397003956712554,0.1397680787465147,-0.0056965126997394755,0.04047197389232031
1380,C4-2B,H3K27ac,TcMar-Tc2,0.01038158168543244,0.41303999309033124,-0.01447721495962518,0.03522755276839065
1381,C4-2B,H3K27ac,SVA,0.005902256380500541,0.6802460847057433,-0.02216547569542691,0.03396069164620041
1382,C4-2B,H3K27ac,RTE-BovB,-0.017018655500655653,0.24920898271481362,-0.04594167156383713,0.011932870488273078
1383,C4-2B,H3K27ac,tRNA-RTE,0.013553191654668303,0.4045758075484487,-0.018319992824983828,0.04539885748285506
1384,C4-2B,H3K27ac,hAT-Ac,0.017019351647326503,0.349963016828425,-0.018674175607496856,0.05266955273471984
1385,C4-2B,H3K27ac,hAT,0.006448496414199225,0.7427511898529895,-0.032053020160991944,0.044930903609885206
1386,C4-2B,H3K27ac,MULE-MuDR,0.015088321367333945,0.4697146554153855,-0.02581969057519507,0.055945884533401546
1387,C4-2B,H3K27ac,PiggyBac,0.0010952341407306431,0.9612435497710985,-0.043059137445468215,0.04524533557916404
1388,C4-2B,H3K27ac,5S-Deu-L2,0.015170783118355265,0.5142121660193464,-0.03041418148358965,0.060692770889665404
1389,C4-2B,H3K27ac,Helitron,0.0006716562099054932,0.9782572605586151,-0.04760191618721006,0.04894209843689117
1390,C4-2B,H3K27ac,hAT-Tag1,0.011447699685365218,0.6390539679367855,-0.03638401353425138,0.05922708159513436
1391,C4-2B,H3K27ac,tRNA,-0.006034287744200664,0.8169433117996686,-0.05707518301580208,0.0450380687797244
1392,C4-2B,H3K27ac,Penelope,0.0010752584551415934,0.9782223684541469,-0.07601126406887594,0.07814900399714653
1393,C4-2B,H3K27ac,TcMar-Tc1,-0.0032569783731877214,0.9360172287806225,-0.08262091515248345,0.07614800909611952
1394,C4-2B,H3K27ac,Dong-R4,-0.06956091915422676,0.15082613031110048,-0.16338307485116393,0.025508179602546324
1395,C4-2B,H3K27ac,tRNA-Deu,-0.02283110630014274,0.6456520292261845,-0.11966303933925522,0.07443110174289745
1396,C4-2B,H3K27ac,Kolobok,0.06117268170443704,0.26277439307591627,-0.046062962165831126,0.16701448808087468
1397,C4-2B,H3K27ac,PIF-Harbinger,-0.01561725143991907,0.7748218444722308,-0.12209710767627235,0.09121800903608583
1398,C4-2B,H3K27ac,Crypton,-0.01716969656735234,0.7820816155271229,-0.13807889110559912,0.10424374898003679
1399,C4-2B,H3K27ac,Merlin,-0.06751749263716818,0.3572435905268412,-0.20876901432444792,0.07649345828328559
1400,C4-2B,H3K27ac,TcMar,0.008961428234025516,0.9033772924274304,-0.13509497168022355,0.1526468167357301
1401,C4-2B,H3K27ac,L1-Tx1,0.0850888564134813,0.32285478703190984,-0.0841268727185281,0.24953454913621628
1402,C4-2B,H3K27ac,Crypton-A,-0.0801727422866289,0.3820342379998052,-0.2552906399346051,0.10003809687942256
1403,C4-2B,H3K27ac,I-Jockey,0.11398387545176537,0.23793749662698666,-0.07635555434703907,0.29630789889943354
1404,C4-2B,H3K27ac,hAT-Tip100?,0.0782967032967033,0.5385722067323955,-0.17117287255847424,0.318331414140021
1405,C4-2B,H3K27ac,TcMar-Pogo,-0.16059113300492608,0.40530153423881365,-0.4996535286091059,0.22114289512287433
1406,C4-2B,H3K27ac,hAT?,0.01270053475935829,0.9440754309557142,-0.33206913571204777,0.3544766120787354
1407,C4-2B,H3K27ac,hAT-hAT19,-0.19090909090909092,0.5739131682855215,-0.7126350768718644,0.4667889613865384
1408,RWPE2,CTCF,Alu,-0.0015565415623665427,0.10168121625370455,-0.0034204405275973415,0.00030736821817554553
1409,RWPE2,CTCF,L1,0.001810038734569161,0.18810113098980819,-0.0008852726027801324,0.004505323773300503
1410,RWPE2,CTCF,MIR,0.0013712936713975667,0.32432073426338204,-0.001355613818470498,0.004098180767433243
1411,RWPE2,CTCF,L2,0.0013314391878210027,0.4262942685859644,-0.001948779483444026,0.00461162920715481
1412,RWPE2,CTCF,ERVL-MaLR,-0.0022227748030297263,0.26710943736873627,-0.0061484482071888094,0.001702967112635832
1413,RWPE2,CTCF,hAT-Charlie,0.0020876507591243783,0.32723532300513414,-0.002088869800060851,0.006264098488125121
1414,RWPE2,CTCF,ERV1,0.0015821315437499646,0.6043998116716252,-0.004403225662621705,0.0075673753938389834
1415,RWPE2,CTCF,ERVL,-0.0005364892199669514,0.8635571050561005,-0.006655187043166729,0.005582248774171797
1416,RWPE2,CTCF,TcMar-Tigger,0.00424698883533723,0.18115824614457388,-0.001977974142970835,0.010471622682083067
1417,RWPE2,CTCF,hAT-Tip100,0.00026821698541901954,0.9506630314572486,-0.008227841505536146,0.008764236755129256
1418,RWPE2,CTCF,CR1,-0.0057464004560570155,0.2231790608643124,-0.014991558605119224,0.0034997401534248066
1419,RWPE2,CTCF,Gypsy,0.005385936191575597,0.49998964233150367,-0.010264455820893631,0.021033690166164666
1420,RWPE2,CTCF,hAT-Blackjack,-0.004462264804925117,0.5840420924618295,-0.02043437060247505,0.011512118082910125
1421,RWPE2,CTCF,TcMar-Mariner,0.001189577969009346,0.8849505386883162,-0.014922846112992594,0.017301384420641292
1422,RWPE2,CTCF,RTE-X,-0.01636047883535086,0.11201032133722871,-0.03652605616253879,0.0038184168387237977
1423,RWPE2,CTCF,ERVK,0.009010123593676514,0.4387940445257459,-0.013799554126496425,0.03181042880601238
1424,RWPE2,CTCF,TcMar-Tc2,-0.007611255690035636,0.5385290491744992,-0.03185728147671749,0.01664372277379789
1425,RWPE2,CTCF,SVA,0.00412836382688621,0.7720844475428419,-0.02380407453323963,0.03205436148942464
1426,RWPE2,CTCF,RTE-BovB,-0.008620323078834279,0.5590478259451672,-0.0375235529043439,0.020297317777533068
1427,RWPE2,CTCF,tRNA-RTE,0.019912507960320996,0.21536530591504716,-0.011593415179739398,0.051378933763164145
1428,RWPE2,CTCF,hAT-Ac,0.020683113908164484,0.25372263120257454,-0.014840964755180814,0.05615504436293235
1429,RWPE2,CTCF,hAT,-0.007951227442099189,0.6800753764353653,-0.04571669896451955,0.029836939716937357
1430,RWPE2,CTCF,MULE-MuDR,-0.026327350965155063,0.20600848691618406,-0.06705460852798159,0.01448749399138847
1431,RWPE2,CTCF,PiggyBac,0.03478014509028486,0.11150624719013326,-0.008070223062865164,0.07750301563636057
1432,RWPE2,CTCF,5S-Deu-L2,0.041794610564388164,0.06965181198170355,-0.0033799143574387356,0.08679889727794314
1433,RWPE2,CTCF,Helitron,-0.023505146561430525,0.3336191637683775,-0.07105853868828832,0.02415484832888026
1434,RWPE2,CTCF,hAT-Tag1,0.00886696759055609,0.7160708460627314,-0.03890388139191937,0.05659737785394902
1435,RWPE2,CTCF,tRNA,0.0039734710008964705,0.8775530296850331,-0.04654856606849967,0.054475231510550316
1436,RWPE2,CTCF,Penelope,-0.0007015009005483382,0.9856486462448613,-0.07701418223033209,0.07561935186497568
1437,RWPE2,CTCF,TcMar-Tc1,-0.01747134640482703,0.6561055818275742,-0.09413476976446548,0.05939805962884673
1438,RWPE2,CTCF,Dong-R4,0.008999975549168582,0.8527175294538114,-0.08586198680104486,0.10370022311611493
1439,RWPE2,CTCF,tRNA-Deu,0.028917493779982,0.5554773425691799,-0.06720395330247646,0.12450709605947549
1440,RWPE2,CTCF,Kolobok,0.009057525102202544,0.865344120053377,-0.0954176874454844,0.11333536795292301
1441,RWPE2,CTCF,PIF-Harbinger,0.04575236787260241,0.39415599626108355,-0.05956850316069773,0.15006582393556445
1442,RWPE2,CTCF,Crypton,0.011256191798959687,0.8504640736721317,-0.10548343202436199,0.12768977922699615
1443,RWPE2,CTCF,Merlin,-0.06495874940358501,0.34659404831367413,-0.19811217004398954,0.0705487431790283
1444,RWPE2,CTCF,TcMar,0.012827147490504119,0.8558671161103634,-0.12510928170490287,0.15027710771479635
1445,RWPE2,CTCF,L1-Tx1,0.03664400384666365,0.6707492072073531,-0.13193783995621403,0.20316570117572616
1446,RWPE2,CTCF,Crypton-A,-0.005463671389898005,0.9506140408084356,-0.17682470694479488,0.1662188528552708
1447,RWPE2,CTCF,I-Jockey,0.10783059957371885,0.2643950670959073,-0.0824818172119623,0.29055522232756065
1448,RWPE2,CTCF,hAT-Tip100?,-0.1652930402930403,0.19179705921106213,-0.3964918658960873,0.08562220476229959
1449,RWPE2,CTCF,TcMar-Pogo,0.1063049853372434,0.5625410369773747,-0.2526811940601481,0.4395647077372566
1450,RWPE2,CTCF,hAT?,0.13491214667685256,0.4468186348803913,-0.21449496836710855,0.4537066000967921
1451,RWPE2,CTCF,hAT-hAT19,0.01764705882352941,0.9482801500547112,-0.4823095822381911,0.5089320166324547
1452,RWPE2,H3K27ac,Alu,0.000763659094624083,0.42239833107183344,-0.0011019841239196437,0.002629296997158567
1453,RWPE2,H3K27ac,L1,-0.0008171114728336943,0.5524704198867968,-0.0035129596562499033,0.001878748587517247
1454,RWPE2,H3K27ac,MIR,0.0009121199250497033,0.5122382149898355,-0.0018157422130374813,0.003639968488601481
1455,RWPE2,H3K27ac,L2,0.001263357566634,0.45035907017074206,-0.002017090525713001,0.00454377846832314
1456,RWPE2,H3K27ac,ERVL-MaLR,0.00011771531405781939,0.9531525283086566,-0.0038094899437236714,0.004044916940809898
1457,RWPE2,H3K27ac,hAT-Charlie,0.0006177758435255567,0.771986034825382,-0.0035606482715509085,0.004796178386926441
1458,RWPE2,H3K27ac,ERV1,2.454348754660379e-05,0.9935893629821452,-0.005962528154994554,0.006011613370564337
1459,RWPE2,H3K27ac,ERVL,-0.0027750904287758256,0.37419444069644237,-0.008895549648157195,0.0033455767091614616
1460,RWPE2,H3K27ac,TcMar-Tigger,-0.0009695759707826676,0.760231278114052,-0.007196458314632722,0.005257381562846932
1461,RWPE2,H3K27ac,hAT-Tip100,0.008102513736282957,0.06170109231096568,-0.0003970472019272269,0.016600904066593408
1462,RWPE2,H3K27ac,CR1,0.00029096684488777864,0.9508265519206539,-0.0089563764065152,0.00953826033345085
1463,RWPE2,H3K27ac,Gypsy,0.007648224863608112,0.3381946300850749,-0.008003872199406925,0.023296575155707013
1464,RWPE2,H3K27ac,hAT-Blackjack,0.011915053531765998,0.14405019490555623,-0.004071455489602514,0.027895473784281245
1465,RWPE2,H3K27ac,TcMar-Mariner,0.00393184329040996,0.633064979201143,-0.012209510878176422,0.020071148856391312
1466,RWPE2,H3K27ac,RTE-X,0.0041597093805693435,0.6861833389758375,-0.016018007674301702,0.0243340397749849
1467,RWPE2,H3K27ac,ERVK,0.00040810651902188286,0.9720562379875339,-0.0224232266304441,0.023239014209160164
1468,RWPE2,H3K27ac,TcMar-Tc2,-0.01667169676288477,0.17793119511512223,-0.0409102501534089,0.007586467420514503
1469,RWPE2,H3K27ac,SVA,0.005401927477791949,0.7048844477128946,-0.02255112722491337,0.033346542639527084
1470,RWPE2,H3K27ac,RTE-BovB,0.016224238273991515,0.27147330012534965,-0.012695664053805551,0.04511702028070733
1471,RWPE2,H3K27ac,tRNA-RTE,-0.014909483054600107,0.35372893804704153,-0.04639310825771949,0.01660373362274238
1472,RWPE2,H3K27ac,hAT-Ac,-0.014204639805063129,0.4331523178237452,-0.049690747652784674,0.021317286158053603
1473,RWPE2,H3K27ac,hAT,0.03984627478732133,0.03874546654531824,0.00204875180325311,0.07753010673958441
1474,RWPE2,H3K27ac,MULE-MuDR,-0.027727369316846093,0.18299070635979897,-0.06845880031077178,0.013096343219574062
1475,RWPE2,H3K27ac,PiggyBac,0.025629089548233102,0.2411948914380033,-0.01724274602647135,0.06840685781048544
1476,RWPE2,H3K27ac,5S-Deu-L2,0.025879329000847526,0.261803050118818,-0.019335276606233274,0.07098829771609531
1477,RWPE2,H3K27ac,Helitron,-0.0027274082740448,0.9106865160550766,-0.05034733951164028,0.044904895927137714
1478,RWPE2,H3K27ac,hAT-Tag1,0.015644655775248147,0.5210314323369135,-0.03213570974108132,0.06335367813817658
1479,RWPE2,H3K27ac,tRNA,0.006272952384140087,0.8078851904433508,-0.0442708553070629,0.056784728398723394
1480,RWPE2,H3K27ac,Penelope,0.005419273416371239,0.8894811539254152,-0.07092741424999832,0.08170283556142166
1481,RWPE2,H3K27ac,TcMar-Tc1,0.03911696689899844,0.3182519402247094,-0.03775062949702894,0.11552437141037644
1482,RWPE2,H3K27ac,Dong-R4,-0.045008066290214754,0.35295034334482767,-0.13924821925785597,0.050040029086803696
1483,RWPE2,H3K27ac,tRNA-Deu,0.003080958017915214,0.9499845041761921,-0.09297691774808375,0.09908201016751446
1484,RWPE2,H3K27ac,Kolobok,0.00027463061641150316,0.9958918150541736,-0.10396350148402723,0.10450679501171374
1485,RWPE2,H3K27ac,PIF-Harbinger,-0.03600677196683481,0.5031778246316387,-0.14063904345156755,0.06942092219503788
1486,RWPE2,H3K27ac,Crypton,0.07335849739909969,0.21859331568731058,-0.043769230221521654,0.18849690878413267
1487,RWPE2,H3K27ac,Merlin,-0.02705013344665912,0.696046161540046,-0.1615527437386596,0.10843910342435696
1488,RWPE2,H3K27ac,TcMar,-0.003418169403134094,0.9614931182771699,-0.14140284251292362,0.13469679044829722
1489,RWPE2,H3K27ac,L1-Tx1,-0.11582893554944894,0.1777027153440855,-0.27866417283780986,0.05347982891372069
1490,RWPE2,H3K27ac,Crypton-A,0.1403178645033356,0.10992323467328871,-0.03282700551584665,0.3052858398237765
1491,RWPE2,H3K27ac,I-Jockey,-0.019043647484014457,0.844181934785139,-0.20642251730904324,0.16968260386625209
1492,RWPE2,H3K27ac,hAT-Tip100?,0.01836080586080586,0.8854976846187157,-0.22849970871838365,0.26300286392923333
1493,RWPE2,H3K27ac,TcMar-Pogo,0.12573313782991202,0.4929117670654154,-0.23454126608069503,0.4556390137852732
1494,RWPE2,H3K27ac,hAT?,-0.20152788388082504,0.2530719469691825,-0.507903795253979,0.15010860402962262
1495,RWPE2,H3K27ac,hAT-hAT19,-0.4823529411764706,0.058458976774719576,-0.8006396132850196,0.048261727250594355
1496,RWPE2,H3K36me3,Alu,-0.0005527195301679473,0.5608323779787278,-0.0024153358903282016,0.0013099006651449989
1497,RWPE2,H3K36me3,L1,-0.001339940519505455,0.3298317757533932,-0.004035010269916657,0.0013551486961317937
1498,RWPE2,H3K36me3,MIR,-0.0010081125547460581,0.46854259158002065,-0.0037339833054063393,0.0017177731773130736
1499,RWPE2,H3K36me3,L2,-0.0013822569500810623,0.40882977173030666,-0.004662280718460161,0.001897796560801948
1500,RWPE2,H3K36me3,ERVL-MaLR,-0.0013042031709402059,0.5148326636549996,-0.005228727483159688,0.0026203613161492356
1501,RWPE2,H3K36me3,hAT-Charlie,0.002786202769690862,0.19082773339454878,-0.001388348367166953,0.00696065679842678
1502,RWPE2,H3K36me3,ERV1,9.937967928657621e-06,0.9974024249039737,-0.0059729754763639935,0.005992850700757235
1503,RWPE2,H3K36me3,ERVL,-0.0023523202180196225,0.45106002604306716,-0.008469674123989104,0.0037652097511340745
1504,RWPE2,H3K36me3,TcMar-Tigger,0.00021628123397293215,0.9456921544786296,-0.006006789401218293,0.006439335117531279
1505,RWPE2,H3K36me3,hAT-Tip100,-0.0028752733173998115,0.5070493405446279,-0.011369137708850476,0.005619005975144599
1506,RWPE2,H3K36me3,CR1,-0.005374703932295664,0.2544777732806112,-0.014618174315841052,0.0038696850172179223
1507,RWPE2,H3K36me3,Gypsy,0.011499285552387502,0.14973504335861657,-0.004147900496886409,0.027140842041038407
1508,RWPE2,H3K36me3,hAT-Blackjack,-0.0019771876161406117,0.8082007513100582,-0.017939520705373625,0.0139861530999327
1509,RWPE2,H3K36me3,TcMar-Mariner,0.004651015018092773,0.571143648809727,-0.011444125195587577,0.020743745816588274
1510,RWPE2,H3K36me3,RTE-X,0.01180328228727309,0.2515595923774961,-0.008374631031479401,0.03197158747415622
1511,RWPE2,H3K36me3,ERVK,0.010035994465917143,0.3883779162591907,-0.01276925041913382,0.032830804052804
1512,RWPE2,H3K36me3,TcMar-Tc2,0.011561827700395166,0.35000759343460364,-0.012686671057849645,0.03579673579135462
1513,RWPE2,H3K36me3,SVA,0.021823211218059285,0.12588497085315908,-0.006127615360155248,0.04973996442560745
1514,RWPE2,H3K36me3,RTE-BovB,0.01971791241800178,0.18137981669895448,-0.009202187871075329,0.04860505445392641
1515,RWPE2,H3K36me3,tRNA-RTE,-0.036684463931180016,0.02232453265133147,-0.06808757056481972,-0.005208739115596679
1516,RWPE2,H3K36me3,hAT-Ac,-0.009334916951391766,0.6064353410302104,-0.04482439062940823,0.02617808907636668
1517,RWPE2,H3K36me3,hAT,0.0009319397526852408,0.9614311566224354,-0.036826935837190364,0.03868815813332886
1518,RWPE2,H3K36me3,MULE-MuDR,-0.004874852467600885,0.8149302714204724,-0.045667072547976764,0.035933598013400854
1519,RWPE2,H3K36me3,PiggyBac,-0.0036898712593241194,0.8659304948662064,-0.04649786250692938,0.039131648002253765
1520,RWPE2,H3K36me3,5S-Deu-L2,-0.010095800605642866,0.66143757312988,-0.05523220961123535,0.035081786382291605
1521,RWPE2,H3K36me3,Helitron,0.034141968953177594,0.16001818428138712,-0.01350617286478172,0.08163540565878628
1522,RWPE2,H3K36me3,hAT-Tag1,-0.003496031554163539,0.885972962069291,-0.05124106111580801,0.044264942547317505
1523,RWPE2,H3K36me3,tRNA,0.009901545599618767,0.7011162598483637,-0.040649307720180806,0.0604018399783936
1524,RWPE2,H3K36me3,Penelope,0.0013294564307396678,0.9727850163611285,-0.07493718125658837,0.07758063139375312
1525,RWPE2,H3K36me3,TcMar-Tc1,0.011408720816860528,0.7710606396348291,-0.06537601884653459,0.08805914904780884
1526,RWPE2,H3K36me3,Dong-R4,-0.018719088962469353,0.6993746119536384,-0.11331307666913296,0.0762112052510423
1527,RWPE2,H3K36me3,tRNA-Deu,0.007317729395836624,0.8814231930877588,-0.08866086055364378,0.10316168102822172
1528,RWPE2,H3K36me3,Kolobok,0.03524179388125082,0.5080545028258227,-0.06913201844585612,0.1388524321137935
1529,RWPE2,H3K36me3,PIF-Harbinger,-0.021269407626985905,0.6921311315930827,-0.1259799553727052,0.08390984818677208
1530,RWPE2,H3K36me3,Crypton,0.01988973326508086,0.7390217006439838,-0.09694405598011499,0.13618282648042465
1531,RWPE2,H3K36me3,Merlin,-0.13849885735343287,0.04397074749982422,-0.2688435732160026,-0.0031726062174041165
1532,RWPE2,H3K36me3,TcMar,-0.010949356670466665,0.8767853561279493,-0.14843943462417877,0.12695598416435336
1533,RWPE2,H3K36me3,L1-Tx1,-0.1866713649436421,0.028951317257262892,-0.34492319441434666,-0.01810041591270555
1534,RWPE2,H3K36me3,Crypton-A,0.10303571405189678,0.24155256764868085,-0.07017892888669842,0.2702187924944498
1535,RWPE2,H3K36me3,I-Jockey,-0.020470762672597537,0.8326694057405749,-0.20779152057520722,0.16829830945603766
1536,RWPE2,H3K36me3,hAT-Tip100?,0.1047161172161172,0.4102319971455263,-0.145493406417216,0.3423358529270056
1537,RWPE2,H3K36me3,TcMar-Pogo,-0.14699413489736068,0.4220808392276013,-0.4730432953223052,0.21446802504425833
1538,RWPE2,H3K36me3,hAT?,-0.12513368983957218,0.48072580738702,-0.44559330000586306,0.22375185123509456
1539,RWPE2,H3K36me3,hAT-hAT19,-0.11470588235294117,0.672291046599723,-0.5787587984690807,0.4054620213814055
1540,22Rv1,CTCF,Alu,0.00014187876104223922,0.8812444542432099,-0.0017195152983497056,0.0020032718372750705
1541,22Rv1,CTCF,L1,-0.00012016235977170869,0.9303621971863354,-0.0028151579439854167,0.0025748349699218818
1542,22Rv1,CTCF,MIR,0.002418577027072184,0.08190784392887639,-0.0003061869258484545,0.005143305067586527
1543,22Rv1,CTCF,L2,-0.0018025980920504782,0.28141251848744586,-0.005082535964856626,0.001477378566013654
1544,22Rv1,CTCF,ERVL-MaLR,0.0003594365446394267,0.8574853967918558,-0.0035635847268109273,0.004282446752593771
1545,22Rv1,CTCF,hAT-Charlie,-1.929166003326481e-05,0.9927708329197937,-0.004192417530928117,0.004153834882789424
1546,22Rv1,CTCF,ERV1,0.0016562255359583963,0.5872977295980996,-0.00432461713115794,0.007636949717135534
1547,22Rv1,CTCF,ERVL,0.0038075823432853944,0.2223172525849441,-0.0023074891253948644,0.009922369058874867
1548,22Rv1,CTCF,TcMar-Tigger,-0.001227286038345313,0.6990248666549743,-0.007448600806929556,0.004994123735449692
1549,22Rv1,CTCF,hAT-Tip100,0.0027641886255995846,0.5235093707291123,-0.005728252493298505,0.011256231044999638
1550,22Rv1,CTCF,CR1,-0.009622274641841098,0.04132512272311501,-0.0188644265403454,-0.00037847847982735815
1551,22Rv1,CTCF,Gypsy,-0.011412546118800177,0.15279210332125073,-0.027052652505471522,0.0042331463022111165
1552,22Rv1,CTCF,hAT-Blackjack,-0.013391153209492643,0.09995156280399044,-0.02933949089855668,0.0025640006788762225
1553,22Rv1,CTCF,TcMar-Mariner,-0.005142226015548499,0.5309168013029872,-0.02122393245685104,0.010942140714257507
1554,22Rv1,CTCF,RTE-X,-0.00028279674169353795,0.978083796644577,-0.020456828120910747,0.019891464831932666
1555,22Rv1,CTCF,ERVK,0.002339785363584133,0.8405304512639631,-0.02044921019122761,0.025126350883845638
1556,22Rv1,CTCF,TcMar-Tc2,0.022669084600469604,0.066802596845584,-0.0015734627871672297,0.046885002280400045
1557,22Rv1,CTCF,SVA,0.007475306587411887,0.5995013747306577,-0.020424950019684297,0.03536392947626379
1558,22Rv1,CTCF,RTE-BovB,-0.013200852939119415,0.3707744046267438,-0.04208866509886076,0.01570901225703268
1559,22Rv1,CTCF,tRNA-RTE,-0.0001655335799817837,0.9917726055136762,-0.03162031446780329,0.031289574870180775
1560,22Rv1,CTCF,hAT-Ac,0.019746377986141324,0.2759453846099963,-0.01578336344480949,0.055226315705407834
1561,22Rv1,CTCF,hAT,0.004326903033005199,0.8223518932207143,-0.03343630769188133,0.0420777767112002
1562,22Rv1,CTCF,MULE-MuDR,0.03424157737161356,0.09997608916785732,-0.006571770035725957,0.07494103517029806
1563,22Rv1,CTCF,PiggyBac,0.009001298708574175,0.6802972874321838,-0.03380736503310916,0.05177699395635026
1564,22Rv1,CTCF,5S-Deu-L2,-0.010914063999579818,0.6357302939260936,-0.05602429217288454,0.03424063202797308
1565,22Rv1,CTCF,Helitron,-0.009072572567023159,0.7089598787746176,-0.05666140249444552,0.038557389514843485
1566,22Rv1,CTCF,hAT-Tag1,-0.031456755890486944,0.19683488602638458,-0.07910313269557219,0.016333017476542196
1567,22Rv1,CTCF,tRNA,-0.007704139111662811,0.7651442540190793,-0.05819473546631776,0.0428257704896409
1568,22Rv1,CTCF,Penelope,0.03722819547050594,0.33998176531935376,-0.0392846106220188,0.11330698924834945
1569,22Rv1,CTCF,TcMar-Tc1,0.03469297804164854,0.37536582819451614,-0.04204949003394086,0.11102848122572594
1570,22Rv1,CTCF,Dong-R4,-0.018258540737892626,0.7064245503107868,-0.11285786305355631,0.07666881665324048
1571,22Rv1,CTCF,tRNA-Deu,-0.03818636574436972,0.43617518237826536,-0.13364651636865071,0.05797588461077458
1572,22Rv1,CTCF,Kolobok,-0.06887463491962209,0.19543801348300235,-0.171851709799545,0.03559135477501087
1573,22Rv1,CTCF,PIF-Harbinger,0.0127062857086628,0.813020685209731,-0.09240127055181824,0.11753379688838285
1574,22Rv1,CTCF,Crypton,-0.015963037758167195,0.7891855654695339,-0.13232161730197314,0.10082952187455506
1575,22Rv1,CTCF,Merlin,0.05057692901174885,0.46384738876223164,-0.0848356882225892,0.18415516480973557
1576,22Rv1,CTCF,TcMar,0.012441978021306215,0.8601501413971097,-0.12548813271925657,0.14990022508568748
1577,22Rv1,CTCF,L1-Tx1,0.16221791551937997,0.058241112149592954,-0.006761508916946434,0.32219016387905686
1578,22Rv1,CTCF,Crypton-A,0.03117789228402472,0.7237037489435378,-0.14114344530411382,0.20166551826377171
1579,22Rv1,CTCF,I-Jockey,0.18826800111203784,0.04993928775075886,-0.0015071020322556352,0.3649536945900946
1580,22Rv1,CTCF,hAT-Tip100?,0.011584249084249085,0.9276114011625278,-0.23490185179258538,0.2566705446748262
1581,22Rv1,CTCF,TcMar-Pogo,-0.032991202346041054,0.8577414970955615,-0.3774291850529226,0.3194657432081723
1582,22Rv1,CTCF,hAT?,0.3020626432391138,0.08251968636815007,-0.048135090858693,0.586128474324368
1583,22Rv1,CTCF,hAT-hAT19,-0.03529411764705882,0.8967532476935333,-0.521992247339007,0.4687418466013702
1584,22Rv1,H3K27ac,Alu,-0.0010700425328362439,0.2600331720801221,-0.002932080884840078,0.0007920032392803977
1585,22Rv1,H3K27ac,L1,-0.0015372266042950943,0.263641298592419,-0.004232535859488768,0.0011581049860920122
1586,22Rv1,H3K27ac,MIR,-0.0012958328809154055,0.3513294343462794,-0.0040208674575733325,0.0014292209411372128
1587,22Rv1,H3K27ac,L2,-0.002326224063820566,0.16453092140986436,-0.0056062795897586365,0.0009538815177448398
1588,22Rv1,H3K27ac,ERVL-MaLR,-0.0008017259183107731,0.6888006355035623,-0.004725340903078265,0.0031219137513753418
1589,22Rv1,H3K27ac,hAT-Charlie,0.005933282455202042,0.005332973470177515,0.00175948185170798,0.010106876338840451
1590,22Rv1,H3K27ac,ERV1,-0.0005436928759643897,0.8586038006858528,-0.006525136223188386,0.005437789375646779
1591,22Rv1,H3K27ac,ERVL,0.0052263878970951515,0.09393633873908415,-0.0008892434223471007,0.011341628287141825
1592,22Rv1,H3K27ac,TcMar-Tigger,0.0007264157303775384,0.8190102961627475,-0.0054957315825163,0.0069485067972098954
1593,22Rv1,H3K27ac,hAT-Tip100,0.0004609908545207451,0.9152819894803497,-0.008032367981616988,0.00895428318203755
1594,22Rv1,H3K27ac,CR1,0.00854017944014363,0.07018697513383688,-0.0007041746253879526,0.01778307397496888
1595,22Rv1,H3K27ac,Gypsy,0.010239782518942616,0.1995732968905786,-0.005406419326498092,0.025880971973018987
1596,22Rv1,H3K27ac,hAT-Blackjack,-0.012191706539230242,0.13426888672953494,-0.028143358556570658,0.0037661533016976807
1597,22Rv1,H3K27ac,TcMar-Mariner,0.00031155922809154033,0.9697238465914331,-0.01577620950115428,0.016399166685723422
1598,22Rv1,H3K27ac,RTE-X,-0.004200135500646263,0.6832505436969156,-0.02437123853133156,0.01597438601638469
1599,22Rv1,H3K27ac,ERVK,0.004724911239661931,0.6846811895342985,-0.018078912512196316,0.027523821897013367
1600,22Rv1,H3K27ac,TcMar-Tc2,0.006446272319518222,0.6023263343293574,-0.01780089407259169,0.030685860915301316
1601,22Rv1,H3K27ac,SVA,0.002782364358457867,0.8451179485304132,-0.025129386713425964,0.030689780779952238
1602,22Rv1,H3K27ac,RTE-BovB,-0.023356108647033826,0.1133401080284884,-0.05223367582839453,0.005560486437126351
1603,22Rv1,H3K27ac,tRNA-RTE,0.016757127474922348,0.29657720571333573,-0.014711832386792741,0.048192923986665144
1604,22Rv1,H3K27ac,hAT-Ac,-0.020386197632889458,0.2606817966472504,-0.05586464560767259,0.015143667127468346
1605,22Rv1,H3K27ac,hAT,-0.016161575538483762,0.4015684001987203,-0.053881729576661236,0.02160463638846079
1606,22Rv1,H3K27ac,MULE-MuDR,-0.009718743995252457,0.6407413145588594,-0.050500741727727436,0.031095610315405527
1607,22Rv1,H3K27ac,PiggyBac,-0.031228627350048117,0.152846531248695,-0.07394515943195294,0.011602287333406593
1608,22Rv1,H3K27ac,5S-Deu-L2,-0.008182535697643222,0.722497938140477,-0.05330009001959695,0.03696835810915707
1609,22Rv1,H3K27ac,Helitron,0.010937561373485333,0.6527214028136211,-0.036695298513195154,0.05852083476316072
1610,22Rv1,H3K27ac,hAT-Tag1,-0.03686097539155985,0.13040972351609273,-0.08448184883208229,0.010927898894206091
1611,22Rv1,H3K27ac,tRNA,0.00264676440420165,0.9182578614068303,-0.047872219415565034,0.0531522417679147
1612,22Rv1,H3K27ac,Penelope,0.00897083433779194,0.8180663846998306,-0.06739363043608478,0.0852308064628403
1613,22Rv1,H3K27ac,TcMar-Tc1,0.015311479830666339,0.6956932781714404,-0.0613727054913473,0.09181596778651924
1614,22Rv1,H3K27ac,Dong-R4,0.0073684654794193,0.8791898910720122,-0.08748071959796347,0.10208524958363081
1615,22Rv1,H3K27ac,tRNA-Deu,-0.053033205160416944,0.2793498703942995,-0.1482606094819971,0.043168619431735764
1616,22Rv1,H3K27ac,Kolobok,-0.07298077055273401,0.17004984584949473,-0.17586859508037087,0.031484275675157866
1617,22Rv1,H3K27ac,PIF-Harbinger,-0.05182984558597604,0.33432610616023495,-0.15603035314280833,0.05351156067304764
1618,22Rv1,H3K27ac,Crypton,-0.01825848552601243,0.759740704305834,-0.1345791047924618,0.09855850000120778
1619,22Rv1,H3K27ac,Merlin,-0.08196592268155677,0.23468113141921826,-0.21456453038708506,0.05359941882084621
1620,22Rv1,H3K27ac,TcMar,0.06320831822780386,0.3702981855490104,-0.07529327440983638,0.19931723329157053
1621,22Rv1,H3K27ac,L1-Tx1,-0.09713006254280591,0.2588415037430637,-0.2609720583675937,0.07215112390996307
1622,22Rv1,H3K27ac,Crypton-A,0.05077450945287238,0.564653861364349,-0.12192182022122469,0.2204868762988971
1623,22Rv1,H3K27ac,I-Jockey,0.26907608192011867,0.004666076153095003,0.08190000368015832,0.43791743418309653
1624,22Rv1,H3K27ac,hAT-Tip100?,0.043498168498168496,0.7328864507477779,-0.2046113649119559,0.28635577548542646
1625,22Rv1,H3K27ac,TcMar-Pogo,0.1224340175953079,0.5044180450981779,-0.23763514121431342,0.4529208965124328
1626,22Rv1,H3K27ac,hAT?,0.27333842627960275,0.1177792787718892,-0.0779083512204706,0.5642203990021778
1627,22Rv1,H3K27ac,hAT-hAT19,-0.02647058823529412,0.9224805705017287,-0.5154827882170895,0.4755474090858023
1628,RWPE1,CTCF,Alu,0.002159026462235614,0.02322899036152922,0.0002945881840880226,0.004023449730320365
1629,RWPE1,CTCF,L1,-0.0013489061447893313,0.3273550154841752,-0.004048151321870859,0.001350358688527827
1630,RWPE1,CTCF,MIR,0.0002572745790927214,0.8532333734532486,-0.0024684730749740167,0.0029830184102185467
1631,RWPE1,CTCF,L2,0.0006337032553795846,0.7050367631586587,-0.002647499412783741,0.003914892278326931
1632,RWPE1,CTCF,ERVL-MaLR,0.0015794914202731595,0.43064039162913736,-0.002348643900747618,0.00550757799789137
1633,RWPE1,CTCF,hAT-Charlie,0.00013443917561671662,0.94969322846633,-0.004041918682062064,0.0043107923435339
1634,RWPE1,CTCF,ERV1,0.004602451609647053,0.13301202852389746,-0.0014020272887243753,0.010606598647896495
1635,RWPE1,CTCF,ERVL,8.539028733831848e-05,0.9781888475534765,-0.006036136778502459,0.006206910953509277
1636,RWPE1,CTCF,TcMar-Tigger,-0.007457193577491197,0.018912925670842705,-0.01368347479802653,-0.0012303340913497086
1637,RWPE1,CTCF,hAT-Tip100,-0.008421556427584973,0.05203414027274917,-0.01691621704256325,7.431983408291842e-05
1638,RWPE1,CTCF,CR1,0.0002612341164713772,0.9558626598516843,-0.008989608164393783,0.009512031685719834
1639,RWPE1,CTCF,Gypsy,0.004363499800031959,0.5847735973867003,-0.011287756702799624,0.02001261877233332
1640,RWPE1,CTCF,hAT-Blackjack,0.005680892560926732,0.4857387746816745,-0.0102915313576121,0.021650418312281188
1641,RWPE1,CTCF,TcMar-Mariner,-0.003978469910702191,0.6283426520150077,-0.020085025277927077,0.012130149952069822
1642,RWPE1,CTCF,RTE-X,-0.003091188359952141,0.7640456132803239,-0.023271417573320553,0.0170915589129382
1643,RWPE1,CTCF,ERVK,-0.006441007254730565,0.5826005546123959,-0.029403988209700912,0.01652876865900727
1644,RWPE1,CTCF,TcMar-Tc2,0.00469211415759929,0.7044903467715182,-0.019554376274114424,0.028933088807357586
1645,RWPE1,CTCF,SVA,0.03562857049969893,0.012312750832469794,0.0077261445223011545,0.06347555941055551
1646,RWPE1,CTCF,RTE-BovB,-0.01825253842751055,0.2160719264122986,-0.04714525250033019,0.010670692032492168
1647,RWPE1,CTCF,tRNA-RTE,-0.0016803785728164106,0.9166749312751146,-0.033149808734059594,0.029792380191799226
1648,RWPE1,CTCF,hAT-Ac,0.017662212441443045,0.330223965602903,-0.017896194937517734,0.05317599773463217
1649,RWPE1,CTCF,hAT,-0.0012942863489784969,0.9464546086677637,-0.0390499653497502,0.03646508300649791
1650,RWPE1,CTCF,MULE-MuDR,-0.01414928248667406,0.49696473683862796,-0.05492950789510992,0.026678068011201136
1651,RWPE1,CTCF,PiggyBac,-0.0014177621098858662,0.9483149821277514,-0.044260966530311016,0.0414306476719592
1652,RWPE1,CTCF,5S-Deu-L2,0.051233352145650606,0.0261240570039777,0.0060693641183337385,0.09618874784281495
1653,RWPE1,CTCF,Helitron,0.015949252828246916,0.5121985263108607,-0.0317465336150904,0.06357256556991879
1654,RWPE1,CTCF,hAT-Tag1,0.01466132059345738,0.5478019846744082,-0.03314627625764276,0.06240197805328478
1655,RWPE1,CTCF,tRNA,-0.008476178143789696,0.7424880349482128,-0.0589811012804306,0.0420720263353032
1656,RWPE1,CTCF,Penelope,0.04151447418896845,0.287994580967738,-0.0351208718950894,0.1176644451278179
1657,RWPE1,CTCF,TcMar-Tc1,0.037228689389867016,0.34182103173660494,-0.039577070756098086,0.11359711105827841
1658,RWPE1,CTCF,Dong-R4,0.0747356965549668,0.12264114409743795,-0.020326771648943795,0.16845895967941957
1659,RWPE1,CTCF,tRNA-Deu,0.06877387325628884,0.1604568206870885,-0.02743504811673258,0.16372036618258834
1660,RWPE1,CTCF,Kolobok,-0.037831872097021706,0.47799008771551665,-0.14154567431123816,0.06670343359722102
1661,RWPE1,CTCF,PIF-Harbinger,-0.04788033902727693,0.3725102690308474,-0.15215489769317042,0.05744838605202635
1662,RWPE1,CTCF,Crypton,0.07273850677837619,0.22252108141930405,-0.04438869213587173,0.18789311329634123
1663,RWPE1,CTCF,Merlin,0.08194947531801956,0.2358955767989768,-0.05394094909823127,0.21485966989950045
1664,RWPE1,CTCF,TcMar,-0.05226434101919749,0.45896013542527225,-0.1887078817714986,0.0861588350380784
1665,RWPE1,CTCF,L1-Tx1,0.015116847539876912,0.8608227282530053,-0.15299595769800942,0.18237931830164722
1666,RWPE1,CTCF,Crypton-A,0.05775156710465224,0.5123332144786268,-0.1150547114548483,0.2271650924906529
1667,RWPE1,CTCF,I-Jockey,0.01890464275785377,0.8453050821209115,-0.16981740798975312,0.20628914351683375
1668,RWPE1,CTCF,hAT-Tip100?,-0.3206501831501831,0.00978761681360472,-0.529671798502589,-0.07491378955358996
1669,RWPE1,CTCF,TcMar-Pogo,0.2107771260997067,0.2468788681010718,-0.15278608541503072,0.5240891234973641
1670,RWPE1,CTCF,hAT?,-0.08877005347593582,0.6176100033183464,-0.41506670433803283,0.25776083741028266
1671,RWPE1,CTCF,hAT-hAT19,0.15,0.5792486306642535,-0.3760962642032207,0.6029604660399384
1672,RWPE1,H3K27ac,Alu,0.0005881128496534577,0.5362881442969742,-0.001275750957859686,0.0024519725709798374
1673,RWPE1,H3K27ac,L1,0.0009218430092779329,0.503224939720924,-0.0017771621710985681,0.003620834759141282
1674,RWPE1,H3K27ac,MIR,0.0017818853115795722,0.20021805669858608,-0.0009445977591112929,0.004508341890406646
1675,RWPE1,H3K27ac,L2,-0.00021501769692759435,0.8978017678557463,-0.003496156927265553,0.0030661261631242565
1676,RWPE1,H3K27ac,ERVL-MaLR,0.002704182377285069,0.17721755448787782,-0.0012236563479852143,0.0066319376639148815
1677,RWPE1,H3K27ac,hAT-Charlie,-0.0001226203942385328,0.9541141036186953,-0.004299286694355102,0.004054050183995565
1678,RWPE1,H3K27ac,ERV1,0.002720261119243297,0.3744795493505422,-0.0032830570604241768,0.008723383228371729
1679,RWPE1,H3K27ac,ERVL,-0.0031986766723654664,0.30574968327725227,-0.009319735197112664,0.0029226215561453128
1680,RWPE1,H3K27ac,TcMar-Tigger,-0.0027789153314403763,0.38186434395776514,-0.009007173352630782,0.0034495582937878423
1681,RWPE1,H3K27ac,hAT-Tip100,-0.0062651367145658745,0.14834698440663624,-0.014759915355598712,0.0022305462585934977
1682,RWPE1,H3K27ac,CR1,-0.008156692727815704,0.0839663820768397,-0.017406456570014137,0.0010944671606924262
1683,RWPE1,H3K27ac,Gypsy,0.00031569180016945554,0.9684636270128437,-0.015333797721489134,0.015965026693378702
1684,RWPE1,H3K27ac,hAT-Blackjack,-0.005851808333903111,0.4731372476016589,-0.021836663775681196,0.010136038226558107
1685,RWPE1,H3K27ac,TcMar-Mariner,0.00636509988248986,0.44048130262244656,-0.00980787731320426,0.02253474785160289
1686,RWPE1,H3K27ac,RTE-X,0.0006486612717788523,0.9497781966208212,-0.01953429938411376,0.020831093474481914
1687,RWPE1,H3K27ac,ERVK,-0.014466809586544671,0.21700095483217818,-0.03742109334070407,0.008502732594057283
1688,RWPE1,H3K27ac,TcMar-Tc2,-0.008388928443094726,0.49817585957663013,-0.03265284841151852,0.015884874002679572
1689,RWPE1,H3K27ac,SVA,0.010027181720497994,0.4813250900764262,-0.01788261093773129,0.037921360071047794
1690,RWPE1,H3K27ac,RTE-BovB,0.02376480133015184,0.1073937972398318,-0.005170621891178017,0.05266046220565012
1691,RWPE1,H3K27ac,tRNA-RTE,-0.01200071110859129,0.45505333236298096,-0.043464701624151884,0.019487061784776393
1692,RWPE1,H3K27ac,hAT-Ac,-0.008420280417986531,0.64253605322767,-0.043952156866705894,0.027132871718010865
1693,RWPE1,H3K27ac,hAT,0.02184253207811577,0.25716891282354387,-0.01594671843729831,0.059569472258049164
1694,RWPE1,H3K27ac,MULE-MuDR,-0.002086868999068172,0.9202181332588424,-0.04290201295498205,0.03873522910164347
1695,RWPE1,H3K27ac,PiggyBac,-0.01759920084110376,0.4209739186487814,-0.060402835427079304,0.02526903988387135
1696,RWPE1,H3K27ac,5S-Deu-L2,-0.03482312925350596,0.1306975476233134,-0.07985966095057963,0.010355282271199544
1697,RWPE1,H3K27ac,Helitron,-0.02848193044537278,0.24231845962670662,-0.07611322772960612,0.019279060157908545
1698,RWPE1,H3K27ac,hAT-Tag1,0.03184510306915894,0.19162526403533633,-0.015973113480259704,0.07951798199509699
1699,RWPE1,H3K27ac,tRNA,-0.0036119964459914063,0.8886160657105718,-0.05411478282636933,0.04690922192037069
1700,RWPE1,H3K27ac,Penelope,0.005204463066529747,0.8940765494536873,-0.07131539461036175,0.08166342033366415
1701,RWPE1,H3K27ac,TcMar-Tc1,0.07927610243641173,0.04285529456102508,0.0024459987159688597,0.1551757805318255
1702,RWPE1,H3K27ac,Dong-R4,0.0025897993466103245,0.9573960066196638,-0.09221980261805639,0.09735286516118305
1703,RWPE1,H3K27ac,tRNA-Deu,0.025043798016094798,0.6096532586069889,-0.07105694222037415,0.12068389005327035
1704,RWPE1,H3K27ac,Kolobok,0.0434617659202814,0.4149456131572311,-0.061099166004339664,0.14707915725164145
1705,RWPE1,H3K27ac,PIF-Harbinger,0.011045943131557706,0.8370868123139072,-0.09404638600261876,0.11589481621333703
1706,RWPE1,H3K27ac,Crypton,0.07057251051075887,0.23663682459263458,-0.04655230648334572,0.18578317919470946
1707,RWPE1,H3K27ac,Merlin,-0.004337018892402546,0.9501849397966413,-0.1396460817962681,0.1311310426044684
1708,RWPE1,H3K27ac,TcMar,-0.12045153051410983,0.08693158586324469,-0.2544183774635445,0.018051019036831678
1709,RWPE1,H3K27ac,L1-Tx1,0.013933729030658388,0.8716180028170435,-0.15414999607036026,0.1812336580226305
1710,RWPE1,H3K27ac,Crypton-A,-0.023071800436872666,0.7936508361221383,-0.19385241736928652,0.14906605977653625
1711,RWPE1,H3K27ac,I-Jockey,0.01777407098508016,0.8544513356736266,-0.17091361880737968,0.205204176653444
1712,RWPE1,H3K27ac,hAT-Tip100?,0.02840909090909091,0.8222573421274235,-0.2170414107404608,0.27048091958716214
1713,RWPE1,H3K27ac,TcMar-Pogo,0.16495601173020527,0.3669458353404673,-0.19732396645700662,0.4875953290821796
1714,RWPE1,H3K27ac,hAT?,-0.04415584415584415,0.8041646481552591,-0.3768439027258832,0.2986228089474962
1715,RWPE1,H3K27ac,hAT-hAT19,-0.3294117647058824,0.21280142621621312,-0.7164518941542429,0.21268305460997874
