,cell_line,modification,family_name,r,p_value,ci_low,ci_high
0,Caco-2,H3K4me1,Alu,-0.0075052235207435395,3.4027901257395585e-15,-0.00937303499907568,-0.00563735967075048
1,Caco-2,H3K4me1,L1,0.03702020587627764,6.327697009915057e-159,0.03432051251024527,0.03971935897786067
2,Caco-2,H3K4me1,MIR,-0.021462875126592666,1.1098933733100182e-53,-0.024189225946266598,-0.01873620505587147
3,Caco-2,H3K4me1,L2,-0.03531146162466815,9.822394249372415e-99,-0.03859063328449783,-0.03203152943445924
4,Caco-2,H3K4me1,ERVL-MaLR,0.04899713904397464,9.178123878971894e-132,0.04506946234516392,0.05292330096638733
5,Caco-2,H3K4me1,hAT-Charlie,0.0068149168785097925,0.001399182292434132,0.0026340864326483454,0.010995509086340262
6,Caco-2,H3K4me1,ERV1,-0.03281780008072415,1.2071531312546445e-26,-0.03883358531913758,-0.026799636010164732
7,Caco-2,H3K4me1,ERVL,-0.008386523872660909,0.007314949044410038,-0.014514318278175035,-0.0022580995324289394
8,Caco-2,H3K4me1,TcMar-Tigger,0.027788950267077377,2.3256780632358184e-18,0.021558798514510986,0.03401694385575149
9,Caco-2,H3K4me1,hAT-Tip100,-0.0027600236945930813,0.5245406524649406,-0.011260368802353362,0.005740720290731713
10,Caco-2,H3K4me1,CR1,-0.0358461638006456,3.0875548042438233e-14,-0.04508788181235386,-0.02659831064546795
11,Caco-2,H3K4me1,Gypsy,-0.00275079799837754,0.7306238861056122,-0.018408435076728374,0.012908187986448752
12,Caco-2,H3K4me1,hAT-Blackjack,-0.032265628173539104,7.656066070667867e-05,-0.04823803772149041,-0.01627672137027326
13,Caco-2,H3K4me1,TcMar-Mariner,0.03323681553589401,5.280718037637874e-05,0.017125052281293462,0.04933132239154742
14,Caco-2,H3K4me1,RTE-X,-0.03627411187807749,0.0004284698382689899,-0.05643067518789319,-0.01608799105010303
15,Caco-2,H3K4me1,ERVK,0.0938099393523763,1.4422844530679592e-15,0.07082986636493936,0.11669048657998778
16,Caco-2,H3K4me1,TcMar-Tc2,-0.017738960403851464,0.15211879967705288,-0.04199850782241752,0.00654149125057075
17,Caco-2,H3K4me1,SVA,-0.08232561484633931,8.356956699805817e-09,-0.11016769085491658,-0.054354437484661976
18,Caco-2,H3K4me1,RTE-BovB,-0.014548253137311425,0.32473386433110685,-0.043481337162487255,0.014409213940332436
19,Caco-2,H3K4me1,tRNA-RTE,-0.036929004744223566,0.021513206269054598,-0.0683476313373024,-0.00543720108309956
20,Caco-2,H3K4me1,hAT-Ac,-0.037071783084231855,0.041134067278382404,-0.07256776958518256,-0.0014820025307913278
21,Caco-2,H3K4me1,hAT,-0.005544246135882908,0.7737482454887867,-0.04332108850196425,0.03224842762284905
22,Caco-2,H3K4me1,MULE-MuDR,-0.02985288279128293,0.15209552686078315,-0.07062117752638579,0.011014977225828065
23,Caco-2,H3K4me1,PiggyBac,-0.04961418528396997,0.023448104519796845,-0.09236148269936814,-0.006684341079567701
24,Caco-2,H3K4me1,5S-Deu-L2,0.018828367888164953,0.4141801930420326,-0.026370496045449037,0.06395040499840673
25,Caco-2,H3K4me1,Helitron,-0.024023352925647442,0.3247910871854157,-0.07174386516976682,0.023806888464615674
26,Caco-2,H3K4me1,hAT-Tag1,-0.08653118147391886,0.0003810660047382507,-0.13386178259993273,-0.038806713137719134
27,Caco-2,H3K4me1,tRNA,-0.006201457344363395,0.8100947585725109,-0.05673023897773118,0.044359011964499394
28,Caco-2,H3K4me1,Penelope,0.047368710051561624,0.2256665719376946,-0.029329729129850123,0.12351262713585112
29,Caco-2,H3K4me1,TcMar-Tc1,0.12997723549679174,0.000870990567300469,0.05346554442298106,0.2049716878425374
30,Caco-2,H3K4me1,Dong-R4,-0.05088606363705574,0.29356139576212287,-0.14503384562599098,0.04417492123031311
31,Caco-2,H3K4me1,tRNA-Deu,0.03897109474709813,0.4267985754136867,-0.05719404296984351,0.1344197261047674
32,Caco-2,H3K4me1,Kolobok,-0.0035798685817186237,0.9464887050728333,-0.10777513796362649,0.10069319061941344
33,Caco-2,H3K4me1,PIF-Harbinger,-0.08457781982482461,0.11474888900941858,-0.18807125546050965,0.02077323210948532
34,Caco-2,H3K4me1,Crypton,0.020729976745087867,0.7284215182857944,-0.0961122881358309,0.13700871329875866
35,Caco-2,H3K4me1,Merlin,-0.0362088666986478,0.6009663916883228,-0.17048708857456707,0.09938966319237996
36,Caco-2,H3K4me1,TcMar,-0.029135790428977407,0.6813790077923432,-0.1668864322140766,0.10973047060815384
37,Caco-2,H3K4me1,L1-Tx1,0.03748408799522118,0.6636546987573522,-0.13111374228345565,0.20397460518027916
38,Caco-2,H3K4me1,Crypton-A,-0.050272716477151404,0.5685124780451416,-0.220006114537501,0.12241522702435
39,Caco-2,H3K4me1,I-Jockey,0.10405893800389214,0.28156578427921475,-0.08623149153503049,0.28702410737050926
40,Caco-2,H3K4me1,hAT-Tip100?,0.09826007326007326,0.4398422726219521,-0.1517923207719873,0.3364915612692866
41,Caco-2,H3K4me1,TcMar-Pogo,0.13343108504398826,0.46659219736524304,-0.22730048030202968,0.4619630443651596
42,Caco-2,H3K4me1,hAT?,-0.2967914438502674,0.09349776501490516,-0.5860520082543225,0.05956596793087518
43,Caco-2,H3K4me1,hAT-hAT19,0.34705882352941175,0.18783442010629964,-0.19509660312578558,0.72675812907969
44,Caco-2,H3K9me3,Alu,-0.06475883195336299,0.0,-0.06661992813651785,-0.06289728516426993
45,Caco-2,H3K9me3,L1,-0.12327710253910798,0.0,-0.12594674470895323,-0.12060567487017622
46,Caco-2,H3K9me3,MIR,0.025900076652206193,2.3697037644004936e-77,0.023173991092814854,0.028625777052576816
47,Caco-2,H3K9me3,L2,0.0452814774840725,3.63868429099921e-161,0.042003621074986223,0.048558359144460064
48,Caco-2,H3K9me3,ERVL-MaLR,-0.156908243406697,0.0,-0.1607656989951709,-0.15304599442343017
49,Caco-2,H3K9me3,hAT-Charlie,-0.01306829123845915,8.941159252116819e-10,-0.01724792786504793,-0.008888197894550266
50,Caco-2,H3K9me3,ERV1,-0.11617893635821473,0.0,-0.12213440037155299,-0.11021510668781069
51,Caco-2,H3K9me3,ERVL,-0.06424115010137145,5.072043617651048e-94,-0.07034701424532509,-0.05813047229272372
52,Caco-2,H3K9me3,TcMar-Tigger,-0.02530369473649319,1.734710605512258e-15,-0.031531898105841116,-0.019073526402868385
53,Caco-2,H3K9me3,hAT-Tip100,-0.018123032786196328,2.9268071749870783e-05,-0.026619743073395513,-0.009623704081027995
54,Caco-2,H3K9me3,CR1,0.04089614157064834,4.493405105221366e-18,0.03165075551698516,0.050134529839948344
55,Caco-2,H3K9me3,Gypsy,0.010419594140863084,0.1921892881067806,-0.005240585974757295,0.026074664740820083
56,Caco-2,H3K9me3,hAT-Blackjack,0.0013821366958883803,0.8655014664672909,-0.014610808478164343,0.01737437486976729
57,Caco-2,H3K9me3,TcMar-Mariner,-0.034211856386994026,3.165371532771853e-05,-0.05030640271383751,-0.018099545607795843
58,Caco-2,H3K9me3,RTE-X,0.05997390150512766,5.647129929554467e-09,0.03981488591905207,0.0800841144637446
59,Caco-2,H3K9me3,ERVK,0.07343614532289575,4.235197424226061e-10,0.05041553794371767,0.09637876107005611
60,Caco-2,H3K9me3,TcMar-Tc2,0.05726952961477471,3.6996128401230867e-06,0.033023583312361084,0.08144810844363107
61,Caco-2,H3K9me3,SVA,-0.4387695221878953,2.5121162280419863e-229,-0.4621627973406117,-0.41476600822435433
62,Caco-2,H3K9me3,RTE-BovB,0.04878865406831878,0.0009472028714687931,0.019862263816969355,0.07763343395826505
63,Caco-2,H3K9me3,tRNA-RTE,0.0006724295405859742,0.9666180334561193,-0.030811565608475644,0.03215509166474834
64,Caco-2,H3K9me3,hAT-Ac,-0.04539109766122303,0.012388084170217353,-0.08085827527437568,-0.009809117070694387
65,Caco-2,H3K9me3,hAT,-0.023145069621225117,0.2299556390469751,-0.06087549582938623,0.014651405276695673
66,Caco-2,H3K9me3,MULE-MuDR,0.005178290634772159,0.8038475589982523,-0.035674865238991674,0.046014168424991175
67,Caco-2,H3K9me3,PiggyBac,-0.006259791065934677,0.7750824006719197,-0.049164717931797296,0.03666819554690405
68,Caco-2,H3K9me3,5S-Deu-L2,0.02351438740089579,0.3076775948120808,-0.021675309447063144,0.06860819714093319
69,Caco-2,H3K9me3,Helitron,0.04699787862585686,0.05389348714192252,-0.0008120951153929875,0.09459348732064998
70,Caco-2,H3K9me3,hAT-Tag1,0.0010104185244350485,0.9669700902260976,-0.04678787010170633,0.04880409063307954
71,Caco-2,H3K9me3,tRNA,0.00393377694445423,0.8788467889394803,-0.04662176771777852,0.05446922090002072
72,Caco-2,H3K9me3,Penelope,-0.025435966947730555,0.5157932511544241,-0.10185751784378867,0.051284042354814235
73,Caco-2,H3K9me3,TcMar-Tc1,-0.038955369248471976,0.32137525534194766,-0.11554016155258343,0.03808983333649699
74,Caco-2,H3K9me3,Dong-R4,-0.01484223410889137,0.7594695768864436,-0.10948019834425225,0.08006240234547261
75,Caco-2,H3K9me3,tRNA-Deu,0.028934581681213944,0.5552436402057539,-0.06718695197744383,0.12452395651998203
76,Caco-2,H3K9me3,Kolobok,-0.08916845622923462,0.09391480743075073,-0.19182268331518773,0.01541574299122595
77,Caco-2,H3K9me3,PIF-Harbinger,-0.013474704053452406,0.801940490022292,-0.11829218397424428,0.09163975385562087
78,Caco-2,H3K9me3,Crypton,-0.03447169029382254,0.5635959117858829,-0.15049844862218137,0.08249180454529452
79,Caco-2,H3K9me3,Merlin,-0.06570597677309353,0.3422181761711388,-0.19914916994698412,0.07012956097149052
80,Caco-2,H3K9me3,TcMar,0.0035547851428740698,0.9600557562304151,-0.13490673371305512,0.1418801345413077
81,Caco-2,H3K9me3,L1-Tx1,0.025792916927795537,0.7648012157202101,-0.14256676273881072,0.19270203018315699
82,Caco-2,H3K9me3,Crypton-A,0.0022420537213064602,0.9797234960703034,-0.16934877881767652,0.17370095967461346
83,Caco-2,H3K9me3,I-Jockey,0.1518302288944491,0.11501871573507584,-0.038430244505992944,0.331467348712869
84,Caco-2,H3K9me3,hAT-Tip100?,0.2822802197802198,0.023827030015614172,0.03424673097106028,0.49755831984313015
85,Caco-2,H3K9me3,TcMar-Pogo,0.03225806451612903,0.8608718454903039,-0.3201206995338937,0.37679590691762893
86,Caco-2,H3K9me3,hAT?,-0.21758021390374332,0.22385304871533357,-0.5249611772648298,0.1400087683146134
87,Caco-2,H3K9me3,hAT-hAT19,0.34411764705882353,0.19185563142554293,-0.1980496290026333,0.7250511068377358
88,SJCRH30,H3K27ac,Alu,0.010428717552227825,6.252992940329838e-28,0.008563063584841586,0.012294298916804447
89,SJCRH30,H3K27ac,L1,-0.008684127603377004,2.8913791899307184e-10,-0.011383710573038986,-0.0059844180427620144
90,SJCRH30,H3K27ac,MIR,0.0029421396203337864,0.03440232592033487,0.00021608112287155597,0.00566815438971601
91,SJCRH30,H3K27ac,L2,0.0005783899274898065,0.7297417778712202,-0.002703010043495573,0.003859777442791995
92,SJCRH30,H3K27ac,ERVL-MaLR,-0.009954855588774158,6.836386114106833e-07,-0.013883475220180855,-0.006025928615348783
93,SJCRH30,H3K27ac,hAT-Charlie,0.003965810757467054,0.06278809970249265,-0.00021160807240173067,0.00814309117638157
94,SJCRH30,H3K27ac,ERV1,0.007039797892071891,0.021625278639383436,0.0010325955918446994,0.01304649212704735
95,SJCRH30,H3K27ac,ERVL,0.010376908624886364,0.0008925890310819952,0.004255251382089305,0.016497788139932325
96,SJCRH30,H3K27ac,TcMar-Tigger,0.020993121219469474,3.913650503224578e-11,0.014766435709234735,0.027218178563493275
97,SJCRH30,H3K27ac,hAT-Tip100,0.005784620048989658,0.18206942788093683,-0.0027118633709071445,0.014280268336923663
98,SJCRH30,H3K27ac,CR1,-0.008371997501541125,0.07609651096023572,-0.017621409173113053,0.000878846968191912
99,SJCRH30,H3K27ac,Gypsy,0.01429982769166312,0.07329808528939064,-0.0013501888589442638,0.029942841230791425
100,SJCRH30,H3K27ac,hAT-Blackjack,-0.0017195181871536547,0.8329415461453769,-0.017695710535991307,0.01425755198775862
101,SJCRH30,H3K27ac,TcMar-Mariner,0.020122891320755794,0.014325097219974074,0.004017503871363119,0.03621784221661
102,SJCRH30,H3K27ac,RTE-X,-0.011827848178704765,0.25069970389157265,-0.03200147799337337,0.008355414865881107
103,SJCRH30,H3K27ac,ERVK,0.010747260936827183,0.35987886231200716,-0.012259880543497541,0.033743029063632746
104,SJCRH30,H3K27ac,TcMar-Tc2,0.017912092348348407,0.14763052832534393,-0.006336736083979229,0.042139867490656416
105,SJCRH30,H3K27ac,SVA,0.0915613887834834,1.4933046044638597e-10,0.06359974577321381,0.11937938789216866
106,SJCRH30,H3K27ac,RTE-BovB,0.0014015545635696954,0.9243631157587746,-0.02752736202061459,0.03032812546118561
107,SJCRH30,H3K27ac,tRNA-RTE,-0.007830715356179416,0.6260398647961368,-0.03930890709984981,0.02366300353892023
108,SJCRH30,H3K27ac,hAT-Ac,0.031646985839234205,0.08115224034757336,-0.003928281642901439,0.06714224851203304
109,SJCRH30,H3K27ac,hAT,0.0029038765188891817,0.8802277925583626,-0.03485759645484421,0.04065706979605974
110,SJCRH30,H3K27ac,MULE-MuDR,0.007081372686296139,0.7338964148382734,-0.03373879340428154,0.04787795204642594
111,SJCRH30,H3K27ac,PiggyBac,0.05102787139501441,0.01956345788090527,0.008172030484723578,0.09369660551985994
112,SJCRH30,H3K27ac,5S-Deu-L2,0.020538902990223023,0.3728049586386615,-0.024637159430291287,0.06563125071449645
113,SJCRH30,H3K27ac,Helitron,-0.03821677054266371,0.11597765143725412,-0.08571846457998634,0.009458271529857414
114,SJCRH30,H3K27ac,hAT-Tag1,0.0034898891169002333,0.8862055416414608,-0.04428525726567164,0.05124910951936317
115,SJCRH30,H3K27ac,tRNA,0.0030542376892722994,0.9057282865543592,-0.047465698034199894,0.053558587635895674
116,SJCRH30,H3K27ac,Penelope,-0.015010547705755018,0.7013844427417437,-0.09151732209987054,0.061672393076882395
117,SJCRH30,H3K27ac,TcMar-Tc1,0.051149969500021715,0.19174655594155374,-0.025726053459882776,0.12742456405936078
118,SJCRH30,H3K27ac,Dong-R4,-0.04541450889917569,0.3486152454033622,-0.13964843064700377,0.04963463645555142
119,SJCRH30,H3K27ac,tRNA-Deu,0.04371997037552322,0.3726038375920677,-0.052460748033620566,0.1390970281192597
120,SJCRH30,H3K27ac,Kolobok,-0.034478109077097946,0.5184870994662433,-0.13839355753525387,0.07018823083057091
121,SJCRH30,H3K27ac,PIF-Harbinger,-0.039159694171263665,0.4658679126122769,-0.14358920877008535,0.06613231116010905
122,SJCRH30,H3K27ac,Crypton,0.06327160473410061,0.28880564530317765,-0.05383906898714683,0.17866532080724817
123,SJCRH30,H3K27ac,Merlin,0.017524787447490683,0.8002145213954774,-0.11783295935860387,0.1522432025567255
124,SJCRH30,H3K27ac,TcMar,0.06869787974085069,0.3301056844413579,-0.06983369053636444,0.20462989917731278
125,SJCRH30,H3K27ac,L1-Tx1,-0.013357337962064746,0.8768859460248031,-0.18067539277406788,0.15471209566611357
126,SJCRH30,H3K27ac,Crypton-A,0.038221677725129174,0.6647003797865436,-0.13424564282960688,0.20844153960318096
127,SJCRH30,H3K27ac,I-Jockey,-0.1443795755722361,0.1341725870122557,-0.3245760440112529,0.04593016780900121
128,SJCRH30,H3K27ac,hAT-Tip100?,0.04060314685314685,0.7481090027114455,-0.20542759877657144,0.28180686636785063
129,SJCRH30,H3K27ac,TcMar-Pogo,-0.219941348973607,0.22644986689726715,-0.5312793032968381,0.14373463386805257
130,SJCRH30,H3K27ac,hAT?,-0.11077158135981664,0.5328455001550447,-0.433603563415929,0.2372613655691393
131,SJCRH30,H3K27ac,hAT-hAT19,-0.6235294117647059,0.009855650390922007,-0.8679840688336377,-0.13582688303473572
132,SJCRH30,H3K4me1,Alu,0.02857964583548293,7.771205571759556e-198,0.02671362488102824,0.030445467617889847
133,SJCRH30,H3K4me1,L1,0.04850980171297996,7.268381729791087e-272,0.04581377133934411,0.051205125413788265
134,SJCRH30,H3K4me1,MIR,-0.012344648630620887,7.121091532534755e-19,-0.01507116741188395,-0.009617946271142475
135,SJCRH30,H3K4me1,L2,-0.01795383959456972,7.915619117671483e-27,-0.02123465212056464,-0.01467264039778937
136,SJCRH30,H3K4me1,ERVL-MaLR,0.03115770305688626,1.9005012181326582e-54,0.02722906818342804,0.03508537544489734
137,SJCRH30,H3K4me1,hAT-Charlie,0.0039289247735729655,0.06538383088088008,-0.00025021281648922414,0.00810792512718026
138,SJCRH30,H3K4me1,ERV1,0.02857833454713365,1.1799002236571126e-20,0.02256892688159718,0.03458567713771095
139,SJCRH30,H3K4me1,ERVL,0.019700987858081952,2.8755532118382556e-10,0.013577609902859606,0.02582288818937703
140,SJCRH30,H3K4me1,TcMar-Tigger,0.044091864300398916,8.644712671874213e-44,0.03786914390294668,0.050311165254221725
141,SJCRH30,H3K4me1,hAT-Tip100,-0.0004313627322525687,0.9207565324402675,-0.008929845548096105,0.00806718239372468
142,SJCRH30,H3K4me1,CR1,-0.020894253357183815,9.573472549477328e-06,-0.03014159576619467,-0.011643334529921105
143,SJCRH30,H3K4me1,Gypsy,-0.0043404723942729725,0.5867688369535173,-0.019990098250830618,0.011311279848263543
144,SJCRH30,H3K4me1,hAT-Blackjack,-0.02804884638577984,0.0005804700306741347,-0.04401264050108682,-0.0120707320913129
145,SJCRH30,H3K4me1,TcMar-Mariner,0.015520050599662195,0.05906209038563688,-0.0005948341766676131,0.031626876677187325
146,SJCRH30,H3K4me1,RTE-X,-0.029942137140585575,0.003633347253283508,-0.05009694371163494,-0.009762953328302968
147,SJCRH30,H3K4me1,ERVK,0.012253458874899818,0.29722083625986867,-0.010787240942108643,0.035281154000743595
148,SJCRH30,H3K4me1,TcMar-Tc2,-0.007783619495247769,0.5296227619719627,-0.03204435497115725,0.016486282614683264
149,SJCRH30,H3K4me1,SVA,0.23651758499793588,4.7944055308157023e-63,0.20948506661932553,0.2631888399032743
150,SJCRH30,H3K4me1,RTE-BovB,-0.005044756661839347,0.7325008619758627,-0.033961472293647814,0.02388039826031743
151,SJCRH30,H3K4me1,tRNA-RTE,-0.0217617197444969,0.17555959768128698,-0.05321232201517231,0.009732012781441765
152,SJCRH30,H3K4me1,hAT-Ac,0.007183155984306787,0.6923755245872549,-0.028398222311076297,0.04274635438839881
153,SJCRH30,H3K4me1,hAT,0.01717408554972138,0.3729903115395624,-0.020613661642466804,0.05491283565671673
154,SJCRH30,H3K4me1,MULE-MuDR,0.0006770438099279293,0.974060769102464,-0.040116292084096804,0.04146812649524708
155,SJCRH30,H3K4me1,PiggyBac,0.000493916881686709,0.9819916332456409,-0.04237334444428497,0.043359363038688536
156,SJCRH30,H3K4me1,5S-Deu-L2,0.0304711200362615,0.18627510709581793,-0.01473206809161289,0.0755500101701219
157,SJCRH30,H3K4me1,Helitron,-0.03567983298884138,0.14224872370519298,-0.08319396149025299,0.011996151390669212
158,SJCRH30,H3K4me1,hAT-Tag1,0.02262613091419253,0.35344485317933894,-0.02517480388511048,0.07032383793692239
159,SJCRH30,H3K4me1,tRNA,0.024936542376427694,0.33367253947365794,-0.02563288078662814,0.0753786686599773
160,SJCRH30,H3K4me1,Penelope,0.010116242144489267,0.7963911633556175,-0.06666248093084078,0.08677586810518018
161,SJCRH30,H3K4me1,TcMar-Tc1,0.07603420144357123,0.05213019220661111,-0.0008059062523793076,0.15198170584354573
162,SJCRH30,H3K4me1,Dong-R4,-0.03951707332550811,0.4148071887014382,-0.1338391392712768,0.05551452929830558
163,SJCRH30,H3K4me1,tRNA-Deu,0.01184068325316632,0.8092707866434199,-0.08417334053650236,0.10763686058523424
164,SJCRH30,H3K4me1,Kolobok,0.00498013983102091,0.9256096645872143,-0.09930720710182354,0.10915926997320903
165,SJCRH30,H3K4me1,PIF-Harbinger,-0.06647383280773062,0.21543845319178517,-0.17037869664252425,0.03889301933469582
166,SJCRH30,H3K4me1,Crypton,-0.051527256357594316,0.38782969704838344,-0.1671962715371973,0.0655409518548421
167,SJCRH30,H3K4me1,Merlin,-0.05022448105008156,0.46803677591979753,-0.18412730606346936,0.08550862539251322
168,SJCRH30,H3K4me1,TcMar,-0.0455276956569607,0.5178874855949136,-0.18183135194556413,0.09249251268145733
169,SJCRH30,H3K4me1,L1-Tx1,0.12602429011902633,0.14226234611812366,-0.043261124540713604,0.28827504029164197
170,SJCRH30,H3K4me1,Crypton-A,-0.08977289864573985,0.30786566852063196,-0.2576614162093421,0.08337741177685946
171,SJCRH30,H3K4me1,I-Jockey,-0.054406449819293864,0.5741924525386437,-0.24018420163625845,0.13521590107999235
172,SJCRH30,H3K4me1,hAT-Tip100?,-0.01673951048951049,0.8947083690679225,-0.2595950866457541,0.22810736758136863
173,SJCRH30,H3K4me1,TcMar-Pogo,-0.13379765395894427,0.46535764363360654,-0.46226355190221213,0.22695491787705915
174,SJCRH30,H3K4me1,hAT?,-0.09274255156608097,0.6018955165668045,-0.4184288515524337,0.25407686414031666
175,SJCRH30,H3K4me1,hAT-hAT19,-0.25,0.3503914791072017,-0.668174158635457,0.288208840877694
176,SJCRH30,H3K9me3,Alu,0.029873201885899887,5.0985129104753297e-216,0.028007521934083766,0.031738673712189434
177,SJCRH30,H3K9me3,L1,-0.13567223890197386,0.0,-0.13833389665118487,-0.13300862134445085
178,SJCRH30,H3K9me3,MIR,0.006876652269833875,7.699325492444996e-07,0.004149899636941584,0.009603302643431648
179,SJCRH30,H3K9me3,L2,0.059038176378851386,8.060353613416395e-273,0.055764465562135344,0.06231061781599007
180,SJCRH30,H3K9me3,ERVL-MaLR,-0.09547838849467429,0.0,-0.09938067051141439,-0.09157316966461515
181,SJCRH30,H3K9me3,hAT-Charlie,-0.011196922225804583,1.5045272917050228e-07,-0.015374957247428865,-0.007018496212153442
182,SJCRH30,H3K9me3,ERV1,-0.05566131981389774,1.0156931113622652e-73,-0.06165636938204221,-0.049662254118141534
183,SJCRH30,H3K9me3,ERVL,-0.020175726504955645,1.0626647134411754e-10,-0.026297103737711408,-0.014052836262835417
184,SJCRH30,H3K9me3,TcMar-Tigger,-0.09193018709770165,1.0696520912242149e-184,-0.09811684182535735,-0.08573642703952886
185,SJCRH30,H3K9me3,hAT-Tip100,-0.00023092244842778847,0.9575229160022515,-0.00872830232506967,0.008266490776072173
186,SJCRH30,H3K9me3,CR1,0.041211251692215345,2.4596827791285326e-18,0.03196766731598538,0.05044778697086012
187,SJCRH30,H3K9me3,Gypsy,0.04079777190859287,3.211842279756532e-07,0.025155423132276762,0.05642014788463371
188,SJCRH30,H3K9me3,hAT-Blackjack,0.02084251316861038,0.01055557432379528,0.004866263160619877,0.036808125930116266
189,SJCRH30,H3K9me3,TcMar-Mariner,-0.054287406496260134,3.860542664150478e-11,-0.07034711359588774,-0.03819956443591875
190,SJCRH30,H3K9me3,RTE-X,0.05506902335972907,8.733021330095523e-08,0.03490985868741799,0.07518339243198863
191,SJCRH30,H3K9me3,ERVK,0.06842143661980284,5.579773610007566e-09,0.04543576008161178,0.09133470218479994
192,SJCRH30,H3K9me3,TcMar-Tc2,0.0109985592332939,0.3744933329135375,-0.013275859761564972,0.03526002183388048
193,SJCRH30,H3K9me3,SVA,-0.32595836236550724,2.455574416265712e-121,-0.35143503437817714,-0.2999992902721722
194,SJCRH30,H3K9me3,RTE-BovB,0.05613366396756805,0.0001415701116609827,0.027227358759262115,0.08494617030173815
195,SJCRH30,H3K9me3,tRNA-RTE,0.019590824662966598,0.22275214615857258,-0.011906941949667883,0.05104975182336156
196,SJCRH30,H3K9me3,hAT-Ac,0.006455639089460599,0.7220805656829243,-0.02911336477946237,0.04200831502067473
197,SJCRH30,H3K9me3,hAT,-0.02159891644828877,0.2625147431109383,-0.059326503381212724,0.016190286182003345
198,SJCRH30,H3K9me3,MULE-MuDR,-0.04538302818136772,0.02924132870353728,-0.086045658664998,-0.0045694526100913775
199,SJCRH30,H3K9me3,PiggyBac,-0.050646126171185385,0.02052693374531735,-0.09332698282953038,-0.007779470085050646
200,SJCRH30,H3K9me3,5S-Deu-L2,0.04385890073777017,0.056994756647655326,-0.0013258520866105056,0.08886492805287859
201,SJCRH30,H3K9me3,Helitron,-0.030649321830480615,0.20750196697343806,-0.07818675075456179,0.01702716605109389
202,SJCRH30,H3K9me3,hAT-Tag1,-0.011793367616252312,0.6287599411169507,-0.05954328358127992,0.036010395525410036
203,SJCRH30,H3K9me3,tRNA,-0.003424936856733934,0.8943846761507079,-0.05394502793958291,0.04711264327642218
204,SJCRH30,H3K9me3,Penelope,-0.0072245094722248404,0.8536962092796427,-0.08384537062488172,0.06948127680318
205,SJCRH30,H3K9me3,TcMar-Tc1,0.006896797003419907,0.8603691693834405,-0.06986610752061438,0.08357850428697276
206,SJCRH30,H3K9me3,Dong-R4,0.008941660868688778,0.853661064746362,-0.08591985125457867,0.10364250594468796
207,SJCRH30,H3K9me3,tRNA-Deu,0.04933375669707276,0.31430810022268546,-0.04686118459969799,0.14462207989491702
208,SJCRH30,H3K9me3,Kolobok,-0.05863353516432757,0.2712326176560515,-0.16196685407680148,0.04597172071525924
209,SJCRH30,H3K9me3,PIF-Harbinger,-0.04033222378003796,0.4526101377594638,-0.14474158885483515,0.06496541599396312
210,SJCRH30,H3K9me3,Crypton,-0.0703490809275434,0.2381279537318596,-0.18556548686514568,0.04677544307324637
211,SJCRH30,H3K9me3,Merlin,-0.009156169700032038,0.8948152328434767,-0.14404938078755253,0.12607110920656706
212,SJCRH30,H3K9me3,TcMar,-0.07035475399382492,0.31854732408629777,-0.20623219500536655,0.06818463194967261
213,SJCRH30,H3K9me3,L1-Tx1,0.0069703648659481835,0.9355696218728885,-0.16093526333495636,0.1744838706321978
214,SJCRH30,H3K9me3,Crypton-A,0.06854278519422607,0.4366252141958611,-0.10440900531509938,0.23747052947306416
215,SJCRH30,H3K9me3,I-Jockey,0.12946900194606617,0.17967145301762893,-0.060889437042698495,0.31074007773230133
216,SJCRH30,H3K9me3,hAT-Tip100?,0.041346153846153845,0.7436563204054367,-0.20471827005882348,0.2824953591402926
217,SJCRH30,H3K9me3,TcMar-Pogo,-0.06121700879765395,0.7392623303061464,-0.40162977735260796,0.2940586753844738
218,SJCRH30,H3K9me3,hAT?,0.17799847211611916,0.3138624097285872,-0.1731210482457868,0.48897485599950635
219,SJCRH30,H3K9me3,hAT-hAT19,0.032352941176470584,0.9053195187918449,-0.47101521392456863,0.519827000335542
220,SJCRH30,H3K36me3,Alu,0.005976074189553244,3.542672204046519e-10,0.00410888285024871,0.007843223858287627
221,SJCRH30,H3K36me3,L1,0.04698341592397523,3.8459233548453024e-255,0.04428710860780256,0.04967903875687368
222,SJCRH30,H3K36me3,MIR,-0.018100161644949403,1.0739231112250974e-38,-0.020826382115251743,-0.015373672009031886
223,SJCRH30,H3K36me3,L2,0.0026527406884449467,0.11313585950372991,-0.0006291113079020996,0.005934535542418987
224,SJCRH30,H3K36me3,ERVL-MaLR,-0.03668050211639493,9.305686728111832e-75,-0.040607197000178966,-0.032752674233440006
225,SJCRH30,H3K36me3,hAT-Charlie,-0.0343221043303915,2.539054109146288e-58,-0.038497213469072124,-0.030145796862616973
226,SJCRH30,H3K36me3,ERV1,0.0196463051628423,1.5034243965948185e-10,0.013634965884567753,0.02565622434279802
227,SJCRH30,H3K36me3,ERVL,-0.03593688355351087,1.266045404991992e-30,-0.0420544120917082,-0.02981666053573625
228,SJCRH30,H3K36me3,TcMar-Tigger,-0.042681831772092,3.8615029198408006e-41,-0.04890188545244924,-0.036458467662705364
229,SJCRH30,H3K36me3,hAT-Tip100,-0.015746672984428056,0.000281277847426662,-0.024241911573423494,-0.007249160377410357
230,SJCRH30,H3K36me3,CR1,-0.002969756253665717,0.5292772102649639,-0.012221394925001076,0.006282390829704584
231,SJCRH30,H3K36me3,Gypsy,0.03095069513572401,0.00010607448289564226,0.015301955187469669,0.046584276644687596
232,SJCRH30,H3K36me3,hAT-Blackjack,-0.0046770186898536445,0.5662314387708763,-0.020655414752466766,0.01130376595325754
233,SJCRH30,H3K36me3,TcMar-Mariner,0.00828325662562739,0.31374476659710027,-0.007832920471676883,0.024395131736570742
234,SJCRH30,H3K36me3,RTE-X,-0.023986461185420596,0.019829675155473955,-0.044149620592875076,-0.0038037681092468684
235,SJCRH30,H3K36me3,ERVK,0.015235401558576032,0.1951520956811672,-0.007816617447776524,0.03827123612630279
236,SJCRH30,H3K36me3,TcMar-Tc2,-0.05073126086753145,4.1407320682228044e-05,-0.07492099182913715,-0.02648185979099792
237,SJCRH30,H3K36me3,SVA,0.07076328394419219,7.449532332283022e-07,0.04276088037674965,0.0986545956124028
238,SJCRH30,H3K36me3,RTE-BovB,0.026745672965294266,0.0700112983320485,-0.0021921316326529183,0.05563872135912636
239,SJCRH30,H3K36me3,tRNA-RTE,-0.00837026941004381,0.6023992769596307,-0.039843659838380084,0.0231197136707669
240,SJCRH30,H3K36me3,hAT-Ac,-0.08197887750805061,6.0390226981143555e-06,-0.11725226770391148,-0.04649890602870002
241,SJCRH30,H3K36me3,hAT,-0.022229953180881615,0.2488238546792541,-0.05995585792099047,0.015559366552423329
242,SJCRH30,H3K36me3,MULE-MuDR,0.00493449134785717,0.8127079005723453,-0.035874040542762525,0.04572659428014084
243,SJCRH30,H3K36me3,PiggyBac,0.03224387014669199,0.14069017672022896,-0.010668899949763314,0.07503809050901286
244,SJCRH30,H3K36me3,5S-Deu-L2,0.002197354779333413,0.9240862182177613,-0.04297940117283426,0.047365143133262434
245,SJCRH30,H3K36me3,Helitron,0.013019175468975956,0.5925414827267806,-0.034658874549648444,0.06063809858220179
246,SJCRH30,H3K36me3,hAT-Tag1,-0.014090414776969033,0.5633845621123466,-0.06181879051354665,0.033702256072442906
247,SJCRH30,H3K36me3,tRNA,-0.025061795982990825,0.3312494127164126,-0.07550336600031349,0.02550770991269793
248,SJCRH30,H3K36me3,Penelope,-0.019353808839478594,0.6215439883337683,-0.09594350829887743,0.05746370953811002
249,SJCRH30,H3K36me3,TcMar-Tc1,0.012910012051373878,0.7417510724056076,-0.0638226470157851,0.08949092073543517
250,SJCRH30,H3K36me3,Dong-R4,-0.10249386710561414,0.03402343524203594,-0.1956223444588195,-0.0075333287157737785
251,SJCRH30,H3K36me3,tRNA-Deu,-0.025812589264789583,0.5987166146503653,-0.12144283024172722,0.07029243164714055
252,SJCRH30,H3K36me3,Kolobok,-0.08742769574491085,0.10101917229511072,-0.1902687145279334,0.017311278604826282
253,SJCRH30,H3K36me3,PIF-Harbinger,-0.015380929208923312,0.7746287860369742,-0.12017312891988068,0.08975025186668517
254,SJCRH30,H3K36me3,Crypton,-0.07171189549436005,0.22913490331098882,-0.18689317386654616,0.045414278107328676
255,SJCRH30,H3K36me3,Merlin,-0.14881218898171356,0.030708710194694074,-0.2789792750414984,-0.013275371854224978
256,SJCRH30,H3K36me3,TcMar,0.06122401406293234,0.38553905929258236,-0.07726520189436528,0.19739538433121054
257,SJCRH30,H3K36me3,L1-Tx1,0.10396274695107381,0.22666965897319297,-0.06533901672608775,0.26744664451337086
258,SJCRH30,H3K36me3,Crypton-A,-0.021150040104324277,0.8105007888215624,-0.1919977370010213,0.15094189966976834
259,SJCRH30,H3K36me3,I-Jockey,-0.09167825039384674,0.3430720512957789,-0.2754063243378158,0.09851118216733956
260,SJCRH30,H3K36me3,hAT-Tip100?,-0.05690559440559441,0.6525296402110987,-0.2968706101262234,0.18981954958377964
261,SJCRH30,H3K36me3,TcMar-Pogo,-0.1689882697947214,0.35518309259445024,-0.4908430409769206,0.19345144839369552
262,SJCRH30,H3K36me3,hAT?,0.04354469060351413,0.8068237473934358,-0.29917614026066974,0.37631436147354097
263,SJCRH30,H3K36me3,hAT-hAT19,0.12058823529411765,0.6564245147485952,-0.4006230717558349,0.582835796857242
264,SJCRH30,H3K27me3,Alu,-0.0038360330296410643,5.6193904183400877e-05,-0.0057024447470413395,-0.001969594585878703
265,SJCRH30,H3K27me3,L1,0.03725249029115181,3.890390027207109e-161,0.03455482439532877,0.039949613340105265
266,SJCRH30,H3K27me3,MIR,0.008946368210280447,1.2641774170519709e-10,0.0062200259912179754,0.01167257742951574
267,SJCRH30,H3K27me3,L2,0.007477421208251043,7.972286274529379e-06,0.004195821565666458,0.010758859802588816
268,SJCRH30,H3K27me3,ERVL-MaLR,0.01018105726052819,3.8302044100875304e-07,0.006250908046207428,0.014110891952713285
269,SJCRH30,H3K27me3,hAT-Charlie,0.020028676708972695,5.680141698986968e-21,0.01585118884454631,0.02420546535282315
270,SJCRH30,H3K27me3,ERV1,0.017640696339102323,8.806451884595567e-09,0.011630336514248418,0.023649781517555788
271,SJCRH30,H3K27me3,ERVL,0.01582852287280759,4.045225167798671e-07,0.009705913409882354,0.021949945561430605
272,SJCRH30,H3K27me3,TcMar-Tigger,0.020739412051441718,6.731594518358767e-11,0.014511806410066936,0.02696540874016055
273,SJCRH30,H3K27me3,hAT-Tip100,-0.007248510456027569,0.094536301010722,-0.01574480961843655,0.0012488353881863043
274,SJCRH30,H3K27me3,CR1,0.022718947426568364,1.4840893346626764e-06,0.0134686310513302,0.03196537538332906
275,SJCRH30,H3K27me3,Gypsy,-0.014915843749150838,0.06177702139654057,-0.030560489593543554,0.0007361085837813778
276,SJCRH30,H3K27me3,hAT-Blackjack,-0.03523017693492782,1.5344487132730683e-05,-0.05118033370081702,-0.019262052031513453
277,SJCRH30,H3K27me3,TcMar-Mariner,-0.029724055598428317,0.00029809757825599077,-0.04581508099205272,-0.013617609458842729
278,SJCRH30,H3K27me3,RTE-X,0.012069232031948655,0.24120881753933518,-0.008116182626421647,0.03224481480820417
279,SJCRH30,H3K27me3,ERVK,-0.03675983793406981,0.00175664332964513,-0.05975061490639705,-0.013730081680530028
280,SJCRH30,H3K27me3,TcMar-Tc2,0.07093561659432707,9.661412344754192e-09,0.04672293977795625,0.09506498785207818
281,SJCRH30,H3K27me3,SVA,0.2090934827150165,2.2050780235102666e-49,0.18182002389138416,0.2360454890617224
282,SJCRH30,H3K27me3,RTE-BovB,-0.03774364513340476,0.010539483440201364,-0.06660897414369975,-0.008815192097456195
283,SJCRH30,H3K27me3,tRNA-RTE,0.019796523428616764,0.21787219648511047,-0.011697189393291178,0.05125099927948925
284,SJCRH30,H3K27me3,hAT-Ac,0.0483098154871141,0.007730003671010771,0.012754917848463991,0.08374270573378638
285,SJCRH30,H3K27me3,hAT,-0.013273912450869613,0.4910268544695948,-0.05101458017346725,0.024504613480381604
286,SJCRH30,H3K27me3,MULE-MuDR,0.04286278749855462,0.039491392508430145,0.0020465921718186386,0.08353640422528606
287,SJCRH30,H3K27me3,PiggyBac,0.032310898502622185,0.13967637583128376,-0.010581295399963013,0.07508441013757333
288,SJCRH30,H3K27me3,5S-Deu-L2,0.0029483799781690858,0.8982091489331787,-0.04220579551078116,0.048090535661760775
289,SJCRH30,H3K27me3,Helitron,-0.0661919485839067,0.006455315626615483,-0.1135400326195312,-0.018543886273665197
290,SJCRH30,H3K27me3,hAT-Tag1,0.05176903048306157,0.033647539267123494,0.003979313581531943,0.09932281635178518
291,SJCRH30,H3K27me3,tRNA,-0.0533005244991727,0.038686144899834796,-0.10358643666139296,-0.0027428240815328925
292,SJCRH30,H3K27me3,Penelope,0.034350787271700156,0.380461883143304,-0.042449868654105695,0.11074787107317408
293,SJCRH30,H3K27me3,TcMar-Tc1,-0.03883090518476359,0.32180657368752225,-0.11524126602743326,0.03803628723960539
294,SJCRH30,H3K27me3,Dong-R4,-0.02378695611566308,0.6236113070879559,-0.11832027568833656,0.07117367356196178
295,SJCRH30,H3K27me3,tRNA-Deu,-0.0014627407761285123,0.9762135851795305,-0.09736421530261466,0.09446564728411781
296,SJCRH30,H3K27me3,Kolobok,0.04122475381482065,0.439389484659821,-0.06332658908292879,0.1448810369849369
297,SJCRH30,H3K27me3,PIF-Harbinger,0.04499030125917128,0.40208842742784445,-0.06032758330219617,0.14931751676308097
298,SJCRH30,H3K27me3,Crypton,0.0026943913483022507,0.9640067613705281,-0.11393913217399156,0.11925465473133255
299,SJCRH30,H3K27me3,Merlin,0.12221554396536657,0.07649690542016961,-0.013575189003055065,0.2535799832704018
300,SJCRH30,H3K27me3,TcMar,-0.010149855431479466,0.8854358461046734,-0.14731911626061686,0.12740245877430564
301,SJCRH30,H3K27me3,L1-Tx1,-0.11109412794549554,0.19621393860150307,-0.27419226593551754,0.058216232655691924
302,SJCRH30,H3K27me3,Crypton-A,-0.030238365010334393,0.7317073075402947,-0.20076078117908636,0.1420625543786249
303,SJCRH30,H3K27me3,I-Jockey,-0.15595403577054956,0.10536954907972036,-0.3352751413828816,0.03427195810749531
304,SJCRH30,H3K27me3,hAT-Tip100?,0.01958041958041958,0.876967839551747,-0.22541774307057003,0.262249441692833
305,SJCRH30,H3K27me3,TcMar-Pogo,-0.25329912023460405,0.1618725591268731,-0.5571446750727135,0.11036164169485013
306,SJCRH30,H3K27me3,hAT?,0.17891520244461417,0.31133587524638934,-0.17223011204512675,0.4897167282373306
307,SJCRH30,H3K27me3,hAT-hAT19,0.3558823529411765,0.1761037380915931,-0.18618358467659962,0.7318535353453441
308,SJCRH30,H3K4me3,Alu,0.017173808791382868,1.2408973097458898e-72,0.015306613529839624,0.019040884275123505
309,SJCRH30,H3K4me3,L1,-0.03476772175351046,1.418189446605797e-140,-0.037465532858797744,-0.03206940384872925
310,SJCRH30,H3K4me3,MIR,-0.017649266865884864,7.155960392785146e-37,-0.020375687280650777,-0.014922583957089973
311,SJCRH30,H3K4me3,L2,-0.006274179755143901,0.0001789759987772781,-0.009555925041218698,-0.002992299314206633
312,SJCRH30,H3K4me3,ERVL-MaLR,-0.0021398437860917167,0.28608554398655284,-0.006071375499624224,0.0017917540797376898
313,SJCRH30,H3K4me3,hAT-Charlie,-0.006237290428364344,0.0034447632813196633,-0.010416547435741037,-0.0020578155177615113
314,SJCRH30,H3K4me3,ERV1,0.014152150300279566,3.949609839117991e-06,0.008140681185746372,0.020162596529942272
315,SJCRH30,H3K4me3,ERVL,-0.003939603394983081,0.20741490742847285,-0.0100640755672575,0.0021851643385645313
316,SJCRH30,H3K4me3,TcMar-Tigger,-0.02836828141043521,4.43225020724205e-19,-0.03459396058340549,-0.022140400630998626
317,SJCRH30,H3K4me3,hAT-Tip100,-0.002413932017197596,0.5777171748924526,-0.01091191615546512,0.0060844007851531936
318,SJCRH30,H3K4me3,CR1,-0.012988266816240462,0.005934544986900665,-0.022238453923221015,-0.0037358560927617823
319,SJCRH30,H3K4me3,Gypsy,0.013905459832975444,0.0816318101488754,-0.0017470860251500397,0.029551193603009573
320,SJCRH30,H3K4me3,hAT-Blackjack,-0.007926957900238403,0.3309634257632942,-0.023904564305934548,0.008054697034935368
321,SJCRH30,H3K4me3,TcMar-Mariner,-0.018354547751580592,0.025628544014125988,-0.0344649218456922,-0.002234637173761776
322,SJCRH30,H3K4me3,RTE-X,-0.02467043003488719,0.01658075236860515,-0.04483387581513289,-0.00448689179177836
323,SJCRH30,H3K4me3,ERVK,0.030340002172159878,0.009815577143818588,0.0073093853584875286,0.0533384490910146
324,SJCRH30,H3K4me3,TcMar-Tc2,0.013312603803574317,0.2824327747140798,-0.01096401641347225,0.0375735396985333
325,SJCRH30,H3K4me3,SVA,0.07215790549156402,4.560132688341148e-07,0.04414136084055926,0.10006104084313219
326,SJCRH30,H3K4me3,RTE-BovB,0.0002803464149017422,0.9848521956992231,-0.028653976540682073,0.029214199968805078
327,SJCRH30,H3K4me3,tRNA-RTE,-0.0009120669197411364,0.954738447302576,-0.03239854488766441,0.030576219596739587
328,SJCRH30,H3K4me3,hAT-Ac,0.00937131214719122,0.6056852510476204,-0.0262060082316987,0.044924922857180374
329,SJCRH30,H3K4me3,hAT,-0.03386738951737667,0.07888260330641787,-0.07155823519894157,0.003920037530238692
330,SJCRH30,H3K4me3,MULE-MuDR,-0.003307779100889818,0.8738334924040193,-0.04411184067529667,0.03750730028370516
331,SJCRH30,H3K4me3,PiggyBac,-0.045582073017523005,0.03718837266738759,-0.08830824936768196,-0.0026884741505602545
332,SJCRH30,H3K4me3,5S-Deu-L2,-0.00057038215109637,0.9802562703684274,-0.04571766777782866,0.04457922879024702
333,SJCRH30,H3K4me3,Helitron,-0.053218250598638966,0.028643298850710004,-0.10066500937171446,-0.0055299788495102
334,SJCRH30,H3K4me3,hAT-Tag1,-0.022653012689150747,0.35287308969232356,-0.0703506149088585,0.02514793988775316
335,SJCRH30,H3K4me3,tRNA,-0.0014490569009083718,0.9552075652266532,-0.05197455669959208,0.04908384237744904
336,SJCRH30,H3K4me3,Penelope,0.01662523249819847,0.6715262219943356,-0.06018184484643499,0.09323660019596028
337,SJCRH30,H3K4me3,TcMar-Tc1,0.015572536753602423,0.691219864257254,-0.061230284088933155,0.09219203703518429
338,SJCRH30,H3K4me3,Dong-R4,-0.002772243176352916,0.9543978306016901,-0.0975336009829713,0.09203892909267607
339,SJCRH30,H3K4me3,tRNA-Deu,0.006350291295320513,0.8970059153878435,-0.08962034065294606,0.10220408397952199
340,SJCRH30,H3K4me3,Kolobok,-0.025286292829919482,0.6358729339249527,-0.12934427560254158,0.07932254420022386
341,SJCRH30,H3K4me3,PIF-Harbinger,-0.05710333525895261,0.28741050145230335,-0.1612012032755369,0.048251155207160334
342,SJCRH30,H3K4me3,Crypton,-0.035244163663280786,0.5548836806175037,-0.15125579644680567,0.08172517148609722
343,SJCRH30,H3K4me3,Merlin,0.04574891208683604,0.5086508718273481,-0.08994552772610775,0.17977581779485505
344,SJCRH30,H3K4me3,TcMar,0.031283363871632344,0.6577111871704668,-0.10692045574770288,0.16830123471163758
345,SJCRH30,H3K4me3,L1-Tx1,0.009968998562882704,0.9079553977723053,-0.1580147776124477,0.17739197591657666
346,SJCRH30,H3K4me3,Crypton-A,-0.04904492515357882,0.578005945672148,-0.2188295212919149,0.12362222862517083
347,SJCRH30,H3K4me3,I-Jockey,-0.09682142526179224,0.31656249267208064,-0.2802375433826425,0.09341531203232023
348,SJCRH30,H3K4me3,hAT-Tip100?,-0.08933566433566432,0.4791384619909028,-0.32657209473396726,0.15848994734814376
349,SJCRH30,H3K4me3,TcMar-Pogo,-0.2489002932551319,0.16953293152018684,-0.5537614826510976,0.11480158161373262
350,SJCRH30,H3K4me3,hAT?,-0.08479755538579069,0.633492947780826,-0.41169783897673345,0.2614372520849749
351,SJCRH30,H3K4me3,hAT-hAT19,0.03823529411764706,0.8881976539853073,-0.4664636117667526,0.5241529351784473
352,BE2C,H3K4me1,Alu,0.043969016658851307,0.0,0.04210253275980328,0.0458351936597621
353,BE2C,H3K4me1,L1,0.055749754056903245,0.0,0.05305203320735233,0.05844666116235585
354,BE2C,H3K4me1,MIR,-0.008997286022305127,1.0254676432163132e-10,-0.011725550033478763,-0.006268888052472137
355,BE2C,H3K4me1,L2,-0.008670227149849883,2.265683232928737e-07,-0.01195303685096113,-0.0053872305487560465
356,BE2C,H3K4me1,ERVL-MaLR,-0.00012894094121756276,0.9488003865767642,-0.004064549554013386,0.003806671665918765
357,BE2C,H3K4me1,hAT-Charlie,-0.0018650097969941488,0.38208404032013554,-0.00604697464757528,0.002317020288510092
358,BE2C,H3K4me1,ERV1,0.014271613876235689,3.472393790613851e-06,0.008244255023408614,0.02029793574777054
359,BE2C,H3K4me1,ERVL,0.0167626931940067,8.335626360291305e-08,0.0106331243633247,0.02289100232671369
360,BE2C,H3K4me1,TcMar-Tigger,0.0418987179249041,1.1857978669222452e-39,0.03567069787648937,0.048123483604167856
361,BE2C,H3K4me1,hAT-Tip100,0.013737464833342084,0.0015402027068752708,0.00523572268612857,0.022237221192188492
362,BE2C,H3K4me1,CR1,-0.022527120626882637,1.8306033336514325e-06,-0.03177640742974905,-0.013273975899470089
363,BE2C,H3K4me1,Gypsy,-0.010202775840112942,0.20172050489771928,-0.0258619500831131,0.005461404163461893
364,BE2C,H3K4me1,hAT-Blackjack,0.0022919633044526577,0.7788881861628014,-0.013707034432232774,0.018289787782820706
365,BE2C,H3K4me1,TcMar-Mariner,0.025541303398312006,0.0019091611699937033,0.009413516284961157,0.04165580592199405
366,BE2C,H3K4me1,RTE-X,-0.01754831858366682,0.08856876033022365,-0.03773205556880896,0.002649730729164784
367,BE2C,H3K4me1,ERVK,-0.014130342475729788,0.23065068139376485,-0.037221654033405285,0.008976050777433818
368,BE2C,H3K4me1,TcMar-Tc2,-0.024764840588093306,0.045593467909490565,-0.04901853380577392,-0.00048195898527697014
369,BE2C,H3K4me1,SVA,0.15527636347524384,1.0643767307612491e-27,0.12760052414050266,0.18271058537998014
370,BE2C,H3K4me1,RTE-BovB,0.0036008222194148973,0.8073584410817723,-0.02533915514601526,0.03253476922573423
371,BE2C,H3K4me1,tRNA-RTE,-0.0023689960387990325,0.8828294312852336,-0.033862045367539936,0.029128753215750095
372,BE2C,H3K4me1,hAT-Ac,0.04794799731288995,0.008232998164274,0.012375031346808578,0.08339974787120673
373,BE2C,H3K4me1,hAT,0.00409324342843328,0.8319824739569182,-0.03371181017840668,0.041886600151612524
374,BE2C,H3K4me1,MULE-MuDR,0.04092654550968236,0.04965193007082092,4.644722102164646e-05,0.08167008057206236
375,BE2C,H3K4me1,PiggyBac,-0.022702897540584962,0.3002402890778703,-0.06558279208102044,0.02026069005756463
376,BE2C,H3K4me1,5S-Deu-L2,0.01362037968659972,0.5549511056087928,-0.031597615417853865,0.05878273472095051
377,BE2C,H3K4me1,Helitron,0.009726933805788502,0.6901616133842505,-0.03808791968775882,0.05749734782811032
378,BE2C,H3K4me1,hAT-Tag1,-0.05236989491000587,0.03184090318315532,-0.09997652158162328,-0.004524037941168018
379,BE2C,H3K4me1,tRNA,0.01666841074561246,0.5184624984684107,-0.03392658705267537,0.06717819121227991
380,BE2C,H3K4me1,Penelope,0.08332756752151307,0.033529081753851234,0.006392955217087828,0.15928152334801196
381,BE2C,H3K4me1,TcMar-Tc1,0.00961301388913027,0.8064594180162237,-0.0672222527214972,0.08633493356918726
382,BE2C,H3K4me1,Dong-R4,-0.044124545311029266,0.36249055161534705,-0.13837816374731018,0.050921186368019816
383,BE2C,H3K4me1,tRNA-Deu,0.01841952522746406,0.7072944253890078,-0.07764082396905185,0.11414102289818892
384,BE2C,H3K4me1,Kolobok,0.003600395767270574,0.9461059470697382,-0.10052567280136152,0.10764844912291252
385,BE2C,H3K4me1,PIF-Harbinger,-0.11457295369291055,0.03237323737212116,-0.21727262546132922,-0.009364455011567603
386,BE2C,H3K4me1,Crypton,-0.033849317130150054,0.5706626190825248,-0.14988818756989147,0.08310939666014558
387,BE2C,H3K4me1,Merlin,0.003905184621276308,0.9550316624011654,-0.1312331114341465,0.13890099312894846
388,BE2C,H3K4me1,TcMar,-0.057961965809763184,0.4137484270340288,-0.1949066165886378,0.08119934034684637
389,BE2C,H3K4me1,L1-Tx1,-0.09056807191573986,0.29255925698189994,-0.25474338898991056,0.07868204578583379
390,BE2C,H3K4me1,Crypton-A,-0.09260215691310278,0.2928067106077725,-0.26034381720196775,0.08056575152620728
391,BE2C,H3K4me1,I-Jockey,0.03164674265591697,0.7439141766280021,-0.15743838024619777,0.21849346896881985
392,BE2C,H3K4me1,hAT-Tip100?,0.068068356374808,0.5960618218521261,-0.18306236140987334,0.310859853532556
393,BE2C,H3K4me1,TcMar-Pogo,-0.16715542521994134,0.3605015139184923,-0.48936767514740354,0.19521277881704152
394,BE2C,H3K4me1,hAT?,-0.1504010695187166,0.40346895918794123,-0.47104114706775846,0.20534449351883827
395,BE2C,H3K4me1,hAT-hAT19,0.1176470588235294,0.6643410791623536,-0.403045265536449,0.5807994752518446
396,BE2C,H3K9me3,Alu,-0.014321286105767056,5.1416874665737036e-51,-0.016189380388688442,-0.012453091840821454
397,BE2C,H3K9me3,L1,-0.12606260882897966,0.0,-0.12873251186723503,-0.12339087827309826
398,BE2C,H3K9me3,MIR,-0.0022367464728758456,0.10807954200938541,-0.004964941314328982,0.0004914816655689175
399,BE2C,H3K9me3,L2,0.015522358334845542,1.9043721430007908e-20,0.0122398296716682,0.018804552444858107
400,BE2C,H3K9me3,ERVL-MaLR,-0.08886583759103059,0.0,-0.09277615496284772,-0.08495277904596789
401,BE2C,H3K9me3,hAT-Charlie,-0.00854182800704875,6.240056954209124e-05,-0.012723220205026971,-0.004360137074597097
402,BE2C,H3K9me3,ERV1,-0.09940220298239644,1.7828530823745045e-230,-0.10537930639841114,-0.09341791762946432
403,BE2C,H3K9me3,ERVL,-0.011462876479117258,0.00024714174756708423,-0.01759174283271199,-0.005333148731181771
404,BE2C,H3K9me3,TcMar-Tigger,-0.03736721571047215,6.90086146230441e-32,-0.04359336622685964,-0.031138162714263767
405,BE2C,H3K9me3,hAT-Tip100,0.005121853619095636,0.23770073515578108,-0.00338014194621251,0.013623108774061567
406,BE2C,H3K9me3,CR1,0.01459476625343542,0.001994369999014088,0.005340565866911007,0.02384646698461108
407,BE2C,H3K9me3,Gypsy,-0.005164446678065019,0.5181430167998231,-0.020825766166158978,0.010499406726742226
408,BE2C,H3K9me3,hAT-Blackjack,0.01598850850466038,0.05012867883739735,-9.924461628105521e-06,0.03197875905229408
409,BE2C,H3K9me3,TcMar-Mariner,-0.03675795205214923,7.869721999307653e-06,-0.05285835993492833,-0.02063843871813543
410,BE2C,H3K9me3,RTE-X,0.011559820213241544,0.26185177432050494,-0.008634138266542489,0.031744353737928006
411,BE2C,H3K9me3,ERVK,0.08370403838887745,1.149509658348976e-12,0.06067404626413543,0.10664495986993772
412,BE2C,H3K9me3,TcMar-Tc2,0.03562828074881876,0.004009134486073901,0.01135840558256982,0.0598562031865977
413,BE2C,H3K9me3,SVA,-0.28078562910976373,3.543760862292471e-89,-0.30691523025178563,-0.25423305810059654
414,BE2C,H3K9me3,RTE-BovB,-0.006410997953243944,0.664157019007016,-0.035338829755977685,0.02252756796768908
415,BE2C,H3K9me3,tRNA-RTE,0.021652051667030884,0.17797044545579752,-0.009857960738017653,0.05311910673272994
416,BE2C,H3K9me3,hAT-Ac,0.03288804127033716,0.07005215537584736,-0.0027042594503688387,0.06839712088576604
417,BE2C,H3K9me3,hAT,0.018566112188491746,0.3357630021345125,-0.019243296462720026,0.056322494584905354
418,BE2C,H3K9me3,MULE-MuDR,-0.007257984573904323,0.7278613799125044,-0.048107341489088636,0.033615610352125916
419,BE2C,H3K9me3,PiggyBac,-0.06771499584225965,0.0019917714669025403,-0.1104015622002189,-0.024779071747517423
420,BE2C,H3K9me3,5S-Deu-L2,-0.019543817261311595,0.39691568809610644,-0.0646874321055058,0.02567962742597895
421,BE2C,H3K9me3,Helitron,0.02004450432317364,0.41078202512148954,-0.027726088304989082,0.06772375088359092
422,BE2C,H3K9me3,hAT-Tag1,-0.019876670473637666,0.4155446474561062,-0.06764154671671155,0.027979110883829338
423,BE2C,H3K9me3,tRNA,0.0027977438943856507,0.9137273350436945,-0.04778884789170413,0.05337002074882335
424,BE2C,H3K9me3,Penelope,0.05755500060996537,0.1417913378440694,-0.019318667639016553,0.13375216466395268
425,BE2C,H3K9me3,TcMar-Tc1,-0.005178997430475875,0.8949928693552163,-0.08193080934337114,0.07163388196570049
426,BE2C,H3K9me3,Dong-R4,-0.017002402725562554,0.7257795783511816,-0.11161612373960589,0.07791679213100741
427,BE2C,H3K9me3,tRNA-Deu,-0.05053204577096271,0.3026838976261067,-0.14580084928591122,0.04566534185812987
428,BE2C,H3K9me3,Kolobok,-0.0026137269279719964,0.9608612892362889,-0.10667294290900067,0.1015021247932021
429,BE2C,H3K9me3,PIF-Harbinger,0.04477194285002552,0.40437879677983024,-0.06054506909805816,0.14910308434035732
430,BE2C,H3K9me3,Crypton,0.01905690214091512,0.7495772830101897,-0.09776836556335963,0.13536410580508257
431,BE2C,H3K9me3,Merlin,-0.14548569216987073,0.03468663272702897,-0.2758102521331609,-0.009908787080130514
432,BE2C,H3K9me3,TcMar,0.030551486548563808,0.6668020048581704,-0.10833326402678152,0.16826645866186957
433,BE2C,H3K9me3,L1-Tx1,-0.23674738089890898,0.005346521096673189,-0.3910142133970365,-0.0695418988191794
434,BE2C,H3K9me3,Crypton-A,-0.0015774449396334736,0.9857332646654572,-0.17305622013897096,0.16999415014925826
435,BE2C,H3K9me3,I-Jockey,-0.03456584190529145,0.7212234644101332,-0.22128322643393394,0.15459618338922937
436,BE2C,H3K9me3,hAT-Tip100?,0.1564420122887865,0.2207975174380371,-0.09653482391312025,0.3904332238889687
437,BE2C,H3K9me3,TcMar-Pogo,-0.16788856304985336,0.3583684810767279,-0.48995799485134917,0.19450846595644392
438,BE2C,H3K9me3,hAT?,0.10728609625668449,0.552333463627276,-0.24601484363784717,0.4354218773044986
439,BE2C,H3K9me3,hAT-hAT19,0.05294117647058824,0.8456104411493658,-0.4549988507346061,0.5348883254111099
440,BE2C,H3K36me3,Alu,0.003376642250303328,0.0003973878845019794,0.0015080805782068738,0.005245180343182198
441,BE2C,H3K36me3,L1,0.029318753857643175,2.6959722906546826e-100,0.02661673426389725,0.0320203450438516
442,BE2C,H3K36me3,MIR,-0.0317169197095368,5.467595248142911e-115,-0.0344427196111697,-0.02899064793914957
443,BE2C,H3K36me3,L2,-0.032810761612156104,1.771914455975975e-85,-0.03609080775525085,-0.029530008553417274
444,BE2C,H3K36me3,ERVL-MaLR,-0.030052162238811304,1.1251905075772506e-50,-0.033984086211236976,-0.026119307991950256
445,BE2C,H3K36me3,hAT-Charlie,-0.032299274686046674,8.459830542635424e-52,-0.03647708378984296,-0.028120336590921235
446,BE2C,H3K36me3,ERV1,-0.03181225888525224,4.267181914198809e-25,-0.03783332021097694,-0.025788887746028118
447,BE2C,H3K36me3,ERVL,-0.023975177318601652,1.7669274578219954e-14,-0.03010174445788804,-0.017846808806512737
448,BE2C,H3K36me3,TcMar-Tigger,-0.034857518879412214,5.82419448100667e-28,-0.0410847410217925,-0.028627588840887414
449,BE2C,H3K36me3,hAT-Tip100,-0.006101725470219712,0.1595274471590298,-0.014602759709219792,0.0024001908070292962
450,BE2C,H3K36me3,CR1,-0.032391945946410615,6.79509917586759e-12,-0.04163621442872984,-0.023142132120068073
451,BE2C,H3K36me3,Gypsy,-0.00580923154833056,0.46730654182008813,-0.021470809821370413,0.009855197174697407
452,BE2C,H3K36me3,hAT-Blackjack,-0.00047459185868194137,0.9536325422521834,-0.016470810351048387,0.015521869513613104
453,BE2C,H3K36me3,TcMar-Mariner,0.0237417195822536,0.00391351528528414,0.007612234413428419,0.03985885394319802
454,BE2C,H3K36me3,RTE-X,-0.05493206587194519,9.547718078554813e-08,-0.07505738019914292,-0.03476201958004104
455,BE2C,H3K36me3,ERVK,0.007673930966416711,0.515042656128617,-0.015429849823993431,0.030769521724980438
456,BE2C,H3K36me3,TcMar-Tc2,-0.06126465103830636,7.456134640226642e-07,-0.0854415084092649,-0.03701568854814519
457,BE2C,H3K36me3,SVA,0.02068850625179984,0.14832713547955748,-0.007368212824474912,0.04871267804621015
458,BE2C,H3K36me3,RTE-BovB,-0.009666177239333818,0.5126965923399605,-0.03859014945313609,0.01927397890984812
459,BE2C,H3K36me3,tRNA-RTE,0.007611956366938169,0.6358050666643713,-0.023889758745527796,0.039098570274207774
460,BE2C,H3K36me3,hAT-Ac,-0.0635363813975616,0.000463143551046266,-0.09893954543299975,-0.02797257520622805
461,BE2C,H3K36me3,hAT,-0.019680215464599023,0.3074758801767752,-0.05742678992608866,0.018122545130181255
462,BE2C,H3K36me3,MULE-MuDR,0.005277747243257035,0.8002867341898896,-0.03560218834118894,0.04614004992870769
463,BE2C,H3K36me3,PiggyBac,-0.024183761472264892,0.2698065130789612,-0.06705869565731856,0.01878032180717215
464,BE2C,H3K36me3,5S-Deu-L2,-0.029109223979052874,0.206981288973282,-0.07421757009698894,0.016117995782067674
465,BE2C,H3K36me3,Helitron,0.018255730482394494,0.45419720894901383,-0.029555839251024105,0.06598395469744123
466,BE2C,H3K36me3,hAT-Tag1,-0.038620356673080856,0.11356382934849457,-0.08630316379664937,0.00923898228489564
467,BE2C,H3K36me3,tRNA,-0.00745492162235089,0.7728233862281104,-0.058013478252809864,0.043141777939791945
468,BE2C,H3K36me3,Penelope,0.02400160802119471,0.5403743893212725,-0.05283172766386725,0.1005524425617102
469,BE2C,H3K36me3,TcMar-Tc1,0.031024328949845775,0.4293844314120041,-0.04594651994156248,0.1076289663704624
470,BE2C,H3K36me3,Dong-R4,-0.011514164785130553,0.8122548536507592,-0.10618819678318277,0.08336675257579938
471,BE2C,H3K36me3,tRNA-Deu,-0.06120524746447936,0.2117499287329296,-0.15629120100018318,0.03500475496690668
472,BE2C,H3K36me3,Kolobok,0.025460669538757436,0.6325780342462864,-0.07885314278765282,0.12922295991236873
473,BE2C,H3K36me3,PIF-Harbinger,-0.029949119103133446,0.5771082799614276,-0.13452951104985397,0.07529110854153946
474,BE2C,H3K36me3,Crypton,-0.010098540652749653,0.865689541323188,-0.12654999306377104,0.10662747695355491
475,BE2C,H3K36me3,Merlin,-0.10896257116411337,0.11454890200644961,-0.24087116786540627,0.02689843967590005
476,BE2C,H3K36me3,TcMar,-0.047770501797855934,0.5006773229560897,-0.18501925420939744,0.09130611735483656
477,BE2C,H3K36me3,L1-Tx1,-0.0845614702535535,0.3258738730262799,-0.24903280581813542,0.08465054461924953
478,BE2C,H3K36me3,Crypton-A,-0.043802790024238474,0.619344604758739,-0.21380180557686085,0.12877128825673817
479,BE2C,H3K36me3,I-Jockey,0.14736354369381893,0.12622863080571747,-0.0429284743254809,0.32733778711259925
480,BE2C,H3K36me3,hAT-Tip100?,0.05366743471582181,0.6761348345970386,-0.19688835214779188,0.2976429447941999
481,BE2C,H3K36me3,TcMar-Pogo,-0.05425219941348973,0.7680673598588204,-0.39569081215811164,0.30036282813718157
482,BE2C,H3K36me3,hAT?,0.08823529411764706,0.6253492573066257,-0.2636893029879456,0.4194298771678652
483,BE2C,H3K36me3,hAT-hAT19,0.2735294117647059,0.3053231563074052,-0.26641031371384605,0.6828023250625798
484,BE2C,H3K27me3,Alu,-0.011749218209888666,6.627779641276411e-35,-0.013617417145083814,-0.009880937246295464
485,BE2C,H3K27me3,L1,-0.0018272456518333743,0.18525624275327285,-0.004530640686027299,0.0008761760909957856
486,BE2C,H3K27me3,MIR,-0.0063310348982229155,5.397457942756348e-06,-0.009058863233926986,-0.003603112336425604
487,BE2C,H3K27me3,L2,-0.010328141359390003,6.996255828133977e-10,-0.013610722085892635,-0.007045338015654437
488,BE2C,H3K27me3,ERVL-MaLR,0.008566442783825574,1.9818317769178767e-05,0.00463157444617154,0.012501045848193853
489,BE2C,H3K27me3,hAT-Charlie,0.014754562635517578,4.621744140536157e-12,0.010573845091162598,0.018934764358945196
490,BE2C,H3K27me3,ERV1,-0.0005574550234296288,0.8561070559121264,-0.006582744519241994,0.005467874948488112
491,BE2C,H3K27me3,ERVL,0.018406899452693973,3.954425445370497e-09,0.012278134373234374,0.02453428158448591
492,BE2C,H3K27me3,TcMar-Tigger,0.022079185466344613,3.842317281617891e-12,0.015846978199437586,0.02830967723995797
493,BE2C,H3K27me3,hAT-Tip100,0.004654247355286214,0.2832964269359175,-0.003847823549786378,0.013155645432540677
494,BE2C,H3K27me3,CR1,-0.01581154042559584,0.0008117193067394904,-0.025062983283910555,-0.006557389503951396
495,BE2C,H3K27me3,Gypsy,-0.03344050708664402,2.8460764059181316e-05,-0.049082069104599765,-0.017782546569835377
496,BE2C,H3K27me3,hAT-Blackjack,-0.02242385034649434,0.006003968869606096,-0.03840895675855197,-0.006427270292612694
497,BE2C,H3K27me3,TcMar-Mariner,0.015911023288768474,0.05317161756983684,-0.00021854315633844894,0.03203231297042925
498,BE2C,H3K27me3,RTE-X,-0.0038941172763855086,0.7054591387505047,-0.024083568969284326,0.016298509557046117
499,BE2C,H3K27me3,ERVK,-0.006321911594060585,0.591797930474772,-0.02942176016514363,0.016784685999982892
500,BE2C,H3K27me3,TcMar-Tc2,0.016960466629150853,0.17079630053987574,-0.007312568787526939,0.041213527202602684
501,BE2C,H3K27me3,SVA,0.046783566494259084,0.0010775781530792533,0.01873764488516884,0.0747559226914398
502,BE2C,H3K27me3,RTE-BovB,-0.021857000968627572,0.13876282496815734,-0.050762437823037715,0.007085023706167351
503,BE2C,H3K27me3,tRNA-RTE,0.0315959212675161,0.04927796656504576,9.262741925475746e-05,0.06303656207618595
504,BE2C,H3K27me3,hAT-Ac,-0.03632173428715185,0.04544623481985388,-0.0718259796359923,-0.0007255597309012197
505,BE2C,H3K27me3,hAT,-0.016130117398581938,0.40292256820235084,-0.053885356014291855,0.021671174903627646
506,BE2C,H3K27me3,MULE-MuDR,-0.015684178427004033,0.45225526288110485,-0.05653130175067003,0.02521536266514977
507,BE2C,H3K27me3,PiggyBac,-0.04155295718149061,0.05800006838002512,-0.08437971716006105,0.0014270399433870687
508,BE2C,H3K27me3,5S-Deu-L2,-0.02819941617482263,0.2216594662701197,-0.0733233667452458,0.017039756917628872
509,BE2C,H3K27me3,Helitron,-0.0038419905942313603,0.8748887109171097,-0.051628702866478256,0.04396227529059411
510,BE2C,H3K27me3,hAT-Tag1,-0.014258465968322321,0.5592082731638813,-0.06204304923487708,0.03359133403006718
511,BE2C,H3K27me3,tRNA,-0.034708868481685994,0.17880299497360708,-0.0851542652075794,0.015914013537315388
512,BE2C,H3K27me3,Penelope,-0.01670463874160415,0.6700495833174367,-0.09331538785834942,0.060102754521581224
513,BE2C,H3K27me3,TcMar-Tc1,-0.012631449471843076,0.7475064507273321,-0.08933173476923163,0.06421776813130121
514,BE2C,H3K27me3,Dong-R4,-0.022264269504761933,0.6460067661656627,-0.11681619614758605,0.07268762749597871
515,BE2C,H3K27me3,tRNA-Deu,-0.033929917423561266,0.48904993459162494,-0.12945102799334765,0.062215128128366104
516,BE2C,H3K27me3,Kolobok,0.04307251385648593,0.4184796682224614,-0.06133859121681026,0.1465511506320169
517,BE2C,H3K27me3,PIF-Harbinger,-0.057087244206177806,0.28754657118199217,-0.16118543195611515,0.048267213038329114
518,BE2C,H3K27me3,Crypton,0.07577889630826923,0.20373420505239323,-0.04135024247950965,0.19085345239019083
519,BE2C,H3K27me3,Merlin,0.08111401874545997,0.24072197006897955,-0.054774904219258395,0.21405289528560198
520,BE2C,H3K27me3,TcMar,-0.025750200885591774,0.716712893909562,-0.16358450403371064,0.1130701755960908
521,BE2C,H3K27me3,L1-Tx1,0.005514219008448462,0.9490089363705329,-0.16235266773391924,0.17307089703928946
522,BE2C,H3K27me3,Crypton-A,-0.09395005825745963,0.28580725921656625,-0.26162106152596304,0.07922549687927691
523,BE2C,H3K27me3,I-Jockey,0.053590955425817814,0.5799529141738373,-0.13601462685202864,0.23940940493312116
524,BE2C,H3K27me3,hAT-Tip100?,0.12067972350230415,0.3461242313090205,-0.131906002432952,0.35854964417971985
525,BE2C,H3K27me3,TcMar-Pogo,-0.187683284457478,0.3036519814363178,-0.5058092308892161,0.17538042959831382
526,BE2C,H3K27me3,hAT?,0.1661096256684492,0.35555163444125915,-0.19028760787842042,0.48382169127249675
527,BE2C,H3K27me3,hAT-hAT19,0.19117647058823528,0.47816401281702825,-0.3407869677255128,0.6304114123813899
528,SJSA1,H3K27ac,Alu,0.008803174860037892,2.073530946565905e-20,0.006939640614717184,0.010666647960001262
529,SJSA1,H3K27ac,L1,-0.008416294836370637,9.367960163691192e-10,-0.01111157626494243,-0.005720891112533522
530,SJSA1,H3K27ac,MIR,-0.018984358149428955,2.064284386163194e-42,-0.021709953659658623,-0.01625848044359959
531,SJSA1,H3K27ac,L2,-0.022841797010510936,2.0371907564209997e-42,-0.026120632309915764,-0.01956247024767307
532,SJSA1,H3K27ac,ERVL-MaLR,0.00819717425376844,4.268543909199439e-05,0.0042713818078895524,0.012122714031751709
533,SJSA1,H3K27ac,hAT-Charlie,-0.00045267068256878384,0.8317511366926567,-0.004628647995972441,0.0037233224189525947
534,SJSA1,H3K27ac,ERV1,0.010692846690290948,0.0004636025259968104,0.004706604302093765,0.01667832273055745
535,SJSA1,H3K27ac,ERVL,0.0006773952173584498,0.8282176015059668,-0.005441198189422983,0.006795937904996525
536,SJSA1,H3K27ac,TcMar-Tigger,-0.01815559025820889,1.082445340856614e-08,-0.02437779116178104,-0.011931982757361544
537,SJSA1,H3K27ac,hAT-Tip100,-0.004129276130337663,0.3408692444920268,-0.012626026656237853,0.004368070671847664
538,SJSA1,H3K27ac,CR1,-0.02501181642519798,1.1398226677337474e-07,-0.03425101300530026,-0.015768345040057245
539,SJSA1,H3K27ac,Gypsy,0.0022550268699364044,0.7775908783489665,-0.013391886674587572,0.017900836308779276
540,SJSA1,H3K27ac,hAT-Blackjack,-0.020822352248250582,0.010581754736765982,-0.03677791550048914,-0.004856175433131343
541,SJSA1,H3K27ac,TcMar-Mariner,0.01246102337869069,0.12925220506946544,-0.003638870557003532,0.028554458944294515
542,SJSA1,H3K27ac,RTE-X,-0.05523933635242653,7.879955243952261e-08,-0.07534589894614759,-0.0350878733716709
543,SJSA1,H3K27ac,ERVK,0.019487448983229926,0.0939781520311684,-0.003321026774104649,0.04227565928233824
544,SJSA1,H3K27ac,TcMar-Tc2,-0.04209286537510814,0.0006688146775007171,-0.06629301149618953,-0.01784322760784878
545,SJSA1,H3K27ac,SVA,0.02054581359774502,0.1492751291339267,-0.007382438136018548,0.04844203762210581
546,SJSA1,H3K27ac,RTE-BovB,-0.019695663960089448,0.1819205458997929,-0.04858598525204837,0.009227585576653968
547,SJSA1,H3K27ac,tRNA-RTE,0.008014289359972575,0.6180131894271681,-0.023483608898000708,0.03949629238701837
548,SJSA1,H3K27ac,hAT-Ac,-0.049159436708534225,0.006672277942995471,-0.08455998424330703,-0.013634945161284225
549,SJSA1,H3K27ac,hAT,-0.027438346545341875,0.15466911682294024,-0.06515650471419857,0.010358103465050107
550,SJSA1,H3K27ac,MULE-MuDR,-0.012977219042979823,0.5332842989106016,-0.05376036739051404,0.027849151447688694
551,SJSA1,H3K27ac,PiggyBac,-0.03246491877715399,0.13713991999851496,-0.07516649597981367,0.010355507881427863
552,SJSA1,H3K27ac,5S-Deu-L2,0.024659495152730568,0.28445377871243877,-0.020506670578650396,0.0697252136757797
553,SJSA1,H3K27ac,Helitron,0.004132117031873693,0.8650132476641826,-0.043488969918959966,0.0517344696708399
554,SJSA1,H3K27ac,hAT-Tag1,-0.04932485387601273,0.04292352042621084,-0.09687895436726003,-0.0015460669808930992
555,SJSA1,H3K27ac,tRNA,-0.05707267480136755,0.026824564196391697,-0.1073332304413108,-0.006521156915303724
556,SJSA1,H3K27ac,Penelope,0.04913318704146524,0.20813712338149676,-0.027448656617641946,0.1251416509000967
557,SJSA1,H3K27ac,TcMar-Tc1,-0.020751845464988466,0.5965759552625011,-0.09733011368167035,0.05607069153589526
558,SJSA1,H3K27ac,Dong-R4,0.057086934523193696,0.23858495145099967,-0.037982293739108726,0.15113202017782923
559,SJSA1,H3K27ac,tRNA-Deu,0.07136786595532045,0.14522463167923208,-0.024838764144381454,0.16626468979453377
560,SJSA1,H3K27ac,Kolobok,-0.03978201321631708,0.45558149654422775,-0.14346297124306978,0.06476273012830087
561,SJSA1,H3K27ac,PIF-Harbinger,-0.050962904830337205,0.3424848336466315,-0.15517987388755186,0.054375929072887304
562,SJSA1,H3K27ac,Crypton,-0.035615840363321695,0.5507152396210717,-0.15162015903893816,0.08135626782979843
563,SJSA1,H3K27ac,Merlin,-0.15797332077481535,0.02139193884506022,-0.287394822915797,-0.02288671221702801
564,SJSA1,H3K27ac,TcMar,-0.18435487521426522,0.008462437691419314,-0.3151472626042856,-0.04669011393829589
565,SJSA1,H3K27ac,L1-Tx1,0.07794347401658362,0.36529370103816783,-0.09121591502721284,0.24273090083346086
566,SJSA1,H3K27ac,Crypton-A,-0.08431456547898783,0.3383242077410479,-0.25248084798190196,0.08879588496590543
567,SJSA1,H3K27ac,I-Jockey,0.04156241312204616,0.6678452229384368,-0.14777437522018522,0.22796048266886848
568,SJSA1,H3K27ac,hAT-Tip100?,-0.08635531135531134,0.4974574734777568,-0.3256782097837257,0.163367064990895
569,SJSA1,H3K27ac,TcMar-Pogo,-0.22177419354838707,0.22250571268786687,-0.5327129863717359,0.14191840554820323
570,SJSA1,H3K27ac,hAT?,-0.10404889228418639,0.5581417141165133,-0.42796132535792675,0.24355004079350254
571,SJSA1,H3K27ac,hAT-hAT19,-0.4323529411764706,0.09442103753478695,-0.7743968942348691,0.10525406874254063
572,SJSA1,H3K9me3,Alu,-0.019759856939276416,4.93591699693909e-96,-0.021621939776472907,-0.017897637009685018
573,SJSA1,H3K9me3,L1,-0.1454051975775255,0.0,-0.14805627023462836,-0.1427520352587318
574,SJSA1,H3K9me3,MIR,0.00865201408698074,4.94426461448115e-10,0.0059261276135982996,0.01137777197996457
575,SJSA1,H3K9me3,L2,0.032122799598366523,3.8334609778174647e-82,0.028844702314426523,0.03540020593666781
576,SJSA1,H3K9me3,ERVL-MaLR,-0.08422987058448154,0.0,-0.08813267458149479,-0.08032448058200063
577,SJSA1,H3K9me3,hAT-Charlie,0.007629893718711664,0.00034116907740090876,0.003454876300042243,0.011804645148990708
578,SJSA1,H3K9me3,ERV1,-0.1103668996298826,8.140390332255954e-288,-0.11629269250074277,-0.10443324970415993
579,SJSA1,H3K9me3,ERVL,0.023252453858060435,9.273947300492939e-14,0.017136687042955876,0.029366480822669797
580,SJSA1,H3K9me3,TcMar-Tigger,-0.05938756074767648,3.5009596142607434e-78,-0.06559253323573695,-0.0531779956350772
581,SJSA1,H3K9me3,hAT-Tip100,0.03572090015341351,1.675414257011729e-16,0.027230736777172332,0.04420591034965968
582,SJSA1,H3K9me3,CR1,0.021683376117187313,4.2928740897956785e-06,0.012438390734897041,0.03092465469712805
583,SJSA1,H3K9me3,Gypsy,0.013178802433562613,0.09877561753447343,-0.0024688070533000366,0.028819959862399366
584,SJSA1,H3K9me3,hAT-Blackjack,0.06828643078811265,4.7368113199159594e-17,0.05236103836193169,0.08417709946658605
585,SJSA1,H3K9me3,TcMar-Mariner,-0.07928919681529295,4.038604076762039e-22,-0.09528741685619642,-0.06325002841953976
586,SJSA1,H3K9me3,RTE-X,0.008565237429899205,0.40540190999359016,-0.01161235569201798,0.028735858029945823
587,SJSA1,H3K9me3,ERVK,0.06668462283613559,9.472691477481152e-09,0.04393366024335065,0.08936645501641166
588,SJSA1,H3K9me3,TcMar-Tc2,0.06223756098021692,4.793678152080553e-07,0.038021839476292986,0.08638022735395577
589,SJSA1,H3K9me3,SVA,-0.2128806543574562,1.2224273810657536e-51,-0.2396673787153359,-0.18577006342392507
590,SJSA1,H3K9me3,RTE-BovB,-0.0309553752309932,0.03590003877767648,-0.05982706806417888,-0.0020319330775564197
591,SJSA1,H3K9me3,tRNA-RTE,0.006898671567553721,0.6677413234672842,-0.024598512940754064,0.03838217340434303
592,SJSA1,H3K9me3,hAT-Ac,0.0966843488609245,9.103392541969735e-08,0.06127977458365087,0.13184593069201708
593,SJSA1,H3K9me3,hAT,0.004400013150397956,0.8194675021882553,-0.033377308531930217,0.042164780016775066
594,SJSA1,H3K9me3,MULE-MuDR,0.0073635444198255,0.7237761626996311,-0.03346582136655415,0.04816837302627961
595,SJSA1,H3K9me3,PiggyBac,-0.11149037239444269,3.022086331820489e-07,-0.1536622378471944,-0.06891309153101327
596,SJSA1,H3K9me3,5S-Deu-L2,-0.009346830684241482,0.684996215004762,-0.054461323877302605,0.03580574548939549
597,SJSA1,H3K9me3,Helitron,0.03336483151491065,0.16987488411399684,-0.014297509625806523,0.08087589569450006
598,SJSA1,H3K9me3,hAT-Tag1,0.05349960884663016,0.02808942305073994,0.005726705517109404,0.10102886126206996
599,SJSA1,H3K9me3,tRNA,-0.05633498593922914,0.028859695988195495,-0.10660058504990257,-0.005782173325041121
600,SJSA1,H3K9me3,Penelope,0.03726064980471697,0.3395606536220668,-0.03925220748213969,0.11333911694182237
601,SJSA1,H3K9me3,TcMar-Tc1,-0.005268541354125423,0.8930247436510101,-0.08190229440332858,0.07142714488893705
602,SJSA1,H3K9me3,Dong-R4,0.02802234676720416,0.563163564717415,-0.06696084621748852,0.12250219953039239
603,SJSA1,H3K9me3,tRNA-Deu,0.07896179498549259,0.10694861270991236,-0.01723247340400637,0.17370771509029634
604,SJSA1,H3K9me3,Kolobok,0.09498432252113054,0.07428793149658704,-0.00957901058352616,0.19749291220516482
605,SJSA1,H3K9me3,PIF-Harbinger,0.007663293309205962,0.8865661151808844,-0.09739668336617352,0.11255436332817016
606,SJSA1,H3K9me3,Crypton,-0.007001234819075419,0.9066546944311749,-0.12349935233790951,0.10968724143233065
607,SJSA1,H3K9me3,Merlin,-0.19990591803602847,0.003466456632037102,-0.32708082618417905,-0.06561882395040382
608,SJSA1,H3K9me3,TcMar,-0.062458963445869695,0.3748218312268755,-0.19825964240979577,0.07569452143092581
609,SJSA1,H3K9me3,L1-Tx1,0.10812816418767157,0.20849939196277265,-0.061180223586708854,0.27138823103917176
610,SJSA1,H3K9me3,Crypton-A,-0.08295598768833903,0.3461928048915731,-0.25119026792217203,0.09014333472606299
611,SJSA1,H3K9me3,I-Jockey,0.006069873042350108,0.9500521360896712,-0.18224161718374085,0.1939518391839459
612,SJSA1,H3K9me3,hAT-Tip100?,0.0012362637362637362,0.992264484025057,-0.2446474535507515,0.24697058557059395
613,SJSA1,H3K9me3,TcMar-Pogo,-0.3016862170087976,0.09333705741088928,-0.5938023501657727,0.0606970468508411
614,SJSA1,H3K9me3,hAT?,0.12788388082505728,0.47105683937341203,-0.2211532121941112,0.4478792509680753
615,SJSA1,H3K9me3,hAT-hAT19,0.06764705882352941,0.8034203137966691,-0.4434098601134071,0.5455111301042209
616,SJSA1,H3K36me3,Alu,-0.021450032131444575,8.675039025547761e-113,-0.023312289312888118,-0.01958762609211804
617,SJSA1,H3K36me3,L1,-0.02643230564104553,2.3514876929739824e-82,-0.029126110226551708,-0.023738117116170843
618,SJSA1,H3K36me3,MIR,-0.05292351202439179,0.0,-0.055643375338079865,-0.05020286326470824
619,SJSA1,H3K36me3,L2,-0.06561753644494472,0.0,-0.06888653178119844,-0.0623471320157406
620,SJSA1,H3K36me3,ERVL-MaLR,-0.021026343411525806,8.586765192960303e-26,-0.024949770917144082,-0.017102268183751185
621,SJSA1,H3K36me3,hAT-Charlie,-0.03883182788120052,2.6494644434207847e-74,-0.043001427713426126,-0.03466087534481486
622,SJSA1,H3K36me3,ERV1,-0.08482787285281734,1.832200026062587e-170,-0.09077710389357521,-0.07887258745029765
623,SJSA1,H3K36me3,ERVL,-0.014359200161222703,4.211470837276947e-06,-0.020475243709481478,-0.008242081962473053
624,SJSA1,H3K36me3,TcMar-Tigger,-0.0657566174616078,1.834689156175142e-95,-0.07195745718710639,-0.0595506948748866
625,SJSA1,H3K36me3,hAT-Tip100,-0.0033717474788815894,0.4366273994853975,-0.011866593401351024,0.0051235851038282446
626,SJSA1,H3K36me3,CR1,-0.05390771762207203,2.7576333772825642e-30,-0.06312830987961954,-0.04467792307893955
627,SJSA1,H3K36me3,Gypsy,-0.029022266192168772,0.0002766241740601736,-0.0446507053118677,-0.013379624959471429
628,SJSA1,H3K36me3,hAT-Blackjack,-0.004152508631336956,0.6101635854809384,-0.0201135985078215,0.011810697318353415
629,SJSA1,H3K36me3,TcMar-Mariner,0.009014089539245734,0.2723726647185357,-0.007082546798195604,0.025106055720593882
630,SJSA1,H3K36me3,RTE-X,-0.11151541501402065,1.6715403251186007e-27,-0.1314565653393753,-0.0914840535450123
631,SJSA1,H3K36me3,ERVK,-0.021160693019964635,0.06889612490818303,-0.043940706539478645,0.0016413133455070654
632,SJSA1,H3K36me3,TcMar-Tc2,-0.10647017842645454,6.285614264070266e-18,-0.13045437894521283,-0.08236143787302681
633,SJSA1,H3K36me3,SVA,-0.09449529108101022,2.955716297011837e-11,-0.12214718110928444,-0.06669681883035196
634,SJSA1,H3K36me3,RTE-BovB,-0.07422731350771757,4.737825410670827e-07,-0.10296411557553586,-0.0453667067553168
635,SJSA1,H3K36me3,tRNA-RTE,-0.03191781606236406,0.04686673161978265,-0.06333739872858045,-0.0004350243154914511
636,SJSA1,H3K36me3,hAT-Ac,-0.0484513851141732,0.007502975838145283,-0.0838546653703814,-0.012925941792304742
637,SJSA1,H3K36me3,hAT,0.006374860652401704,0.7408955971237838,-0.03140467655076069,0.04413620828441844
638,SJSA1,H3K36me3,MULE-MuDR,-0.06535185859549208,0.0017018592537932854,-0.10595759867140078,-0.024528526680533524
639,SJSA1,H3K36me3,PiggyBac,-0.08743684685812857,6.0410037725705134e-05,-0.12981645754743948,-0.044738356379699216
640,SJSA1,H3K36me3,5S-Deu-L2,-0.009797180572134604,0.670690099895872,-0.05491046517437983,0.0353560217568426
641,SJSA1,H3K36me3,Helitron,0.003427354795501881,0.8879014243564493,-0.04420638355809054,0.05104554489201139
642,SJSA1,H3K36me3,hAT-Tag1,-0.032472182205665015,0.18276008139884176,-0.08011392615270835,0.015317582352407112
643,SJSA1,H3K36me3,tRNA,-0.0739374915577025,0.0041060047221454544,-0.12407149919952142,-0.023426962448465677
644,SJSA1,H3K36me3,Penelope,0.06326975092067866,0.10490965644033404,-0.013303568941158396,0.13910530508626823
645,SJSA1,H3K36me3,TcMar-Tc1,-0.04707146896339871,0.2293084334687865,-0.12333472829120334,0.029744526831373148
646,SJSA1,H3K36me3,Dong-R4,-0.030103308435979553,0.534532814853895,-0.1245559696378563,0.0648900390527265
647,SJSA1,H3K36me3,tRNA-Deu,0.020390877525356774,0.6776388414752154,-0.07568214829395459,0.11608880037354385
648,SJSA1,H3K36me3,Kolobok,0.018345135822502162,0.7308689648568027,-0.08606330884133755,0.12235500801456412
649,SJSA1,H3K36me3,PIF-Harbinger,-0.14854878817814499,0.005425724682349034,-0.25017937613389646,-0.04368033172088075
650,SJSA1,H3K36me3,Crypton,-0.05640299813918509,0.3444554396621713,-0.17196058841802167,0.0606857845790098
651,SJSA1,H3K36me3,Merlin,-0.1537623026050891,0.025161925261771207,-0.2833898526275608,-0.018616904602958777
652,SJSA1,H3K36me3,TcMar,-0.12573595521488365,0.07385675779044662,-0.2594717929621923,0.012731457278917382
653,SJSA1,H3K36me3,L1-Tx1,0.030299034957974966,0.7252339836072029,-0.13815643053228954,0.19705072241502292
654,SJSA1,H3K36me3,Crypton-A,-0.1090732444299863,0.21492391954501883,-0.2759208595161204,0.06415532320406325
655,SJSA1,H3K36me3,I-Jockey,-0.08517282920952647,0.3785450773235062,-0.26928537118962026,0.10494593589925623
656,SJSA1,H3K36me3,hAT-Tip100?,-0.21332417582417582,0.09055053718500225,-0.4385531703368881,0.037118099189758384
657,SJSA1,H3K36me3,TcMar-Pogo,-0.4233870967741935,0.015754834326364188,-0.681402942967857,-0.07177148487085648
658,SJSA1,H3K36me3,hAT?,-0.1489686783804431,0.4004346807777478,-0.4652986967980216,0.2011031861843037
659,SJSA1,H3K36me3,hAT-hAT19,-0.02058823529411765,0.9396737397890448,-0.5111202153779418,0.48006032055761466
660,SJSA1,H3K27me3,Alu,0.006712708190849115,1.6465517447646647e-12,0.004849587249168004,0.008575782529026887
661,SJSA1,H3K27me3,L1,-0.015469044157898596,2.3315345537985474e-29,-0.01816374774712519,-0.012774115841478214
662,SJSA1,H3K27me3,MIR,-0.004907650977334927,0.0004181465508345395,-0.0076337224320169265,-0.002181506576865603
663,SJSA1,H3K27me3,L2,0.008975132580037012,8.194323503278814e-08,0.005694997920249032,0.012255074103649292
664,SJSA1,H3K27me3,ERVL-MaLR,0.04175179129979018,1.3453510183122426e-96,0.03783091596187247,0.04567138109505883
665,SJSA1,H3K27me3,hAT-Charlie,0.027761081728128467,7.889473346757296e-39,0.023587547401894515,0.031933648426226806
666,SJSA1,H3K27me3,ERV1,0.04401184212868258,3.9261231491724735e-47,0.03803365653575622,0.04998687742479898
667,SJSA1,H3K27me3,ERVL,0.035834084489881714,1.589730191950617e-30,0.029720903021202914,0.04194458538063669
668,SJSA1,H3K27me3,TcMar-Tigger,0.006321004719038466,0.046530455257268774,9.70681657780153e-05,0.012544451572861793
669,SJSA1,H3K27me3,hAT-Tip100,0.0018983144670566851,0.6614256481188776,-0.006597280469994426,0.010393635389759046
670,SJSA1,H3K27me3,CR1,0.015487214436620727,0.0010252496125251612,0.006242704252960212,0.024729077638647044
671,SJSA1,H3K27me3,Gypsy,-0.012552241575414423,0.11586305609574889,-0.028193243233191695,0.0030949050476104783
672,SJSA1,H3K27me3,hAT-Blackjack,-0.00957835643642631,0.23964090277763853,-0.025539289362027998,0.006387458628882916
673,SJSA1,H3K27me3,TcMar-Mariner,-0.03761585023601689,4.625154083294608e-06,-0.05368701770288808,-0.021525200621788466
674,SJSA1,H3K27me3,RTE-X,0.013651642002377737,0.18479513673832293,-0.006526311792682246,0.03381848332141911
675,SJSA1,H3K27me3,ERVK,-0.007407336239882467,0.5243375478075267,-0.030202753789912565,0.015395782497426526
676,SJSA1,H3K27me3,TcMar-Tc2,0.017133197791082595,0.1662534180930449,-0.007126812350245993,0.041373051350005595
677,SJSA1,H3K27me3,SVA,0.021689558059268074,0.12791048378475467,-0.0062385736866865105,0.04958387999380941
678,SJSA1,H3K27me3,RTE-BovB,-0.011508509689165837,0.43542951354226855,-0.040411209840971685,0.017413433449928004
679,SJSA1,H3K27me3,tRNA-RTE,0.0018207768724177098,0.9097995810081856,-0.029672416599432674,0.033310358976129564
680,SJSA1,H3K27me3,hAT-Ac,0.025688422210297622,0.1564308978956463,-0.00984746418692364,0.061159505517524575
681,SJSA1,H3K27me3,hAT,-0.016107703398630255,0.4034017659202205,-0.0538489783065811,0.02167952705681761
682,SJSA1,H3K27me3,MULE-MuDR,0.007475721158946956,0.7197441927206352,-0.03335378064905867,0.048280312006640944
683,SJSA1,H3K27me3,PiggyBac,-0.09272571845981677,2.0823981812566384e-05,-0.1350550232393183,-0.05005857047600985
684,SJSA1,H3K27me3,5S-Deu-L2,-0.00879910509192978,0.7025485379501089,-0.05391504974780702,0.036352691054223084
685,SJSA1,H3K27me3,Helitron,0.01796188691538359,0.4600324634023233,-0.029693735136034058,0.06553603717365891
686,SJSA1,H3K27me3,hAT-Tag1,0.031028090679460874,0.20300891996643772,-0.016761664174735378,0.0786764011617443
687,SJSA1,H3K27me3,tRNA,0.012004562489612397,0.641688875021857,-0.03854991822550948,0.062497747316747405
688,SJSA1,H3K27me3,Penelope,0.08559084092682416,0.028015896980580435,0.009136758786788489,0.16105005948524273
689,SJSA1,H3K27me3,TcMar-Tc1,-0.030460349297881,0.43676611906282803,-0.1068946791888549,0.04633189057625559
690,SJSA1,H3K27me3,Dong-R4,0.013082232768111126,0.7872622841656214,-0.08181005498354035,0.10773946474838923
691,SJSA1,H3K27me3,tRNA-Deu,0.056881515532570155,0.24588495814837227,-0.03932536669618602,0.15204348946281257
692,SJSA1,H3K27me3,Kolobok,0.036864882886465666,0.4893201651649335,-0.06766552276745158,0.14059475423889806
693,SJSA1,H3K27me3,PIF-Harbinger,0.015172874719536855,0.7775969137270615,-0.08995650868568636,0.11996786103954817
694,SJSA1,H3K27me3,Crypton,-0.04005954769016405,0.502097779882148,-0.15597458720388827,0.07694384988688029
695,SJSA1,H3K27me3,Merlin,-0.041710931582172664,0.5458485502344415,-0.17553080302315613,0.09362236660222904
696,SJSA1,H3K27me3,TcMar,-0.009136478023543572,0.8970620169895747,-0.14666461226343305,0.12873817041371532
697,SJSA1,H3K27me3,L1-Tx1,0.09945196178673575,0.24757538599157852,-0.06983756768372108,0.2631735300477283
698,SJSA1,H3K27me3,Crypton-A,-0.13803844322000738,0.11587709553351705,-0.30315170195053226,0.03512145393441546
699,SJSA1,H3K27me3,I-Jockey,-0.07335742748586785,0.44841114603676346,-0.25813936625852285,0.11660222899519133
700,SJSA1,H3K27me3,hAT-Tip100?,-0.08786630036630036,0.4899342999225009,-0.32705330744882183,0.1619008414948746
701,SJSA1,H3K27me3,TcMar-Pogo,-0.22727272727272727,0.2109542734664188,-0.5370053222836341,0.1364577312108035
702,SJSA1,H3K27me3,hAT?,0.021543162719633305,0.9037445927076386,-0.31898279423767445,0.3571429098000717
703,SJSA1,H3K27me3,hAT-hAT19,-0.31764705882352945,0.23057346362184541,-0.7094956646236521,0.22423578478369657
704,SJSA1,H3K4me3,Alu,-0.03418719629182543,3.0859692896561525e-283,-0.03604913106577919,-0.03232502416983167
705,SJSA1,H3K4me3,L1,-0.06211860510570323,0.0,-0.06480596303635251,-0.05943034616971215
706,SJSA1,H3K4me3,MIR,-0.038952080615626127,1.1347271795207427e-172,-0.04167506579732613,-0.036228516801284256
707,SJSA1,H3K4me3,L2,-0.06980266678452968,0.0,-0.07307042876918682,-0.06653340607050902
708,SJSA1,H3K4me3,ERVL-MaLR,-0.016012184739031265,1.2995005041553988e-15,-0.01993696036838232,-0.012086915622105378
709,SJSA1,H3K4me3,hAT-Charlie,-0.011463259650377871,7.428623327308811e-08,-0.0156385203128714,-0.007287599223623337
710,SJSA1,H3K4me3,ERV1,-0.08631062277738173,2.653716753447537e-176,-0.09226073576326393,-0.08035434608826639
711,SJSA1,H3K4me3,ERVL,-0.007907894407588935,0.011299778979674883,-0.014025553677073387,-0.0017896431259662926
712,SJSA1,H3K4me3,TcMar-Tigger,-0.02668558775428495,4.333828428034347e-17,-0.03290620540830915,-0.020462902686137104
713,SJSA1,H3K4me3,hAT-Tip100,0.004273440945145505,0.32428838197018683,-0.004224068267507917,0.012770333040982738
714,SJSA1,H3K4me3,CR1,-0.04706405678886858,1.8490446430465264e-23,-0.05629167406761385,-0.037828399811606316
715,SJSA1,H3K4me3,Gypsy,-0.04927435769054766,6.585190773696923e-10,-0.06488022075815461,-0.03364439821293268
716,SJSA1,H3K4me3,hAT-Blackjack,-0.010440565890252563,0.1999639567301209,-0.026402131319525613,0.0055263218118138885
717,SJSA1,H3K4me3,TcMar-Mariner,-0.03258153613653914,7.295368935233305e-05,-0.04866315534946398,-0.01648302892417016
718,SJSA1,H3K4me3,RTE-X,-0.08945040792494621,3.1507835108228598e-18,-0.10946903971397974,-0.06935924227804655
719,SJSA1,H3K4me3,ERVK,0.007642489613542381,0.5114258645424137,-0.015169955720532346,0.030446982835651885
720,SJSA1,H3K4me3,TcMar-Tc2,-0.023582560201471685,0.05676297458789662,-0.047819411809970354,0.0006820445368360069
721,SJSA1,H3K4me3,SVA,-0.19821399002850745,7.479541534252092e-45,-0.22514688332311572,-0.1709784116270402
722,SJSA1,H3K4me3,RTE-BovB,-0.11497592425945698,5.38297337481178e-15,-0.14350779341375416,-0.08625308122204081
723,SJSA1,H3K4me3,tRNA-RTE,-0.033478146408550194,0.037192882366088885,-0.06490997695527367,-0.001979951677282308
724,SJSA1,H3K4me3,hAT-Ac,-0.012320239417572688,0.49697247715640114,-0.04783919815764246,0.023229837620885985
725,SJSA1,H3K4me3,hAT,0.0015961779641083954,0.9340276932771714,-0.036184635933391426,0.03937243566291707
726,SJSA1,H3K4me3,MULE-MuDR,-0.007573986463592453,0.7162775671815653,-0.04838721766813988,0.033264494078544135
727,SJSA1,H3K4me3,PiggyBac,-0.10926314078368758,5.190922662896188e-07,-0.1514548904582104,-0.0666739741949001
728,SJSA1,H3K4me3,5S-Deu-L2,-0.040500004735567696,0.0786805495240771,-0.0854986122692178,0.004663489113271026
729,SJSA1,H3K4me3,Helitron,-0.0042440487154283306,0.8613931825226508,-0.05184611422371586,0.04337725857484185
730,SJSA1,H3K4me3,hAT-Tag1,-0.0735350186855833,0.0025246570036570686,-0.12092765443378675,-0.02580791466689633
731,SJSA1,H3K4me3,tRNA,-0.022725128541994752,0.37832465111020197,-0.07317688092732628,0.027842637926600564
732,SJSA1,H3K4me3,Penelope,0.03971639301392547,0.3090346161216542,-0.036858323689744094,0.11582742965267202
733,SJSA1,H3K4me3,TcMar-Tc1,-0.05190935033614519,0.18522543601960173,-0.12817500938344203,0.024966642162436194
734,SJSA1,H3K4me3,Dong-R4,-0.0273022905616471,0.573239238028789,-0.12179141072711519,0.06767724577294544
735,SJSA1,H3K4me3,tRNA-Deu,0.022207288564963703,0.6507465529976959,-0.07387692529236771,0.11788300106025136
736,SJSA1,H3K4me3,Kolobok,0.034566533679531074,0.5168174624878625,-0.06995163971756262,0.13833402133904393
737,SJSA1,H3K4me3,PIF-Harbinger,0.014625778925193633,0.7854171730904775,-0.09049884511453764,0.11942806080922388
738,SJSA1,H3K4me3,Crypton,0.008194094655531496,0.8908425089955301,-0.10850903590622941,0.12467443543364813
739,SJSA1,H3K4me3,Merlin,-0.07687831750835226,0.2651087888543036,-0.20964885443913453,0.05867592374118746
740,SJSA1,H3K4me3,TcMar,-0.03558916302849025,0.613311930602908,-0.17216133731328315,0.10232537578110462
741,SJSA1,H3K4me3,L1-Tx1,0.009656300574252956,0.910830455500406,-0.15831942898803072,0.17708882030980405
742,SJSA1,H3K4me3,Crypton-A,0.05066240676680705,0.5655148115889721,-0.122032054964204,0.22037947745015826
743,SJSA1,H3K4me3,I-Jockey,-0.18174404596422947,0.05857474428993859,-0.35898462144801563,0.008148203164914034
744,SJSA1,H3K4me3,hAT-Tip100?,0.009569597069597069,0.9401752535220437,-0.23680212431515596,0.2547849348909949
745,SJSA1,H3K4me3,TcMar-Pogo,-0.3181818181818181,0.07593984593738494,-0.606064211529758,0.04340406047612338
746,SJSA1,H3K4me3,hAT?,0.008403361344537815,0.9623796880984457,-0.3307076368142075,0.34559246690941214
747,SJSA1,H3K4me3,hAT-hAT19,0.06764705882352941,0.8034203137966691,-0.4434098601134071,0.5455111301042209
748,HAP-1,H3K27ac,Alu,-0.024352335673452664,1.0446104717689625e-143,-0.026221624599368738,-0.022482876445172436
749,HAP-1,H3K27ac,L1,0.06688193203744001,0.0,0.06418709090205309,0.06957579774541377
750,HAP-1,H3K27ac,MIR,-0.018062905429636872,1.7480220416289966e-38,-0.02079133493333849,-0.015334206879265448
751,HAP-1,H3K27ac,L2,-0.052881656966518656,4.926383403711515e-219,-0.056157370399984745,-0.04960480508306673
752,HAP-1,H3K27ac,ERVL-MaLR,-0.005120800318965341,0.010797489209908185,-0.009057826106077277,-0.001183615774717126
753,HAP-1,H3K27ac,hAT-Charlie,-0.02112378001422717,4.305332594926067e-23,-0.025305885454631114,-0.016940935203196086
754,HAP-1,H3K27ac,ERV1,-0.040391736190934856,2.1599743508522673e-39,-0.046413812376459675,-0.03436672414225335
755,HAP-1,H3K27ac,ERVL,-0.03715370492406254,1.555530280465084e-32,-0.04327909725811553,-0.031025519416910927
756,HAP-1,H3K27ac,TcMar-Tigger,-0.0014184204952904372,0.6557982174090456,-0.007655487429326161,0.004818756796882497
757,HAP-1,H3K27ac,hAT-Tip100,-0.030487265438848894,2.1155203724008084e-12,-0.038984844400611056,-0.021985277193522175
758,HAP-1,H3K27ac,CR1,-0.036138711281579444,1.9370521514060983e-14,-0.04538252414947024,-0.026888710230718732
759,HAP-1,H3K27ac,Gypsy,-0.011315251102402196,0.15685133275646124,-0.02697537127369383,0.004350421637585039
760,HAP-1,H3K27ac,hAT-Blackjack,-0.0347660481263412,2.0427684470534653e-05,-0.050741124015995655,-0.018773186179649144
761,HAP-1,H3K27ac,TcMar-Mariner,0.021745657986534536,0.00825744013736614,0.005609032021612696,0.03787096180932543
762,HAP-1,H3K27ac,RTE-X,-0.05519264286457835,8.313455776473788e-08,-0.07531848305238546,-0.03502185439860345
763,HAP-1,H3K27ac,ERVK,-0.10121403640107829,7.770189602069044e-18,-0.12409722149261737,-0.07822325112916681
764,HAP-1,H3K27ac,TcMar-Tc2,0.013090388921517166,0.29091523306165123,-0.011204849951276736,0.03737018154222706
765,HAP-1,H3K27ac,SVA,-0.02234788769885825,0.11917904977075333,-0.05042678477556332,0.005766310554135944
766,HAP-1,H3K27ac,RTE-BovB,-0.011139324693693409,0.4507947720786798,-0.04007400961057465,0.017814026613764022
767,HAP-1,H3K27ac,tRNA-RTE,-0.01817082437222139,0.25817839244975516,-0.04963648237898769,0.013330868155370707
768,HAP-1,H3K27ac,hAT-Ac,-0.057622051478476016,0.001505180992538974,-0.09306348447550505,-0.022034781035005033
769,HAP-1,H3K27ac,hAT,-0.0004608288336279845,0.9809510880543222,-0.03827391058658517,0.03735357077853789
770,HAP-1,H3K27ac,MULE-MuDR,0.01549597472439617,0.45760190112609955,-0.02539453209781986,0.05633471513934228
771,HAP-1,H3K27ac,PiggyBac,0.018809156601351722,0.3906601241828267,-0.024142138841320097,0.061691140730300985
772,HAP-1,H3K27ac,5S-Deu-L2,-0.0053291825743855695,0.8173802101763888,-0.05052580136953489,0.039889219541530144
773,HAP-1,H3K27ac,Helitron,-0.019031229631615926,0.43538919171360657,-0.06677082612819753,0.02879530329705882
774,HAP-1,H3K27ac,hAT-Tag1,-0.07719989781597622,0.0015371904016211974,-0.12462055479398722,-0.029427365676515473
775,HAP-1,H3K27ac,tRNA,-0.0014975649381059114,0.9537405510020928,-0.05205654789780116,0.04906907538153297
776,HAP-1,H3K27ac,Penelope,0.01603607705505912,0.6822907526356831,-0.06070978054625292,0.09259344749354648
777,HAP-1,H3K27ac,TcMar-Tc1,-0.0531206173002585,0.1768322428373676,-0.1296644989869829,0.024052622080669474
778,HAP-1,H3K27ac,Dong-R4,0.07301763280592269,0.13150422070639328,-0.022047465596881814,0.16677414613209485
779,HAP-1,H3K27ac,tRNA-Deu,-0.0029970371386657817,0.951286564513923,-0.09888390949668788,0.09294497867945609
780,HAP-1,H3K27ac,Kolobok,0.007016558868883934,0.8954879906502007,-0.09743895527382641,0.11131917489952195
781,HAP-1,H3K27ac,PIF-Harbinger,0.07788365957133601,0.1465090410772062,-0.027479350826116127,0.181535148097764
782,HAP-1,H3K27ac,Crypton,-0.04497341015893851,0.4510878183027436,-0.16078578672785862,0.07206057500477996
783,HAP-1,H3K27ac,Merlin,-0.04486299598122429,0.5169022247217906,-0.1789139950081532,0.09082331014889257
784,HAP-1,H3K27ac,TcMar,0.002533326344928086,0.9714562280224373,-0.13556530403126257,0.1405353963570419
785,HAP-1,H3K27ac,L1-Tx1,-0.08713072760789196,0.31133653920703586,-0.25147650784289116,0.0820987129876458
786,HAP-1,H3K27ac,Crypton-A,-0.12899816232231098,0.14198374970259864,-0.2946749624249134,0.04420742110568594
787,HAP-1,H3K27ac,I-Jockey,0.14166434992123064,0.14172722522504302,-0.04865920025040428,0.3220609496133239
788,HAP-1,H3K27ac,hAT-Tip100?,-0.19057219662058372,0.13463324884956734,-0.4204579291196045,0.06230562540545365
789,HAP-1,H3K27ac,TcMar-Pogo,0.28372434017595305,0.1155645102797887,-0.07931370881779416,0.5803142106987004
790,HAP-1,H3K27ac,hAT?,0.20487967914438504,0.2527286442903155,-0.152553451454655,0.5149149949228702
791,HAP-1,H3K27ac,hAT-hAT19,-0.21764705882352942,0.41808684161130294,-0.6476156175680963,0.3174522442303996
792,HAP-1,H3K4me1,Alu,0.008952270179061377,6.515762723214256e-21,0.007081987672645013,0.010822490053249456
793,HAP-1,H3K4me1,L1,0.028719699710003193,2.6900515380090028e-96,0.026017343968551918,0.0314216357061659
794,HAP-1,H3K4me1,MIR,-0.01564718983264087,2.6878088605621884e-29,-0.018375960133449408,-0.012918186431041392
795,HAP-1,H3K4me1,L2,-0.01943855805079037,3.8811583641474136e-31,-0.022720653637106795,-0.0161560434625048
796,HAP-1,H3K4me1,ERVL-MaLR,-0.0017391301425928674,0.3866390315620717,-0.005676380122394221,0.0021981737578832187
797,HAP-1,H3K4me1,hAT-Charlie,-0.009441018766958745,9.742301454604161e-06,-0.013624420734260779,-0.00525728629234579
798,HAP-1,H3K4me1,ERV1,-0.01166087349160203,0.00015090171526525718,-0.017690962050683684,-0.005629936673266721
799,HAP-1,H3K4me1,ERVL,-0.009210240172684549,0.003246279381989936,-0.015342525031728378,-0.0030772624759602325
800,HAP-1,H3K4me1,TcMar-Tigger,0.034078465796181616,8.902226236136321e-27,0.027845759687726467,0.04030852228629531
801,HAP-1,H3K4me1,hAT-Tip100,-0.006508014830092459,0.1336902193959927,-0.015012507939009457,0.0019974198255344904
802,HAP-1,H3K4me1,CR1,-0.033574454948691254,1.149125089870186e-12,-0.04281962602133941,-0.024323534394267102
803,HAP-1,H3K4me1,Gypsy,0.0012724856169770901,0.8735027565362489,-0.014391707631668955,0.016936054437674975
804,HAP-1,H3K4me1,hAT-Blackjack,-0.01958691132323312,0.016403731243700887,-0.035574705557849334,-0.0035890937618108776
805,HAP-1,H3K4me1,TcMar-Mariner,0.028747977705595115,0.00048052882295145343,0.012609979185899196,0.04487100378491689
806,HAP-1,H3K4me1,RTE-X,-0.03262553020935556,0.0015378057702153647,-0.05278738687000992,-0.012437085683037894
807,HAP-1,H3K4me1,ERVK,-0.06118258207525717,2.1268400052940147e-07,-0.08421776856676931,-0.038082037321021445
808,HAP-1,H3K4me1,TcMar-Tc2,-0.00913961197247269,0.4609747042106844,-0.03342706429368149,0.015158628594249499
809,HAP-1,H3K4me1,SVA,-0.00990020355030086,0.49000351015821964,-0.03799449887818031,0.01820973026175534
810,HAP-1,H3K4me1,RTE-BovB,0.021535208111907903,0.14489073873349995,-0.007422641523914341,0.05045696902044756
811,HAP-1,H3K4me1,tRNA-RTE,-0.013278217443607698,0.4087972937481845,-0.04476048164880972,0.018230394392990013
812,HAP-1,H3K4me1,hAT-Ac,-0.0150306992686138,0.4081161731749928,-0.05060862101969029,0.020585323212872608
813,HAP-1,H3K4me1,hAT,0.00824026294221904,0.6692976845014678,-0.029569267883766997,0.04602624693103449
814,HAP-1,H3K4me1,MULE-MuDR,-0.01240900885950303,0.5517944180627572,-0.0532377985029373,0.028461200521016715
815,HAP-1,H3K4me1,PiggyBac,-0.05429575959012262,0.013153556657033865,-0.0970290331687438,-0.01136266716512351
816,HAP-1,H3K4me1,5S-Deu-L2,0.024427350641970026,0.2899112887109088,-0.02082289247774257,0.06957772082654808
817,HAP-1,H3K4me1,Helitron,-0.002664503153805572,0.9130469743766259,-0.050454179245521376,0.04513734679246686
818,HAP-1,H3K4me1,hAT-Tag1,-0.05604105270976563,0.02157432193033778,-0.10361092789062892,-0.008215380517310758
819,HAP-1,H3K4me1,tRNA,0.060618169848569735,0.018759069241809388,0.010039725136418933,0.11088723056900274
820,HAP-1,H3K4me1,Penelope,-0.02150501950765285,0.5836059890513359,-0.09813567761188843,0.05537915744545483
821,HAP-1,H3K4me1,TcMar-Tc1,0.006634475382482664,0.8660385422745673,-0.07036355719332181,0.08355391720499454
822,HAP-1,H3K4me1,Dong-R4,0.06436616782749562,0.18381435940494312,-0.030705703345707415,0.15828381548545345
823,HAP-1,H3K4me1,tRNA-Deu,0.028550103903495244,0.5605134873735349,-0.067569471658629,0.12414458613774838
824,HAP-1,H3K4me1,Kolobok,-0.004524840895013859,0.9324896061270933,-0.10885682897963243,0.09990574957400737
825,HAP-1,H3K4me1,PIF-Harbinger,0.042057918615342464,0.43348936257756654,-0.06324762001722398,0.146437241097632
826,HAP-1,H3K4me1,Crypton,-0.06160382466981448,0.30172973940444325,-0.17703807406474664,0.05550229760138834
827,HAP-1,H3K4me1,Merlin,-0.04419935731234858,0.5231280933352557,-0.17826830331797677,0.09148075210431128
828,HAP-1,H3K4me1,TcMar,-0.03437680172026983,0.6271815307824895,-0.17165320084645955,0.10420915348360955
829,HAP-1,H3K4me1,L1-Tx1,-0.04120146035258825,0.6326252064594349,-0.20755196030115558,0.1274650118091856
830,HAP-1,H3K4me1,Crypton-A,-0.13866034621651263,0.11422837270904869,-0.3037340943421329,0.034495591597078774
831,HAP-1,H3K4me1,I-Jockey,0.13121119451394683,0.17383641808884354,-0.05914496502898796,0.3123597873612041
832,HAP-1,H3K4me1,hAT-Tip100?,-0.07430875576036867,0.5627256586941168,-0.3165653606071165,0.1770478327717838
833,HAP-1,H3K4me1,TcMar-Pogo,0.20821114369501464,0.2528116812611626,-0.1553116926504486,0.5220693771355825
834,HAP-1,H3K4me1,hAT?,0.2847593582887701,0.10823051408866677,-0.07204199974685797,0.5769472864965697
835,HAP-1,H3K4me1,hAT-hAT19,0.0588235294117647,0.8286807500332258,-0.4503782872629288,0.5391508970621227
836,HAP-1,H3K9me3,Alu,-0.061249602145086054,0.0,-0.06311371070059707,-0.059385066216114564
837,HAP-1,H3K9me3,L1,-0.13184622304168625,0.0,-0.13451301805496368,-0.12917751815848957
838,HAP-1,H3K9me3,MIR,0.002811167165960035,0.04348432890363249,8.223205294323145e-05,0.005540060409276287
839,HAP-1,H3K9me3,L2,-0.006380665996251401,0.0001393884308421786,-0.009663548383106695,-0.0030976460651167695
840,HAP-1,H3K9me3,ERVL-MaLR,-0.1393874800633884,0.0,-0.14326386863579,-0.13550681479727886
841,HAP-1,H3K9me3,hAT-Charlie,-0.021128876439556413,4.122092993996822e-23,-0.025310152451811452,-0.016946861171442507
842,HAP-1,H3K9me3,ERV1,-0.14462914985044054,0.0,-0.1505587936898191,-0.13868909997608694
843,HAP-1,H3K9me3,ERVL,-0.035101877434494624,3.1064073881193613e-29,-0.0412262609220641,-0.028974856355423777
844,HAP-1,H3K9me3,TcMar-Tigger,-0.035213942185822626,1.747454092887624e-28,-0.041443144821282724,-0.028982002144227557
845,HAP-1,H3K9me3,hAT-Tip100,-0.015405086661206536,0.0003851500896395816,-0.02390785270294048,-0.006900092022724003
846,HAP-1,H3K9me3,CR1,0.007831358924720285,0.09725959513878521,-0.001424863079246643,0.01708623909613607
847,HAP-1,H3K9me3,Gypsy,-0.021436502462865152,0.007307742975794872,-0.03708924650097877,-0.005773242289003144
848,HAP-1,H3K9me3,hAT-Blackjack,0.006601569049372145,0.41868326571311043,-0.009398071935505044,0.022597830749165403
849,HAP-1,H3K9me3,TcMar-Mariner,-0.04398172836908447,8.891097548228769e-08,-0.06007211295059006,-0.027868493463698865
850,HAP-1,H3K9me3,RTE-X,0.0018637490951725448,0.856458106379717,-0.01832929854572162,0.022055276923603588
851,HAP-1,H3K9me3,ERVK,0.059820704755700116,3.824228351432449e-07,0.036742152317937975,0.0828354817079393
852,HAP-1,H3K9me3,TcMar-Tc2,0.05782067839862941,3.0325169793299698e-06,0.03355692696585921,0.08201631173536238
853,HAP-1,H3K9me3,SVA,-0.3963442373042472,6.49696626667417e-183,-0.4206496554709234,-0.3714702688649183
854,HAP-1,H3K9me3,RTE-BovB,-0.058841469970428634,6.737410336286783e-05,-0.08767318529033764,-0.02991125335308611
855,HAP-1,H3K9me3,tRNA-RTE,0.010572911739335026,0.5107793866482704,-0.020938610491584204,0.04206344831194525
856,HAP-1,H3K9me3,hAT-Ac,0.020815264969911398,0.2517934867920756,-0.014790800169649742,0.0563686065701381
857,HAP-1,H3K9me3,hAT,-0.007436218189011295,0.7000211901574909,-0.045237766491788255,0.030386595317870364
858,HAP-1,H3K9me3,MULE-MuDR,-0.0015790167621659084,0.9396952372239034,-0.042466057197197246,0.03931330381059856
859,HAP-1,H3K9me3,PiggyBac,-0.00811458756368953,0.7111510968356858,-0.05102552709379798,0.034826258333749166
860,HAP-1,H3K9me3,5S-Deu-L2,-0.050011126922250695,0.030088543768305376,-0.0950208774415696,-0.004797314491352691
861,HAP-1,H3K9me3,Helitron,0.04143823238470053,0.08923540370198678,-0.006376686455220016,0.08906409808114966
862,HAP-1,H3K9me3,hAT-Tag1,0.011744576481917951,0.6303842806153637,-0.03608756892073967,0.059523033634737876
863,HAP-1,H3K9me3,tRNA,-0.025972467894081388,0.3142968837932295,-0.07644347035229566,0.024631292654598173
864,HAP-1,H3K9me3,Penelope,0.001801826883263776,0.963345749149369,-0.07493361953800669,0.07851605960381075
865,HAP-1,H3K9me3,TcMar-Tc1,-0.061934545523861746,0.11524155917093452,-0.13836806102765703,0.01523238043045694
866,HAP-1,H3K9me3,Dong-R4,-0.013827007663687841,0.7754660776560758,-0.10847613926490313,0.08107055903394833
867,HAP-1,H3K9me3,tRNA-Deu,-0.050162848520307196,0.30623459095978095,-0.1454376878295073,0.04603380751414669
868,HAP-1,H3K9me3,Kolobok,0.07065842150427662,0.18533752197731643,-0.03410556429843154,0.17388645653978746
869,HAP-1,H3K9me3,PIF-Harbinger,0.06774361448108245,0.2067812986185094,-0.03762383800742691,0.1716212783071788
870,HAP-1,H3K9me3,Crypton,0.018114209314101966,0.761581732272671,-0.09870126782589751,0.13443724114611763
871,HAP-1,H3K9me3,Merlin,-0.14120876769750143,0.04043564534905864,-0.27173254508995415,-0.005583840115236948
872,HAP-1,H3K9me3,TcMar,0.018060869717720064,0.7986296363954317,-0.1203012184491057,0.15573465639592096
873,HAP-1,H3K9me3,L1-Tx1,-0.14847787255630568,0.08334895331805679,-0.3093526049262321,0.02065913472296175
874,HAP-1,H3K9me3,Crypton-A,-0.05632626152467885,0.5228148699974907,-0.22580180870704536,0.11645856651111898
875,HAP-1,H3K9me3,I-Jockey,0.05488833286998425,0.5708011474305124,-0.13474383969705492,0.24064195245734196
876,HAP-1,H3K9me3,hAT-Tip100?,-0.15691391941391938,0.21562055599867636,-0.3890743360046204,0.09398829130228058
877,HAP-1,H3K9me3,TcMar-Pogo,0.27932551319648086,0.12156483821474198,-0.08383984060641397,0.5769894093963318
878,HAP-1,H3K9me3,hAT?,0.3967245989304813,0.02226323998368417,0.04806631657456221,0.6592059290090211
879,HAP-1,H3K9me3,hAT-hAT19,-0.047058823529411764,0.8626036946668731,-0.5306077414822763,0.45959953959144045
880,HAP-1,H3K36me3,Alu,-0.017689651566646675,8.62549624244088e-77,-0.01955866010290232,-0.01582051939679715
881,HAP-1,H3K36me3,L1,-0.013335303532910991,4.03575723529368e-22,-0.016037769705619105,-0.010632642527443793
882,HAP-1,H3K36me3,MIR,-0.03588961229141638,1.2134565976970858e-146,-0.0386153130966081,-0.03316337741402229
883,HAP-1,H3K36me3,L2,-0.05475134476591324,1.0937006951507337e-234,-0.058026399118767835,-0.051475111933916566
884,HAP-1,H3K36me3,ERVL-MaLR,-0.03219670731789727,7.029176761164326e-58,-0.036129036024753425,-0.028263381596214963
885,HAP-1,H3K36me3,hAT-Charlie,-0.04225988554215379,2.358798107015803e-87,-0.046436139721502616,-0.038082154085402324
886,HAP-1,H3K36me3,ERV1,-0.07435799660490332,1.736479462871766e-129,-0.08035827196536482,-0.06835233237290751
887,HAP-1,H3K36me3,ERVL,-0.01951872879410593,4.389064336873111e-10,-0.02564800358266944,-0.013387986535766295
888,HAP-1,H3K36me3,TcMar-Tigger,-0.05214053209928429,1.9518589965301643e-60,-0.05836174321945105,-0.04591527130347132
889,HAP-1,H3K36me3,hAT-Tip100,-0.018102031340887417,3.0192983056448926e-05,-0.026603305548955593,-0.009598138941229021
890,HAP-1,H3K36me3,CR1,-0.04957384262920529,8.289432816011569e-26,-0.05880819427873037,-0.040331007719145315
891,HAP-1,H3K36me3,Gypsy,-0.004772436937789987,0.5504139333050401,-0.0204343984196458,0.010891866276755102
892,HAP-1,H3K36me3,hAT-Blackjack,-0.009810499135380667,0.22926069017365142,-0.025799450535630916,0.006183470362961247
893,HAP-1,H3K36me3,TcMar-Mariner,0.028265969747735837,0.0005940149391140193,0.01213487630483573,0.04438235455310822
894,HAP-1,H3K36me3,RTE-X,-0.06112205480315539,2.9016446723686725e-09,-0.0812350216321167,-0.04095932814706491
895,HAP-1,H3K36me3,ERVK,0.0008183077906233074,0.9446639023866339,-0.02228603263842171,0.023921774609458987
896,HAP-1,H3K36me3,TcMar-Tc2,-0.0536686724045109,1.4785569610540406e-05,-0.07788076313602062,-0.029393311130612276
897,HAP-1,H3K36me3,SVA,-0.12679042341766686,6.638155308156826e-19,-0.15444052626313381,-0.09894186914997946
898,HAP-1,H3K36me3,RTE-BovB,-0.06491156480081667,1.0814457834354243e-05,-0.09370306344840117,-0.03601158666430299
899,HAP-1,H3K36me3,tRNA-RTE,-0.011798427947706492,0.46297899352787153,-0.04328303589671388,0.019709591757763267
900,HAP-1,H3K36me3,hAT-Ac,-0.054808692969831034,0.0025237170229108945,-0.09023880082573059,-0.019240028886346287
901,HAP-1,H3K36me3,hAT,0.013076966504032254,0.4977212983506094,-0.024722491559596587,0.05083908638115673
902,HAP-1,H3K36me3,MULE-MuDR,-0.02785190766822178,0.18188523514878432,-0.06866249245249817,0.013051735772879589
903,HAP-1,H3K36me3,PiggyBac,-0.021403167947438115,0.3284196895628325,-0.06425648847371014,0.02152894306348314
904,HAP-1,H3K36me3,5S-Deu-L2,-0.0028303524013510327,0.9023406384159612,-0.0480087407632992,0.04235959299850366
905,HAP-1,H3K36me3,Helitron,-0.010604916688632194,0.6637445187711378,-0.058358497106035294,0.03719708521620447
906,HAP-1,H3K36me3,hAT-Tag1,-0.03892693821546041,0.11061791089977539,-0.08659403233150222,0.008917981111999958
907,HAP-1,H3K36me3,tRNA,-0.004178694336224521,0.8714099460856259,-0.054730247297347864,0.046394224993163626
908,HAP-1,H3K36me3,Penelope,0.02818710889951759,0.4721086234752353,-0.04865834674043267,0.10470083567308262
909,HAP-1,H3K36me3,TcMar-Tc1,0.012990569042714896,0.7411605033589863,-0.06403795208492219,0.08986521584565502
910,HAP-1,H3K36me3,Dong-R4,-0.033906695975567225,0.4841665653438484,-0.1283080896120971,0.06110362325844458
911,HAP-1,H3K36me3,tRNA-Deu,-0.03542330140718745,0.47011677071721947,-0.13092331668568977,0.060728077172209335
912,HAP-1,H3K36me3,Kolobok,-0.030303420918654105,0.5704013392052191,-0.1342852178931934,0.07433843604071239
913,HAP-1,H3K36me3,PIF-Harbinger,-0.040448389889105166,0.4513083037501975,-0.14485574710153667,0.06484979632325745
914,HAP-1,H3K36me3,Crypton,0.004972631861515963,0.9336266072037072,-0.11169035916551986,0.12150041885490016
915,HAP-1,H3K36me3,Merlin,-0.19382400864902835,0.004719560848876191,-0.3216414364114924,-0.05906909552239527
916,HAP-1,H3K36me3,TcMar,-0.05728811782771859,0.41803810973444633,-0.19391603261162346,0.08151989586159036
917,HAP-1,H3K36me3,L1-Tx1,-0.06823116783242683,0.4282255965708792,-0.23346338686702625,0.10083088790518309
918,HAP-1,H3K36me3,Crypton-A,-0.05851226390295264,0.5067837329997793,-0.22789248332538595,0.11430525032101224
919,HAP-1,H3K36me3,I-Jockey,0.08889815587063295,0.3579671840427978,-0.10126255443324292,0.27279191458021035
920,HAP-1,H3K36me3,hAT-Tip100?,-0.10579877112135178,0.40922655769869043,-0.34515548654868744,0.14647981085226283
921,HAP-1,H3K36me3,TcMar-Pogo,0.28335777126099704,0.11605593046866929,-0.07969137712096723,0.5800374677000792
922,HAP-1,H3K36me3,hAT?,0.3054812834224599,0.08384668555519573,-0.05049497684181944,0.5925883604565862
923,HAP-1,H3K36me3,hAT-hAT19,0.1176470588235294,0.6643410791623536,-0.403045265536449,0.5807994752518446
924,HAP-1,H3K27me3,Alu,-0.02348050168142676,7.847780947573147e-134,-0.025349204905903755,-0.021611634361824623
925,HAP-1,H3K27me3,L1,-0.011758756716285273,1.5263861133557112e-17,-0.0144618672936145,-0.009055474266338574
926,HAP-1,H3K27me3,MIR,0.0003596696746269544,0.7961413321957937,-0.0023690118360107683,0.0030883458292875
927,HAP-1,H3K27me3,L2,-0.011303524001021295,1.4959608102309752e-11,-0.014586161989188344,-0.008020642356598369
928,HAP-1,H3K27me3,ERVL-MaLR,0.0471972859941905,2.867671305846096e-122,0.043267081846004994,0.05112602936410922
929,HAP-1,H3K27me3,hAT-Charlie,0.022586610251690495,3.505359013492526e-26,0.018404988546799117,0.026767441805609297
930,HAP-1,H3K27me3,ERV1,0.019620961559141996,1.7844597268968734e-10,0.013592716888057655,0.02564777997749826
931,HAP-1,H3K27me3,ERVL,0.03492883567138225,5.809277427298653e-29,0.02880170533550648,0.04105334135097219
932,HAP-1,H3K27me3,TcMar-Tigger,0.028154549186200507,8.73337793732815e-19,0.02192091567616561,0.034385993659947774
933,HAP-1,H3K27me3,hAT-Tip100,-0.00804017654173946,0.0638750755657162,-0.016543215895928096,0.00046402568313872274
934,HAP-1,H3K27me3,CR1,0.009860545256653098,0.03678660240643805,0.0006050179285027379,0.019114383325894196
935,HAP-1,H3K27me3,Gypsy,-0.037196569676981185,3.2262059020774444e-06,-0.052834093159772166,-0.021540808230132935
936,HAP-1,H3K27me3,hAT-Blackjack,-0.036182446936491405,9.219002457723477e-06,-0.05215276433106503,-0.020193627194952567
937,HAP-1,H3K27me3,TcMar-Mariner,0.0007347581250681043,0.928871460962261,-0.01539719381600664,0.016866327648279115
938,HAP-1,H3K27me3,RTE-X,0.017798898972338096,0.08404474734060646,-0.0023948292076969857,0.03797811667928072
939,HAP-1,H3K27me3,ERVK,0.005096348847406787,0.6657365558585941,-0.01802430046680971,0.028211550650327093
940,HAP-1,H3K27me3,TcMar-Tc2,0.01683351389763268,0.17431854034940233,-0.0074562953266661776,0.04110347035880507
941,HAP-1,H3K27me3,SVA,0.05263766988630625,0.00023966617800701275,0.02455327568329533,0.08063904536461208
942,HAP-1,H3K27me3,RTE-BovB,-0.048241447966635355,0.001082032769929489,-0.07709097783830873,-0.019311203316107996
943,HAP-1,H3K27me3,tRNA-RTE,-0.010374817134718958,0.5185690111427992,-0.04185345532263698,0.02112439761733015
944,HAP-1,H3K27me3,hAT-Ac,0.02668821361698673,0.14184301056881804,-0.008929603111118928,0.062238395878619526
945,HAP-1,H3K27me3,hAT,-0.0013939177090646143,0.94242529782085,-0.03920561625563877,0.036421767102188404
946,HAP-1,H3K27me3,MULE-MuDR,-0.00857408906982597,0.6812162854789752,-0.04944726039939097,0.03232775248548213
947,HAP-1,H3K27me3,PiggyBac,0.003789065853910788,0.8626876290514957,-0.03913516758090599,0.046699340998261805
948,HAP-1,H3K27me3,5S-Deu-L2,-0.03533963869368986,0.12548359584661578,-0.08042168663150069,0.009886697128435878
949,HAP-1,H3K27me3,Helitron,0.009314683287378167,0.7024857668820239,-0.03847108757092964,0.057057948513004164
950,HAP-1,H3K27me3,hAT-Tag1,0.027904756588365928,0.252844900695428,-0.019941380105319574,0.07562337241566532
951,HAP-1,H3K27me3,tRNA,-0.0008080510820340309,0.9750295684162518,-0.051368856969487,0.04975688654136717
952,HAP-1,H3K27me3,Penelope,0.03635305810144073,0.353673276820506,-0.04051024004669574,0.11278863597736628
953,HAP-1,H3K27me3,TcMar-Tc1,-0.012452909662012124,0.751327571499963,-0.08927238156932947,0.06451384186735497
954,HAP-1,H3K27me3,Dong-R4,-0.03290019377390004,0.497240670581235,-0.12731535188805188,0.06210583398825748
955,HAP-1,H3K27me3,tRNA-Deu,0.0016456141806588166,0.973240831780426,-0.09428441578122247,0.09754536585872074
956,HAP-1,H3K27me3,Kolobok,0.06972303965592844,0.19060729688202693,-0.03489168073454519,0.172826330118317
957,HAP-1,H3K27me3,PIF-Harbinger,0.08998130826627126,0.09327585991577964,-0.015354832961416551,0.19334209008143347
958,HAP-1,H3K27me3,Crypton,0.0854525501351174,0.1516305622875306,-0.03167182380991501,0.2002618636092863
959,HAP-1,H3K27me3,Merlin,-0.0003864306012221404,0.995547919701478,-0.13544793181912665,0.13468917032252092
960,HAP-1,H3K27me3,TcMar,0.10616675693802072,0.1326322666324252,-0.032749045572922963,0.24105837338605393
961,HAP-1,H3K27me3,L1-Tx1,-0.07418876458594732,0.3889137606181736,-0.23915083738993628,0.09493582446471599
962,HAP-1,H3K27me3,Crypton-A,-0.014036857762322231,0.8735686316104398,-0.18512489187111586,0.1578770547969708
963,HAP-1,H3K27me3,I-Jockey,0.029867482161060145,0.7578544701330406,-0.15916961750785685,0.21679192315605206
964,HAP-1,H3K27me3,hAT-Tip100?,-0.10219854070660522,0.4254382278908594,-0.34190374378564264,0.14999322545826865
965,HAP-1,H3K27me3,TcMar-Pogo,0.5084310850439883,0.0029665364130736934,0.17211859665241125,0.7385919432673902
966,HAP-1,H3K27me3,hAT?,-0.03375668449197861,0.8520580175786845,-0.3728337000775907,0.3132736938770507
967,HAP-1,H3K27me3,hAT-hAT19,0.07058823529411765,0.795039302337628,-0.4410769542672359,0.5476222736656013
968,HAP-1,H3K4me3,Alu,-0.052512184899931154,0.0,-0.0543785141407408,-0.050645488756166895
969,HAP-1,H3K4me3,L1,-0.021386339551988147,3.254272357070514e-54,-0.02408913116832947,-0.01868323529856115
970,HAP-1,H3K4me3,MIR,-0.02802852098609353,3.98230715450664e-90,-0.0307561604959264,-0.025300464019114736
971,HAP-1,H3K4me3,L2,-0.078058864441653,0.0,-0.08132631021248983,-0.07478974084726814
972,HAP-1,H3K4me3,ERVL-MaLR,-0.022999315050666266,2.3324272383363535e-30,-0.026934586892937967,-0.019063330350724893
973,HAP-1,H3K4me3,hAT-Charlie,-0.014804060339378125,4.056881893602312e-12,-0.018987122412871576,-0.010620480004972848
974,HAP-1,H3K4me3,ERV1,-0.08029764056952896,1.397575723314556e-150,-0.08629662251611414,-0.0742928360024563
975,HAP-1,H3K4me3,ERVL,-0.00528656847072164,0.09111680987696988,-0.0114189623287281,0.0008462230402595657
976,HAP-1,H3K4me3,TcMar-Tigger,0.0033217090515368173,0.29660266536771895,-0.00291587910161645,0.009559038733719442
977,HAP-1,H3K4me3,hAT-Tip100,-0.02836184857427425,6.330390304985383e-11,-0.03686149980887303,-0.019858094109952946
978,HAP-1,H3K4me3,CR1,-0.037733404750031695,1.315745097375284e-15,-0.046975850626531535,-0.02848449858265608
979,HAP-1,H3K4me3,Gypsy,-0.04140820966520353,2.176088708064e-07,-0.05704031108109517,-0.025755809931805287
980,HAP-1,H3K4me3,hAT-Blackjack,-0.027656629938426845,0.0007033376321208775,-0.04364044704650073,-0.011658657923922332
981,HAP-1,H3K4me3,TcMar-Mariner,-0.0004946412316570049,0.9521121298362858,-0.01663666849141215,0.015647643804706287
982,HAP-1,H3K4me3,RTE-X,-0.08622290213124592,5.1785222161844977e-17,-0.10627055387987311,-0.06610517980026932
983,HAP-1,H3K4me3,ERVK,-0.04391196829391638,0.0001968228515507557,-0.06697987262180219,-0.020797144845432245
984,HAP-1,H3K4me3,TcMar-Tc2,0.0017577200097826807,0.8872687326919952,-0.022541362535875877,0.026054727050889796
985,HAP-1,H3K4me3,SVA,-0.09098717722134113,2.0719190957162957e-10,-0.11885061781828435,-0.0629805454816858
986,HAP-1,H3K4me3,RTE-BovB,-0.10988323581656328,8.636380060190108e-14,-0.13847846842994338,-0.08110494220064457
987,HAP-1,H3K4me3,tRNA-RTE,-0.03534603351641564,0.027809282668950785,-0.06677297928811496,-0.0038490253331744623
988,HAP-1,H3K4me3,hAT-Ac,-0.019675360758089493,0.27878432912302836,-0.05523723584103908,0.015936368159314016
989,HAP-1,H3K4me3,hAT,0.04082313957273309,0.03437688491630642,0.002991234578586336,0.07853835405158441
990,HAP-1,H3K4me3,MULE-MuDR,-0.03014900231391097,0.14807028287891047,-0.0709162600316106,0.010718807409789836
991,HAP-1,H3K4me3,PiggyBac,-0.011290263979929289,0.6064710413089509,-0.05420366144000585,0.031664762515315886
992,HAP-1,H3K4me3,5S-Deu-L2,-0.026379741968416897,0.25306679936171683,-0.0715227653446895,0.018871131488469927
993,HAP-1,H3K4me3,Helitron,-0.007926494977233122,0.7452973441945843,-0.05570215808183019,0.0398853825022657
994,HAP-1,H3K4me3,hAT-Tag1,-0.051028921467972346,0.03643919084620666,-0.09862943967665469,-0.0031954211436475053
995,HAP-1,H3K4me3,tRNA,-0.02406542469786831,0.35100024868464863,-0.07452813926036342,0.026520224158843857
996,HAP-1,H3K4me3,Penelope,-0.0014682803794728258,0.9701275042949514,-0.07818453894478979,0.07526526490616749
997,HAP-1,H3K4me3,TcMar-Tc1,-0.07773431016501686,0.047932579651110224,-0.153947681297563,-0.000601452062053147
998,HAP-1,H3K4me3,Dong-R4,-0.03121365974711011,0.5195613921226099,-0.12565156369524055,0.06378485463532933
999,HAP-1,H3K4me3,tRNA-Deu,-0.03090108693019952,0.5286731208633373,-0.12646401078144148,0.0652301301969127
1000,HAP-1,H3K4me3,Kolobok,0.06987817450794714,0.18962006656126645,-0.034736540331631774,0.1729781128284758
1001,HAP-1,H3K4me3,PIF-Harbinger,0.07253691326335839,0.17636845357593678,-0.03283048757779761,0.17630964817890407
1002,HAP-1,H3K4me3,Crypton,0.01038629889558759,0.8619000739797285,-0.10634312243666715,0.12683333210587563
1003,HAP-1,H3K4me3,Merlin,-0.11329314881086729,0.10075791032756704,-0.2450277629575432,0.0225489731992522
1004,HAP-1,H3K4me3,TcMar,-0.09444502682134484,0.181230368608143,-0.22979686601632499,0.044490903580791906
1005,HAP-1,H3K4me3,L1-Tx1,-0.14091478165220855,0.10049491363335916,-0.3022666658963068,0.028287229097197927
1006,HAP-1,H3K4me3,Crypton-A,-0.11716332160770046,0.18261770994500995,-0.2835473561397213,0.05606872506990736
1007,HAP-1,H3K4me3,I-Jockey,0.03424149754424984,0.7237331570743921,-0.15491209884243315,0.22097336632297432
1008,HAP-1,H3K4me3,hAT-Tip100?,0.011616743471582182,0.9279998273351113,-0.23683799627624255,0.25864532569312765
1009,HAP-1,H3K4me3,TcMar-Pogo,0.21590909090909088,0.23529282947825064,-0.14772334845860396,0.5281200918301265
1010,HAP-1,H3K4me3,hAT?,0.3201871657754011,0.06928243224039533,-0.0350256355821874,0.6035745481398647
1011,HAP-1,H3K4me3,hAT-hAT19,-0.014705882352941175,0.956891924031642,-0.5067391947839653,0.48455406724881
1012,HL-60,H3K27ac,Alu,0.020112706073435245,7.879231109653434e-99,0.018244799975284876,0.021980471775934443
1013,HL-60,H3K27ac,L1,-0.0023217316330235898,0.0922089517319501,-0.005024131936655363,0.00038070258227738236
1014,HL-60,H3K27ac,MIR,-0.025159719901263533,4.805634145966653e-73,-0.027886503781517046,-0.022432561589951758
1015,HL-60,H3K27ac,L2,-0.02178615360715998,1.0703049762378835e-38,-0.0250671708621298,-0.01850466700319975
1016,HL-60,H3K27ac,ERVL-MaLR,0.01042716458879733,2.051011181046259e-07,0.00649302187821291,0.01436098451833022
1017,HL-60,H3K27ac,hAT-Charlie,-0.0074298301128975525,0.0004968084038104937,-0.011611135675845739,-0.003248264723324055
1018,HL-60,H3K27ac,ERV1,0.01600225398183387,1.9190985360231885e-07,0.009979112996042039,0.022024233827304687
1019,HL-60,H3K27ac,ERVL,0.010675306882088502,0.000639692193340896,0.004547027087757758,0.01680278485029132
1020,HL-60,H3K27ac,TcMar-Tigger,-0.003694322458665309,0.24537186827072052,-0.009927145152139959,0.0025387872866058153
1021,HL-60,H3K27ac,hAT-Tip100,-0.003467562019261761,0.42405550233373646,-0.011968787415145827,0.005034164619393866
1022,HL-60,H3K27ac,CR1,-0.037773516335525,1.2129420008109987e-15,-0.04701418692867337,-0.02852638104466566
1023,HL-60,H3K27ac,Gypsy,-0.0048839217676366715,0.5410241321938922,-0.02054134428554099,0.01077589580820341
1024,HL-60,H3K27ac,hAT-Blackjack,-0.010248702223711579,0.2093242345244314,-0.02624435894275077,0.005752201253771005
1025,HL-60,H3K27ac,TcMar-Mariner,0.027250219897770593,0.0009241124255664001,0.011127448966139585,0.043358825709319954
1026,HL-60,H3K27ac,RTE-X,-0.03791690924276516,0.00023132326615010314,-0.058067752274081987,-0.017735181801226216
1027,HL-60,H3K27ac,ERVK,-0.022596785362003588,0.05514750893133311,-0.04567018586943232,0.0005007128133851177
1028,HL-60,H3K27ac,TcMar-Tc2,-0.01797233990508564,0.14679894506329086,-0.042231598178779285,0.006308097539095341
1029,HL-60,H3K27ac,SVA,0.16980932898556725,7.425529694529202e-33,0.14221531257728495,0.19713961648936476
1030,HL-60,H3K27ac,RTE-BovB,-0.0278307902211631,0.059434726249648934,-0.05672793875083123,0.001112949270603873
1031,HL-60,H3K27ac,tRNA-RTE,0.012329615638980749,0.443024582315234,-0.01917455854043898,0.04380933049440712
1032,HL-60,H3K27ac,hAT-Ac,-0.03496220292254602,0.05411783033325625,-0.07046490802992388,0.0006289655923201165
1033,HL-60,H3K27ac,hAT,0.0060349988159705435,0.7543398841122706,-0.03175821479400143,0.04381097975578462
1034,HL-60,H3K27ac,MULE-MuDR,-0.059488769148928,0.004300975735491392,-0.10013548605624177,-0.018643822671278353
1035,HL-60,H3K27ac,PiggyBac,-0.003611106390849786,0.8690771332605371,-0.046521751620841885,0.03931284156518592
1036,HL-60,H3K27ac,5S-Deu-L2,0.0334751405494685,0.1468108367345413,-0.011763784438554031,0.07857730870363398
1037,HL-60,H3K27ac,Helitron,-0.016023156103945217,0.5108723589272062,-0.06371674422617529,0.03174345743175898
1038,HL-60,H3K27ac,hAT-Tag1,-0.04970700914009334,0.04145554435283726,-0.09728707303061684,-0.001900253194051219
1039,HL-60,H3K27ac,tRNA,0.011653230395856848,0.6514714490071899,-0.03890066761237237,0.062147626188565445
1040,HL-60,H3K27ac,Penelope,0.017517644659552925,0.6545093862510828,-0.059175347836872165,0.09400505536613803
1041,HL-60,H3K27ac,TcMar-Tc1,-0.013837675157499433,0.7249442572286022,-0.09070600253088075,0.06319455873131495
1042,HL-60,H3K27ac,Dong-R4,0.023752900954490487,0.6241085144577256,-0.07120753700337049,0.11828664023431142
1043,HL-60,H3K27ac,tRNA-Deu,0.01886824694154516,0.7005032067646624,-0.077195036591644,0.11458442699036267
1044,HL-60,H3K27ac,Kolobok,0.02738223962567738,0.6071137194566752,-0.07694453437154013,0.13111589688386105
1045,HL-60,H3K27ac,PIF-Harbinger,-0.07822622961593638,0.14473601165902314,-0.18186979867454364,0.027136343427774445
1046,HL-60,H3K27ac,Crypton,0.016304535580854356,0.7847848610527506,-0.10049171566864257,0.13265752498986813
1047,HL-60,H3K27ac,Merlin,-0.0928698124900773,0.17897927152627122,-0.22539244622511176,0.04302698212840917
1048,HL-60,H3K27ac,TcMar,-0.06736208218469858,0.34203816880953486,-0.20400769135978145,0.07185818049128849
1049,HL-60,H3K27ac,L1-Tx1,-0.19291132331376112,0.023912091393514762,-0.3507005863787737,-0.024471288675776675
1050,HL-60,H3K27ac,Crypton-A,0.20089868987535078,0.021399363169248377,0.0286837636701256,0.3615311014887525
1051,HL-60,H3K27ac,I-Jockey,-0.09502363080344732,0.3256741185854183,-0.2785495957281663,0.09519743320165398
1052,HL-60,H3K27ac,hAT-Tip100?,-0.06079545454545454,0.6304571094912274,-0.30045173945056597,0.18608152000525754
1053,HL-60,H3K27ac,TcMar-Pogo,0.23423753665689148,0.19692254559410596,-0.12951484321453133,0.5424235031240937
1054,HL-60,H3K27ac,hAT?,-0.0982620320855615,0.586423057886333,-0.42786612718183725,0.25440910622734336
1055,HL-60,H3K27ac,hAT-hAT19,-0.09999999999999999,0.7125163701282782,-0.56848990775716,0.41746509450285557
1056,MG63,H3K9me3,Alu,-0.016655790613681207,1.2380207707333222e-68,-0.018520000520836445,-0.014791464900183328
1057,MG63,H3K9me3,L1,-0.17052045276510572,0.0,-0.1731563589100147,-0.1678821038424366
1058,MG63,H3K9me3,MIR,0.005218141636065786,0.00017895817747900548,0.002488667203623941,0.007947538317974795
1059,MG63,H3K9me3,L2,0.03307939345994705,6.570142155124933e-87,0.029799762307581686,0.03635831238487504
1060,MG63,H3K9me3,ERVL-MaLR,-0.15023496550066315,0.0,-0.15409511705126203,-0.14637022788761625
1061,MG63,H3K9me3,hAT-Charlie,-0.012632821555207879,3.153141119023393e-09,-0.016812244227031634,-0.008452957436832172
1062,MG63,H3K9me3,ERV1,-0.11987964201782161,0.0,-0.12580304227802974,-0.11394769442899001
1063,MG63,H3K9me3,ERVL,-0.01392810266489177,8.29957154550909e-06,-0.02005138035700758,-0.007803780136549071
1064,MG63,H3K9me3,TcMar-Tigger,-0.07056621990358168,1.9121972726323663e-109,-0.07677056066076766,-0.06435641441903274
1065,MG63,H3K9me3,hAT-Tip100,0.011743816587050378,0.006797276608115411,0.0032395737172956026,0.020246360885769116
1066,MG63,H3K9me3,CR1,0.027105627724344373,9.238106693974202e-09,0.01785820515896112,0.036348413341486724
1067,MG63,H3K9me3,Gypsy,0.011408305445163108,0.15325908170424082,-0.0042493648215217,0.027060383201417793
1068,MG63,H3K9me3,hAT-Blackjack,0.03228625171561771,7.49238710386716e-05,0.016307996582810385,0.048248021013360495
1069,MG63,H3K9me3,TcMar-Mariner,-0.06630242936881937,7.052705578873179e-16,-0.08235232159791661,-0.05021815392875311
1070,MG63,H3K9me3,RTE-X,0.028844215759026067,0.0051003488956734505,0.008657005105745528,0.04900792483843432
1071,MG63,H3K9me3,ERVK,0.013115092737030723,0.26042419607269274,-0.009727675186970644,0.035944179802850675
1072,MG63,H3K9me3,TcMar-Tc2,0.012952974613017488,0.29563900244247676,-0.011323605652742786,0.037214294183876326
1073,MG63,H3K9me3,SVA,-0.1606888743071805,7.602595959672039e-30,-0.18794913307638514,-0.1331812380073229
1074,MG63,H3K9me3,RTE-BovB,0.01384303373026111,0.3486878268533161,-0.015111117302385926,0.04277398849552859
1075,MG63,H3K9me3,tRNA-RTE,0.00942606866776357,0.5576815004586351,-0.02208485687583011,0.04091828465175851
1076,MG63,H3K9me3,hAT-Ac,0.014825355873339394,0.4137816093450607,-0.020731922767658457,0.05034517778247507
1077,MG63,H3K9me3,hAT,0.023594787025142793,0.22136942670841978,-0.014229875962561568,0.061352018467651155
1078,MG63,H3K9me3,MULE-MuDR,-0.03895567094091114,0.06171354900707722,-0.07970731094796026,0.0019259661517029023
1079,MG63,H3K9me3,PiggyBac,-0.1273842024629267,5.0565989023746475e-09,-0.1694946267384599,-0.08480948539732694
1080,MG63,H3K9me3,5S-Deu-L2,-0.043545032169183796,0.05906526342052899,-0.08860039814936439,0.001688160381217616
1081,MG63,H3K9me3,Helitron,0.03036942238213417,0.21236102067215373,-0.01737771959433165,0.07797836590351608
1082,MG63,H3K9me3,hAT-Tag1,-0.010220287635341252,0.6756863695880331,-0.05804611156106758,0.03765234085552978
1083,MG63,H3K9me3,tRNA,0.02176628459891282,0.4001934610642064,-0.028952738717083197,0.07237351775441705
1084,MG63,H3K9me3,Penelope,-0.1117977151543714,0.004059214812217351,-0.1868097377492757,-0.03548962779364278
1085,MG63,H3K9me3,TcMar-Tc1,0.04143399267214593,0.29078040904018915,-0.035495682330421906,0.11787551437521035
1086,MG63,H3K9me3,Dong-R4,0.018024363674548526,0.7100189592806487,-0.07690148891838486,0.11262638708410097
1087,MG63,H3K9me3,tRNA-Deu,0.004109653934225015,0.9333188493981943,-0.09195718076802852,0.10010069255479519
1088,MG63,H3K9me3,Kolobok,0.013504306277077827,0.8001176000188016,-0.090863472776753,0.11757866401262686
1089,MG63,H3K9me3,PIF-Harbinger,-0.0018483312854194417,0.9726328289470507,-0.10711014664151915,0.10345445936013935
1090,MG63,H3K9me3,Crypton,0.019312893144433324,0.7463276931891967,-0.097515006650408,0.13561577228892277
1091,MG63,H3K9me3,Merlin,-0.005658493712771805,0.9348799055988312,-0.14062065252362194,0.12951012353097904
1092,MG63,H3K9me3,TcMar,0.03453597872238764,0.6229999930692256,-0.10302711019757535,0.17080274845080382
1093,MG63,H3K9me3,L1-Tx1,-0.09044339089618715,0.2950283704515825,-0.25522019801202545,0.07943867293606377
1094,MG63,H3K9me3,Crypton-A,0.030977094922367995,0.7264392621500075,-0.1420070968407431,0.20212531312946422
1095,MG63,H3K9me3,I-Jockey,0.021944212769900846,0.8208201310099802,-0.16686848614228703,0.20920439658918882
1096,MG63,H3K9me3,hAT-Tip100?,-0.04565018315018314,0.7202007816485223,-0.28834506471265337,0.20255596812375198
1097,MG63,H3K9me3,TcMar-Pogo,0.22434017595307917,0.21706270893430385,-0.13937233459644532,0.5347177033437706
1098,MG63,H3K9me3,hAT?,0.015126050420168066,0.9323369475051264,-0.32471853841105036,0.35151146505733477
1099,MG63,H3K9me3,hAT-hAT19,-0.15294117647058825,0.5717446192454616,-0.604949167049358,0.3736124896571969
1100,MG63,H3K36me3,Alu,-0.007855029477017616,1.4901737503861058e-16,-0.009719425728577124,-0.005990578612742061
1101,MG63,H3K36me3,L1,-0.0017588844816145551,0.20115246172867046,-0.004455738984863244,0.0009379956067748503
1102,MG63,H3K36me3,MIR,-0.05024132812857642,2.144704682155489e-285,-0.05296511762311653,-0.04751679105864467
1103,MG63,H3K36me3,L2,-0.06254810589465483,5.791394359241881e-306,-0.06581977745145205,-0.059275089516979344
1104,MG63,H3K36me3,ERVL-MaLR,-0.059000076002681236,1.085767341245261e-190,-0.06291822082121276,-0.05508011249072961
1105,MG63,H3K36me3,hAT-Charlie,-0.04761216904661816,1.562497990202251e-110,-0.05178403683105411,-0.04343863950479303
1106,MG63,H3K36me3,ERV1,-0.08218171620822125,1.1290471535491515e-159,-0.0881407866980971,-0.07621676359908913
1107,MG63,H3K36me3,ERVL,-0.026711410906305695,1.2341040132908498e-17,-0.032831583290329744,-0.020589235405666238
1108,MG63,H3K36me3,TcMar-Tigger,-0.05561226064179043,1.2190092889099198e-68,-0.06182558226412113,-0.049394628847336385
1109,MG63,H3K36me3,hAT-Tip100,-0.013569519982301638,0.0017627402313217997,-0.02207131741311312,-0.005065760112353349
1110,MG63,H3K36me3,CR1,-0.05226008088964645,1.623926226068732e-28,-0.06148972963905731,-0.043021495413892843
1111,MG63,H3K36me3,Gypsy,-0.030329969829825783,0.00014636854110650058,-0.04596963430182102,-0.014675440213763073
1112,MG63,H3K36me3,hAT-Blackjack,-0.005572820209058731,0.4943197577785585,-0.02155140855747795,0.010408614387013918
1113,MG63,H3K36me3,TcMar-Mariner,0.03160099371565512,0.00012129054698765734,0.015487281890889297,0.04769829536123941
1114,MG63,H3K36me3,RTE-X,-0.09303848591497293,1.406282654493362e-19,-0.11305629929027357,-0.07294517436154052
1115,MG63,H3K36me3,ERVK,-0.027626199109477338,0.01775939434747099,-0.050440693561012585,-0.004782887401457294
1116,MG63,H3K36me3,TcMar-Tc2,-0.10183224429427024,1.6782173843107928e-16,-0.1258551866386432,-0.0776899451408158
1117,MG63,H3K36me3,SVA,0.036527097317309284,0.01039773662864667,0.008582782053933787,0.06441440599000214
1118,MG63,H3K36me3,RTE-BovB,-0.057101317127213926,0.00010946989633398154,-0.08592945151147872,-0.02817764732421808
1119,MG63,H3K36me3,tRNA-RTE,-0.04111453658450409,0.01050872912298731,-0.07253345860996313,-0.009614093823681658
1120,MG63,H3K36me3,hAT-Ac,-0.06338869323656077,0.00047036109432145687,-0.09875184588718589,-0.027865639420356372
1121,MG63,H3K36me3,hAT,0.009506040989992942,0.6223378952935887,-0.028318738795532792,0.047303637016452404
1122,MG63,H3K36me3,MULE-MuDR,-0.00870060304765199,0.6764447129893496,-0.04952911000099235,0.03215693396409996
1123,MG63,H3K36me3,PiggyBac,-0.05620451529887434,0.010062916340537964,-0.09881548711494387,-0.013387807622734971
1124,MG63,H3K36me3,5S-Deu-L2,-0.023887734710788644,0.30044387615503654,-0.06901609948913434,0.021338194145590628
1125,MG63,H3K36me3,Helitron,0.026150661483847575,0.28262919725180763,-0.021567101481225395,0.07374955050730907
1126,MG63,H3K36me3,hAT-Tag1,-0.07090790648013112,0.0036290781857984534,-0.118376295034448,-0.023116169258277086
1127,MG63,H3K36me3,tRNA,-0.023234401188877957,0.3691674689324411,-0.07383536121594796,0.027485885212575726
1128,MG63,H3K36me3,Penelope,-0.05389365249289238,0.1670080692220133,-0.12978897698559647,0.0226294971766482
1129,MG63,H3K36me3,TcMar-Tc1,0.016459637812262277,0.6746096884223636,-0.060346778385530715,0.09307229319105413
1130,MG63,H3K36me3,Dong-R4,-0.033754174770585274,0.48613574493692446,-0.12815766335169046,0.06125550340037425
1131,MG63,H3K36me3,tRNA-Deu,-0.023518182670102326,0.6320243420736364,-0.11929206654514253,0.07268934204025784
1132,MG63,H3K36me3,Kolobok,-0.0662225516931535,0.2132440195889838,-0.16925589452475656,0.03824262956699226
1133,MG63,H3K36me3,PIF-Harbinger,-0.11313335521405848,0.03515189362483394,-0.2161668453227619,-0.00760784808581356
1134,MG63,H3K36me3,Crypton,0.02368671254477227,0.6915413276395241,-0.09318440450379786,0.13991396626499272
1135,MG63,H3K36me3,Merlin,-0.08597154721206222,0.21361205630749985,-0.21874173490987572,0.04992409126732329
1136,MG63,H3K36me3,TcMar,0.010004826554280326,0.8867838405782604,-0.1272079808934712,0.14684189916951534
1137,MG63,H3K36me3,L1-Tx1,-0.05056139790776675,0.5573655878859212,-0.21654458408468452,0.11826271023878984
1138,MG63,H3K36me3,Crypton-A,-0.11276241562861992,0.20147865451294664,-0.28003006697349525,0.06115023789392468
1139,MG63,H3K36me3,I-Jockey,0.00969326290427208,0.9203155472543479,-0.17873867766027335,0.19743929512830052
1140,MG63,H3K36me3,hAT-Tip100?,-0.06703296703296703,0.5986888321538102,-0.3080260416458846,0.18204384434054827
1141,MG63,H3K36me3,TcMar-Pogo,0.2859237536656891,0.11264853113507992,-0.07704581745320419,0.5819734316921116
1142,MG63,H3K36me3,hAT?,-0.12482811306340717,0.48180645281405743,-0.4453391080288629,0.224040355175569
1143,MG63,H3K36me3,hAT-hAT19,-0.6676470588235294,0.004711981947989975,-0.8869865395161733,-0.20251789551463087
1144,MG63,H3K27me3,Alu,0.002348147553364192,0.01356873699034794,0.0004837275243876121,0.004212551257780528
1145,MG63,H3K27me3,L1,-0.036236841636500164,4.922917510656255e-153,-0.03893000694687692,-0.0335431498703474
1146,MG63,H3K27me3,MIR,0.0030729643865039747,0.027318527439513626,0.0003438823345261001,0.005802000664622995
1147,MG63,H3K27me3,L2,0.007080995545027841,2.3407833031347453e-05,0.00379975390379514,0.010362084709962159
1148,MG63,H3K27me3,ERVL-MaLR,0.008441462813131925,2.5421562569507664e-05,0.0045125245231812435,0.0123701404875704
1149,MG63,H3K27me3,hAT-Charlie,0.02305228665489389,3.0253744130306637e-27,0.018874109736800464,0.027229658445208513
1150,MG63,H3K27me3,ERV1,0.004668322337394251,0.1267318958326118,-0.0013232363762087673,0.010659545888328268
1151,MG63,H3K27me3,ERVL,0.05247304237612747,2.1534122028764412e-63,0.04636053841538414,0.058581616968722654
1152,MG63,H3K27me3,TcMar-Tigger,0.03090745998108777,2.327567818794007e-22,0.02468112843054013,0.03713139377232722
1153,MG63,H3K27me3,hAT-Tip100,0.030319929291617323,2.753273449816462e-12,0.02181996953239339,0.038815506092432554
1154,MG63,H3K27me3,CR1,0.01523510257927809,0.0012447183397588512,0.005985928329302094,0.02448167031736377
1155,MG63,H3K27me3,Gypsy,-0.022517064210636154,0.004817417997127755,-0.038161995014443444,-0.006861097308681618
1156,MG63,H3K27me3,hAT-Blackjack,0.01608247415539066,0.04846545453143178,0.00010745573486052415,0.03204928613627716
1157,MG63,H3K27me3,TcMar-Mariner,-0.023951400482705484,0.0035707164333575853,-0.040050385053676536,-0.007839983873614268
1158,MG63,H3K27me3,RTE-X,0.003408931226351284,0.7406371104581484,-0.016774984334509593,0.023590069605075602
1159,MG63,H3K27me3,ERVK,-0.001384336267857705,0.9053897385050355,-0.02420851200434713,0.021441281883117343
1160,MG63,H3K27me3,TcMar-Tc2,0.03487204962941554,0.004847797402134012,0.010607234344776575,0.05909582044352103
1161,MG63,H3K27me3,SVA,-0.01555059146835745,0.27547119078542,-0.04347715032520482,0.01240024993631017
1162,MG63,H3K27me3,RTE-BovB,-0.03921258779864507,0.007899070511577913,-0.06808366195245184,-0.010275893731639734
1163,MG63,H3K27me3,tRNA-RTE,-0.017332300537550024,0.2811123163984575,-0.048819809784284324,0.014189625291635245
1164,MG63,H3K27me3,hAT-Ac,0.011872917131781083,0.5127274412201672,-0.02367688314663907,0.04739272879049169
1165,MG63,H3K27me3,hAT,0.039731858225407674,0.03941860801984453,0.0019131185834826046,0.07743710623205276
1166,MG63,H3K27me3,MULE-MuDR,-0.014348490764656092,0.4913960633850546,-0.05517245676901482,0.02652336748704296
1167,MG63,H3K27me3,PiggyBac,-0.09597451901302832,1.1016381629808791e-05,-0.1383687897990304,-0.053229172484733016
1168,MG63,H3K27me3,5S-Deu-L2,-0.022602073022155385,0.3273449140867387,-0.06774707659589163,0.02263529550438519
1169,MG63,H3K27me3,Helitron,0.01954764296515753,0.4217920922999807,-0.028151760066772034,0.06715822680369024
1170,MG63,H3K27me3,hAT-Tag1,0.06994051532130159,0.0040742091898241335,0.022203049327477124,0.1173597795114794
1171,MG63,H3K27me3,tRNA,-0.030538434471545774,0.23797509601566655,-0.08112264736479863,0.02020269074973931
1172,MG63,H3K27me3,Penelope,-0.0009180681467028055,0.9812188187983615,-0.07722946818929034,0.07540402601410276
1173,MG63,H3K27me3,TcMar-Tc1,0.055312436085725794,0.15800314508736496,-0.021562598379444044,0.13153724327178712
1174,MG63,H3K27me3,Dong-R4,0.03297087131945442,0.497330403904479,-0.06225914817544292,0.12760597035696655
1175,MG63,H3K27me3,tRNA-Deu,-0.03994562772119882,0.41588043783785533,-0.13549387397805765,0.05633877724370421
1176,MG63,H3K27me3,Kolobok,0.00635038143395772,0.9050934818145101,-0.09780336967765438,0.11036653109533243
1177,MG63,H3K27me3,PIF-Harbinger,-0.04650470144577394,0.3871042855108674,-0.1509536896385634,0.058971178129897946
1178,MG63,H3K27me3,Crypton,0.03053625879609595,0.6089694275708109,-0.08639586979638261,0.14663848810417562
1179,MG63,H3K27me3,Merlin,0.04433732261790888,0.5218306443977256,-0.09134408236480705,0.17840254473084466
1180,MG63,H3K27me3,TcMar,0.0013184223228160565,0.9850313547464293,-0.13574117433184466,0.13832850278196962
1181,MG63,H3K27me3,L1-Tx1,-0.07193726333262075,0.4052616864277623,-0.23760276345122414,0.09779485413632757
1182,MG63,H3K27me3,Crypton-A,-0.0717646046711463,0.41714372501436603,-0.24118380286825322,0.10189937290877894
1183,MG63,H3K27me3,I-Jockey,-0.025363729033453807,0.7934800170205459,-0.21248108389888734,0.16354792727147396
1184,MG63,H3K27me3,hAT-Tip100?,-0.011767399267399265,0.9264700590533193,-0.2568418948548797,0.23472903011696758
1185,MG63,H3K27me3,TcMar-Pogo,0.13526392961876832,0.4604367043837351,-0.22557197150802388,0.46346500335710733
1186,MG63,H3K27me3,hAT?,0.1981665393430099,0.26124002359206283,-0.15341476853771704,0.5052139972415125
1187,MG63,H3K27me3,hAT-hAT19,-0.2764705882352941,0.2999421284923735,-0.684611693761416,0.26365264480027495
1188,MG63,H3K4me3,Alu,-0.0005817371622436749,0.5410277804389434,-0.0024470355198447083,0.0012835652434878995
1189,MG63,H3K4me3,L1,-0.019671953789635915,2.2317649806412054e-46,-0.02236778916621614,-0.016975832339041947
1190,MG63,H3K4me3,MIR,-0.014780299401080482,2.6019109329016634e-26,-0.017509532418467325,-0.012050846129395328
1191,MG63,H3K4me3,L2,-0.023497606735729384,9.639718266292767e-45,-0.02677804671886411,-0.020216660666189077
1192,MG63,H3K4me3,ERVL-MaLR,-0.011956677181693078,2.4765786157299107e-09,-0.015886210568654097,-0.008026774455556445
1193,MG63,H3K4me3,hAT-Charlie,-0.0045342497873239115,0.03352692420816449,-0.00871480133546185,-0.0003535397396493306
1194,MG63,H3K4me3,ERV1,-0.01291731429794528,2.3938426523069383e-05,-0.018909185780086487,-0.006924514988994604
1195,MG63,H3K4me3,ERVL,0.009923231699472033,0.0014963213377656474,0.003798261664886882,0.01604745720605389
1196,MG63,H3K4me3,TcMar-Tigger,0.0011554733842201869,0.7162630987418648,-0.005075453072720257,0.0073863101211081705
1197,MG63,H3K4me3,hAT-Tip100,0.007231053950868149,0.09562298071755095,-0.0012737290063915346,0.01573479091854396
1198,MG63,H3K4me3,CR1,-0.021544981762566213,5.0012229840614785e-06,-0.03079156181879905,-0.01229471436630536
1199,MG63,H3K4me3,Gypsy,-0.012954195763741022,0.10489010070653959,-0.02860595178145833,0.002703910867044784
1200,MG63,H3K4me3,hAT-Blackjack,-0.0014110562654328772,0.862624414279655,-0.017392649334683034,0.014571257637241757
1201,MG63,H3K4me3,TcMar-Mariner,-0.012593605504500456,0.12578864437903467,-0.02871090121966701,0.003530236718300832
1202,MG63,H3K4me3,RTE-X,-0.03597753514255061,0.0004768142134622199,-0.05613240645836041,-0.01579335387680325
1203,MG63,H3K4me3,ERVK,0.028964242942177955,0.012956800528604984,0.006116872842982115,0.05178138888353143
1204,MG63,H3K4me3,TcMar-Tc2,0.014558335353628247,0.23995422169444688,-0.009725839099255049,0.038825347588108634
1205,MG63,H3K4me3,SVA,-0.009528631325050912,0.5043036474541148,-0.037482943904605256,0.018440582721753015
1206,MG63,H3K4me3,RTE-BovB,-0.026785606227441135,0.06980732852884833,-0.05570061678337935,0.0021742957774592993
1207,MG63,H3K4me3,tRNA-RTE,-0.043442454082381975,0.006844308963442332,-0.07484632177589758,-0.011952502898432428
1208,MG63,H3K4me3,hAT-Ac,0.005395283056056304,0.7662327096842925,-0.030166860225215673,0.04094378471255321
1209,MG63,H3K4me3,hAT,-0.006578502381612755,0.7331686317739998,-0.04437458552314964,0.031236386284345136
1210,MG63,H3K4me3,MULE-MuDR,0.015333674297907432,0.46193751710882347,-0.02552117506322763,0.05613738825853566
1211,MG63,H3K4me3,PiggyBac,-0.09999724927567596,4.595182507532527e-06,-0.14234867588452854,-0.057280353840001616
1212,MG63,H3K4me3,5S-Deu-L2,-0.02824724234953369,0.2211225195228276,-0.07339499999917024,0.017016056028150792
1213,MG63,H3K4me3,Helitron,0.02339953706223077,0.33608213256667263,-0.024288593255077314,0.07098141784913972
1214,MG63,H3K4me3,hAT-Tag1,-0.0011273254265688195,0.9631949320847198,-0.048977664116822424,0.046728176199656156
1215,MG63,H3K4me3,tRNA,0.013903901005088749,0.5907749091317571,-0.03677167293347654,0.06450815084447784
1216,MG63,H3K4me3,Penelope,-0.070136788551892,0.07197452465808447,-0.1458229220421182,0.006365567588325715
1217,MG63,H3K4me3,TcMar-Tc1,0.02217925708650376,0.5721560263665626,-0.05476637678596228,0.0988630255645382
1218,MG63,H3K4me3,Dong-R4,-0.020473413389669848,0.6731226473666775,-0.11515738231087408,0.07457922993096532
1219,MG63,H3K4me3,tRNA-Deu,-0.04627857911361841,0.345832460742015,-0.1417296051509845,0.050025084663978835
1220,MG63,H3K4me3,Kolobok,-0.04408788286319104,0.407584177036165,-0.14754871419601787,0.06032735646625419
1221,MG63,H3K4me3,PIF-Harbinger,-0.004972980684043888,0.9263512038353721,-0.11004709500161974,0.10021106031011402
1222,MG63,H3K4me3,Crypton,-0.08294505604481293,0.16405112264665925,-0.19782466390603037,0.03418215409898301
1223,MG63,H3K4me3,Merlin,0.018449665977357893,0.7899099460586113,-0.11692164281670074,0.15314791299127214
1224,MG63,H3K4me3,TcMar,0.0019494263505346764,0.9778688091901115,-0.13512181211712063,0.13894744997830588
1225,MG63,H3K4me3,L1-Tx1,-0.1185007603732003,0.16943072856309446,-0.28177229820151434,0.05144041139978314
1226,MG63,H3K4me3,Crypton-A,-0.04109886478502852,0.6424546139687158,-0.2118563520047244,0.1320936443575038
1227,MG63,H3K4me3,I-Jockey,-0.049142804188675754,0.6118337408377097,-0.23518010963492264,0.14036805618211418
1228,MG63,H3K4me3,hAT-Tip100?,-0.1564102564102564,0.21711599510539503,-0.3886277207399161,0.09449028822076909
1229,MG63,H3K4me3,TcMar-Pogo,0.06121700879765395,0.7392623303061464,-0.2940586753844738,0.40162977735260796
1230,MG63,H3K4me3,hAT?,0.08082505729564553,0.6495383840772346,-0.2651061407515922,0.40832224843233894
1231,MG63,H3K4me3,hAT-hAT19,0.10294117647058824,0.7044103818167706,-0.41507516036700587,0.5705524379735629
1232,VCaP,CTCF,Alu,-0.04482083620803639,0.0,-0.046679903592982804,-0.0429614583341921
1233,VCaP,CTCF,L1,0.030051974160628804,6.589106987293302e-106,0.027358221332909625,0.032745290532301324
1234,VCaP,CTCF,MIR,-0.00010159327725232161,0.9417565068765954,-0.0028269193670783293,0.0026237343217228185
1235,VCaP,CTCF,L2,-0.02425136808730322,1.364755646717952e-47,-0.027530038624770464,-0.0209721757710703
1236,VCaP,CTCF,ERVL-MaLR,-0.0036870994222467125,0.06553221751294887,-0.007611056478816865,0.00023697118292949465
1237,VCaP,CTCF,hAT-Charlie,-0.015456530099503535,3.9303878227086655e-13,-0.01962968943207869,-0.01128283220984401
1238,VCaP,CTCF,ERV1,-0.052704344998710274,6.541632841654091e-67,-0.05867167461263755,-0.04673324905337229
1239,VCaP,CTCF,ERVL,0.030896667096896594,4.029078950075083e-23,0.024783705754351494,0.03700731799500381
1240,VCaP,CTCF,TcMar-Tigger,0.01739177451237553,4.294011928048508e-08,0.011169889548804783,0.023612312824441477
1241,VCaP,CTCF,hAT-Tip100,-0.016452436803240066,0.00014702082566391735,-0.024944606895057786,-0.007957892406058863
1242,VCaP,CTCF,CR1,-0.006648467413885856,0.1586692822082681,-0.015892031207556997,0.002596232705953798
1243,VCaP,CTCF,Gypsy,-0.021071634239896966,0.008308782622247943,-0.036710179037189136,-0.005422771331146704
1244,VCaP,CTCF,hAT-Blackjack,0.0024546681105600834,0.7630940126609714,-0.013506122262646319,0.01841420793638396
1245,VCaP,CTCF,TcMar-Mariner,-0.042027028830455906,3.0443315722566874e-07,-0.058086856844629706,-0.02594545398876348
1246,VCaP,CTCF,RTE-X,-0.01938416505771236,0.05974270236906104,-0.03955008143171832,0.0007975352782365555
1247,VCaP,CTCF,ERVK,-0.022187277400011723,0.05633885793153397,-0.04495368463821604,0.0006021641922443145
1248,VCaP,CTCF,TcMar-Tc2,0.03403528940780407,0.005937010267167191,0.009786651292645525,0.05824392195569624
1249,VCaP,CTCF,SVA,-0.13039766913451264,3.7983532608931236e-20,-0.1578516112767175,-0.10274229328080217
1250,VCaP,CTCF,RTE-BovB,-0.06511825992979624,9.979257251799016e-06,-0.09388710301092414,-0.03624075920669271
1251,VCaP,CTCF,tRNA-RTE,-0.019326913342999595,0.22892779663475712,-0.05077823296129292,0.012162702943120602
1252,VCaP,CTCF,hAT-Ac,0.04245199021481573,0.01914684723747153,0.006925406646920698,0.07787154318484982
1253,VCaP,CTCF,hAT,-0.002300062676764941,0.905016572297562,-0.04006121256447435,0.0354676477244222
1254,VCaP,CTCF,MULE-MuDR,0.053990960105016625,0.009509399100581793,0.013171552162994182,0.09463071414856108
1255,VCaP,CTCF,PiggyBac,0.012165709769372108,0.5778506219258372,-0.030677267253189516,0.05496406587829607
1256,VCaP,CTCF,5S-Deu-L2,-0.0427735963263413,0.0634942102579501,-0.08779694286197033,0.002424153894256804
1257,VCaP,CTCF,Helitron,-0.00997987408278422,0.6811121136634601,-0.05752398501513837,0.03760940207103247
1258,VCaP,CTCF,hAT-Tag1,0.009359602953868318,0.7010352872071604,-0.038412048499404904,0.05708856916483244
1259,VCaP,CTCF,tRNA,-0.021004232960860056,0.41534205696612403,-0.07144647829254916,0.02954517390921872
1260,VCaP,CTCF,Penelope,0.02838368288768469,0.46630279229998184,-0.04799452744456782,0.10443189828809578
1261,VCaP,CTCF,TcMar-Tc1,-0.060257685832361164,0.12340746874526975,-0.13630486241775064,0.016495485806022232
1262,VCaP,CTCF,Dong-R4,0.10647564246698454,0.027622392485068127,0.01153896622497984,0.1995098878872218
1263,VCaP,CTCF,tRNA-Deu,-0.015219322801555041,0.7563739110893624,-0.11097791556179361,0.0808192644251332
1264,VCaP,CTCF,Kolobok,0.023690998966390202,0.656876791891581,-0.08075812846078051,0.12762546499377153
1265,VCaP,CTCF,PIF-Harbinger,0.11070813688565778,0.03872124424654379,0.005473048405698307,0.21351795354404238
1266,VCaP,CTCF,Crypton,-0.05839056841262322,0.32769403057026736,-0.1739015690293667,0.05870540289972682
1267,VCaP,CTCF,Merlin,-0.14852482120571517,0.030635697229555253,-0.2784036968673319,-0.013311687067493387
1268,VCaP,CTCF,TcMar,0.09045098898076509,0.1993511001196177,-0.048137446647592994,0.22562259344082683
1269,VCaP,CTCF,L1-Tx1,0.09945896248797373,0.24754193931659615,-0.06983059003764873,0.2631801656861766
1270,VCaP,CTCF,Crypton-A,-0.13219842709831864,0.13227447376040652,-0.2976780437288819,0.04099351765425151
1271,VCaP,CTCF,I-Jockey,-0.06510981373366695,0.5011739717170505,-0.250336929561988,0.12471541854416382
1272,VCaP,CTCF,hAT-Tip100?,0.1119047619047619,0.37866252575368087,-0.13846150045869263,0.34882688937533074
1273,VCaP,CTCF,TcMar-Pogo,-0.4336510263929618,0.0131550230487121,-0.6884836674498038,-0.08350705991861025
1274,VCaP,CTCF,hAT?,0.1657754010695187,0.3487700833124503,-0.1849571979314275,0.47904931172611837
1275,VCaP,CTCF,hAT-hAT19,0.1411764705882353,0.6020026838819791,-0.38351326982565126,0.5969684892475311
1276,VCaP,H3K27ac,Alu,-0.046077105614763726,0.0,-0.04793626483081072,-0.044217627137652794
1277,VCaP,H3K27ac,L1,0.08539124183039497,0.0,0.08270983021481003,0.08807141707633288
1278,VCaP,H3K27ac,MIR,-0.06320806655219974,0.0,-0.06592486985976632,-0.0604903260985971
1279,VCaP,H3K27ac,L2,-0.11770704717779484,0.0,-0.12095198644638093,-0.11445959231052842
1280,VCaP,H3K27ac,ERVL-MaLR,0.008689072187698347,1.4269329655615133e-05,0.004764784264898915,0.012613092484499475
1281,VCaP,H3K27ac,hAT-Charlie,-0.040222794958941266,1.3121904263695422e-79,-0.04439150582877956,-0.03605268335760161
1282,VCaP,H3K27ac,ERV1,-0.08225617134757558,1.7160590370046698e-160,-0.08820518735025788,-0.07630128767920254
1283,VCaP,H3K27ac,ERVL,-0.028146882875088295,1.8798090525920287e-19,-0.03425936374749357,-0.0220322963384739
1284,VCaP,H3K27ac,TcMar-Tigger,0.04791336608851638,1.6463285599846718e-51,0.04169917365818557,0.05412385175352351
1285,VCaP,H3K27ac,hAT-Tip100,-0.051832668820693935,5.321695042141124e-33,-0.060306881970318214,-0.043350984590728725
1286,VCaP,H3K27ac,CR1,-0.07370757590551942,3.433570557443175e-55,-0.08290809421205785,-0.06449449367686166
1287,VCaP,H3K27ac,Gypsy,-0.09775512327325019,1.2923939954616197e-34,-0.11326867420770315,-0.08219391892172544
1288,VCaP,H3K27ac,hAT-Blackjack,-0.0936653423299913,1.000019451957612e-30,-0.10950068813495051,-0.07778246380697684
1289,VCaP,H3K27ac,TcMar-Mariner,0.042898009725128944,1.7336271571631415e-07,0.02681384834029616,0.058959965437623385
1290,VCaP,H3K27ac,RTE-X,-0.13546629933674145,7.075194821041631e-40,-0.15531267504703292,-0.11551061538377429
1291,VCaP,H3K27ac,ERVK,0.008614440133722909,0.45888731926747683,-0.014181263173447641,0.03140119340600487
1292,VCaP,H3K27ac,TcMar-Tc2,-0.09580239467022923,8.587139487678818e-15,-0.11983229857764353,-0.0716603050232851
1293,VCaP,H3K27ac,SVA,-0.11267524965799457,2.0837300426043198e-15,-0.14023100610885408,-0.08494508282991499
1294,VCaP,H3K27ac,RTE-BovB,-0.1278936211137605,3.236435646341426e-18,-0.15634620825264547,-0.09922894894371023
1295,VCaP,H3K27ac,tRNA-RTE,-0.05825072346896821,0.00028305853623421094,-0.08958015448710979,-0.026806131319219426
1296,VCaP,H3K27ac,hAT-Ac,-0.04330587615379059,0.016820441498460837,-0.07871079480043025,-0.007791849762355462
1297,VCaP,H3K27ac,hAT,-0.014740770500270992,0.4443978885146278,-0.05247818462031865,0.023038684556640123
1298,VCaP,H3K27ac,MULE-MuDR,0.0032076442070776757,0.8776750283159233,-0.037624997316876116,0.04402959218224284
1299,VCaP,H3K27ac,PiggyBac,0.0030891652034777005,0.8876245324698215,-0.03974160536883444,0.04590860467402022
1300,VCaP,H3K27ac,5S-Deu-L2,-0.005317402603364224,0.8175861946674402,-0.05046604512714694,0.03985292893368654
1301,VCaP,H3K27ac,Helitron,-0.07799900240110243,0.0012970875313327562,-0.12517626600843215,-0.030469803734075023
1302,VCaP,H3K27ac,hAT-Tag1,-0.031164060108120388,0.2010354877618513,-0.07881175866294718,0.016625702047332745
1303,VCaP,H3K27ac,tRNA,-0.057517688047473196,0.025608622644450553,-0.10775853634598777,-0.006983811054047656
1304,VCaP,H3K27ac,Penelope,0.04104209573508041,0.2924164037419589,-0.0354176874220187,0.11702419997994781
1305,VCaP,H3K27ac,TcMar-Tc1,-0.03839965598421155,0.3264714779435852,-0.1146979682719398,0.0383490415223878
1306,VCaP,H3K27ac,Dong-R4,0.0019624190965139496,0.9677103321776676,-0.09284174719570117,0.0967313225956514
1307,VCaP,H3K27ac,tRNA-Deu,-0.04276501958744584,0.38314636002629054,-0.1381567269752689,0.053412826772226016
1308,VCaP,H3K27ac,Kolobok,-0.040018628286325825,0.45226119930514186,-0.143549863886671,0.06437907146089862
1309,VCaP,H3K27ac,PIF-Harbinger,-0.015926754656994842,0.7668576563089375,-0.12071161185728733,0.08920911043590403
1310,VCaP,H3K27ac,Crypton,-0.021675560360250444,0.7170379045204541,-0.1381437464154019,0.09538394001911832
1311,VCaP,H3K27ac,Merlin,-0.004812412270532089,0.9444675348691214,-0.13947172261636928,0.13002165681585864
1312,VCaP,H3K27ac,TcMar,-0.022166969172367254,0.7535825801712024,-0.15940683594604482,0.11591344485793335
1313,VCaP,H3K27ac,L1-Tx1,-0.1012278063341032,0.2391911371389304,-0.26485639177273207,0.06806716649790799
1314,VCaP,H3K27ac,Crypton-A,-0.04472363351691792,0.6119911146786952,-0.21468547359166085,0.12786730001901478
1315,VCaP,H3K27ac,I-Jockey,-0.013798535816884443,0.8867586488510577,-0.20138627037033813,0.1747655568341259
1316,VCaP,H3K27ac,hAT-Tip100?,0.043635531135531126,0.7320745550258233,-0.2044802182318441,0.28648279819640937
1317,VCaP,H3K27ac,TcMar-Pogo,-0.2313049853372434,0.20274938709642537,-0.5401447232581057,0.13244173079065832
1318,VCaP,H3K27ac,hAT?,-0.009014514896867836,0.9596458127682785,-0.34613137952721285,0.33016400701209775
1319,VCaP,H3K27ac,hAT-hAT19,-0.07941176470588236,0.770025319039825,-0.5539290093824006,0.43404767404251515
1320,C4-2B,CTCF,Alu,0.26074952840839427,0.0,0.2589785107878575,0.2625187927592941
1321,C4-2B,CTCF,L1,0.0800355374317965,0.0,0.07734734213662732,0.08272256903682296
1322,C4-2B,CTCF,MIR,0.07512078134163605,0.0,0.07240336514108364,0.07783708226747353
1323,C4-2B,CTCF,L2,0.11748463798264772,0.0,0.11423513791746813,0.12073162416961354
1324,C4-2B,CTCF,ERVL-MaLR,0.06320227577106448,5.494654369113509e-218,0.05927848519551833,0.0671241133728268
1325,C4-2B,CTCF,hAT-Charlie,0.05308485683047072,8.484424557007245e-137,0.04891047454749972,0.05725738465256226
1326,C4-2B,CTCF,ERV1,0.18401761589314866,0.0,0.17814516395227462,0.18987696036166568
1327,C4-2B,CTCF,ERVL,0.08255971047902207,4.126331294014098e-154,0.07645881958554764,0.08865441957565491
1328,C4-2B,CTCF,TcMar-Tigger,0.05351278607995758,1.3469196083563342e-63,0.047289726850716876,0.05973169145853048
1329,C4-2B,CTCF,hAT-Tip100,0.062127030293865654,1.2850203359509456e-46,0.053645959440861625,0.07059913858226646
1330,C4-2B,CTCF,CR1,0.054674297370373263,4.729613721577888e-31,0.04543637429799534,0.06390287021340205
1331,C4-2B,CTCF,Gypsy,0.10710922258486266,3.3274069767358e-41,0.09155948729415639,0.1226067359265838
1332,C4-2B,CTCF,hAT-Blackjack,0.07392989847343923,1.1758733140784623e-19,0.057982505551281247,0.08983957056627935
1333,C4-2B,CTCF,TcMar-Mariner,0.002656626140867316,0.74724051544355,-0.013499296135243232,0.01881116169392875
1334,C4-2B,CTCF,RTE-X,0.1205480367797126,7.435645469260767e-32,0.10053340174121975,0.14046514557240142
1335,C4-2B,CTCF,ERVK,0.11419914909283521,1.9468008167529431e-22,0.09132369292543997,0.1369541459171309
1336,C4-2B,CTCF,TcMar-Tc2,0.02693458133681255,0.029905136939848392,0.00261883670679423,0.05121849413394999
1337,C4-2B,CTCF,SVA,0.42053990427739063,1.2962445786241267e-208,0.3961548687988995,0.44433212552986484
1338,C4-2B,CTCF,RTE-BovB,0.15044602058672737,1.2190499822309889e-24,0.12188230754696683,0.17876074445064138
1339,C4-2B,CTCF,tRNA-RTE,0.07903841353920117,8.410792840042594e-07,0.047616540193697585,0.11030401220732286
1340,C4-2B,CTCF,hAT-Ac,0.03140333074830927,0.08362406092393203,-0.004183769233063463,0.06691098897327102
1341,C4-2B,CTCF,hAT,-0.0029124755046736456,0.8800530462039616,-0.040721817543841646,0.03490519547691847
1342,C4-2B,CTCF,MULE-MuDR,0.0605368636825294,0.0036434178772523185,0.019720693608674913,0.10115158705938952
1343,C4-2B,CTCF,PiggyBac,0.001839587985884479,0.9330973009257015,-0.04109170171664605,0.04476409766321193
1344,C4-2B,CTCF,5S-Deu-L2,0.07441324604134433,0.001231891647072519,0.02927695375256285,0.11924669376828062
1345,C4-2B,CTCF,Helitron,0.031181297956551658,0.2007863033969661,-0.0166084650297015,0.0788289188385447
1346,C4-2B,CTCF,hAT-Tag1,0.07765928928058836,0.0014354590430173935,0.02990253191650241,0.12506230082459605
1347,C4-2B,CTCF,tRNA,0.07894417009676989,0.002185409209948933,0.02843316711212095,0.12905304373902213
1348,C4-2B,CTCF,Penelope,0.025206429487848417,0.5199102242761353,-0.051571682017358345,0.10168832165992052
1349,C4-2B,CTCF,TcMar-Tc1,0.14114547043709919,0.00030006067481923125,0.06468614521141362,0.2159572525749038
1350,C4-2B,CTCF,Dong-R4,0.08721174745420583,0.07148097347062479,-0.007818794687017253,0.18068110849037203
1351,C4-2B,CTCF,tRNA-Deu,-0.00865198229924034,0.860008150190487,-0.10448214315870334,0.08733736401420253
1352,C4-2B,CTCF,Kolobok,-0.012320439354915854,0.817317452607541,-0.11641001814319879,0.09203684174763559
1353,C4-2B,CTCF,PIF-Harbinger,-0.030682955799415802,0.5678078056579416,-0.13525180847972018,0.07456188553578713
1354,C4-2B,CTCF,Crypton,0.02849627257778026,0.6331081157904901,-0.08841853702172979,0.14463657873564734
1355,C4-2B,CTCF,Merlin,-0.011796672353672249,0.8647391637409434,-0.1466362276121625,0.12347327927537784
1356,C4-2B,CTCF,TcMar,-0.05620854226176216,0.4268786711612841,-0.1928693830717918,0.08259144297991468
1357,C4-2B,CTCF,L1-Tx1,0.31188357371906283,0.00020723077488654507,0.14814863543533427,0.45897675489060363
1358,C4-2B,CTCF,Crypton-A,-0.11050099483901307,0.2107253237795967,-0.2778981350759985,0.06340951351478595
1359,C4-2B,CTCF,I-Jockey,0.31342785654712263,0.0009047281877224587,0.12863770972008293,0.4771827269755805
1360,C4-2B,CTCF,hAT-Tip100?,0.22220279720279723,0.07523825163636676,-0.02599145544595859,0.44459356612283724
1361,C4-2B,CTCF,TcMar-Pogo,0.15249266862170086,0.40473337821073363,-0.2092381276087292,0.47751273763655516
1362,C4-2B,CTCF,hAT?,0.2690508021390375,0.13001069239704463,-0.08818715582633581,0.5649658526438347
1363,C4-2B,CTCF,hAT-hAT19,0.15294117647058825,0.5717446192454616,-0.3736124896571969,0.604949167049358
1364,C4-2B,H3K27ac,Alu,0.09684771244491978,0.0,0.094993004572468,0.09870174795158673
1365,C4-2B,H3K27ac,L1,0.18079949566682732,0.0,0.17816195540960592,0.18343443797249684
1366,C4-2B,H3K27ac,MIR,-0.059852379294285066,0.0,-0.06261954983652866,-0.05708428854355386
1367,C4-2B,H3K27ac,L2,-0.11608241624242646,0.0,-0.11933106975114123,-0.11283127715604342
1368,C4-2B,H3K27ac,ERVL-MaLR,-0.06628218256499721,5.175679622075688e-239,-0.07020753177353124,-0.062354780669888754
1369,C4-2B,H3K27ac,hAT-Charlie,-0.044897695416269645,1.7231304554985987e-96,-0.04911432412244882,-0.04067946631981118
1370,C4-2B,H3K27ac,ERV1,-0.17288245429767335,0.0,-0.17877671589444338,-0.16697578385650302
1371,C4-2B,H3K27ac,ERVL,-0.07913288604811913,2.781673923238575e-141,-0.08523960101400611,-0.07302022606664417
1372,C4-2B,H3K27ac,TcMar-Tigger,0.07592961135485608,7.188028181825734e-123,0.06963196110091967,0.08222120970818535
1373,C4-2B,H3K27ac,hAT-Tip100,-0.04495479714939939,6.0455594943857895e-25,-0.053484845586218466,-0.03641818844613489
1374,C4-2B,H3K27ac,CR1,-0.05748340775423508,5.803411520785646e-34,-0.06673649360419635,-0.048220435305729364
1375,C4-2B,H3K27ac,Gypsy,-0.10168723279865806,3.993069335199713e-37,-0.11723516538554414,-0.08608946392620023
1376,C4-2B,H3K27ac,hAT-Blackjack,-0.08682916010455982,2.6608554767412914e-25,-0.10311695861415592,-0.07049480871419343
1377,C4-2B,H3K27ac,TcMar-Mariner,0.005315314526050018,0.542488339720538,-0.011789571854042955,0.02241709110473203
1378,C4-2B,H3K27ac,RTE-X,-0.11105348827206397,3.0126644348817156e-27,-0.1310122242811844,-0.09100476701563306
1379,C4-2B,H3K27ac,ERVK,-0.011506809373696797,0.328740093629059,-0.0345878654744549,0.011586515031779975
1380,C4-2B,H3K27ac,TcMar-Tc2,-0.03671430096420244,0.003783050143607066,-0.06152090583070491,-0.011862366842857878
1381,C4-2B,H3K27ac,SVA,0.08376077854533555,4.660117013472e-09,0.055779155010106975,0.11161093140785305
1382,C4-2B,H3K27ac,RTE-BovB,-0.14415424091691328,1.012165067282972e-22,-0.17252412960245464,-0.11554538660256143
1383,C4-2B,H3K27ac,tRNA-RTE,-0.07552911782361653,3.299693668762293e-06,-0.10717999627437855,-0.04372530894572636
1384,C4-2B,H3K27ac,hAT-Ac,-0.05186678530739925,0.004370429571207483,-0.08740849244451918,-0.01619319958702755
1385,C4-2B,H3K27ac,hAT,-0.026322258575379662,0.18025998491633194,-0.06475645510387862,0.012189915577521412
1386,C4-2B,H3K27ac,MULE-MuDR,0.05150969411920815,0.013528697459920769,0.010615226673623234,0.09223214461200184
1387,C4-2B,H3K27ac,PiggyBac,0.05699404086533871,0.011381686943821002,0.012838303440974612,0.10092792838575751
1388,C4-2B,H3K27ac,5S-Deu-L2,-0.06737784764603237,0.003729820169746984,-0.112644588722687,-0.021832012171515605
1389,C4-2B,H3K27ac,Helitron,-0.07664280302815302,0.0018424219736949703,-0.12452417572823704,-0.028405297978683464
1390,C4-2B,H3K27ac,hAT-Tag1,-0.024080591623088246,0.323783397033078,-0.07181505399706932,0.023763926638175347
1391,C4-2B,H3K27ac,tRNA,-0.15672357523181213,1.4542593851140417e-09,-0.206431651828458,-0.10620861340108997
1392,C4-2B,H3K27ac,Penelope,0.012955051130556016,0.7422284063780001,-0.06419247443115454,0.08994864833521399
1393,C4-2B,H3K27ac,TcMar-Tc1,0.008691091151801186,0.8303771515706406,-0.07074430136170992,0.0880169453872345
1394,C4-2B,H3K27ac,Dong-R4,-0.06407895654686475,0.18578251177985436,-0.15800177332616985,0.030992954592378608
1395,C4-2B,H3K27ac,tRNA-Deu,-0.08393255902733834,0.09042847544459323,-0.1797199286136591,0.0134314686698836
1396,C4-2B,H3K27ac,Kolobok,0.10005954955099161,0.06656039255225728,-0.007116933874064806,0.2049632965387031
1397,C4-2B,H3K27ac,PIF-Harbinger,0.016944463371108973,0.7562656006684956,-0.0899024801590199,0.12340580730295544
1398,C4-2B,H3K27ac,Crypton,0.06795149000661019,0.2731229826918955,-0.05381832156516206,0.18772990781187962
1399,C4-2B,H3K27ac,Merlin,-0.042648757963056845,0.561149628037464,-0.18469538024600712,0.10114325528615722
1400,C4-2B,H3K27ac,TcMar,-0.09253475403568913,0.2090451804251137,-0.23360082470062787,0.05234640037196694
1401,C4-2B,H3K27ac,L1-Tx1,-0.024644801924766913,0.7749850554489013,-0.19159324042815462,0.1436896729070295
1402,C4-2B,H3K27ac,Crypton-A,-0.011831152885813045,0.8975188340564139,-0.18993267955604645,0.16702422824790417
1403,C4-2B,H3K27ac,I-Jockey,-0.0055787230099156706,0.9540891246443076,-0.19347884176755828,0.18271616552457376
1404,C4-2B,H3K27ac,hAT-Tip100?,-0.19917582417582413,0.11459860406537573,-0.42624460250914914,0.05150448971345627
1405,C4-2B,H3K27ac,TcMar-Pogo,-0.1906403940886699,0.32188333132055724,-0.5232894362499096,0.19242641230255814
1406,C4-2B,H3K27ac,hAT?,0.07352941176470588,0.6842586450037624,-0.27721233746538165,0.40697847451248087
1407,C4-2B,H3K27ac,hAT-hAT19,0.045454545454545456,0.8944269969053026,-0.5702031807358849,0.6284169632982634
1408,RWPE2,CTCF,Alu,-0.09250913309422415,0.0,-0.09436071914090573,-0.09065690703990617
1409,RWPE2,CTCF,L1,0.02178349155194686,1.588872591230271e-56,0.019088987924817447,0.024477678754534934
1410,RWPE2,CTCF,MIR,-0.001997682971090877,0.15104901865419004,-0.004724561093432274,0.000729224860691713
1411,RWPE2,CTCF,L2,-0.008210916407180633,9.286284816199635e-07,-0.01149087090516987,-0.004930785220017799
1412,RWPE2,CTCF,ERVL-MaLR,-0.011408191086145719,1.2276721390293398e-08,-0.015333354286878072,-0.007482676278304715
1413,RWPE2,CTCF,hAT-Charlie,-0.033615387244268456,4.302314428286695e-56,-0.037787758018897034,-0.02944184441755664
1414,RWPE2,CTCF,ERV1,-0.006802408375982632,0.025911426763660362,-0.012787268743779553,-0.0008170606410926872
1415,RWPE2,CTCF,ERVL,0.014075489572913592,6.517219445553159e-06,0.007957152634797933,0.02019277267868042
1416,RWPE2,CTCF,TcMar-Tigger,1.667907948271413e-05,0.9958099176945574,-0.0062082041832450295,0.006241561049609699
1417,RWPE2,CTCF,hAT-Tip100,-0.03128068489553357,5.282989395323142e-13,-0.03976823096689163,-0.022788625187581027
1418,RWPE2,CTCF,CR1,0.007702019986243576,0.10253634271243196,-0.001544105426533113,0.016946828604212656
1419,RWPE2,CTCF,Gypsy,-0.00831956562137756,0.29745401390845233,-0.023966129390004455,0.007331072998371353
1420,RWPE2,CTCF,hAT-Blackjack,-0.0068331329540297905,0.40181431097858267,-0.02280431310557573,0.009141534093310078
1421,RWPE2,CTCF,TcMar-Mariner,-0.010880268879976738,0.18567588179404665,-0.02698814671297547,0.005233257671942231
1422,RWPE2,CTCF,RTE-X,0.0190905622261722,0.06367321335875768,-0.0010879800467558619,0.0392535644635138
1423,RWPE2,CTCF,ERVK,-0.04617002668078399,7.20592215884287e-05,-0.06891594731359389,-0.023376128394004696
1424,RWPE2,CTCF,TcMar-Tc2,0.004319318742193943,0.7270701142588765,-0.019934437622661318,0.028567994444062793
1425,RWPE2,CTCF,SVA,-0.12495955411605639,1.3470310966074484e-18,-0.15246370855893254,-0.09726199174451729
1426,RWPE2,CTCF,RTE-BovB,-0.019185720933444114,0.19345057997104215,-0.04807375623992873,0.009734383406459322
1427,RWPE2,CTCF,tRNA-RTE,-0.031435899929702124,0.05043973076827991,-0.06287693741111765,6.747359219976181e-05
1428,RWPE2,CTCF,hAT-Ac,-0.016256578111325193,0.3696931475354289,-0.05173843695477406,0.01926627169151605
1429,RWPE2,CTCF,hAT,-0.03307224484453734,0.08623366669272649,-0.0707727225330198,0.004722584209099534
1430,RWPE2,CTCF,MULE-MuDR,0.035864461019165454,0.0848917539662945,-0.004948104303416792,0.07655774571299323
1431,RWPE2,CTCF,PiggyBac,0.031143412645840245,0.15416722758000456,-0.011707987590122372,0.07388063317609626
1432,RWPE2,CTCF,5S-Deu-L2,0.00038471860416915127,0.9866822579515535,-0.044764519874764194,0.04553238867520472
1433,RWPE2,CTCF,Helitron,-0.014154867183081352,0.5604397697179511,-0.061742006729629206,0.03349648013591589
1434,RWPE2,CTCF,hAT-Tag1,-0.011300905020683554,0.6429640246501103,-0.05902401205460993,0.036473739693275414
1435,RWPE2,CTCF,tRNA,-0.04091923791395891,0.1124429118031595,-0.0912641214343358,0.009634282960342085
1436,RWPE2,CTCF,Penelope,-0.08103402898166767,0.03740834515376386,-0.15650606218040544,-0.004621165785144985
1437,RWPE2,CTCF,TcMar-Tc1,-0.009226559935272497,0.8140949551622996,-0.0859511743139338,0.0676068450930681
1438,RWPE2,CTCF,Dong-R4,0.11970373846474726,0.013207515462913324,0.024863141771168735,0.21240881575382956
1439,RWPE2,CTCF,tRNA-Deu,-0.05575322113103412,0.25539254611150636,-0.15093459643964655,0.040452400606981104
1440,RWPE2,CTCF,Kolobok,-0.07764974536877199,0.14541176511097703,-0.18072170178761962,0.027109262885937485
1441,RWPE2,CTCF,PIF-Harbinger,-0.03616449996177883,0.5006895843429878,-0.1406445197031318,0.06911213033138539
1442,RWPE2,CTCF,Crypton,0.06343970637550086,0.287523879632847,-0.05367139888923324,0.17882931051951345
1443,RWPE2,CTCF,Merlin,-0.07362323257948805,0.28593503262564035,-0.2065011016485107,0.06192112314477313
1444,RWPE2,CTCF,TcMar,0.03358218723993641,0.6343222687552905,-0.10465007117778721,0.17054144151095804
1445,RWPE2,CTCF,L1-Tx1,-0.02313031689028403,0.7884771124786824,-0.19013014148699744,0.1451704139861949
1446,RWPE2,CTCF,Crypton-A,-0.04016479095026144,0.648760339376807,-0.21030863409597136,0.13234059365586398
1447,RWPE2,CTCF,I-Jockey,-0.015383189695116302,0.8738555974546659,-0.202908603967534,0.1732306857661728
1448,RWPE2,CTCF,hAT-Tip100?,-0.01543040293040293,0.9036772376844827,-0.26026648928076657,0.2312701570408934
1449,RWPE2,CTCF,TcMar-Pogo,-0.32697947214076245,0.06775040613258768,-0.612554633157041,0.034102076970906545
1450,RWPE2,CTCF,hAT?,-0.2834224598930481,0.10430938886140047,-0.5719520893593039,0.06751718362102704
1451,RWPE2,CTCF,hAT-hAT19,0.07647058823529412,0.7783409809607029,-0.43639588116527667,0.5518312059137126
1452,RWPE2,H3K27ac,Alu,-0.07254174384728669,0.0,-0.07439975573049494,-0.070683228319582
1453,RWPE2,H3K27ac,L1,0.04560982656461193,2.322982234750448e-241,0.04291784926154966,0.04830114160735514
1454,RWPE2,H3K27ac,MIR,-0.026583472144417683,2.35891549528401e-81,-0.02930968528953483,-0.02385686351310477
1455,RWPE2,H3K27ac,L2,-0.052396181414764445,2.0282612069520038e-215,-0.05566929540658617,-0.049121941275575204
1456,RWPE2,H3K27ac,ERVL-MaLR,-0.0024609872339294756,0.2193678492713427,-0.006388134923055167,0.001466236366220229
1457,RWPE2,H3K27ac,hAT-Charlie,-0.03295434986170001,6.263820078512684e-54,-0.03712878474034015,-0.02877876489881373
1458,RWPE2,H3K27ac,ERV1,-0.03924420054146577,8.376309306798037e-38,-0.04522294641657443,-0.033262643418052754
1459,RWPE2,H3K27ac,ERVL,-0.03843085338025194,7.91215198111213e-35,-0.04454323004172665,-0.032315599475902096
1460,RWPE2,H3K27ac,TcMar-Tigger,-0.000669706860308221,0.833049332310662,-0.006896603127077731,0.005557241341662944
1461,RWPE2,H3K27ac,hAT-Tip100,-0.0388850407052596,2.9617576372100016e-19,-0.04737198459355503,-0.030392482983020257
1462,RWPE2,H3K27ac,CR1,-0.045147292958130934,1.0324174158365482e-21,-0.05437660926608677,-0.03591026318183991
1463,RWPE2,H3K27ac,Gypsy,-0.020212819581842862,0.011362625222177625,-0.03585398441913074,-0.004561754467297532
1464,RWPE2,H3K27ac,hAT-Blackjack,-0.04604417996601717,1.6218278538725487e-08,-0.06199216308374579,-0.030072690908222538
1465,RWPE2,H3K27ac,TcMar-Mariner,0.04778331238198813,6.425075815719845e-09,0.03165801655898294,0.06388374002029709
1466,RWPE2,H3K27ac,RTE-X,-0.06117550593518948,2.7205176868142883e-09,-0.0812702493724665,-0.04103104904081813
1467,RWPE2,H3K27ac,ERVK,-0.016861265179223258,0.1477918899529196,-0.039678734687229725,0.005973780043620951
1468,RWPE2,H3K27ac,TcMar-Tc2,-0.028457111554415614,0.021460932356469613,-0.052679065629955335,-0.004201692495934447
1469,RWPE2,H3K27ac,SVA,-0.09474322756145263,2.7854995410078925e-11,-0.12243036673060081,-0.0669087365775937
1470,RWPE2,H3K27ac,RTE-BovB,-0.010477499931021766,0.4776198864958894,-0.0393784091144982,0.01844092470960654
1471,RWPE2,H3K27ac,tRNA-RTE,-0.02698182748882309,0.09324923839117094,-0.05844153895858472,0.00453142240400675
1472,RWPE2,H3K27ac,hAT-Ac,-0.0664782981815719,0.00024053277869406375,-0.10178631688947633,-0.031003003793686614
1473,RWPE2,H3K27ac,hAT,-0.008337263182273593,0.6655227743964642,-0.046109021052942276,0.029458300978680386
1474,RWPE2,H3K27ac,MULE-MuDR,-0.03032375736649142,0.14529616814849758,-0.07104626490302897,0.010499665342238682
1475,RWPE2,H3K27ac,PiggyBac,0.07737075037383269,0.00039581877050517695,0.03457567415074494,0.11988261025113318
1476,RWPE2,H3K27ac,5S-Deu-L2,0.001424954474230283,0.9507409218772189,-0.04376232384519194,0.046606414330207485
1477,RWPE2,H3K27ac,Helitron,-0.020182090291282352,0.4064649846875634,-0.06774818904686485,0.027475546820887476
1478,RWPE2,H3K27ac,hAT-Tag1,-0.10544771653332445,1.441899141210944e-05,-0.15256315409565807,-0.05785405027834342
1479,RWPE2,H3K27ac,tRNA,-0.05369911582574401,0.03725183827921145,-0.10398239951752933,-0.003142017255904872
1480,RWPE2,H3K27ac,Penelope,-0.049387140989527914,0.20510278344970945,-0.12527780937037036,0.027078115969233364
1481,RWPE2,H3K27ac,TcMar-Tc1,-0.05713906094563835,0.14469779176487377,-0.13334139547869653,0.019734904833853532
1482,RWPE2,H3K27ac,Dong-R4,0.03989841460218904,0.41031538289806413,-0.05513447217769983,0.13421492840802832
1483,RWPE2,H3K27ac,tRNA-Deu,0.04379082782400783,0.3724048886545357,-0.05250596110953629,0.1392807236706679
1484,RWPE2,H3K27ac,Kolobok,0.017463829200223237,0.7433329766802377,-0.08693748260522705,0.12148571018701589
1485,RWPE2,H3K27ac,PIF-Harbinger,0.051354674534312146,0.3394802951538024,-0.054137588040804284,0.15571321798723842
1486,RWPE2,H3K27ac,Crypton,-0.028008645454222315,0.6389374123221114,-0.14415794765082054,0.08890191722925458
1487,RWPE2,H3K27ac,Merlin,-0.11371467315015497,0.09948890171522173,-0.24543215408506946,0.02212539947673942
1488,RWPE2,H3K27ac,TcMar,-0.12142709209902591,0.08516576362307982,-0.2556779878915877,0.017418382020447685
1489,RWPE2,H3K27ac,L1-Tx1,-0.05007834952234617,0.561141935777258,-0.21608100903706234,0.11873815690936736
1490,RWPE2,H3K27ac,Crypton-A,-0.10371900661458065,0.2384286851672717,-0.27086456943752674,0.06949769632081201
1491,RWPE2,H3K27ac,I-Jockey,0.00902604021870077,0.9257843183539708,-0.1793839884388087,0.19679737030971475
1492,RWPE2,H3K27ac,hAT-Tip100?,-0.09560439560439558,0.45236101962344655,-0.33408347058813104,0.15437889203110644
1493,RWPE2,H3K27ac,TcMar-Pogo,-0.09164222873900292,0.6178968206808655,-0.4273250938341703,0.26624638555027114
1494,RWPE2,H3K27ac,hAT?,0.020015278838808246,0.9105428625142848,-0.32035012481493585,0.3558037256414784
1495,RWPE2,H3K27ac,hAT-hAT19,-0.3764705882352941,0.1506481152876309,-0.7435929814089205,0.16506245786450227
1496,RWPE2,H3K36me3,Alu,-0.002382621107535699,0.01217110177780748,-0.004245223615534157,-0.0005200020672985289
1497,RWPE2,H3K36me3,L1,0.06611762505550584,0.0,0.06343091340792995,0.06880337832447682
1498,RWPE2,H3K36me3,MIR,-0.011929233223363877,9.682938389764992e-18,-0.014654733963271136,-0.009203555217562148
1499,RWPE2,H3K36me3,L2,0.013421167680887813,1.0570148534440917e-15,0.010141423104722113,0.01670062349485488
1500,RWPE2,H3K36me3,ERVL-MaLR,-0.0130765909757586,6.539816983763373e-11,-0.017000435653359156,-0.00915234351899225
1501,RWPE2,H3K36me3,hAT-Charlie,-0.037202102387295356,2.3183868731190558e-68,-0.04137164610261339,-0.03303126295258016
1502,RWPE2,H3K36me3,ERV1,0.05984227733256808,1.0163205540137628e-85,0.0538733160024882,0.06580696222227277
1503,RWPE2,H3K36me3,ERVL,-0.03747868887350096,3.079660530510844e-33,-0.043588306792897186,-0.03136626776649603
1504,RWPE2,H3K36me3,TcMar-Tigger,-0.045791258341872816,3.377508754154773e-47,-0.05200275550332095,-0.03957621823549212
1505,RWPE2,H3K36me3,hAT-Tip100,-0.024743891058954283,1.1280661097930336e-08,-0.03323232979194469,-0.016251882868623328
1506,RWPE2,H3K36me3,CR1,-0.007997038368223594,0.08997289727507805,-0.01724004158248863,0.0012473315591839387
1507,RWPE2,H3K36me3,Gypsy,0.04885941418952255,9.132832374774022e-10,0.033229575758810984,0.06446536016149869
1508,RWPE2,H3K36me3,hAT-Blackjack,0.005697523667264219,0.48423056061694547,-0.010266423275547061,0.021658567043520368
1509,RWPE2,H3K36me3,TcMar-Mariner,0.07119440687966853,3.93947170835791e-18,0.055143096714785636,0.08720892895602665
1510,RWPE2,H3K36me3,RTE-X,0.0050203270802275934,0.6257906293425389,-0.0151565516459981,0.025193118916486144
1511,RWPE2,H3K36me3,ERVK,-0.050170460988465566,1.5988867926789253e-05,-0.0729030969876693,-0.027385721539149643
1512,RWPE2,H3K36me3,TcMar-Tc2,-0.06317315554341464,3.1978647906344655e-07,-0.08730760353001593,-0.038964592641587685
1513,RWPE2,H3K36me3,SVA,0.14777480343026772,2.010686904584074e-25,0.12017793986823921,0.1751434581300203
1514,RWPE2,H3K36me3,RTE-BovB,0.06505230013919579,1.016569854258328e-05,0.03617781559262205,0.0938182602554565
1515,RWPE2,H3K36me3,tRNA-RTE,-0.012432475893495203,0.4388745689997343,-0.04388767984908648,0.019047353254141915
1516,RWPE2,H3K36me3,hAT-Ac,-0.08858404086401005,9.670140416413221e-07,-0.12376710553294044,-0.05317853698868936
1517,RWPE2,H3K36me3,hAT,-0.03782805784425617,0.04957946594598709,-0.07549125917346121,-5.707570244711893e-05
1518,RWPE2,H3K36me3,MULE-MuDR,-0.00016901554080778498,0.9935249294408025,-0.040969794448794845,0.040632326096501255
1519,RWPE2,H3K36me3,PiggyBac,0.030462762158962934,0.16327515999052075,-0.012378497651033488,0.07319238865715387
1520,RWPE2,H3K36me3,5S-Deu-L2,0.037203279393071616,0.10646280175917917,-0.00798618801224123,0.08224110206033118
1521,RWPE2,H3K36me3,Helitron,0.011245309173722401,0.643617620480797,-0.036388005042548056,0.05882764186198596
1522,RWPE2,H3K36me3,hAT-Tag1,-0.03326135423350357,0.17234690488489343,-0.08089944676316406,0.01452835232355526
1523,RWPE2,H3K36me3,tRNA,-0.024318971092860638,0.34578642562236506,-0.07476382276786517,0.02625002674811027
1524,RWPE2,H3K36me3,Penelope,-0.018907690907129536,0.6275071585758855,-0.09503644305940963,0.05744093516322231
1525,RWPE2,H3K36me3,TcMar-Tc1,-0.03402521367845808,0.385360824651786,-0.11048384414335466,0.04283378090772189
1526,RWPE2,H3K36me3,Dong-R4,0.0676253615443905,0.16254833800228427,-0.02744522449376821,0.16148354024652906
1527,RWPE2,H3K36me3,tRNA-Deu,0.043708222443426266,0.3727324352016458,-0.05247246143232533,0.139085461194792
1528,RWPE2,H3K36me3,Kolobok,-0.17632175838190317,0.0008480429444142562,-0.2761035350114656,-0.07277970162235095
1529,RWPE2,H3K36me3,PIF-Harbinger,-0.07812375501668634,0.1452646618223346,-0.18176969497137224,0.027238950826763243
1530,RWPE2,H3K36me3,Crypton,0.08087886185405845,0.1748464043721514,-0.036249842441210094,0.19581558210660044
1531,RWPE2,H3K36me3,Merlin,-0.05901344918818414,0.3925987384221107,-0.19234741148121115,0.07645990712897295
1532,RWPE2,H3K36me3,TcMar,-0.14295310221418808,0.04188583819757645,-0.2758970711471284,-0.004642335764343051
1533,RWPE2,H3K36me3,L1-Tx1,-0.03759843278210818,0.6626913410023862,-0.204084692826641,0.13100155992535387
1534,RWPE2,H3K36me3,Crypton-A,-0.08121839605432653,0.35642300218862044,-0.24953898297421512,0.09186599422386103
1535,RWPE2,H3K36me3,I-Jockey,0.01042535446205171,0.9143193714031687,-0.1780304889504558,0.19814349092794314
1536,RWPE2,H3K36me3,hAT-Tip100?,-0.02564102564102564,0.8406060599159646,-0.26978836865654415,0.22160395420505938
1537,RWPE2,H3K36me3,TcMar-Pogo,-0.15579178885630496,0.39452229626013813,-0.4801881605020207,0.20609247954200297
1538,RWPE2,H3K36me3,hAT?,0.08663101604278074,0.6261418007721584,-0.25974138245219847,0.413253535149997
1539,RWPE2,H3K36me3,hAT-hAT19,-0.31764705882352945,0.23057346362184541,-0.7094956646236521,0.22423578478369657
1540,22Rv1,CTCF,Alu,-0.06223072145573013,0.0,-0.06408648561603765,-0.0603745269013813
1541,22Rv1,CTCF,L1,0.023677217114071843,1.8197709243795697e-66,0.020983182070166043,0.026370908318894933
1542,22Rv1,CTCF,MIR,-0.03299954478112078,1.2811456768932867e-124,-0.035721831591544406,-0.030276768240351977
1543,22Rv1,CTCF,L2,-0.08587920219782037,0.0,-0.08914005418346621,-0.0826165092698634
1544,22Rv1,CTCF,ERVL-MaLR,-0.018134093784153447,1.2971474212070166e-19,-0.0220558632131725,-0.014211766277519704
1545,22Rv1,CTCF,hAT-Charlie,-0.02932210079126996,3.633388275206149e-43,-0.033492024764320234,-0.025151155969895832
1546,22Rv1,CTCF,ERV1,-0.09582652881850401,1.8849349780627786e-217,-0.10176258270198403,-0.08988365128417032
1547,22Rv1,CTCF,ERVL,-0.007744687068687802,0.013052956167812881,-0.013859117980001563,-0.0016296769779295132
1548,22Rv1,CTCF,TcMar-Tigger,0.008955190134658592,0.004783734643716262,0.002733848424215259,0.015175838643823183
1549,22Rv1,CTCF,hAT-Tip100,-0.032784599960834084,3.779801473098831e-14,-0.04126767923444428,-0.024296794446113976
1550,22Rv1,CTCF,CR1,-0.041242956863840885,2.1631323267728305e-18,-0.05047125294768684,-0.032007618821480725
1551,22Rv1,CTCF,Gypsy,-0.07479294307137692,6.428501973042399e-21,-0.09035336063561808,-0.05919601758462265
1552,22Rv1,CTCF,hAT-Blackjack,-0.03311532231667204,4.7192132731743976e-05,-0.04904766595415022,-0.017166130466031503
1553,22Rv1,CTCF,TcMar-Mariner,-0.023882988194340322,0.003606629772503641,-0.03995328758183746,-0.007800336499905342
1554,22Rv1,CTCF,RTE-X,-0.08415466405442135,2.6241719172787453e-16,-0.10418729219035677,-0.06405377880486549
1555,22Rv1,CTCF,ERVK,-0.014668551862591616,0.2071213125830154,-0.03744513397606891,0.008123262995262125
1556,22Rv1,CTCF,TcMar-Tc2,-0.027519247963087877,0.02606011625989534,-0.051727894467604646,-0.003278278130003845
1557,22Rv1,CTCF,SVA,-0.27195945585653264,1.8893973771689968e-84,-0.2980632528652258,-0.24544919396780102
1558,22Rv1,CTCF,RTE-BovB,-0.12575535624974293,1.1296708546202029e-17,-0.15420924139648556,-0.09709305459168349
1559,22Rv1,CTCF,tRNA-RTE,-0.032463285222259546,0.04309480798272895,-0.06386128339768743,-0.0010010816567679198
1560,22Rv1,CTCF,hAT-Ac,-0.008985781837142187,0.6200800115057129,-0.04448751305956339,0.026538616549845247
1561,22Rv1,CTCF,hAT,0.006451664756490282,0.7377941500915273,-0.031313927440767234,0.04419886190792207
1562,22Rv1,CTCF,MULE-MuDR,-0.016509156241698797,0.427822480516851,-0.05726558799367039,0.024302210690408707
1563,22Rv1,CTCF,PiggyBac,0.005847021891701419,0.7889616127329259,-0.036957365863094734,0.04862999362468383
1564,22Rv1,CTCF,5S-Deu-L2,-0.07175954041726627,0.0018187585918053011,-0.11657594485279495,-0.026651498879564375
1565,22Rv1,CTCF,Helitron,-0.03655697122700367,0.13246377030859005,-0.08403885624020653,0.011090547687121843
1566,22Rv1,CTCF,hAT-Tag1,-0.0059047253089397535,0.8086222170377813,-0.053643453352745514,0.04186093243035466
1567,22Rv1,CTCF,tRNA,-0.04878433920550917,0.05839253465792158,-0.09908252216202361,0.0017624954882278572
1568,22Rv1,CTCF,Penelope,-0.02865469378212438,0.4627361818233797,-0.10481558846479326,0.04784035583384276
1569,22Rv1,CTCF,TcMar-Tc1,-0.02856943433867232,0.46543357910136984,-0.10496295085392449,0.048159279606010436
1570,22Rv1,CTCF,Dong-R4,0.048388787189001956,0.317924284268632,-0.04666732433776693,0.1425764050161483
1571,22Rv1,CTCF,tRNA-Deu,-0.09017400494815721,0.0654978353031661,-0.18468212194032824,0.0059865426456123805
1572,22Rv1,CTCF,Kolobok,-0.01536236811254227,0.7730058392030204,-0.11926580362599624,0.08887391043712771
1573,22Rv1,CTCF,PIF-Harbinger,0.04486820686750284,0.40336812363789165,-0.06044919070192548,0.14919761848353502
1574,22Rv1,CTCF,Crypton,-0.02694153094007352,0.651771420368366,-0.1431103776863912,0.08995959379381095
1575,22Rv1,CTCF,Merlin,-0.04146911447776487,0.5481810727941547,-0.17529535997900028,0.09386179858019969
1576,22Rv1,CTCF,TcMar,0.12038303203308859,0.08711251118059597,-0.018119933320342622,0.25435283635604145
1577,22Rv1,CTCF,L1-Tx1,-0.13148950421880895,0.12562082981145,-0.29341658787963226,0.03777212999838909
1578,22Rv1,CTCF,Crypton-A,-0.07816760152640595,0.37483488098163265,-0.246637927670605,0.09488867453731939
1579,22Rv1,CTCF,I-Jockey,-0.11907144842924659,0.2175000324785778,-0.30105660848813826,0.07128198422044274
1580,22Rv1,CTCF,hAT-Tip100?,0.03493589743589743,0.7840366957239748,-0.21277305530452154,0.27842541556963807
1581,22Rv1,CTCF,TcMar-Pogo,0.05388563049853372,0.7695922440275013,-0.30069398859240715,0.3953776450251379
1582,22Rv1,CTCF,hAT?,-0.3485103132161956,0.04338730268992924,-0.6207956068925429,-0.001195689653112845
1583,22Rv1,CTCF,hAT-hAT19,0.06764705882352941,0.8034203137966691,-0.4434098601134071,0.5455111301042209
1584,22Rv1,H3K27ac,Alu,-0.035188794751813336,1.7481334288371576e-300,-0.03704898642706795,-0.03332835921417768
1585,22Rv1,H3K27ac,L1,0.047063020879536885,5.776902859983222e-257,0.044371835301948485,0.049753523411293445
1586,22Rv1,H3K27ac,MIR,-0.04200972863269807,1.0041267694155163e-200,-0.04473085531513959,-0.03928797858298089
1587,22Rv1,H3K27ac,L2,-0.08533403339027096,0.0,-0.08859524987848166,-0.08207098741581044
1588,22Rv1,H3K27ac,ERVL-MaLR,-0.003674433977910462,0.06643422743741496,-0.007597966898966002,0.0002492120772205761
1589,22Rv1,H3K27ac,hAT-Charlie,-0.03380440860964497,8.920227174409245e-57,-0.03797404885467554,-0.02963359124752344
1590,22Rv1,H3K27ac,ERV1,-0.08455673060905122,1.45838443997369e-169,-0.09050302083637342,-0.07860441163878178
1591,22Rv1,H3K27ac,ERVL,-0.022104363615751462,1.390665238028243e-12,-0.028216856870885838,-0.01599021735443546
1592,22Rv1,H3K27ac,TcMar-Tigger,0.0003598719481357757,0.9097465464845951,-0.005862263032122616,0.00658197906365652
1593,22Rv1,H3K27ac,hAT-Tip100,-0.030105656674703322,3.684656847580722e-12,-0.038591037927210796,-0.021615933952556943
1594,22Rv1,H3K27ac,CR1,-0.05783439108109863,1.2775688861368546e-34,-0.06705037031197812,-0.04860854408134466
1595,22Rv1,H3K27ac,Gypsy,-0.0542902439795889,1.0038985888974378e-11,-0.06988728795333857,-0.038666662712849756
1596,22Rv1,H3K27ac,hAT-Blackjack,-0.043622448232036946,8.304092406312244e-08,-0.059545103605663306,-0.027677600517417
1597,22Rv1,H3K27ac,TcMar-Mariner,0.02553009429650449,0.0018669270310359392,0.009443663602113852,0.04160331422024121
1598,22Rv1,H3K27ac,RTE-X,-0.07264569890628177,1.58736040113427e-12,-0.09270932510652195,-0.052523102674948835
1599,22Rv1,H3K27ac,ERVK,-0.007978681281554484,0.49287917194225306,-0.03077519385436953,0.014826127575256769
1600,22Rv1,H3K27ac,TcMar-Tc2,-0.049737342962490355,5.7519475447350675e-05,-0.07390728351014947,-0.025509005828948907
1601,22Rv1,H3K27ac,SVA,-0.19796349895026175,9.093997701114795e-45,-0.22489056366573146,-0.17073429905807722
1602,22Rv1,H3K27ac,RTE-BovB,-0.09069665475951469,7.257642526010311e-10,-0.11935133633987362,-0.06189100627885768
1603,22Rv1,H3K27ac,tRNA-RTE,-0.04045187240141045,0.011715423596413447,-0.07183227833465093,-0.008991464111994977
1604,22Rv1,H3K27ac,hAT-Ac,-0.06497739747602306,0.00033263612250271867,-0.10029834453577578,-0.029492881402544104
1605,22Rv1,H3K27ac,hAT,-0.007921927701086408,0.6809654032276337,-0.04565943164804933,0.02983815470140638
1606,22Rv1,H3K27ac,MULE-MuDR,-0.010387766853457995,0.6179283521014989,-0.051168240111243324,0.030427290125671667
1607,22Rv1,H3K27ac,PiggyBac,0.005721269453268262,0.7934447281704472,-0.03709314408159305,0.04851471755231778
1608,22Rv1,H3K27ac,5S-Deu-L2,-0.018673131564129083,0.41766913712082265,-0.06375980223800835,0.026489611504930285
1609,22Rv1,H3K27ac,Helitron,-0.01643507563184755,0.4989233387979555,-0.06400052922809263,0.03120488238458012
1610,22Rv1,H3K27ac,hAT-Tag1,-0.055512142040833976,0.02268072063202532,-0.10302897051159086,-0.007742524917581729
1611,22Rv1,H3K27ac,tRNA,-0.03160464963758071,0.220282880268581,-0.08199879752914131,0.01895069719697908
1612,22Rv1,H3K27ac,Penelope,-0.03077045535243107,0.4299976267408351,-0.10685425731071829,0.045671607924366
1613,22Rv1,H3K27ac,TcMar-Tc1,-0.05064490689724066,0.19548982768513082,-0.12680923410766584,0.026113105839208107
1614,22Rv1,H3K27ac,Dong-R4,0.010791889254463366,0.8238329123874796,-0.08408367400983595,0.10547354338665493
1615,22Rv1,H3K27ac,tRNA-Deu,-0.12113547460626767,0.013199642144026628,-0.2148937291072729,-0.025164790739003143
1616,22Rv1,H3K27ac,Kolobok,0.006934443251973937,0.8964116062764176,-0.097225036903413,0.11094366695282357
1617,22Rv1,H3K27ac,PIF-Harbinger,0.01377789336363023,0.797579411603518,-0.09133926233067863,0.11859139011495455
1618,22Rv1,H3K27ac,Crypton,-0.008276160023774145,0.8897561885858997,-0.12475526881642955,0.10842796968392539
1619,22Rv1,H3K27ac,Merlin,-0.011576364141480161,0.8669267045919665,-0.1461018944215383,0.1233695294123714
1620,22Rv1,H3K27ac,TcMar,0.09493459112593472,0.17788296359136083,-0.04365319015464925,0.22993765516728806
1621,22Rv1,H3K27ac,L1-Tx1,-0.15172853149780746,0.07673933287821187,-0.3123939066348161,0.01737581120707184
1622,22Rv1,H3K27ac,Crypton-A,0.10283819979549597,0.24246084565162956,-0.07037582469508116,0.27003210119499954
1623,22Rv1,H3K27ac,I-Jockey,-0.08023352793994996,0.40691005709718564,-0.2646304367974915,0.10982353572310284
1624,22Rv1,H3K27ac,hAT-Tip100?,0.18841575091575088,0.13595943207535893,-0.062389829850985054,0.4168381848865026
1625,22Rv1,H3K27ac,TcMar-Pogo,0.17705278592375365,0.3323450635428278,-0.18567978236172905,0.49731748562728517
1626,22Rv1,H3K27ac,hAT?,-0.06829640947288004,0.7011369873646454,-0.39763201622337707,0.2766283077533082
1627,22Rv1,H3K27ac,hAT-hAT19,0.22941176470588234,0.39272049088161975,-0.30691283867300784,0.6551510666048215
1628,RWPE1,CTCF,Alu,-0.04211254597941785,0.0,-0.04397435548506739,-0.04025044395677588
1629,RWPE1,CTCF,L1,0.11625249190133907,0.0,0.11357988981198006,0.1189234115616759
1630,RWPE1,CTCF,MIR,0.08085631638267259,0.0,0.07814336954211903,0.08356806570150521
1631,RWPE1,CTCF,L2,0.09737052787307397,0.0,0.09411170212491915,0.10062726702301063
1632,RWPE1,CTCF,ERVL-MaLR,0.06783253138864767,1.1293616653062307e-251,0.06391694768526157,0.07174602660275835
1633,RWPE1,CTCF,hAT-Charlie,0.05549428412612299,9.475118065383778e-150,0.05132661924895308,0.0596600161366539
1634,RWPE1,CTCF,ERV1,0.14307650696981275,0.0,0.13715988283313,0.1489829222068953
1635,RWPE1,CTCF,ERVL,0.08238813048997788,7.38830485566543e-154,0.07629477153705935,0.08847533587045293
1636,RWPE1,CTCF,TcMar-Tigger,0.07242101225099856,2.5860690014297514e-115,0.0662159225492643,0.07862050073710868
1637,RWPE1,CTCF,hAT-Tip100,0.011950352518847157,0.005833556095435698,0.0034546796555997845,0.020444300417790252
1638,RWPE1,CTCF,CR1,0.06389747532788428,7.768517400187616e-42,0.05466956613772446,0.07311447053754049
1639,RWPE1,CTCF,Gypsy,0.07171067897005153,2.436482686931985e-19,0.056103209361079716,0.08728311037460772
1640,RWPE1,CTCF,hAT-Blackjack,0.0701701037887788,6.629586210003234e-18,0.054239959940322,0.08606453757939782
1641,RWPE1,CTCF,TcMar-Mariner,-0.014011212053636025,0.08822749136529295,-0.030112984704428997,0.0020978305968045734
1642,RWPE1,CTCF,RTE-X,0.11985253287397075,1.603918823463695e-31,0.09984093676610131,0.1397672084259558
1643,RWPE1,CTCF,ERVK,0.07840515890792461,2.0798856790220674e-11,0.0555029086345071,0.10122494934825092
1644,RWPE1,CTCF,TcMar-Tc2,0.061690675251987986,6.000045265163841e-07,0.03747960511797544,0.08582936296146076
1645,RWPE1,CTCF,SVA,0.34348500223606476,1.0939309662291307e-136,0.31790826691997814,0.3685621816476724
1646,RWPE1,CTCF,RTE-BovB,0.13381880609101307,8.266377539181872e-20,0.10518333918041874,0.16223254152902145
1647,RWPE1,CTCF,tRNA-RTE,0.04291337394820166,0.0075157355053492615,0.011443198361654854,0.07429862211970535
1648,RWPE1,CTCF,hAT-Ac,-0.0009176829624084515,0.9596561573969034,-0.03646090293250697,0.03462785581628172
1649,RWPE1,CTCF,hAT,-0.04945055621613918,0.010242715864142098,-0.08706851369075598,-0.011691774419884086
1650,RWPE1,CTCF,MULE-MuDR,0.09953154683773698,1.6683912627407331e-06,0.0588604828817915,0.13987273626320126
1651,RWPE1,CTCF,PiggyBac,0.1490253177603515,7.281034961025847e-12,0.10662710143052008,0.19088257777261874
1652,RWPE1,CTCF,5S-Deu-L2,0.021245258828262812,0.3565865762119589,-0.023931245010962672,0.06633517020503973
1653,RWPE1,CTCF,Helitron,0.0007707069103060403,0.9747356965045139,-0.04689964509415253,0.048437556365007566
1654,RWPE1,CTCF,hAT-Tag1,0.050194772171252504,0.039496390017576245,0.002388651873544628,0.09777198153345469
1655,RWPE1,CTCF,tRNA,0.08059500711793598,0.0017532908414135385,0.03010668607628331,0.13067311727567163
1656,RWPE1,CTCF,Penelope,-0.06431690737295283,0.09952966706211316,-0.14019618503023545,0.012313438493088068
1657,RWPE1,CTCF,TcMar-Tc1,0.07531748708358396,0.05420728554875888,-0.001465515056939236,0.15121760450399743
1658,RWPE1,CTCF,Dong-R4,0.05123021208602907,0.29030452132215967,-0.043831374497020424,0.14537243575806094
1659,RWPE1,CTCF,tRNA-Deu,-0.013135091771485941,0.7888879439971073,-0.10891706155485315,0.08288853530878867
1660,RWPE1,CTCF,Kolobok,-0.07730206020320003,0.146652324216207,-0.18023725276723943,0.027307925005772
1661,RWPE1,CTCF,PIF-Harbinger,-0.02482736523483153,0.6439230254901769,-0.1294859717404189,0.08037831080376842
1662,RWPE1,CTCF,Crypton,-0.041738446288212085,0.4843355236775896,-0.1576188744598188,0.07527587633849234
1663,RWPE1,CTCF,Merlin,0.13111366744573955,0.05724456394814986,-0.00460899234828666,0.2620932024443537
1664,RWPE1,CTCF,TcMar,-0.0042196498832239625,0.9523549342387545,-0.14184766047023847,0.13356840217644
1665,RWPE1,CTCF,L1-Tx1,0.2378301560237164,0.005134129672087053,0.07066229388408055,0.39200388642679285
1666,RWPE1,CTCF,Crypton-A,0.05549349871390788,0.528988961561099,-0.1172785561086968,0.2250050521407789
1667,RWPE1,CTCF,I-Jockey,0.1032063756834399,0.28554821667980984,-0.08707851370693723,0.28622539264927865
1668,RWPE1,CTCF,hAT-Tip100?,0.2607600732600732,0.03742304086856799,0.011745351728676868,0.47932042407712067
1669,RWPE1,CTCF,TcMar-Pogo,0.14956011730205276,0.41393445598628653,-0.21202939912290703,0.4751306536323837
1670,RWPE1,CTCF,hAT?,0.008403361344537815,0.9623796880984457,-0.3307076368142075,0.34559246690941214
1671,RWPE1,CTCF,hAT-hAT19,-0.29411764705882354,0.268846554622893,-0.6953784990461322,0.24694786071247699
1672,RWPE1,H3K27ac,Alu,-0.2718056967657105,0.0,-0.27356254598444957,-0.2700470339633909
1673,RWPE1,H3K27ac,L1,0.17065990536440975,0.0,0.16801927735239972,0.1732980842592798
1674,RWPE1,H3K27ac,MIR,-0.05393875291684189,0.0,-0.05665887313177834,-0.05121783194573116
1675,RWPE1,H3K27ac,L2,-0.13511091883756018,0.0,-0.13834539038035634,-0.13187356515384668
1676,RWPE1,H3K27ac,ERVL-MaLR,0.02553603273408187,3.349920919894954e-37,0.021609741753422906,0.02946153604430816
1677,RWPE1,H3K27ac,hAT-Charlie,-0.042496502159776274,1.4681286951051828e-88,-0.04666676911397681,-0.038324753881241125
1678,RWPE1,H3K27ac,ERV1,-0.1688063856108635,0.0,-0.17467398438696244,-0.16292679787845832
1679,RWPE1,H3K27ac,ERVL,-0.09709978584715627,3.291135922052164e-213,-0.10317395431965756,-0.09101837545793189
1680,RWPE1,H3K27ac,TcMar-Tigger,0.0801592655298693,7.739282682732253e-141,0.07395785052241556,0.08635448141034814
1681,RWPE1,H3K27ac,hAT-Tip100,-0.10588049482313026,1.6398583503590593e-132,-0.11429665309754847,-0.09744913970256654
1682,RWPE1,H3K27ac,CR1,-0.05120698547228121,1.868833595300993e-27,-0.06043532322947129,-0.04196989468982571
1683,RWPE1,H3K27ac,Gypsy,-0.12285387554302611,8.281644494413454e-54,-0.1382953311199075,-0.10735270593775832
1684,RWPE1,H3K27ac,hAT-Blackjack,-0.08502979460821392,1.5810361984800865e-25,-0.10090800434506837,-0.06910827983295596
1685,RWPE1,H3K27ac,TcMar-Mariner,0.02912934404153782,0.00041419154991653446,0.012960217159280151,0.04528324115727003
1686,RWPE1,H3K27ac,RTE-X,-0.11560747895096792,1.9910931980052537e-29,-0.13554018032917386,-0.09558123158076381
1687,RWPE1,H3K27ac,ERVK,-0.12598357895019205,3.697593359750647e-27,-0.14860834168571388,-0.10322699558555062
1688,RWPE1,H3K27ac,TcMar-Tc2,0.00922076402070504,0.45655477608398365,-0.015053261872797968,0.033483927582362544
1689,RWPE1,H3K27ac,SVA,-0.28204391272978174,6.760956218723851e-91,-0.30802530072740736,-0.25564214546327796
1690,RWPE1,H3K27ac,RTE-BovB,-0.12653754358793062,7.56069159279687e-18,-0.15501115407284147,-0.09785387632573021
1691,RWPE1,H3K27ac,tRNA-RTE,-0.09629937448409431,1.8763085550817784e-09,-0.12746420774118095,-0.06494457845420404
1692,RWPE1,H3K27ac,hAT-Ac,-0.06075456326896692,0.0008021681559864448,-0.09612395242522828,-0.025231942824956805
1693,RWPE1,H3K27ac,hAT,-0.02679917357885438,0.16443062317107385,-0.06451222617227995,0.010990319982262613
1694,RWPE1,H3K27ac,MULE-MuDR,0.03168133069715141,0.12827975354587182,-0.009159501221687372,0.07241664252457065
1695,RWPE1,H3K27ac,PiggyBac,0.23735799146029135,3.4128884031606105e-28,0.19593403618112173,0.27793634904201475
1696,RWPE1,H3K27ac,5S-Deu-L2,-0.04942206990643698,0.031902874685944306,-0.09438731483986962,-0.004255588718015364
1697,RWPE1,H3K27ac,Helitron,-0.061317077505553874,0.011769317080390631,-0.10876836876557408,-0.013586989536075332
1698,RWPE1,H3K27ac,hAT-Tag1,-0.09348821177738034,0.00012260357102132126,-0.1407440748515416,-0.0458073386668757
1699,RWPE1,H3K27ac,tRNA,-0.14001378621608299,4.8717483856990836e-08,-0.1894265666308187,-0.0898936288238041
1700,RWPE1,H3K27ac,Penelope,-0.016608239671006334,0.6708940850321123,-0.09298630880652739,0.059964148019947455
1701,RWPE1,H3K27ac,TcMar-Tc1,-0.1035526287820132,0.00809162378300876,-0.17905584584446926,-0.02683679445970644
1702,RWPE1,H3K27ac,Dong-R4,-0.04265053079564669,0.37876118285632643,-0.13692637062284937,0.05239100973071219
1703,RWPE1,H3K27ac,tRNA-Deu,-0.06666548913505535,0.17369976903825982,-0.1616516487431181,0.02954457154305472
1704,RWPE1,H3K27ac,Kolobok,0.07749154924215228,0.14566183701581942,-0.02711820062986762,0.18042242571560266
1705,RWPE1,H3K27ac,PIF-Harbinger,0.14204616791251082,0.007869690881666001,0.03709774121495754,0.2438954222892159
1706,RWPE1,H3K27ac,Crypton,0.05119078834779945,0.39094022223777447,-0.06587584614482149,0.1668673426595724
1707,RWPE1,H3K27ac,Merlin,-0.030129129004092554,0.6642121178764648,-0.1648771904653887,0.10572301107441993
1708,RWPE1,H3K27ac,TcMar,0.1750297573948202,0.0125001244159351,0.03718577156971338,0.3063374327446014
1709,RWPE1,H3K27ac,L1-Tx1,-0.06605161618033589,0.44315966576694,-0.23138053178688525,0.10298532550817328
1710,RWPE1,H3K27ac,Crypton-A,0.00756426219783632,0.9316664303523803,-0.16417665401841494,0.17886009440439402
1711,RWPE1,H3K27ac,I-Jockey,-0.2394124733574275,0.012165761574154058,-0.41134404805865854,-0.05102924393804399
1712,RWPE1,H3K27ac,hAT-Tip100?,-0.1084353146853147,0.3898939477211838,-0.3439006134095199,0.13986017970819808
1713,RWPE1,H3K27ac,TcMar-Pogo,-0.035557184750733134,0.8468022852892464,-0.37964378017636996,0.31717143019342464
1714,RWPE1,H3K27ac,hAT?,-0.4829640947288006,0.0038138343791979945,-0.7157249685545305,-0.15363520450804694
1715,RWPE1,H3K27ac,hAT-hAT19,-0.29411764705882354,0.268846554622893,-0.6953784990461322,0.24694786071247699
