,cell_line,modification,family_name,r,p_value,ci_low,ci_high
0,Caco-2,H3K4me1,Alu,0.0012997839302566908,0.17261977564584297,-0.0005681348161017918,0.003167693606438528
1,Caco-2,H3K4me1,L1,-0.0024116634014066233,0.08025140161739876,-0.0051138361602442615,0.00029054457676164756
2,Caco-2,H3K4me1,MIR,-0.0012556881367870529,0.3668743901361742,-0.00398312848167938,0.001471770890217097
3,Caco-2,H3K4me1,L2,-0.001435938719036841,0.391247354381561,-0.004718541318475881,0.0018466948266151401
4,Caco-2,H3K4me1,ERVL-MaLR,-0.0017182179202949244,0.39198060862107165,-0.005652191520855591,0.002215808863932395
5,Caco-2,H3K4me1,hAT-Charlie,0.0004638563279165828,0.8278557793885384,-0.0037170080609262943,0.004644704500747645
6,Caco-2,H3K4me1,ERV1,-7.301104210832064e-05,0.9810415709109337,-0.0060948489711255115,0.005948832182044062
7,Caco-2,H3K4me1,ERVL,0.0025846285423168553,0.40846623630581613,-0.0035438704711805704,0.008712933411124765
8,Caco-2,H3K4me1,TcMar-Tigger,0.0012183792529678016,0.7016201068124415,-0.005014344476811252,0.00745100832366378
9,Caco-2,H3K4me1,hAT-Tip100,-0.006545864668790647,0.13123407798079004,-0.015045711623691086,0.00195492827529468
10,Caco-2,H3K4me1,CR1,0.0002106934176100075,0.9644066153053767,-0.009043031243118275,0.009464381994524283
11,Caco-2,H3K4me1,Gypsy,0.0008297777242541565,0.9172831724347916,-0.014828818013045635,0.016487966562757916
12,Caco-2,H3K4me1,hAT-Blackjack,-0.0251800431204226,0.002028020915852894,-0.04115914678944463,-0.009188062395463867
13,Caco-2,H3K4me1,TcMar-Mariner,0.010307627248403712,0.21003085155590018,-0.0058102554729159185,0.026420155622489474
14,Caco-2,H3K4me1,RTE-X,-0.013791956102197375,0.180668120838362,-0.03397472317040646,0.006402055508504541
15,Caco-2,H3K4me1,ERVK,0.005266419372485167,0.6547983196422109,-0.01781898258771327,0.028346209214973248
16,Caco-2,H3K4me1,TcMar-Tc2,0.018284507824489146,0.13990701466339125,-0.005995907508502334,0.04254337624044203
17,Caco-2,H3K4me1,SVA,0.005856064556923275,0.6824578017139132,-0.0221972651155821,0.033900179620658534
18,Caco-2,H3K4me1,RTE-BovB,-0.004281725443758707,0.7719558350624018,-0.03322760639832436,0.02467133242879483
19,Caco-2,H3K4me1,tRNA-RTE,-0.017330909768912175,0.2807779592166755,-0.04879404520676448,0.014166586198625418
20,Caco-2,H3K4me1,hAT-Ac,-0.037921360978994276,0.036706808129869,-0.0734145747188406,-0.0023322067605766857
21,Caco-2,H3K4me1,hAT,0.03805555804903728,0.048390369578238494,0.0002566343885869455,0.07574589243624147
22,Caco-2,H3K4me1,MULE-MuDR,0.01179924371122973,0.5714256900883854,-0.029061519599569853,0.05262063942019769
23,Caco-2,H3K4me1,PiggyBac,-0.013309272444563114,0.5434968451646027,-0.05619678489413573,0.029627265176854215
24,Caco-2,H3K4me1,5S-Deu-L2,-0.024606101876120577,0.285882160187975,-0.06970787171112923,0.020596057532113993
25,Caco-2,H3K4me1,Helitron,-0.007033996567401011,0.7731410398249993,-0.05481217581979196,0.0407763196490785
26,Caco-2,H3K4me1,hAT-Tag1,0.007081344777432632,0.7716561868859985,-0.04072905569810064,0.054859391974882106
27,Caco-2,H3K4me1,tRNA,0.02177390882628163,0.3987691791304855,-0.028809862378452455,0.07224644574187643
28,Caco-2,H3K4me1,Penelope,-0.05146200262264261,0.18803009898620718,-0.1275589043296705,0.02523721770064124
29,Caco-2,H3K4me1,TcMar-Tc1,-0.0449531817576307,0.25133757766837633,-0.12129823382663671,0.0319205931132387
30,Caco-2,H3K4me1,Dong-R4,-0.08623042311327074,0.07474070734446697,-0.17972054880630178,0.008803449219673607
31,Caco-2,H3K4me1,tRNA-Deu,-0.019919727940908755,0.6846834283069365,-0.11562333531010177,0.0761503187481475
32,Caco-2,H3K4me1,Kolobok,-0.0887928594689417,0.09531273618361914,-0.1914563125155149,0.015792500822064386
33,Caco-2,H3K4me1,PIF-Harbinger,-0.024538290883228096,0.6477879880790391,-0.12920119069322455,0.08066531253064033
34,Caco-2,H3K4me1,Crypton,-0.0032860561806323284,0.9561101798850067,-0.11983797123869538,0.1133552061488874
35,Caco-2,H3K4me1,Merlin,0.04584088895720957,0.5077981517068015,-0.08985438622486129,0.17986528440846677
36,Caco-2,H3K4me1,TcMar,-0.10183376964944413,0.15029769335635357,-0.23723031260565444,0.037443718565654774
37,Caco-2,H3K4me1,L1-Tx1,0.08051039780384274,0.3496672323128225,-0.08867072491397585,0.24517647394672729
38,Caco-2,H3K4me1,Crypton-A,0.0521437636898131,0.5541885853065232,-0.12057512316040059,0.22179842699424024
39,Caco-2,H3K4me1,I-Jockey,0.08540450375312762,0.37724480216934875,-0.1047169851685294,0.26950354782463803
40,Caco-2,H3K4me1,hAT-Tip100?,0.17733516483516482,0.16095739253663668,-0.07354987757227774,0.40711059897534085
41,Caco-2,H3K4me1,TcMar-Pogo,-0.009530791788856303,0.9587116861177689,-0.35704541761326103,0.3403013956124676
42,Caco-2,H3K4me1,hAT?,0.1463903743315508,0.4162660637821015,-0.20916798227174377,0.4677611797556065
43,Caco-2,H3K4me1,hAT-hAT19,0.5852941176470587,0.017225286616094855,0.08198153253828254,0.8507301089817549
44,Caco-2,H3K9me3,Alu,-0.0007269522391968404,0.445424194607146,-0.0025941525361560225,0.0011402531267250748
45,Caco-2,H3K9me3,L1,0.0026505042262050314,0.054484477783766964,-5.100219586242374e-05,0.00535197196106908
46,Caco-2,H3K9me3,MIR,0.0021780562185862978,0.11751948269515651,-0.0005492157077915773,0.004905295744378115
47,Caco-2,H3K9me3,L2,-0.0009283618452174204,0.5793516242721699,-0.004210770311958266,0.0023540666263848916
48,Caco-2,H3K9me3,ERVL-MaLR,0.004392835719088841,0.028594062221280914,0.000459679286075397,0.008325856242303052
49,Caco-2,H3K9me3,hAT-Charlie,0.0029214762510315316,0.17077465955505175,-0.0012589485007799231,0.007101798893313371
50,Caco-2,H3K9me3,ERV1,-0.0016610372954174173,0.5887096067543895,-0.007681867501039789,0.004359913339466679
51,Caco-2,H3K9me3,ERVL,-0.0029732848813436895,0.3415665282191498,-0.00910039722246464,0.0031540507130675046
52,Caco-2,H3K9me3,TcMar-Tigger,-0.0021381926413767747,0.5013061653491273,-0.008370267406842682,0.004094048218759099
53,Caco-2,H3K9me3,hAT-Tip100,-0.010680856698159293,0.013784745590092079,-0.01917947122923571,-0.0021806988301308044
54,Caco-2,H3K9me3,CR1,0.0021334538546614974,0.6513609183136952,-0.007120197897530675,0.0113867402440078
55,Caco-2,H3K9me3,Gypsy,-0.006927012677363298,0.38595255031293585,-0.022583650926566966,0.008733022513345533
56,Caco-2,H3K9me3,hAT-Blackjack,-0.0015453080062707513,0.8498018256850155,-0.017537498719147327,0.014447673173114253
57,Caco-2,H3K9me3,TcMar-Mariner,-0.009970026947154344,0.22538151215270444,-0.026083815125671435,0.006148940928652579
58,Caco-2,H3K9me3,RTE-X,-0.004210645043308252,0.682739808021749,-0.02439778673302648,0.01597992914074006
59,Caco-2,H3K9me3,ERVK,-0.009040647215378237,0.4426026499927169,-0.032109495544209395,0.014037828270278776
60,Caco-2,H3K9me3,TcMar-Tc2,0.009093792450356856,0.462812974141823,-0.015182062646920605,0.03335893313667192
61,Caco-2,H3K9me3,SVA,-0.004187799317283813,0.7696727068319984,-0.03221063367154886,0.023841613880240243
62,Caco-2,H3K9me3,RTE-BovB,-0.0018282505423509313,0.9014716502211684,-0.030763890482911786,0.027110451215660008
63,Caco-2,H3K9me3,tRNA-RTE,0.005062933976460568,0.752681086927166,-0.02642481903862304,0.03654065035308227
64,Caco-2,H3K9me3,hAT-Ac,0.0104591702586311,0.5646268040092124,-0.025130678163344577,0.04602253954656564
65,Caco-2,H3K9me3,hAT,0.017861414371554113,0.35425175037579304,-0.019933655532601686,0.055605507945208216
66,Caco-2,H3K9me3,MULE-MuDR,-0.005453131549485983,0.7936657947205317,-0.0462884614835877,0.035400393486393955
67,Caco-2,H3K9me3,PiggyBac,-0.012506941613763497,0.5680631327170207,-0.05539659697182651,0.030428783978543233
68,Caco-2,H3K9me3,5S-Deu-L2,0.017518049286465578,0.4472989403023897,-0.027667743407513278,0.06263239800133266
69,Caco-2,H3K9me3,Helitron,-0.0016601549061263838,0.9457408363896651,-0.04943807750816838,0.0461253482898215
70,Caco-2,H3K9me3,hAT-Tag1,-0.0006003356977355687,0.9803718001236712,-0.048394968241345294,0.0471970397302316
71,Caco-2,H3K9me3,tRNA,0.0351179418944478,0.17344675841507615,-0.015471163575077485,0.0855277116861038
72,Caco-2,H3K9me3,Penelope,-0.06900841172223125,0.07758713806264465,-0.14493978097604843,0.007731020042194062
73,Caco-2,H3K9me3,TcMar-Tc1,0.01735243674983695,0.6587904167871778,-0.059634911777935354,0.09413457419340254
74,Caco-2,H3K9me3,Dong-R4,-0.06290233159623879,0.19400766377353268,-0.15684620396826512,0.032169619443478854
75,Caco-2,H3K9me3,tRNA-Deu,0.04542366698969638,0.3542452639227113,-0.05076184868660608,0.14077426758214734
76,Caco-2,H3K9me3,Kolobok,-0.08172739344051497,0.12482762787746078,-0.18456034382735395,0.022875603176913287
77,Caco-2,H3K9me3,PIF-Harbinger,-0.06645816520371305,0.21554687174258252,-0.17036336309439137,0.038908677926551116
78,Caco-2,H3K9me3,Crypton,0.01201331100274672,0.8405359621191575,-0.10473508624798746,0.12843508992199482
79,Caco-2,H3K9me3,Merlin,-0.033992479613952215,0.6234419809321796,-0.1683265203444111,0.10158114591737719
80,Caco-2,H3K9me3,TcMar,0.06859567884357276,0.3332509214503141,-0.07063095122233691,0.205200722732906
81,Caco-2,H3K9me3,L1-Tx1,0.07529254181446875,0.3818765694613282,-0.09384264799872782,0.240203625877302
82,Caco-2,H3K9me3,Crypton-A,0.015277994643759734,0.8624951529994506,-0.15666789358579347,0.18632499609431197
83,Caco-2,H3K9me3,I-Jockey,0.04299879529237328,0.6570783805688862,-0.1463721991756901,0.2293296866496773
84,Caco-2,H3K9me3,hAT-Tip100?,-0.004807692307692307,0.9699239300712201,-0.25032251060970334,0.2412881025417764
85,Caco-2,H3K9me3,TcMar-Pogo,0.07954545454545453,0.6651882720046358,-0.27735797479133045,0.4171571909668169
86,Caco-2,H3K9me3,hAT?,0.028074866310160432,0.8767506981148385,-0.3183653990238873,0.3678994694923816
87,Caco-2,H3K9me3,hAT-hAT19,0.0588235294117647,0.8286807500332258,-0.4503782872629288,0.5391508970621227
88,SJCRH30,H3K27ac,Alu,0.001119541883008439,0.2395702352166071,-0.000746230120206548,0.0029853060917601495
89,SJCRH30,H3K27ac,L1,0.00012774470849851789,0.9261115360563604,-0.0025720551599252004,0.0028275427146817397
90,SJCRH30,H3K27ac,MIR,0.001986966887894582,0.15312573258427473,-0.0007390941373557454,0.004712998381422151
91,SJCRH30,H3K27ac,L2,0.00012927496459922485,0.9384523483953018,-0.0031521209526867086,0.0034106680979358135
92,SJCRH30,H3K27ac,ERVL-MaLR,0.0015430066621870565,0.44147406848357507,-0.002386075475738634,0.005472041159670899
93,SJCRH30,H3K27ac,hAT-Charlie,-0.0015612456780639001,0.463859331734333,-0.0057386096959415175,0.0026161728292872
94,SJCRH30,H3K27ac,ERV1,0.00038874819464636187,0.8990702673431498,-0.005618436696666424,0.006395905029141074
95,SJCRH30,H3K27ac,ERVL,-0.00037078588327550205,0.9055044358806565,-0.006492534129441858,0.005750990154017226
96,SJCRH30,H3K27ac,TcMar-Tigger,3.602679660265713e-05,0.9909540071630796,-0.006191904811979002,0.006263955610433328
97,SJCRH30,H3K27ac,hAT-Tip100,-0.004554096942249052,0.2934667513072753,-0.013049915116664005,0.003942378716335647
98,SJCRH30,H3K27ac,CR1,0.005986997902442222,0.204629798908922,-0.003263880075207995,0.015236851237350699
99,SJCRH30,H3K27ac,Gypsy,0.004436870151652184,0.5784388784742567,-0.011212899944122199,0.020084467191620332
100,SJCRH30,H3K27ac,hAT-Blackjack,-0.006007400208962427,0.4611686103794497,-0.02198210118751713,0.009970367538672939
101,SJCRH30,H3K27ac,TcMar-Mariner,0.006037663246199812,0.46250332111986814,-0.010068522121039614,0.022140716657524304
102,SJCRH30,H3K27ac,RTE-X,-0.00591843622908207,0.5654611423866709,-0.026096059026657216,0.014264007111055568
103,SJCRH30,H3K27ac,ERVK,0.009811794290730523,0.40321323612804194,-0.01319518389623524,0.032808388987576396
104,SJCRH30,H3K27ac,TcMar-Tc2,0.01666289731126515,0.17799419763038873,-0.007585982208886667,0.040892191381625566
105,SJCRH30,H3K27ac,SVA,0.005809134648859587,0.6850487457734695,-0.022261425161806413,0.0338705424466249
106,SJCRH30,H3K27ac,RTE-BovB,-0.0033028590467092498,0.8229664504131298,-0.032227645035220624,0.025627454687702226
107,SJCRH30,H3K27ac,tRNA-RTE,0.009498157514666011,0.5544680841420089,-0.021996532734297275,0.0409740145925779
108,SJCRH30,H3K27ac,hAT-Ac,0.01955122443351174,0.28135298370269685,-0.016025263930238197,0.05507827123514034
109,SJCRH30,H3K27ac,hAT,-0.011299795795044114,0.5576354480205241,-0.049037648723713224,0.026470273831212882
110,SJCRH30,H3K27ac,MULE-MuDR,-0.02431081374498365,0.24312226988830699,-0.06506218202623022,0.016521507454069436
111,SJCRH30,H3K27ac,PiggyBac,-0.01446156479203049,0.5084545348371865,-0.057274183726375986,0.028404144778839388
112,SJCRH30,H3K27ac,5S-Deu-L2,-0.07033109153822573,0.002248397894159381,-0.11516911913351473,-0.025207051199296854
113,SJCRH30,H3K27ac,Helitron,-0.023147574985170376,0.3411699772893366,-0.07071640274346745,0.024526296743839757
114,SJCRH30,H3K27ac,hAT-Tag1,-0.013034700157510102,0.592978427591481,-0.06076650756280379,0.03475658594300786
115,SJCRH30,H3K27ac,tRNA,0.006523079643723214,0.800318397406677,-0.04400445149664754,0.05701732405565937
116,SJCRH30,H3K27ac,Penelope,-0.00905759363019751,0.8170252935193285,-0.08560747604583797,0.06759859783243868
117,SJCRH30,H3K27ac,TcMar-Tc1,0.039699280757124006,0.31109563722681133,-0.03716910878974567,0.11610063845799513
118,SJCRH30,H3K27ac,Dong-R4,-0.04652547243792284,0.33693865631282727,-0.14074224369364915,0.04852642266643249
119,SJCRH30,H3K27ac,tRNA-Deu,-0.011078628580918745,0.8213322806947573,-0.10688305893405248,0.08492962960586238
120,SJCRH30,H3K27ac,Kolobok,0.02903184950832855,0.5866900061683845,-0.07560200987019665,0.1330333223254664
121,SJCRH30,H3K27ac,PIF-Harbinger,-0.06668668638303238,0.21396939776577265,-0.17058700810532001,0.03868028432018932
122,SJCRH30,H3K27ac,Crypton,-0.014150716754976271,0.8126489075188308,-0.13053862784672515,0.1026219139653361
123,SJCRH30,H3K27ac,Merlin,0.10333665259293219,0.1346163985342954,-0.03254301766292771,0.23546573094646597
124,SJCRH30,H3K27ac,TcMar,0.08139914782382365,0.24828928260879615,-0.05717768411297061,0.2168987104281812
125,SJCRH30,H3K27ac,L1-Tx1,0.1301313681786409,0.12960913561511683,-0.03913691285553824,0.2921395601068895
126,SJCRH30,H3K27ac,Crypton-A,-0.07722273602956965,0.3806530241241328,-0.2457389743102967,0.09582434316044111
127,SJCRH30,H3K27ac,I-Jockey,0.036845519414326754,0.7036686867404042,-0.15237493147475142,0.22346030400933303
128,SJCRH30,H3K27ac,hAT-Tip100?,0.11586538461538462,0.35803701416286915,-0.13257655528946247,0.35060885833078553
129,SJCRH30,H3K27ac,TcMar-Pogo,0.07294721407624633,0.6915419723183234,-0.2833888466710154,0.41158421992113653
130,SJCRH30,H3K27ac,hAT?,0.04048892284186402,0.820150594045137,-0.3019402320509009,0.37366423090384815
131,SJCRH30,H3K27ac,hAT-hAT19,0.38823529411764707,0.13728162367278124,-0.15278163550133836,0.7502069310286367
132,SJCRH30,H3K4me1,Alu,0.0014725488411908582,0.12214876872312312,-0.00039451872883098065,0.0033396061448092112
133,SJCRH30,H3K4me1,L1,4.1193759012649834e-05,0.976148355118537,-0.0026592537620260034,0.0027416406792473134
134,SJCRH30,H3K4me1,MIR,0.00224107096098327,0.107232215627779,-0.000485857685193553,0.004967966277565949
135,SJCRH30,H3K4me1,L2,0.00023053370964070514,0.8904937273894231,-0.0030512679825150804,0.003512330436005118
136,SJCRH30,H3K4me1,ERVL-MaLR,-0.0008105248220878812,0.6861262322017693,-0.004741527164333466,0.003120502570056358
137,SJCRH30,H3K4me1,hAT-Charlie,-0.0008983076423288062,0.6735394211338651,-0.005077406778373622,0.003280822871628571
138,SJCRH30,H3K4me1,ERV1,-0.0023803616199945285,0.43774635034312814,-0.008392308774431275,0.0036317576095835262
139,SJCRH30,H3K4me1,ERVL,0.004344454126208969,0.16443065927114295,-0.0017800442613144956,0.01046862660848967
140,SJCRH30,H3K4me1,TcMar-Tigger,0.0013975686782548705,0.6601797772778477,-0.0048325772649622034,0.007627606130679723
141,SJCRH30,H3K4me1,hAT-Tip100,-0.001006023961287819,0.816530929876116,-0.009504460007919636,0.007492557404948525
142,SJCRH30,H3K4me1,CR1,0.004136083064747224,0.38094014190119496,-0.00511631252929047,0.013387770546996284
143,SJCRH30,H3K4me1,Gypsy,0.011193498581684426,0.1610006725947854,-0.004458682842388079,0.026840196632152757
144,SJCRH30,H3K4me1,hAT-Blackjack,-0.0012310562775743536,0.8799942932667212,-0.017211107331098995,0.014749623531705653
145,SJCRH30,H3K4me1,TcMar-Mariner,0.010312910860702216,0.20972020401649685,-0.0058022476170031855,0.026422714057360987
146,SJCRH30,H3K4me1,RTE-X,-0.0007160549837229726,0.9445624578083136,-0.020896318607581014,0.019464791874106442
147,SJCRH30,H3K4me1,ERVK,0.012305539568525484,0.29517217941232887,-0.010735165792762359,0.03533318497335303
148,SJCRH30,H3K4me1,TcMar-Tc2,-0.01398960545920701,0.2585617176958231,-0.03824422928498601,0.0102814925703456
149,SJCRH30,H3K4me1,SVA,-0.013499515465186492,0.3456654226178112,-0.0415373782240458,0.014559591772559671
150,SJCRH30,H3K4me1,RTE-BovB,-0.003784430026208589,0.7976356012377839,-0.032702440980877,0.025139911874319687
151,SJCRH30,H3K4me1,tRNA-RTE,-0.021249113051773634,0.1859551555486931,-0.05270074327358501,0.010244631937725715
152,SJCRH30,H3K4me1,hAT-Ac,-0.01359944756882144,0.453824425684459,-0.04915097455289249,0.021986496044694544
153,SJCRH30,H3K4me1,hAT,0.020959569858233464,0.27690736056899057,-0.01682949109275555,0.058688838176902215
154,SJCRH30,H3K4me1,MULE-MuDR,-0.02138567732764324,0.30433253288766976,-0.06212835416463454,0.01942815503147346
155,SJCRH30,H3K4me1,PiggyBac,-0.010392745896971972,0.6348137325999601,-0.05323654604291752,0.03248924605101517
156,SJCRH30,H3K4me1,5S-Deu-L2,-0.03952532615734472,0.08640478585835032,-0.08456433202579083,0.005674860579256105
157,SJCRH30,H3K4me1,Helitron,0.0061121394399242315,0.8015766199021138,-0.041540851013651466,0.05373738603433407
158,SJCRH30,H3K4me1,hAT-Tag1,0.002322485598822114,0.9241272167833174,-0.04545023957693201,0.0500846121614625
159,SJCRH30,H3K4me1,tRNA,0.01087321767529918,0.6734037615404258,-0.039679353235040064,0.06137026868377074
160,SJCRH30,H3K4me1,Penelope,-0.007820980775227544,0.8418900832808285,-0.0844964704579278,0.06894658610952775
161,SJCRH30,H3K4me1,TcMar-Tc1,-0.017286295845525202,0.6592721569760079,-0.09389249186778528,0.059523389493710895
162,SJCRH30,H3K4me1,Dong-R4,-0.04499689313621206,0.3530699935751124,-0.13923721707369752,0.05005117304404683
163,SJCRH30,H3K4me1,tRNA-Deu,0.033276223048068175,0.49746447766949353,-0.06286594951001852,0.12880646805165205
164,SJCRH30,H3K4me1,Kolobok,-0.016511379655396934,0.7568787612744168,-0.12054610434303757,0.08788208802039289
165,SJCRH30,H3K4me1,PIF-Harbinger,-0.03600048414314446,0.5026352923233175,-0.14048322941859012,0.06927526347846394
166,SJCRH30,H3K4me1,Crypton,-0.09448556463568426,0.11273743308146401,-0.20903270013765568,0.022619267858497414
167,SJCRH30,H3K4me1,Merlin,0.037160571815707276,0.5914283037480738,-0.09844834885172617,0.1714145281257994
168,SJCRH30,H3K4me1,TcMar,0.05396399879447583,0.44332966709813715,-0.08413000265692396,0.190024207812784
169,SJCRH30,H3K4me1,L1-Tx1,0.09257493960396063,0.28195139392152135,-0.07668585242598959,0.25664941737832836
170,SJCRH30,H3K4me1,Crypton-A,-0.11109109277916214,0.20650887158098563,-0.277824589463027,0.06213997361331672
171,SJCRH30,H3K4me1,I-Jockey,0.10801593920859978,0.2635700554821445,-0.08229745184070458,0.29072864352125327
172,SJCRH30,H3K4me1,hAT-Tip100?,0.2402097902097902,0.05393243183591237,-0.007483921880827667,0.4601310603354053
173,SJCRH30,H3K4me1,TcMar-Pogo,-0.3724340175953079,0.03580181846591948,-0.6455384864314168,-0.014879591464392676
174,SJCRH30,H3K4me1,hAT?,0.0426279602750191,0.8108163771070416,-0.30000581643505614,0.37551974665505833
175,SJCRH30,H3K4me1,hAT-hAT19,-0.2058823529411765,0.4442846410521438,-0.6400119754516044,0.32788695574892646
176,SJCRH30,H3K9me3,Alu,-0.0006340501992961972,0.5056136280334778,-0.002500873207001882,0.0012327772277873025
177,SJCRH30,H3K9me3,L1,-0.0006456462155926307,0.6393182143924421,-0.003345811106098063,0.0020545280896211884
178,SJCRH30,H3K9me3,MIR,-0.0007166966849902836,0.6064515445211901,-0.00344348851907474,0.002010105806985346
179,SJCRH30,H3K9me3,L2,0.001378824109984526,0.4102259380330616,-0.0019028519920605647,0.004660470514030583
180,SJCRH30,H3K9me3,ERVL-MaLR,-0.004216934040675688,0.03549369370999873,-0.0081475328528912,-0.0002862049218757745
181,SJCRH30,H3K9me3,hAT-Charlie,0.00320409941116336,0.1328739070530658,-0.0009745477987325126,0.007382634728754301
182,SJCRH30,H3K9me3,ERV1,-0.000868822991942782,0.7769573667973386,-0.0068798289644007166,0.005142245766178053
183,SJCRH30,H3K9me3,ERVL,0.005088414061296072,0.10341431832249452,-0.00103566142343927,0.011212107885115489
184,SJCRH30,H3K9me3,TcMar-Tigger,-0.0020691830007572663,0.5150594354351368,-0.008298900263244778,0.00416069487396565
185,SJCRH30,H3K9me3,hAT-Tip100,0.00601349839834587,0.16543354346260045,-0.0024841022455525455,0.014510230639574276
186,SJCRH30,H3K9me3,CR1,-0.007811235320702038,0.09797255589880521,-0.017061994367699538,0.0014408609181650943
187,SJCRH30,H3K9me3,Gypsy,-0.0022610032721979718,0.7770931200905116,-0.017912297585203768,0.013391398849227477
188,SJCRH30,H3K9me3,hAT-Blackjack,-0.001674426642464006,0.8372549657582163,-0.017650101588524092,0.014302103053391132
189,SJCRH30,H3K9me3,TcMar-Mariner,0.007278449215411684,0.37589335509613553,-0.008832210661645202,0.023385331486352374
190,SJCRH30,H3K9me3,RTE-X,0.0030650956959876654,0.7659909855267716,-0.017118713488642495,0.02324640781103271
191,SJCRH30,H3K9me3,ERVK,-0.011082610088830934,0.3456498306303396,-0.03410503974641773,0.011951575293464384
192,SJCRH30,H3K9me3,TcMar-Tc2,0.03657875802660657,0.003131936795211795,0.012311436180333124,0.06080301603198978
193,SJCRH30,H3K9me3,SVA,-0.011636324854815678,0.4160569988507701,-0.03966229343758076,0.016407937754203458
194,SJCRH30,H3K9me3,RTE-BovB,0.006760026379063123,0.6470105919811919,-0.022172426164530138,0.03568116537331512
195,SJCRH30,H3K9me3,tRNA-RTE,-0.004271367666760032,0.7903886824987398,-0.03575410431156221,0.027219838651150585
196,SJCRH30,H3K9me3,hAT-Ac,0.004210692377170774,0.816545243165513,-0.03135611031173548,0.03976684503689863
197,SJCRH30,H3K9me3,hAT,-0.014683076668262912,0.44626731999523006,-0.052427624259714686,0.023103362904361845
198,SJCRH30,H3K9me3,MULE-MuDR,-0.0335779438765929,0.1068052147328781,-0.0742886858870171,0.007244531370844584
199,SJCRH30,H3K9me3,PiggyBac,-0.009464970260043244,0.6652593111018561,-0.05230082643338539,0.03340565196697117
200,SJCRH30,H3K9me3,5S-Deu-L2,-0.036804504502649306,0.11026952828739874,-0.0818441371464317,0.008385149643311269
201,SJCRH30,H3K9me3,Helitron,-0.011561113759866994,0.6345310624685523,-0.059170562368901565,0.03610080984824469
202,SJCRH30,H3K9me3,hAT-Tag1,-0.009371795271476567,0.7008339965832605,-0.05712907121926451,0.03842827232230493
203,SJCRH30,H3K9me3,tRNA,0.014875910157888689,0.5641736429607198,-0.0356829826052645,0.06535884871289203
204,SJCRH30,H3K9me3,Penelope,-0.030467334685658733,0.4366609138222869,-0.10690159924588412,0.04632492186047659
205,SJCRH30,H3K9me3,TcMar-Tc1,0.023784966169004388,0.5440373160076454,-0.05304768737474222,0.10033766702302259
206,SJCRH30,H3K9me3,Dong-R4,0.0025459485435723613,0.9581167164032752,-0.09226327529599118,0.09730942418380457
207,SJCRH30,H3K9me3,tRNA-Deu,0.031068679807666647,0.5264388745865856,-0.06506333691321908,0.12662932403655955
208,SJCRH30,H3K9me3,Kolobok,-0.04248030467034786,0.4255700670296393,-0.1461148540317675,0.062076516595384386
209,SJCRH30,H3K9me3,PIF-Harbinger,-0.06592038528202893,0.21929201766373524,-0.16983702636157372,0.039446124805981586
210,SJCRH30,H3K9me3,Crypton,-0.06673449854694613,0.263171281988257,-0.1820425317626057,0.050384057976020295
211,SJCRH30,H3K9me3,Merlin,0.17505370108189605,0.010852978338141415,0.03991798669706957,0.30390069442736606
212,SJCRH30,H3K9me3,TcMar,0.09849866392378274,0.16207523907469648,-0.04008555959971648,0.2333648705209634
213,SJCRH30,H3K9me3,L1-Tx1,0.15335269418501868,0.07359887964961433,-0.015734259143418146,0.31391250190277037
214,SJCRH30,H3K9me3,Crypton-A,-0.08089810266556846,0.35832910224065795,-0.24923451767733282,0.0921834494991671
215,SJCRH30,H3K9me3,I-Jockey,-0.04351774627003985,0.6532054723081822,-0.22982423087433237,0.14586546620714
216,SJCRH30,H3K9me3,hAT-Tip100?,0.1271853146853147,0.3126811805597474,-0.12144010677692199,0.3607937217175144
217,SJCRH30,H3K9me3,TcMar-Pogo,-0.07697947214076245,0.6753924433529066,-0.4149921793174784,0.2797058165480761
218,SJCRH30,H3K9me3,hAT?,-0.023071046600458365,0.8969530357137278,-0.35848107296823145,0.3176144133107068
219,SJCRH30,H3K9me3,hAT-hAT19,0.049999999999999996,0.8540995521297436,-0.45730167066061606,0.5327502893761625
220,SJCRH30,H3K36me3,Alu,-1.3241311411475204e-05,0.9889105718340747,-0.0018804617831782316,0.001853979252687276
221,SJCRH30,H3K36me3,L1,-0.000700928557899252,0.6109421125868126,-0.0034013619859637216,0.0019995150930286402
222,SJCRH30,H3K36me3,MIR,-0.0007337974273310427,0.5979207400360091,-0.003460816061443381,0.001993232120791701
223,SJCRH30,H3K36me3,L2,0.0005390615078149652,0.7475022225977689,-0.0027427843287127825,0.0038208957324434444
224,SJCRH30,H3K36me3,ERVL-MaLR,5.8242179970456644e-05,0.9768348849557782,-0.003872989009140152,0.00398947156886518
225,SJCRH30,H3K36me3,hAT-Charlie,-0.0016796549066938947,0.43088133842789567,-0.0058590191103174575,0.002499767975269588
226,SJCRH30,H3K36me3,ERV1,0.005534674615534221,0.07119414610987046,-0.00047775721493084237,0.01154670631074221
227,SJCRH30,H3K36me3,ERVL,-0.0033399724946866294,0.28516124681732974,-0.009464606822936839,0.002784912419000435
228,SJCRH30,H3K36me3,TcMar-Tigger,-0.008343544277382962,0.008669736353383846,-0.014573121872580806,-0.002113318983289694
229,SJCRH30,H3K36me3,hAT-Tip100,-0.0027445269753829395,0.5267433393310903,-0.011242236743870334,0.00575357918504597
230,SJCRH30,H3K36me3,CR1,-0.0020051358273133267,0.6710078808171296,-0.01125689036435681,0.00724696198289639
231,SJCRH30,H3K36me3,Gypsy,-0.007895864544938895,0.3228318594959453,-0.023545605756493605,0.007757745485797255
232,SJCRH30,H3K36me3,hAT-Blackjack,0.0019117926828730498,0.8146203374661823,-0.014068504155683446,0.01789111314895632
233,SJCRH30,H3K36me3,TcMar-Mariner,0.00681523648458046,0.4071877148736527,-0.009300827239658402,0.02292776061315169
234,SJCRH30,H3K36me3,RTE-X,-0.018913269740065575,0.06624696961343778,-0.03908178790463858,0.001270652354778279
235,SJCRH30,H3K36me3,ERVK,0.0039433177406587,0.7374080882602838,-0.01910644546707775,0.026988891541765758
236,SJCRH30,H3K36me3,TcMar-Tc2,0.006886784363714684,0.5781053031021497,-0.017382828986064348,0.03114828721337137
237,SJCRH30,H3K36me3,SVA,-0.01523009786249459,0.2873576496997313,-0.04326555389470018,0.012829325507966467
238,SJCRH30,H3K36me3,RTE-BovB,0.007508665179696275,0.6110486021293342,-0.021427334779782214,0.036432096000360396
239,SJCRH30,H3K36me3,tRNA-RTE,-0.015138488070476087,0.3460724075937035,-0.04660141793662612,0.016354448919152404
240,SJCRH30,H3K36me3,hAT-Ac,-0.009594934954979043,0.5969887727431187,-0.04513645120929883,0.025970840710274667
241,SJCRH30,H3K36me3,hAT,0.006526693661902481,0.7349537245175575,-0.031253004740543745,0.04428776928196735
242,SJCRH30,H3K36me3,MULE-MuDR,-0.019188294226991563,0.35682976663188093,-0.059946170334091095,0.021633456667925554
243,SJCRH30,H3K36me3,PiggyBac,0.012116939088371699,0.5799206943803517,-0.03078751367338849,0.054976822116690686
244,SJCRH30,H3K36me3,5S-Deu-L2,-0.004464179492623691,0.8464977775827636,-0.04962683191884552,0.040716691505804155
245,SJCRH30,H3K36me3,Helitron,-0.022080087857923085,0.3640472200030771,-0.06966710289742521,0.0256071885341075
246,SJCRH30,H3K36me3,hAT-Tag1,-0.012518868094948673,0.6076924930599448,-0.060252323302260914,0.035271712387630334
247,SJCRH30,H3K36me3,tRNA,0.02045307155868283,0.4278437443040395,-0.030112606501086363,0.07091432950584986
248,SJCRH30,H3K36me3,Penelope,0.016260570442826874,0.6783236590709507,-0.06054504680346513,0.09287476964762352
249,SJCRH30,H3K36me3,TcMar-Tc1,0.041722515670353004,0.2866902619135097,-0.03508930517911024,0.11804429408521581
250,SJCRH30,H3K36me3,Dong-R4,-0.07513065989611675,0.12067090988152528,-0.16884622054186005,0.019931143338043727
251,SJCRH30,H3K36me3,tRNA-Deu,0.004857153771808258,0.9211319546991038,-0.09110093392632988,0.10072587376437837
252,SJCRH30,H3K36me3,Kolobok,-0.055689289711836586,0.2967605002687222,-0.15922617691758784,0.04905929414513771
253,SJCRH30,H3K36me3,PIF-Harbinger,-0.0935953022596572,0.08079943202404312,-0.19686482971166389,0.011728236814738719
254,SJCRH30,H3K36me3,Crypton,-0.0409315584094908,0.4928296139785071,-0.1568286812362158,0.07607757499182964
255,SJCRH30,H3K36me3,Merlin,-0.03229090751204183,0.6409379211434063,-0.16666714433278576,0.10326292880257087
256,SJCRH30,H3K36me3,TcMar,0.11121427723838317,0.11418039529353198,-0.027335220652244255,0.24557138902504758
257,SJCRH30,H3K36me3,L1-Tx1,0.018292832334840244,0.8319759428197399,-0.1498963391980783,0.18545307035412104
258,SJCRH30,H3K36me3,Crypton-A,-0.13756067224844326,0.11715622030267721,-0.30270421959357957,0.03560219504903415
259,SJCRH30,H3K36me3,I-Jockey,0.009202112871837646,0.9243408240391745,-0.17921370985867477,0.1969667788196013
260,SJCRH30,H3K36me3,hAT-Tip100?,0.15939685314685315,0.2046943219593036,-0.08948399491210991,0.3895416027598542
261,SJCRH30,H3K36me3,TcMar-Pogo,-0.10887096774193547,0.5530929343729107,-0.4416970725560555,0.25029627786295977
262,SJCRH30,H3K36me3,hAT?,0.1495798319327731,0.39848271701599547,-0.2005186351552777,0.46580080837387877
263,SJCRH30,H3K36me3,hAT-hAT19,-0.10882352941176471,0.688288293957414,-0.5746643593600581,0.4102793190048086
264,SJCRH30,H3K27me3,Alu,0.0004254544307346434,0.6550400958778597,-0.001440992477386991,0.002291898374613865
265,SJCRH30,H3K27me3,L1,0.0011473749868789658,0.4049412046778791,-0.0015528370291201159,0.0038475702716050534
266,SJCRH30,H3K27me3,MIR,0.0004011985172047629,0.7730327104469188,-0.002325243521721279,0.0031276345915356185
267,SJCRH30,H3K27me3,L2,-0.0015756394309424796,0.3466813503485614,-0.004857273084434552,0.0017060281594832387
268,SJCRH30,H3K27me3,ERVL-MaLR,0.0021474487787770556,0.2842196497981035,-0.001782868302940382,0.006077699516340725
269,SJCRH30,H3K27me3,hAT-Charlie,0.0013677944708142989,0.5211394573999728,-0.002810619081449528,0.005546160262504891
270,SJCRH30,H3K27me3,ERV1,0.0010409146508987418,0.7343134330315876,-0.004970243655955117,0.007051997733742112
271,SJCRH30,H3K27me3,ERVL,0.00023348060715037215,0.9404263236210224,-0.005889694615837399,0.0063566383222821154
272,SJCRH30,H3K27me3,TcMar-Tigger,-0.0025017473433351835,0.43116747598520544,-0.008730431813036062,0.0037271312517633934
273,SJCRH30,H3K27me3,hAT-Tip100,0.005370734171609597,0.2154178700788579,-0.003126627106880928,0.013867319909197689
274,SJCRH30,H3K27me3,CR1,-0.003748202651754101,0.427186132442693,-0.012999738405585843,0.005503974779775202
275,SJCRH30,H3K27me3,Gypsy,-0.0032444838165904353,0.6845360095371527,-0.018894475685129235,0.012407097522618194
276,SJCRH30,H3K27me3,hAT-Blackjack,-0.0024213343532035166,0.7664125860193806,-0.018394659618438735,0.013553226607835528
277,SJCRH30,H3K27me3,TcMar-Mariner,0.011979429653608575,0.14499567268615934,-0.004131356451594051,0.028083998566492137
278,SJCRH30,H3K27me3,RTE-X,-0.01053063109941104,0.3065171076722453,-0.03070736665119275,0.00965468310285889
279,SJCRH30,H3K27me3,ERVK,0.006024750121075417,0.6082405109745719,-0.017011427967855642,0.02905453549833748
280,SJCRH30,H3K27me3,TcMar-Tc2,-0.00812311115273878,0.5117599237227883,-0.03237983120468164,0.016143172388878843
281,SJCRH30,H3K27me3,SVA,0.0019364005261814524,0.8923809779502199,-0.026111615070761526,0.02998136974418699
282,SJCRH30,H3K27me3,RTE-BovB,-0.00329466906498231,0.8233981875334767,-0.032219463078121104,0.025635638987251116
283,SJCRH30,H3K27me3,tRNA-RTE,0.006881479744536226,0.6684394061129982,-0.024607563369903402,0.038356881327127015
284,SJCRH30,H3K27me3,hAT-Ac,-0.018181897364510122,0.3163502515679293,-0.053706208240242574,0.01738837834398743
285,SJCRH30,H3K27me3,hAT,-4.1683783964609613e-05,0.9982745433390586,-0.037806204033395595,0.03772295536124736
286,SJCRH30,H3K27me3,MULE-MuDR,-0.03774216647235359,0.06985349095330276,-0.07843690931904437,0.003078147721692835
287,SJCRH30,H3K27me3,PiggyBac,-0.01395551878412283,0.5236040089063406,-0.05678999017831813,0.02893023485510079
288,SJCRH30,H3K27me3,5S-Deu-L2,0.02749855958619912,0.23274121574856763,-0.01768037690632541,0.07256543316753164
289,SJCRH30,H3K27me3,Helitron,0.008541931907545893,0.7255058645559276,-0.039129394121391485,0.05617446267537761
290,SJCRH30,H3K27me3,hAT-Tag1,0.021094802599789103,0.3869774276520539,-0.02670503395034908,0.06879839457590857
291,SJCRH30,H3K27me3,tRNA,-0.017295294403365163,0.5025696915774533,-0.06776911626174906,0.03326683125594977
292,SJCRH30,H3K27me3,Penelope,-0.06003957625687581,0.12506306375848797,-0.13614741931953014,0.016772792011318486
293,SJCRH30,H3K27me3,TcMar-Tc1,0.07018838043932585,0.07307548918249665,-0.006666654905304501,0.1462190853008768
294,SJCRH30,H3K27me3,Dong-R4,-0.013277839491610311,0.7841593093725157,-0.10793295154300425,0.08161584229827487
295,SJCRH30,H3K27me3,tRNA-Deu,-0.029814197827802428,0.5432786607139344,-0.12539180898181101,0.06631173583909208
296,SJCRH30,H3K27me3,Kolobok,0.01307244439172844,0.8063812157707506,-0.09129153028238893,0.11715237962751128
297,SJCRH30,H3K27me3,PIF-Harbinger,-0.05910130764515704,0.27085086288335936,-0.16315916392296795,0.04625698866537218
298,SJCRH30,H3K27me3,Crypton,-0.020499399533025455,0.7313253495586494,-0.13678208786228457,0.09634055166459982
299,SJCRH30,H3K27me3,Merlin,0.023216495030119598,0.7374131688215511,-0.11222200280023277,0.15780811466947506
300,SJCRH30,H3K27me3,TcMar,-0.021259144659228926,0.7627971959653658,-0.15818363846354003,0.11646752817956307
301,SJCRH30,H3K27me3,L1-Tx1,0.047481089363055805,0.5816537870312628,-0.12129354740200504,0.21358748902264432
302,SJCRH30,H3K27me3,Crypton-A,-0.05999095171438571,0.496086336428746,-0.22930602194484842,0.11284797929576293
303,SJCRH30,H3K27me3,I-Jockey,0.024242424242424246,0.8024194033471186,-0.16463713548689293,0.2114069612564793
304,SJCRH30,H3K27me3,hAT-Tip100?,0.012937062937062937,0.9185325370529555,-0.23170297336180118,0.256038049575294
305,SJCRH30,H3K27me3,TcMar-Pogo,-0.2734604105571847,0.12992087085219872,-0.5725431664064252,0.08985482868819922
306,SJCRH30,H3K27me3,hAT?,-0.26569900687547743,0.12881871267063236,-0.5583339480541967,0.08573742452639202
307,SJCRH30,H3K27me3,hAT-hAT19,0.2764705882352941,0.2999421284923735,-0.26365264480027495,0.684611693761416
308,SJCRH30,H3K4me3,Alu,0.000349859572526348,0.7134907183535408,-0.001517690003643049,0.0022174067082591908
309,SJCRH30,H3K4me3,L1,0.00029966386115401315,0.8278280927089278,-0.002400852011848683,0.00300017536339458
310,SJCRH30,H3K4me3,MIR,-0.002622578937362652,0.05945915892962621,-0.005349734227406274,0.0001046153637184801
311,SJCRH30,H3K4me3,L2,-0.00193284686899892,0.24837789475676714,-0.005214726613792007,0.001349074512839483
312,SJCRH30,H3K4me3,ERVL-MaLR,0.001636040350933242,0.4147327679045566,-0.002295555336703232,0.005567585461078651
313,SJCRH30,H3K4me3,hAT-Charlie,-0.0010576566028871572,0.6199056006803308,-0.005237122528041369,0.003121846272789534
314,SJCRH30,H3K4me3,ERV1,0.00036107180840823535,0.9062941780242139,-0.005650801414207292,0.0063729189309716
315,SJCRH30,H3K4me3,ERVL,-0.0011830790091872981,0.704989576044861,-0.007307719444513915,0.00494165018502491
316,SJCRH30,H3K4me3,TcMar-Tigger,-0.004135616459581889,0.19327630710953816,-0.010365917512356165,0.0020950056767934356
317,SJCRH30,H3K4me3,hAT-Tip100,0.0013547288072030725,0.7547067620327502,-0.00714355294083313,0.009852814880209103
318,SJCRH30,H3K4me3,CR1,-0.0015392035323086217,0.7443907525529513,-0.010791524837696563,0.007713381309630461
319,SJCRH30,H3K4me3,Gypsy,0.0027598622431144627,0.7296549475667591,-0.012892133591300084,0.01841050593449041
320,SJCRH30,H3K4me3,hAT-Blackjack,-0.010705599648170897,0.18919328488989104,-0.02668187617583136,0.005276144401137727
321,SJCRH30,H3K4me3,TcMar-Mariner,-0.005492735999039696,0.5042420936816607,-0.021610158679275456,0.010627540983180578
322,SJCRH30,H3K4me3,RTE-X,-0.0033978531984317152,0.7414497773318433,-0.02357899723053026,0.016786058990879267
323,SJCRH30,H3K4me3,ERVK,-0.00222247304569691,0.8500042752811291,-0.025251636869165175,0.02080904837406555
324,SJCRH30,H3K4me3,TcMar-Tc2,0.0033607795345492334,0.7861289365560965,-0.020912997283638348,0.027630596502322243
325,SJCRH30,H3K4me3,SVA,0.00965473648812082,0.5003003262761297,-0.01842048112825235,0.037714740862612756
326,SJCRH30,H3K4me3,RTE-BovB,-0.007704314031241633,0.6018287927775854,-0.03663066737219524,0.021234938746578384
327,SJCRH30,H3K4me3,tRNA-RTE,0.0018542268351978137,0.9081379470766593,-0.029634932307753215,0.033339709214052805
328,SJCRH30,H3K4me3,hAT-Ac,-0.00225563306579384,0.9011136692588951,-0.037820449051147995,0.03331488996689717
329,SJCRH30,H3K4me3,hAT,0.015840181847441733,0.41125775791211894,-0.02194690886349437,0.05358208006146583
330,SJCRH30,H3K4me3,MULE-MuDR,0.01923703244143847,0.35571377485420674,-0.021593597370400796,0.06000359752059569
331,SJCRH30,H3K4me3,PiggyBac,0.005341964520520745,0.8071753248001178,-0.03754355783285226,0.0482078457719787
332,SJCRH30,H3K4me3,5S-Deu-L2,-0.04865035374909153,0.034679428853378685,-0.09361972763931407,-0.0034828783483436994
333,SJCRH30,H3K4me3,Helitron,-0.026430800911952917,0.2773607129931479,-0.0740144660947869,0.021272939698941302
334,SJCRH30,H3K4me3,hAT-Tag1,-0.01923418638896882,0.43023364568151523,-0.06694470348585214,0.028564089547137843
335,SJCRH30,H3K4me3,tRNA,0.0023716638921820257,0.9267530260463017,-0.048163457771516906,0.052894674887261524
336,SJCRH30,H3K4me3,Penelope,-0.05406695159138983,0.16759219585852517,-0.13030686337308944,0.022808589410659417
337,SJCRH30,H3K4me3,TcMar-Tc1,-0.01468884032881519,0.7079150594444905,-0.09131506994892945,0.06211030923585176
338,SJCRH30,H3K4me3,Dong-R4,0.016380838637823747,0.7354227069024903,-0.07853423475571268,0.11100160250738811
339,SJCRH30,H3K4me3,tRNA-Deu,-0.015435221861350929,0.7530292343517397,-0.11119135779131718,0.08060487956639202
340,SJCRH30,H3K4me3,Kolobok,-0.02777391864091574,0.603011959210977,-0.13179461115883484,0.0768517808917021
341,SJCRH30,H3K4me3,PIF-Harbinger,-0.032058035063732546,0.5505752265492818,-0.13660504065428478,0.07319522401776257
342,SJCRH30,H3K4me3,Crypton,0.019443403552638575,0.7446726948961742,-0.09738583377796778,0.13574407362362786
343,SJCRH30,H3K4me3,Merlin,0.011871403560850745,0.8638905690177723,-0.12339973558287483,0.14670942017286612
344,SJCRH30,H3K4me3,TcMar,0.0005702229571924273,0.9935577445785834,-0.13715038947679148,0.13826920798088294
345,SJCRH30,H3K4me3,L1-Tx1,0.07493083891717314,0.3841740707002451,-0.09420091104202322,0.23985866407068376
346,SJCRH30,H3K4me3,Crypton-A,-0.22361016024987063,0.010246385001384757,-0.3823791040106591,-0.05201593727614956
347,SJCRH30,H3K4me3,I-Jockey,0.022972847743489948,0.8125716588472026,-0.16586995552847036,0.21019039760507455
348,SJCRH30,H3K4me3,hAT-Tip100?,0.2910402097902098,0.018668907649894432,0.04553876460866839,0.5033885280396317
349,SJCRH30,H3K4me3,TcMar-Pogo,-0.3280791788856305,0.06677719915157929,-0.613363520601109,0.03293539046966328
350,SJCRH30,H3K4me3,hAT?,0.0004583651642475172,0.9979472605715493,-0.33775970277231787,0.3385715994608982
351,SJCRH30,H3K4me3,hAT-hAT19,0.008823529411764706,0.9741279946623942,-0.4890287637649059,0.5023396357269391
352,BE2C,H3K4me1,Alu,0.0002475162656193249,0.7952057265219825,-0.0016215269457546422,0.0021165577476864937
353,BE2C,H3K4me1,L1,-0.0013027496913932033,0.3449583790979647,-0.004006360213482328,0.0014008798757858187
354,BE2C,H3K4me1,MIR,-0.00029082624326642995,0.8345191839113545,-0.003019320555453354,0.002437672399145071
355,BE2C,H3K4me1,L2,0.0008854675827372939,0.59707462441476,-0.0023976282842587677,0.00416854436141779
356,BE2C,H3K4me1,ERVL-MaLR,-0.0013346356726774348,0.5062703947723752,-0.0052702204018719185,0.002600990400907535
357,BE2C,H3K4me1,hAT-Charlie,0.001094320162835111,0.6080435898710062,-0.003087703597355405,0.0052763056454931435
358,BE2C,H3K4me1,ERV1,-0.0026025106444225897,0.3974324346632898,-0.008630146658174676,0.003425314487437999
359,BE2C,H3K4me1,ERVL,0.006573429304062261,0.035582600838886494,0.000443149987609569,0.012703214575771674
360,BE2C,H3K4me1,TcMar-Tigger,-0.0023805079285405405,0.45424907846941465,-0.008614995463813406,0.00385416466841309
361,BE2C,H3K4me1,hAT-Tip100,-0.0006436115796709697,0.8820511012644497,-0.009145515011008127,0.007858384896253318
362,BE2C,H3K4me1,CR1,0.0027762013572312193,0.5565791527610602,-0.006478721417106784,0.012030648569085194
363,BE2C,H3K4me1,Gypsy,0.0034986819531163233,0.6615478033157521,-0.012164932283844042,0.01916057956229884
364,BE2C,H3K4me1,hAT-Blackjack,-0.0018622457772765177,0.8195473504892118,-0.017860201655209254,0.014136663386990465
365,BE2C,H3K4me1,TcMar-Mariner,-0.004771217675955557,0.5620829343387634,-0.020898737077241176,0.01135878412155309
366,BE2C,H3K4me1,RTE-X,-0.0037146902020245304,0.7184958563643398,-0.02390852211444815,0.016482171840144822
367,BE2C,H3K4me1,ERVK,0.0018091243287880958,0.8780343993992086,-0.021294094736311518,0.024910412277182985
368,BE2C,H3K4me1,TcMar-Tc2,-0.016677015627792342,0.1782585181222633,-0.04094157487400741,0.0076072028108266805
369,BE2C,H3K4me1,SVA,-0.00037140338757658744,0.97931277164088,-0.028437801463862204,0.027695579826747876
370,BE2C,H3K4me1,RTE-BovB,0.0031998406769880674,0.8284561839413777,-0.025739860054791435,0.03213418257306699
371,BE2C,H3K4me1,tRNA-RTE,-0.004544116343141391,0.777402118662285,-0.03603465325367141,0.02695543571514048
372,BE2C,H3K4me1,hAT-Ac,0.019385617395079435,0.2856079284113694,-0.016202559489312804,0.054924739051003604
373,BE2C,H3K4me1,hAT,-0.017616846213633953,0.3611490973889432,-0.05538257279203525,0.020199215020382025
374,BE2C,H3K4me1,MULE-MuDR,-0.001991960533369584,0.923917681888678,-0.042851600407202976,0.03887433164647229
375,BE2C,H3K4me1,PiggyBac,0.007489820186297776,0.7325644035222434,-0.035460494290134016,0.050412517497118725
376,BE2C,H3K4me1,5S-Deu-L2,0.013102883872817252,0.5700857576139465,-0.03211452218675534,0.058266763494537605
377,BE2C,H3K4me1,Helitron,4.322420990607124e-05,0.9985866266055334,-0.04775289133960414,0.047839142271526004
378,BE2C,H3K4me1,hAT-Tag1,-0.01108770692044181,0.6497306196029169,-0.058882416176430384,0.03675771837968691
379,BE2C,H3K4me1,tRNA,-0.007415176953271192,0.7739282650619643,-0.05795703696403384,0.043164597397751664
380,BE2C,H3K4me1,Penelope,0.031801119255831144,0.4179162675595728,-0.045171513486751164,0.10839838039756927
381,BE2C,H3K4me1,TcMar-Tc1,0.027834743782025457,0.4780055073635576,-0.0490688420236174,0.10441024165792909
382,BE2C,H3K4me1,Dong-R4,-0.06264710920857454,0.19582641613326993,-0.15659552311886424,0.03242482422021698
383,BE2C,H3K4me1,tRNA-Deu,-0.03614099325892902,0.4611634331281079,-0.13163075800065763,0.060013314782868594
384,BE2C,H3K4me1,Kolobok,-0.05271697712146874,0.3219543525579192,-0.15602010116056084,0.0517268838100152
385,BE2C,H3K4me1,PIF-Harbinger,0.03729920148157377,0.48733831929953,-0.06798341951201213,0.1417602512343678
386,BE2C,H3K4me1,Crypton,-0.01866034110340709,0.7546200134062615,-0.134974221764012,0.09816082676909234
387,BE2C,H3K4me1,Merlin,-0.09507981229210806,0.16881263709740796,-0.22752115124554464,0.040815265960547624
388,BE2C,H3K4me1,TcMar,-0.052557748613860214,0.45869356822272456,-0.18966626167724893,0.08656133443727775
389,BE2C,H3K4me1,L1-Tx1,0.02212688304617364,0.7974513383283632,-0.14615117983539738,0.18916044801507556
390,BE2C,H3K4me1,Crypton-A,-0.0041985125043036454,0.9620399565068423,-0.17559829028698126,0.16744831201994506
391,BE2C,H3K4me1,I-Jockey,-0.12242609582059123,0.2047241354265609,-0.3041840277074024,0.06793242589043434
392,BE2C,H3K4me1,hAT-Tip100?,-0.015600998463901693,0.9034084669143636,-0.2623662769883537,0.23307947881171118
393,BE2C,H3K4me1,TcMar-Pogo,0.016129032258064516,0.9301826237960704,-0.33446691567656434,0.3628032319135021
394,BE2C,H3K4me1,hAT?,0.0768716577540107,0.6706930244559344,-0.2741480305816293,0.4098165248529188
395,BE2C,H3K4me1,hAT-hAT19,-0.06470588235294117,0.8118214513105935,-0.5433955247540582,0.44573770486135694
396,BE2C,H3K9me3,Alu,-0.0007799188839012316,0.4132854986556683,-0.002648347014150896,0.0010885146917981963
397,BE2C,H3K9me3,L1,-0.0018544926275057844,0.1787574155270182,-0.004557699550555585,0.0008487413986795444
398,BE2C,H3K9me3,MIR,-0.00039713728740252923,0.7754110562067826,-0.003125355735642955,0.002331087072777014
399,BE2C,H3K9me3,L2,0.003696422378080913,0.02732730849577388,0.0004134614931328349,0.006979303585034069
400,BE2C,H3K9me3,ERVL-MaLR,-0.0005977729059630261,0.7659049370038142,-0.004532825899584642,0.0033372986003512646
401,BE2C,H3K9me3,hAT-Charlie,0.0011165259147889865,0.6007620825026078,-0.0030652601027169185,0.00529827288248702
402,BE2C,H3K9me3,ERV1,0.0028763334930811046,0.3494792403035093,-0.003149243999534426,0.008901702125767906
403,BE2C,H3K9me3,ERVL,0.0003663272010434213,0.9067589001044634,-0.005763587092768734,0.006496213964864159
404,BE2C,H3K9me3,TcMar-Tigger,0.00575588211319412,0.07035760268864975,-0.00047832015727879666,0.011989636993036297
405,BE2C,H3K9me3,hAT-Tip100,0.005300371583885631,0.22174239660447276,-0.0032016250214358024,0.013801601973188525
406,BE2C,H3K9me3,CR1,0.01107599190342907,0.01898809339388229,0.0018214658245170124,0.0203286209041164
407,BE2C,H3K9me3,Gypsy,0.013338708975451814,0.09509900991349636,-0.0023253731096791875,0.02899624696710378
408,BE2C,H3K9me3,hAT-Blackjack,0.009722430287867848,0.23360838569405534,-0.006276332159492459,0.025716216698590796
409,BE2C,H3K9me3,TcMar-Mariner,0.008691860187342158,0.2908127895576803,-0.007435792536882103,0.024814992311207505
410,BE2C,H3K9me3,RTE-X,-0.008158324546188346,0.42844574012195147,-0.028345259918863795,0.012035262696412488
411,BE2C,H3K9me3,ERVK,-0.02631860253369387,0.02558650961735763,-0.04939968097791247,-0.003209428751358107
412,BE2C,H3K9me3,TcMar-Tc2,0.01817400358362374,0.14225643802589277,-0.006102694382929697,0.04242929137991717
413,BE2C,H3K9me3,SVA,0.009597115575026124,0.5025109761451569,-0.018455068690529604,0.037634202158058024
414,BE2C,H3K9me3,RTE-BovB,-0.011329778974149442,0.4428917447391857,-0.04025160134658688,0.017611012346060117
415,BE2C,H3K9me3,tRNA-RTE,0.0177261566081733,0.27013677967346383,-0.013783611997871387,0.049200754073026036
416,BE2C,H3K9me3,hAT-Ac,0.024321829921624155,0.18038971123229236,-0.011272707423342259,0.05985480732791468
417,BE2C,H3K9me3,hAT,0.01079230638916993,0.5758195971864946,-0.027012462544084147,0.048566248146336234
418,BE2C,H3K9me3,MULE-MuDR,0.04170939793293698,0.045442995095972334,0.0008299772832286832,0.08244964765427318
419,BE2C,H3K9me3,PiggyBac,0.018964004699388127,0.38711261115389806,-0.02401835336268601,0.06187638032471836
420,BE2C,H3K9me3,5S-Deu-L2,-0.006932546883726743,0.7638173444789591,-0.05211321022369391,0.03827643826884138
421,BE2C,H3K9me3,Helitron,0.006000102033264699,0.8055357238628748,-0.041751557353341046,0.05372441298974814
422,BE2C,H3K9me3,hAT-Tag1,-0.007323461842438031,0.7642128425935772,-0.055129259169897554,0.04051583473341547
423,BE2C,H3K9me3,tRNA,0.026544271445483162,0.3039192414278955,-0.024076683659106934,0.07702945736489686
424,BE2C,H3K9me3,Penelope,-0.016558433449851653,0.6727693979338581,-0.09317032096032214,0.06024837757399078
425,BE2C,H3K9me3,TcMar-Tc1,0.053422486011466534,0.17305251296231608,-0.023512459760698906,0.12972839341708028
426,BE2C,H3K9me3,Dong-R4,0.00675922247246428,0.8891115324118565,-0.08808509504597235,0.10148208574217933
427,BE2C,H3K9me3,tRNA-Deu,0.0460709534022275,0.34742214980343933,-0.05011627510794525,0.14141139420232965
428,BE2C,H3K9me3,Kolobok,-0.06551966581755694,0.218152800490588,-0.1685677402629123,0.03894511488230765
429,BE2C,H3K9me3,PIF-Harbinger,-0.008153082371737176,0.8793697335569743,-0.11303815251384557,0.09691168918212459
430,BE2C,H3K9me3,Crypton,0.03604549227512112,0.5459157732478346,-0.08092979152277738,0.1520413264740753
431,BE2C,H3K9me3,Merlin,0.021242185958421027,0.7590243618940624,-0.1141690345863934,0.1558785128200175
432,BE2C,H3K9me3,TcMar,0.005245356559162582,0.9410879912131406,-0.13324702966118127,0.1435368158175656
433,BE2C,H3K9me3,L1-Tx1,0.09946829675629104,0.24749734861594827,-0.06982128648990416,0.2631890131857332
434,BE2C,H3K9me3,Crypton-A,0.02196411913408436,0.8033518784190119,-0.15014738623780519,0.19278351171198843
435,BE2C,H3K9me3,I-Jockey,-0.141126864980076,0.14326015611350898,-0.3215628462472374,0.04919915647804951
436,BE2C,H3K9me3,hAT-Tip100?,0.10032642089093703,0.43401071557966076,-0.15181828828851476,0.34021110959706596
437,BE2C,H3K9me3,TcMar-Pogo,-0.14186217008797652,0.4386381608883686,-0.4688600797129276,0.21933486627191662
438,BE2C,H3K9me3,hAT?,-0.19418449197860962,0.27887878695136586,-0.5064015814406878,0.16304609975368023
439,BE2C,H3K9me3,hAT-hAT19,0.03529411764705882,0.8967532476935333,-0.4687418466013702,0.521992247339007
440,BE2C,H3K36me3,Alu,-0.0007744379201765068,0.4166093213982165,-0.0026430002368232394,0.0010941298044280425
441,BE2C,H3K36me3,L1,-0.0008492121886712882,0.538129825388868,-0.003552753413296015,0.0018543414500327158
442,BE2C,H3K36me3,MIR,-0.00025126757183228015,0.8567447198967441,-0.002979360439796725,0.00247682903625066
443,BE2C,H3K36me3,L2,0.001477577459719355,0.37772072825428604,-0.0018054844967574652,0.004760607564310744
444,BE2C,H3K36me3,ERVL-MaLR,0.002592254098799002,0.19665472114470678,-0.0013428215830483476,0.006527249500565263
445,BE2C,H3K36me3,hAT-Charlie,-0.0002522414247644495,0.905888127569507,-0.004433883485875596,0.003929409457818723
446,BE2C,H3K36me3,ERV1,0.00968862101844922,0.0016278769112522905,0.0036619012104102963,0.015714637034991367
447,BE2C,H3K36me3,ERVL,-0.0008927717012103894,0.7753065409920283,-0.007022845505886132,0.005237369201054778
448,BE2C,H3K36me3,TcMar-Tigger,0.000588751641237551,0.8531558068776777,-0.005645529240900252,0.006822986758548933
449,BE2C,H3K36me3,hAT-Tip100,-0.0004569479434536006,0.9161047376275271,-0.008958626222556125,0.008044796391230478
450,BE2C,H3K36me3,CR1,-0.010945847907251985,0.02043704938878248,-0.020198404813596364,-0.001691416252648936
451,BE2C,H3K36me3,Gypsy,-0.0018445004958999314,0.8174797546169609,-0.017507407848151878,0.013819311922043208
452,BE2C,H3K36me3,hAT-Blackjack,0.03157488864591568,0.00010908729215931083,0.015582432585179122,0.04755119381390696
453,BE2C,H3K36me3,TcMar-Mariner,-0.009581032391690086,0.24437051840448898,-0.02570755775077411,0.006550478344533148
454,BE2C,H3K36me3,RTE-X,0.012809609260004993,0.21379037879964963,-0.007386541618653992,0.03299531414707777
455,BE2C,H3K36me3,ERVK,0.0016030023250086694,0.8918321264045467,-0.021498514089506444,0.024702807881083748
456,BE2C,H3K36me3,TcMar-Tc2,-0.0008771253077236891,0.9435652769731793,-0.025157907843149103,0.023404691502230405
457,BE2C,H3K36me3,SVA,0.0016819141184388335,0.9064641835449389,-0.026368792884675994,0.029729974561903294
458,BE2C,H3K36me3,RTE-BovB,0.02981616590628709,0.04341345760967902,0.0008764058703433962,0.05870602503941432
459,BE2C,H3K36me3,tRNA-RTE,-0.01271830141701075,0.42878058895573223,-0.04419740105048151,0.01878602848731505
460,BE2C,H3K36me3,hAT-Ac,-0.015617211125142038,0.38991057227667525,-0.05118218331795312,0.019987322060556152
461,BE2C,H3K36me3,hAT,0.028743185226202686,0.13604983273707658,-0.009060080677231604,0.06646440862136005
462,BE2C,H3K36me3,MULE-MuDR,-0.021743643349701757,0.2972518254476335,-0.0625648317412186,0.01915017419612524
463,BE2C,H3K36me3,PiggyBac,0.004254077945594327,0.8461080493777976,-0.03869149239023278,0.047183961949947076
464,BE2C,H3K36me3,5S-Deu-L2,-0.025729018787774924,0.2647119556344617,-0.07085053459253662,0.019497576611186174
465,BE2C,H3K36me3,Helitron,-0.0246450387975357,0.3122798420427326,-0.07234888417146221,0.02317130673445811
466,BE2C,H3K36me3,hAT-Tag1,-0.00959427682749823,0.694345570495482,-0.05739350642235719,0.03824883842057199
467,BE2C,H3K36me3,tRNA,0.0054967684470868,0.8314400191589694,-0.04509588124618986,0.05606129369803043
468,BE2C,H3K36me3,Penelope,0.010390380196040473,0.7909995887157304,-0.0663896350024397,0.08704807123187565
469,BE2C,H3K36me3,TcMar-Tc1,0.044080403615909744,0.26140232302215977,-0.032911171746013414,0.12055190744126143
470,BE2C,H3K36me3,Dong-R4,-0.060808666204419236,0.20929640260345014,-0.15478952411143992,0.034262863859054284
471,BE2C,H3K36me3,tRNA-Deu,-0.05055907423012286,0.3024250319654454,-0.14582743511276527,0.045638366183715307
472,BE2C,H3K36me3,Kolobok,-0.06371812680460359,0.23110214919341013,-0.16680361268547705,0.04074527110201252
473,BE2C,H3K36me3,PIF-Harbinger,0.004930072730861746,0.9268795913562244,-0.10010246041668172,0.10985394029693465
474,BE2C,H3K36me3,Crypton,-0.05685912275041763,0.3405615809571597,-0.17240608104138475,0.06023137109201917
475,BE2C,H3K36me3,Merlin,-0.033550479653546066,0.627967002676225,-0.16789553613054273,0.10201806132895232
476,BE2C,H3K36me3,TcMar,-0.01332212688571649,0.8511086058146469,-0.1514436756874022,0.1253096977784738
477,BE2C,H3K36me3,L1-Tx1,0.06899424426736658,0.4230663302099553,-0.10007632122209674,0.23419233884829338
478,BE2C,H3K36me3,Crypton-A,-0.0182647304939287,0.8359605746372499,-0.18921142498676452,0.15375652478781382
479,BE2C,H3K36me3,I-Jockey,-0.14092299138170697,0.14384488186386873,-0.3213738901894377,0.049403944854298755
480,BE2C,H3K36me3,hAT-Tip100?,0.0363863287250384,0.7770864418387398,-0.21338159983153368,0.2816896455252431
481,BE2C,H3K36me3,TcMar-Pogo,-0.08944281524926685,0.6263913088314117,-0.4254811133886043,0.2682719996009613
482,BE2C,H3K36me3,hAT?,0.1002673796791444,0.5787679823624801,-0.2525471761295127,0.42954819904442754
483,BE2C,H3K36me3,hAT-hAT19,0.16764705882352943,0.5348568245819433,-0.36110646855831324,0.6148281337779065
484,BE2C,H3K27me3,Alu,-9.966643591957408e-05,0.9167338554316895,-0.001968099477413142,0.0017687673014536937
485,BE2C,H3K27me3,L1,-0.001665353225373113,0.227288850947186,-0.004368750589172722,0.0010380684807060163
486,BE2C,H3K27me3,MIR,0.00045833123042759126,0.7419304489547998,-0.0022696292063756123,0.00318628484565692
487,BE2C,H3K27me3,L2,7.392967418223367e-05,0.9647953675570631,-0.003209025797462254,0.0033568835522294997
488,BE2C,H3K27me3,ERVL-MaLR,-0.0012861434748195984,0.5217735104629236,-0.0052210709536468485,0.0026488238328784696
489,BE2C,H3K27me3,hAT-Charlie,-0.00200865427176991,0.34640826071797337,-0.006189748847995596,0.0021725105347063954
490,BE2C,H3K27me3,ERV1,-0.000328853399938367,0.9148118543504928,-0.006354152110548548,0.005696469188304373
491,BE2C,H3K27me3,ERVL,-0.0010410691178989902,0.7392240933006526,-0.00717065636203562,0.005088596357085064
492,BE2C,H3K27me3,TcMar-Tigger,0.00038624370998603994,0.9033420281187642,-0.005847399565615241,0.006619856968172921
493,BE2C,H3K27me3,hAT-Tip100,0.000403891293052407,0.9258173212833938,-0.00809800946784562,0.00890573366594531
494,BE2C,H3K27me3,CR1,0.0065519514486055775,0.16526405559202734,-0.0027028439000478,0.01580562451969281
495,BE2C,H3K27me3,Gypsy,0.002868520364275847,0.7196496739581397,-0.012794986401233568,0.018530619687874148
496,BE2C,H3K27me3,hAT-Blackjack,-0.001378470025028164,0.8658902890266433,-0.01737496990930632,0.014618735359603213
497,BE2C,H3K27me3,TcMar-Mariner,0.00619760750878611,0.4513901671604932,-0.009932029928067486,0.022324020662784088
498,BE2C,H3K27me3,RTE-X,-0.002398126817637795,0.8159471930183704,-0.022588330881613772,0.0177940326125843
499,BE2C,H3K27me3,ERVK,-0.011086800690727672,0.34700434473490094,-0.03418266950572206,0.0120209034638718
500,BE2C,H3K27me3,TcMar-Tc2,-0.0014880186691065148,0.9043587812428988,-0.02575538287482578,0.022781098270243064
501,BE2C,H3K27me3,SVA,-0.004495079048271287,0.7535468274082437,-0.032546306016167245,0.023563223944766048
502,BE2C,H3K27me3,RTE-BovB,0.008735159452182837,0.5541260861213031,-0.02020458881640173,0.03766028244932013
503,BE2C,H3K27me3,tRNA-RTE,-0.009447310240137795,0.5566921431325902,-0.04093136491876523,0.02205548647177984
504,BE2C,H3K27me3,hAT-Ac,0.01383291646770853,0.446260679508647,-0.021764886484619096,0.049395688974058015
505,BE2C,H3K27me3,hAT,0.012137179659530708,0.5291232034028543,-0.025661607478457138,0.049901311540213024
506,BE2C,H3K27me3,MULE-MuDR,0.01306201434341419,0.5313266840537139,-0.027835453014486932,0.053915825770713424
507,BE2C,H3K27me3,PiggyBac,0.023281795456421284,0.2883130746138264,-0.019702658620745103,0.06618034107658971
508,BE2C,H3K27me3,5S-Deu-L2,-0.02540047732162241,0.27099087344016876,-0.07053522014657523,0.019838059368455816
509,BE2C,H3K27me3,Helitron,-0.01217426179945713,0.6178213124682188,-0.059937169330452615,0.0356442648308936
510,BE2C,H3K27me3,hAT-Tag1,0.008411433728833507,0.7304585112278348,-0.03942973850024789,0.056214130396903164
511,BE2C,H3K27me3,tRNA,0.0034067610642868986,0.8950462381655777,-0.04718124581754692,0.05397733695107417
512,BE2C,H3K27me3,Penelope,0.0013751701266117317,0.97202105230486,-0.07535784218117035,0.0780919919405138
513,BE2C,H3K27me3,TcMar-Tc1,0.03332899587250053,0.3955278787075839,-0.043587698137116576,0.10985290688059925
514,BE2C,H3K27me3,Dong-R4,0.06919978138889316,0.1529631108405725,-0.0258696358437875,0.16302869820426016
515,BE2C,H3K27me3,tRNA-Deu,0.011507387025772142,0.8145406918315106,-0.08450412528991998,0.10730718409801941
516,BE2C,H3K27me3,Kolobok,-0.0016841901976228815,0.9747745503742178,-0.10575378513907578,0.10242189881869143
517,BE2C,H3K27me3,PIF-Harbinger,0.05359873219451817,0.31806966339106785,-0.05174755378566457,0.1577652912069645
518,BE2C,H3K27me3,Crypton,0.06034001799887767,0.3117745602082129,-0.05676232875338677,0.17580466539131603
519,BE2C,H3K27me3,Merlin,-0.08948902377558343,0.19539593278634007,-0.22213415476942963,0.046408435467859395
520,BE2C,H3K27me3,TcMar,-0.009114906115485226,0.8978143807765482,-0.1473266119292318,0.12944594294142564
521,BE2C,H3K27me3,L1-Tx1,0.06900824566984254,0.4229720022505109,-0.10006247459043219,0.23420571280432073
522,BE2C,H3K27me3,Crypton-A,0.11552181799031537,0.18886669883299817,-0.05771093360342065,0.2820012185526748
523,BE2C,H3K27me3,I-Jockey,-0.23324993049763693,0.014650952781956656,-0.40579260896325603,-0.04465349803170574
524,BE2C,H3K27me3,hAT-Tip100?,-0.12533602150537634,0.32769409151185047,-0.3627253775005752,0.1273285756214695
525,BE2C,H3K27me3,TcMar-Pogo,0.15909090909090906,0.3844607122447945,-0.20294101573813125,0.4828589020642943
526,BE2C,H3K27me3,hAT?,-0.022058823529411766,0.9030202861132655,-0.3626594928550539,0.3237405294506439
527,BE2C,H3K27me3,hAT-hAT19,0.0029411764705882353,0.9913748045563624,-0.4934845205018354,0.49792144373831837
528,SJSA1,H3K27ac,Alu,-0.0012343943509977298,0.19421381607584787,-0.0030979999262357462,0.0006292197984595095
529,SJSA1,H3K27ac,L1,0.00019700426573220097,0.8860950340928304,-0.002498482865090754,0.0028924885338296553
530,SJSA1,H3K27ac,MIR,-0.0010444527113468215,0.4527620495858572,-0.00377091639591755,0.0016820265014254568
531,SJSA1,H3K27ac,L2,-0.0002202206652956645,0.8953182135577148,-0.003500583085251646,0.0030601464941586013
532,SJSA1,H3K27ac,ERVL-MaLR,0.003814395717150729,0.056869407601113656,-0.00011148419050908926,0.007740158047621141
533,SJSA1,H3K27ac,hAT-Charlie,-0.0006582150721271363,0.7573775750782903,-0.0048341880859397975,0.003517780898718659
534,SJSA1,H3K27ac,ERV1,-0.0028346744272690684,0.35336738273202917,-0.008820909330249895,0.0031517636454028225
535,SJSA1,H3K27ac,ERVL,0.005634133991311032,0.07110902821768265,-0.000484501418531961,0.011752347558819683
536,SJSA1,H3K27ac,TcMar-Tigger,0.006131832774674947,0.053507697558240815,-9.267239676958104e-05,0.012355862815367977
537,SJSA1,H3K27ac,hAT-Tip100,0.0019232592046686324,0.6573224223143426,-0.006574013406007671,0.010420254090757577
538,SJSA1,H3K27ac,CR1,-0.0038800829694594506,0.41078553204651547,-0.0131253195018643,0.005365816916040392
539,SJSA1,H3K27ac,Gypsy,-0.005411202041749759,0.49789859383970003,-0.02105595497219522,0.010236200288016226
540,SJSA1,H3K27ac,hAT-Blackjack,-0.0056009248464546964,0.4917566823031516,-0.02156518278008238,0.01036618856315236
541,SJSA1,H3K27ac,TcMar-Mariner,-0.013912968009935694,0.09029580317443608,-0.030005565103200436,0.002186839837466793
542,SJSA1,H3K27ac,RTE-X,-0.01872004659413903,0.06897870958178004,-0.038882343659841154,0.001457487393364076
543,SJSA1,H3K27ac,ERVK,-0.0030063071089223244,0.7961430410504385,-0.025809424647428577,0.019799937338748876
544,SJSA1,H3K27ac,TcMar-Tc2,-0.021047286912744746,0.08903120370595005,-0.045283976511688036,0.003214165993838876
545,SJSA1,H3K27ac,SVA,0.003230345779882838,0.8206473707277762,-0.024693025581326675,0.03114868050119007
546,SJSA1,H3K27ac,RTE-BovB,-0.0028130093684501484,0.848813636488138,-0.03172567739912802,0.02610436249204081
547,SJSA1,H3K27ac,tRNA-RTE,0.0016100906996262233,0.9201997336759846,-0.029882910886658717,0.0330998987961214
548,SJSA1,H3K27ac,hAT-Ac,-0.00678884978062638,0.7081007939968658,-0.04230593467618251,0.02874537193876656
549,SJSA1,H3K27ac,hAT,0.004283831498739509,0.8241876256146334,-0.033500371160066406,0.04205580630202367
550,SJSA1,H3K27ac,MULE-MuDR,0.03273781336658368,0.11594894810278762,-0.008093828889369655,0.07346046771843459
551,SJSA1,H3K27ac,PiggyBac,0.04130070598118252,0.05856907022115953,-0.0015149707066366646,0.08396523596589493
552,SJSA1,H3K27ac,5S-Deu-L2,0.013879816673033448,0.5469055968633152,-0.03127843618679207,0.05898152020112493
553,SJSA1,H3K27ac,Helitron,0.011813839871849113,0.6269399398891569,-0.035820295899563724,0.0593944169850091
554,SJSA1,H3K27ac,hAT-Tag1,0.00022726014209252448,0.9925623695277124,-0.04752669471969805,0.04798017851999658
555,SJSA1,H3K27ac,tRNA,-0.027317328966718495,0.28956582448187135,-0.0777486791902832,0.023253462994629378
556,SJSA1,H3K27ac,Penelope,-0.025592086526674974,0.5122522051016304,-0.10183808318224144,0.05095282919897326
557,SJSA1,H3K27ac,TcMar-Tc1,0.023167573105503374,0.5545431500158255,-0.05366310686814742,0.09972556327343324
558,SJSA1,H3K27ac,Dong-R4,-0.032755172357221266,0.4991397722915508,-0.1271723020112176,0.06225022521328809
559,SJSA1,H3K27ac,tRNA-Deu,0.03325519178501348,0.4977364678088718,-0.06288688732098897,0.12878572966363902
560,SJSA1,H3K27ac,Kolobok,-0.013034438381774425,0.8069330441518288,-0.11711486308955363,0.0913292001043129
561,SJSA1,H3K27ac,PIF-Harbinger,-0.02512081522359303,0.6400093426109557,-0.1297750501943818,0.08008695143007388
562,SJSA1,H3K27ac,Crypton,-0.06069289908232106,0.3089480249402833,-0.1761490862466443,0.056410530191224655
563,SJSA1,H3K27ac,Merlin,0.04089290965866819,0.55375866497823,-0.09443227270954795,0.17473429701191032
564,SJSA1,H3K27ac,TcMar,-0.001611686773347653,0.9817928842556505,-0.13929069176105932,0.1361284461855682
565,SJSA1,H3K27ac,L1-Tx1,0.16358771939494463,0.05612174271561276,-0.00537318103947305,0.32346746999738446
566,SJSA1,H3K27ac,Crypton-A,-0.028639567178117043,0.7453931307860757,-0.19922068505472734,0.14362609518962385
567,SJSA1,H3K27ac,I-Jockey,0.01463256417384858,0.8799636598862222,-0.1739578153146543,0.20218758301220394
568,SJSA1,H3K27ac,hAT-Tip100?,-0.12376373626373627,0.32988366499602817,-0.35949718141431514,0.12681877466722552
569,SJSA1,H3K27ac,TcMar-Pogo,0.1502932551319648,0.4116232468252985,-0.21133200895599097,0.4757265214517724
570,SJSA1,H3K27ac,hAT?,0.05821237585943467,0.7436567210153646,-0.28584874859045584,0.3889788595748112
571,SJSA1,H3K27ac,hAT-hAT19,0.047058823529411764,0.8626036946668731,-0.45959953959144045,0.5306077414822763
572,SJSA1,H3K9me3,Alu,0.00017697568314869612,0.8522746728237779,-0.0016857218185239945,0.0020396719567376377
573,SJSA1,H3K9me3,L1,-0.0009005219003135276,0.5125546630958342,-0.0035957064001774217,0.0017946756824417497
574,SJSA1,H3K9me3,MIR,0.0004837834123177617,0.7279622746594685,-0.0022421949348207424,0.0032097545695251605
575,SJSA1,H3K9me3,L2,-0.0016799457998148163,0.31549419311296506,-0.00496021217904863,0.0016003567328487485
576,SJSA1,H3K9me3,ERVL-MaLR,0.0021983038549001793,0.2723276808662202,-0.0017267530755890662,0.006123293051776448
577,SJSA1,H3K9me3,hAT-Charlie,-0.000599280884117445,0.7784587638986558,-0.004774336027824987,0.003575795151934749
578,SJSA1,H3K9me3,ERV1,-6.340994511553629e-05,0.9834319284237476,-0.006048049732355908,0.0059212343842985045
579,SJSA1,H3K9me3,ERVL,-0.0017423192404316696,0.5766932097679257,-0.007859618043708749,0.004375109965878585
580,SJSA1,H3K9me3,TcMar-Tigger,0.0055257935579443055,0.08183089835029236,-0.0006980306442228251,0.011749189682342292
581,SJSA1,H3K9me3,hAT-Tip100,0.0014966817676752267,0.729885217440862,-0.0069991323046741825,0.009992279787477288
582,SJSA1,H3K9me3,CR1,0.0033333782112544954,0.47983738092527806,-0.005913222498864898,0.012579408945004707
583,SJSA1,H3K9me3,Gypsy,0.004361222450709132,0.584873866345145,-0.011286043220842357,0.020006352796509915
584,SJSA1,H3K9me3,hAT-Blackjack,0.002714922540126229,0.7389071623180835,-0.013249623778483734,0.01867808508157964
585,SJSA1,H3K9me3,TcMar-Mariner,0.003389564346866529,0.67979534844983,-0.01270591421062316,0.019483286844679194
586,SJSA1,H3K9me3,RTE-X,0.007275703195144733,0.4797245173825013,-0.012901674055859761,0.02744715760769761
587,SJSA1,H3K9me3,ERVK,0.016475939659080212,0.1565730971496888,-0.006320476363369783,0.03925523957254678
588,SJSA1,H3K9me3,TcMar-Tc2,-0.0009602595405068823,0.938146210101346,-0.025209376977008136,0.02328998725267794
589,SJSA1,H3K9me3,SVA,0.00195590482243129,0.8907849299712758,-0.025958114819258447,0.029866876732549157
590,SJSA1,H3K9me3,RTE-BovB,0.005776694010688727,0.6954753078838194,-0.02314575227321262,0.03468947870028361
591,SJSA1,H3K9me3,tRNA-RTE,-0.021748653571916,0.1759306595504462,-0.053207394897958095,0.009753214381057262
592,SJSA1,H3K9me3,hAT-Ac,0.013523643932387612,0.4558258864022112,-0.022021279185749105,0.049034420965856494
593,SJSA1,H3K9me3,hAT,0.012270340008747486,0.5244591376841707,-0.025514497858048175,0.050020168486543656
594,SJSA1,H3K9me3,MULE-MuDR,0.020216159039826497,0.3318623417289922,-0.020623781253459338,0.06098874593121626
595,SJSA1,H3K9me3,PiggyBac,0.023896403513036065,0.2737028440766527,-0.0189034072413397,0.06660879516415955
596,SJSA1,H3K9me3,5S-Deu-L2,-0.016366800249160103,0.4774837689774596,-0.061460897630739975,0.028793976462784216
597,SJSA1,H3K9me3,Helitron,0.018361513754326562,0.450109038506584,-0.02929449698895961,0.06593424067426379
598,SJSA1,H3K9me3,hAT-Tag1,-0.013487829327718203,0.5800765865319802,-0.06120401358741396,0.034289864398634365
599,SJSA1,H3K9me3,tRNA,-0.053565468210444486,0.03772763744628187,-0.10384963456743243,-0.003008166487079474
600,SJSA1,H3K9me3,Penelope,-0.02013809153158329,0.6058294462294078,-0.0963722796830418,0.05633098421833282
601,SJSA1,H3K9me3,TcMar-Tc1,-0.0025049187463228274,0.9490204677598679,-0.07915614243330596,0.07417575128288698
602,SJSA1,H3K9me3,Dong-R4,0.017067375381372735,0.7247740391085393,-0.07785224714402052,0.11168035706792732
603,SJSA1,H3K9me3,tRNA-Deu,-0.027081612391375208,0.5808605837702274,-0.12269540899232963,0.06903028918661197
604,SJSA1,H3K9me3,Kolobok,0.0521362657473486,0.32800807681839395,-0.05245443477027586,0.1555955702466921
605,SJSA1,H3K9me3,PIF-Harbinger,-0.0008053995362544983,0.9880384603563226,-0.10577656358353436,0.10418351683107471
606,SJSA1,H3K9me3,Crypton,0.026642389436479345,0.6553878475761699,-0.09025605409718952,0.14281668001932177
607,SJSA1,H3K9me3,Merlin,0.0828954071766242,0.22939874790912143,-0.05267138792411585,0.21546205423318882
608,SJSA1,H3K9me3,TcMar,-0.13929600529646766,0.04692047203512089,-0.272092061163701,-0.0012933909007884143
609,SJSA1,H3K9me3,L1-Tx1,0.17829385912886006,0.037115878034764745,0.009564311543057273,0.3371516189456344
610,SJSA1,H3K9me3,Crypton-A,-0.08931114234361366,0.31037064227398975,-0.25722344136945186,0.08383609719579393
611,SJSA1,H3K9me3,I-Jockey,0.05318320822907979,0.5828431268725425,-0.1364139203035294,0.2390219398848205
612,SJSA1,H3K9me3,hAT-Tip100?,-0.12119963369963369,0.3400785641813969,-0.3571940851730627,0.12934061122663754
613,SJSA1,H3K9me3,TcMar-Pogo,0.1972140762463343,0.27929918633889644,-0.1660926726997776,0.5133811630753499
614,SJSA1,H3K9me3,hAT?,-0.007181054239877769,0.9678486720038728,-0.344514147750863,0.33179439713962516
615,SJSA1,H3K9me3,hAT-hAT19,-0.18823529411764706,0.4850866091454682,-0.6284784835567567,0.3433482297655295
616,SJSA1,H3K36me3,Alu,8.528194432687189e-05,0.9285083130236322,-0.0017776929316921032,0.0019482562283741403
617,SJSA1,H3K36me3,L1,-0.00045908365242876834,0.7385142193453493,-0.003154489199536169,0.002236328565375809
618,SJSA1,H3K36me3,MIR,-0.002250564372273619,0.10563313997594197,-0.004976525706604039,0.0004754304099175497
619,SJSA1,H3K36me3,L2,-0.0026883377774762364,0.10821618239971335,-0.005968600845727045,0.0005919831459184268
620,SJSA1,H3K36me3,ERVL-MaLR,0.00033945794678648936,0.8653981362502676,-0.0035855999742919397,0.004264505408459231
621,SJSA1,H3K36me3,hAT-Charlie,-0.0006329911604437788,0.7663459898898304,-0.004807979281000575,0.003542019026976008
622,SJSA1,H3K36me3,ERV1,0.0009793742528708858,0.7484066490796962,-0.0050052985956317055,0.006963976946986631
623,SJSA1,H3K36me3,ERVL,-0.0007789534606240441,0.8029256612027635,-0.006896448446649351,0.005338599828703503
624,SJSA1,H3K36me3,TcMar-Tigger,0.002889459073113803,0.36284653221420415,-0.003334209676931528,0.009112903988420715
625,SJSA1,H3K36me3,hAT-Tip100,-0.0040034127022760884,0.35567665533159787,-0.012498183360005537,0.004491935785573318
626,SJSA1,H3K36me3,CR1,0.00211457374844114,0.6539600138301126,-0.007130939996152907,0.011359726000036749
627,SJSA1,H3K36me3,Gypsy,-6.347120557159256e-05,0.9936562733013552,-0.015708879742705267,0.01558196840443604
628,SJSA1,H3K36me3,hAT-Blackjack,-0.0029098699660502054,0.7208900500748829,-0.018871381492154258,0.013053124404624462
629,SJSA1,H3K36me3,TcMar-Mariner,0.002686592653224431,0.7435686770381024,-0.013409298082727531,0.01878109142703178
630,SJSA1,H3K36me3,RTE-X,-0.014315673437768585,0.16433289253498612,-0.03448196362687229,0.0058622696426613545
631,SJSA1,H3K36me3,ERVK,0.0022038688995850678,0.849750459053339,-0.020595856928799845,0.025001303683769953
632,SJSA1,H3K36me3,TcMar-Tc2,0.006809471340720627,0.5821782505044422,-0.017447103025878576,0.03105803484968169
633,SJSA1,H3K36me3,SVA,-0.005933820569909253,0.6769876064691347,-0.03384103685602241,0.021982641773873733
634,SJSA1,H3K36me3,RTE-BovB,-0.00028300541075940676,0.9847002093899282,-0.02920110558750693,0.02863556810401226
635,SJSA1,H3K36me3,tRNA-RTE,-0.02734163485795624,0.08867458418474541,-0.058772143944580114,0.004143028126824739
636,SJSA1,H3K36me3,hAT-Ac,0.014367444362985142,0.42812600622548247,-0.021172074512519637,0.049870698972739505
637,SJSA1,H3K36me3,hAT,-0.005009864031829201,0.7949691210953884,-0.042773598544322236,0.032768165379012844
638,SJSA1,H3K36me3,MULE-MuDR,0.017544855824315773,0.4000242290019712,-0.02332033382080398,0.05835151283897371
639,SJSA1,H3K36me3,PiggyBac,0.06054421309603087,0.005524976570536362,0.017766557620148185,0.1031006205244784
640,SJSA1,H3K36me3,5S-Deu-L2,0.026374843752987605,0.25227164909160443,-0.018791855018127038,0.07143411276626292
641,SJSA1,H3K36me3,Helitron,-0.03798323659740204,0.11811545977373475,-0.08547209317646048,0.009677808527841484
642,SJSA1,H3K36me3,hAT-Tag1,0.001085186288708741,0.9644958895159019,-0.04667068475362107,0.04883610803610085
643,SJSA1,H3K36me3,tRNA,-0.03493173512111253,0.17559584577920173,-0.0853257474513231,0.01564054459016529
644,SJSA1,H3K36me3,Penelope,0.033372265997433884,0.3927397058569778,-0.043191897401514544,0.10954672566624225
645,SJSA1,H3K36me3,TcMar-Tc1,-0.03164341182927861,0.4191569932988496,-0.10806659786705557,0.04515157162600015
646,SJSA1,H3K36me3,Dong-R4,-0.06623177843213691,0.17140329535934914,-0.160115567662639,0.028839544233724885
647,SJSA1,H3K36me3,tRNA-Deu,0.0022539598951902195,0.9633545803623365,-0.09368149772449341,0.0981479460944961
648,SJSA1,H3K36me3,Kolobok,-0.05973151661915573,0.26234405420001594,-0.16304290392977686,0.044875542452967494
649,SJSA1,H3K36me3,PIF-Harbinger,-0.06934749722388998,0.1962093844688156,-0.17319044720940244,0.03602034617662395
650,SJSA1,H3K36me3,Crypton,0.02675489840907008,0.6540267378107399,-0.09014455536337451,0.14292714333146472
651,SJSA1,H3K36me3,Merlin,0.1003654335060015,0.1452868302542392,-0.035195500969031616,0.23229973697763195
652,SJSA1,H3K36me3,TcMar,-0.02181479373591256,0.7573744560069344,-0.15906290111021362,0.11626051303946222
653,SJSA1,H3K36me3,L1-Tx1,0.17269096457139718,0.04359513169799121,0.0038662400830816305,0.3319443440468257
654,SJSA1,H3K36me3,Crypton-A,-0.23125182668332345,0.00787098719092064,-0.3893641952994095,-0.05990103873116878
655,SJSA1,H3K36me3,I-Jockey,0.03694745621351126,0.7028872610918768,-0.15227557374963127,0.2235576204451216
656,SJSA1,H3K36me3,hAT-Tip100?,-0.04459706959706959,0.7263995204347862,-0.2873717784537932,0.20356200496185917
657,SJSA1,H3K36me3,TcMar-Pogo,0.18988269794721407,0.2979168437164334,-0.17324165112215975,0.5075600714475003
658,SJSA1,H3K36me3,hAT?,0.08204736440030558,0.6445843866638995,-0.263978051589331,0.4093616084093416
659,SJSA1,H3K36me3,hAT-hAT19,0.12352941176470587,0.6485420669723405,-0.3981954146302434,0.5848677681002367
660,SJSA1,H3K27me3,Alu,0.0005410437591311466,0.5692516128705589,-0.0013221183168756916,0.0024042020788151487
661,SJSA1,H3K27me3,L1,-0.000495890203970142,0.7183984812776658,-0.003191185818123713,0.002199412615110709
662,SJSA1,H3K27me3,MIR,0.0002775997718516981,0.841809635327385,-0.00244855930600415,0.003003754723501934
663,SJSA1,H3K27me3,L2,0.003289335296925068,0.04936791789152402,9.09025228474699e-06,0.0065695095557817594
664,SJSA1,H3K27me3,ERVL-MaLR,-0.0021144558425739437,0.29107806437830214,-0.006039777994046649,0.0018109314699942226
665,SJSA1,H3K27me3,hAT-Charlie,-0.0009352108197387456,0.6606715343128127,-0.005110656391716989,0.00324026736210021
666,SJSA1,H3K27me3,ERV1,1.4147807023699415e-05,0.9963035505129911,-0.00597116446325784,0.00599945906364438
667,SJSA1,H3K27me3,ERVL,0.0035049959299284523,0.2614790861297048,-0.0026128144095460748,0.009622543910236564
668,SJSA1,H3K27me3,TcMar-Tigger,-0.001371159211954942,0.665895491722535,-0.007594975527287035,0.004852763331533453
669,SJSA1,H3K27me3,hAT-Tip100,0.005293775774550266,0.22197464270711256,-0.003201908631629811,0.013788696054008573
670,SJSA1,H3K27me3,CR1,-0.0039936040208886974,0.39718904387090637,-0.013238001871239614,0.005251476468699884
671,SJSA1,H3K27me3,Gypsy,-0.006780616490358236,0.39568017592495175,-0.022424339905024945,0.008866426568609639
672,SJSA1,H3K27me3,hAT-Blackjack,0.0010481741947810166,0.8976140591956054,-0.014916552012801513,0.017012366118138732
673,SJSA1,H3K27me3,TcMar-Mariner,-0.01234700353389228,0.1327808410731317,-0.028439960052447148,0.0037523518372531784
674,SJSA1,H3K27me3,RTE-X,0.01729578715622649,0.09292270222969454,-0.00288194340111127,0.03745943968677694
675,SJSA1,H3K27me3,ERVK,0.0011128734533827598,0.9237968578410864,-0.02168788978983043,0.02391247964414393
676,SJSA1,H3K27me3,TcMar-Tc2,-0.023599560958037797,0.056527891593870075,-0.047830822731367025,0.0006594611809546944
677,SJSA1,H3K27me3,SVA,-0.004841585419922396,0.7340119020618271,-0.032758391952283084,0.023082769890668552
678,SJSA1,H3K27me3,RTE-BovB,0.010986752545319578,0.45653015462172797,-0.017935008763760703,0.03989014317174831
679,SJSA1,H3K27me3,tRNA-RTE,-0.0064548433759080625,0.6879538150504437,-0.037938925163235326,0.02504204084188057
680,SJSA1,H3K27me3,hAT-Ac,-4.177108872584407e-05,0.9981616391243062,-0.035562763018289846,0.03547932624973061
681,SJSA1,H3K27me3,hAT,0.020259662588138546,0.29326907370501587,-0.01752921668318321,0.05799074506193
682,SJSA1,H3K27me3,MULE-MuDR,0.02327737133097971,0.26384727861971147,-0.017563595890754905,0.06404079138446923
683,SJSA1,H3K27me3,PiggyBac,-0.017720522065661846,0.41700020460606735,-0.06045243744730614,0.025076227799205427
684,SJSA1,H3K27me3,5S-Deu-L2,0.007668649311906801,0.7392709314267347,-0.03748147279172289,0.05278752561770379
685,SJSA1,H3K27me3,Helitron,0.007143107422626761,0.7689226557101594,-0.04049765943175374,0.05475147007536216
686,SJSA1,H3K27me3,hAT-Tag1,0.04181723505736487,0.08615800343277355,-0.005968968199222401,0.08941288556869487
687,SJSA1,H3K27me3,tRNA,-0.02930864340830826,0.25582745613018215,-0.07973065177645691,0.02126296297091191
688,SJSA1,H3K27me3,Penelope,-0.05513631568450007,0.15742281419704526,-0.1310166959126735,0.02138632242479277
689,SJSA1,H3K27me3,TcMar-Tc1,0.010824004240771382,0.7823288616215991,-0.06589922491881098,0.08741999981290667
690,SJSA1,H3K27me3,Dong-R4,0.012600639219214262,0.7949162250636375,-0.08228819332160933,0.10726306766454133
691,SJSA1,H3K27me3,tRNA-Deu,-0.022558412073931597,0.6455985953637009,-0.11822977714838259,0.07352791002714582
692,SJSA1,H3K27me3,Kolobok,-0.007043555090303792,0.8949395049771872,-0.11119835130679954,0.09726429337635602
693,SJSA1,H3K27me3,PIF-Harbinger,-0.023105340288756368,0.6670848902015769,-0.12778933095264555,0.08208779592359752
694,SJSA1,H3K27me3,Crypton,0.024935429777032215,0.6761758214008052,-0.0919474171125161,0.14114049035477644
695,SJSA1,H3K27me3,Merlin,0.14310912563824907,0.037332420085580485,0.007832198198532255,0.2732421204772093
696,SJSA1,H3K27me3,TcMar,0.016359302147980984,0.816801829038814,-0.12163366480843742,0.153731874521741
697,SJSA1,H3K27me3,L1-Tx1,0.094493131743167,0.27205631286206866,-0.07477689792283587,0.2584703191336091
698,SJSA1,H3K27me3,Crypton-A,-0.030387835258421488,0.7304320566916293,-0.20090473119857727,0.14191634736207512
699,SJSA1,H3K27me3,I-Jockey,-0.03836530442035029,0.6920507453570819,-0.22491091466250643,0.15089330099486034
700,SJSA1,H3K27me3,hAT-Tip100?,-0.2207417582417582,0.07963264610984644,-0.4449789390853276,0.029541927483762227
701,SJSA1,H3K27me3,TcMar-Pogo,-0.07184750733137829,0.6959699616344138,-0.4106535454804418,0.2843919480075432
702,SJSA1,H3K27me3,hAT?,0.06707410236822,0.7062466152179703,-0.2777484666216806,0.3965854715848206
703,SJSA1,H3K27me3,hAT-hAT19,-0.2058823529411765,0.4442846410521438,-0.6400119754516044,0.32788695574892646
704,SJSA1,H3K4me3,Alu,-0.0013235408319585203,0.16394878014354888,-0.003187221602853321,0.0005401491331224117
705,SJSA1,H3K4me3,L1,-0.0014467007751597155,0.29285330322921266,-0.004142306921381352,0.0012489263955718771
706,SJSA1,H3K4me3,MIR,0.0008132425183754373,0.5587964464664812,-0.0019131408898974821,0.003539613836759903
707,SJSA1,H3K4me3,L2,-0.0015820414478630123,0.3445585419484507,-0.0048625393982194495,0.0016984905537379533
708,SJSA1,H3K4me3,ERVL-MaLR,0.00017551342404374443,0.9301742593709501,-0.0037502665207271393,0.004101287958884531
709,SJSA1,H3K4me3,hAT-Charlie,0.0022745381710057746,0.28571862652895275,-0.0019013573983062756,0.006450354414148873
710,SJSA1,H3K4me3,ERV1,0.0004959262069792296,0.8710247584716374,-0.0054908260613419696,0.006482642926319336
711,SJSA1,H3K4me3,ERVL,-2.7720555517015135e-05,0.992914779897057,-0.006145961736941096,0.006090522701227959
712,SJSA1,H3K4me3,TcMar-Tigger,-0.000828828686654868,0.7941248629123338,-0.007053770168540255,0.005396177029989042
713,SJSA1,H3K4me3,hAT-Tip100,0.001965740037913182,0.6502585987221043,-0.006531694303852004,0.010462890510079655
714,SJSA1,H3K4me3,CR1,-0.0013629003444104682,0.7726815471590456,-0.010609781122957714,0.007884213509498417
715,SJSA1,H3K4me3,Gypsy,0.006098274848156405,0.44494877384094045,-0.009549202901661348,0.021742766810112706
716,SJSA1,H3K4me3,hAT-Blackjack,-0.007318935900423315,0.3689513590957215,-0.023281960614910623,0.008647819881273996
717,SJSA1,H3K4me3,TcMar-Mariner,-0.010224858767739991,0.21332829952662827,-0.026323830458976617,0.005879415317683412
718,SJSA1,H3K4me3,RTE-X,0.015421658530285003,0.13412918315799527,-0.004757306503350025,0.035588069282077986
719,SJSA1,H3K4me3,ERVK,0.008764266114544252,0.45144863005845104,-0.01404844810402157,0.03156786108166891
720,SJSA1,H3K4me3,TcMar-Tc2,-0.008027565633042319,0.5167055389672996,-0.03228251196478565,0.016236830260063742
721,SJSA1,H3K4me3,SVA,-0.040729714276490865,0.004236866101302111,-0.06858150648757153,-0.012814482998074644
722,SJSA1,H3K4me3,RTE-BovB,-0.018697837560151125,0.2050746418597281,-0.047589822926917734,0.010225408431527793
723,SJSA1,H3K4me3,tRNA-RTE,-0.016590175047085695,0.30191539130633416,-0.04805869648083613,0.014911247228722955
724,SJSA1,H3K4me3,hAT-Ac,0.035368364194165475,0.051113351343741405,-0.00018152512223871582,0.0708289696465857
725,SJSA1,H3K4me3,hAT,0.03479336402520919,0.07108346236556515,-0.003000610050962955,0.0724880823809312
726,SJSA1,H3K4me3,MULE-MuDR,0.016548684047896285,0.4271182381771864,-0.024298135216233793,0.05734034105814367
727,SJSA1,H3K4me3,PiggyBac,0.03552885627971127,0.10359250081046444,-0.007270062859290557,0.07819784676209991
728,SJSA1,H3K4me3,5S-Deu-L2,0.018449067451279826,0.42327932282258074,-0.026713500377903432,0.06353647538716639
729,SJSA1,H3K4me3,Helitron,-0.04852826250645469,0.04575679194790491,-0.09594675206186992,-0.0008900111366713134
730,SJSA1,H3K4me3,hAT-Tag1,0.024127106978630342,0.3222734809653631,-0.02366053443527372,0.07180474187177177
731,SJSA1,H3K4me3,tRNA,-0.008446097705688407,0.7433696853973069,-0.05895111687271085,0.042102049216994855
732,SJSA1,H3K4me3,Penelope,0.003369498080335795,0.9312528820490276,-0.07308230648856397,0.07978193387214243
733,SJSA1,H3K4me3,TcMar-Tc1,-0.03558722415534475,0.36391183129878035,-0.11203045427497847,0.04127472712205082
734,SJSA1,H3K4me3,Dong-R4,-0.016960312076922276,0.7264312393710504,-0.11157451172646479,0.07795860540842554
735,SJSA1,H3K4me3,tRNA-Deu,0.006249817722211545,0.8986266402092532,-0.08971998009530477,0.10210462482105842
736,SJSA1,H3K4me3,Kolobok,-0.02806453041789592,0.5987026330697425,-0.13193403434827902,0.07641457705181612
737,SJSA1,H3K4me3,PIF-Harbinger,0.01926903569782384,0.7198066878767742,-0.0858944963980199,0.1240079243878687
738,SJSA1,H3K4me3,Crypton,-0.017397593340447597,0.7707457828877484,-0.1337325553668471,0.0994103382860626
739,SJSA1,H3K4me3,Merlin,0.12205781318187416,0.07617608479236289,-0.01340731744642772,0.25312317478237034
740,SJSA1,H3K4me3,TcMar,-0.08427574586956052,0.23074764931602934,-0.2193437367049826,0.053961861982435126
741,SJSA1,H3K4me3,L1-Tx1,0.13006602830041977,0.12980343600502045,-0.03920256020353186,0.29207811108038817
742,SJSA1,H3K4me3,Crypton-A,-0.224701826883221,0.009872438943884383,-0.38337788962565106,-0.05314130325154566
743,SJSA1,H3K4me3,I-Jockey,0.013381521638402373,0.8901592553072117,-0.17516935648270782,0.20098554367428403
744,SJSA1,H3K4me3,hAT-Tip100?,-0.006181318681318681,0.961336602511324,-0.2516105463950524,0.23999487369244515
745,SJSA1,H3K4me3,TcMar-Pogo,0.1946480938416422,0.2857279583286563,-0.1685982785123852,0.5113464141592974
746,SJSA1,H3K4me3,hAT?,-0.14163483575248279,0.42428166806592793,-0.45926105708709913,0.20810280529428235
747,SJSA1,H3K4me3,hAT-hAT19,0.008823529411764706,0.9741279946623942,-0.4890287637649059,0.5023396357269391
748,HAP-1,H3K27ac,Alu,-0.001016855749821369,0.28657845934531984,-0.0028870568267077117,0.0008533524403146161
749,HAP-1,H3K27ac,L1,-0.0011251002197415925,0.41468069871166113,-0.0038285277335700515,0.00157834373984337
750,HAP-1,H3K27ac,MIR,-0.0013811840661222957,0.3212567241265787,-0.004110401823407686,0.001348054267214416
751,HAP-1,H3K27ac,L2,0.0011942741304974522,0.4758789246862608,-0.00208891100124189,0.0044774335155127
752,HAP-1,H3K27ac,ERVL-MaLR,-0.001061555119412052,0.5971874661762071,-0.004998717933742355,0.0028756406060952127
753,HAP-1,H3K27ac,hAT-Charlie,0.002327591726401024,0.2755493104270979,-0.001856307528553314,0.006511409493454267
754,HAP-1,H3K27ac,ERV1,0.002036814201767222,0.5080165552711726,-0.003994169009373009,0.008067649246830799
755,HAP-1,H3K27ac,ERVL,-0.001393821284906777,0.656017514852008,-0.007526901492659446,0.0047393637811055924
756,HAP-1,H3K27ac,TcMar-Tigger,0.0031946246552621163,0.31543890722736534,-0.003042583406434304,0.009431584164866324
757,HAP-1,H3K27ac,hAT-Tip100,-0.0016405347809308791,0.7054158567688484,-0.010146113495162644,0.006865281309112788
758,HAP-1,H3K27ac,CR1,-0.00125953447854492,0.7896987028141624,-0.010515392368507313,0.007996539227709867
759,HAP-1,H3K27ac,Gypsy,0.002283605800491641,0.7750992414531714,-0.013381293595453706,0.017947384526949706
760,HAP-1,H3K27ac,hAT-Blackjack,-0.007405494086230186,0.3643047338980099,-0.023401414954397348,0.008594217567831746
761,HAP-1,H3K27ac,TcMar-Mariner,0.01095900647154951,0.1831793912324252,-0.005179081060734697,0.027091387056474167
762,HAP-1,H3K27ac,RTE-X,0.014890364494983033,0.1484304361370525,-0.005306834297407499,0.035075419540493924
763,HAP-1,H3K27ac,ERVK,-0.002863707249689084,0.8081734341236078,-0.025977194918906394,0.02025284062535462
764,HAP-1,H3K27ac,TcMar-Tc2,0.032912663712619,0.00790835336844586,0.00862234849238957,0.05716416072932613
765,HAP-1,H3K27ac,SVA,0.020734333382799997,0.14826224485709963,-0.007380055670240919,0.04881596892410645
766,HAP-1,H3K27ac,RTE-BovB,0.0024930932738384502,0.8659790267552484,-0.02645557050802963,0.031437579083147676
767,HAP-1,H3K27ac,tRNA-RTE,0.003103879972852054,0.846858600858281,-0.02839043687798363,0.034592040540597196
768,HAP-1,H3K27ac,hAT-Ac,-0.03171727031499267,0.08082867726997592,-0.06725324893700284,0.003899075825039764
769,HAP-1,H3K27ac,hAT,0.004813622661933147,0.80304702440047,-0.033006350756784465,0.04261983043968948
770,HAP-1,H3K27ac,MULE-MuDR,-0.003077702438127955,0.8827203833331956,-0.04394424269453422,0.037799120484620044
771,HAP-1,H3K27ac,PiggyBac,0.02916340758523804,0.18314353055262944,-0.013790985232782523,0.07201036057210224
772,HAP-1,H3K27ac,5S-Deu-L2,0.012474739365101666,0.5888156544178713,-0.03275396102391305,0.05765245182048312
773,HAP-1,H3K27ac,Helitron,-0.011233066969199755,0.6452544314186572,-0.05899891199798677,0.03658409779804
774,HAP-1,H3K27ac,hAT-Tag1,0.023148254055271624,0.3428752156164325,-0.024695710411160865,0.07088642138530685
775,HAP-1,H3K27ac,tRNA,-0.005991388080918486,0.8164710452445871,-0.05653760974567032,0.04458546827922281
776,HAP-1,H3K27ac,Penelope,-0.0028598345696145113,0.9418092990653399,-0.07950886341498997,0.07382281276659133
777,HAP-1,H3K27ac,TcMar-Tc1,-0.015952522755896682,0.685237393181999,-0.09286395849139024,0.06114815562961049
778,HAP-1,H3K27ac,Dong-R4,-0.06450185277302145,0.18288993072036466,-0.15841705439728243,0.030569995392964365
779,HAP-1,H3K27ac,tRNA-Deu,0.019319268950022863,0.69370112904258,-0.07674693494046647,0.11503007530430905
780,HAP-1,H3K27ac,Kolobok,0.006154476556798816,0.9082683079818834,-0.09829252331135704,0.11046736323224565
781,HAP-1,H3K27ac,PIF-Harbinger,-0.015245849055366434,0.7765554835713618,-0.12003985874722774,0.08988416564552089
782,HAP-1,H3K27ac,Crypton,-0.008134795808801323,0.8916275900744769,-0.12461602607504532,0.10856761206596666
783,HAP-1,H3K27ac,Merlin,-0.03716951401143804,0.5913390124919118,-0.17142324147615556,0.09843950342370139
784,HAP-1,H3K27ac,TcMar,-0.013677050393249679,0.8468100806597473,-0.15144845687732159,0.12461562516671558
785,HAP-1,H3K27ac,L1-Tx1,0.08822283700101675,0.30528731301743484,-0.08101350043525746,0.25251476625490704
786,HAP-1,H3K27ac,Crypton-A,-0.003261654342186303,0.970506017533093,-0.17468986463060884,0.16835847719986186
787,HAP-1,H3K27ac,I-Jockey,0.1273375961449356,0.1870036789576235,-0.06302241105310923,0.3087574118748505
788,HAP-1,H3K27ac,hAT-Tip100?,-0.4114343317972351,0.0008082613469298763,-0.6049118010142013,-0.17208615454108664
789,HAP-1,H3K27ac,TcMar-Pogo,0.007331378299120234,0.9682342625092057,-0.34224180798049186,0.35512179713093395
790,HAP-1,H3K27ac,hAT?,0.25868983957219255,0.14604703248639414,-0.09874960590352977,0.5570047059015077
791,HAP-1,H3K27ac,hAT-hAT19,0.1647058823529412,0.5421481352010777,-0.36361939569317053,0.6128609355396578
792,HAP-1,H3K4me1,Alu,-0.0014869919960842756,0.11917963071096135,-0.003357347308336329,0.00038337371992568087
793,HAP-1,H3K4me1,L1,-0.000495453466397817,0.7194849503611274,-0.003199268344376892,0.0022083686557414265
794,HAP-1,H3K4me1,MIR,-0.00023837651284404996,0.8640845948880518,-0.0029677627001708324,0.0024910132260825626
795,HAP-1,H3K4me1,L2,0.001171505170380746,0.4843388008494436,-0.002111739733054608,0.004454724817033963
796,HAP-1,H3K4me1,ERVL-MaLR,-0.00023123411572779763,0.908360413174572,-0.004168516244649117,0.0037060551824776126
797,HAP-1,H3K4me1,hAT-Charlie,-0.0004997503837236433,0.8148981328260272,-0.004683587765603368,0.003684104493990039
798,HAP-1,H3K4me1,ERV1,-0.0031616102432033676,0.3042152503043961,-0.009192577790622014,0.0028695873070625003
799,HAP-1,H3K4me1,ERVL,0.002556064796899408,0.4140147142239021,-0.0035770227606052142,0.00868896006763349
800,HAP-1,H3K4me1,TcMar-Tigger,0.0030930699469222376,0.33104480191266505,-0.0031438213532186533,0.009329720620545478
801,HAP-1,H3K4me1,hAT-Tip100,0.0010344346192513972,0.8115920217336412,-0.007470867424924624,0.009539587003563086
802,HAP-1,H3K4me1,CR1,0.0020212141785397176,0.6686585066207171,-0.007234804221057133,0.011276886259171608
803,HAP-1,H3K4me1,Gypsy,-0.013039103956973304,0.10278586478222741,-0.02869780809117559,0.0026259981241891495
804,HAP-1,H3K4me1,hAT-Blackjack,-0.012208229931206124,0.1347381045425583,-0.028200726348053724,0.0037905146089849224
805,HAP-1,H3K4me1,TcMar-Mariner,-0.0071421313599537755,0.38581668415639203,-0.0232801703925876,0.008999628860891831
806,HAP-1,H3K4me1,RTE-X,0.01123948552058714,0.27530341869001407,-0.008954452947748659,0.03142426017571959
807,HAP-1,H3K4me1,ERVK,-0.0038640740514861004,0.7434082742089183,-0.026994610620136267,0.019270598045268823
808,HAP-1,H3K4me1,TcMar-Tc2,0.017820612263961727,0.15055438500845933,-0.006478488259759,0.042098680094938286
809,HAP-1,H3K4me1,SVA,0.017246689188991228,0.22912902166775898,-0.010864844928911892,0.04533098293793912
810,HAP-1,H3K4me1,RTE-BovB,-0.017228448675137197,0.24352359096055468,-0.04615743946677084,0.011729415980890803
811,HAP-1,H3K4me1,tRNA-RTE,0.003535561348153714,0.8259246116077257,-0.027967250712431845,0.03503135730967453
812,HAP-1,H3K4me1,hAT-Ac,-0.026414080875749802,0.1459828191175942,-0.06196499861835415,0.009203777101114752
813,HAP-1,H3K4me1,hAT,-0.0007893464666207901,0.9673652658480103,-0.03858788040453372,0.037011443131938784
814,HAP-1,H3K4me1,MULE-MuDR,-0.027965935061301905,0.17981798010631408,-0.06874955902241162,0.01291100645231102
815,HAP-1,H3K4me1,PiggyBac,-0.029488524977501332,0.17830756247936455,-0.07233426652832248,0.013465853121967419
816,HAP-1,H3K4me1,5S-Deu-L2,-0.012920041177759158,0.5756831952709294,-0.05810847672272975,0.03232123019332244
817,HAP-1,H3K4me1,Helitron,-0.0323043012721978,0.18542636457259304,-0.07998923021725365,0.015528146532346087
818,HAP-1,H3K4me1,hAT-Tag1,0.03205795480515427,0.18893503151528138,-0.015788749280095642,0.07975817671077524
819,HAP-1,H3K4me1,tRNA,0.007135684588724723,0.7822305204069382,-0.04344352905889674,0.05767841288697115
820,HAP-1,H3K4me1,Penelope,0.04773309342586827,0.2235335404903298,-0.029201426910737134,0.12410540525883518
821,HAP-1,H3K4me1,TcMar-Tc1,-0.013956981408860562,0.7226700279409446,-0.09082441215474846,0.06307576875649447
822,HAP-1,H3K4me1,Dong-R4,-0.04474840525233027,0.35573758554948753,-0.1389925269891273,0.05029900699910574
823,HAP-1,H3K4me1,tRNA-Deu,-0.015602239665218901,0.7504449800401427,-0.11135647046811237,0.08043902856695259
824,HAP-1,H3K4me1,Kolobok,-0.005147122462693023,0.9232320482451961,-0.10947186504427245,0.09928978252507696
825,HAP-1,H3K4me1,PIF-Harbinger,0.024280128290902567,0.6512476689603404,-0.08092161307245477,0.12894685136105927
826,HAP-1,H3K4me1,Crypton,-0.013776657511986385,0.8175133430222745,-0.13017055234013164,0.10299178920981293
827,HAP-1,H3K4me1,Merlin,-0.028471951206740707,0.6809218207712315,-0.16294081220260287,0.10703535567761086
828,HAP-1,H3K4me1,TcMar,-0.017560756154798917,0.8040914727211587,-0.15524587554643018,0.12079361116401154
829,HAP-1,H3K4me1,L1-Tx1,-0.03344935051506571,0.6979894432393281,-0.2000880623922884,0.1350701059514216
830,HAP-1,H3K4me1,Crypton-A,0.013996821088727471,0.8739262604064677,-0.15791605357956578,0.18508617247674336
831,HAP-1,H3K4me1,I-Jockey,0.21870076915948478,0.02232976567804061,0.02965109742837889,0.3926444119411466
832,HAP-1,H3K4me1,hAT-Tip100?,-0.09797427035330263,0.44491797117288734,-0.3380827905805884,0.1541094655088563
833,HAP-1,H3K4me1,TcMar-Pogo,0.05168621700879765,0.7787591298809273,-0.30267961754041817,0.39349740154645263
834,HAP-1,H3K4me1,hAT?,0.013368983957219253,0.941136987858924,-0.3314755508484913,0.35506239128214073
835,HAP-1,H3K4me1,hAT-hAT19,0.2764705882352941,0.2999421284923735,-0.26365264480027495,0.684611693761416
836,HAP-1,H3K9me3,Alu,0.00016648184389896932,0.8614495535591712,-0.0017031086618261937,0.002036071185793985
837,HAP-1,H3K9me3,L1,0.0006270830932719124,0.6493509509930036,-0.0020761429967824777,0.0033303000186205305
838,HAP-1,H3K9me3,MIR,0.0010546291837807014,0.44877957145637126,-0.0016743067461347536,0.003783549405929441
839,HAP-1,H3K9me3,L2,0.0005127538292016863,0.759520585250536,-0.0027703024563375395,0.0037957990613834065
840,HAP-1,H3K9me3,ERVL-MaLR,-0.0003614592001832616,0.8571705399704579,-0.004297754341184472,0.0035748471420522007
841,HAP-1,H3K9me3,hAT-Charlie,0.004572254520971409,0.032167068705183266,0.0003891936791874061,0.008755155354930008
842,HAP-1,H3K9me3,ERV1,-0.002771340362895045,0.3677217002379587,-0.008801390549601495,0.0032589113723099808
843,HAP-1,H3K9me3,ERVL,0.0030406866680935127,0.331058848378185,-0.0030907558295829424,0.009171900545461308
844,HAP-1,H3K9me3,TcMar-Tigger,-0.0017668792647656877,0.5786973773333839,-0.008003169659214819,0.00446954856566755
845,HAP-1,H3K9me3,hAT-Tip100,0.0014596638282638283,0.7366029427635084,-0.007045822383181478,0.009964938850719177
846,HAP-1,H3K9me3,CR1,-0.002112602830758977,0.6546322222003089,-0.011368367668130519,0.007143523992300364
847,HAP-1,H3K9me3,Gypsy,0.008724298831136235,0.27499929440950466,-0.006940347439105885,0.024384664388755202
848,HAP-1,H3K9me3,hAT-Blackjack,0.0012571124140379156,0.8776116166072311,-0.01474166450918029,0.017255245818967493
849,HAP-1,H3K9me3,TcMar-Mariner,0.000885895732224432,0.9142574123698605,-0.015239539453420244,0.017010870212338356
850,HAP-1,H3K9me3,RTE-X,0.011935118792053235,0.24670346156888082,-0.008259931097510604,0.03212043674806175
851,HAP-1,H3K9me3,ERVK,-0.015221146892804308,0.1967489971271613,-0.03831773848075722,0.007891699409032994
852,HAP-1,H3K9me3,TcMar-Tc2,-0.003431738539729917,0.7818897071289432,-0.02772013499757709,0.02086070758587006
853,HAP-1,H3K9me3,SVA,0.0017119969393820332,0.9049253589445736,-0.026376151171879653,0.029797443962853557
854,HAP-1,H3K9me3,RTE-BovB,-0.04342524906668599,0.003281482283795158,-0.07230411429570607,-0.014473631825222266
855,HAP-1,H3K9me3,tRNA-RTE,-0.00029138408930641095,0.9855404947499933,-0.03179476075489741,0.03121257096265649
856,HAP-1,H3K9me3,hAT-Ac,0.02068776800414358,0.25471022321928777,-0.014918276829939472,0.0562414121008
857,HAP-1,H3K9me3,hAT,-0.023386745137322414,0.22555696104024342,-0.061151570814970926,0.01444494272744163
858,HAP-1,H3K9me3,MULE-MuDR,0.023623493162095718,0.2576377754966829,-0.0172886641995766,0.06445667688116931
859,HAP-1,H3K9me3,PiggyBac,-0.03556300013336932,0.1045017247415914,-0.07838485884332527,0.007389847772746371
860,HAP-1,H3K9me3,5S-Deu-L2,0.03797260505471005,0.0996835408561492,-0.007252563423508617,0.0830427505067996
861,HAP-1,H3K9me3,Helitron,0.029720909173342237,0.2229788610725491,-0.018097142574038133,0.0774033090257128
862,HAP-1,H3K9me3,hAT-Tag1,-0.016156062298641964,0.5080038920992015,-0.06392003562266248,0.031681761067352196
863,HAP-1,H3K9me3,tRNA,-0.03051252688143425,0.2371194844077475,-0.0809622328862304,0.02009312372519177
864,HAP-1,H3K9me3,Penelope,0.03098550522523336,0.42925205959170964,-0.045866929752222216,0.10747330754784558
865,HAP-1,H3K9me3,TcMar-Tc1,-0.05077277303754652,0.19677268534080977,-0.12734455258699046,0.026400620910926532
866,HAP-1,H3K9me3,Dong-R4,-0.04107871291851453,0.39659641635417797,-0.1353779129541967,0.05395801728884618
867,HAP-1,H3K9me3,tRNA-Deu,0.002883747639632858,0.9531258029403378,-0.0930572733988768,0.09877170965088648
868,HAP-1,H3K9me3,Kolobok,0.009752578966321172,0.8551207049851102,-0.09472919453588939,0.11402183843953201
869,HAP-1,H3K9me3,PIF-Harbinger,0.082744710154769,0.1228550546710479,-0.02261033216782312,0.18628211799659494
870,HAP-1,H3K9me3,Crypton,0.08112373432381476,0.1735401361136946,-0.03600483263910689,0.19605372422539258
871,HAP-1,H3K9me3,Merlin,-0.016283738425714456,0.8140958452235285,-0.15102895038963574,0.11905554199181086
872,HAP-1,H3K9me3,TcMar,0.012540693374734523,0.8594003056179984,-0.12573335066660948,0.15033677101181553
873,HAP-1,H3K9me3,L1-Tx1,0.025225860127519206,0.7698261340921577,-0.14312141135986176,0.19215443609245128
874,HAP-1,H3K9me3,Crypton-A,0.07112915430844745,0.4194757493432564,-0.10185306397412372,0.23993621813251376
875,HAP-1,H3K9me3,I-Jockey,0.12705958669261422,0.18797588968128742,-0.06330052616667405,0.30849871355790887
876,HAP-1,H3K9me3,hAT-Tip100?,-0.24478021978021974,0.05124599788164052,-0.46567362394392564,0.0048261980070941546
877,HAP-1,H3K9me3,TcMar-Pogo,-0.049486803519061574,0.7879553187671033,-0.39161502973087514,0.30466296340131327
878,HAP-1,H3K9me3,hAT?,-0.19050802139037434,0.288257662056037,-0.5034638170423504,0.16663811398820055
879,HAP-1,H3K9me3,hAT-hAT19,0.25588235294117645,0.33878990807124576,-0.282802315049514,0.6718567347453558
880,HAP-1,H3K36me3,Alu,0.0005818665923236596,0.5418490507610344,-0.0012876441298496815,0.0024513732471751343
881,HAP-1,H3K36me3,L1,-0.0005876455790779204,0.6700225660049324,-0.0032905646924145005,0.0021152821206978233
882,HAP-1,H3K36me3,MIR,5.482824994344486e-05,0.9685848792296661,-0.0026737772086251896,0.0027834328920881253
883,HAP-1,H3K36me3,L2,4.009835894811111e-05,0.9809016093352867,-0.003242935052393204,0.0033231309059046955
884,HAP-1,H3K36me3,ERVL-MaLR,-0.001669158169357966,0.40586522546911574,-0.005605012477885142,0.002266747853681385
885,HAP-1,H3K36me3,hAT-Charlie,-0.001471067456467565,0.490610135860716,-0.005653633664050504,0.0027115502211566365
886,HAP-1,H3K36me3,ERV1,-0.004910454039645606,0.11035696721712711,-0.010938184366021338,0.001117633144746774
887,HAP-1,H3K36me3,ERVL,-0.004773291327615351,0.12707603627874878,-0.010904767846422785,0.00135854412419612
888,HAP-1,H3K36me3,TcMar-Tigger,0.0013598797933221324,0.6690835567497755,-0.004876127788250789,0.007595781611052096
889,HAP-1,H3K36me3,hAT-Tip100,0.0030691714860640994,0.47937952205572654,-0.005435663948589054,0.01157356293970361
890,HAP-1,H3K36me3,CR1,-0.006027548258970515,0.20182638256150737,-0.01528244690374005,0.0032283830955141778
891,HAP-1,H3K36me3,Gypsy,0.009838747986491004,0.21829555005689194,-0.005825928691880873,0.02549859718039451
892,HAP-1,H3K36me3,hAT-Blackjack,0.009835714450705845,0.22806600435755325,-0.00615825555524249,0.025824653462103334
893,HAP-1,H3K36me3,TcMar-Mariner,0.014863555193748818,0.07096990931940532,-0.0012710472558222852,0.03099042092309586
894,HAP-1,H3K36me3,RTE-X,0.016508381430694247,0.10912348081234984,-0.0036887077127750047,0.03669200760535292
895,HAP-1,H3K36me3,ERVK,0.013026857634787531,0.26916386210512705,-0.010081071636893249,0.03612088084976767
896,HAP-1,H3K36me3,TcMar-Tc2,0.0004895042689765318,0.9685062704605854,-0.02380701440035689,0.024785445022795692
897,HAP-1,H3K36me3,SVA,0.01663597900141792,0.24580002294148778,-0.011461063157188554,0.04470677209398547
898,HAP-1,H3K36me3,RTE-BovB,0.00857116412032344,0.5616325302419625,-0.02037166316163991,0.03749963755958531
899,HAP-1,H3K36me3,tRNA-RTE,0.009305602268434411,0.5626766482744595,-0.02220118600737433,0.04079392484527072
900,HAP-1,H3K36me3,hAT-Ac,-0.03487440722489349,0.05472501723709878,-0.07037738680226405,0.0007168138850517785
901,HAP-1,H3K36me3,hAT,-0.03263405303656551,0.09054099495013024,-0.07034296731090474,0.005167998436175838
902,HAP-1,H3K36me3,MULE-MuDR,0.038268041884447046,0.06657300640043108,-0.002631885738019673,0.07904015256109753
903,HAP-1,H3K36me3,PiggyBac,-0.015045448816277292,0.4921086985798725,-0.05791791219472901,0.027882407079111816
904,HAP-1,H3K36me3,5S-Deu-L2,-0.029893939191635487,0.19487639867442869,-0.07498714600278136,0.015321278107989895
905,HAP-1,H3K36me3,Helitron,-0.005823093255097749,0.8113278694950571,-0.05359039809723595,0.04197080056351264
906,HAP-1,H3K36me3,hAT-Tag1,0.0305507878860335,0.21059071573593705,-0.017295853640266017,0.07825782733708518
907,HAP-1,H3K36me3,tRNA,-0.027523491922965108,0.2862609607537022,-0.07798739398018271,0.023081090446308686
908,HAP-1,H3K36me3,Penelope,-0.05719755722314292,0.14428630786153826,-0.13339916579199415,0.01967636792754774
909,HAP-1,H3K36me3,TcMar-Tc1,-0.028333993711661478,0.47117089971482595,-0.10508145018304692,0.04874897549797547
910,HAP-1,H3K36me3,Dong-R4,-0.08366258743240544,0.08384575247998129,-0.17720640659984158,0.011379336219675174
911,HAP-1,H3K36me3,tRNA-Deu,-0.008709736119269455,0.8590833846798517,-0.10453929432206417,0.08728007005485941
912,HAP-1,H3K36me3,Kolobok,-0.030063892985106404,0.5734532029416428,-0.13404941536796253,0.07457647673370013
913,HAP-1,H3K36me3,PIF-Harbinger,0.02262839583852785,0.6735574385033165,-0.0825611851817266,0.1273193358157363
914,HAP-1,H3K36me3,Crypton,0.06481549256503977,0.277177162118783,-0.05229895715563263,0.18017126174556483
915,HAP-1,H3K36me3,Merlin,0.06298499435787647,0.36262252807284023,-0.07283607080230256,0.1965123895937429
916,HAP-1,H3K36me3,TcMar,0.05037388402768211,0.4764916867690274,-0.08837853192400194,0.1872086215379166
917,HAP-1,H3K36me3,L1-Tx1,0.03385772475394784,0.6944848860360093,-0.13466984737536106,0.2004816160396101
918,HAP-1,H3K36me3,Crypton-A,0.04029290830576467,0.6477148144389567,-0.13221495242646694,0.21043170653089305
919,HAP-1,H3K36me3,I-Jockey,0.21867296821425264,0.022347237279677083,0.029622497191842824,0.39261923197983545
920,HAP-1,H3K36me3,hAT-Tip100?,-0.255568356374808,0.043217944210963734,-0.47653378377244315,-0.0042325205636649784
921,HAP-1,H3K36me3,TcMar-Pogo,-0.02309384164222874,0.9001614122502035,-0.3688597607831233,0.32828666310359583
922,HAP-1,H3K36me3,hAT?,0.017379679144385027,0.9235236467638146,-0.3279097962743694,0.35857290236295625
923,HAP-1,H3K36me3,hAT-hAT19,0.2735294117647059,0.3053231563074052,-0.26641031371384605,0.6828023250625798
924,HAP-1,H3K27me3,Alu,-0.0009010198538084488,0.3448685322517636,-0.0027705740583632648,0.0009685406493212165
925,HAP-1,H3K27me3,L1,-0.0020293735852437798,0.14122301222506095,-0.00473282728253939,0.0006741097765102768
926,HAP-1,H3K27me3,MIR,-0.00022187086490693973,0.8733807070113375,-0.0029505482095714144,0.0025068097837206435
927,HAP-1,H3K27me3,L2,-0.00156151042103648,0.35123078100018035,-0.004844562021951789,0.0017215748415607497
928,HAP-1,H3K27me3,ERVL-MaLR,-0.0026775377619252753,0.18243979359240026,-0.006613530173473887,0.0012585376129909916
929,HAP-1,H3K27me3,hAT-Charlie,-0.0022785246178255096,0.28567675530847336,-0.0064612957881714506,0.0019043262826492547
930,HAP-1,H3K27me3,ERV1,0.0016333972809877773,0.5954386617018599,-0.004395922629749371,0.0076625984369490955
931,HAP-1,H3K27me3,ERVL,0.003769704084300009,0.22819940008906806,-0.002361802995425285,0.009900927726192154
932,HAP-1,H3K27me3,TcMar-Tigger,-0.0027971064247195444,0.3793560767450733,-0.009033208490333887,0.0034392132033567962
933,HAP-1,H3K27me3,hAT-Tip100,0.002092538774670484,0.6296153643957795,-0.0064116176992832456,0.010596392590427672
934,HAP-1,H3K27me3,CR1,-0.0066875824130880595,0.15672237613250717,-0.015942056715480067,0.002568037602293071
935,HAP-1,H3K27me3,Gypsy,-0.007803961155133021,0.32882030595242884,-0.023464231129047827,0.00786013773801844
936,HAP-1,H3K27me3,hAT-Blackjack,-0.010315926657927946,0.20623082401464288,-0.026307288358395634,0.0056807133985654745
937,HAP-1,H3K27me3,TcMar-Mariner,0.008856023977223586,0.28195955535477235,-0.007277099177993229,0.024984538037560875
938,HAP-1,H3K27me3,RTE-X,0.025791225960638098,0.01229043648696389,0.005599517086217275,0.04596191231780035
939,HAP-1,H3K27me3,ERVK,0.020894271859480954,0.07650335407966188,-0.002227702126375846,0.043993916443752265
940,HAP-1,H3K27me3,TcMar-Tc2,-0.006299196264229647,0.6112348768183327,-0.030579800243079432,0.01798883763593748
941,HAP-1,H3K27me3,SVA,-0.01832302923336921,0.2013192731383157,-0.04640278166813444,0.009785657098022628
942,HAP-1,H3K27me3,RTE-BovB,-0.010485630855256077,0.4777100731886281,-0.03941486251164813,0.018461164245885522
943,HAP-1,H3K27me3,tRNA-RTE,0.019931771872237585,0.21486240448312627,-0.0115700826423902,0.05139410106050743
944,HAP-1,H3K27me3,hAT-Ac,0.0009620906758187685,0.9577752494600411,-0.03464210091753939,0.036563843229248216
945,HAP-1,H3K27me3,hAT,-0.008535756230788807,0.6582981539551755,-0.04633523518648573,0.029288132041949546
946,HAP-1,H3K27me3,MULE-MuDR,0.015714686307499195,0.45147470074562346,-0.025193781828674062,0.056570611881650065
947,HAP-1,H3K27me3,PiggyBac,0.00032757602144278006,0.9880702112530508,-0.04259073937802903,0.04324468467657927
948,HAP-1,H3K27me3,5S-Deu-L2,-0.01329020767556262,0.5645846373590843,-0.05845353751525735,0.03192741370235959
949,HAP-1,H3K27me3,Helitron,0.001050624205134002,0.965636159110014,-0.04671935222733003,0.048815806126365324
950,HAP-1,H3K27me3,hAT-Tag1,-0.029644469756109848,0.22444767435359836,-0.0773555306908313,0.018202055517998535
951,HAP-1,H3K27me3,tRNA,-0.031000979138199422,0.2296924085754779,-0.08144830113357489,0.019604781481896816
952,HAP-1,H3K27me3,Penelope,-0.005924212755322931,0.8798985592670042,-0.08261235790122012,0.0708336796520078
953,HAP-1,H3K27me3,TcMar-Tc1,-0.004850125796177903,0.901776778249026,-0.08172209268567843,0.07207920690905455
954,HAP-1,H3K27me3,Dong-R4,0.028789238385430044,0.5525270242350321,-0.0661977682650767,0.1232591409823217
955,HAP-1,H3K27me3,tRNA-Deu,-0.0037489047928712382,0.9390871176727157,-0.09962849916875142,0.09219966672758285
956,HAP-1,H3K27me3,Kolobok,0.09001013380910598,0.09084162021495307,-0.014571381479775729,0.19264360731007305
957,HAP-1,H3K27me3,PIF-Harbinger,0.012230611604705972,0.819898533582796,-0.09287262616289109,0.11706428651837662
958,HAP-1,H3K27me3,Crypton,0.09776738518440728,0.10072333834702782,-0.019326721254566914,0.21221579555859704
959,HAP-1,H3K27me3,Merlin,0.0035749621075046607,0.9588306792782063,-0.13155755481123899,0.13857704007207083
960,HAP-1,H3K27me3,TcMar,-0.11635975563965378,0.09912173399975474,-0.250828630053084,0.022514637806996054
961,HAP-1,H3K27me3,L1-Tx1,0.0954988991543567,0.2669630951224276,-0.07377559667706059,0.2594247199623833
962,HAP-1,H3K27me3,Crypton-A,0.030561327510665436,0.7289527780724863,-0.141746635728922,0.20107180912715872
963,HAP-1,H3K27me3,I-Jockey,-0.0967936243165601,0.31670212637365724,-0.28021144766799144,0.0934428776700062
964,HAP-1,H3K27me3,hAT-Tip100?,0.004560291858678956,0.9717037426511289,-0.24348108172407282,0.25204178085204376
965,HAP-1,H3K27me3,TcMar-Pogo,-0.041788856304985335,0.820355822027871,-0.3850099376353021,0.31158676121734635
966,HAP-1,H3K27me3,hAT?,-0.09792780748663102,0.5877032285854515,-0.4275856141880579,0.2547192362999247
967,HAP-1,H3K27me3,hAT-hAT19,-0.1411764705882353,0.6020026838819791,-0.5969684892475311,0.38351326982565126
968,HAP-1,H3K4me3,Alu,0.001410018804508109,0.13952860448292315,-0.00046036824628053666,0.0032803959898570377
969,HAP-1,H3K4me3,L1,0.0035764513229539084,0.009528866453056813,0.0008725755134606624,0.006280274838316164
970,HAP-1,H3K4me3,MIR,-0.0003337617860844958,0.8105886904461584,-0.003063215962241411,0.0023956973630793114
971,HAP-1,H3K4me3,L2,4.026179370077847e-05,0.9808254767821051,-0.0032430618196344773,0.003323584538974762
972,HAP-1,H3K4me3,ERVL-MaLR,-0.0014051649006044228,0.4842399746422106,-0.00534232782948175,0.002532041592471198
973,HAP-1,H3K4me3,hAT-Charlie,7.274167470532495e-05,0.9728172892208201,-0.0041112685553838626,0.004256749357973031
974,HAP-1,H3K4me3,ERV1,-0.0029993144382265864,0.3297120622953419,-0.00903029241169804,0.0030318817314019895
975,HAP-1,H3K4me3,ERVL,0.0015084309341415734,0.6297514441128915,-0.004624336560634653,0.007641084964058503
976,HAP-1,H3K4me3,TcMar-Tigger,0.003087000651664371,0.3320483982688639,-0.00315058540643306,0.009324346501892141
977,HAP-1,H3K4me3,hAT-Tip100,0.0006676205889652909,0.8777548596625628,-0.007839261004355438,0.009174405555896194
978,HAP-1,H3K4me3,CR1,-0.006221877722097555,0.18766064038024097,-0.015476640009398265,0.003033950544662628
979,HAP-1,H3K4me3,Gypsy,-0.0015267076726405873,0.8484966526589339,-0.017188705347309378,0.014136039036794853
980,HAP-1,H3K4me3,hAT-Blackjack,-0.004047481331474477,0.6200545334869076,-0.020046321939235223,0.011953431588745346
981,HAP-1,H3K4me3,TcMar-Mariner,0.010469043738568733,0.20369796480017563,-0.005674516566235624,0.026607148519471328
982,HAP-1,H3K4me3,RTE-X,-0.012340194895002262,0.23110336342776025,-0.03252841246451479,0.007858088063942281
983,HAP-1,H3K4me3,ERVK,0.004333568867056462,0.7134366333021936,-0.018793234200915297,0.027455737166871268
984,HAP-1,H3K4me3,TcMar-Tc2,-0.019081507836941947,0.12378650263203532,-0.04336171343877197,0.005221225022001137
985,HAP-1,H3K4me3,SVA,0.02197491418680862,0.12550793430089027,-0.006142231059376468,0.05005733998609727
986,HAP-1,H3K4me3,RTE-BovB,-0.009429298648807103,0.5233089756632667,-0.03836933470378108,0.019526541996681857
987,HAP-1,H3K4me3,tRNA-RTE,0.0015546213094113758,0.9229402269171716,-0.02993832940895412,0.03304448855694203
988,HAP-1,H3K4me3,hAT-Ac,-0.025269313032677012,0.16420489940462285,-0.06081739964173693,0.010342793437255084
989,HAP-1,H3K4me3,hAT,0.010835822137069894,0.5745662800512272,-0.02699713747635972,0.048637784189898205
990,HAP-1,H3K4me3,MULE-MuDR,0.0045882515018566775,0.8258167247411476,-0.03626409622903467,0.04542528985243485
991,HAP-1,H3K4me3,PiggyBac,-0.020523924319719028,0.3490307038118815,-0.06341086154195152,0.022438676846855615
992,HAP-1,H3K4me3,5S-Deu-L2,-0.04083463716479142,0.07678764458733484,-0.08591524687572465,0.004412838451440314
993,HAP-1,H3K4me3,Helitron,0.013894755839976526,0.5690451882820197,-0.03392609626774031,0.0616521300520364
994,HAP-1,H3K4me3,hAT-Tag1,0.014491879325857772,0.5526751524430296,-0.033343965913389575,0.0622614798884804
995,HAP-1,H3K4me3,tRNA,0.011343119706413739,0.6602624139231486,-0.03922707424828826,0.0618553561655639
996,HAP-1,H3K4me3,Penelope,0.006239959968413696,0.8735497999190057,-0.07051957147979386,0.08292602692304049
997,HAP-1,H3K4me3,TcMar-Tc1,-0.019652190886551648,0.6175360337928806,-0.0965341290235689,0.0574628633250725
998,HAP-1,H3K4me3,Dong-R4,-0.028965866052815065,0.5500912456378797,-0.12343346527656288,0.06602200713267933
999,HAP-1,H3K4me3,tRNA-Deu,0.0045484214024349955,0.9261302158645682,-0.09140703290071152,0.10042018830617815
1000,HAP-1,H3K4me3,Kolobok,0.0382337755083326,0.4733234009540914,-0.06630352379501853,0.14194085671735643
1001,HAP-1,H3K4me3,PIF-Harbinger,0.09752871776558152,0.06879087116747981,-0.007778703573274225,0.20069661693122975
1002,HAP-1,H3K4me3,Crypton,-0.02484621677994262,0.6772692445131493,-0.14105287178898035,0.09203580105861786
1003,HAP-1,H3K4me3,Merlin,-0.04706405358752428,0.49652936193400476,-0.18105490766503415,0.08864216839932561
1004,HAP-1,H3K4me3,TcMar,-0.14911901392934024,0.034167969735393565,-0.28208667047091773,-0.010530501683540661
1005,HAP-1,H3K4me3,L1-Tx1,0.11116413495787532,0.19593043568760174,-0.05814624458281018,0.27425842522058835
1006,HAP-1,H3K4me3,Crypton-A,0.0633567014079184,0.47218813573161744,-0.10952888886625206,0.23252147662268763
1007,HAP-1,H3K4me3,I-Jockey,0.09572792141599482,0.3220847773979905,-0.09449939314965027,0.27921095637640986
1008,HAP-1,H3K4me3,hAT-Tip100?,-0.20924539170506912,0.09979443651373515,-0.4367170713990211,0.0433756248596437
1009,HAP-1,H3K4me3,TcMar-Pogo,-0.10300586510263929,0.5747960821859175,-0.43681891163263353,0.2557426752580444
1010,HAP-1,H3K4me3,hAT?,-0.07954545454545456,0.6599132825015057,-0.41208349503209196,0.2716927385749297
1011,HAP-1,H3K4me3,hAT-hAT19,0.19117647058823528,0.47816401281702825,-0.3407869677255128,0.6304114123813899
1012,HL-60,H3K27ac,Alu,-0.0005691180044927563,0.5505026130717909,-0.0024375184040424996,0.0012992863685576332
1013,HL-60,H3K27ac,L1,-0.001368805516830651,0.3208372248259173,-0.0040712199076629214,0.0013336288670795652
1014,HL-60,H3K27ac,MIR,0.0007356584595943106,0.5971593484435026,-0.001992612569505841,0.00346391853703973
1015,HL-60,H3K27ac,L2,0.0019315228130710033,0.24877576127536366,-0.001350909404148253,0.005213913408813604
1016,HL-60,H3K27ac,ERVL-MaLR,-0.0016311491397608467,0.41645202440582496,-0.005565418188574289,0.0023031704052307233
1017,HL-60,H3K27ac,hAT-Charlie,0.0008868286136585973,0.6776558572531319,-0.003294793029345799,0.0050684192427700656
1018,HL-60,H3K27ac,ERV1,0.001603436257034404,0.6018705082849746,-0.004420327668729647,0.007627083821031031
1019,HL-60,H3K27ac,ERVL,-0.0002923153308122028,0.9255172241703045,-0.00642070664588018,0.005836097941415377
1020,HL-60,H3K27ac,TcMar-Tigger,-0.00023104292177701148,0.9420844509910064,-0.006464063714400742,0.0060019958231877215
1021,HL-60,H3K27ac,hAT-Tip100,-0.0008892669791576517,0.8375648186021674,-0.009390750342702307,0.007612344930364308
1022,HL-60,H3K27ac,CR1,0.002400829558335802,0.6111121542208652,-0.006853146098093823,0.011654394035471532
1023,HL-60,H3K27ac,Gypsy,0.003351921232873049,0.6748357014330293,-0.012307668845878732,0.019009867530957812
1024,HL-60,H3K27ac,hAT-Blackjack,-0.004065252587479298,0.6185076816993191,-0.020063553880727253,0.01193512997826959
1025,HL-60,H3K27ac,TcMar-Mariner,-0.0014094166945061686,0.8639850075420719,-0.0175336948268915,0.014715594347750813
1026,HL-60,H3K27ac,RTE-X,0.0029467420881276454,0.774836176670065,-0.017242382727874827,0.023133464980430483
1027,HL-60,H3K27ac,ERVK,0.016528579008410076,0.1607239365817677,-0.006569795655000651,0.03960932516846105
1028,HL-60,H3K27ac,TcMar-Tc2,0.00025950252858738995,0.9832868965849704,-0.024016374780157043,0.024535073982028786
1029,HL-60,H3K27ac,SVA,0.01865855864848965,0.1927767479054868,-0.009424151408259383,0.046711859567163276
1030,HL-60,H3K27ac,RTE-BovB,0.022654288917654565,0.12496521796527683,-0.006290789337334797,0.05156143712814535
1031,HL-60,H3K27ac,tRNA-RTE,-0.00443122366281396,0.7827918684490816,-0.03592189646457244,0.02706824032148434
1032,HL-60,H3K27ac,hAT-Ac,-0.02835155333446102,0.11838668263235211,-0.06387377576011731,0.007242420873841243
1033,HL-60,H3K27ac,hAT,0.00018124652504896986,0.9925017764298181,-0.037604639121295434,0.03796661462061985
1034,HL-60,H3K27ac,MULE-MuDR,0.00015859732881405038,0.9939319596757707,-0.04069587580229067,0.041012541040977374
1035,HL-60,H3K27ac,PiggyBac,-0.008768524309149142,0.6889722029888417,-0.051667619524030414,0.03416287168813224
1036,HL-60,H3K27ac,5S-Deu-L2,-0.0388705937014882,0.09200698222420962,-0.08394853831406796,0.006366118918396331
1037,HL-60,H3K27ac,Helitron,0.0022184851825619613,0.9274722352430933,-0.045525665974287574,0.049952524340202496
1038,HL-60,H3K27ac,hAT-Tag1,-0.015971808539129377,0.5126039149646059,-0.06370803984079469,0.03183734400637827
1039,HL-60,H3K27ac,tRNA,-0.02761183043357244,0.28439587556650087,-0.07804181792596815,0.022959100945726053
1040,HL-60,H3K27ac,Penelope,0.04106271789300338,0.29401609489301817,-0.03568947802673866,0.11733334460014969
1041,HL-60,H3K27ac,TcMar-Tc1,0.05026577352597438,0.2009377027032981,-0.02684782009277866,0.12678466340857897
1042,HL-60,H3K27ac,Dong-R4,-0.10965103752885925,0.023287252824548712,-0.20260852745520755,-0.014735064849370533
1043,HL-60,H3K27ac,tRNA-Deu,0.1137054415518538,0.02005604625033353,0.01767614401434108,0.20765615942058466
1044,HL-60,H3K27ac,Kolobok,-0.06354619402602797,0.2323658338751362,-0.16663522426523997,0.040917045140999204
1045,HL-60,H3K27ac,PIF-Harbinger,-0.013345411032911024,0.803802121003723,-0.11816458521102258,0.09176789206109284
1046,HL-60,H3K27ac,Crypton,0.07423421429634706,0.21313025610898542,-0.04289414393604695,0.18934963832832505
1047,HL-60,H3K27ac,Merlin,-0.12900586416634605,0.061399051552005625,-0.26007799829165884,0.006734446020425911
1048,HL-60,H3K27ac,TcMar,-0.027805783636344037,0.6951822227122382,-0.16558956735429856,0.11104273229422655
1049,HL-60,H3K27ac,L1-Tx1,-0.009357603988099168,0.9135778583473713,-0.17679921664726866,0.15861041692647573
1050,HL-60,H3K27ac,Crypton-A,0.050243356249848575,0.5687386333969828,-0.12244409458542295,0.21997798294133572
1051,HL-60,H3K27ac,I-Jockey,-0.17478454267445095,0.06909684928471661,-0.35260429597175263,0.01521800361491349
1052,HL-60,H3K27ac,hAT-Tip100?,0.13159965034965035,0.29604302079723926,-0.11708424724825786,0.3647538554998902
1053,HL-60,H3K27ac,TcMar-Pogo,-0.15469208211143692,0.3979094350216297,-0.4792968730439457,0.20714167372345324
1054,HL-60,H3K27ac,hAT?,0.3542780748663102,0.04308940824934935,0.0014310864221680477,0.6286759484300809
1055,HL-60,H3K27ac,hAT-hAT19,-0.34705882352941175,0.18783442010629964,-0.72675812907969,0.19509660312578558
1056,MG63,H3K9me3,Alu,0.0005907119842020024,0.5346624423222163,-0.0012739453939899967,0.0024553652546529313
1057,MG63,H3K9me3,L1,0.001603182721460585,0.24391850841686633,-0.0010933960844505817,0.004299738212307638
1058,MG63,H3K9me3,MIR,0.00038653549637589977,0.7813511086247026,-0.0023429583757804194,0.003116023609058861
1059,MG63,H3K9me3,L2,0.0012151804161442358,0.4680267134021404,-0.002066798611933873,0.004497133266037023
1060,MG63,H3K9me3,ERVL-MaLR,0.00020264694230781653,0.9194904187553193,-0.003726879378231695,0.004132167004642386
1061,MG63,H3K9me3,hAT-Charlie,-0.0016268011708535834,0.44560476685197326,-0.005806908189439811,0.002553362699808824
1062,MG63,H3K9me3,ERV1,-0.004172903923811746,0.17231669397462726,-0.010165284978107527,0.0018197768372234706
1063,MG63,H3K9me3,ERVL,-0.0014050123949619234,0.6529887431186359,-0.00752964186684287,0.004719722486023264
1064,MG63,H3K9me3,TcMar-Tigger,-0.002692448991078852,0.39700207084985517,-0.008922694717686992,0.0035380057640517887
1065,MG63,H3K9me3,hAT-Tip100,-0.005741895195306887,0.18573260435559835,-0.014245542885348284,0.0027625830193472698
1066,MG63,H3K9me3,CR1,0.005223368294910153,0.26841197666952704,-0.004027091583143147,0.014472934297177066
1067,MG63,H3K9me3,Gypsy,0.0028933302845922993,0.7172162611233248,-0.01276368258515259,0.018548924717129753
1068,MG63,H3K9me3,hAT-Blackjack,-0.0051300642948569316,0.5293031628244556,-0.021110947209415944,0.010853439438469083
1069,MG63,H3K9me3,TcMar-Mariner,-0.005165286676419439,0.5300207574989062,-0.02128392679489773,0.010956037952733208
1070,MG63,H3K9me3,RTE-X,0.005470785283054539,0.5953641133912574,-0.014719046649113096,0.025656157961947892
1071,MG63,H3K9me3,ERVK,0.0029491932021651754,0.8002248564943875,-0.01989106852165587,0.025786378257915535
1072,MG63,H3K9me3,TcMar-Tc2,0.011350756680676826,0.35942664635230337,-0.012925588355945091,0.035613728433477515
1073,MG63,H3K9me3,SVA,0.013138746484056767,0.3566009750978981,-0.014797463230824854,0.041054459915438705
1074,MG63,H3K9me3,RTE-BovB,-0.0020850656550726768,0.887753867812297,-0.031029933870004568,0.026863296755326834
1075,MG63,H3K9me3,tRNA-RTE,0.013828170500872143,0.38972535882529247,-0.017684706848507613,0.045313602076169184
1076,MG63,H3K9me3,hAT-Ac,-0.005591728178948926,0.7579050779074834,-0.041128233091492813,0.029958905742142737
1077,MG63,H3K9me3,hAT,0.037728331189557304,0.050483210678201024,-9.19496514392122e-05,0.07544083497006154
1078,MG63,H3K9me3,MULE-MuDR,-0.036405897795186826,0.08081531640966838,-0.07716767070815456,0.004477375167027696
1079,MG63,H3K9me3,PiggyBac,-0.0013726882798077344,0.9499798873637835,-0.04423646704642939,0.041496135180009525
1080,MG63,H3K9me3,5S-Deu-L2,-0.007032572384034591,0.7605748186325836,-0.0522249976193912,0.038188598567814286
1081,MG63,H3K9me3,Helitron,-0.0035813756172723148,0.8831057500974813,-0.05128373909152266,0.044137292588430875
1082,MG63,H3K9me3,hAT-Tag1,-0.03491151847224115,0.1528707759222723,-0.08264093702172835,0.012977691032706599
1083,MG63,H3K9me3,tRNA,0.00959723699477921,0.7107107345946075,-0.041105010360504686,0.06025018421060513
1084,MG63,H3K9me3,Penelope,0.01587073334153083,0.6842506240899666,-0.0605822096576648,0.09213854842689255
1085,MG63,H3K9me3,TcMar-Tc1,-0.025219938701765796,0.5203280584734999,-0.10181877762489223,0.051676187956471636
1086,MG63,H3K9me3,Dong-R4,-0.016444204196140386,0.7344377010740795,-0.11106425256258984,0.07847129186012085
1087,MG63,H3K9me3,tRNA-Deu,-0.09289914670446775,0.05803141672274325,-0.18745905012316033,0.003366782877385448
1088,MG63,H3K9me3,Kolobok,-0.04631620662161436,0.38494643225399483,-0.14988285465123807,0.05825582335542649
1089,MG63,H3K9me3,PIF-Harbinger,0.056520078003104254,0.29376737550374854,-0.04913855100706734,0.1609277006773441
1090,MG63,H3K9me3,Crypton,-0.047273623012681704,0.4282506985852773,-0.16303652151139217,0.06977323007150296
1091,MG63,H3K9me3,Merlin,-0.04102615528446164,0.553416203225114,-0.17517971570076868,0.09462309660587145
1092,MG63,H3K9me3,TcMar,-0.087651056168199,0.2114073423687379,-0.22227089107754072,0.05024828013086876
1093,MG63,H3K9me3,L1-Tx1,-0.1701857650032329,0.04760858348885975,-0.3301838155536191,-0.0006813782673629086
1094,MG63,H3K9me3,Crypton-A,-0.04773291200478094,0.5896866829119638,-0.2182205604381586,0.12558200740223027
1095,MG63,H3K9me3,I-Jockey,0.08345843758687796,0.3882514187210667,-0.10663969677933519,0.2676704188495594
1096,MG63,H3K9me3,hAT-Tip100?,-0.33182234432234425,0.007392795450586961,-0.538923719224536,-0.08689216041063534
1097,MG63,H3K9me3,TcMar-Pogo,-0.00659824046920821,0.9714094739442114,-0.354480106109854,0.34288812275702407
1098,MG63,H3K9me3,hAT?,-0.16730328495034374,0.3442828341876437,-0.480293454732136,0.18348202891101562
1099,MG63,H3K9me3,hAT-hAT19,-0.15294117647058825,0.5717446192454616,-0.604949167049358,0.3736124896571969
1100,MG63,H3K36me3,Alu,0.0005604541464536803,0.5557631620648413,-0.0013040572045189477,0.002424961600704749
1101,MG63,H3K36me3,L1,-3.064080233530815e-06,0.998223249300754,-0.0026999376111417834,0.0026938094952456107
1102,MG63,H3K36me3,MIR,0.0019260285889088839,0.16663429812749303,-0.0008033133163504346,0.004655341799206035
1103,MG63,H3K36me3,L2,0.00042493528411215355,0.7996766897125394,-0.002857056827530184,0.0037069182414211552
1104,MG63,H3K36me3,ERVL-MaLR,0.0007355947263142586,0.7136815136357288,-0.0031937409244969096,0.0046649076625520525
1105,MG63,H3K36me3,hAT-Charlie,-0.0008314123432442332,0.6966418844285021,-0.005011206684032636,0.0033484110484453726
1106,MG63,H3K36me3,ERV1,0.0017037572694773278,0.5773583042393591,-0.00428873197701742,0.007696124154515841
1107,MG63,H3K36me3,ERVL,-0.003346165507007882,0.28424078765143385,-0.009470440595335545,0.0027783606019738567
1108,MG63,H3K36me3,TcMar-Tigger,-0.0036355694791533285,0.252724882650091,-0.00986531007771788,0.002594453326412886
1109,MG63,H3K36me3,hAT-Tip100,-0.0051965905605520545,0.2310422111105527,-0.013699995564365536,0.0033075660390484997
1110,MG63,H3K36me3,CR1,0.003315236182689031,0.4825481364169699,-0.005938059555573163,0.012567964225410677
1111,MG63,H3K36me3,Gypsy,-0.0033450686912062516,0.6754429454648923,-0.01900201790609494,0.012313520734513698
1112,MG63,H3K36me3,hAT-Blackjack,0.003596917056220476,0.6591215543763786,-0.01238423006191508,0.019576227077685616
1113,MG63,H3K36me3,TcMar-Mariner,0.0041676179129193185,0.6123187528867475,-0.011950834133436901,0.020283904680828406
1114,MG63,H3K36me3,RTE-X,-0.0052569417725643755,0.6098085776981439,-0.025441365734692915,0.014931766688711136
1115,MG63,H3K36me3,ERVK,-0.0015857296448743184,0.8917855848567829,-0.024426833335859703,0.02125702877125095
1116,MG63,H3K36me3,TcMar-Tc2,0.029129039055826682,0.018657871528674038,0.004855324089606934,0.05336844699658123
1117,MG63,H3K36me3,SVA,-0.03252537373750078,0.022522317154601536,-0.060421592996313694,-0.004578386213482222
1118,MG63,H3K36me3,RTE-BovB,-0.009122794894711229,0.5368569549925646,-0.038060055522358346,0.019829753295991157
1119,MG63,H3K36me3,tRNA-RTE,-0.009342802212105842,0.5611160799808264,-0.040831071511127394,0.022164006597681005
1120,MG63,H3K36me3,hAT-Ac,-0.031198105180920685,0.0854586194370551,-0.06668301942688717,0.004365628303550647
1121,MG63,H3K36me3,hAT,0.019794023196623874,0.30504640519475235,-0.01803692538419014,0.05756837671630403
1122,MG63,H3K36me3,MULE-MuDR,-0.004714474270554299,0.8211049188007152,-0.045551266140425414,0.03613804813136643
1123,MG63,H3K36me3,PiggyBac,-0.0200128633767122,0.3597844424964154,-0.06277853905879606,0.022826170427874114
1124,MG63,H3K36me3,5S-Deu-L2,0.01061578860423214,0.6454308535980354,-0.034598533390952126,0.055786742889298135
1125,MG63,H3K36me3,Helitron,0.025783859889414926,0.28943756224058276,-0.021933749820871935,0.07338426192556317
1126,MG63,H3K36me3,hAT-Tag1,0.016643397915773923,0.4952902023214476,-0.031194967141114437,0.06440568590561369
1127,MG63,H3K36me3,tRNA,0.01878965082085191,0.4677126561505147,-0.03192630850794293,0.06940910196709249
1128,MG63,H3K36me3,Penelope,-0.03215770738297864,0.4098450773603819,-0.10828606500952402,0.04434561562986045
1129,MG63,H3K36me3,TcMar-Tc1,-0.013407340448821987,0.7323747346847724,-0.09004317033158571,0.06338632612804737
1130,MG63,H3K36me3,Dong-R4,-0.1398384507336673,0.003745989990699314,-0.2319947603338149,-0.04519412655424973
1131,MG63,H3K36me3,tRNA-Deu,-0.0536080384255377,0.27474229840188824,-0.14893943677640767,0.04271067652045192
1132,MG63,H3K36me3,Kolobok,-0.014221871740461921,0.7894467973935666,-0.11814026250571423,0.09000465704662093
1133,MG63,H3K36me3,PIF-Harbinger,0.11281182512719234,0.035677968444779204,0.00728409243689431,0.21585453140981883
1134,MG63,H3K36me3,Crypton,0.03282455893509425,0.5823888089340616,-0.08412613579894963,0.14888322775866464
1135,MG63,H3K36me3,Merlin,-0.0018350663096053045,0.9788604847407303,-0.13686981997192707,0.1332666433713536
1136,MG63,H3K36me3,TcMar,-0.0027928544714698293,0.9682978969446964,-0.13977463732307843,0.13429381974685936
1137,MG63,H3K36me3,L1-Tx1,-0.1000120178857741,0.2449095312962903,-0.2637043437964982,0.06927931607847235
1138,MG63,H3K36me3,Crypton-A,0.03041993327855181,0.7311694751881939,-0.14255203761733354,0.2015889231965338
1139,MG63,H3K36me3,I-Jockey,0.11514224816977112,0.23317059363684617,-0.07520103443521213,0.2973897255455326
1140,MG63,H3K36me3,hAT-Tip100?,-0.27880036630036625,0.02568909113139766,-0.4946201841776401,-0.030593600446942627
1141,MG63,H3K36me3,TcMar-Pogo,-0.11107038123167154,0.5450538066581163,-0.4435225486000175,0.24824943396599305
1142,MG63,H3K36me3,hAT?,-0.026432391138273486,0.8820375496921292,-0.3614214422666349,0.3146002719522667
1143,MG63,H3K36me3,hAT-hAT19,-0.14411764705882352,0.5943782881736932,-0.5989701306371717,0.3810466250670312
1144,MG63,H3K27me3,Alu,-0.0008962745079245336,0.34608796268748554,-0.0027606898458539643,0.0009681470610109682
1145,MG63,H3K27me3,L1,0.00022678037920244906,0.8690530268262584,-0.002469306178784937,0.002922863640313734
1146,MG63,H3K27me3,MIR,0.0015118685765482525,0.2775723015504602,-0.0012172164983854242,0.004240931131108183
1147,MG63,H3K27me3,L2,-0.0004826057847018864,0.7731423652031862,-0.003763888813400618,0.002798687636289782
1148,MG63,H3K27me3,ERVL-MaLR,0.0028073708375477946,0.1613831322550456,-0.0011216672416310247,0.006736322241278074
1149,MG63,H3K27me3,hAT-Charlie,0.0035852066018114974,0.09270594297530098,-0.000594256127384454,0.007764544081027856
1150,MG63,H3K27me3,ERV1,-0.000476486139952832,0.8761363698372479,-0.006467957074500096,0.0055150190043333725
1151,MG63,H3K27me3,ERVL,0.0020930034345287745,0.5028960130456965,-0.004030251523549129,0.008216101444748611
1152,MG63,H3K27me3,TcMar-Tigger,-0.0003259769791767476,0.9183135914264212,-0.0065555611249610655,0.00590363246755879
1153,MG63,H3K27me3,hAT-Tip100,-0.005117293135598127,0.23822036593868892,-0.01362038896037956,0.003386542760560974
1154,MG63,H3K27me3,CR1,0.002463817219434381,0.6016206226431005,-0.006785832602020217,0.01171304546874509
1155,MG63,H3K27me3,Gypsy,-0.004213211108400672,0.5979136581887812,-0.019868371902714392,0.011444015176815155
1156,MG63,H3K27me3,hAT-Blackjack,-0.002952658007034474,0.7171589746425735,-0.018925813497573583,0.013022004331122489
1157,MG63,H3K27me3,TcMar-Mariner,0.013788839465037261,0.09348199318740442,-0.0023245750744440817,0.029895095497240558
1158,MG63,H3K27me3,RTE-X,0.0014023584346264304,0.891687111355199,-0.01878088584391778,0.021584460236738913
1159,MG63,H3K27me3,ERVK,0.011871929108447216,0.3080466295466158,-0.010956773707353346,0.03468826278156811
1160,MG63,H3K27me3,TcMar-Tc2,-0.016268536193501056,0.1888914113975067,-0.04052056412555069,0.008002648958007834
1161,MG63,H3K27me3,SVA,-0.005716528745256303,0.6885127330064048,-0.03365514498844178,0.02223101490041674
1162,MG63,H3K27me3,RTE-BovB,0.002311411638055677,0.8756227619100734,-0.02662765133077363,0.031246603631187694
1163,MG63,H3K27me3,tRNA-RTE,0.021696676449313848,0.1772457898014514,-0.009825558249085908,0.053175831933825884
1164,MG63,H3K27me3,hAT-Ac,0.007524699586757115,0.6782480105395141,-0.02802185486517009,0.04305224734851604
1165,MG63,H3K27me3,hAT,0.00873062069718418,0.6509482954011976,-0.029086411049028902,0.04652269521281608
1166,MG63,H3K27me3,MULE-MuDR,0.016710158610183923,0.4229233235487838,-0.024163396255822662,0.05752794052000759
1167,MG63,H3K27me3,PiggyBac,0.015211282534086212,0.4869315359803479,-0.027675602545818183,0.05804227184457765
1168,MG63,H3K27me3,5S-Deu-L2,-0.011649205588641428,0.6137142737047871,-0.056829278697376376,0.03357848172706009
1169,MG63,H3K27me3,Helitron,-0.01655680976576129,0.4962584964587664,-0.0641780380795618,0.031139652258586007
1170,MG63,H3K27me3,hAT-Tag1,-0.029573845242194866,0.2250021769970352,-0.07722861797713927,0.018215748490972693
1171,MG63,H3K27me3,tRNA,0.04306047635173573,0.09604798905618792,-0.007677788827705614,0.09357759048882708
1172,MG63,H3K27me3,Penelope,-0.0033977495497180482,0.930572509812432,-0.07969409882298677,0.0729381782042616
1173,MG63,H3K27me3,TcMar-Tc1,-0.0021182209766644595,0.9569151777409644,-0.07883052027756153,0.07461901705649082
1174,MG63,H3K27me3,Dong-R4,0.03410267824109559,0.4826745360377589,-0.06113218097534981,0.12872221802075592
1175,MG63,H3K27me3,tRNA-Deu,-0.02839588331268873,0.5631045500908325,-0.12410677096575434,0.06783851724589747
1176,MG63,H3K27me3,Kolobok,0.028342622330341932,0.5945601506191212,-0.07599041475842969,0.13206175640139856
1177,MG63,H3K27me3,PIF-Harbinger,0.04093419428217288,0.4465440890849177,-0.06451828124644732,0.14548256535433143
1178,MG63,H3K27me3,Crypton,-0.0010867043117292925,0.9854790716819002,-0.117669347605709,0.11552548641486898
1179,MG63,H3K27me3,Merlin,-0.03510961535203076,0.6120682090297156,-0.16941564252073557,0.1004766862207624
1180,MG63,H3K27me3,TcMar,-0.06356425341475448,0.3652256497802919,-0.19900074580175675,0.07425481204125839
1181,MG63,H3K27me3,L1-Tx1,-0.1570277604091839,0.0678980189841945,-0.31792106505175954,0.012656346666725951
1182,MG63,H3K27me3,Crypton-A,-0.006437401933699643,0.9420531764002575,-0.17842746633721457,0.16593436770707665
1183,MG63,H3K27me3,I-Jockey,-0.05342414975442499,0.5811344730349249,-0.23925090187882606,0.13617797976688803
1184,MG63,H3K27me3,hAT-Tip100?,-0.00966117216117216,0.9396038308040227,-0.254870674575733,0.2367157787422669
1185,MG63,H3K27me3,TcMar-Pogo,0.04032258064516129,0.8265622209634641,-0.31290243144234164,0.3837488583596517
1186,MG63,H3K27me3,hAT?,-0.20519480519480518,0.24435654668432252,-0.5108326646190948,0.14649467707120553
1187,MG63,H3K27me3,hAT-hAT19,-0.07352941176470588,0.7866792491258565,-0.5497289631077525,0.43873896787471733
1188,MG63,H3K4me3,Alu,-0.0020642977416941988,0.030078117255376773,-0.00392958545292743,-0.0001989956656741086
1189,MG63,H3K4me3,L1,0.00018138537382703446,0.8951204943769905,-0.002515377105757896,0.0028781452151540863
1190,MG63,H3K4me3,MIR,0.0005602705403440026,0.687486631628623,-0.0021695234263487276,0.003290056157039529
1191,MG63,H3K4me3,L2,0.0008616674855186425,0.6068563085318448,-0.0024203923683124586,0.004143708775819885
1192,MG63,H3K4me3,ERVL-MaLR,0.0009303987788558349,0.6426557259859482,-0.0029997525082846015,0.004860521324136638
1193,MG63,H3K4me3,hAT-Charlie,0.001063348808448283,0.6181249951159222,-0.0031173614933350164,0.005244021939378936
1194,MG63,H3K4me3,ERV1,-0.0014920985981206015,0.6255726177872047,-0.0074851204034617385,0.004501030390728746
1195,MG63,H3K4me3,ERVL,0.0037996851853670335,0.224038593307192,-0.002325441163722643,0.009924526436719743
1196,MG63,H3K4me3,TcMar-Tigger,-0.0010690069276727819,0.7366753540297712,-0.007299847920337541,0.0051619170711158435
1197,MG63,H3K4me3,hAT-Tip100,-0.0015735299445805895,0.7168827582669592,-0.010077993801764237,0.006931161533214838
1198,MG63,H3K4me3,CR1,-0.006331900079513613,0.17979134885511244,-0.015582724797639912,0.0029200085486754887
1199,MG63,H3K4me3,Gypsy,-0.006627117493216176,0.4067926271321428,-0.022281878839851586,0.009030892906215025
1200,MG63,H3K4me3,hAT-Blackjack,0.012443423320011608,0.12701863711289965,-0.003539876569696999,0.028420367013801667
1201,MG63,H3K4me3,TcMar-Mariner,-0.012309656629939967,0.13454901755162813,-0.028427111625956705,0.0038141972917864614
1202,MG63,H3K4me3,RTE-X,-0.003670939123772071,0.7215877121115899,-0.023858365173954253,0.01651947946184943
1203,MG63,H3K4me3,ERVK,-0.03439873108192532,0.0031628112082498013,-0.05720714327722495,-0.011554430036912493
1204,MG63,H3K4me3,TcMar-Tc2,0.0006070779193688622,0.9609202902190294,-0.023672723797450855,0.02488616390150748
1205,MG63,H3K4me3,SVA,0.0009539516267328549,0.9467026010314384,-0.027010441202637372,0.028916852540136487
1206,MG63,H3K4me3,RTE-BovB,0.026589782919571172,0.07187666060754212,-0.002370181982202729,0.05550518433023023
1207,MG63,H3K4me3,tRNA-RTE,-0.012645253681275621,0.43137753622282005,-0.04412040749321785,0.018854979038285556
1208,MG63,H3K4me3,hAT-Ac,0.004816065623548291,0.7907104483700572,-0.030745502925149416,0.04036545702538962
1209,MG63,H3K4me3,hAT,-0.009867996702312486,0.609078061858926,-0.047657846825115646,0.027950061640409293
1210,MG63,H3K4me3,MULE-MuDR,0.02030269204089315,0.33000650892094274,-0.020555025083748343,0.061092708855551424
1211,MG63,H3K4me3,PiggyBac,0.03170070541604972,0.1472156413595344,-0.01118135428313527,0.07446637756731218
1212,MG63,H3K4me3,5S-Deu-L2,0.0013875609114954864,0.9520830062652509,-0.043847755945765676,0.046617199922258636
1213,MG63,H3K4me3,Helitron,0.020495219779467024,0.39950011324142953,-0.027190866290198224,0.06808823793806926
1214,MG63,H3K4me3,hAT-Tag1,-0.05537262257028751,0.023310874062965548,-0.10298909539004901,-0.007502942297134621
1215,MG63,H3K4me3,tRNA,0.01822441859637841,0.48091746123166557,-0.032456974974853954,0.06881233118875998
1216,MG63,H3K4me3,Penelope,0.015670831302963872,0.6880176139948975,-0.060781304977045016,0.09194017090147216
1217,MG63,H3K4me3,TcMar-Tc1,0.03483413113588347,0.37489388957590797,-0.04214480024089249,0.11140193141609661
1218,MG63,H3K4me3,Dong-R4,-0.014439807770834768,0.7660659384732594,-0.10919293457417173,0.08057337053487347
1219,MG63,H3K4me3,tRNA-Deu,-0.09392436742377368,0.055305171911826434,-0.18846119642096787,0.0023371484323337173
1220,MG63,H3K4me3,Kolobok,0.018099881276571434,0.7339672444299621,-0.08615897749063423,0.12196660341082564
1221,MG63,H3K4me3,PIF-Harbinger,0.01311070192421751,0.8074573769681841,-0.09215180812436502,0.11808342371982385
1222,MG63,H3K4me3,Crypton,0.07932756166727803,0.18329181079854143,-0.03780176451180868,0.19430668064021708
1223,MG63,H3K4me3,Merlin,-0.12869288731576944,0.062036557373010726,-0.2597786956732969,0.00704996280884187
1224,MG63,H3K4me3,TcMar,0.005807187177834274,0.9341389514246277,-0.131333481578315,0.14272975788849449
1225,MG63,H3K4me3,L1-Tx1,-0.10337239468511855,0.23107162217552374,-0.267479227109582,0.0665622971159092
1226,MG63,H3K4me3,Crypton-A,-0.0361253777586106,0.6832385949731096,-0.20707802464917033,0.13696801870036726
1227,MG63,H3K4me3,I-Jockey,0.01210267815772403,0.9005999497939188,-0.1764073799018578,0.19975635584424536
1228,MG63,H3K4me3,hAT-Tip100?,-0.10517399267399266,0.408176847515354,-0.34274981116030834,0.1450460881134615
1229,MG63,H3K4me3,TcMar-Pogo,0.16202346041055718,0.37564345086035944,-0.20013480965859942,0.4852289648166144
1230,MG63,H3K4me3,hAT?,-0.2400305576776165,0.17151809517750322,-0.5383723759884399,0.11177870326649261
1231,MG63,H3K4me3,hAT-hAT19,0.2911764705882353,0.27388704841914874,-0.24975116412258716,0.6935946774924099
1232,VCaP,CTCF,Alu,-0.0011317248578195192,0.23355648597292206,-0.002993749361431012,0.0007303074935214006
1233,VCaP,CTCF,L1,-0.0010607211128289475,0.44052036796774097,-0.0037560720135235005,0.001634645200071656
1234,VCaP,CTCF,MIR,-0.0007162826774470919,0.6064652555696901,-0.003441603174137211,0.0020090484594855605
1235,VCaP,CTCF,L2,-0.002009671128687626,0.22985281452304468,-0.005290018259126863,0.0012707192533415337
1236,VCaP,CTCF,ERVL-MaLR,0.001968341684588806,0.325542011195071,-0.001955731062172679,0.005892353813635608
1237,VCaP,CTCF,hAT-Charlie,0.0024546972696735743,0.24907981039669505,-0.0017195032220694644,0.006628812221610406
1238,VCaP,CTCF,ERV1,0.003293746801109646,0.2804878454774754,-0.002688009356116535,0.009275267255278689
1239,VCaP,CTCF,ERVL,-9.405925205741107e-06,0.9975950616682852,-0.006125591980809364,0.006106780834106619
1240,VCaP,CTCF,TcMar-Tigger,-0.003214032907815278,0.3113809666836112,-0.00943648362253302,0.0030086667070210417
1241,VCaP,CTCF,hAT-Tip100,0.00399414128157641,0.35678730506673784,-0.004501127208846622,0.012488833290873034
1242,VCaP,CTCF,CR1,-0.004343918824897907,0.35707066509978636,-0.013587855181357255,0.0049007599840467245
1243,VCaP,CTCF,Gypsy,0.0060324244467277275,0.4499524618523085,-0.00961754036157883,0.021679434765706607
1244,VCaP,CTCF,hAT-Blackjack,-0.005839135936885027,0.4733616660732881,-0.02179747774928648,0.010122180621338657
1245,VCaP,CTCF,TcMar-Mariner,-0.00998154340247799,0.2241106603340402,-0.026069783201280845,0.006111865646456678
1246,VCaP,CTCF,RTE-X,-0.0029644895605589324,0.773423490170035,-0.02314264279810687,0.017216078017547223
1247,VCaP,CTCF,ERVK,0.01150966089462912,0.3222244264345968,-0.011280385973514344,0.03428775653041323
1248,VCaP,CTCF,TcMar-Tc2,0.003215107521596649,0.7950038860297357,-0.021036294101971744,0.02746272789026954
1249,VCaP,CTCF,SVA,0.012528933005883857,0.37907242505375827,-0.015390119948253046,0.04042846460968133
1250,VCaP,CTCF,RTE-BovB,0.006368059577865108,0.6660649051063703,-0.02255157733892132,0.03527704819020293
1251,VCaP,CTCF,tRNA-RTE,-0.008809306696264004,0.5834514774771411,-0.04027802558423802,0.022676870591300843
1252,VCaP,CTCF,hAT-Ac,0.022341558552550298,0.21776656048121723,-0.013194386973116177,0.05782113944974699
1253,VCaP,CTCF,hAT,0.019794332592251437,0.3044091457939627,-0.01798738997569564,0.05751960629579319
1254,VCaP,CTCF,MULE-MuDR,-0.014755331876026236,0.4788101160520125,-0.055542850257436736,0.02608135096638071
1255,VCaP,CTCF,PiggyBac,0.027584547628372563,0.2069258929903206,-0.01526703775765808,0.07033499045079067
1256,VCaP,CTCF,5S-Deu-L2,-0.0066674987637575355,0.7724761445488185,-0.051824826337973945,0.03851703892200334
1257,VCaP,CTCF,Helitron,-0.01789335938990636,0.46121721345090216,-0.06541171698338616,0.029705968026486354
1258,VCaP,CTCF,hAT-Tag1,0.005863505558655772,0.8099325586122821,-0.041902075518103786,0.05360234492447809
1259,VCaP,CTCF,tRNA,-0.009713393542889238,0.7064369568938185,-0.06019754171499264,0.04082031998235662
1260,VCaP,CTCF,Penelope,0.0320387739566582,0.41086840318212214,-0.044348104942479684,0.10805320393726733
1261,VCaP,CTCF,TcMar-Tc1,0.04634310823748337,0.23624342794380215,-0.030413605161078057,0.1225564508753704
1262,VCaP,CTCF,Dong-R4,-0.04253749827193453,0.3800270930637867,-0.136815029536806,0.05250370807982225
1263,VCaP,CTCF,tRNA-Deu,-0.05360606061854354,0.274181828912939,-0.1488238581371024,0.04259665276071163
1264,VCaP,CTCF,Kolobok,-0.012161246921763262,0.8196371771907629,-0.1162528559819891,0.09219460597799893
1265,VCaP,CTCF,PIF-Harbinger,-0.0034887943108311316,0.9482198378674604,-0.1084294892114916,0.10152879887298308
1266,VCaP,CTCF,Crypton,0.040101374555268375,0.5016511384584779,-0.07690230117643009,0.15601555765088101
1267,VCaP,CTCF,Merlin,0.09531435279127524,0.1667436941850482,-0.040254771064544906,0.22743766092319903
1268,VCaP,CTCF,TcMar,0.06919637653990571,0.32660016929171887,-0.06933760536894158,0.2051120331004619
1269,VCaP,CTCF,L1-Tx1,-0.06169484644323337,0.4738766335550565,-0.2272136233395115,0.10728831238556578
1270,VCaP,CTCF,Crypton-A,-0.029603116455964227,0.7371352610170416,-0.20014893206786236,0.14268387139506802
1271,VCaP,CTCF,I-Jockey,0.022611435455472156,0.8154674846798707,-0.16622082360729806,0.20984399726396538
1272,VCaP,CTCF,hAT-Tip100?,-0.06025641025641026,0.6362270151456342,-0.3018054996681115,0.18856212155758234
1273,VCaP,CTCF,TcMar-Pogo,-0.18291788856304986,0.3163151668345936,-0.5020085999897499,0.18000515519684057
1274,VCaP,CTCF,hAT?,0.06768525592055004,0.7036902087571122,-0.2771884746880702,0.3971088239120839
1275,VCaP,CTCF,hAT-hAT19,-0.3941176470588235,0.13091285429899105,-0.7534881544337624,0.14658141380581002
1276,VCaP,H3K27ac,Alu,-5.1618701732618004e-05,0.9566753826854756,-0.0019139050793385442,0.0018106680339121063
1277,VCaP,H3K27ac,L1,0.0007315068618895877,0.5948085782703982,-0.0019640723719871202,0.003427075465329156
1278,VCaP,H3K27ac,MIR,0.003135626538333988,0.024137322409534184,0.00041017264006167645,0.005861033853456083
1279,VCaP,H3K27ac,L2,-5.889209685445288e-05,0.9719314886719785,-0.003339352852788351,0.003221569926605443
1280,VCaP,H3K27ac,ERVL-MaLR,0.0010086253067285865,0.6144447621936076,-0.0029157635626313157,0.0049329831089731
1281,VCaP,H3K27ac,hAT-Charlie,-0.00017480714867921938,0.934588271704679,-0.004349283550808341,0.003999675345926259
1282,VCaP,H3K27ac,ERV1,0.0017042553788922789,0.576607043613361,-0.004278176121098736,0.007686564892166171
1283,VCaP,H3K27ac,ERVL,0.0030381358912473766,0.3303433121991889,-0.00307910481383707,0.00915514922474302
1284,VCaP,H3K27ac,TcMar-Tigger,0.001428638587823241,0.652748167203978,-0.004794469690403593,0.007651636213799587
1285,VCaP,H3K27ac,hAT-Tip100,0.0019026161880018608,0.660691437595673,-0.006592579939638448,0.010397537706155658
1286,VCaP,H3K27ac,CR1,-0.00018348571873661582,0.9689697280601006,-0.00942801103558911,0.00906107096006048
1287,VCaP,H3K27ac,Gypsy,-0.01878391823357766,0.01864700542281163,-0.03442508993559102,-0.003133547049602878
1288,VCaP,H3K27ac,hAT-Blackjack,-0.011200403804187692,0.16912316607549438,-0.027160519924643498,0.004765421126029251
1289,VCaP,H3K27ac,TcMar-Mariner,0.008786655052111708,0.2846553474140629,-0.007309971233771366,0.024878729005393153
1290,VCaP,H3K27ac,RTE-X,0.00531032211501021,0.6060688022098394,-0.014871976885148895,0.025488295864352525
1291,VCaP,H3K27ac,ERVK,-0.014034971751915471,0.22751635061028785,-0.03681681191148937,0.008761449248311359
1292,VCaP,H3K27ac,TcMar-Tc2,-0.009291267846072062,0.4528075819723625,-0.033537645222522665,0.014966039826449621
1293,VCaP,H3K27ac,SVA,0.013974999982122961,0.32647527703979884,-0.013941545637583723,0.04186977596450766
1294,VCaP,H3K27ac,RTE-BovB,0.009149371506477764,0.535226538813991,-0.0197716554874022,0.03805509977524644
1295,VCaP,H3K27ac,tRNA-RTE,0.031901826942308746,0.04692029771403582,0.0004271511730975398,0.06331335783235986
1296,VCaP,H3K27ac,hAT-Ac,0.002425647587724257,0.8935289970516747,-0.03308663784242797,0.037931815958640966
1297,VCaP,H3K27ac,hAT,0.024378380256765246,0.20589632400012803,-0.01340414687533637,0.06209139291298796
1298,VCaP,H3K27ac,MULE-MuDR,-0.04748663325434158,0.02261347174308911,-0.088166196929682,-0.006648937740760287
1299,VCaP,H3K27ac,PiggyBac,-0.013451947335050125,0.538309250906661,-0.056246888733969456,0.02939233177805361
1300,VCaP,H3K27ac,5S-Deu-L2,-0.013596722160228588,0.5553232416422768,-0.05872318933322362,0.03158519999272772
1301,VCaP,H3K27ac,Helitron,-0.02305133692910257,0.34246888489943295,-0.07055051145421248,0.024552136958300892
1302,VCaP,H3K27ac,hAT-Tag1,0.024250070157230474,0.31981278032334515,-0.023537638811409328,0.07192721228805184
1303,VCaP,H3K27ac,tRNA,-0.013233334560242154,0.607849949347622,-0.0637054517427495,0.03730630675685954
1304,VCaP,H3K27ac,Penelope,0.050393682020939336,0.19600945253810462,-0.02607169334500295,0.12627278772741887
1305,VCaP,H3K27ac,TcMar-Tc1,-0.015815151706359054,0.6862062331847555,-0.09231578974650767,0.060871093409130814
1306,VCaP,H3K27ac,Dong-R4,0.04524017708535287,0.35047051512709726,-0.049808520797488674,0.13947677437153222
1307,VCaP,H3K27ac,tRNA-Deu,0.01854004422317204,0.7054681124914944,-0.07752109591471693,0.11426011647991156
1308,VCaP,H3K27ac,Kolobok,-0.023154731789280784,0.6637161544392862,-0.1269506337003498,0.08114276924190426
1309,VCaP,H3K27ac,PIF-Harbinger,0.030783877753222673,0.5665343527529959,-0.07446159147869845,0.13535113695535297
1310,VCaP,H3K27ac,Crypton,0.05751565822058753,0.33586929464242055,-0.059786383175288636,0.17325085416493285
1311,VCaP,H3K27ac,Merlin,0.09406433468645894,0.17240166236810828,-0.041505998221283,0.2262336409179196
1312,VCaP,H3K27ac,TcMar,0.08846202261561463,0.20945380727370022,-0.05012534307116089,0.22370709992557614
1313,VCaP,H3K27ac,L1-Tx1,-0.01617628699389113,0.8511776675905566,-0.18340492705748243,0.15196226731388507
1314,VCaP,H3K27ac,Crypton-A,-0.014725488548152072,0.8674214720932009,-0.18579080328422878,0.15720621295925774
1315,VCaP,H3K27ac,I-Jockey,-0.0039848021499397646,0.9671977711597839,-0.19194338167871608,0.1842557578391437
1316,VCaP,H3K27ac,hAT-Tip100?,0.27106227106227104,0.030273254258732472,0.02249050705553,0.4880715043517114
1317,VCaP,H3K27ac,TcMar-Pogo,-0.16239002932551316,0.37454969254646453,-0.48552496261003103,0.19978370826218167
1318,VCaP,H3K27ac,hAT?,0.23269671504965622,0.1853845977330125,-0.1191460504422246,0.5326174091427516
1319,VCaP,H3K27ac,hAT-hAT19,0.09705882352941177,0.7206513082372035,-0.4198497353097381,0.5664229902492608
1320,C4-2B,CTCF,Alu,0.0004619470393010957,0.6278584558200687,-0.0014058444684571976,0.0023297353239256978
1321,C4-2B,CTCF,L1,0.0011662829282905857,0.39731622860568694,-0.001534341796985772,0.003866890641376015
1322,C4-2B,CTCF,MIR,-0.00027410582211041557,0.8439033556670633,-0.003002534183250891,0.0024543266201001025
1323,C4-2B,CTCF,L2,-0.00289260397974563,0.0841296722754491,-0.006174949791797229,0.0003898041626500673
1324,C4-2B,CTCF,ERVL-MaLR,-0.0026816087574497295,0.1816163296193856,-0.006616165265504405,0.0012530307795027152
1325,C4-2B,CTCF,hAT-Charlie,0.0031415693993933342,0.14095642527329233,-0.0010407581172395177,0.007323787014023588
1326,C4-2B,CTCF,ERV1,-0.002399981414713022,0.4346417043883255,-0.008420600840224496,0.003620812005201192
1327,C4-2B,CTCF,ERVL,0.0024307971153509516,0.4369820302042732,-0.0036984787596183073,0.00855989035420059
1328,C4-2B,CTCF,TcMar-Tigger,0.003960837647164801,0.21305874506985345,-0.0022736287221661548,0.01019499612267362
1329,C4-2B,CTCF,hAT-Tip100,9.51464482320375e-05,0.982499293606103,-0.008406093156255972,0.008596372300070015
1330,C4-2B,CTCF,CR1,0.002755209094167847,0.5595365224138444,-0.00649899052855284,0.0120089368239958
1331,C4-2B,CTCF,Gypsy,-0.002059090814806308,0.7966293724695224,-0.01771743624757062,0.013600264398699578
1332,C4-2B,CTCF,hAT-Blackjack,-0.006751742249162481,0.40805277674055696,-0.02274368040293291,0.009243650217317118
1333,C4-2B,CTCF,TcMar-Mariner,0.002754869338029738,0.738230007757754,-0.013401072138894727,0.018909372810662066
1334,C4-2B,CTCF,RTE-X,0.010848407993992606,0.2922525633972078,-0.009341215965927869,0.031029190710317307
1335,C4-2B,CTCF,ERVK,0.003679379738280047,0.7543321336016076,-0.01936390538856455,0.026718758025024325
1336,C4-2B,CTCF,TcMar-Tc2,0.007704183344681428,0.5346173329000903,-0.016612341470608964,0.032011600166729985
1337,C4-2B,CTCF,SVA,-0.020561340256692796,0.15079583857987439,-0.04858285457892465,0.007492514750225767
1338,C4-2B,CTCF,RTE-BovB,-0.02506722688809428,0.08952432963241415,-0.053966711190649386,0.0038742158744316277
1339,C4-2B,CTCF,tRNA-RTE,0.0064915258841026025,0.6862745275936235,-0.02500538350531022,0.03797556009062259
1340,C4-2B,CTCF,hAT-Ac,0.04124428699323662,0.023051043636199482,0.0056638249412633,0.07672044973851572
1341,C4-2B,CTCF,hAT,-0.009527689150206317,0.6215453514327762,-0.047325242558644225,0.02829710991742035
1342,C4-2B,CTCF,MULE-MuDR,-0.004961286787461076,0.8118301367278722,-0.04577987385422065,0.03587383995131713
1343,C4-2B,CTCF,PiggyBac,0.0029916716739752137,0.891407448428193,-0.03994156224811547,0.04591387945695596
1344,C4-2B,CTCF,5S-Deu-L2,0.030337378106403762,0.18821594585805998,-0.014865812587576726,0.0754168158643221
1345,C4-2B,CTCF,Helitron,0.001469479223163776,0.9519361694328363,-0.0462872330830624,0.049219489562550935
1346,C4-2B,CTCF,hAT-Tag1,0.0068252708404034045,0.7796965619966614,-0.04098467202318207,0.05460403032223429
1347,C4-2B,CTCF,tRNA,0.012917493263204722,0.6166784657206725,-0.03765527816554047,0.0634242642155786
1348,C4-2B,CTCF,Penelope,0.008867485414213566,0.8209349699032146,-0.06784644651347975,0.08547718017377379
1349,C4-2B,CTCF,TcMar-Tc1,-0.03190125941832548,0.41609196116579006,-0.10843890709267885,0.04501236276580227
1350,C4-2B,CTCF,Dong-R4,0.02434798619781196,0.6154449625787344,-0.07061577826650735,0.11887436802752714
1351,C4-2B,CTCF,tRNA-Deu,-0.007225717619972321,0.8829033756519638,-0.10307061095017518,0.08875212119790399
1352,C4-2B,CTCF,Kolobok,-0.024593405010565304,0.6446871560948907,-0.1285147081789078,0.07986215186774842
1353,C4-2B,CTCF,PIF-Harbinger,0.024661796770753978,0.6461355333774337,-0.08054269376470792,0.1293228638675137
1354,C4-2B,CTCF,Crypton,-0.015265482128104666,0.7981952770165353,-0.13163541804940676,0.10151947418510206
1355,C4-2B,CTCF,Merlin,-0.011046166640554867,0.873269804930407,-0.14590111282063153,0.12421179741307692
1356,C4-2B,CTCF,TcMar,0.12364598075068402,0.07957325688729994,-0.015185079780531135,0.2577997914438752
1357,C4-2B,CTCF,L1-Tx1,-0.032879960147710045,0.7028864316767816,-0.19953926890145599,0.13562811198745078
1358,C4-2B,CTCF,Crypton-A,0.03458498968453058,0.6960648718933076,-0.13847643630959555,0.20559684022818164
1359,C4-2B,CTCF,I-Jockey,-0.07501621721805207,0.43818826746025263,-0.259706426547655,0.11496816094471979
1360,C4-2B,CTCF,hAT-Tip100?,-0.033522727272727273,0.7909329895284181,-0.2752366122621243,0.2121774088733435
1361,C4-2B,CTCF,TcMar-Pogo,0.03885630498533724,0.8327789196507925,-0.31421709734336206,0.38248682820746205
1362,C4-2B,CTCF,hAT?,-0.1771390374331551,0.3240460531766918,-0.4927324365455651,0.17963694394773305
1363,C4-2B,CTCF,hAT-hAT19,-0.2411764705882353,0.36820660804263405,-0.6626183746983176,0.2962660669272803
1364,C4-2B,H3K27ac,Alu,0.0012150705518895462,0.20224099269406126,-0.0006524869278229096,0.003082619555852433
1365,C4-2B,H3K27ac,L1,-0.0012067946092030898,0.38160194695615446,-0.003910107992115051,0.0014965364121261283
1366,C4-2B,H3K27ac,MIR,0.00020113079323469532,0.887038850007639,-0.0025739672017334883,0.0029762256903218
1367,C4-2B,H3K27ac,L2,0.0006356478176116633,0.704350089083189,-0.0026476029072756064,0.003918884838320132
1368,C4-2B,H3K27ac,ERVL-MaLR,-0.004291923303491392,0.03273097522255636,-0.008231179205795993,-0.0003525341923540413
1369,C4-2B,H3K27ac,hAT-Charlie,0.00020968677994576314,0.9224883538700717,-0.004014136213347939,0.004433502291342622
1370,C4-2B,H3K27ac,ERV1,-0.003623831088485161,0.2394187468247155,-0.009660944481741261,0.002413546473444098
1371,C4-2B,H3K27ac,ERVL,0.002710014767352101,0.3868946379298165,-0.003428637371616655,0.008848462668371825
1372,C4-2B,H3K27ac,TcMar-Tigger,0.006162525130249407,0.05606690723438381,-0.00015955952840301889,0.012484117191670578
1373,C4-2B,H3K27ac,hAT-Tip100,0.0003503498512743145,0.935962132854335,-0.008195965900627033,0.008896614424710871
1374,C4-2B,H3K27ac,CR1,-0.0012617238663379631,0.7898976624778069,-0.010542660379980421,0.008019430011886427
1375,C4-2B,H3K27ac,Gypsy,-0.011656229199521074,0.14551374060607103,-0.02734676610221154,0.004040049946646411
1376,C4-2B,H3K27ac,hAT-Blackjack,0.012423956115251385,0.13771102455199072,-0.003981553891791088,0.02882278022980298
1377,C4-2B,H3K27ac,TcMar-Mariner,-0.0069709660875678,0.4244231545672127,-0.02407199749293391,0.010134143740560797
1378,C4-2B,H3K27ac,RTE-X,0.002793768676776285,0.7862667068840915,-0.017398520957284776,0.022983780351505875
1379,C4-2B,H3K27ac,ERVK,-0.011038431074145056,0.348810973385693,-0.034119919603764606,0.01205482644776147
1380,C4-2B,H3K27ac,TcMar-Tc2,0.02179676384980288,0.08565711225244887,-0.0030622376018303514,0.04662884219636894
1381,C4-2B,H3K27ac,SVA,-0.008817932706291309,0.538077890312107,-0.03687316923162474,0.01925119289536657
1382,C4-2B,H3K27ac,RTE-BovB,-0.012486086197489513,0.39790967309072345,-0.04141579887703889,0.016464544772617266
1383,C4-2B,H3K27ac,tRNA-RTE,-0.006555475770064537,0.6868554473969648,-0.038411604549868715,0.02531396430472316
1384,C4-2B,H3K27ac,hAT-Ac,0.005511500496658549,0.7621501576200201,-0.03017430921769139,0.04118327776621769
1385,C4-2B,H3K27ac,hAT,0.02512513939068735,0.20089882149249336,-0.01338703873513439,0.06356288397234326
1386,C4-2B,H3K27ac,MULE-MuDR,0.031215424566125916,0.1346696807989167,-0.009696660451557844,0.07202317773035623
1387,C4-2B,H3K27ac,PiggyBac,0.017310507589938483,0.44243587315192,-0.026865606605477793,0.061419140853864185
1388,C4-2B,H3K27ac,5S-Deu-L2,-0.021701852233378324,0.35073562205969944,-0.06720207738971837,0.023888450647932557
1389,C4-2B,H3K27ac,Helitron,0.028841811225267196,0.24177559577167437,-0.019467343586313655,0.07701660811570406
1390,C4-2B,H3K27ac,hAT-Tag1,-0.010153378578030163,0.6774176254218435,-0.057936718631448246,0.03767637665244083
1391,C4-2B,H3K27ac,tRNA,0.01876688307012887,0.4715474064977059,-0.03232659882955123,0.06976253458272934
1392,C4-2B,H3K27ac,Penelope,-0.026329089078634602,0.5037936135971469,-0.10321309165642756,0.050867666892876334
1393,C4-2B,H3K27ac,TcMar-Tc1,-0.0019939596884796435,0.9608027786695181,-0.08136624802008488,0.07740346043119473
1394,C4-2B,H3K27ac,Dong-R4,0.02281527435968922,0.6378642970561796,-0.0721398205700828,0.1173605053444407
1395,C4-2B,H3K27ac,tRNA-Deu,0.007340847878999872,0.8824809371555433,-0.0898090934848409,0.10435241168163793
1396,C4-2B,H3K27ac,Kolobok,0.03615403180722702,0.5083237214589236,-0.0709900849507685,0.1424733737631753
1397,C4-2B,H3K27ac,PIF-Harbinger,-0.05454248247455953,0.31741650238018077,-0.16036425943226,0.05251885146858327
1398,C4-2B,H3K27ac,Crypton,0.07288142435311633,0.23974984743920327,-0.04889794559494362,0.19252565930760238
1399,C4-2B,H3K27ac,Merlin,-0.11357018659594253,0.12070156925711004,-0.25300957089194437,0.03049158788016702
1400,C4-2B,H3K27ac,TcMar,-0.11798304690795458,0.10875072313569345,-0.257961299908562,0.02684647234502957
1401,C4-2B,H3K27ac,L1-Tx1,0.015716574279263814,0.855360243092527,-0.152410840765926,0.18295992762399807
1402,C4-2B,H3K27ac,Crypton-A,-0.032770227360504216,0.7212215778758819,-0.21008446385927215,0.14663111938187331
1403,C4-2B,H3K27ac,I-Jockey,0.02174033917153183,0.8224573162394937,-0.16706635873056974,0.20900893914993418
1404,C4-2B,H3K27ac,hAT-Tip100?,0.07403846153846153,0.5609488587446205,-0.175288014298766,0.3144404940983199
1405,C4-2B,H3K27ac,TcMar-Pogo,0.31379310344827577,0.09738447974071976,-0.06887251256339408,0.615964582976611
1406,C4-2B,H3K27ac,hAT?,-0.02774064171122995,0.8782069986183596,-0.36760877830491534,0.31866445076878885
1407,C4-2B,H3K27ac,hAT-hAT19,0.2545454545454546,0.4500365768888285,-0.416805741615719,0.7462128425856346
1408,RWPE2,CTCF,Alu,-0.0013658351518984976,0.15093900840335817,-0.0032297355587576765,0.0004980747451900526
1409,RWPE2,CTCF,L1,-0.0003769864938725388,0.783980548957836,-0.003072288278747679,0.0023183207683656667
1410,RWPE2,CTCF,MIR,-0.0015532712661257468,0.26424482307164743,-0.004280155920536053,0.0011736364884753403
1411,RWPE2,CTCF,L2,-0.0012243279804993483,0.46444401275734326,-0.004504519825786037,0.0020558902117404805
1412,RWPE2,CTCF,ERVL-MaLR,-0.00033528856549156844,0.8670583480529337,-0.0042610052739078304,0.003590438477385994
1413,RWPE2,CTCF,hAT-Charlie,-0.00047490482128881447,0.8236411621013631,-0.004651393626645135,0.0037016005517223533
1414,RWPE2,CTCF,ERV1,-0.00013313744805757558,0.9652255818592219,-0.006118444363330329,0.005852179006235501
1415,RWPE2,CTCF,ERVL,-0.0014222198306147419,0.6487029650717602,-0.00754087653209299,0.00469654336295009
1416,RWPE2,CTCF,TcMar-Tigger,-0.005215037221626781,0.10059029961128167,-0.011439590796148284,0.001009920504060019
1417,RWPE2,CTCF,hAT-Tip100,0.005245988490205703,0.22620608475989307,-0.003250254414319192,0.01374147406604287
1418,RWPE2,CTCF,CR1,-0.004739890552014589,0.315014242646214,-0.013985207924466758,0.004506237202427182
1419,RWPE2,CTCF,Gypsy,0.0031921756779417884,0.6893264816487437,-0.012457899903574406,0.018840687713349624
1420,RWPE2,CTCF,hAT-Blackjack,0.00011901802010753637,0.9883491907056262,-0.015854495000471723,0.016092470305278956
1421,RWPE2,CTCF,TcMar-Mariner,8.62204931439194e-05,0.9916322744625115,-0.016025934162009897,0.01619833038247831
1422,RWPE2,CTCF,RTE-X,0.0010524674419240066,0.9185760078343144,-0.019124229688086084,0.021228307690265583
1423,RWPE2,CTCF,ERVK,0.026546667725810696,0.02251974027264155,0.003738535934488702,0.049327193761575974
1424,RWPE2,CTCF,TcMar-Tc2,0.004373492991858368,0.7237861884843522,-0.019880286673975574,0.028622128272648473
1425,RWPE2,CTCF,SVA,0.010732872039556828,0.45142246288154353,-0.017202663476393792,0.03865166392618018
1426,RWPE2,CTCF,RTE-BovB,0.01572602675794053,0.2864674463867221,-0.013193804182771633,0.04461956997526799
1427,RWPE2,CTCF,tRNA-RTE,0.004081507353150844,0.7995532887704173,-0.027417679979064292,0.03557259729912432
1428,RWPE2,CTCF,hAT-Ac,0.038845586228419784,0.03201752811130176,0.003327412415525347,0.07426587187360097
1429,RWPE2,CTCF,hAT,-0.016236481960574416,0.39973993443309186,-0.05398446141199037,0.021557837559785676
1430,RWPE2,CTCF,MULE-MuDR,0.007250710217695325,0.7276693810044812,-0.03355197249600247,0.04802926312123857
1431,RWPE2,CTCF,PiggyBac,0.0013917851578130326,0.9492364596858297,-0.04143611621397868,0.04421458142254368
1432,RWPE2,CTCF,5S-Deu-L2,0.002750942757905572,0.9049920954156613,-0.042402868299893565,0.04789353890605907
1433,RWPE2,CTCF,Helitron,0.006192402238996097,0.7989682299528554,-0.04144666003509339,0.0538033729407146
1434,RWPE2,CTCF,hAT-Tag1,0.05610558654788844,0.02126931101620496,0.0083369943612887,0.10361869618332603
1435,RWPE2,CTCF,tRNA,-0.01629331286855444,0.5275077508970887,-0.06675421128279745,0.03425071971624031
1436,RWPE2,CTCF,Penelope,-0.03668883310452401,0.34666214833242204,-0.1127154996342615,0.03976491774355011
1437,RWPE2,CTCF,TcMar-Tc1,0.007235985956332055,0.8536889691767066,-0.0695875591953401,0.08397420998961103
1438,RWPE2,CTCF,Dong-R4,-0.038084307645793014,0.4319405881502768,-0.13242705173930794,0.05694228524440759
1439,RWPE2,CTCF,tRNA-Deu,0.013022705959537398,0.79065218502462,-0.08300009680896085,0.10880591873914196
1440,RWPE2,CTCF,Kolobok,-1.2822110337974882e-05,0.9998084669170406,-0.10439555514907603,0.1043701903422926
1441,RWPE2,CTCF,PIF-Harbinger,-0.044805395301846816,0.40402740955633043,-0.14913593581079684,0.060511750818189367
1442,RWPE2,CTCF,Crypton,-0.002868581710572135,0.961681551873593,-0.11942639354602225,0.1137672264396146
1443,RWPE2,CTCF,Merlin,0.12116233421711406,0.0783721046103603,-0.014308710529730354,0.2522654072446933
1444,RWPE2,CTCF,TcMar,0.007600103716240202,0.914298965652357,-0.13024801190597654,0.14515997075481427
1445,RWPE2,CTCF,L1-Tx1,0.04928493671537517,0.5673710717701854,-0.11951895759653475,0.21531945935769298
1446,RWPE2,CTCF,Crypton-A,-0.017453320575741598,0.8431523309161806,-0.1884274841028399,0.15454768072981792
1447,RWPE2,CTCF,I-Jockey,0.051811694930960994,0.5926130309658533,-0.13775665874619897,0.2377183220031628
1448,RWPE2,CTCF,hAT-Tip100?,0.01804029304029304,0.8874833837442464,-0.2288028717032286,0.26270371573907697
1449,RWPE2,CTCF,TcMar-Pogo,-0.06085043988269794,0.7407701394054165,-0.4013177307509962,0.29439104753299034
1450,RWPE2,CTCF,hAT?,-0.19908326967150494,0.258995359146845,-0.5059480528059057,0.1525137115060102
1451,RWPE2,CTCF,hAT-hAT19,-0.3529411764705882,0.17995865788498183,-0.73015934447076,0.18916365264737126
1452,RWPE2,H3K27ac,Alu,0.0005469852911217148,0.5655353777843378,-0.0013186575706192636,0.002412624345169841
1453,RWPE2,H3K27ac,L1,-0.001403992540073366,0.30737705954329303,-0.00409983382269391,0.0012918691499425572
1454,RWPE2,H3K27ac,MIR,0.0004325486680826097,0.755963765927266,-0.00229531122073253,0.0031604021195325055
1455,RWPE2,H3K27ac,L2,-0.0012787597337962967,0.44485600575935946,-0.004559180373407899,0.0020016884279663145
1456,RWPE2,H3K27ac,ERVL-MaLR,0.002607691283692206,0.1931123459228953,-0.0013195323888799298,0.00653483452007218
1457,RWPE2,H3K27ac,hAT-Charlie,0.004804342231979655,0.02422325715918783,0.0006259161609199657,0.008982600545531821
1458,RWPE2,H3K27ac,ERV1,0.0015028984715146384,0.6227239013855874,-0.004484216023459695,0.007489905223770075
1459,RWPE2,H3K27ac,ERVL,-0.005580772324511576,0.07392221520735187,-0.011701018825980567,0.0005398923011775039
1460,RWPE2,H3K27ac,TcMar-Tigger,-0.0017052855630515773,0.5914442721050374,-0.007932130189954784,0.0045216913071448326
1461,RWPE2,H3K27ac,hAT-Tip100,0.000654334759170214,0.8800648771132917,-0.007845103885233951,0.009153678865701023
1462,RWPE2,H3K27ac,CR1,-0.001559386175565453,0.7410194497878471,-0.01080655492183899,0.007688049265676665
1463,RWPE2,H3K27ac,Gypsy,0.005806122601585697,0.46718964842795785,-0.009845814120805525,0.02145521494097131
1464,RWPE2,H3K27ac,hAT-Blackjack,0.015933710917596954,0.05074320842557038,-5.248312377388872e-05,0.03191176305234396
1465,RWPE2,H3K27ac,TcMar-Mariner,-0.009457776191596105,0.25079708162485637,-0.025594746809011346,0.006684122014965834
1466,RWPE2,H3K27ac,RTE-X,0.003785661741874271,0.7130911463628268,-0.016391948000691818,0.023960189353265365
1467,RWPE2,H3K27ac,ERVK,-0.02162308159129196,0.06342282337291189,-0.04443493332713599,0.0012113073790184852
1468,RWPE2,H3K27ac,TcMar-Tc2,0.006860156809890265,0.5793726952740615,-0.01739643477401812,0.031108677911112964
1469,RWPE2,H3K27ac,SVA,-0.004179673497362497,0.7694909586154683,-0.03212548869744243,0.02377267172967876
1470,RWPE2,H3K27ac,RTE-BovB,0.026973142815023065,0.06748245806538859,-0.0019456753554841473,0.05584688334005482
1471,RWPE2,H3K27ac,tRNA-RTE,0.0011681468833904744,0.9420802062687288,-0.03033664813606621,0.032670623177045686
1472,RWPE2,H3K27ac,hAT-Ac,0.0016527963966146589,0.9273365435482763,-0.033858598366666035,0.03716002308971862
1473,RWPE2,H3K27ac,hAT,0.012445327059566429,0.5187169160935186,-0.02535368558304727,0.05020880472679425
1474,RWPE2,H3K27ac,MULE-MuDR,0.04297799977731951,0.03896376533089161,0.0021619156818017274,0.08365112273980768
1475,RWPE2,H3K27ac,PiggyBac,-0.017236071242431542,0.43062303145830616,-0.06004077790223462,0.025631908918012584
1476,RWPE2,H3K27ac,5S-Deu-L2,0.011913232375316827,0.6055086678679452,-0.033290727147030894,0.05706855043415262
1477,RWPE2,H3K27ac,Helitron,0.013279365012993326,0.5849450871779119,-0.03437085289096046,0.06086934578087526
1478,RWPE2,H3K27ac,hAT-Tag1,0.0169897428972193,0.48584003526218655,-0.03079212024668411,0.06469413068395621
1479,RWPE2,H3K27ac,tRNA,0.018928028549332634,0.4630975894077184,-0.03163602823586256,0.0693954482072197
1480,RWPE2,H3K27ac,Penelope,0.016982340680596657,0.6632077974732773,-0.0594169473415397,0.09318383811078848
1481,RWPE2,H3K27ac,TcMar-Tc1,-0.05570702464052057,0.1550533471636515,-0.13192700952430306,0.021167811780545567
1482,RWPE2,H3K27ac,Dong-R4,-0.040341820453501355,0.4051289021302472,-0.13465185285382,0.054692533456173836
1483,RWPE2,H3K27ac,tRNA-Deu,-0.029380228812082597,0.5496467895440629,-0.12507799361527278,0.06685918126707303
1484,RWPE2,H3K27ac,Kolobok,-0.14660595172799856,0.0057173547826204684,-0.24759190924389832,-0.04246873035060207
1485,RWPE2,H3K27ac,PIF-Harbinger,-0.011724019076734331,0.8274841687411683,-0.11671474607788414,0.09352585046983831
1486,RWPE2,H3K27ac,Crypton,-0.0722752345382967,0.22548863120833137,-0.187441899454125,0.04485152482068505
1487,RWPE2,H3K27ac,Merlin,0.052928200898640095,0.4443932260903499,-0.08282630086796038,0.18675415641640722
1488,RWPE2,H3K27ac,TcMar,-0.004264431128433504,0.9519699839437209,-0.14223231754784535,0.13386599757919915
1489,RWPE2,H3K27ac,L1-Tx1,0.11929428266224876,0.16499290162440472,-0.0500096034809256,0.2819336746190076
1490,RWPE2,H3K27ac,Crypton-A,-0.04980562195187922,0.5721154326884275,-0.2195585412604934,0.1228744576452017
1491,RWPE2,H3K27ac,I-Jockey,0.09711796867760172,0.31507554505174507,-0.09312126475046802,0.2805158848325472
1492,RWPE2,H3K27ac,hAT-Tip100?,0.12445054945054944,0.32718602410568465,-0.12614286020057477,0.360113707974737
1493,RWPE2,H3K27ac,TcMar-Pogo,-0.08907624633431084,0.6278116800683592,-0.4251735791485531,0.2686093710321252
1494,RWPE2,H3K27ac,hAT?,-0.05210084033613445,0.7698027485301668,-0.38371325685647234,0.29141388913866395
1495,RWPE2,H3K27ac,hAT-hAT19,0.023529411764705882,0.931073583667659,-0.4778062677491202,0.5133038022421272
1496,RWPE2,H3K36me3,Alu,-0.00016939200025528194,0.8585308058252304,-0.002032010076997525,0.0016932272518466874
1497,RWPE2,H3K36me3,L1,0.0009001999930115025,0.5126882674038824,-0.0017948880197297798,0.0035952749286014296
1498,RWPE2,H3K36me3,MIR,-0.0002609290071753187,0.8511800744812341,-0.0029868072482308965,0.0024649531115061873
1499,RWPE2,H3K36me3,L2,-0.0014386319749322093,0.3899868925817792,-0.0047186547455828455,0.0018414217512609092
1500,RWPE2,H3K36me3,ERVL-MaLR,-0.0016724572613381564,0.403582004038194,-0.005596972675272153,0.0022521096711917584
1501,RWPE2,H3K36me3,hAT-Charlie,-0.0003127146655989334,0.8832736075251186,-0.004487235797160765,0.0038618173651158885
1502,RWPE2,H3K36me3,ERV1,0.0025052804799238315,0.4118130479303077,-0.0034776941234883627,0.008488075729621515
1503,RWPE2,H3K36me3,ERVL,-0.0027182524770500522,0.383814914206575,-0.008835584175876073,0.003399282673559003
1504,RWPE2,H3K36me3,TcMar-Tigger,0.004924408421487694,0.12091510529649772,-0.0012987315818589805,0.011147167019188317
1505,RWPE2,H3K36me3,hAT-Tip100,-0.005033020739524411,0.24551110676825522,-0.013526620751809581,0.0034613055299765106
1506,RWPE2,H3K36me3,CR1,-0.001926238753153692,0.6829821873208493,-0.011170178355779069,0.007318030058235539
1507,RWPE2,H3K36me3,Gypsy,-0.0063137175776350266,0.4290169131182685,-0.02195762700343197,0.009333282918223367
1508,RWPE2,H3K36me3,hAT-Blackjack,0.003034874082933784,0.7094424182190138,-0.012928672694468164,0.018996874212736384
1509,RWPE2,H3K36me3,TcMar-Mariner,0.0002250563810738712,0.9781361999237499,-0.01586919784712051,0.016319194019640115
1510,RWPE2,H3K36me3,RTE-X,-0.01994531409327784,0.052670727687279296,-0.04010639597277672,0.00023200161277964516
1511,RWPE2,H3K36me3,ERVK,0.019426236228947933,0.09497070471151316,-0.0033791598648025686,0.04221143596540035
1512,RWPE2,H3K36me3,TcMar-Tc2,0.005234252643368677,0.6722311308627094,-0.019012458643992713,0.02947481085821675
1513,RWPE2,H3K36me3,SVA,0.015291591335396162,0.2835476648490076,-0.012659215198518469,0.04321851965985383
1514,RWPE2,H3K36me3,RTE-BovB,0.010052613329595122,0.49565843706027446,-0.018865645190178023,0.038954066610857215
1515,RWPE2,H3K36me3,tRNA-RTE,0.00749574590314707,0.6407121831148114,-0.02398151421537799,0.038958158355421574
1516,RWPE2,H3K36me3,hAT-Ac,-0.02921529745571548,0.10682686271980292,-0.06465934117628622,0.00630236677324735
1517,RWPE2,H3K36me3,hAT,0.007909670801929319,0.6814877956471059,-0.029857407781713776,0.04565419749520435
1518,RWPE2,H3K36me3,MULE-MuDR,0.013831266951800161,0.506595164766364,-0.02698697362756428,0.05460346137130587
1519,RWPE2,H3K36me3,PiggyBac,-0.00925281859301688,0.672025505753314,-0.0520483054726301,0.03357659027324033
1520,RWPE2,H3K36me3,5S-Deu-L2,-0.035307944363838474,0.12552137533069863,-0.08035427383338975,0.00988231414125633
1521,RWPE2,H3K36me3,Helitron,-0.020986596183051768,0.38787153234124827,-0.06853566871649867,0.02665760589802939
1522,RWPE2,H3K36me3,hAT-Tag1,0.014781622063991562,0.5442823774442614,-0.032997714325257645,0.06249355004506121
1523,RWPE2,H3K36me3,tRNA,0.032193871377044866,0.21194849654937895,-0.01837838067373199,0.08260181311796508
1524,RWPE2,H3K36me3,Penelope,0.0852366223447364,0.028432402910095335,0.008897709139768778,0.16058775880665946
1525,RWPE2,H3K36me3,TcMar-Tc1,-0.03402289723504986,0.3853931949681574,-0.11048155033186328,0.042836092757572775
1526,RWPE2,H3K36me3,Dong-R4,-0.054763148075989934,0.2582723346261134,-0.1488473511280447,0.040303635884082124
1527,RWPE2,H3K36me3,tRNA-Deu,0.001936765728572293,0.9685087115197533,-0.09399586846419933,0.09783376464735145
1528,RWPE2,H3K36me3,Kolobok,-0.031638849968275935,0.5523997854740886,-0.13530705984074978,0.0727145925071028
1529,RWPE2,H3K36me3,PIF-Harbinger,-0.08702309524825134,0.10459508741655013,-0.1904570619979865,0.018321791923992768
1530,RWPE2,H3K36me3,Crypton,-0.002192468967050426,0.9707083909903835,-0.11875976717292067,0.11443444224766597
1531,RWPE2,H3K36me3,Merlin,0.1346064835973273,0.050320545824388524,-0.0007578581867884628,0.26512665953874
1532,RWPE2,H3K36me3,TcMar,-0.061356707455486555,0.38450816489208683,-0.19752392588555825,0.07713336163867765
1533,RWPE2,H3K36me3,L1-Tx1,0.10951663659987083,0.2026811947976584,-0.059792959291751685,0.2727011630989078
1534,RWPE2,H3K36me3,Crypton-A,-0.04734737019316107,0.591251755544757,-0.2172021421656659,0.12529040770137737
1535,RWPE2,H3K36me3,I-Jockey,0.10521731072189788,0.2762146750531851,-0.08508030962164866,0.2881090064828472
1536,RWPE2,H3K36me3,hAT-Tip100?,-0.06556776556776556,0.6067219252885736,-0.3066823695042075,0.1834545961311296
1537,RWPE2,H3K36me3,TcMar-Pogo,-0.06488269794721407,0.7242373690376973,-0.4047470058750653,0.2907314300688805
1538,RWPE2,H3K36me3,hAT?,-0.05974025974025974,0.7371626969193503,-0.39029274982884116,0.284454757919099
1539,RWPE2,H3K36me3,hAT-hAT19,-0.4294117647058823,0.09693648522272379,-0.7728143606534497,0.10849881308587421
1540,22Rv1,CTCF,Alu,0.0010151119869928147,0.2851297466542549,-0.000846283687512316,0.002876500627209726
1541,22Rv1,CTCF,L1,5.5365820663304636e-05,0.9678816294216352,-0.0026396310614013466,0.002750361898483375
1542,22Rv1,CTCF,MIR,0.00016141630927571458,0.9075659804709189,-0.0025633427864122727,0.002886173008155622
1543,22Rv1,CTCF,L2,0.0014386377121977942,0.38997371817227766,-0.0018413379322900667,0.004718582402493497
1544,22Rv1,CTCF,ERVL-MaLR,0.0024267896153121688,0.225345367630661,-0.0014962465251958466,0.006349751059186519
1545,22Rv1,CTCF,hAT-Charlie,-0.0013791010302372,0.5171723132089512,-0.005552197268661398,0.0027940432421815166
1546,22Rv1,CTCF,ERV1,8.656946092364068e-05,0.9773675547783767,-0.0058942293300786805,0.006067362058761027
1547,22Rv1,CTCF,ERVL,0.0021118458420757084,0.4984834768576024,-0.004003208252693354,0.008226741999971808
1548,22Rv1,CTCF,TcMar-Tigger,0.0021781159779944437,0.4925985516897292,-0.004043315490137763,0.008399378836669613
1549,22Rv1,CTCF,hAT-Tip100,0.0014890732438920706,0.7311007073502721,-0.007003310455779725,0.009981242162865053
1550,22Rv1,CTCF,CR1,0.005705252886822967,0.22639723833782874,-0.003538624825578149,0.014948155650876952
1551,22Rv1,CTCF,Gypsy,0.008340909102951955,0.29606238483586517,-0.0073047434357743244,0.02398247894027075
1552,22Rv1,CTCF,hAT-Blackjack,0.009229296279988529,0.2568859004787838,-0.006725924764893531,0.02517981932140834
1553,22Rv1,CTCF,TcMar-Mariner,-0.0076302425438881894,0.3524786215811443,-0.023710922213046097,0.008454384506036357
1554,22Rv1,CTCF,RTE-X,0.010681258726241741,0.2994448208793254,-0.009495510410042172,0.03084933389411556
1555,22Rv1,CTCF,ERVK,-0.017027903725365386,0.14306929133009214,-0.03980198350446779,0.005763858235948059
1556,22Rv1,CTCF,TcMar-Tc2,-0.0038997262092001477,0.752542466088462,-0.02813572897941145,0.020340858769095912
1557,22Rv1,CTCF,SVA,0.0010212261635796833,0.9428111559659202,-0.026875154588908195,0.028916017552105946
1558,22Rv1,CTCF,RTE-BovB,-0.031351388135119035,0.03349758934563772,-0.06020652960686762,-0.002443892946205557
1559,22Rv1,CTCF,tRNA-RTE,-0.015229199936806612,0.3427540792906888,-0.04666361308398,0.01623534567407725
1560,22Rv1,CTCF,hAT-Ac,-0.03143898942861193,0.08276690620803098,-0.06688826609358381,0.004089557969734519
1561,22Rv1,CTCF,hAT,0.007329875361686334,0.7036876640214216,-0.030436626546539232,0.04507547838818608
1562,22Rv1,CTCF,MULE-MuDR,0.017819460334875494,0.3920719149636366,-0.02299271207354231,0.058572338781464096
1563,22Rv1,CTCF,PiggyBac,0.025814531867227996,0.23724566793510318,-0.01700615343217973,0.06854069552223221
1564,22Rv1,CTCF,5S-Deu-L2,0.012672513204167834,0.5823190948404212,-0.03248436354596513,0.057777758608570026
1565,22Rv1,CTCF,Helitron,-0.0060150931028835715,0.8045497654614399,-0.05361249673587472,0.04160958167365228
1566,22Rv1,CTCF,hAT-Tag1,-0.01294077232514351,0.5955361928614412,-0.06065872033142745,0.03483619079199811
1567,22Rv1,CTCF,tRNA,0.0046479629973260606,0.8569753782326432,-0.04587557531914293,0.055147782900782115
1568,22Rv1,CTCF,Penelope,-0.023442523347803834,0.5480178505735365,-0.09964925158116776,0.05303761530997463
1569,22Rv1,CTCF,TcMar-Tc1,0.003971320285019057,0.9191979015407481,-0.0726588059624499,0.08055483358279429
1570,22Rv1,CTCF,Dong-R4,0.02097591301410903,0.6652097813964224,-0.07396833894148064,0.11554332913401562
1571,22Rv1,CTCF,tRNA-Deu,-0.010090405677461858,0.8370359645732277,-0.10590541551556922,0.08591025230022882
1572,22Rv1,CTCF,Kolobok,-0.011415156303620734,0.8302924843030257,-0.11536949893533645,0.09278652145563879
1573,22Rv1,CTCF,PIF-Harbinger,-0.050706577182626354,0.34492119395146537,-0.15492839111360632,0.05463147338587038
1574,22Rv1,CTCF,Crypton,-0.07957825813090962,0.18190700152768735,-0.19455055325794565,0.0375509965763606
1575,22Rv1,CTCF,Merlin,0.004825636643429391,0.9443151791142921,-0.1300086599319663,0.13948469425709054
1576,22Rv1,CTCF,TcMar,0.02961644795651889,0.674883094741165,-0.108566074499787,0.16667615854528764
1577,22Rv1,CTCF,L1-Tx1,0.13439712879964974,0.11740083909066708,-0.03484863172396357,0.296149065685996
1578,22Rv1,CTCF,Crypton-A,-0.03778394342715982,0.6683123703516949,-0.20802080197436176,0.1346746703886408
1579,22Rv1,CTCF,I-Jockey,0.014817903808729499,0.8784548272114971,-0.17377829144162021,0.20236562700629449
1580,22Rv1,CTCF,hAT-Tip100?,-0.10567765567765566,0.40592310841148826,-0.34320508406183764,0.14455394799629098
1581,22Rv1,CTCF,TcMar-Pogo,-0.2994868035190616,0.09586879610716607,-0.5921583634343318,0.06298844455630158
1582,22Rv1,CTCF,hAT?,0.02796027501909855,0.8752706198485265,-0.3132285215645925,0.36275634397812917
1583,22Rv1,CTCF,hAT-hAT19,-0.10294117647058824,0.7044103818167706,-0.5705524379735629,0.41507516036700587
1584,22Rv1,H3K27ac,Alu,-0.000665710542026845,0.4834789844951878,-0.0025277512760437247,0.0011963348083009764
1585,22Rv1,H3K27ac,L1,-0.0012728109304335749,0.3546795999621144,-0.003968123608539105,0.0014225202410344936
1586,22Rv1,H3K27ac,MIR,0.002484356409333921,0.07396200013219643,-0.00024069705614688264,0.005209372977840626
1587,22Rv1,H3K27ac,L2,0.0018225140035920847,0.2761495506143793,-0.0014575912994987986,0.005102580089834292
1588,22Rv1,H3K27ac,ERVL-MaLR,-0.0009812514823821623,0.6240199641445743,-0.004904862761460531,0.0029423900091523117
1589,22Rv1,H3K27ac,hAT-Charlie,-0.003913409265862193,0.06610913892739959,-0.008087100595575967,0.00026041841121915215
1590,22Rv1,H3K27ac,ERV1,-0.003423475011688575,0.2619591090556244,-0.009404764077055941,0.0025580590218261265
1591,22Rv1,H3K27ac,ERVL,0.003952339102582861,0.2052734865010506,-0.00216329820467102,0.010067680776485143
1592,22Rv1,H3K27ac,TcMar-Tigger,0.0022750238395018696,0.4736058793223017,-0.003947161737541552,0.00849703326282501
1593,22Rv1,H3K27ac,hAT-Tip100,-4.8876421233913714e-05,0.9910010446274569,-0.008542199815661773,0.008444454024751871
1594,22Rv1,H3K27ac,CR1,-0.002600661328355134,0.5813683183538876,-0.011844522134239383,0.006643643949530778
1595,22Rv1,H3K27ac,Gypsy,0.006984563076470006,0.3815930283059208,-0.00866149985487879,0.02262720695619971
1596,22Rv1,H3K27ac,hAT-Blackjack,0.01643680763314418,0.04349188496484212,0.00047932150387705965,0.032385924909327984
1597,22Rv1,H3K27ac,TcMar-Mariner,0.0017734564535098977,0.8289523150486245,-0.014314653867240026,0.017860648785887213
1598,22Rv1,H3K27ac,RTE-X,0.006623493359742365,0.5199268183440056,-0.013551617628856854,0.0267932135639731
1599,22Rv1,H3K27ac,ERVK,-0.004386870850256776,0.7061510640932023,-0.027186009901014607,0.018416829798202135
1600,22Rv1,H3K27ac,TcMar-Tc2,0.0014109026617092524,0.9092033769844714,-0.02283402306299986,0.02565416979307573
1601,22Rv1,H3K27ac,SVA,-0.007413504089305813,0.6027066082622404,-0.03531632565670572,0.02050086671690813
1602,22Rv1,H3K27ac,RTE-BovB,-0.0004031177936928754,0.9782009716110074,-0.029311677471834618,0.028506115675231064
1603,22Rv1,H3K27ac,tRNA-RTE,0.004257749578292236,0.7908570680210605,-0.027205033780329884,0.035712105492048805
1604,22Rv1,H3K27ac,hAT-Ac,-0.016007950298744886,0.37713794505454135,-0.05149615737259581,0.019520634234690484
1605,22Rv1,H3K27ac,hAT,0.01581072589281883,0.4118677575800358,-0.021955303385270075,0.05353169689475435
1606,22Rv1,H3K27ac,MULE-MuDR,0.060868377968101135,0.003440737665856688,0.020079498172043485,0.10145497532709928
1607,22Rv1,H3K27ac,PiggyBac,-0.00808228828447713,0.711458723104391,-0.05087036649566049,0.034735406770109285
1608,22Rv1,H3K27ac,5S-Deu-L2,0.03238266731046889,0.15979716735672053,-0.012784324512794657,0.07741778163346015
1609,22Rv1,H3K27ac,Helitron,-0.04303320605843566,0.0765263132167912,-0.09048206301091433,0.004610577307239599
1610,22Rv1,H3K27ac,hAT-Tag1,0.0030943162950854363,0.8990006574947345,-0.044665836332414215,0.050840356488591885
1611,22Rv1,H3K27ac,tRNA,-0.02513971044948342,0.32958695903827795,-0.07556420069759814,0.025413027925969316
1612,22Rv1,H3K27ac,Penelope,0.027065396108232484,0.48759960148847925,-0.049367308459414866,0.10318294389787995
1613,22Rv1,H3K27ac,TcMar-Tc1,0.051883626484525276,0.18476915300999347,-0.024874363455182787,0.12803344856520563
1614,22Rv1,H3K27ac,Dong-R4,-0.06009105890932852,0.21473166269644678,-0.15408445213663,0.03498018199731767
1615,22Rv1,H3K27ac,tRNA-Deu,-0.04476282527089954,0.36129764767135353,-0.14012373711771228,0.05142087932226696
1616,22Rv1,H3K27ac,Kolobok,0.00036116612535423,0.9945896727263465,-0.10373079755357642,0.1044453038228661
1617,22Rv1,H3K27ac,PIF-Harbinger,-0.06446174546295182,0.22968367735339784,-0.16840919876928614,0.04090362944187683
1618,22Rv1,H3K27ac,Crypton,0.01564801263491315,0.7932510740574511,-0.10114112366315728,0.13201173121240972
1619,22Rv1,H3K27ac,Merlin,0.07581658928431183,0.2717845898259536,-0.05973466594543069,0.20862236418020702
1620,22Rv1,H3K27ac,TcMar,0.05424721066090626,0.4420730789372579,-0.08419201126093472,0.1906319044195694
1621,22Rv1,H3K27ac,L1-Tx1,0.04854052881707002,0.573245078854169,-0.12025138975088855,0.21460480858494538
1622,22Rv1,H3K27ac,Crypton-A,-0.058733800163510305,0.5051734595868758,-0.22810429320338965,0.11408695836117883
1623,22Rv1,H3K27ac,I-Jockey,-0.1748586785284033,0.068977193519757,-0.35267233139816767,0.015142772207332952
1624,22Rv1,H3K27ac,hAT-Tip100?,0.11135531135531135,0.381022664288286,-0.138999651557359,0.348331370458294
1625,22Rv1,H3K27ac,TcMar-Pogo,-0.4567448680351906,0.008593402696786127,-0.7042371713064515,-0.11027284915130559
1626,22Rv1,H3K27ac,hAT?,0.06890756302521009,0.6985869760452637,-0.2760679657110351,0.3981550485522649
1627,22Rv1,H3K27ac,hAT-hAT19,-0.05294117647058824,0.8456104411493658,-0.5348883254111099,0.4549988507346061
1628,RWPE1,CTCF,Alu,0.001607285082548718,0.09109765480699733,-0.0002571541834504045,0.0034717131743100165
1629,RWPE1,CTCF,L1,0.001908752098234964,0.16575720700527208,-0.0007905131219700829,0.004607989504164767
1630,RWPE1,CTCF,MIR,0.0006504482338232049,0.6399935366209089,-0.0020753016118079705,0.0033761884141981792
1631,RWPE1,CTCF,L2,-0.0010352180573577445,0.5363332549597564,-0.004316401108479545,0.0022459872845904433
1632,RWPE1,CTCF,ERVL-MaLR,0.001331301067476318,0.5065238133740955,-0.002596832552262979,0.005259393602999217
1633,RWPE1,CTCF,hAT-Charlie,-0.004102509011953542,0.054190977148096973,-0.008278740309048278,7.386539541688156e-05
1634,RWPE1,CTCF,ERV1,0.001812301157107716,0.5541401620654265,-0.004192157748094308,0.007816629385028096
1635,RWPE1,CTCF,ERVL,0.0025440743988394744,0.4153332289991547,-0.0035775151204163022,0.008665473250233268
1636,RWPE1,CTCF,TcMar-Tigger,-0.0004940771372972388,0.8764155946045263,-0.006720886892105482,0.005732770931619625
1637,RWPE1,CTCF,hAT-Tip100,0.0020260372637931475,0.640214768318317,-0.006469803134805385,0.010521585195340084
1638,RWPE1,CTCF,CR1,0.001247054480200117,0.7916208170759221,-0.008003861849480355,0.010497757369992911
1639,RWPE1,CTCF,Gypsy,0.009456349142634978,0.23633179512765246,-0.006195328741770111,0.025103394845364033
1640,RWPE1,CTCF,hAT-Blackjack,-0.00035377104999096483,0.9653739928996891,-0.01632504061715366,0.015617679000099761
1641,RWPE1,CTCF,TcMar-Mariner,0.011720213667449738,0.15385590456997986,-0.004388946764179012,0.027823292650835812
1642,RWPE1,CTCF,RTE-X,-0.0055158171105225105,0.5922205992962852,-0.025694743068335656,0.01466760194487199
1643,RWPE1,CTCF,ERVK,-0.0006153248126614657,0.958127813147686,-0.02358208636470878,0.022352085891366055
1644,RWPE1,CTCF,TcMar-Tc2,0.019315192280420817,0.11843082419363732,-0.004933511038729763,0.04354119374454216
1645,RWPE1,CTCF,SVA,-0.021916671955585512,0.12369903203894682,-0.04979083006293421,0.005991601357040556
1646,RWPE1,CTCF,RTE-BovB,-0.006428810156930433,0.6630747068293718,-0.03533773113530363,0.022490860705355407
1647,RWPE1,CTCF,tRNA-RTE,0.00845567249636272,0.5985598515761537,-0.0230221772364505,0.03991677325653307
1648,RWPE1,CTCF,hAT-Ac,-0.017347808754697214,0.3389064841861952,-0.052862284175508444,0.018210494678556302
1649,RWPE1,CTCF,hAT,0.013928521662197395,0.4698172829008168,-0.02384341940300066,0.05166075261923242
1650,RWPE1,CTCF,MULE-MuDR,-0.01641157238839025,0.4307587022101118,-0.057185918810746944,0.024417431938079312
1651,RWPE1,CTCF,PiggyBac,0.022720917770540163,0.2988142172420206,-0.02015009494825041,0.065508531280496
1652,RWPE1,CTCF,5S-Deu-L2,-0.0033662194822349023,0.8838793691275995,-0.04850743432032117,0.04178871856996745
1653,RWPE1,CTCF,Helitron,0.036538695816496526,0.13311614030332358,-0.011165263200946872,0.08407671191774321
1654,RWPE1,CTCF,hAT-Tag1,-0.02116552724878912,0.38552859533631145,-0.06888301048174196,0.026648580486740008
1655,RWPE1,CTCF,tRNA,0.017783183620318607,0.49059172836399834,-0.03277954025428984,0.0682551134750275
1656,RWPE1,CTCF,Penelope,0.006598527385617485,0.8659435024910931,-0.06992854851562864,0.08304839076063969
1657,RWPE1,CTCF,TcMar-Tc1,0.04178523212127781,0.28596583826313293,-0.0350266568265678,0.11810634329323343
1658,RWPE1,CTCF,Dong-R4,0.026672690986440598,0.5821183741989223,-0.06830358784511055,0.121169854744968
1659,RWPE1,CTCF,tRNA-Deu,0.015535777587831203,0.7514730105473386,-0.08050502681060985,0.11129076698042259
1660,RWPE1,CTCF,Kolobok,0.031495215266592186,0.554768603148442,-0.0730053257022017,0.13531170212744814
1661,RWPE1,CTCF,PIF-Harbinger,0.05943357376999808,0.26816141327453064,-0.04592529402477876,0.1634847160890085
1662,RWPE1,CTCF,Crypton,-0.0028863184191923203,0.9614448082732857,-0.11944388033597088,0.11374972206688827
1663,RWPE1,CTCF,Merlin,-0.004618005366671198,0.9468346459566646,-0.13960020686360303,0.13053269170053147
1664,RWPE1,CTCF,TcMar,-0.12116915072627461,0.08505417682387148,-0.25510495795581845,0.01732898175871411
1665,RWPE1,CTCF,L1-Tx1,-0.10619830421306858,0.21678359431868105,-0.2695625933220943,0.06310757349730321
1666,RWPE1,CTCF,Crypton-A,0.11426733555101294,0.1937463571838985,-0.058965469834204684,0.28081916981625815
1667,RWPE1,CTCF,I-Jockey,-0.07953850430914651,0.41099929910248234,-0.26397490465695683,0.11050932146232403
1668,RWPE1,CTCF,hAT-Tip100?,0.11144688644688643,0.38062869718027503,-0.13890996754792284,0.3484139639702986
1669,RWPE1,CTCF,TcMar-Pogo,0.22397360703812316,0.2178346634986326,-0.13973629895704168,0.5344314894812839
1670,RWPE1,CTCF,hAT?,0.02796027501909855,0.8752706198485265,-0.3132285215645925,0.36275634397812917
1671,RWPE1,CTCF,hAT-hAT19,-0.11176470588235293,0.6802736949858406,-0.5767137615441166,0.407873364319891
1672,RWPE1,H3K27ac,Alu,0.0005657907643129395,0.5518683824180555,-0.0012980730016599526,0.0024296505991920564
1673,RWPE1,H3K27ac,L1,-0.0014047290666539059,0.3076873149937289,-0.004103715024725039,0.0012942773571813732
1674,RWPE1,H3K27ac,MIR,0.001891547118569123,0.17390510473904774,-0.0008349359435718065,0.004618002058474462
1675,RWPE1,H3K27ac,L2,-0.0007937207267302286,0.6354132708803354,-0.004074852290284747,0.002487427927039907
1676,RWPE1,H3K27ac,ERVL-MaLR,-0.0021300036589030936,0.28784582674430664,-0.00605777598043711,0.0017978343848461256
1677,RWPE1,H3K27ac,hAT-Charlie,0.001197212514328137,0.5742472485629591,-0.002979472366990607,0.005373855625986588
1678,RWPE1,H3K27ac,ERV1,-0.0016351770835976037,0.5934427252495024,-0.007638359575676539,0.00436812326878802
1679,RWPE1,H3K27ac,ERVL,0.0010648769750961342,0.7331328167800071,-0.005056383066455155,0.007186057216090541
1680,RWPE1,H3K27ac,TcMar-Tigger,0.0006580752496795975,0.8359457460354351,-0.005570350151419275,0.006886449593376143
1681,RWPE1,H3K27ac,hAT-Tip100,-0.008287797534375342,0.055870311192088774,-0.01678224266012935,0.00020784386395779667
1682,RWPE1,H3K27ac,CR1,0.003906855108061433,0.40783065870448243,-0.005344296786950678,0.01315733831410238
1683,RWPE1,H3K27ac,Gypsy,-0.011470443828437291,0.1508503609525429,-0.02711550431720943,0.004180234609143207
1684,RWPE1,H3K27ac,hAT-Blackjack,0.007037943330801019,0.3882487226306426,-0.008950023089278692,0.023022312373506357
1685,RWPE1,H3K27ac,TcMar-Mariner,0.008567157435282824,0.29915153014160534,-0.007605996891624935,0.024735830836524184
1686,RWPE1,H3K27ac,RTE-X,0.013398083764732309,0.19325211102387635,-0.006787359956112471,0.03357261327404159
1687,RWPE1,H3K27ac,ERVK,-0.007553480722846657,0.5192119816541536,-0.03051403080153959,0.015415036765603605
1688,RWPE1,H3K27ac,TcMar-Tc2,-0.006190774433261217,0.6171672544422582,-0.030456572104857367,0.0180823163232944
1689,RWPE1,H3K27ac,SVA,0.006973074880268897,0.624354960675656,-0.020935425712699372,0.03487071673307793
1690,RWPE1,H3K27ac,RTE-BovB,-0.01633883410269569,0.2683624769469612,-0.045247162572504725,0.012596835942642215
1691,RWPE1,H3K27ac,tRNA-RTE,0.011273341495595935,0.48284327367805147,-0.02021411004213416,0.04273845192942648
1692,RWPE1,H3K27ac,hAT-Ac,0.019599344696325637,0.27993274408796565,-0.01595958677752828,0.05510876186917975
1693,RWPE1,H3K27ac,hAT,0.001438993645631857,0.9405006042851682,-0.03633459264303333,0.039208473933782094
1694,RWPE1,H3K27ac,MULE-MuDR,0.023228442513718583,0.2648526943530137,-0.01761251281112304,0.06399201358577268
1695,RWPE1,H3K27ac,PiggyBac,-0.040057295728490906,0.06691648979339851,-0.08277820198456251,0.0028105644925303817
1696,RWPE1,H3K27ac,5S-Deu-L2,-0.01451232089586651,0.5288970032579443,-0.05962408573997708,0.030658601081032733
1697,RWPE1,H3K27ac,Helitron,0.031165060910155345,0.2007534839842934,-0.016596315071895858,0.07878453720473653
1698,RWPE1,H3K27ac,hAT-Tag1,0.03022848974013615,0.21517259989661455,-0.017589630866375664,0.07790864385461255
1699,RWPE1,H3K27ac,tRNA,0.021143791660731374,0.4122491540770764,-0.02940574877532263,0.07158545886011905
1700,RWPE1,H3K27ac,Penelope,0.01579959308285541,0.6860440341480167,-0.06076955912039404,0.09218388559555425
1701,RWPE1,H3K27ac,TcMar-Tc1,0.018009220287251285,0.645975156589859,-0.058803259710051715,0.09460970359393622
1702,RWPE1,H3K27ac,Dong-R4,-0.012298122248168767,0.7997342411705797,-0.10696379823512911,0.08258852313250804
1703,RWPE1,H3K27ac,tRNA-Deu,-0.03555211789339747,0.46850275023259824,-0.13105029871170182,0.06059979194083179
1704,RWPE1,H3K27ac,Kolobok,0.020459811856776408,0.7012543867279748,-0.08396525632788022,0.1244403814119105
1705,RWPE1,H3K27ac,PIF-Harbinger,-0.08071116807295714,0.13236118084241685,-0.18429674581552785,0.02464766904977869
1706,RWPE1,H3K27ac,Crypton,0.004672696176938792,0.9376216868359798,-0.11198646654038327,0.12120480982123463
1707,RWPE1,H3K27ac,Merlin,-0.006069494022113391,0.9303288133292256,-0.14134500744285028,0.12942852996313928
1708,RWPE1,H3K27ac,TcMar,0.10550630957380791,0.13409809821507931,-0.03306304483022174,0.24009597770699756
1709,RWPE1,H3K27ac,L1-Tx1,-0.0700536837213808,0.4159633151085268,-0.23520416820021092,0.09902845309627296
1710,RWPE1,H3K27ac,Crypton-A,-0.014760186998600863,0.8671119378881805,-0.18582435385064877,0.15717240771081809
1711,RWPE1,H3K27ac,I-Jockey,0.037308868501529056,0.7001192499639272,-0.15192328236525704,0.22390262898883262
1712,RWPE1,H3K27ac,hAT-Tip100?,-0.10450174825174825,0.4074190252778126,-0.34034174663356537,0.1437079334884664
1713,RWPE1,H3K27ac,TcMar-Pogo,-0.282991202346041,0.11654890711899492,-0.5797606658129546,0.08006895599957965
1714,RWPE1,H3K27ac,hAT?,0.3280366692131398,0.058224123806678886,-0.020736344381928555,0.6056309650778314
1715,RWPE1,H3K27ac,hAT-hAT19,0.3558823529411765,0.1761037380915931,-0.18618358467659962,0.7318535353453441
