,cell_line,modification,family_name,r,p_value,ci_low,ci_high
0,Caco-2,H3K4me1,Alu,-0.0007298070619597881,0.4438131896487496,-0.0025977203474791925,0.0011381113163159153
1,Caco-2,H3K4me1,L1,0.0023753033401288327,0.08491448524228419,-0.0003269047252906088,0.005077476717207886
2,Caco-2,H3K4me1,MIR,0.0007285092558490397,0.6006192994397501,-0.0019989479892036305,0.0034559556621447766
3,Caco-2,H3K4me1,L2,0.00360742534708579,0.031248389606721633,0.0003247953648730077,0.006889977585352966
4,Caco-2,H3K4me1,ERVL-MaLR,-0.0004657940456489878,0.8164894957884585,-0.004399795099634141,0.0034682214259888038
5,Caco-2,H3K4me1,hAT-Charlie,0.002738139571689431,0.1992742588286114,-0.0014427417363134228,0.006918925157074517
6,Caco-2,H3K4me1,ERV1,-0.004291801101796944,0.16245246685003964,-0.010313402885227503,0.0017301119421931808
7,Caco-2,H3K4me1,ERVL,-0.002129289685910097,0.4958889242487573,-0.008257621521368339,0.003999202091575338
8,Caco-2,H3K4me1,TcMar-Tigger,-0.0021452956916678213,0.4999202329707457,-0.008377874181395371,0.004087449471454769
9,Caco-2,H3K4me1,hAT-Tip100,0.006176982609544432,0.1543886004137104,-0.0023238136006472144,0.014676886138210912
10,Caco-2,H3K4me1,CR1,0.0006305309995870991,0.8937620795827523,-0.008623227161362546,0.009884181174442277
11,Caco-2,H3K4me1,Gypsy,0.00030524865501921366,0.9695238348907065,-0.015353225465243524,0.01596357309019937
12,Caco-2,H3K4me1,hAT-Blackjack,-0.006578889012949593,0.42012879542849857,-0.02256983427636063,0.00941542168399504
13,Caco-2,H3K4me1,TcMar-Mariner,0.013823541524176242,0.09274807709398848,-0.002294228875902521,0.0299341315228251
14,Caco-2,H3K4me1,RTE-X,0.0002441973787902482,0.981090615942414,-0.01994717007276712,0.020435365717996073
15,Caco-2,H3K4me1,ERVK,0.019407507849983414,0.09939488784847826,-0.0036793890914963946,0.04247372694283797
16,Caco-2,H3K4me1,TcMar-Tc2,-0.009301648488425587,0.45271865351747276,-0.03357031848573148,0.01497798415976684
17,Caco-2,H3K4me1,SVA,0.024685902752209287,0.08455735593286466,-0.003370145081951192,0.05270311809914476
18,Caco-2,H3K4me1,RTE-BovB,0.02026907243631429,0.17003568108770073,-0.008688865294994803,0.04919304233308392
19,Caco-2,H3K4me1,tRNA-RTE,0.018545486213701504,0.24842883912781616,-0.012952185218558862,0.05000638987890236
20,Caco-2,H3K4me1,hAT-Ac,0.0063661130181021704,0.7259082989733829,-0.02922038975832029,0.04193649836345098
21,Caco-2,H3K4me1,hAT,0.015702069879080894,0.41552221915204446,-0.022098997110894397,0.05345830501159831
22,Caco-2,H3K4me1,MULE-MuDR,-0.012804593420631566,0.539097275521938,-0.05362355581531075,0.02805709034881358
23,Caco-2,H3K4me1,PiggyBac,-0.004544161490274747,0.8356810709193813,-0.04745284370810219,0.03838126061262536
24,Caco-2,H3K4me1,5S-Deu-L2,-0.03340831449986106,0.14729649549488077,-0.07847487319375036,0.011794510829017323
25,Caco-2,H3K4me1,Helitron,0.026905787755569992,0.2700946217911458,-0.0209257804879558,0.0746144700414419
26,Caco-2,H3K4me1,hAT-Tag1,-0.0007632590016573329,0.9750465121197711,-0.04855751141027072,0.04703448067408406
27,Caco-2,H3K4me1,tRNA,0.02160819262803893,0.402368986040307,-0.02897542734432516,0.07208142449387345
28,Caco-2,H3K4me1,Penelope,-0.05821209157342475,0.13638820668861046,-0.13422729493684896,0.018484182332503984
29,Caco-2,H3K4me1,TcMar-Tc1,0.028884031228017387,0.4612207371689473,-0.04796324683730056,0.10539138519792725
30,Caco-2,H3K4me1,Dong-R4,-0.029974281465784076,0.536286513923939,-0.12442864630209784,0.0650184542669967
31,Caco-2,H3K4me1,tRNA-Deu,0.030164417649685936,0.5385506538420386,-0.0659632369804751,0.1257373145296164
32,Caco-2,H3K4me1,Kolobok,0.010378481024240474,0.8457181908617866,-0.09396110958880004,0.11449255989389638
33,Caco-2,H3K4me1,PIF-Harbinger,-0.04895293472934456,0.36188340845040434,-0.15320762162731896,0.05637947811185035
34,Caco-2,H3K4me1,Crypton,0.05397756941712326,0.36563280955830735,-0.0631015003239104,0.16959109660796193
35,Caco-2,H3K4me1,Merlin,-0.04088563506583542,0.5547769320358249,-0.17504289661894165,0.09476220341814268
36,Caco-2,H3K4me1,TcMar,-0.02656926658907446,0.7081058640881095,-0.16438354210818681,0.11226242613002488
37,Caco-2,H3K4me1,L1-Tx1,-0.017590428643962975,0.8383378911008377,-0.18477348721835046,0.1505820667198509
38,Caco-2,H3K4me1,Crypton-A,-0.05602999014007763,0.5250072231117882,-0.22551836678072856,0.11675031388619773
39,Caco-2,H3K4me1,I-Jockey,0.14547307941803356,0.13121833923860113,-0.04483047895596001,0.3255883892660197
40,Caco-2,H3K4me1,hAT-Tip100?,-0.02509157509157509,0.8439783661055795,-0.2692768849454399,0.22212503259138464
41,Caco-2,H3K4me1,TcMar-Pogo,-0.08541055718475073,0.6420867105577661,-0.4220950266109375,0.27197946517849736
42,Caco-2,H3K4me1,hAT?,-0.14906417112299467,0.407709551863366,-0.46994858630075276,0.2066199233242652
43,Caco-2,H3K4me1,hAT-hAT19,-0.05294117647058824,0.8456104411493658,-0.5348883254111099,0.4549988507346061
44,Caco-2,H3K9me3,Alu,0.001042206812589169,0.27396302219025254,-0.0008249988713987801,0.002909405229378896
45,Caco-2,H3K9me3,L1,-0.0021169026318245726,0.1245798362980152,-0.004818379415172101,0.000584605050227462
46,Caco-2,H3K9me3,MIR,-0.00088783508644753,0.5234435297849005,-0.0036150922999255747,0.0018394353344187223
47,Caco-2,H3K9me3,L2,0.0004256355079629881,0.7993795120829175,-0.002856789222840485,0.0037080510669308094
48,Caco-2,H3K9me3,ERVL-MaLR,0.0028750532641966184,0.15194564695266782,-0.0010581122296431462,0.0068081298063677725
49,Caco-2,H3K9me3,hAT-Charlie,9.42986504871584e-05,0.9647359453969029,-0.00408610342604774,0.00427469743114317
50,Caco-2,H3K9me3,ERV1,-0.0029006988712378338,0.34504322977215607,-0.008921458602637588,0.003120271167321681
51,Caco-2,H3K9me3,ERVL,-0.000874369475098203,0.7797177159875511,-0.0070015977270711524,0.005252924430405503
52,Caco-2,H3K9me3,TcMar-Tigger,-0.005714574821031919,0.0723073592649823,-0.011946379416159485,0.0005176736756751154
53,Caco-2,H3K9me3,hAT-Tip100,0.001181153596765032,0.7853557588527408,-0.007319036296925489,0.009681172809323917
54,Caco-2,H3K9me3,CR1,-0.0015361359897203162,0.744909863568454,-0.010789488736240317,0.007717479826765157
55,Caco-2,H3K9me3,Gypsy,0.004547835327377237,0.5692201060251603,-0.011111937060601464,0.02020537746948619
56,Caco-2,H3K9me3,hAT-Blackjack,-0.004925156303425594,0.5461352688752567,-0.02091622035132934,0.011068427066538189
57,Caco-2,H3K9me3,TcMar-Mariner,-0.0033433028053041713,0.6843516135994321,-0.01945987852781319,0.012775009929584842
58,Caco-2,H3K9me3,RTE-X,0.0038298167133517746,0.7100715501086121,-0.016360648592954566,0.024017159969678844
59,Caco-2,H3K9me3,ERVK,-0.009919977574821446,0.39951424044516914,-0.03298806936848033,0.013158677664330539
60,Caco-2,H3K9me3,TcMar-Tc2,-0.013757528961770344,0.26665560073356154,-0.03801798367097451,0.010519134163123722
61,Caco-2,H3K9me3,SVA,-0.011720818805904872,0.4124885874353269,-0.039735219727331066,0.016311993889256825
62,Caco-2,H3K9me3,RTE-BovB,0.009167154369896626,0.5347450398138087,-0.019775942673466336,0.038094899566638
63,Caco-2,H3K9me3,tRNA-RTE,-0.008771102944580556,0.5851335989706011,-0.04024393404224585,0.0227191153310166
64,Caco-2,H3K9me3,hAT-Ac,-0.0059209900870456815,0.7443783782909682,-0.04149208462719711,0.029665094983418103
65,Caco-2,H3K9me3,hAT,0.017211201012268328,0.3720469322987088,-0.02058358659125742,0.0549568674294427
66,Caco-2,H3K9me3,MULE-MuDR,-0.007947432399422569,0.7030601030548325,-0.04877757919024233,0.03290923161888067
67,Caco-2,H3K9me3,PiggyBac,0.002087346939239696,0.9240941492191534,-0.04083407331606941,0.045001077716105
68,Caco-2,H3K9me3,5S-Deu-L2,0.004102488910140659,0.858761158724603,-0.04106575168730314,0.04925399587824691
69,Caco-2,H3K9me3,Helitron,0.03410278680594409,0.1619890583157734,-0.013715249382910688,0.08176519312818933
70,Caco-2,H3K9me3,hAT-Tag1,-0.0033689311246424825,0.8901891017814192,-0.05115684603290719,0.04443437606813604
71,Caco-2,H3K9me3,tRNA,-0.011324814974958896,0.6607763648959932,-0.061837113878695935,0.03924534790855408
72,Caco-2,H3K9me3,Penelope,-0.02408785290619361,0.5382962602892922,-0.10052112103406873,0.05262806461701606
73,Caco-2,H3K9me3,TcMar-Tc1,-0.025478286188636647,0.516709216927269,-0.10219245245310594,0.051537135924775185
74,Caco-2,H3K9me3,Dong-R4,-0.0433819132121106,0.3706327073833907,-0.13764676521614794,0.051661745604119
75,Caco-2,H3K9me3,tRNA-Deu,0.04072087940257475,0.4063173390834892,-0.055450377271748535,0.13614351066751412
76,Caco-2,H3K9me3,Kolobok,0.016895632588775453,0.7514046784364274,-0.08750101662841007,0.12092519247234537
77,Caco-2,H3K9me3,PIF-Harbinger,-0.018854761663665592,0.7255856870494131,-0.123599442177429,0.08630543588424569
78,Caco-2,H3K9me3,Crypton,0.08430972370058991,0.15720007456112794,-0.0328160820851688,0.1991512086661697
79,Caco-2,H3K9me3,Merlin,-0.046896706781705766,0.4980632402922308,-0.1808921672123293,0.08880803536789332
80,Caco-2,H3K9me3,TcMar,0.054791053854107735,0.439798758994585,-0.08434621350310956,0.19183256388396602
81,Caco-2,H3K9me3,L1-Tx1,0.0384198483940311,0.6557871858304554,-0.1301955833267844,0.2048754337360201
82,Caco-2,H3K9me3,Crypton-A,-0.05688944406657845,0.5186602740844065,-0.2263405442055916,0.11590392180724841
83,Caco-2,H3K9me3,I-Jockey,-0.06953943100732093,0.4724408258497642,-0.2545297098472891,0.12036037633690064
84,Caco-2,H3K9me3,hAT-Tip100?,-0.03255494505494505,0.7984341154412924,-0.27621576562740263,0.21503803856983977
85,Caco-2,H3K9me3,TcMar-Pogo,-0.04765395894428152,0.7956403532668457,-0.3900447592582566,0.30631401095364913
86,Caco-2,H3K9me3,hAT?,-0.021056149732620322,0.9074091398127873,-0.3617846101405682,0.32463478125630524
87,Caco-2,H3K9me3,hAT-hAT19,0.09411764705882353,0.7288144270239805,-0.4222291056157042,0.5643516795393834
88,SJCRH30,H3K27ac,Alu,3.1162823646663484e-05,0.9738850671840631,-0.0018346071433332446,0.001896932573664937
89,SJCRH30,H3K27ac,L1,0.00047014061946407104,0.7328734144670638,-0.0022296613301431537,0.003169935715442515
90,SJCRH30,H3K27ac,MIR,-0.001186457882522665,0.39364169646382563,-0.0039125005187347515,0.0015396023876972991
91,SJCRH30,H3K27ac,L2,-0.0037584159275843923,0.024775297898742048,-0.00703973526163673,-0.0004770156562386041
92,SJCRH30,H3K27ac,ERVL-MaLR,0.00010290994290614722,0.9590585022120658,-0.0038261569480990006,0.004031973656555629
93,SJCRH30,H3K27ac,hAT-Charlie,0.00022269529051811826,0.9167850057226099,-0.003954707339530271,0.004400090148206408
94,SJCRH30,H3K27ac,ERV1,0.005765556135168476,0.05995432095271916,-0.00024167369959237064,0.011772369863860056
95,SJCRH30,H3K27ac,ERVL,0.005516933441034575,0.07734293398114288,-0.0006048963414303201,0.011638349724823676
96,SJCRH30,H3K27ac,TcMar-Tigger,-0.0037005486747353927,0.24419109055006616,-0.009928271397568673,0.002527461113344878
97,SJCRH30,H3K27ac,hAT-Tip100,0.008412652186302704,0.052298405298787265,-8.378318520138494e-05,0.016907873036610437
98,SJCRH30,H3K27ac,CR1,-0.0009666860939434133,0.837719850942086,-0.010217211209370976,0.008284004467538075
99,SJCRH30,H3K27ac,Gypsy,0.0018610431291749396,0.8157046424850802,-0.013788286532317508,0.017509461296025344
100,SJCRH30,H3K27ac,hAT-Blackjack,-0.009442343595956627,0.24674097831932293,-0.025415532122888548,0.006535665105786506
101,SJCRH30,H3K27ac,TcMar-Mariner,0.018746042015295013,0.022524215392410635,0.0026403650670396395,0.03484199623999507
102,SJCRH30,H3K27ac,RTE-X,0.001353630974883924,0.8954176011385557,-0.018827455575192078,0.02153361497967139
103,SJCRH30,H3K27ac,ERVK,-0.004441741827981381,0.7051348601537566,-0.02744249773988013,0.018563714808897683
104,SJCRH30,H3K27ac,TcMar-Tc2,0.0077924003713493355,0.5287797601071261,-0.016455208882250216,0.03203084950039044
105,SJCRH30,H3K27ac,SVA,-0.01464800495314311,0.3064290412001775,-0.04269864793945218,0.013425713177366128
106,SJCRH30,H3K27ac,RTE-BovB,0.010084913212308871,0.4945095738537917,-0.018849107285371775,0.03900205611739866
107,SJCRH30,H3K27ac,tRNA-RTE,0.0243932114907375,0.12896369596674295,-0.007104328402432944,0.05584239614908475
108,SJCRH30,H3K27ac,hAT-Ac,0.01964539533855452,0.2790415952639077,-0.015931113710859427,0.05517222477603337
109,SJCRH30,H3K27ac,hAT,-0.03047169818872806,0.113758619891354,-0.06815958675180243,0.0073030330677535905
110,SJCRH30,H3K27ac,MULE-MuDR,-0.0002911783683694185,0.9888474700611449,-0.041100595585024734,0.04051920873329701
111,SJCRH30,H3K27ac,PiggyBac,-0.00635928673868716,0.7712332252422497,-0.04919218745429176,0.036496961865167286
112,SJCRH30,H3K27ac,5S-Deu-L2,0.005236514308748473,0.8202664195647963,-0.03992169242293734,0.05037337328492106
113,SJCRH30,H3K27ac,Helitron,0.031028100752883047,0.20193818358987048,-0.016648412358395207,0.0785638379931654
114,SJCRH30,H3K27ac,hAT-Tag1,0.01235046375069803,0.6125312070083588,-0.035439882243773375,0.06008445280382612
115,SJCRH30,H3K27ac,tRNA,0.050187533227096494,0.05150496201401938,-0.00035761255724763306,0.10047689306325316
116,SJCRH30,H3K27ac,Penelope,-0.04030260104362682,0.30305156534399064,-0.11658121239392365,0.03644867969672386
117,SJCRH30,H3K27ac,TcMar-Tc1,-0.06475603928992149,0.0982632646156454,-0.14086055636730974,0.012109287700366221
118,SJCRH30,H3K27ac,Dong-R4,-0.02247242689440113,0.6429256842810316,-0.117021829073577,0.07248068326291007
119,SJCRH30,H3K27ac,tRNA-Deu,0.020714479654936682,0.672816544186122,-0.07536057393548902,0.11640847991621325
120,SJCRH30,H3K27ac,Kolobok,0.004137517679006628,0.9382564105148966,-0.1002891122059507,0.10847398532564005
121,SJCRH30,H3K27ac,PIF-Harbinger,0.009334786703584822,0.8620490816312237,-0.09574139944886056,0.11420522769231717
122,SJCRH30,H3K27ac,Crypton,0.021518069007211645,0.7185259434223144,-0.0953320342858364,0.1377832298690706
123,SJCRH30,H3K27ac,Merlin,-0.035736207781450466,0.6057289204386496,-0.17002641464591736,0.09985709391006234
124,SJCRH30,H3K27ac,TcMar,-0.08456980264428797,0.23027766628920535,-0.21995636088909928,0.05401305633444669
125,SJCRH30,H3K27ac,L1-Tx1,-0.07466714583720925,0.3858542824377795,-0.23960715593655743,0.09446207548461003
126,SJCRH30,H3K27ac,Crypton-A,0.026538976370178734,0.7634951197081663,-0.1456793850396275,0.19719626038616625
127,SJCRH30,H3K27ac,I-Jockey,-0.15123714206283015,0.1164610875245581,-0.3309193343568803,0.039027866624930095
128,SJCRH30,H3K27ac,hAT-Tip100?,-0.055288461538461536,0.6617954028748061,-0.29538033467416985,0.19137198511670295
129,SJCRH30,H3K27ac,TcMar-Pogo,0.21224340175953074,0.24353058552892465,-0.15134116039818157,0.5252419887310354
130,SJCRH30,H3K27ac,hAT?,0.1174942704354469,0.5081149619029759,-0.23095048737009594,0.4392266502048215
131,SJCRH30,H3K27ac,hAT-hAT19,0.13823529411764704,0.6096659407501825,-0.38597426239896654,0.5949625271849802
132,SJCRH30,H3K4me1,Alu,-0.0008557407307893754,0.36901568797423523,-0.0027228021955302923,0.0010113267000598863
133,SJCRH30,H3K4me1,L1,-0.0023549477173804866,0.08741351896742139,-0.005055366536250552,0.0003455054479074462
134,SJCRH30,H3K4me1,MIR,0.0004509886139473221,0.745827840574414,-0.0022759365767644193,0.0031779070974623947
135,SJCRH30,H3K4me1,L2,0.0010544415202968147,0.5288683580931539,-0.0022273664397068653,0.004336226767206428
136,SJCRH30,H3K4me1,ERVL-MaLR,-0.001085048169491753,0.5885133596414259,-0.005016044735374365,0.0028459819306378914
137,SJCRH30,H3K4me1,hAT-Charlie,0.0006680363588771513,0.7540520687476072,-0.0035110912638752555,0.004847140647095543
138,SJCRH30,H3K4me1,ERV1,0.0012865327142078766,0.6749144723795084,-0.004725565064189588,0.007298537489617607
139,SJCRH30,H3K4me1,ERVL,-0.0010904079812624715,0.7271241009567485,-0.007214783747941833,0.0050340495846049734
140,SJCRH30,H3K4me1,TcMar-Tigger,-0.0008771368465144791,0.7825935294900328,-0.007107200030320275,0.005352994427918397
141,SJCRH30,H3K4me1,hAT-Tip100,-5.036726893656784e-05,0.9907322284123647,-0.008548878771832896,0.00844815150948756
142,SJCRH30,H3K4me1,CR1,-0.0014865255324763827,0.7528403758493725,-0.010738543186443095,0.0077657466217209105
143,SJCRH30,H3K4me1,Gypsy,0.007706451637132289,0.33452973619925697,-0.007945649195159462,0.023354777175617927
144,SJCRH30,H3K4me1,hAT-Blackjack,0.010801167740111639,0.18527373079583268,-0.005180576081205748,0.026777395237290433
145,SJCRH30,H3K4me1,TcMar-Mariner,-0.01406534843887089,0.08712275036971025,-0.030173072173779205,0.002049678806137756
146,SJCRH30,H3K4me1,RTE-X,0.023759916677916573,0.02101753410221081,0.0035782224614292544,0.04392226366157114
147,SJCRH30,H3K4me1,ERVK,-0.007384160093059788,0.5298981551063698,-0.030416090204828397,0.015655607259747344
148,SJCRH30,H3K4me1,TcMar-Tc2,-0.008045574144679955,0.5158619060353147,-0.0323060799604072,0.016224406784895513
149,SJCRH30,H3K4me1,SVA,-0.002761790746117495,0.8470209231815753,-0.030811773108781568,0.025292538285419525
150,SJCRH30,H3K4me1,RTE-BovB,0.015392284107262691,0.2969766715627293,-0.013536941288704954,0.04429576272498208
151,SJCRH30,H3K4me1,tRNA-RTE,0.019400283614305618,0.22722509937913227,-0.012093403116120793,0.05085551842774896
152,SJCRH30,H3K4me1,hAT-Ac,-0.017230409770815615,0.3425832309507768,-0.052774360485961486,0.018357144147378924
153,SJCRH30,H3K4me1,hAT,0.009287732819338469,0.6299726302437589,-0.02849466931595955,0.04704363460598724
154,SJCRH30,H3K4me1,MULE-MuDR,0.012194527655181427,0.5580928690963635,-0.02861344449327986,0.05296191929320729
155,SJCRH30,H3K4me1,PiggyBac,-0.00871193513242308,0.6905240795748118,-0.05155985372353172,0.034167999042976314
156,SJCRH30,H3K4me1,5S-Deu-L2,0.020982686163102886,0.36281788836297324,-0.024217671189629805,0.06609742992863157
157,SJCRH30,H3K4me1,Helitron,-0.0041015302595021706,0.8660814192773789,-0.051732071889466144,0.04354762898283052
158,SJCRH30,H3K4me1,hAT-Tag1,0.03495325215549872,0.15164802276783604,-0.012850393801111444,0.0825974865291905
159,SJCRH30,H3K4me1,tRNA,0.007623415324810733,0.7676090116543153,-0.042923130926515396,0.05813103437317212
160,SJCRH30,H3K4me1,Penelope,0.02839828112578241,0.46879467971197697,-0.04844773262204455,0.10491008274550337
161,SJCRH30,H3K4me1,TcMar-Tc1,-0.12340799023838019,0.0015798896015567603,-0.19853647649093845,-0.04683771025530975
162,SJCRH30,H3K4me1,Dong-R4,0.005063811145233846,0.9168080899152364,-0.08976668549142562,0.09980331692138508
163,SJCRH30,H3K4me1,tRNA-Deu,0.08258968786242801,0.09172345148210767,-0.013595692377848356,0.17726062123240507
164,SJCRH30,H3K4me1,Kolobok,0.046715337352483774,0.3808595334357826,-0.05785814271774369,0.15027479023370108
165,SJCRH30,H3K4me1,PIF-Harbinger,-0.017347707536678338,0.746737988803059,-0.12211323316557553,0.08780013328813653
166,SJCRH30,H3K4me1,Crypton,0.041226464281175684,0.4897159701570025,-0.07578457888777497,0.15711749838196357
167,SJCRH30,H3K4me1,Merlin,0.033555589479677926,0.6279146104403267,-0.10201301050789813,0.167900518827137
168,SJCRH30,H3K4me1,TcMar,-0.07601366036061302,0.2798817272541307,-0.21137032969987138,0.06220376462171254
169,SJCRH30,H3K4me1,L1-Tx1,0.02200320399096934,0.7985593247199461,-0.1462720477939503,0.18904091077673058
170,SJCRH30,H3K4me1,Crypton-A,0.028639567178117043,0.7453931307860757,-0.14362609518962385,0.19922068505472734
171,SJCRH30,H3K4me1,I-Jockey,-0.09726624038550645,0.3143337708647034,-0.2806550467530599,0.09297423163640917
172,SJCRH30,H3K4me1,hAT-Tip100?,-0.14375000000000002,0.25328476422607793,-0.37562047771383644,0.10505658033071096
173,SJCRH30,H3K4me1,TcMar-Pogo,0.21700879765395892,0.23285844991898313,-0.14663646747073683,0.528982391427637
174,SJCRH30,H3K4me1,hAT?,0.008708938120702826,0.9610126958628061,-0.33043584272383353,0.3458619437919646
175,SJCRH30,H3K4me1,hAT-hAT19,0.5088235294117647,0.04413521823498383,-0.016567690535029184,0.8140269099120818
176,SJCRH30,H3K9me3,Alu,0.001073183644864201,0.25985862070587595,-0.0007936442629436651,0.002940004072503748
177,SJCRH30,H3K9me3,L1,-0.0011183694404975986,0.41691450884683856,-0.0038185291956961452,0.001581806622575922
178,SJCRH30,H3K9me3,MIR,0.002213477370477246,0.11160985392202707,-0.0005133272812702666,0.004940249105999958
179,SJCRH30,H3K9me3,L2,0.00011004220997849621,0.9475990361095004,-0.003171624877510784,0.003391706927305761
180,SJCRH30,H3K9me3,ERVL-MaLR,0.0005382070827149738,0.7884192589463088,-0.003392516767461939,0.004468914301723511
181,SJCRH30,H3K9me3,hAT-Charlie,-0.0011958929369071012,0.5748482433604917,-0.005374491010919399,0.0029827468997945432
182,SJCRH30,H3K9me3,ERV1,0.005890933976555782,0.054756935296477946,-0.00012016319574136286,0.01190160544658656
183,SJCRH30,H3K9me3,ERVL,0.0009780475565956375,0.7542675067682705,-0.005145988302442992,0.007102010055413246
184,SJCRH30,H3K9me3,TcMar-Tigger,0.0004024029931563323,0.8992579765404927,-0.005827429440383318,0.006632204191673579
185,SJCRH30,H3K9me3,hAT-Tip100,-0.0018585144402700907,0.6681655516151885,-0.010355755124200108,0.006638994634069085
186,SJCRH30,H3K9me3,CR1,-0.005263134391944843,0.26487012734626586,-0.014514342687408116,0.003988974905403689
187,SJCRH30,H3K9me3,Gypsy,-0.009981357808717898,0.21135981231681694,-0.0256296516414402,0.005671826291047356
188,SJCRH30,H3K9me3,hAT-Blackjack,0.005858191506067046,0.4723602003745886,-0.010119028505435326,0.021832421115371786
189,SJCRH30,H3K9me3,TcMar-Mariner,-0.015214781321264055,0.06415568071173598,-0.031317447995146436,0.0008957813094871361
190,SJCRH30,H3K9me3,RTE-X,0.005778522587183057,0.5747280691189809,-0.01440602877811087,0.02595836636700853
191,SJCRH30,H3K9me3,ERVK,-0.0034183411575742966,0.7711497108795465,-0.026446754250736802,0.019613698094878555
192,SJCRH30,H3K9me3,TcMar-Tc2,-0.01549259986748169,0.21093426411865096,-0.0397492500643521,0.008782299654931668
193,SJCRH30,H3K9me3,SVA,0.009836441132489663,0.4917818028604466,-0.018207218863302427,0.03786463648722646
194,SJCRH30,H3K9me3,RTE-BovB,0.008749613391244348,0.5533841172044094,-0.02018383502772959,0.03766841872283112
195,SJCRH30,H3K9me3,tRNA-RTE,0.013639111217880756,0.39599627278893357,-0.017857423417869885,0.04510860319602351
196,SJCRH30,H3K9me3,hAT-Ac,-0.008962431192234319,0.6214485637868148,-0.04451090773973009,0.026608713164379693
197,SJCRH30,H3K9me3,hAT,0.017656034548636807,0.3597243640046798,-0.020131925034902878,0.05539362248508655
198,SJCRH30,H3K9me3,MULE-MuDR,0.022599275602986777,0.27780789318786236,-0.01822379481700138,0.06334712197447728
199,SJCRH30,H3K9me3,PiggyBac,-0.02098303801422009,0.33742662342769836,-0.06378649571973954,0.021897479600346992
200,SJCRH30,H3K9me3,5S-Deu-L2,0.03004352381107232,0.19241436229632194,-0.015147650968748065,0.07511220833111391
201,SJCRH30,H3K9me3,Helitron,-0.026546719558659743,0.27497417004636004,-0.07410181662562054,0.021128836678265785
202,SJCRH30,H3K9me3,hAT-Tag1,0.030799561327484636,0.2066273400124007,-0.01701861462338988,0.07847716679416325
203,SJCRH30,H3K9me3,tRNA,0.008043710681939494,0.7551954660349303,-0.04250365972407951,0.058550007878983235
204,SJCRH30,H3K9me3,Penelope,0.055477157805386056,0.15644834140874558,-0.021338710419481807,0.1316418661691862
205,SJCRH30,H3K9me3,TcMar-Tc1,-0.043874600913113036,0.26290271925745495,-0.12023146886727143,0.032998328619846515
206,SJCRH30,H3K9me3,Dong-R4,0.005696701443879494,0.9064554721238393,-0.08913900185705623,0.1004300419181736
207,SJCRH30,H3K9me3,tRNA-Deu,-0.01839479706270053,0.7076693574389153,-0.11411658694575269,0.07766538959112139
208,SJCRH30,H3K9me3,Kolobok,0.02691934576921028,0.6137101262511028,-0.07755219913995312,0.13080614408333066
209,SJCRH30,H3K9me3,PIF-Harbinger,0.015594488532153781,0.7715855331758434,-0.08953853074884122,0.12038382092052628
210,SJCRH30,H3K9me3,Crypton,0.0410599510017414,0.49147273737586616,-0.07595001571752558,0.15695442482255567
211,SJCRH30,H3K9me3,Merlin,0.02944409562832765,0.6706531884800015,-0.10607533315482041,0.16388965145505896
212,SJCRH30,H3K9me3,TcMar,-0.010328208140996676,0.8837244190161504,-0.14783140001415274,0.1275666915953186
213,SJCRH30,H3K9me3,L1-Tx1,-0.054922834779027936,0.5238340704642828,-0.22072765036184921,0.11396727321277823
214,SJCRH30,H3K9me3,Crypton-A,0.02811909042138519,0.7498658784554353,-0.14413495538753274,0.1987191820260715
215,SJCRH30,H3K9me3,I-Jockey,-0.22447409878602542,0.0189461045598041,-0.3978688273736949,-0.03559591000083134
216,SJCRH30,H3K9me3,hAT-Tip100?,-0.21896853146853149,0.07969435403893402,-0.44179114535156794,0.02930088123285374
217,SJCRH30,H3K9me3,TcMar-Pogo,-0.18071847507331376,0.3222689871036446,-0.5002511665439112,0.18213537484428474
218,SJCRH30,H3K9me3,hAT?,0.08815889992360579,0.6200427154922392,-0.2583269308232612,0.4145488548061902
219,SJCRH30,H3K9me3,hAT-hAT19,0.10294117647058824,0.7044103818167706,-0.41507516036700587,0.5705524379735629
220,SJCRH30,H3K36me3,Alu,0.0004948508591079668,0.6034614157260383,-0.0013723710414450566,0.002362069309054037
221,SJCRH30,H3K36me3,L1,0.002719843838009079,0.04837636381060309,1.9399451828899417e-05,0.005420248556100747
222,SJCRH30,H3K36me3,MIR,-0.002739753730713776,0.0489402323024384,-0.005466743196340122,-1.2723515971340303e-05
223,SJCRH30,H3K36me3,L2,-5.617630901749898e-07,0.9997323158923452,-0.0032824025028545265,0.0032812789887750916
224,SJCRH30,H3K36me3,ERVL-MaLR,-0.0010909180661863704,0.586518038304143,-0.0050221279966631985,0.002840325583613259
225,SJCRH30,H3K36me3,hAT-Charlie,-0.0015456919313304614,0.4685369655673135,-0.005725059829274621,0.0026337299650009815
226,SJCRH30,H3K36me3,ERV1,0.004554437329858346,0.13762651672026752,-0.001458003662341914,0.010566549052482698
227,SJCRH30,H3K36me3,ERVL,-0.0010489852134588833,0.7371150700752689,-0.007173751670773269,0.005075859945623221
228,SJCRH30,H3K36me3,TcMar-Tigger,-0.0012584675982761826,0.6921812047326918,-0.007488638075776602,0.004971800575811448
229,SJCRH30,H3K36me3,hAT-Tip100,-0.0007181117594011167,0.8684546517266425,-0.00921601258277998,0.007779892781199576
230,SJCRH30,H3K36me3,CR1,-0.0014039570313965858,0.766151882361146,-0.01065577724822053,0.007848103538855126
231,SJCRH30,H3K36me3,Gypsy,0.007660370933424693,0.33747423549417266,-0.007993224403064053,0.02331021283112136
232,SJCRH30,H3K36me3,hAT-Blackjack,0.0021133900518858564,0.7954852039190183,-0.013866948542788303,0.018092649316644487
233,SJCRH30,H3K36me3,TcMar-Mariner,-0.012355178759333858,0.13293003621051858,-0.028464981122171187,0.003761040110890058
234,SJCRH30,H3K36me3,RTE-X,0.014232386107059578,0.16693652606385717,-0.005951978092904143,0.034405157827417
235,SJCRH30,H3K36me3,ERVK,-0.005232345911870524,0.6563985776934256,-0.028277030657918843,0.017817897679937477
236,SJCRH30,H3K36me3,TcMar-Tc2,0.009241553502070829,0.45547109663217655,-0.01502875555486787,0.033500979076322705
237,SJCRH30,H3K36me3,SVA,0.00019688791145342592,0.9890268052026174,-0.0278555822449363,0.028249048192882046
238,SJCRH30,H3K36me3,RTE-BovB,0.023389175275108542,0.11310477554015569,-0.005549472241698878,0.05228868005560209
239,SJCRH30,H3K36me3,tRNA-RTE,0.025440787927335142,0.11327884592170379,-0.006052490456458426,0.05688364877012261
240,SJCRH30,H3K36me3,hAT-Ac,0.01726129849976374,0.34147993496896045,-0.018308683004202856,0.05278764178404886
241,SJCRH30,H3K36me3,hAT,0.008318481908038522,0.6661140314396086,-0.029463020250772808,0.04607624904423577
242,SJCRH30,H3K36me3,MULE-MuDR,0.024312835333131038,0.24298085706801373,-0.016510628978717783,0.06505537508395468
243,SJCRH30,H3K36me3,PiggyBac,-0.040392872358590834,0.0649171941988694,-0.08315311487976723,0.0025158370183409676
244,SJCRH30,H3K36me3,5S-Deu-L2,-0.02525543533631049,0.2733546080752692,-0.07035478647992474,0.01994695290730195
245,SJCRH30,H3K36me3,Helitron,-0.015502891218800633,0.5239543100021333,-0.06311364973595848,0.03217827157236798
246,SJCRH30,H3K36me3,hAT-Tag1,0.04264906606952511,0.08017563890474252,-0.005150734252463561,0.09025441456433002
247,SJCRH30,H3K36me3,tRNA,-0.010626472717084653,0.6804010041346287,-0.061124354096180805,0.039925668799176424
248,SJCRH30,H3K36me3,Penelope,0.04961718241580955,0.20541946217991341,-0.02725869841642613,0.12590961258124825
249,SJCRH30,H3K36me3,TcMar-Tc1,0.00026121348377677645,0.9946802684552578,-0.07640662325086697,0.07692597953785207
250,SJCRH30,H3K36me3,Dong-R4,0.012169937090946098,0.8017780782166553,-0.0827157776308243,0.10683698527691389
251,SJCRH30,H3K36me3,tRNA-Deu,0.04307391626356172,0.3797164324818546,-0.053104873502040205,0.13846089910171183
252,SJCRH30,H3K36me3,Kolobok,-0.02856759363029347,0.5926900892785292,-0.13257618811068037,0.07606328296953155
253,SJCRH30,H3K36me3,PIF-Harbinger,-0.0442959864468972,0.40939797415209966,-0.14863565984441213,0.061019097403564315
254,SJCRH30,H3K36me3,Crypton,-0.027004271237730002,0.6510139595501003,-0.14317197427714726,0.08989741386539588
255,SJCRH30,H3K36me3,Merlin,0.05148149827851986,0.45695929376128586,-0.08426173943061102,0.18534876408971698
256,SJCRH30,H3K36me3,TcMar,-0.04762365858770692,0.499850103560991,-0.18420184143207055,0.09075879291928972
257,SJCRH30,H3K36me3,L1-Tx1,-0.08888557005154546,0.3016542612224179,-0.25314468047645305,0.08035480407632943
258,SJCRH30,H3K36me3,Crypton-A,-0.09877848109298748,0.26165693956565933,-0.2661927123354136,0.07442055185697388
259,SJCRH30,H3K36me3,I-Jockey,0.013659531090723752,0.8878919590785426,-0.1749001619837324,0.2012527000184821
260,SJCRH30,H3K36me3,hAT-Tip100?,-0.10734265734265734,0.39471656230323604,-0.3429125561898923,0.1409295737657446
261,SJCRH30,H3K36me3,TcMar-Pogo,-0.00659824046920821,0.9714094739442114,-0.354480106109854,0.34288812275702407
262,SJCRH30,H3K36me3,hAT?,-0.15080213903743314,0.39459520166736317,-0.4668045584655727,0.19934895399431626
263,SJCRH30,H3K36me3,hAT-hAT19,-0.07352941176470588,0.7866792491258565,-0.5497289631077525,0.43873896787471733
264,SJCRH30,H3K27me3,Alu,0.0010133984387135214,0.28724985110495405,-0.0008530493333729956,0.002879839150214592
265,SJCRH30,H3K27me3,L1,0.00020115503140920315,0.8839138667876001,-0.002499052669687652,0.002901359799217525
266,SJCRH30,H3K27me3,MIR,-0.0024692923725259455,0.0758802089570005,-0.005195700934849878,0.00025715290051612854
267,SJCRH30,H3K27me3,L2,0.0011627151770415274,0.4874138895703938,-0.0021189507494825894,0.004444356060393111
268,SJCRH30,H3K27me3,ERVL-MaLR,0.0032315909256183536,0.10706426595391746,-0.0006987257130443145,0.007161807726491054
269,SJCRH30,H3K27me3,hAT-Charlie,0.0017751179476740442,0.4050404432551419,-0.002403298704259656,0.005953472616175085
270,SJCRH30,H3K27me3,ERV1,0.0007196065280435226,0.8144960526244045,-0.005291542718928011,0.006730703771035407
271,SJCRH30,H3K27me3,ERVL,-0.006025639206265974,0.0537625865534519,-0.012148413272659949,9.758669256368047e-05
272,SJCRH30,H3K27me3,TcMar-Tigger,-1.2255827739155135e-05,0.9969230526372275,-0.006241066121122036,0.006216555416648983
273,SJCRH30,H3K27me3,hAT-Tip100,-0.006663800987428298,0.12427684972640944,-0.015160194202620369,0.0018335544816857545
274,SJCRH30,H3K27me3,CR1,-0.001588161325996612,0.7365438118470133,-0.010839961951103604,0.00766391118771155
275,SJCRH30,H3K27me3,Gypsy,0.006128021994819425,0.4428620540739193,-0.009523948490671966,0.021776990406578694
276,SJCRH30,H3K27me3,hAT-Blackjack,0.013361857821039295,0.10112556653083662,-0.0026134262133508286,0.029330323397544617
277,SJCRH30,H3K27me3,TcMar-Mariner,0.0025450619200218126,0.7568454755495451,-0.013564931276713307,0.018653734167107312
278,SJCRH30,H3K27me3,RTE-X,0.0013982410281983967,0.8920031725412871,-0.018785001747629704,0.021580344681965867
279,SJCRH30,H3K27me3,ERVK,0.008768071091976689,0.4556696228808186,-0.014268861667718446,0.03179570045940124
280,SJCRH30,H3K27me3,TcMar-Tc2,0.0004935475720611492,0.9682023932262971,-0.02376944030987602,0.024755954372185567
281,SJCRH30,H3K27me3,SVA,0.004598917000830836,0.7479697192397676,-0.023450827223752982,0.03264142619220154
282,SJCRH30,H3K27me3,RTE-BovB,0.006002208603812043,0.6843134943175445,-0.022929819465394432,0.03492419135552536
283,SJCRH30,H3K27me3,tRNA-RTE,9.729385944370742e-05,0.9951685819027674,-0.03138614165654168,0.03158053649995587
284,SJCRH30,H3K27me3,hAT-Ac,-0.021545311097158792,0.23507766113873557,-0.057061813057800004,0.01402565495413215
285,SJCRH30,H3K27me3,hAT,0.04734311607436816,0.013989877965412222,0.009574529097416401,0.08497681639110974
286,SJCRH30,H3K27me3,MULE-MuDR,0.02373415314046816,0.2543818464009957,-0.017089198274188068,0.06447850502345816
287,SJCRH30,H3K27me3,PiggyBac,0.019466388516173456,0.3736267811968845,-0.02342357655965606,0.062284827169286884
288,SJCRH30,H3K27me3,5S-Deu-L2,-0.0016468216939889058,0.9430380273508829,-0.04679183249514223,0.04350490280601032
289,SJCRH30,H3K27me3,Helitron,0.0008330960415509857,0.972683223672776,-0.046823300847836424,0.04848570908633518
290,SJCRH30,H3K27me3,hAT-Tag1,-0.02903181375142721,0.23375866390257244,-0.0767030884481727,0.018771891649592105
291,SJCRH30,H3K27me3,tRNA,-0.009588824331176696,0.7101225741420032,-0.06009014738426868,0.04096146100479794
292,SJCRH30,H3K27me3,Penelope,0.0005090851777539373,0.9896324629832515,-0.07616019757051436,0.07717238340411954
293,SJCRH30,H3K27me3,TcMar-Tc1,-0.014616470310706245,0.709288664089293,-0.09124324707932628,0.06218237462937497
294,SJCRH30,H3K27me3,Dong-R4,0.018988698699123355,0.6952594108744713,-0.07594330084591866,0.11357954965298893
295,SJCRH30,H3K27me3,tRNA-Deu,-0.014759017462119599,0.7635200255346318,-0.11052282617226913,0.08127631918999423
296,SJCRH30,H3K27me3,Kolobok,0.0320205367707253,0.5481823867201419,-0.07248312432111303,0.1358287456014808
297,SJCRH30,H3K27me3,PIF-Harbinger,-0.06900478602970388,0.19843455195353912,-0.17285518701400415,0.036363008310377
298,SJCRH30,H3K27me3,Crypton,0.013128870556858107,0.8259539118532148,-0.10363227319778401,0.12953307102382952
299,SJCRH30,H3K27me3,Merlin,-0.047242258773873,0.4948987104783793,-0.18122820154772426,0.08846553284922154
300,SJCRH30,H3K27me3,TcMar,-0.1695476773272187,0.015336955239150228,-0.3008337687797875,-0.03195486406047266
301,SJCRH30,H3K27me3,L1-Tx1,0.08303765095075331,0.33469878274790055,-0.08616323383170493,0.2475827021671399
302,SJCRH30,H3K27me3,Crypton-A,0.051121493957360285,0.5619929727629669,-0.12158059715483151,0.22081928170951648
303,SJCRH30,H3K27me3,I-Jockey,-0.1405801130571773,0.1448323505458876,-0.32105607528109215,0.04974833363919283
304,SJCRH30,H3K27me3,hAT-Tip100?,0.023164335664335664,0.8546742918509906,-0.22202070260523044,0.26559411213833284
305,SJCRH30,H3K27me3,TcMar-Pogo,-0.19648093841642225,0.2811263755306555,-0.5128000956587395,0.16680894202211385
306,SJCRH30,H3K27me3,hAT?,0.24155844155844156,0.16872489487214376,-0.11023981359274806,0.5395684428265356
307,SJCRH30,H3K27me3,hAT-hAT19,-0.13823529411764704,0.6096659407501825,-0.5949625271849802,0.38597426239896654
308,SJCRH30,H3K4me3,Alu,0.0004078076045862082,0.6686601907824719,-0.0014597421121944122,0.002275354476715313
309,SJCRH30,H3K4me3,L1,-1.9696596592365844e-05,0.9885944222456935,-0.0027202103216603536,0.0026808174157613228
310,SJCRH30,H3K4me3,MIR,0.0005959925063879429,0.6684149336100451,-0.0021312000633321986,0.0033231762106506837
311,SJCRH30,H3K4me3,L2,0.002301703567469118,0.16926154900017848,-0.0009802179426905413,0.005583575494776439
312,SJCRH30,H3K4me3,ERVL-MaLR,-0.0010126821289104535,0.6136721487041067,-0.0049442417429734755,0.002918908791815379
313,SJCRH30,H3K4me3,hAT-Charlie,0.001474720746625387,0.4892105442898843,-0.0027047861037521118,0.005654176075863439
314,SJCRH30,H3K4me3,ERV1,-0.002601761498335066,0.3963212507597663,-0.008613497704669989,0.0034101627755361266
315,SJCRH30,H3K4me3,ERVL,0.0012511091829662654,0.688888515184688,-0.004873621802529723,0.007375746305713632
316,SJCRH30,H3K4me3,TcMar-Tigger,0.00428351120227336,0.17782834121269417,-0.001947110856900348,0.010513800695707681
317,SJCRH30,H3K4me3,hAT-Tip100,0.0056454685087822245,0.19291083167685374,-0.0028529316811203675,0.014143053287787892
318,SJCRH30,H3K4me3,CR1,0.005130734468528679,0.27711058182541926,-0.004121991612095791,0.014382582094910914
319,SJCRH30,H3K4me3,Gypsy,0.007196389747295034,0.36752035581462816,-0.008456174468753998,0.022845428304237057
320,SJCRH30,H3K4me3,hAT-Blackjack,-0.012597401337529821,0.12234553169698019,-0.028572666577818227,0.0033842974560953686
321,SJCRH30,H3K4me3,TcMar-Mariner,-0.008299086780802814,0.3129517236344361,-0.024415312543000015,0.00782145152100278
322,SJCRH30,H3K4me3,RTE-X,0.00541373230106567,0.5991107236555875,-0.014770732252315967,0.025593786443459277
323,SJCRH30,H3K4me3,ERVK,-0.0036621710606044807,0.7553298570123212,-0.026690425025462376,0.019369967713740416
324,SJCRH30,H3K4me3,TcMar-Tc2,-0.012347551920430298,0.31879114978645107,-0.03660950676943542,0.011928950449192514
325,SJCRH30,H3K4me3,SVA,0.007232986331784477,0.6135976829502066,-0.02084118367287525,0.035295758882051276
326,SJCRH30,H3K4me3,RTE-BovB,0.014899742501291155,0.3129162452225814,-0.014042006367229732,0.04381654655715268
327,SJCRH30,H3K4me3,tRNA-RTE,0.022910393007881998,0.15390082297824886,-0.008587333297588559,0.054362701911415394
328,SJCRH30,H3K4me3,hAT-Ac,-0.0061548887110772854,0.7345696273934595,-0.041713898396848824,0.029419693395016724
329,SJCRH30,H3K4me3,hAT,0.001914241671611124,0.9209065376638934,-0.03585997757361905,0.039682998855863974
330,SJCRH30,H3K4me3,MULE-MuDR,-0.013225998400776581,0.5254645592303515,-0.0540085333448059,0.027600587131761653
331,SJCRH30,H3K4me3,PiggyBac,-0.016463600937298664,0.4518951938927438,-0.05930125650811455,0.026434579958323066
332,SJCRH30,H3K4me3,5S-Deu-L2,0.028027689541576823,0.22387128707516024,-0.017151331086153774,0.07309249260926333
333,SJCRH30,H3K4me3,Helitron,-0.02370306975225106,0.3299928463738413,-0.07129780636039167,0.02399935752285247
334,SJCRH30,H3K4me3,hAT-Tag1,0.014898249438173842,0.5412307078409992,-0.03289542713091462,0.06262394550731085
335,SJCRH30,H3K4me3,tRNA,0.03150349364047367,0.2219177255126623,-0.01906866147958451,0.08191485845175657
336,SJCRH30,H3K4me3,Penelope,0.03026251164391856,0.4401029849353285,-0.046588206498274894,0.10675709736682966
337,SJCRH30,H3K4me3,TcMar-Tc1,-0.06326465881550188,0.10627228747053886,-0.13938885001501608,0.01360289139968561
338,SJCRH30,H3K4me3,Dong-R4,-0.0336643303678513,0.4872977301707596,-0.1280690514738935,0.06134496863103595
339,SJCRH30,H3K4me3,tRNA-Deu,0.09130928238625437,0.06216315061779882,-0.004846818610267527,0.18579232271627188
340,SJCRH30,H3K4me3,Kolobok,0.014710438896099938,0.7829946075749155,-0.08981596105361928,0.11891630950125685
341,SJCRH30,H3K4me3,PIF-Harbinger,0.037481143297597615,0.48521548112972723,-0.06780241943124254,0.1419391327956812
342,SJCRH30,H3K4me3,Crypton,0.03031865320675576,0.6115248350569342,-0.08661166242825596,0.14642497816454875
343,SJCRH30,H3K4me3,Merlin,0.06176310718409472,0.3720263780120262,-0.07405096801065059,0.19532783994981132
344,SJCRH30,H3K4me3,TcMar,-0.04677944170642958,0.5074896344243244,-0.18338165373642007,0.09159512423754308
345,SJCRH30,H3K4me3,L1-Tx1,-0.10092210904671142,0.24062012524104248,-0.26456675489142556,0.06837198471661347
346,SJCRH30,H3K4me3,Crypton-A,-0.09001845691045439,0.3065389443712132,-0.2578943063410663,0.0831334638812961
347,SJCRH30,H3K4me3,I-Jockey,-0.19005652858863867,0.04776497550393261,-0.36658807889565503,-0.0003158789417690848
348,SJCRH30,H3K4me3,hAT-Tip100?,-0.11035839160839161,0.38149155991820993,-0.34563862843938875,0.13797697250721924
349,SJCRH30,H3K4me3,TcMar-Pogo,-0.005131964809384164,0.9777611394362757,-0.3531959970931966,0.3441800190564788
350,SJCRH30,H3K4me3,hAT?,0.013292589763177995,0.9405230472496557,-0.3263539317750708,0.34989916364638196
351,SJCRH30,H3K4me3,hAT-hAT19,0.15,0.5792486306642535,-0.3760962642032207,0.6029604660399384
352,BE2C,H3K4me1,Alu,-0.0013409506907936198,0.15967009543353494,-0.003209985918423744,0.000528093905566782
353,BE2C,H3K4me1,L1,-0.0032007449087042227,0.02032203621231269,-0.005904324225278652,-0.0004971188001678374
354,BE2C,H3K4me1,MIR,-0.0015761296899815572,0.25755817529804154,-0.004304609523042592,0.0011523736106567302
355,BE2C,H3K4me1,L2,0.000953966611336043,0.5690134694058726,-0.0023291296837404207,0.0042370423414421765
356,BE2C,H3K4me1,ERVL-MaLR,0.0003890771830474136,0.8463617783246726,-0.003546539055595415,0.004324681368833854
357,BE2C,H3K4me1,hAT-Charlie,3.219294613577371e-05,0.987962246030389,-0.004149815991076442,0.004214200757290626
358,BE2C,H3K4me1,ERV1,0.0010027450685040104,0.7443897864672824,-0.005025048011075225,0.0070304652808318
359,BE2C,H3K4me1,ERVL,-0.005463848288068162,0.08065419407052336,-0.011593736662442893,0.0006664507400806781
360,BE2C,H3K4me1,TcMar-Tigger,-0.002840455270497158,0.37188813441865054,-0.009074913699391259,0.0033942239763110785
361,BE2C,H3K4me1,hAT-Tip100,-0.0002207499175167861,0.9594141922595332,-0.00872268624508294,0.00828121832306855
362,BE2C,H3K4me1,CR1,-0.0006935660775073502,0.8832269538025013,-0.009948241819796241,0.008561228472877866
363,BE2C,H3K4me1,Gypsy,-0.008919669433468313,0.26437753797938396,-0.024579446584673408,0.006744484004935931
364,BE2C,H3K4me1,hAT-Blackjack,0.003951976582565297,0.6282985405729475,-0.01204732169609143,0.019949251850921407
365,BE2C,H3K4me1,TcMar-Mariner,0.00450550451281361,0.5840604822678364,-0.0116244579725417,0.020633122845810856
366,BE2C,H3K4me1,RTE-X,-0.009544556024144559,0.35433584507057647,-0.02973483998432574,0.010653513275924483
367,BE2C,H3K4me1,ERVK,0.00038580819830362674,0.9738925472696845,-0.022716705318839164,0.02348790989089258
368,BE2C,H3K4me1,TcMar-Tc2,-0.0077296652142245775,0.5327001188900549,-0.03200347203950228,0.016553254486279527
369,BE2C,H3K4me1,SVA,0.02251612468443107,0.1158991831389323,-0.005557636663004926,0.050554421347135566
370,BE2C,H3K4me1,RTE-BovB,-0.03272954359288637,0.026628684889195592,-0.06161615865989564,-0.003788144796629333
371,BE2C,H3K4me1,tRNA-RTE,-0.015621764922650043,0.3310796419706482,-0.04709604343572091,0.015883502410785687
372,BE2C,H3K4me1,hAT-Ac,-0.002811160271578018,0.876954397284708,-0.038381055335944776,0.032765849729874334
373,BE2C,H3K4me1,hAT,-0.003010357886277548,0.8760081192962881,-0.0408054795571845,0.034793366239324955
374,BE2C,H3K4me1,MULE-MuDR,0.029226234370900703,0.16106962523899135,-0.011659496024631521,0.07001440293476931
375,BE2C,H3K4me1,PiggyBac,-0.004999592147454652,0.8195684103065711,-0.04792787997886111,0.037947130933798555
376,BE2C,H3K4me1,5S-Deu-L2,0.010707074962067863,0.6425934570114598,-0.034507367637189174,0.055877776969865706
377,BE2C,H3K4me1,Helitron,-0.008539393368319215,0.7263647597465548,-0.056313295608221715,0.039273523245249985
378,BE2C,H3K4me1,hAT-Tag1,0.009025140029136522,0.7116411619474496,-0.03881705282531891,0.05682605032886869
379,BE2C,H3K4me1,tRNA,0.017822794175423092,0.48991517587909084,-0.03277364765288067,0.06832811869031528
380,BE2C,H3K4me1,Penelope,-0.0013408652397494643,0.9727606929025167,-0.07817571556581171,0.07550982022619016
381,BE2C,H3K4me1,TcMar-Tc1,-0.028627750103790515,0.4655514574855385,-0.10519601499148831,0.04827794236369303
382,BE2C,H3K4me1,Dong-R4,-0.07174259226593054,0.13839574686726316,-0.16552351374693686,0.023324182451543125
383,BE2C,H3K4me1,tRNA-Deu,0.01875191776777386,0.7022615379716262,-0.0773106078164421,0.114469479132663
384,BE2C,H3K4me1,Kolobok,0.05649493841045081,0.2884445303048945,-0.04795777800641706,0.15972541744769853
385,BE2C,H3K4me1,PIF-Harbinger,0.035196778401918885,0.512226835928078,-0.07007458285687035,0.13969281905392464
386,BE2C,H3K4me1,Crypton,-0.06611636101518294,0.2676287012307759,-0.1814398394948775,0.05100094367497643
387,BE2C,H3K4me1,Merlin,0.12045520886293977,0.08086644023642103,-0.015346996639960498,0.25189393152099615
388,BE2C,H3K4me1,TcMar,0.0029677383603150457,0.9666480645374091,-0.1354829258959494,0.14130472033755107
389,BE2C,H3K4me1,L1-Tx1,-0.08591960629372151,0.31813576362202883,-0.25032477003790476,0.08330182978691586
390,BE2C,H3K4me1,Crypton-A,-0.0944038072248669,0.2834763622129622,-0.26205092447819667,0.07877421487533001
391,BE2C,H3K4me1,I-Jockey,0.11286257066073581,0.2426160830286709,-0.07747275709430454,0.295260348979736
392,BE2C,H3K4me1,hAT-Tip100?,-0.01065668202764977,0.9339363773248178,-0.2577478936067454,0.23774283567401053
393,BE2C,H3K4me1,TcMar-Pogo,-0.30975073313782986,0.08448765709017077,-0.5998120551847838,0.05226656715069424
394,BE2C,H3K4me1,hAT?,-0.11430481283422461,0.5264764662429087,-0.4412744640051466,0.2394581254444459
395,BE2C,H3K4me1,hAT-hAT19,0.08823529411764705,0.7452220943671326,-0.4269721242712305,0.5601958540421363
396,BE2C,H3K9me3,Alu,0.0005886393052849515,0.5369211165221914,-0.001279793969484226,0.002457068470131608
397,BE2C,H3K9me3,L1,0.00017815256311761444,0.8972242940143494,-0.0025250761215339203,0.0028813786440913466
398,BE2C,H3K9me3,MIR,0.002746599166671188,0.04847663195166649,1.837243215338574e-05,0.005474785014403482
399,BE2C,H3K9me3,L2,0.0002593529451116004,0.8769502737136075,-0.0030236043728270683,0.00354230467254653
400,BE2C,H3K9me3,ERVL-MaLR,-0.0005439469157497394,0.7864477415160365,-0.0044790009242180575,0.00339112393845095
401,BE2C,H3K9me3,hAT-Charlie,0.0017723651432628989,0.4061483141648091,-0.0024094264008689033,0.005954094700071483
402,BE2C,H3K9me3,ERV1,0.00018342326753621022,0.9524241109932687,-0.005842093689310319,0.006208926905367925
403,BE2C,H3K9me3,ERVL,0.0056378977249012,0.07144354240460554,-0.0004920691364464589,0.011767440897210098
404,BE2C,H3K9me3,TcMar-Tigger,-0.0033128351239596807,0.29763331197909954,-0.009546788534981535,0.0029213757884816254
405,BE2C,H3K9me3,hAT-Tip100,0.002941053302683896,0.49776842317280656,-0.005560896748760553,0.011442578194491187
406,BE2C,H3K9me3,CR1,-0.00019114971997863094,0.9677088426607534,-0.009445562076758323,0.009063295378627939
407,BE2C,H3K9me3,Gypsy,0.006944064407965796,0.3849056381424055,-0.00871997248757689,0.02260469426062022
408,BE2C,H3K9me3,hAT-Blackjack,-0.01569932908915771,0.05442600552288264,-0.0316897635481433,0.00029913983232335967
409,BE2C,H3K9me3,TcMar-Mariner,-0.0002994675194397512,0.9709680084899155,-0.01642569448001747,0.015826915198825245
410,BE2C,H3K9me3,RTE-X,0.006232853035834833,0.5452042585725775,-0.013960368726279627,0.0264209927861199
411,BE2C,H3K9me3,ERVK,0.011104009360847725,0.34632341010714796,-0.012006909795003682,0.03420307151363601
412,BE2C,H3K9me3,TcMar-Tc2,-0.015928938404345325,0.19839423232834727,-0.040186941410550236,0.008347830656178907
413,BE2C,H3K9me3,SVA,-0.0011188758653498982,0.9376901655409204,-0.029164540648716493,0.026928549155155718
414,BE2C,H3K9me3,RTE-BovB,0.0211747818961245,0.15151649810099357,-0.007767308728459402,0.0500814261897862
415,BE2C,H3K9me3,tRNA-RTE,0.020746795182370426,0.1968078489678467,-0.010763225675512406,0.05221565392615024
416,BE2C,H3K9me3,hAT-Ac,0.033041381014186265,0.06875530259248114,-0.0025508438916470593,0.06854999722129429
417,BE2C,H3K9me3,hAT,-0.024775787629380416,0.1989316248600196,-0.06251568787735369,0.013034864672554974
418,BE2C,H3K9me3,MULE-MuDR,-0.003516176883080272,0.8661305958121106,-0.044373014835789606,0.037352403564644296
419,BE2C,H3K9me3,PiggyBac,0.005095001789255035,0.8162728486489969,-0.03787249784030268,0.04804369631826081
420,BE2C,H3K9me3,5S-Deu-L2,0.017273142134906824,0.45403646329876646,-0.027948494644378322,0.06242422106260888
421,BE2C,H3K9me3,Helitron,0.0031798433157985235,0.8961939397783276,-0.044566313442738516,0.05091150617996019
422,BE2C,H3K9me3,hAT-Tag1,-0.0036575127497715863,0.8809205691423323,-0.05147313464144721,0.044174839806936456
423,BE2C,H3K9me3,tRNA,0.01611316583155576,0.5326297287304247,-0.034497959566534585,0.06664185698022372
424,BE2C,H3K9me3,Penelope,-0.05509778203451777,0.159625527196007,-0.13132520506301718,0.02177735257333212
425,BE2C,H3K9me3,TcMar-Tc1,-0.004802794326302573,0.9025811854842922,-0.08155703900252673,0.07200808198810188
426,BE2C,H3K9me3,Dong-R4,-0.06514583969721773,0.1785492048934372,-0.15904939673738552,0.029925863158822175
427,BE2C,H3K9me3,tRNA-Deu,-0.04211551503388942,0.39041975626102365,-0.13751711239972622,0.05406030279447497
428,BE2C,H3K9me3,Kolobok,0.028245926906509625,0.5958187374938038,-0.07608648607779951,0.13196652964915181
429,BE2C,H3K9me3,PIF-Harbinger,0.029187334788873802,0.5868378883316356,-0.07604801410922327,0.13377961723378481
430,BE2C,H3K9me3,Crypton,0.04028085945742488,0.4997369155323581,-0.07672400640867251,0.1561913641419318
431,BE2C,H3K9me3,Merlin,0.0345788321625835,0.6174608668921839,-0.10100147792253604,0.16889820006293313
432,BE2C,H3K9me3,TcMar,0.05983910742668845,0.39876375050888846,-0.0793354439493816,0.19672546410751116
433,BE2C,H3K9me3,L1-Tx1,-0.12601962298486766,0.1422772398605339,-0.28827064646934203,0.0432658086127519
434,BE2C,H3K9me3,Crypton-A,-0.07571468799083376,0.3900518612577689,-0.24430374969609625,0.09731723349222263
435,BE2C,H3K9me3,I-Jockey,-0.016986377536836253,0.8608352187399275,-0.2044480535318657,0.1716771659230372
436,BE2C,H3K9me3,hAT-Tip100?,-0.2126536098310292,0.094271328368934,-0.43967180065944256,0.03990467087052212
437,BE2C,H3K9me3,TcMar-Pogo,-0.26136363636363635,0.14847832357607835,-0.5633253324187276,0.10219010785431992
438,BE2C,H3K9me3,hAT?,0.052807486631016046,0.7703916380336323,-0.2960928740269315,0.389274662362147
439,BE2C,H3K9me3,hAT-hAT19,0.12058823529411765,0.6564245147485952,-0.4006230717558349,0.582835796857242
440,BE2C,H3K36me3,Alu,-0.0014839181321556765,0.11958896174025152,-0.0033524757261915125,0.0003846498241829653
441,BE2C,H3K36me3,L1,-0.0023610465281268013,0.08695886417736552,-0.005064566861578555,0.00034250831984092544
442,BE2C,H3K36me3,MIR,-0.0010988136061727636,0.4298625451856213,-0.0038268978250685258,0.0016292869685571787
443,BE2C,H3K36me3,L2,-0.0013471981335352785,0.42124217970203204,-0.004630230550238958,0.0019358633244942701
444,BE2C,H3K36me3,ERVL-MaLR,-0.00464462578656126,0.02070130697727454,-0.008579545574131535,-0.000709562159632864
445,BE2C,H3K36me3,hAT-Charlie,0.0023041392444473068,0.28015960885961416,-0.0018775310672401447,0.006485728975212737
446,BE2C,H3K36me3,ERV1,-0.0015004956881371797,0.6255714769736331,-0.00752722321885106,0.004526340845135963
447,BE2C,H3K36me3,ERVL,0.0004124512521655475,0.8950866346697666,-0.005717674482726279,0.006542545988658329
448,BE2C,H3K36me3,TcMar-Tigger,0.0016982278849537351,0.5934149419149699,-0.004536084254615328,0.007932408018086912
449,BE2C,H3K36me3,hAT-Tip100,0.004335924370236611,0.31751444081911695,-0.004165981794872272,0.012837203747660474
450,BE2C,H3K36me3,CR1,0.0028030922153522283,0.552745231413168,-0.0064514191372962,0.01205712344197655
451,BE2C,H3K36me3,Gypsy,-0.014266601143079429,0.07423607150304119,-0.029924110564044516,0.0013979079611722025
452,BE2C,H3K36me3,hAT-Blackjack,0.012956743478983476,0.11240115555609069,-0.0030409006665596708,0.028947757360807635
453,BE2C,H3K36me3,TcMar-Mariner,-0.010534664476961726,0.20054229165877407,-0.026660709738297164,0.0055968623201432645
454,BE2C,H3K36me3,RTE-X,-0.0030499589020276823,0.7672331223570337,-0.023241986397808802,0.017144555969391972
455,BE2C,H3K36me3,ERVK,-0.007662754607580835,0.5156549012029805,-0.03075835429790962,0.01544102318728363
456,BE2C,H3K36me3,TcMar-Tc2,-0.004210777822705574,0.7339788108750288,-0.02848928623595549,0.020072695745812188
457,BE2C,H3K36me3,SVA,0.010601134006003843,0.458922584009431,-0.017454287109810854,0.038639874723120374
458,BE2C,H3K36me3,RTE-BovB,0.004690151787103817,0.750760914332655,-0.024247387718385412,0.03361983836167618
459,BE2C,H3K36me3,tRNA-RTE,-0.02302764415565797,0.15191022728861497,-0.05448782462845615,0.008478209609975636
460,BE2C,H3K36me3,hAT-Ac,-0.006693554646605752,0.7125122530438504,-0.04227513613894072,0.028904984418518437
461,BE2C,H3K36me3,hAT,-0.010647387925681269,0.5808862310253657,-0.048414606970033955,0.027150233092707428
462,BE2C,H3K36me3,MULE-MuDR,0.026913357499421933,0.19696340967689152,-0.013981388520976275,0.067718217537322
463,BE2C,H3K36me3,PiggyBac,-0.009886394417600008,0.6519444764942881,-0.05280333526786507,0.03306699971365704
464,BE2C,H3K36me3,5S-Deu-L2,0.006639615711625106,0.77351883559063,-0.0385689055708587,0.051821011851226444
465,BE2C,H3K36me3,Helitron,-0.03653046758581169,0.1341263837320007,-0.0841812064185509,0.011286965669189733
466,BE2C,H3K36me3,hAT-Tag1,-0.007388771689094826,0.7621731922217545,-0.05519438527523803,0.040450639871953784
467,BE2C,H3K36me3,tRNA,-0.03379562338072379,0.19051583559593732,-0.08424572096283417,0.016827294979631514
468,BE2C,H3K36me3,Penelope,-0.06520518980737568,0.09594783337708167,-0.1413037319453447,0.011659416832967699
469,BE2C,H3K36me3,TcMar-Tc1,-0.04246904220221626,0.27925666991865083,-0.11895803035114062,0.034521041070512924
470,BE2C,H3K36me3,Dong-R4,-0.04254254914977136,0.3799704703955572,-0.1368200048706919,0.05249867217349072
471,BE2C,H3K36me3,tRNA-Deu,-0.10493014704228103,0.031968704701981925,-0.19909798338581944,-0.00884227324841526
472,BE2C,H3K36me3,Kolobok,-0.02059411358230406,0.6989817589991688,-0.1244263816088365,0.08368430775343061
473,BE2C,H3K36me3,PIF-Harbinger,0.027626079220960904,0.6070112308834037,-0.07759898650395124,0.13224245001582208
474,BE2C,H3K36me3,Crypton,0.03254712504503522,0.5855825934456114,-0.0844013672473355,0.14861112295272197
475,BE2C,H3K36me3,Merlin,-0.024147122114385154,0.7272961972356409,-0.15871740119446848,0.11130396307802988
476,BE2C,H3K36me3,TcMar,-0.03620138356640247,0.609904697177822,-0.1737699725195694,0.10275305596657948
477,BE2C,H3K36me3,L1-Tx1,-0.1624139351540434,0.057933857636398356,-0.32237297515110297,0.006562869920053325
478,BE2C,H3K36me3,Crypton-A,-0.058146595617453854,0.5094474751536334,-0.22754284303341762,0.11466553608179533
479,BE2C,H3K36me3,I-Jockey,0.1035863219349458,0.2837688237999093,-0.08670106236811756,0.28658136558257064
480,BE2C,H3K36me3,hAT-Tip100?,-0.1905241935483871,0.13473330977456852,-0.4204159783941208,0.06235410114912291
481,BE2C,H3K36me3,TcMar-Pogo,-0.36180351906158353,0.04187527765850578,-0.6379075037387061,-0.003281455568841802
482,BE2C,H3K36me3,hAT?,0.18549465240641713,0.30136897535144624,-0.17152421069418375,0.49944848126119906
483,BE2C,H3K36me3,hAT-hAT19,-0.2029411764705882,0.45096124172270946,-0.6381004016505516,0.33047957514520065
484,BE2C,H3K27me3,Alu,-0.0009369818277758847,0.32566558116246336,-0.002805410729818528,0.0009314536163523064
485,BE2C,H3K27me3,L1,0.0014547316141820242,0.2915751557637789,-0.0012486898850028476,0.004158131849712631
486,BE2C,H3K27me3,MIR,-0.001958892041550756,0.15930592727298895,-0.004686827068940502,0.0007690721409601203
487,BE2C,H3K27me3,L2,-0.0013782515416505589,0.41060411098294636,-0.004661186698343129,0.0019047133240292558
488,BE2C,H3K27me3,ERVL-MaLR,0.0003737371529172673,0.8523237495978587,-0.0035612204967322455,0.004308683228788002
489,BE2C,H3K27me3,hAT-Charlie,-5.80659480399789e-06,0.9978282384107962,-0.00418694883652816,0.004175335849941379
490,BE2C,H3K27me3,ERV1,-0.004449671951435488,0.14777936684087514,-0.010474732077559118,0.0015757112566019314
491,BE2C,H3K27me3,ERVL,-0.000682978261664593,0.8271317041302508,-0.006812581798162699,0.005446676597059633
492,BE2C,H3K27me3,TcMar-Tigger,0.004407794887032089,0.16578308686531218,-0.0018259145242908578,0.010641161744348602
493,BE2C,H3K27me3,hAT-Tip100,0.007176181212142009,0.09805899576276665,-0.0013258817397050389,0.01567720677556688
494,BE2C,H3K27me3,CR1,-0.004212327656662604,0.3723457453616854,-0.013466375888649134,0.0050424421100290885
495,BE2C,H3K27me3,Gypsy,-0.014527002000416255,0.06909460850331145,-0.03018385962676286,0.0011369825888961804
496,BE2C,H3K27me3,hAT-Blackjack,-0.0027791078364804013,0.7334964135785358,-0.018775179454050307,0.013218386123119319
497,BE2C,H3K27me3,TcMar-Mariner,0.004851193827966138,0.555533693266243,-0.011278273285694156,0.020978137106843393
498,BE2C,H3K27me3,RTE-X,-0.0013449904085221483,0.896136176932068,-0.021535683489372726,0.01884679934244934
499,BE2C,H3K27me3,ERVK,-0.013551642106330652,0.2503463785003287,-0.03664514369185486,0.009556325637872207
500,BE2C,H3K27me3,TcMar-Tc2,-0.01409979295470092,0.25486609756918194,-0.03835615418317689,0.010173174754621032
501,BE2C,H3K27me3,SVA,-0.007834779457708121,0.5842149299642845,-0.03588251220996124,0.020225286327063732
502,BE2C,H3K27me3,RTE-BovB,0.021252756138912438,0.15001515939568205,-0.007689327971746694,0.050159263449551274
503,BE2C,H3K27me3,tRNA-RTE,-0.0038111099254791742,0.8125770793707465,-0.03530251844794275,0.027687859544275075
504,BE2C,H3K27me3,hAT-Ac,-0.0048826422300914584,0.7880564338521203,-0.0404612117820595,0.0307082931480588
505,BE2C,H3K27me3,hAT,-0.005251607385228739,0.7853900894865784,-0.043028956940740666,0.03254073796729803
506,BE2C,H3K27me3,MULE-MuDR,-0.0456499401520911,0.02861364247469584,-0.08639076306907839,-0.0047566917472210936
507,BE2C,H3K27me3,PiggyBac,0.015983677557791252,0.46604643735575757,-0.026996532622358,0.058904900468254535
508,BE2C,H3K27me3,5S-Deu-L2,0.0027457822486551564,0.9052949063685181,-0.04246804575101226,0.04794838659875879
509,BE2C,H3K27me3,Helitron,-0.01938744823806895,0.42684310681293103,-0.06712574194389956,0.02843940853494788
510,BE2C,H3K27me3,hAT-Tag1,-0.008417786610114988,0.7302628646594005,-0.05622046492425398,0.0394233963223184
511,BE2C,H3K27me3,tRNA,-0.016548862845729786,0.5216059968702442,-0.067075901377067,0.03406283834108269
512,BE2C,H3K27me3,Penelope,-0.030915965486436374,0.43028894287163033,-0.10740442284832635,0.04593630697612325
513,BE2C,H3K27me3,TcMar-Tc1,-0.009379187257978618,0.8110772031183657,-0.08610273942323861,0.06745495503455483
514,BE2C,H3K27me3,Dong-R4,0.07453281962852065,0.12366286433522913,-0.02052998137565901,0.16826003068725556
515,BE2C,H3K27me3,tRNA-Deu,-0.060290469674971314,0.21867105344187915,-0.1553927282170708,0.035919098994913926
516,BE2C,H3K27me3,Kolobok,-0.021159399589867407,0.6911373533797633,-0.12498372607238599,0.08312332128720963
517,BE2C,H3K27me3,PIF-Harbinger,0.02122579240499105,0.6927303716316583,-0.08395312724824816,0.12593696469921345
518,BE2C,H3K27me3,Crypton,0.02169755390936815,0.7162787448093018,-0.0951543195038117,0.13795960806217517
519,BE2C,H3K27me3,Merlin,0.04124204543853287,0.5513287975268604,-0.0944093702065405,0.17538991198110693
520,BE2C,H3K27me3,TcMar,0.029184176742572773,0.6808787962327136,-0.10968272302822903,0.16693360607286373
521,BE2C,H3K27me3,L1-Tx1,-0.03767544049572595,0.6620428597182308,-0.20415883170740567,0.13092600671708887
522,BE2C,H3K27me3,Crypton-A,-0.11030370486513187,0.20976394255439884,-0.2770818511646832,0.06292651519821053
523,BE2C,H3K27me3,I-Jockey,-0.05175609304049671,0.5930106650642624,-0.23766546201662894,0.13781108305215609
524,BE2C,H3K27me3,hAT-Tip100?,-0.0473310291858679,0.7126033155819218,-0.2918052035462171,0.20294821948818142
525,BE2C,H3K27me3,TcMar-Pogo,-0.01979472140762463,0.9143676244761187,-0.3659935826567955,0.33121692813477127
526,BE2C,H3K27me3,hAT?,0.14705882352941177,0.4141175477965866,-0.20853131707331524,0.46830831703103293
527,BE2C,H3K27me3,hAT-hAT19,0.18235294117647058,0.49907485724580003,-0.34845230279353717,0.6245997955481012
528,SJSA1,H3K27ac,Alu,0.0005656862910202082,0.551888422782441,-0.0012979272184404137,0.002429295871168301
529,SJSA1,H3K27ac,L1,-0.0007531205488524305,0.5839567870216127,-0.003448599708236748,0.0019423695543397434
530,SJSA1,H3K27ac,MIR,-0.0007878983313058204,0.5711281712046327,-0.0035143648842862404,0.001938579935605572
531,SJSA1,H3K27ac,L2,-0.0026436949671508766,0.11420711924950826,-0.005924014233018413,0.0006366811950313763
532,SJSA1,H3K27ac,ERVL-MaLR,0.0005174962496235772,0.7961322934685431,-0.003408374896156432,0.004443351443679233
533,SJSA1,H3K27ac,hAT-Charlie,0.0024182776326932445,0.2563775375021788,-0.0017577320726435183,0.00659420299427705
534,SJSA1,H3K27ac,ERV1,0.0003957290731069912,0.8969128500374394,-0.005590656968998825,0.006382086752001331
535,SJSA1,H3K27ac,ERVL,-0.004272027318942692,0.17117042026990775,-0.010390353795740768,0.0018466190178618744
536,SJSA1,H3K27ac,TcMar-Tigger,0.0028266724923436673,0.37343350425864563,-0.0033978428514627613,0.00905096880556685
537,SJSA1,H3K27ac,hAT-Tip100,-0.003822823603187504,0.3779049902721794,-0.012319611784193035,0.004674516602376857
538,SJSA1,H3K27ac,CR1,-0.0009644944157724037,0.83799732703701,-0.010210078113608603,0.008281254176701088
539,SJSA1,H3K27ac,Gypsy,0.01043316094854392,0.19125697947011924,-0.0052145371592432046,0.026075751039704078
540,SJSA1,H3K27ac,hAT-Blackjack,9.225013644655378e-05,0.9909652030082942,-0.015873834493077697,0.016058287734063512
541,SJSA1,H3K27ac,TcMar-Mariner,0.007555120849318687,0.3576931839938987,-0.008544687230212717,0.023651013025588103
542,SJSA1,H3K27ac,RTE-X,0.00819599698774399,0.42594843065239474,-0.011981539464378558,0.028366861477122973
543,SJSA1,H3K27ac,ERVK,-0.007068067754008622,0.5435930153293775,-0.02986837352951912,0.01573958948398898
544,SJSA1,H3K27ac,TcMar-Tc2,-0.00996189157367502,0.42092997860991377,-0.03421135241414041,0.014299292002621726
545,SJSA1,H3K27ac,SVA,0.026169429427902912,0.06621948817416183,-0.0017577039467423657,0.05405577411573675
546,SJSA1,H3K27ac,RTE-BovB,-0.005717791424638702,0.698396165691261,-0.03462749396946752,0.023201472121013447
547,SJSA1,H3K27ac,tRNA-RTE,0.01247439496968012,0.43762839215159643,-0.019025769616451842,0.04394981945350496
548,SJSA1,H3K27ac,hAT-Ac,-0.0003493725945758674,0.9846274486665819,-0.035875808024546214,0.035177944762993664
549,SJSA1,H3K27ac,hAT,-0.025547412285653187,0.18513300273460018,-0.06327110224708889,0.012249177627646837
550,SJSA1,H3K27ac,MULE-MuDR,0.001959863508038396,0.925042631193561,-0.0388531879387583,0.04276638686454878
551,SJSA1,H3K27ac,PiggyBac,0.007784271393727377,0.7215836152695541,-0.03502281810374774,0.050562849636577645
552,SJSA1,H3K27ac,5S-Deu-L2,0.01436671129412773,0.5329313487332995,-0.03079206863086052,0.05946695857652048
553,SJSA1,H3K27ac,Helitron,0.0029196997768920203,0.9043906863448146,-0.044698943294841684,0.05052510537280197
554,SJSA1,H3K27ac,hAT-Tag1,0.003803249217974293,0.8760303872048141,-0.04395834533441026,0.051547498105728375
555,SJSA1,H3K27ac,tRNA,0.02997244510421876,0.24521277596748048,-0.020599365837070716,0.08039127284534549
556,SJSA1,H3K27ac,Penelope,-0.007923140255371101,0.8392465951080423,-0.0843060464137711,0.06855233648089068
557,SJSA1,H3K27ac,TcMar-Tc1,-0.0413075904960853,0.2918847134736269,-0.11769204643060074,0.03556278628933549
558,SJSA1,H3K27ac,Dong-R4,-0.013970039340612719,0.7732064586812581,-0.10861760637151417,0.0809285321979072
559,SJSA1,H3K27ac,tRNA-Deu,0.03369011173271493,0.49212788185400724,-0.062453887001449014,0.12921458027981655
560,SJSA1,H3K27ac,Kolobok,-0.03743118596005097,0.4826674635119329,-0.141151664101014,0.0671021070485213
561,SJSA1,H3K27ac,PIF-Harbinger,0.043337016161353374,0.41962212101253116,-0.061974074414060956,0.14769377338580122
562,SJSA1,H3K27ac,Crypton,-0.012635154712430548,0.8324004743116028,-0.12904716129148927,0.10412037432123968
563,SJSA1,H3K27ac,Merlin,-0.11519499338021769,0.09434272013478463,-0.2465453174072432,0.020311137065140365
564,SJSA1,H3K27ac,TcMar,-0.07873057611032122,0.26418882996145054,-0.21432368477553024,0.05983954740114043
565,SJSA1,H3K27ac,L1-Tx1,0.019870323680464944,0.8177281871907616,-0.14835585863576445,0.18697887431231253
566,SJSA1,H3K27ac,Crypton-A,-0.021534392170833954,0.8071235798372418,-0.19236874614223212,0.1505668058589572
567,SJSA1,H3K27ac,I-Jockey,0.0581039755351682,0.5484149370744351,-0.13159208041852596,0.2436949693753456
568,SJSA1,H3K27ac,hAT-Tip100?,0.06272893772893771,0.6224180614759949,-0.18618573679453754,0.30407694845023964
569,SJSA1,H3K27ac,TcMar-Pogo,0.022727272727272724,0.9017384625624244,-0.3286124953710824,0.36854153659413247
570,SJSA1,H3K27ac,hAT?,0.05393430099312452,0.7619312816992638,-0.2897461618078191,0.3852946259712521
571,SJSA1,H3K27ac,hAT-hAT19,0.4588235294117647,0.07383553449548107,-0.07552570159560815,0.7884455939888066
572,SJSA1,H3K9me3,Alu,-0.0002047635499775951,0.8294119874863572,-0.0020674597123334837,0.0016579340332898128
573,SJSA1,H3K9me3,L1,-0.002666035900600517,0.052530492554231666,-0.005361194847456982,2.916177862690265e-05
574,SJSA1,H3K9me3,MIR,0.001967464670229898,0.15718673668681754,-0.0007585172665636386,0.004693417366852423
575,SJSA1,H3K9me3,L2,0.003295369029125262,0.04895625092967418,1.506888740118599e-05,0.0065755982528388065
576,SJSA1,H3K9me3,ERVL-MaLR,7.965184044668851e-05,0.9682733737773812,-0.0038453866573761,0.004004687884050084
577,SJSA1,H3K9me3,hAT-Charlie,0.0021177357647979246,0.32014652346669126,-0.0020573538211617775,0.006292751521647794
578,SJSA1,H3K9me3,ERV1,0.002131319511367228,0.48517782926427866,-0.0038533785117932586,0.00811586486444764
579,SJSA1,H3K9me3,ERVL,0.0003642292434682296,0.9071015403336573,-0.005753161710209766,0.0064815929365467
580,SJSA1,H3K9me3,TcMar-Tigger,-0.005197620193692407,0.10166981639796704,-0.011421045455703877,0.0010262077235303267
581,SJSA1,H3K9me3,hAT-Tip100,-0.0025579815742868025,0.5551126936922075,-0.011053475575791177,0.0059378816822309825
582,SJSA1,H3K9me3,CR1,0.00014328343521414355,0.9757710228937775,-0.00910312144283979,0.009389663813010431
583,SJSA1,H3K9me3,Gypsy,0.0028782887685625254,0.7184518156350984,-0.012768739821154234,0.01852390809351999
584,SJSA1,H3K9me3,hAT-Blackjack,0.005735766460775079,0.4813311996526599,-0.010229244124503217,0.02169785360304261
585,SJSA1,H3K9me3,TcMar-Mariner,0.003479129357257711,0.6718220479265162,-0.012616364976822156,0.019572821230528007
586,SJSA1,H3K9me3,RTE-X,0.010656921891510034,0.300572947266416,-0.009520914358379212,0.030826083060497583
587,SJSA1,H3K9me3,ERVK,0.012200926996000835,0.29414568932926544,-0.010595363643807738,0.03498454186741442
588,SJSA1,H3K9me3,TcMar-Tc2,-0.017474627354358365,0.15787376306440223,-0.04170850115824668,0.006779795148831745
589,SJSA1,H3K9me3,SVA,0.013748337802881126,0.33443264161740305,-0.01417099465739355,0.04164624929925948
590,SJSA1,H3K9me3,RTE-BovB,-0.03521113435196055,0.017001840836825217,-0.06407316740662658,-0.006290245757511449
591,SJSA1,H3K9me3,tRNA-RTE,0.0023617674923074082,0.8831694055757103,-0.029131909099625763,0.033850759708925524
592,SJSA1,H3K9me3,hAT-Ac,0.009760106551481131,0.5904443560344516,-0.025782398042451565,0.04527796660365936
593,SJSA1,H3K9me3,hAT,0.01602298487955881,0.4058798225116186,-0.021764201760511935,0.05376445761334611
594,SJSA1,H3K9me3,MULE-MuDR,-0.036332226306186315,0.08110094839790975,-0.07705012792895581,0.004506666860601113
595,SJSA1,H3K9me3,PiggyBac,-0.014062168901468176,0.519538022009318,-0.05680449848221123,0.028731613247092825
596,SJSA1,H3K9me3,5S-Deu-L2,-0.00036606624917691317,0.9873245228565954,-0.04550180147402504,0.04477116055081394
597,SJSA1,H3K9me3,Helitron,-0.029471379325962103,0.22537544347422597,-0.0769999851556499,0.01819086679507603
598,SJSA1,H3K9me3,hAT-Tag1,-0.01596828970938055,0.5124460622749982,-0.06367620877106125,0.03181244797771551
599,SJSA1,H3K9me3,tRNA,0.00835062795713177,0.7461701032548993,-0.04219733583873784,0.05885595145418804
600,SJSA1,H3K9me3,Penelope,0.08836712069139585,0.023292372784815253,0.011924671057557833,0.16378268747335062
601,SJSA1,H3K9me3,TcMar-Tc1,0.060317702970586556,0.1233210213740616,-0.01649437373573594,0.13642200269667681
602,SJSA1,H3K9me3,Dong-R4,-0.002533168292076131,0.9583267726472384,-0.09729676332447407,0.09227594529252296
603,SJSA1,H3K9me3,tRNA-Deu,-0.07811380788685747,0.11078032300258595,-0.17287698551063932,0.01808225963245338
604,SJSA1,H3K9me3,Kolobok,-0.07714056847407158,0.14750050731335076,-0.1800794350538169,0.027469612791271903
605,SJSA1,H3K9me3,PIF-Harbinger,-0.008572155491810715,0.8732202117911806,-0.11345206244613712,0.0964966889775829
606,SJSA1,H3K9me3,Crypton,0.0011642693210683138,0.9844427468255674,-0.11544896086074749,0.11774584308448766
607,SJSA1,H3K9me3,Merlin,0.03425994205260767,0.619874161015513,-0.10099447021911549,0.16827093238002425
608,SJSA1,H3K9me3,TcMar,0.006725931287074322,0.923936522261934,-0.13076760614248514,0.14396562635532237
609,SJSA1,H3K9me3,L1-Tx1,0.06115345888082962,0.4777728244567051,-0.1078226836716469,0.22669550932935834
610,SJSA1,H3K9me3,Crypton-A,-0.06414942754509459,0.466652097785194,-0.23327839902533906,0.1087467294078672
611,SJSA1,H3K9me3,I-Jockey,-0.034232230562505794,0.7238049057744849,-0.2209645127621413,0.15492112457264826
612,SJSA1,H3K9me3,hAT-Tip100?,0.07774725274725273,0.5414347937747029,-0.17170422748440267,0.3178297022314189
613,SJSA1,H3K9me3,TcMar-Pogo,0.21554252199413487,0.23610807371536618,-0.14808548414219835,0.5278325425782421
614,SJSA1,H3K9me3,hAT?,-0.1147440794499618,0.5181622114313433,-0.436928609940298,0.23353490548892336
615,SJSA1,H3K9me3,hAT-hAT19,0.3,0.25893645256249886,-0.24131779986305,0.6989333624612034
616,SJSA1,H3K36me3,Alu,-0.001707115120335733,0.07249612949912548,-0.0035700797138410157,0.00015586132283351473
617,SJSA1,H3K36me3,L1,-0.002011811042600942,0.14349888507871153,-0.004707197552906282,0.0006836047001905159
618,SJSA1,H3K36me3,MIR,-0.0029137510329172722,0.03617418528339218,-0.005639700436982197,-0.00018775832479354696
619,SJSA1,H3K36me3,L2,-0.0013140128327478369,0.43238773728005353,-0.00459430422170283,0.001966306834874809
620,SJSA1,H3K36me3,ERVL-MaLR,-0.0014425395603042833,0.47132467312625337,-0.005367564241398999,0.002482529568392252
621,SJSA1,H3K36me3,hAT-Charlie,0.0010216843164663834,0.6314904802760072,-0.003153330632252017,0.005196663648004024
622,SJSA1,H3K36me3,ERV1,-0.0013149723250160017,0.6667242601062671,-0.007299559543495666,0.004669709087324075
623,SJSA1,H3K36me3,ERVL,-0.0017861075703990439,0.5671615453305778,-0.007903553012057874,0.004331471558110501
624,SJSA1,H3K36me3,TcMar-Tigger,0.0023338995330008548,0.46234195876717654,-0.003889761243311978,0.008557379511269414
625,SJSA1,H3K36me3,hAT-Tip100,0.0009091406108060194,0.8338638499070877,-0.007586081415245983,0.009404231415607632
626,SJSA1,H3K36me3,CR1,-0.009948088384521716,0.03494964589159788,-0.019191915914271405,-0.0007025602782862715
627,SJSA1,H3K36me3,Gypsy,-0.007171949267848996,0.36896651429577954,-0.022815014478060246,0.008474626941471705
628,SJSA1,H3K36me3,hAT-Blackjack,0.005106662377359201,0.53066501306988,-0.010856680941360377,0.021067403408000174
629,SJSA1,H3K36me3,TcMar-Mariner,-0.009115574929389799,0.2670106682505606,-0.025207492618155265,0.006981065490213465
630,SJSA1,H3K36me3,RTE-X,0.008875927227735284,0.388581043518312,-0.011301710381165382,0.029046339417655474
631,SJSA1,H3K36me3,ERVK,0.006559661545907765,0.5728556385657892,-0.01624167592192522,0.029354180011080595
632,SJSA1,H3K36me3,TcMar-Tc2,-0.009373635604138314,0.4488112892741164,-0.03361993658719774,0.014883692564381695
633,SJSA1,H3K36me3,SVA,0.006191430884592738,0.663807131561289,-0.02172516681961511,0.034098381138726735
634,SJSA1,H3K36me3,RTE-BovB,-0.01954398455376781,0.18535736571843728,-0.048437704315238014,0.009382417077282386
635,SJSA1,H3K36me3,tRNA-RTE,-0.01225856554823776,0.44536353394432515,-0.043718097228844045,0.0192252531715276
636,SJSA1,H3K36me3,hAT-Ac,-0.013674250962112227,0.4507487018848044,-0.04917889752180685,0.02186491053790041
637,SJSA1,H3K36me3,hAT,0.014686968153397555,0.4461468057273186,-0.02309947373622351,0.05243150696152155
638,SJSA1,H3K36me3,MULE-MuDR,0.00925823194005268,0.6569941538618369,-0.03159992904479369,0.05008550246023867
639,SJSA1,H3K36me3,PiggyBac,0.02582877850442066,0.23687498256163586,-0.01698169439175592,0.06854472269196647
640,SJSA1,H3K36me3,5S-Deu-L2,-0.0005391716562290785,0.9813314608257004,-0.04567454892042553,0.04459840251898844
641,SJSA1,H3K36me3,Helitron,-0.02388817736153039,0.32579962069645607,-0.07144005433628171,0.02377203855242625
642,SJSA1,H3K36me3,hAT-Tag1,0.007316401266838329,0.7640930367452206,-0.04045180865490279,0.055051243569492904
643,SJSA1,H3K36me3,tRNA,-0.012795705293524771,0.6198883000121433,-0.06328612909703263,0.03776005337311505
644,SJSA1,H3K36me3,Penelope,0.03703737362002316,0.34283240892137334,-0.03953345067011039,0.11317575052559689
645,SJSA1,H3K36me3,TcMar-Tc1,0.03143437456188361,0.4222377195759136,-0.04536013583784465,0.10785954122633162
646,SJSA1,H3K36me3,Dong-R4,0.056240147201003364,0.24563309863876936,-0.03882827995633201,0.1502995749398777
647,SJSA1,H3K36me3,tRNA-Deu,-0.047916035968420714,0.32843376975606897,-0.14322719028900427,0.048275742980437845
648,SJSA1,H3K36me3,Kolobok,-0.1144769422882942,0.031292231342370504,-0.21645925979583552,-0.010023325084980803
649,SJSA1,H3K36me3,PIF-Harbinger,0.008625227736050407,0.8724419601390807,-0.0964441305828291,0.1135044788684713
650,SJSA1,H3K36me3,Crypton,0.013718417573233535,0.8182713558846684,-0.10304937553572571,0.13011324188936682
651,SJSA1,H3K36me3,Merlin,-0.032711430959538004,0.6357876978179082,-0.16676077009710222,0.1025251890851113
652,SJSA1,H3K36me3,TcMar,-0.08244599110183919,0.24223737454800054,-0.21790846661139515,0.05613306434149773
653,SJSA1,H3K36me3,L1-Tx1,-0.05125213376324739,0.5519869438697456,-0.2172073762945306,0.11758274339119162
654,SJSA1,H3K36me3,Crypton-A,-0.033518703133531585,0.7038941409745407,-0.2039187026758303,0.13885253778237022
655,SJSA1,H3K36me3,I-Jockey,0.06427578537670281,0.5066842501778435,-0.12553478940192583,0.24954690766867638
656,SJSA1,H3K36me3,hAT-Tip100?,0.17431318681318678,0.16832883513400765,-0.07658489890286538,0.4044504198343243
657,SJSA1,H3K36me3,TcMar-Pogo,-0.03079178885630498,0.867138723521154,-0.37552863449420654,0.3214298642784729
658,SJSA1,H3K36me3,hAT?,-0.25989304812834224,0.13770726230958025,-0.5538434987087557,0.091663081441346
659,SJSA1,H3K36me3,hAT-hAT19,-0.0058823529411764705,0.9827505044191351,-0.5001328749026314,0.49125900286792273
660,SJSA1,H3K27me3,Alu,-0.0008325675399168762,0.3811256095837392,-0.002695724288053867,0.0010305949885138221
661,SJSA1,H3K27me3,L1,-0.0017864669212300753,0.19391687786065503,-0.004481747205499216,0.0009088393190777089
662,SJSA1,H3K27me3,MIR,0.001595643264769045,0.2513063107903663,-0.0011305205605255035,0.004321783372666344
663,SJSA1,H3K27me3,L2,0.0028684868929359374,0.08653984744026792,-0.0004117599990033504,0.006148672055578174
664,SJSA1,H3K27me3,ERVL-MaLR,-0.0011560984309111687,0.5637733274379295,-0.005081444576684672,0.0027692833423541745
665,SJSA1,H3K27me3,hAT-Charlie,0.0002875671667007206,0.8926249507786737,-0.0038879022037408948,0.0044630265099604785
666,SJSA1,H3K27me3,ERV1,0.0015629171210092847,0.6087967042335112,-0.004422439668288607,0.007548161930692724
667,SJSA1,H3K27me3,ERVL,-0.002349373409336696,0.45164712232486237,-0.00846699568100587,0.00376842472037813
668,SJSA1,H3K27me3,TcMar-Tigger,0.00402244601219966,0.20526184680591886,-0.002201512483426872,0.010246092878100846
669,SJSA1,H3K27me3,hAT-Tip100,0.00017168605866988126,0.9684053704506081,-0.008323807033455003,0.008667154368532166
670,SJSA1,H3K27me3,CR1,0.00038878110921975427,0.9343110969802613,-0.008856100814734862,0.009633596577077377
671,SJSA1,H3K27me3,Gypsy,-0.005166333298328215,0.5175360685559414,-0.020810678112252422,0.01048054086587809
672,SJSA1,H3K27me3,hAT-Blackjack,-0.0025738065290507547,0.7520282621168578,-0.018537543481158467,0.013391242361888217
673,SJSA1,H3K27me3,TcMar-Mariner,0.004861584686228175,0.5539374860710553,-0.011237385985627834,0.020958035672470347
674,SJSA1,H3K27me3,RTE-X,-0.009821935739343722,0.3400373326251581,-0.029991695370996198,0.010355819335675035
675,SJSA1,H3K27me3,ERVK,0.01828651033123193,0.11598131619672808,-0.004517484548760057,0.04107149592651347
676,SJSA1,H3K27me3,TcMar-Tc2,-0.0006860206901089286,0.9557993705392889,-0.02494087751992336,0.023569643336257256
677,SJSA1,H3K27me3,SVA,0.0058984445322427985,0.6788977734396267,-0.02202649716338184,0.03381418969545921
678,SJSA1,H3K27me3,RTE-BovB,-0.024789488332321568,0.0929199857856051,-0.053670642500961194,0.004133105508030741
679,SJSA1,H3K27me3,tRNA-RTE,0.026253857914585687,0.102293953042155,-0.0052473696511710285,0.05770303086036566
680,SJSA1,H3K27me3,hAT-Ac,0.015936780314499042,0.3793413712260624,-0.01959761255144208,0.05143096198674203
681,SJSA1,H3K27me3,hAT,0.0365648474497691,0.05779440119220448,-0.0012210422829988907,0.07424647325462748
682,SJSA1,H3K27me3,MULE-MuDR,-0.027847930353368203,0.18128307446104866,-0.06859659863213458,0.012993500804846597
683,SJSA1,H3K27me3,PiggyBac,-0.010882924220833376,0.6181767240984841,-0.0536336086861468,0.031907581737133525
684,SJSA1,H3K27me3,5S-Deu-L2,0.004345986249133829,0.850395599958708,-0.040798715346816,0.049472979836070144
685,SJSA1,H3K27me3,Helitron,0.0115731130280237,0.6340792221900331,-0.03607474656932042,0.059168474186961355
686,SJSA1,H3K27me3,hAT-Tag1,-0.013112229379623707,0.5906707075955195,-0.06082962689608063,0.034664965027404834
687,SJSA1,H3K27me3,tRNA,-0.03619566355863444,0.16047385039848117,-0.08658305442573523,0.014376436603998826
688,SJSA1,H3K27me3,Penelope,0.049505891847937966,0.2043586377732307,-0.027017637799391866,0.12545258011331872
689,SJSA1,H3K27me3,TcMar-Tc1,0.11310284307121075,0.0037772132879515335,0.036510304007659915,0.18837435401135375
690,SJSA1,H3K27me3,Dong-R4,0.03530203924221851,0.4663531687640019,-0.05971399136214127,0.12968411581097744
691,SJSA1,H3K27me3,tRNA-Deu,-0.02961587958946633,0.545965080246967,-0.12519615256851122,0.0665090717453822
692,SJSA1,H3K27me3,Kolobok,0.07391181591313811,0.16525197565069094,-0.030701414919628838,0.17692329523225403
693,SJSA1,H3K27me3,PIF-Harbinger,-0.05431450174382531,0.31164066335649676,-0.15846718602635282,0.05103361802095655
694,SJSA1,H3K27me3,Crypton,0.025673488637227408,0.6671561604291449,-0.0912161640165289,0.14186530613376913
695,SJSA1,H3K27me3,Merlin,-0.014561923756056536,0.8330570447640087,-0.14902552935093466,0.12043043721462801
696,SJSA1,H3K27me3,TcMar,-0.042536839452601644,0.5467834662389639,-0.17925764481511142,0.09579587760239637
697,SJSA1,H3K27me3,L1-Tx1,0.08062707615780908,0.34896705388449545,-0.08855499469388614,0.24528759867169136
698,SJSA1,H3K27me3,Crypton-A,-0.06059417092988007,0.49175686314988354,-0.2298825096796425,0.11225333608211835
699,SJSA1,H3K27me3,I-Jockey,-0.04212769900843295,0.6635997497408888,-0.22849939665268426,0.1472226191814933
700,SJSA1,H3K27me3,hAT-Tip100?,0.07838827838827837,0.5380958298499188,-0.1710843027644543,0.3184150229332342
701,SJSA1,H3K27me3,TcMar-Pogo,0.17778592375366567,0.33031456339854437,-0.18497149513183028,0.4979046842882027
702,SJSA1,H3K27me3,hAT?,-0.016348357524828112,0.9268832800921321,-0.35258551278347594,0.32362744003276855
703,SJSA1,H3K27me3,hAT-hAT19,0.1764705882352941,0.5132505967364668,-0.35353200740425916,0.6207039869240245
704,SJSA1,H3K4me3,Alu,-0.0007961612423265992,0.402429885749074,-0.002659845407523308,0.001067528453533439
705,SJSA1,H3K4me3,L1,0.00025551973678170645,0.8526126155503653,-0.0024401028777039525,0.0029511386378645744
706,SJSA1,H3K4me3,MIR,0.0010220758752042855,0.46248692110844225,-0.001704308301644367,0.0037484448575928904
707,SJSA1,H3K4me3,L2,-0.00045217354755293853,0.7870428473451277,-0.0037326893122085485,0.0028283519495213454
708,SJSA1,H3K4me3,ERVL-MaLR,0.00041119617471142806,0.8373448466809488,-0.003514586995209756,0.004336966670146774
709,SJSA1,H3K4me3,hAT-Charlie,-0.0015643080086203836,0.4628196171110657,-0.005740145175506166,0.0026115837147165175
710,SJSA1,H3K4me3,ERV1,0.0021891915886289174,0.4735584884941597,-0.0037976009540652625,0.008175827206053995
711,SJSA1,H3K4me3,ERVL,-0.0010944300213293057,0.7258925275023751,-0.007212625780296441,0.005023847672941355
712,SJSA1,H3K4me3,TcMar-Tigger,-0.0015261225382413263,0.6308702468092562,-0.00775102933364158,0.004698902532544197
713,SJSA1,H3K4me3,hAT-Tip100,0.0032815129230648627,0.4491153725367578,-0.005215972425236237,0.011778524394595263
714,SJSA1,H3K4me3,CR1,-0.006061784276551011,0.1988562562019785,-0.015308021340195342,0.0031854894204205184
715,SJSA1,H3K4me3,Gypsy,-0.010100524271605921,0.20579926401897577,-0.025743275919183538,0.005547172552449184
716,SJSA1,H3K4me3,hAT-Blackjack,-0.007368960139745269,0.36568778775739175,-0.023331963308295765,0.008597799596129316
717,SJSA1,H3K4me3,TcMar-Mariner,-0.003640035042232482,0.6577528532538037,-0.019741816415643498,0.012463634062050609
718,SJSA1,H3K4me3,RTE-X,-0.007177386075045775,0.48570378896443556,-0.02734997060888183,0.013001041884800533
719,SJSA1,H3K4me3,ERVK,0.014400681498942282,0.21597270089882278,-0.008412732011953165,0.037199112025100886
720,SJSA1,H3K4me3,TcMar-Tc2,-0.0009243277294730884,0.9404836327786719,-0.025184611078598845,0.02333704371653151
721,SJSA1,H3K4me3,SVA,0.0017435148948503367,0.902601471813609,-0.02617601910321682,0.0296603310082171
722,SJSA1,H3K4me3,RTE-BovB,-0.027628171947961803,0.06111493092097481,-0.05650372963070134,0.0012935672909492543
723,SJSA1,H3K4me3,tRNA-RTE,0.013949639457208236,0.38538993292421664,-0.017551067959519048,0.04542268150118253
724,SJSA1,H3K4me3,hAT-Ac,-0.006595021177037539,0.7161579027767949,-0.04212409242756136,0.028950708591764567
725,SJSA1,H3K4me3,hAT,0.003685961956497503,0.8484033170379521,-0.03409752222525236,0.04145892482865421
726,SJSA1,H3K4me3,MULE-MuDR,-0.016717063274932144,0.42242926418675586,-0.05750826849864219,0.02412986531066156
727,SJSA1,H3K4me3,PiggyBac,0.01965522690131508,0.36797853663107993,-0.02314274525078713,0.062381288616880505
728,SJSA1,H3K4me3,5S-Deu-L2,0.024567812234088438,0.28624872026027304,-0.020598319390552122,0.06963386988314071
729,SJSA1,H3K4me3,Helitron,0.016357429388614515,0.5009538041500757,-0.03128244339248284,0.06392314964571584
730,SJSA1,H3K4me3,hAT-Tag1,-0.0013784106991054745,0.9549115705564186,-0.04912863797492854,0.04637810320115206
731,SJSA1,H3K4me3,tRNA,-0.014679400763386793,0.569332388464939,-0.06516306039725439,0.0358792099476119
732,SJSA1,H3K4me3,Penelope,0.01137726067403509,0.7708230714290003,-0.06511459502485778,0.08773619372857816
733,SJSA1,H3K4me3,TcMar-Tc1,-0.061335972858224744,0.11738544712357253,-0.1374852302631578,0.01553406828655571
734,SJSA1,H3K4me3,Dong-R4,0.05369458129969137,0.2676920324748156,-0.04137081908710682,0.14779651783510822
735,SJSA1,H3K4me3,tRNA-Deu,0.07502475897232738,0.12565808508526177,-0.021176971599640534,0.1698499376632013
736,SJSA1,H3K4me3,Kolobok,-0.01970442550235225,0.7117839902581513,-0.12369554134198801,0.08471478426451584
737,SJSA1,H3K4me3,PIF-Harbinger,0.00368118119620002,0.9453687913295469,-0.10133842492887282,0.10861964859643972
738,SJSA1,H3K4me3,Crypton,-0.04501973738294645,0.45062120761276436,-0.16083112638342564,0.07201451607866588
739,SJSA1,H3K4me3,Merlin,-0.06519426918756552,0.34484470362517805,-0.19834039476719628,0.07031442773629984
740,SJSA1,H3K4me3,TcMar,0.03860245657574411,0.5835753254466893,-0.0993462563101524,0.17509530768638018
741,SJSA1,H3K4me3,L1-Tx1,0.026812685741461208,0.7557893529076545,-0.1415691090091799,0.19368660236146099
742,SJSA1,H3K4me3,Crypton-A,-0.09810586497659554,0.2649349152696058,-0.26555620912500877,0.07509026482545265
743,SJSA1,H3K4me3,I-Jockey,0.04027430265962377,0.6775583858952747,-0.1490313254633783,0.2267321456856649
744,SJSA1,H3K4me3,hAT-Tip100?,0.06831501831501831,0.5916987421468904,-0.1808088040206516,0.30920116222591176
745,SJSA1,H3K4me3,TcMar-Pogo,0.05975073313782991,0.7452992192140482,-0.29538778020703443,0.4003812375299759
746,SJSA1,H3K4me3,hAT?,-0.09977081741787625,0.574523224357858,-0.42436082841280526,0.24754044595936553
747,SJSA1,H3K4me3,hAT-hAT19,-0.14411764705882352,0.5943782881736932,-0.5989701306371717,0.3810466250670312
748,HAP-1,H3K27ac,Alu,-0.0010540196074476315,0.269330757213171,-0.002924220446396873,0.000816188604724713
749,HAP-1,H3K27ac,L1,0.0023416866859266756,0.08956498077544095,-0.0003617576135728811,0.005045096756717397
750,HAP-1,H3K27ac,MIR,-0.0003933513032966345,0.7775756385803247,-0.0031225800067658095,0.0023358832600893294
751,HAP-1,H3K27ac,L2,0.0008724801414349003,0.6024748898990328,-0.0024107031592501935,0.004155644632775995
752,HAP-1,H3K27ac,ERVL-MaLR,-0.0010118899618876307,0.6144541312145844,-0.004949053850173834,0.002925305297818396
753,HAP-1,H3K27ac,hAT-Charlie,0.002027860146674845,0.3421321046217928,-0.0021560379579380973,0.006211687256803207
754,HAP-1,H3K27ac,ERV1,-0.0009132711425071303,0.7666214769813521,-0.0069441620448132775,0.005117686194933962
755,HAP-1,H3K27ac,ERVL,0.00354531131185674,0.2572289884695931,-0.0025879058040118494,0.009678261712614057
756,HAP-1,H3K27ac,TcMar-Tigger,-0.0022652086146864514,0.4765790558752391,-0.008502228016498994,0.00397198702810264
757,HAP-1,H3K27ac,hAT-Tip100,-0.0009124873004877852,0.8334650865585116,-0.009418130543146804,0.0075932879738828465
758,HAP-1,H3K27ac,CR1,0.0006726294881807039,0.8867428722753897,-0.008583401807614605,0.009928545531486251
759,HAP-1,H3K27ac,Gypsy,0.0032336640329543947,0.6857880769008498,-0.012431406914395728,0.018897148078082453
760,HAP-1,H3K27ac,hAT-Blackjack,-0.0010985992664095654,0.892944293997552,-0.017096777722119306,0.014900141564505334
761,HAP-1,H3K27ac,TcMar-Mariner,-0.004702983802958677,0.5678720505335773,-0.02083817879857043,0.011434660410634201
762,HAP-1,H3K27ac,RTE-X,-0.0006579225504750672,0.9490918036851934,-0.020852131547331447,0.01953682307050159
763,HAP-1,H3K27ac,ERVK,0.012021386780431072,0.3081082757242336,-0.011097691778766378,0.035127619958198714
764,HAP-1,H3K27ac,TcMar-Tc2,0.0034342509404477013,0.7817340687310204,-0.020858196353471425,0.02772264560185777
765,HAP-1,H3K27ac,SVA,0.013535894639957606,0.3453081126965205,-0.014578007109982864,0.04162841143632127
766,HAP-1,H3K27ac,RTE-BovB,-0.0027907881040502517,0.8501551737642571,-0.03173499035597744,0.02615809099935232
767,HAP-1,H3K27ac,tRNA-RTE,-0.01015450287607825,0.5274891698991588,-0.04163346623324197,0.02134460013742392
768,HAP-1,H3K27ac,hAT-Ac,0.014354924520619853,0.42951715599952645,-0.02126077123791026,0.04993423218277892
769,HAP-1,H3K27ac,hAT,-0.027742964214690122,0.15051929426376223,-0.06549525730073254,0.010088636562095847
770,HAP-1,H3K27ac,MULE-MuDR,-0.040907877271006705,0.049805870981132414,-0.08166033345091005,-1.8860692618886255e-05
771,HAP-1,H3K27ac,PiggyBac,0.05582471229587499,0.010787242411054054,0.012894237183153398,0.09854975910527383
772,HAP-1,H3K27ac,5S-Deu-L2,0.01585699583200157,0.4920015219586571,-0.029375372945378595,0.06102455549584817
773,HAP-1,H3K27ac,Helitron,-0.00858863701692578,0.7248506572531339,-0.05636239661408918,0.039224361919439676
774,HAP-1,H3K27ac,hAT-Tag1,0.025773430424785422,0.2909225168564189,-0.02207193382806133,0.07350100694692568
775,HAP-1,H3K27ac,tRNA,0.020300203273725247,0.431612347714435,-0.030298996452222955,0.07079562506017771
776,HAP-1,H3K27ac,Penelope,0.009497461528965507,0.8084520723606189,-0.06721951181799657,0.08610279298819598
777,HAP-1,H3K27ac,TcMar-Tc1,-0.04101652956366408,0.29716452228480916,-0.1176974741990397,0.03615064334026261
778,HAP-1,H3K27ac,Dong-R4,0.029486029941556843,0.5429487045876338,-0.06550436946781756,0.12394682037363502
779,HAP-1,H3K27ac,tRNA-Deu,0.027543725104979416,0.5744206037227167,-0.06857062471029533,0.12315147675313742
780,HAP-1,H3K27ac,Kolobok,-0.031781032729676584,0.5517472986000687,-0.13573965282446224,0.0728698008786745
781,HAP-1,H3K27ac,PIF-Harbinger,0.1023344377114029,0.056143081942304246,-0.0029498848410577025,0.2053749022182298
782,HAP-1,H3K27ac,Crypton,-0.07359939896394102,0.21708059938269011,-0.18873149984788898,0.04352851569765951
783,HAP-1,H3K27ac,Merlin,-0.03787403128936865,0.5843235577990749,-0.1721096794635167,0.0977425595056386
784,HAP-1,H3K27ac,TcMar,-0.08113741985339719,0.25100296467098265,-0.21697819786223643,0.05778601655529155
785,HAP-1,H3K27ac,L1-Tx1,-0.007574758739493741,0.9299965538302044,-0.17507019380931393,0.16034679753444298
786,HAP-1,H3K27ac,Crypton-A,-0.014103585551646829,0.8729726403832869,-0.18518942331234794,0.15781205593476483
787,HAP-1,H3K27ac,I-Jockey,-0.031229728477434902,0.7471742060174602,-0.21809474544829666,0.1578442170411172
788,HAP-1,H3K27ac,hAT-Tip100?,0.10714285714285715,0.4032673521603194,-0.1451668925461288,0.3463683497251987
789,HAP-1,H3K27ac,TcMar-Pogo,-0.09274193548387095,0.6136675984393901,-0.4282462968153663,0.2652326866400377
790,HAP-1,H3K27ac,hAT?,0.054144385026737976,0.7647398908495782,-0.294880870412171,0.3904224671594769
791,HAP-1,H3K27ac,hAT-hAT19,-0.10588235294117648,0.6963341050381157,-0.5726105866457505,0.4126799097165957
792,HAP-1,H3K4me1,Alu,0.0006495530506492954,0.49608061999998954,-0.0012208122456568954,0.0025199138023454626
793,HAP-1,H3K4me1,L1,-0.0006608155046761318,0.6319273435681803,-0.003364628786023288,0.0020430074386337004
794,HAP-1,H3K4me1,MIR,0.000528179339519292,0.7044777257222214,-0.002201212103563589,0.0032575629131966614
795,HAP-1,H3K4me1,L2,0.003665283016383912,0.028667240758249876,0.00038204093248021364,0.006948446079982237
796,HAP-1,H3K4me1,ERVL-MaLR,-0.0008200027709247785,0.6831325549842624,-0.004757273944966026,0.0031172938268346877
797,HAP-1,H3K4me1,hAT-Charlie,0.0015992065195445106,0.4537602399486398,-0.0025846603624477657,0.005783017414747469
798,HAP-1,H3K4me1,ERV1,-0.0007120817243163479,0.8169991542671484,-0.006743181290738574,0.0053190696453290645
799,HAP-1,H3K4me1,ERVL,0.001969610560527782,0.5290651439186131,-0.0041634671460690255,0.008102540097736654
800,HAP-1,H3K4me1,TcMar-Tigger,-0.000988083792960413,0.7561737341735798,-0.007224856528224948,0.005248765810977498
801,HAP-1,H3K4me1,hAT-Tip100,-0.0005192193219237839,0.904762250527632,-0.009024414082069948,0.007986050557831612
802,HAP-1,H3K4me1,CR1,0.004078381212162466,0.3878101942985068,-0.005177726326218694,0.013333789956761917
803,HAP-1,H3K4me1,Gypsy,0.013643128417538205,0.0878072537778387,-0.0020219325144406053,0.02930149507751828
804,HAP-1,H3K4me1,hAT-Blackjack,0.0043567214882950815,0.5935207908979918,-0.011641574059125262,0.020352787138063436
805,HAP-1,H3K4me1,TcMar-Mariner,0.014022716205171785,0.08861273153161309,-0.002119073689369754,0.030157200526011153
806,HAP-1,H3K4me1,RTE-X,0.015521568639785325,0.13191251963033848,-0.004672380319501149,0.03570286322920515
807,HAP-1,H3K4me1,ERVK,0.017569739239798293,0.1366133531376733,-0.005567171423931815,0.04068784863806596
808,HAP-1,H3K4me1,TcMar-Tc2,-0.004396647107262639,0.722853366616929,-0.028688067691788062,0.0198999633726557
809,HAP-1,H3K4me1,SVA,0.003917029024812102,0.7847657598564501,-0.02418992046019459,0.03201779086671441
810,HAP-1,H3K4me1,RTE-BovB,-0.003689694527725486,0.8027850294081844,-0.032636174022224254,0.025262969552354915
811,HAP-1,H3K4me1,tRNA-RTE,0.00853419176815207,0.5955007786051425,-0.022972155965890275,0.04002360444578827
812,HAP-1,H3K4me1,hAT-Ac,0.026344070459000835,0.14705475405069543,-0.009273797407655677,0.06189517539291858
813,HAP-1,H3K4me1,hAT,0.020188304653646433,0.29533213145542286,-0.017628676379649495,0.05794760668993979
814,HAP-1,H3K4me1,MULE-MuDR,0.009425948416305964,0.6512592477653818,-0.03144127519214132,0.05026170835183728
815,HAP-1,H3K4me1,PiggyBac,0.0003636568760583061,0.9867594978293726,-0.042565017447741174,0.04329099089604904
816,HAP-1,H3K4me1,5S-Deu-L2,0.003647238516024324,0.8744617251564789,-0.04158027187692581,0.0488598325768154
817,HAP-1,H3K4me1,Helitron,0.0006023763517154165,0.9803050936968953,-0.04719500365028331,0.048397004145780104
818,HAP-1,H3K4me1,hAT-Tag1,0.017500187396572123,0.4733562864418208,-0.030339088730136486,0.06525947123395262
819,HAP-1,H3K4me1,tRNA,0.024403452459706737,0.3444343004149001,-0.02619929085001132,0.07488145276973117
820,HAP-1,H3K4me1,Penelope,0.06899440411390918,0.07833308668124868,-0.007922459137714203,0.14509964820950763
821,HAP-1,H3K4me1,TcMar-Tc1,-0.023567801434546124,0.5489549524519828,-0.10035765182891142,0.05350115785275868
822,HAP-1,H3K4me1,Dong-R4,-0.08794282375686144,0.06912874207936803,-0.1813966271999595,0.007085146305300185
823,HAP-1,H3K4me1,tRNA-Deu,0.03779999843911095,0.4408349513259636,-0.058360797739363146,0.13326578857501328
824,HAP-1,H3K4me1,Kolobok,-0.02133169483137269,0.6895910680540798,-0.12544699528742437,0.08324835243216759
825,HAP-1,H3K4me1,PIF-Harbinger,0.09491646238221979,0.07658992478981073,-0.010401942548006596,0.1981521232594425
826,HAP-1,H3K4me1,Crypton,0.014651580228250772,0.8061467275755556,-0.10212661496055175,0.13103144149106108
827,HAP-1,H3K4me1,Merlin,0.039396120748397344,0.5692996453840631,-0.09623649110717614,0.17359237510245507
828,HAP-1,H3K4me1,TcMar,-0.02117038221265119,0.7648988932156262,-0.15877257390644267,0.11723856678263864
829,HAP-1,H3K4me1,L1-Tx1,0.04543688460156581,0.5980376222725365,-0.12330361724288916,0.2116237903122101
830,HAP-1,H3K4me1,Crypton-A,0.036169130925504576,0.6817023091966699,-0.13625694441477904,0.206468282057917
831,HAP-1,H3K4me1,I-Jockey,0.02057269947178204,0.8318484041646586,-0.16819940997978317,0.20788928553493016
832,HAP-1,H3K4me1,hAT-Tip100?,0.05309139784946237,0.679421215528883,-0.19743984211306756,0.29711280487406866
833,HAP-1,H3K4me1,TcMar-Pogo,0.13233137829912023,0.47030618412167435,-0.22833675012263244,0.4610611745041804
834,HAP-1,H3K4me1,hAT?,0.036096256684491984,0.8419290228887525,-0.3111728032159348,0.3748613196161417
835,HAP-1,H3K4me1,hAT-hAT19,0.06176470588235294,0.8202418775044894,-0.44806050764011357,0.5412754497566349
836,HAP-1,H3K9me3,Alu,-0.0004959002050629658,0.6031534568250484,-0.002365488089561866,0.0013736911461415635
837,HAP-1,H3K9me3,L1,-0.004650846959384367,0.0007459855731693484,-0.007353991425256501,-0.0019476345229484855
838,HAP-1,H3K9me3,MIR,0.000850480364679984,0.5413132638048541,-0.0018784548409365243,0.0035794029031429872
839,HAP-1,H3K9me3,L2,-0.0013160560434379823,0.43205707562054263,-0.004599089000021817,0.0019670052831480475
840,HAP-1,H3K9me3,ERVL-MaLR,0.0008824848889455215,0.6603678557691157,-0.003053827612915618,0.004818770043552098
841,HAP-1,H3K9me3,hAT-Charlie,-0.0021804848235829873,0.3069412228461591,-0.006363478177470095,0.002002584837834876
842,HAP-1,H3K9me3,ERV1,0.0006540936538996649,0.8316428318783335,-0.0053761138911153725,0.0066842536291272904
843,HAP-1,H3K9me3,ERVL,0.0045080489727220814,0.14957250835669825,-0.0016233977522577998,0.0106391567526043
844,HAP-1,H3K9me3,TcMar-Tigger,0.005006195179484004,0.11564066341037467,-0.0012302560164706355,0.01124225697485692
845,HAP-1,H3K9me3,hAT-Tip100,0.0006511329968895703,0.8807309007996262,-0.00785430561003597,0.009156477395659364
846,HAP-1,H3K9me3,CR1,-0.0023583034067550957,0.6175238634322375,-0.011614039569252835,0.006897836840977916
847,HAP-1,H3K9me3,Gypsy,-0.00859084783330909,0.28240903102018583,-0.024251273267862115,0.007073792838933278
848,HAP-1,H3K9me3,hAT-Blackjack,-0.008331177948606844,0.30744611756761814,-0.024326687160959013,0.007668595865337337
849,HAP-1,H3K9me3,TcMar-Mariner,-0.0034039493574771896,0.6790860636378433,-0.0195281384899228,0.012722009971811213
850,HAP-1,H3K9me3,RTE-X,-0.008735412770045638,0.39653606478721926,-0.028923036397269956,0.011459333975831322
851,HAP-1,H3K9me3,ERVK,0.0017038657059072204,0.8851115483010874,-0.021405726235728142,0.024811637875568334
852,HAP-1,H3K9me3,TcMar-Tc2,0.024154489483807197,0.05130086926515613,-0.0001397696127561863,0.04842025290627928
853,HAP-1,H3K9me3,SVA,0.005938042511833322,0.67866476701849,-0.022152758889855084,0.034019475371586234
854,HAP-1,H3K9me3,RTE-BovB,-0.004590635105490047,0.7560597851253151,-0.03354251402720025,0.024368941869082318
855,HAP-1,H3K9me3,tRNA-RTE,0.035220490867805945,0.02843022711952184,0.0037111801536671906,0.06665993359800694
856,HAP-1,H3K9me3,hAT-Ac,-0.008843561951798607,0.6263664716625833,-0.0444215297189119,0.026756809881988877
857,HAP-1,H3K9me3,hAT,-0.0021651136952880764,0.9106812011453445,-0.0399756318125097,0.035651596110561366
858,HAP-1,H3K9me3,MULE-MuDR,0.042838655481047344,0.040033645151471224,0.001933552654392928,0.08360063961530506
859,HAP-1,H3K9me3,PiggyBac,0.01994691807033194,0.36263450216483617,-0.02300505569374643,0.06282538951369168
860,HAP-1,H3K9me3,5S-Deu-L2,-0.01783051127011576,0.43960197690997305,-0.06297979030115675,0.027391601659616023
861,HAP-1,H3K9me3,Helitron,-0.009330243402079453,0.7020968941303198,-0.057087641984386275,0.03846975711676397
862,HAP-1,H3K9me3,hAT-Tag1,-0.007669447985424922,0.7533554089716186,-0.05546004868298828,0.040156213617312336
863,HAP-1,H3K9me3,tRNA,0.008257905795736077,0.7490546911130616,-0.04232352340077466,0.05879711199592542
864,HAP-1,H3K9me3,Penelope,0.05184528552209347,0.18576918349605212,-0.025030712128619414,0.1281117009513575
865,HAP-1,H3K9me3,TcMar-Tc1,-0.021722148788819992,0.5809804489026675,-0.09858689917702469,0.0554002607446134
866,HAP-1,H3K9me3,Dong-R4,-0.05440560714790379,0.26139831971075506,-0.14849576162518793,0.0406607320685364
867,HAP-1,H3K9me3,tRNA-Deu,0.07647542320287369,0.11848870293821917,-0.019723821928009484,0.17127165420962104
868,HAP-1,H3K9me3,Kolobok,0.06261861730879355,0.2406049544690967,-0.04214150130437975,0.16601682495524167
869,HAP-1,H3K9me3,PIF-Harbinger,0.012838401720919058,0.8111129194819178,-0.09227034771484369,0.11766419472480694
870,HAP-1,H3K9me3,Crypton,-0.06746037996540209,0.25800231428956366,-0.1827501921827806,0.04965956038004915
871,HAP-1,H3K9me3,Merlin,0.012786062438454225,0.8535172651932019,-0.12249952093219865,0.1476051575164818
872,HAP-1,H3K9me3,TcMar,0.018579546447823874,0.792975384265613,-0.11979049528761666,0.15624152643752212
873,HAP-1,H3K9me3,L1-Tx1,-0.019167919989587674,0.8240651750313868,-0.18629955976123302,0.14904185811795867
874,HAP-1,H3K9me3,Crypton-A,0.013406947431098036,0.8791982375860611,-0.1584905891653219,0.18451566069077002
875,HAP-1,H3K9me3,I-Jockey,-0.146575850245575,0.1282896744958231,-0.32660898813915124,0.04372110687623295
876,HAP-1,H3K9me3,hAT-Tip100?,0.151007326007326,0.23361691690442934,-0.09986908665011754,0.38383139130907074
877,HAP-1,H3K9me3,TcMar-Pogo,0.18401759530791786,0.313364121596079,-0.17893903621629784,0.5028865361152717
878,HAP-1,H3K9me3,hAT?,0.0645053475935829,0.7213622278574703,-0.2854594186699184,0.3992916252140038
879,HAP-1,H3K9me3,hAT-hAT19,-0.07058823529411765,0.795039302337628,-0.5476222736656013,0.4410769542672359
880,HAP-1,H3K36me3,Alu,0.0009915738086008579,0.29854917654857516,-0.0008779374416431847,0.0028610781276194506
881,HAP-1,H3K36me3,L1,0.0016604895418233076,0.22856456374766224,-0.001042441106569186,0.004363395927844491
882,HAP-1,H3K36me3,MIR,0.0012433622422943526,0.37179889090382867,-0.0014852489077037418,0.003971954877932875
883,HAP-1,H3K36me3,L2,0.000454296226924982,0.786227100198996,-0.0028287411445553287,0.0037373238053191983
884,HAP-1,H3K36me3,ERVL-MaLR,0.0015613897637729679,0.43684830696193333,-0.00237451561750605,0.005497246769454343
885,HAP-1,H3K36me3,hAT-Charlie,0.0027584798543086766,0.19614290710685692,-0.001424143264365797,0.006941006458928168
886,HAP-1,H3K36me3,ERV1,-0.0013403596820247541,0.662979179624761,-0.007368320620621907,0.0046876986657795475
887,HAP-1,H3K36me3,ERVL,0.0016345748102591384,0.6013412513303162,-0.004497235123197012,0.007766261828789999
888,HAP-1,H3K36me3,TcMar-Tigger,-0.004756984641866299,0.13488477841284602,-0.010992657175162152,0.0014790578592398873
889,HAP-1,H3K36me3,hAT-Tip100,-0.004616277806789452,0.2874012401491331,-0.013120481525031391,0.003888593690208164
890,HAP-1,H3K36me3,CR1,0.010778133264362949,0.022467352171236653,0.0015223491701913856,0.02003207079702875
891,HAP-1,H3K36me3,Gypsy,0.008440749932114631,0.2909034251106377,-0.007223883943766094,0.024101242212962816
892,HAP-1,H3K36me3,hAT-Blackjack,0.0037494116338491323,0.6458918984132724,-0.012243993331242127,0.0197408986854742
893,HAP-1,H3K36me3,TcMar-Mariner,0.016865074468627873,0.04047647757314857,0.0007307195899419993,0.0329906510828407
894,HAP-1,H3K36me3,RTE-X,0.011940405201676085,0.24654438186668318,-0.008256789283412141,0.03212786137602882
895,HAP-1,H3K36me3,ERVK,-0.018315718288442934,0.1202615198776342,-0.04140404817500501,0.004792161847029967
896,HAP-1,H3K36me3,TcMar-Tc2,0.003279010214514776,0.791414089395908,-0.021018963677304492,0.02757311288182821
897,HAP-1,H3K36me3,SVA,-0.013212425317090477,0.35666262610096966,-0.04128807009809439,0.014884067743205895
898,HAP-1,H3K36me3,RTE-BovB,-0.011210362754702928,0.44776380902938084,-0.04013549446611659,0.017733542087717973
899,HAP-1,H3K36me3,tRNA-RTE,-0.03609533981149804,0.024700580334119662,-0.06752838634764151,-0.004590710558299058
900,HAP-1,H3K36me3,hAT-Ac,-0.04094078268880974,0.024103318507440765,-0.07642383048103699,-0.005354167684592315
901,HAP-1,H3K36me3,hAT,-0.016468812204267748,0.39311710233286834,-0.05422325497778384,0.021332651016383607
902,HAP-1,H3K36me3,MULE-MuDR,-0.0018616045079040656,0.9289137956820143,-0.04273924847454047,0.03902226184173297
903,HAP-1,H3K36me3,PiggyBac,0.0009982248932628042,0.9636487628128363,-0.04191101081228896,0.043903785041667115
904,HAP-1,H3K36me3,5S-Deu-L2,-0.032750791551818474,0.15553996509242923,-0.0778321186959294,0.01246419421087262
905,HAP-1,H3K36me3,Helitron,0.0020069826292933683,0.934428722856304,-0.04577926694204579,0.04978406792892095
906,HAP-1,H3K36me3,hAT-Tag1,0.04817510697785743,0.04828440152840018,0.0003379612093791726,0.09579226902185685
907,HAP-1,H3K36me3,tRNA,0.021988951414448517,0.39428437880066003,-0.028611861428927556,0.07247735716797621
908,HAP-1,H3K36me3,Penelope,-0.008600814496003216,0.8263641614426069,-0.0852709818300057,0.06817061045836631
909,HAP-1,H3K36me3,TcMar-Tc1,-0.008691357001485305,0.8250972478719305,-0.08559680924019476,0.06831704981490522
910,HAP-1,H3K36me3,Dong-R4,-0.046643479311019774,0.33571325906115346,-0.1408584186695315,0.04840869752594351
911,HAP-1,H3K36me3,tRNA-Deu,0.027899695662854444,0.5694828905004955,-0.06821651917676419,0.12350277015560343
912,HAP-1,H3K36me3,Kolobok,0.02825645284645389,0.5967269119143546,-0.07637240591232992,0.13226980162952207
913,HAP-1,H3K36me3,PIF-Harbinger,0.08684425872311385,0.10531275731997669,-0.018501111952008154,0.190282606235334
914,HAP-1,H3K36me3,Crypton,-0.0760184742381389,0.20230418070465742,-0.19108665512133075,0.04111074765889771
915,HAP-1,H3K36me3,Merlin,-0.03937632017213638,0.5694939076408755,-0.173573089924587,0.09625608626212347
916,HAP-1,H3K36me3,TcMar,-0.1096482607439456,0.12032498444462016,-0.244397846201202,0.02925590842071481
917,HAP-1,H3K36me3,L1-Tx1,-0.17040406883365725,0.04649860040926876,-0.3298167125117879,-0.0015429909975064806
918,HAP-1,H3K36me3,Crypton-A,0.05233060149992198,0.5527678825713063,-0.12039132627545543,0.2219773552624162
919,HAP-1,H3K36me3,I-Jockey,-0.027838013159114078,0.7738501853861125,-0.21485005926861817,0.16114324845461828
920,HAP-1,H3K36me3,hAT-Tip100?,-0.007920506912442397,0.9508741259591297,-0.25518846885984764,0.2403198674295447
921,HAP-1,H3K36me3,TcMar-Pogo,-0.02309384164222874,0.9001614122502035,-0.3688597607831233,0.32828666310359583
922,HAP-1,H3K36me3,hAT?,0.2413101604278075,0.17609946018216144,-0.11631705289920631,0.543546494679593
923,HAP-1,H3K36me3,hAT-hAT19,-0.0588235294117647,0.8286807500332258,-0.5391508970621227,0.4503782872629288
924,HAP-1,H3K27me3,Alu,-2.4040590786513288e-05,0.9798929735576072,-0.001893598998118705,0.0018455179846013782
925,HAP-1,H3K27me3,L1,-0.0003927837934097598,0.775828435141796,-0.003096257489704242,0.0023106956444306336
926,HAP-1,H3K27me3,MIR,-0.0009126711871546468,0.5121104330257429,-0.0036413417844145222,0.0018160130010323313
927,HAP-1,H3K27me3,L2,-0.001896172431553716,0.2576367383973776,-0.005179217576062691,0.0013869135889657352
928,HAP-1,H3K27me3,ERVL-MaLR,0.0012782445602298321,0.5244497749059636,-0.002657825476432664,0.005214274990441799
929,HAP-1,H3K27me3,hAT-Charlie,0.002137258305672218,0.3166044485599793,-0.0020455920801281313,0.006320033904510926
930,HAP-1,H3K27me3,ERV1,0.0014705603645406545,0.6326234671134936,-0.0045587559122329275,0.007499769725432473
931,HAP-1,H3K27me3,ERVL,-0.0008551860305158948,0.7845728214960359,-0.006986581224516193,0.0052762734639450245
932,HAP-1,H3K27me3,TcMar-Tigger,0.006308557789631482,0.04740216308617272,7.225114791566889e-05,0.012544373751618439
933,HAP-1,H3K27me3,hAT-Tip100,0.009290774196748832,0.03225045490718541,0.0007866197749541484,0.017793584885374546
934,HAP-1,H3K27me3,CR1,-0.0030214318179286465,0.522288779400061,-0.01227646721996763,0.006234121223381509
935,HAP-1,H3K27me3,Gypsy,0.005481954037754984,0.4927510793895169,-0.010181937557567388,0.021143155937094024
936,HAP-1,H3K27me3,hAT-Blackjack,-0.007126921613988879,0.38253185307555604,-0.023119766280348782,0.00886956978979226
937,HAP-1,H3K27me3,TcMar-Mariner,-0.0058369491720644566,0.4782442385318666,-0.02196678539507237,0.010295924943477672
938,HAP-1,H3K27me3,RTE-X,-0.003263992139802149,0.7513942209863143,-0.023453768996122906,0.01692844607886775
939,HAP-1,H3K27me3,ERVK,0.0063314833075923315,0.5914691179243307,-0.01678958150721574,0.02944578041779281
940,HAP-1,H3K27me3,TcMar-Tc2,0.007165143508357825,0.5631354769919545,-0.017123188830911476,0.03144502458811427
941,HAP-1,H3K27me3,SVA,0.006246184801986798,0.6631553538970653,-0.021859216011012903,0.03434172080159616
942,HAP-1,H3K27me3,RTE-BovB,-0.00368666728623828,0.8028803270956021,-0.032623682537005295,0.025256523434058643
943,HAP-1,H3K27me3,tRNA-RTE,-0.039158024967197676,0.014793259953526126,-0.0705744907229255,-0.007663951769132323
944,HAP-1,H3K27me3,hAT-Ac,-0.004380380740777002,0.8095075024660325,-0.03997731345685478,0.031227656776964024
945,HAP-1,H3K27me3,hAT,-0.023796378636609845,0.2175323365432835,-0.061560071576072274,0.014035346965958413
946,HAP-1,H3K27me3,MULE-MuDR,0.018600250257630603,0.37280005405711714,-0.02231000868009822,0.0594483217312551
947,HAP-1,H3K27me3,PiggyBac,-0.025196631940945645,0.25002351290143665,-0.06804755324590528,0.017747080832797132
948,HAP-1,H3K27me3,5S-Deu-L2,0.001281491656732047,0.955706664847524,-0.04391752021935116,0.0464752680822255
949,HAP-1,H3K27me3,Helitron,0.01067235345706957,0.6616443448682208,-0.037115545027134975,0.05841155152020285
950,HAP-1,H3K27me3,hAT-Tag1,-0.003985539650956316,0.8702930813969292,-0.051786096367816864,0.04383323736273196
951,HAP-1,H3K27me3,tRNA,0.008930437291846477,0.7293886353337615,-0.04165227396486742,0.05946748713537971
952,HAP-1,H3K27me3,Penelope,0.034479346185454486,0.37904676472307275,-0.04238053701142914,0.11093352790459618
953,HAP-1,H3K27me3,TcMar-Tc1,0.03005789613933594,0.44425556041628245,-0.04696999692838784,0.10673042886763262
954,HAP-1,H3K27me3,Dong-R4,0.0683076126946234,0.15834070185438895,-0.026762510718040956,0.16215315393136603
955,HAP-1,H3K27me3,tRNA-Deu,0.003918797964734971,0.9363323811917961,-0.09203124373421363,0.09979673665366015
956,HAP-1,H3K27me3,Kolobok,0.04287659509442355,0.4212612611216141,-0.06168190410299985,0.1465042342811228
957,HAP-1,H3K27me3,PIF-Harbinger,0.0015412123267372708,0.9771126733793112,-0.1034556789980617,0.10650413284576547
958,HAP-1,H3K27me3,Crypton,-0.02061137905162752,0.7299146265802476,-0.13689214934573968,0.0962296969336632
959,HAP-1,H3K27me3,Merlin,0.0021914766823027494,0.9747559741308527,-0.1329165927052822,0.13721958577086074
960,HAP-1,H3K27me3,TcMar,-0.018428129241000585,0.7946249272204815,-0.1560935615669991,0.11993959627929371
961,HAP-1,H3K27me3,L1-Tx1,-0.08016269630902309,0.35175898808776107,-0.24484530283084974,0.0890155804560057
962,HAP-1,H3K27me3,Crypton-A,0.06632475347707646,0.4516450683695895,-0.10659957028441135,0.23535468224208234
963,HAP-1,H3K27me3,I-Jockey,-0.044870725604670564,0.6431516820777388,-0.2311132391275838,0.14454399048334454
964,HAP-1,H3K27me3,hAT-Tip100?,0.09773425499231951,0.4460394608799677,-0.1543431434009742,0.33786551021453154
965,HAP-1,H3K27me3,TcMar-Pogo,-0.20821114369501464,0.2528116812611626,-0.5220693771355825,0.1553116926504486
966,HAP-1,H3K27me3,hAT?,-0.024732620320855617,0.8913307837358655,-0.36499034243895906,0.32135362044528065
967,HAP-1,H3K27me3,hAT-hAT19,-0.011764705882352941,0.9655081698956276,-0.5045417383784665,0.48679378978142623
968,HAP-1,H3K4me3,Alu,-0.0013069322960042526,0.17083522049820743,-0.003177310234877285,0.0005634547870472446
969,HAP-1,H3K4me3,L1,0.00295736639903962,0.03205589999220377,0.0002534869127104725,0.005661202643281938
970,HAP-1,H3K4me3,MIR,0.0010754926725607614,0.4399446309530062,-0.0016539698626615784,0.0038049391830915374
971,HAP-1,H3K4me3,L2,0.0008944685007676078,0.593378042267453,-0.0023888623549312422,0.0041777800713556044
972,HAP-1,H3K4me3,ERVL-MaLR,0.0002689093979544596,0.893509620089774,-0.0036682850983426334,0.004206095557270269
973,HAP-1,H3K4me3,hAT-Charlie,0.0008498010454596701,0.6905709292476031,-0.0033342205382707437,0.005033792876083746
974,HAP-1,H3K4me3,ERV1,-0.002823079484833149,0.3589213875507602,-0.008854068509971022,0.0032081149157075187
975,HAP-1,H3K4me3,ERVL,-0.0014100031646440243,0.6522632058952226,-0.0075426622176319146,0.004722761949436914
976,HAP-1,H3K4me3,TcMar-Tigger,-0.000243836283219649,0.9389274683987876,-0.006481337051266527,0.005993683458477732
977,HAP-1,H3K4me3,hAT-Tip100,-0.0041225952984236145,0.3422005737319369,-0.012629024660497147,0.00438443073219321
978,HAP-1,H3K4me3,CR1,0.0011103802505684338,0.8141082372213183,-0.008145270292476164,0.01036584055125024
979,HAP-1,H3K4me3,Gypsy,0.003374828682122208,0.6728109569746064,-0.012288265005523033,0.01903626661561505
980,HAP-1,H3K4me3,hAT-Blackjack,-0.0056563659511164235,0.4884056496254673,-0.021654607395899295,0.010344771533251935
981,HAP-1,H3K4me3,TcMar-Mariner,0.026975537207602766,0.0010539730268429735,0.010835161253269606,0.0431018602850053
982,HAP-1,H3K4me3,RTE-X,-0.00475441189512346,0.6445372388987562,-0.024947686442123806,0.01544274088148068
983,HAP-1,H3K4me3,ERVK,0.001037478806208101,0.9299403804884864,-0.02208786853800726,0.024161716553133965
984,HAP-1,H3K4me3,TcMar-Tc2,-0.010153254548737068,0.41285147859214155,-0.03444348397612129,0.014148963177682662
985,HAP-1,H3K4me3,SVA,-0.0012084216043321263,0.9328662209714865,-0.02931739507435717,0.02690246158081452
986,HAP-1,H3K4me3,RTE-BovB,-0.0010243746917224295,0.9447216603032379,-0.029973360509324,0.02792632817119483
987,HAP-1,H3K4me3,tRNA-RTE,-0.0021365701955197163,0.8942404398765612,-0.033625809641090486,0.02935690696683652
988,HAP-1,H3K4me3,hAT-Ac,0.00702786337740232,0.698886018440446,-0.028576849214301654,0.04261476562024696
989,HAP-1,H3K4me3,hAT,-0.0007252581218229041,0.9700303712213438,-0.03854499204135662,0.03709655063282065
990,HAP-1,H3K4me3,MULE-MuDR,0.009922125924398513,0.6341371565491989,-0.03093675312096857,0.05074789960637998
991,HAP-1,H3K4me3,PiggyBac,0.020124224313419623,0.3584986146477839,-0.02283816268931459,0.06301242031268915
992,HAP-1,H3K4me3,5S-Deu-L2,-0.015398469711685583,0.5047213454569328,-0.060579463340347056,0.0298454929408123
993,HAP-1,H3K4me3,Helitron,-0.00964825114277492,0.6925396095537106,-0.05741889940080465,0.03816647714227061
994,HAP-1,H3K4me3,hAT-Tag1,0.0070750045346892575,0.7719210193796936,-0.04074961188670256,0.054867277409651326
995,HAP-1,H3K4me3,tRNA,-0.028720867701535053,0.2656482577216272,-0.07916240597981418,0.02186736844537307
996,HAP-1,H3K4me3,Penelope,-0.007606295287417687,0.8461753752328398,-0.08428323800148901,0.06916019726178096
997,HAP-1,H3K4me3,TcMar-Tc1,-0.0538793912776324,0.1707204695047034,-0.13041412194763904,0.02329366092808292
998,HAP-1,H3K4me3,Dong-R4,-0.004786472034920445,0.9213492534955893,-0.09952866175973513,0.0900417252017425
999,HAP-1,H3K4me3,tRNA-Deu,0.022925719797047044,0.6402314039057765,-0.07316278883022917,0.11859251833700148
1000,HAP-1,H3K4me3,Kolobok,0.006969436608258234,0.8960387597154664,-0.09733768684085058,0.11112511828008441
1001,HAP-1,H3K4me3,PIF-Harbinger,0.037387702271835174,0.4863050975617176,-0.06789537745424362,0.14184726408469953
1002,HAP-1,H3K4me3,Crypton,-0.10540528842484907,0.07668086052114531,-0.21961675783618026,0.011656338130019104
1003,HAP-1,H3K4me3,Merlin,-0.048365143066349904,0.4846895414319642,-0.1823199954564172,0.0873523913242783
1004,HAP-1,H3K4me3,TcMar,-0.10803144528070269,0.12592538593513725,-0.24284729448409764,0.030878449627005224
1005,HAP-1,H3K4me3,L1-Tx1,0.0129652986927379,0.8804720987157453,-0.1550943679272787,0.180295635919585
1006,HAP-1,H3K4me3,Crypton-A,-0.054647390345271975,0.5352993309282885,-0.22419535236473057,0.11811150513445758
1007,HAP-1,H3K4me3,I-Jockey,-0.060124177555370216,0.5345731573282664,-0.24561158931090474,0.12961053642704756
1008,HAP-1,H3K4me3,hAT-Tip100?,0.13930491551459293,0.27620829520996565,-0.11354641403921475,0.3752086819682171
1009,HAP-1,H3K4me3,TcMar-Pogo,-0.011363636363636362,0.9507804198258587,-0.35864677194290134,0.3386827012551257
1010,HAP-1,H3K4me3,hAT?,0.12767379679144386,0.4789104095323652,-0.22690091734075166,0.4523639901818336
1011,HAP-1,H3K4me3,hAT-hAT19,-0.049999999999999996,0.8540995521297436,-0.5327502893761625,0.45730167066061606
1012,HL-60,H3K27ac,Alu,0.0008150699851705873,0.3925445827579569,-0.0010533347694172061,0.0026834690490570917
1013,HL-60,H3K27ac,L1,8.265645980640593e-05,0.9521975799280336,-0.002619772314849199,0.002785084027162241
1014,HL-60,H3K27ac,MIR,1.11329608800036e-05,0.9936187387885972,-0.0027171337823876226,0.0027393995384125997
1015,HL-60,H3K27ac,L2,0.00034369781266400994,0.837396661277308,-0.0029387261905041862,0.003626114409636313
1016,HL-60,H3K27ac,ERVL-MaLR,0.000291153515554312,0.8846759060683826,-0.0036431528886219917,0.004225450906355713
1017,HL-60,H3K27ac,hAT-Charlie,-0.0016772106925554248,0.43179532658687303,-0.005858781145569918,0.0025044184152874403
1018,HL-60,H3K27ac,ERV1,-0.0018005575336203113,0.5579761401317382,-0.007824194913750504,0.00422321051337347
1019,HL-60,H3K27ac,ERVL,0.002325689630538037,0.45700515799982644,-0.0038027755426320213,0.008453980110843556
1020,HL-60,H3K27ac,TcMar-Tigger,-0.0020763202571440708,0.5138280310391313,-0.008309249456624071,0.004156770274826235
1021,HL-60,H3K27ac,hAT-Tip100,0.004069181344881707,0.3481917709484387,-0.004432559866608602,0.01257033434970113
1022,HL-60,H3K27ac,CR1,0.005045084509399696,0.2852792625251342,-0.0042089809410409155,0.014298285919384384
1023,HL-60,H3K27ac,Gypsy,0.0033122576992565917,0.6784667034953782,-0.012347325757570802,0.018970216826181427
1024,HL-60,H3K27ac,hAT-Blackjack,-0.004898115106488805,0.5485144249540821,-0.02089611364928262,0.011102391097026643
1025,HL-60,H3K27ac,TcMar-Mariner,0.009820038851377376,0.23264322302745585,-0.006306016967867545,0.025940988399602398
1026,HL-60,H3K27ac,RTE-X,0.008787576904302158,0.393621606778656,-0.011402890951645747,0.028970882149609495
1027,HL-60,H3K27ac,ERVK,-0.011694479363330127,0.321013231871961,-0.03478016507659205,0.011403679910398555
1028,HL-60,H3K27ac,TcMar-Tc2,0.01501893121988194,0.2253328181032581,-0.009261539674066531,0.03928170247081806
1029,HL-60,H3K27ac,SVA,-0.004272976357728936,0.7655210761257443,-0.032344554875117615,0.02380533822490516
1030,HL-60,H3K27ac,RTE-BovB,0.01970001337588726,0.18215736491666684,-0.00924530673997548,0.04861234772304248
1031,HL-60,H3K27ac,tRNA-RTE,0.009113080447365434,0.570736622275277,-0.02238953114524861,0.0405976130119853
1032,HL-60,H3K27ac,hAT-Ac,-0.0018943200869390598,0.9169179641856784,-0.037471350460065944,0.03368750632677531
1033,HL-60,H3K27ac,hAT,9.858818537925552e-05,0.9959213346978639,-0.03768718009968645,0.03788407495115968
1034,HL-60,H3K27ac,MULE-MuDR,0.010992981641579308,0.5980800499194585,-0.02987587836797109,0.05182514783096487
1035,HL-60,H3K27ac,PiggyBac,-0.020818325272803383,0.3419277317827002,-0.06368377892621795,0.022123803603297465
1036,HL-60,H3K27ac,5S-Deu-L2,-0.04285024523443641,0.063231547579045,-0.08790906074980041,0.0023835647845056097
1037,HL-60,H3K27ac,Helitron,-0.012417863071722659,0.6103804290341132,-0.060123327889626245,0.035344198958053956
1038,HL-60,H3K27ac,hAT-Tag1,-0.003925858948540225,0.872143098594921,-0.051698156375239786,0.04386436460936138
1039,HL-60,H3K27ac,tRNA,0.006867772384323954,0.7900756402503144,-0.04367725852212426,0.05737773441192066
1040,HL-60,H3K27ac,Penelope,0.04360557768863677,0.26510993423942464,-0.03314919544225417,0.11984901469914735
1041,HL-60,H3K27ac,TcMar-Tc1,0.05525823962793574,0.15969716365808262,-0.021854528851277043,0.1317174096013072
1042,HL-60,H3K27ac,Dong-R4,-0.08323096696271239,0.08546060281294784,-0.1767837202150684,0.011812215930681042
1043,HL-60,H3K27ac,tRNA-Deu,0.022266767605790272,0.6498733304326553,-0.073817804622145,0.1179417448950805
1044,HL-60,H3K27ac,Kolobok,-0.011257305382884776,0.8326043963434284,-0.11521363395104423,0.09294293854663145
1045,HL-60,H3K27ac,PIF-Harbinger,0.04532143818732639,0.3986299406897499,-0.059997755326576085,0.14964268591514993
1046,HL-60,H3K27ac,Crypton,0.010065714505452591,0.866122023391908,-0.10665991391059286,0.12651767013428794
1047,HL-60,H3K27ac,Merlin,0.015392712493970844,0.8240982465062157,-0.11993312026213832,0.1501569757465914
1048,HL-60,H3K27ac,TcMar,0.06103758162572518,0.3893686178232385,-0.0781450424851977,0.19788634871628694
1049,HL-60,H3K27ac,L1-Tx1,0.005215522422294673,0.9517676174796013,-0.16264335334867322,0.17278099254797719
1050,HL-60,H3K27ac,Crypton-A,-0.11925590508091981,0.17487293409922056,-0.28551740422649435,0.053974198470221633
1051,HL-60,H3K27ac,I-Jockey,0.03257344083032157,0.7366859230213199,-0.15653634951157655,0.21937935406800704
1052,HL-60,H3K27ac,hAT-Tip100?,0.10581293706293707,0.4015270520493184,-0.1424259839082745,0.34152860811308877
1053,HL-60,H3K27ac,TcMar-Pogo,-0.02419354838709677,0.8954325285296978,-0.36981407357939144,0.3273087949767793
1054,HL-60,H3K27ac,hAT?,0.2650401069518717,0.13605647462351717,-0.09228389895991487,0.5618896247534064
1055,HL-60,H3K27ac,hAT-hAT19,-0.18235294117647058,0.49907485724580003,-0.6245997955481012,0.34845230279353717
1056,MG63,H3K9me3,Alu,0.0006107291459207586,0.5209090165306176,-0.0012539282682368718,0.002475382313140402
1057,MG63,H3K9me3,L1,-0.001633246910172377,0.23518818128051097,-0.004329801985626028,0.0010633319175673117
1058,MG63,H3K9me3,MIR,-0.0007488224529115594,0.5907804251168618,-0.003478307024488544,0.001980673276300677
1059,MG63,H3K9me3,L2,0.002276425562996131,0.17400099981943104,-0.0010055557752497422,0.005558357861133179
1060,MG63,H3K9me3,ERVL-MaLR,0.003935887190815949,0.04963018469168963,6.348758465971792e-06,0.00786530407483114
1061,MG63,H3K9me3,hAT-Charlie,-0.0015546039072935045,0.466055743799655,-0.005734712907507522,0.0026255594219138163
1062,MG63,H3K9me3,ERV1,0.000687440666767012,0.8221079166869566,-0.0053051910638803445,0.006680023023561136
1063,MG63,H3K9me3,ERVL,0.0013354554578138497,0.6691205404246532,-0.004789277689544356,0.007460088414470904
1064,MG63,H3K9me3,TcMar-Tigger,0.0034143187978718163,0.2827896526192648,-0.002816143379912194,0.009644515905289405
1065,MG63,H3K9me3,hAT-Tip100,-0.002145924643795021,0.6209119977384117,-0.010650013299276995,0.006358474408942252
1066,MG63,H3K9me3,CR1,0.003397698292237497,0.47158576431269317,-0.005852714558967935,0.012647529690257767
1067,MG63,H3K9me3,Gypsy,0.02053635217284375,0.010141469733596253,0.004879869033471895,0.03618276957416515
1068,MG63,H3K9me3,hAT-Blackjack,0.006117084077731347,0.4531916434997557,-0.009866538734839099,0.022097581845688954
1069,MG63,H3K9me3,TcMar-Mariner,0.01079543118204609,0.18935362785865553,-0.005326270188246459,0.0269115221864099
1070,MG63,H3K9me3,RTE-X,0.010976746544728095,0.2866060249624862,-0.009213958526431178,0.031158504842267273
1071,MG63,H3K9me3,ERVK,-0.01465957080561706,0.20841626589538337,-0.03748711800688014,0.008183268030445738
1072,MG63,H3K9me3,TcMar-Tc2,-0.0108949614294042,0.3790461840377899,-0.0351583861307567,0.013381299609985919
1073,MG63,H3K9me3,SVA,-0.001145536676757614,0.9359418034471134,-0.02907419033959779,0.026784904162211763
1074,MG63,H3K9me3,RTE-BovB,-0.0027438119210442184,0.852648339002695,-0.031688059173691024,0.026205033460166647
1075,MG63,H3K9me3,tRNA-RTE,-0.019628647829530974,0.22209894179961595,-0.0511037437124088,0.011885402678188687
1076,MG63,H3K9me3,hAT-Ac,-0.0010273467180907932,0.9548399140964388,-0.03657042246048525,0.03451832493186703
1077,MG63,H3K9me3,hAT,-0.01790932947342555,0.3533202678882127,-0.05568136464504986,0.0199138948077478
1078,MG63,H3K9me3,MULE-MuDR,0.010331947229091993,0.6203499733323523,-0.030545125825046378,0.05117451771713908
1079,MG63,H3K9me3,PiggyBac,0.0003087581025651992,0.9887419993324538,-0.04255816775803216,0.04317454926178001
1080,MG63,H3K9me3,5S-Deu-L2,-0.04209393849118592,0.068039587206847,-0.08715647184450559,0.003140506244958326
1081,MG63,H3K9me3,Helitron,-0.0309797441335951,0.2033113565538773,-0.07858596293525189,0.016767447803050537
1082,MG63,H3K9me3,hAT-Tag1,-0.017485288961304905,0.4741285463874342,-0.0652872749445936,0.030396764161530525
1083,MG63,H3K9me3,tRNA,0.009350529731562657,0.717825210477955,-0.04135126121166266,0.060004287736347535
1084,MG63,H3K9me3,Penelope,0.04047916696850536,0.29945956666014345,-0.03603816634392403,0.11652464698134798
1085,MG63,H3K9me3,TcMar-Tc1,-0.004436105349601963,0.9099861551816043,-0.08119270569075776,0.07237280294360182
1086,MG63,H3K9me3,Dong-R4,-0.012288709248563756,0.7998842796159091,-0.10695448607851873,0.08259786787008558
1087,MG63,H3K9me3,tRNA-Deu,0.02221311558496165,0.6510536946942745,-0.07398663955532943,0.11800328132692324
1088,MG63,H3K9me3,Kolobok,-0.006225276228304484,0.9070861065285575,-0.11038980103244425,0.0980745208383037
1089,MG63,H3K9me3,PIF-Harbinger,0.03048052089890261,0.5714808354815462,-0.07506726953878191,0.13535290312903964
1090,MG63,H3K9me3,Crypton,-0.0054933498593652975,0.9266947596914421,-0.12201358859512634,0.11117625064146815
1091,MG63,H3K9me3,Merlin,-0.0494695042390988,0.4747603517190694,-0.18339353687159965,0.08625736355841888
1092,MG63,H3K9me3,TcMar,-0.037064173667882776,0.5977668631331226,-0.1732653220494049,0.10052806736025614
1093,MG63,H3K9me3,L1-Tx1,-0.0667656618170482,0.4399425916150371,-0.23266472144018005,0.10290898313149775
1094,MG63,H3K9me3,Crypton-A,0.016247816760109963,0.854424152067726,-0.15638695736644134,0.18791928089385848
1095,MG63,H3K9me3,I-Jockey,-0.1061254749328144,0.2720675255302726,-0.2889593167155958,0.08417751160843161
1096,MG63,H3K9me3,hAT-Tip100?,0.02971611721611721,0.8156876877818153,-0.21773599990622092,0.2735786677337098
1097,MG63,H3K9me3,TcMar-Pogo,0.044721407624633426,0.8079753529039435,-0.30895240259573403,0.38752924623377616
1098,MG63,H3K9me3,hAT?,0.38792971734148196,0.02339082361337229,0.044308095875747286,0.6494715943061561
1099,MG63,H3K9me3,hAT-hAT19,-0.12058823529411765,0.6564245147485952,-0.582835796857242,0.4006230717558349
1100,MG63,H3K36me3,Alu,3.339204536618916e-05,0.9719987826320917,-0.0018311179110130707,0.0018979017695774395
1101,MG63,H3K36me3,L1,-0.002190669062348533,0.11136749739823122,-0.004887516975861484,0.0005062107171164001
1102,MG63,H3K36me3,MIR,-0.0009411079578184594,0.4991560648543628,-0.003670434285525407,0.0017882323910175253
1103,MG63,H3K36me3,L2,-0.0010588901928949889,0.5271549878659605,-0.00434086400615455,0.0022231064319069307
1104,MG63,H3K36me3,ERVL-MaLR,-0.001647928805130153,0.41108210512558296,-0.005577221246981626,0.0022814145233817627
1105,MG63,H3K36me3,hAT-Charlie,-0.0006049646111930061,0.7766602790527766,-0.004784763927844055,0.0035748558439101627
1106,MG63,H3K36me3,ERV1,-0.0009350708878784441,0.7597315766401637,-0.00692747449196189,0.005057399871752103
1107,MG63,H3K36me3,ERVL,0.00010877121316007505,0.9722321136430523,-0.006015684839921438,0.006233219106461772
1108,MG63,H3K36me3,TcMar-Tigger,-0.00021985496731464102,0.944857094435846,-0.006449789665709456,0.0060100967971877
1109,MG63,H3K36me3,hAT-Tip100,-0.006100574360055028,0.15971618554694603,-0.014603848862403986,0.0024035824789956296
1110,MG63,H3K36me3,CR1,0.0028983975044941782,0.5392696007128834,-0.006354880517827179,0.012151179209395587
1111,MG63,H3K36me3,Gypsy,-0.008100104503635816,0.31064315602125525,-0.023755249040171827,0.0075590117055122094
1112,MG63,H3K36me3,hAT-Blackjack,-0.015445759053691253,0.058175053055137274,-0.03141933989730156,0.0005357096981285013
1113,MG63,H3K36me3,TcMar-Mariner,-0.004756370833073004,0.5630229612022233,-0.020872441167225284,0.011362170658565256
1114,MG63,H3K36me3,RTE-X,-0.003727187200024211,0.7174745258305535,-0.02391244252911486,0.01646110587244508
1115,MG63,H3K36me3,ERVK,-0.013523843032727547,0.24592304462075365,-0.03635562999155574,0.009322054922803207
1116,MG63,H3K36me3,TcMar-Tc2,-0.011821658160124182,0.33984008976369695,-0.03608415401584888,0.012454765712215939
1117,MG63,H3K36me3,SVA,-0.029190176111685742,0.04061940541958373,-0.057093309118169296,-0.001241475993710495
1118,MG63,H3K36me3,RTE-BovB,-0.016975998399767645,0.25044926013431934,-0.0459022343173375,0.011978682207398122
1119,MG63,H3K36me3,tRNA-RTE,-0.0183897601877439,0.25260813283232253,-0.04986313381125145,0.013120100821024121
1120,MG63,H3K36me3,hAT-Ac,-0.011955203705510063,0.5099491332246529,-0.047486538161958476,0.023606347049490183
1121,MG63,H3K36me3,hAT,-0.047441859503480344,0.013915003488216723,-0.08512406253868875,-0.009624136922623705
1122,MG63,H3K36me3,MULE-MuDR,2.9164284754441486e-05,0.9988839018871056,-0.04081622110427,0.040874452361803745
1123,MG63,H3K36me3,PiggyBac,-0.006905946426920651,0.7520147742260572,-0.04970695035692931,0.035920376042726826
1124,MG63,H3K36me3,5S-Deu-L2,0.010710852415644262,0.6424761566210417,-0.03450359516208141,0.05588154397200589
1125,MG63,H3K36me3,Helitron,0.022065439180778194,0.3646496827301794,-0.025650073026099757,0.06968063791493717
1126,MG63,H3K36me3,hAT-Tag1,0.015726689267782867,0.5193456014075816,-0.032110642726600275,0.06349213341155172
1127,MG63,H3K36me3,tRNA,-0.041131205780145424,0.11178466464857847,-0.09164257185912429,0.009591278862051217
1128,MG63,H3K36me3,Penelope,0.008504945966390705,0.8274915409953817,-0.06791526066831238,0.08482593581112971
1129,MG63,H3K36me3,TcMar-Tc1,0.010323668737795978,0.7923107201572743,-0.06645603281519222,0.08698183142734797
1130,MG63,H3K36me3,Dong-R4,-0.015444359969803579,0.7500298636863901,-0.11007563251164706,0.07946440075800511
1131,MG63,H3K36me3,tRNA-Deu,-0.00797421474733751,0.8710287810288706,-0.10392628817645848,0.08812492709713346
1132,MG63,H3K36me3,Kolobok,-0.030385028168819307,0.5682637293951117,-0.13407280530795895,0.07396085164509954
1133,MG63,H3K36me3,PIF-Harbinger,0.0321283805446324,0.5508546665776234,-0.0734295966713772,0.13697447142416538
1134,MG63,H3K36me3,Crypton,0.059474890181403534,0.3187756494278442,-0.05762470985266737,0.17496018855331838
1135,MG63,H3K36me3,Merlin,0.08318477578539744,0.22888451304910365,-0.052707605100375504,0.2160523093183554
1136,MG63,H3K36me3,TcMar,-0.03822588969242434,0.5863288098054158,-0.1743964564063629,0.0993793098033555
1137,MG63,H3K36me3,L1-Tx1,-0.03612128482089452,0.6751783125297204,-0.2026622971130138,0.1324505236896773
1138,MG63,H3K36me3,Crypton-A,-0.043436758741433656,0.6236360397539928,-0.21410039359816047,0.12980016798625973
1139,MG63,H3K36me3,I-Jockey,0.16319154851264944,0.0899780624800697,-0.026961428724368998,0.3419469455733051
1140,MG63,H3K36me3,hAT-Tip100?,0.17495421245421242,0.1667449041738579,-0.07594141369215807,0.4050149578829872
1141,MG63,H3K36me3,TcMar-Pogo,0.027492668621700876,0.8812676487488302,-0.32437184444381617,0.3726737769088118
1142,MG63,H3K36me3,hAT?,0.3402597402597402,0.04895032445180474,-0.007679113221592937,0.6147066310804512
1143,MG63,H3K36me3,hAT-hAT19,-0.07058823529411765,0.795039302337628,-0.5476222736656013,0.4410769542672359
1144,MG63,H3K27me3,Alu,0.0032619592250271935,0.0006055235567334555,0.001397543188213206,0.005126352584427528
1145,MG63,H3K27me3,L1,4.060345082298328e-05,0.9764520227469549,-0.0026554818545266754,0.0027366881658898736
1146,MG63,H3K27me3,MIR,-0.0012384417151408173,0.37377735174166693,-0.00396750784535008,0.001490642862558661
1147,MG63,H3K27me3,L2,-2.1114796323100693e-05,0.9899372235358188,-0.0033024033659040017,0.003260174227937751
1148,MG63,H3K27me3,ERVL-MaLR,0.0012924554972437677,0.5191019998284199,-0.002636577497839939,0.005221448588618878
1149,MG63,H3K27me3,hAT-Charlie,-0.0017479484265125564,0.4123850714713335,-0.005927348711492542,0.002431512923728555
1150,MG63,H3K27me3,ERV1,0.0007720703808715025,0.800607557650135,-0.005219443715954106,0.0067635290462394375
1151,MG63,H3K27me3,ERVL,0.004760008202979534,0.12760452747115705,-0.0013632628160192327,0.010882922286938197
1152,MG63,H3K27me3,TcMar-Tigger,0.003383089391754139,0.28715480633561,-0.002846585718138546,0.009612501922078695
1153,MG63,H3K27me3,hAT-Tip100,-0.0062673622207637435,0.14859213547653935,-0.014770291386284001,0.002236473335089403
1154,MG63,H3K27me3,CR1,0.0011566756623666717,0.8063837291338785,-0.008092895156733403,0.010406048567681327
1155,MG63,H3K27me3,Gypsy,0.006212705679494498,0.4367454263753311,-0.009444765982311006,0.021867131646933224
1156,MG63,H3K27me3,hAT-Blackjack,0.007320672535081282,0.36909208858912024,-0.008654566864432995,0.023292176015804404
1157,MG63,H3K27me3,TcMar-Mariner,0.005776603849475391,0.48227189657293323,-0.010336624973715347,0.021886833500623124
1158,MG63,H3K27me3,RTE-X,-0.010655912743099918,0.300798085834431,-0.03083255710787473,0.009529412319812209
1159,MG63,H3K27me3,ERVK,-0.00819063625423754,0.4819069079686018,-0.03101015119358127,0.014637412672060666
1160,MG63,H3K27me3,TcMar-Tc2,-0.009034187376755006,0.46564819841339733,-0.0332938039774683,0.015236068518324411
1161,MG63,H3K27me3,SVA,-0.023009090645356483,0.10658740505544842,-0.05092380486118469,0.004941547542490312
1162,MG63,H3K27me3,RTE-BovB,-0.002344291443217226,0.8738682005410965,-0.03127945258502862,0.026594795738578064
1163,MG63,H3K27me3,tRNA-RTE,-0.010844470877543984,0.5000939712775606,-0.04234273687544433,0.020675330848623826
1164,MG63,H3K27me3,hAT-Ac,-0.013963825021234468,0.44136728208758513,-0.04947955848205185,0.021587177323968323
1165,MG63,H3K27me3,hAT,-0.028919696392569118,0.13387764494418544,-0.06666140397389532,0.008904649240054394
1166,MG63,H3K27me3,MULE-MuDR,0.02538532479225208,0.22341355213861064,-0.015491527111992847,0.06617746437128293
1167,MG63,H3K27me3,PiggyBac,-0.03511180022471672,0.10847002972447657,-0.07787410981194534,0.007779467536274903
1168,MG63,H3K27me3,5S-Deu-L2,-0.005785417542036048,0.8020576700297692,-0.05098093237632212,0.03943374543821674
1169,MG63,H3K27me3,Helitron,0.009350192020161328,0.7008150044817181,-0.038336557561095164,0.056994450617260856
1170,MG63,H3K27me3,hAT-Tag1,-0.016963203872866692,0.4865217255177262,-0.06466768435025927,0.030818630975185113
1171,MG63,H3K27me3,tRNA,0.057377725738128035,0.026521094620408078,0.006657428578060701,0.10780355341433878
1172,MG63,H3K27me3,Penelope,-0.027206539433446194,0.48533174255849976,-0.10332283021773063,0.04922655043364612
1173,MG63,H3K27me3,TcMar-Tc1,0.024963228068720696,0.524265547750195,-0.05187307037361532,0.10150571388299322
1174,MG63,H3K27me3,Dong-R4,-0.04832775973598172,0.3196757359848367,-0.14273639377799877,0.04695235173291907
1175,MG63,H3K27me3,tRNA-Deu,0.06272017370006609,0.20118020105915424,-0.03360638952924882,0.1578922089136525
1176,MG63,H3K27me3,Kolobok,0.05381871485625709,0.3119307720395391,-0.050627960067428916,0.15710088034459682
1177,MG63,H3K27me3,PIF-Harbinger,0.019285213397926108,0.7199692057203912,-0.08602993225351703,0.12417413646679568
1178,MG63,H3K27me3,Crypton,0.11729338355927717,0.04869456387587342,0.00030334224505320045,0.23111606359668882
1179,MG63,H3K27me3,Merlin,-0.09173032126267185,0.18439466140399863,-0.2242944945237491,0.04416696213643947
1180,MG63,H3K27me3,TcMar,0.13290992452718253,0.05746182501169205,-0.004809276987531807,0.2656811644761875
1181,MG63,H3K27me3,L1-Tx1,-0.054728806998054116,0.5268476212875284,-0.2211464520627756,0.11478594076143761
1182,MG63,H3K27me3,Crypton-A,-0.061099329087312144,0.48984408974895655,-0.23101029139178217,0.1124280642757648
1183,MG63,H3K27me3,I-Jockey,-0.029617273653970905,0.7598211822889176,-0.21655257508316883,0.15941300298946745
1184,MG63,H3K27me3,hAT-Tip100?,-0.004716117216117216,0.9704965503254879,-0.2502366185346518,0.24137429465856128
1185,MG63,H3K27me3,TcMar-Pogo,0.06451612903225806,0.7257354418135833,-0.2910644432626185,0.40443554778449736
1186,MG63,H3K27me3,hAT?,0.4704354469060351,0.0049900065623573265,0.1387433405253348,0.7072273493359513
1187,MG63,H3K27me3,hAT-hAT19,-0.09705882352941177,0.7206513082372035,-0.5664229902492608,0.4198497353097381
1188,MG63,H3K4me3,Alu,-0.0009121790474721104,0.3378253059614925,-0.0027774755647466064,0.0009531238173751202
1189,MG63,H3K4me3,L1,0.0011292917928116717,0.4117885040129582,-0.0015674750676158689,0.0038260422276528688
1190,MG63,H3K4me3,MIR,-0.00046106871645883965,0.7406124745340437,-0.003190855279814315,0.0022687247184388836
1191,MG63,H3K4me3,L2,0.002668814470376477,0.1109918062434843,-0.0006132491449795849,0.00595082058970316
1192,MG63,H3K4me3,ERVL-MaLR,-0.0023152278464106226,0.24825307367525248,-0.006245315753497003,0.0016149315824852742
1193,MG63,H3K4me3,hAT-Charlie,0.0022982542928917087,0.28128030648841407,-0.0018824645765870612,0.006478892823827124
1194,MG63,H3K4me3,ERV1,-0.000262795125953411,0.9315116904804758,-0.00625587078048736,0.005730299406243151
1195,MG63,H3K4me3,ERVL,8.275548165925441e-05,0.9788738600777711,-0.006042297712673886,0.006207802466643561
1196,MG63,H3K4me3,TcMar-Tigger,0.0022327062365890245,0.48248897492673803,-0.003998244986915593,0.008463484095516095
1197,MG63,H3K4me3,hAT-Tip100,0.0031804506916726606,0.4635873586479836,-0.005324308287661528,0.011684749601359163
1198,MG63,H3K4me3,CR1,0.002964896655211659,0.5299375922125439,-0.006286940972999067,0.012216226737255356
1199,MG63,H3K4me3,Gypsy,-0.0013179074472856238,0.8689694375483867,-0.016974465451516044,0.014339296696260627
1200,MG63,H3K4me3,hAT-Blackjack,0.0006101839862536623,0.9403536843700688,-0.015371944752763373,0.01659200101454801
1201,MG63,H3K4me3,TcMar-Mariner,-0.004142703885469302,0.6145540472116395,-0.020263905886466375,0.011980651760910026
1202,MG63,H3K4me3,RTE-X,0.007098118219543367,0.4908107377659656,-0.013093138616567027,0.027283588803740887
1203,MG63,H3K4me3,ERVK,-0.0029178326403720123,0.8023706918626514,-0.025762793034761776,0.01993017377431447
1204,MG63,H3K4me3,TcMar-Tc2,-0.0036261255164716077,0.7697710039257519,-0.0279031992373235,0.020655223318225793
1205,MG63,H3K4me3,SVA,0.0041359591374066935,0.7719475116093256,-0.023830582503661945,0.03209603246982804
1206,MG63,H3K4me3,RTE-BovB,0.006912249961379342,0.6399115581750117,-0.02204553334856502,0.03585844477797478
1207,MG63,H3K4me3,tRNA-RTE,0.02481362341753406,0.12254579487181566,-0.0066879133107878635,0.05626595932907084
1208,MG63,H3K4me3,hAT-Ac,-0.020432512036702332,0.26014866736817677,-0.05595166426724981,0.015138292461004853
1209,MG63,H3K4me3,hAT,-0.013175181425913347,0.4947386719136688,-0.05095814770919248,0.02464544541679879
1210,MG63,H3K4me3,MULE-MuDR,-0.012871997573298552,0.5368745353212363,-0.053681938379404506,0.02798087081496861
1211,MG63,H3K4me3,PiggyBac,-0.022535754688515524,0.3028861716944734,-0.06533419436818556,0.020345444437495936
1212,MG63,H3K4me3,5S-Deu-L2,-0.004574270027608014,0.8429674898494117,-0.04979674612334231,0.040666923629851325
1213,MG63,H3K4me3,Helitron,-0.010151775126315815,0.6764703006629496,-0.05777957755117288,0.037522133362315455
1214,MG63,H3K4me3,hAT-Tag1,0.019574093567320462,0.42295761586398695,-0.028309968395456846,0.06736852697669687
1215,MG63,H3K4me3,tRNA,-0.04368403495559191,0.09100068742350528,-0.0941469879865155,0.007002816103060029
1216,MG63,H3K4me3,Penelope,0.0351063201058115,0.3682370102666277,-0.04140287649211517,0.11120621028648123
1217,MG63,H3K4me3,TcMar-Tc1,0.007874441794042833,0.8410652993488168,-0.06901137459477384,0.08466726661364654
1218,MG63,H3K4me3,Dong-R4,-0.004675292947587562,0.923260486494599,-0.0995294948957067,0.09026311573767612
1219,MG63,H3K4me3,tRNA-Deu,0.02844776494230978,0.5623913000062382,-0.0677869031258633,0.12415796436896126
1220,MG63,H3K4me3,Kolobok,0.013263768955638076,0.8033312923378361,-0.09095441368779499,0.11719456856917004
1221,MG63,H3K4me3,PIF-Harbinger,0.03807362702210555,0.4789728257439504,-0.06736492765280985,0.1426711639520604
1222,MG63,H3K4me3,Crypton,0.020113427575290665,0.7361947433971512,-0.09672263004676981,0.1364027105138486
1223,MG63,H3K4me3,Merlin,-0.00998971008779219,0.8853026511968533,-0.14486613248648575,0.12525118946487943
1224,MG63,H3K4me3,TcMar,0.047404003464252116,0.4997066390221606,-0.09029387971771237,0.18332348032417983
1225,MG63,H3K4me3,L1-Tx1,-0.036108179031928915,0.676430117757658,-0.20325903460641503,0.1330877108516139
1226,MG63,H3K4me3,Crypton-A,-0.02347179983802068,0.7909543875502204,-0.1948933633325952,0.1493411813853326
1227,MG63,H3K4me3,I-Jockey,-0.01340932258363451,0.8899324855170472,-0.2010122602471708,0.17514243798077092
1228,MG63,H3K4me3,hAT-Tip100?,0.12184065934065932,0.33751155924136733,-0.12871038515643857,0.35777006583659854
1229,MG63,H3K4me3,TcMar-Pogo,0.20161290322580644,0.26849727372271764,-0.16178861566712577,0.5168627042405826
1230,MG63,H3K4me3,hAT?,0.4771581359816654,0.004325105684780913,0.14671469309185087,0.7117960909387792
1231,MG63,H3K4me3,hAT-hAT19,-0.5235294117647059,0.03741264813014936,-0.8213127166664773,-0.0015411380896998637
1232,VCaP,CTCF,Alu,-0.0002238595980186194,0.8137172218490908,-0.002085888968016545,0.0016381713242918
1233,VCaP,CTCF,L1,-0.0014283642989718058,0.29896720189816556,-0.004123710678884487,0.0012670028349680664
1234,VCaP,CTCF,MIR,-0.0026695622212562207,0.054875647315663134,-0.005394854692322086,5.57699055160556e-05
1235,VCaP,CTCF,L2,0.0012776791874243394,0.44523253326800905,-0.002002709237914167,0.004558040114869302
1236,VCaP,CTCF,ERVL-MaLR,-0.002252397656138714,0.2605841663194297,-0.006176401882824803,0.001671675936104023
1237,VCaP,CTCF,hAT-Charlie,0.0020144092694496752,0.3442238467217077,-0.0021597897109135317,0.006188538052827623
1238,VCaP,CTCF,ERV1,0.003242408510806897,0.28805296796161756,-0.0027393473148760714,0.009223932307201383
1239,VCaP,CTCF,ERVL,-0.00015577979742666202,0.9601861779163918,-0.006271960266607895,0.005960412326493557
1240,VCaP,CTCF,TcMar-Tigger,0.005474121774733231,0.08467165021270577,-0.0007485737125408584,0.011696393340964539
1241,VCaP,CTCF,hAT-Tip100,0.0011387671010716796,0.7927598576140494,-0.007356388702915247,0.009633758543683955
1242,VCaP,CTCF,CR1,0.0019133515269483927,0.6849989024193297,-0.007331225007701275,0.0111576010335261
1243,VCaP,CTCF,Gypsy,0.0023133143556905377,0.7720344881694707,-0.013336103908886095,0.017961599615009146
1244,VCaP,CTCF,hAT-Blackjack,-0.006837703954838353,0.4011088328526704,-0.02279563992975011,0.009123715463990916
1245,VCaP,CTCF,TcMar-Mariner,-0.0088777097154481,0.2795963784109989,-0.024966486508580105,0.007215664721342705
1246,VCaP,CTCF,RTE-X,0.018018256163628937,0.08011807215454911,-0.002163661305100104,0.03818550151540223
1247,VCaP,CTCF,ERVK,-0.004245870159680316,0.7149928540516496,-0.027029691720011153,0.018542360417005528
1248,VCaP,CTCF,TcMar-Tc2,-0.004231192734780915,0.7324031198258563,-0.028478078091333417,0.020020668865226746
1249,VCaP,CTCF,SVA,0.007529843050192541,0.5970641247263727,-0.02038741321717942,0.03543536646940386
1250,VCaP,CTCF,RTE-BovB,0.0073518228058869735,0.6183254896618083,-0.021568344123475497,0.036259696521162295
1251,VCaP,CTCF,tRNA-RTE,0.034635264114402764,0.03104185956703661,0.003149988252044988,0.06605193786300767
1252,VCaP,CTCF,hAT-Ac,-0.0036175659296940853,0.8418392054257399,-0.03913369804048653,0.031907695010127926
1253,VCaP,CTCF,hAT,-0.0024919205826649696,0.8971359258043581,-0.04025277085314098,0.035276037438061604
1254,VCaP,CTCF,MULE-MuDR,0.030852947481056804,0.13857103435786475,-0.009988090341228344,0.07159122162167446
1255,VCaP,CTCF,PiggyBac,-0.004401753299818358,0.8404216796023342,-0.04721847034382755,0.038431109358525055
1256,VCaP,CTCF,5S-Deu-L2,-0.020039665307674443,0.38479134045590246,-0.06515764020356353,0.025160077039254516
1257,VCaP,CTCF,Helitron,-0.010452263090570586,0.6669055319554811,-0.057994961688500025,0.037137738359219116
1258,VCaP,CTCF,hAT-Tag1,-0.03797742277396214,0.11915478599179731,-0.08559276759582633,0.009811004078350317
1259,VCaP,CTCF,tRNA,-0.04193969179493183,0.10375258597191564,-0.09227878000357718,0.008613227768252433
1260,VCaP,CTCF,Penelope,-0.03694915344384261,0.3428822610308041,-0.11291581098196397,0.03944696349385959
1261,VCaP,CTCF,TcMar-Tc1,0.04442387272127232,0.2562380669678373,-0.0323315710618506,0.12065840344118366
1262,VCaP,CTCF,Dong-R4,0.070055446011524,0.14793672087396573,-0.02501318612893281,0.1638683136057735
1263,VCaP,CTCF,tRNA-Deu,-0.11209811084222424,0.021893111196265195,-0.20608942230003086,-0.016057223128321148
1264,VCaP,CTCF,Kolobok,0.025391395966895207,0.6339864893045379,-0.07906974094873984,0.12930095491095395
1265,VCaP,CTCF,PIF-Harbinger,-0.06217469872514396,0.24667094439563195,-0.16616980005303064,0.04318821470214913
1266,VCaP,CTCF,Crypton,0.047438283203155664,0.42664198844154366,-0.06960945551641892,0.1631976050766733
1267,VCaP,CTCF,Merlin,0.07555839914679309,0.27342513066292096,-0.05999209504483393,0.20837270968501762
1268,VCaP,CTCF,TcMar,-0.026024043326206597,0.7124569673183232,-0.16317202482786575,0.11211065194559403
1269,VCaP,CTCF,L1-Tx1,0.0009380939658892433,0.9913195832816342,-0.16680367371920604,0.16862708734954307
1270,VCaP,CTCF,Crypton-A,0.13689339435519732,0.11896101020544428,-0.03627351714516485,0.3020791496820427
1271,VCaP,CTCF,I-Jockey,-0.028412566027244925,0.7693117761982273,-0.21539992299303454,0.16058461835889445
1272,VCaP,CTCF,hAT-Tip100?,-0.032097069597069594,0.8012106947137162,-0.27579061236722124,0.2154733844723574
1273,VCaP,CTCF,TcMar-Pogo,0.4039589442815249,0.021852506843125556,0.04981670484804391,0.6678676311906543
1274,VCaP,CTCF,hAT?,-0.06340718105423987,0.7216505280999013,-0.39344199537258034,0.281104749106195
1275,VCaP,CTCF,hAT-hAT19,0.22352941176470587,0.40529834728275893,-0.31219579192398966,0.6513918624869808
1276,VCaP,H3K27ac,Alu,-0.0008910669814505156,0.3483456618097355,-0.0027533493424909653,0.0009712215602262957
1277,VCaP,H3K27ac,L1,-0.0013365720478798993,0.3311372535779743,-0.004032133725090582,0.0013590090527114621
1278,VCaP,H3K27ac,MIR,0.003002563315224638,0.030831116509410037,0.0002771087358004972,0.005727973288279569
1279,VCaP,H3K27ac,L2,0.0019129381586597894,0.25307464815988456,-0.001367534822348119,0.005193369967854385
1280,VCaP,H3K27ac,ERVL-MaLR,-0.0035792121355900782,0.07384446420221738,-0.007503495638274728,0.00034518161134483274
1281,VCaP,H3K27ac,hAT-Charlie,0.001789986144868439,0.40067580069819086,-0.0023845145606672473,0.005964424464906474
1282,VCaP,H3K27ac,ERV1,-0.0003248613210913574,0.9152404870433473,-0.0063072327591068384,0.0056575333697898795
1283,VCaP,H3K27ac,ERVL,-0.004994275131941042,0.1095590168215325,-0.011111143183969328,0.0011229666845899542
1284,VCaP,H3K27ac,TcMar-Tigger,0.0006882965933351989,0.8283814027092,-0.00553479032862386,0.006911330204661755
1285,VCaP,H3K27ac,hAT-Tip100,0.0020954560698319734,0.6287765802641212,-0.00639974906246391,0.01059035875968194
1286,VCaP,H3K27ac,CR1,0.009313464671760968,0.04831648828054714,6.872890240573909e-05,0.018556608624039767
1287,VCaP,H3K27ac,Gypsy,-0.003032797956316746,0.7040957227084003,-0.018681859485732925,0.012617749150524549
1288,VCaP,H3K27ac,hAT-Blackjack,-0.00963998050811248,0.23663067576008295,-0.02560088355295303,0.0063258360836465685
1289,VCaP,H3K27ac,TcMar-Mariner,-0.014915674514303158,0.06932513890627426,-0.03100440769925249,0.0011807858636374588
1290,VCaP,H3K27ac,RTE-X,0.004639757816081528,0.6522974453153885,-0.015542369045753852,0.02481810558829373
1291,VCaP,H3K27ac,ERVK,-0.006985258570537136,0.5481081663876919,-0.029773292340042144,0.015810032676060046
1292,VCaP,H3K27ac,TcMar-Tc2,0.004473788364012276,0.7177406284910905,-0.019781891236551382,0.02872420480216333
1293,VCaP,H3K27ac,SVA,-0.0004036973188339262,0.9773879865976605,-0.028313125104298217,0.027506359389783082
1294,VCaP,H3K27ac,RTE-BovB,0.014912752803000869,0.312177546082616,-0.014010086817984067,0.04381065843828015
1295,VCaP,H3K27ac,tRNA-RTE,0.010601339309520227,0.5091515125134634,-0.020873612480688926,0.04205529783770616
1296,VCaP,H3K27ac,hAT-Ac,0.0004267599821679736,0.9812136837585026,-0.035083156660902906,0.03593560040809455
1297,VCaP,H3K27ac,hAT,-0.010158240015755948,0.5981798905625965,-0.04790541502460224,0.02761790812276786
1298,VCaP,H3K27ac,MULE-MuDR,0.03620191649647031,0.08226442027674781,-0.0046459217046527276,0.07692914422073115
1299,VCaP,H3K27ac,PiggyBac,-0.010557689215187283,0.6291221217697021,-0.05336016523189336,0.0322835105863409
1300,VCaP,H3K27ac,5S-Deu-L2,0.028400132119542072,0.21789676192997595,-0.016790943127253672,0.07347541181091254
1301,VCaP,H3K27ac,Helitron,-0.002739016483877474,0.9102024472123427,-0.05030278948541339,0.044837152863069676
1302,VCaP,H3K27ac,hAT-Tag1,-0.023014625202344978,0.34509524619165444,-0.07069666920112203,0.024772355750820332
1303,VCaP,H3K27ac,tRNA,0.0021520215890771023,0.9334979320941306,-0.04836578958844787,0.05265885097337547
1304,VCaP,H3K27ac,Penelope,-0.02823833076621639,0.46892754456057795,-0.10434536389079267,0.048197506502034464
1305,VCaP,H3K27ac,TcMar-Tc1,0.033138906317103804,0.39714253548664624,-0.04360047944971586,0.10948953679367904
1306,VCaP,H3K27ac,Dong-R4,-0.04734203102154425,0.32851806365808933,-0.14154608632071092,0.04771177285064086
1307,VCaP,H3K27ac,tRNA-Deu,0.0716222949462595,0.14379214130005616,-0.02458405752037823,0.16651419556833333
1308,VCaP,H3K27ac,Kolobok,-0.06281889959684268,0.23776535092926587,-0.16592287262774083,0.04164361650785
1309,VCaP,H3K27ac,PIF-Harbinger,-0.03114818483402759,0.5619488378628177,-0.1357096787898309,0.07409953767790312
1310,VCaP,H3K27ac,Crypton,0.0020042415219423317,0.9732699023603304,-0.11482714181827978,0.11878093617564948
1311,VCaP,H3K27ac,Merlin,0.013704858445902888,0.8427514439933813,-0.12127434447653808,0.14818642085046518
1312,VCaP,H3K27ac,TcMar,0.007085468531604268,0.9200821433524988,-0.1307536524951375,0.14465585851610696
1313,VCaP,H3K27ac,L1-Tx1,2.3335670793264758e-05,0.9997840650262722,-0.16769280843339493,0.1677381669808576
1314,VCaP,H3K27ac,Crypton-A,0.052725630012723596,0.5497699363578019,-0.12000269784319656,0.22235563247073345
1315,VCaP,H3K27ac,I-Jockey,0.06057825966082847,0.5314860312074243,-0.1291649865191015,0.24604223906932865
1316,VCaP,H3K27ac,hAT-Tip100?,0.1696428571428571,0.18020267039864166,-0.08126817194557845,0.4003331721307446
1317,VCaP,H3K27ac,TcMar-Pogo,0.04288856304985337,0.815707997351764,-0.3105993486813585,0.385955123483727
1318,VCaP,H3K27ac,hAT?,0.05515660809778457,0.7566965835921392,-0.2886334801982703,0.38634806776727076
1319,VCaP,H3K27ac,hAT-hAT19,0.3147058823529411,0.23515831926634445,-0.2271031187040626,0.7077459404545711
1320,C4-2B,CTCF,Alu,0.0016704482392404685,0.07962209899949972,-0.00019734387457102123,0.0035382286978824173
1321,C4-2B,CTCF,L1,-0.0005851953285029317,0.6710535632481417,-0.003285809341080132,0.00211542722013313
1322,C4-2B,CTCF,MIR,0.0014952067870804059,0.2827877232856236,-0.001233230324333293,0.004223621636883651
1323,C4-2B,CTCF,L2,-0.0008880838189088694,0.5959140463635835,-0.004170469884294222,0.002394321383136792
1324,C4-2B,CTCF,ERVL-MaLR,-0.0012152446589507849,0.5449456226974728,-0.005149840730171145,0.002719389039202495
1325,C4-2B,CTCF,hAT-Charlie,0.0034763709338660916,0.10328376562743295,-0.0007059554889471795,0.007658575742398229
1326,C4-2B,CTCF,ERV1,-0.0043561696004753995,0.1561667908248223,-0.010376658439923513,0.0016646350514680454
1327,C4-2B,CTCF,ERVL,0.0002074993171334922,0.9470973715786246,-0.0059217199980599365,0.006336703041975506
1328,C4-2B,CTCF,TcMar-Tigger,0.0025060973905427775,0.4307791683016139,-0.0037283564244131326,0.00874035639429903
1329,C4-2B,CTCF,hAT-Tip100,0.002941540614470701,0.4976688840174863,-0.005559849593984929,0.011442505648844038
1330,C4-2B,CTCF,CR1,-0.003243274944139194,0.4921465008018262,-0.012496940560494088,0.006010946156791591
1331,C4-2B,CTCF,Gypsy,-0.023918089444614463,0.0027537652011570732,-0.03956440832278613,-0.00826004443614591
1332,C4-2B,CTCF,hAT-Blackjack,0.008222594778199165,0.31366490568733807,-0.0077729097814118265,0.024213892556824226
1333,C4-2B,CTCF,TcMar-Mariner,-0.00011940469438565624,0.988442908682359,-0.016274687761835667,0.016035940700925344
1334,C4-2B,CTCF,RTE-X,0.005740375153915804,0.5773365270730466,-0.014448449846451503,0.025924521660937238
1335,C4-2B,CTCF,ERVK,-0.008613760327977808,0.46379402404488,-0.03164947136516989,0.014431096697564762
1336,C4-2B,CTCF,TcMar-Tc2,0.010628182983663604,0.39163006651504695,-0.013689093184180632,0.03493289470158306
1337,C4-2B,CTCF,SVA,-0.0006612012697448796,0.9631535217825937,-0.028707243186267228,0.02738588086181921
1338,C4-2B,CTCF,RTE-BovB,0.0014543863884938601,0.9215380631441477,-0.027480875295138842,0.030387212903763
1339,C4-2B,CTCF,tRNA-RTE,-0.0022653796711178285,0.8879053116452916,-0.033754477998315616,0.029228211854927234
1340,C4-2B,CTCF,hAT-Ac,0.004865971485398196,0.7886948826280977,-0.030713218495490562,0.040432845979082185
1341,C4-2B,CTCF,hAT,0.0008123097967997667,0.9664289185375712,-0.037002579719828455,0.03862487630403959
1342,C4-2B,CTCF,MULE-MuDR,-0.014530127611961758,0.48564268071954153,-0.0553270658846352,0.02631524591314326
1343,C4-2B,CTCF,PiggyBac,-0.010397674347301976,0.6351400914426082,-0.05330304904529816,0.03254602024180983
1344,C4-2B,CTCF,5S-Deu-L2,-0.01775066676674875,0.4414104876199221,-0.06287623475124454,0.027447332040114143
1345,C4-2B,CTCF,Helitron,0.03433237946807411,0.15893254829883816,-0.013457176792402211,0.08196544534915678
1346,C4-2B,CTCF,hAT-Tag1,0.02979089703478798,0.22202818865647933,-0.01804140180541802,0.07748714396490375
1347,C4-2B,CTCF,tRNA,-0.005229434833065662,0.8394181634383583,-0.05576111980224083,0.04532897120220007
1348,C4-2B,CTCF,Penelope,-0.048098531295544,0.21929606492636516,-0.12435018104708025,0.028717887654685855
1349,C4-2B,CTCF,TcMar-Tc1,-0.0015561605799878366,0.9683648031533121,-0.07833072746902395,0.07523675579885034
1350,C4-2B,CTCF,Dong-R4,-0.05395202301246573,0.2654013826633227,-0.1480497017967221,0.041113725655084206
1351,C4-2B,CTCF,tRNA-Deu,-0.03404049586134105,0.48763412990914956,-0.1295600552633537,0.06210502961198541
1352,C4-2B,CTCF,Kolobok,0.10001748141230081,0.06012467016164276,-0.004523404475647749,0.20239581567317
1353,C4-2B,CTCF,PIF-Harbinger,0.051825752247989465,0.3343643327786001,-0.05351564214477004,0.15602633780262143
1354,C4-2B,CTCF,Crypton,0.14409328555738354,0.0152675741028518,0.027359658571673714,0.2569497993577558
1355,C4-2B,CTCF,Merlin,0.043433522120835615,0.5303599054036199,-0.09223932588210149,0.17752307099311318
1356,C4-2B,CTCF,TcMar,0.05109711958046545,0.4701766642884889,-0.08766157534595634,0.1879106733008776
1357,C4-2B,CTCF,L1-Tx1,0.09264494661634042,0.2815860695187485,-0.0766161991464079,0.25671588923042005
1358,C4-2B,CTCF,Crypton-A,-0.03252567655003354,0.7133465786433626,-0.20361575779869026,0.1404920694624701
1359,C4-2B,CTCF,I-Jockey,-0.1301362246316375,0.1774200301208014,-0.31136048817369144,0.0602214474997363
1360,C4-2B,CTCF,hAT-Tip100?,-0.17810314685314685,0.15577400066651467,-0.40607724000336404,0.07074049199591466
1361,C4-2B,CTCF,TcMar-Pogo,-0.15835777126099704,0.3866836439898629,-0.4822658084791358,0.20364184504631738
1362,C4-2B,CTCF,hAT?,-0.014037433155080216,0.9381993063202716,-0.3556479720611398,0.3308817639894154
1363,C4-2B,CTCF,hAT-hAT19,-0.12352941176470587,0.6485420669723405,-0.5848677681002367,0.3981954146302434
1364,C4-2B,H3K27ac,Alu,-0.0014098093583023534,0.13898867450639307,-0.003277356967093015,0.00045774808463990425
1365,C4-2B,H3K27ac,L1,7.256075569596287e-05,0.9580443430818457,-0.0026307649187463037,0.0027758853695950317
1366,C4-2B,H3K27ac,MIR,-0.0008859592896553876,0.5314958581327549,-0.003661047363300938,0.0018891424298146263
1367,C4-2B,H3K27ac,L2,0.003016501193379308,0.07174580593788374,-0.0002667537849890595,0.00629969113810666
1368,C4-2B,H3K27ac,ERVL-MaLR,0.0004184461299221474,0.8350811945864877,-0.003520936776932073,0.004357816049305459
1369,C4-2B,H3K27ac,hAT-Charlie,0.00039527070950667203,0.8544722505024828,-0.0038285552390741827,0.004619082554315661
1370,C4-2B,H3K27ac,ERV1,-0.0010156149622006802,0.7416203502637675,-0.007052878211295318,0.0050217223232586995
1371,C4-2B,H3K27ac,ERVL,-0.0026750445603810117,0.3930511249012827,-0.008813494646107662,0.003463607127813861
1372,C4-2B,H3K27ac,TcMar-Tigger,-0.00029195044414127966,0.9278819042851338,-0.006613956793093574,0.0060300792421122155
1373,C4-2B,H3K27ac,hAT-Tip100,-0.00407935142514573,0.3495184301422559,-0.012625237768056328,0.004467130817030549
1374,C4-2B,H3K27ac,CR1,0.0019405850969849813,0.6819514228711738,-0.007340612125952472,0.011221448004291958
1375,C4-2B,H3K27ac,Gypsy,-0.006252989741996414,0.4349095229768398,-0.02194599631871069,0.009443097413014323
1376,C4-2B,H3K27ac,hAT-Blackjack,-0.005303703225297184,0.526311101065349,-0.021705995714280103,0.011101443606295525
1377,C4-2B,H3K27ac,TcMar-Mariner,0.01037606474199015,0.23445410107102507,-0.006729283574054357,0.02747534263271162
1378,C4-2B,H3K27ac,RTE-X,0.005122769379645423,0.6190371141461257,-0.015070190649223204,0.02531155248689409
1379,C4-2B,H3K27ac,ERVK,0.009818843111737485,0.40463099603959407,-0.01327420459982969,0.03290142200240271
1380,C4-2B,H3K27ac,TcMar-Tc2,-0.029649583118470366,0.019375371427994885,-0.05446928579654886,-0.004793265029254213
1381,C4-2B,H3K27ac,SVA,0.006570976305475669,0.6463620426508372,-0.021497106994864037,0.03462870951912789
1382,C4-2B,H3K27ac,RTE-BovB,0.00221738214677088,0.8806696291664702,-0.026727921930522074,0.031158971101337685
1383,C4-2B,H3K27ac,tRNA-RTE,-0.009324650194610234,0.5663592725783917,-0.041176917923031076,0.022546551391221612
1384,C4-2B,H3K27ac,hAT-Ac,-0.02482301313352802,0.17277843721522199,-0.060454558197537915,0.01087171357060818
1385,C4-2B,H3K27ac,hAT,0.03966933173351932,0.04339965192932801,0.0011628218312780534,0.07805837614226191
1386,C4-2B,H3K27ac,MULE-MuDR,0.02074032422227315,0.32031811041281044,-0.02017093289370224,0.06158224173662995
1387,C4-2B,H3K27ac,PiggyBac,0.003005458903003042,0.8939198714418273,-0.04115237766420021,0.04715157769862974
1388,C4-2B,H3K27ac,5S-Deu-L2,0.028135608468257238,0.2263145399856898,-0.0174571007565949,0.07361155412038208
1389,C4-2B,H3K27ac,Helitron,0.0017700917327138409,0.9427409985017956,-0.04650594336823646,0.05003787755258872
1390,C4-2B,H3K27ac,hAT-Tag1,0.03223111646681348,0.1865560733263762,-0.01561558434398363,0.07993054469102953
1391,C4-2B,H3K27ac,tRNA,0.007353842231091803,0.7778682079000476,-0.04372127946511528,0.05839062318867103
1392,C4-2B,H3K27ac,Penelope,0.08113898042854019,0.039086139891692274,0.003957313523695569,0.15735966547442312
1393,C4-2B,H3K27ac,TcMar-Tc1,-0.02317709336659383,0.5677728487147233,-0.10238439422292332,0.05632225337793013
1394,C4-2B,H3K27ac,Dong-R4,-0.019407921559580533,0.6888783529479638,-0.11399387483114506,0.07552670923347761
1395,C4-2B,H3K27ac,tRNA-Deu,-0.06587393807964771,0.18419503829431022,-0.16202584629875663,0.03151707795103948
1396,C4-2B,H3K27ac,Kolobok,0.05637062223216525,0.3021645266381505,-0.0508552654308284,0.16231172858449167
1397,C4-2B,H3K27ac,PIF-Harbinger,0.025312043972467894,0.6428579363403077,-0.08160211667895248,0.13165028713735047
1398,C4-2B,H3K27ac,Crypton,-0.0033962733739888043,0.9563688739208621,-0.12453304364172335,0.11784025475435972
1399,C4-2B,H3K27ac,Merlin,0.06515203028386347,0.37437617235213116,-0.0788438179265291,0.20648471433216042
1400,C4-2B,H3K27ac,TcMar,-0.013155643331746424,0.8585523650121183,-0.15674444093168002,0.13097778548912442
1401,C4-2B,H3K27ac,L1-Tx1,0.053266002152706146,0.5364506850281061,-0.11559959304221053,0.21913911749417392
1402,C4-2B,H3K27ac,Crypton-A,-0.0801151615253753,0.3823772953239776,-0.2552360745520093,0.10009505808484515
1403,C4-2B,H3K27ac,I-Jockey,-0.06853859697896396,0.47885355280615804,-0.253582845341568,0.12134484288917233
1404,C4-2B,H3K27ac,hAT-Tip100?,0.3138736263736263,0.011547509818472447,0.06767896578619027,0.5240382040365793
1405,C4-2B,H3K27ac,TcMar-Pogo,0.15024630541871917,0.4366029616223077,-0.23091075210986947,0.49142411413200227
1406,C4-2B,H3K27ac,hAT?,0.23295454545454547,0.19200941434486304,-0.12469740863893097,0.5370299318894085
1407,C4-2B,H3K27ac,hAT-hAT19,0.09090909090909091,0.7903727377532903,-0.5393378602028933,0.655876704139862
1408,RWPE2,CTCF,Alu,-0.0009641661277743052,0.310652622050768,-0.0028280692383947873,0.0008997436821626898
1409,RWPE2,CTCF,L1,-0.0003812495585757483,0.7815993400045405,-0.003076551305946951,0.002314057728098006
1410,RWPE2,CTCF,MIR,-0.0001783874854767546,0.897978039634064,-0.002905287232674249,0.00254851491469575
1411,RWPE2,CTCF,L2,0.001702628756714173,0.30899225013442577,-0.0015775911378157032,0.004982812011512389
1412,RWPE2,CTCF,ERVL-MaLR,-0.002682211906612531,0.18053050479320343,-0.006607871595340365,0.0012435304545349753
1413,RWPE2,CTCF,hAT-Charlie,0.0014275760855427526,0.5028986170797842,-0.0027489402278862794,0.005604042596221087
1414,RWPE2,CTCF,ERV1,0.0045744008158060115,0.134149548095498,-0.0014109808903410345,0.010559454779106546
1415,RWPE2,CTCF,ERVL,0.0019277780919560057,0.5369015252637519,-0.00419099625720694,0.008046408094279436
1416,RWPE2,CTCF,TcMar-Tigger,-0.0036460959999380905,0.2509684931069933,-0.009870775272528585,0.0025788658371150935
1417,RWPE2,CTCF,hAT-Tip100,-0.00025700995346514727,0.9527220334699273,-0.00875303056963326,0.008239047766040663
1418,RWPE2,CTCF,CR1,0.0015668079441465976,0.7397923205759016,-0.007679187316949702,0.010812535324449297
1419,RWPE2,CTCF,Gypsy,-0.0026496437188970575,0.7400210395299183,-0.018298325810169852,0.013000336185248934
1420,RWPE2,CTCF,hAT-Blackjack,0.00038709009490652094,0.962120203364917,-0.015586489699910253,0.016360472355995477
1421,RWPE2,CTCF,TcMar-Mariner,-0.015144459548594376,0.06544172679021205,-0.031249889864110047,0.0009688328932245865
1422,RWPE2,CTCF,RTE-X,0.0010413102961367767,0.9194362240971856,-0.019135382645339795,0.021217155439687378
1423,RWPE2,CTCF,ERVK,0.0048899319552266965,0.6743531334022976,-0.01791858196429655,0.027693359125742938
1424,RWPE2,CTCF,TcMar-Tc2,0.0011426047804045435,0.9264369841558553,-0.023109598648840816,0.025393464192112133
1425,RWPE2,CTCF,SVA,0.016340189323913824,0.25158299799348843,-0.011596541390145746,0.044251430745092996
1426,RWPE2,CTCF,RTE-BovB,-0.005614232930782158,0.7035671112803992,-0.034520902415254406,0.023301822351948873
1427,RWPE2,CTCF,tRNA-RTE,0.026604440522548376,0.09783443120891358,-0.004900767298160557,0.05805688547618569
1428,RWPE2,CTCF,hAT-Ac,0.04093304087826862,0.02385174935446973,0.005416675480484594,0.07634626647649498
1429,RWPE2,CTCF,hAT,0.0242757326529479,0.207981753176756,-0.013520837181257852,0.062003029099831776
1430,RWPE2,CTCF,MULE-MuDR,0.013813528710030758,0.5070483678106329,-0.026995850768881568,0.054576940991086134
1431,RWPE2,CTCF,PiggyBac,0.003279366575803488,0.8807557277100242,-0.039551713996593234,0.04609841839236753
1432,RWPE2,CTCF,5S-Deu-L2,0.005754452867822048,0.8028386600658153,-0.03940461724500328,0.05089006380590626
1433,RWPE2,CTCF,Helitron,0.033813388650436794,0.16420427421884612,-0.013848893667073507,0.08132236254719331
1434,RWPE2,CTCF,hAT-Tag1,-0.0019967978801338007,0.9347220077354956,-0.049745540434041335,0.04576105161504418
1435,RWPE2,CTCF,tRNA,-0.016697141176725466,0.5173234910032346,-0.06715650625129023,0.033847417975448
1436,RWPE2,CTCF,Penelope,0.018918506540429786,0.6275718281558711,-0.057488098975010296,0.09510477885593809
1437,RWPE2,CTCF,TcMar-Tc1,0.022750766785606395,0.5619921515308995,-0.054137594156347536,0.09937093032976885
1438,RWPE2,CTCF,Dong-R4,0.018852478054433,0.6973375122633949,-0.07607866115424146,0.11344491513174526
1439,RWPE2,CTCF,tRNA-Deu,-0.005008069514899978,0.9186898021821228,-0.10087529516982699,0.09095130050559462
1440,RWPE2,CTCF,Kolobok,-0.047623841295677566,0.372337512996214,-0.15131283553055586,0.05710178866765752
1441,RWPE2,CTCF,PIF-Harbinger,-0.07982249028111377,0.13668946687743802,-0.1834289172487727,0.02553779670090336
1442,RWPE2,CTCF,Crypton,0.01406812193274496,0.8137223965464918,-0.10270358701335111,0.13045735634172137
1443,RWPE2,CTCF,Merlin,-0.05141006450427882,0.4565082396204332,-0.18496479979236258,0.08400919151430593
1444,RWPE2,CTCF,TcMar,-0.08558544504351372,0.2247080722446689,-0.2209353783257833,0.052998897552566294
1445,RWPE2,CTCF,L1-Tx1,0.06347535812475946,0.461185527274522,-0.10553035687038347,0.22891709534085353
1446,RWPE2,CTCF,Crypton-A,-0.17013450988513856,0.05203983268283178,-0.33308325649973136,0.002681914442973304
1447,RWPE2,CTCF,I-Jockey,0.14231303864331388,0.13989371938251868,-0.04800741379873274,0.322662005501238
1448,RWPE2,CTCF,hAT-Tip100?,-0.13090659340659339,0.30251395614002874,-0.36590132745288073,0.1197805071686256
1449,RWPE2,CTCF,TcMar-Pogo,0.18255131964809382,0.3173026817469029,-0.18036037854249035,0.5017158389663594
1450,RWPE2,CTCF,hAT?,0.0267379679144385,0.8806834920967785,-0.3143260062623658,0.3616885040452226
1451,RWPE2,CTCF,hAT-hAT19,-0.0029411764705882353,0.9913748045563624,-0.49792144373831837,0.4934845205018354
1452,RWPE2,H3K27ac,Alu,0.00040909193931102164,0.6673598155651237,-0.0014565506269453873,0.002274731657782342
1453,RWPE2,H3K27ac,L1,-0.00028095555275720735,0.8381485108759649,-0.0029768088231073198,0.00241490180135853
1454,RWPE2,H3K27ac,MIR,-0.0015387009987799516,0.26891944591967487,-0.004266541758096287,0.00118916266008564
1455,RWPE2,H3K27ac,L2,0.001407389544033464,0.400420089512195,-0.0018730591518652953,0.0046878079493468654
1456,RWPE2,H3K27ac,ERVL-MaLR,0.002102533061738394,0.29403280611438276,-0.0018246898281058948,0.006029691097297347
1457,RWPE2,H3K27ac,hAT-Charlie,0.0029826642472216367,0.16179158277360128,-0.001195774473718045,0.007160998819071861
1458,RWPE2,H3K27ac,ERV1,-0.002330882706262688,0.4454361586889535,-0.008317845526486753,0.0036562472145649015
1459,RWPE2,H3K27ac,ERVL,-0.0018988885618245548,0.5431446459726608,-0.00801939940375649,0.004221764551138246
1460,RWPE2,H3K27ac,TcMar-Tigger,0.007467932577772679,0.018743798220135992,0.0012409791419353735,0.013694306897762262
1461,RWPE2,H3K27ac,hAT-Tip100,0.0051070768192574955,0.23892460317091685,-0.0033925199634973592,0.013605935744238216
1462,RWPE2,H3K27ac,CR1,-0.0027656787382677062,0.5577601326974015,-0.012012708150516185,0.006481823674634393
1463,RWPE2,H3K27ac,Gypsy,0.006318670700382427,0.42880206510724117,-0.009333318634685088,0.021967564567965257
1464,RWPE2,H3K27ac,hAT-Blackjack,0.0058239026757912,0.4752060943777482,-0.010162345215274444,0.021807174305549907
1465,RWPE2,H3K27ac,TcMar-Mariner,0.0031416585128839175,0.7028545562172547,-0.012999557446165133,0.01928123757358295
1466,RWPE2,H3K27ac,RTE-X,0.002672467796214656,0.7951870862703606,-0.017504797531175675,0.022847557301658005
1467,RWPE2,H3K27ac,ERVK,-0.012374594128219724,0.28814338304740683,-0.035196646769276384,0.010460358292188504
1468,RWPE2,H3K27ac,TcMar-Tc2,-0.007175487886517669,0.562062535401701,-0.03142374305758653,0.017081208712974583
1469,RWPE2,H3K27ac,SVA,-0.00969457573002464,0.4966888915578601,-0.037634480580963074,0.018260474663081085
1470,RWPE2,H3K27ac,RTE-BovB,-0.011921411046217986,0.4190867316844803,-0.04082041276165598,0.016997519620956473
1471,RWPE2,H3K27ac,tRNA-RTE,0.011015579359045962,0.493243140177536,-0.020496156564433838,0.04250545109915231
1472,RWPE2,H3K27ac,hAT-Ac,0.010789713468854994,0.5516020399546901,-0.024730177805970744,0.04628239647371902
1473,RWPE2,H3K27ac,hAT,0.007408220675136611,0.7008842817790966,-0.03038643107941925,0.04518171878062117
1474,RWPE2,H3K27ac,MULE-MuDR,-0.037229346027079974,0.07374211048474978,-0.07792611635090783,0.0035912918317703717
1475,RWPE2,H3K27ac,PiggyBac,0.0005337960176481149,0.9805285900639805,-0.04231304633177647,0.04337867851529797
1476,RWPE2,H3K27ac,5S-Deu-L2,0.02859168857278134,0.21505134596921177,-0.01662345025270229,0.07369012753350788
1477,RWPE2,H3K27ac,Helitron,0.005091764930630761,0.8341245155296982,-0.042545243441983856,0.052705674582724946
1478,RWPE2,H3K27ac,hAT-Tag1,0.024629587495531933,0.3122956331777894,-0.023158323138523333,0.07230520194368004
1479,RWPE2,H3K27ac,tRNA,0.020980353124666458,0.4160277465186347,-0.029585844474001213,0.07143943982048553
1480,RWPE2,H3K27ac,Penelope,-0.061640481132866666,0.11363234091229414,-0.1373825652290899,0.014818263841637667
1481,RWPE2,H3K27ac,TcMar-Tc1,0.004483967117017843,0.9089494634526978,-0.07226630427530165,0.08118144723300395
1482,RWPE2,H3K27ac,Dong-R4,-0.0320071067382054,0.5089966026796361,-0.12643435936506195,0.06299499268282364
1483,RWPE2,H3K27ac,tRNA-Deu,-0.03344354525478938,0.49582273182161896,-0.12908568314541938,0.06281507010433417
1484,RWPE2,H3K27ac,Kolobok,-0.03340971729826164,0.5309530915382439,-0.13719583087208245,0.07110198748421252
1485,RWPE2,H3K27ac,PIF-Harbinger,-0.056525193457666385,0.2930240264476211,-0.1607832988666697,0.048980431415678136
1486,RWPE2,H3K27ac,Crypton,-0.05624786812050705,0.34578617239441256,-0.17180906626753115,0.060840324301405915
1487,RWPE2,H3K27ac,Merlin,-0.07418954191490792,0.28338658835583314,-0.20736084760165432,0.06168141065091119
1488,RWPE2,H3K27ac,TcMar,0.010583913311077966,0.8811619934476389,-0.12765743199470977,0.1484218625344237
1489,RWPE2,H3K27ac,L1-Tx1,0.014332769001223216,0.8679742467554405,-0.15376080252324204,0.1816201021143934
1490,RWPE2,H3K27ac,Crypton-A,0.06576957826989582,0.45544923594746,-0.10714767249804219,0.23482489472138798
1491,RWPE2,H3K27ac,I-Jockey,0.09423593735520341,0.3297187716682678,-0.09597796737454156,0.27780975918441664
1492,RWPE2,H3K27ac,hAT-Tip100?,-0.05141941391941392,0.6865694418347668,-0.2936703294899769,0.1970376722397028
1493,RWPE2,H3K27ac,TcMar-Pogo,0.0751466275659824,0.6827160866936022,-0.28138089471485495,0.41344398580489056
1494,RWPE2,H3K27ac,hAT?,0.08113063407181054,0.64829848998344,-0.26482418501250937,0.4085821481749376
1495,RWPE2,H3K27ac,hAT-hAT19,0.3058823529411765,0.24925429892891857,-0.23565608291162993,0.70247118185279
1496,RWPE2,H3K36me3,Alu,-0.0018459612465953723,0.052084363482106315,-0.003708568786584933,1.665910193790127e-05
1497,RWPE2,H3K36me3,L1,-0.002419105851524787,0.07853297140247016,-0.005114159563811737,0.0002759830028793197
1498,RWPE2,H3K36me3,MIR,0.001977146353425154,0.15514024737504267,-0.000748740664874251,0.004703003989712478
1499,RWPE2,H3K36me3,L2,0.001072000343959565,0.5218062086459688,-0.002208051702148517,0.0043520293234543365
1500,RWPE2,H3K36me3,ERVL-MaLR,0.0018134697566005158,0.3651136506577579,-0.0021110979009663507,0.005737981551817533
1501,RWPE2,H3K36me3,hAT-Charlie,0.0011164841276961488,0.6001440826861294,-0.003058058313499238,0.005290987655704313
1502,RWPE2,H3K36me3,ERV1,-0.0010471730739588518,0.7315653681776442,-0.0070300437588371395,0.004935772578520255
1503,RWPE2,H3K36me3,ERVL,-0.0002192950263791593,0.9439876572636421,-0.0063367539233800795,0.005898180284155182
1504,RWPE2,H3K36me3,TcMar-Tigger,0.0008118221871331341,0.7981962809679882,-0.005411268653709045,0.007034850149921454
1505,RWPE2,H3K36me3,hAT-Tip100,-0.00283594560254689,0.5128769012007985,-0.011329814262251272,0.00565833228331951
1506,RWPE2,H3K36me3,CR1,-0.004062042692267966,0.38911223235086356,-0.013305711119445302,0.005182319964272373
1507,RWPE2,H3K36me3,Gypsy,0.007537308637076072,0.345093155314115,-0.008109792537681714,0.023180719727284332
1508,RWPE2,H3K36me3,hAT-Blackjack,0.003295010717241354,0.6858132092439664,-0.012668582637182858,0.019256924853325072
1509,RWPE2,H3K36me3,TcMar-Mariner,0.0018257025291310216,0.8240646021254501,-0.014268926691682116,0.017919385953034432
1510,RWPE2,H3K36me3,RTE-X,-0.008254870699426143,0.4226322546533682,-0.028425696578071716,0.011922675064936876
1511,RWPE2,H3K36me3,ERVK,-0.0018926647753029473,0.8707824056630924,-0.024693368288983487,0.02091000680243725
1512,RWPE2,H3K36me3,TcMar-Tc2,-0.02596611057540476,0.03579958965902478,-0.05018273116623898,-0.0017189756585900343
1513,RWPE2,H3K36me3,SVA,0.013469077340325823,0.3448833556793124,-0.014481404276449148,0.04139852609873802
1514,RWPE2,H3K36me3,RTE-BovB,-0.003291457840692346,0.8234729644787335,-0.03220051703329016,0.025623104023212124
1515,RWPE2,H3K36me3,tRNA-RTE,-0.009020202868468215,0.574372773818872,-0.0404805119425675,0.02245797331043413
1516,RWPE2,H3K36me3,hAT-Ac,0.004531565707555054,0.8025251014207737,-0.030977157276215365,0.04002886470806037
1517,RWPE2,H3K36me3,hAT,0.02303121306176706,0.2319963275696093,-0.014744183667721233,0.060740959013378205
1518,RWPE2,H3K36me3,MULE-MuDR,-0.0231066008834413,0.26716023244662906,-0.06385289482854546,0.01771660490443209
1519,RWPE2,H3K36me3,PiggyBac,-0.014776315091394383,0.4989619308092542,-0.057557425065935065,0.02805896310921449
1520,RWPE2,H3K36me3,5S-Deu-L2,-0.041452127934680574,0.07204850673664202,-0.08646999852149073,0.003734677909541225
1521,RWPE2,H3K36me3,Helitron,-0.05505291850425248,0.023414892020042186,-0.10243255535539826,-0.007424057265658763
1522,RWPE2,H3K36me3,hAT-Tag1,-0.01895024232837014,0.43693677434537914,-0.06664764381030436,0.028833571596288188
1523,RWPE2,H3K36me3,tRNA,-0.03513955504195959,0.17303901501540994,-0.08553248693376943,0.015432703494590676
1524,RWPE2,H3K36me3,Penelope,-0.01675999717290378,0.6671135666427556,-0.09290558719330368,0.059580499059429644
1525,RWPE2,H3K36me3,TcMar-Tc1,0.0009895523015218243,0.9798647729347818,-0.07574124211308643,0.07770869626836426
1526,RWPE2,H3K36me3,Dong-R4,-0.03095445787993806,0.5230369508894853,-0.12539582225096327,0.06404286598754548
1527,RWPE2,H3K36me3,tRNA-Deu,-0.016591448409131477,0.7351970624049502,-0.1123343143389695,0.07945664881126523
1528,RWPE2,H3K36me3,Kolobok,-0.01972626880058582,0.7110870067586981,-0.12357063332567396,0.0845454553184714
1529,RWPE2,H3K36me3,PIF-Harbinger,0.004176616242160989,0.9380300652206184,-0.10084814708869204,0.1091093208972909
1530,RWPE2,H3K36me3,Crypton,0.04026788783470266,0.4998751296675792,-0.07673689220720326,0.15617865854805393
1531,RWPE2,H3K36me3,Merlin,-0.11160992886096366,0.10511969308605663,-0.24310541056090335,0.023913673594636232
1532,RWPE2,H3K36me3,TcMar,-0.1068257122527456,0.12927237846494835,-0.2413622079156619,0.031739671469848456
1533,RWPE2,H3K36me3,L1-Tx1,-0.04946695494756263,0.5659391438006627,-0.2154941812269153,0.11933984659861627
1534,RWPE2,H3K36me3,Crypton-A,0.02879170653777713,0.7440873051516752,-0.14347733855651462,0.1993672656129508
1535,RWPE2,H3K36me3,I-Jockey,0.03437123528866648,0.7227289268282892,-0.1547857361368949,0.22109731375490335
1536,RWPE2,H3K36me3,hAT-Tip100?,0.015476190476190475,0.9033927781832937,-0.23122689170105468,0.2603092676878015
1537,RWPE2,H3K36me3,TcMar-Pogo,0.11253665689149558,0.5397251662050342,-0.2468835192125852,0.4447383714299379
1538,RWPE2,H3K36me3,hAT?,0.06829640947288004,0.7011369873646454,-0.2766283077533082,0.39763201622337707
1539,RWPE2,H3K36me3,hAT-hAT19,0.28529411764705886,0.28413874015956303,-0.25533459874279396,0.6900142576666219
1540,22Rv1,CTCF,Alu,-5.130481919252909e-06,0.9956897190150147,-0.001866524060020572,0.001856263131734111
1541,22Rv1,CTCF,L1,-9.438795891032902e-05,0.9452726101748812,-0.0027893837415008814,0.0026006091947608527
1542,22Rv1,CTCF,MIR,-0.0001359067501621277,0.9221230252960668,-0.00286066365393228,0.0025888521716345768
1543,22Rv1,CTCF,L2,0.0021052837587633225,0.20838329793372617,-0.0011746932458486738,0.0053852154654657185
1544,22Rv1,CTCF,ERVL-MaLR,-0.0008303362875313936,0.6782592642571232,-0.004753337599901595,0.0030926905826730564
1545,22Rv1,CTCF,hAT-Charlie,0.002729189998007243,0.1999139996841444,-0.0014439604264417417,0.0069022453652189605
1546,22Rv1,CTCF,ERV1,0.002953867548840042,0.33304263098499476,-0.003026994701431953,0.008934518480836621
1547,22Rv1,CTCF,ERVL,-0.005210953709828973,0.09488035429184327,-0.011325629906864126,0.0009041121900808817
1548,22Rv1,CTCF,TcMar-Tigger,-0.0037193011995899574,0.24131316473800535,-0.009940461998767247,0.002502147511944771
1549,22Rv1,CTCF,hAT-Tip100,-0.005285369013860722,0.2225358356540083,-0.013777100362085576,0.0032071246747382757
1550,22Rv1,CTCF,CR1,0.005626228707406425,0.23289452402261127,-0.0036176484606769547,0.0148691444308451
1551,22Rv1,CTCF,Gypsy,0.003075407647363695,0.7000384176089315,-0.012569661387174986,0.01871897128863151
1552,22Rv1,CTCF,hAT-Blackjack,0.0075413718684526196,0.35422728413973326,-0.008413758234929555,0.02349266312091306
1553,22Rv1,CTCF,TcMar-Mariner,0.0063014990558542365,0.4425625539067668,-0.009783007549177372,0.022382745653590552
1554,22Rv1,CTCF,RTE-X,0.0064191504751495414,0.532907858070059,-0.01375698653508409,0.026590062452832738
1555,22Rv1,CTCF,ERVK,0.007525861932402069,0.5174951254018199,-0.015264952623355279,0.030308860541770503
1556,22Rv1,CTCF,TcMar-Tc2,-0.008260192883156284,0.5042378871903364,-0.032492670690289244,0.015981990456575217
1557,22Rv1,CTCF,SVA,0.010027223570370225,0.4811899203300557,-0.017874084904546915,0.03791292716146414
1558,22Rv1,CTCF,RTE-BovB,-0.005301404041279385,0.7192776033317295,-0.03419897974807265,0.023605028713891026
1559,22Rv1,CTCF,tRNA-RTE,-0.009970839682982362,0.5345104521339099,-0.04141357731165246,0.02149162753456813
1560,22Rv1,CTCF,hAT-Ac,-0.005004117028702975,0.7824954653741951,-0.04051235177758297,0.030516741251504602
1561,22Rv1,CTCF,hAT,-0.003636908287108373,0.850314415304718,-0.041388920985448614,0.034125474144515895
1562,22Rv1,CTCF,MULE-MuDR,0.023291835710902663,0.263239858158279,-0.017522564500006124,0.06402874142845705
1563,22Rv1,CTCF,PiggyBac,-0.010943120710578503,0.6164033485595324,-0.053714019652657256,0.03186785814100269
1564,22Rv1,CTCF,5S-Deu-L2,-0.013474871335450894,0.5586642753171919,-0.05857777382038175,0.031682930950973076
1565,22Rv1,CTCF,Helitron,-0.005216468361776441,0.8300737370734984,-0.05281600184443745,0.04240671557669612
1566,22Rv1,CTCF,hAT-Tag1,-0.043765886476978676,0.07248459444878803,-0.09135113948877643,0.004018782238686723
1567,22Rv1,CTCF,tRNA,0.0009222081397588772,0.9714748269867404,-0.04959260799027181,0.05143231822119143
1568,22Rv1,CTCF,Penelope,0.02069957808931312,0.595816050479834,-0.05577146548835938,0.09692918772517425
1569,22Rv1,CTCF,TcMar-Tc1,-0.0021454870106499295,0.9562941659226833,-0.07874035300404576,0.07447456154799427
1570,22Rv1,CTCF,Dong-R4,0.01504006015750068,0.7563641786924202,-0.07986593695859859,0.10967583147961006
1571,22Rv1,CTCF,tRNA-Deu,-0.009013046366136425,0.8542299116292686,-0.10483943176402848,0.08697916708220158
1572,22Rv1,CTCF,Kolobok,0.0482758273847048,0.36445587573066074,-0.056154759523727116,0.1516615465499776
1573,22Rv1,CTCF,PIF-Harbinger,0.02612622372284658,0.6266763898349254,-0.07908860347564615,0.1307653799186747
1574,22Rv1,CTCF,Crypton,0.03591233459697256,0.5474010150970229,-0.08106196845668898,0.15191080168604057
1575,22Rv1,CTCF,Merlin,-0.02758478239968433,0.6896413047983402,-0.16175771499802616,0.10758950770329494
1576,22Rv1,CTCF,TcMar,0.028757527212823375,0.6837980960308874,-0.10941379972984151,0.16583857879115993
1577,22Rv1,CTCF,L1-Tx1,0.030607065812446058,0.7225541934808566,-0.13785476463295032,0.1973478125836645
1578,22Rv1,CTCF,Crypton-A,-0.07518353478780997,0.3933951694427673,-0.2437981127473659,0.0978429077811541
1579,22Rv1,CTCF,I-Jockey,-0.018895375776109724,0.8453799696584424,-0.20628025174561274,0.16982639474360925
1580,22Rv1,CTCF,hAT-Tip100?,-0.0282051282051282,0.8249072784928265,-0.27217393461755035,0.2191708619294781
1581,22Rv1,CTCF,TcMar-Pogo,0.022360703812316713,0.9033158809879338,-0.3289382657810563,0.36822325242262965
1582,22Rv1,CTCF,hAT?,0.10435446906035142,0.5569799373347244,-0.24326467107353533,0.4282182065119325
1583,22Rv1,CTCF,hAT-hAT19,-0.06470588235294117,0.8118214513105935,-0.5433955247540582,0.44573770486135694
1584,22Rv1,H3K27ac,Alu,-0.0003596859562712829,0.7049844606464035,-0.0022217281895637415,0.0015023587712320546
1585,22Rv1,H3K27ac,L1,-0.000737594914474708,0.5917117644623465,-0.0034329136559141955,0.001957734543888379
1586,22Rv1,H3K27ac,MIR,0.0006737535057232199,0.6279673925857063,-0.0020512982009541526,0.0033987952059713095
1587,22Rv1,H3K27ac,L2,0.000843210874523746,0.6143703935007523,-0.0024368903143350664,0.004123293919150818
1588,22Rv1,H3K27ac,ERVL-MaLR,-2.2267496345840248e-05,0.99112515384609,-0.003945896370753547,0.003901362063672121
1589,22Rv1,H3K27ac,hAT-Charlie,0.00038320098906923135,0.85719558234125,-0.0037906126703129953,0.004557001297217581
1590,22Rv1,H3K27ac,ERV1,-0.005357900730477659,0.07915077277516762,-0.01133904438505226,0.0006236263076073534
1591,22Rv1,H3K27ac,ERVL,-0.0011055817132101565,0.7230974095801485,-0.007221095894608713,0.00501001516584462
1592,22Rv1,H3K27ac,TcMar-Tigger,0.0025924548809151925,0.4141488392368915,-0.0036297357752774467,0.00881444480504902
1593,22Rv1,H3K27ac,hAT-Tip100,-0.002359733940646385,0.5860736380767477,-0.010852855185796711,0.006133727749934408
1594,22Rv1,H3K27ac,CR1,0.01346435873448362,0.00430623653669386,0.004220335187277996,0.022706081325334228
1595,22Rv1,H3K27ac,Gypsy,-0.000710391393259384,0.929089432744123,-0.016355137273712527,0.014934702243157023
1596,22Rv1,H3K27ac,hAT-Blackjack,-0.01709376157633528,0.0357586538117993,-0.03304244805596896,-0.001136371849313801
1597,22Rv1,H3K27ac,TcMar-Mariner,0.003467322543686232,0.6727359839273526,-0.012621119088453722,0.01955396940514001
1598,22Rv1,H3K27ac,RTE-X,0.006046379843419397,0.55694060035219,-0.014128606882976305,0.026216445473455724
1599,22Rv1,H3K27ac,ERVK,-0.00481175572867382,0.6792055023729329,-0.027610607079914314,0.017992099018325054
1600,22Rv1,H3K27ac,TcMar-Tc2,-0.021476606366713894,0.08253629063712499,-0.04569973557104613,0.0027717639689801422
1601,22Rv1,H3K27ac,SVA,0.008510543737295914,0.5501472527660899,-0.019404316156891293,0.03641214546866267
1602,22Rv1,H3K27ac,RTE-BovB,0.02101816906710404,0.15420736005228944,-0.007898721683617826,0.049899936774494495
1603,22Rv1,H3K27ac,tRNA-RTE,0.007850509271630588,0.6248548150555069,-0.02361480422648911,0.0393002844447349
1604,22Rv1,H3K27ac,hAT-Ac,-0.046632687761099766,0.010052185815640437,-0.08203125530639882,-0.0111166097410069
1605,22Rv1,H3K27ac,hAT,0.01389459626126583,0.470817454316551,-0.02387031250039604,0.05161990631294421
1606,22Rv1,H3K27ac,MULE-MuDR,0.0011175679488065727,0.9572054641750741,-0.03968531549185534,0.041916730501624644
1607,22Rv1,H3K27ac,PiggyBac,0.012131974825534046,0.5787244570536788,-0.0306905162662656,0.054910011164990724
1608,22Rv1,H3K27ac,5S-Deu-L2,-0.025885910819436992,0.26117472208775944,-0.07094703839946973,0.019280656347277235
1609,22Rv1,H3K27ac,Helitron,0.0049808890515250686,0.8376384767671973,-0.04264184643447684,0.052581042125572706
1610,22Rv1,H3K27ac,hAT-Tag1,0.02660430968909838,0.27507208183519566,-0.021184483541223296,0.0742718093089335
1611,22Rv1,H3K27ac,tRNA,0.0005793941099645215,0.9820762296698657,-0.04993456677312191,0.051090398331294425
1612,22Rv1,H3K27ac,Penelope,-0.007522148263607461,0.847049895497598,-0.0837919158559223,0.0688352386611178
1613,22Rv1,H3K27ac,TcMar-Tc1,-0.02476718560490746,0.5268955303931078,-0.10119457513399722,0.05195081988864575
1614,22Rv1,H3K27ac,Dong-R4,-0.000519781246481408,0.9914453487681343,-0.09530189817583117,0.09427167567094608
1615,22Rv1,H3K27ac,tRNA-Deu,-0.013636391643203783,0.7810317496903242,-0.10941279515160848,0.08239089033259502
1616,22Rv1,H3K27ac,Kolobok,0.011855314945808845,0.8238536267659945,-0.09235034061320338,0.11580409964375785
1617,22Rv1,H3K27ac,PIF-Harbinger,0.02630873013721341,0.6242689339105489,-0.0789073617458489,0.1309451323685886
1618,22Rv1,H3K27ac,Crypton,-0.007446240896546051,0.9007511845897103,-0.12393775527424478,0.10924773098207287
1619,22Rv1,H3K27ac,Merlin,0.04312279082197022,0.5323283591582455,-0.09222419824879606,0.17690521752926264
1620,22Rv1,H3K27ac,TcMar,0.04100046514529827,0.5613727671010169,-0.09731618477402892,0.17776332586806246
1621,22Rv1,H3K27ac,L1-Tx1,0.06920893243866462,0.4216213069449597,-0.09986400077130358,0.23439740098779602
1622,22Rv1,H3K27ac,Crypton-A,-0.06629806236134662,0.45182755365925575,-0.2353292134214782,0.1066259231659518
1623,22Rv1,H3K27ac,I-Jockey,-0.07273653970901678,0.45227165169732464,-0.25755262402665247,0.11721366371495216
1624,22Rv1,H3K27ac,hAT-Tip100?,0.06520146520146519,0.608737516422941,-0.18380716370194558,0.30634633858166704
1625,22Rv1,H3K27ac,TcMar-Pogo,0.002932551319648094,0.987291027811272,-0.34611603226169296,0.3512680143987596
1626,22Rv1,H3K27ac,hAT?,-0.08235294117647057,0.6433482213321531,-0.4096213488345813,0.2636959183316281
1627,22Rv1,H3K27ac,hAT-hAT19,-0.2911764705882353,0.27388704841914874,-0.6935946774924099,0.24975116412258716
1628,RWPE1,CTCF,Alu,0.0005814007213966352,0.5410744844639774,-0.0012830381182166266,0.0024458355189657718
1629,RWPE1,CTCF,L1,0.0008742052297837261,0.5255785996578082,-0.0018250582812771444,0.003573456001935282
1630,RWPE1,CTCF,MIR,0.000975835932061735,0.4828790785124183,-0.001749915249312244,0.003701572613124532
1631,RWPE1,CTCF,L2,-0.0018256762029348632,0.2754785824991915,-0.005106845178752567,0.0014555320841998865
1632,RWPE1,CTCF,ERVL-MaLR,0.0023597751230620013,0.23902623533514272,-0.0015683631823547519,0.006287840605486149
1633,RWPE1,CTCF,hAT-Charlie,-0.0024472107075945277,0.25077355261026174,-0.006623504834691519,0.0017291687874800923
1634,RWPE1,CTCF,ERV1,-0.0017520652010647483,0.5673860030306017,-0.007756396567493875,0.004252392499302542
1635,RWPE1,CTCF,ERVL,0.001207961850538831,0.6989365288295188,-0.004913600615938464,0.007329433785040804
1636,RWPE1,CTCF,TcMar-Tigger,-0.0025650425842346906,0.4194541518474002,-0.00879174245539594,0.003661856197180594
1637,RWPE1,CTCF,hAT-Tip100,-0.00533094521564245,0.21875897122719415,-0.01382609969901541,0.0031649788028738457
1638,RWPE1,CTCF,CR1,-0.005096492464958635,0.2802437042588195,-0.01434669652626247,0.00415458387700029
1639,RWPE1,CTCF,Gypsy,0.006727043892847198,0.39955908084459657,-0.008924483891705255,0.022375276369975806
1640,RWPE1,CTCF,hAT-Blackjack,-0.01925298980810306,0.018140674813058075,-0.03521500136031385,-0.003281157802382323
1641,RWPE1,CTCF,TcMar-Mariner,-0.010138647925034916,0.21735300276438885,-0.026242554755140802,0.005970519792807942
1642,RWPE1,CTCF,RTE-X,-0.002927549909570664,0.7761941744858374,-0.0231078606726743,0.01725514561553891
1643,RWPE1,CTCF,ERVK,0.024189962746886517,0.03898633592031262,0.0012201897087470203,0.047134223452221666
1644,RWPE1,CTCF,TcMar-Tc2,-0.008892132414091189,0.4722851817807443,-0.033129601779913025,0.015355789737754083
1645,RWPE1,CTCF,SVA,0.019662721719630603,0.16725404234257793,-0.008245758152179,0.047540593421359606
1646,RWPE1,CTCF,RTE-BovB,-0.015491175697597694,0.29377844679631326,-0.044388216791911544,0.013431766272559131
1647,RWPE1,CTCF,tRNA-RTE,0.01967181806874403,0.22060675307545827,-0.011809697522676103,0.05111437391889917
1648,RWPE1,CTCF,hAT-Ac,0.011806547146132334,0.5151561341350696,-0.023749059053387055,0.047332322532150556
1649,RWPE1,CTCF,hAT,0.013945835787505446,0.4692653303762335,-0.023826116306854033,0.05167802842084455
1650,RWPE1,CTCF,MULE-MuDR,0.013866314375024303,0.5056109825594803,-0.02696080722031088,0.054647253141556655
1651,RWPE1,CTCF,PiggyBac,-0.014506113801720788,0.5071491699393662,-0.05731860958926867,0.028359636134346618
1652,RWPE1,CTCF,5S-Deu-L2,0.002372055898425552,0.9180277333610309,-0.0427810484278872,0.047515489933254704
1653,RWPE1,CTCF,Helitron,-0.0005675493082984311,0.981393920564011,-0.04823487009266617,0.04710235075742091
1654,RWPE1,CTCF,hAT-Tag1,0.018882235926657293,0.4388565447967394,-0.02892993153383486,0.06660819859383355
1655,RWPE1,CTCF,tRNA,0.024738149654320862,0.3375339128944711,-0.025831140030237686,0.07518115459993582
1656,RWPE1,CTCF,Penelope,-0.07968142527622801,0.04117601666480729,-0.15534490949010302,-0.00308848611454597
1657,RWPE1,CTCF,TcMar-Tc1,0.053352604529779184,0.17295521000592737,-0.023464069037085096,0.1295429826862724
1658,RWPE1,CTCF,Dong-R4,-0.015236814807780965,0.7532794830388725,-0.10987039964184585,0.07967053011847489
1659,RWPE1,CTCF,tRNA-Deu,-0.023891186216651778,0.6262134911741049,-0.11954589032106655,0.07220297754698762
1660,RWPE1,CTCF,Kolobok,0.10893361019589062,0.040518452788789294,0.0044425293043125185,0.21107157843260418
1661,RWPE1,CTCF,PIF-Harbinger,0.03485561985317597,0.5163268186289822,-0.07041384878529214,0.13935727391507852
1662,RWPE1,CTCF,Crypton,0.0873368768807664,0.1427756524453894,-0.029784626610941087,0.20209265549959113
1663,RWPE1,CTCF,Merlin,0.019558498247972164,0.7776038970852132,-0.11582884484064115,0.15423234295905813
1664,RWPE1,CTCF,TcMar,0.09083436529600955,0.19744511006374188,-0.047754180559212295,0.22599171640535937
1665,RWPE1,CTCF,L1-Tx1,0.0379438007098485,0.6597849612278986,-0.13066270375889716,0.20441718328437355
1666,RWPE1,CTCF,Crypton-A,0.058979358428224826,0.5033916960260556,-0.11384498151038658,0.22833905631730889
1667,RWPE1,CTCF,I-Jockey,-0.171568900009267,0.07445082294677055,-0.3496518259642436,0.018479527185566145
1668,RWPE1,CTCF,hAT-Tip100?,-0.2692765567765567,0.031423316664346335,-0.4865572997577697,-0.020624514195786137
1669,RWPE1,CTCF,TcMar-Pogo,0.17668621700879764,0.3333631763105315,-0.18603381478191378,0.4970237995875989
1670,RWPE1,CTCF,hAT?,-0.2641711229946524,0.13111551494449705,-0.5571536519280996,0.08729884250085877
1671,RWPE1,CTCF,hAT-hAT19,0.10588235294117648,0.6963341050381157,-0.4126799097165957,0.5726105866457505
1672,RWPE1,H3K27ac,Alu,-0.00011878588310661122,0.900594460347991,-0.0019826476986400552,0.00174507675774698
1673,RWPE1,H3K27ac,L1,0.0007477441555280636,0.5871318802682974,-0.0019512603449997473,0.0034467377620217778
1674,RWPE1,H3K27ac,MIR,0.0018677786469874526,0.17937685509544113,-0.0008587044211813438,0.004594233946292881
1675,RWPE1,H3K27ac,L2,-0.002871697868789627,0.08627474400447789,-0.00615278831786058,0.00040945441279647415
1676,RWPE1,H3K27ac,ERVL-MaLR,0.0017923089563501153,0.37113400627174686,-0.002135527779428289,0.00572009038959772
1677,RWPE1,H3K27ac,hAT-Charlie,0.0030677578255980183,0.14998406252240476,-0.001108934696172993,0.0072443433165039406
1678,RWPE1,H3K27ac,ERV1,0.002187570769183109,0.4751035191112888,-0.0038157399835609626,0.008190723846350549
1679,RWPE1,H3K27ac,ERVL,0.002658133680911155,0.3947112443234331,-0.003463158827725344,0.008779226992904406
1680,RWPE1,H3K27ac,TcMar-Tigger,0.0006043750294685636,0.8491651137643768,-0.00562404860511143,0.006832751773027967
1681,RWPE1,H3K27ac,hAT-Tip100,0.0012281888992948576,0.7769116381381767,-0.007267371021266764,0.009723571535355021
1682,RWPE1,H3K27ac,CR1,-0.0011581588744178672,0.8061700187424782,-0.010408973896471744,0.008092854377013674
1683,RWPE1,H3K27ac,Gypsy,-0.007230564649769976,0.365188492681369,-0.02287759380662671,0.008420006004953733
1684,RWPE1,H3K27ac,hAT-Blackjack,-0.007546864999370413,0.3548674684647678,-0.023531015009128107,0.008441142503888496
1685,RWPE1,H3K27ac,TcMar-Mariner,-0.004714827338898638,0.5677400085339159,-0.020885128594857222,0.011457940001215755
1686,RWPE1,H3K27ac,RTE-X,0.0022636512551005073,0.8260254650185873,-0.01791989608816985,0.022445354444933334
1687,RWPE1,H3K27ac,ERVK,-0.018266420612226324,0.11903546750617963,-0.041216559795617023,0.004702983323498275
1688,RWPE1,H3K27ac,TcMar-Tc2,0.015150387810782574,0.2211921134076472,-0.009124500994573655,0.03940743030170452
1689,RWPE1,H3K27ac,SVA,-0.017791155952051246,0.2114908798228566,-0.04567477391658874,0.010120163375492089
1690,RWPE1,H3K27ac,RTE-BovB,0.03099552698046199,0.03572056769843864,0.0020626473569426646,0.05987655636220583
1691,RWPE1,H3K27ac,tRNA-RTE,-0.008320475076509922,0.6045134270485455,-0.0397898758053559,0.02316541534796947
1692,RWPE1,H3K27ac,hAT-Ac,-0.020257640243398347,0.26409344559453607,-0.05576552753915861,0.015301423750487927
1693,RWPE1,H3K27ac,hAT,0.014136132352862775,0.4633887379099516,-0.02364997303364475,0.05188190591624291
1694,RWPE1,H3K27ac,MULE-MuDR,-0.008628795753939728,0.6787679431384803,-0.04943089809960001,0.03220205961665508
1695,RWPE1,H3K27ac,PiggyBac,0.013521719385905318,0.5363986024844429,-0.029343108886095044,0.05633690668743886
1696,RWPE1,H3K27ac,5S-Deu-L2,-0.015017833633265346,0.5146416234765825,-0.06012806396909974,0.03015361402047433
1697,RWPE1,H3K27ac,Helitron,-0.0405099804064818,0.09624836115897627,-0.08808427564815277,0.007248701714654191
1698,RWPE1,H3K27ac,hAT-Tag1,-0.06871189993478792,0.00480083313787533,-0.11616814046025929,-0.02094264882924345
1699,RWPE1,H3K27ac,tRNA,0.013959902297721307,0.5882860106779404,-0.03658084586192144,0.06442941965512852
1700,RWPE1,H3K27ac,Penelope,0.041037105910575696,0.2935788236150421,-0.035597703197999236,0.1171921117046145
1701,RWPE1,H3K27ac,TcMar-Tc1,-0.027121130268653766,0.48903208268132037,-0.1036444974151461,0.0497214297924266
1702,RWPE1,H3K27ac,Dong-R4,0.07758844766290077,0.1089600347694904,-0.01746871043340002,0.17125558441461408
1703,RWPE1,H3K27ac,tRNA-Deu,0.031603333948135304,0.5193434537211434,-0.06453120668101112,0.1271566791023861
1704,RWPE1,H3K27ac,Kolobok,-0.015101099705964412,0.7770720190627164,-0.11915458526808508,0.08928049488371369
1705,RWPE1,H3K27ac,PIF-Harbinger,-0.01944279083787454,0.7173875710770378,-0.12417924239581613,0.08572213185186604
1706,RWPE1,H3K27ac,Crypton,-0.032491532376225686,0.5862235408283195,-0.1485565965484185,0.0844565169765922
1707,RWPE1,H3K27ac,Merlin,-0.031724897981085,0.6475930733389437,-0.16643392308793545,0.10414662641239554
1708,RWPE1,H3K27ac,TcMar,-0.09082719268019582,0.19748064743220833,-0.22598481072757523,0.047761351397773835
1709,RWPE1,H3K27ac,L1-Tx1,0.01720072294171545,0.8418721499291594,-0.15096246798738874,0.1843963911587077
1710,RWPE1,H3K27ac,Crypton-A,0.058562977022839344,0.5064148810284739,-0.1142552809809146,0.22794097098893987
1711,RWPE1,H3K27ac,I-Jockey,0.08629413400055602,0.37227702232556104,-0.10383767237794732,0.2703412129775682
1712,RWPE1,H3K27ac,hAT-Tip100?,0.2953234265734266,0.016926055469616213,0.05006138028366376,0.5069925562396009
1713,RWPE1,H3K27ac,TcMar-Pogo,0.1660557184750733,0.3637152033781257,-0.19626870063893206,0.4884817621668939
1714,RWPE1,H3K27ac,hAT?,-0.2647822765469824,0.13019319361857917,-0.55762589052249,0.08667445023535403
1715,RWPE1,H3K27ac,hAT-hAT19,0.2323529411764706,0.38651134990798475,-0.30426131880301843,0.6570242802453357
