,cell_line,modification,family_name,r,p_value,ci_low,ci_high
0,Caco-2,H3K4me1,Alu,0.0008592421875139,0.3672782417702841,-0.0010086763542329336,0.0027271547332779035
1,Caco-2,H3K4me1,L1,-0.0008540319703963899,0.535622435847891,-0.0035562264118598514,0.0018481749431686176
2,Caco-2,H3K4me1,MIR,-0.0007281271973279695,0.6008103196410628,-0.00345557360760424,0.0019993300460209736
3,Caco-2,H3K4me1,L2,-0.00046171394570770886,0.7827969968033573,-0.0037443315944896637,0.0028209136535763814
4,Caco-2,H3K4me1,ERVL-MaLR,-0.0009389960441048,0.6399163805129177,-0.004872987813304988,0.0029950247896882477
5,Caco-2,H3K4me1,hAT-Charlie,-0.003580485761836644,0.09324746246093174,-0.007761239934431356,0.0006003935806221086
6,Caco-2,H3K4me1,ERV1,-0.0014251600040903055,0.6427545318438193,-0.007446939752073428,0.004596723103700199
7,Caco-2,H3K4me1,ERVL,-0.0014753650812635304,0.6370415560047198,-0.007603732310400764,0.004653112970352021
8,Caco-2,H3K4me1,TcMar-Tigger,0.009273527809836918,0.0035428124647414712,0.0030408862395117685,0.01550544892588503
9,Caco-2,H3K4me1,hAT-Tip100,0.001995572378148541,0.6454397852414133,-0.006505139544003282,0.010495995900422371
10,Caco-2,H3K4me1,CR1,-0.006250156212115106,0.18557442748066463,-0.015503056845326726,0.003003814815592328
11,Caco-2,H3K4me1,Gypsy,0.004896383109200039,0.5399793204834527,-0.010762936291874818,0.020553301494744994
12,Caco-2,H3K4me1,hAT-Blackjack,0.002087521532203887,0.798098334414016,-0.013906107158643327,0.018080082329726813
13,Caco-2,H3K4me1,TcMar-Mariner,0.011010005249822987,0.1806033044634493,-0.0051078789291366476,0.02712217027068523
14,Caco-2,H3K4me1,RTE-X,-0.01141417635250034,0.26791036127596135,-0.031598819894974074,0.00877977341425323
15,Caco-2,H3K4me1,ERVK,-0.008528412975332912,0.4690351541984785,-0.03160568626261777,0.014557948342715126
16,Caco-2,H3K4me1,TcMar-Tc2,-0.005936221815091691,0.6317929495905533,-0.03020780803041897,0.018342360836944554
17,Caco-2,H3K4me1,SVA,-0.00978085447831815,0.49440941808146444,-0.03782059190474375,0.018274272803096438
18,Caco-2,H3K4me1,RTE-BovB,-0.00732634130905236,0.6199627800143135,-0.03626890405054407,0.021628501440400183
19,Caco-2,H3K4me1,tRNA-RTE,-0.00018492127537901072,0.9908185119094781,-0.03167213899286468,0.03130266312489255
20,Caco-2,H3K4me1,hAT-Ac,0.0223799500653038,0.21773377631981572,-0.013214548657464366,0.057917801290291886
21,Caco-2,H3K4me1,hAT,-0.0096589391061208,0.6164873232415535,-0.04742813715385613,0.028137838828830104
22,Caco-2,H3K4me1,MULE-MuDR,0.029493428265953532,0.1570929301899283,-0.011374485563925509,0.07026297461675188
23,Caco-2,H3K4me1,PiggyBac,0.004447386799411304,0.8391321930823374,-0.03847788500852759,0.04735627521596584
24,Caco-2,H3K4me1,5S-Deu-L2,-0.0014156227912179454,0.9510501013582287,-0.04658510177100838,0.04375963347790569
25,Caco-2,H3K4me1,Helitron,0.00869331776517069,0.7216355969121302,-0.039119855593950266,0.056466773560697944
26,Caco-2,H3K4me1,hAT-Tag1,-0.010292600376793085,0.6731567888039678,-0.058061317405117795,0.03752314021977887
27,Caco-2,H3K4me1,tRNA,0.0071217860241881885,0.7825734339255676,-0.04344057094765953,0.057647752926260905
28,Caco-2,H3K4me1,Penelope,0.014376821663081334,0.7132140010180271,-0.06224489339775151,0.0908300636765932
29,Caco-2,H3K4me1,TcMar-Tc1,-0.0825020603423387,0.03504815659505297,-0.15835295233854962,-0.005683135987256727
30,Caco-2,H3K4me1,Dong-R4,-0.005455483762944659,0.9103994631497958,-0.10019118070275772,0.08937824174416682
31,Caco-2,H3K4me1,tRNA-Deu,-0.034475005042185966,0.48209224922047444,-0.12998845245584925,0.06167238922488598
32,Caco-2,H3K4me1,Kolobok,0.049856446160925404,0.34962984315880274,-0.05472757408007027,0.15335841938981273
33,Caco-2,H3K4me1,PIF-Harbinger,0.02192850561761689,0.6830991691524013,-0.08325579391579925,0.1266295795085567
34,Caco-2,H3K4me1,Crypton,-0.02397923587350817,0.6879301836851472,-0.14020131463632743,0.09289465325559368
35,Caco-2,H3K4me1,Merlin,-0.06877953719140911,0.32006535204611797,-0.2021258640488094,0.06707053136852277
36,Caco-2,H3K4me1,TcMar,0.038528521407197154,0.5871084556477401,-0.10045271276379271,0.1760349436190987
37,Caco-2,H3K4me1,L1-Tx1,-0.0600753508901808,0.4855829458248052,-0.22566353756607152,0.1088866005936857
38,Caco-2,H3K4me1,Crypton-A,-0.014989730593877478,0.8650647594787843,-0.18604629623769445,0.15694876540016348
39,Caco-2,H3K4me1,I-Jockey,-0.04387915855805764,0.6505136919281752,-0.2301686029882849,0.1455125188677439
40,Caco-2,H3K4me1,hAT-Tip100?,0.10723443223443221,0.3990030016211017,-0.14303219115074423,0.3446117537017875
41,Caco-2,H3K4me1,TcMar-Pogo,-0.0656158357771261,0.7212442330956677,-0.40536974564634914,0.2900652109589089
42,Caco-2,H3K4me1,hAT?,0.027406417112299467,0.8796636910411236,-0.3189634514544855,0.367318037914851
43,Caco-2,H3K4me1,hAT-hAT19,-0.3029411764705882,0.25406688060961147,-0.7007044030116498,0.23849092756482004
44,Caco-2,H3K9me3,Alu,-3.94014165970575e-05,0.9670098634022948,-0.0019066048485459534,0.0018278022900939108
45,Caco-2,H3K9me3,L1,0.000995079607564305,0.470332505262408,-0.0017064269606837175,0.003696571651419962
46,Caco-2,H3K9me3,MIR,-0.0011712936683517627,0.39992504350780333,-0.0038985475796007025,0.0015559776669953063
47,Caco-2,H3K9me3,L2,-0.00030786777820695046,0.854146665148601,-0.003590284818694111,0.0029745558963902253
48,Caco-2,H3K9me3,ERVL-MaLR,0.003502390575248239,0.08093118968990264,-0.00043077282141175264,0.007435445611180986
49,Caco-2,H3K9me3,hAT-Charlie,-0.0010576257896519402,0.6199921852271817,-0.005238004256341744,0.0031227896426206958
50,Caco-2,H3K9me3,ERV1,0.006728223806616181,0.02850834031625784,0.0007072814421545867,0.012748678368783635
51,Caco-2,H3K9me3,ERVL,0.00163646389650667,0.60065392771589,-0.004490849827522351,0.007763654743956586
52,Caco-2,H3K9me3,TcMar-Tigger,0.0023293713604542214,0.4638270881120232,-0.0039028729329828103,0.008561434708547677
53,Caco-2,H3K9me3,hAT-Tip100,-0.006760886720259308,0.11901553288248853,-0.015260220306644803,0.0017394238180079762
54,Caco-2,H3K9me3,CR1,-0.00024094297351387003,0.9592996714622695,-0.009494422596032875,0.009012577911584156
55,Caco-2,H3K9me3,Gypsy,-0.005946004105508873,0.4567579276362572,-0.021603031160183174,0.00971393883175229
56,Caco-2,H3K9me3,hAT-Blackjack,0.003058609855205987,0.7077935922308005,-0.012934674825267141,0.01905032998011896
57,Caco-2,H3K9me3,TcMar-Mariner,-0.005736107423962411,0.48549532029007836,-0.021851799024618125,0.010382564337925742
58,Caco-2,H3K9me3,RTE-X,-0.009390983851907304,0.36197995662627636,-0.0295749477153675,0.010800635219565573
59,Caco-2,H3K9me3,ERVK,-0.004958207121251854,0.67369267710717,-0.028030217519165648,0.018119083296952207
60,Caco-2,H3K9me3,TcMar-Tc2,0.0023644391887308355,0.8486050893913093,-0.021908854435814477,0.026634946896470505
61,Caco-2,H3K9me3,SVA,-0.02806703335230458,0.049672658478673644,-0.05605493889754141,-3.5052743844757513e-05
62,Caco-2,H3K9me3,RTE-BovB,-0.006300659698472261,0.6696257328497951,-0.0352317664000424,0.02264099868573778
63,Caco-2,H3K9me3,tRNA-RTE,0.0006878179983434692,0.9658545528690927,-0.030796191910041532,0.032170464375751585
64,Caco-2,H3K9me3,hAT-Ac,0.004447317258019545,0.8065286735395633,-0.031137309524606645,0.04002068441148135
65,Caco-2,H3K9me3,hAT,0.018423868672524702,0.3392995761524209,-0.01937142609529514,0.05616658240585033
66,Caco-2,H3K9me3,MULE-MuDR,0.0582682682431891,0.005155904267710203,0.017429833294076543,0.09891261088523146
67,Caco-2,H3K9me3,PiggyBac,-0.032561009564266045,0.13710632257214647,-0.07538471129408464,0.01038257888787003
68,Caco-2,H3K9me3,5S-Deu-L2,-0.015190296435889327,0.5099366828094101,-0.06031196407978733,0.029993324250480135
69,Caco-2,H3K9me3,Helitron,0.013628365270789483,0.5763625014835801,-0.03417791865524754,0.06137242507691298
70,Caco-2,H3K9me3,hAT-Tag1,-0.021911066164368165,0.36915322144655505,-0.06963987069758416,0.02591782427401091
71,Caco-2,H3K9me3,tRNA,0.010071002794080346,0.6963493678973666,-0.04049697144140681,0.06058751869709486
72,Caco-2,H3K9me3,Penelope,-0.04239191886568715,0.2786532155366102,-0.11864842486123069,0.03436171726959539
73,Caco-2,H3K9me3,TcMar-Tc1,0.011118268534519677,0.7772347247311915,-0.06584239439013183,0.08794743448414868
74,Caco-2,H3K9me3,Dong-R4,0.03530150354305399,0.46635993737961146,-0.059714524921682506,0.12968358758039322
75,Caco-2,H3K9me3,tRNA-Deu,-0.10188850062299533,0.03731515977961908,-0.19612902212310382,-0.005783003457189902
76,Caco-2,H3K9me3,Kolobok,0.04422885163364158,0.4067515596170296,-0.06033518810154101,0.14783272957842705
77,Caco-2,H3K9me3,PIF-Harbinger,-0.009207116903279496,0.8639173560046881,-0.11407914885468455,0.095867846517742
78,Caco-2,H3K9me3,Crypton,0.027302353833346858,0.6474201269870363,-0.08960198427721557,0.14346461383791884
79,Caco-2,H3K9me3,Merlin,-0.060969167948856505,0.37821636945513293,-0.19455800375547402,0.07484020248241731
80,Caco-2,H3K9me3,TcMar,-0.06135421723626923,0.38690893585419295,-0.19819300487085398,0.07783048970427081
81,Caco-2,H3K9me3,L1-Tx1,0.008120813436056137,0.9249643364409201,-0.1598150566957815,0.175599845714436
82,Caco-2,H3K9me3,Crypton-A,0.05102273682915987,0.5627496926271944,-0.12167771761185209,0.22072467703154253
83,Caco-2,H3K9me3,I-Jockey,0.07977017885274766,0.4096335529967837,-0.11028074142838507,0.264193429696791
84,Caco-2,H3K9me3,hAT-Tip100?,0.12692307692307692,0.3175906110899937,-0.1237080868473857,0.3623318942379459
85,Caco-2,H3K9me3,TcMar-Pogo,-0.15872434017595305,0.38557124935485065,-0.4825623841669411,0.20329146644476428
86,Caco-2,H3K9me3,hAT?,0.1644385026737968,0.360480205447817,-0.1918956339691031,0.4824670563389935
87,Caco-2,H3K9me3,hAT-hAT19,-0.3235294117647059,0.2215741250012429,-0.7129823146794156,0.2184762258116274
88,SJCRH30,H3K27ac,Alu,-0.001898940617890613,0.04606368083195069,-0.003764698821436156,-3.316919357528525e-05
89,SJCRH30,H3K27ac,L1,0.0014507635054915309,0.292247321882038,-0.0012490417776357121,0.004150547639658784
90,SJCRH30,H3K27ac,MIR,4.347109537163649e-06,0.9975062514759206,-0.0027217072539868067,0.0027304014084511556
91,SJCRH30,H3K27ac,L2,0.0006355826182186068,0.7042201450534196,-0.0026458177977223074,0.003916969346826663
92,SJCRH30,H3K27ac,ERVL-MaLR,-0.0011357712366378667,0.5710112616301696,-0.005064815235416142,0.002793307829178284
93,SJCRH30,H3K27ac,hAT-Charlie,0.0031655418098162948,0.13748694748074367,-0.0010118809352350111,0.0073428540738235655
94,SJCRH30,H3K27ac,ERV1,0.00043301302027831917,0.8876502541239933,-0.005574173304502302,0.006440168093550946
95,SJCRH30,H3K27ac,ERVL,0.001518469001907852,0.6268583428112199,-0.00460334009106733,0.0076401642827880235
96,SJCRH30,H3K27ac,TcMar-Tigger,0.004208102009980999,0.18540177315612383,-0.002019908715279958,0.010435786297860752
97,SJCRH30,H3K27ac,hAT-Tip100,0.008638355239571594,0.046290208484849174,0.000141928099663347,0.017133535276293112
98,SJCRH30,H3K27ac,CR1,5.569363058926707e-05,0.9905853742577169,-0.009194925435051786,0.009306303164391848
99,SJCRH30,H3K27ac,Gypsy,-0.0030491872706566677,0.702554593818747,-0.018697246023076132,0.012600364896779018
100,SJCRH30,H3K27ac,hAT-Blackjack,0.005697706252697345,0.48459369182506373,-0.01028002587378479,0.02167252970314302
101,SJCRH30,H3K27ac,TcMar-Mariner,-0.004799742626334123,0.5591631866126514,-0.02090327911076658,0.01130628367617962
102,SJCRH30,H3K27ac,RTE-X,-0.005283769417875101,0.6078712617169746,-0.025461758236267562,0.014898523024800088
103,SJCRH30,H3K27ac,ERVK,0.005584267464235368,0.6342647312653834,-0.017421596211510255,0.02858422130633187
104,SJCRH30,H3K27ac,TcMar-Tc2,-0.008803534212980935,0.4767099896421919,-0.03304108413935902,0.015444364359502093
105,SJCRH30,H3K27ac,SVA,0.03900861460200046,0.006439394634915883,0.010943237299843334,0.06701258144858327
106,SJCRH30,H3K27ac,RTE-BovB,-0.013136083455583675,0.37354291329586464,-0.04204913770336438,0.015798953888362097
107,SJCRH30,H3K27ac,tRNA-RTE,-0.00908591040273739,0.5717863869258808,-0.04056235688939334,0.02240855191059503
108,SJCRH30,H3K27ac,hAT-Ac,-0.014749408414060597,0.4164082328209895,-0.050286912897741405,0.02082539776371048
109,SJCRH30,H3K27ac,hAT,-2.864536879083107e-06,0.9998814033729884,-0.03776043199384584,0.03775471108765121
110,SJCRH30,H3K27ac,MULE-MuDR,-0.004174459986679661,0.841170343613699,-0.04497688006396994,0.036641864664515744
111,SJCRH30,H3K27ac,PiggyBac,0.025140731034208143,0.25028151589327957,-0.017731004389312577,0.06792019044104025
112,SJCRH30,H3K27ac,5S-Deu-L2,-0.015586312181410532,0.4988523049889979,-0.060694796263783705,0.029585705961116846
113,SJCRH30,H3K27ac,Helitron,0.016009748501669935,0.5103491908278497,-0.03165789687491318,0.06360473131591692
114,SJCRH30,H3K27ac,hAT-Tag1,-0.0035549319308759986,0.8840995270645615,-0.05131398755053492,0.04422034648566594
115,SJCRH30,H3K27ac,tRNA,-0.031182296063682717,0.22651404926398208,-0.08157852252944704,0.019372977245155455
116,SJCRH30,H3K27ac,Penelope,-0.03407188500524583,0.38397923205838647,-0.11041346688298938,0.04266938454510956
117,SJCRH30,H3K27ac,TcMar-Tc1,-0.032012856500884895,0.41410320487725816,-0.10849091728990005,0.044841914529301675
118,SJCRH30,H3K27ac,Dong-R4,-0.003130013689795286,0.9485203432952062,-0.09788800851437726,0.09168422432007697
119,SJCRH30,H3K27ac,tRNA-Deu,-0.036272438653020884,0.4595339764245081,-0.13176031809141914,0.059882397894861036
120,SJCRH30,H3K27ac,Kolobok,0.06858942395527234,0.19857501148867457,-0.036174545556839625,0.17186220365904245
121,SJCRH30,H3K27ac,PIF-Harbinger,-0.032791801185222035,0.5414856980098551,-0.1373270289729251,0.07246582832358237
122,SJCRH30,H3K27ac,Crypton,0.08601483027107673,0.14894578939843012,-0.031108753568154675,0.20080823282887966
123,SJCRH30,H3K27ac,Merlin,-0.04872027598251438,0.4814844479730126,-0.1826652437693587,0.08700028668476817
124,SJCRH30,H3K27ac,TcMar,0.14176101346594433,0.043642172185973126,0.0034373090679984024,0.2747617480033911
125,SJCRH30,H3K27ac,L1-Tx1,-0.18486751759132275,0.030566609798242845,-0.34325127598215505,-0.01626076235566645
126,SJCRH30,H3K27ac,Crypton-A,-0.025028259219869852,0.7765939345907767,-0.19573964705153013,0.14715539769982539
127,SJCRH30,H3K27ac,I-Jockey,0.08138263367621165,0.40020191230797586,-0.10868940287451663,0.26571396712622924
128,SJCRH30,H3K27ac,hAT-Tip100?,-0.2752185314685315,0.026495530404991564,-0.49002006603255915,-0.028907853874626886
129,SJCRH30,H3K27ac,TcMar-Pogo,-0.056451612903225805,0.7589361193843545,-0.3975685751080806,0.29837452961817656
130,SJCRH30,H3K27ac,hAT?,-0.2708938120702826,0.12123206915686784,-0.5623394617633781,0.08041765790353247
131,SJCRH30,H3K27ac,hAT-hAT19,0.22352941176470587,0.40529834728275893,-0.31219579192398966,0.6513918624869808
132,SJCRH30,H3K4me1,Alu,-0.0002618680388357194,0.7833950608353187,-0.002128932503175736,0.0016051982512133634
133,SJCRH30,H3K4me1,L1,0.0026031828914637187,0.05884229740812221,-9.726959130293388e-05,0.005303597407377989
134,SJCRH30,H3K4me1,MIR,-0.00011993989745602673,0.9313025586919295,-0.002846861229232373,0.0026069832180916435
135,SJCRH30,H3K4me1,L2,0.0018869912175586412,0.25976314923565785,-0.0013948196816376702,0.005168761470255623
136,SJCRH30,H3K4me1,ERVL-MaLR,0.0029696773148219975,0.1387005928272512,-0.0009613593787880884,0.006900622228624528
137,SJCRH30,H3K4me1,hAT-Charlie,-0.00026326077985261784,0.9017380327939194,-0.004442373319000127,0.003915860955005122
138,SJCRH30,H3K4me1,ERV1,0.0026559876631225185,0.3865671518258149,-0.0033561352698191593,0.008667918596188463
139,SJCRH30,H3K4me1,ERVL,0.003892627099680426,0.21286445470396698,-0.0022318714355167107,0.010016833623521525
140,SJCRH30,H3K4me1,TcMar-Tigger,-0.0009525686406857937,0.7644280393193343,-0.007182628251801836,0.0052775649166928685
141,SJCRH30,H3K4me1,hAT-Tip100,-0.0006158322664675561,0.8870617293987918,-0.009114300527868208,0.007882724951591364
142,SJCRH30,H3K4me1,CR1,0.0013953075198854482,0.7675560091069014,-0.007856958649800213,0.010647334806266076
143,SJCRH30,H3K4me1,Gypsy,-0.007695768038220263,0.3352002560079319,-0.023344098124522778,0.007956332108437658
144,SJCRH30,H3K4me1,hAT-Blackjack,0.00884739300573066,0.27789375229338337,-0.007134311952032207,0.02482457937573713
145,SJCRH30,H3K4me1,TcMar-Mariner,0.014501458148492396,0.0777615817677983,-0.001613531757509401,0.030608918138923715
146,SJCRH30,H3K4me1,RTE-X,-0.017279292660815185,0.09332161728143121,-0.03744830212437084,0.0029037888630778167
147,SJCRH30,H3K4me1,ERVK,0.010945129487383028,0.3517997666673288,-0.01209540029058391,0.03397404293811619
148,SJCRH30,H3K4me1,TcMar-Tc2,-0.023560423739439028,0.057052929295048786,-0.04780287645098313,0.0007097688160039906
149,SJCRH30,H3K4me1,SVA,-0.006545695495026759,0.6474956021936396,-0.03459195994276361,0.021510870772418405
150,SJCRH30,H3K4me1,RTE-BovB,0.03258767116307602,0.027208987256669526,0.0036619635853837717,0.06145889161464058
151,SJCRH30,H3K4me1,tRNA-RTE,0.009372061652730123,0.5596873130060049,-0.022118495033630056,0.0408440399667691
152,SJCRH30,H3K4me1,hAT-Ac,-0.05071480918783375,0.005189502051892788,-0.08615578492473219,-0.015145640952487629
153,SJCRH30,H3K4me1,hAT,0.046446801299347085,0.015930763191916927,0.008670081832895526,0.0840911330900808
154,SJCRH30,H3K4me1,MULE-MuDR,-0.025767827457556947,0.21581541528874457,-0.06649690570282583,0.015046977974161662
155,SJCRH30,H3K4me1,PiggyBac,0.007420815337082407,0.7345067170284645,-0.03545741492841853,0.05027177448497197
156,SJCRH30,H3K4me1,5S-Deu-L2,0.0024905029287790696,0.9139955637271067,-0.04268680474874601,0.04765764665163326
157,SJCRH30,H3K4me1,Helitron,0.025295709621356476,0.29823908127936266,-0.022379322795888085,0.07285595577068313
158,SJCRH30,H3K4me1,hAT-Tag1,0.018721816315749516,0.4426203212690366,-0.029075986295880884,0.06643419702406517
159,SJCRH30,H3K4me1,tRNA,-0.007794812217814086,0.7625393576710197,-0.05830189382486777,0.04275207173828187
160,SJCRH30,H3K4me1,Penelope,0.05491496379531902,0.16101717580622063,-0.02196025188468851,0.1311446105576778
161,SJCRH30,H3K4me1,TcMar-Tc1,-0.01581731484522326,0.6866213618040828,-0.09243493538194114,0.060986507080318116
162,SJCRH30,H3K4me1,Dong-R4,-0.07040058933037428,0.14594523154645256,-0.1642069541632215,0.02466769624716487
163,SJCRH30,H3K4me1,tRNA-Deu,-0.04469447366597177,0.36203205626569346,-0.14005644848307286,0.051489040008927976
164,SJCRH30,H3K4me1,Kolobok,0.03737694962556143,0.48330248406643117,-0.06715606902190639,0.1410983295141657
165,SJCRH30,H3K4me1,PIF-Harbinger,-0.07012784270867496,0.1912107500195432,-0.17395375904107252,0.03524004248427387
166,SJCRH30,H3K4me1,Crypton,0.04359179997552433,0.4651278804665573,-0.07343401131628872,0.15943345973641848
167,SJCRH30,H3K4me1,Merlin,-0.03027891347262077,0.6618835124948447,-0.16470430742523595,0.1052507736485012
168,SJCRH30,H3K4me1,TcMar,0.04816039612923012,0.4939509797719027,-0.08988441145918286,0.18438960924116943
169,SJCRH30,H3K4me1,L1-Tx1,-0.09701805132299823,0.2593937354457694,-0.26086582387015456,0.0722626975654961
170,SJCRH30,H3K4me1,Crypton-A,-0.021251466344097664,0.8096092394809523,-0.19209564573995472,0.1508429201816447
171,SJCRH30,H3K4me1,I-Jockey,0.06809378185524975,0.4817186241885315,-0.12178229317401251,0.2531619308106354
172,SJCRH30,H3K4me1,hAT-Tip100?,-0.16708916083916084,0.18340244887152768,-0.39635549640218254,0.08179315679916743
173,SJCRH30,H3K4me1,TcMar-Pogo,0.011363636363636362,0.9507804198258587,-0.3386827012551257,0.35864677194290134
174,SJCRH30,H3K4me1,hAT?,-0.3634835752482811,0.034595754319481385,-0.6317692656076794,-0.017430964589904844
175,SJCRH30,H3K4me1,hAT-hAT19,-0.26176470588235295,0.3274104118125859,-0.6755222880989646,0.2773673136231458
176,SJCRH30,H3K9me3,Alu,0.000775411581304265,0.41558928834440645,-0.0010914160594650718,0.0026422338173968073
177,SJCRH30,H3K9me3,L1,0.0012287784967040343,0.3724314907569739,-0.001471397846550609,0.003928936922119747
178,SJCRH30,H3K9me3,MIR,-0.001482576938781522,0.2865850904065655,-0.004209359633530042,0.0012442278031324077
179,SJCRH30,H3K9me3,L2,-0.0003230403439568813,0.8470104919211663,-0.003604702540399693,0.002958628810342536
180,SJCRH30,H3K9me3,ERVL-MaLR,0.0027232122187351017,0.17450624765298414,-0.001207524382721072,0.006653864670351904
181,SJCRH30,H3K9me3,hAT-Charlie,-0.003748305834901697,0.07872650740598332,-0.007926819792953607,0.0004303390197711388
182,SJCRH30,H3K9me3,ERV1,0.004650412620518612,0.12944094407357645,-0.0013606986829859309,0.010661187864555461
183,SJCRH30,H3K9me3,ERVL,0.0033576861121338416,0.2825507834584864,-0.0027663916043447535,0.009481511980608735
184,SJCRH30,H3K9me3,TcMar-Tigger,-0.000567430773762335,0.8583164613722862,-0.006797224819672881,0.005662407316829325
185,SJCRH30,H3K9me3,hAT-Tip100,0.0032713142108855638,0.45053032351382094,-0.0052262506899966935,0.011768406698877616
186,SJCRH30,H3K9me3,CR1,0.008166780554519979,0.08361496453140019,-0.0010853066976280847,0.017417469753595826
187,SJCRH30,H3K9me3,Gypsy,0.006223459602506539,0.4358202832488409,-0.009429518668335194,0.02187338865835077
188,SJCRH30,H3K9me3,hAT-Blackjack,-0.009667477721064176,0.23563821217646824,-0.02564002667443913,0.006310005996201078
189,SJCRH30,H3K9me3,TcMar-Mariner,-0.004971815793289672,0.5452710584603255,-0.021079637944457934,0.01113858682886676
190,SJCRH30,H3K9me3,RTE-X,-0.0009982807935970093,0.9227791636817422,-0.021180561869902394,0.019184813564679413
191,SJCRH30,H3K9me3,ERVK,0.00046080730462189464,0.9687224703646111,-0.022569861330850816,0.023490987115196708
192,SJCRH30,H3K9me3,TcMar-Tc2,0.004488758312519923,0.717023605827938,-0.019783660586769235,0.028755889150775194
193,SJCRH30,H3K9me3,SVA,-0.012477988909784365,0.38314804989586015,-0.040502869510903504,0.015566508739211192
194,SJCRH30,H3K9me3,RTE-BovB,0.0008580479989080491,0.9536507595588497,-0.028070440390832847,0.02978510033117897
195,SJCRH30,H3K9me3,tRNA-RTE,0.01576077143652825,0.3266694320899445,-0.015736394376352474,0.0472266888889774
196,SJCRH30,H3K9me3,hAT-Ac,-0.009520517227755857,0.5998972158132935,-0.04506801333155208,0.02605105807410552
197,SJCRH30,H3K9me3,hAT,0.02921607944282568,0.12957942422363194,-0.00857302682128602,0.06692185648793954
198,SJCRH30,H3K9me3,MULE-MuDR,-0.050186268023113385,0.01589819206849832,-0.09082688467922427,-0.009378769025129083
199,SJCRH30,H3K9me3,PiggyBac,-0.01994673502192856,0.36183351688127685,-0.06275345582990756,0.022933241438477792
200,SJCRH30,H3K9me3,5S-Deu-L2,0.00101613458086487,0.964843719206181,-0.04414634544312795,0.04617446986400533
201,SJCRH30,H3K9me3,Helitron,0.05217299475023518,0.03182587711614784,0.004511406221374736,0.09959808054232133
202,SJCRH30,H3K9me3,hAT-Tag1,0.004007568787140268,0.8695055730262293,-0.043782818146348775,0.05177965649449655
203,SJCRH30,H3K9me3,tRNA,-0.03679282097905939,0.15368083524399237,-0.08717704149309786,0.013779152080041566
204,SJCRH30,H3K9me3,Penelope,0.0323376124923977,0.4090211712098516,-0.04445890587713527,0.10875418525790595
205,SJCRH30,H3K9me3,TcMar-Tc1,-0.047736490043821814,0.22314447985486446,-0.12405043783088252,0.029138844555263946
206,SJCRH30,H3K9me3,Dong-R4,-0.0013005245145325452,0.9785978880806827,-0.09607552681051175,0.0934978469872703
207,SJCRH30,H3K9me3,tRNA-Deu,0.05517247894926201,0.26038418205565605,-0.04103242206728592,0.15036376989559574
208,SJCRH30,H3K9me3,Kolobok,-0.01774840089041275,0.739300870761118,-0.12176641734366815,0.08665522727060472
209,SJCRH30,H3K9me3,PIF-Harbinger,-0.002045892670564463,0.9696212262795423,-0.10700311043221329,0.10295641982550015
210,SJCRH30,H3K9me3,Crypton,0.10408880108204037,0.08045608872964694,-0.01297917544770371,0.21834182652575956
211,SJCRH30,H3K9me3,Merlin,-0.02799035009381262,0.6860308871779426,-0.16247068740672171,0.10751088143660202
212,SJCRH30,H3K9me3,TcMar,0.11735188459020154,0.09542525860407812,-0.021168466740942166,0.25145160795985433
213,SJCRH30,H3K9me3,L1-Tx1,0.005528220410924421,0.9488796377659066,-0.16233904131119933,0.173084485779719
214,SJCRH30,H3K9me3,Crypton-A,0.09287707540512012,0.29136994604013405,-0.08029243131418982,0.26060436071702936
215,SJCRH30,H3K9me3,I-Jockey,-0.03603929200259476,0.7098598677225723,-0.2226905212790518,0.15316065983840582
216,SJCRH30,H3K9me3,hAT-Tip100?,-0.07329545454545455,0.5617512461705758,-0.31192537106323337,0.17403298259282685
217,SJCRH30,H3K9me3,TcMar-Pogo,0.2379032258064516,0.18980396501248115,-0.12584889283783365,0.5452667392847899
218,SJCRH30,H3K9me3,hAT?,-0.08174178762414054,0.6458214884370591,-0.4091018281599602,0.2642601404457661
219,SJCRH30,H3K9me3,hAT-hAT19,-0.4205882352941176,0.10476751392918707,-0.7680409079113735,0.11816561036801085
220,SJCRH30,H3K36me3,Alu,-0.0011567593726264308,0.22466600495502628,-0.003023973983872796,0.000710463304726478
221,SJCRH30,H3K36me3,L1,-0.0021127441184291772,0.1251732328722278,-0.004813159205697477,0.0005877017826095525
222,SJCRH30,H3K36me3,MIR,0.0005424724354070026,0.69662208080768,-0.0021845561893110137,0.003269492991753139
223,SJCRH30,H3K36me3,L2,0.00029762482443093316,0.8589228886119413,-0.0029842189089185297,0.003579462146657027
224,SJCRH30,H3K36me3,ERVL-MaLR,0.0024740411917909587,0.21740384767753532,-0.0014572092956702397,0.006405215208992391
225,SJCRH30,H3K36me3,hAT-Charlie,-3.478889672126921e-05,0.9869835269887443,-0.0042141906712120075,0.004144614093112916
226,SJCRH30,H3K36me3,ERV1,0.003366162262850573,0.27250023831530434,-0.002646278215350642,0.009378359378380099
227,SJCRH30,H3K36me3,ERVL,-0.0037010372604224092,0.236278947776408,-0.009825646366420042,0.0024238495199756377
228,SJCRH30,H3K36me3,TcMar-Tigger,0.002511560372162576,0.42946728488733465,-0.0037187343676440103,0.008741660136510353
229,SJCRH30,H3K36me3,hAT-Tip100,0.004192051092587619,0.3336250636689163,-0.004306095608669067,0.012689592339081223
230,SJCRH30,H3K36me3,CR1,0.0036539677487263736,0.43889933226988964,-0.005598206456402708,0.012905516408588164
231,SJCRH30,H3K36me3,Gypsy,-0.010976906241942547,0.16929957088291675,-0.026625210230890515,0.00467677605999681
232,SJCRH30,H3K36me3,hAT-Blackjack,-0.0038660310898337986,0.6353954490001645,-0.019844717249642655,0.012114629481252455
233,SJCRH30,H3K36me3,TcMar-Mariner,0.007985751912451497,0.33144257846843894,-0.008130406418189991,0.024097762758536274
234,SJCRH30,H3K36me3,RTE-X,-0.01386736900245221,0.1780884363526518,-0.0340404445529861,0.00631700177402204
235,SJCRH30,H3K36me3,ERVK,-0.0030041314527708253,0.7983900302479423,-0.026050316871941127,0.020045245585762598
236,SJCRH30,H3K36me3,TcMar-Tc2,-0.0006711904944469377,0.956773801256328,-0.024937207791773407,0.023595617276063175
237,SJCRH30,H3K36me3,SVA,-0.014926486378721678,0.2970760562240819,-0.042962373748497304,0.01313289064871741
238,SJCRH30,H3K36me3,RTE-BovB,0.011620718055653501,0.43121722426783204,-0.017317017871056956,0.040539002232244895
239,SJCRH30,H3K36me3,tRNA-RTE,-0.014981728097038422,0.35109013790601995,-0.046444924677000995,0.016511164950851705
240,SJCRH30,H3K36me3,hAT-Ac,-0.014200242618610154,0.43389965803772756,-0.049733019421816745,0.02136843548802147
241,SJCRH30,H3K36me3,hAT,0.017162339800142392,0.3733173555633571,-0.0206254020514426,0.054901118066898645
242,SJCRH30,H3K36me3,MULE-MuDR,-0.023369849362889602,0.26174717343842374,-0.06411533157021017,0.017453420451653483
243,SJCRH30,H3K36me3,PiggyBac,0.007266254135506107,0.7399542300365689,-0.035632296388322326,0.05013807594516811
244,SJCRH30,H3K36me3,5S-Deu-L2,0.029975139234734213,0.19354749081661982,-0.015228052307247155,0.07505605415874157
245,SJCRH30,H3K36me3,Helitron,0.002232289774660135,0.9268926175672956,-0.04542713169896075,0.04988157241777889
246,SJCRH30,H3K36me3,hAT-Tag1,0.011424257446815161,0.6394417221202758,-0.036364762604410565,0.05916114639676964
247,SJCRH30,H3K36me3,tRNA,-0.013695465936843204,0.5954951036176852,-0.06418269220930926,0.036861688545102064
248,SJCRH30,H3K36me3,Penelope,0.05909606863795757,0.13141171119128808,-0.017776321981598234,0.13527390374819676
249,SJCRH30,H3K36me3,TcMar-Tc1,-0.014960595812998101,0.7025480562051452,-0.09152619003171013,0.061780847331351973
250,SJCRH30,H3K36me3,Dong-R4,0.008687739464709788,0.8577719444964318,-0.08617180663114297,0.10339118072107527
251,SJCRH30,H3K36me3,tRNA-Deu,-0.05862711036611008,0.2316677864592336,-0.15375871234277497,0.03758135818745882
252,SJCRH30,H3K36me3,Kolobok,-0.004259668740790208,0.9364373569265364,-0.10859472616006625,0.10016821271063824
253,SJCRH30,H3K36me3,PIF-Harbinger,-0.0125503859912087,0.8152733104813421,-0.11737992117107163,0.09255575879430768
254,SJCRH30,H3K36me3,Crypton,-0.012514968657004213,0.8339714873923407,-0.1289288691524503,0.10423918719999123
255,SJCRH30,H3K36me3,Merlin,0.0034880950632629895,0.9598301915531592,-0.1316428980187755,0.13849181865414778
256,SJCRH30,H3K36me3,TcMar,0.12193518609518218,0.08308616065562657,-0.016558108504087902,0.2558377446733364
257,SJCRH30,H3K36me3,L1-Tx1,-0.02310931478657009,0.7886646654527978,-0.19010984807540354,0.1451909441800499
258,SJCRH30,H3K36me3,Crypton-A,-0.027291665833760186,0.7569934868195385,-0.19792178308290198,0.1449437722499006
259,SJCRH30,H3K36me3,I-Jockey,0.0203224909646928,0.833863910908313,-0.1684421581679459,0.20764931200256953
260,SJCRH30,H3K36me3,hAT-Tip100?,-0.1673076923076923,0.18282191031476805,-0.3965487835423993,0.08157432641886754
261,SJCRH30,H3K36me3,TcMar-Pogo,-0.07331378299120234,0.6900681890252025,-0.4118943274513839,0.283054350064798
262,SJCRH30,H3K36me3,hAT?,-0.5260504201680672,0.0013962455853425164,-0.7443898657877073,-0.2060895033820619
263,SJCRH30,H3K36me3,hAT-hAT19,-0.049999999999999996,0.8540995521297436,-0.5327502893761625,0.45730167066061606
264,SJCRH30,H3K27me3,Alu,0.0005670487062306328,0.551535904532479,-0.001299398498429542,0.0024334919601276114
265,SJCRH30,H3K27me3,L1,-0.00041603305646658743,0.7626673251177309,-0.0031162359890007474,0.0022841759427560584
266,SJCRH30,H3K27me3,MIR,-0.0011430259545074195,0.41125377171561817,-0.003869454172057806,0.0015834192563340917
267,SJCRH30,H3K27me3,L2,-0.0007915014865132658,0.6364117820927389,-0.004073148153003869,0.002490162227759862
268,SJCRH30,H3K27me3,ERVL-MaLR,-0.000939890713184721,0.6392814893754362,-0.004870171093479262,0.0029904187045289446
269,SJCRH30,H3K27me3,hAT-Charlie,-0.0031266898429931625,0.14247507235576287,-0.007305000153075894,0.001051729644244588
270,SJCRH30,H3K27me3,ERV1,0.0015293079190966878,0.6180361288383598,-0.004481862376123294,0.007540367695550654
271,SJCRH30,H3K27me3,ERVL,-0.004361556321945507,0.16268955062753426,-0.010484472155788453,0.001761686565937865
272,SJCRH30,H3K27me3,TcMar-Tigger,-6.46135234377141e-05,0.9837792100322638,-0.006293421766641325,0.006164199733527654
273,SJCRH30,H3K27me3,hAT-Tip100,-0.002242571819964987,0.6049713215354124,-0.010739535174744214,0.006254715368917108
274,SJCRH30,H3K27me3,CR1,0.004431509697513568,0.34784963961439785,-0.004820687442258624,0.013682948182202939
275,SJCRH30,H3K27me3,Gypsy,-0.0005376619320010052,0.9463213815428925,-0.016188436973611574,0.015113376511214461
276,SJCRH30,H3K27me3,hAT-Blackjack,-0.0005578754118745815,0.9454314204820625,-0.01653174266518233,0.015416276546524605
277,SJCRH30,H3K27me3,TcMar-Mariner,0.002164084118306124,0.7923371234765183,-0.013945831880534982,0.018272876903327243
278,SJCRH30,H3K27me3,RTE-X,-0.01756699251933084,0.08802767956279221,-0.03773787095243929,0.0026181952359221774
279,SJCRH30,H3K27me3,ERVK,0.0035721507136959635,0.7611908828898557,-0.019463132582004303,0.02660364364503817
280,SJCRH30,H3K27me3,TcMar-Tc2,-0.015470575906897661,0.2114438236236378,-0.03971981877311511,0.008796879177743829
281,SJCRH30,H3K27me3,SVA,0.014168812355645592,0.32217779472729247,-0.013884683571008713,0.042200019854469834
282,SJCRH30,H3K27me3,RTE-BovB,-0.025930980645899687,0.07894844542073577,-0.05482249603690174,0.0030039191220971677
283,SJCRH30,H3K27me3,tRNA-RTE,0.014804018514491327,0.35683388768938984,-0.016688823315252812,0.0462675160509206
284,SJCRH30,H3K27me3,hAT-Ac,-0.0002269515109479532,0.9900218857891003,-0.035782760860012405,0.0353294316786786
285,SJCRH30,H3K27me3,hAT,0.01157772423863184,0.5480607165540874,-0.02619957537756296,0.04932200260914748
286,SJCRH30,H3K27me3,MULE-MuDR,-0.016247318203162324,0.43528693459526047,-0.05701327185327204,0.024572723006353783
287,SJCRH30,H3K27me3,PiggyBac,-0.02519333310206657,0.24951802036210075,-0.06799304716613896,0.017698938389254494
288,SJCRH30,H3K27me3,5S-Deu-L2,-0.003504605594000699,0.8791415464212019,-0.04864550622947477,0.04165058241352664
289,SJCRH30,H3K27me3,Helitron,0.00034621902903293305,0.9886458282926133,-0.047309092655551825,0.04799995821859412
290,SJCRH30,H3K27me3,hAT-Tag1,-0.0035176019955115868,0.8853081301305568,-0.05127675222570223,0.04425760067993215
291,SJCRH30,H3K27me3,tRNA,-0.03996098635823158,0.12123982538142278,-0.09032793632930669,0.010609858401852006
292,SJCRH30,H3K27me3,Penelope,0.013833393370816467,0.7240079479312043,-0.06290328079097005,0.09040746528193522
293,SJCRH30,H3K27me3,TcMar-Tc1,-0.03941446589502635,0.31458251158206957,-0.11581878597602606,0.03745354060515023
294,SJCRH30,H3K27me3,Dong-R4,-0.02346882734039464,0.6282626372935021,-0.11800606129800471,0.07149000497594685
295,SJCRH30,H3K27me3,tRNA-Deu,-0.0054749471240400135,0.9111396222846616,-0.10133752933185255,0.09048836937035903
296,SJCRH30,H3K27me3,Kolobok,-0.0488659906061451,0.35929771820498646,-0.15238625206811898,0.05571487317650458
297,SJCRH30,H3K27me3,PIF-Harbinger,0.04927722590259109,0.3587080710091315,-0.05605626612179718,0.15352586966313886
298,SJCRH30,H3K27me3,Crypton,0.023723244869989966,0.6910899595947972,-0.0931482191860388,0.1399498531079845
299,SJCRH30,H3K27me3,Merlin,0.005991909867875866,0.9310520579384173,-0.12918240421905064,0.1409476007593622
300,SJCRH30,H3K27me3,TcMar,0.030159792551181897,0.66849208000937,-0.10768849033258376,0.1668702993025366
301,SJCRH30,H3K27me3,L1-Tx1,-0.027363407572182252,0.750936075951451,-0.19421821176413762,0.14103022382452504
302,SJCRH30,H3K27me3,Crypton-A,0.036884452827064255,0.6757583626338556,-0.13555611759124103,0.20715608920321477
303,SJCRH30,H3K27me3,I-Jockey,0.020016680567139285,0.8363287691256119,-0.16873882715411567,0.20735598812449949
304,SJCRH30,H3K27me3,hAT-Tip100?,-0.23111888111888113,0.06397544801711798,-0.45230072022092926,0.016845030207939826
305,SJCRH30,H3K27me3,TcMar-Pogo,-0.07258064516129031,0.6930168653905393,-0.4112740537541176,0.28372327851377693
306,SJCRH30,H3K27me3,hAT?,-0.05118411000763942,0.7737470222902796,-0.3829220291156634,0.2922471707259481
307,SJCRH30,H3K27me3,hAT-hAT19,-0.5264705882352941,0.036166514972245475,-0.8227568793446967,-0.00520794623960777
308,SJCRH30,H3K4me3,Alu,-0.0006351526882426145,0.5050387859545413,-0.0025026984353398113,0.0012323974893453894
309,SJCRH30,H3K4me3,L1,0.0014847063219239787,0.2812299785082914,-0.0012158139105584416,0.0041852048991715
310,SJCRH30,H3K4me3,MIR,-0.0014334591149914031,0.3029205853785422,-0.004160633114239018,0.001293736207108067
311,SJCRH30,H3K4me3,L2,0.002879077867303134,0.08554329884418446,-0.0004028424989438453,0.006160936213105224
312,SJCRH30,H3K4me3,ERVL-MaLR,0.001901875875303523,0.34306990534027837,-0.002029721148207966,0.0058334141031595125
313,SJCRH30,H3K4me3,hAT-Charlie,0.0028683352506436314,0.17859372945693258,-0.0013111769712676458,0.00704774726412321
314,SJCRH30,H3K4me3,ERV1,-0.0024817195188403442,0.4184724893499686,-0.008493462815118095,0.003530203167830538
315,SJCRH30,H3K4me3,ERVL,-0.0015582866415966546,0.6180168254343512,-0.00768290827761636,0.004566451902688295
316,SJCRH30,H3K4me3,TcMar-Tigger,0.006280829897595646,0.04817943962752259,5.0228904364894686e-05,0.012510943261238708
317,SJCRH30,H3K4me3,hAT-Tip100,0.004409472312101348,0.3091748939135907,-0.0040889178243988826,0.012907225556533338
318,SJCRH30,H3K4me3,CR1,0.0005698799389457673,0.9039162007292822,-0.008682636106469029,0.009822298411593855
319,SJCRH30,H3K4me3,Gypsy,-0.009325743230093875,0.24289772152278433,-0.024973847331546385,0.006326929664103963
320,SJCRH30,H3K4me3,hAT-Blackjack,0.006952660280207248,0.39383534879379434,-0.009028919577449331,0.022930689184971195
321,SJCRH30,H3K4me3,TcMar-Mariner,-0.0231287464181459,0.004916633805792111,-0.0392354864477855,-0.0070099905622581
322,SJCRH30,H3K4me3,RTE-X,-0.0013177608577170784,0.8981843906362895,-0.021499900601530085,0.01886545244251243
323,SJCRH30,H3K4me3,ERVK,0.0035186604232581493,0.7646289799278377,-0.019513420024196537,0.026547008294542544
324,SJCRH30,H3K4me3,TcMar-Tc2,0.016734040901872426,0.17664588914280907,-0.007542723785069222,0.04099109129373457
325,SJCRH30,H3K4me3,SVA,-0.007756295224646991,0.5881776991862316,-0.03581849049790062,0.020318122064607813
326,SJCRH30,H3K4me3,RTE-BovB,-0.008041778158929848,0.5860095266876681,-0.03696773379807644,0.02089764190208358
327,SJCRH30,H3K4me3,tRNA-RTE,-0.033116993322045526,0.03926332153244194,-0.06454569699924208,-0.0016226575319934307
328,SJCRH30,H3K4me3,hAT-Ac,0.006053926862768446,0.7387633312294523,-0.02952056036278961,0.041613097101108075
329,SJCRH30,H3K4me3,hAT,0.04033536395504797,0.036344843210814846,0.0025523169147849216,0.07800341221875216
330,SJCRH30,H3K4me3,MULE-MuDR,-0.03668486002512751,0.07812721417425272,-0.07739257369730236,0.004144964973714639
331,SJCRH30,H3K4me3,PiggyBac,0.002631400827771284,0.9043035500017145,-0.040249832123545964,0.04550295865511509
332,SJCRH30,H3K4me3,5S-Deu-L2,-0.033866773463840066,0.1416088929027989,-0.07890747248473956,0.011311913438928827
333,SJCRH30,H3K4me3,Helitron,-0.031723696450541884,0.19226833417800399,-0.07928436610586433,0.015981072158279166
334,SJCRH30,H3K4me3,hAT-Tag1,0.008639886775512707,0.7231180720778216,-0.03914477753353195,0.0563851245081774
335,SJCRH30,H3K4me3,tRNA,-0.02386316268954401,0.3549045655912312,-0.07431000741557475,0.0267055026765206
336,SJCRH30,H3K4me3,Penelope,-0.016333015862088192,0.6769711471339781,-0.09294665375475962,0.06047289266797493
337,SJCRH30,H3K4me3,TcMar-Tc1,-0.008374246491772114,0.8308682734157808,-0.08504596730573316,0.06839606473948523
338,SJCRH30,H3K4me3,Dong-R4,-0.03585495730844763,0.4593960344843606,-0.13022930378123942,0.059163259948231385
339,SJCRH30,H3K4me3,tRNA-Deu,0.0024058614787376286,0.9608868378362251,-0.09353094318029914,0.09829839984089457
340,SJCRH30,H3K4me3,Kolobok,-0.05049879032268105,0.3441360231566378,-0.15413471423910863,0.054236195085513444
341,SJCRH30,H3K4me3,PIF-Harbinger,-0.02555576767206275,0.6342267951922055,-0.13020349859582814,0.0796550728920669
342,SJCRH30,H3K4me3,Crypton,0.056697639283875625,0.3419369187289356,-0.060392252945667774,0.172248365730015
343,SJCRH30,H3K4me3,Merlin,-0.09851233799618704,0.1538843259249933,-0.23082549975553637,0.037378060780906344
344,SJCRH30,H3K4me3,TcMar,0.13450734709350778,0.05570913210395201,-0.003888356452988809,0.2678472712397266
345,SJCRH30,H3K4me3,L1-Tx1,-0.07335334757154845,0.3942915439067167,-0.23835381728478805,0.09576301311732437
346,SJCRH30,H3K4me3,Crypton-A,0.09110745443223181,0.3007003943646158,-0.08205141795426937,0.2589269448464608
347,SJCRH30,H3K4me3,I-Jockey,0.07748123436196831,0.42324357873932816,-0.112538445287879,0.26203377383465776
348,SJCRH30,H3K4me3,hAT-Tip100?,-0.125743006993007,0.31824518024154735,-0.35949840929616167,0.12286171272672021
349,SJCRH30,H3K4me3,TcMar-Pogo,0.003299120234604105,0.9857025586979924,-0.3457935158806044,0.3515894965544977
350,SJCRH30,H3K4me3,hAT?,-0.2886172650878533,0.09784209067370274,-0.5759179790975009,0.06213856445682012
351,SJCRH30,H3K4me3,hAT-hAT19,-0.15588235294117647,0.5642819694728023,-0.6069335613825662,0.3711229460356745
352,BE2C,H3K4me1,Alu,0.00014231453742271388,0.8813662779453196,-0.0017267283639360908,0.0020113564444811985
353,BE2C,H3K4me1,L1,-0.00018603639616548417,0.8927186877732404,-0.002889658452102757,0.0025175883794675657
354,BE2C,H3K4me1,MIR,-0.0009310887337028919,0.5036046940615809,-0.0036595766783751008,0.001797413074304672
355,BE2C,H3K4me1,L2,-0.0007918145161470857,0.6364255155600698,-0.004074892691064504,0.002491280728177316
356,BE2C,H3K4me1,ERVL-MaLR,0.0016187380544373392,0.4201615429969169,-0.0023168899429807845,0.005554315906552508
357,BE2C,H3K4me1,hAT-Charlie,0.0013172392542954337,0.537008997766893,-0.00286478671846141,0.005499219152186342
358,BE2C,H3K4me1,ERV1,-0.0009292385376543484,0.7625416808137295,-0.006956962062749439,0.005098552513141053
359,BE2C,H3K4me1,ERVL,0.0021370422118418926,0.4944480556395545,-0.003993248055286721,0.008267171860391978
360,BE2C,H3K4me1,TcMar-Tigger,0.005243736865128957,0.0992583338164289,-0.0009909449511448308,0.011478011035557832
361,BE2C,H3K4me1,hAT-Tip100,-0.0006106586570843217,0.8880492265144008,-0.009112564733892808,0.007891335700428855
362,BE2C,H3K4me1,CR1,0.0008314388660557057,0.8602328995423107,-0.008423366033884227,0.010086101340260433
363,BE2C,H3K4me1,Gypsy,-0.009113662003076691,0.2541283653631227,-0.024773350481755496,0.006550497934203123
364,BE2C,H3K4me1,hAT-Blackjack,-0.00707787179986876,0.38591057260787687,-0.0230739334382491,0.008921812926980098
365,BE2C,H3K4me1,TcMar-Mariner,-0.009244395706964736,0.26130854503871886,-0.025369993307447252,0.006886011469468071
366,BE2C,H3K4me1,RTE-X,0.0037791081988534873,0.7138272335471928,-0.016417772807720762,0.023972906529678113
367,BE2C,H3K4me1,ERVK,0.010865252109396812,0.35669224721713766,-0.012240812335241453,0.03395971930444012
368,BE2C,H3K4me1,TcMar-Tc2,0.010688016933649413,0.38831304716390025,-0.013595654884921113,0.03495908847650926
369,BE2C,H3K4me1,SVA,0.02481809687914116,0.08309436077159932,-0.0032551836854522397,0.052852289100344396
370,BE2C,H3K4me1,RTE-BovB,0.016117554456037138,0.2750562867683379,-0.012827550181560562,0.045035670075240855
371,BE2C,H3K4me1,tRNA-RTE,-0.010358996495893698,0.5192609220596622,-0.0418417208427277,0.02114427834639936
372,BE2C,H3K4me1,hAT-Ac,-0.016405187204936028,0.36620070361413826,-0.05195092146041449,0.019182062524410983
373,BE2C,H3K4me1,hAT,0.015543386139406796,0.42042448058803117,-0.022271660260857216,0.053314020626028254
374,BE2C,H3K4me1,MULE-MuDR,0.00990643716656777,0.6348206534867008,-0.030970188937427787,0.050749981513145186
375,BE2C,H3K4me1,PiggyBac,-0.015522906807248339,0.4787891639576284,-0.05842485482870696,0.027436273448977578
376,BE2C,H3K4me1,5S-Deu-L2,0.045475797155117334,0.048607659308475465,0.000256545806121364,0.09050945193218159
377,BE2C,H3K4me1,Helitron,-0.011195299845740213,0.6463656980451764,-0.058961261425939875,0.03662180895046266
378,BE2C,H3K4me1,hAT-Tag1,0.006325545733650579,0.7955736399100275,-0.04151195591106912,0.054134112638052456
379,BE2C,H3K4me1,tRNA,0.012684503721195034,0.6231645179142895,-0.037904734821555444,0.06320888889551474
380,BE2C,H3K4me1,Penelope,0.05292020347985515,0.17746761133929023,-0.024074203852469014,0.12929051222913435
381,BE2C,H3K4me1,TcMar-Tc1,-0.045963811051285476,0.24118874265246823,-0.12235601989404335,0.030969812153931735
382,BE2C,H3K4me1,Dong-R4,-0.08826768703591231,0.0681040247463376,-0.18171455310452422,0.006759115111117366
383,BE2C,H3K4me1,tRNA-Deu,0.054760808405640564,0.26396308651278366,-0.041443552111202916,0.14995909926656897
384,BE2C,H3K4me1,Kolobok,0.062253613589279354,0.2420226062774127,-0.042208282909323096,0.16536914471308922
385,BE2C,H3K4me1,PIF-Harbinger,0.028880263865088025,0.5907811211358467,-0.07635309270476211,0.13347731388353848
386,BE2C,H3K4me1,Crypton,0.034530459686564055,0.5629307912127121,-0.08243348313234197,0.15055607086419645
387,BE2C,H3K4me1,Merlin,0.011045527912288387,0.8732770714290641,-0.12421242589137507,0.1459004871435348
388,BE2C,H3K4me1,TcMar,0.03559364927003521,0.6159216017249657,-0.10335360920866003,0.17317829320878822
389,BE2C,H3K4me1,L1-Tx1,0.03307364621529414,0.7012192721274217,-0.13543830744752766,0.19972595744661792
390,BE2C,H3K4me1,Crypton-A,-0.13144039941159122,0.13452698905778326,-0.29696695047378174,0.04175502636700344
391,BE2C,H3K4me1,I-Jockey,0.035047724955981845,0.717500244045674,-0.15412676979700854,0.2217435379031832
392,BE2C,H3K4me1,hAT-Tip100?,-0.2368951612903226,0.0615742256038145,-0.46057256733750934,0.01507243723645362
393,BE2C,H3K4me1,TcMar-Pogo,-0.13086510263929618,0.4752821647106642,-0.4598578710245501,0.2297174704265644
394,BE2C,H3K4me1,hAT?,0.19953208556149735,0.2655930649718847,-0.1578078430828467,0.5106643944161183
395,BE2C,H3K4me1,hAT-hAT19,-0.07352941176470588,0.7866792491258565,-0.5497289631077525,0.43873896787471733
396,BE2C,H3K9me3,Alu,0.0002572074845329944,0.7873083298736676,-0.0016112250260421521,0.0021256381992664905
397,BE2C,H3K9me3,L1,0.00018336164108091613,0.8942366033968754,-0.002519867077817716,0.0028865876801717144
398,BE2C,H3K9me3,MIR,2.6931615785226914e-05,0.9845637096910507,-0.0027012903101125535,0.0027551531407685372
399,BE2C,H3K9me3,L2,0.0016026981978785116,0.33865396749051835,-0.0016802674394688626,0.0048856292881762735
400,BE2C,H3K9me3,ERVL-MaLR,0.0011366998129362525,0.5712838581362567,-0.002798377279810891,0.005071741702742184
401,BE2C,H3K9me3,hAT-Charlie,-3.347931087798859e-05,0.9874805681842376,-0.004215249124271656,0.004148291673434738
402,BE2C,H3K9me3,ERV1,-0.0013524960004945548,0.6599858798093481,-0.007377949078869737,0.004673055287329944
403,BE2C,H3K9me3,ERVL,-0.006364618836235247,0.041849634465413524,-0.012494094602597356,-0.00023466476969684187
404,BE2C,H3K9me3,TcMar-Tigger,-0.004805610130342346,0.130829190314251,-0.011039448865047569,0.0014286021345523742
405,BE2C,H3K9me3,hAT-Tip100,-0.0031096848857800896,0.4734480099781865,-0.011611191083386409,0.005392270848671433
406,BE2C,H3K9me3,CR1,-0.00738293723486476,0.11791329561771957,-0.01663635562533699,0.0018717457364267726
407,BE2C,H3K9me3,Gypsy,-0.012028760358543888,0.13228182701221786,-0.02768700993799099,0.0036353907395861892
408,BE2C,H3K9me3,hAT-Blackjack,0.001688469156317104,0.8361245655925637,-0.014309337026072424,0.017685411123774912
409,BE2C,H3K9me3,TcMar-Mariner,-0.002254485240013562,0.7840941816094416,-0.018380143412653052,0.013872345522332127
410,BE2C,H3K9me3,RTE-X,0.008517488957022886,0.408397952677794,-0.011676154033883092,0.028704187254970773
411,BE2C,H3K9me3,ERVK,0.013724769625686995,0.24441046440685352,-0.009386421379324118,0.03682130562299743
412,BE2C,H3K9me3,TcMar-Tc2,-0.0100023963061537,0.4193289755844034,-0.03426668610961614,0.014273678333612785
413,BE2C,H3K9me3,SVA,0.013014297223948482,0.36318232294105013,-0.015038950461393,0.041047072284896916
414,BE2C,H3K9me3,RTE-BovB,-0.006761735490618262,0.6469991372668576,-0.035689173511081564,0.022177023871860446
415,BE2C,H3K9me3,tRNA-RTE,-0.007141456769837815,0.6568675107785911,-0.03863276645643901,0.024364024415970683
416,BE2C,H3K9me3,hAT-Ac,-0.00944201546609103,0.6030873989616397,-0.04500721162843129,0.026147084974869953
417,BE2C,H3K9me3,hAT,0.003772127797478249,0.8449608610561019,-0.03402550880463992,0.04155898913264474
418,BE2C,H3K9me3,MULE-MuDR,0.04303031244829707,0.03902300488714387,0.0021521208220339335,0.08376493373028719
419,BE2C,H3K9me3,PiggyBac,-0.03832125475252652,0.08043802818419825,-0.08116227411018227,0.004661102291534471
420,BE2C,H3K9me3,5S-Deu-L2,-0.004745710491292634,0.8370345075849098,-0.049931704436447434,0.0404596715427146
421,BE2C,H3K9me3,Helitron,0.07594913591007729,0.001803988021954976,0.028243728299168387,0.12330936274636893
422,BE2C,H3K9me3,hAT-Tag1,0.03592188667497936,0.1410915568131142,-0.01193849737152213,0.08361805694455281
423,BE2C,H3K9me3,tRNA,0.005682802135481812,0.8258251447599374,-0.04491024479372651,0.05624677280345756
424,BE2C,H3K9me3,Penelope,-0.014299717917532116,0.7153117682202128,-0.09092888243678926,0.06249778666249114
425,BE2C,H3K9me3,TcMar-Tc1,-0.05646313187936574,0.1498310398595612,-0.13273203419458612,0.020470500734020486
426,BE2C,H3K9me3,Dong-R4,-0.06580773427919913,0.17416785657160186,-0.15969926226688172,0.029263757043292572
427,BE2C,H3K9me3,tRNA-Deu,0.06540147736411948,0.1820199370479806,-0.030808955784389778,0.16041111515042897
428,BE2C,H3K9me3,Kolobok,0.06414071665272508,0.22801684803978078,-0.040323051598719524,0.16721747163486395
429,BE2C,H3K9me3,PIF-Harbinger,0.04375192536864747,0.41518030721039356,-0.06156091073670725,0.14810130855525547
430,BE2C,H3K9me3,Crypton,0.1041409522999236,0.08030373252802762,-0.012926778646750526,0.21839233722454388
431,BE2C,H3K9me3,Merlin,0.09256513910696496,0.18041558248532694,-0.0433318125869512,0.22509890463827345
432,BE2C,H3K9me3,TcMar,0.00012339407597973675,0.9986128765972386,-0.1382736856165614,0.13851574701091304
433,BE2C,H3K9me3,L1-Tx1,-0.10599295031008786,0.21767869984269125,-0.2693682766910065,0.06331260347224309
434,BE2C,H3K9me3,Crypton-A,-0.0047697023809221955,0.9568803271341966,-0.1761520381966841,0.1668932891504303
435,BE2C,H3K9me3,I-Jockey,0.06906681493837458,0.47546323217333963,-0.12082529842494888,0.2540826127188737
436,BE2C,H3K9me3,hAT-Tip100?,-0.04017857142857143,0.7545483414496996,-0.28519921943263515,0.20977133752119168
437,BE2C,H3K9me3,TcMar-Pogo,-0.13819648093841638,0.4506782540104528,-0.4658651289556865,0.2228027275931071
438,BE2C,H3K9me3,hAT?,-0.05314171122994653,0.7689776016843931,-0.3895616864724211,0.2957899514330785
439,BE2C,H3K9me3,hAT-hAT19,-0.0029411764705882353,0.9913748045563624,-0.49792144373831837,0.4934845205018354
440,BE2C,H3K36me3,Alu,0.0006750365038981766,0.47891151965111667,-0.0011935310755590452,0.002543599369524753
441,BE2C,H3K36me3,L1,-0.0014753269169624353,0.28482144384574887,-0.00417886061411837,0.0012282283470200505
442,BE2C,H3K36me3,MIR,-0.0013799999291432357,0.32147011948830406,-0.004108080629195402,0.0013481013121927447
443,BE2C,H3K36me3,L2,0.0030021971846838726,0.07308582222075483,-0.0002808643874824247,0.006285194039218224
444,BE2C,H3K36me3,ERVL-MaLR,-0.0001063602195577872,0.9577514672479153,-0.004041413912769214,0.003828696767557464
445,BE2C,H3K36me3,hAT-Charlie,-0.0038156618293303554,0.0737078338708317,-0.007997196119226816,0.0003660059022090059
446,BE2C,H3K36me3,ERV1,8.135309454028348e-05,0.9788932619821782,-0.005945442038996826,0.006108142318226714
447,BE2C,H3K36me3,ERVL,-0.003404439742237213,0.2763812376663822,-0.009534369542873395,0.002725745922767256
448,BE2C,H3K36me3,TcMar-Tigger,-0.0023861960319063354,0.4531463705225398,-0.008620336288683302,0.0038481297080992043
449,BE2C,H3K36me3,hAT-Tip100,-0.0071887592814290245,0.09746526047947474,-0.015689622840629542,0.001313143445278429
450,BE2C,H3K36me3,CR1,-0.003051598312178666,0.5180970856613771,-0.01230559815900622,0.0062029242255154365
451,BE2C,H3K36me3,Gypsy,-0.00045609774540729604,0.9544911562476233,-0.016119383243880004,0.015207411552994536
452,BE2C,H3K36me3,hAT-Blackjack,0.009580500649273287,0.24047336276859016,-0.0064171924541073025,0.025573291003542754
453,BE2C,H3K36me3,TcMar-Mariner,-0.0033798270922477183,0.6813265242015247,-0.019508937854056437,0.012751042393363188
454,BE2C,H3K36me3,RTE-X,-0.023507672913697382,0.022506443029060134,-0.04368313448645696,-0.0033130450078290396
455,BE2C,H3K36me3,ERVK,-0.014153741503581984,0.22984703148511976,-0.03724342570094402,0.008951047260116146
456,BE2C,H3K36me3,TcMar-Tc2,0.01087549187704579,0.38008146406148324,-0.013410080801532193,0.035148241320786915
457,BE2C,H3K36me3,SVA,0.009588174908011308,0.5029528970303703,-0.018466879247590513,0.03762814235550438
458,BE2C,H3K36me3,RTE-BovB,-0.011734258829925834,0.42677940667551206,-0.040655540371619836,0.017206668770704113
459,BE2C,H3K36me3,tRNA-RTE,0.010325846292833655,0.5205988678197331,-0.021177411851743495,0.04180861969932704
460,BE2C,H3K36me3,hAT-Ac,-0.005134143218183593,0.7774556264043584,-0.04071819163188443,0.030462912246859986
461,BE2C,H3K36me3,hAT,0.01879690048610454,0.3296994394634569,-0.0190055615684383,0.05654569732096847
462,BE2C,H3K36me3,MULE-MuDR,0.017841957852756853,0.39239994304089687,-0.023050072836064358,0.05867438738637187
463,BE2C,H3K36me3,PiggyBac,-0.016955747429122318,0.4391463914159712,-0.05985355888434914,0.026004577625551452
464,BE2C,H3K36me3,5S-Deu-L2,0.022669757411031267,0.32576921765698075,-0.02255560408035806,0.06780252675700843
465,BE2C,H3K36me3,Helitron,-0.024121268630948784,0.3226783923879867,-0.07182722219213199,0.023694795575978853
466,BE2C,H3K36me3,hAT-Tag1,0.018770072706150116,0.44198880574770893,-0.029084709570662556,0.0665390090150466
467,BE2C,H3K36me3,tRNA,0.026113870556129383,0.31182991230475154,-0.024506842354610744,0.076601014193945
468,BE2C,H3K36me3,Penelope,-0.024810122207170437,0.5268138137761496,-0.10135394433679253,0.05202571162816733
469,BE2C,H3K36me3,TcMar-Tc1,0.03121015071138253,0.4266245686996213,-0.04576113123999688,0.10781302986873029
470,BE2C,H3K36me3,Dong-R4,-0.06921217899812904,0.15288937133832475,-0.16304086401255538,0.025857227613175455
471,BE2C,H3K36me3,tRNA-Deu,0.049222685339065146,0.31540018615761856,-0.046972018690567455,0.1445128075340164
472,BE2C,H3K36me3,Kolobok,-0.023346647394695528,0.6611014934047975,-0.12713978310457352,0.08095224266062609
473,BE2C,H3K36me3,PIF-Harbinger,0.014355124594529768,0.7892939829571186,-0.09076712765995758,0.11916099850625646
474,BE2C,H3K36me3,Crypton,0.03409604268886667,0.5678561665648081,-0.08286457450598794,0.1501301195002537
475,BE2C,H3K36me3,Merlin,-0.009432100311152639,0.89166450876483,-0.1443197689984981,0.12579970281201502
476,BE2C,H3K36me3,TcMar,-0.039892491988898125,0.5739319239050946,-0.17736196956324407,0.09910392832594074
477,BE2C,H3K36me3,L1-Tx1,0.04481382219138565,0.6030722127613848,-0.12391606887754596,0.21102506530893253
478,BE2C,H3K36me3,Crypton-A,-0.025780948683451307,0.7700595651809374,-0.1964654506854167,0.14642007090477274
479,BE2C,H3K36me3,I-Jockey,-0.0866092113798536,0.3705272309483837,-0.2706378353968928,0.10352619505153306
480,BE2C,H3K36me3,hAT-Tip100?,-0.13997695852534564,0.27387520366805607,-0.37580759251613494,0.11288145487028603
481,BE2C,H3K36me3,TcMar-Pogo,0.13673020527859234,0.4555435234836932,-0.2241879088178817,0.4646655290001898
482,BE2C,H3K36me3,hAT?,-0.04612299465240642,0.798819126593981,-0.38352396102139563,0.3021403895149421
483,BE2C,H3K36me3,hAT-hAT19,0.22647058823529412,0.3989829266412891,-0.30955764885634146,0.6532735942501562
484,BE2C,H3K27me3,Alu,0.00020210511986792147,0.8321026469297113,-0.0016663289318041153,0.0020705377604245045
485,BE2C,H3K27me3,L1,5.2992704089768114e-05,0.9693532935612514,-0.002650422835652163,0.0027564074692422707
486,BE2C,H3K27me3,MIR,0.0028511517313280395,0.04051339818388318,0.0001231896897695677,0.005579071337931472
487,BE2C,H3K27me3,L2,-0.0011586441392760808,0.4891113548407666,-0.00444158303458338,0.0021243197312643325
488,BE2C,H3K27me3,ERVL-MaLR,0.0013935540503842655,0.4876106769349211,-0.0025414140710103153,0.005328479016658637
489,BE2C,H3K27me3,hAT-Charlie,-0.0028580047335893086,0.1803354987231704,-0.007039071499776264,0.0013231619591886502
490,BE2C,H3K27me3,ERV1,0.0006950438277682269,0.8211333360242402,-0.005330290360497613,0.0067203275497836855
491,BE2C,H3K27me3,ERVL,-0.003109898792889243,0.3200331281686586,-0.009239368828876908,0.0030198049345692216
492,BE2C,H3K27me3,TcMar-Tigger,0.0002471342178372641,0.9380646326685674,-0.00598650406414091,0.0064807532934688635
493,BE2C,H3K27me3,hAT-Tip100,-0.00269424627771263,0.5345322982875842,-0.011195877857837431,0.005807774791143662
494,BE2C,H3K27me3,CR1,0.005732075667018193,0.22476860360413403,-0.003522719365975158,0.014985888853248343
495,BE2C,H3K27me3,Gypsy,0.005604256006210243,0.48315119936592477,-0.010059649668022154,0.02126541197941464
496,BE2C,H3K27me3,hAT-Blackjack,0.012771095360684864,0.11765505382207338,-0.003227091530523338,0.028762746537629048
497,BE2C,H3K27me3,TcMar-Mariner,-0.004855753917161291,0.5551621441108356,-0.020982695474577796,0.011273713847369886
498,BE2C,H3K27me3,RTE-X,-0.0021245680828165204,0.8366274710179363,-0.0223149023997754,0.01806749854923709
499,BE2C,H3K27me3,ERVK,-0.007930769262466377,0.5011371570946646,-0.031029361987102325,0.015176289940976417
500,BE2C,H3K27me3,TcMar-Tc2,0.005032150109317541,0.6844878420295148,-0.019238633778996143,0.029297006708490562
501,BE2C,H3K27me3,SVA,-0.02127484263492245,0.13724305204659273,-0.04930377387623486,0.006787571619738992
502,BE2C,H3K27me3,RTE-BovB,-0.03553945870015839,0.016056695211365865,-0.06441641801264783,-0.006603031013694304
503,BE2C,H3K27me3,tRNA-RTE,-0.010360738076454178,0.5191906807725061,-0.04184345984445445,0.021142537641635716
504,BE2C,H3K27me3,hAT-Ac,-0.00037342887317447183,0.9835961359271823,-0.03595834012378399,0.03521242813814231
505,BE2C,H3K27me3,hAT,0.007724641034088499,0.688762959614188,-0.030070326963507345,0.04549755191942036
506,BE2C,H3K27me3,MULE-MuDR,-0.011279300520928522,0.5888235034602021,-0.052137418791629045,0.029616516301603595
507,BE2C,H3K27me3,PiggyBac,-0.028894760092218204,0.18753022964123334,-0.07177353634818488,0.014090620530455567
508,BE2C,H3K27me3,5S-Deu-L2,0.012472306737992806,0.5888883350555236,-0.03275639073359993,0.05765002621727246
509,BE2C,H3K27me3,Helitron,0.0023505706355066514,0.9232580696247771,-0.04545061844585405,0.05014102018088345
510,BE2C,H3K27me3,hAT-Tag1,0.030709695881616473,0.20836180846750452,-0.017151222553887707,0.07843020324285231
511,BE2C,H3K27me3,tRNA,0.049796407249694676,0.05367102643815797,-0.0008166735390153608,0.10015501443549349
512,BE2C,H3K27me3,Penelope,0.034318551572534745,0.38127508407096655,-0.04254101971195652,0.11077431114766258
513,BE2C,H3K27me3,TcMar-Tc1,-0.029228709909640813,0.45623457543207346,-0.10579144565526681,0.047678530812543175
514,BE2C,H3K27me3,Dong-R4,-0.0662835881941905,0.17106777786723099,-0.16016643017206098,0.02878771209073041
515,BE2C,H3K27me3,tRNA-Deu,0.05199527946731907,0.2888807324941861,-0.04420481376507561,0.14723997125156216
516,BE2C,H3K27me3,Kolobok,0.11610022393535213,0.02872922544075369,0.011807710663498724,0.21789394042496063
517,BE2C,H3K27me3,PIF-Harbinger,-0.07371911161875613,0.16940560533001503,-0.17746541988874842,0.031647712350794714
518,BE2C,H3K27me3,Crypton,0.06632205388977823,0.2661397455203658,-0.05079567485835299,0.18164040003396634
519,BE2C,H3K27me3,Merlin,0.07859934556031686,0.255664290380936,-0.05728419094856552,0.21162372290177417
520,BE2C,H3K27me3,TcMar,-0.018844565950821596,0.7906049387142707,-0.15684233353220006,0.11987494031325314
521,BE2C,H3K27me3,L1-Tx1,-0.05556223215876339,0.51900568150152,-0.221340512928806,0.11333715224713564
522,BE2C,H3K27me3,Crypton-A,0.09402746249307617,0.2854087326430556,-0.0791485172989774,0.26169439466915007
523,BE2C,H3K27me3,I-Jockey,0.009229913817069781,0.9241129262133443,-0.17918682299608424,0.19699352676594734
524,BE2C,H3K27me3,hAT-Tip100?,0.0426747311827957,0.7398223128163788,-0.20739218027439446,0.28750664280398347
525,BE2C,H3K27me3,TcMar-Pogo,-0.24046920821114368,0.18492927279528834,-0.547253539202268,0.12327784775217657
526,BE2C,H3K27me3,hAT?,0.4137700534759359,0.01668104072655899,0.06720969165010252,0.6712374516590255
527,BE2C,H3K27me3,hAT-hAT19,-0.10294117647058824,0.7044103818167706,-0.5705524379735629,0.41507516036700587
528,SJSA1,H3K27ac,Alu,-0.00025678688711479536,0.7871118094600049,-0.0021203978951882603,0.0016068259046258316
529,SJSA1,H3K27ac,L1,-0.0015270955010073183,0.2668297844308931,-0.004222565469195961,0.0011683966578186927
530,SJSA1,H3K27ac,MIR,0.0012937103343693902,0.3523708671225426,-0.0014327695395519935,0.004020170974304643
531,SJSA1,H3K27ac,L2,0.002189300297879829,0.19085002638563597,-0.001091076377633,0.005469629856286833
532,SJSA1,H3K27ac,ERVL-MaLR,-0.0017864912750700642,0.3724507933727488,-0.005712318302356235,0.0021393908203924286
533,SJSA1,H3K27ac,hAT-Charlie,0.0002361540234950406,0.9117460831667461,-0.003939835769326031,0.004412135579803467
534,SJSA1,H3K27ac,ERV1,0.00174566620988838,0.567638041498471,-0.0042407552310324064,0.0077319625333192475
535,SJSA1,H3K27ac,ERVL,0.004921278329779722,0.11492702998008211,-0.0011973649226806856,0.011039553111885614
536,SJSA1,H3K27ac,TcMar-Tigger,0.0011518131397162698,0.7168429186046896,-0.005072668420016138,0.007376205448520258
537,SJSA1,H3K27ac,hAT-Tip100,0.007591636991750672,0.07993093401836032,-0.0009057011750404755,0.016087878932203283
538,SJSA1,H3K27ac,CR1,0.0034133754003430362,0.4693252743812484,-0.005832508192229738,0.012658675428850972
539,SJSA1,H3K27ac,Gypsy,-0.0013961300710535892,0.8611769315784537,-0.017042186565859107,0.014250609997672845
540,SJSA1,H3K27ac,hAT-Blackjack,0.013285720582768973,0.10291336523227251,-0.002681613891956965,0.029246282193323262
541,SJSA1,H3K27ac,TcMar-Mariner,0.0035570651552025586,0.6649881677440721,-0.012542243094995858,0.019654529697979053
542,SJSA1,H3K27ac,RTE-X,0.006857097311256552,0.5053585124478952,-0.013320199044854437,0.027028811581537703
543,SJSA1,H3K27ac,ERVK,0.005926828841590468,0.6105312148372299,-0.01688048843388755,0.02872798160587414
544,SJSA1,H3K27ac,TcMar-Tc2,-0.01024265233795765,0.40795804818326575,-0.03449184485981608,0.014018593273045605
545,SJSA1,H3K27ac,SVA,0.0010854006739174549,0.9392794652649397,-0.026836492213034288,0.029005601235033544
546,SJSA1,H3K27ac,RTE-BovB,0.0020997668110623708,0.8868453163363441,-0.026817084640011684,0.03101310708896986
547,SJSA1,H3K27ac,tRNA-RTE,-0.04030504314805234,0.012112326596824364,-0.0717182211802339,-0.00881198804359429
548,SJSA1,H3K27ac,hAT-Ac,-0.0039068743978167364,0.8294054599839888,-0.03942841684470359,0.03162453016867868
549,SJSA1,H3K27ac,hAT,-0.023821428161208115,0.21662072095663906,-0.06154999084536038,0.013975112246375562
550,SJSA1,H3K27ac,MULE-MuDR,0.004080277446386109,0.8447077037238313,-0.03673591410473874,0.044882878127914916
551,SJSA1,H3K27ac,PiggyBac,-0.0050288078625346545,0.8179337637954317,-0.04781356304076135,0.03777436652788717
552,SJSA1,H3K27ac,5S-Deu-L2,0.016845007670215652,0.4647097848343721,-0.02831620635061323,0.06193759465870242
553,SJSA1,H3K27ac,Helitron,-0.013017755705578274,0.5922535295112165,-0.060594539282627466,0.034618043665024655
554,SJSA1,H3K27ac,hAT-Tag1,0.000392501594594797,0.9871548172208775,-0.0473618264237008,0.04814503949891037
555,SJSA1,H3K27ac,tRNA,-0.014319799598595468,0.5788304309194094,-0.0648047712167799,0.036238287400904894
556,SJSA1,H3K27ac,Penelope,-0.015098116263163628,0.6990707586752599,-0.09142970669143141,0.06140985963027434
557,SJSA1,H3K27ac,TcMar-Tc1,0.0391515631389902,0.3178237897214001,-0.03771608147308291,0.11555860947974966
558,SJSA1,H3K27ac,Dong-R4,-0.11051029898873753,0.022220564414452682,-0.20344677354207413,-0.01560018449070659
559,SJSA1,H3K27ac,tRNA-Deu,-0.06222641386983053,0.20421182823994424,-0.1572940258359141,0.033983929135714956
560,SJSA1,H3K27ac,Kolobok,-0.06880480904533119,0.19652787648287565,-0.17192786472122928,0.0358098661228854
561,SJSA1,H3K27ac,PIF-Harbinger,-0.06480339803524485,0.22721894092704784,-0.16874366384775205,0.04056227313653156
562,SJSA1,H3K27ac,Crypton,0.08843787645018956,0.13778770998465964,-0.02868165596675311,0.20316209287681214
563,SJSA1,H3K27ac,Merlin,0.004049177034745006,0.9532638788585649,-0.13077170392758938,0.13872301502270407
564,SJSA1,H3K27ac,TcMar,0.0915620271703136,0.19386394477577704,-0.04702664249878186,0.22669224370495827
565,SJSA1,H3K27ac,L1-Tx1,-0.05217855989373999,0.5448128306673652,-0.2180961434090526,0.11667057398018553
566,SJSA1,H3K27ac,Crypton-A,-0.08744276424252494,0.3206417456029947,-0.25545075386475957,0.08569148109209695
567,SJSA1,H3K27ac,I-Jockey,0.10585673246223706,0.2732903411535016,-0.08444469098465468,0.28870771725294136
568,SJSA1,H3K27ac,hAT-Tip100?,-0.09427655677655677,0.4586932811293969,-0.3328785385111512,0.1556712034374204
569,SJSA1,H3K27ac,TcMar-Pogo,0.05425219941348973,0.7680673598588204,-0.30036282813718157,0.39569081215811164
570,SJSA1,H3K27ac,hAT?,0.036516424751718866,0.8375491678290821,-0.30552717479570674,0.37021301346887653
571,SJSA1,H3K27ac,hAT-hAT19,-0.25,0.3503914791072017,-0.668174158635457,0.288208840877694
572,SJSA1,H3K9me3,Alu,0.0006528957005768898,0.49209009939827764,-0.0012098029006109492,0.002515589771139803
573,SJSA1,H3K9me3,L1,-0.0013004506485340506,0.34430373738965425,-0.003995630464011586,0.0013947480600399098
574,SJSA1,H3K9me3,MIR,-0.00015643434864484035,0.9104464955766071,-0.0028824083668314514,0.0025695419944505595
575,SJSA1,H3K9me3,L2,-0.001596753182152338,0.34005683980301427,-0.004877021127202977,0.0016835491259782737
576,SJSA1,H3K9me3,ERVL-MaLR,-0.0025677047796895175,0.19978021843207788,-0.006492683102999334,0.0013573526590566396
577,SJSA1,H3K9me3,hAT-Charlie,0.00044087584520765703,0.8360364262163915,-0.0037341979455806974,0.00461593426602325
578,SJSA1,H3K9me3,ERV1,-0.0008110611581061046,0.7905325220331492,-0.006795671233074045,0.005173607014679548
579,SJSA1,H3K9me3,ERVL,-0.002381991536977455,0.4453641560855166,-0.00849925429867191,0.0037354495034758453
580,SJSA1,H3K9me3,TcMar-Tigger,0.0042556336044100385,0.18019253442267566,-0.0019681993911450204,0.010479136918185031
581,SJSA1,H3K9me3,hAT-Tip100,0.005265460269480866,0.22447008083520018,-0.003230463443866097,0.013760623900334931
582,SJSA1,H3K9me3,CR1,-0.0005626078331485269,0.9050744204331973,-0.009808950307999489,0.00868383084287744
583,SJSA1,H3K9me3,Gypsy,0.002987986069320576,0.7082040440336592,-0.012659061825581156,0.018633570990055057
584,SJSA1,H3K9me3,hAT-Blackjack,0.006802024784870085,0.403679822248871,-0.00916309749739115,0.022763680189763474
585,SJSA1,H3K9me3,TcMar-Mariner,-0.005269826582081787,0.5210667741919519,-0.021362865543152205,0.010825942539476474
586,SJSA1,H3K9me3,RTE-X,0.008429180932561536,0.4129029877028586,-0.011748391787940822,0.02859989187990153
587,SJSA1,H3K9me3,ERVK,0.006164032291999994,0.5961213835200798,-0.016631016850742402,0.028952677152910795
588,SJSA1,H3K9me3,TcMar-Tc2,0.030998573012829798,0.012222876449828198,0.006748125493600442,0.0552125807600229
589,SJSA1,H3K9me3,SVA,0.002810644232105577,0.8435796147035253,-0.025103956124777838,0.030720864993605143
590,SJSA1,H3K9me3,RTE-BovB,-0.017449273019989987,0.23702189125674217,-0.046346423164177204,0.011477057302560425
591,SJSA1,H3K9me3,tRNA-RTE,-0.019194395313305176,0.23231693238325785,-0.05065813620598825,0.012307409213858301
592,SJSA1,H3K9me3,hAT-Ac,0.005569146037916574,0.7587755114555467,-0.02996977739547516,0.04109400677092452
593,SJSA1,H3K9me3,hAT,0.019629571463484013,0.3085427378110039,-0.01815912049008793,0.057362263441380304
594,SJSA1,H3K9me3,MULE-MuDR,0.01897750987903956,0.3623461347014364,-0.021861851705533494,0.05975364328880885
595,SJSA1,H3K9me3,PiggyBac,-0.019047624317042818,0.38297316563965955,-0.061775550197078206,0.023749989848330117
596,SJSA1,H3K9me3,5S-Deu-L2,-0.012939111773131812,0.5744076459459324,-0.05804358351896097,0.0322180773356333
597,SJSA1,H3K9me3,Helitron,0.004059645855034048,0.867397434710969,-0.0435753580049195,0.05167623310152689
598,SJSA1,H3K9me3,hAT-Tag1,-0.0011620962111651896,0.9619814630903126,-0.04891283639966151,0.046593944040978615
599,SJSA1,H3K9me3,tRNA,-0.015831001030109,0.5394259899660196,-0.06631039341730843,0.03472922093673106
600,SJSA1,H3K9me3,Penelope,-0.022654781674599014,0.5615497058046479,-0.09886816863091893,0.05382283303220661
601,SJSA1,H3K9me3,TcMar-Tc1,0.0066492748146439705,0.8652293196254911,-0.07005358654090656,0.0832739727020832
602,SJSA1,H3K9me3,Dong-R4,0.047396519279420395,0.3279610463173548,-0.04765740857595151,0.14159972272634927
603,SJSA1,H3K9me3,tRNA-Deu,0.03222309898127843,0.5111805142005995,-0.0639143159657018,0.12776793238170328
604,SJSA1,H3K9me3,Kolobok,-0.08829851083413057,0.09717788309960389,-0.1909740736172251,0.016288343180244844
605,SJSA1,H3K9me3,PIF-Harbinger,0.06053164697229249,0.25940354559916107,-0.04482898477448444,0.16456047939937307
606,SJSA1,H3K9me3,Crypton,0.015293013735515101,0.7978391597175206,-0.10149224426615587,0.13166250301939927
607,SJSA1,H3K9me3,Merlin,0.04551829151250988,0.5097803811437404,-0.08985100917777591,0.17923628926501567
608,SJSA1,H3K9me3,TcMar,0.03547466706164256,0.6144548177562118,-0.10243853663915041,0.17204981951287965
609,SJSA1,H3K9me3,L1-Tx1,0.15284631012880484,0.07456666506594722,-0.016246141409592497,0.3134391007689592
610,SJSA1,H3K9me3,Crypton-A,-0.026103911183782358,0.7672607202242169,-0.1967768341478546,0.14610451466723093
611,SJSA1,H3K9me3,I-Jockey,0.04449077935316468,0.6459686088766035,-0.14491514100594988,0.23075130686565912
612,SJSA1,H3K9me3,hAT-Tip100?,-0.023489010989010985,0.8538299937922813,-0.26778447047050913,0.2236442433083832
613,SJSA1,H3K9me3,TcMar-Pogo,0.01099706744868035,0.9523663269102219,-0.3390065627114964,0.3583266219104928
614,SJSA1,H3K9me3,hAT?,0.1309396485867074,0.46043458139509863,-0.2182613829521821,0.4504154462004786
615,SJSA1,H3K9me3,hAT-hAT19,-0.5882352941176471,0.016539722195378158,-0.8520832865878636,-0.086005205039706
616,SJSA1,H3K36me3,Alu,0.00046160493255985915,0.6272249931213784,-0.0014013709619959075,0.002324577622955193
617,SJSA1,H3K36me3,L1,-0.002262551902112186,0.0999262882687075,-0.004957934424130981,0.0004328634957484381
618,SJSA1,H3K36me3,MIR,0.0023162997106315245,0.09583298339105019,-0.000409694946273437,0.0050422599427230935
619,SJSA1,H3K36me3,L2,-0.00097842826703105,0.5588146588113843,-0.004258725159669177,0.002301889682219111
620,SJSA1,H3K36me3,ERVL-MaLR,0.001036189728945946,0.6048655327921186,-0.0028888761045526017,0.004961223635298131
621,SJSA1,H3K36me3,hAT-Charlie,0.003474249226239809,0.10289201773839358,-0.0007007739454218329,0.007649151281937863
622,SJSA1,H3K36me3,ERV1,-0.004344106989808506,0.15482792229606882,-0.010328508778815752,0.0016406059728200722
623,SJSA1,H3K36me3,ERVL,-0.0007148980139091856,0.8188375592742827,-0.006832395836170649,0.00540265331721908
624,SJSA1,H3K36me3,TcMar-Tigger,0.001658534752075576,0.6014555683719055,-0.004565112450632459,0.00788205347442722
625,SJSA1,H3K36me3,hAT-Tip100,0.008913518119397477,0.03973566917901889,0.00041821938009847673,0.017407530372317313
626,SJSA1,H3K36me3,CR1,-0.0051758039059822914,0.2725439897202151,-0.014420539761736309,0.004069816759770963
627,SJSA1,H3K36me3,Gypsy,-0.010647766582658395,0.18225697748102782,-0.026289254454465873,0.00499893369933141
628,SJSA1,H3K36me3,hAT-Blackjack,-0.002305880005310597,0.7770907526401081,-0.018267583128219918,0.013656998175958824
629,SJSA1,H3K36me3,TcMar-Mariner,-0.0007506072803042401,0.9271771096580497,-0.016845687889413066,0.015344862230484018
630,SJSA1,H3K36me3,RTE-X,0.004190294752523813,0.6839842202533071,-0.015986361759554514,0.02436354006474599
631,SJSA1,H3K36me3,ERVK,0.003795841646568031,0.744214032504104,-0.019004548418663735,0.026592285742288346
632,SJSA1,H3K36me3,TcMar-Tc2,0.029221447264946823,0.01819764319468621,0.004966381063301545,0.05344215039889113
633,SJSA1,H3K36me3,SVA,-0.007731538362053303,0.5872761641289945,-0.03563684026542681,0.020185810648485156
634,SJSA1,H3K36me3,RTE-BovB,-0.024646639080619346,0.09485508602805343,-0.0535312069246097,0.004279138754107559
635,SJSA1,H3K36me3,tRNA-RTE,0.018117750204179106,0.25932574854819873,-0.01336767350654197,0.049567281674576746
636,SJSA1,H3K36me3,hAT-Ac,0.0052103637589708965,0.7738424653529855,-0.030322369749035353,0.040729944828346014
637,SJSA1,H3K36me3,hAT,0.014680595286263028,0.4463441748613147,-0.02310584280849505,0.052425148477903756
638,SJSA1,H3K36me3,MULE-MuDR,-0.018964063097860143,0.3629991142789827,-0.05976676885502298,0.0219019083704488
639,SJSA1,H3K36me3,PiggyBac,-0.03599418716579962,0.09922551373808933,-0.07867141026138567,0.0068147268276371594
640,SJSA1,H3K36me3,5S-Deu-L2,0.05167774891291141,0.024814504593280582,0.0065264124853572246,0.09661880009925498
641,SJSA1,H3K36me3,Helitron,-0.024011172696255634,0.3233141420360034,-0.07156256092391232,0.0236491119653587
642,SJSA1,H3K36me3,hAT-Tag1,-0.01005185182843276,0.6801047561613778,-0.057778759581922634,0.03772089791839411
643,SJSA1,H3K36me3,tRNA,0.0077497514047168885,0.7638712107252303,-0.042797043982997045,0.05825697452186669
644,SJSA1,H3K36me3,Penelope,-0.017569834095053877,0.652803758909766,-0.09388239095150795,0.058947976124159925
645,SJSA1,H3K36me3,TcMar-Tc1,-0.030339950623214988,0.4385817022718004,-0.10677540566737663,0.04645200101381488
646,SJSA1,H3K36me3,Dong-R4,-0.01700102521342524,0.7258009023112477,-0.11161476189584013,0.07791816056950356
647,SJSA1,H3K36me3,tRNA-Deu,-0.008321972206698457,0.8652959696315026,-0.10415556759815701,0.08766473729704324
648,SJSA1,H3K36me3,Kolobok,-0.15211195407397043,0.004123481065532624,-0.252910954318621,-0.04804613944748239
649,SJSA1,H3K36me3,PIF-Harbinger,0.010397431359857516,0.8465294829044285,-0.09468883346333132,0.11525453196310306
650,SJSA1,H3K36me3,Crypton,0.0035428413651335255,0.952684315641265,-0.11310176086242744,0.12009111446158544
651,SJSA1,H3K36me3,Merlin,0.008374806436247875,0.9035166176655297,-0.1265192897122879,0.14296478544098304
652,SJSA1,H3K36me3,TcMar,0.13948944603773245,0.047159998966883956,0.0011419530386590972,0.2725975502229837
653,SJSA1,H3K36me3,L1-Tx1,-0.05373504913565076,0.532863654162488,-0.21958889603366596,0.11513755518659886
654,SJSA1,H3K36me3,Crypton-A,0.08302271547766361,0.3458036621826419,-0.09007716471515424,0.25125366653131864
655,SJSA1,H3K36me3,I-Jockey,0.07243999629320731,0.4541219891118389,-0.11750565387892102,0.2572723526134068
656,SJSA1,H3K36me3,hAT-Tip100?,0.09336080586080585,0.4630884437270103,-0.15656207484645035,0.3320472064036992
657,SJSA1,H3K36me3,TcMar-Pogo,0.12096774193548386,0.5095747265540842,-0.23900841178377297,0.45171133780804607
658,SJSA1,H3K36me3,hAT?,-0.07746371275783039,0.6632376426417506,-0.40546072117002674,0.2682047303350257
659,SJSA1,H3K36me3,hAT-hAT19,0.09117647058823529,0.7370049501736589,-0.4246032278949095,0.5622759695515762
660,SJSA1,H3K27me3,Alu,0.0009993684515433507,0.29312474746097256,-0.0008637942289227235,0.002862524193662669
661,SJSA1,H3K27me3,L1,0.0013708948587767011,0.3188209239593221,-0.0013244110149444163,0.004066180814399783
662,SJSA1,H3K27me3,MIR,-0.00121991357464248,0.38045815683695416,-0.003946058637892026,0.0015062496212253037
663,SJSA1,H3K27me3,L2,-0.00010295577619994166,0.9509477826796173,-0.0033831909123068693,0.00317728157550498
664,SJSA1,H3K27me3,ERVL-MaLR,0.0011507288030291915,0.5655856268431689,-0.0027746529239648194,0.005076075068006996
665,SJSA1,H3K27me3,hAT-Charlie,0.004050832364091083,0.0572417233691404,-0.000124651488918023,0.008226174969746819
666,SJSA1,H3K27me3,ERV1,0.000792765310309385,0.7951736465515887,-0.005192572032910879,0.006778045853566855
667,SJSA1,H3K27me3,ERVL,0.0058861438562229015,0.05932657350395151,-0.0002316529989896239,0.012003500121329207
668,SJSA1,H3K27me3,TcMar-Tigger,-0.003289176843687008,0.3003010390692122,-0.009512877139059128,0.002934778273756308
669,SJSA1,H3K27me3,hAT-Tip100,-0.008978019119877875,0.038331665526848475,-0.017472338505535187,-0.00048240384179059183
670,SJSA1,H3K27me3,CR1,0.005714521785420098,0.2257056547839643,-0.0035305899504192617,0.014958656728319981
671,SJSA1,H3K27me3,Gypsy,-0.000715657860256333,0.9285696808800334,-0.016361399273559153,0.014930433931737373
672,SJSA1,H3K27me3,hAT-Blackjack,0.00048375625587873704,0.9526439692757078,-0.015480836451634394,0.016448102378950887
673,SJSA1,H3K27me3,TcMar-Mariner,-0.0011326062860535207,0.8903292571630712,-0.017230293399635475,0.014965667846748288
674,SJSA1,H3K27me3,RTE-X,0.014024911476446853,0.1730723647835257,-0.006153037938798778,0.034191444632209904
675,SJSA1,H3K27me3,ERVK,0.015364973353661042,0.18659936893606469,-0.007439183987725081,0.03815315763588827
676,SJSA1,H3K27me3,TcMar-Tc2,0.020113662663347836,0.10411857802863533,-0.004146081329744434,0.0443497449793293
677,SJSA1,H3K27me3,SVA,-0.024873164451033977,0.08082551478139773,-0.05276190372145373,0.0030543443806959163
678,SJSA1,H3K27me3,RTE-BovB,0.018369933450259893,0.2131323194968142,-0.010553301939943353,0.047262456246749206
679,SJSA1,H3K27me3,tRNA-RTE,0.011718641586164745,0.4658945743042483,-0.019781205087698445,0.04319524680900989
680,SJSA1,H3K27me3,hAT-Ac,0.0045004051049786,0.8039498948205361,-0.031025779059257384,0.04001523266021624
681,SJSA1,H3K27me3,hAT,0.032819190490442636,0.08860717213612442,-0.004968722304768133,0.07051350784834358
682,SJSA1,H3K27me3,MULE-MuDR,0.0007073606904471346,0.9729173142335622,-0.040112556709890265,0.041524920924078085
683,SJSA1,H3K27me3,PiggyBac,0.008941412082825216,0.6821645502630048,-0.03384677446048634,0.0516968806538685
684,SJSA1,H3K27me3,5S-Deu-L2,0.002566800636340508,0.9113010958309695,-0.04257469170306056,0.047697834312284075
685,SJSA1,H3K27me3,Helitron,-0.0009888578057249155,0.9675592926071737,-0.048612962729092,0.04663973311306332
686,SJSA1,H3K27me3,hAT-Tag1,-0.0122430296159414,0.615521951694504,-0.05996319618730396,0.03553297056899044
687,SJSA1,H3K27me3,tRNA,0.014886758652928907,0.5638895054965846,-0.03567214959601418,0.06536965731513895
688,SJSA1,H3K27me3,Penelope,0.032727412469084415,0.40159560535666217,-0.04377712310308358,0.10885034679492529
689,SJSA1,H3K27me3,TcMar-Tc1,-0.015473949590895097,0.6928513727696703,-0.09203563485027333,0.06126961721535688
690,SJSA1,H3K27me3,Dong-R4,-0.016490810023452984,0.7337134998297659,-0.11111033177235448,0.07842499654223722
691,SJSA1,H3K27me3,tRNA-Deu,0.02838349686648381,0.5628045607408616,-0.06773522360168775,0.1239801857918309
692,SJSA1,H3K27me3,Kolobok,-0.05759898722789242,0.27979363040407773,-0.16095280106185228,0.04700439580043547
693,SJSA1,H3K27me3,PIF-Harbinger,-0.014270575992669192,0.7905061142038028,-0.11907756967359356,0.09085093300571374
694,SJSA1,H3K27me3,Crypton,0.021999607409899972,0.7125024754719242,-0.09485523231791584,0.13825642083293013
695,SJSA1,H3K27me3,Merlin,0.005765826583223215,0.9334889234237664,-0.12908455448490494,0.14040682749509137
696,SJSA1,H3K27me3,TcMar,0.10376264666948742,0.1406861979936232,-0.034811385154227825,0.23842204746666446
697,SJSA1,H3K27me3,L1-Tx1,0.09188420374847998,0.2855729673977731,-0.07737303077430031,0.25599349848546604
698,SJSA1,H3K27me3,Crypton-A,0.11492660610953995,0.19117065674156145,-0.058306223350719145,0.28144042249884593
699,SJSA1,H3K27me3,I-Jockey,-0.002891298304142341,0.9761961815586327,-0.1908895869346595,0.18531159083528917
700,SJSA1,H3K27me3,hAT-Tip100?,-0.010439560439560437,0.93474799133551,-0.2555993459461896,0.23598172430570896
701,SJSA1,H3K27me3,TcMar-Pogo,0.12353372434017595,0.5005677488995122,-0.23660446808481495,0.4538274570513217
702,SJSA1,H3K27me3,hAT?,-0.29197860962566846,0.09382291189389724,-0.5784779344008173,0.058648894996949565
703,SJSA1,H3K27me3,hAT-hAT19,0.12941176470588234,0.63288233246826,-0.39332360678280714,0.5889186780225588
704,SJSA1,H3K4me3,Alu,3.6356480453530085e-05,0.9695006480485082,-0.001827331460507875,0.0019000441688586613
705,SJSA1,H3K4me3,L1,0.00031248478600272013,0.8202645697771207,-0.002383138176997198,0.0030081032077414727
706,SJSA1,H3K4me3,MIR,-0.002160816351556605,0.1203309282242671,-0.004887169458310022,0.0005655688784266255
707,SJSA1,H3K4me3,L2,-0.0012940450790631403,0.43944433248882764,-0.004574548166701357,0.0019864858611093605
708,SJSA1,H3K4me3,ERVL-MaLR,0.002124585602806787,0.28882316438623284,-0.001801211181044753,0.00605031689973677
709,SJSA1,H3K4me3,hAT-Charlie,-0.0020174593368193533,0.3436897541512808,-0.006193283518479196,0.0021584352052373976
710,SJSA1,H3K4me3,ERV1,0.004147614340274109,0.1745090273245111,-0.0018391926727326648,0.010134124046521033
711,SJSA1,H3K4me3,ERVL,0.0014681075126679113,0.6381405586219673,-0.004650179775622998,0.007586284890069385
712,SJSA1,H3K4me3,TcMar-Tigger,0.012096778829981107,0.00013962650967632833,0.005872016497013083,0.018320603723055242
713,SJSA1,H3K4me3,hAT-Tip100,0.006946508994633484,0.109100811768807,-0.0015510020898971799,0.015443016966383031
714,SJSA1,H3K4me3,CR1,-0.0003806525566107254,0.935696491447233,-0.009627629200517303,0.00886638918435788
715,SJSA1,H3K4me3,Gypsy,-0.005951947874089238,0.4559488995436882,-0.02159649634308903,0.009695514741914591
716,SJSA1,H3K4me3,hAT-Blackjack,-0.012858912765329147,0.11444025119069097,-0.02881918731190878,0.003107916666701603
717,SJSA1,H3K4me3,TcMar-Mariner,0.016624893045477537,0.04302169794465199,0.0005210348999958594,0.03272013061598479
718,SJSA1,H3K4me3,RTE-X,0.009390654219333293,0.3616913010139875,-0.010788119960916243,0.029561783194653007
719,SJSA1,H3K4me3,ERVK,-0.0007820070397240092,0.9464331061714428,-0.023591057635977474,0.022027857268742203
720,SJSA1,H3K4me3,TcMar-Tc2,0.015861587265445013,0.20009167291596258,-0.008404015165610816,0.04010852014837181
721,SJSA1,H3K4me3,SVA,-0.013164631004664841,0.3554588635508461,-0.04106898373772406,0.014760241716975542
722,SJSA1,H3K4me3,RTE-BovB,0.00031248155272063064,0.98310506278846,-0.028602968985423194,0.02922740956655379
723,SJSA1,H3K4me3,tRNA-RTE,-0.01288861175370952,0.4225642339309149,-0.0443633776641733,0.01861171562893292
724,SJSA1,H3K4me3,hAT-Ac,0.022679390230329464,0.211112105939864,-0.012874111453168588,0.05817561898352609
725,SJSA1,H3K4me3,hAT,-0.023487035091464385,0.22314234351707515,-0.061216522338913726,0.014309476172652102
726,SJSA1,H3K4me3,MULE-MuDR,-0.012008651172526457,0.5644473125557463,-0.052811836888432925,0.028834565952118717
727,SJSA1,H3K4me3,PiggyBac,0.008863071514499589,0.6847990993467596,-0.0339250163685478,0.05161872806263936
728,SJSA1,H3K4me3,5S-Deu-L2,0.039931596398388725,0.08297218361137423,-0.005232288277603599,0.08493290517984561
729,SJSA1,H3K4me3,Helitron,0.0033024855094616664,0.8919282867626026,-0.044316940462201866,0.050906938530642196
730,SJSA1,H3K4me3,hAT-Tag1,-0.011716636738145197,0.6307916497470613,-0.05943845404443048,0.036058613934127036
731,SJSA1,H3K4me3,tRNA,0.014643038459657448,0.5702894289950446,-0.03591551973949068,0.06512683120303955
732,SJSA1,H3K4me3,Penelope,0.06123085381426941,0.11661297413747218,-0.015345123466364066,0.13709274944297878
733,SJSA1,H3K4me3,TcMar-Tc1,-0.03570809942416681,0.3622836546116217,-0.11215012619839633,0.04115406893072863
734,SJSA1,H3K4me3,Dong-R4,-0.009063723749745586,0.8516863197148072,-0.1037633175874027,0.085798730229007
735,SJSA1,H3K4me3,tRNA-Deu,-0.007653490224370027,0.8760253859364862,-0.10349399528714613,0.08832783044246059
736,SJSA1,H3K4me3,Kolobok,-0.054074842760412425,0.31031744686127893,-0.1574972365693984,0.0505208957408584
737,SJSA1,H3K4me3,PIF-Harbinger,-0.020622307351143152,0.701041308547586,-0.12534209098654192,0.08455193045798862
738,SJSA1,H3K4me3,Crypton,0.05352620989178869,0.3696612076785323,-0.06355093827987134,0.16915003548192883
739,SJSA1,H3K4me3,Merlin,0.0072085426931144765,0.9169005044564951,-0.1276661789359362,0.14182149578167624
740,SJSA1,H3K4me3,TcMar,-0.008853648004327223,0.8999845953296032,-0.1460498509695867,0.12867669375894278
741,SJSA1,H3K4me3,L1-Tx1,0.06263294040912261,0.4671665622836585,-0.10636220175700889,0.22811122274277862
742,SJSA1,H3K4me3,Crypton-A,0.07219946804921398,0.4124949417896403,-0.10079483743932269,0.24095611000324502
743,SJSA1,H3K4me3,I-Jockey,0.07948290241868224,0.4113274743612658,-0.11056417840727423,0.26392245651562907
744,SJSA1,H3K4me3,hAT-Tip100?,-0.1586080586080586,0.21064360490008902,-0.39057596106677933,0.0922990236738632
745,SJSA1,H3K4me3,TcMar-Pogo,-0.03922287390029325,0.8312237990099489,-0.38280242492728794,0.31388852495303043
746,SJSA1,H3K4me3,hAT?,-0.026432391138273486,0.8820375496921292,-0.3614214422666349,0.3146002719522667
747,SJSA1,H3K4me3,hAT-hAT19,0.02941176470588235,0.9138955872505001,-0.47328372956885056,0.5176571840679537
748,HAP-1,H3K27ac,Alu,0.0010785425195633208,0.2583477649520047,-0.000791665705028062,0.0029487431993857455
749,HAP-1,H3K27ac,L1,-0.0012864992551180757,0.3509765277418708,-0.0039899248001629885,0.0014169450948732793
750,HAP-1,H3K27ac,MIR,0.0018169721094876082,0.19194924462332233,-0.0009122666170768538,0.0045461837679108726
751,HAP-1,H3K27ac,L2,-0.001639172511967292,0.32780835113923634,-0.004922323997293409,0.001644014311389457
752,HAP-1,H3K27ac,ERVL-MaLR,-0.0022666097017090396,0.25917850082195937,-0.006203741993346936,0.0016705928610264618
753,HAP-1,H3K27ac,hAT-Charlie,0.0014263370208594996,0.5040224308097232,-0.0027575570740166434,0.005610181180257105
754,HAP-1,H3K27ac,ERV1,-0.0019085825506197222,0.5350891754114104,-0.007939424548020303,0.0041223982848053505
755,HAP-1,H3K27ac,ERVL,-0.0019930736914062466,0.5241773173080531,-0.008126122022601144,0.0041401245801209775
756,HAP-1,H3K27ac,TcMar-Tigger,0.0003958149661391437,0.9010143326869455,-0.005841331223080047,0.006632930359523808
757,HAP-1,H3K27ac,hAT-Tip100,-0.002549519275840619,0.5568861227298284,-0.011055007933167155,0.005956338281348754
758,HAP-1,H3K27ac,CR1,0.005409478461768456,0.25202466537809753,-0.0038467586659318743,0.01466478870937825
759,HAP-1,H3K27ac,Gypsy,-0.0017933862490035098,0.8224633320914545,-0.01745730873563946,0.013871416334913463
760,HAP-1,H3K27ac,hAT-Blackjack,-0.003802336978010701,0.6413645040229192,-0.01979966446503446,0.0121969369201756
761,HAP-1,H3K27ac,TcMar-Mariner,-0.004465048642102403,0.5876186280309412,-0.0206003319855066,0.011672560010042642
762,HAP-1,H3K27ac,RTE-X,-0.013547519707206699,0.18858950364564847,-0.03373370043268382,0.006649709827143567
763,HAP-1,H3K27ac,ERVK,-0.0030079907574503753,0.7987112041671409,-0.02612138665689325,0.0201086195302461
764,HAP-1,H3K27ac,TcMar-Tc2,0.010295620519876567,0.40618605498858407,-0.013999159723958496,0.03457825185464551
765,HAP-1,H3K27ac,SVA,-0.0092333799898471,0.5197440998174481,-0.03733135866597332,0.01887918694016693
766,HAP-1,H3K27ac,RTE-BovB,0.001870661781506983,0.8992308779130438,-0.027077539374064732,0.030815728042658808
767,HAP-1,H3K27ac,tRNA-RTE,0.03359793906186,0.03651906179453019,0.002099815462996296,0.06502946127755248
768,HAP-1,H3K27ac,hAT-Ac,-0.00495317118481444,0.7851732859445152,-0.040549235314651884,0.03065544980710346
769,HAP-1,H3K27ac,hAT,-0.0150927833460908,0.43419443773564903,-0.05287850109119335,0.022736091212486372
770,HAP-1,H3K27ac,MULE-MuDR,0.02910258786445519,0.16294110663919648,-0.011792056611165426,0.06990004066290799
771,HAP-1,H3K27ac,PiggyBac,-0.03522423736118959,0.10784908358748385,-0.07804749038315886,0.007728758648703701
772,HAP-1,H3K27ac,5S-Deu-L2,-0.0077143219847846094,0.7381776830920561,-0.05290501384587976,0.037507902093650375
773,HAP-1,H3K27ac,Helitron,-0.019600306155916174,0.4217833784230822,-0.0673378170541405,0.02822673978693713
774,HAP-1,H3K27ac,hAT-Tag1,-0.023803814742080327,0.329377440566026,-0.07153938346497583,0.024040545630344343
775,HAP-1,H3K27ac,tRNA,-0.006389037726541013,0.804528923341015,-0.05693405664720614,0.04418864904033106
776,HAP-1,H3K27ac,Penelope,0.032262905556382955,0.41010490621573126,-0.0445334502951257,0.10868019265113463
777,HAP-1,H3K27ac,TcMar-Tc1,0.028840026432077028,0.46363026248093653,-0.04830390445375533,0.10564193001767155
778,HAP-1,H3K27ac,Dong-R4,0.04830139169673432,0.3188001464145533,-0.04675453314595172,0.14249038779497572
779,HAP-1,H3K27ac,tRNA-Deu,-0.056716798023098786,0.24725732343010048,-0.1518816155825033,0.03948991169552457
780,HAP-1,H3K27ac,Kolobok,-0.05282791302503128,0.32231236608469904,-0.1564199093900601,0.05191369887518337
781,HAP-1,H3K27ac,PIF-Harbinger,0.017856763517663594,0.7395709361454461,-0.08729529087699521,0.12261528742959105
782,HAP-1,H3K27ac,Crypton,0.0009101314065104281,0.9878383020618808,-0.11569968918587645,0.11749520556992601
783,HAP-1,H3K27ac,Merlin,0.1299658727508698,0.059477117338462865,-0.00576651615230853,0.26099594176031155
784,HAP-1,H3K27ac,TcMar,0.06775264834735686,0.3380266502553091,-0.07112063395602869,0.20404926404798415
785,HAP-1,H3K27ac,L1-Tx1,-0.07741842142373516,0.36854234768085137,-0.24223047456204655,0.09173631610030843
786,HAP-1,H3K27ac,Crypton-A,-0.04652528382868204,0.5977155624874655,-0.21641378539785755,0.1260980046477274
787,HAP-1,H3K27ac,I-Jockey,0.16377536836252435,0.08881869391517841,-0.026371021603822545,0.34248451578352124
788,HAP-1,H3K27ac,hAT-Tip100?,-0.32819700460829493,0.008639724861743569,-0.537448539900835,-0.08087465221437783
789,HAP-1,H3K27ac,TcMar-Pogo,0.2283724340175953,0.20869433096098172,-0.13536342763626405,0.5378622203297098
790,HAP-1,H3K27ac,hAT?,0.0645053475935829,0.7213622278574703,-0.2854594186699184,0.3992916252140038
791,HAP-1,H3K27ac,hAT-hAT19,0.2029411764705882,0.45096124172270946,-0.33047957514520065,0.6381004016505516
792,HAP-1,H3K4me1,Alu,0.0007723521676384458,0.4183131020430456,-0.0010980133133151955,0.0026427122448162248
793,HAP-1,H3K4me1,L1,-0.0001733235401894322,0.900017069996586,-0.0028771412100086474,0.002530496663840777
794,HAP-1,H3K4me1,MIR,0.00021189144476051067,0.879062162207112,-0.0025174981212755677,0.0029412778538008993
795,HAP-1,H3K4me1,L2,-0.0010257030283414884,0.5403371704128124,-0.00430892503553447,0.0022575410922511855
796,HAP-1,H3K4me1,ERVL-MaLR,-0.00133667588157539,0.5058016938012497,-0.0052739357556223325,0.002600625435321789
797,HAP-1,H3K4me1,hAT-Charlie,-0.0019202462902072072,0.36835724674773973,-0.006104048020384976,0.0022636226660370127
798,HAP-1,H3K4me1,ERV1,-0.0017781889081453057,0.5633578057671267,-0.007809237687004019,0.004252989231981161
799,HAP-1,H3K4me1,ERVL,-0.003311896402995843,0.2898760876297731,-0.0094447428441647,0.0028211991838332784
800,HAP-1,H3K4me1,TcMar-Tigger,0.005002029231599063,0.11596982051747605,-0.0012348640391813257,0.011238533370676627
801,HAP-1,H3K4me1,hAT-Tip100,0.0032916444614149755,0.44813926961934314,-0.005213758581188627,0.01179657127802098
802,HAP-1,H3K4me1,CR1,-0.0020066876813130716,0.6708994567216338,-0.01126236141258229,0.007249329879931465
803,HAP-1,H3K4me1,Gypsy,-0.008030980840540608,0.31497581788399587,-0.023692152978915144,0.007634132097795987
804,HAP-1,H3K4me1,hAT-Blackjack,0.006465365017625577,0.42831702434833185,-0.009533196420575107,0.022460617330407804
805,HAP-1,H3K4me1,TcMar-Mariner,0.0037903592851942077,0.6453455793537429,-0.012350971247609074,0.019929714931519908
806,HAP-1,H3K4me1,RTE-X,-0.008248509068647667,0.4233587295506469,-0.028435385280070096,0.011945092539455795
807,HAP-1,H3K4me1,ERVK,-0.006975455271853696,0.5545690127070275,-0.030103742125722224,0.016160296942357186
808,HAP-1,H3K4me1,TcMar-Tc2,-0.012832267651814598,0.3006080796695409,-0.03711606340226919,0.011466674479152505
809,HAP-1,H3K4me1,SVA,-0.006690032813662789,0.6408833167662212,-0.03478798505721692,0.021418487369764386
810,HAP-1,H3K4me1,RTE-BovB,-0.01588724722639752,0.28218473746408335,-0.04481832526281689,0.013070457490897561
811,HAP-1,H3K4me1,tRNA-RTE,0.012057062527317898,0.4532303018218238,-0.019451068131238473,0.043541268291572094
812,HAP-1,H3K4me1,hAT-Ac,0.0031955427625214956,0.8604063278465525,-0.032411232269592194,0.03879421666606072
813,HAP-1,H3K4me1,hAT,-0.001764142277800226,0.9271444591901272,-0.039561212961339604,0.036037969666498915
814,HAP-1,H3K4me1,MULE-MuDR,-0.03431203837341696,0.09979396464057247,-0.07507298939472554,0.006563383436106468
815,HAP-1,H3K4me1,PiggyBac,-0.026780615221749893,0.2215802142967503,-0.06963623966230158,0.01617367726562273
816,HAP-1,H3K4me1,5S-Deu-L2,-0.007610093206466214,0.7416544132487061,-0.05281307444243228,0.03762401079600505
817,HAP-1,H3K4me1,Helitron,-0.015270428323986321,0.5314168325971151,-0.06302322604449075,0.03255213062660527
818,HAP-1,H3K4me1,hAT-Tag1,-0.000619964385648763,0.9797362026977198,-0.04842876851708632,0.047191673997458126
819,HAP-1,H3K4me1,tRNA,-0.01552732691094623,0.5475021628980254,-0.06604141304921593,0.035066144216432796
820,HAP-1,H3K4me1,Penelope,0.02053527141810266,0.6006941044376661,-0.05634552506821862,0.09717397634178092
821,HAP-1,H3K4me1,TcMar-Tc1,-0.05161535806701749,0.18909313941741782,-0.12811838558678734,0.02549829845358654
822,HAP-1,H3K4me1,Dong-R4,-0.03752289492138377,0.43876394672446095,-0.13187366302393005,0.05750165532768239
823,HAP-1,H3K4me1,tRNA-Deu,-0.09162491563881744,0.061261307225369946,-0.18610095144157493,0.004529915295010404
824,HAP-1,H3K4me1,Kolobok,-0.027397030440236753,0.6079414885404483,-0.131423433906522,0.0772261763063566
825,HAP-1,H3K4me1,PIF-Harbinger,-0.10506758771495428,0.049854049983155284,-0.2080339715464381,0.00020192234271442246
826,HAP-1,H3K4me1,Crypton,-0.07473560722361022,0.21004686026451502,-0.1898378106399686,0.04239305080452166
827,HAP-1,H3K4me1,Merlin,0.11842469170379072,0.08615415968078115,-0.017389931740514543,0.24994833544566253
828,HAP-1,H3K4me1,TcMar,0.06746146141115825,0.3401116932569539,-0.0714103131835405,0.20376759358911467
829,HAP-1,H3K4me1,L1-Tx1,-0.10370138743818925,0.22784587230853706,-0.26719918976503737,0.06559981082502461
830,HAP-1,H3K4me1,Crypton-A,-0.05501572774234376,0.5325476273382881,-0.22454786160506607,0.11774891888118617
831,HAP-1,H3K4me1,I-Jockey,0.0043184134927254205,0.964453260848098,-0.18393357467603122,0.1922648139380993
832,HAP-1,H3K4me1,hAT-Tip100?,-0.1504416282642089,0.23923781012037715,-0.3851137981222891,0.10250437310458686
833,HAP-1,H3K4me1,TcMar-Pogo,-0.09824046920821113,0.5927061628248933,-0.43284444520644694,0.2601552433521801
834,HAP-1,H3K4me1,hAT?,0.18750000000000003,0.2960798714764273,-0.16957144211201775,0.5010559021035287
835,HAP-1,H3K4me1,hAT-hAT19,-0.2029411764705882,0.45096124172270946,-0.6381004016505516,0.33047957514520065
836,HAP-1,H3K9me3,Alu,0.0019246497493336666,0.043624048801689866,5.505825341211528e-05,0.003794227790567127
837,HAP-1,H3K9me3,L1,0.0016007846450875245,0.24578710107716456,-0.001102444162189816,0.004303990057212736
838,HAP-1,H3K9me3,MIR,-0.0029868388351880393,0.03193696170507844,-0.0057157286856326945,-0.0002579044986006001
839,HAP-1,H3K9me3,L2,0.0011096808920309433,0.5076689039398171,-0.0021733794427979784,0.004392717305646647
840,HAP-1,H3K9me3,ERVL-MaLR,-0.0019334032292702456,0.33570939669564215,-0.005869663364215157,0.0020029168196660715
841,HAP-1,H3K9me3,hAT-Charlie,-0.0003244520976914269,0.8791702674063526,-0.004507492513869634,0.0038585996729322263
842,HAP-1,H3K9me3,ERV1,-0.0032040292813642654,0.29769752248255843,-0.009234052041571659,0.002826226494774664
843,HAP-1,H3K9me3,ERVL,-0.0012198225820228557,0.6965907543276588,-0.0073511405850789895,0.004911587136269785
844,HAP-1,H3K9me3,TcMar-Tigger,0.002327463399630606,0.4644938119186547,-0.003908975498128802,0.008563721256805016
845,HAP-1,H3K9me3,hAT-Tip100,-0.0007624390740623337,0.860536417227276,-0.00926777441717052,0.007743006581338013
846,HAP-1,H3K9me3,CR1,-0.004641296285396202,0.3257144192708178,-0.013896725936820805,0.004614928626007345
847,HAP-1,H3K9me3,Gypsy,-0.007279421194796614,0.36238633761921024,-0.022940412790188654,0.008385142202870772
848,HAP-1,H3K9me3,hAT-Blackjack,0.010342443661448012,0.20515751218826575,-0.005657394320706726,0.026336987605494556
849,HAP-1,H3K9me3,TcMar-Mariner,0.00039175062746227583,0.9620249796629794,-0.015733563702600133,0.01651686122955633
850,HAP-1,H3K9me3,RTE-X,0.008055271619910905,0.43432630786171844,-0.012139370719663298,0.028243345410917095
851,HAP-1,H3K9me3,ERVK,-0.0030112110150140488,0.7984454944497295,-0.026118178277776977,0.02009897228790823
852,HAP-1,H3K9me3,TcMar-Tc2,-0.009092327586706507,0.4632284145219199,-0.03337609357182341,0.015202167537915697
853,HAP-1,H3K9me3,SVA,-0.012680606456090654,0.37630258824000073,-0.04075407867850771,0.015412870901439
854,HAP-1,H3K9me3,RTE-BovB,-0.008574450020105182,0.5617387070435964,-0.03752185090940963,0.02038732901924236
855,HAP-1,H3K9me3,tRNA-RTE,-0.012713120829324675,0.4290879518108397,-0.044200357359534585,0.01879934872797066
856,HAP-1,H3K9me3,hAT-Ac,-0.0056871264570695496,0.7542208589596502,-0.04127031490521055,0.029910469950044996
857,HAP-1,H3K9me3,hAT,-0.016672958212598774,0.3876307157531296,-0.05445499578610139,0.02115675338466028
858,HAP-1,H3K9me3,MULE-MuDR,-0.012773827472237037,0.5405135203128026,-0.053637233533509306,0.028132290080498366
859,HAP-1,H3K9me3,PiggyBac,0.003789788657121453,0.8626943304750897,-0.039144742118258136,0.04671035178207815
860,HAP-1,H3K9me3,5S-Deu-L2,-0.007202344518484114,0.7549146255584045,-0.05238232779785708,0.03800706273265862
861,HAP-1,H3K9me3,Helitron,0.013564432985221456,0.5781530015518419,-0.03424176716932671,0.06130870086692228
862,HAP-1,H3K9me3,hAT-Tag1,0.030759057384003956,0.20749571954711118,-0.017087602512711977,0.07846516441302877
863,HAP-1,H3K9me3,tRNA,-0.014101513769043858,0.5848820922540516,-0.06462084169677007,0.03648991105608803
864,HAP-1,H3K9me3,Penelope,0.062003850080332226,0.11343842149665674,-0.014865377516025997,0.1381444755019872
865,HAP-1,H3K9me3,TcMar-Tc1,0.038127675706419104,0.3325199251440373,-0.039035535857628555,0.11483885330030148
866,HAP-1,H3K9me3,Dong-R4,0.02029205476638261,0.6754933716926328,-0.07464804380587153,0.11486759804441156
867,HAP-1,H3K9me3,tRNA-Deu,-0.06731261124084387,0.16955135365116614,-0.16228666317930238,0.02889716866701847
868,HAP-1,H3K9me3,Kolobok,-0.05244502298547069,0.3258368770717135,-0.1560442980649959,0.05229555818715065
869,HAP-1,H3K9me3,PIF-Harbinger,0.013036928613267806,0.8082482776777786,-0.09207360865159765,0.11786013467105945
870,HAP-1,H3K9me3,Crypton,-0.0717513398165154,0.2288782447558698,-0.1869315967427132,0.04537487663039171
871,HAP-1,H3K9me3,Merlin,0.0221236309661674,0.7493516465610808,-0.11329986401397209,0.15674009309917666
872,HAP-1,H3K9me3,TcMar,0.08163571349796708,0.24809452346133934,-0.05728886425985592,0.21745882580962272
873,HAP-1,H3K9me3,L1-Tx1,-0.01740607684469618,0.8400093886325506,-0.18459510504938567,0.15076202166341188
874,HAP-1,H3K9me3,Crypton-A,0.03475183268025014,0.6935368480904321,-0.1376451410271416,0.20510512733545286
875,HAP-1,H3K9me3,I-Jockey,0.13787415438791586,0.15280577302183887,-0.05246498053202072,0.31854680676506714
876,HAP-1,H3K9me3,hAT-Tip100?,-0.0006410256410256409,0.995988946896391,-0.24641150523820632,0.24520691830477018
877,HAP-1,H3K9me3,TcMar-Pogo,0.13966275659824043,0.44584104499822197,-0.22141642560423586,0.4670638033407689
878,HAP-1,H3K9me3,hAT?,0.05347593582887701,0.767564295546312,-0.2954869766435022,0.38984866197088947
879,HAP-1,H3K9me3,hAT-hAT19,-0.06764705882352941,0.8034203137966691,-0.5455111301042209,0.4434098601134071
880,HAP-1,H3K36me3,Alu,-0.0002406983862508136,0.8007750520164363,-0.0021102066269898874,0.0016288115370009873
881,HAP-1,H3K36me3,L1,0.0024707964068978743,0.07319047793029199,-0.00023213337517710085,0.005173690086800564
882,HAP-1,H3K36me3,MIR,-0.0008406516903056336,0.545949252791583,-0.0035692490417168626,0.0018879581788849445
883,HAP-1,H3K36me3,L2,-0.0004957899337019332,0.7672417352250045,-0.0037788169677963335,0.0027872477879419596
884,HAP-1,H3K36me3,ERVL-MaLR,0.00025611283440001546,0.8985157009605962,-0.003679779329427214,0.004191997063228303
885,HAP-1,H3K36me3,hAT-Charlie,-0.0061056178415054094,0.004221696594897407,-0.010287992821635717,-0.0019230292403862917
886,HAP-1,H3K36me3,ERV1,0.001807940865990196,0.5566444392275147,-0.004220127817182322,0.007835878159089536
887,HAP-1,H3K36me3,ERVL,-0.0001362862610271669,0.9652533204997831,-0.006268041814236307,0.005995479540497136
888,HAP-1,H3K36me3,TcMar-Tigger,0.0007460890867635003,0.814601901571149,-0.005489900671536156,0.0069820208183902195
889,HAP-1,H3K36me3,hAT-Tip100,-0.001902868448801999,0.6610080795720288,-0.010407381245283205,0.006601919614120309
890,HAP-1,H3K36me3,CR1,0.0026369909670598455,0.5765762164337095,-0.006618853851856599,0.011892383979358975
891,HAP-1,H3K36me3,Gypsy,0.004695057579327029,0.5568961818915412,-0.010969235255362482,0.02035704664887915
892,HAP-1,H3K36me3,hAT-Blackjack,0.013685152389602476,0.09351550341672321,-0.002308716145911677,0.029672021249540187
893,HAP-1,H3K36me3,TcMar-Mariner,-0.0004499004684109391,0.956415501198445,-0.0165831876626028,0.01568362093207561
894,HAP-1,H3K36me3,RTE-X,-0.00841972893237094,0.4138729908465725,-0.028609705945903677,0.011777115258047968
895,HAP-1,H3K36me3,ERVK,-0.01002390759455569,0.39518433174558965,-0.03312073229096112,0.01308361790583272
896,HAP-1,H3K36me3,TcMar-Tc2,-0.008743253850066203,0.48067625790196156,-0.03303293480715458,0.015556749120487002
897,HAP-1,H3K36me3,SVA,-0.00817448874277698,0.5684984183727038,-0.03625637606358372,0.019920298041595
898,HAP-1,H3K36me3,RTE-BovB,0.0003808106742420962,0.9794271523308087,-0.028556748382481064,0.029317731976673606
899,HAP-1,H3K36me3,tRNA-RTE,0.012776209444554357,0.42674122673778925,-0.018732213112660448,0.04425928032651816
900,HAP-1,H3K36me3,hAT-Ac,0.006959315045104848,0.7015409506153871,-0.028627727973620887,0.04252873886077506
901,HAP-1,H3K36me3,hAT,-0.0057639557384498875,0.7650408421348779,-0.0435404141289812,0.03202896139708091
902,HAP-1,H3K36me3,MULE-MuDR,0.011781300485949683,0.5723452810910996,-0.029115000817505274,0.05263822564189388
903,HAP-1,H3K36me3,PiggyBac,0.0004767987370226645,0.982632318797612,-0.04243150169897422,0.04338334355493201
904,HAP-1,H3K36me3,5S-Deu-L2,-0.010749257663164145,0.6411953191677782,-0.05590784365890464,0.03445321789063805
905,HAP-1,H3K36me3,Helitron,0.01313149837352598,0.5903460830818825,-0.03467412679767509,0.060877167612287064
906,HAP-1,H3K36me3,hAT-Tag1,-0.022388791982972216,0.3589474072399399,-0.07012993138150844,0.025454675261143433
907,HAP-1,H3K36me3,tRNA,-0.03000885146755273,0.24495392608929636,-0.0804609969045236,0.020596666702474006
908,HAP-1,H3K36me3,Penelope,0.020137521753303692,0.6074913505971367,-0.056682837603162575,0.09672084053791365
909,HAP-1,H3K36me3,TcMar-Tc1,0.04510810025625788,0.25116705778744597,-0.03200330336697669,0.12168569054994335
910,HAP-1,H3K36me3,Dong-R4,-0.06694096759749958,0.16685308966419893,-0.16081175779704587,0.028130015149396097
911,HAP-1,H3K36me3,tRNA-Deu,-0.04834840916161164,0.32408293170966307,-0.1436526307124346,0.047844365014260704
912,HAP-1,H3K36me3,Kolobok,0.0003606559546128254,0.9946126633538122,-0.10402613637316234,0.10473958902404178
913,HAP-1,H3K36me3,PIF-Harbinger,-0.00812915751695359,0.8797210316502421,-0.11301452160211602,0.09693538068861614
914,HAP-1,H3K36me3,Crypton,-0.04735886510485633,0.4274174557405386,-0.16311991261835643,0.06968844705192162
915,HAP-1,H3K36me3,Merlin,-0.0012857600004300307,0.98518748315964,-0.13633070504863784,0.13380609858005776
916,HAP-1,H3K36me3,TcMar,0.014036666259454988,0.842833642879791,-0.12426185075533808,0.1518002108726117
917,HAP-1,H3K36me3,L1-Tx1,0.024164087106425657,0.7792605264791894,-0.14415973813396493,0.19112889629661522
918,HAP-1,H3K36me3,Crypton-A,0.0617312124599712,0.4836508025667031,-0.1111322063911486,0.23096892033460012
919,HAP-1,H3K36me3,I-Jockey,0.08012232415902142,0.40756272296113016,-0.10993327064268087,0.2645255603195459
920,HAP-1,H3K36me3,hAT-Tip100?,-0.19508448540706608,0.12547541287863329,-0.42439778846460546,0.0577446401741184
921,HAP-1,H3K36me3,TcMar-Pogo,0.12829912023460407,0.4840556594761317,-0.23213106185509305,0.45774986110921523
922,HAP-1,H3K36me3,hAT?,0.10661764705882353,0.5548265632603793,-0.24663801794619025,0.4348633885246929
923,HAP-1,H3K36me3,hAT-hAT19,-0.1176470588235294,0.6643410791623536,-0.5807994752518446,0.403045265536449
924,HAP-1,H3K27me3,Alu,0.0004487714581651171,0.6380177609362394,-0.0014207883201832411,0.0023183280993778503
925,HAP-1,H3K27me3,L1,0.0027365505313133834,0.04726236048320963,3.3068834722930387e-05,0.005439992226322406
926,HAP-1,H3K27me3,MIR,-0.00013989111634462995,0.9199622919903204,-0.0028685691320979824,0.002588788982580367
927,HAP-1,H3K27me3,L2,0.0007460438371720777,0.6560453093996057,-0.002537037269226257,0.00402910886099188
928,HAP-1,H3K27me3,ERVL-MaLR,-0.0021411715501270007,0.28633501153350427,-0.006077179900999404,0.0017949031449197464
929,HAP-1,H3K27me3,hAT-Charlie,0.003646253819404579,0.08753669687682955,-0.0005365955892860779,0.007828975638905913
930,HAP-1,H3K27me3,ERV1,0.0029680306466677406,0.3346327774438078,-0.0030613100111248994,0.008997155516950536
931,HAP-1,H3K27me3,ERVL,-0.002185499988750543,0.4847973854803028,-0.008316826569725997,0.003945990917139886
932,HAP-1,H3K27me3,TcMar-Tigger,0.002021707116980177,0.5251754909663767,-0.004214599831124184,0.008257856813863904
933,HAP-1,H3K27me3,hAT-Tip100,-0.003045478090281045,0.48274559180754106,-0.011549231765659383,0.005458716072347154
934,HAP-1,H3K27me3,CR1,-0.004008248681907919,0.39599700595165843,-0.013263151403934715,0.005247340740946653
935,HAP-1,H3K27me3,Gypsy,-0.005641392019041811,0.480256499285328,-0.02130253397761589,0.010022517860587023
936,HAP-1,H3K27me3,hAT-Blackjack,-0.014809167186471907,0.06958536806557987,-0.030798025473700367,0.0011872680879689767
937,HAP-1,H3K27me3,TcMar-Mariner,-0.009545047426763225,0.24619473540736672,-0.025673228838983753,0.0065881016493295076
938,HAP-1,H3K27me3,RTE-X,0.003550438979752692,0.7303920477245001,-0.016642086471167036,0.02374006951089272
939,HAP-1,H3K27me3,ERVK,-0.007017670804390145,0.5519260052594317,-0.030131442465179528,0.016103601990547514
940,HAP-1,H3K27me3,TcMar-Tc2,0.009619671393570759,0.43759168747169996,-0.01466935844742503,0.033897355102333916
941,HAP-1,H3K27me3,SVA,-0.023968723297928565,0.09459962544149621,-0.0520389909005351,0.004139388798513789
942,HAP-1,H3K27me3,RTE-BovB,0.015052183064790952,0.3080961429370328,-0.013895906561447366,0.043975061734705174
943,HAP-1,H3K27me3,tRNA-RTE,0.001491678453206614,0.926051056652361,-0.030001214367877404,0.03298161264544773
944,HAP-1,H3K27me3,hAT-Ac,0.007373437267979768,0.6849049094507361,-0.028237455884262623,0.042965638181961495
945,HAP-1,H3K27me3,hAT,0.01506306393677546,0.4351000556520892,-0.022765793521962167,0.052848849543444355
946,HAP-1,H3K27me3,MULE-MuDR,0.02240377807560363,0.2830331197992927,-0.01850806072927551,0.06324071866069725
947,HAP-1,H3K27me3,PiggyBac,-0.0306332779116082,0.16193428542862723,-0.07346444121944336,0.012310681253731212
948,HAP-1,H3K27me3,5S-Deu-L2,-0.012447309030429699,0.5895363662773458,-0.057613094043857414,0.03276932476459184
949,HAP-1,H3K27me3,Helitron,0.0256184587721113,0.29340307357384154,-0.02218413671589731,0.07330418293245129
950,HAP-1,H3K27me3,hAT-Tag1,-0.0072768314318270135,0.7656023387774405,-0.05506853939754432,0.040548142688597286
951,HAP-1,H3K27me3,tRNA,-0.036117842832993234,0.16165476283760544,-0.08653910713868261,0.014487979493254803
952,HAP-1,H3K27me3,Penelope,0.027594595877321992,0.4814753683048332,-0.04924926641888127,0.10411369714805453
953,HAP-1,H3K27me3,TcMar-Tc1,0.010851818779975916,0.7824376327036836,-0.06610760411234982,0.08768289565478152
954,HAP-1,H3K27me3,Dong-R4,0.006892228922167562,0.8869439638097618,-0.08795315571840687,0.10161376947590925
955,HAP-1,H3K27me3,tRNA-Deu,-0.006633309659474555,0.8924429095402144,-0.10248423717695808,0.08933966416678843
956,HAP-1,H3K27me3,Kolobok,-0.03172555062229217,0.551876036375121,-0.13553841307753364,0.07277636370732682
957,HAP-1,H3K27me3,PIF-Harbinger,-0.015749117903336187,0.7693842202971708,-0.12053636976764368,0.08938522790062033
958,HAP-1,H3K27me3,Crypton,0.002139258841189869,0.9714189774253952,-0.11448694883970181,0.11870730028457865
959,HAP-1,H3K27me3,Merlin,0.05313005593431216,0.44265561224766536,-0.08262598377113502,0.18695021475653262
960,HAP-1,H3K27me3,TcMar,0.1952226415376694,0.005365055012847721,0.0574420277797645,0.32570569255403886
961,HAP-1,H3K27me3,L1-Tx1,0.00040604067180280683,0.9962427451430398,-0.16732084831875346,0.16811008704640995
962,HAP-1,H3K27me3,Crypton-A,-0.03384967296858158,0.7011088320723087,-0.20423717382597198,0.13852851227535382
963,HAP-1,H3K27me3,I-Jockey,0.06241312204614958,0.5191029580850285,-0.12736401376775924,0.24778185450108928
964,HAP-1,H3K27me3,hAT-Tip100?,0.08054915514592934,0.5302939558347677,-0.17101913313131467,0.3222576950717978
965,HAP-1,H3K27me3,TcMar-Pogo,-0.08321114369501466,0.6507127872900169,-0.420245091876217,0.2739983695203926
966,HAP-1,H3K27me3,hAT?,0.04144385026737968,0.8188726779732702,-0.30636129949338364,0.37948686854312325
967,HAP-1,H3K27me3,hAT-hAT19,-0.2058823529411765,0.4442846410521438,-0.6400119754516044,0.32788695574892646
968,HAP-1,H3K4me3,Alu,-0.0002574780872877731,0.7873069388515399,-0.00212786200056311,0.0016129076274791333
969,HAP-1,H3K4me3,L1,0.0017489282662609168,0.2048880331986476,-0.0009549539185226667,0.004452784878452944
970,HAP-1,H3K4me3,MIR,0.0008004932605400299,0.5654158476167364,-0.0019289682820342116,0.003529942875872706
971,HAP-1,H3K4me3,L2,0.00010693807787330825,0.9491008232863969,-0.0031763862300779274,0.003390260080194443
972,HAP-1,H3K4me3,ERVL-MaLR,0.0006049413297027888,0.7633052540488809,-0.0033322575085035907,0.004542121412953627
973,HAP-1,H3K4me3,hAT-Charlie,0.002355315220197429,0.26988646589865073,-0.0018287175771359086,0.006539265553787625
974,HAP-1,H3K4me3,ERV1,0.0020822654620111366,0.4986104418978946,-0.003948918429049783,0.008113297870661701
975,HAP-1,H3K4me3,ERVL,-0.0005629171642396832,0.8572298238120097,-0.006695615762901974,0.00556982377734858
976,HAP-1,H3K4me3,TcMar-Tigger,-0.0038650474130817645,0.22456624692366609,-0.010102337689509215,0.0023725436123247555
977,HAP-1,H3K4me3,hAT-Tip100,0.0005345559873333617,0.9019814905329382,-0.007972316997133884,0.00904135160417564
978,HAP-1,H3K4me3,CR1,0.004315740050355182,0.36077619871490385,-0.0049400643543217534,0.013570805042164662
979,HAP-1,H3K4me3,Gypsy,0.0002607624404771034,0.973970294253301,-0.015401700293303724,0.015923097238597313
980,HAP-1,H3K4me3,hAT-Blackjack,0.008262506998665238,0.31149902260998075,-0.007738862425800693,0.02425964612515375
981,HAP-1,H3K4me3,TcMar-Mariner,0.0037866066470981286,0.6457062241807003,-0.012356365588500009,0.01992760554994666
982,HAP-1,H3K4me3,RTE-X,0.007235501746439895,0.4825965190907957,-0.012962212521024221,0.027427314017925922
983,HAP-1,H3K4me3,ERVK,0.013185131246472453,0.2638208611017182,-0.009943716631973977,0.036299878670387885
984,HAP-1,H3K4me3,TcMar-Tc2,0.004636924336682635,0.7084250092602735,-0.01966352275068649,0.028931896223801642
985,HAP-1,H3K4me3,SVA,0.0043211477863710525,0.7632397920225837,-0.023791832393482048,0.032427299148950574
986,HAP-1,H3K4me3,RTE-BovB,-0.003977803282469199,0.787740571595018,-0.032923993399688635,0.024975054334593124
987,HAP-1,H3K4me3,tRNA-RTE,0.01089078206579577,0.49798756254861054,-0.0206086854015072,0.042368649764681854
988,HAP-1,H3K4me3,hAT-Ac,0.021139148042703393,0.24456684040267018,-0.014472841279437189,0.056697576154972104
989,HAP-1,H3K4me3,hAT,0.02682943119862773,0.1645039508816912,-0.011009327238377904,0.0645914629536233
990,HAP-1,H3K4me3,MULE-MuDR,0.00014954309741977442,0.9942771305909828,-0.04069604246678005,0.04099462968370377
991,HAP-1,H3K4me3,PiggyBac,-0.010409352456978618,0.6348414747025088,-0.053324988147968835,0.03254466457150765
992,HAP-1,H3K4me3,5S-Deu-L2,-0.019693391109818617,0.39356357887258386,-0.06486050494495421,0.02555424893167569
993,HAP-1,H3K4me3,Helitron,0.041377780498001726,0.08979908440749691,-0.006451423337934491,0.08901809425258728
994,HAP-1,H3K4me3,hAT-Tag1,-0.0034374846945998054,0.888002306120736,-0.05123943964796084,0.04438018509890294
995,HAP-1,H3K4me3,tRNA,-0.011324656238049883,0.660780822529919,-0.06183695568318981,0.03924550637590573
996,HAP-1,H3K4me3,Penelope,0.04405172982411549,0.2609787032138263,-0.03282134776477639,0.12040666643218251
997,HAP-1,H3K4me3,TcMar-Tc1,0.012933005858752589,0.7424590389642205,-0.06415477170829421,0.08986735426050425
998,HAP-1,H3K4me3,Dong-R4,-0.038871479303818304,0.4224773028598815,-0.13320289830173265,0.05615790212366099
999,HAP-1,H3K4me3,tRNA-Deu,-0.04228162915067302,0.38855163660131553,-0.13768070279804365,0.05389471327238554
1000,HAP-1,H3K4me3,Kolobok,0.0018238827196794484,0.9727218076970592,-0.1024308308272834,0.10603896347922946
1001,HAP-1,H3K4me3,PIF-Harbinger,0.02220417075857466,0.6793348517737314,-0.08298221813704701,0.1269012622766396
1002,HAP-1,H3K4me3,Crypton,-0.0508638505098005,0.3939770354977009,-0.16654771184560535,0.06620123582009227
1003,HAP-1,H3K4me3,Merlin,0.07844796696116044,0.2565837725829918,-0.057435203780807874,0.21147745152532438
1004,HAP-1,H3K4me3,TcMar,0.16346652224318725,0.020096794371006678,0.025077839266408358,0.2957078355329739
1005,HAP-1,H3K4me3,L1-Tx1,-0.08900224840551178,0.3010175981962973,-0.2532555699176412,0.08023882478463373
1006,HAP-1,H3K4me3,Crypton-A,0.12036091727213515,0.1708822961880474,-0.052867687204979884,0.28655727461787733
1007,HAP-1,H3K4me3,I-Jockey,0.06431285330367899,0.5064386839771696,-0.125498377060825,0.2495820236985656
1008,HAP-1,H3K4me3,hAT-Tip100?,0.042194700460829494,0.7426472130106927,-0.2078498822700241,0.28706307242910656
1009,HAP-1,H3K4me3,TcMar-Pogo,0.04802052785923753,0.7941018157223668,-0.3059839278946042,0.39035893176567765
1010,HAP-1,H3K4me3,hAT?,0.13469251336898397,0.4548640229918324,-0.22027215018834048,0.45815544431068844
1011,HAP-1,H3K4me3,hAT-hAT19,-0.2029411764705882,0.45096124172270946,-0.6381004016505516,0.33047957514520065
1012,HL-60,H3K27ac,Alu,0.001617518220476354,0.08973745248657605,-0.00025088660002384677,0.0034859117477082408
1013,HL-60,H3K27ac,L1,0.0009343036171291521,0.4980176216696748,-0.0017681296218050385,0.003636723209409995
1014,HL-60,H3K27ac,MIR,0.0008377499522357402,0.5472863226432041,-0.0018905215080936586,0.0035660089410882298
1015,HL-60,H3K27ac,L2,0.000410990023656199,0.8061426397200542,-0.0028714345795164357,0.003693405770582341
1016,HL-60,H3K27ac,ERVL-MaLR,-0.002658425217066588,0.18538580240914662,-0.006592665362631156,0.0012758972263175114
1017,HL-60,H3K27ac,hAT-Charlie,0.001642496064873437,0.44138762491664163,-0.0025391327973747803,0.005824067486317843
1018,HL-60,H3K27ac,ERV1,-0.004517353762995113,0.14160918784510582,-0.010540815022243985,0.0015064353188149404
1019,HL-60,H3K27ac,ERVL,0.0024045845673065043,0.44188199508089454,-0.0037238818536699412,0.008532870369303447
1020,HL-60,H3K27ac,TcMar-Tigger,6.04624274375073e-05,0.9848314584782994,-0.006172569922805752,0.006293490079669965
1021,HL-60,H3K27ac,hAT-Tip100,-0.006919502635848382,0.1106622989927755,-0.015420249940828051,0.0015822448786392568
1022,HL-60,H3K27ac,CR1,-0.006954523811644311,0.140762526534228,-0.016207402709136044,0.0022995461305316293
1023,HL-60,H3K27ac,Gypsy,-0.010462786251494806,0.19035278427606117,-0.026117835671741186,0.0051973938624623
1024,HL-60,H3K27ac,hAT-Blackjack,0.0006771371388552415,0.9338956921413226,-0.015322570881762093,0.01667649848526359
1025,HL-60,H3K27ac,TcMar-Mariner,0.005126795801478489,0.5332017246739429,-0.010998887999509287,0.0212498136530468
1026,HL-60,H3K27ac,RTE-X,2.543500914160127e-05,0.9980299482428303,-0.020162630616380718,0.020213479902202607
1027,HL-60,H3K27ac,ERVK,-0.0010956000263590805,0.9259289827001804,-0.02418928492141397,0.021999253536284263
1028,HL-60,H3K27ac,TcMar-Tc2,-0.0038006414078538744,0.7589900645444804,-0.02807386444705818,0.0204770611174878
1029,HL-60,H3K27ac,SVA,-0.017480786594896425,0.22239493685662085,-0.045535911089152,0.010601891249798528
1030,HL-60,H3K27ac,RTE-BovB,0.010576652155720023,0.4738481095127628,-0.01836702152760087,0.03950261381218976
1031,HL-60,H3K27ac,tRNA-RTE,-0.011394598001705078,0.4783747159095537,-0.04287576363603331,0.020109172331801258
1032,HL-60,H3K27ac,hAT-Ac,-0.012188927928209655,0.5020634958242466,-0.04774906391192778,0.023402065755987203
1033,HL-60,H3K27ac,hAT,-0.005989995777936792,0.7561134354653878,-0.043766056279703446,0.03180316889443796
1034,HL-60,H3K27ac,MULE-MuDR,0.004499041044500347,0.8291872480671566,-0.036362058205377724,0.04534512204948304
1035,HL-60,H3K27ac,PiggyBac,0.026463608816890864,0.22698846778297394,-0.016480331764566508,0.06931009522909459
1036,HL-60,H3K27ac,5S-Deu-L2,0.0072033366509394675,0.7549451063817723,-0.03801810104167317,0.05239533066194787
1037,HL-60,H3K27ac,Helitron,-0.03556567175071832,0.14436201270132698,-0.08317874184870352,0.01220940703469624
1038,HL-60,H3K27ac,hAT-Tag1,0.0026980916038406213,0.911929180720728,-0.04508961959160313,0.050473482810002857
1039,HL-60,H3K27ac,tRNA,-0.005317837764349857,0.836687806900069,-0.05583247062264689,0.0452239498033884
1040,HL-60,H3K27ac,Penelope,0.02592408143101767,0.5077673084165358,-0.05079735795858486,0.10234133880684744
1041,HL-60,H3K27ac,TcMar-Tc1,-0.04377191634412066,0.2654960740297455,-0.12036421758169824,0.03333841637042264
1042,HL-60,H3K27ac,Dong-R4,-0.04745613494358544,0.3273523129386794,-0.14165840590114107,0.04759792807639639
1043,HL-60,H3K27ac,tRNA-Deu,-0.058913743478601656,0.22939003047332818,-0.15404031694063916,0.03729494329381755
1044,HL-60,H3K27ac,Kolobok,-0.01617281255944743,0.7613836572026424,-0.12006549914405094,0.08807027183879282
1045,HL-60,H3K27ac,PIF-Harbinger,-0.056443390370807166,0.2930266705776052,-0.16055433876973488,0.048909703884274604
1046,HL-60,H3K27ac,Crypton,-0.018930627364619174,0.7511818687585741,-0.13523996007754246,0.09789333780740393
1047,HL-60,H3K27ac,Merlin,-0.06203712161041588,0.3699045666534405,-0.1955935068164292,0.07377854756630835
1048,HL-60,H3K27ac,TcMar,0.06304476729877281,0.37393633568303775,-0.07615070636977206,0.19982993177611974
1049,HL-60,H3K27ac,L1-Tx1,0.049807655741144305,0.563263489010385,-0.1190045653630404,0.21582120325991513
1050,HL-60,H3K27ac,Crypton-A,-0.06559608601765186,0.4566416834648096,-0.23465932058717706,0.10731893818875253
1051,HL-60,H3K27ac,I-Jockey,0.015855805764062647,0.8700135559639512,-0.17277278460917472,0.2033625021708313
1052,HL-60,H3K27ac,hAT-Tip100?,0.08111888111888112,0.5206319904547598,-0.16646364851631182,0.319079863509862
1053,HL-60,H3K27ac,TcMar-Pogo,-0.15542521994134895,0.39564949881602385,-0.4798911224770606,0.2064422826839743
1054,HL-60,H3K27ac,hAT?,-0.12098930481283422,0.5024104320143286,-0.44682877103963287,0.23319076911770686
1055,HL-60,H3K27ac,hAT-hAT19,-0.011764705882352941,0.9655081698956276,-0.5045417383784665,0.48679378978142623
1056,MG63,H3K9me3,Alu,0.0008274418384661028,0.3844456670505285,-0.0010372158933219338,0.002692093816322709
1057,MG63,H3K9me3,L1,0.0015369660408963955,0.26394316457937833,-0.0011596127040433553,0.004233522433757977
1058,MG63,H3K9me3,MIR,0.0007745641360685888,0.578081165245987,-0.001954931704646011,0.003504048435590871
1059,MG63,H3K9me3,L2,0.003068433490709806,0.06688573065745286,-0.0002135459586327149,0.0063503468381791725
1060,MG63,H3K9me3,ERVL-MaLR,-0.0019596130836941634,0.32836577790396904,-0.0058890948204324165,0.0019699291703006027
1061,MG63,H3K9me3,hAT-Charlie,-0.0016634062196013055,0.4354343677162995,-0.005843512220987905,0.002516757913100365
1062,MG63,H3K9me3,ERV1,0.0014324530311281421,0.6394278644614496,-0.0045601983558524045,0.0074250015355279905
1063,MG63,H3K9me3,ERVL,-0.0006105493214401721,0.8450953990378229,-0.00673521595029939,0.005514163113070884
1064,MG63,H3K9me3,TcMar-Tigger,0.002595175998579665,0.41427860063232735,-0.0036352773840033483,0.00882542790438599
1065,MG63,H3K9me3,hAT-Tip100,-0.003262173988494337,0.4521625804707149,-0.011766143413761261,0.005242267292482509
1066,MG63,H3K9me3,CR1,0.0011587908646313136,0.8060515356922644,-0.008091501181758195,0.010408884604397423
1067,MG63,H3K9me3,Gypsy,0.011206242094329733,0.16067123782599893,-0.004451432299309746,0.026858423019260363
1068,MG63,H3K9me3,hAT-Blackjack,0.015437508692554416,0.05834288174142341,-0.0005460867885604449,0.0314132183808576
1069,MG63,H3K9me3,TcMar-Mariner,0.016947368945027855,0.039348311900420575,0.0008261325550614267,0.033059798569896694
1070,MG63,H3K9me3,RTE-X,-0.0046793743859048385,0.6496478809337343,-0.024865191172294545,0.015510256587707024
1071,MG63,H3K9me3,ERVK,0.00025821189138794945,0.9823236158240924,-0.022580793943036172,0.023096948351900865
1072,MG63,H3K9me3,TcMar-Tc2,-0.0135253230143296,0.2748124268390098,-0.03778602975221844,0.01075131861655948
1073,MG63,H3K9me3,SVA,-0.006984579340138615,0.624100097450059,-0.03490768476148027,0.020949422613567515
1074,MG63,H3K9me3,RTE-BovB,0.004750631849723567,0.7477619017258218,-0.024199568815188904,0.03369287138153178
1075,MG63,H3K9me3,tRNA-RTE,-0.0005865660749886272,0.9708973852454625,-0.03208964366162853,0.03091767582292476
1076,MG63,H3K9me3,hAT-Ac,-0.01982305146278859,0.27447928126477605,-0.05533195132845369,0.015735927639050434
1077,MG63,H3K9me3,hAT,0.02279448899064982,0.2374418016918385,-0.015030082456367617,0.06055391485575483
1078,MG63,H3K9me3,MULE-MuDR,0.024167566165038106,0.24652670686707762,-0.01671799335215166,0.06497243960055034
1079,MG63,H3K9me3,PiggyBac,-0.02805971222812713,0.19963769559053052,-0.07084926479773046,0.014832920655859002
1080,MG63,H3K9me3,5S-Deu-L2,0.0009989130852293329,0.9654759078848967,-0.04421156596830662,0.04620530897194128
1081,MG63,H3K9me3,Helitron,-0.025977521644921543,0.286114980970571,-0.07360528890092381,0.021768472987744442
1082,MG63,H3K9me3,hAT-Tag1,-0.019257028660187015,0.4305103708535504,-0.06705262858361015,0.028626748537876803
1083,MG63,H3K9me3,tRNA,-0.01180956489554971,0.6480978089731693,-0.06245503539450372,0.03889656883944919
1084,MG63,H3K9me3,Penelope,0.02389633371696244,0.5402959532873167,-0.05258522674595083,0.10009919393437132
1085,MG63,H3K9me3,TcMar-Tc1,-0.06530817481980235,0.09567814896637278,-0.14146342505483,0.011615522268916201
1086,MG63,H3K9me3,Dong-R4,-0.024829809332065043,0.608469188318278,-0.11935019764938085,0.0701366117707262
1087,MG63,H3K9me3,tRNA-Deu,-0.015490183139266124,0.7524671472559769,-0.11136038743265732,0.08066568165850724
1088,MG63,H3K9me3,Kolobok,-0.07781006936116192,0.1440083878014311,-0.1807336782727055,0.026799272048700765
1089,MG63,H3K9me3,PIF-Harbinger,0.03683522774970973,0.4940253533216017,-0.06874949146485072,0.14160389929785602
1090,MG63,H3K9me3,Crypton,0.032658575109648626,0.5842986222702489,-0.08429080355153823,0.14872043381571404
1091,MG63,H3K9me3,Merlin,0.09318981535158521,0.17747980292058535,-0.04270679354317681,0.22570073747530953
1092,MG63,H3K9me3,TcMar,0.008347222154754589,0.9054454513904614,-0.1288375231695018,0.14521847992139328
1093,MG63,H3K9me3,L1-Tx1,0.08618063632592508,0.31846800014783583,-0.08367464319602731,0.25116948102364905
1094,MG63,H3K9me3,Crypton-A,0.044075855921105155,0.6185330124449764,-0.1291729708479566,0.2147135997386988
1095,MG63,H3K9me3,I-Jockey,-0.062477990918357894,0.5186678765999677,-0.24784333959296242,0.12730032576927067
1096,MG63,H3K9me3,hAT-Tip100?,0.03791208791208791,0.766141366033549,-0.20993902846214918,0.28118477405767095
1097,MG63,H3K9me3,TcMar-Pogo,0.052419354838709666,0.7757001881259232,-0.30201799513247396,0.39412438575454395
1098,MG63,H3K9me3,hAT?,-0.04537815126050419,0.7988529461039255,-0.37790250072671233,0.2975156326370731
1099,MG63,H3K9me3,hAT-hAT19,0.10882352941176471,0.688288293957414,-0.4102793190048086,0.5746643593600581
1100,MG63,H3K36me3,Alu,0.0003214986479459125,0.735395168962311,-0.0015430121670272539,0.002186007227605356
1101,MG63,H3K36me3,L1,0.0007207960087596371,0.6003894678035012,-0.0019760817360366676,0.0034176632686768946
1102,MG63,H3K36me3,MIR,0.0019525125906708382,0.16087996756035317,-0.0007768293016084739,0.00468182539341723
1103,MG63,H3K36me3,L2,-0.0016470248604729969,0.32532138333908556,-0.004928988421409954,0.0016349741820915415
1104,MG63,H3K36me3,ERVL-MaLR,0.0015768827153627128,0.4315436734183645,-0.002352460191406494,0.005506176929309611
1105,MG63,H3K36me3,hAT-Charlie,0.004763029018824118,0.025519668999087804,0.0005832058906025051,0.008942685720885675
1106,MG63,H3K36me3,ERV1,0.0010658233420313408,0.7273907725680693,-0.004926650937058814,0.007058221075117109
1107,MG63,H3K36me3,ERVL,0.002629926347152676,0.3999955111105227,-0.003494592557072225,0.008754247960704634
1108,MG63,H3K36me3,TcMar-Tigger,-0.00778530085626507,0.014313537992346801,-0.014014658961963435,-0.0015553384396439175
1109,MG63,H3K36me3,hAT-Tip100,0.011213977743938536,0.009749401836055695,0.0027100158310394955,0.019716317831497382
1110,MG63,H3K36me3,CR1,-0.004858193522290506,0.30346473937983914,-0.01411070194831939,0.004395146807487093
1111,MG63,H3K36me3,Gypsy,0.006623495699225082,0.40707904216889823,-0.00903551377420046,0.022279257480924793
1112,MG63,H3K36me3,hAT-Blackjack,-0.008334812402258081,0.30668777381004764,-0.02431223519034846,0.007646867204430796
1113,MG63,H3K36me3,TcMar-Mariner,-0.005764277920428651,0.4833548811159999,-0.0218799582882233,0.010354397243930962
1114,MG63,H3K36me3,RTE-X,-0.0015458149363718923,0.8807112869795494,-0.02173213326714469,0.018641763276405186
1115,MG63,H3K36me3,ERVK,-0.008069432192600064,0.48873956783022765,-0.0309060812535652,0.014775637140175915
1116,MG63,H3K36me3,TcMar-Tc2,-0.014185917788767755,0.25204792433231454,-0.038445902391890274,0.010090779835806587
1117,MG63,H3K36me3,SVA,0.008070454821417057,0.5714284759297603,-0.01987824717417196,0.036006553533854124
1118,MG63,H3K36me3,RTE-BovB,-0.0007760616637029393,0.9581025237755029,-0.029722107938639945,0.028171285153600036
1119,MG63,H3K36me3,tRNA-RTE,0.019540863094758762,0.22411392546008954,-0.011969108806547609,0.05101206453717235
1120,MG63,H3K36me3,hAT-Ac,-0.02256769457774928,0.2135203615549985,-0.05807586574356869,0.01299750509352081
1121,MG63,H3K36me3,hAT,0.018163621962647154,0.3466156235289791,-0.019666749398241617,0.05594205829939667
1122,MG63,H3K36me3,MULE-MuDR,-0.03525475038468892,0.09074745248038489,-0.07600328459127076,0.005611344718960873
1123,MG63,H3K36me3,PiggyBac,0.009070710425531515,0.6781148802726988,-0.03375847159266314,0.051866638032971514
1124,MG63,H3K36me3,5S-Deu-L2,0.001823089249992642,0.9370200619988178,-0.043376972086917945,0.047015702480911796
1125,MG63,H3K36me3,Helitron,0.009139879541290398,0.7073133963244845,-0.03856064701842937,0.05679884619622485
1126,MG63,H3K36me3,hAT-Tag1,-0.003165084763008871,0.8968257222005358,-0.05096772669123266,0.044652026712019684
1127,MG63,H3K36me3,tRNA,-0.05291950677855536,0.04070206429289606,-0.10335860144921541,-0.002208937327516103
1128,MG63,H3K36me3,Penelope,0.018808276502081226,0.6298392087552037,-0.05765599498254472,0.09505316550376139
1129,MG63,H3K36me3,TcMar-Tc1,-0.029948711022342936,0.44486103364705243,-0.10644622239048634,0.04690124323733445
1130,MG63,H3K36me3,Dong-R4,0.00822405357359806,0.8652886719359891,-0.08663187889853725,0.10293221233053435
1131,MG63,H3K36me3,tRNA-Deu,-0.07966469738513696,0.10426942184854668,-0.17450900601973404,0.016644278475832698
1132,MG63,H3K36me3,Kolobok,-0.002465532138326091,0.9630787760472805,-0.10652641174952812,0.10164877206280093
1133,MG63,H3K36me3,PIF-Harbinger,0.061466098213842836,0.2534809845405856,-0.04420143786611464,0.1657735480227638
1134,MG63,H3K36me3,Crypton,0.0014970311529425454,0.9799971250110069,-0.11512064663472656,0.11807400476412244
1135,MG63,H3K36me3,Merlin,-0.05564920021732062,0.4212971796586731,-0.18939634154521587,0.08012533806705961
1136,MG63,H3K36me3,TcMar,0.06551716212747304,0.3506494905800964,-0.07231290156418979,0.20089175701365375
1137,MG63,H3K36me3,L1-Tx1,-0.10360804475501618,0.22826698886458027,-0.2671108090774724,0.06569294729356101
1138,MG63,H3K36me3,Crypton-A,0.07871273811167744,0.373370537540763,-0.09502438193385779,0.2477964772504758
1139,MG63,H3K36me3,I-Jockey,-0.1967472894078399,0.04031484901666222,-0.37269446422759694,-0.007144504391097717
1140,MG63,H3K36me3,hAT-Tip100?,0.15096153846153842,0.23376036185269392,-0.09991462086982905,0.38379070251520375
1141,MG63,H3K36me3,TcMar-Pogo,0.44721407624633425,0.010279728895243347,0.09916494827624157,0.6977657032614402
1142,MG63,H3K36me3,hAT?,-0.024904507257448433,0.8888126888055697,-0.36008552227107554,0.3159709680020459
1143,MG63,H3K36me3,hAT-hAT19,0.3588235294117647,0.17230386289263244,-0.18319435783609547,0.7335434467993462
1144,MG63,H3K27me3,Alu,0.0003745331328716881,0.6937832126152955,-0.0014898875495858853,0.0022389512115298924
1145,MG63,H3K27me3,L1,-0.00018005139936970061,0.8958614436136026,-0.0028761350385888593,0.0025160348573914307
1146,MG63,H3K27me3,MIR,-0.0019897242698157518,0.15301152053048103,-0.004718779840570283,0.000739360939293206
1147,MG63,H3K27me3,L2,0.0010299075531757865,0.538437228008001,-0.002251389723362252,0.004311182651992587
1148,MG63,H3K27me3,ERVL-MaLR,0.0027563414853696076,0.16913789719325828,-0.001172696642682841,0.0066852945134540384
1149,MG63,H3K27me3,hAT-Charlie,-0.002116317372106047,0.32097742655207834,-0.006295706760631519,0.002063145950740949
1150,MG63,H3K27me3,ERV1,-0.0018866240460501782,0.5371318959025856,-0.007878029386114663,0.004104916745611217
1151,MG63,H3K27me3,ERVL,0.0029843516615083283,0.3394519124660297,-0.003138915933028917,0.009107395469245511
1152,MG63,H3K27me3,TcMar-Tigger,-0.0064469711681925486,0.042524090960563296,-0.012676124085543422,-0.00021731787464222246
1153,MG63,H3K27me3,hAT-Tip100,-0.008830152935064955,0.041828508443666215,-0.017332650040151117,-0.0003263788317562501
1154,MG63,H3K27me3,CR1,0.0025452292892865565,0.5896644927742765,-0.006704424668464982,0.0117944477449477
1155,MG63,H3K27me3,Gypsy,-0.001499553420564915,0.8511031959250595,-0.017155561372494927,0.014157189680368694
1156,MG63,H3K27me3,hAT-Blackjack,-0.009737030118941895,0.2322233340053943,-0.025707423393321036,0.0062383320983944975
1157,MG63,H3K27me3,TcMar-Mariner,-0.004406800503951124,0.5919367714458859,-0.020517554262223077,0.011706241250065638
1158,MG63,H3K27me3,RTE-X,-0.00021559343641545923,0.9832981267154024,-0.020398207708500433,0.019967196475969597
1159,MG63,H3K27me3,ERVK,0.006258107235847167,0.5910532725905657,-0.016569412706887793,0.029079106641097002
1160,MG63,H3K27me3,TcMar-Tc2,0.0104155750254398,0.4002689721255812,-0.013855005495492923,0.034673889597457534
1161,MG63,H3K27me3,SVA,0.002357531223019662,0.868690665955373,-0.025587957510740892,0.030299338191820846
1162,MG63,H3K27me3,RTE-BovB,-0.0009068019765798319,0.9510364270248093,-0.02984326814795093,0.028031182840921046
1163,MG63,H3K27me3,tRNA-RTE,-0.006781505722751407,0.6732535494694638,-0.03828549648888712,0.024735952725651066
1164,MG63,H3K27me3,hAT-Ac,0.008463140005781505,0.6407894353387356,-0.027084200208883354,0.043989103277325275
1165,MG63,H3K27me3,hAT,-0.022948406439166576,0.23428836175730827,-0.06070741307659582,0.014876185438291096
1166,MG63,H3K27me3,MULE-MuDR,0.013318347015365002,0.5230282720403017,-0.027552664140864064,0.0541449036952567
1167,MG63,H3K27me3,PiggyBac,-0.029766050692438845,0.17363593747416206,-0.07254930400718915,0.013126545958471764
1168,MG63,H3K27me3,5S-Deu-L2,0.008584379871442803,0.7099158267284118,-0.03663914250762921,0.05377281392803863
1169,MG63,H3K27me3,Helitron,-0.023432511567654704,0.3355444882410231,-0.07102831742791405,0.024269756404478468
1170,MG63,H3K27me3,hAT-Tag1,0.0017991477785013127,0.9411710992224858,-0.04595827780255605,0.04954836785240819
1171,MG63,H3K27me3,tRNA,0.0062259729324589275,0.8099196804741687,-0.044486600416127,0.05690654177060942
1172,MG63,H3K27me3,Penelope,0.13455470971368821,0.0005282750053479158,0.05849801915529116,0.20905837367782307
1173,MG63,H3K27me3,TcMar-Tc1,-0.05038149191901252,0.1985157267609504,-0.12666506204091613,0.02649449381624883
1174,MG63,H3K27me3,Dong-R4,-0.01673938013257984,0.7304658602849962,-0.11157780625498655,0.07840120896715452
1175,MG63,H3K27me3,tRNA-Deu,0.046358842559762616,0.3449956867449363,-0.04994502813268329,0.14180859988943303
1176,MG63,H3K27me3,Kolobok,0.04349952943135703,0.4138768925912435,-0.060913333949507056,0.14697069737512092
1177,MG63,H3K27me3,PIF-Harbinger,-0.05687777252047872,0.2900188255405153,-0.16112887809202792,0.048628609061620844
1178,MG63,H3K27me3,Crypton,0.014059650668926364,0.8138325177020362,-0.10271196366953336,0.1304490207364912
1179,MG63,H3K27me3,Merlin,0.0951602920536849,0.1684506989129801,-0.040734704545410144,0.22759865236831983
1180,MG63,H3K27me3,TcMar,0.03530836665477169,0.6152424351511177,-0.10226376672508503,0.17155522397272288
1181,MG63,H3K27me3,L1-Tx1,0.06157259147599586,0.4764017025952758,-0.10803754262048731,0.22769967888368137
1182,MG63,H3K27me3,Crypton-A,0.037307980659455724,0.6734521927450275,-0.1358095521235811,0.20821477667377072
1183,MG63,H3K27me3,I-Jockey,0.023575201556852936,0.8077509115487566,-0.16528509593607296,0.21076765340217704
1184,MG63,H3K27me3,hAT-Tip100?,0.011446886446886444,0.9284675032359804,-0.23503146043116546,0.2565420245068522
1185,MG63,H3K27me3,TcMar-Pogo,0.14809384164222872,0.4185786682699443,-0.2134233258104826,0.4739382243133909
1186,MG63,H3K27me3,hAT?,-0.012375859434682963,0.9446183941610149,-0.34909245908942654,0.3271710646088707
1187,MG63,H3K27me3,hAT-hAT19,-0.07647058823529412,0.7783409809607029,-0.5518312059137126,0.43639588116527667
1188,MG63,H3K4me3,Alu,-0.0004019347666007791,0.6727824214680416,-0.002267233997227671,0.0014633672609671603
1189,MG63,H3K4me3,L1,-0.0016587494140075235,0.22799040322115027,-0.004355493012770581,0.0010380183113026188
1190,MG63,H3K4me3,MIR,-0.0005628375307439647,0.6861308729751103,-0.0032926231224084564,0.0021669564491748837
1191,MG63,H3K4me3,L2,0.0012173373585814204,0.46724848929485496,-0.002064724506333469,0.004499372997521177
1192,MG63,H3K4me3,ERVL-MaLR,0.003169005687223773,0.1140191083926827,-0.0007611531275093236,0.007099066605548601
1193,MG63,H3K4me3,hAT-Charlie,0.0019028500799041638,0.3723514789180088,-0.0022778670871001503,0.006083500730191383
1194,MG63,H3K4me3,ERV1,-0.0023397497973564434,0.44416453245036336,-0.008332726558784033,0.0036533950375380523
1195,MG63,H3K4me3,ERVL,0.003166294148830252,0.31097440115441405,-0.0029588287062430386,0.009291179430198413
1196,MG63,H3K4me3,TcMar-Tigger,0.006248514636086379,0.04935554953672706,1.7566666426354945e-05,0.012478977431013168
1197,MG63,H3K4me3,hAT-Tip100,0.0038989225166612663,0.3689033017703801,-0.004605855986823515,0.012403137021039966
1198,MG63,H3K4me3,CR1,-0.0014387965347825561,0.7605164439304712,-0.01069030386657566,0.00781295709838455
1199,MG63,H3K4me3,Gypsy,-0.0030785271520325265,0.6999765671092655,-0.01873456269455697,0.01257901771478917
1200,MG63,H3K4me3,hAT-Blackjack,-0.011323509601426017,0.16494893623181803,-0.027301058273491885,0.00465982328303455
1201,MG63,H3K4me3,TcMar-Mariner,-0.005043270023851304,0.5398387289242221,-0.021164137940420224,0.0110802196997755
1202,MG63,H3K4me3,RTE-X,-0.0052770322012783135,0.6084811099285063,-0.025463586114028814,0.01491382349690829
1203,MG63,H3K4me3,ERVK,0.002614747591368433,0.8225373873058046,-0.02023312934044488,0.025459894900928207
1204,MG63,H3K4me3,TcMar-Tc2,-0.012956849077059228,0.2956427766995394,-0.037225607103949385,0.011327183578842498
1205,MG63,H3K4me3,SVA,-0.02263976656405083,0.11258421180741589,-0.0505749909984034,0.005330855884152783
1206,MG63,H3K4me3,RTE-BovB,0.007764429545277895,0.5992358013379222,-0.021193796721801536,0.036709638708155974
1207,MG63,H3K4me3,tRNA-RTE,-0.030666989596684582,0.05631483995118706,-0.062105861250475,0.0008326791354564649
1208,MG63,H3K4me3,hAT-Ac,-0.00819004298877605,0.651762279221214,-0.04373400055405772,0.027374622178783843
1209,MG63,H3K4me3,hAT,0.007883773790347205,0.6828642195117381,-0.029932445980797265,0.045677456957401524
1210,MG63,H3K4me3,MULE-MuDR,0.021140131581523506,0.31044487331142523,-0.019717919851716694,0.061927691443909076
1211,MG63,H3K4me3,PiggyBac,-0.010538773845409575,0.6299822791736686,-0.05337196905870599,0.032333131225465994
1212,MG63,H3K4me3,5S-Deu-L2,0.010914124052866432,0.6364468287950358,-0.034336715827528216,0.056120306362673136
1213,MG63,H3K4me3,Helitron,-0.01116261573501623,0.646351085282495,-0.058787354800709866,0.03651281975937715
1214,MG63,H3K4me3,hAT-Tag1,-0.012787257717072021,0.6006676819361284,-0.06060509023387011,0.03508913327017464
1215,MG63,H3K4me3,tRNA,-0.020107774591917187,0.43675746654741054,-0.07068812353348519,0.030575712167834068
1216,MG63,H3K4me3,Penelope,0.06546968917994585,0.09309683833083256,-0.011041774080947413,0.14121900150739958
1217,MG63,H3K4me3,TcMar-Tc1,0.06520424563455905,0.09646489991911862,-0.011779016755714909,0.14141909948422013
1218,MG63,H3K4me3,Dong-R4,0.049861519541545975,0.3039702500169615,-0.04530946122412965,0.14413554014576785
1219,MG63,H3K4me3,tRNA-Deu,-0.08769195220358626,0.07364825741549336,-0.18236673699632835,0.008593995851251455
1220,MG63,H3K4me3,Kolobok,0.10244497933177162,0.05379540454750526,-0.0019345245214269643,0.2046162412356007
1221,MG63,H3K4me3,PIF-Harbinger,-0.017561896916677637,0.7440768036226466,-0.1224748040494131,0.08773915792615102
1222,MG63,H3K4me3,Crypton,0.02021587692209681,0.7349012128487928,-0.0966212166958017,0.13650341193195364
1223,MG63,H3K4me3,Merlin,0.05183088264028599,0.4539065160653486,-0.08391511421046333,0.18568820960489885
1224,MG63,H3K4me3,TcMar,0.0928035592554643,0.18567653662656872,-0.04509720955250105,0.2272336497008537
1225,MG63,H3K4me3,L1-Tx1,0.10583415334013281,0.22009231936291043,-0.06410565759498643,0.2698088373042691
1226,MG63,H3K4me3,Crypton-A,0.11913700031816384,0.1769951295166404,-0.05477433401556103,0.2860328379142674
1227,MG63,H3K4me3,I-Jockey,0.056250579186359013,0.5612654041630462,-0.13340900844237805,0.2419356429498489
1228,MG63,H3K4me3,hAT-Tip100?,0.058882783882783875,0.6439526870325012,-0.18988139128702392,0.3005426937534978
1229,MG63,H3K4me3,TcMar-Pogo,0.09237536656891496,0.6150759930883551,-0.26557065241553096,0.4279392874542424
1230,MG63,H3K4me3,hAT?,-0.09304812834224599,0.6006938539085438,-0.41868720018674216,0.25379316755255765
1231,MG63,H3K4me3,hAT-hAT19,0.36470588235294116,0.16486839724475402,-0.1771881310241002,0.7369104267511842
1232,VCaP,CTCF,Alu,0.00043698255216852345,0.6455411194171661,-0.0014250489123860185,0.0022990109865495397
1233,VCaP,CTCF,L1,0.0020755753941211165,0.13122769822529998,-0.0006197918574107228,0.004770912487730811
1234,VCaP,CTCF,MIR,-0.00025352700493228453,0.8553254931452305,-0.0029788518560024523,0.002471801612234023
1235,VCaP,CTCF,L2,0.0012905497674196925,0.44066124649960026,-0.0019898387150944713,0.004570910475043352
1236,VCaP,CTCF,ERVL-MaLR,-0.00050277970777223,0.8017178440781121,-0.004426825062070479,0.003421281130327587
1237,VCaP,CTCF,hAT-Charlie,0.0014731748583788297,0.4891137400196095,-0.0027010206009774607,0.005647318981329462
1238,VCaP,CTCF,ERV1,-0.0003964658391489849,0.8966415498336281,-0.006378137922637766,0.005585234615892172
1239,VCaP,CTCF,ERVL,-0.005352120316694526,0.08632504780478104,-0.011467975121271075,0.0007641349035566469
1240,VCaP,CTCF,TcMar-Tigger,-0.0016352787580641867,0.60650750796058,-0.007857826331567001,0.004587395454663072
1241,VCaP,CTCF,hAT-Tip100,0.007025113448688017,0.10505942850116722,-0.0014701609819985063,0.015519373949871402
1242,VCaP,CTCF,CR1,0.004880513806490605,0.30079647660797454,-0.004364176542431466,0.014124369991427617
1243,VCaP,CTCF,Gypsy,-0.0034944913582207163,0.6616446204503708,-0.019142406871717102,0.012155135666509317
1244,VCaP,CTCF,hAT-Blackjack,-0.00405085033562229,0.6188898308493835,-0.020009859309742296,0.011910222361071521
1245,VCaP,CTCF,TcMar-Mariner,-0.019225100224936405,0.019200388989719614,-0.03530768921666818,-0.003132556266257112
1246,VCaP,CTCF,RTE-X,0.016827877208842816,0.10218111499162666,-0.003354183388829433,0.036996234721034596
1247,VCaP,CTCF,ERVK,0.011050906761202867,0.3418891714844454,-0.011739078748995593,0.03382941733405121
1248,VCaP,CTCF,TcMar-Tc2,-0.0260216724733797,0.03544770189165329,-0.0502437643545012,-0.0017689869730758677
1249,VCaP,CTCF,SVA,0.03182067238627024,0.025451423508122246,0.003904504249286013,0.05968728189748007
1250,VCaP,CTCF,RTE-BovB,-0.01833393029023506,0.21403076489252568,-0.04722651181156048,0.010589303651560519
1251,VCaP,CTCF,tRNA-RTE,-0.017701642806293133,0.2704905306538196,-0.04915599180276535,0.013787783406715692
1252,VCaP,CTCF,hAT-Ac,0.006257943274258755,0.7299557396749526,-0.02926995532280971,0.04177005032758138
1253,VCaP,CTCF,hAT,0.007096370083315126,0.712752468647567,-0.0306769059009769,0.044849405408565496
1254,VCaP,CTCF,MULE-MuDR,-0.046818160480226155,0.024559569975336648,-0.08749195787097212,-0.005988519977842784
1255,VCaP,CTCF,PiggyBac,0.018918017260826852,0.3867861192700909,-0.023930610139757388,0.06169726516701351
1256,VCaP,CTCF,5S-Deu-L2,-0.01753261874605288,0.44704195386099144,-0.06265889157984357,0.027665195449321226
1257,VCaP,CTCF,Helitron,-0.014315870923330946,0.5555212463679149,-0.061846422507168666,0.03327946559753446
1258,VCaP,CTCF,hAT-Tag1,0.005980483288212844,0.8062153343518006,-0.041785315032733986,0.05371900641630847
1259,VCaP,CTCF,tRNA,-0.042188564669484445,0.10171617684724922,-0.09252622756140107,0.008364196212131282
1260,VCaP,CTCF,Penelope,0.03813089711013423,0.32765765546550263,-0.038267030555975,0.11408564956711559
1261,VCaP,CTCF,TcMar-Tc1,0.006099010731379726,0.8761945432059011,-0.07054237882787905,0.08266881456147876
1262,VCaP,CTCF,Dong-R4,-0.011931550962737972,0.8055825913334329,-0.1066011448910557,0.08295242684483287
1263,VCaP,CTCF,tRNA-Deu,-0.08538807814927246,0.08120767404849984,-0.1799998906317426,0.010789125349136279
1264,VCaP,CTCF,Kolobok,-0.020044450801371468,0.7070373368818197,-0.12403083026907397,0.08437740700372966
1265,VCaP,CTCF,PIF-Harbinger,-0.0423889849687047,0.4298750466408191,-0.14676249122040677,0.0629180153923358
1266,VCaP,CTCF,Crypton,0.010603110303944787,0.8590469823950267,-0.10612886611803701,0.12704680446634461
1267,VCaP,CTCF,Merlin,-0.03601374579160687,0.6020623541383079,-0.16998073347653117,0.09926023711838099
1268,VCaP,CTCF,TcMar,0.008188258212966981,0.9076951472165016,-0.12967007122136534,0.14573603357636014
1269,VCaP,CTCF,L1-Tx1,-0.00478147894553995,0.9557773360789377,-0.17235968639198762,0.16306571705697478
1270,VCaP,CTCF,Crypton-A,-0.0713533596805781,0.4180077789689519,-0.24014988462296646,0.10163141506241849
1271,VCaP,CTCF,I-Jockey,0.09389305903067371,0.3314893617288803,-0.09631767375081768,0.2774876609461469
1272,VCaP,CTCF,hAT-Tip100?,-0.1125915750915751,0.37572473018001007,-0.34944614574851457,0.13778865275720822
1273,VCaP,CTCF,TcMar-Pogo,-0.3412756598240469,0.05593076829906333,-0.6230281974155045,0.018865758351124768
1274,VCaP,CTCF,hAT?,0.0854087089381207,0.6310386897404545,-0.2608721404931994,0.4122165635078911
1275,VCaP,CTCF,hAT-hAT19,-0.27941176470588236,0.29461765356841446,-0.6864168056824974,0.2608875047387211
1276,VCaP,H3K27ac,Alu,-4.4574035765461655e-05,0.9625834340273602,-0.0019068604387495471,0.001817712676394052
1277,VCaP,H3K27ac,L1,-0.0007486669850889803,0.5861951784368805,-0.0034442354124908175,0.001946912322124978
1278,VCaP,H3K27ac,MIR,-0.0032407167887273866,0.019779171646014195,-0.005966121953517247,-0.000515263479573217
1279,VCaP,H3K27ac,L2,0.003240559651337209,0.05285257169153322,-3.991078331092029e-05,0.006520960340259388
1280,VCaP,H3K27ac,ERVL-MaLR,5.53362208243084e-05,0.977951963199136,-0.0038690409524081517,0.003979711689620425
1281,VCaP,H3K27ac,hAT-Charlie,0.0035786139413292394,0.09291917451326323,-0.0005958878695341642,0.007752991029138004
1282,VCaP,H3K27ac,ERV1,0.0015995859860004182,0.6002397253521503,-0.00438284331952448,0.007581900796785065
1283,VCaP,H3K27ac,ERVL,-0.0018668898962079955,0.5497378257906519,-0.007983973413391703,0.004250333337879855
1284,VCaP,H3K27ac,TcMar-Tigger,-0.0029030817040214944,0.36054720696196507,-0.009125992422107305,0.0033200538655423924
1285,VCaP,H3K27ac,hAT-Tip100,0.006445025828398811,0.13702356700784563,-0.0020502565245401304,0.014939377971823683
1286,VCaP,H3K27ac,CR1,0.002987543009568157,0.5264821325078135,-0.0062571916627124765,0.012231767044059169
1287,VCaP,H3K27ac,Gypsy,-0.005202486559549986,0.5147168711664833,-0.02085080703290329,0.010448382262776838
1288,VCaP,H3K27ac,hAT-Blackjack,-0.0025770489134939244,0.7517261525768254,-0.01854078483932958,0.01338800060389311
1289,VCaP,H3K27ac,TcMar-Mariner,-0.004171665488200339,0.6114804335345612,-0.020265656635017594,0.011924487047270607
1290,VCaP,H3K27ac,RTE-X,0.010142904555462243,0.3246189030604185,-0.010040232514555648,0.030317780550575747
1291,VCaP,H3K27ac,ERVK,-0.011719312462619027,0.3136191688316559,-0.034503374318456785,0.011076924873489161
1292,VCaP,H3K27ac,TcMar-Tc2,0.021514767286186516,0.08210940981409806,-0.0027428813600929563,0.04574711061218291
1293,VCaP,H3K27ac,SVA,-0.025528149487301848,0.07303152024575692,-0.05340438353815721,0.002387842112956465
1294,VCaP,H3K27ac,RTE-BovB,-0.009487694470007624,0.5202393983165243,-0.038393003285588964,0.01943347873279811
1295,VCaP,H3K27ac,tRNA-RTE,0.0015343598228815707,0.9238827502409943,-0.029934208721515497,0.0329998897900773
1296,VCaP,H3K27ac,hAT-Ac,0.0253498464088114,0.16182708521655806,-0.01017439645509788,0.060810181722466244
1297,VCaP,H3K27ac,hAT,0.011354507291851682,0.5558028685010166,-0.026422618811509077,0.04909924871189757
1298,VCaP,H3K27ac,MULE-MuDR,0.027365267217806466,0.1890646565560911,-0.013485045408528809,0.06812438397127135
1299,VCaP,H3K27ac,PiggyBac,0.007477049300205969,0.7323254388863948,-0.03536028221696938,0.05028695552879496
1300,VCaP,H3K27ac,5S-Deu-L2,0.02883169755685539,0.2109814433500972,-0.016359421581718915,0.07390526297363242
1301,VCaP,H3K27ac,Helitron,-0.017279277210748248,0.47674197797363993,-0.06479979262440244,0.030319430065093664
1302,VCaP,H3K27ac,hAT-Tag1,0.0013691826112044688,0.9552131074177004,-0.046387311151258014,0.049119431836408774
1303,VCaP,H3K27ac,tRNA,-0.004841751927002312,0.8510804742645863,-0.055341007919181104,0.04568221135452795
1304,VCaP,H3K27ac,Penelope,-0.05579951576757139,0.15216846166422593,-0.1316145542033727,0.020664496508266416
1305,VCaP,H3K27ac,TcMar-Tc1,0.0701634171242667,0.07273784193869752,-0.006573534750002224,0.14607884812167315
1306,VCaP,H3K27ac,Dong-R4,-0.04250061155803522,0.3804407667956099,-0.136778694414227,0.05254048534615955
1307,VCaP,H3K27ac,tRNA-Deu,-0.06329317539625731,0.19654693701700354,-0.15834146876652958,0.0329173614872312
1308,VCaP,H3K27ac,Kolobok,-0.022211381426955626,0.6766272178221495,-0.12602079813971873,0.0820792088424124
1309,VCaP,H3K27ac,PIF-Harbinger,-0.01852016657065976,0.7302645906376879,-0.12326950551833951,0.08663731819587073
1310,VCaP,H3K27ac,Crypton,0.0667342060297616,0.26402605192622247,-0.05059377116364588,0.18224523743890375
1311,VCaP,H3K27ac,Merlin,-0.0051184620432981965,0.9409421155368459,-0.13977191458123317,0.12972086290194548
1312,VCaP,H3K27ac,TcMar,0.020911044143381165,0.7671314913134197,-0.11715104087032256,0.15818018427247152
1313,VCaP,H3K27ac,L1-Tx1,-0.05791446777472447,0.5014405135884349,-0.22359428376858076,0.11101816291320657
1314,VCaP,H3K27ac,Crypton-A,-0.20552959845447782,0.01852028545205463,-0.36579267931484766,-0.03342888291868461
1315,VCaP,H3K27ac,I-Jockey,-0.09440274302659624,0.32885959116853836,-0.2779664442766483,0.09581269263033886
1316,VCaP,H3K27ac,hAT-Tip100?,0.0407051282051282,0.7494571046936876,-0.20727657065798283,0.2837715954795949
1317,VCaP,H3K27ac,TcMar-Pogo,0.04838709677419354,0.7925640380560134,-0.3056537816310962,0.39067304505691774
1318,VCaP,H3K27ac,hAT?,0.173109243697479,0.32755336822806913,-0.17786508013187022,0.48501220913463017
1319,VCaP,H3K27ac,hAT-hAT19,0.25,0.3503914791072017,-0.288208840877694,0.668174158635457
1320,C4-2B,CTCF,Alu,-1.673984558267528e-05,0.9859851398519324,-0.0018845299819140544,0.0018510504075473005
1321,C4-2B,CTCF,L1,0.00046936135422570764,0.7333771906824386,-0.0022312605970093956,0.003169976459035017
1322,C4-2B,CTCF,MIR,0.002490112724208014,0.07365219779144368,-0.0002383236799062075,0.005218512053979052
1323,C4-2B,CTCF,L2,-0.0009544503289921634,0.5687362443320841,-0.004236835378305189,0.0023279552870626753
1324,C4-2B,CTCF,ERVL-MaLR,2.928267012390488e-05,0.9883619850165472,-0.0039053370233337967,0.003963901456918187
1325,C4-2B,CTCF,hAT-Charlie,-9.754928546650868e-05,0.9635377541232084,-0.004279851072266318,0.004084755913931692
1326,C4-2B,CTCF,ERV1,0.0022629246346380855,0.4613310995326366,-0.0037578667028212594,0.008283551914016127
1327,C4-2B,CTCF,ERVL,0.0018831533462129115,0.54705540217303,-0.004246112815257209,0.008012278018200472
1328,C4-2B,CTCF,TcMar-Tigger,-0.0004955887002365355,0.8761895792230137,-0.006729954064114618,0.005738815188289833
1329,C4-2B,CTCF,hAT-Tip100,0.0006340670572470274,0.8837779547515211,-0.007867208990078757,0.00913525145532279
1330,C4-2B,CTCF,CR1,0.009947153973631787,0.03513739093139833,0.0006929725102605543,0.019199631836044097
1331,C4-2B,CTCF,Gypsy,-0.012872720419308226,0.10713844554880116,-0.028526518696200116,0.0027873901463934597
1332,C4-2B,CTCF,hAT-Blackjack,-0.0019209166966268271,0.8139159904180024,-0.017914593046501344,0.014073742449343252
1333,C4-2B,CTCF,TcMar-Mariner,-0.0031241359541585097,0.7046917247155811,-0.019278516755132875,0.013031875601485205
1334,C4-2B,CTCF,RTE-X,0.006183985647829893,0.5482755174595658,-0.014004940066258114,0.02636787133257446
1335,C4-2B,CTCF,ERVK,-0.0072567491016484265,0.537106422707381,-0.03029355250004659,0.01578775950963228
1336,C4-2B,CTCF,TcMar-Tc2,-0.0011574053656769317,0.9256748373828688,-0.025469749232025544,0.023156306841136787
1337,C4-2B,CTCF,SVA,-0.010296152436907615,0.4719019565965108,-0.03833239695152234,0.017756289336094147
1338,C4-2B,CTCF,RTE-BovB,0.013651169856469355,0.3551995853799518,-0.015290307027876749,0.04256979185318827
1339,C4-2B,CTCF,tRNA-RTE,-0.0025640685992959563,0.873243330708066,-0.03405283668305774,0.028929785105177887
1340,C4-2B,CTCF,hAT-Ac,0.0073080632962689,0.6873063931453944,-0.028273424828248756,0.042871055417566
1341,C4-2B,CTCF,hAT,0.008736723526111998,0.6507812239579805,-0.029087353780012436,0.046535816861373966
1342,C4-2B,CTCF,MULE-MuDR,0.00963253460988289,0.6439222311134494,-0.031208294279417997,0.05044125216378849
1343,C4-2B,CTCF,PiggyBac,-0.032888958150806044,0.13328456016683515,-0.07572162235303417,0.010064857041613492
1344,C4-2B,CTCF,5S-Deu-L2,-0.01566725083716141,0.49685414089616897,-0.060799422298392455,0.02952885237954637
1345,C4-2B,CTCF,Helitron,-0.026143274825628223,0.28347947769232495,-0.07381269390654963,0.021645337376170273
1346,C4-2B,CTCF,hAT-Tag1,-0.015191703541456504,0.5335356932789523,-0.06294476680549428,0.03263076139038714
1347,C4-2B,CTCF,tRNA,0.021569405059017596,0.4032143605514116,-0.02901417921503823,0.07204279928554143
1348,C4-2B,CTCF,Penelope,0.054864941103788,0.16107775559151719,-0.021951212884179165,0.13103709934166266
1349,C4-2B,CTCF,TcMar-Tc1,-0.004317173391017504,0.9123895922866768,-0.08107453446677758,0.0724910932871914
1350,C4-2B,CTCF,Dong-R4,0.02874003059074695,0.5532065608932588,-0.06624673385852399,0.12321057411927845
1351,C4-2B,CTCF,tRNA-Deu,0.0861540761833428,0.07850583091871512,-0.010020688303501748,0.18074951126780672
1352,C4-2B,CTCF,Kolobok,0.056731205876059766,0.28711421495963785,-0.04787047618872973,0.1601020839808659
1353,C4-2B,CTCF,PIF-Harbinger,-0.020960642908171203,0.6963774332512958,-0.12567560566731267,0.08421622672663558
1354,C4-2B,CTCF,Crypton,0.0598147996421247,0.31601279832346746,-0.0572858952991709,0.17529199951253485
1355,C4-2B,CTCF,Merlin,-0.07755949594248275,0.26202633590940155,-0.21061886478900269,0.05832143308204828
1356,C4-2B,CTCF,TcMar,-0.09918482217531806,0.16020026192821998,-0.23435390188953859,0.0397464959214288
1357,C4-2B,CTCF,L1-Tx1,0.08199454646629438,0.3408266949315544,-0.08719837855642185,0.2465897361519626
1358,C4-2B,CTCF,Crypton-A,-0.03438288202942079,0.6977542410853468,-0.20540245684760186,0.13867430461916522
1359,C4-2B,CTCF,I-Jockey,-0.08445000463349087,0.3826193872472329,-0.26860456801460847,0.10566016402430149
1360,C4-2B,CTCF,hAT-Tip100?,-0.22202797202797203,0.07547393371833253,-0.4444421748541155,0.026170457081834998
1361,C4-2B,CTCF,TcMar-Pogo,-0.36510263929618764,0.039907899554479084,-0.6402811860474793,-0.006871287565619152
1362,C4-2B,CTCF,hAT?,-0.06550802139037433,0.7172068500953872,-0.4001474597405717,0.28454498229362224
1363,C4-2B,CTCF,hAT-hAT19,0.15588235294117647,0.5642819694728023,-0.3711229460356745,0.6069335613825662
1364,C4-2B,H3K27ac,Alu,0.0006485876165357933,0.4960740736504814,-0.0012189693661429034,0.0025161400749758728
1365,C4-2B,H3K27ac,L1,0.0009753193909202869,0.479489080118229,-0.0017280109628892673,0.003678635489532984
1366,C4-2B,H3K27ac,MIR,-9.674934383320516e-05,0.945522228497862,-0.0028718451094929425,0.0026783479119910237
1367,C4-2B,H3K27ac,L2,-0.001081392898439677,0.5185734119473271,-0.004364623229523932,0.002201860746806213
1368,C4-2B,H3K27ac,ERVL-MaLR,0.0017660586222925888,0.3795819838547093,-0.0021733365000919666,0.005705398930927943
1369,C4-2B,H3K27ac,hAT-Charlie,-0.0011463910822456604,0.5947582493942949,-0.005370185858358918,0.003077444598565423
1370,C4-2B,H3K27ac,ERV1,0.00016236709820191458,0.9579624153748952,-0.005874943638138874,0.006199665998289601
1371,C4-2B,H3K27ac,ERVL,-0.005927105571810417,0.05843245739367378,-0.012065304325739589,0.00021153986716344707
1372,C4-2B,H3K27ac,TcMar-Tigger,-0.0065057484972447475,0.043703440534252916,-0.012827306225535972,-0.00018367073752779972
1373,C4-2B,H3K27ac,hAT-Tip100,0.00865594251768823,0.0471323211038675,0.0001094995946918818,0.01720112104374127
1374,C4-2B,H3K27ac,CR1,0.0008343196231042142,0.8601472494256505,-0.008446803674721651,0.010115299187723364
1375,C4-2B,H3K27ac,Gypsy,-0.007378714491100658,0.3568457407904968,-0.023071263190501793,0.008317469354732016
1376,C4-2B,H3K27ac,hAT-Blackjack,0.008864590603128539,0.28955925153300116,-0.007540893817027883,0.025265304405572217
1377,C4-2B,H3K27ac,TcMar-Mariner,-0.0029334403292242237,0.7367757480847075,-0.02003616562953661,0.014171001239507656
1378,C4-2B,H3K27ac,RTE-X,0.0035095214039738564,0.7333801840551127,-0.016682991738326103,0.023699172989025744
1379,C4-2B,H3K27ac,ERVK,-0.005595688842167463,0.6348375429265405,-0.028681645687598782,0.017496234303911753
1380,C4-2B,H3K27ac,TcMar-Tc2,-0.007208011307377226,0.5698166967560457,-0.032056982515430994,0.017649865034608626
1381,C4-2B,H3K27ac,SVA,-0.0072191535261845385,0.6142034875132756,-0.03527618830893527,0.020849252250419927
1382,C4-2B,H3K27ac,RTE-BovB,-0.01729170184459463,0.24169423037206492,-0.04621428604986112,0.011659849562415834
1383,C4-2B,H3K27ac,tRNA-RTE,-0.0006281619101862568,0.9691868737224564,-0.032491324995004386,0.03123627672297739
1384,C4-2B,H3K27ac,hAT-Ac,0.008189273199394019,0.6529197345902449,-0.02749896477315939,0.043856661419784226
1385,C4-2B,H3K27ac,hAT,-0.00750810946077313,0.7023535949554932,-0.04598852045985855,0.030994550795333926
1386,C4-2B,H3K27ac,MULE-MuDR,-0.008655931180110871,0.6783429714597071,-0.049528922519819225,0.03224600403040539
1387,C4-2B,H3K27ac,PiggyBac,0.02847484644376122,0.2063657379152741,-0.015706117199316066,0.07254483594540274
1388,C4-2B,H3K27ac,5S-Deu-L2,-0.015230543811613786,0.5125560791088493,-0.06075234562293037,0.03035448285113019
1389,C4-2B,H3K27ac,Helitron,0.013131006592148735,0.5941436622966886,-0.03516538543660139,0.06136620844630509
1390,C4-2B,H3K27ac,hAT-Tag1,0.00468369695064999,0.8478285407921731,-0.04313645939884161,0.052482441371347506
1391,C4-2B,H3K27ac,tRNA,0.055976499659681524,0.031638270332508406,0.004892566899485823,0.1067690368758431
1392,C4-2B,H3K27ac,Penelope,-0.03185035305284982,0.41863572765728174,-0.10868313395050615,0.04536070585760613
1393,C4-2B,H3K27ac,TcMar-Tc1,0.002902299570298005,0.9429722602316005,-0.07650058190429836,0.08226860065799094
1394,C4-2B,H3K27ac,Dong-R4,-0.03545264723589863,0.46445237749832946,-0.1298326224707406,0.0595639832908324
1395,C4-2B,H3K27ac,tRNA-Deu,0.047653869629428365,0.33697803193905607,-0.0497156572214995,0.1441260898880432
1396,C4-2B,H3K27ac,Kolobok,0.014510117740706775,0.7907054837319804,-0.09247401010156256,0.12116305000433093
1397,C4-2B,H3K27ac,PIF-Harbinger,-0.011317933179181108,0.8357650476469871,-0.11785585151558801,0.09547756383172451
1398,C4-2B,H3K27ac,Crypton,-0.050576782634904595,0.41492106466148737,-0.1707936712923732,0.07112382543837857
1399,C4-2B,H3K27ac,Merlin,0.12040018259106376,0.09979944714445817,-0.02362922197362198,0.25953315143796923
1400,C4-2B,H3K27ac,TcMar,-0.08319614483078139,0.2589174389055416,-0.2246273829208222,0.06166795066267669
1401,C4-2B,H3K27ac,L1-Tx1,-0.06902691420647715,0.4228462505831041,-0.23422354467227535,0.1000440123379895
1402,C4-2B,H3K27ac,Crypton-A,-0.026697150600051085,0.7713020434999734,-0.2042513059287318,0.15255762017415297
1403,C4-2B,H3K27ac,I-Jockey,-0.18002965434158094,0.06103642274940495,-0.35741412395827005,0.009891166406595545
1404,C4-2B,H3K27ac,hAT-Tip100?,0.08365384615384615,0.5110560770152544,-0.16598641817651313,0.3232177925233217
1405,C4-2B,H3K27ac,TcMar-Pogo,0.2729064039408866,0.15204214097582422,-0.111011261984263,0.5859483393700948
1406,C4-2B,H3K27ac,hAT?,-0.2520053475935829,0.15712894658325915,-0.5518438756763611,0.10552835624922796
1407,C4-2B,H3K27ac,hAT-hAT19,0.6000000000000001,0.05100326070695074,-0.05952083220843268,0.8948763176634786
1408,RWPE2,CTCF,Alu,-0.0016296690603438883,0.08659240604736493,-0.003493567445802901,0.00023424064853658558
1409,RWPE2,CTCF,L1,0.0014700663754346828,0.28507096511461577,-0.001225244746366594,0.004165356138170659
1410,RWPE2,CTCF,MIR,0.0013895451479775077,0.3179225980039229,-0.001337362374553514,0.004116432005241329
1411,RWPE2,CTCF,L2,0.001439394824228748,0.3897594924268255,-0.0018408242727187896,0.004719582946096302
1412,RWPE2,CTCF,ERVL-MaLR,-0.0005304113708025831,0.7911533874646625,-0.004456124574789795,0.0033953181818343775
1413,RWPE2,CTCF,hAT-Charlie,-0.00013057737856806643,0.9511381296105608,-0.004307072843110698,0.004045922641331907
1414,RWPE2,CTCF,ERV1,0.0005201740957710033,0.8647460718185439,-0.005465155088684552,0.006505466010842809
1415,RWPE2,CTCF,ERVL,-0.0032360779637941365,0.2999310905136329,-0.009354627983699472,0.0028827143641084792
1416,RWPE2,CTCF,TcMar-Tigger,-0.00045591698815508944,0.8858571280748229,-0.006680780969093281,0.005768982325583358
1417,RWPE2,CTCF,hAT-Tip100,-0.004216177358545992,0.330741352515581,-0.012711799353099202,0.004280053300633228
1418,RWPE2,CTCF,CR1,-0.001993886060914234,0.6725436440449152,-0.011239566387936703,0.007252135165180305
1419,RWPE2,CTCF,Gypsy,-0.0009741164114146121,0.9029051079736949,-0.016623280088930895,0.014675524396157495
1420,RWPE2,CTCF,hAT-Blackjack,0.001310447311653372,0.8722647913886465,-0.01466334930674845,0.017283575203722007
1421,RWPE2,CTCF,TcMar-Mariner,-0.0025655010178547177,0.7549951297252745,-0.018676887863631503,0.013547217835820783
1422,RWPE2,CTCF,RTE-X,0.00736325834353797,0.4744774679605157,-0.01281520439466091,0.0275357263370269
1423,RWPE2,CTCF,ERVK,0.021481524119736178,0.06488316598634217,-0.0013281359124884327,0.04426884289615383
1424,RWPE2,CTCF,TcMar-Tc2,0.013231897119952993,0.28495500290726006,-0.011024256874596013,0.03747248811510905
1425,RWPE2,CTCF,SVA,-0.0042326233443978865,0.7664936663758469,-0.03215852143593506,0.023699878098063707
1426,RWPE2,CTCF,RTE-BovB,-0.011159625888137702,0.44942663303957764,-0.04005964520736869,0.017759049075005206
1427,RWPE2,CTCF,tRNA-RTE,0.010316274516453488,0.5209855158232858,-0.021186978797174398,0.04179906207876843
1428,RWPE2,CTCF,hAT-Ac,-0.026051828657331667,0.15051764818254237,-0.061510319611074595,0.009472338375310084
1429,RWPE2,CTCF,hAT,0.00303869837993241,0.874781107979432,-0.03474398516055638,0.04081270815866196
1430,RWPE2,CTCF,MULE-MuDR,-0.012210297025709504,0.5575838921833747,-0.052977650675591154,0.028597689603547177
1431,RWPE2,CTCF,PiggyBac,0.036227188342681856,0.09737494467969744,-0.006622532040380454,0.07894411335198087
1432,RWPE2,CTCF,5S-Deu-L2,-0.007866374479470013,0.7328703249414352,-0.052996708924482584,0.037296028349873424
1433,RWPE2,CTCF,Helitron,0.01492238152295967,0.539374167471399,-0.032729910893463894,0.06250698540510344
1434,RWPE2,CTCF,hAT-Tag1,-0.030266537736406376,0.21432288060382995,-0.07791825117288532,0.017523151681691957
1435,RWPE2,CTCF,tRNA,0.024597192966050865,0.34013411085148526,-0.025955182266741865,0.07502408598921377
1436,RWPE2,CTCF,Penelope,-0.11349300762451209,0.0035048142293175304,-0.18841701692014914,-0.03725553195744105
1437,RWPE2,CTCF,TcMar-Tc1,0.0023254517613763384,0.952741116786874,-0.0744718293141911,0.07909531227975977
1438,RWPE2,CTCF,Dong-R4,0.044636138013138836,0.35694695144130373,-0.05041097590432028,0.13888197276277356
1439,RWPE2,CTCF,tRNA-Deu,0.06507853246151003,0.1841921628768429,-0.03113195853468451,0.16009413235060607
1440,RWPE2,CTCF,Kolobok,0.02270659335426224,0.6707201691581496,-0.08188373924116585,0.1268022394452479
1441,RWPE2,CTCF,PIF-Harbinger,0.02676358467727301,0.6182863114515219,-0.07845563642887053,0.13139310083912348
1442,RWPE2,CTCF,Crypton,-0.05819467043681818,0.32932227545243564,-0.17371029305267396,0.05890062322679577
1443,RWPE2,CTCF,Merlin,0.004162528802436157,0.9519571077745543,-0.13066031809567372,0.13883421650627228
1444,RWPE2,CTCF,TcMar,0.028470263949483043,0.6867895545521687,-0.10969728506983471,0.1655584198627628
1445,RWPE2,CTCF,L1-Tx1,-0.04883689183614448,0.5709031092526646,-0.21488934072927968,0.11995981104207228
1446,RWPE2,CTCF,Crypton-A,-0.02644288835355131,0.7643263138936945,-0.19710363039380777,0.14577328279617335
1447,RWPE2,CTCF,I-Jockey,-0.06752849596886294,0.4853728785524566,-0.25262694234949995,0.122338139339245
1448,RWPE2,CTCF,hAT-Tip100?,-0.15137362637362636,0.2324715486147468,-0.3841568762942775,0.09950478341460851
1449,RWPE2,CTCF,TcMar-Pogo,-0.17741935483870966,0.3313288590325346,-0.4976111138611249,0.1853256758256819
1450,RWPE2,CTCF,hAT?,0.022765469824293352,0.8983107875450476,-0.31788817358298604,0.3582135219724369
1451,RWPE2,CTCF,hAT-hAT19,-0.0823529411764706,0.761733078752474,-0.5560223806309977,0.43169432608080366
1452,RWPE2,H3K27ac,Alu,0.0009118282341319734,0.3380993123377527,-0.0009538151527656827,0.0027774652735812026
1453,RWPE2,H3K27ac,L1,0.0001619015075955588,0.9062999825830333,-0.002533955087879897,0.0028577557497883608
1454,RWPE2,H3K27ac,MIR,0.0019039741024685158,0.1713111405817329,-0.0008238897017279723,0.004631809570996565
1455,RWPE2,H3K27ac,L2,-0.0037855175471609346,0.023713765486782532,-0.007065879977657046,-0.0005050736432484223
1456,RWPE2,H3K27ac,ERVL-MaLR,0.0004325212513773959,0.8290975792934516,-0.0034946883514452632,0.00435971751271376
1457,RWPE2,H3K27ac,hAT-Charlie,0.0016423674719076556,0.4410743423560235,-0.002536067274720572,0.005820744869939884
1458,RWPE2,H3K27ac,ERV1,0.0011138991718919204,0.7153731117230653,-0.00487320595008139,0.00710092443844671
1459,RWPE2,H3K27ac,ERVL,-0.0028297572670521877,0.36485669372716856,-0.008950213032083465,0.0032909105123150287
1460,RWPE2,H3K27ac,TcMar-Tigger,0.0022396319415112003,0.4808525978971947,-0.0039873558034733865,0.008466446005326029
1461,RWPE2,H3K27ac,hAT-Tip100,-0.004918152286491424,0.2567471761694609,-0.013417036931531911,0.0035814429216488304
1462,RWPE2,H3K27ac,CR1,-0.005373157416128308,0.254778343180998,-0.014619816689134759,0.0038744207922443256
1463,RWPE2,H3K27ac,Gypsy,-0.0015266734271418263,0.8483901261523269,-0.017177182251048122,0.014124583316221954
1464,RWPE2,H3K27ac,hAT-Blackjack,-0.005587743386455366,0.49329372382792736,-0.021571107659226405,0.010398476464055144
1465,RWPE2,H3K27ac,TcMar-Mariner,0.011436489445788584,0.1649251646499603,-0.004705423784455108,0.0275724442820849
1466,RWPE2,H3K27ac,RTE-X,0.012377974761996379,0.22923356421284083,-0.007801031596809933,0.032546904178845856
1467,RWPE2,H3K27ac,ERVK,0.006171597123474116,0.596293048606694,-0.016662091257333634,0.02899885161095718
1468,RWPE2,H3K27ac,TcMar-Tc2,-0.008388170754733776,0.4979182622445505,-0.03263536955016356,0.01586889600735776
1469,RWPE2,H3K27ac,SVA,0.010325206594293637,0.46911116436660094,-0.017630071917218704,0.0382643544498766
1470,RWPE2,H3K27ac,RTE-BovB,0.00018062269341796134,0.9902327254936867,-0.02873157281269112,0.029092516232215822
1471,RWPE2,H3K27ac,tRNA-RTE,-0.006964259831889763,0.664896225150522,-0.03845987124106729,0.0245451750348431
1472,RWPE2,H3K27ac,hAT-Ac,0.0195365940510919,0.28100104342343857,-0.015987266550461877,0.05501119602262043
1473,RWPE2,H3K27ac,hAT,-0.0048567447651701855,0.8011745293486248,-0.04263477100186458,0.032935149778575826
1474,RWPE2,H3K27ac,MULE-MuDR,-0.00027890560740865476,0.9893151875554198,-0.041079500075044684,0.040522617463353165
1475,RWPE2,H3K27ac,PiggyBac,0.02562715710157202,0.24123038392748153,-0.01724467810708622,0.06840493208584779
1476,RWPE2,H3K27ac,5S-Deu-L2,0.004418886346421609,0.8480760632327418,-0.040773912827286256,0.0495936422037817
1477,RWPE2,H3K27ac,Helitron,0.0045897798075317225,0.8502740487021343,-0.043046263129496394,0.052205001222095884
1478,RWPE2,H3K27ac,hAT-Tag1,-0.022271541610964517,0.36089875485410683,-0.06995648146864128,0.025514948759929684
1479,RWPE2,H3K27ac,tRNA,0.01948429751935898,0.4500546560807408,-0.03108037105869611,0.06994948999674955
1480,RWPE2,H3K27ac,Penelope,-0.018128350184387167,0.6420165876210145,-0.09432088731603,0.05827532070961552
1481,RWPE2,H3K27ac,TcMar-Tc1,0.029656136529969238,0.4493234864082867,-0.04719309530836667,0.10615636553055778
1482,RWPE2,H3K27ac,Dong-R4,0.02459601491098131,0.611849654971455,-0.07036912122040552,0.11911931552044594
1483,RWPE2,H3K27ac,tRNA-Deu,-0.08682751020634195,0.07654544600947077,-0.18152099200820984,0.009461373620444479
1484,RWPE2,H3K27ac,Kolobok,-0.043776566589918325,0.4115712041775993,-0.14738842317045545,0.060785651879909225
1485,RWPE2,H3K27ac,PIF-Harbinger,0.02504884533386916,0.6414502995384648,-0.08031004847378889,0.12985420427725364
1486,RWPE2,H3K27ac,Crypton,-0.11934898867025841,0.044850898508937934,-0.23310196813933884,-0.002373935871137445
1487,RWPE2,H3K27ac,Merlin,-0.05118894438446648,0.45952429458650645,-0.18506451390769044,0.08455196396783748
1488,RWPE2,H3K27ac,TcMar,0.12619345652603486,0.07352200367082486,-0.012619737832827153,0.26023457510869247
1489,RWPE2,H3K27ac,L1-Tx1,-0.17564526049382453,0.04006994480961746,-0.33469099793559226,-0.006869637104469315
1490,RWPE2,H3K27ac,Crypton-A,-0.0318932141855844,0.7176300349546001,-0.2023542061015123,0.1404435198649492
1491,RWPE2,H3K27ac,I-Jockey,-0.13476044852191643,0.16238298783424346,-0.3156569975139232,0.05558828434711967
1492,RWPE2,H3K27ac,hAT-Tip100?,-0.3473443223443223,0.004921636259293867,-0.5517031992120648,-0.10364110681571455
1493,RWPE2,H3K27ac,TcMar-Pogo,0.1975806451612903,0.27838847195371524,-0.16573442327187443,0.5136716099503776
1494,RWPE2,H3K27ac,hAT?,-0.31581359816653937,0.06883553082709801,-0.5964899300533477,0.03368781659950537
1495,RWPE2,H3K27ac,hAT-hAT19,-0.06470588235294117,0.8118214513105935,-0.5433955247540582,0.44573770486135694
1496,RWPE2,H3K36me3,Alu,-0.0005878254664273377,0.5362153360531596,-0.0024504416488588285,0.0012747947947461763
1497,RWPE2,H3K36me3,L1,-0.00015028247902270928,0.9129718773394205,-0.0028453644539429826,0.0025448016790429913
1498,RWPE2,H3K36me3,MIR,0.0017119413759480507,0.2183529775167982,-0.001013945671943,0.004437802982977473
1499,RWPE2,H3K36me3,L2,-0.0022967643568505315,0.16993545131294813,-0.005576770009700485,0.000983290716194379
1500,RWPE2,H3K36me3,ERVL-MaLR,0.0008417799670975678,0.674198605109664,-0.0030827803185761284,0.004766314322442121
1501,RWPE2,H3K36me3,hAT-Charlie,0.0010026212823427219,0.6378305009089238,-0.0031719199300367156,0.005177127550029788
1502,RWPE2,H3K36me3,ERV1,-0.001689643073560533,0.5799133297644745,-0.00767248287151609,0.004293317686611545
1503,RWPE2,H3K36me3,ERVL,0.0006906132947152049,0.8248883468949915,-0.0054268776865934055,0.0068080525858320645
1504,RWPE2,H3K36me3,TcMar-Tigger,-0.0004375756843860632,0.8903875997538034,-0.006660620322679756,0.005785502845459644
1505,RWPE2,H3K36me3,hAT-Tip100,0.008622818151110823,0.046628657361806755,0.00012854517963845882,0.01711584689357487
1506,RWPE2,H3K36me3,CR1,-0.009717960778486717,0.039357621085252634,-0.018960605594657124,-0.00047365516470176114
1507,RWPE2,H3K36me3,Gypsy,0.004229767638961851,0.5962295500506631,-0.011416980503863345,0.01987444494926146
1508,RWPE2,H3K36me3,hAT-Blackjack,-0.0006529533939691481,0.9361053679523814,-0.016615665601596386,0.015310091576469897
1509,RWPE2,H3K36me3,TcMar-Mariner,-0.004129341819914822,0.615075564115348,-0.02022226301415259,0.011965718546444548
1510,RWPE2,H3K36me3,RTE-X,-0.010480314987499907,0.3086546259591153,-0.030649604494885054,0.009697505852944602
1511,RWPE2,H3K36me3,ERVK,-0.01131921499845677,0.33062375031903657,-0.03411288912349921,0.011486228539783833
1512,RWPE2,H3K36me3,TcMar-Tc2,0.009908134081486837,0.42319254131090844,-0.014340038061065376,0.034144659229588745
1513,RWPE2,H3K36me3,SVA,-0.0008738885739007742,0.9511351428342438,-0.028816954436663586,0.027070542047047667
1514,RWPE2,H3K36me3,RTE-BovB,-0.016504264796847613,0.2632857506057509,-0.045396614235324435,0.012415672926685302
1515,RWPE2,H3K36me3,tRNA-RTE,0.03418452934162619,0.03325394360471143,0.002707094777085163,0.06559428842673247
1516,RWPE2,H3K36me3,hAT-Ac,-0.004836701365774767,0.7895307563706622,-0.040333539742343556,0.03067233021733239
1517,RWPE2,H3K36me3,hAT,0.007192716304410647,0.7089773572896347,-0.030573646400615752,0.044938571174124385
1518,RWPE2,H3K36me3,MULE-MuDR,0.018379786594391812,0.3774570482013383,-0.02244154706581597,0.05913993593248605
1519,RWPE2,H3K36me3,PiggyBac,0.011301801931487384,0.6050668115089829,-0.031530012653926034,0.05409218357246761
1520,RWPE2,H3K36me3,5S-Deu-L2,-0.0010150848096400324,0.9648800157909554,-0.04617342230580811,0.044147393145442484
1521,RWPE2,H3K36me3,Helitron,-0.02491160750440393,0.3053524570468769,-0.07244536991340508,0.022735065871217347
1522,RWPE2,H3K36me3,hAT-Tag1,-0.0031013082202364954,0.8987736650388365,-0.05084733092208326,0.0446588588037906
1523,RWPE2,H3K36me3,tRNA,0.00633966706439592,0.8058825363350798,-0.044204279154361086,0.056851240953874206
1524,RWPE2,H3K36me3,Penelope,-0.03854150119966322,0.32247184945896723,-0.11449208010412511,0.03785701812539665
1525,RWPE2,H3K36me3,TcMar-Tc1,0.009719828863321935,0.8042046843323423,-0.06705701053343513,0.0863822376174968
1526,RWPE2,H3K36me3,Dong-R4,0.06966247241012793,0.150229307192071,-0.025406533402490168,0.16348272355669755
1527,RWPE2,H3K36me3,tRNA-Deu,0.06859666843437874,0.1615397113971082,-0.027612373639755033,0.16354651955456356
1528,RWPE2,H3K36me3,Kolobok,-0.05798225082418211,0.27591882486366276,-0.1611835296749557,0.04647333649019281
1529,RWPE2,H3K36me3,PIF-Harbinger,0.014493027739801526,0.7873180244654556,-0.09063043440976705,0.11929707287029849
1530,RWPE2,H3K36me3,Crypton,-0.11312234503659588,0.05734197029713885,-0.22708421177555746,0.0038957396464148024
1531,RWPE2,H3K36me3,Merlin,0.023534975632896596,0.733332729863491,-0.11158636242312643,0.1578018821141053
1532,RWPE2,H3K36me3,TcMar,0.021908037741491197,0.7563699285908179,-0.1161686237188195,0.1591539657158321
1533,RWPE2,H3K36me3,L1-Tx1,-0.07190886954944535,0.40369431205727546,-0.23697533306049046,0.09719284757175607
1534,RWPE2,H3K36me3,Crypton-A,-0.09563426766001247,0.2772197089549165,-0.26321635691666817,0.07755017237105372
1535,RWPE2,H3K36me3,I-Jockey,-0.04077471967380225,0.6737785372186064,-0.22720939416613473,0.14854306831509484
1536,RWPE2,H3K36me3,hAT-Tip100?,-0.08745421245421243,0.49198013290959497,-0.3266783567817278,0.16230080336319766
1537,RWPE2,H3K36me3,TcMar-Pogo,-0.04765395894428152,0.7956403532668457,-0.3900447592582566,0.30631401095364913
1538,RWPE2,H3K36me3,hAT?,-0.17372039724980898,0.32582211442696296,-0.4855080921025988,0.17727277687408335
1539,RWPE2,H3K36me3,hAT-hAT19,-0.15882352941176472,0.5568612810855389,-0.6089136522221239,0.36862760305346826
1540,22Rv1,CTCF,Alu,-0.0001504729638556188,0.8741092006643838,-0.0020118660068037843,0.0017109211218058076
1541,22Rv1,CTCF,L1,-0.0009215975466129249,0.5027047095706398,-0.0036165856224683423,0.0017734039163739403
1542,22Rv1,CTCF,MIR,-0.0002835139386537006,0.8384035765308223,-0.0030082696200277284,0.0024412459525085667
1543,22Rv1,CTCF,L2,0.00030756537350907684,0.8541804701155017,-0.0029724029613199103,0.003587527090655938
1544,22Rv1,CTCF,ERVL-MaLR,0.0034623434053469055,0.08366476551748055,-0.0004606907289419153,0.007385270968960326
1545,22Rv1,CTCF,hAT-Charlie,0.0018407837438631888,0.38728848632154644,-0.002332363916083203,0.006013867289485392
1546,22Rv1,CTCF,ERV1,0.0006358496572223762,0.8349384874972924,-0.005344967001621179,0.006616620827495512
1547,22Rv1,CTCF,ERVL,0.0017341154152007512,0.5783411368486364,-0.004380931217458683,0.007849032359906872
1548,22Rv1,CTCF,TcMar-Tigger,-0.0022563250193269996,0.4771956098560659,-0.008477583232732497,0.003965107857720966
1549,22Rv1,CTCF,hAT-Tip100,0.00280350308589137,0.5176199280341607,-0.005688939474233658,0.011295541275945412
1550,22Rv1,CTCF,CR1,0.001161919591266942,0.8054025698923156,-0.008081786208265778,0.010405426831808827
1551,22Rv1,CTCF,Gypsy,-0.003742982762083707,0.6391418715859795,-0.019386329624933057,0.011902196263811664
1552,22Rv1,CTCF,hAT-Blackjack,-0.006395966963212971,0.4320372041888054,-0.022347740698135013,0.009559062593068992
1553,22Rv1,CTCF,TcMar-Mariner,-0.013013662543453451,0.11277573060395507,-0.02909160959302122,0.0030710165368057324
1554,22Rv1,CTCF,RTE-X,0.007096669143460097,0.4905773558655889,-0.013079605098987847,0.02726716689605716
1555,22Rv1,CTCF,ERVK,0.01174027505524417,0.3126561423567579,-0.011051340677497959,0.03451969847862778
1556,22Rv1,CTCF,TcMar-Tc2,0.01673001097318307,0.17615371814780886,-0.007513301457819484,0.04095366811382402
1557,22Rv1,CTCF,SVA,0.009842611019647018,0.4893011579887465,-0.018058630502274388,0.03772853493327093
1558,22Rv1,CTCF,RTE-BovB,0.018651495821239306,0.20600232557851375,-0.010259160175191906,0.04753099576810505
1559,22Rv1,CTCF,tRNA-RTE,-0.018245823674831997,0.25566633492167906,-0.04967487322723174,0.013219325205198529
1560,22Rv1,CTCF,hAT-Ac,0.013624232738253802,0.4522582310503024,-0.021903225262277195,0.04911732460799383
1561,22Rv1,CTCF,hAT,0.04092533491900168,0.03363025726818157,0.003156851982333946,0.07857722643892302
1562,22Rv1,CTCF,MULE-MuDR,0.038776099112107526,0.06246748420671041,-0.002034657479827109,0.07945790536856669
1563,22Rv1,CTCF,PiggyBac,0.02574714247625015,0.23847269389103984,-0.017073530882871963,0.06847354077809452
1564,22Rv1,CTCF,5S-Deu-L2,-0.018583342961319547,0.4199120165483444,-0.06367030948304671,0.02657933029255479
1565,22Rv1,CTCF,Helitron,0.007483053217665165,0.7581910230784803,-0.04014424328779459,0.05507642349803794
1566,22Rv1,CTCF,hAT-Tag1,-0.009109218665434198,0.7086630028468466,-0.05683892098838948,0.038662027097385844
1567,22Rv1,CTCF,tRNA,0.04039546088163655,0.11712093324983587,-0.010158337833560004,0.09074328846665891
1568,22Rv1,CTCF,Penelope,-0.032426081033180204,0.405946505584452,-0.10855188847040032,0.04407781782178846
1569,22Rv1,CTCF,TcMar-Tc1,0.01669742923752549,0.6697069326886746,-0.05999235399067571,0.0931912537463411
1570,22Rv1,CTCF,Dong-R4,-0.051494924001750396,0.28781594847120623,-0.14563286103025022,0.04356711388654597
1571,22Rv1,CTCF,tRNA-Deu,-0.05738437631834283,0.2417282608810039,-0.15253764520902485,0.0388230082181986
1572,22Rv1,CTCF,Kolobok,0.05820420772632144,0.2740817411455142,-0.046251778186348694,0.1614010998012301
1573,22Rv1,CTCF,PIF-Harbinger,0.06129667772702424,0.25341974500491304,-0.04406506977499894,0.16530985643317486
1574,22Rv1,CTCF,Crypton,0.050052197545181254,0.4015773531297637,-0.06700896431927342,0.16575412011605536
1575,22Rv1,CTCF,Merlin,-0.032432459664609226,0.6386727112781023,-0.16648865735254173,0.10280090396671009
1576,22Rv1,CTCF,TcMar,-0.020754681118641604,0.7688233860726135,-0.15802744356832152,0.11730509944576951
1577,22Rv1,CTCF,L1-Tx1,-0.0015284864369588418,0.9858569914831384,-0.1692006955535286,0.166229710598059
1578,22Rv1,CTCF,Crypton-A,0.10135684287248992,0.24934861420869642,-0.07185221495504149,0.2686316105253151
1579,22Rv1,CTCF,I-Jockey,0.005773329626540636,0.9524894185168642,-0.18252814477608242,0.19366626364368295
1580,22Rv1,CTCF,hAT-Tip100?,0.08827838827838826,0.48789294122344384,-0.16150081754103238,0.32742820114280896
1581,22Rv1,CTCF,TcMar-Pogo,0.10227272727272727,0.5775356045872684,-0.25642226697564513,0.43620809517713965
1582,22Rv1,CTCF,hAT?,0.3778456837280366,0.02758136446783152,0.03316437886496721,0.6422016439575441
1583,22Rv1,CTCF,hAT-hAT19,0.16176470588235295,0.5494831434036929,-0.36612642999165823,0.6108894426280149
1584,22Rv1,H3K27ac,Alu,0.0012649521010177566,0.18303370831046883,-0.0005970937113111125,0.003126989141653108
1585,22Rv1,H3K27ac,L1,0.0008381695180218115,0.5421983716685285,-0.0018571603506250312,0.0035334872084420966
1586,22Rv1,H3K27ac,MIR,0.0006451375660419141,0.6426419861289544,-0.002079914005271466,0.0033701795559230646
1587,22Rv1,H3K27ac,L2,0.00017223477313418477,0.9180299196127217,-0.0031078608728095777,0.003452326712924722
1588,22Rv1,H3K27ac,ERVL-MaLR,-0.004643729630817578,0.0203583313564356,-0.008567223903718956,-0.0007200923802647237
1589,22Rv1,H3K27ac,hAT-Charlie,-0.0007316404946158828,0.7311719443421428,-0.004905433516739537,0.0034421780188340937
1590,22Rv1,H3K27ac,ERV1,-0.0012521312962928879,0.6815963247498162,-0.0072335435899714496,0.004729370594604818
1591,22Rv1,H3K27ac,ERVL,0.00037980285785684995,0.9031199471226977,-0.00573577182153581,0.006495349127930936
1592,22Rv1,H3K27ac,TcMar-Tigger,-0.0009770562691413505,0.758258171876218,-0.007199135640127369,0.005245098754880466
1593,22Rv1,H3K27ac,hAT-Tip100,-0.0026023550478309274,0.5481582133068663,-0.011095451122974649,0.005891116476144533
1594,22Rv1,H3K27ac,CR1,-0.005987488088683239,0.2042753519446147,-0.015230857841173114,0.0032569049543388195
1595,22Rv1,H3K27ac,Gypsy,0.00018190332691479235,0.9818201961548609,-0.01546306648657111,0.01582678409373968
1596,22Rv1,H3K27ac,hAT-Blackjack,0.007596195873292728,0.35081926856736123,-0.008361582113109113,0.023550105821392456
1597,22Rv1,H3K27ac,TcMar-Mariner,-0.0017820789250503667,0.8281336386250229,-0.01786926865602332,0.01430603325750236
1598,22Rv1,H3K27ac,RTE-X,0.02185586622229244,0.0337135655743971,0.0016811201889181159,0.04201282787816796
1599,22Rv1,H3K27ac,ERVK,0.007254455174114239,0.532962218098344,-0.015550165740944826,0.030051532818544363
1600,22Rv1,H3K27ac,TcMar-Tc2,0.003873745369555428,0.7541923214211339,-0.02037239143891998,0.028115328407826778
1601,22Rv1,H3K27ac,SVA,-0.02729148773415588,0.05530107986510087,-0.05516440071772821,0.0006239270417236818
1602,22Rv1,H3K27ac,RTE-BovB,0.005830975547073622,0.6926636592819837,-0.02308206104511966,0.03473426612647321
1603,22Rv1,H3K27ac,tRNA-RTE,0.02943841035716775,0.06665585497862811,-0.002029276776268249,0.060847854193505094
1604,22Rv1,H3K27ac,hAT-Ac,0.01763525991341578,0.3305650467348913,-0.0178939197694382,0.05311995872843429
1605,22Rv1,H3K27ac,hAT,-0.011960006096357981,0.5347747558379294,-0.04968948654540855,0.025803560455722702
1606,22Rv1,H3K27ac,MULE-MuDR,0.04562257801970913,0.02839845019094135,0.004809271814832824,0.08628414404707888
1607,22Rv1,H3K27ac,PiggyBac,0.035797871973058615,0.10124653964440566,-0.007031580249663864,0.07849622568552436
1608,22Rv1,H3K27ac,5S-Deu-L2,0.023148610131105873,0.3150084188034907,-0.02201692086281957,0.06821984490682216
1609,22Rv1,H3K27ac,Helitron,-0.01655801357516895,0.49571744402639917,-0.06412304408754911,0.031082078514802672
1610,22Rv1,H3K27ac,hAT-Tag1,0.021893079662445226,0.3691192749137947,-0.025893145635370287,0.06957947926965026
1611,22Rv1,H3K27ac,tRNA,0.02306576163067323,0.37105777478074464,-0.027485468076272408,0.07349931741582375
1612,22Rv1,H3K27ac,Penelope,-0.02976227085525173,0.44526881945109076,-0.10585540962761233,0.04667740142985467
1613,22Rv1,H3K27ac,TcMar-Tc1,0.00721573829688693,0.8537609975141283,-0.06943135584954933,0.08377814000719767
1614,22Rv1,H3K27ac,Dong-R4,0.022110829958355095,0.6482818158575079,-0.07284016885956567,0.1166646135721247
1615,22Rv1,H3K27ac,tRNA-Deu,-0.06747100294072456,0.16854734319751383,-0.16244208230766394,0.0287386989486637
1616,22Rv1,H3K27ac,Kolobok,-0.03335656839885038,0.5310239642327422,-0.13699757941035312,0.07100683762356497
1617,22Rv1,H3K27ac,PIF-Harbinger,0.0513652517245001,0.338682733728373,-0.053974790791400364,0.1555745954728504
1618,22Rv1,H3K27ac,Crypton,-0.09070632206461303,0.12793328155013037,-0.2053648530337076,0.026408465070067173
1619,22Rv1,H3K27ac,Merlin,0.04899252319224366,0.4779828244647766,-0.08640708212258151,0.18261507446081554
1620,22Rv1,H3K27ac,TcMar,-0.01500152597443977,0.8317708584738818,-0.15240414403289926,0.12297000747119519
1621,22Rv1,H3K27ac,L1-Tx1,-0.16078043819851487,0.06053544323330641,-0.32084926105989664,0.008217874433346501
1622,22Rv1,H3K27ac,Crypton-A,-0.0904802132125806,0.30405428084049024,-0.2583322009087852,0.08267469307178216
1623,22Rv1,H3K27ac,I-Jockey,-0.05934575108887036,0.5398860435614579,-0.24487320438234345,0.13037420217227275
1624,22Rv1,H3K27ac,hAT-Tip100?,0.07605311355311355,0.550307483614577,-0.17334188337554843,0.3162821187918387
1625,22Rv1,H3K27ac,TcMar-Pogo,-0.2225073313782991,0.22094119898766085,-0.5332860530866483,0.14119135626271173
1626,22Rv1,H3K27ac,hAT?,0.19633307868601985,0.2657676692962664,-0.1552154820713741,0.5037448191900166
1627,22Rv1,H3K27ac,hAT-hAT19,0.17941176470588235,0.5061395399904385,-0.35099518391573875,0.622654032375277
1628,RWPE1,CTCF,Alu,-0.0013799157767882676,0.14688660466851094,-0.0032443456086505545,0.0004845236485882452
1629,RWPE1,CTCF,L1,-0.0021317156755985144,0.12165529537181397,-0.004830949633260022,0.0005675493453424478
1630,RWPE1,CTCF,MIR,-7.355668394664448e-05,0.9578185393042344,-0.002799302004290859,0.002652189729404372
1631,RWPE1,CTCF,L2,0.0009142084493262776,0.5850078324643531,-0.002366996170321345,0.004195393383783823
1632,RWPE1,CTCF,ERVL-MaLR,-0.0011223043518160546,0.5754930775426114,-0.005050401622891454,0.0028058275538043044
1633,RWPE1,CTCF,hAT-Charlie,0.003303238923472758,0.12109177976899917,-0.0008731400836838567,0.007479502701429211
1634,RWPE1,CTCF,ERV1,0.0017408563933031815,0.5698674443023459,-0.004263601079260186,0.007745188340145182
1635,RWPE1,CTCF,ERVL,-0.0016905529017392867,0.5883221008928854,-0.007812000330316581,0.004431021227020197
1636,RWPE1,CTCF,TcMar-Tigger,-0.0006343324259789634,0.841745618107425,-0.006861136003526464,0.005592520342024263
1637,RWPE1,CTCF,hAT-Tip100,0.0025940857184525217,0.54954278453817,-0.005901778958803867,0.011089575928950702
1638,RWPE1,CTCF,CR1,0.005651809601758974,0.23114036267925103,-0.0035992728522867504,0.014901924733768293
1639,RWPE1,CTCF,Gypsy,0.0013312588319455809,0.8675997940921621,-0.01431945761119899,0.016981323130919455
1640,RWPE1,CTCF,hAT-Blackjack,0.0003221468990729999,0.9684675752712095,-0.015649295340164425,0.016293424789033614
1641,RWPE1,CTCF,TcMar-Mariner,-0.00771294820167414,0.34801548810360017,-0.023818007342168362,0.008396113231170886
1642,RWPE1,CTCF,RTE-X,-0.0165711174573574,0.1075597202514842,-0.036741846823710324,0.003613108832134547
1643,RWPE1,CTCF,ERVK,-0.01520393938308421,0.19450598243741513,-0.03815903325762005,0.007767192409677813
1644,RWPE1,CTCF,TcMar-Tc2,-0.018438963573708528,0.13607983673387866,-0.04266608107862682,0.005809826280961854
1645,RWPE1,CTCF,SVA,0.025661300295506135,0.07146126170605573,-0.002246159084763193,0.053528819190403226
1646,RWPE1,CTCF,RTE-BovB,0.01753402469165133,0.23470070592727527,-0.011389162557006043,0.04642789645821263
1647,RWPE1,CTCF,tRNA-RTE,-0.019190834124730674,0.2321022576784401,-0.0506343069291466,0.012290646194536443
1648,RWPE1,CTCF,hAT-Ac,-0.018126858342714696,0.317658346737959,-0.05363961409015376,0.017431692998625486
1649,RWPE1,CTCF,hAT,0.019269970088420716,0.3173113719302824,-0.018504568040348893,0.05698957454567135
1650,RWPE1,CTCF,MULE-MuDR,0.00937550992045658,0.6526504494203534,-0.031447323062283046,0.05016711541818218
1651,RWPE1,CTCF,PiggyBac,-0.02953806348798566,0.17674871666242967,-0.07230174444245761,0.01333402033520919
1652,RWPE1,CTCF,5S-Deu-L2,-0.009517768407317785,0.6796327976401144,-0.054643767112119795,0.03564703026639323
1653,RWPE1,CTCF,Helitron,-0.0035742331765290488,0.88323417358548,-0.051234277839798635,0.04410205482562736
1654,RWPE1,CTCF,hAT-Tag1,0.01793151897937955,0.4622529870068415,-0.02987973038944445,0.06566090252018161
1655,RWPE1,CTCF,tRNA,0.02441892738540324,0.34380698240195584,-0.026150141258293257,0.07486333989828434
1656,RWPE1,CTCF,Penelope,-0.0006852159035724841,0.9860137852365254,-0.07717213132660836,0.0758097177299531
1657,RWPE1,CTCF,TcMar-Tc1,0.026266668151002114,0.5025013064867925,-0.05051454994037043,0.10273921563388101
1658,RWPE1,CTCF,Dong-R4,0.0673114418339861,0.16451237319954112,-0.02775933454309081,0.16117541337653793
1659,RWPE1,CTCF,tRNA-Deu,0.003839437808052009,0.9376190756567238,-0.0921099176560292,0.09971815040933925
1660,RWPE1,CTCF,Kolobok,0.00285613136013874,0.9572954153751216,-0.10140942433276871,0.10705962375460674
1661,RWPE1,CTCF,PIF-Harbinger,-0.009946458433405865,0.8531089289392197,-0.11480924194057235,0.09513555063193259
1662,RWPE1,CTCF,Crypton,0.028242664117211033,0.6361370581240697,-0.08866994187171148,0.14438765408395712
1663,RWPE1,CTCF,Merlin,-0.050906642838685276,0.4620069767639726,-0.18479020909584404,0.084832001359633
1664,RWPE1,CTCF,TcMar,-0.038539182028812964,0.5851271693239282,-0.17536842826554117,0.09975071840295668
1665,RWPE1,CTCF,L1-Tx1,0.11750910384656402,0.17145317055864107,-0.051797687700981684,0.28024974815680764
1666,RWPE1,CTCF,Crypton-A,-0.10544058357915526,0.23068325796014674,-0.2724911152588908,0.06778076231541882
1667,RWPE1,CTCF,I-Jockey,-0.22160133444537117,0.020570076648600246,-0.3952703492600207,-0.03263644772805658
1668,RWPE1,CTCF,hAT-Tip100?,0.03182234432234432,0.8028778213224903,-0.215734556764666,0.2755354862451364
1669,RWPE1,CTCF,TcMar-Pogo,-0.09274193548387095,0.6136675984393901,-0.4282462968153663,0.2652326866400377
1670,RWPE1,CTCF,hAT?,-0.15813598166539342,0.3717327996284695,-0.4728138141087278,0.19231458247948352
1671,RWPE1,CTCF,hAT-hAT19,-0.0029411764705882353,0.9913748045563624,-0.49792144373831837,0.4934845205018354
1672,RWPE1,H3K27ac,Alu,-0.0010684093059197286,0.26122675581259913,-0.002932266246513105,0.0007954550579398297
1673,RWPE1,H3K27ac,L1,-0.0007353787965847845,0.5933294257295127,-0.003434372530278285,0.0019636256509895237
1674,RWPE1,H3K27ac,MIR,0.0012644249437919026,0.36337792271087554,-0.0014620575036605275,0.003990888592615953
1675,RWPE1,H3K27ac,L2,0.0011072057442013915,0.5083693698144123,-0.0021739448180723617,0.0043883324663779606
1676,RWPE1,H3K27ac,ERVL-MaLR,-0.002365123738774264,0.2379274420999675,-0.006292889319533522,0.001562714818896818
1677,RWPE1,H3K27ac,hAT-Charlie,-0.0010105821007737957,0.6353368821205567,-0.005187229758808777,0.0031661008155626467
1678,RWPE1,H3K27ac,ERV1,0.00466300645027035,0.12791168136327302,-0.0013403171623744066,0.010665993965904135
1679,RWPE1,H3K27ac,ERVL,-0.0010007109598508396,0.7486530382608019,-0.0071218942135615445,0.0051205472859002935
1680,RWPE1,H3K27ac,TcMar-Tigger,-0.0011756661578898524,0.7114146178195204,-0.007404015989239045,0.005052774888607715
1681,RWPE1,H3K27ac,hAT-Tip100,-0.0014975577466484642,0.7297259937808118,-0.009992916263685503,0.006998016937202339
1682,RWPE1,H3K27ac,CR1,-0.0013393218574416566,0.7766008152863564,-0.01059011823678126,0.007911703758908605
1683,RWPE1,H3K27ac,Gypsy,0.004596155843896537,0.5648875983593968,-0.01105413526288989,0.020244195739274294
1684,RWPE1,H3K27ac,hAT-Blackjack,-0.005832078394850152,0.4746305871874926,-0.02181694164214528,0.010155765886625034
1685,RWPE1,H3K27ac,TcMar-Mariner,0.007656891017966285,0.35344081052958354,-0.008516204351218349,0.023825981533376596
1686,RWPE1,H3K27ac,RTE-X,-0.01857255999716202,0.07130035365657307,-0.03874247904467153,0.001612487189868514
1687,RWPE1,H3K27ac,ERVK,0.005766016701127211,0.6226994573399123,-0.017201967963125193,0.02872791929990984
1688,RWPE1,H3K27ac,TcMar-Tc2,-0.001694056581128541,0.8912015137588057,-0.02596314790658901,0.022577030474845692
1689,RWPE1,H3K27ac,SVA,-0.012106788463203198,0.39519944063397494,-0.039998385276958426,0.015803660584194194
1690,RWPE1,H3K27ac,RTE-BovB,-0.0037156021943183085,0.8012806341160928,-0.03263998000767223,0.025214994132992483
1691,RWPE1,H3K27ac,tRNA-RTE,-0.005794076676662473,0.7183550338171306,-0.03726682173326382,0.025690151409628263
1692,RWPE1,H3K27ac,hAT-Ac,-0.005476951181672357,0.7627237185297142,-0.0410136349180776,0.030073571557034412
1693,RWPE1,H3K27ac,hAT,-0.003951963174486906,0.8375805238391918,-0.041717475096228834,0.03382482513695366
1694,RWPE1,H3K27ac,MULE-MuDR,-0.013462737846521628,0.5181688880320303,-0.05425352400098141,0.02737290668900722
1695,RWPE1,H3K27ac,PiggyBac,0.024320431962059772,0.26607669114929733,-0.018551100688598773,0.06710269759546623
1696,RWPE1,H3K27ac,5S-Deu-L2,0.0027460820769668486,0.905159173340047,-0.042407719975720064,0.047888689035646616
1697,RWPE1,H3K27ac,Helitron,0.027723102918562684,0.2551001641100998,-0.02003768500398257,0.0753576501766319
1698,RWPE1,H3K27ac,hAT-Tag1,0.012956639424258497,0.5953040891351742,-0.03484874971034664,0.060702870864663076
1699,RWPE1,H3K27ac,tRNA,-0.04132712400364229,0.1089029013061038,-0.09166970051301991,0.009226166035385059
1700,RWPE1,H3K27ac,Penelope,-0.056154275830750694,0.15050762868090517,-0.1321372536329352,0.02048477301199676
1701,RWPE1,H3K27ac,TcMar-Tc1,-0.02612772059473695,0.5050923155961597,-0.1026599551614074,0.05071202337313256
1702,RWPE1,H3K27ac,Dong-R4,-0.0010257873715896336,0.9831183438823918,-0.09580330303110546,0.09377016073077438
1703,RWPE1,H3K27ac,tRNA-Deu,-0.06135016601146565,0.21066812699673668,-0.1564335256200919,0.03485989398003409
1704,RWPE1,H3K27ac,Kolobok,-0.04921061449711604,0.355915021801147,-0.1527245297704342,0.05537136502186666
1705,RWPE1,H3K27ac,PIF-Harbinger,0.03477763470705249,0.5172664033442033,-0.0704913987310327,0.13928056940307798
1706,RWPE1,H3K27ac,Crypton,0.005499173853240583,0.9266172604337124,-0.11117050030708804,0.12201932790136634
1707,RWPE1,H3K27ac,Merlin,0.06106942437407814,0.37857767702021006,-0.07506687465536904,0.1949709372904519
1708,RWPE1,H3K27ac,TcMar,0.06470847082524783,0.35902616583008906,-0.07380193606368869,0.20076964505513895
1709,RWPE1,H3K27ac,L1-Tx1,-0.04311031822347732,0.6169324343036722,-0.20938762381204706,0.12559006969775435
1710,RWPE1,H3K27ac,Crypton-A,0.006088243497976233,0.9449769515932969,-0.16561175751003865,0.17743000651853288
1711,RWPE1,H3K27ac,I-Jockey,0.00820127884348068,0.9325490806995288,-0.18018149688797602,0.19600371365197217
1712,RWPE1,H3K27ac,hAT-Tip100?,0.12862762237762237,0.3071801057972588,-0.12001771573745433,0.36208834102436943
1713,RWPE1,H3K27ac,TcMar-Pogo,0.18621700879765396,0.307513809698923,-0.1768047741204423,0.504640846995533
1714,RWPE1,H3K27ac,hAT?,-0.19633307868601985,0.2657676692962664,-0.5037448191900166,0.1552154820713741
1715,RWPE1,H3K27ac,hAT-hAT19,-0.10294117647058824,0.7044103818167706,-0.5705524379735629,0.41507516036700587
