,cell_line,modification,family_name,r,p_value,ci_low,ci_high
0,Caco-2,H3K4me1,Alu,-0.00010693425947107863,0.910661916593407,-0.0019748504484056596,0.0017609826756747873
1,Caco-2,H3K4me1,L1,0.00041695315557834395,0.7623286306227923,-0.002285251692322526,0.003119151914382176
2,Caco-2,H3K4me1,MIR,-0.0005225268260031544,0.7072959479001242,-0.0032499752917279304,0.0022049294138740327
3,Caco-2,H3K4me1,L2,0.0007107771682109694,0.6712855526069328,-0.0025718523959348824,0.003993391414238833
4,Caco-2,H3K4me1,ERVL-MaLR,-0.002094452210382717,0.2967285395849342,-0.0060284157558985274,0.0018395761642603942
5,Caco-2,H3K4me1,hAT-Charlie,0.0030869516674747544,0.1478567257363447,-0.001093929366422976,0.007267724784742743
6,Caco-2,H3K4me1,ERV1,0.00199401831767336,0.5163388694686943,-0.004027876634134663,0.008015768653334275
7,Caco-2,H3K4me1,ERVL,0.0007208895372782583,0.8176652606972816,-0.005407567793927769,0.006849292718611609
8,Caco-2,H3K4me1,TcMar-Tigger,-0.001567926294010681,0.6219744913126304,-0.007800537233594986,0.004664806461824749
9,Caco-2,H3K4me1,hAT-Tip100,-0.0015071451535906123,0.7282211499918867,-0.010007614875897882,0.006993542381337711
10,Caco-2,H3K4me1,CR1,0.0006673307529346135,0.8876017436139132,-0.008586430227772866,0.009920977445145487
11,Caco-2,H3K4me1,Gypsy,-0.009546677904502778,0.2321231621685388,-0.02520166761189036,0.00611299300363797
12,Caco-2,H3K4me1,hAT-Blackjack,0.01332982692148687,0.10235674707996045,-0.0026645984542754933,0.029317433876686814
13,Caco-2,H3K4me1,TcMar-Mariner,4.228583533200285e-05,0.9958971991107166,-0.016074214603342286,0.016158764307256292
14,Caco-2,H3K4me1,RTE-X,0.00488183133686154,0.6356213095698567,-0.01531106695557681,0.02507074915508582
15,Caco-2,H3K4me1,ERVK,0.003700217487832738,0.7534159055704266,-0.019384592967264132,0.026781084808069643
16,Caco-2,H3K4me1,TcMar-Tc2,-0.012024269591294552,0.33170150543846544,-0.036290278863872705,0.012255910722576502
17,Caco-2,H3K4me1,SVA,-0.01710642784648767,0.2320275158532977,-0.04513626277705837,0.010950320840279502
18,Caco-2,H3K4me1,RTE-BovB,0.0027193705691524513,0.8539618556520404,-0.026232615201978934,0.03166679817642372
19,Caco-2,H3K4me1,tRNA-RTE,0.002115833357886675,0.8952475156041096,-0.029373560654996193,0.03360103186677765
20,Caco-2,H3K4me1,hAT-Ac,0.02887560054653858,0.11173177817352989,-0.00671823660865248,0.06439636076265177
21,Caco-2,H3K4me1,hAT,0.003448444731664771,0.858090842957939,-0.034341770098723315,0.04122881256126065
22,Caco-2,H3K4me1,MULE-MuDR,0.021345344536175793,0.30587557197955484,-0.01952166135601428,0.06214114397529716
23,Caco-2,H3K4me1,PiggyBac,0.013804990228941227,0.5285873212508796,-0.029132028401065505,0.056691158034320614
24,Caco-2,H3K4me1,5S-Deu-L2,-0.003582901769127204,0.8765279960115948,-0.04874759216266166,0.04159641070345518
25,Caco-2,H3K4me1,Helitron,-0.02767731739666722,0.25659285802521914,-0.07538273250082785,0.020154504789664657
26,Caco-2,H3K4me1,hAT-Tag1,0.032610703068531664,0.18128867363601592,-0.015221731839826714,0.08029422140194939
27,Caco-2,H3K4me1,tRNA,-0.007976144267655411,0.7572651737141816,-0.05849944092083717,0.042587907693194246
28,Caco-2,H3K4me1,Penelope,-0.0032427275055679525,0.9339341008034452,-0.07977239498883797,0.07332494318752658
29,Caco-2,H3K4me1,TcMar-Tc1,0.008290229877014974,0.8325399197588432,-0.06847966686624767,0.08496252526693261
30,Caco-2,H3K4me1,Dong-R4,0.02063788684130155,0.6702851921038062,-0.07430432039470468,0.11520932835988092
31,Caco-2,H3K4me1,tRNA-Deu,0.046761041721209776,0.340240260114532,-0.049427946269910004,0.142090585464691
32,Caco-2,H3K4me1,Kolobok,0.018884658860603854,0.7232732067104191,-0.08552809296063814,0.12288712041913263
33,Caco-2,H3K4me1,PIF-Harbinger,-4.742626080993891e-05,0.9992956139666423,-0.10502699406476568,0.10493318689565827
34,Caco-2,H3K4me1,Crypton,0.01205063750894741,0.8400471377163439,-0.10469818971605904,0.128471831712608
35,Caco-2,H3K4me1,Merlin,-0.08474199529908269,0.22025793909990204,-0.2175553217130171,0.05115240350382989
36,Caco-2,H3K4me1,TcMar,0.055386227296756886,0.43483916943270495,-0.08375571139279527,0.19240971148911148
37,Caco-2,H3K4me1,L1-Tx1,-0.008148816241008053,0.9247063523081553,-0.17562700539657317,0.15978778597042076
38,Caco-2,H3K4me1,Crypton-A,0.04446739880591146,0.6140334689584885,-0.12811886618460977,0.21443960432935108
39,Caco-2,H3K4me1,I-Jockey,0.053813362987674924,0.5783792321060799,-0.1357968109158122,0.23962073076320478
40,Caco-2,H3K4me1,hAT-Tip100?,0.2318223443223443,0.06529631842792055,-0.018180450363605744,0.4545428610133892
41,Caco-2,H3K4me1,TcMar-Pogo,0.04142228739002932,0.8219064365623479,-0.3119157729996727,0.38469475692416505
42,Caco-2,H3K4me1,hAT?,0.04612299465240642,0.798819126593981,-0.3021403895149421,0.38352396102139563
43,Caco-2,H3K4me1,hAT-hAT19,0.08823529411764705,0.7452220943671326,-0.4269721242712305,0.5601958540421363
44,Caco-2,H3K9me3,Alu,-0.0002501127935652304,0.7929068060714174,-0.0021173154054498974,0.0016170915623304686
45,Caco-2,H3K9me3,L1,0.0013114066496302697,0.341383041473277,-0.0013901007489433709,0.004012894906642133
46,Caco-2,H3K9me3,MIR,-0.0022682963998630814,0.10307565897619464,-0.0049955344337439455,0.00045897537700262056
47,Caco-2,H3K9me3,L2,0.0005813535859605135,0.7284931451254084,-0.002701072436569372,0.003863767081154149
48,Caco-2,H3K9me3,ERVL-MaLR,0.0007107049757827653,0.7232213076438221,-0.0032224499296004414,0.0046438378924815935
49,Caco-2,H3K9me3,hAT-Charlie,-0.002612763833852896,0.22058268436386602,-0.006793097227604953,0.0015676608795920303
50,Caco-2,H3K9me3,ERV1,-0.00011260200780880451,0.9707604151668145,-0.006133500747310264,0.005908304895624511
51,Caco-2,H3K9me3,ERVL,-0.0011528957574105324,0.7122917716932333,-0.007280110957885684,0.004974406010194255
52,Caco-2,H3K9me3,TcMar-Tigger,0.0024081069763618418,0.4488575302342287,-0.0038241386317223874,0.008640165522962298
53,Caco-2,H3K9me3,hAT-Tip100,-0.0005498484922133844,0.8991128446958038,-0.009049920283807376,0.0079503027545966
54,Caco-2,H3K9me3,CR1,0.003269672622222414,0.4886056589503971,-0.005984033817656982,0.012522819118784962
55,Caco-2,H3K9me3,Gypsy,0.0007016023269753858,0.9300268273269241,-0.014957464030481782,0.01636032461711895
56,Caco-2,H3K9me3,hAT-Blackjack,-0.007750417968961636,0.3422157739263346,-0.02374033002675297,0.008243458521269837
57,Caco-2,H3K9me3,TcMar-Mariner,0.008556419678654243,0.29813441956008213,-0.007562497530772656,0.02467089153960519
58,Caco-2,H3K9me3,RTE-X,-0.012550024816134448,0.2231200969269613,-0.032731652144689566,0.007641832507845827
59,Caco-2,H3K9me3,ERVK,0.014662996612417132,0.2130056854116358,-0.008416166595520348,0.03772654660576293
60,Caco-2,H3K9me3,TcMar-Tc2,0.012710404832507355,0.3047764416709788,-0.011566145826021557,0.03697198053589748
61,Caco-2,H3K9me3,SVA,0.008383387020750178,0.5577691061172356,-0.019648213811779478,0.03640181827854329
62,Caco-2,H3K9me3,RTE-BovB,-0.009779084382832285,0.5078305955923694,-0.0387060658385984,0.019164273598079658
63,Caco-2,H3K9me3,tRNA-RTE,0.010962557390699219,0.4950479424436287,-0.02052881265427117,0.04243219655186162
64,Caco-2,H3K9me3,hAT-Ac,0.009865894903874153,0.5869165845385338,-0.025723523950959507,0.045430336449805306
65,Caco-2,H3K9me3,hAT,-0.013253553879751736,0.49185296173164195,-0.05100827814623606,0.024538998629286234
66,Caco-2,H3K9me3,MULE-MuDR,0.012413461074780866,0.5515652112330478,-0.028447871945083702,0.05323337749390247
67,Caco-2,H3K9me3,PiggyBac,0.056216265805305345,0.01022743821585152,0.013296803677624017,0.09892896251071177
68,Caco-2,H3K9me3,5S-Deu-L2,0.010087691374394346,0.6616926044666315,-0.0350898846090702,0.05522412244747265
69,Caco-2,H3K9me3,Helitron,-0.039206441514415866,0.10786951645146674,-0.08684383160722174,0.008609835763487093
70,Caco-2,H3K9me3,hAT-Tag1,-0.031046566740153967,0.2031429821158619,-0.07873721575107177,0.01678586328145248
71,Caco-2,H3K9me3,tRNA,-0.020418201015531,0.4287856747656821,-0.070896362333988,0.030164271793441718
72,Caco-2,H3K9me3,Penelope,0.043533179316980204,0.2659049145551978,-0.03322153075639402,0.11977740063641654
73,Caco-2,H3K9me3,TcMar-Tc1,-0.02732524443990764,0.4867741383724439,-0.1040229083427761,0.049695498131387926
74,Caco-2,H3K9me3,Dong-R4,-0.02681159012695352,0.5801540079907933,-0.12130698412824459,0.06816541218821834
75,Caco-2,H3K9me3,tRNA-Deu,-0.015171345232711513,0.7571177930931952,-0.11093048305597158,0.08086690460031619
76,Caco-2,H3K9me3,Kolobok,0.04201422385076941,0.4306703296084019,-0.0625405925376896,0.1456568694375176
77,Caco-2,H3K9me3,PIF-Harbinger,0.04325049146529238,0.42055190454775626,-0.06206023167959807,0.1476087831053484
78,Caco-2,H3K9me3,Crypton,0.011111386133060558,0.852365651631607,-0.10562654841356406,0.12754722081957717
79,Caco-2,H3K9me3,Merlin,0.03883659478695835,0.5748011788351937,-0.09679018186319618,0.1730473835408873
80,Caco-2,H3K9me3,TcMar,-0.05546824374881656,0.43415824641424483,-0.19248923833837692,0.08367433289362083
81,Caco-2,H3K9me3,L1-Tx1,0.01348801771850703,0.8756911131963102,-0.1545846632146839,0.1808019701015311
82,Caco-2,H3K9me3,Crypton-A,-0.0232826602511384,0.7918076520289156,-0.19405586142360512,0.1488601819980603
83,Caco-2,H3K9me3,I-Jockey,-0.012084144194235938,0.9007513933281275,-0.19973853828280658,0.17642531899471323
84,Caco-2,H3K9me3,hAT-Tip100?,0.2502747252747253,0.04608618844956326,0.0008588157962637637,0.47037590422950704
85,Caco-2,H3K9me3,TcMar-Pogo,0.07258064516129031,0.6930168653905393,-0.28372327851377693,0.4112740537541176
86,Caco-2,H3K9me3,hAT?,0.024064171122994655,0.8942511515271847,-0.32195065305210446,0.3644079259215741
87,Caco-2,H3K9me3,hAT-hAT19,0.2529411764705882,0.34456303133749866,-0.28550911342227914,0.6700175745636892
88,SJCRH30,H3K27ac,Alu,0.0007737100388371836,0.41634967675700696,-0.0010920616767074174,0.002639476367663744
89,SJCRH30,H3K27ac,L1,0.0006401234195956198,0.64214101803218,-0.0020596793868628556,0.0033399168944462823
90,SJCRH30,H3K27ac,MIR,-7.749965630324166e-05,0.9555647247491623,-0.0028035533993522556,0.002648555238603354
91,SJCRH30,H3K27ac,L2,0.0005407306752482225,0.7467138857497126,-0.002740668993959622,0.0038221186997682796
92,SJCRH30,H3K27ac,ERVL-MaLR,-0.0025737689516872227,0.1991809612710374,-0.006502775032500515,0.0013553165942592565
93,SJCRH30,H3K27ac,hAT-Charlie,0.0017024515172839086,0.4244307946380801,-0.0024749680103423317,0.005879811627185741
94,SJCRH30,H3K27ac,ERV1,-0.003035563572087338,0.321974685404117,-0.009042584060714525,0.0029716759988921817
95,SJCRH30,H3K27ac,ERVL,0.0010279782658025693,0.7420667050266021,-0.0050938181799672156,0.007149697662628338
96,SJCRH30,H3K27ac,TcMar-Tigger,-0.005404684190978762,0.0889657776618089,-0.011632268342352215,0.0008233192184835953
97,SJCRH30,H3K27ac,hAT-Tip100,-0.004906136630659105,0.25773663758862125,-0.013401908172805411,0.003590343219158071
98,SJCRH30,H3K27ac,CR1,0.017155219742156624,0.00027805849333471875,0.007905179482416426,0.026402324357093183
99,SJCRH30,H3K27ac,Gypsy,-0.00043805863822669476,0.9562488111295715,-0.0160868636640579,0.015210960938652965
100,SJCRH30,H3K27ac,hAT-Blackjack,-0.0039708177384222415,0.6261908746393832,-0.019946281980493016,0.012006673620927423
101,SJCRH30,H3K27ac,TcMar-Mariner,-0.0041621365681476525,0.6125103614719356,-0.020265907426532954,0.011943793362773401
102,SJCRH30,H3K27ac,RTE-X,0.015327981453212043,0.13659289114980902,-0.0048552684839177655,0.035498748058581726
103,SJCRH30,H3K27ac,ERVK,0.013215275891115107,0.2602200300089325,-0.009792151451066261,0.0362087185015017
104,SJCRH30,H3K27ac,TcMar-Tc2,-0.019241245135817195,0.11984722855259447,-0.04346734186334467,0.005007466566187902
105,SJCRH30,H3K27ac,SVA,0.00468837556795791,0.7434160194123327,-0.023381548859026987,0.03275091364078875
106,SJCRH30,H3K27ac,RTE-BovB,-0.01661637972818039,0.2603154693191238,-0.04552427773911572,0.012319324178921386
107,SJCRH30,H3K27ac,tRNA-RTE,-0.008238679496268156,0.6081633572444345,-0.03971631214607652,0.023255289184090276
108,SJCRH30,H3K27ac,hAT-Ac,0.0005800562217467138,0.9745052130573089,-0.03498261828232772,0.036141263587220335
109,SJCRH30,H3K27ac,hAT,0.02051466148914306,0.28705536425451317,-0.017260249561784003,0.058231092023846
110,SJCRH30,H3K27ac,MULE-MuDR,-0.03990513342168718,0.055311965877085346,-0.08059995231138253,0.0009224995777160964
111,SJCRH30,H3K27ac,PiggyBac,-0.07203797018333348,0.0009737457502013412,-0.11458519584061233,-0.029226942584293633
112,SJCRH30,H3K27ac,5S-Deu-L2,0.004865636017628575,0.832801102450108,-0.040291941333124755,0.050003377539419316
113,SJCRH30,H3K27ac,Helitron,0.02157168101929109,0.37505855491182216,-0.02610112933257615,0.06914659538269774
114,SJCRH30,H3K27ac,hAT-Tag1,-0.022028279647343007,0.3663118317774703,-0.06972830415817365,0.025772246387023464
115,SJCRH30,H3K27ac,tRNA,-0.021029041639777358,0.4147912477775104,-0.07147118430708964,0.02952038908156259
116,SJCRH30,H3K27ac,Penelope,-0.06612101212671535,0.09086519971206042,-0.14209155920687552,0.010623938703904408
117,SJCRH30,H3K27ac,TcMar-Tc1,0.010430903930625866,0.790203432392999,-0.06634930154226533,0.087088308213315
118,SJCRH30,H3K27ac,Dong-R4,0.028511287047500052,0.5563707506996729,-0.06647434701634802,0.12298480550239159
119,SJCRH30,H3K27ac,tRNA-Deu,-0.0011544191736117862,0.9812263235054499,-0.09705878761441354,0.09477118988090041
120,SJCRH30,H3K27ac,Kolobok,-0.020631184750088967,0.699281136542173,-0.12475638704084752,0.08394350907702323
121,SJCRH30,H3K27ac,PIF-Harbinger,-0.012155520025090235,0.8209855709919809,-0.11699016475813546,0.09294703278418291
122,SJCRH30,H3K27ac,Crypton,0.09117938920348276,0.12594864639880737,-0.025934292154195612,0.2058241105923302
123,SJCRH30,H3K27ac,Merlin,0.014582166323804074,0.8332219526539923,-0.12073129586956256,0.14936362371134917
124,SJCRH30,H3K27ac,TcMar,0.11114900643447811,0.11439430242310258,-0.02740075794317996,0.24550881461510843
125,SJCRH30,H3K27ac,L1-Tx1,0.11852653909315035,0.16774867323055645,-0.0507786988175104,0.2812095705563307
126,SJCRH30,H3K27ac,Crypton-A,-0.07763111010023618,0.37813170714125754,-0.2461275319141301,0.09541997239714761
127,SJCRH30,H3K27ac,I-Jockey,-0.05648225372996016,0.5596512716778926,-0.24215560897368285,0.13318194484855453
128,SJCRH30,H3K27ac,hAT-Tip100?,0.31844405594405595,0.009731044074164114,0.07462753861525145,0.5263353587259506
129,SJCRH30,H3K27ac,TcMar-Pogo,-0.21554252199413487,0.23610807371536618,-0.5278325425782421,0.14808548414219835
130,SJCRH30,H3K27ac,hAT?,0.09060351413292589,0.610335877244474,-0.2560614832886519,0.41661929898081057
131,SJCRH30,H3K27ac,hAT-hAT19,-0.3529411764705882,0.17995865788498183,-0.73015934447076,0.18916365264737126
132,SJCRH30,H3K4me1,Alu,0.00029920312339770953,0.7534525964087503,-0.00156786326746613,0.002166267428257271
133,SJCRH30,H3K4me1,L1,0.00039399231935884554,0.7749117682222939,-0.0023064574634798062,0.003094436355886779
134,SJCRH30,H3K4me1,MIR,-0.0003563083823019233,0.7978777456377457,-0.003083227726192055,0.0023706162606809402
135,SJCRH30,H3K4me1,L2,-0.0020882114002051637,0.21235191646559173,-0.005369977516938401,0.0011935996973676994
136,SJCRH30,H3K4me1,ERVL-MaLR,0.00011271842821891523,0.9551824811200947,-0.003818300080173242,0.004043733452959448
137,SJCRH30,H3K4me1,hAT-Charlie,0.002919718882262385,0.1709007444803755,-0.001259422745660878,0.007098758524712134
138,SJCRH30,H3K4me1,ERV1,0.0031252942541225076,0.30827152283700143,-0.0028868334081267643,0.009137195990889241
139,SJCRH30,H3K4me1,ERVL,0.001858879261304474,0.551922960411543,-0.004265596718635082,0.007983215793766913
140,SJCRH30,H3K4me1,TcMar-Tigger,-0.0003864740964559909,0.9032301544330605,-0.00661655922181528,0.0058436410302330115
141,SJCRH30,H3K4me1,hAT-Tip100,0.0016501652082174837,0.7035289822736197,-0.006848451776229117,0.010148543827416773
142,SJCRH30,H3K4me1,CR1,0.001113380890884188,0.8135478081567051,-0.008138866052586433,0.010365437218166457
143,SJCRH30,H3K4me1,Gypsy,0.00010126545001991306,0.9898825824407035,-0.015549669369481139,0.015752150659377143
144,SJCRH30,H3K4me1,hAT-Blackjack,0.004821823661891252,0.5542855840779224,-0.011159512694586354,0.02080069732312281
145,SJCRH30,H3K4me1,TcMar-Mariner,-0.008129987229909777,0.3227505628936628,-0.02424084359706843,0.007985090956230848
146,SJCRH30,H3K4me1,RTE-X,0.009169095083740048,0.37323153880629356,-0.01101392998393396,0.02934465214331894
147,SJCRH30,H3K4me1,ERVK,0.014175012177113627,0.22785792757821938,-0.008865830110150814,0.03720081079564407
148,SJCRH30,H3K4me1,TcMar-Tc2,-0.003173079246019781,0.7977614984842762,-0.0274374483616997,0.02109502684451545
149,SJCRH30,H3K4me1,SVA,-0.031440932187335784,0.02803475805828094,-0.05944773106960207,-0.003384673983094163
150,SJCRH30,H3K4me1,RTE-BovB,-0.0042991139523643526,0.7708370311573827,-0.03321660424650293,0.02462556828373946
151,SJCRH30,H3K4me1,tRNA-RTE,-0.014641314811873368,0.36214421497839044,-0.046105086586064575,0.016851478816370783
152,SJCRH30,H3K4me1,hAT-Ac,-0.00015592232818590154,0.9931480365216145,-0.03572938744400445,0.035417937422520314
153,SJCRH30,H3K4me1,hAT,-0.0017754490184699254,0.9266244145695808,-0.0395444187004621,0.03599858669746311
154,SJCRH30,H3K4me1,MULE-MuDR,-0.021351169385849723,0.30511369192551613,-0.06209394865609362,0.01946265064225386
155,SJCRH30,H3K4me1,PiggyBac,-0.026813351597646605,0.22035169975367971,-0.06960738733173488,0.016079189179991123
156,SJCRH30,H3K4me1,5S-Deu-L2,-0.0009471296224677216,0.9672384707046071,-0.04611760200064105,0.0442272080826269
157,SJCRH30,H3K4me1,Helitron,-0.00934482164381503,0.7008100665929793,-0.056960951032065554,0.03831372414535678
158,SJCRH30,H3K4me1,hAT-Tag1,-0.007159762752657007,0.7690653365178414,-0.05490921315119606,0.040622360322219345
159,SJCRH30,H3K4me1,tRNA,0.01439607876689357,0.5768094883578234,-0.036162120141388254,0.06488077290076935
160,SJCRH30,H3K4me1,Penelope,0.010541950562968333,0.7880228577839763,-0.06623877535228512,0.08719856809905252
161,SJCRH30,H3K4me1,TcMar-Tc1,-0.006164811494963194,0.8750600967330228,-0.08285137409604677,0.07059433089288975
162,SJCRH30,H3K4me1,Dong-R4,0.14764458243049342,0.002195979103196027,0.05309276449784786,0.2395725626127544
163,SJCRH30,H3K4me1,tRNA-Deu,0.040937024922484556,0.4038285680114002,-0.0552349570067424,0.1363564143431152
164,SJCRH30,H3K4me1,Kolobok,-0.08110266119860177,0.127746090062957,-0.1839502282411862,0.023501511191800526
165,SJCRH30,H3K4me1,PIF-Harbinger,0.058654851505449176,0.27449348845271854,-0.04670264932618826,0.16272170221497953
166,SJCRH30,H3K4me1,Crypton,0.15728489641189813,0.008031341955429785,0.04072652200758817,0.2696199438226227
167,SJCRH30,H3K4me1,Merlin,-0.015599021724044813,0.8217796906016078,-0.15035888778694936,0.11972993880784016
168,SJCRH30,H3K4me1,TcMar,0.012853232426494363,0.8552214691783206,-0.12474381352149884,0.1499652148358383
169,SJCRH30,H3K4me1,L1-Tx1,0.03831483787546141,0.6566682152572385,-0.13029862942365242,0.20477435378105774
170,SJCRH30,H3K4me1,Crypton-A,0.14737232639073203,0.09300165188230915,-0.025717032370191073,0.3118825144809131
171,SJCRH30,H3K4me1,I-Jockey,-0.11232508571958114,0.24488117600889242,-0.2947580984364292,0.07800814594270405
172,SJCRH30,H3K4me1,hAT-Tip100?,0.10104895104895105,0.42317316483189193,-0.1470807035001749,0.33721360554737756
173,SJCRH30,H3K4me1,TcMar-Pogo,-0.18255131964809382,0.3173026817469029,-0.5017158389663594,0.18036037854249035
174,SJCRH30,H3K4me1,hAT?,0.00320855614973262,0.9856315485162239,-0.33532177681842973,0.3410050567813895
175,SJCRH30,H3K4me1,hAT-hAT19,-0.25,0.3503914791072017,-0.668174158635457,0.288208840877694
176,SJCRH30,H3K9me3,Alu,-0.0003019498799867129,0.7512327995327625,-0.0021687744802941834,0.0015648768249345716
177,SJCRH30,H3K9me3,L1,0.00029289754038426606,0.8316357116356599,-0.0024072748634218254,0.0029930656732052273
178,SJCRH30,H3K9me3,MIR,-0.0011379524731705932,0.4133946303826821,-0.00386473957725584,0.0015888515532321923
179,SJCRH30,H3K9me3,L2,0.002159616479950246,0.19711264619625898,-0.0011220612308220504,0.005441247675580347
180,SJCRH30,H3K9me3,ERVL-MaLR,-0.0014435856771339809,0.47164250098566285,-0.005374273618087359,0.0024871468721043726
181,SJCRH30,H3K9me3,hAT-Charlie,0.0010068785721830814,0.6367343363098581,-0.0031717592689852127,0.0051854812513694995
182,SJCRH30,H3K9me3,ERV1,-0.002901179624269135,0.3441723572493903,-0.008912077621672605,0.0031099280266423486
183,SJCRH30,H3K9me3,ERVL,-0.0012462770524014637,0.689994625682566,-0.007370226751505319,0.004877766125932649
184,SJCRH30,H3K9me3,TcMar-Tigger,-0.006027268360376861,0.057928656933627094,-0.012256682282711094,0.00020261339758776832
185,SJCRH30,H3K9me3,hAT-Tip100,0.0020984174945097643,0.628385244256445,-0.006399102852768974,0.0105956348068212
186,SJCRH30,H3K9me3,CR1,-0.0033554796612128954,0.4771900201907383,-0.012606965316529216,0.005896580427155582
187,SJCRH30,H3K9me3,Gypsy,-0.004851255603526698,0.5435537705468122,-0.020501699158857554,0.010801564866681015
188,SJCRH30,H3K9me3,hAT-Blackjack,-0.0061452114728312674,0.4509365862882253,-0.02211932655765985,0.009832040522463016
189,SJCRH30,H3K9me3,TcMar-Mariner,-0.004098994278005995,0.6180085748406997,-0.020207138560758984,0.012011277472479917
190,SJCRH30,H3K9me3,RTE-X,-0.0007801827141790695,0.9396131311434521,-0.020962558499464035,0.01940282867249442
191,SJCRH30,H3K9me3,ERVK,0.011775503539661322,0.31633122243620365,-0.011258775845101671,0.03479729232148981
192,SJCRH30,H3K9me3,TcMar-Tc2,-0.0046293174836954075,0.708561354041515,-0.02889634221550269,0.019643160893868448
193,SJCRH30,H3K9me3,SVA,-0.0029487338808007442,0.8367244416282488,-0.0309841937204613,0.02509136209874551
194,SJCRH30,H3K9me3,RTE-BovB,0.007740768657896784,0.6000311875220129,-0.02119219624892626,0.036660778741598635
195,SJCRH30,H3K9me3,tRNA-RTE,-0.018649545997491107,0.24578374993732754,-0.05011025521824283,0.012848137224842512
196,SJCRH30,H3K9me3,hAT-Ac,0.0011633503941189402,0.9488943882539321,-0.03440003468876817,0.03672379301153614
197,SJCRH30,H3K9me3,hAT,0.007958909838073057,0.6797271894276016,-0.029822244922924106,0.04571735547270082
198,SJCRH30,H3K9me3,MULE-MuDR,-0.03375837437424671,0.10493370386722074,-0.07446844511403461,0.007064029316344563
199,SJCRH30,H3K9me3,PiggyBac,-0.03847510412673598,0.07851148907200853,-0.08121309376293415,0.004404111326711694
200,SJCRH30,H3K9me3,5S-Deu-L2,-0.02788055185116777,0.22643655126128193,-0.07295787874364017,0.017310453778521896
201,SJCRH30,H3K9me3,Helitron,0.016598795159791936,0.4949114925451761,-0.031069501879564095,0.06419175688505308
202,SJCRH30,H3K9me3,hAT-Tag1,-0.029539665480987302,0.22581474658902664,-0.07722286276853663,0.01827835719424527
203,SJCRH30,H3K9me3,tRNA,-0.006461843102438273,0.802218336708588,-0.056973045964214944,0.04408235593208506
204,SJCRH30,H3K9me3,Penelope,0.01972330789156369,0.6146292396275223,-0.057036678017770584,0.09625148230636447
205,SJCRH30,H3K9me3,TcMar-Tc1,-0.057561616950750266,0.14174546918866215,-0.13375869859846873,0.01931204640297754
206,SJCRH30,H3K9me3,Dong-R4,0.08107148710210986,0.09391987579447661,-0.013977589780934035,0.17466854565601306
207,SJCRH30,H3K9me3,tRNA-Deu,-0.05213830848676528,0.2875545377682406,-0.14738062708931934,0.04406203259454493
208,SJCRH30,H3K9me3,Kolobok,0.018026615703492514,0.7353657216525132,-0.08637926492321658,0.12204084189388048
209,SJCRH30,H3K9me3,PIF-Harbinger,0.07546506141961488,0.15950076779653297,-0.02990050175848817,0.17917194475439682
210,SJCRH30,H3K9me3,Crypton,0.0856889513410551,0.15049736208779105,-0.03143509729974229,0.20049158195002809
211,SJCRH30,H3K9me3,Merlin,0.006824811527369537,0.9214968776878978,-0.12836363717202898,0.1417642487486361
212,SJCRH30,H3K9me3,TcMar,0.11342057386268999,0.10713201889637808,-0.025119378577903445,0.2476860364375992
213,SJCRH30,H3K9me3,L1-Tx1,-0.005231857391849958,0.951616737033515,-0.17279684726094857,0.1626274570422127
214,SJCRH30,H3K9me3,Crypton-A,0.13469671553063156,0.12505479090302057,-0.03848265373602979,0.3000206412049311
215,SJCRH30,H3K9me3,I-Jockey,-0.09173385228431101,0.3427781888548651,-0.27545859148984336,0.09845613218994594
216,SJCRH30,H3K9me3,hAT-Tip100?,0.15891608391608392,0.20608098189103996,-0.08996390065914256,0.38911507700170594
217,SJCRH30,H3K9me3,TcMar-Pogo,-0.08834310850439882,0.6306563470535195,-0.4245583356173099,0.2692839162154985
218,SJCRH30,H3K9me3,hAT?,0.03223834988540871,0.8563708362093021,-0.3093820004959274,0.36648865844087664
219,SJCRH30,H3K9me3,hAT-hAT19,0.34705882352941175,0.18783442010629964,-0.19509660312578558,0.72675812907969
220,SJCRH30,H3K36me3,Alu,-0.000203634650813034,0.8307429256439296,-0.0020708544009456916,0.0016635865192690903
221,SJCRH30,H3K36me3,L1,-0.000535221660337871,0.6976755238967598,-0.0032356567116607476,0.0021652211970565848
222,SJCRH30,H3K36me3,MIR,0.0032186267955668273,0.020706775784170312,0.0004915988554255354,0.0059456068642485945
223,SJCRH30,H3K36me3,L2,0.0009689100127793671,0.5628281276906675,-0.0023129388579716777,0.004250738012290936
224,SJCRH30,H3K36me3,ERVL-MaLR,-0.0007998567415460082,0.690057538294431,-0.004731072792827774,0.0031313840326145153
225,SJCRH30,H3K36me3,hAT-Charlie,0.00038045081490274506,0.8583973797627099,-0.003798957762845917,0.004559846101675966
226,SJCRH30,H3K36me3,ERV1,0.001781970680036198,0.5613099161955648,-0.004230449307173488,0.00779426183598938
227,SJCRH30,H3K36me3,ERVL,0.00359111043789036,0.2504892483688784,-0.0025337759010027536,0.009715727349656115
228,SJCRH30,H3K36me3,TcMar-Tigger,0.004871001544335385,0.1254338365972523,-0.0013593033876154283,0.011100928337858735
229,SJCRH30,H3K36me3,hAT-Tip100,0.002170391931294516,0.6166745422581348,-0.006327690751664528,0.01066816114417549
230,SJCRH30,H3K36me3,CR1,-0.0006894370308266213,0.8838825154082695,-0.009941328787628788,0.008562572755711357
231,SJCRH30,H3K36me3,Gypsy,0.011342712288085048,0.1555306361540298,-0.0043109637886073774,0.026990830841876628
232,SJCRH30,H3K36me3,hAT-Blackjack,-0.011596936855258963,0.15492752866019485,-0.02757221669565087,0.004384265274436112
233,SJCRH30,H3K36me3,TcMar-Mariner,0.005823808254326816,0.4787742302067012,-0.010292149431543688,0.02193674123876033
234,SJCRH30,H3K36me3,RTE-X,0.011886342776035728,0.24838893029010395,-0.008297993311682185,0.032060996972999085
235,SJCRH30,H3K36me3,ERVK,-0.002957956779582425,0.8014235706695353,-0.026004171482756567,0.02009140048695155
236,SJCRH30,H3K36me3,TcMar-Tc2,-0.0037568307651988982,0.761594980045555,-0.028020782562602105,0.02051154548953471
237,SJCRH30,H3K36me3,SVA,-0.00042314113088528436,0.9764196769178449,-0.028475120417464944,0.02762950412259565
238,SJCRH30,H3K36me3,RTE-BovB,0.01848463946464185,0.21053646108051918,-0.010454359207087777,0.04739270016354633
239,SJCRH30,H3K36me3,tRNA-RTE,0.02354438736064445,0.14277208211973125,-0.00794920507014146,0.05499131829393167
240,SJCRH30,H3K36me3,hAT-Ac,0.0068022858445265875,0.707779066911832,-0.028761179090145566,0.04234855178608896
241,SJCRH30,H3K36me3,hAT,0.021063540617264086,0.27453093806893186,-0.016725544952155728,0.05879253708185757
242,SJCRH30,H3K36me3,MULE-MuDR,0.01555983035032704,0.45496687938505553,-0.02525973485127328,0.05632759608416792
243,SJCRH30,H3K36me3,PiggyBac,0.00552679706363745,0.8006884675454184,-0.03736926863060438,0.0484025323626006
244,SJCRH30,H3K36me3,5S-Deu-L2,-0.006244241068805854,0.7865583307645991,-0.05140261700351885,0.03893961772913185
245,SJCRH30,H3K36me3,Helitron,0.022463850530055375,0.3557675109842693,-0.0252236870707144,0.07004938505747779
246,SJCRH30,H3K36me3,hAT-Tag1,-0.035873619981256946,0.14115302725625667,-0.08351342661578454,0.011929790432283255
247,SJCRH30,H3K36me3,tRNA,-0.036271766715006856,0.15959573659186368,-0.08665875504225248,0.014300318757774287
248,SJCRH30,H3K36me3,Penelope,0.033744201430523826,0.38929981937294067,-0.04311423139004434,0.1102055729516898
249,SJCRH30,H3K36me3,TcMar-Tc1,-0.016362006796949134,0.6761956989881455,-0.09291685893562604,0.06038516245661383
250,SJCRH30,H3K36me3,Dong-R4,0.041774356547860235,0.3886415541405509,-0.0532645459853071,0.13606326072083755
251,SJCRH30,H3K36me3,tRNA-Deu,-0.041369644575789406,0.39887463784508326,-0.13678252547627257,0.05480376874748479
252,SJCRH30,H3K36me3,Kolobok,-0.021169576978854784,0.6918291904370847,-0.1252871757272722,0.08340923813494643
253,SJCRH30,H3K36me3,PIF-Harbinger,0.04230888257879506,0.43074793828773694,-0.06299776569685611,0.14668379763893677
254,SJCRH30,H3K36me3,Crypton,-0.002962295066565355,0.9604307361493187,-0.11951878582336802,0.11367474003572987
255,SJCRH30,H3K36me3,Merlin,0.08325439716644407,0.22849380189299126,-0.05263808462055338,0.21611951737388838
256,SJCRH30,H3K36me3,TcMar,0.15946231203267627,0.023055150125578374,0.021363052872927932,0.29159038419833877
257,SJCRH30,H3K36me3,L1-Tx1,-0.07198587726306312,0.40318970828082146,-0.23704883520149564,0.09711663383866206
258,SJCRH30,H3K36me3,Crypton-A,0.0702937223861035,0.42497199813355835,-0.10267885586263102,0.23913994733236532
259,SJCRH30,H3K36me3,I-Jockey,-0.08449633954221111,0.38235742139550455,-0.2686482134268618,0.10561438462846069
260,SJCRH30,H3K36me3,hAT-Tip100?,0.23994755244755242,0.05420296938562269,-0.007754458149137152,0.4599055811135502
261,SJCRH30,H3K36me3,TcMar-Pogo,0.05791788856304985,0.7528662170989002,-0.29704772346248504,0.3988192369269785
262,SJCRH30,H3K36me3,hAT?,0.12727272727272726,0.4731966258124378,-0.2217310151012535,0.4473715382367463
263,SJCRH30,H3K36me3,hAT-hAT19,0.24705882352941175,0.35627504151257705,-0.290901544635157,0.6663264868255478
264,SJCRH30,H3K27me3,Alu,-0.0015023589098255895,0.11464970415225115,-0.0033687961960386995,0.0003640888436692181
265,SJCRH30,H3K27me3,L1,0.00050902836816575,0.7117691079136578,-0.002191181134880772,0.003209230448445357
266,SJCRH30,H3K27me3,MIR,0.0023340328901525313,0.09337200331445639,-0.00039241270596160344,0.005060443786426198
267,SJCRH30,H3K27me3,L2,0.0009036554425388429,0.589400318892767,-0.002378009011626784,0.004185300433291879
268,SJCRH30,H3K27me3,ERVL-MaLR,-0.003439460795647599,0.08631019649537133,-0.007369670297955402,0.0004908549663738661
269,SJCRH30,H3K27me3,hAT-Charlie,0.0016225816554050804,0.44659563040831185,-0.002555833957543311,0.005800940611156711
270,SJCRH30,H3K27me3,ERV1,-0.0007026022210520893,0.8188024422384119,-0.006713700187494848,0.005308546520516552
271,SJCRH30,H3K27me3,ERVL,-0.0069359825264212705,0.02640909543690793,-0.013058668276006128,-0.0008127766853936301
272,SJCRH30,H3K27me3,TcMar-Tigger,-0.002378519772946668,0.4542064164783225,-0.008607211832917686,0.0038503568505203084
273,SJCRH30,H3K27me3,hAT-Tip100,0.008955269498894155,0.03886304505920272,0.0004579766783236554,0.017451269200267662
274,SJCRH30,H3K27me3,CR1,-0.0017196374712528197,0.7156448350190698,-0.010971423824772973,0.007532443279138271
275,SJCRH30,H3K27me3,Gypsy,0.006165391058574085,0.44008557061614295,-0.009486583188859718,0.021814344926134842
276,SJCRH30,H3K27me3,hAT-Blackjack,0.005730308019675468,0.4820249556368531,-0.010244774196820001,0.021702465889066665
277,SJCRH30,H3K27me3,TcMar-Mariner,0.01565194781473281,0.05687236891470316,-0.0004585652097163417,0.031754338062507936
278,SJCRH30,H3K27me3,RTE-X,0.009221322232526157,0.3705659806313786,-0.010963850028449166,0.029398982358442377
279,SJCRH30,H3K27me3,ERVK,0.0017685392340076236,0.8803967130442801,-0.02126595347827603,0.02480115536244055
280,SJCRH30,H3K27me3,TcMar-Tc2,-0.007566591835832228,0.5411011736919162,-0.03182379826159624,0.016699522917942966
281,SJCRH30,H3K27me3,SVA,-0.001662271442332794,0.9075422088386231,-0.029707477024897046,0.026385549255821927
282,SJCRH30,H3K27me3,RTE-BovB,0.0059834997797412965,0.6852447065184508,-0.02294851749509951,0.0349055030471213
283,SJCRH30,H3K27me3,tRNA-RTE,0.00140622620636137,0.9302582087738984,-0.0300784603044361,0.032888125015241874
284,SJCRH30,H3K27me3,hAT-Ac,0.022156400954251643,0.22206099480922897,-0.013414625689042102,0.05767141948889481
285,SJCRH30,H3K27me3,hAT,0.017758628093865775,0.35684977110659366,-0.020022355139127458,0.05548896588763926
286,SJCRH30,H3K27me3,MULE-MuDR,-0.0061222161378189826,0.7687848188097022,-0.046911940798188556,0.03468789177337491
287,SJCRH30,H3K27me3,PiggyBac,0.016776239309244143,0.4432421004500593,-0.026111913903396,0.05960274766228876
288,SJCRH30,H3K27me3,5S-Deu-L2,0.007844717304194405,0.733577786831597,-0.03731765287962846,0.05297510738678721
289,SJCRH30,H3K27me3,Helitron,0.0053072615444821405,0.8273132432907849,-0.04235831635922961,0.052948734690849875
290,SJCRH30,H3K27me3,hAT-Tag1,-0.0025127907483014737,0.9179312987919025,-0.050274450204234045,0.04526033576894441
291,SJCRH30,H3K27me3,tRNA,-0.05263007923312685,0.04120442263483716,-0.10292038546827019,-0.002071393890223173
292,SJCRH30,H3K27me3,Penelope,-0.08456268587974264,0.030595477547527828,-0.16032413949926966,-0.00781071203695475
293,SJCRH30,H3K27me3,TcMar-Tc1,-0.06885931265253632,0.07869006013072632,-0.14490838802287442,0.007998558953089712
294,SJCRH30,H3K27me3,Dong-R4,-0.0441424529688144,0.36229560204859057,-0.13839579956670625,0.05090332772399954
295,SJCRH30,H3K27me3,tRNA-Deu,-0.08872547670526486,0.069964586980901,-0.18326532293604794,0.007440468282212417
296,SJCRH30,H3K27me3,Kolobok,0.03318830862105621,0.5336806765218105,-0.071322134307065,0.13697796363549775
297,SJCRH30,H3K27me3,PIF-Harbinger,0.08678596394420166,0.10554753290427497,-0.018559563223163402,0.19022573836622822
298,SJCRH30,H3K27me3,Crypton,0.03248041384246378,0.5863517691291877,-0.08446754685792027,0.14854569120400354
299,SJCRH30,H3K27me3,Merlin,0.06834328578540132,0.3231516640226093,-0.06750483782185376,0.20170347482685147
300,SJCRH30,H3K27me3,TcMar,0.05533476995312456,0.43181790192238834,-0.0827698380477576,0.19135407741489657
301,SJCRH30,H3K27me3,L1-Tx1,-0.12396141682090171,0.14896145706708597,-0.28633245719308875,0.045330925183015694
302,SJCRH30,H3K27me3,Crypton-A,0.06937554800499704,0.4310602923821055,-0.10358622787320025,0.23826461483598246
303,SJCRH30,H3K27me3,I-Jockey,-0.15846538782318598,0.09981110514028453,-0.33759179878197443,0.031737078992363985
304,SJCRH30,H3K27me3,hAT-Tip100?,0.09711538461538462,0.44153788709667485,-0.15091776162462273,0.33364506167905533
305,SJCRH30,H3K27me3,TcMar-Pogo,-0.1345307917888563,0.46289371393995793,-0.46286439336417723,0.2262635840949555
306,SJCRH30,H3K27me3,hAT?,0.30359052711993884,0.08090299535392638,-0.04653617014048539,0.5872838035192257
307,SJCRH30,H3K27me3,hAT-hAT19,0.06470588235294117,0.8118214513105935,-0.44573770486135694,0.5433955247540582
308,SJCRH30,H3K4me3,Alu,2.1564936600636497e-05,0.9819437748029343,-0.0018459836653546594,0.0018891133881302562
309,SJCRH30,H3K4me3,L1,-0.0005427469126945151,0.6936466722423211,-0.003243256227438949,0.0021577703183111585
310,SJCRH30,H3K4me3,MIR,-0.001966838496232932,0.1575036768142115,-0.004694004818857863,0.000760357083290511
311,SJCRH30,H3K4me3,L2,0.0020861557059741586,0.2128177449764486,-0.001195765810538691,0.005368032282903693
312,SJCRH30,H3K4me3,ERVL-MaLR,-0.003325696524950816,0.09733391628913245,-0.007257190797436872,0.0006059005595967533
313,SJCRH30,H3K4me3,hAT-Charlie,0.0037249503051860777,0.08067078771413105,-0.00045455917610928183,0.007904329651632644
314,SJCRH30,H3K4me3,ERV1,-0.0011923864972108627,0.6974731644166718,-0.0072041977514233834,0.004819510948526324
315,SJCRH30,H3K4me3,ERVL,0.0022834014913917762,0.46495906473626636,-0.0038413514576277497,0.008407983131662135
316,SJCRH30,H3K4me3,TcMar-Tigger,-0.0017941359430824672,0.572493906460897,-0.008024592768236978,0.004436460177297821
317,SJCRH30,H3K4me3,hAT-Tip100,0.005102719019217289,0.23925935846466356,-0.003395679154340118,0.013600380172486357
318,SJCRH30,H3K4me3,CR1,-0.005058728245953403,0.2839087387389615,-0.014310587127468423,0.004193996761638768
319,SJCRH30,H3K4me3,Gypsy,0.0020888791053928785,0.7936567128804255,-0.013562990542291792,0.017739725344050147
320,SJCRH30,H3K4me3,hAT-Blackjack,0.0021685672863799264,0.7902755685151874,-0.0138123137479427,0.018148340737714746
321,SJCRH30,H3K4me3,TcMar-Mariner,-0.004735694360006356,0.5647607845420722,-0.02085340732127467,0.011384479515846495
322,SJCRH30,H3K4me3,RTE-X,0.0050739945032113815,0.6222313694354263,-0.015110385577675607,0.025254240940298718
323,SJCRH30,H3K4me3,ERVK,0.004091332412241061,0.7277368884664464,-0.01894097654225294,0.0271193013126304
324,SJCRH30,H3K4me3,TcMar-Tc2,-0.021425357075366636,0.08362625305639997,-0.04567638757762161,0.0028509122800274202
325,SJCRH30,H3K4me3,SVA,-0.003926865791880911,0.7839790673340079,-0.03199301918934591,0.02414547551975769
326,SJCRH30,H3K4me3,RTE-BovB,0.03561982246477293,0.01581869413326025,0.006683451726998051,0.06449659052621096
327,SJCRH30,H3K4me3,tRNA-RTE,-0.00391665392813517,0.8074383761106638,-0.03539981076173912,0.027574269229782247
328,SJCRH30,H3K4me3,hAT-Ac,-0.005079788695069215,0.7796090462548985,-0.04064048014832139,0.030493755156558403
329,SJCRH30,H3K4me3,hAT,0.015138705332665465,0.4322834975299996,-0.022647999691063517,0.05288221872358186
330,SJCRH30,H3K4me3,MULE-MuDR,-0.04650069459192309,0.02551706244540846,-0.08716712444637244,-0.005679543179056735
331,SJCRH30,H3K4me3,PiggyBac,-0.011993571828545308,0.5836946323228349,-0.05484352546182714,0.030900476709324613
332,SJCRH30,H3K4me3,5S-Deu-L2,0.004544680497740066,0.8436830439375413,-0.040612344685565294,0.04968317826952309
333,SJCRH30,H3K4me3,Helitron,0.013814458770290904,0.5702509023372289,-0.033878744667110904,0.06144488706057191
334,SJCRH30,H3K4me3,hAT-Tag1,-0.018396426350709667,0.4505913624108753,-0.06610998084791983,0.029401065901034806
335,SJCRH30,H3K4me3,tRNA,-0.00738099673972979,0.7747963228285955,-0.057889372140339915,0.04316506807786306
336,SJCRH30,H3K4me3,Penelope,-0.007274601819013979,0.8528051288679697,-0.08395377914645355,0.06949022048593756
337,SJCRH30,H3K4me3,TcMar-Tc1,-0.033737756071998484,0.3893904508018512,-0.11019919035699005,0.04312066375704587
338,SJCRH30,H3K4me3,Dong-R4,-0.06044752843908564,0.21201917013718083,-0.1544347038101098,0.034623865346224136
339,SJCRH30,H3K4me3,tRNA-Deu,-0.057956738856241585,0.23705731101183383,-0.15310005589939912,0.03825117277875722
340,SJCRH30,H3K4me3,Kolobok,-0.028264568969486974,0.5966214530619356,-0.13227779392576183,0.07636434261646709
341,SJCRH30,H3K4me3,PIF-Harbinger,0.003551888175658639,0.9472847539430032,-0.10146636579329105,0.1084918531947449
342,SJCRH30,H3K4me3,Crypton,0.033563676703266765,0.5739199046434201,-0.08339282023244632,0.1496080838198615
343,SJCRH30,H3K4me3,Merlin,0.02936297713848432,0.6715077333359432,-0.10615544740299782,0.16381048474603666
344,SJCRH30,H3K4me3,TcMar,0.16225102506105885,0.020734066098878998,0.024193485535233594,0.2942357850099172
345,SJCRH30,H3K4me3,L1-Tx1,0.1785062137330788,0.036887186650747375,0.009780444661250644,0.3373488275920063
346,SJCRH30,H3K4me3,Crypton-A,-0.0327046241037715,0.7107617606054091,-0.20313525139761143,0.13964941837653047
347,SJCRH30,H3K4me3,I-Jockey,-0.023315726068019647,0.8098266701712993,-0.2105190013356494,0.16553704763192448
348,SJCRH30,H3K4me3,hAT-Tip100?,0.2841346153846154,0.021801033793372747,0.03826552792600914,0.49756442146026963
349,SJCRH30,H3K4me3,TcMar-Pogo,-0.002932551319648094,0.987291027811272,-0.3512680143987596,0.34611603226169296
350,SJCRH30,H3K4me3,hAT?,0.23147440794499619,0.18777026046219583,-0.12037085056459182,0.5316560215034747
351,SJCRH30,H3K4me3,hAT-hAT19,-0.611764705882353,0.011788405053115212,-0.8627529612063363,-0.11889421423180552
352,BE2C,H3K4me1,Alu,-0.0007835424876237209,0.4112715127281037,-0.002652581322454491,0.0010855018215340504
353,BE2C,H3K4me1,L1,-0.00021010544954296815,0.8789396907283671,-0.0029137273102119387,0.002493519482691099
354,BE2C,H3K4me1,MIR,0.0010170759632472195,0.4650259440730474,-0.0017114261421078707,0.0037455629249715586
355,BE2C,H3K4me1,L2,0.0005499568445255755,0.7426722480801331,-0.0027331365919528315,0.0038330384254007654
356,BE2C,H3K4me1,ERVL-MaLR,0.0006955369943593295,0.729056172330302,-0.0032400830099434414,0.0046311354522788175
357,BE2C,H3K4me1,hAT-Charlie,0.0003198526624464282,0.8808409237281293,-0.003862160988076345,0.004501855125039199
358,BE2C,H3K4me1,ERV1,0.0037180465781974435,0.22668653925808105,-0.002309787210423607,0.009745610186383737
359,BE2C,H3K4me1,ERVL,0.0025195823465942405,0.4204984921479281,-0.0036107141064354335,0.008649689429768554
360,BE2C,H3K4me1,TcMar-Tigger,-0.001649602121554126,0.6040551175834744,-0.007884131840279408,0.004585055838118033
361,BE2C,H3K4me1,hAT-Tip100,-0.002892992334480008,0.5048277075094114,-0.011394682452304256,0.00560911601106924
362,BE2C,H3K4me1,CR1,-0.0037237894556421776,0.43034178424590797,-0.012978112759288554,0.005531171730089243
363,BE2C,H3K4me1,Gypsy,-0.007296868064563738,0.3612217124585356,-0.02295735236480355,0.008367196369520553
364,BE2C,H3K4me1,hAT-Blackjack,0.01403678563373671,0.08550421700022125,-0.0019629172119155496,0.030029303723637872
365,BE2C,H3K4me1,TcMar-Mariner,0.008259391992716861,0.31556676920366944,-0.007870967484448918,0.02438545432415803
366,BE2C,H3K4me1,RTE-X,0.007439985245143778,0.47030915237302395,-0.012757766981530855,0.027631668687831634
367,BE2C,H3K4me1,ERVK,0.007707359986006352,0.5132429296696099,-0.015398034941926401,0.030804528064112244
368,BE2C,H3K4me1,TcMar-Tc2,0.008392326789148145,0.4981666565051559,-0.015890789083957003,0.03266554859614563
369,BE2C,H3K4me1,SVA,0.0014794062429930956,0.9177338603906122,-0.02658840665787456,0.029544888373571714
370,BE2C,H3K4me1,RTE-BovB,0.00030450480229386143,0.9835488298906266,-0.02863299149251508,0.02924149113437671
371,BE2C,H3K4me1,tRNA-RTE,0.021943354031139183,0.17214816315442855,-0.009562575965608904,0.05340576026741872
372,BE2C,H3K4me1,hAT-Ac,0.01729293035569539,0.34083447836373015,-0.01829464512700252,0.052836744468196695
373,BE2C,H3K4me1,hAT,0.04254103772527793,0.027386616623421876,0.004731889087717814,0.08022872974370074
374,BE2C,H3K4me1,MULE-MuDR,0.01089865748205501,0.601303934453212,-0.029978993617208613,0.05173991375815346
375,BE2C,H3K4me1,PiggyBac,-0.00879750885223516,0.6881399627400784,-0.05171711089062661,0.03415453183907943
376,BE2C,H3K4me1,5S-Deu-L2,0.036836987112495195,0.11023930364213262,-0.008388742725158542,0.08191232368711891
377,BE2C,H3K4me1,Helitron,-0.015970546793134387,0.5127626996038126,-0.0637209634921513,0.031852828752306335
378,BE2C,H3K4me1,hAT-Tag1,-0.011051513655457533,0.650797954313124,-0.05884633434735369,0.03679385754993331
379,BE2C,H3K4me1,tRNA,0.019621586596562098,0.4471705311613723,-0.03097690396906314,0.0701197670659814
380,BE2C,H3K4me1,Penelope,0.10646771424270908,0.006547897383335621,0.029651522388183114,0.1820337100721579
381,BE2C,H3K4me1,TcMar-Tc1,0.013250051632283717,0.7355920774703615,-0.06360189611356831,0.08994577462611025
382,BE2C,H3K4me1,Dong-R4,0.04856518527103076,0.31616124480938546,-0.04649129973405608,0.1427500179489785
383,BE2C,H3K4me1,tRNA-Deu,-0.0910638081127878,0.06287207376687078,-0.1855522861862737,0.005093270467212928
384,BE2C,H3K4me1,Kolobok,0.0001129230885808621,0.9983083821284002,-0.10397636012199517,0.10419975940842656
385,BE2C,H3K4me1,PIF-Harbinger,-0.04644922337741987,0.38698553500653365,-0.15075001873166236,0.058874298363528706
386,BE2C,H3K4me1,Crypton,0.07222228913943048,0.22582956101153248,-0.04490441756202344,0.187390329815893
387,BE2C,H3K4me1,Merlin,-0.015579221147783845,0.8220021478506067,-0.15033950959719108,0.1197494395633574
388,BE2C,H3K4me1,TcMar,0.12992361759310764,0.0660187105505975,-0.009212726987655892,0.2641247217769103
389,BE2C,H3K4me1,L1-Tx1,0.0339253981992483,0.6939047516848325,-0.1346035148307018,0.20054682960918882
390,BE2C,H3K4me1,Crypton-A,0.07236495296673899,0.4114217230604723,-0.10063119497335817,0.24111377389656816
391,BE2C,H3K4me1,I-Jockey,0.14591789454174775,0.1300309388598128,-0.04438304513003563,0.32600009874677066
392,BE2C,H3K4me1,hAT-Tip100?,0.2884504608294931,0.021869661125799862,0.038616164813994505,0.5043440982467958
393,BE2C,H3K4me1,TcMar-Pogo,-0.14662756598240467,0.4232518408040482,-0.472744870033502,0.21481611626379307
394,BE2C,H3K4me1,hAT?,0.23763368983957223,0.18298056654138034,-0.12000958576729298,0.5406829029255504
395,BE2C,H3K4me1,hAT-hAT19,-0.18529411764705883,0.4920570502059438,-0.626541278593295,0.3459033296858209
396,BE2C,H3K9me3,Alu,-5.121380015936554e-05,0.9571561336410834,-0.0019196453230541457,0.0018172180803139601
397,BE2C,H3K9me3,L1,-0.00019223123378963618,0.8891528811971157,-0.0028954572013124296,0.0025109975431689933
398,BE2C,H3K9me3,MIR,0.0007903458166568078,0.570180191784092,-0.0019378805148427085,0.003518560382765848
399,BE2C,H3K9me3,L2,0.0006858842086429456,0.6821873668803091,-0.002597076713671282,0.003968830346326684
400,BE2C,H3K9me3,ERVL-MaLR,-0.002174885523325987,0.2786943927611878,-0.006109901190653011,0.001760197498842428
401,BE2C,H3K9me3,hAT-Charlie,-0.00140550012218223,0.5100598820170741,-0.0055872397508259985,0.0027762886629468563
402,BE2C,H3K9me3,ERV1,-0.0014121439558522422,0.6459938707292221,-0.007437594123409516,0.004613408752391861
403,BE2C,H3K9me3,ERVL,-0.0027517016858058328,0.3789583821704132,-0.008881464625137832,0.0033782680469116332
404,BE2C,H3K9me3,TcMar-Tigger,0.0014662741203971957,0.644812355535553,-0.004767906287369668,0.007700340556499571
405,BE2C,H3K9me3,hAT-Tip100,-0.0008403601896710347,0.8463880577493571,-0.009342087566853745,0.007661488670740814
406,BE2C,H3K9me3,CR1,0.003939241504714182,0.40413301857162665,-0.005315417152700572,0.013193225418974035
407,BE2C,H3K9me3,Gypsy,0.0058904881433421525,0.4610863251011146,-0.009773449107150202,0.021551535259150045
408,BE2C,H3K9me3,hAT-Blackjack,-0.0011975490425218482,0.8833602874989719,-0.017194633638513705,0.014800148499518237
409,BE2C,H3K9me3,TcMar-Mariner,-0.01393854510233532,0.09025933038014103,-0.03005887725856277,0.0021890360029101644
410,BE2C,H3K9me3,RTE-X,0.005149278667656597,0.6172240148140121,-0.015043688046439182,0.025338046845985257
411,BE2C,H3K9me3,ERVK,-0.010504693576038362,0.3729758347380385,-0.03360429999310639,0.012606129959643326
412,BE2C,H3K9me3,TcMar-Tc2,0.006506600521994847,0.5993534920873643,-0.017768464812002872,0.030773999549734865
413,BE2C,H3K9me3,SVA,-0.01576465056759716,0.2706752632894969,-0.04379359907789214,0.012289096131814883
414,BE2C,H3K9me3,RTE-BovB,0.005248064197419945,0.7222743750415455,-0.02368982215229826,0.03417716350285346
415,BE2C,H3K9me3,tRNA-RTE,-0.02063277383332443,0.19928032863871178,-0.052101857017200014,0.010877245340247674
416,BE2C,H3K9me3,hAT-Ac,-0.01434790580046768,0.4294383304383923,-0.04990378256970565,0.02124429333570392
417,BE2C,H3K9me3,hAT,0.016009144052246436,0.4065473298676002,-0.021799116622072765,0.05377167935199838
418,BE2C,H3K9me3,MULE-MuDR,-0.003154397624392204,0.8797937847401803,-0.04401191348693783,0.03771365256114353
419,BE2C,H3K9me3,PiggyBac,0.007503890941653442,0.7322050747286215,-0.03546707809635992,0.05044716434907225
420,BE2C,H3K9me3,5S-Deu-L2,0.026829897738179804,0.24480441221238922,-0.01839698622112142,0.07194720918290062
421,BE2C,H3K9me3,Helitron,0.005090976771878738,0.83453679562722,-0.04265897089623785,0.052817719680877354
422,BE2C,H3K9me3,hAT-Tag1,-0.023224489593174764,0.34143150423603585,-0.07097654982261488,0.024633779211727446
423,BE2C,H3K9me3,tRNA,-0.05174590707758446,0.0449502472024832,-0.10209204350734218,-0.0011353608057788243
424,BE2C,H3K9me3,Penelope,0.003953533307841585,0.9196815325280248,-0.07279387150547374,0.08065439171987708
425,BE2C,H3K9me3,TcMar-Tc1,-0.036040467361682864,0.3581999798749773,-0.11253765009582434,0.04088141338001536
426,BE2C,H3K9me3,Dong-R4,-0.03775018442404127,0.4359940845989637,-0.13209770930812656,0.05727519819466309
427,BE2C,H3K9me3,tRNA-Deu,-0.05789775273564287,0.23753572784340526,-0.1530420975374496,0.03831010677464524
428,BE2C,H3K9me3,Kolobok,0.08525089679661961,0.10882313586162862,-0.01919538071862343,0.18785656703785333
429,BE2C,H3K9me3,PIF-Harbinger,-0.016083430697170532,0.7646312663198398,-0.12086617173575419,0.08905377032266999
430,BE2C,H3K9me3,Crypton,0.0033506495672491242,0.9552483376954976,-0.11329145397166285,0.11990164957141415
431,BE2C,H3K9me3,Merlin,0.013624712652346244,0.8440279917475519,-0.12167396812785049,0.14842631309493462
432,BE2C,H3K9me3,TcMar,-0.050825059343366306,0.47365870530389587,-0.18798486373609846,0.0882792027459391
433,BE2C,H3K9me3,L1-Tx1,0.0919822135658117,0.2850572111550939,-0.07727553318223612,0.2560865750544527
434,BE2C,H3K9me3,Crypton-A,0.042337447770670326,0.6311240119934958,-0.1302093650849951,0.21239519025839496
435,BE2C,H3K9me3,I-Jockey,0.023667871374293395,0.807009891654502,-0.1651951087198091,0.21085645332169425
436,BE2C,H3K9me3,hAT-Tip100?,0.24169546850998463,0.05634195785516563,-0.010124630008229529,0.4646872668436027
437,BE2C,H3K9me3,TcMar-Pogo,-0.00879765395894428,0.96188532089906,-0.35640445276948346,0.3409484445367043
438,BE2C,H3K9me3,hAT?,0.3512700534759359,0.0450191205483484,-0.0018202769670069554,0.6264818323051181
439,BE2C,H3K9me3,hAT-hAT19,-0.5,0.04858028888702393,-0.8096034438376362,0.02725794429831923
440,BE2C,H3K36me3,Alu,-0.0018411952911361869,0.05345159315762639,-0.0037097499728591986,2.7372247773070824e-05
441,BE2C,H3K36me3,L1,0.0011284738235407866,0.41330197501694266,-0.001575080736480101,0.003832011887143199
442,BE2C,H3K36me3,MIR,-0.0011443511560856893,0.41099567991385044,-0.003872434827067794,0.0015837495485558925
443,BE2C,H3K36me3,L2,0.0017321121689467271,0.3011083904680883,-0.0015509505193891764,0.005015137518451112
444,BE2C,H3K36me3,ERVL-MaLR,0.0023318632479832012,0.24546047961744613,-0.0016032121859205447,0.006266866465860464
445,BE2C,H3K36me3,hAT-Charlie,0.0010804551782558397,0.6125661318107685,-0.0031012067250242737,0.0052620792955145705
446,BE2C,H3K36me3,ERV1,-0.0008126708163788553,0.7915603822287052,-0.006839430521799452,0.005214147925045638
447,BE2C,H3K36me3,ERVL,-0.003218840742427965,0.30341218908952544,-0.009348783168938245,0.002911343599704777
448,BE2C,H3K36me3,TcMar-Tigger,0.002050613810128224,0.5191357188520882,-0.004183705848672374,0.008284774070979902
449,BE2C,H3K36me3,hAT-Tip100,-0.002227045579810589,0.6076657347727688,-0.010728565627302412,0.006274796404662482
450,BE2C,H3K36me3,CR1,0.0041315965627214575,0.3815683857983494,-0.005122964626391295,0.013385450076973152
451,BE2C,H3K36me3,Gypsy,0.0014215720651674702,0.8588251146138522,-0.014242152813721569,0.017084599401824926
452,BE2C,H3K36me3,hAT-Blackjack,0.00938727565284692,0.25009056444772887,-0.006610411975210049,0.02538015940442842
453,BE2C,H3K36me3,TcMar-Mariner,-0.0010452684366793943,0.8989394288670675,-0.017175111541940923,0.015085118586339338
454,BE2C,H3K36me3,RTE-X,-0.011720166735138864,0.25534226909554814,-0.03190672036377548,0.008475944593208707
455,BE2C,H3K36me3,ERVK,-0.006054875023651225,0.6074946171074473,-0.029151714610327662,0.017048426723070078
456,BE2C,H3K36me3,TcMar-Tc2,0.012032416733227825,0.33148530081466143,-0.012253355541116168,0.03630400183668286
457,BE2C,H3K36me3,SVA,-0.0005681700387248783,0.9683381302926035,-0.02861715941551003,0.027481713377633832
458,BE2C,H3K36me3,RTE-BovB,-0.00234655715314918,0.8737336681728296,-0.031278563243267374,0.026589377914928235
459,BE2C,H3K36me3,tRNA-RTE,0.013004618464442199,0.41846050491003595,-0.018499821585797684,0.044483260349635005
460,BE2C,H3K36me3,hAT-Ac,-0.012404826745939302,0.494662634769789,-0.047976266839435455,0.02319803824927788
461,BE2C,H3K36me3,hAT,0.0057877513639485395,0.7640995447226424,-0.03200519196645124,0.04356416800415955
462,BE2C,H3K36me3,MULE-MuDR,0.04918432501844759,0.018327081614245122,0.008304374340352461,0.08990014789035614
463,BE2C,H3K36me3,PiggyBac,0.0331251211516747,0.13061084501014456,-0.009838948422770263,0.07596711218527356
464,BE2C,H3K36me3,5S-Deu-L2,0.029634280108046137,0.19890370250184863,-0.015592966987686023,0.07474051124861417
465,BE2C,H3K36me3,Helitron,-0.053420447554236285,0.028417256245941006,-0.10097835075762165,-0.005618963730865829
466,BE2C,H3K36me3,hAT-Tag1,-0.014210124976955769,0.56054130295048,-0.06199486801861935,0.033639613734514504
467,BE2C,H3K36me3,tRNA,-0.05074057474310033,0.049285556580830024,-0.10109317811198937,-0.0001286851529489259
468,BE2C,H3K36me3,Penelope,0.012168266711386521,0.75628570301897,-0.0646199194162299,0.08881320077466284
469,BE2C,H3K36me3,TcMar-Tc1,-0.008396905800727009,0.8306745008214327,-0.08518615911210474,0.06849150859075005
470,BE2C,H3K36me3,Dong-R4,0.0239744508232425,0.6208769378272005,-0.07098723144958788,0.11850545673454742
471,BE2C,H3K36me3,tRNA-Deu,-0.029794809632173878,0.5435410038046118,-0.12537268126040801,0.06633102824786032
472,BE2C,H3K36me3,Kolobok,0.015751966179439424,0.7674123003669258,-0.08848759678231746,0.11965024706325926
473,BE2C,H3K36me3,PIF-Harbinger,-0.10926078903344016,0.04135549045839953,-0.21211125385504892,-0.004016372311305778
474,BE2C,H3K36me3,Crypton,0.10068149993800438,0.0909272262699028,-0.01640145670842088,0.21504069402831225
475,BE2C,H3K36me3,Merlin,0.053460278448083806,0.4398213163327369,-0.08229825942703738,0.18727093692964267
476,BE2C,H3K36me3,TcMar,0.09311080529692532,0.18861128450644055,-0.04617599013563511,0.22884608013767638
477,BE2C,H3K36me3,L1-Tx1,0.05011802016269472,0.5608313400354532,-0.11869911275675452,0.21611908253767853
478,BE2C,H3K36me3,Crypton-A,0.03213610333872593,0.7155716749542387,-0.14020582926925393,0.20258802288141756
479,BE2C,H3K36me3,I-Jockey,0.09137243999629321,0.3446911304670027,-0.09881394123813797,0.27511884025053474
480,BE2C,H3K36me3,hAT-Tip100?,0.221534178187404,0.08099974765314398,-0.03083729174948229,0.447352008931422
481,BE2C,H3K36me3,TcMar-Pogo,-0.2100439882697947,0.24856442892308628,-0.523512342976268,0.1535080781079041
482,BE2C,H3K36me3,hAT?,0.24933155080213906,0.16172712555248664,-0.10823210456953153,0.5497741485305575
483,BE2C,H3K36me3,hAT-hAT19,-0.01764705882352941,0.9482801500547112,-0.5089320166324547,0.4823095822381911
484,BE2C,H3K27me3,Alu,0.0005824560699914882,0.5412069721676747,-0.0012859788913360095,0.0024508869645608576
485,BE2C,H3K27me3,L1,0.000983997731220507,0.47560275222341075,-0.0017194226552445348,0.003687403734689152
486,BE2C,H3K27me3,MIR,-1.6560989409648663e-05,0.9905065137766447,-0.002744518321409922,0.0027113965890761724
487,BE2C,H3K27me3,L2,0.0007592929050273939,0.6503285003467218,-0.0025236685472598912,0.004042237990318183
488,BE2C,H3K27me3,ERVL-MaLR,0.0014650943259848857,0.4655445187164511,-0.0024698742995862433,0.005400017581004889
489,BE2C,H3K27me3,hAT-Charlie,-0.003998100546351623,0.06090844440029105,-0.008179122870256796,0.00018306156563435496
490,BE2C,H3K27me3,ERV1,0.0003437012549499917,0.9109812301461163,-0.005681621827210018,0.006368999381393453
491,BE2C,H3K27me3,ERVL,0.004368941388833336,0.16242204165804378,-0.001760766355914717,0.010498320833659047
492,BE2C,H3K27me3,TcMar-Tigger,-0.0007015490840374383,0.8254216116653146,-0.0069351484865816495,0.005532104840264466
493,BE2C,H3K27me3,hAT-Tip100,0.002539116693935405,0.5583189116474304,-0.00596289833827577,0.011040764663287543
494,BE2C,H3K27me3,CR1,-0.0045190491354603094,0.33854391214420687,-0.013773052511693706,0.004735728313135318
495,BE2C,H3K27me3,Gypsy,-0.001099323182429587,0.890593003897719,-0.016761938975896392,0.014563831996766908
496,BE2C,H3K27me3,hAT-Blackjack,-0.01776787663000756,0.02948262647064147,-0.033756418972380485,-0.0017702421229208866
497,BE2C,H3K27me3,TcMar-Mariner,0.005260730954383105,0.5226579748548419,-0.010868792607275572,0.02138751762513335
498,BE2C,H3K27me3,RTE-X,0.0015592176902509665,0.8797101930790299,-0.018632649980787435,0.02174981401622221
499,BE2C,H3K27me3,ERVK,0.010847471441002945,0.3575132311410333,-0.012260195902343774,0.03394355890221961
500,BE2C,H3K27me3,TcMar-Tc2,0.009780016135121531,0.4296729641335172,-0.01449228452642052,0.03404079747686317
501,BE2C,H3K27me3,SVA,-0.002882486440965001,0.8404395177141948,-0.03093523275737007,0.025174797430289095
502,BE2C,H3K27me3,RTE-BovB,0.010514612599866335,0.4763977829898578,-0.01842588249330276,0.039437503385656054
503,BE2C,H3K27me3,tRNA-RTE,0.035901634905262124,0.02546459198227326,0.00440094060425563,0.06733114852451808
504,BE2C,H3K27me3,hAT-Ac,-0.018742797818103164,0.3020480058135855,-0.05429509174862211,0.016856956538884246
505,BE2C,H3K27me3,hAT,-0.01438401855165793,0.4557515669016684,-0.05214325709916931,0.023416289424494682
506,BE2C,H3K27me3,MULE-MuDR,0.00415192169752839,0.8422874102551046,-0.036735350773890556,0.045025316533089034
507,BE2C,H3K27me3,PiggyBac,-0.007169234923286581,0.7437190725875849,-0.05011328377129808,0.03580127445966505
508,BE2C,H3K27me3,5S-Deu-L2,-0.016500143069672638,0.4746078092882905,-0.06166568463899631,0.028732835519440163
509,BE2C,H3K27me3,Helitron,0.009282926428472171,0.7036200583843903,-0.03853121470536916,0.05705465645042413
510,BE2C,H3K27me3,hAT-Tag1,0.013260209470118535,0.587042915868634,-0.03458829094830271,0.06104805824658542
511,BE2C,H3K27me3,tRNA,-0.05593792887173863,0.030173674052457,-0.10625627464177805,-0.00533381773424769
512,BE2C,H3K27me3,Penelope,0.0018039168753220273,0.9633032627091783,-0.07493154141829304,0.07851813686189688
513,BE2C,H3K27me3,TcMar-Tc1,0.024062354575389484,0.5396614813906365,-0.05283021869655718,0.10067127744943591
514,BE2C,H3K27me3,Dong-R4,-0.0393841434042569,0.416379748651997,-0.13370813995144148,0.05564700671695962
515,BE2C,H3K27me3,tRNA-Deu,-0.03943756158938164,0.421280764939961,-0.13487930415536437,0.056729250453489304
516,BE2C,H3K27me3,Kolobok,0.058198440870253776,0.274129366471725,-0.04625753478415928,0.16139544701754163
517,BE2C,H3K27me3,PIF-Harbinger,-0.043523898212878255,0.41761802065762166,-0.14787733734537767,0.061787981937382185
518,BE2C,H3K27me3,Crypton,0.035385263151259276,0.5532994117224547,-0.08158512756104153,0.15139412206972427
519,BE2C,H3K27me3,Merlin,-0.03923835486657608,0.5708483480411797,-0.17343871363698724,0.09639261805398334
520,BE2C,H3K27me3,TcMar,0.14122488940214997,0.04552674011670876,0.002193807480008628,0.27489982490374126
521,BE2C,H3K27me3,L1-Tx1,-0.003402340801658002,0.9685247572211538,-0.17102071577095307,0.16440743848452222
522,BE2C,H3K27me3,Crypton-A,0.012163141438087548,0.8903318034949382,-0.15970176812497006,0.18331239842380853
523,BE2C,H3K27me3,I-Jockey,-0.1662311185246965,0.08407136225889118,-0.3447447153481155,0.023886418872839568
524,BE2C,H3K27me3,hAT-Tip100?,0.2546562980030722,0.043995381544805284,0.003285954173939605,0.4757570037763086
525,BE2C,H3K27me3,TcMar-Pogo,-0.25806451612903225,0.15385713379404836,-0.5608003037248254,0.10553798604175707
526,BE2C,H3K27me3,hAT?,0.10995989304812835,0.5424136858461404,-0.24351993282665213,0.4376539196269051
527,BE2C,H3K27me3,hAT-hAT19,0.0029411764705882353,0.9913748045563624,-0.4934845205018354,0.49792144373831837
528,SJSA1,H3K27ac,Alu,0.0016250264347058363,0.08744304515786984,-0.00023858751022033995,0.003488629092051913
529,SJSA1,H3K27ac,L1,-0.0004876361735036953,0.7229092137389551,-0.0031831179277193953,0.002207852666692429
530,SJSA1,H3K27ac,MIR,0.0009257855176296733,0.5057225804729562,-0.001800693291101433,0.0036522505624194982
531,SJSA1,H3K27ac,L2,0.000544469355912257,0.7449460437322947,-0.002735900682697541,0.003824827676678705
532,SJSA1,H3K27ac,ERVL-MaLR,0.0005617388722588291,0.7791371765410577,-0.003364132814818922,0.004487593243842137
533,SJSA1,H3K27ac,hAT-Charlie,0.0015471409152233151,0.46775621751923646,-0.0026288644176110094,0.005723092287381345
534,SJSA1,H3K27ac,ERV1,0.0013000132043236967,0.6703804119881076,-0.004686398359757823,0.007286331592230727
535,SJSA1,H3K27ac,ERVL,-0.00046835628152045746,0.8807431134339406,-0.006586907893957875,0.0056502303985283345
536,SJSA1,H3K27ac,TcMar-Tigger,-0.002305808432940918,0.46780776587974426,-0.008530137405654793,0.003918699210362613
537,SJSA1,H3K27ac,hAT-Tip100,-0.001837532384918394,0.67168289725683,-0.010334535515052869,0.0066597360906278606
538,SJSA1,H3K27ac,CR1,0.0016117271677445807,0.7326083802739182,-0.0076340651904404,0.010857243977475521
539,SJSA1,H3K27ac,Gypsy,-0.01427426662216489,0.07376739558447613,-0.029914803080608045,0.0013732581048952256
540,SJSA1,H3K27ac,hAT-Blackjack,0.0041027244519922365,0.6145351115921623,-0.01186418109720626,0.020067538325873106
541,SJSA1,H3K27ac,TcMar-Mariner,-0.001954357660831979,0.8119410453129753,-0.01805234418231012,0.01414464185295195
542,SJSA1,H3K27ac,RTE-X,-0.0007471961343987547,0.9421403194233313,-0.020922100031873423,0.01942831603937889
543,SJSA1,H3K27ac,ERVK,-0.0031183183894061095,0.7887243662364349,-0.02592136594923171,0.019687972583236405
544,SJSA1,H3K27ac,TcMar-Tc2,0.002619258029709623,0.832417764636874,-0.02163928496704999,0.026874718651292137
545,SJSA1,H3K27ac,SVA,0.030697671044370097,0.031167398029793777,0.002772402850406285,0.05857509882482992
546,SJSA1,H3K27ac,RTE-BovB,-0.0044059313212865625,0.7652585857308832,-0.033317018407717634,0.02451252318890992
547,SJSA1,H3K27ac,tRNA-RTE,-0.015574654176185693,0.3324777171571326,-0.04704495310314527,0.015926532164497353
548,SJSA1,H3K27ac,hAT-Ac,0.04381272019372438,0.015630824659898856,0.008281706950599389,0.07923324235690522
549,SJSA1,H3K27ac,hAT,-0.013152607389213465,0.49515747879333927,-0.05090755110863294,0.024639876501634534
550,SJSA1,H3K27ac,MULE-MuDR,-0.023221213498632504,0.26489776759525036,-0.06397597784265519,0.017610877488900514
551,SJSA1,H3K27ac,PiggyBac,0.010197906196874586,0.6406158292086271,-0.032612212777068,0.05297067436559036
552,SJSA1,H3K27ac,5S-Deu-L2,0.0030883295758019386,0.8933775149256566,-0.0420541256471082,0.04821820113649883
553,SJSA1,H3K27ac,Helitron,0.021879461030321977,0.3679984438413665,-0.025765399973933737,0.06942514713950747
554,SJSA1,H3K27ac,hAT-Tag1,0.005241898329976822,0.8297554831178873,-0.042522511922735866,0.052982401755808595
555,SJSA1,H3K27ac,tRNA,-0.04002160398538133,0.12067585636701506,-0.09038821612077509,0.010549211735824697
556,SJSA1,H3K27ac,Penelope,0.022547704184709586,0.5636987454287674,-0.0539877921382818,0.09881982106274816
557,SJSA1,H3K27ac,TcMar-Tc1,0.05481399845298383,0.16178965327397032,-0.022061260337755843,0.1310448716853877
558,SJSA1,H3K27ac,Dong-R4,0.04741810030290505,0.32774059881160067,-0.04763587654099146,0.14162096624383103
559,SJSA1,H3K27ac,tRNA-Deu,0.05429984583923466,0.2680104656170606,-0.04190388032062864,0.149505946227263
560,SJSA1,H3K27ac,Kolobok,0.005787733729367664,0.9135900978160268,-0.09850771566950799,0.1099574181283577
561,SJSA1,H3K27ac,PIF-Harbinger,0.07026835712128297,0.1903206635204487,-0.03509952527175178,0.1740911962303435
562,SJSA1,H3K27ac,Crypton,-0.04419378916063333,0.458980895158138,-0.1600227299613792,0.07283562463736162
563,SJSA1,H3K27ac,Merlin,-0.03827952168134443,0.5793966830051142,-0.1721887656328417,0.09701883155672329
564,SJSA1,H3K27ac,TcMar,-0.041940436447689064,0.5524246842815412,-0.17867762347872762,0.09638610109305443
565,SJSA1,H3K27ac,L1-Tx1,-0.02537987555475475,0.7684603860348544,-0.19230317304959296,0.14297077388520316
566,SJSA1,H3K27ac,Crypton-A,0.15422393579858165,0.07861243576029231,-0.01879840843895021,0.31827768013275276
567,SJSA1,H3K27ac,I-Jockey,0.08204985636178298,0.39633712052227665,-0.10803070220494339,0.2663429520340284
568,SJSA1,H3K27ac,hAT-Tip100?,-0.05439560439560439,0.6694489620355527,-0.2964130952517299,0.19418631654182672
569,SJSA1,H3K27ac,TcMar-Pogo,0.08944281524926685,0.6263913088314117,-0.2682719996009613,0.4254811133886043
570,SJSA1,H3K27ac,hAT?,-0.20030557677616498,0.2560223215656792,-0.5069262402502828,0.15131157437936932
571,SJSA1,H3K27ac,hAT-hAT19,-0.1411764705882353,0.6020026838819791,-0.5969684892475311,0.38351326982565126
572,SJSA1,H3K9me3,Alu,-0.0011459614877393663,0.2278942157713258,-0.0030086526084514903,0.000716737585114844
573,SJSA1,H3K9me3,L1,0.0015239442560127795,0.26776596028607136,-0.0011712548000631091,0.004219121172058426
574,SJSA1,H3K9me3,MIR,-0.0004770154596725846,0.7316200397994861,-0.003202986680466645,0.002248962850468103
575,SJSA1,H3K9me3,L2,-0.0014472738148371593,0.3871817328583491,-0.004727544487762098,0.0018330280042897806
576,SJSA1,H3K9me3,ERVL-MaLR,-0.003536948243576917,0.07736728569601832,-0.007461894217160226,0.00038810670919199006
577,SJSA1,H3K9me3,hAT-Charlie,0.0037518985641327544,0.07818632127247192,-0.00042318947197535293,0.007926855801107515
578,SJSA1,H3K9me3,ERV1,-0.008174609287463113,0.007424142396340719,-0.01415865865736205,-0.002189974374485122
579,SJSA1,H3K9me3,ERVL,0.006428710298628686,0.03942596247435175,0.00031128140512865946,0.012545658047656357
580,SJSA1,H3K9me3,TcMar-Tigger,-0.00260454504512681,0.41209769293964826,-0.00882816518227209,0.003619276865946739
581,SJSA1,H3K9me3,hAT-Tip100,0.005724750376034055,0.18660607014774838,-0.0027711743251095503,0.014219848697083119
582,SJSA1,H3K9me3,CR1,0.003145814543697519,0.5048955848086144,-0.006100778557624737,0.012391869739949449
583,SJSA1,H3K9me3,Gypsy,0.0029326026851839316,0.7133714188620919,-0.012714435498313368,0.018578205011024973
584,SJSA1,H3K9me3,hAT-Blackjack,0.010204934068349837,0.21025959514129242,-0.005760362585944307,0.026165029590261082
585,SJSA1,H3K9me3,TcMar-Mariner,0.011341771202735692,0.1672446075590739,-0.004754353364916007,0.027432020189139966
586,SJSA1,H3K9me3,RTE-X,-0.00756482451923823,0.46244236098157576,-0.027736096359880856,0.01261260550794065
587,SJSA1,H3K9me3,ERVK,0.005839851002546068,0.615588303696261,-0.016955096222829376,0.028628730750882247
588,SJSA1,H3K9me3,TcMar-Tc2,-0.004824634448775908,0.6966191754313302,-0.02907107316593563,0.01942747843466251
589,SJSA1,H3K9me3,SVA,0.013816002732070306,0.33205897839994303,-0.014103343414352503,0.041713822507515166
590,SJSA1,H3K9me3,RTE-BovB,-0.011653612554965269,0.4297131045355549,-0.04055926333614553,0.01727152804427902
591,SJSA1,H3K9me3,tRNA-RTE,0.013731090812938284,0.3928791394276038,-0.017769542674447417,0.04520449227795607
592,SJSA1,H3K9me3,hAT-Ac,0.003311549727317214,0.8551104969164672,-0.03222505696581078,0.03883979431297306
593,SJSA1,H3K9me3,hAT,0.026215444247378393,0.17382055329865692,-0.011574093125942148,0.06393020450402427
594,SJSA1,H3K9me3,MULE-MuDR,0.028312431566413318,0.17410802693879046,-0.012528975005797516,0.06905952921168859
595,SJSA1,H3K9me3,PiggyBac,0.022033221563685042,0.31287374386005057,-0.02076592374656476,0.06475176031765709
596,SJSA1,H3K9me3,5S-Deu-L2,0.017512022391032115,0.4472139629133579,-0.027649775741634346,0.06260247687059545
597,SJSA1,H3K9me3,Helitron,-0.01066945710846119,0.6607888333451564,-0.058267583837693135,0.03697706934255965
598,SJSA1,H3K9me3,hAT-Tag1,-0.016797661837023328,0.49078552986416746,-0.06450271935455248,0.030983995371945728
599,SJSA1,H3K9me3,tRNA,-0.026143406867579638,0.3107992095780188,-0.07658012404796315,0.02442676392750915
600,SJSA1,H3K9me3,Penelope,-0.002512958358761402,0.948661465347967,-0.07887265556733702,0.07387605541805829
601,SJSA1,H3K9me3,TcMar-Tc1,0.03299441611709083,0.39956666693019083,-0.043803503418921245,0.10940468131420869
602,SJSA1,H3K9me3,Dong-R4,-0.10771081168344654,0.0258599760513505,-0.20071537021051736,-0.012782012023582971
603,SJSA1,H3K9me3,tRNA-Deu,0.039220265922273526,0.42384593756652034,-0.0569457700619744,0.13466522135456932
604,SJSA1,H3K9me3,Kolobok,0.169701568289344,0.0013510954747840516,0.06589808934561468,0.26987129784248237
605,SJSA1,H3K9me3,PIF-Harbinger,0.0887335459282955,0.09792482372730903,-0.01660645642068767,0.1921253626496402
606,SJSA1,H3K9me3,Crypton,-0.002376718955104893,0.9682480351417317,-0.11894143979604883,0.11425262460646313
607,SJSA1,H3K9me3,Merlin,0.05424700735677124,0.4320096703721795,-0.08119380261901624,0.18772069717882553
608,SJSA1,H3K9me3,TcMar,0.03040928067647347,0.6659141078798372,-0.10744217858499168,0.1671135603524992
609,SJSA1,H3K9me3,L1-Tx1,-0.0995803079760987,0.24696269391915893,-0.2632951815424528,0.06970964216542039
610,SJSA1,H3K9me3,Crypton-A,-0.012782375323019806,0.8847861014829506,-0.1839114953875421,0.15909882609931827
611,SJSA1,H3K9me3,I-Jockey,-0.029385599110369757,0.7616435785185164,-0.21633094150196663,0.15963834458612852
612,SJSA1,H3K9me3,hAT-Tip100?,-0.1460164835164835,0.2496121150611007,-0.37939216650654184,0.10482750711146145
613,SJSA1,H3K9me3,TcMar-Pogo,0.12426686217008798,0.4980091266293093,-0.23591700922584982,0.4544315410314929
614,SJSA1,H3K9me3,hAT?,-0.27028265851795263,0.12210692638746148,-0.56186882624444,0.08104439416073983
615,SJSA1,H3K9me3,hAT-hAT19,0.12352941176470587,0.6485420669723405,-0.3981954146302434,0.5848677681002367
616,SJSA1,H3K36me3,Alu,0.00034020807878963865,0.7204035386497452,-0.0015227675304398537,0.00220318132651638
617,SJSA1,H3K36me3,L1,-0.000638801359094703,0.6422875077383698,-0.0033342052016429643,0.002056611765530973
618,SJSA1,H3K36me3,MIR,0.000215274704774771,0.8769943697973134,-0.0025107152138120143,0.002941261423943444
619,SJSA1,H3K36me3,L2,-5.1142522006061626e-05,0.9756226440314878,-0.003331451741406674,0.0032291677980258336
620,SJSA1,H3K36me3,ERVL-MaLR,0.001082204608293008,0.588925554870225,-0.0028428616471624112,0.005007237518790187
621,SJSA1,H3K36me3,hAT-Charlie,-0.00010788440885297364,0.9596073213992824,-0.004282882900502575,0.004067117843782692
622,SJSA1,H3K36me3,ERV1,-7.407740175640497e-05,0.9806451887223262,-0.006058716800349058,0.005910567303139902
623,SJSA1,H3K36me3,ERVL,0.0018118983403415526,0.5615776657822031,-0.004305681327618745,0.007929342391065962
624,SJSA1,H3K36me3,TcMar-Tigger,0.0020549034143741702,0.5175453632604631,-0.004168752270797899,0.008278399914139723
625,SJSA1,H3K36me3,hAT-Tip100,-0.003993884976966687,0.3568226818829112,-0.012488656807714608,0.0045014633087447535
626,SJSA1,H3K36me3,CR1,0.007842618599522623,0.09639704386711653,-0.0014029892836290487,0.017086885800718894
627,SJSA1,H3K36me3,Gypsy,-0.009042614156179183,0.25731811645943237,-0.024684865672788825,0.00660406406893672
628,SJSA1,H3K36me3,hAT-Blackjack,-0.01609509176811751,0.048125870983297486,-0.03205024487827047,-0.00013173776595490632
629,SJSA1,H3K36me3,TcMar-Mariner,-0.003986370980786481,0.6273934352261892,-0.02008042837112007,0.012109751796511116
630,SJSA1,H3K36me3,RTE-X,-0.012878518282926781,0.21092495813509796,-0.03304598447317884,0.007299431165903309
631,SJSA1,H3K36me3,ERVK,0.0020977970452165434,0.8569019459572204,-0.02070188144717223,0.024895294760495606
632,SJSA1,H3K36me3,TcMar-Tc2,0.013146681476981463,0.2881056963496734,-0.011111320923183786,0.03738921872095627
633,SJSA1,H3K36me3,SVA,-0.01590440478057802,0.2641602825382282,-0.04379929954345139,0.012015269472027898
634,SJSA1,H3K36me3,RTE-BovB,-0.03528710902325179,0.016765024930945335,-0.06414896249403522,-0.006366273179016522
635,SJSA1,H3K36me3,tRNA-RTE,-0.002618688247239842,0.8705004629158357,-0.03409115113422666,0.028858963235378135
636,SJSA1,H3K36me3,hAT-Ac,0.006444399853119022,0.7222816868728776,-0.02908950843157267,0.04196204075822724
637,SJSA1,H3K36me3,hAT,0.010036776957875066,0.6026307912037712,-0.02774628424999813,0.047791200803747616
638,SJSA1,H3K36me3,MULE-MuDR,0.042202746188712524,0.0428576281229956,0.001341560191862939,0.08292324034393203
639,SJSA1,H3K36me3,PiggyBac,-0.00062445960270386,0.977189609499022,-0.04340788141554687,0.042161248381355924
640,SJSA1,H3K36me3,5S-Deu-L2,0.01102469544288176,0.6323095237993464,-0.03413014394870803,0.0561346162819873
641,SJSA1,H3K36me3,Helitron,-0.016527038028331165,0.49665138990257995,-0.06410620504993315,0.031127094428177033
642,SJSA1,H3K36me3,hAT-Tag1,-0.01677377767155368,0.49140235736684945,-0.06447891828212848,0.031007853745914634
643,SJSA1,H3K36me3,tRNA,-0.024967395506882786,0.3330746043029974,-0.07540938487793551,0.025602048145809794
644,SJSA1,H3K36me3,Penelope,0.002656547508636945,0.9457736859099226,-0.0737913367679387,0.0790733929636639
645,SJSA1,H3K36me3,TcMar-Tc1,0.012236160697428044,0.7547870083033273,-0.06449350666554939,0.08882199723507206
646,SJSA1,H3K36me3,Dong-R4,0.005605403000556126,0.9079479676677057,-0.08922955268991105,0.10033963633550412
647,SJSA1,H3K36me3,tRNA-Deu,-0.006488966186087429,0.8947696751155381,-0.10234135640376985,0.08948281467553858
648,SJSA1,H3K36me3,Kolobok,0.0913888998783987,0.08598189862951736,-0.013187973424063942,0.1939881403053637
649,SJSA1,H3K36me3,PIF-Harbinger,0.014174805998741978,0.7918797305267846,-0.09094585975000939,0.11898306672632604
650,SJSA1,H3K36me3,Crypton,0.03087060898993617,0.6050522938254844,-0.08606428916299824,0.14696652953178238
651,SJSA1,H3K36me3,Merlin,0.05592587298268573,0.4178752682833342,-0.07952692560013364,0.18935085633646584
652,SJSA1,H3K36me3,TcMar,0.013536160563692438,0.8479940958229429,-0.12441182078325899,0.1509707883305311
653,SJSA1,H3K36me3,L1-Tx1,-0.08342735665300084,0.3324275134514496,-0.2479536088321901,0.08577643084981479
654,SJSA1,H3K36me3,Crypton-A,0.07735886071979182,0.3798114534631888,-0.09568955770695212,0.24586849806422378
655,SJSA1,H3K36me3,I-Jockey,-0.011092577147623019,0.9088586779346934,-0.19878516354470288,0.1773849240693078
656,SJSA1,H3K36me3,hAT-Tip100?,-0.23429487179487174,0.06239951394213511,-0.45667121201119876,0.01563797876557449
657,SJSA1,H3K36me3,TcMar-Pogo,0.06121700879765395,0.7392623303061464,-0.2940586753844738,0.40162977735260796
658,SJSA1,H3K36me3,hAT?,-0.1361344537815126,0.44267346098664373,-0.4547179213682285,0.21333446550486201
659,SJSA1,H3K36me3,hAT-hAT19,-0.19117647058823528,0.47816401281702825,-0.6304114123813899,0.3407869677255128
660,SJSA1,H3K27me3,Alu,0.0008277267968079907,0.3839005262574642,-0.0010354357260494377,0.0026908835729796726
661,SJSA1,H3K27me3,L1,-0.0001636516658305215,0.9052723922305899,-0.002858950136529811,0.002531649182609791
662,SJSA1,H3K27me3,MIR,-0.00014783924775755585,0.9153534938734307,-0.0028739952766518276,0.002578318978599439
663,SJSA1,H3K27me3,L2,0.004520874668517258,0.0069077301996125955,0.001240640036288873,0.0078010120129691956
664,SJSA1,H3K27me3,ERVL-MaLR,-0.002241997180418887,0.2629516867923565,-0.006167315730922603,0.0016833904615970612
665,SJSA1,H3K27me3,hAT-Charlie,-0.0016961063509085504,0.4259451265323765,-0.0058715323872448036,0.002479378826891125
666,SJSA1,H3K27me3,ERV1,-0.0012185539169636815,0.6898734664426803,-0.007203815362610478,0.004766794835464342
667,SJSA1,H3K27me3,ERVL,-0.003740760368138018,0.23074776065069283,-0.009858291686829114,0.0023770509571360526
668,SJSA1,H3K27me3,TcMar-Tigger,0.0005919443215406173,0.8521252088097843,-0.005631955177914321,0.00681579796111185
669,SJSA1,H3K27me3,hAT-Tip100,0.003268563848683268,0.45080908235415784,-0.0052270848755653606,0.01176374077005643
670,SJSA1,H3K27me3,CR1,0.0027969718122640244,0.553206260847964,-0.0064480627429037,0.012041528270341384
671,SJSA1,H3K27me3,Gypsy,-0.004271217740000728,0.5926342666347064,-0.01991588077004411,0.011375536415564652
672,SJSA1,H3K27me3,hAT-Blackjack,0.009104936472174906,0.2636682033766342,-0.006860863832835445,0.02506609592165383
673,SJSA1,H3K27me3,TcMar-Mariner,-0.00029314340543743866,0.9715308765060799,-0.01639106250802443,0.015804927630719258
674,SJSA1,H3K27me3,RTE-X,-0.004695356530207621,0.648323087353387,-0.024868328391404782,0.015481437678710646
675,SJSA1,H3K27me3,ERVK,-0.00042631972196584294,0.9707701170756318,-0.023226300876895613,0.022374104677017056
676,SJSA1,H3K27me3,TcMar-Tc2,0.012870087510519478,0.29840711399290293,-0.011389741117503934,0.03711477398175829
677,SJSA1,H3K27me3,SVA,-0.0019592306205971654,0.8906334804314371,-0.02987869429370702,0.025963287825068897
678,SJSA1,H3K27me3,RTE-BovB,-0.016393037072386457,0.26656931078455265,-0.045288701283311514,0.012530035511184291
679,SJSA1,H3K27me3,tRNA-RTE,0.02089654414817379,0.1934797455680908,-0.010605336942063873,0.05235698755438268
680,SJSA1,H3K27me3,hAT-Ac,-0.036829621803296554,0.04213650629791831,-0.07226812456355447,-0.0012982429008060888
681,SJSA1,H3K27me3,hAT,-0.0002919552859181419,0.9879175135727205,-0.03806312820025108,0.03748005068959318
682,SJSA1,H3K27me3,MULE-MuDR,-0.03207378202427287,0.12361627349925944,-0.07280767580309182,0.008766937635378448
683,SJSA1,H3K27me3,PiggyBac,-0.013360919651998567,0.5405794271113118,-0.05610514767114289,0.029432195578382274
684,SJSA1,H3K27me3,5S-Deu-L2,-0.019817978957023818,0.38969474684023175,-0.06490082973218483,0.025345606426803863
685,SJSA1,H3K27me3,Helitron,-0.04283965277243475,0.07794906749750885,-0.0903035184136724,0.004818378745895644
686,SJSA1,H3K27me3,hAT-Tag1,0.009981738809713066,0.6822138171737102,-0.03779090125877108,0.057708856607049136
687,SJSA1,H3K27me3,tRNA,-0.012143256366821604,0.6378439690827722,-0.06263596058018771,0.03841145180879213
688,SJSA1,H3K27me3,Penelope,0.007311215271690751,0.8514000525135906,-0.06910310338842539,0.08364024213706134
689,SJSA1,H3K27me3,TcMar-Tc1,0.06734025912284974,0.08529071464727606,-0.009461472618656175,0.14335216510679327
690,SJSA1,H3K27me3,Dong-R4,-0.010786226149009948,0.8239238464666837,-0.10546793975403171,0.08408929484489952
691,SJSA1,H3K27me3,tRNA-Deu,0.036737426734620854,0.45379563123935707,-0.0594192594591899,0.1322186172444428
692,SJSA1,H3K27me3,Kolobok,0.08708610559132697,0.10187531606951436,-0.01750424617665628,0.18979120823348813
693,SJSA1,H3K27me3,PIF-Harbinger,0.007729492464919835,0.8855929050923406,-0.0973311344637525,0.11261975372705073
694,SJSA1,H3K27me3,Crypton,-0.019492642773584166,0.7440485979684452,-0.1357924786415118,0.09733709841871957
695,SJSA1,H3K27me3,Merlin,0.08212020703202529,0.23379844319973447,-0.0534453880484828,0.214713521377384
696,SJSA1,H3K27me3,TcMar,0.020969142331472467,0.7665031316580599,-0.11709379765428582,0.15823693529862268
697,SJSA1,H3K27me3,L1-Tx1,-0.13683803996462524,0.1108279689217074,-0.2984413611050744,0.03239266122469819
698,SJSA1,H3K27me3,Crypton-A,-0.10427418182176129,0.2359113669518927,-0.27138917861568973,0.06894410400403443
699,SJSA1,H3K27me3,I-Jockey,-0.03962561393754054,0.6824701143801842,-0.2261133903535393,0.14966414845180445
700,SJSA1,H3K27me3,hAT-Tip100?,-0.3736263736263736,0.002357503717739865,-0.5731417848613526,-0.13229341925967023
701,SJSA1,H3K27me3,TcMar-Pogo,0.10520527859237536,0.5666127257139008,-0.2537022918563536,0.4386499655239717
702,SJSA1,H3K27me3,hAT?,-0.1877769289533995,0.2875736385578908,-0.49686985349981444,0.16359426910800953
703,SJSA1,H3K27me3,hAT-hAT19,0.3411764705882353,0.1959326248678891,-0.20099378276835864,0.7233398097217669
704,SJSA1,H3K4me3,Alu,0.002032247165176413,0.03257919573228253,0.00016855806279006164,0.0038959221502525673
705,SJSA1,H3K4me3,L1,0.0022262100059511607,0.10552086699877436,-0.00046941704067766915,0.004921804699720137
706,SJSA1,H3K4me3,MIR,-6.475431793178955e-05,0.9628710209589855,-0.0027911325436930324,0.0026616248704853895
707,SJSA1,H3K4me3,L2,0.0009785593813411457,0.5587873065655058,-0.0023019699276554434,0.00425906762819011
708,SJSA1,H3K4me3,ERVL-MaLR,0.0015398871093506813,0.4420158338017274,-0.0023859069718031975,0.005465633725919356
709,SJSA1,H3K4me3,hAT-Charlie,-0.0017680469573512477,0.4066307215821342,-0.005943878445162382,0.0024078461924434166
710,SJSA1,H3K4me3,ERV1,0.0024536744432252077,0.42180813062591704,-0.003533122065323319,0.008440295067996413
711,SJSA1,H3K4me3,ERVL,-0.0006718023481491146,0.8296050696627714,-0.006790017352392601,0.005446462951086993
712,SJSA1,H3K4me3,TcMar-Tigger,-0.0013482432039682861,0.6712036416781233,-0.007573159279209633,0.00487677736093307
713,SJSA1,H3K4me3,hAT-Tip100,-0.007088736019333834,0.10203771515200857,-0.015585221001274447,0.0014087726127036838
714,SJSA1,H3K4me3,CR1,-0.001691159771280045,0.720010805103078,-0.010938005529268028,0.007555975198959837
715,SJSA1,H3K4me3,Gypsy,-0.0015533400038573373,0.8457311824723406,-0.017199352572348496,0.014093433111586336
716,SJSA1,H3K4me3,hAT-Blackjack,-0.009924905013591511,0.2230909989874119,-0.025886727586255594,0.006041976990700115
717,SJSA1,H3K4me3,TcMar-Mariner,0.00623669731181652,0.44781983800978487,-0.009867335435099437,0.02233749573406498
718,SJSA1,H3K4me3,RTE-X,-0.0055579475471006995,0.5892969354184574,-0.025731503242349716,0.014620133164593607
719,SJSA1,H3K4me3,ERVK,0.006778536653780103,0.5603046108827516,-0.016033672249001138,0.029583692355214106
720,SJSA1,H3K4me3,TcMar-Tc2,0.0017869649305286704,0.88523112921766,-0.022474871723061646,0.026046698013459522
721,SJSA1,H3K4me3,SVA,-0.01315247573042337,0.3559032751468756,-0.04105684462836354,0.014772394212692172
722,SJSA1,H3K4me3,RTE-BovB,-0.014132483763851452,0.33817481615108147,-0.04303153266880292,0.014790194791741143
723,SJSA1,H3K4me3,tRNA-RTE,0.02612749310820865,0.10395684418001373,-0.005373765512384414,0.05757694748608407
724,SJSA1,H3K4me3,hAT-Ac,0.023873896787175983,0.18804143463297063,-0.011679631620008856,0.05936713741728462
725,SJSA1,H3K4me3,hAT,0.014332965833088372,0.4572689731930878,-0.023460284309389196,0.05208530748776897
726,SJSA1,H3K4me3,MULE-MuDR,-0.011943027532281991,0.5665775790925616,-0.05274637065789436,0.028900128273779517
727,SJSA1,H3K4me3,PiggyBac,-0.018300941882280635,0.40190413883858844,-0.061031126284337024,0.024496199899561272
728,SJSA1,H3K4me3,5S-Deu-L2,0.015618512402891142,0.49785158740882995,-0.029541548955766998,0.06071494224105789
729,SJSA1,H3K4me3,Helitron,0.0205398181581614,0.3980564677044449,-0.02710403282285519,0.06809056391699257
730,SJSA1,H3K4me3,hAT-Tag1,-0.01377328988712149,0.5720849260930158,-0.06148854532130988,0.034004776575185955
731,SJSA1,H3K4me3,tRNA,-0.03285807350008633,0.20266632483534056,-0.08326268798769922,0.01771423761610738
732,SJSA1,H3K4me3,Penelope,0.0038095637247777033,0.9223010518249475,-0.07264463171447012,0.08021924878697397
733,SJSA1,H3K4me3,TcMar-Tc1,0.07870202867149745,0.044388135837588806,0.001870063624376239,0.15461026351159593
734,SJSA1,H3K4me3,Dong-R4,-0.07896519451569824,0.10280270260487218,-0.17260483522554967,0.016088979437048626
735,SJSA1,H3K4me3,tRNA-Deu,0.015803022504694224,0.7473419734494651,-0.08023964314136477,0.11155495778658364
736,SJSA1,H3K4me3,Kolobok,0.048201494069119874,0.36587672810613014,-0.0563771657741809,0.1517339405772525
737,SJSA1,H3K4me3,PIF-Harbinger,0.09410809870466469,0.07914386010151128,-0.011213481144227237,0.1973645133858448
738,SJSA1,H3K4me3,Crypton,-0.008753198067558844,0.8834456527358421,-0.12522512251764864,0.10795671655866126
739,SJSA1,H3K4me3,Merlin,0.027320294941738314,0.692465438537914,-0.1078506369284014,0.16149946344830166
740,SJSA1,H3K4me3,TcMar,-0.0143515747086987,0.8385626134159122,-0.1514311775456145,0.12326962630374463
741,SJSA1,H3K4me3,L1-Tx1,-0.12560424804474757,0.14360753016838873,-0.2878795751750718,0.04368266803348582
742,SJSA1,H3K4me3,Crypton-A,0.043266298598068714,0.6236462950719976,-0.12929786046099992,0.21328687663589105
743,SJSA1,H3K4me3,I-Jockey,-0.042952460383653045,0.6574246198659135,-0.22928552740711178,0.14641743956743747
744,SJSA1,H3K4me3,hAT-Tip100?,-0.22147435897435894,0.07861360291317686,-0.44561256267009475,0.028792388776407895
745,SJSA1,H3K4me3,TcMar-Pogo,-0.012463343108504396,0.9460238322732195,-0.3596068597602821,0.3377107488684162
746,SJSA1,H3K4me3,hAT?,-0.254087089381207,0.14703793164360232,-0.5493386110459726,0.09756788386541117
747,SJSA1,H3K4me3,hAT-hAT19,-0.3058823529411765,0.24925429892891857,-0.70247118185279,0.23565608291162993
748,HAP-1,H3K27ac,Alu,-0.0006673460000398738,0.48431848768242447,-0.0025375491250576913,0.0012028617932901347
749,HAP-1,H3K27ac,L1,-0.0017156438771835873,0.2135650742151408,-0.0044190636735803425,0.000987800997012718
750,HAP-1,H3K27ac,MIR,0.0018921157955431448,0.17421062961915265,-0.0008371229202375163,0.004621326323741778
751,HAP-1,H3K27ac,L2,-0.0014147787398323204,0.3983446729667933,-0.004697934331367581,0.0018684073521604656
752,HAP-1,H3K27ac,ERVL-MaLR,0.0016485916180978138,0.41182828481721245,-0.002288608509439307,0.005585740634725732
753,HAP-1,H3K27ac,hAT-Charlie,0.0028105195192029415,0.18797181305240554,-0.0013733804031383847,0.006994321046688386
754,HAP-1,H3K27ac,ERV1,0.006097715846175418,0.04751639021741835,6.673434890901515e-05,0.012128253778333972
755,HAP-1,H3K27ac,ERVL,0.005002634082334262,0.1098912066015545,-0.0011305805504814377,0.011135472367439428
756,HAP-1,H3K27ac,TcMar-Tigger,0.001948774761974895,0.5402866349491777,-0.004288414808461299,0.008185812710969305
757,HAP-1,H3K27ac,hAT-Tip100,8.560082063522746e-05,0.9842631180222376,-0.00842011989529625,0.008591309150610734
758,HAP-1,H3K27ac,CR1,-0.003637898398466011,0.4411135870145889,-0.012893471676462733,0.005618298215521758
759,HAP-1,H3K27ac,Gypsy,-0.0003804988904225244,0.9620304731801845,-0.01604480413596636,0.015283993083748892
760,HAP-1,H3K27ac,hAT-Blackjack,0.005531330780702971,0.49802607674176824,-0.010468192056878578,0.02152802216037046
761,HAP-1,H3K27ac,TcMar-Mariner,-0.000844480107646675,0.9183094053781039,-0.01698093879641526,0.015292418373832268
762,HAP-1,H3K27ac,RTE-X,0.018824147815641592,0.06771047790697833,-0.001372646301546756,0.03900559103088343
763,HAP-1,H3K27ac,ERVK,-0.011783798806023498,0.31776812895652945,-0.03489025690630323,0.011335250838062402
764,HAP-1,H3K27ac,TcMar-Tc2,0.004461499781856445,0.7188961062586534,-0.01983140594148806,0.028749140675665284
765,HAP-1,H3K27ac,SVA,0.01855124837603375,0.1958540857276724,-0.009563223886710704,0.04663641443566579
766,HAP-1,H3K27ac,RTE-BovB,-0.02148667827731376,0.14575491447624653,-0.050405372659831756,0.007468015689656916
767,HAP-1,H3K27ac,tRNA-RTE,-0.01750039585135751,0.27616175507339213,-0.04896728276475623,0.01400119647234832
768,HAP-1,H3K27ac,hAT-Ac,0.011726865093451734,0.5186856298915377,-0.023887328208677915,0.047311331112589124
769,HAP-1,H3K27ac,hAT,0.012101062876990625,0.5306558423159832,-0.025725839022,0.04989336118330866
770,HAP-1,H3K27ac,MULE-MuDR,0.004267498293872943,0.8379223931517775,-0.03661104476429006,0.04513178361574491
771,HAP-1,H3K27ac,PiggyBac,0.015348050677888898,0.48365218481272954,-0.027600668701085893,0.05824020950215618
772,HAP-1,H3K27ac,5S-Deu-L2,-0.011491429770041623,0.6185252243229311,-0.05667194880187554,0.03373605867165493
773,HAP-1,H3K27ac,Helitron,-0.005708882820440153,0.8150147488710279,-0.053490692843283345,0.04209901019872804
774,HAP-1,H3K27ac,hAT-Tag1,-0.026458321018727797,0.2782876485601398,-0.07418305346673434,0.02138732703393182
775,HAP-1,H3K27ac,tRNA,-0.03488988302041734,0.17640212991581514,-0.08531758115495336,0.015716106172170993
776,HAP-1,H3K27ac,Penelope,-0.05592318471651955,0.15313951306964818,-0.13208243859832583,0.02089244793529363
777,HAP-1,H3K27ac,TcMar-Tc1,0.039164115534507674,0.31953558943525207,-0.03800062848221388,0.11586455628103898
778,HAP-1,H3K27ac,Dong-R4,0.11823661151005127,0.014383701998159634,0.02338408028793563,0.21097942006314535
779,HAP-1,H3K27ac,tRNA-Deu,0.006699689583490946,0.8913731970826105,-0.08927383185982149,0.1025499434472442
780,HAP-1,H3K27ac,Kolobok,-0.005840607664376686,0.91292744949804,-0.1101572051889467,0.09860326372130203
781,HAP-1,H3K27ac,PIF-Harbinger,-0.05713735230911688,0.2871229876910366,-0.16123454426622494,0.04821720825348171
782,HAP-1,H3K27ac,Crypton,-0.017729560991338832,0.7664965524748621,-0.13405900739369286,0.09908187709594256
783,HAP-1,H3K27ac,Merlin,0.15836181529389906,0.02137954763024916,0.022953458872509012,0.2880645194386224
784,HAP-1,H3K27ac,TcMar,-0.052422748107509715,0.45872183684332246,-0.18919720074095486,0.0863471747826522
785,HAP-1,H3K27ac,L1-Tx1,-0.030289700689657657,0.7253152415262936,-0.19704171932453193,0.13816557155773265
786,HAP-1,H3K27ac,Crypton-A,0.012627566851786743,0.8861720148634671,-0.15924957059436945,0.1837617300588367
787,HAP-1,H3K27ac,I-Jockey,-0.009341117597998333,0.9232013965003398,-0.19710051646301865,0.1790792734429287
788,HAP-1,H3K27ac,hAT-Tip100?,0.1415610599078341,0.26842786791854634,-0.11131335681940187,0.3772187066917672
789,HAP-1,H3K27ac,TcMar-Pogo,0.18988269794721407,0.2979168437164334,-0.17324165112215975,0.5075600714475003
790,HAP-1,H3K27ac,hAT?,-0.05347593582887701,0.767564295546312,-0.38984866197088947,0.2954869766435022
791,HAP-1,H3K27ac,hAT-hAT19,-0.11176470588235293,0.6802736949858406,-0.5767137615441166,0.407873364319891
792,HAP-1,H3K4me1,Alu,-0.002380217650255235,0.012622576576052248,-0.004250564992209053,-0.0005098536551079319
793,HAP-1,H3K4me1,L1,0.00012012792881023235,0.9306086885533924,-0.0025836919179815497,0.0028239460191786226
794,HAP-1,H3K4me1,MIR,0.0004346789657584273,0.7549334991342134,-0.0022947119650768423,0.003164063420260855
795,HAP-1,H3K4me1,L2,0.0019510527531925337,0.24414030806462933,-0.001332194559515044,0.005234258002701761
796,HAP-1,H3K4me1,ERVL-MaLR,0.0028228363070403563,0.1599639733198801,-0.0011144697943874032,0.006760054888357709
797,HAP-1,H3K4me1,hAT-Charlie,0.0024359845785633535,0.2538045438166239,-0.0017478863556991888,0.006619770231329438
798,HAP-1,H3K4me1,ERV1,-0.0018736021693501758,0.5426119951013758,-0.007904645901609936,0.004157577865362355
799,HAP-1,H3K4me1,ERVL,-0.009342040687126452,0.002830936361083484,-0.01547430934166733,-0.0032090692811084435
800,HAP-1,H3K4me1,TcMar-Tigger,0.0013115630120246146,0.6802192654651804,-0.004925295695068764,0.007548319685189288
801,HAP-1,H3K4me1,hAT-Tip100,0.0034674436433780576,0.4242719225677203,-0.005037964536981742,0.011972350163899881
802,HAP-1,H3K4me1,CR1,0.013062279255284607,0.0056741874289947146,0.00380647110509827,0.022315849474245582
803,HAP-1,H3K4me1,Gypsy,0.005215286749371945,0.5140590717508344,-0.010449573445801327,0.02087758775713957
804,HAP-1,H3K4me1,hAT-Blackjack,-0.016827121495485715,0.03924365553013032,-0.03281682735973491,-0.0008288041552108398
805,HAP-1,H3K4me1,TcMar-Mariner,0.003090399898450957,0.7074775586915304,-0.013050806573023307,0.01922999617859423
806,HAP-1,H3K4me1,RTE-X,0.008318845117706858,0.4194159531308055,-0.01187476752325275,0.028505675017653054
807,HAP-1,H3K4me1,ERVK,0.0029357702881032963,0.803591268903743,-0.02019851450710961,0.026066913063089246
808,HAP-1,H3K4me1,TcMar-Tc2,0.0022983519444078775,0.8529216382586625,-0.021997275910493136,0.026591266756938715
809,HAP-1,H3K4me1,SVA,-0.0016922992382558725,0.9060718324316809,-0.029795081059805023,0.0264131558871968
810,HAP-1,H3K4me1,RTE-BovB,0.03139099921197249,0.03356331108724656,0.0024362197082688232,0.060293187369895467
811,HAP-1,H3K4me1,tRNA-RTE,-0.02247322784168932,0.16207386338610702,-0.05393861330954413,0.009036743358790632
812,HAP-1,H3K4me1,hAT-Ac,0.015920379262268004,0.38093066487184235,-0.01969603616455011,0.051496439298755296
813,HAP-1,H3K4me1,hAT,-0.04050073049272155,0.035722371967924514,-0.07819613209786906,-0.0026896876196526734
814,HAP-1,H3K4me1,MULE-MuDR,-0.02179139186973523,0.2959818643363329,-0.06259471262191152,0.019084654201568123
815,HAP-1,H3K4me1,PiggyBac,0.02272660643163675,0.29961963802425945,-0.020226673731227284,0.06559614637117532
816,HAP-1,H3K4me1,5S-Deu-L2,0.009366358795300116,0.6849289916141468,-0.035870327245072775,0.05456474009283921
817,HAP-1,H3K4me1,Helitron,0.026663171811324254,0.2744392406164205,-0.021168307742022257,0.07437287270881922
818,HAP-1,H3K4me1,hAT-Tag1,-0.006138534830767576,0.8014313633500156,-0.053933390759121694,0.041684383724277234
819,HAP-1,H3K4me1,tRNA,-0.014420049650554467,0.576429106617049,-0.06493821985273515,0.036171845695489084
820,HAP-1,H3K4me1,Penelope,-0.06027013492593027,0.12419541198189706,-0.13649121627113425,0.016660338131575598
821,HAP-1,H3K4me1,TcMar-Tc1,-0.012883610583949117,0.7432163743004276,-0.08975904945744692,0.06414443589237391
822,HAP-1,H3K4me1,Dong-R4,0.09668872484514687,0.045592334395201356,0.0016975700152812815,0.18995057227292692
823,HAP-1,H3K4me1,tRNA-Deu,-0.0009094378203730766,0.9852098029576829,-0.09681609601320605,0.09501395348180297
824,HAP-1,H3K4me1,Kolobok,0.015796703530955927,0.7674142231630484,-0.08873896464403001,0.11998817909969368
825,HAP-1,H3K4me1,PIF-Harbinger,-0.08136892514252356,0.12922623930311347,-0.18493899236248776,0.023988757215754285
826,HAP-1,H3K4me1,Crypton,0.016663770112161698,0.7801629697478665,-0.10013634271296523,0.13301085743434046
827,HAP-1,H3K4me1,Merlin,0.03501763848165723,0.6130011943844045,-0.10056762890977143,0.16932598138092544
828,HAP-1,H3K4me1,TcMar,-0.05226623512930295,0.4600661375693338,-0.18904532270396304,0.0865023810365807
829,HAP-1,H3K4me1,L1-Tx1,0.09259827527475388,0.2818295838160838,-0.07666263480573207,0.25667157479352826
830,HAP-1,H3K4me1,Crypton-A,0.028041686185768654,0.7505317710157777,-0.14421062620682903,0.19864459381010224
831,HAP-1,H3K4me1,I-Jockey,0.0331850616254286,0.731927783097721,-0.15594087983362445,0.21996391194181777
832,HAP-1,H3K4me1,hAT-Tip100?,0.032882104454685104,0.7980771753401481,-0.21671314321751206,0.2784422583100076
833,HAP-1,H3K4me1,TcMar-Pogo,0.2877565982404692,0.11026087889714203,-0.07515343689205745,0.583354495302774
834,HAP-1,H3K4me1,hAT?,-0.04679144385026738,0.7959642889922955,-0.3840999078847224,0.3015365735608944
835,HAP-1,H3K4me1,hAT-hAT19,-0.24705882352941175,0.35627504151257705,-0.6663264868255478,0.290901544635157
836,HAP-1,H3K9me3,Alu,-0.0004611923310996341,0.6287510826798589,-0.0023307803834940006,0.0014083989453669565
837,HAP-1,H3K9me3,L1,0.0021415123774097206,0.12049566727995066,-0.0005617162785816589,0.0048447097356513905
838,HAP-1,H3K9me3,MIR,-2.7091783517319557e-06,0.9984474980450782,-0.002731639510600182,0.002726221194247551
839,HAP-1,H3K9me3,L2,0.0019819989420038478,0.2367138777058292,-0.0013010641544579226,0.005265019312889556
840,HAP-1,H3K9me3,ERVL-MaLR,-0.0022314267122663387,0.26653853007205336,-0.006167678565224275,0.0017048942900526134
841,HAP-1,H3K9me3,hAT-Charlie,0.0027298355367539363,0.20087619477222018,-0.0014532352743857435,0.006912810815594572
842,HAP-1,H3K9me3,ERV1,0.004226993501340151,0.1694810149737908,-0.0018032650936274563,0.010256944685545177
843,HAP-1,H3K9me3,ERVL,-0.0029233970044497647,0.35005096557393656,-0.009054618507786057,0.003208044300606403
844,HAP-1,H3K9me3,TcMar-Tigger,7.634744861586786e-05,0.9808572491164198,-0.006160029207106424,0.006312718165673707
845,HAP-1,H3K9me3,hAT-Tip100,0.0047326756096927585,0.2754612089245834,-0.003772918094625201,0.013237584581790494
846,HAP-1,H3K9me3,CR1,-0.003045424268089162,0.5190186620339079,-0.012301075790087565,0.006210749073406227
847,HAP-1,H3K9me3,Gypsy,-0.005921558744678074,0.45873987650277204,-0.021583093984779114,0.00974288205974674
848,HAP-1,H3K9me3,hAT-Blackjack,-0.013087762801329022,0.10886116316831329,-0.02908083255485126,0.0029120060350134227
849,HAP-1,H3K9me3,TcMar-Mariner,0.010349576536264572,0.20842751171495957,-0.005777033662644709,0.026470804777067092
850,HAP-1,H3K9me3,RTE-X,-0.0037210637532025196,0.7179904747778654,-0.02391167728927775,0.01647258414504495
851,HAP-1,H3K9me3,ERVK,0.012246953675063774,0.2989843681989965,-0.010865720089468211,0.03534654834252209
852,HAP-1,H3K9me3,TcMar-Tc2,0.004881817564197813,0.6936959795012367,-0.019411264653999782,0.029169138964705042
853,HAP-1,H3K9me3,SVA,-0.008558650997473272,0.5504230121734317,-0.03663721709868153,0.019533417964141615
854,HAP-1,H3K9me3,RTE-BovB,0.012336638477835891,0.40378707459149743,-0.01662658741422241,0.04127917837052157
855,HAP-1,H3K9me3,tRNA-RTE,-0.00038943873759792114,0.9806755090022385,-0.031892716510223365,0.031114612056133605
856,HAP-1,H3K9me3,hAT-Ac,-0.010881823346754893,0.5491316289513217,-0.04645613775780216,0.024720058259870087
857,HAP-1,H3K9me3,hAT,-0.019278913987978215,0.3178067847075461,-0.057054573690388216,0.018551868529768735
858,HAP-1,H3K9me3,MULE-MuDR,-0.023751195267076353,0.2550732950804615,-0.06458398038517998,0.017160990163429975
859,HAP-1,H3K9me3,PiggyBac,-0.005973747907786089,0.7851523028312245,-0.04888960142009438,0.03696412222407009
860,HAP-1,H3K9me3,5S-Deu-L2,-0.004368725132069348,0.8498195036119703,-0.04955560533750095,0.040836003059731486
861,HAP-1,H3K9me3,Helitron,-0.026340406485635143,0.28014955427658916,-0.07403729361307627,0.021476714658461356
862,HAP-1,H3K9me3,hAT-Tag1,-0.029039264427304465,0.234056163394111,-0.07675297806759761,0.018807150340646533
863,HAP-1,H3K9me3,tRNA,-0.012423358839224763,0.6303364201834472,-0.06294865947178858,0.03816546018704926
864,HAP-1,H3K9me3,Penelope,-0.05084059540235641,0.19445103592044635,-0.12711881145180562,0.026035420802669157
865,HAP-1,H3K9me3,TcMar-Tc1,0.00043976255247798893,0.9910854899295547,-0.07658349703247211,0.07745780463461202
866,HAP-1,H3K9me3,Dong-R4,-0.047893571575636056,0.3229080392606566,-0.14208898504470066,0.04716146770926403
867,HAP-1,H3K9me3,tRNA-Deu,-0.04419645992910622,0.36741109560157026,-0.13956615960769783,0.05198564235808329
868,HAP-1,H3K9me3,Kolobok,0.033889656055842377,0.5256549028760725,-0.07077339753882478,0.13781461932039335
869,HAP-1,H3K9me3,PIF-Harbinger,0.0353242364778456,0.5106994169194471,-0.069947827178156,0.13981817531547727
870,HAP-1,H3K9me3,Crypton,-0.05670399273173959,0.3418827403788458,-0.17225457100697747,0.060385923254467726
871,HAP-1,H3K9me3,Merlin,0.08795096610989266,0.20321696547157306,-0.04794601184858052,0.2206510798230684
872,HAP-1,H3K9me3,TcMar,-0.04784456150312675,0.49893500080008,-0.18475255660121584,0.09088504536809772
873,HAP-1,H3K9me3,L1-Tx1,0.2070737419181935,0.015186343104746914,0.03897178324921794,0.3637773944364873
874,HAP-1,H3K9me3,Crypton-A,0.012648919744370614,0.8859808338417844,-0.15922877860651533,0.18378238769877775
875,HAP-1,H3K9me3,I-Jockey,-0.0285886386803818,0.7679225238804246,-0.21556841186049544,0.160413407128153
876,HAP-1,H3K9me3,hAT-Tip100?,0.10311355311355311,0.4174721024856892,-0.14705840747211218,0.34088644576718663
877,HAP-1,H3K9me3,TcMar-Pogo,0.19868035190615835,0.27566784728032534,-0.16465921537121495,0.5145426032167149
878,HAP-1,H3K9me3,hAT?,-0.0554812834224599,0.7591000300292163,-0.39156949449131884,0.293668030883818
879,HAP-1,H3K9me3,hAT-hAT19,-0.5147058823529412,0.04134580644224894,-0.8169542300636211,0.009368622988875875
880,HAP-1,H3K36me3,Alu,-0.0007353032086135614,0.4407782446590516,-0.0026048090438217575,0.0011342077664575445
881,HAP-1,H3K36me3,L1,2.2736321263245597e-05,0.9868461170492261,-0.002680187950391548,0.0027256602607040655
882,HAP-1,H3K36me3,MIR,0.0021899812236381953,0.1157031075465957,-0.0005386303231016087,0.004918560160385061
883,HAP-1,H3K36me3,L2,0.0013057134941213693,0.435681488343164,-0.0019773293644992046,0.004588728206007888
884,HAP-1,H3K36me3,ERVL-MaLR,-0.0027328389670594837,0.17355306830708325,-0.006668662976366802,0.0012030697119368786
885,HAP-1,H3K36me3,hAT-Charlie,0.00022962195865644825,0.9143127998445464,-0.00395298062394266,0.004412216507181991
886,HAP-1,H3K36me3,ERV1,-0.0023542573440654174,0.4439962405305663,-0.008382164505944352,0.003673820910629033
887,HAP-1,H3K36me3,ERVL,-7.999076514808274e-05,0.9796018347608887,-0.006211748490973071,0.006051772975740861
888,HAP-1,H3K36me3,TcMar-Tigger,-0.0007385649699748512,0.8164380825121021,-0.006974497046436326,0.005497424547975791
889,HAP-1,H3K36me3,hAT-Tip100,0.002097011183983885,0.6289092478802916,-0.006407785968266085,0.01060150498547841
890,HAP-1,H3K36me3,CR1,0.001517057198039573,0.7480268576086777,-0.007738723971584076,0.01077257844334657
891,HAP-1,H3K36me3,Gypsy,-0.0066428939511031055,0.40587141381347824,-0.022304145783477225,0.009021617372404592
892,HAP-1,H3K36me3,hAT-Blackjack,-0.010561265127667491,0.19557012543423358,-0.026549841128525615,0.005432712948905935
893,HAP-1,H3K36me3,TcMar-Mariner,0.011091585475233638,0.1778493170322166,-0.005043219859972839,0.027220617178653976
894,HAP-1,H3K36me3,RTE-X,0.029046148049457862,0.0048121987194253354,0.008852600162793734,0.04921601489664504
895,HAP-1,H3K36me3,ERVK,0.02985292730861703,0.011318725191294692,0.006748522581655108,0.05292547579776907
896,HAP-1,H3K36me3,TcMar-Tc2,0.019467312689345265,0.11634124033925236,-0.004833508675511469,0.043745155025979664
897,HAP-1,H3K36me3,SVA,-0.0012403667769132634,0.9310463833277085,-0.029329099321587802,0.02685032314862333
898,HAP-1,H3K36me3,RTE-BovB,0.016962062791916255,0.25068337398494467,-0.01198314286271905,0.045878865686421716
899,HAP-1,H3K36me3,tRNA-RTE,0.012918775510406384,0.4215991895183968,-0.01858970201131205,0.04440161851169284
900,HAP-1,H3K36me3,hAT-Ac,0.001536760361596643,0.9325582633598997,-0.03404464610953975,0.03711427605966267
901,HAP-1,H3K36me3,hAT,-0.0007904215658408397,0.9673086866432591,-0.03857490316202863,0.03699631708422344
902,HAP-1,H3K36me3,MULE-MuDR,0.016933912755552217,0.41704302120970116,-0.02396646833827324,0.05777770052131854
903,HAP-1,H3K36me3,PiggyBac,-0.01694355999777271,0.439145945338559,-0.05981057986098797,0.025985838728583007
904,HAP-1,H3K36me3,5S-Deu-L2,0.010265577833065434,0.6562782815231134,-0.03493625409050816,0.0554254948660791
905,HAP-1,H3K36me3,Helitron,-0.038874242834310374,0.11088911352770857,-0.08651331787706097,0.008942205973135721
906,HAP-1,H3K36me3,hAT-Tag1,-0.008046163611548576,0.7416624352098939,-0.05583569152555561,0.03978014725571318
907,HAP-1,H3K36me3,tRNA,-0.009769245707400757,0.7051086938251371,-0.060303558152386784,0.04081501659590003
908,HAP-1,H3K36me3,Penelope,-0.021988758720105226,0.5748731926766277,-0.09855672723194925,0.05483803141531839
909,HAP-1,H3K36me3,TcMar-Tc1,0.0023246838261442907,0.9528658107349476,-0.0746500366261892,0.07927186598160692
910,HAP-1,H3K36me3,Dong-R4,0.006702821003286306,0.8900309417045785,-0.08814104324841945,0.1014262444205646
911,HAP-1,H3K36me3,tRNA-Deu,-0.026739032833023296,0.585656385906318,-0.12235729120007126,0.0693710340218186
912,HAP-1,H3K36me3,Kolobok,-0.0069564040746387555,0.8963789447294219,-0.11125974050129642,0.09749851969137936
913,HAP-1,H3K36me3,PIF-Harbinger,0.008537009244960493,0.8737356638158962,-0.09653149469420302,0.11341735026613743
914,HAP-1,H3K36me3,Crypton,-0.0012841906495003163,0.9828405627987458,-0.11786410879916745,0.11533064456781213
915,HAP-1,H3K36me3,Merlin,0.030268693820357042,0.6619905940336026,-0.1052608685653964,0.16469433542145664
916,HAP-1,H3K36me3,TcMar,-0.0389451607655561,0.5821214712573518,-0.17610068462606568,0.09969370408925515
917,HAP-1,H3K36me3,L1-Tx1,0.08156050298953967,0.3433973655568636,-0.08762902836059125,0.2461764784846834
918,HAP-1,H3K36me3,Crypton-A,0.014084901770635939,0.8731395107597635,-0.15783025572847684,0.185171354620025
919,HAP-1,H3K36me3,I-Jockey,0.0038921323324993054,0.9679602044960018,-0.18434524779968461,0.19185408959369799
920,HAP-1,H3K36me3,hAT-Tip100?,0.08659754224270354,0.49976978123838434,-0.16516233667831184,0.327762320930831
921,HAP-1,H3K36me3,TcMar-Pogo,0.23936950146627564,0.18700754816427156,-0.12438021781848738,0.5464024030933831
922,HAP-1,H3K36me3,hAT?,-0.1985294117647059,0.2680520068083983,-0.5098660470040057,0.15879124100692965
923,HAP-1,H3K36me3,hAT-hAT19,-0.0823529411764706,0.761733078752474,-0.5560223806309977,0.43169432608080366
924,HAP-1,H3K27me3,Alu,-0.0011797656654035627,0.21615599754088127,-0.0030493180824041357,0.0006897949987406905
925,HAP-1,H3K27me3,L1,-0.0010806386876748672,0.4333693289530324,-0.0037841053016222175,0.001622843722579763
926,HAP-1,H3K27me3,MIR,0.00045615124802639187,0.7431800335430883,-0.0022725308199001127,0.0031848265232323814
927,HAP-1,H3K27me3,L2,0.0018657841084621825,0.26534226122923193,-0.0014173018660031756,0.005148829861999394
928,HAP-1,H3K27me3,ERVL-MaLR,-0.0018647728710233145,0.35311553018230657,-0.005800788772549738,0.0020713008104997427
929,HAP-1,H3K27me3,hAT-Charlie,-0.00014799720133149827,0.9447131681071178,-0.004330821865288064,0.004034832641356223
930,HAP-1,H3K27me3,ERV1,-0.006711713243822094,0.029123449819071022,-0.012740538165522949,-0.0006824003629934217
931,HAP-1,H3K27me3,ERVL,0.00035925438493748373,0.908573872792984,-0.005772189234771739,0.006490670992711803
932,HAP-1,H3K27me3,TcMar-Tigger,-0.0022062531185843854,0.4880663260118555,-0.008442391989134544,0.0040300573573668055
933,HAP-1,H3K27me3,hAT-Tip100,0.0013192149114004486,0.7610975548138876,-0.007184902463525831,0.009823141478998597
934,HAP-1,H3K27me3,CR1,0.0017241867961515257,0.7150256454734377,-0.007531297851689067,0.010979376051079992
935,HAP-1,H3K27me3,Gypsy,-0.022551624902391387,0.0047702552901319585,-0.038203019639433636,-0.0068891679604683774
936,HAP-1,H3K27me3,hAT-Blackjack,-0.0067369653156285824,0.40911078876786,-0.022729974585157662,0.009259491165929631
937,HAP-1,H3K27me3,TcMar-Mariner,0.00839424603689075,0.3078120059167816,-0.007738853315722566,0.02452297660836719
938,HAP-1,H3K27me3,RTE-X,0.004049335888971811,0.6942994234474509,-0.016143335560413943,0.024238705639493048
939,HAP-1,H3K27me3,ERVK,0.007654630104545296,0.516421081033736,-0.015466821139064455,0.030767899411338777
940,HAP-1,H3K27me3,TcMar-Tc2,-0.014574248791438376,0.23954894907440122,-0.03884682900585462,0.009715520310263168
941,HAP-1,H3K27me3,SVA,0.020711609231265138,0.14862391369605313,-0.007396998334268295,0.048787512617858304
942,HAP-1,H3K27me3,RTE-BovB,0.019740967872795296,0.18129766379602946,-0.009207508563183824,0.048656382785635006
943,HAP-1,H3K27me3,tRNA-RTE,0.00023942049860170653,0.9881142943933656,-0.03125228158795253,0.03173064771260013
944,HAP-1,H3K27me3,hAT-Ac,0.030863167988543497,0.0893454415315802,-0.00475352338041562,0.06640165393425157
945,HAP-1,H3K27me3,hAT,-0.022211085535633602,0.24975432076226317,-0.05997910945935869,0.015620441091462881
946,HAP-1,H3K27me3,MULE-MuDR,0.017388855868065416,0.40473926096734103,-0.02352071347909072,0.05824028662169998
947,HAP-1,H3K27me3,PiggyBac,0.012788928313338667,0.5593688247967057,-0.030147087394513338,0.05567783523598406
948,HAP-1,H3K27me3,5S-Deu-L2,-0.021700911792547406,0.3468768417192042,-0.06683711318073571,0.02352392649936906
949,HAP-1,H3K27me3,Helitron,-0.01765514107746197,0.4690504645359004,-0.06537134140716169,0.030141615803151476
950,HAP-1,H3K27me3,hAT-Tag1,0.0046218375865252105,0.8498142820628987,-0.04319819795709112,0.052420743990758474
951,HAP-1,H3K27me3,tRNA,0.028647639328973136,0.26702874828888695,-0.021957424450376427,0.07910628157884186
952,HAP-1,H3K27me3,Penelope,-0.11213506654315583,0.004117096300589826,-0.187481897999058,-0.035476356931244034
953,HAP-1,H3K27me3,TcMar-Tc1,0.008679335762821153,0.8252024126332751,-0.06826967245366676,0.08552569006890176
954,HAP-1,H3K27me3,Dong-R4,-0.07148423221173128,0.13982536348852254,-0.16527007166436045,0.02358285357595777
955,HAP-1,H3K27me3,tRNA-Deu,-0.01591368309584531,0.7456335035088042,-0.11166435076339523,0.08012975026609118
956,HAP-1,H3K27me3,Kolobok,0.08717043565255946,0.10154286233238471,-0.017419680438546047,0.18987349095875708
957,HAP-1,H3K27me3,PIF-Harbinger,0.041872024610917796,0.43552645048158967,-0.06343268568959279,0.14625460547320296
958,HAP-1,H3K27me3,Crypton,-0.050472584012179085,0.3976299852761541,-0.16616516605254467,0.06659062490177708
959,HAP-1,H3K27me3,Merlin,0.09875952583531591,0.15284903066904978,-0.03713044125934712,0.23106336730806423
960,HAP-1,H3K27me3,TcMar,-0.12197129188387164,0.08376578340649472,-0.2561984690879853,0.016870746011090742
961,HAP-1,H3K27me3,L1-Tx1,0.05841618469677967,0.497734674829024,-0.11052335800992318,0.22407482631632317
962,HAP-1,H3K27me3,Crypton-A,0.07992120782985636,0.3641817480721776,-0.09315152354757254,0.24830574284528026
963,HAP-1,H3K27me3,I-Jockey,0.03375961449355945,0.727467249634129,-0.1553814054662486,0.22051295060052176
964,HAP-1,H3K27me3,hAT-Tip100?,-0.07210061443932413,0.5744208382919012,-0.3145479954267397,0.17917766679907257
965,HAP-1,H3K27me3,TcMar-Pogo,0.21847507331378296,0.2296390675865131,-0.14518618511104342,0.5301313117362954
966,HAP-1,H3K27me3,hAT?,-0.19385026737967917,0.2797231598232803,-0.5061347503038826,0.16337295825234227
967,HAP-1,H3K27me3,hAT-hAT19,0.09705882352941177,0.7206513082372035,-0.4198497353097381,0.5664229902492608
968,HAP-1,H3K4me3,Alu,-0.0025377719075872617,0.007829943966729543,-0.004408138902298867,-0.0006673871569564037
969,HAP-1,H3K4me3,L1,0.0019105691963386545,0.16607789321772845,-0.0007933129706367398,0.004614423427239031
970,HAP-1,H3K4me3,MIR,-0.0015362754784792587,0.26995566772325424,-0.004265716092644379,0.001193188025963513
971,HAP-1,H3K4me3,L2,-0.002099323756303058,0.21014057893888685,-0.005382613456009444,0.0011840112056102194
972,HAP-1,H3K4me3,ERVL-MaLR,-0.0027179797819098747,0.1760465940745742,-0.006655106376790962,0.0012192310780205792
973,HAP-1,H3K4me3,hAT-Charlie,0.0022874068653668477,0.2839388416856468,-0.001896625732511441,0.006471359377080735
974,HAP-1,H3K4me3,ERV1,0.0017741689376494108,0.5642401996746029,-0.004257009120845935,0.007805217927324468
975,HAP-1,H3K4me3,ERVL,-0.006221656341282329,0.04676901053814826,-0.01235396553637716,-8.887915889983986e-05
976,HAP-1,H3K4me3,TcMar-Tigger,0.004660520444033688,0.14307610503209087,-0.0015770698041244811,0.010897748046701948
977,HAP-1,H3K4me3,hAT-Tip100,0.002322766275059848,0.5925442962931521,-0.00618420351838824,0.010829399889594506
978,HAP-1,H3K4me3,CR1,-0.008191656384091266,0.08280113602166345,-0.017446052869240208,0.001064143538070431
979,HAP-1,H3K4me3,Gypsy,-0.004410767550614548,0.5810019795184289,-0.020071856645033866,0.01125248554024199
980,HAP-1,H3K4me3,hAT-Blackjack,0.013989414180599524,0.08659669057938396,-0.0020118921276680336,0.02998355854395949
981,HAP-1,H3K4me3,TcMar-Mariner,0.00601446003887096,0.46525268248029983,-0.010128828405043895,0.022154614172166086
982,HAP-1,H3K4me3,RTE-X,0.0033543258894812664,0.7448025473004838,-0.016842427744898816,0.023548343345326603
983,HAP-1,H3K4me3,ERVK,-0.02110763678479354,0.07362460963936283,-0.044213439208467445,0.0020207355198374774
984,HAP-1,H3K4me3,TcMar-Tc2,0.017117451638404214,0.16739218678942053,-0.007185417323637733,0.041400111351472035
985,HAP-1,H3K4me3,SVA,-0.017196458296733153,0.23058405506887258,-0.0452866015817562,0.010920857217101978
986,HAP-1,H3K4me3,RTE-BovB,-0.0075897731211198175,0.6074374926800166,-0.0365320298598146,0.02136520515039498
987,HAP-1,H3K4me3,tRNA-RTE,0.0012400054279576604,0.9385003370288898,-0.03025265402626759,0.032730205426476436
988,HAP-1,H3K4me3,hAT-Ac,-0.04143972921643236,0.02249761274805062,-0.07693857606000347,-0.005835951408086027
989,HAP-1,H3K4me3,hAT,-0.0075457788405123485,0.6958742225922674,-0.045354159239539754,0.03028418808834308
990,HAP-1,H3K4me3,MULE-MuDR,0.016342825308817664,0.4330917980099115,-0.024521605603822147,0.05715273266094575
991,HAP-1,H3K4me3,PiggyBac,0.003433439772857924,0.8755239558678958,-0.03951082033614269,0.046365039501738904
992,HAP-1,H3K4me3,5S-Deu-L2,0.006301683866963093,0.7848664699490082,-0.038930360729468254,0.05150795642478856
993,HAP-1,H3K4me3,Helitron,0.03640156196818789,0.13562245372153392,-0.011430154788958024,0.0840670729576356
994,HAP-1,H3K4me3,hAT-Tag1,-0.0160777797407346,0.5100619708345249,-0.06384202220418342,0.03175995502431577
995,HAP-1,H3K4me3,tRNA,-0.02619316791354468,0.3100398961153654,-0.07664640706490473,0.024393867619928938
996,HAP-1,H3K4me3,Penelope,-0.05184377155440811,0.18578204746079735,-0.12811020485268415,0.025032226212302996
997,HAP-1,H3K4me3,TcMar-Tc1,0.029583232422585884,0.4521853356684913,-0.0475626084012389,0.10637823949307172
998,HAP-1,H3K4me3,Dong-R4,0.01471871718724517,0.7614104637322605,-0.08018506690611046,0.10935804782781873
999,HAP-1,H3K4me3,tRNA-Deu,0.004246096996023709,0.9310275526298704,-0.09170676540452798,0.10012083442740473
1000,HAP-1,H3K4me3,Kolobok,0.022170690941877274,0.6776186975254515,-0.08226731839274502,0.12612704935882826
1001,HAP-1,H3K4me3,PIF-Harbinger,-0.11676712400329893,0.029181204530132437,-0.21940322447026323,-0.011574811482348618
1002,HAP-1,H3K4me3,Crypton,0.001245011054339309,0.9833640063920361,-0.1153693000530535,0.11782547038331015
1003,HAP-1,H3K4me3,Merlin,0.07624371571352802,0.27023107125803475,-0.05963359548455732,0.20934705593400527
1004,HAP-1,H3K4me3,TcMar,-0.05084233101129165,0.4723961329270686,-0.18766335956475355,0.08791416423466585
1005,HAP-1,H3K4me3,L1-Tx1,0.1146691527110237,0.18211343799487525,-0.05464054335578726,0.2775692876432119
1006,HAP-1,H3K4me3,Crypton-A,0.10936417759144157,0.21369579636581737,-0.06386481704380534,0.2761954009544306
1007,HAP-1,H3K4me3,I-Jockey,-0.04635344268371792,0.6322073981152181,-0.23252528792787222,0.14309521568933606
1008,HAP-1,H3K4me3,hAT-Tip100?,0.005952380952380953,0.9630712513662854,-0.24217191175346894,0.2533458818438932
1009,HAP-1,H3K4me3,TcMar-Pogo,0.16092375366568912,0.37893593799187797,-0.2011876792761158,0.48434062470361905
1010,HAP-1,H3K4me3,hAT?,-0.13836898395721925,0.44253145035519226,-0.4611806765502379,0.2167898779639416
1011,HAP-1,H3K4me3,hAT-hAT19,-0.011764705882352941,0.9655081698956276,-0.5045417383784665,0.48679378978142623
1012,HL-60,H3K27ac,Alu,0.0019694451892674613,0.03883244685117567,0.00010104090915109819,0.0038378357190231587
1013,HL-60,H3K27ac,L1,-0.0024629565511748172,0.07405329986497595,-0.005165354453880522,0.00023947732594688362
1014,HL-60,H3K27ac,MIR,-0.0014955823877065301,0.28263790846467723,-0.004223833339258518,0.0012326908283730167
1015,HL-60,H3K27ac,L2,-0.0009843222906372995,0.5567024760298019,-0.004266729890948592,0.0022981065204013733
1016,HL-60,H3K27ac,ERVL-MaLR,-0.001116959082630284,0.5779121713749257,-0.005051240259890143,0.002817356672831697
1017,HL-60,H3K27ac,hAT-Charlie,0.0038808065781492152,0.06891551510430817,-0.0003008226503835717,0.008062300089296672
1018,HL-60,H3K27ac,ERV1,0.0007184540487141555,0.8151679064872018,-0.005305287048317452,0.006742143007303437
1019,HL-60,H3K27ac,ERVL,0.0038906830748504117,0.21339041557083208,-0.002237796160426681,0.010018870065084836
1020,HL-60,H3K27ac,TcMar-Tigger,0.0034082584453124926,0.2838493720700862,-0.002824849684241449,0.009641101750202535
1021,HL-60,H3K27ac,hAT-Tip100,0.007711391121806023,0.07543825128334045,-0.000790339751415349,0.01621200732502256
1022,HL-60,H3K27ac,CR1,0.0018438926069345527,0.696145258695635,-0.00741005176343308,0.01109752118172495
1023,HL-60,H3K27ac,Gypsy,-0.001897119623911298,0.8123156766409516,-0.017555512295511756,0.013762203397851714
1024,HL-60,H3K27ac,hAT-Blackjack,-0.004083769059620671,0.616909880517732,-0.0200820638028931,0.01191661643580553
1025,HL-60,H3K27ac,TcMar-Mariner,0.004278214484026198,0.603073425148783,-0.011847345179915683,0.02040154945454128
1026,HL-60,H3K27ac,RTE-X,-0.011673063772831184,0.25713114473728044,-0.03185429962451807,0.008517686322009055
1027,HL-60,H3K27ac,ERVK,-0.015591743526489565,0.18579225989374976,-0.03867351014860597,0.007506652670269365
1028,HL-60,H3K27ac,TcMar-Tc2,-0.030764087059135137,0.012991071722149042,-0.0550044653629516,-0.006487466695646118
1029,HL-60,H3K27ac,SVA,0.0023171953922190296,0.8715173037491716,-0.025759848782864646,0.030390586638166333
1030,HL-60,H3K27ac,RTE-BovB,-0.0034654646586480633,0.8144654801625122,-0.03239954574560416,0.025474420104548475
1031,HL-60,H3K27ac,tRNA-RTE,0.005182062205502988,0.7471530343466326,-0.026317976244439604,0.036671819908175265
1032,HL-60,H3K27ac,hAT-Ac,0.017615216714691538,0.3319904268233017,-0.01797833354080725,0.05316417558521053
1033,HL-60,H3K27ac,hAT,-0.004073756374746852,0.8327092139638468,-0.04185309834257323,0.03371721813795235
1034,HL-60,H3K27ac,MULE-MuDR,-0.017613473117697506,0.3982860633507571,-0.0584287995376411,0.023260640312061518
1035,HL-60,H3K27ac,PiggyBac,0.020415693080433055,0.3513473524055941,-0.022526228118713115,0.06328242135368448
1036,HL-60,H3K27ac,5S-Deu-L2,-0.020951007295917767,0.3639260414538238,-0.06610181643526723,0.02428542267428737
1037,HL-60,H3K27ac,Helitron,-0.03939273730925631,0.10589330207860263,-0.08698684766038967,0.008380789023029139
1038,HL-60,H3K27ac,hAT-Tag1,0.06706444534747386,0.0059172438168777815,0.01929090597312689,0.11453244450490904
1039,HL-60,H3K27ac,tRNA,-0.030499339524489594,0.23700998001955617,-0.0809156189500825,0.020072609960659085
1040,HL-60,H3K27ac,Penelope,-0.046510602040746356,0.23455221056261558,-0.12272207566648931,0.030246201972387612
1041,HL-60,H3K27ac,TcMar-Tc1,-0.0020288303391326787,0.9588587023205883,-0.0789778386888145,0.07494421163062619
1042,HL-60,H3K27ac,Dong-R4,0.032769024007046524,0.49895821480648084,-0.06223643388489693,0.1271859654777702
1043,HL-60,H3K27ac,tRNA-Deu,-0.03491460773205194,0.4765203131356056,-0.13042184425710435,0.06123464962016687
1044,HL-60,H3K27ac,Kolobok,0.02984348015018567,0.5751821007706877,-0.0744990575873345,0.13353963406999256
1045,HL-60,H3K27ac,PIF-Harbinger,0.03000275594571612,0.5764260846422832,-0.07523781177944149,0.13458230730146573
1046,HL-60,H3K27ac,Crypton,0.08665546959735806,0.14593103304697988,-0.030467145166240633,0.2014306777591463
1047,HL-60,H3K27ac,Merlin,0.07132103696374449,0.3024669962352727,-0.06453958867436375,0.20458586071811194
1048,HL-60,H3K27ac,TcMar,-0.04577033554829218,0.5187990976770962,-0.18307631347122139,0.09328713629862678
1049,HL-60,H3K27ac,L1-Tx1,0.14662268672824114,0.0873208624979749,-0.022531686745033627,0.307615749013065
1050,HL-60,H3K27ac,Crypton-A,-0.07279201081841641,0.4086597045063165,-0.2415206173724848,0.10020885916493683
1051,HL-60,H3K27ac,I-Jockey,-0.060680196460012985,0.5307942296584618,-0.24613890797249063,0.12906495718694963
1052,HL-60,H3K27ac,hAT-Tip100?,0.07526223776223777,0.5512713835355946,-0.17213214783543881,0.3137259089583907
1053,HL-60,H3K27ac,TcMar-Pogo,0.0344574780058651,0.8514872108177871,-0.3181550818837667,0.37869502562639806
1054,HL-60,H3K27ac,hAT?,-0.2309491978609626,0.19597266517705586,-0.5354614949876689,0.12670246677176483
1055,HL-60,H3K27ac,hAT-hAT19,-0.36470588235294116,0.16486839724475402,-0.7369104267511842,0.1771881310241002
1056,MG63,H3K9me3,Alu,0.001892112787784829,0.04672060031612799,2.745540343643439e-05,0.0037567570146265898
1057,MG63,H3K9me3,L1,0.0009604513047111266,0.4851217140988584,-0.0017361261599797703,0.0036570148015604943
1058,MG63,H3K9me3,MIR,-0.0033574487606191895,0.015913954645152953,-0.00608689196965915,-0.0006279555250504231
1059,MG63,H3K9me3,L2,0.0015089906419935115,0.3675063736140095,-0.0017729895806817505,0.004790938357050694
1060,MG63,H3K9me3,ERVL-MaLR,-0.002774681338122317,0.16637379297899174,-0.006704139117165188,0.001154862129151413
1061,MG63,H3K9me3,hAT-Charlie,0.0024728948439060126,0.24626287863633808,-0.0017072729363084847,0.006652976203625652
1062,MG63,H3K9me3,ERV1,-0.006239731309960392,0.04127182107119835,-0.012231941420793086,-0.0002470730533192994
1063,MG63,H3K9me3,ERVL,-0.0039529977915539844,0.20587418516114353,-0.01007746897579492,0.0021717699588336688
1064,MG63,H3K9me3,TcMar-Tigger,0.003150613950095104,0.3216283524060548,-0.0030798460807111515,0.009380829383027957
1065,MG63,H3K9me3,hAT-Tip100,-0.007515545736649646,0.08325849010794246,-0.01601891518954669,0.0009889107741113965
1066,MG63,H3K9me3,CR1,0.00024925171580805956,0.9578824322881114,-0.00900097138880272,0.00949943216535545
1067,MG63,H3K9me3,Gypsy,-0.0019270019423885982,0.8093859830774977,-0.017582887923330164,0.013729828741490072
1068,MG63,H3K9me3,hAT-Blackjack,0.002508793010475777,0.7583583868631196,-0.013474281113346392,0.018490585443224444
1069,MG63,H3K9me3,TcMar-Mariner,-0.022302202407516965,0.006693323284851394,-0.038410700235056265,-0.00618211637380024
1070,MG63,H3K9me3,RTE-X,-0.0018488994078047498,0.8575596157810894,-0.022036149410010697,0.018339857657746844
1071,MG63,H3K9me3,ERVK,-0.021748557496350428,0.06199158063855168,-0.0445679892861613,0.0010935576367205218
1072,MG63,H3K9me3,TcMar-Tc2,-0.0071893186115718375,0.5616090663846575,-0.03145614534760711,0.017085978793681476
1073,MG63,H3K9me3,SVA,-0.011718999754627011,0.4109406186078418,-0.039636559125508904,0.01621684143464051
1074,MG63,H3K9me3,RTE-BovB,-0.01308963790904858,0.3755474393331648,-0.042021663949402696,0.01586432218313315
1075,MG63,H3K9me3,tRNA-RTE,0.020793281841720718,0.1958640627939554,-0.01072081240282681,0.05226611112291322
1076,MG63,H3K9me3,hAT-Ac,-0.00409264781292971,0.8215138660461218,-0.03963143308313295,0.031456478710128334
1077,MG63,H3K9me3,hAT,0.04577378635774283,0.017628770704444345,0.007961080117184969,0.08345577642332686
1078,MG63,H3K9me3,MULE-MuDR,-0.016803934069965373,0.42042598483502736,-0.05763032754559869,0.024078569644381084
1079,MG63,H3K9me3,PiggyBac,-0.015425244816512824,0.4808243468938913,-0.05825563075347379,0.02746182293572803
1080,MG63,H3K9me3,5S-Deu-L2,0.003829095942811745,0.8682231905716138,-0.041386705146718356,0.049029245289240526
1081,MG63,H3K9me3,Helitron,-0.018603221194681448,0.44497546578474123,-0.06625950080396022,0.02913773820017015
1082,MG63,H3K9me3,hAT-Tag1,-0.011583099707490286,0.6353961885156835,-0.05940473966990304,0.03629158513309488
1083,MG63,H3K9me3,tRNA,-0.019606084652295273,0.4485909456782161,-0.0702222514085346,0.03111078211333758
1084,MG63,H3K9me3,Penelope,-0.0091861852785244,0.8139170743532741,-0.08550251593884851,0.06723730871574636
1085,MG63,H3K9me3,TcMar-Tc1,0.006546715491572829,0.8674906293026565,-0.07027330969362919,0.08328954653576709
1086,MG63,H3K9me3,Dong-R4,0.011530082703161786,0.812000139991411,-0.0833509518253742,0.10620394589481338
1087,MG63,H3K9me3,tRNA-Deu,0.037654313198333574,0.44314886837529466,-0.05862169841111565,0.13323633160887619
1088,MG63,H3K9me3,Kolobok,0.006787792226164834,0.8987335724290921,-0.09751755080708198,0.11094564032656533
1089,MG63,H3K9me3,PIF-Harbinger,0.05170495313590227,0.3368923271016864,-0.053941268044015375,0.1562064491817974
1090,MG63,H3K9me3,Crypton,0.1495982834044994,0.01174585935964788,0.03293382144443128,0.26224087929819623
1091,MG63,H3K9me3,Merlin,0.1722790654922945,0.0121967281446551,0.03709375725624091,0.3012721930147611
1092,MG63,H3K9me3,TcMar,0.1340883558902067,0.055266062556584096,-0.0036202829939057605,0.26680596317632577
1093,MG63,H3K9me3,L1-Tx1,-0.1577672421757095,0.0665961674592942,-0.31861135876112223,0.011908022302643621
1094,MG63,H3K9me3,Crypton-A,0.07513215519479996,0.39556618833035917,-0.09856883775190807,0.24439025295431469
1095,MG63,H3K9me3,I-Jockey,0.037355203410249276,0.6997646596757124,-0.15187811419831723,0.22394685832001254
1096,MG63,H3K9me3,hAT-Tip100?,0.0564102564102564,0.6579534612572073,-0.19225438029205807,0.2982680405191304
1097,MG63,H3K9me3,TcMar-Pogo,-0.007697947214076245,0.9666468330034552,-0.35544255181972645,0.3419185588798938
1098,MG63,H3K9me3,hAT?,-0.08815889992360579,0.6200427154922392,-0.4145488548061902,0.2583269308232612
1099,MG63,H3K9me3,hAT-hAT19,0.11176470588235293,0.6802736949858406,-0.407873364319891,0.5767137615441166
1100,MG63,H3K36me3,Alu,-0.0008236085816910467,0.38661476243797854,-0.002688114611793311,0.001040903174789999
1101,MG63,H3K36me3,L1,-0.001956883921375999,0.15497630985237898,-0.004653735496457266,0.0007399961189811858
1102,MG63,H3K36me3,MIR,0.002433541514414055,0.08054187752705538,-0.000295799642371657,0.005162846415089739
1103,MG63,H3K36me3,L2,-0.00295466562552874,0.07764956110209745,-0.006236600289840933,0.0003273326905427242
1104,MG63,H3K36me3,ERVL-MaLR,-0.0016320442355788902,0.41560623898603544,-0.005561337076219718,0.0022972990012214973
1105,MG63,H3K36me3,hAT-Charlie,-0.0013108653068209062,0.5387673968188176,-0.005490648051367084,0.002868963241470274
1106,MG63,H3K36me3,ERV1,0.005587701052118135,0.06761242717682345,-0.0004048003869657072,0.011579801196035832
1107,MG63,H3K36me3,ERVL,-0.0002516990054852306,0.9358009454544952,-0.006376141301076587,0.005872762172017543
1108,MG63,H3K36me3,TcMar-Tigger,-0.0015620754196809918,0.6231223000925765,-0.0077919468487788355,0.004667917264422012
1109,MG63,H3K36me3,hAT-Tip100,0.006618852920011931,0.12713960883880937,-0.0018852993544670725,0.015122047901413214
1110,MG63,H3K36me3,CR1,0.01221853377126545,0.009649749770356784,0.0029654355676801934,0.021469539838101376
1111,MG63,H3K36me3,Gypsy,0.010530740906853254,0.18746143776594337,-0.005128439453929686,0.026184757913468876
1112,MG63,H3K36me3,hAT-Blackjack,-0.007385845499320722,0.3650362419067924,-0.02336368936383892,0.008595770548354772
1113,MG63,H3K36me3,TcMar-Mariner,0.009631359331454991,0.24153508244894378,-0.006487600807463554,0.025745315703416913
1114,MG63,H3K36me3,RTE-X,0.011139334259222566,0.2795020569087374,-0.009050311421650716,0.03131990162622576
1115,MG63,H3K36me3,ERVK,0.005540648334079959,0.6345343437141943,-0.017303690976471373,0.02837920600271989
1116,MG63,H3K36me3,TcMar-Tc2,0.003362055480315924,0.7860497126816911,-0.02091172193350444,0.027631871540351065
1117,MG63,H3K36me3,SVA,-0.010514690174052587,0.46090232259130104,-0.038447929267396604,0.017434968887311667
1118,MG63,H3K36me3,RTE-BovB,0.003839987252911735,0.7949056664673692,-0.025109620075003152,0.03278315948544237
1119,MG63,H3K36me3,tRNA-RTE,0.008774226254417046,0.5851938466878903,-0.02273226157215999,0.04026330274173022
1120,MG63,H3K36me3,hAT-Ac,0.002559512815348985,0.8878193903854738,-0.0329937957867155,0.03810635191081675
1121,MG63,H3K36me3,hAT,-0.03337824025574913,0.08365158257266037,-0.07111272722867157,0.004451647305411048
1122,MG63,H3K36me3,MULE-MuDR,0.02181428252385623,0.2953697157459859,-0.019052886096499154,0.06260868108515069
1123,MG63,H3K36me3,PiggyBac,-0.0035776118218663047,0.8699725354088492,-0.04638583499751806,0.0392437278012191
1124,MG63,H3K36me3,5S-Deu-L2,0.015344353603373004,0.5059935624141438,-0.029875472918181982,0.06050149907925309
1125,MG63,H3K36me3,Helitron,-0.019155231253318833,0.43130900813954387,-0.06678132312512969,0.028557948973402487
1126,MG63,H3K36me3,hAT-Tag1,-0.02303155716497872,0.3453144905857982,-0.07077018385513133,0.02481233359145774
1127,MG63,H3K36me3,tRNA,-0.03758505331486298,0.14621850014499224,-0.08811609920069079,0.01313893635553073
1128,MG63,H3K36me3,Penelope,-0.028269334945540226,0.468777831662161,-0.10443372390012953,0.048224718699148676
1129,MG63,H3K36me3,TcMar-Tc1,-0.013503445936618891,0.7305305908992804,-0.09013856235382868,0.06329063836374949
1130,MG63,H3K36me3,Dong-R4,-0.0014394236550454656,0.9763127281331356,-0.09621315122454455,0.09336016900270218
1131,MG63,H3K36me3,tRNA-Deu,-0.0031746261595553688,0.9484659966223199,-0.09917477276431468,0.09288407161203299
1132,MG63,H3K36me3,Kolobok,0.007081833364029005,0.8942226123450692,-0.09707908420873794,0.11108930096960565
1133,MG63,H3K36me3,PIF-Harbinger,-0.044539671664587804,0.40818097891374816,-0.14917419617067004,0.061081278782018716
1134,MG63,H3K36me3,Crypton,0.17723207543474884,0.002771283331023834,0.061001241745274916,0.2887206571774284
1135,MG63,H3K36me3,Merlin,0.13801832000641942,0.045229233561292076,0.002360139053553716,0.2686883296984554
1136,MG63,H3K36me3,TcMar,0.08571486279396306,0.22170913708027637,-0.052182494524985995,0.22040462735576946
1137,MG63,H3K36me3,L1-Tx1,-0.02951262285224194,0.7320906090200265,-0.1962921381622743,0.1389264865515093
1138,MG63,H3K36me3,Crypton-A,0.21385994213597082,0.014559130295021464,0.041293291337634,0.3740372362134155
1139,MG63,H3K36me3,I-Jockey,0.1049393012695765,0.27749266233555847,-0.0853566286615099,0.28784866338509735
1140,MG63,H3K36me3,hAT-Tip100?,-0.006043956043956042,0.9621951544478056,-0.2514817719486926,0.24012422587034915
1141,MG63,H3K36me3,TcMar-Pogo,0.06414956011730204,0.7272345110741395,-0.29139739224688993,0.40412403087985965
1142,MG63,H3K36me3,hAT?,-0.01145912910618793,0.9487151354121994,-0.3482853850296662,0.32798782187516345
1143,MG63,H3K36me3,hAT-hAT19,-0.15588235294117647,0.5642819694728023,-0.6069335613825662,0.3711229460356745
1144,MG63,H3K27me3,Alu,0.0019084001836832546,0.04483508599643477,4.39790659124208e-05,0.003772808034049797
1145,MG63,H3K27me3,L1,0.0020890170081992896,0.1288520124281127,-0.0006070743658983665,0.004785078012758706
1146,MG63,H3K27me3,MIR,-0.0008025617933311458,0.5643576023404242,-0.0035316329908060095,0.0019265213588907468
1147,MG63,H3K27me3,L2,-0.0009653501216527242,0.5641983064493876,-0.004246626232539447,0.0023159467767961506
1148,MG63,H3K27me3,ERVL-MaLR,-0.0024258739118140833,0.2262299610154824,-0.0063548370877661705,0.0015031641612326407
1149,MG63,H3K27me3,hAT-Charlie,-0.0006621013975915553,0.7561857237293994,-0.0048415288526786355,0.0035173491882967696
1150,MG63,H3K27me3,ERV1,0.002559101875928958,0.4025146038536108,-0.0034324496222556677,0.008550469641738107
1151,MG63,H3K27me3,ERVL,0.0022761892117759077,0.46626149364118474,-0.0038470689390400995,0.008399276678266945
1152,MG63,H3K27me3,TcMar-Tigger,-0.001555796958265266,0.624500453606635,-0.0077853225652665045,0.004673849402960718
1153,MG63,H3K27me3,hAT-Tip100,0.002435535660756956,0.5745619798480955,-0.006068235488155236,0.010938954574915831
1154,MG63,H3K27me3,CR1,0.0009385125967644144,0.8423674174273488,-0.008311042728487155,0.010187907337135383
1155,MG63,H3K27me3,Gypsy,-0.0005929444062729415,0.9408325261282041,-0.016249196858474625,0.015063598734407603
1156,MG63,H3K27me3,hAT-Blackjack,-0.004114637775172266,0.613684277067475,-0.020087398412322977,0.011860222701060746
1157,MG63,H3K27me3,TcMar-Mariner,0.014960844094593131,0.06877570321094406,-0.0011524674872637763,0.031066388851184918
1158,MG63,H3K27me3,RTE-X,-0.007652914123322617,0.45741363937465407,-0.02783161351066853,0.012532019780453955
1159,MG63,H3K27me3,ERVK,0.005859939895622062,0.6148772642638001,-0.016967455174701367,0.02868122927800563
1160,MG63,H3K27me3,TcMar-Tc2,0.0022839347223198338,0.8536673298611503,-0.021983736042781775,0.0265489156625992
1161,MG63,H3K27me3,SVA,0.0018358836759825405,0.8975623965379346,-0.02610924353521694,0.02977814377793357
1162,MG63,H3K27me3,RTE-BovB,0.0018653771999010346,0.8994813247391297,-0.027073352673073054,0.030800983078686048
1163,MG63,H3K27me3,tRNA-RTE,0.0023090223337408015,0.8858337605325427,-0.029204954958880373,0.03381841394704801
1164,MG63,H3K27me3,hAT-Ac,0.010806202734429246,0.5513213380569986,-0.024742894527927575,0.04632800535509979
1165,MG63,H3K27me3,hAT,-0.00542270225833701,0.7786978863427519,-0.04322083004904915,0.032390927155664107
1166,MG63,H3K27me3,MULE-MuDR,-0.008036088522985927,0.6999695287213846,-0.04887491026767827,0.032829557888219334
1167,MG63,H3K27me3,PiggyBac,-0.020195403331019338,0.3559935074797065,-0.06301157523384025,0.02269497258257304
1168,MG63,H3K27me3,5S-Deu-L2,-0.01665755769416135,0.4704025692384731,-0.0618226010617891,0.02857556587843588
1169,MG63,H3K27me3,Helitron,-0.028209647356112748,0.24629172232763297,-0.07578580687913454,0.01949466269369713
1170,MG63,H3K27me3,hAT-Tag1,-0.003204758650887762,0.8954161293525349,-0.05095052214332759,0.04455562097155539
1171,MG63,H3K27me3,tRNA,0.01646409607792786,0.5247120913525416,-0.03426597801007763,0.06710954655342131
1172,MG63,H3K27me3,Penelope,-0.02392501451453033,0.5395011889041451,-0.10006994556069636,0.0524985280278433
1173,MG63,H3K27me3,TcMar-Tc1,0.006989088439346845,0.8585201922752712,-0.06977428607487174,0.08367017920160824
1174,MG63,H3K27me3,Dong-R4,-0.04203844301774032,0.3867660964516658,-0.1365438313781737,0.05322522369992257
1175,MG63,H3K27me3,tRNA-Deu,-0.04530730866945271,0.3560602564737083,-0.14077361486801454,0.050993777422901225
1176,MG63,H3K27me3,Kolobok,0.013977517978710935,0.7929817584221893,-0.09024689571059166,0.1178990869053232
1177,MG63,H3K27me3,PIF-Harbinger,0.021606910578144997,0.6879281024774331,-0.08372648355316284,0.1264627926454207
1178,MG63,H3K27me3,Crypton,0.08017733531908096,0.1786290832139585,-0.03695170328097291,0.1951332801774254
1179,MG63,H3K27me3,Merlin,0.16429943325912388,0.01690970330052277,0.028981012770166504,0.2937041742182699
1180,MG63,H3K27me3,TcMar,0.0738191135738372,0.29284456019378674,-0.06404888557960925,0.2089220802562401
1181,MG63,H3K27me3,L1-Tx1,0.04728389540667867,0.584628574050114,-0.12211374912529593,0.2140047602176411
1182,MG63,H3K27me3,Crypton-A,0.25052063206216946,0.0040431250194981816,0.07917574787511367,0.40748740549849194
1183,MG63,H3K27me3,I-Jockey,0.019099249374478735,0.8437327631580485,-0.1696286807385844,0.20647586536849996
1184,MG63,H3K27me3,hAT-Tip100?,-0.12847985347985347,0.31164235571560833,-0.3637274785256992,0.12217388992113026
1185,MG63,H3K27me3,TcMar-Pogo,0.00219941348973607,0.9904681035020086,-0.34676088216410744,0.35062486792175956
1186,MG63,H3K27me3,hAT?,-0.09579831932773109,0.589925704301456,-0.4210105512770311,0.2512378742218383
1187,MG63,H3K27me3,hAT-hAT19,-0.044117647058823525,0.8711220048065985,-0.5284606726859619,0.46189247481035667
1188,MG63,H3K4me3,Alu,-0.0007773239858955984,0.41405863984494307,-0.002642621291115984,0.0010879787284833453
1189,MG63,H3K4me3,L1,-0.000874307876767641,0.5251465691875634,-0.0035710611992769256,0.0018224581625817739
1190,MG63,H3K4me3,MIR,0.0005970203851805379,0.6681748735060191,-0.002132773768289597,0.0033268056409520045
1191,MG63,H3K4me3,L2,-0.00031955563577276154,0.8486583819897144,-0.0036016043418687547,0.002962499954745105
1192,MG63,H3K4me3,ERVL-MaLR,-0.0004615219827524896,0.8179670742254965,-0.004391653693987566,0.0034686239858146848
1193,MG63,H3K4me3,hAT-Charlie,0.0003729962162689513,0.8611859998034453,-0.0038077051284704407,0.004553684522394714
1194,MG63,H3K4me3,ERV1,8.248688872562724e-05,0.9784788361212453,-0.005910601447150533,0.006075569299226656
1195,MG63,H3K4me3,ERVL,0.00233111708218086,0.4557090001012083,-0.0037939955313020094,0.008456054786647826
1196,MG63,H3K4me3,TcMar-Tigger,0.00386773947596608,0.22375147394658138,-0.002363228614590936,0.010098407246818989
1197,MG63,H3K4me3,hAT-Tip100,0.001956371075724009,0.6520934109811645,-0.00654833947301409,0.010460798623759269
1198,MG63,H3K4me3,CR1,0.0044346869869958915,0.3474879816919453,-0.004817200984101499,0.01368581580983105
1199,MG63,H3K4me3,Gypsy,-0.007899334229924329,0.3227581985474508,-0.023553566768378477,0.007758771050620161
1200,MG63,H3K4me3,hAT-Blackjack,0.0037228549501761026,0.6480118359585477,-0.0122599072113375,0.01970371531483832
1201,MG63,H3K4me3,TcMar-Mariner,-0.0036053667788655355,0.6611942939342419,-0.019726758777603902,0.012517899526578734
1202,MG63,H3K4me3,RTE-X,0.007230769835160049,0.482743499128756,-0.012960512296758906,0.027416157585673978
1203,MG63,H3K4me3,ERVK,-0.004811833464038179,0.679795946517763,-0.02765555455892149,0.018036910823393988
1204,MG63,H3K4me3,TcMar-Tc2,-0.012007547035370946,0.3324486491853961,-0.036277295849548113,0.012276357457989448
1205,MG63,H3K4me3,SVA,0.00014143850088874487,0.9920920583396731,-0.027822337620613945,0.028104993422022714
1206,MG63,H3K4me3,RTE-BovB,-0.028145663343253774,0.05674643983063151,-0.057057913373440225,0.0008137557659341678
1207,MG63,H3K4me3,tRNA-RTE,0.0001325526316323571,0.993419435840743,-0.031359044410586845,0.03162388676566877
1208,MG63,H3K4me3,hAT-Ac,-0.04859263383818664,0.007378663533378247,-0.08402443670500516,-0.013038111004737412
1209,MG63,H3K4me3,hAT,-0.013602138526056103,0.48085998939883245,-0.05138417099786537,0.024218774717546382
1210,MG63,H3K4me3,MULE-MuDR,0.02162765881605816,0.29941643764783626,-0.019230567438702457,0.06241376859598674
1211,MG63,H3K4me3,PiggyBac,0.03145915886603998,0.15032422947938814,-0.011422947588225247,0.07422576371732711
1212,MG63,H3K4me3,5S-Deu-L2,0.04820533581744538,0.036721680736876997,0.0029530014981420517,0.0932606446386012
1213,MG63,H3K4me3,Helitron,0.025951840884794505,0.2860206443798389,-0.021737587691997306,0.07352343817683384
1214,MG63,H3K4me3,hAT-Tag1,-0.012867766085642418,0.5983766276371336,-0.06068534034240798,0.03500873526406365
1215,MG63,H3K4me3,tRNA,0.048573066692360715,0.06017457486978475,-0.0021091734998835133,0.09900640687421673
1216,MG63,H3K4me3,Penelope,-0.001390970168096699,0.9715695598379464,-0.07775746127978729,0.07499174825604868
1217,MG63,H3K4me3,TcMar-Tc1,-0.06457549205927905,0.0997274419636528,-0.14079872194471788,0.01240876786359509
1218,MG63,H3K4me3,Dong-R4,-0.005768416744976204,0.9053941833458767,-0.10061197043172865,0.08917903135405031
1219,MG63,H3K4me3,tRNA-Deu,0.0008618804691114195,0.9860000230584749,-0.09517615527181572,0.09688402005809528
1220,MG63,H3K4me3,Kolobok,0.0007495571758651285,0.988771795008649,-0.10334658118362598,0.10482945364866807
1221,MG63,H3K4me3,PIF-Harbinger,-0.06803743730486979,0.2054690564080472,-0.17205702650310348,0.037482677423140605
1222,MG63,H3K4me3,Crypton,0.10932615993788747,0.06628091112144248,-0.007714694836165467,0.22341209470769355
1223,MG63,H3K4me3,Merlin,0.0908967808749117,0.18843162480274625,-0.0450006895162099,0.223491178136415
1224,MG63,H3K4me3,TcMar,0.16154399582033444,0.020665819160069078,0.024167591723806767,0.2929325019355837
1225,MG63,H3K4me3,L1-Tx1,-0.04682589379644346,0.5882762225155082,-0.21356497455615048,0.12256409412807331
1226,MG63,H3K4me3,Crypton-A,0.09425864044796016,0.2861023290526446,-0.0795965249847014,0.2625487047891374
1227,MG63,H3K4me3,I-Jockey,0.03780928551570754,0.696293100248618,-0.151435434828262,0.22438027529748322
1228,MG63,H3K4me3,hAT-Tip100?,0.1346153846153846,0.2889016884377107,-0.11611835124062055,0.3692198091722791
1229,MG63,H3K4me3,TcMar-Pogo,0.3108504398826979,0.08333263200701413,-0.05111343621058053,0.6006293362551488
1230,MG63,H3K4me3,hAT?,0.03101604278074866,0.8617632439576298,-0.31048185266178335,0.36542309582044485
1231,MG63,H3K4me3,hAT-hAT19,0.19117647058823528,0.47816401281702825,-0.3407869677255128,0.6304114123813899
1232,VCaP,CTCF,Alu,-0.0020590446673365015,0.030208883544741463,-0.003921061823684716,-0.00019701323295824355
1233,VCaP,CTCF,L1,-0.0009823983853012896,0.47500364391047845,-0.00367775017849406,0.001712967682074737
1234,VCaP,CTCF,MIR,-0.0005981416780900225,0.6670773054915163,-0.0033234633696649914,0.0021271888987661612
1235,VCaP,CTCF,L2,0.0012061660015993227,0.47111905686140065,-0.002074222091205671,0.004486528135597457
1236,VCaP,CTCF,ERVL-MaLR,-0.0009951508867410948,0.619153547750376,-0.004919186488849227,0.002928915362413725
1237,VCaP,CTCF,hAT-Charlie,0.002077832448720723,0.32924663808718724,-0.0020963668241846803,0.006251959314515485
1238,VCaP,CTCF,ERV1,-0.004715304434575861,0.1223429007666821,-0.010696722949622116,0.001266451509365459
1239,VCaP,CTCF,ERVL,-0.0028851190494401393,0.35520306850370287,-0.00900115935050097,0.0032311371022668385
1240,VCaP,CTCF,TcMar-Tigger,0.001522982748147101,0.6314441989504169,-0.004699688771497318,0.007745536324971484
1241,VCaP,CTCF,hAT-Tip100,0.0036321061694935806,0.4020436402151627,-0.004863153784500345,0.01212684189477386
1242,VCaP,CTCF,CR1,-0.0015259265241211167,0.7463069107329168,-0.010770218377295962,0.007718626139017051
1243,VCaP,CTCF,Gypsy,-0.0026585673310830127,0.739169276319104,-0.018306747901392174,0.0129909153398996
1244,VCaP,CTCF,hAT-Blackjack,-0.002223002843853326,0.7848740031830139,-0.018182614649006112,0.013737741485847905
1245,VCaP,CTCF,TcMar-Mariner,-0.007919977305131741,0.33475558418215223,-0.024009196197070117,0.008173343267021033
1246,VCaP,CTCF,RTE-X,0.0032332655527958294,0.7535192556615629,-0.016947386272387233,0.023411284142981194
1247,VCaP,CTCF,ERVK,-0.0009689431733415565,0.9335875968378549,-0.023754758023173898,0.02181787785958526
1248,VCaP,CTCF,TcMar-Tc2,-0.007462107333183015,0.5464870353985103,-0.03170640617081016,0.01679096741330712
1249,VCaP,CTCF,SVA,0.024753996407194778,0.08219707756432275,-0.0031650399784625867,0.05263447233987133
1250,VCaP,CTCF,RTE-BovB,-0.014749134115808353,0.31751695740233876,-0.04364728167450266,0.014173673919457239
1251,VCaP,CTCF,tRNA-RTE,0.013232202562033179,0.41012090388209976,-0.01825605745711467,0.04469424010545907
1252,VCaP,CTCF,hAT-Ac,0.023880690753050365,0.18769801945041736,-0.01165530182297921,0.05935643782756067
1253,VCaP,CTCF,hAT,-0.003311212818775561,0.863606483305003,-0.0410707602092196,0.034457779181606085
1254,VCaP,CTCF,MULE-MuDR,-0.031697029812124466,0.12809061386148868,-0.0724322850944416,0.00914379779766364
1255,VCaP,CTCF,PiggyBac,0.003345178367512743,0.8783811038657665,-0.03948600892813976,0.04616409551156152
1256,VCaP,CTCF,5S-Deu-L2,-0.00036019616692506835,0.9875377006334671,-0.04553189214783885,0.04481296980969008
1257,VCaP,CTCF,Helitron,-0.009688895327386128,0.6899199644702736,-0.05723386832007015,0.037899926149589744
1258,VCaP,CTCF,hAT-Tag1,-0.003382102678025226,0.8896647249318848,-0.051127420031933664,0.044378639620169545
1259,VCaP,CTCF,tRNA,-0.019364140911719997,0.4527039130214272,-0.06981307030753418,0.031183585696288183
1260,VCaP,CTCF,Penelope,0.05365737843545179,0.16823150648774254,-0.02274943917961505,0.12944100795939353
1261,VCaP,CTCF,TcMar-Tc1,-0.05219960830839167,0.1821052602072937,-0.12834570232495185,0.024558347382077652
1262,VCaP,CTCF,Dong-R4,-0.09805705356821631,0.0426035418367646,-0.1912878929183969,-0.003072670232557087
1263,VCaP,CTCF,tRNA-Deu,0.05847274418142346,0.2329010799878218,-0.03773560191028002,0.1536070494332514
1264,VCaP,CTCF,Kolobok,-0.031028999194309282,0.5606458669977064,-0.13485279715141418,0.07346873668699837
1265,VCaP,CTCF,PIF-Harbinger,-0.05413721786413101,0.31322501271360914,-0.1582933460691827,0.051210455262343794
1266,VCaP,CTCF,Crypton,0.022975391111004523,0.700351478993305,-0.09388892322501721,0.1392151674004542
1267,VCaP,CTCF,Merlin,0.02290083546586888,0.7402568089630098,-0.1122119145818851,0.15718216428185508
1268,VCaP,CTCF,TcMar,0.09893977979632781,0.16019435949682928,-0.03964381591117577,0.23378887028440748
1269,VCaP,CTCF,L1-Tx1,-0.060824425922644594,0.4801492050125996,-0.2263805865872874,0.1081474164988892
1270,VCaP,CTCF,Crypton-A,0.008888141538036324,0.9197438180226594,-0.16288901006458237,0.1801423170503787
1271,VCaP,CTCF,I-Jockey,0.02853303678991752,0.7683611559655911,-0.16046747475192377,0.2155152057496711
1272,VCaP,CTCF,hAT-Tip100?,0.12678571428571428,0.31811891967527484,-0.12384341292463534,0.3622087154363347
1273,VCaP,CTCF,TcMar-Pogo,-0.08724340175953077,0.6349330944900853,-0.4236350326046256,0.2702952401980708
1274,VCaP,CTCF,hAT?,-0.05729564553093964,0.747561518682611,-0.3881900437480737,0.286684622686366
1275,VCaP,CTCF,hAT-hAT19,-0.3382352941176471,0.2000655587786896,-0.7216242388280203,0.2039291339489267
1276,VCaP,H3K27ac,Alu,-0.00044811441229905346,0.6371996783573967,-0.002310399138067015,0.0014141734216898498
1277,VCaP,H3K27ac,L1,0.0012476854641254272,0.3643031780847613,-0.001447895454995347,0.003943248251584268
1278,VCaP,H3K27ac,MIR,-0.00034161298171626295,0.8059415739367636,-0.003067060910038658,0.0023838400216640043
1279,VCaP,H3K27ac,L2,-0.004447763729247776,0.007874761853370037,-0.007728128591840332,-0.001167303139032865
1280,VCaP,H3K27ac,ERVL-MaLR,0.0024700979349785226,0.21733491887893056,-0.0014542984784140702,0.0063944182659825535
1281,VCaP,H3K27ac,hAT-Charlie,0.0009448011545479857,0.6573371988093744,-0.0032296920591441793,0.005119261439516934
1282,VCaP,H3K27ac,ERV1,-0.0016000658328661405,0.6001303903510868,-0.007582380619589159,0.004382363482943393
1283,VCaP,H3K27ac,ERVL,-0.0026023314635136986,0.4043994479003692,-0.008719372381757727,0.0035149042113139226
1284,VCaP,H3K27ac,TcMar-Tigger,0.004554930586522774,0.15140807749297355,-0.0016682114550598235,0.010777719838666173
1285,VCaP,H3K27ac,hAT-Tip100,0.005745965541661929,0.18494570317488818,-0.002749320660411997,0.014240422425943786
1286,VCaP,H3K27ac,CR1,0.0023576699067814335,0.617183393538292,-0.006887034277493325,0.01160197111196184
1287,VCaP,H3K27ac,Gypsy,0.0017271976675094667,0.8287564340739995,-0.013923102599363062,0.017376651885990017
1288,VCaP,H3K27ac,hAT-Blackjack,-0.006079605267038911,0.455455299354926,-0.02204208560224357,0.00988597396048281
1289,VCaP,H3K27ac,TcMar-Mariner,0.008427280775334098,0.304816824739371,-0.007669327081759543,0.024519522476770757
1290,VCaP,H3K27ac,RTE-X,0.006383880022712252,0.5352908590693509,-0.013798666231805545,0.026561226647445094
1291,VCaP,H3K27ac,ERVK,-0.0004913347524835991,0.9663035555288337,-0.02328357152266269,0.02230141251235886
1292,VCaP,H3K27ac,TcMar-Tc2,0.009250643161836105,0.4547859719942571,-0.0150066543109473,0.033497058125543024
1293,VCaP,H3K27ac,SVA,0.010639319371626623,0.4550563227569592,-0.017276345869450684,0.03853841047125476
1294,VCaP,H3K27ac,RTE-BovB,-0.0110027988689559,0.45587276965115475,-0.039906168436010636,0.017918968208176064
1295,VCaP,H3K27ac,tRNA-RTE,0.03532720802551229,0.027771647346965776,0.0038545797166058124,0.06672991949046637
1296,VCaP,H3K27ac,hAT-Ac,-0.018374906302945828,0.3106029899211562,-0.0538521438601989,0.017148661880054084
1297,VCaP,H3K27ac,hAT,-0.01187659274277077,0.5377787431750938,-0.04962024671944029,0.025900934774700714
1298,VCaP,H3K27ac,MULE-MuDR,0.00923964232271256,0.6574996451290365,-0.03160075838327705,0.050049241338042214
1299,VCaP,H3K27ac,PiggyBac,-0.0075789292709850945,0.7288209154834577,-0.050388599496727485,0.035258539910607394
1300,VCaP,H3K27ac,5S-Deu-L2,-0.0210261998695022,0.3616956677975587,-0.0661288269974821,0.024162172764817975
1301,VCaP,H3K27ac,Helitron,-0.023040615633557398,0.3426934872542585,-0.07053983199427437,0.024562851604997504
1302,VCaP,H3K27ac,hAT-Tag1,-0.0016715303856658869,0.9453371805667998,-0.04942105729882227,0.04608562000218447
1303,VCaP,H3K27ac,tRNA,-0.011629835444251276,0.6520169095115839,-0.06210754929880083,0.03890722174340436
1304,VCaP,H3K27ac,Penelope,-0.036075010537258104,0.35479521074249576,-0.11210778753510217,0.04037771478054516
1305,VCaP,H3K27ac,TcMar-Tc1,-0.0225890521533701,0.5638784786006872,-0.09903510423239771,0.054122071447609985
1306,VCaP,H3K27ac,Dong-R4,-0.04524882480043715,0.35037833781280403,-0.13948528946720198,0.04979989538139267
1307,VCaP,H3K27ac,tRNA-Deu,0.10228070081761692,0.03658576831067446,0.006177398784549192,0.1965119243090197
1308,VCaP,H3K27ac,Kolobok,0.0018026119164077997,0.9730015066372671,-0.10230472826676297,0.10587089199761944
1309,VCaP,H3K27ac,PIF-Harbinger,0.0953061763884586,0.07538279066655047,-0.010010660106882379,0.19853179549463298
1310,VCaP,H3K27ac,Crypton,0.03784313539257861,0.5267999972975722,-0.07935356667636284,0.15400795667336897
1311,VCaP,H3K27ac,Merlin,-0.009768403446806306,0.8875598244479765,-0.14433057764009746,0.12514848966708608
1312,VCaP,H3K27ac,TcMar,0.025676530090030833,0.7161304937873993,-0.11245339889129288,0.16283291288872456
1313,VCaP,H3K27ac,L1-Tx1,0.05516319218819856,0.522016351035753,-0.11373041491157113,0.2209580445597489
1314,VCaP,H3K27ac,Crypton-A,-0.053910715551128426,0.5408239013869062,-0.22349023377583963,0.1188365737300335
1315,VCaP,H3K27ac,I-Jockey,0.05393383375034752,0.5775276482271834,-0.13567882153316305,0.23973519339759533
1316,VCaP,H3K27ac,hAT-Tip100?,0.16556776556776553,0.19104931931238686,-0.08534743607192065,0.39673466334084984
1317,VCaP,H3K27ac,TcMar-Pogo,0.19134897360703812,0.2941318353154552,-0.17181428688989425,0.5087261414797801
1318,VCaP,H3K27ac,hAT?,-0.04660045836516424,0.7935500934556737,-0.3789604530157317,0.29640777080096764
1319,VCaP,H3K27ac,hAT-hAT19,0.22352941176470587,0.40529834728275893,-0.31219579192398966,0.6513918624869808
1320,C4-2B,CTCF,Alu,0.0009492824948524547,0.31918793929469313,-0.0009185097496273314,0.002817068115925055
1321,C4-2B,CTCF,L1,0.001990451522015384,0.1485811630888071,-0.0007101739446017023,0.004691047954599256
1322,C4-2B,CTCF,MIR,-0.004441132465664945,0.0014213000224550848,-0.0071694895992061875,-0.0017127092102352294
1323,C4-2B,CTCF,L2,0.0006836951934123418,0.6830956385164575,-0.0025987085973777717,0.003966084251758857
1324,C4-2B,CTCF,ERVL-MaLR,0.002920526775926202,0.14572241017972307,-0.0010141125100501475,0.006855075635602981
1325,C4-2B,CTCF,hAT-Charlie,-0.0030148641531123383,0.15769678652776373,-0.007197086430778384,0.0011674635940484405
1326,C4-2B,CTCF,ERV1,-0.008336278103410151,0.006652077386232772,-0.014356394564209372,-0.0023155572964698753
1327,C4-2B,CTCF,ERVL,-0.0033716763399870143,0.2809590489692304,-0.009500709137452941,0.0027576097851624883
1328,C4-2B,CTCF,TcMar-Tigger,-0.0066849343063727805,0.03558755492602132,-0.012918851311845394,-0.00045049765826079673
1329,C4-2B,CTCF,hAT-Tip100,0.002645958639930955,0.5418508850453232,-0.0058554207362464,0.011146955565510855
1330,C4-2B,CTCF,CR1,-0.006203768202591661,0.18887448283671032,-0.015456986203781267,0.003050512320098938
1331,C4-2B,CTCF,Gypsy,-0.00489336742565077,0.5402418825940082,-0.020550786543218933,0.010766451381859615
1332,C4-2B,CTCF,hAT-Blackjack,-0.022486691092644322,0.005856217993548932,-0.038469087070479184,-0.006492793166457104
1333,C4-2B,CTCF,TcMar-Mariner,0.00031760892213151913,0.9692653982228764,-0.01583778715412529,0.016472839210234087
1334,C4-2B,CTCF,RTE-X,0.012790314590398049,0.21433516776891662,-0.007399405799131623,0.03296961135905403
1335,C4-2B,CTCF,ERVK,0.004389570716962622,0.7088993357227653,-0.018653992478310382,0.027428472990282542
1336,C4-2B,CTCF,TcMar-Tc2,-0.0017986906888525942,0.8847297030579768,-0.026110620931919275,0.022515366051114576
1337,C4-2B,CTCF,SVA,0.004504408634635259,0.7529784996924411,-0.023545279332679893,0.03254701024660279
1338,C4-2B,CTCF,RTE-BovB,-0.00576891245744255,0.6960224230964761,-0.03469745132952877,0.023169285508367332
1339,C4-2B,CTCF,tRNA-RTE,-0.009680316997223541,0.5469499785986166,-0.04115997245491534,0.021818537743367214
1340,C4-2B,CTCF,hAT-Ac,0.03514078582922069,0.05286100415800538,-0.00044440425698511485,0.0706370904954367
1341,C4-2B,CTCF,hAT,-4.057783529625182e-05,0.9983225085137988,-0.037854266462941696,0.03777322683517385
1342,C4-2B,CTCF,MULE-MuDR,0.06300705173584094,0.002475165566718977,0.022196141962082278,0.10360832706710832
1343,C4-2B,CTCF,PiggyBac,0.01309614383371774,0.5500664710401524,-0.029850485324320535,0.05599450960948357
1344,C4-2B,CTCF,5S-Deu-L2,0.025760648204137017,0.2638707617528747,-0.01944189829449899,0.07085809778872677
1345,C4-2B,CTCF,Helitron,0.041414852517251285,0.08922585213523158,-0.006371633541189788,0.0890126162425864
1346,C4-2B,CTCF,hAT-Tag1,0.02586659255065004,0.2890379602192924,-0.021964566086043774,0.07357960827799458
1347,C4-2B,CTCF,tRNA,-0.06403070165274513,0.013003002540708956,-0.11425829960011033,-0.013476590021924157
1348,C4-2B,CTCF,Penelope,0.09142707571631906,0.0193597690486324,0.014704640288984392,0.16707923943649702
1349,C4-2B,CTCF,TcMar-Tc1,-0.052427291527193505,0.18120810101489804,-0.12874508120572167,0.024507850802401743
1350,C4-2B,CTCF,Dong-R4,0.006294924353735968,0.8966844418270812,-0.08854564851611212,0.10102238545655233
1351,C4-2B,CTCF,tRNA-Deu,-0.015118767075074768,0.7579332637604342,-0.11087850185212632,0.08091911263374034
1352,C4-2B,CTCF,Kolobok,0.035241174169391,0.5086642987152925,-0.0692806752697599,0.13899770443429568
1353,C4-2B,CTCF,PIF-Harbinger,-0.002012228494364551,0.9701208596713968,-0.10696982788519847,0.10298972362178586
1354,C4-2B,CTCF,Crypton,0.007657228311027962,0.8979540842974336,-0.1090393372257949,0.12414560008892415
1355,C4-2B,CTCF,Merlin,-0.019071787308912215,0.7829988959670431,-0.15375637309228446,0.11630854791623815
1356,C4-2B,CTCF,TcMar,-0.10544788918928034,0.13528999112238219,-0.24036852770877856,0.03346999191014637
1357,C4-2B,CTCF,L1-Tx1,0.04575658329143354,0.5954616786748781,-0.12298932556882008,0.21193096492217925
1358,C4-2B,CTCF,Crypton-A,0.016051171474057192,0.8561669359986319,-0.15657856809249515,0.18772925696269202
1359,C4-2B,CTCF,I-Jockey,-0.06080993420442962,0.5299144070429582,-0.24626193710596206,0.12893764292496787
1360,C4-2B,CTCF,hAT-Tip100?,0.027447552447552447,0.8281800037942322,-0.2179549947519869,0.2695857008469537
1361,C4-2B,CTCF,TcMar-Pogo,-0.10813782991202345,0.5557848437381284,-0.4410881159339315,0.2509780192707089
1362,C4-2B,CTCF,hAT?,-0.25367647058823534,0.15430335403770434,-0.5531358902374955,0.10383627108203317
1363,C4-2B,CTCF,hAT-hAT19,0.3147058823529411,0.23515831926634445,-0.2271031187040626,0.7077459404545711
1364,C4-2B,H3K27ac,Alu,-0.0012428353907683173,0.19212057090280765,-0.003110384202308322,0.0006247220901951638
1365,C4-2B,H3K27ac,L1,-0.0009733273454458558,0.4803869866508049,-0.0036766434664865875,0.00173000300167617
1366,C4-2B,H3K27ac,MIR,0.0003778752128840212,0.7895608506157249,-0.002397223930228605,0.003152968535841546
1367,C4-2B,H3K27ac,L2,-0.0014660675713930147,0.381475537774288,-0.004749291342791065,0.001817187807499064
1368,C4-2B,H3K27ac,ERVL-MaLR,0.0027952144654854708,0.16431517944239538,-0.0011441827587585908,0.006734524933931549
1369,C4-2B,H3K27ac,hAT-Charlie,-0.001710997222389354,0.42722758157666496,-0.0059347768149737145,0.002512843420711702
1370,C4-2B,H3K27ac,ERV1,0.006493602847310621,0.03502241354090723,0.00045625215507106806,0.012530480178208871
1371,C4-2B,H3K27ac,ERVL,0.005865544508523207,0.06109828404854045,-0.000273101953073774,0.012003748924347551
1372,C4-2B,H3K27ac,TcMar-Tigger,0.003676968586770381,0.2543145009554486,-0.0026451326915298136,0.0099987759455074
1373,C4-2B,H3K27ac,hAT-Tip100,0.0007907203598836178,0.8561035668592015,-0.0077556243356796725,0.009336949548493548
1374,C4-2B,H3K27ac,CR1,0.00022672494999733563,0.9618131239770635,-0.009054350497949984,0.009507761338675633
1375,C4-2B,H3K27ac,Gypsy,-0.013072139623964175,0.10259800063162058,-0.028761915737512137,0.0026240761445560264
1376,C4-2B,H3K27ac,hAT-Blackjack,-0.0068508735755367315,0.4130743180870472,-0.023252518455769273,0.009554458267505462
1377,C4-2B,H3K27ac,TcMar-Mariner,-0.018120133081022376,0.037852504244853265,-0.03521431592688376,-0.001015350380652665
1378,C4-2B,H3K27ac,RTE-X,0.0019595557049017606,0.8491577317658865,-0.018232453855166128,0.02214996749594673
1379,C4-2B,H3K27ac,ERVK,0.013462903179159404,0.25316540291530115,-0.009630618403107392,0.03654207126334196
1380,C4-2B,H3K27ac,TcMar-Tc2,0.007844137724092185,0.5362597277782399,-0.01701395317375265,0.03269253763230887
1381,C4-2B,H3K27ac,SVA,-0.01683395813572737,0.23979044842235844,-0.044878558233708815,0.011237154310926478
1382,C4-2B,H3K27ac,RTE-BovB,0.009557387543565271,0.5175900453879625,-0.019392190663261928,0.03849095347442737
1383,C4-2B,H3K27ac,tRNA-RTE,-0.002045571244024763,0.8998979281482129,-0.03390720476847346,0.02982021601855439
1384,C4-2B,H3K27ac,hAT-Ac,-0.004208775887466472,0.817221633951824,-0.039882549891801886,0.03147571385365107
1385,C4-2B,H3K27ac,hAT,-0.008424664246997454,0.6680706947432411,-0.046903296374278085,0.030078933040286065
1386,C4-2B,H3K27ac,MULE-MuDR,-0.02426449486492766,0.24494452828870128,-0.06509566773849877,0.016647793284223174
1387,C4-2B,H3K27ac,PiggyBac,0.017017704210647147,0.4501935048340121,-0.027158171636098277,0.06112724021804149
1388,C4-2B,H3K27ac,5S-Deu-L2,-0.02367383732275904,0.3086874431101079,-0.06916692036315693,0.021917504157523766
1389,C4-2B,H3K27ac,Helitron,0.012547817736157835,0.6106303013366547,-0.035747756528459275,0.0607849190355574
1390,C4-2B,H3K27ac,hAT-Tag1,0.013676260446107869,0.5752504262080897,-0.034158542831372055,0.06144854665378489
1391,C4-2B,H3K27ac,tRNA,-3.0538433881796923e-05,0.9990653115649968,-0.05108847503277476,0.0510275573875817
1392,C4-2B,H3K27ac,Penelope,0.06430376533197782,0.10222278125013855,-0.01291986261645017,0.14076486377531708
1393,C4-2B,H3K27ac,TcMar-Tc1,-0.01781082356525754,0.6606416518941352,-0.09706492957661982,0.06166773447682108
1394,C4-2B,H3K27ac,Dong-R4,0.0010779032474515064,0.982260796453987,-0.09371850537500166,0.09585494295439771
1395,C4-2B,H3K27ac,tRNA-Deu,-0.04408841969533457,0.3744105022841586,-0.14061774659363002,0.053271212345740004
1396,C4-2B,H3K27ac,Kolobok,0.03360986994030256,0.5386363057104862,-0.07351931516038368,0.13997225248385708
1397,C4-2B,H3K27ac,PIF-Harbinger,0.011382805974506494,0.8348371398810638,-0.09541331279837752,0.11791986985620967
1398,C4-2B,H3K27ac,Crypton,0.09477287505230202,0.12598107404037726,-0.026994676950672623,0.21376904112307663
1399,C4-2B,H3K27ac,Merlin,0.04382358770982126,0.5504017163138655,-0.09998174940242213,0.1858355432430037
1400,C4-2B,H3K27ac,TcMar,-0.03871723036461063,0.5998127664589907,-0.18163754774633833,0.10580490858497811
1401,C4-2B,H3K27ac,L1-Tx1,0.012183553721163531,0.8876302275542846,-0.15585652467907388,0.17953827128492109
1402,C4-2B,H3K27ac,Crypton-A,-0.010987764088627975,0.904788593229096,-0.1891186425198111,0.16784323642179885
1403,C4-2B,H3K27ac,I-Jockey,0.11857103141506813,0.219453236035038,-0.0717813594080708,0.3005898292928545
1404,C4-2B,H3K27ac,hAT-Tip100?,0.23452380952380955,0.06213662212253175,-0.015402429703203808,0.4568681752954124
1405,C4-2B,H3K27ac,TcMar-Pogo,-0.17290640394088666,0.3697434890533642,-0.5093886966361898,0.20943631623608144
1406,C4-2B,H3K27ac,hAT?,0.09090909090909091,0.6148655064072002,-0.26121936672962626,0.42168376623555465
1407,C4-2B,H3K27ac,hAT-hAT19,0.3181818181818182,0.34029761418190363,-0.3632728204224935,0.7778473021185855
1408,RWPE2,CTCF,Alu,-0.00036427685438045074,0.7016830869464781,-0.002228183163139409,0.0014996319854847643
1409,RWPE2,CTCF,L1,0.0009050400446246614,0.5104589284047223,-0.0017902696852574531,0.003600336624881217
1410,RWPE2,CTCF,MIR,0.0017409763305470509,0.21081497612945577,-0.0009859315552008983,0.004467858324569696
1411,RWPE2,CTCF,L2,-0.0023842088485661935,0.15427539025460404,-0.0056643779170425824,0.0008960115268380399
1412,RWPE2,CTCF,ERVL-MaLR,-0.00010795668252881451,0.9570160729239084,-0.0040336771910963526,0.0038177671535432334
1413,RWPE2,CTCF,hAT-Charlie,0.0016530556593419977,0.43789683125231627,-0.0025234624113739624,0.005829516061194537
1414,RWPE2,CTCF,ERV1,-0.004007565677824149,0.1894124057422534,-0.009992661783206146,0.001977817558972518
1415,RWPE2,CTCF,ERVL,-1.1595731036044828e-05,0.9970363944434868,-0.006130314525724559,0.006107123931911241
1416,RWPE2,CTCF,TcMar-Tigger,0.001889840812311029,0.5518241878294289,-0.0043350983616124395,0.00811463352699438
1417,RWPE2,CTCF,hAT-Tip100,-0.0007790205423370232,0.857380279548915,-0.009275000032555249,0.007717071411441666
1418,RWPE2,CTCF,CR1,0.00868680747925773,0.06555662508646166,-0.0005592901978333734,0.01793142000690865
1419,RWPE2,CTCF,Gypsy,-0.016228982256115243,0.04209794057865999,-0.03187133084196366,-0.0005786856271619606
1420,RWPE2,CTCF,hAT-Blackjack,-0.0021153231615879254,0.7952224713489611,-0.018088212665056624,0.013858645797986492
1421,RWPE2,CTCF,TcMar-Mariner,0.006747500358420883,0.4117867552079504,-0.009365833595550785,0.022857331079012378
1422,RWPE2,CTCF,RTE-X,-0.01759439576262627,0.08743246976515111,-0.037758837148741474,0.0025843681478280914
1423,RWPE2,CTCF,ERVK,0.008311704839269695,0.4750944599780901,-0.014497816476448103,0.031112580103807307
1424,RWPE2,CTCF,TcMar-Tc2,-0.013914749478624993,0.2608263088008679,-0.03815460198100028,0.010341469023971239
1425,RWPE2,CTCF,SVA,-0.009967285208790493,0.4843474556570101,-0.0378870059090887,0.017967984903604472
1426,RWPE2,CTCF,RTE-BovB,0.009570978998084989,0.5165378344288836,-0.019347081747437687,0.038473039591308496
1427,RWPE2,CTCF,tRNA-RTE,-0.007453986709685038,0.6428312601932822,-0.03894081346361537,0.024047627874232595
1428,RWPE2,CTCF,hAT-Ac,-0.017195232227719116,0.34269625955158145,-0.05267507276147551,0.01832796540161388
1429,RWPE2,CTCF,hAT,-0.004292040514686592,0.8238562390863133,-0.042064001610635164,0.033492171868334926
1430,RWPE2,CTCF,MULE-MuDR,0.009067903228493305,0.6631963514084724,-0.03173689739155721,0.04984252700527564
1431,RWPE2,CTCF,PiggyBac,-0.0009544577600761728,0.9651749577488627,-0.04377808897798779,0.04187267443750664
1432,RWPE2,CTCF,5S-Deu-L2,0.006376623768669871,0.782033197047637,-0.03878345949684488,0.051510711553529466
1433,RWPE2,CTCF,Helitron,0.002831008243123438,0.9073089735830002,-0.04480151043070199,0.0504506839729038
1434,RWPE2,CTCF,hAT-Tag1,0.004691635078032496,0.8473945038827033,-0.043071715680681855,0.05243358854779384
1435,RWPE2,CTCF,tRNA,0.010707812627414284,0.6779901827420636,-0.03982767056796026,0.06118865671648967
1436,RWPE2,CTCF,Penelope,-0.02248148331264036,0.564251718200549,-0.09863862615308656,0.053937469532242745
1437,RWPE2,CTCF,TcMar-Tc1,-0.015551798251166798,0.6918349589025541,-0.09223016152769174,0.06130992249075694
1438,RWPE2,CTCF,Dong-R4,0.016426526123711465,0.734712459717325,-0.0784888520728309,0.11104677416186272
1439,RWPE2,CTCF,tRNA-Deu,0.03175679644573755,0.5173159689266693,-0.0643784610428812,0.12730803904637042
1440,RWPE2,CTCF,Kolobok,-0.012145539409503015,0.8201181754693058,-0.11638467725916407,0.09235824955025311
1441,RWPE2,CTCF,PIF-Harbinger,-0.0521608413645454,0.3312443093589382,-0.15635503327353337,0.05318151565138997
1442,RWPE2,CTCF,Crypton,0.0616099133906841,0.3016818704175423,-0.05549622638881502,0.17704401567319852
1443,RWPE2,CTCF,Merlin,0.21568322463455122,0.0015826045320230032,0.08179990814527888,0.3419203027779082
1444,RWPE2,CTCF,TcMar,0.025227524340090637,0.7208865496680612,-0.11289620986789382,0.16239472610484895
1445,RWPE2,CTCF,L1-Tx1,-0.16755711699687895,0.05033627490246268,-0.32716623787209187,0.0013472043617211865
1446,RWPE2,CTCF,Crypton-A,-0.08637778872490437,0.32659338739703647,-0.2544399381316808,0.086748642205074
1447,RWPE2,CTCF,I-Jockey,0.05520341024928181,0.5685888527008626,-0.13443514919692656,0.24094121749787925
1448,RWPE2,CTCF,hAT-Tip100?,0.02353479853479853,0.8535482024139559,-0.2236008497095733,0.26782712301943945
1449,RWPE2,CTCF,TcMar-Pogo,0.004032258064516129,0.9825257878108395,-0.34514830018134585,0.3522322787740653
1450,RWPE2,CTCF,hAT?,-0.1361344537815126,0.44267346098664373,-0.4547179213682285,0.21333446550486201
1451,RWPE2,CTCF,hAT-hAT19,-0.6235294117647059,0.009855650390922007,-0.8679840688336377,-0.13582688303473572
1452,RWPE2,H3K27ac,Alu,-0.00019355516488033208,0.8388687551403752,-0.002059195815301754,0.0016720868329241478
1453,RWPE2,H3K27ac,L1,0.0005645950045978047,0.6814568503689871,-0.002131263925996411,0.0032604457286505477
1454,RWPE2,H3K27ac,MIR,0.0008491774364696107,0.5417740570973351,-0.0018786844600570446,0.0035770266951955765
1455,RWPE2,H3K27ac,L2,-0.002058804155183468,0.21867023890151113,-0.0053392099952813766,0.0012216459955410595
1456,RWPE2,H3K27ac,ERVL-MaLR,0.002244506296556064,0.26264096543156035,-0.001682716965146053,0.006171660324718158
1457,RWPE2,H3K27ac,hAT-Charlie,-0.0002869755566627412,0.8929197136592141,-0.004465384813459493,0.003891443720830998
1458,RWPE2,H3K27ac,ERV1,-0.0026149418019070234,0.3919775785037939,-0.008601888131888188,0.003372191992696524
1459,RWPE2,H3K27ac,ERVL,-0.002622561856908436,0.40102004553552506,-0.008743030569373443,0.0034981033462701343
1460,RWPE2,H3K27ac,TcMar-Tigger,-0.001076694843337186,0.7346902520276581,-0.007303572010067687,0.005150265820139804
1461,RWPE2,H3K27ac,hAT-Tip100,0.000802234405649239,0.853235272464877,-0.007697213549838917,0.00930156645482887
1462,RWPE2,H3K27ac,CR1,0.012159229046216982,0.00996106950948957,0.002911895744617734,0.021404482959481313
1463,RWPE2,H3K27ac,Gypsy,0.0014752361828744259,0.8534393747559814,-0.014176009772930166,0.017125759418344006
1464,RWPE2,H3K27ac,hAT-Blackjack,0.013083323340809708,0.10868681612776003,-0.0029031340583450752,0.029063095065565855
1465,RWPE2,H3K27ac,TcMar-Mariner,0.005736646915484153,0.48607472267716767,-0.010404966238785488,0.021875271139005156
1466,RWPE2,H3K27ac,RTE-X,-0.008396287298550133,0.41475347608381585,-0.02856808854968589,0.011782349674892363
1467,RWPE2,H3K27ac,ERVK,0.009144026557737026,0.4325203608083332,-0.013690431976678309,0.03196895265640664
1468,RWPE2,H3K27ac,TcMar-Tc2,-0.022575600424332397,0.06810349077194608,-0.046806469644349966,0.0016818212294599415
1469,RWPE2,H3K27ac,SVA,0.010637761238737378,0.4557633412263622,-0.01731762415414024,0.03857652773850932
1470,RWPE2,H3K27ac,RTE-BovB,0.0166797095012637,0.2582436867909151,-0.01224024866485024,0.045571786192675004
1471,RWPE2,H3K27ac,tRNA-RTE,0.013081161565099577,0.41584702734942647,-0.018431449087533264,0.04456780882580304
1472,RWPE2,H3K27ac,hAT-Ac,-0.00850018756161265,0.639053037060541,-0.043996931695094624,0.027017991848936804
1473,RWPE2,H3K27ac,hAT,0.029177792283892754,0.13022568889218147,-0.008625380654365692,0.06689768325075991
1474,RWPE2,H3K27ac,MULE-MuDR,0.01698367907068714,0.4147628496549187,-0.023836839899600604,0.05774765981618582
1475,RWPE2,H3K27ac,PiggyBac,0.010720299222846471,0.6240154036663917,-0.0321415655325912,0.053542806254981354
1476,RWPE2,H3K27ac,5S-Deu-L2,0.0014525111549381097,0.9497895638649507,-0.043734820743920204,0.04663391206941961
1477,RWPE2,H3K27ac,Helitron,-0.03023057213925689,0.21364583496530454,-0.07775584219837164,0.01743177772668396
1478,RWPE2,H3K27ac,hAT-Tag1,0.008201552036318413,0.7365547023183365,-0.039568185471098076,0.05593388530902726
1479,RWPE2,H3K27ac,tRNA,0.011758906165158291,0.6485225799936809,-0.03879516809562718,0.06225293869654603
1480,RWPE2,H3K27ac,Penelope,0.010876738801564168,0.7803161602878675,-0.0654966734970312,0.08712346077564236
1481,RWPE2,H3K27ac,TcMar-Tc1,0.05388498539987564,0.16902892061308267,-0.022990614533617573,0.13012708915017693
1482,RWPE2,H3K27ac,Dong-R4,0.07601617061505617,0.11634338655827467,-0.019044059760338627,0.1697143825720879
1483,RWPE2,H3K27ac,tRNA-Deu,0.017276748870241485,0.7250119341238714,-0.0788914108036898,0.11312631050207028
1484,RWPE2,H3K27ac,Kolobok,-0.05603370767914564,0.2930908131559294,-0.1594182176276023,0.04856652124940695
1485,RWPE2,H3K27ac,PIF-Harbinger,-0.007476128304623896,0.8894773925144548,-0.11252015113913963,0.09773315021313274
1486,RWPE2,H3K27ac,Crypton,0.12736889296352,0.03219959127168578,0.010459717748636733,0.24084294901396347
1487,RWPE2,H3K27ac,Merlin,0.02772271409646625,0.6888762935004651,-0.10777512114166135,0.16220940925582836
1488,RWPE2,H3K27ac,TcMar,-0.04810260841663181,0.49662003353587925,-0.18500318854191983,0.09062938601532784
1489,RWPE2,H3K27ac,L1-Tx1,-0.07660400651305023,0.3736164039681489,-0.24145412650964254,0.09254337769236827
1490,RWPE2,H3K27ac,Crypton-A,-0.07951016464761684,0.36666188965029867,-0.24791487679247004,0.09355878120425352
1491,RWPE2,H3K27ac,I-Jockey,0.08504309146510981,0.3792744181199832,-0.10507414163673741,0.2691631860165688
1492,RWPE2,H3K27ac,hAT-Tip100?,0.053434065934065925,0.6749624080821532,-0.1951078679486499,0.2955272977915517
1493,RWPE2,H3K27ac,TcMar-Pogo,0.1279325513196481,0.4853157815746558,-0.2324755838580093,0.4574484852307043
1494,RWPE2,H3K27ac,hAT?,0.12788388082505728,0.47105683937341203,-0.2211532121941112,0.4478792509680753
1495,RWPE2,H3K27ac,hAT-hAT19,-0.11176470588235293,0.6802736949858406,-0.5767137615441166,0.407873364319891
1496,RWPE2,H3K36me3,Alu,0.00029278959391853887,0.7580128940369999,-0.0015698300066211608,0.0021554071628800847
1497,RWPE2,H3K36me3,L1,-0.0030029438506047456,0.028973099167845958,-0.005697986923599463,-0.0003078571542036735
1498,RWPE2,H3K36me3,MIR,-0.0004422752387121612,0.7504816220339641,-0.003168151871580591,0.002283607966740293
1499,RWPE2,H3K36me3,L2,0.0008940382563700103,0.5931865235128899,-0.002386012735810268,0.004174070011207252
1500,RWPE2,H3K36me3,ERVL-MaLR,0.0026848620759286103,0.17997009848789589,-0.0012397074653270619,0.006609348912518223
1501,RWPE2,H3K36me3,hAT-Charlie,0.002036467730005586,0.33900674219982496,-0.0021380816618658963,0.006210946144302775
1502,RWPE2,H3K36me3,ERV1,0.0025197560668350316,0.4091165425548924,-0.0034632187283415226,0.00850255047199241
1503,RWPE2,H3K36me3,ERVL,0.00028362918663752014,0.9275954769172268,-0.005833848383057246,0.006401085527592465
1504,RWPE2,H3K36me3,TcMar-Tigger,-0.003252696388220875,0.30563020671524044,-0.00947558352277966,0.0029704426761415466
1505,RWPE2,H3K36me3,hAT-Tip100,0.00841152623707755,0.05227019720428938,-8.275441988200234e-05,0.01690459315119792
1506,RWPE2,H3K36me3,CR1,0.006180232754260256,0.19008382661092843,-0.0030641604997915075,0.015423569778027352
1507,RWPE2,H3K36me3,Gypsy,-0.00872113601855561,0.2746374106291006,-0.024364031537755203,0.006926029117449286
1508,RWPE2,H3K36me3,hAT-Blackjack,0.01169044386041488,0.15119201858090958,-0.004273782698771632,0.027648713057157315
1509,RWPE2,H3K36me3,TcMar-Mariner,0.006049387855390387,0.46133230957555826,-0.010045933986704584,0.022141575891663694
1510,RWPE2,H3K36me3,RTE-X,0.004131723047127329,0.6881677293083034,-0.016044916996917093,0.024304999572056826
1511,RWPE2,H3K36me3,ERVK,-0.008462174635040523,0.46704679024334883,-0.031258299988130525,0.01434274970658373
1512,RWPE2,H3K36me3,TcMar-Tc2,-0.019843943244397342,0.10868204220705556,-0.04406925774773515,0.004404694332900702
1513,RWPE2,H3K36me3,SVA,-0.006946987492632571,0.6261431047835037,-0.03488431669512147,0.021001190613703057
1514,RWPE2,H3K36me3,RTE-BovB,0.022825390227887158,0.12181485769610483,-0.0060944408595980035,0.05170707147237225
1515,RWPE2,H3K36me3,tRNA-RTE,0.005894877274708462,0.7135986115633131,-0.02558130283328035,0.03735938061183433
1516,RWPE2,H3K36me3,hAT-Ac,-0.008389332560730845,0.6433770777771046,-0.04388044368502502,0.027122927370870818
1517,RWPE2,H3K36me3,hAT,-0.005238158650412987,0.7857709761501532,-0.042987486815368924,0.032526104706350735
1518,RWPE2,H3K36me3,MULE-MuDR,0.018934697463000257,0.3632219749674682,-0.02188692687028409,0.05969329088758182
1519,RWPE2,H3K36me3,PiggyBac,0.01221666123130863,0.5761675021697337,-0.030616140496470934,0.05500467657767259
1520,RWPE2,H3K36me3,5S-Deu-L2,0.0010857110848221528,0.9624382281523406,-0.04407690589587378,0.046243899527366024
1521,RWPE2,H3K36me3,Helitron,0.02111474586775812,0.38497972117543466,-0.026529554287501728,0.0686633358470033
1522,RWPE2,H3K36me3,hAT-Tag1,0.010517940463169062,0.6661485722734498,-0.037255529450838036,0.05824344299166863
1523,RWPE2,H3K36me3,tRNA,-0.032082207651264655,0.21353865133803493,-0.08249070548937999,0.018490031177181454
1524,RWPE2,H3K36me3,Penelope,0.05725951312797269,0.14141073287129186,-0.01914539954572268,0.13299953458806232
1525,RWPE2,H3K36me3,TcMar-Tc1,-0.01761839450002022,0.6531500814993583,-0.0942219736072487,0.05919258210075837
1526,RWPE2,H3K36me3,Dong-R4,0.06494770753480011,0.17987648060199232,-0.030124046382291526,0.15885485340411062
1527,RWPE2,H3K36me3,tRNA-Deu,0.07040938257227684,0.15071901444328253,-0.025798208548770116,0.16532467054231823
1528,RWPE2,H3K36me3,Kolobok,-0.07200724478075246,0.17583424071910594,-0.1749164641202621,0.03245826661853304
1529,RWPE2,H3K36me3,PIF-Harbinger,0.06401670081910141,0.23292261807740072,-0.04134826030160222,0.16797348960852618
1530,RWPE2,H3K36me3,Crypton,0.07723304168813011,0.19516637055823413,-0.03989644463852786,0.19226875138317193
1531,RWPE2,H3K36me3,Merlin,0.07632982089913565,0.268543420088602,-0.0592229065843028,0.2091185896905991
1532,RWPE2,H3K36me3,TcMar,0.1445023872299562,0.03969231260606573,0.0062089031449288415,0.2773721497105526
1533,RWPE2,H3K36me3,L1-Tx1,-0.17264195966273135,0.0436557227855948,-0.33189876538528634,-0.0038164410444146957
1534,RWPE2,H3K36me3,Crypton-A,-0.09730780061627337,0.26886039539125034,-0.2648008486986474,0.07588473017817995
1535,RWPE2,H3K36me3,I-Jockey,-0.0300806227411732,0.7561803401173236,-0.21699579899092103,0.15896227557120485
1536,RWPE2,H3K36me3,hAT-Tip100?,0.14253663003663003,0.2611967351245489,-0.10827902898428562,0.3762919768769957
1537,RWPE2,H3K36me3,TcMar-Pogo,0.2778592375366568,0.12361542900717476,-0.08534570674455215,0.5758792594591452
1538,RWPE2,H3K36me3,hAT?,0.08968678380443086,0.6139684184055756,-0.25691136181530194,0.41584318050250935
1539,RWPE2,H3K36me3,hAT-hAT19,0.05294117647058824,0.8456104411493658,-0.4549988507346061,0.5348883254111099
1540,22Rv1,CTCF,Alu,-0.000817157414759527,0.38955235373163954,-0.0026785472471983155,0.0010442380802287063
1541,22Rv1,CTCF,L1,-0.00035728377851101874,0.7949888809914861,-0.0030522774116815365,0.0023377150445676653
1542,22Rv1,CTCF,MIR,-0.0009018879046423432,0.5165052167543938,-0.0036266374970534833,0.0018228750795467141
1543,22Rv1,CTCF,L2,-0.0011775223399243028,0.48166064798735453,-0.004457471519775407,0.002102452175885201
1544,22Rv1,CTCF,ERVL-MaLR,0.004274242298625398,0.032725105000904316,0.00035121415064823887,0.008197138886152124
1545,22Rv1,CTCF,hAT-Charlie,-0.0002323879620539963,0.9130886132395982,-0.004405509954024044,0.0039407421239803465
1546,22Rv1,CTCF,ERV1,0.00339131751746482,0.26641353874105034,-0.0025895479298447227,0.009371940351873562
1547,22Rv1,CTCF,ERVL,0.00042864109127511833,0.8907259640721572,-0.005686369674048058,0.006543619800102042
1548,22Rv1,CTCF,TcMar-Tigger,-0.0036838432700019236,0.24582890431092663,-0.00990500666635844,0.0025376052939392
1549,22Rv1,CTCF,hAT-Tip100,-0.0025151935202516592,0.5615912568198101,-0.011007262268707635,0.00597723801352358
1550,22Rv1,CTCF,CR1,0.005382228772669021,0.2537869424259299,-0.0038616461682812095,0.014625183963952343
1551,22Rv1,CTCF,Gypsy,-0.0003019113564625961,0.9698299593186781,-0.015946263678441108,0.01534258874997394
1552,22Rv1,CTCF,hAT-Blackjack,-0.0037017355862002162,0.6492996608357138,-0.019654520488297904,0.012252933683618492
1553,22Rv1,CTCF,TcMar-Mariner,0.0013682246842568193,0.8675869803890284,-0.014715462124979591,0.01745120364496814
1554,22Rv1,CTCF,RTE-X,-0.0009964084927927427,0.9228909511367347,-0.021170135629083996,0.01917812971210599
1555,22Rv1,CTCF,ERVK,-0.013697338606990562,0.23880196462018805,-0.03647489554934622,0.00909444270687267
1556,22Rv1,CTCF,TcMar-Tc2,0.01574492354064148,0.20300586763233172,-0.008498391663423354,0.03996974049064506
1557,22Rv1,CTCF,SVA,0.013233219577175475,0.35256714472188977,-0.014669024178037027,0.04111486987913717
1558,22Rv1,CTCF,RTE-BovB,-0.01330965885979564,0.3668436417500923,-0.042197317673833966,0.015600234727235181
1559,22Rv1,CTCF,tRNA-RTE,-0.02021046357996339,0.20798976047818282,-0.0516357894519574,0.011254847146079747
1560,22Rv1,CTCF,hAT-Ac,0.0008032471006658387,0.9646545238539381,-0.034712961490424576,0.03631742937255489
1561,22Rv1,CTCF,hAT,-0.009106398601395145,0.6365453239555934,-0.04684864360556631,0.028661810114876438
1562,22Rv1,CTCF,MULE-MuDR,-0.01101642317346248,0.5967421990693753,-0.05178660992153116,0.02979042413162319
1563,22Rv1,CTCF,PiggyBac,-0.009174864960150995,0.6744830732691183,-0.05195014132328476,0.033634015554257934
1564,22Rv1,CTCF,5S-Deu-L2,-0.04307840559681322,0.06142255659656369,-0.0880644857203828,0.002083039271487808
1565,22Rv1,CTCF,Helitron,-0.0008513889966968172,0.9720588853304547,-0.04846176111261255,0.046762843202769314
1566,22Rv1,CTCF,hAT-Tag1,-0.011799532744505533,0.6283762890543525,-0.059521091406434225,0.03597583727582086
1567,22Rv1,CTCF,tRNA,-0.009744967825916861,0.7055271463861668,-0.06022901223603538,0.040788803038876095
1568,22Rv1,CTCF,Penelope,-0.004710119666897116,0.9039408741957576,-0.08105609769212038,0.07169080692400133
1569,22Rv1,CTCF,TcMar-Tc1,-0.006599330492931018,0.8661304085536415,-0.08316583559005661,0.07004463247679177
1570,22Rv1,CTCF,Dong-R4,-0.04366499195632949,0.36751580247993487,-0.13792557103460687,0.05137946627194864
1571,22Rv1,CTCF,tRNA-Deu,0.06899585166556148,0.15910804479847981,-0.027212912047722193,0.16393813160465562
1572,22Rv1,CTCF,Kolobok,-0.08872227592349256,0.09510687872546056,-0.1912439148429311,0.015714338088320127
1573,22Rv1,CTCF,PIF-Harbinger,-0.03245508884843004,0.5456474476903073,-0.13699573161383807,0.07280054564172041
1574,22Rv1,CTCF,Crypton,-0.015841263340774875,0.7907564363452042,-0.13220183142235856,0.10094997502158762
1575,22Rv1,CTCF,Merlin,0.03355779082496526,0.6270686336112139,-0.10168861333571418,0.16758622836612136
1576,22Rv1,CTCF,TcMar,-0.02557898251496395,0.7171628367274018,-0.16273771920725533,0.11254960413288245
1577,22Rv1,CTCF,L1-Tx1,-0.018425845658361854,0.8307724000611232,-0.18558174870729596,0.14976647018673486
1578,22Rv1,CTCF,Crypton-A,-0.042887284754705005,0.6266929768528382,-0.21292305326135177,0.1296698226821635
1579,22Rv1,CTCF,I-Jockey,0.0668334723380595,0.48988601485437244,-0.12302143371258793,0.25196905268225833
1580,22Rv1,CTCF,hAT-Tip100?,0.054029304029304025,0.6715472931961217,-0.19453742250829992,0.29607568538225254
1581,22Rv1,CTCF,TcMar-Pogo,0.05095307917888562,0.7818213276177496,-0.30334098627255174,0.39287018085688213
1582,22Rv1,CTCF,hAT?,-0.01818181818181818,0.9187089845919637,-0.35419535571678995,0.3219895367597735
1583,22Rv1,CTCF,hAT-hAT19,-0.7794117647058825,0.00037168023647875503,-0.9308283221840832,-0.3996093084667046
1584,22Rv1,H3K27ac,Alu,0.0004004163490251057,0.6734098028438025,-0.0014616284764634214,0.0022624583978614428
1585,22Rv1,H3K27ac,L1,-0.0026135156720165334,0.05737094913727003,-0.0053088080774836635,8.181470654286756e-05
1586,22Rv1,H3K27ac,MIR,0.000947336305297022,0.4956429596409341,-0.0017777165265559986,0.0036723750675362096
1587,22Rv1,H3K27ac,L2,-0.0009492745336579278,0.570563871551075,-0.004229355969448519,0.0023308273286428123
1588,22Rv1,H3K27ac,ERVL-MaLR,0.0019674979138773743,0.32569709193123986,-0.0019561502028635734,0.0058910854520011265
1589,22Rv1,H3K27ac,hAT-Charlie,0.00040984410138704484,0.8473847166399839,-0.003763969955995299,0.0045836438792540716
1590,22Rv1,H3K27ac,ERV1,0.0038959658803012936,0.20174519103744068,-0.002085569543488298,0.009877222527149258
1591,22Rv1,H3K27ac,ERVL,0.0005397328630154755,0.8626701467859365,-0.005575847123277437,0.00665527247720111
1592,22Rv1,H3K27ac,TcMar-Tigger,-0.0030339180692539086,0.3392367845231429,-0.009255879311812477,0.003188278087273068
1593,22Rv1,H3K27ac,hAT-Tip100,0.006701744375231826,0.1219798593251515,-0.0017917799105169677,0.015194301800553284
1594,22Rv1,H3K27ac,CR1,0.0022652682344684355,0.6310300502271051,-0.006979019696797063,0.011509169014543963
1595,22Rv1,H3K27ac,Gypsy,0.003323670463960666,0.6771492408845788,-0.012321939138841987,0.018967653047989978
1596,22Rv1,H3K27ac,hAT-Blackjack,-0.0014780366453784025,0.8559460480380654,-0.01743416851699501,0.014478847874157205
1597,22Rv1,H3K27ac,TcMar-Mariner,-0.015265384522271901,0.06291923668486761,-0.03134631220898148,0.0008234440265574427
1598,22Rv1,H3K27ac,RTE-X,0.004508586298724068,0.6613885014939422,-0.015666020115671305,0.024679523183884583
1599,22Rv1,H3K27ac,ERVK,-0.01548166251453656,0.18330507437609173,-0.03827126615197841,0.007324037638642678
1600,22Rv1,H3K27ac,TcMar-Tc2,0.0019462149896482402,0.8749983010465598,-0.022298992722815884,0.02618913482186767
1601,22Rv1,H3K27ac,SVA,0.005372759619331705,0.7060054257964923,-0.02254056738080566,0.033277716476011486
1602,22Rv1,H3K27ac,RTE-BovB,0.006060856879814997,0.6812006642203159,-0.022852312601708176,0.034963896133975964
1603,22Rv1,H3K27ac,tRNA-RTE,-0.0008772073597472391,0.9564273217517173,-0.032335317975434555,0.030582639544231606
1604,22Rv1,H3K27ac,hAT-Ac,-0.025270680196199595,0.16321083142071802,-0.060737037839205886,0.010259406463199942
1605,22Rv1,H3K27ac,hAT,0.008297274732631837,0.6667394739570347,-0.029463170426372916,0.04603407172336452
1606,22Rv1,H3K27ac,MULE-MuDR,0.036436630671127145,0.08009956884050731,-0.0043844757019606585,0.07713650344642588
1607,22Rv1,H3K27ac,PiggyBac,-0.0030922114075703526,0.8874610700482338,-0.04589121887490361,0.03971812751506469
1608,22Rv1,H3K27ac,5S-Deu-L2,0.01860111447009848,0.41946753164076966,-0.026561572645358272,0.06368802247900136
1609,22Rv1,H3K27ac,Helitron,-0.004708168387280675,0.8464145912088417,-0.052309033801654414,0.04291404300308817
1610,22Rv1,H3K27ac,hAT-Tag1,0.04162016438104288,0.08764970352092238,-0.006166178837308056,0.08921685130434663
1611,22Rv1,H3K27ac,tRNA,-0.030334124870370568,0.23940463599963602,-0.08073448486261521,0.02022095985808197
1612,22Rv1,H3K27ac,Penelope,-0.013027030125938576,0.7383416481255332,-0.08925830762906158,0.06335598004296655
1613,22Rv1,H3K27ac,TcMar-Tc1,-0.004560654407263816,0.9072576000952758,-0.08114042212966517,0.07207264337791154
1614,22Rv1,H3K27ac,Dong-R4,-0.018636132120421964,0.7006426068275227,-0.11323108292897853,0.07629363530823555
1615,22Rv1,H3K27ac,tRNA-Deu,0.025352694692210676,0.6052483305335798,-0.07074977567838206,0.12098883870056426
1616,22Rv1,H3K27ac,Kolobok,-0.06450536971430627,0.22537812003944874,-0.16757456874820004,0.039958695460198417
1617,22Rv1,H3K27ac,PIF-Harbinger,0.024773022644320145,0.6446488658633218,-0.0804322647636966,0.12943243722911135
1618,22Rv1,H3K27ac,Crypton,-0.11902866900711773,0.04543255183369213,-0.23279255776844218,-0.0020512297899889288
1619,22Rv1,H3K27ac,Merlin,-0.12364914605384936,0.07239671889189608,-0.25464709977174727,0.011805055848477162
1620,22Rv1,H3K27ac,TcMar,-0.017453843321157896,0.804782707600151,-0.15480192468793927,0.12055612901664865
1621,22Rv1,H3K27ac,L1-Tx1,0.012778613326391783,0.8821806473965779,-0.15527638910922098,0.18011478620852667
1622,22Rv1,H3K27ac,Crypton-A,0.08024150121861442,0.3622563734734141,-0.09283414952089772,0.24861028501935256
1623,22Rv1,H3K27ac,I-Jockey,0.03510332684644611,0.7170710652017254,-0.15407260257494257,0.2217966467557155
1624,22Rv1,H3K27ac,hAT-Tip100?,0.18896520146520146,0.13480072272324992,-0.06183513702318774,0.41731946348997767
1625,22Rv1,H3K27ac,TcMar-Pogo,0.03005865102639296,0.8702751611910936,-0.3220840730014837,0.3748946400218863
1626,22Rv1,H3K27ac,hAT?,0.06524064171122994,0.7139346935223427,-0.2794273934733477,0.3950144541675607
1627,22Rv1,H3K27ac,hAT-hAT19,-0.3558823529411765,0.1761037380915931,-0.7318535353453441,0.18618358467659962
1628,RWPE1,CTCF,Alu,-0.0011628534325161333,0.22154396257458558,-0.00302728479070306,0.00070158601011639
1629,RWPE1,CTCF,L1,-0.0003788874791999776,0.7832285040913233,-0.003078143116753443,0.0023203736794995206
1630,RWPE1,CTCF,MIR,0.0013041410570441346,0.34837341141609146,-0.0014216110333185655,0.004029873768694232
1631,RWPE1,CTCF,L2,0.0013909783514993133,0.40604485098710474,-0.001890228696558711,0.004672155448337554
1632,RWPE1,CTCF,ERVL-MaLR,0.0008285301400186141,0.6793138195282398,-0.0030995989210289344,0.004756633632446954
1633,RWPE1,CTCF,hAT-Charlie,0.0031011941122749812,0.1455620644909247,-0.0010751854239320067,0.007277465467282672
1634,RWPE1,CTCF,ERV1,0.0055107778048528655,0.07204574270671574,-0.0004936924730558763,0.011514850729535602
1635,RWPE1,CTCF,ERVL,-0.0011954611747425064,0.7019021263709749,-0.007316933715614572,0.00492610096122989
1636,RWPE1,CTCF,TcMar-Tigger,-0.002106010690898468,0.5074047739647496,-0.008332738373257827,0.004120880305541207
1637,RWPE1,CTCF,hAT-Tip100,0.004647852898186415,0.2836098198486724,-0.0038480652486988795,0.013143100113709396
1638,RWPE1,CTCF,CR1,0.010596457643446166,0.02476334613073383,0.0013455094800364409,0.01984559226819668
1639,RWPE1,CTCF,Gypsy,-0.0014463454859298323,0.8562734966626031,-0.017096377845040134,0.014204395394772303
1640,RWPE1,CTCF,hAT-Blackjack,0.008840787683427557,0.27798124676049,-0.007131892685064547,0.024808957934409275
1641,RWPE1,CTCF,TcMar-Mariner,0.002652486787328402,0.7469014978177851,-0.013455895232362026,0.01875949238056576
1642,RWPE1,CTCF,RTE-X,0.0026653716719477745,0.795771804100217,-0.01751723925463645,0.02284581140352282
1643,RWPE1,CTCF,ERVK,0.0025415848962005334,0.82831493231899,-0.0204267371948301,0.02550722568814926
1644,RWPE1,CTCF,TcMar-Tc2,-0.008720062988824523,0.4808994245404634,-0.03295768855297757,0.01552781310763297
1645,RWPE1,CTCF,SVA,-0.00821528348845564,0.563950568859475,-0.03610873754891108,0.01969096101402429
1646,RWPE1,CTCF,RTE-BovB,-0.001789884114469271,0.9034558435771932,-0.03070350959537293,0.027126734363954026
1647,RWPE1,CTCF,tRNA-RTE,0.01523276747134377,0.3428898983222327,-0.016248007558500987,0.04668337189719818
1648,RWPE1,CTCF,hAT-Ac,-0.020526635338882087,0.2578024126750943,-0.05603389085398266,0.015032476150017843
1649,RWPE1,CTCF,hAT,0.00903159387720166,0.6393179063472113,-0.02873654657186023,0.046773983876243555
1650,RWPE1,CTCF,MULE-MuDR,0.006029118204311135,0.7722510337141903,-0.034789717003159554,0.04682787140634735
1651,RWPE1,CTCF,PiggyBac,0.0008948399465756157,0.9673645614419554,-0.041952648654342735,0.04373904311045767
1652,RWPE1,CTCF,5S-Deu-L2,-0.03202442532027623,0.1645819007464063,-0.07707297826659029,0.013154616904857658
1653,RWPE1,CTCF,Helitron,-0.06021647707917322,0.013263130104031148,-0.10761903268917652,-0.012540758409528832
1654,RWPE1,CTCF,hAT-Tag1,-0.029045546742731215,0.2336765199917127,-0.07673090613338691,0.018772384688502723
1655,RWPE1,CTCF,tRNA,-0.026959813543246655,0.2959264526079715,-0.0773928092797218,0.023610800321015944
1656,RWPE1,CTCF,Penelope,0.018171941842159534,0.6419781211621729,-0.05840649028610476,0.09453776563784488
1657,RWPE1,CTCF,TcMar-Tc1,0.03111185841589027,0.42701674342772455,-0.04568191226106766,0.10754007115085154
1658,RWPE1,CTCF,Dong-R4,0.06625634406525244,0.17124414836837604,-0.02881496803684531,0.1601396842022652
1659,RWPE1,CTCF,tRNA-Deu,0.021034384882807754,0.6680624787070071,-0.0750426585828864,0.11672449275593294
1660,RWPE1,CTCF,Kolobok,-0.005849679468011578,0.9126689250201957,-0.11001863518445702,0.09844638725779738
1661,RWPE1,CTCF,PIF-Harbinger,0.05051348454932875,0.34676376374373774,-0.054823969068991577,0.15473894142655747
1662,RWPE1,CTCF,Crypton,0.07819955994443309,0.18961891937462674,-0.038929949444096924,0.19320924927125102
1663,RWPE1,CTCF,Merlin,0.009206629233084185,0.8942389341722746,-0.12602147815089199,0.14409882790641879
1664,RWPE1,CTCF,TcMar,0.011862072032765238,0.866606276904169,-0.12605846892938335,0.14933273923929619
1665,RWPE1,CTCF,L1-Tx1,0.005602894557462868,0.9481900677707509,-0.16226636624821508,0.1731569582565161
1666,RWPE1,CTCF,Crypton-A,0.04047707700430056,0.6462130752157087,-0.1320343358758208,0.21060861607043208
1667,RWPE1,CTCF,I-Jockey,-0.014669632100824764,0.8796618587963292,-0.20222319255224705,0.1739219112894551
1668,RWPE1,CTCF,hAT-Tip100?,0.036950549450549444,0.7719101328520364,-0.21085497738474704,0.2802936173793102
1669,RWPE1,CTCF,TcMar-Pogo,-0.0689149560117302,0.7078257710110518,-0.408169165433344,0.2870640403516037
1670,RWPE1,CTCF,hAT?,-0.08235294117647057,0.6433482213321531,-0.4096213488345813,0.2636959183316281
1671,RWPE1,CTCF,hAT-hAT19,0.13529411764705881,0.6173674089706418,-0.3884296309682105,0.5929522406234536
1672,RWPE1,H3K27ac,Alu,-0.0014230871406644202,0.13453339713891782,-0.0032869416138280646,0.00044077722004879835
1673,RWPE1,H3K27ac,L1,0.0014212699004746382,0.30202602199564393,-0.001277736549231979,0.0041202556434310495
1674,RWPE1,H3K27ac,MIR,0.0010838289990506796,0.4359068774248196,-0.00164265297310062,0.0038102948575504734
1675,RWPE1,H3K27ac,L2,0.0018964525529639327,0.2572862132575078,-0.0013847006725103937,0.0051775649445103145
1676,RWPE1,H3K27ac,ERVL-MaLR,0.003941287914350375,0.04921957912766543,1.3454321810115453e-05,0.007868999897358583
1677,RWPE1,H3K27ac,hAT-Charlie,-0.0024768191791092247,0.24512146910328253,-0.006653425242077069,0.00169987329763336
1678,RWPE1,H3K27ac,ERV1,0.004499191961107003,0.14185835253899864,-0.001504132505556683,0.01050219213782581
1679,RWPE1,H3K27ac,ERVL,0.0002254678772351606,0.9424489838908713,-0.005895765684527977,0.006346684542706682
1680,RWPE1,H3K27ac,TcMar-Tigger,0.0021056206752331735,0.5075905532010697,-0.004122842193183501,0.008333920177367676
1681,RWPE1,H3K27ac,hAT-Tip100,0.0022977868216981327,0.5960390290822395,-0.0061978262669169035,0.010793068233953543
1682,RWPE1,H3K27ac,CR1,-0.0043583193266986476,0.35581621130547614,-0.013608738010355611,0.004892845316188693
1683,RWPE1,H3K27ac,Gypsy,0.005500728316793667,0.49089738994627163,-0.010149677143314956,0.021148439515387304
1684,RWPE1,H3K27ac,hAT-Blackjack,0.0041233628300194804,0.6132158260062885,-0.011864248669515718,0.020108866677835846
1685,RWPE1,H3K27ac,TcMar-Mariner,0.003635476079244901,0.6595192126836288,-0.012537118274487311,0.019806168893492557
1686,RWPE1,H3K27ac,RTE-X,0.006822873709718363,0.5076432044533296,-0.013361903914378364,0.02700209298401383
1687,RWPE1,H3K27ac,ERVK,0.010571092056454389,0.3670172831926036,-0.012398075221600361,0.0335291092537692
1688,RWPE1,H3K27ac,TcMar-Tc2,-0.0012751369691237013,0.9179955406987343,-0.025544497680666325,0.022995725953955604
1689,RWPE1,H3K27ac,SVA,0.00811946839693657,0.5685446731821822,-0.0197895629458415,0.036015855900802946
1690,RWPE1,H3K27ac,RTE-BovB,-0.023334006860258764,0.11391803562166353,-0.05223046791240241,0.0056014961452661195
1691,RWPE1,H3K27ac,tRNA-RTE,0.024637255333218172,0.12508116869678587,-0.006852111443153376,0.05607780859011961
1692,RWPE1,H3K27ac,hAT-Ac,0.014778727585704969,0.4152519289951969,-0.020778528917426903,0.05029864513908058
1693,RWPE1,H3K27ac,hAT,0.016640655313596715,0.38802143342883244,-0.021146841450340962,0.05438067642309519
1694,RWPE1,H3K27ac,MULE-MuDR,-0.03197314541039632,0.12479933389409059,-0.07270740371767653,0.008867603937761735
1695,RWPE1,H3K27ac,PiggyBac,0.00579799049026297,0.7909340669068301,-0.03705744659920865,0.048632140397635394
1696,RWPE1,H3K27ac,5S-Deu-L2,0.03101593141345034,0.17829076147779846,-0.014163207667951577,0.07606868648930412
1697,RWPE1,H3K27ac,Helitron,-0.014983009257729985,0.5385698455167967,-0.06266598675053549,0.03276821379724739
1698,RWPE1,H3K27ac,hAT-Tag1,-0.01187798805202443,0.6262992457409571,-0.059627639251913125,0.035925896637623855
1699,RWPE1,H3K27ac,tRNA,-0.0010794840622854352,0.9666126960270274,-0.05158918096000725,0.049435721465692466
1700,RWPE1,H3K27ac,Penelope,0.055390884339328136,0.1561425842703446,-0.02124858351132427,0.1313831725798956
1701,RWPE1,H3K27ac,TcMar-Tc1,0.05599992432236623,0.15289085622412157,-0.020874753400564917,0.13221631815951368
1702,RWPE1,H3K27ac,Dong-R4,0.021679132960209985,0.6547001102787093,-0.07326932097846658,0.11623812337545777
1703,RWPE1,H3K27ac,tRNA-Deu,0.005656670381372014,0.9082029800002407,-0.0903081738017725,0.10151743683132677
1704,RWPE1,H3K27ac,Kolobok,-0.08700306043078687,0.10220354692346481,-0.18971017814237448,0.01758752231112512
1705,RWPE1,H3K27ac,PIF-Harbinger,0.012644179890935497,0.8139178807686792,-0.09246281453423016,0.11747249782420202
1706,RWPE1,H3K27ac,Crypton,-0.02672233698876735,0.654420541583824,-0.14289517417254274,0.09017682463466183
1707,RWPE1,H3K27ac,Merlin,-0.08920303228635716,0.19791054123565271,-0.22217074426900868,0.04702216785690661
1708,RWPE1,H3K27ac,TcMar,0.038080851878314906,0.5896012970251765,-0.10020393013145083,0.17492232583963346
1709,RWPE1,H3K27ac,L1-Tx1,0.06903391490771514,0.4227990992902887,-0.10003708897066822,0.2342302316011271
1710,RWPE1,H3K27ac,Crypton-A,0.0984928861546782,0.2630453783690751,-0.07470492865435498,0.26592246464281
1711,RWPE1,H3K27ac,I-Jockey,0.1758409785932722,0.06740754263076598,-0.014145795040603227,0.35357366012232927
1712,RWPE1,H3K27ac,hAT-Tip100?,0.14195804195804196,0.25931181768206496,-0.10683399387768779,0.37402094177460316
1713,RWPE1,H3K27ac,TcMar-Pogo,-0.06414956011730204,0.7272345110741395,-0.40412403087985965,0.29139739224688993
1714,RWPE1,H3K27ac,hAT?,0.09824293353705117,0.5804257841510962,-0.24896343748802838,0.42307305360524694
1715,RWPE1,H3K27ac,hAT-hAT19,0.18823529411764706,0.4850866091454682,-0.3433482297655295,0.6284784835567567
