,cell_line,modification,family_name,r,p_value,ci_low,ci_high
0,Caco-2,H3K4me1,Alu,0.00019658538063552396,0.8365780221884435,-0.0016713318291925767,0.002064501218646695
1,Caco-2,H3K4me1,L1,-0.0014007774034428527,0.3096237755435847,-0.004102965354183518,0.0013014310039409544
2,Caco-2,H3K4me1,MIR,-0.002537026514368765,0.06828495587702417,-0.0052644473864351836,0.00019043210345352977
3,Caco-2,H3K4me1,L2,-0.0007381763110642718,0.659398660492454,-0.004020790164110582,0.002544453450584777
4,Caco-2,H3K4me1,ERVL-MaLR,0.00012113009722679205,0.9518784581354046,-0.0038128806370981414,0.0040551370822297685
5,Caco-2,H3K4me1,hAT-Charlie,0.002845886077261858,0.1821602628974762,-0.0013349952275181665,0.0070266678927440925
6,Caco-2,H3K4me1,ERV1,0.0035877155826240896,0.24292482943613353,-0.0024341969855176788,0.00960936795290697
7,Caco-2,H3K4me1,ERVL,0.0002219477322430131,0.9434124996665076,-0.005906493021987325,0.006350371814786987
8,Caco-2,H3K4me1,TcMar-Tigger,-0.002225496083045953,0.4840301364855404,-0.008458069818768956,0.004007250557011046
9,Caco-2,H3K4me1,hAT-Tip100,-0.005209535428891778,0.22969823304958478,-0.013709579089020395,0.0032912611039483393
10,Caco-2,H3K4me1,CR1,0.0037832065065261347,0.4229699160397641,-0.005470725053249082,0.013036490150729628
11,Caco-2,H3K4me1,Gypsy,-0.006059884123449895,0.44816754463042796,-0.021716367580078753,0.009599570870097272
12,Caco-2,H3K4me1,hAT-Blackjack,-0.0085231124619822,0.29627411287316346,-0.024513208368922207,0.007471343382846234
13,Caco-2,H3K4me1,TcMar-Mariner,0.004496415110877191,0.5845269852386225,-0.011620997947954122,0.020611492384502713
14,Caco-2,H3K4me1,RTE-X,-0.0068678466512112025,0.5050302398233135,-0.02705560161604447,0.013325508049828332
15,Caco-2,H3K4me1,ERVK,0.00518094775950642,0.6600458559771307,-0.0179044241110994,0.028260798592079656
16,Caco-2,H3K4me1,TcMar-Tc2,0.011468168751016646,0.3545517230068108,-0.012811921639841557,0.03573474339750522
17,Caco-2,H3K4me1,SVA,0.0026197336323677553,0.8547851399899093,-0.02543162642172391,0.03066697143831392
18,Caco-2,H3K4me1,RTE-BovB,-0.010820490649957278,0.4639088399967606,-0.0397587497883338,0.01813590462171107
19,Caco-2,H3K4me1,tRNA-RTE,0.005510711350445529,0.7316504113932935,-0.025981437688894375,0.03699193329457616
20,Caco-2,H3K4me1,hAT-Ac,0.0031744346393707485,0.8612284185333933,-0.032408839355694934,0.03874967162518607
21,Caco-2,H3K4me1,hAT,0.02308513569621621,0.23125157260168538,-0.014718361521852701,0.060822730680960516
22,Caco-2,H3K4me1,MULE-MuDR,-0.02750420933610901,0.18701920865445062,-0.06828053933077732,0.013363858826935658
23,Caco-2,H3K4me1,PiggyBac,-0.008206427882398382,0.707964096657653,-0.05110686484264258,0.034724239398673064
24,Caco-2,H3K4me1,5S-Deu-L2,0.020606047094957333,0.3714981540684571,-0.02459407185778289,0.06572208856636848
25,Caco-2,H3K4me1,Helitron,-0.03459944495265282,0.15608309752238533,-0.08227364442951669,0.013232742120128592
26,Caco-2,H3K4me1,hAT-Tag1,0.042535328955986676,0.0811661453466455,-0.00529303456096241,0.09016952761146435
27,Caco-2,H3K4me1,tRNA,-0.027647446930049703,0.2839351789051672,-0.07809401308444074,0.02294033863699338
28,Caco-2,H3K4me1,Penelope,0.026403903931930085,0.4996135954972518,-0.05026025711155953,0.10275872938048151
29,Caco-2,H3K4me1,TcMar-Tc1,0.03820689952096653,0.3296499008714179,-0.03865937892411436,0.1146236768264537
30,Caco-2,H3K4me1,Dong-R4,-0.04938702431784522,0.30803170430896815,-0.1435588234639174,0.04567114213354272
31,Caco-2,H3K4me1,tRNA-Deu,0.012592633060743085,0.7974133044295889,-0.08342699861060165,0.10838058590539813
32,Caco-2,H3K4me1,Kolobok,0.017979953520452886,0.7360252455077632,-0.08642555016096365,0.12199481624563885
33,Caco-2,H3K4me1,PIF-Harbinger,-0.06143980340696852,0.25231098019190473,-0.16545004347472345,0.04392214251001315
34,Caco-2,H3K4me1,Crypton,-0.07747460507045728,0.19376891669774743,-0.19250382646885394,0.03965490258932722
35,Caco-2,H3K4me1,Merlin,-0.08736908465912677,0.20623407214591793,-0.22008987791078666,0.04852758360190821
36,Caco-2,H3K4me1,TcMar,0.02598000424206925,0.7142943777409532,-0.11284356108747129,0.1638087019640967
37,Caco-2,H3K4me1,L1-Tx1,-0.07765177813166782,0.3670963159425261,-0.24245289443130907,0.09150503536591378
38,Caco-2,H3K4me1,Crypton-A,-0.008997575112528664,0.9187590402898261,-0.1802482877625859,0.16278255217481166
39,Caco-2,H3K4me1,I-Jockey,-0.06460939671948848,0.5044763778621224,-0.24986293872384535,0.12520706446447724
40,Caco-2,H3K4me1,hAT-Tip100?,0.11405677655677654,0.369503492778694,-0.13635265396768365,0.3507666976673375
41,Caco-2,H3K4me1,TcMar-Pogo,0.06708211143695014,0.7152701401676835,-0.28873200118739867,0.4066145197740156
42,Caco-2,H3K4me1,hAT?,0.024064171122994655,0.8942511515271847,-0.32195065305210446,0.3644079259215741
43,Caco-2,H3K4me1,hAT-hAT19,-0.19705882352941176,0.46446421122573867,-0.6342644488821559,0.3356458136277041
44,Caco-2,H3K9me3,Alu,0.0017806950678485752,0.06160089451174281,-8.651027144862926e-05,0.003647887990559756
45,Caco-2,H3K9me3,L1,0.00026873537284452563,0.8454167465096433,-0.0024327677543652185,0.002970234577534142
46,Caco-2,H3K9me3,MIR,0.0034086367578527728,0.014300014467900142,0.0006813697407324535,0.006135853068545946
47,Caco-2,H3K9me3,L2,-0.0007178503744123076,0.6681896144297828,-0.004000261962385294,0.0025645766822056434
48,Caco-2,H3K9me3,ERVL-MaLR,-0.0026218583752643174,0.19137557784206663,-0.0065549429397598735,0.0013113073073247848
49,Caco-2,H3K9me3,hAT-Charlie,0.00016113782218373497,0.9397783359181207,-0.0040192653688872005,0.004341535381246803
50,Caco-2,H3K9me3,ERV1,0.0002897926550275804,0.9248436043406797,-0.005731120349834174,0.006310684649185799
51,Caco-2,H3K9me3,ERVL,-0.0031373213524179366,0.3155976365831698,-0.009264422928998671,0.002990015794244846
52,Caco-2,H3K9me3,TcMar-Tigger,0.0020569478810751893,0.5177060843173262,-0.004175291416566985,0.008289027395108043
53,Caco-2,H3K9me3,hAT-Tip100,0.005246896146920143,0.2263483455168889,-0.003253420899376614,0.013746455006921145
54,Caco-2,H3K9me3,CR1,-0.0005922083012052965,0.9001819589930024,-0.009845655814955537,0.008661340630892581
55,Caco-2,H3K9me3,Gypsy,0.0015275867923694123,0.8483769988345449,-0.014131660478641664,0.017186084932170373
56,Caco-2,H3K9me3,hAT-Blackjack,0.010623886987662963,0.19293326149673842,-0.005370091193302841,0.026612431065504025
57,Caco-2,H3K9me3,TcMar-Mariner,0.006208310612104094,0.4503025140732536,-0.009910415648613976,0.022323811390265024
58,Caco-2,H3K9me3,RTE-X,0.0036148716161999972,0.7256670075277636,-0.016575530299376365,0.02380232670175176
59,Caco-2,H3K9me3,ERVK,-0.004377001798146573,0.7100976421654663,-0.027449415498365114,0.018700073006457894
60,Caco-2,H3K9me3,TcMar-Tc2,-0.029984332332539523,0.015461012582377568,-0.054222316673276795,-0.005711034529851941
61,Caco-2,H3K9me3,SVA,-0.014163533113387075,0.3220114432617151,-0.04217468774981893,0.013869869757780309
62,Caco-2,H3K9me3,RTE-BovB,-0.03502373780911556,0.017672637605988663,-0.06390506185637458,-0.006083794502933899
63,Caco-2,H3K9me3,tRNA-RTE,-0.012269573888839333,0.44507243537252017,-0.04373720152491225,0.019222375137854426
64,Caco-2,H3K9me3,hAT-Ac,-0.023721138334850025,0.19139522644086993,-0.05925564484305127,0.01187340859349612
65,Caco-2,H3K9me3,hAT,0.010641918093475223,0.5810102570517436,-0.02714867343260553,0.04840213455150652
66,Caco-2,H3K9me3,MULE-MuDR,0.012512240770558467,0.5484031361563523,-0.02834918171466171,0.05333191713513731
67,Caco-2,H3K9me3,PiggyBac,0.016939180347427713,0.43937403955377896,-0.026000513383286784,0.05981648143222125
68,Caco-2,H3K9me3,5S-Deu-L2,0.005067326467562938,0.826024513537205,-0.040102582831200974,0.05021656675524779
69,Caco-2,H3K9me3,Helitron,-0.035143613589906364,0.14955105613132658,-0.08280106924274244,0.012674216018295657
70,Caco-2,H3K9me3,hAT-Tag1,-0.017277399609603426,0.4788768689814997,-0.06502327816230936,0.03054740622345794
71,Caco-2,H3K9me3,tRNA,-0.010435406299684733,0.685937275772635,-0.0609507088307813,0.040133216304675
72,Caco-2,H3K9me3,Penelope,-0.025897053165868163,0.5082100106014724,-0.10231454899555865,0.050824307751058284
73,Caco-2,H3K9me3,TcMar-Tc1,0.01450209556730258,0.7120978395452813,-0.062473606077639715,0.09130628672491137
74,Caco-2,H3K9me3,Dong-R4,-0.012192053813595264,0.8014253431421284,-0.10685886540881222,0.08269382164710576
75,Caco-2,H3K9me3,tRNA-Deu,0.05160439372663839,0.292526026197215,-0.044595007056441496,0.1468555564058978
76,Caco-2,H3K9me3,Kolobok,0.04923387796228362,0.3556873993165893,-0.05534817620184589,0.1527473641851357
77,Caco-2,H3K9me3,PIF-Harbinger,-0.045970091108612325,0.39190712890005075,-0.1502795995750025,0.0593516163341954
78,Caco-2,H3K9me3,Crypton,-0.01877880643337027,0.7531124891742691,-0.13509069529119677,0.09804358904081567
79,Caco-2,H3K9me3,Merlin,-0.035540756931906704,0.6077031810859983,-0.16983590687782468,0.10005036970424899
80,Caco-2,H3K9me3,TcMar,0.02878038580338555,0.6850573850233976,-0.11008116891613838,0.16653991875786206
81,Caco-2,H3K9me3,L1-Tx1,-0.0776331095950332,0.36721186964108166,-0.24243510132417603,0.09152353833284745
82,Caco-2,H3K9me3,Crypton-A,-0.03963897597038362,0.6530584996319886,-0.20980348194697182,0.1328562026636632
83,Caco-2,H3K9me3,I-Jockey,0.07510888703549255,0.4376210812447692,-0.11487684931526777,0.2597939501501892
84,Caco-2,H3K9me3,hAT-Tip100?,0.03168498168498168,0.8037117134206956,-0.21586513299881063,0.2754079135739746
85,Caco-2,H3K9me3,TcMar-Pogo,-0.14589442815249265,0.4255992493230968,-0.47214784601141463,0.21551208613403702
86,Caco-2,H3K9me3,hAT?,0.10929144385026739,0.5448856929339969,-0.2441439929227402,0.437096195918345
87,Caco-2,H3K9me3,hAT-hAT19,-0.4941176470588235,0.051723442249235474,-0.8066328147977908,0.03431413835687011
88,SJCRH30,H3K27ac,Alu,-0.0009258371076433057,0.33076325111933536,-0.002791602545110458,0.0009399347756789545
89,SJCRH30,H3K27ac,L1,0.00030630470364363937,0.8240285362448158,-0.0023934963093561476,0.0030061012513860562
90,SJCRH30,H3K27ac,MIR,0.002132410022893387,0.12523952704073738,-0.000593650858242235,0.004858439210635866
91,SJCRH30,H3K27ac,L2,0.000562177738469495,0.7370325541424658,-0.002719222103457319,0.003843565473844068
92,SJCRH30,H3K27ac,ERVL-MaLR,0.0016692303334976516,0.4050301167705045,-0.0022598525582133225,0.005598261687612282
93,SJCRH30,H3K27ac,hAT-Charlie,0.0021767650246631576,0.3071136147407877,-0.0020006570153956902,0.006354111092922494
94,SJCRH30,H3K27ac,ERV1,-0.0036703350407588293,0.23110581648609088,-0.009677313445841823,0.0023369082587676826
95,SJCRH30,H3K27ac,ERVL,0.0032508356139052032,0.29797271688397775,-0.002871000467675677,0.009372428040276194
96,SJCRH30,H3K27ac,TcMar-Tigger,-0.003157571834976381,0.32037020551547735,-0.009385333011024911,0.003070434286053561
97,SJCRH30,H3K27ac,hAT-Tip100,-0.002746466364064803,0.5263696638875198,-0.011242499109228022,0.005749962896608376
98,SJCRH30,H3K27ac,CR1,-0.0035814401242634836,0.4479729249312808,-0.012831658986593416,0.0056693916894854385
99,SJCRH30,H3K27ac,Gypsy,0.011682500125103216,0.1434290105594654,-0.003967673664377742,0.02732695248448203
100,SJCRH30,H3K27ac,hAT-Blackjack,-0.0004377910646670569,0.9571717391020524,-0.01641434370192037,0.015538985068299073
101,SJCRH30,H3K27ac,TcMar-Mariner,-0.007899105089013753,0.33642219952721686,-0.02400136245280733,0.008207249775264179
102,SJCRH30,H3K27ac,RTE-X,0.005786024021081872,0.5741910341363347,-0.014396388843343825,0.025963724188506995
103,SJCRH30,H3K27ac,ERVK,-0.019650914641979197,0.0940830532190196,-0.0426373053745534,0.003356268975376554
104,SJCRH30,H3K27ac,TcMar-Tc2,0.012404991585018609,0.3159887855617482,-0.011843635416693114,0.03663903694661608
105,SJCRH30,H3K27ac,SVA,-0.007072847254638981,0.621436460025097,-0.03513291725171241,0.020998365583296617
106,SJCRH30,H3K27ac,RTE-BovB,-0.009055309136671146,0.5396083547182102,-0.0379737407020216,0.01987827707798222
107,SJCRH30,H3K27ac,tRNA-RTE,-0.0041435445534110165,0.7965215488290197,-0.03562643329962758,0.027347560410529152
108,SJCRH30,H3K27ac,hAT-Ac,0.021597830775020564,0.23401521295286848,-0.013979000470092096,0.057120047253651225
109,SJCRH30,H3K27ac,hAT,0.0048439548523921275,0.8015428032952073,-0.032919858907204586,0.04259395735823384
110,SJCRH30,H3K27ac,MULE-MuDR,0.007016081806571183,0.7362581620659384,-0.03380400367458319,0.047812798018276946
111,SJCRH30,H3K27ac,PiggyBac,0.03437309022425393,0.11593420124216929,-0.00849793865716391,0.07711799147873531
112,SJCRH30,H3K27ac,5S-Deu-L2,-0.004972562067256614,0.829182782110166,-0.050110050099910035,0.04018519769114295
113,SJCRH30,H3K27ac,Helitron,-0.021979116178715664,0.3661037268069466,-0.06955247384783642,0.025693985606192606
114,SJCRH30,H3K27ac,hAT-Tag1,-0.021460404664492387,0.3788003674822493,-0.06916260683237978,0.026339709368595428
115,SJCRH30,H3K27ac,tRNA,0.0026796218947594775,0.9172467177612725,-0.04783943914895719,0.05318500881162596
116,SJCRH30,H3K27ac,Penelope,-0.05921490471251513,0.13004636141114273,-0.1352752990032275,0.017539310395412594
117,SJCRH30,H3K27ac,TcMar-Tc1,-0.07405719735351596,0.05856834710880044,-0.15003327699223457,0.002788406348343673
118,SJCRH30,H3K27ac,Dong-R4,-0.06503778152289032,0.1792721772635109,-0.15894329653727862,0.03003394988123124
119,SJCRH30,H3K27ac,tRNA-Deu,-0.034395234118646464,0.483107111050582,-0.1299098056305364,0.061751819092766815
120,SJCRH30,H3K27ac,Kolobok,-0.0028532605637722297,0.9573989689824295,-0.1072044153031145,0.10156007094845847
121,SJCRH30,H3K27ac,PIF-Harbinger,-0.007543951334459524,0.8883210203459326,-0.11243647763792905,0.09751485135751743
122,SJCRH30,H3K27ac,Crypton,-0.030293107051802808,0.6118251407614523,-0.14639991229258595,0.08663699520826136
123,SJCRH30,H3K27ac,Merlin,0.0715369271178157,0.30100211370021984,-0.06432453439916046,0.20479476889053003
124,SJCRH30,H3K27ac,TcMar,-0.04843703322098517,0.49254737733628984,-0.1849919295118798,0.08995287693441185
125,SJCRH30,H3K27ac,L1-Tx1,0.022152552284046233,0.7972214293694287,-0.146126093561529,0.18918525716632306
126,SJCRH30,H3K27ac,Crypton-A,-0.011036776354288349,0.9004326670077489,-0.18222241794390073,0.16079825311608356
127,SJCRH30,H3K27ac,I-Jockey,-0.08960244648318043,0.35415633228018184,-0.27345442683431914,0.10056574893345313
128,SJCRH30,H3K27ac,hAT-Tip100?,-0.06149475524475524,0.6265222005854205,-0.3010950007961225,0.18540894559246757
129,SJCRH30,H3K27ac,TcMar-Pogo,-0.16092375366568912,0.37893593799187797,-0.48434062470361905,0.2011876792761158
130,SJCRH30,H3K27ac,hAT?,0.15202444614209318,0.3907296215452275,-0.19817849959828593,0.4678076778261277
131,SJCRH30,H3K27ac,hAT-hAT19,0.06470588235294117,0.8118214513105935,-0.44573770486135694,0.5433955247540582
132,SJCRH30,H3K4me1,Alu,0.00045861911762349206,0.6302052755233118,-0.0014084476597856998,0.002325682697601545
133,SJCRH30,H3K4me1,L1,0.0011983419897796709,0.38443918351014816,-0.0015021110646875767,0.0038987775666447615
134,SJCRH30,H3K4me1,MIR,-0.0018411284195234531,0.1857350178687566,-0.004568030049157539,0.0008858005917126228
135,SJCRH30,H3K4me1,L2,-0.0037301779856213657,0.025897387214125583,-0.00701190290363448,-0.0004483727185898314
136,SJCRH30,H3K4me1,ERVL-MaLR,-0.0001388889916019205,0.9447919646884558,-0.004069903592518429,0.0037921299017880305
137,SJCRH30,H3K4me1,hAT-Charlie,-0.0013325057535790781,0.5320175668041369,-0.005511594270447992,0.0028466293077327462
138,SJCRH30,H3K4me1,ERV1,-0.0029505671725445068,0.33610296339683277,-0.008962480011429148,0.003061558961029161
139,SJCRH30,H3K4me1,ERVL,3.3099579453908456e-05,0.9915485150911183,-0.006091323784484789,0.006157520460358384
140,SJCRH30,H3K4me1,TcMar-Tigger,0.0017631460392169218,0.5791182675187043,-0.004467008694651657,0.007993163903246425
141,SJCRH30,H3K4me1,hAT-Tip100,-0.008173904077668466,0.05941691167730838,-0.016671403062855902,0.0003247755845951325
142,SJCRH30,H3K4me1,CR1,0.002505144647997448,0.5956441550958973,-0.006747186490168683,0.011757046894374902
143,SJCRH30,H3K4me1,Gypsy,0.0018852640468754434,0.8133734071878815,-0.013766066175572586,0.017535670676382252
144,SJCRH30,H3K4me1,hAT-Blackjack,0.009057575152380568,0.26663669564951586,-0.006924138379501748,0.0250346627598624
145,SJCRH30,H3K4me1,TcMar-Mariner,0.020239184872196878,0.013822966824523993,0.004125114686934759,0.03634274686187408
146,SJCRH30,H3K4me1,RTE-X,0.0026745865581932894,0.7950708140649113,-0.017506957453552113,0.022853952099571324
147,SJCRH30,H3K4me1,ERVK,-0.0015467176951537219,0.8953199289432172,-0.024582645824301644,0.021490852098723392
148,SJCRH30,H3K4me1,TcMar-Tc2,0.013671767560335953,0.26953840102895193,-0.010599303289140929,0.03792673842220502
149,SJCRH30,H3K4me1,SVA,0.0019328131206552566,0.8926010193941492,-0.026120945374553766,0.029983529634870082
150,SJCRH30,H3K4me1,RTE-BovB,-0.01156104621352019,0.43343664630049905,-0.04046996675559747,0.017367213566991967
151,SJCRH30,H3K4me1,tRNA-RTE,-0.023429944319428516,0.144724769767031,-0.054877115445763576,0.00806366162002547
152,SJCRH30,H3K4me1,hAT-Ac,0.01916283352919682,0.2911818575148456,-0.016425290453333557,0.054702465828890164
153,SJCRH30,H3K4me1,hAT,-0.008795308404705096,0.6482305357567661,-0.04655216451324307,0.028986643147436295
154,SJCRH30,H3K4me1,MULE-MuDR,0.008857940477664862,0.6705304513846138,-0.03194662574837861,0.049633028534747055
155,SJCRH30,H3K4me1,PiggyBac,0.009695544416700806,0.6576949523864595,-0.03318561599092809,0.05254107488551503
156,SJCRH30,H3K4me1,5S-Deu-L2,-0.01830046534031339,0.4273926629271182,-0.0634242418207176,0.02689798465294562
157,SJCRH30,H3K4me1,Helitron,-0.019870605195084424,0.41388594782340415,-0.06745189118369989,0.0278008601805354
158,SJCRH30,H3K4me1,hAT-Tag1,0.0017321488296405997,0.9433748995769765,-0.046039314891555876,0.04949570791744999
159,SJCRH30,H3K4me1,tRNA,-0.025048739418342764,0.33150146987856743,-0.07549036747672465,0.025520757908787814
160,SJCRH30,H3K4me1,Penelope,0.006345266291975856,0.871434180014541,-0.07041480926298892,0.08303063760674823
161,SJCRH30,H3K4me1,TcMar-Tc1,0.029902091241435173,0.4455704019001693,-0.0469477485650852,0.10640003629988252
162,SJCRH30,H3K4me1,Dong-R4,-0.08659370367526238,0.07352014285199375,-0.18007615821979317,0.00843895217812497
163,SJCRH30,H3K4me1,tRNA-Deu,-0.028639322464735096,0.5592884642892224,-0.12423262139013484,0.06748070936569003
164,SJCRH30,H3K4me1,Kolobok,0.11711058294959181,0.027579542056021096,0.012676517823817844,0.2190172795744336
165,SJCRH30,H3K4me1,PIF-Harbinger,-0.02715682742315542,0.6131342699606979,-0.1317803644258479,0.07806507291533513
166,SJCRH30,H3K4me1,Crypton,-0.07225127674530973,0.22564285663667377,-0.18741856425233294,0.04487545884769343
167,SJCRH30,H3K4me1,Merlin,-0.04686157672704921,0.4983855552306339,-0.18085800343961753,0.0888428540511491
168,SJCRH30,H3K4me1,TcMar,0.03096903873661773,0.6601443778219578,-0.10688950095532163,0.16765930177607083
169,SJCRH30,H3K4me1,L1-Tx1,0.11701905475990544,0.17325890566539762,-0.05228838845776003,0.2797873591335876
170,SJCRH30,H3K4me1,Crypton-A,0.12759687874649445,0.14640159920509696,-0.04561380506731318,0.2933592220205795
171,SJCRH30,H3K4me1,I-Jockey,-0.04270225187656381,0.6592955631812496,-0.2290470575587333,0.14666172742042916
172,SJCRH30,H3K4me1,hAT-Tip100?,-0.02631118881118881,0.8351918001095241,-0.2685273123593471,0.2190342714811551
173,SJCRH30,H3K4me1,TcMar-Pogo,-0.26722873900293254,0.13925470383020977,-0.5678025599254729,0.09622115586455732
174,SJCRH30,H3K4me1,hAT?,-0.030404889228418636,0.8644617659404208,-0.36489007073003143,0.3110315247339326
175,SJCRH30,H3K4me1,hAT-hAT19,0.16176470588235295,0.5494831434036929,-0.36612642999165823,0.6108894426280149
176,SJCRH30,H3K9me3,Alu,0.0008259848724031939,0.385835943689504,-0.0010408428312235147,0.0026928068188537147
177,SJCRH30,H3K9me3,L1,0.0008601987620099962,0.5323724183821268,-0.0018399764532089202,0.003560361433952121
178,SJCRH30,H3K9me3,MIR,0.0008396574851458662,0.5461583807475708,-0.0018871455297265597,0.0035664480135963084
179,SJCRH30,H3K9me3,L2,0.0020247069513376786,0.2265678930031116,-0.0012569706959345635,0.005306340989219455
180,SJCRH30,H3K9me3,ERVL-MaLR,-0.0006888575197085548,0.7312358480781208,-0.004619561866130573,0.0032418681131377897
181,SJCRH30,H3K9me3,hAT-Charlie,0.00024554358759523574,0.9083099444548945,-0.003933083948213951,0.004424162548583654
182,SJCRH30,H3K9me3,ERV1,0.0007943235855802599,0.7956389351327539,-0.005216743039254594,0.006805332808462784
183,SJCRH30,H3K9me3,ERVL,-0.005878594231390129,0.059914945962546026,-0.012002218620286949,0.00024547108466196796
184,SJCRH30,H3K9me3,TcMar-Tigger,0.006282340018414252,0.04809964612717409,5.246303174205337e-05,0.012511729371599304
185,SJCRH30,H3K9me3,hAT-Tip100,0.0028947210661024667,0.504344711501476,-0.0056028314406633,0.011391855543585615
186,SJCRH30,H3K9me3,CR1,-0.0013236171227371833,0.7791735856426345,-0.010575342661370437,0.007928335010336943
187,SJCRH30,H3K9me3,Gypsy,-0.005411920958802269,0.49799221297297724,-0.021062159635315325,0.010240969327827877
188,SJCRH30,H3K9me3,hAT-Blackjack,-0.0027392116076713244,0.7368511888114027,-0.01871455848827846,0.013237533563551257
189,SJCRH30,H3K9me3,TcMar-Mariner,0.008411030758319862,0.30617479746663434,-0.007699708369752004,0.024517404495077028
190,SJCRH30,H3K9me3,RTE-X,0.010128488882511624,0.32535837046079275,-0.010056787246883823,0.030305513927417503
191,SJCRH30,H3K9me3,ERVK,0.00556884525300537,0.6355976079126052,-0.0174640009528479,0.028595784112573276
192,SJCRH30,H3K9me3,TcMar-Tc2,0.014134425492084398,0.2537372504676471,-0.010140406365079832,0.03839260753431385
193,SJCRH30,H3K9me3,SVA,0.008519459093364355,0.5515567656285083,-0.01952367365663881,0.036549197571368174
194,SJCRH30,H3K9me3,RTE-BovB,-0.015859219333879255,0.2826672863703982,-0.044768283792628594,0.013076384312859887
195,SJCRH30,H3K9me3,tRNA-RTE,0.001806325546874485,0.9105009646382343,-0.029682790240594278,0.033291859553855586
196,SJCRH30,H3K9me3,hAT-Ac,-0.0030880797152697146,0.8649005816064317,-0.03864587029409213,0.032477521520480876
197,SJCRH30,H3K9me3,hAT,-0.015111833854513734,0.43310111426266895,-0.052855408564835,0.022674855840184163
198,SJCRH30,H3K9me3,MULE-MuDR,-0.033374402849674856,0.1089480635356498,-0.07408589972411103,0.007448150720224896
199,SJCRH30,H3K9me3,PiggyBac,-1.9991148400516513e-06,0.9999270880022368,-0.04285810833421396,0.042854117447868045
200,SJCRH30,H3K9me3,5S-Deu-L2,0.02541614391611351,0.2701855229556415,-0.019774281975798575,0.07050293252229592
201,SJCRH30,H3K9me3,Helitron,-0.003290809506214224,0.892371305805668,-0.050923404718951855,0.04435672335050777
202,SJCRH30,H3K9me3,hAT-Tag1,-0.0047171108010047695,0.8466661874253578,-0.05248735731172419,0.04307467475631496
203,SJCRH30,H3K9me3,tRNA,0.010045412467324152,0.6969868797082536,-0.0405056996671086,0.06054523112590976
204,SJCRH30,H3K9me3,Penelope,0.023449063270086813,0.5494343409012046,-0.053323614668802304,0.09994616227504767
205,SJCRH30,H3K9me3,TcMar-Tc1,0.01919473319518366,0.6244134663588652,-0.057622199922363324,0.09578571922899862
206,SJCRH30,H3K9me3,Dong-R4,-0.0434359422992743,0.3700365479498302,-0.1376999796299957,0.051607869976608475
207,SJCRH30,H3K9me3,tRNA-Deu,-0.03880243387580402,0.4288039414599587,-0.13425354842422205,0.057362090742415044
208,SJCRH30,H3K9me3,Kolobok,-0.005835883692156384,0.912874066971536,-0.11000500174285906,0.09846004560173116
209,SJCRH30,H3K9me3,PIF-Harbinger,0.030212574804924373,0.5737610896052492,-0.07502931892632103,0.13478883362073674
210,SJCRH30,H3K9me3,Crypton,0.027436173328981243,0.6458093810881367,-0.08946935078953665,0.14359598481381566
211,SJCRH30,H3K9me3,Merlin,-0.005028707642019688,0.9421142933181006,-0.14000302351376867,0.13012908859771274
212,SJCRH30,H3K9me3,TcMar,0.014237283759485643,0.8402234583483017,-0.12372202081018192,0.15165665005369408
213,SJCRH30,H3K9me3,L1-Tx1,-0.014512453666331354,0.8663343914909938,-0.1817941023333049,0.15358553888949197
214,SJCRH30,H3K9me3,Crypton-A,-0.09527660670923263,0.2790286824065684,-0.2628776361873252,0.07790600877651566
215,SJCRH30,H3K9me3,I-Jockey,0.04968955611157447,0.6078740500491273,-0.13983324357766364,0.23570024587165456
216,SJCRH30,H3K9me3,hAT-Tip100?,-0.08321678321678322,0.5098689468922766,-0.32099491398749647,0.16443013325696254
217,SJCRH30,H3K9me3,TcMar-Pogo,0.3728005865102639,0.035605849990548326,0.01528113464515921,0.6458007152041841
218,SJCRH30,H3K9me3,hAT?,-0.021848739495798315,0.9023857292491586,-0.35741062408528257,0.3187092021194653
219,SJCRH30,H3K9me3,hAT-hAT19,-0.06176470588235294,0.8202418775044894,-0.5412754497566349,0.44806050764011357
220,SJCRH30,H3K36me3,Alu,0.00033288580814162393,0.7267742580661087,-0.0015343357154635404,0.0022001050105258787
221,SJCRH30,H3K36me3,L1,0.00017913332992292898,0.8965555713793776,-0.002521307445928927,0.002879571493160466
222,SJCRH30,H3K36me3,MIR,-0.00025135995919074353,0.8566370132940437,-0.0029783831530892954,0.0024756669732680157
223,SJCRH30,H3K36me3,L2,0.0008885671652716949,0.5956515914210596,-0.002393281207469528,0.004170396397433053
224,SJCRH30,H3K36me3,ERVL-MaLR,-0.003270174180951881,0.10302040699413895,-0.007201322410951746,0.0006610751267899866
225,SJCRH30,H3K36me3,hAT-Charlie,-0.0011311509200281063,0.5957931024536964,-0.005310529537135698,0.003048267213595102
226,SJCRH30,H3K36me3,ERV1,0.0018785639488315845,0.540283053631186,-0.004133857935727357,0.007890850018747852
227,SJCRH30,H3K36me3,ERVL,-0.0017217699935144655,0.58165550730171,-0.007846502649818364,0.004403091841174467
228,SJCRH30,H3K36me3,TcMar-Tigger,-0.003942915368037744,0.21483053976434321,-0.010172916406548885,0.002287391762331801
229,SJCRH30,H3K36me3,hAT-Tip100,-0.0016382455193110046,0.7055516875400429,-0.010136066077511862,0.006859811651210327
230,SJCRH30,H3K36me3,CR1,-0.0065350279772060415,0.16624074251899032,-0.015786126353037565,0.002717189153936357
231,SJCRH30,H3K36me3,Gypsy,-0.006760128338404472,0.3973050180267794,-0.022410343139918267,0.008893398821327189
232,SJCRH30,H3K36me3,hAT-Blackjack,-0.013392049252379553,0.1004811731567254,-0.029366333278763875,0.0025890736325819433
233,SJCRH30,H3K36me3,TcMar-Mariner,0.002809676093144845,0.7325745624848917,-0.01330581330520366,0.018923706215794606
234,SJCRH30,H3K36me3,RTE-X,0.0024617970169509644,0.8110631910095327,-0.017720746786377507,0.022642335454858515
235,SJCRH30,H3K36me3,ERVK,0.0006900352130025755,0.9532139487352718,-0.022358260252572183,0.023737597575120103
236,SJCRH30,H3K36me3,TcMar-Tc2,-0.0017065685727059854,0.8903862980536263,-0.025971931403028618,0.022560804111815557
237,SJCRH30,H3K36me3,SVA,0.02229607477024378,0.11931608544996214,-0.005763330684410677,0.05032039793340114
238,SJCRH30,H3K36me3,RTE-BovB,-0.0009451938382338081,0.9489550824543291,-0.029875320969294464,0.02798651554500265
239,SJCRH30,H3K36me3,tRNA-RTE,0.003918126083608829,0.8073430387688298,-0.027568734742028596,0.03539721967051932
240,SJCRH30,H3K36me3,hAT-Ac,0.016199477953881217,0.37200615022295347,-0.01937010805322773,0.05172810939876199
241,SJCRH30,H3K36me3,hAT,-0.010560364033851483,0.583841822038042,-0.048313735952348884,0.027223139005515217
242,SJCRH30,H3K36me3,MULE-MuDR,0.03702418814779487,0.07534652659270515,-0.0037965746686929084,0.07772176508040295
243,SJCRH30,H3K36me3,PiggyBac,-0.0195317804611626,0.372252445057611,-0.062370496414534855,0.023378770820273016
244,SJCRH30,H3K36me3,5S-Deu-L2,0.03306762475785519,0.15146928033229826,-0.012135272712487127,0.07813564367931071
245,SJCRH30,H3K36me3,Helitron,-0.03950256907427806,0.10430561649014229,-0.0870117962144409,0.008185935335899272
246,SJCRH30,H3K36me3,hAT-Tag1,-0.010428675031061003,0.668905302942884,-0.058168612773155826,0.03735885129300794
247,SJCRH30,H3K36me3,tRNA,-0.027602107461896844,0.2845655590950407,-0.07803214004941104,0.022968819419620586
248,SJCRH30,H3K36me3,Penelope,0.011709179435825898,0.7652057751695464,-0.06507693147052555,0.08835744217609443
249,SJCRH30,H3K36me3,TcMar-Tc1,-0.053747269691205184,0.169794406902807,-0.12993291826187864,0.023069293859191552
250,SJCRH30,H3K36me3,Dong-R4,-0.010379783540048999,0.8304562883018678,-0.10506575375830879,0.08449269188116024
251,SJCRH30,H3K36me3,tRNA-Deu,0.02636745313459986,0.5908787739492918,-0.0697406046614162,0.12199053213804818
252,SJCRH30,H3K36me3,Kolobok,0.05366182761600159,0.314722209903911,-0.051081949300136056,0.15723789321235437
253,SJCRH30,H3K36me3,PIF-Harbinger,-0.046889680659733604,0.38249448379614603,-0.15118243486660543,0.05843547696692056
254,SJCRH30,H3K36me3,Crypton,-0.01909753773454495,0.7490611514243328,-0.13540405568251276,0.09772814854119535
255,SJCRH30,H3K36me3,Merlin,-0.020317946156820307,0.7692070299669838,-0.15497493733255657,0.11508023726376733
256,SJCRH30,H3K36me3,TcMar,0.022612747245191273,0.7487913396205685,-0.11547409524184542,0.1598421474107156
257,SJCRH30,H3K36me3,L1-Tx1,-0.058761552624519986,0.49519208142818394,-0.2244055831615438,0.11018271148568129
258,SJCRH30,H3K36me3,Crypton-A,0.05166599271824899,0.5578295367284551,-0.12104507757817759,0.221340842792266
259,SJCRH30,H3K36me3,I-Jockey,0.08442220368825874,0.38277661880455405,-0.10568763136871157,0.2685783804922043
260,SJCRH30,H3K36me3,hAT-Tip100?,-0.16180069930069932,0.1978603308434528,-0.3916730717953371,0.08708310741117371
261,SJCRH30,H3K36me3,TcMar-Pogo,0.1627565982404692,0.3734578050391115,-0.19943253437190409,0.4858209026147896
262,SJCRH30,H3K36me3,hAT?,0.0374331550802139,0.8335270790276674,-0.304700057458655,0.37101005563568723
263,SJCRH30,H3K36me3,hAT-hAT19,0.011764705882352941,0.9655081698956276,-0.48679378978142623,0.5045417383784665
264,SJCRH30,H3K27me3,Alu,-0.0007060646001501228,0.4584258604278507,-0.0025725071220229594,0.0011603828410422698
265,SJCRH30,H3K27me3,L1,-0.0017601314320159819,0.20138964489735625,-0.004460318641100404,0.0009400814436670656
266,SJCRH30,H3K27me3,MIR,0.0030394768769229316,0.02888892639376364,0.0003130337883027388,0.005765874778021014
267,SJCRH30,H3K27me3,L2,-0.0013979023530848538,0.40377804989040367,-0.0046795392214438345,0.0018837646240229971
268,SJCRH30,H3K27me3,ERVL-MaLR,0.0016503123784051745,0.410521481580824,-0.0022800025892062183,0.005580576360548305
269,SJCRH30,H3K27me3,hAT-Charlie,0.0007208882258008876,0.7352530247465383,-0.0034575182664037386,0.004899269546052493
270,SJCRH30,H3K27me3,ERV1,0.0020625860153981506,0.5012572385892143,-0.003948594913691364,0.008073617887361849
271,SJCRH30,H3K27me3,ERVL,-0.00031742409684939137,0.9190716104358766,-0.006440578452308988,0.0058057540610806846
272,SJCRH30,H3K27me3,TcMar-Tigger,-0.0022728526588117848,0.47450299781659644,-0.008501551114423233,0.003956022160999097
273,SJCRH30,H3K27me3,hAT-Tip100,0.006604184852478723,0.12767968990876963,-0.0018931713531458072,0.015100587412383466
274,SJCRH30,H3K27me3,CR1,0.007061541194004062,0.1346734330043562,-0.002190671331353429,0.01631254483265691
275,SJCRH30,H3K27me3,Gypsy,0.0004892157839643634,0.9511517590261683,-0.015161811376119426,0.016140003276297523
276,SJCRH30,H3K27me3,hAT-Blackjack,0.005875939602408513,0.47096045697878075,-0.010099159528228228,0.02184804006833404
277,SJCRH30,H3K27me3,TcMar-Mariner,-0.005545989692467771,0.49985662946290976,-0.02165358989953532,0.010564488984538305
278,SJCRH30,H3K27me3,RTE-X,0.005508133764763244,0.5927560758844139,-0.014676353640363998,0.025688133855074947
279,SJCRH30,H3K27me3,ERVK,0.011633133737894286,0.3222849704994899,-0.011404309600288159,0.03465823405971451
280,SJCRH30,H3K27me3,TcMar-Tc2,-0.013757226281709212,0.26648278586423824,-0.0380083882480413,0.010510131324876743
281,SJCRH30,H3K27me3,SVA,-0.004294911074217401,0.7641183605538525,-0.03233771621753083,0.023754650848187734
282,SJCRH30,H3K27me3,RTE-BovB,0.006210509012167465,0.6739782349907291,-0.02272163821400411,0.03513226232175475
283,SJCRH30,H3K27me3,tRNA-RTE,-0.01361811582940845,0.39666295436776333,-0.045083583602093684,0.01787434601344329
284,SJCRH30,H3K27me3,hAT-Ac,0.03656403725966163,0.043850718912063394,0.000997364714474572,0.0720383204333515
285,SJCRH30,H3K27me3,hAT,0.004717761426100448,0.8066443868998604,-0.0330529171359023,0.04247498353943654
286,SJCRH30,H3K27me3,MULE-MuDR,-0.011765409640578482,0.5721125171167691,-0.05254265765184954,0.02905100804567397
287,SJCRH30,H3K27me3,PiggyBac,0.010763132040199252,0.6227967080447148,-0.032119288960135405,0.0536060002788975
288,SJCRH30,H3K27me3,5S-Deu-L2,0.009649219133649186,0.6754587773001635,-0.03551576232339887,0.05477486480147717
289,SJCRH30,H3K27me3,Helitron,-0.03425702600900119,0.15898364450673674,-0.08179194898839219,0.013433398116853528
290,SJCRH30,H3K27me3,hAT-Tag1,0.016341487021945485,0.5027651290023663,-0.031453869992133066,0.06406227974038595
291,SJCRH30,H3K27me3,tRNA,0.021882177507813662,0.39627056568321384,-0.028684859816602525,0.07233750200364558
292,SJCRH30,H3K27me3,Penelope,0.07197708099992978,0.06583203748314717,-0.004814668947492904,0.14792489426931557
293,SJCRH30,H3K27me3,TcMar-Tc1,-0.03158044645074578,0.4204405029748519,-0.10806262210003494,0.0452733561509193
294,SJCRH30,H3K27me3,Dong-R4,0.029723497728340088,0.5397033313759592,-0.06526804220725896,0.12418116716048605
295,SJCRH30,H3K27me3,tRNA-Deu,-0.001499381179731619,0.9756179384325785,-0.0974005108987489,0.09442933623253633
296,SJCRH30,H3K27me3,Kolobok,-0.0531025110680301,0.31911063338053686,-0.15654349038486903,0.051490774370832965
297,SJCRH30,H3K27me3,PIF-Harbinger,-0.019487888130519705,0.7167601610815402,-0.12422370637768712,0.08567739470967245
298,SJCRH30,H3K27me3,Crypton,-0.02358916064736125,0.6927471451325404,-0.13981813687041428,0.09328102865648516
299,SJCRH30,H3K27me3,Merlin,-0.08135226438885806,0.23933865179092664,-0.21428297576812316,0.05453710139659669
300,SJCRH30,H3K27me3,TcMar,0.134525693393761,0.055068739781053706,-0.003523107079801463,0.26754288212476207
301,SJCRH30,H3K27me3,L1-Tx1,-0.09554790406302255,0.26671660167556654,-0.25947121586439975,0.07372680273880261
302,SJCRH30,H3K27me3,Crypton-A,-0.16586126225679135,0.058316610998033966,-0.32911298735481254,0.007017419591545403
303,SJCRH30,H3K27me3,I-Jockey,-0.0303215642665184,0.754289203577565,-0.21722625263232026,0.15872787400639424
304,SJCRH30,H3K27me3,hAT-Tip100?,-0.13723776223776224,0.27564905750264207,-0.3698024028597398,0.11151007145121543
305,SJCRH30,H3K27me3,TcMar-Pogo,0.16312316715542519,0.37236778957957506,-0.19908128794852514,0.4861167848309328
306,SJCRH30,H3K27me3,hAT?,0.042933537051184106,0.809484974471737,-0.2997293004677985,0.375784658660674
307,SJCRH30,H3K27me3,hAT-hAT19,-0.0411764705882353,0.8796536149318311,-0.5263090737375081,0.4641804933042493
308,SJCRH30,H3K4me3,Alu,0.000492714071953726,0.6050894756230596,-0.0013748358338639426,0.002360260540857118
309,SJCRH30,H3K4me3,L1,-0.00046186876054053814,0.7374652379976014,-0.0031623788296751445,0.002238648045203397
310,SJCRH30,H3K4me3,MIR,-0.002505262870399024,0.07178638862974979,-0.0052324202634382155,0.000221931788604526
311,SJCRH30,H3K4me3,L2,-0.0009574272148268402,0.5674736080434446,-0.004239324405037465,0.0023244906001405425
312,SJCRH30,H3K4me3,ERVL-MaLR,-0.002819968339870033,0.15978263874078308,-0.006751479593964282,0.001111630092115162
313,SJCRH30,H3K4me3,hAT-Charlie,0.00023316180920524867,0.9129325546015568,-0.003946330000132365,0.004412645472746549
314,SJCRH30,H3K4me3,ERV1,0.0013598277062317286,0.6575330153629941,-0.004652073864446783,0.007371630981937497
315,SJCRH30,H3K4me3,ERVL,0.001482142585948472,0.635288623085793,-0.004642594165448317,0.007606768141667907
316,SJCRH30,H3K4me3,TcMar-Tigger,0.0006061590266687113,0.8487765676037069,-0.005624404301185887,0.0068366752927724
317,SJCRH30,H3K4me3,hAT-Tip100,0.0015331361810130902,0.7236498507548494,-0.006965155167894507,0.0100312060860497
318,SJCRH30,H3K4me3,CR1,-6.951644632139348e-05,0.9882512304751832,-0.009321979974075809,0.009182958983787572
319,SJCRH30,H3K4me3,Gypsy,0.0005425852700546262,0.9458323266994253,-0.015108953339842036,0.016193858049443694
320,SJCRH30,H3K4me3,hAT-Blackjack,-0.0061040221693659195,0.45409681268798907,-0.022082400547574214,0.009877473751532806
321,SJCRH30,H3K4me3,TcMar-Mariner,-0.0017590174527339951,0.8306505250223151,-0.01787773748334001,0.01436061666421404
322,SJCRH30,H3K4me3,RTE-X,0.0014726082342780952,0.8862972736039353,-0.018710661604052298,0.02165467836503766
323,SJCRH30,H3K4me3,ERVK,-0.021331237881948923,0.06947695616243613,-0.044342498024405354,0.001702645316759399
324,SJCRH30,H3K4me3,TcMar-Tc2,0.005196318109986932,0.6748221465131362,-0.01907825430402826,0.02946476799179408
325,SJCRH30,H3K4me3,SVA,0.01853701617588427,0.19560022236863225,-0.009539929780318935,0.04658475648542826
326,SJCRH30,H3K4me3,RTE-BovB,-0.03056355766831554,0.03841855509644098,-0.059451812907727754,-0.0016241518325065334
327,SJCRH30,H3K4me3,tRNA-RTE,-0.0035737062069867284,0.8240100194206654,-0.03505726364866875,0.027916937537829523
328,SJCRH30,H3K4me3,hAT-Ac,0.011213178916544449,0.5367652566020029,-0.024365461134915507,0.04676344986423789
329,SJCRH30,H3K4me3,hAT,0.0038040769579123514,0.843578458701642,-0.0339725328122237,0.04156983230535202
330,SJCRH30,H3K4me3,MULE-MuDR,0.004448564989008654,0.8308938239932593,-0.036368143945896575,0.045250456359985466
331,SJCRH30,H3K4me3,PiggyBac,-0.0004769025252803192,0.9826160448648108,-0.04335263608895655,0.0424005845175386
332,SJCRH30,H3K4me3,5S-Deu-L2,-0.01819294929546415,0.42986824115458433,-0.06329314693421248,0.02698140450909065
333,SJCRH30,H3K4me3,Helitron,-0.006303635748998824,0.7956139799623585,-0.05395651716008858,0.04137789256632256
334,SJCRH30,H3K4me3,hAT-Tag1,-0.006612522760658936,0.7862704981938845,-0.05436349106735561,0.04116862107491624
335,SJCRH30,H3K4me3,tRNA,-0.030038418774267415,0.24417492409392774,-0.08045692858288282,0.020533410669419615
336,SJCRH30,H3K4me3,Penelope,0.02300135597053786,0.5573883943405586,-0.05382878518846254,0.09956076272104761
337,SJCRH30,H3K4me3,TcMar-Tc1,0.008344251236387969,0.8314649902843134,-0.06842591210889012,0.0850161772755491
338,SJCRH30,H3K4me3,Dong-R4,-0.05215291563267606,0.28169240375783283,-0.14628015482750772,0.042910200649310386
339,SJCRH30,H3K4me3,tRNA-Deu,-0.051869502655847416,0.2900503495891304,-0.14711627896987003,0.04433037017694272
340,SJCRH30,H3K4me3,Kolobok,-0.048984076234935926,0.3588210276362074,-0.15264811970389558,0.05574614196856243
341,SJCRH30,H3K4me3,PIF-Harbinger,0.004718277777453074,0.9300126153882028,-0.10031208022286218,0.10964463834356886
342,SJCRH30,H3K4me3,Crypton,0.07219383098753988,0.22601296193284143,-0.04493284720517165,0.18736261093684117
343,SJCRH30,H3K4me3,Merlin,-0.04262808577680071,0.5380196726040067,-0.1767391782078356,0.09303699769606272
344,SJCRH30,H3K4me3,TcMar,0.0805968907450567,0.25299771212580613,-0.057978081470346124,0.21612472648966433
345,SJCRH30,H3K4me3,L1-Tx1,-0.0024945832078000028,0.9769197348166336,-0.1701391440169424,0.1652903148728938
346,SJCRH30,H3K4me3,Crypton-A,0.170057105649522,0.05214834868270985,-0.0027604920495767167,0.3330113808762553
347,SJCRH30,H3K4me3,I-Jockey,-0.18585858585858586,0.052997144777965466,-0.3627505559826347,0.003961337970701433
348,SJCRH30,H3K4me3,hAT-Tip100?,-0.07124125874125875,0.5727962112277323,-0.31004343003683826,0.17601681829488863
349,SJCRH30,H3K4me3,TcMar-Pogo,-0.0975073313782991,0.5954829562974713,-0.4322321159040691,0.26083309946083
350,SJCRH30,H3K4me3,hAT?,0.15446906035141328,0.3830645080321825,-0.19583526579690005,0.4698120244142869
351,SJCRH30,H3K4me3,hAT-hAT19,0.5264705882352941,0.036166514972245475,0.00520794623960777,0.8227568793446967
352,BE2C,H3K4me1,Alu,5.373094620227388e-05,0.955067216037375,-0.0018153116700495666,0.0019227731870553786
353,BE2C,H3K4me1,L1,0.0018212065775107095,0.18674707539939778,-0.0008824234952111335,0.004524810025766525
354,BE2C,H3K4me1,MIR,-0.00014673164240799127,0.9160570740582326,-0.0028752271563572103,0.0025817660562855523
355,BE2C,H3K4me1,L2,-7.575357691672997e-07,0.9996391659866166,-0.003283845781004255,0.003282330725796374
356,BE2C,H3K4me1,ERVL-MaLR,-0.002482733442122608,0.21630364879988082,-0.0064182874521901525,0.001452897477979692
357,BE2C,H3K4me1,hAT-Charlie,-0.00024960270437093845,0.9068761518104336,-0.004431606521049753,0.003932409843007878
358,BE2C,H3K4me1,ERV1,0.0032469299310384087,0.2910815682062991,-0.002780901574167337,0.00927452549020066
359,BE2C,H3K4me1,ERVL,0.00017285331183066342,0.955927912187043,-0.005957384000925088,0.006303077633024495
360,BE2C,H3K4me1,TcMar-Tigger,0.00011881390546165692,0.9702051726068193,-0.00611579720967696,0.006353415783931527
361,BE2C,H3K4me1,hAT-Tip100,-0.0024106019557982466,0.5784100693002694,-0.010912343254314337,0.006091487833741965
362,BE2C,H3K4me1,CR1,0.003662437187881897,0.4379769706433143,-0.005592521888276963,0.012916768891406808
363,BE2C,H3K4me1,Gypsy,-0.008004013011504668,0.31657273834614913,-0.02366419677095926,0.007660097814004007
364,BE2C,H3K4me1,hAT-Blackjack,-0.010657981064970238,0.19167139231813085,-0.026652364766787468,0.005341858172582086
365,BE2C,H3K4me1,TcMar-Mariner,-0.004994059790478711,0.543964873004644,-0.021121494905556423,0.011135973659556318
366,BE2C,H3K4me1,RTE-X,-0.021152826245508693,0.04008504995716548,-0.04133298134313055,-0.0009554202041401179
367,BE2C,H3K4me1,ERVK,-0.01771792578451149,0.1328225560275143,-0.040805344389462164,0.005388402560063473
368,BE2C,H3K4me1,TcMar-Tc2,0.012412200702302765,0.3164123000466588,-0.01187176243667089,0.03668153118875928
369,BE2C,H3K4me1,SVA,0.008910800346348571,0.5338476974373769,-0.019161242300934873,0.036968804775430616
370,BE2C,H3K4me1,RTE-BovB,0.019748814606007033,0.1810766156021163,-0.00919650459566301,0.04866106635785092
371,BE2C,H3K4me1,tRNA-RTE,-0.002548942997425999,0.8740009514011067,-0.034041792944603966,0.028948963875760757
372,BE2C,H3K4me1,hAT-Ac,0.012292769948756974,0.49835699835118596,-0.023292422010265986,0.047846851610546116
373,BE2C,H3K4me1,hAT,-0.0112181437945148,0.560923027420936,-0.04899823331475367,0.026594001033529255
374,BE2C,H3K4me1,MULE-MuDR,0.010955391400203475,0.5994118247160483,-0.02992231648449606,0.05179651502792737
375,BE2C,H3K4me1,PiggyBac,-0.018884553736785055,0.38887711658690305,-0.061776588576644025,0.024077103553887542
376,BE2C,H3K4me1,5S-Deu-L2,0.0064838809621154455,0.7786911015232731,-0.03872439134238123,0.05166566432742866
377,BE2C,H3K4me1,Helitron,0.04833274134726204,0.04748859594310048,0.0005100405971232837,0.09593487149343087
378,BE2C,H3K4me1,hAT-Tag1,-0.020756063367273123,0.39521178286214853,-0.06851765073013588,0.02710044928377158
379,BE2C,H3K4me1,tRNA,-0.010309522445638396,0.6896255661158089,-0.06084204357794687,0.04027571067862291
380,BE2C,H3K4me1,Penelope,0.032286545702834644,0.4108419755578333,-0.04468716646004478,0.10887916232205336
381,BE2C,H3K4me1,TcMar-Tc1,0.018913425368120684,0.6297652280730053,-0.05796147604619818,0.09556534817761703
382,BE2C,H3K4me1,Dong-R4,-0.06585885528518404,0.17383282414201803,-0.15974945165843207,0.02921261707680873
383,BE2C,H3K4me1,tRNA-Deu,-0.016880053202534422,0.7307676531141201,-0.11261957720299666,0.07917001004071052
384,BE2C,H3K4me1,Kolobok,-0.027921306555072602,0.6000528120896289,-0.1316468293323281,0.07640900059194006
385,BE2C,H3K4me1,PIF-Harbinger,0.04005550001718711,0.4557197792357677,-0.06524082950639139,0.14446963968315094
386,BE2C,H3K4me1,Crypton,-0.07459437537213458,0.21091212053699113,-0.18970030711758615,0.04253420272397606
387,BE2C,H3K4me1,Merlin,0.001279372717765202,0.9852610591150803,-0.13381237096262852,0.13632443591832388
388,BE2C,H3K4me1,TcMar,0.015404309557039236,0.8281735977551828,-0.12326130592768571,0.15347991278569803
389,BE2C,H3K4me1,L1-Tx1,-0.05346435535444889,0.5349323165572364,-0.21932932881833678,0.11540421060402015
390,BE2C,H3K4me1,Crypton-A,0.009259148046681084,0.9164056830657956,-0.16252807973667135,0.18050157156951968
391,BE2C,H3K4me1,I-Jockey,0.038495042164766936,0.6910622259937069,-0.15076679082711475,0.22503471858679677
392,BE2C,H3K4me1,hAT-Tip100?,0.10431067588325653,0.4158834702467772,-0.14793260980509831,0.3438119629700749
393,BE2C,H3K4me1,TcMar-Pogo,-0.11730205278592375,0.5225799959958148,-0.4486833832209054,0.2424367995910378
394,BE2C,H3K4me1,hAT?,0.21056149732620322,0.23951993116893414,-0.1469528222144496,0.5194178677588597
395,BE2C,H3K4me1,hAT-hAT19,0.13529411764705881,0.6173674089706418,-0.3884296309682105,0.5929522406234536
396,BE2C,H3K9me3,Alu,0.0003829325174722236,0.687911028461349,-0.0014855003192332176,0.002251362680514658
397,BE2C,H3K9me3,L1,-0.0017323723277620888,0.20909858997667477,-0.004435581031258171,0.0009708616941049447
398,BE2C,H3K9me3,MIR,-0.001948960310751207,0.1614718764778404,-0.004677159759014544,0.0007792681504355971
399,BE2C,H3K9me3,L2,-0.0013407481780303458,0.42345530058974656,-0.004623683989998764,0.0019422165345206917
400,BE2C,H3K9me3,ERVL-MaLR,0.0025823459836580016,0.19837201953066297,-0.0013527376271961142,0.006517349620953183
401,BE2C,H3K9me3,hAT-Charlie,0.000300326579470366,0.8880594437074852,-0.0038814487918910887,0.004482091447088153
402,BE2C,H3K9me3,ERV1,-0.000851370769650874,0.7818344314643357,-0.006876847033027537,0.005174167314759337
403,BE2C,H3K9me3,ERVL,0.00015397507528841414,0.9607350249601708,-0.0059759317471833285,0.006283870326321499
404,BE2C,H3K9me3,TcMar-Tigger,-0.001635958950066221,0.6070226956808138,-0.007870016330346999,0.004598225591236432
405,BE2C,H3K9me3,hAT-Tip100,-0.0028040350847341727,0.5180086684562848,-0.011305574899131239,0.005697910082060726
406,BE2C,H3K9me3,CR1,-0.0006476703289025617,0.8909005687181246,-0.009902040929578129,0.008606811210495412
407,BE2C,H3K9me3,Gypsy,0.01159051351528698,0.14696858789766915,-0.004073651667237391,0.02724899216120736
408,BE2C,H3K9me3,hAT-Blackjack,-0.0028344357189562072,0.7284071893633853,-0.018831022246635395,0.013163601563873637
409,BE2C,H3K9me3,TcMar-Mariner,-0.0045038768218407955,0.584132688457675,-0.02062876621801914,0.011623355086666044
410,BE2C,H3K9me3,RTE-X,0.0007798850657244182,0.9396616910552684,-0.01941169247506495,0.02097082670817791
411,BE2C,H3K9me3,ERVK,0.009479376214360855,0.4214254106676629,-0.01363125486111925,0.032579884921636916
412,BE2C,H3K9me3,TcMar-Tc2,0.0012593901923496132,0.9190109048122366,-0.023013325268442148,0.025530621764979642
413,BE2C,H3K9me3,SVA,-0.015634036706372093,0.2746654734347599,-0.04366317412787729,0.012419693495790836
414,BE2C,H3K9me3,RTE-BovB,0.002648099587013877,0.8576711912537486,-0.026288055271469605,0.031579820580730465
415,BE2C,H3K9me3,tRNA-RTE,-0.019889235705229807,0.21596148967625628,-0.051359767430710176,0.011620757404187462
416,BE2C,H3K9me3,hAT-Ac,-0.006312465392829329,0.7281261918351698,-0.04188293677201848,0.029273987600278755
417,BE2C,H3K9me3,hAT,-0.0342112457040699,0.07605189805897589,-0.07192192595172642,0.003597104180583845
418,BE2C,H3K9me3,MULE-MuDR,0.003751513531183702,0.8572638714563309,-0.03711740755097315,0.044607906207400065
419,BE2C,H3K9me3,PiggyBac,0.00428459288160675,0.8450916273999816,-0.03868165562206142,0.04723502735639198
420,BE2C,H3K9me3,5S-Deu-L2,-0.00827910450504535,0.719717527648507,-0.05345632465862758,0.03693193826163542
421,BE2C,H3K9me3,Helitron,-0.02691797284027302,0.26930805574798933,-0.07457003440139327,0.02085673853837725
422,BE2C,H3K9me3,hAT-Tag1,-0.014627417726315354,0.549085180660513,-0.0624107760419544,0.03322284451229154
423,BE2C,H3K9me3,tRNA,-0.01562651995495601,0.5450802631375222,-0.06615704001107303,0.03498394530732705
424,BE2C,H3K9me3,Penelope,0.02546805679421227,0.5159081482688985,-0.05136975448673442,0.10200611749717184
425,BE2C,H3K9me3,TcMar-Tc1,0.03172164879853606,0.4187227982383964,-0.045191570309131186,0.10826100808516216
426,BE2C,H3K9me3,Dong-R4,0.007281605686316178,0.8806033020188151,-0.0875668886211905,0.10199925968684778
427,BE2C,H3K9me3,tRNA-Deu,-0.08331148738273496,0.0889119721284749,-0.17796727815182575,0.012871893978620602
428,BE2C,H3K9me3,Kolobok,-0.027249534879655098,0.6088575883428256,-0.13098518779469437,0.07707636241783815
429,BE2C,H3K9me3,PIF-Harbinger,0.12361040879412592,0.020898484878370174,0.018473666629881563,0.22604340146817734
430,BE2C,H3K9me3,Crypton,-0.0733215679833905,0.21882587433402603,-0.1884609458681818,0.04380613005449174
431,BE2C,H3K9me3,Merlin,0.003046095102856839,0.9649168833735928,-0.13207712111735018,0.13805816884759742
432,BE2C,H3K9me3,TcMar,0.03996268622373691,0.5732575965269606,-0.09903450524238368,0.17743025235829546
433,BE2C,H3K9me3,L1-Tx1,-0.08424877226492375,0.32767249381970653,-0.24873528036824585,0.08496100687357264
434,BE2C,H3K9me3,Crypton-A,-0.054305744063930045,0.5378579514375649,-0.22386835744271527,0.11844778605609838
435,BE2C,H3K9me3,I-Jockey,0.07750903530720045,0.4230767250036367,-0.11251103268145879,0.2620600128624695
436,BE2C,H3K9me3,hAT-Tip100?,-0.019921274961597544,0.8768456001097631,-0.26639487399743095,0.22899771302732747
437,BE2C,H3K9me3,TcMar-Pogo,0.32587976539589436,0.06873464670948462,-0.035267883491623846,0.611745208532614
438,BE2C,H3K9me3,hAT?,0.08957219251336898,0.6200982065032682,-0.262454768252751,0.4205572058360554
439,BE2C,H3K9me3,hAT-hAT19,0.3411764705882353,0.1959326248678891,-0.20099378276835864,0.7233398097217669
440,BE2C,H3K36me3,Alu,-0.00022489423235464448,0.8135146279998364,-0.0020934592373802563,0.0016436723431246141
441,BE2C,H3K36me3,L1,-0.0019780427511417033,0.15157230201371977,-0.004681569253746268,0.0007255126671339606
442,BE2C,H3K36me3,MIR,-0.0012311164965164785,0.3764381940123498,-0.0039591991000396416,0.0014969844321657984
443,BE2C,H3K36me3,L2,-0.00215439045580862,0.19838818470023742,-0.005437407212807517,0.0011286727429610168
444,BE2C,H3K36me3,ERVL-MaLR,0.005206849661090797,0.009502571151164855,0.0012717936750715885,0.009141744396694297
445,BE2C,H3K36me3,hAT-Charlie,-9.926626722730762e-05,0.9628906105971295,-0.004280911171925947,0.00408238210904474
446,BE2C,H3K36me3,ERV1,2.2823003579675976e-05,0.9940780257625428,-0.006003970031574223,0.006049614380769064
447,BE2C,H3K36me3,ERVL,0.004446370614656338,0.15513692413092514,-0.0016838165962773832,0.010576223655141577
448,BE2C,H3K36me3,TcMar-Tigger,0.0012280937506490674,0.6994288234275239,-0.005006206549133009,0.00746229858833686
449,BE2C,H3K36me3,hAT-Tip100,-0.0016750759305341528,0.6993776716330606,-0.010176649606190183,0.006826739890803147
450,BE2C,H3K36me3,CR1,-0.00010628989658797059,0.9820407292394872,-0.009360606535543227,0.009148044948241984
451,BE2C,H3K36me3,Gypsy,-0.002847274157407169,0.7216479663128103,-0.0185098802342254,0.01281672902616103
452,BE2C,H3K36me3,hAT-Blackjack,0.0028008984781379503,0.7314786062817649,-0.013196066762702326,0.0187964303201135
453,BE2C,H3K36me3,TcMar-Mariner,0.009964302059262598,0.22600925041131983,-0.006167217777167626,0.02609063710812296
454,BE2C,H3K36me3,RTE-X,-0.013590910774803927,0.1871541932974572,-0.033775984857872594,0.006605246322015557
455,BE2C,H3K36me3,ERVK,-0.010602299069970999,0.36841754321845677,-0.03369540055994348,0.012502117461140116
456,BE2C,H3K36me3,TcMar-Tc2,-0.014071839296550802,0.2560646764939402,-0.03834125330164528,0.010214166078428266
457,BE2C,H3K36me3,SVA,-0.00338711725952062,0.8129464512160502,-0.031433654430715725,0.024664749654180224
458,BE2C,H3K36me3,RTE-BovB,0.02782124288158626,0.05949435312878977,-0.0011193435378691408,0.056715264459809775
459,BE2C,H3K36me3,tRNA-RTE,-0.024437262212756137,0.1283725943612028,-0.055894466180680454,0.007068409278998181
460,BE2C,H3K36me3,hAT-Ac,-0.008467212292698634,0.6411237372106388,-0.04404583041273348,0.027132856528625553
461,BE2C,H3K36me3,hAT,-0.015249733016593178,0.42908636799593247,-0.053007009952244756,0.022551084588654343
462,BE2C,H3K36me3,MULE-MuDR,-0.023792693428660736,0.2540369792326195,-0.06460760549113789,0.01710168841875151
463,BE2C,H3K36me3,PiggyBac,-0.012709268823106239,0.5620061794842026,-0.055618956045650175,0.03024727873944179
464,BE2C,H3K36me3,5S-Deu-L2,-0.01711826469661205,0.4580943117096763,-0.06226984003828375,0.02810323603447225
465,BE2C,H3K36me3,Helitron,0.034956362920189714,0.15173332773131665,-0.012861509600931556,0.08261471493648494
466,BE2C,H3K36me3,hAT-Tag1,0.024445875782645836,0.31663993746278285,-0.02341310019510412,0.0721930608781258
467,BE2C,H3K36me3,tRNA,-0.002740658716157665,0.9154809818185323,-0.05331309356992617,0.0478457989895463
468,BE2C,H3K36me3,Penelope,0.021060371278710327,0.5911278433068212,-0.055763243035086126,0.09763608675679311
469,BE2C,H3K36me3,TcMar-Tc1,-0.011695810222199421,0.7658162806205404,-0.08846179169991142,0.06520828534871605
470,BE2C,H3K36me3,Dong-R4,-0.060278477088455865,0.21330244528557787,-0.15426860342501345,0.034792846470093265
471,BE2C,H3K36me3,tRNA-Deu,0.02841964434985907,0.5623071013820351,-0.06769926197987897,0.12401585484049145
472,BE2C,H3K36me3,Kolobok,-0.01631195472619642,0.7593935878818514,-0.12020278570482112,0.08793228791238127
473,BE2C,H3K36me3,PIF-Harbinger,0.02305897264983951,0.6677130673832717,-0.08213381949548158,0.12774364045993816
474,BE2C,H3K36me3,Crypton,0.023272547162141218,0.6966660590778784,-0.09359461969230251,0.1395071026770909
475,BE2C,H3K36me3,Merlin,0.03854405724090919,0.5776874555262432,-0.09707964349658683,0.17276242046510765
476,BE2C,H3K36me3,TcMar,0.08415549870486298,0.23492120472661054,-0.05512402202816068,0.2202225470599476
477,BE2C,H3K36me3,L1-Tx1,-0.06590693502141766,0.44416131435213413,-0.23124222897732155,0.10312829723598554
478,BE2C,H3K36me3,Crypton-A,0.0714521168087785,0.41736212283507423,-0.10153377987948257,0.24024399570629681
479,BE2C,H3K36me3,I-Jockey,0.2659531090723752,0.005187632253054742,0.07863561425341212,0.4351314605105702
480,BE2C,H3K36me3,hAT-Tip100?,-0.05798771121351767,0.6516820958245277,-0.30161540293039596,0.19274838750818493
481,BE2C,H3K36me3,TcMar-Pogo,-0.007697947214076245,0.9666468330034552,-0.35544255181972645,0.3419185588798938
482,BE2C,H3K36me3,hAT?,0.22092245989304812,0.21664322095076466,-0.1366920294151232,0.5275934371113786
483,BE2C,H3K36me3,hAT-hAT19,-0.2588235294117647,0.3330723066336081,-0.6736916392531489,0.28008839793105406
484,BE2C,H3K27me3,Alu,0.0005186624619240509,0.5863931932632718,-0.0013497723751320664,0.0023870936776343443
485,BE2C,H3K27me3,L1,0.0007501116004976206,0.5865608095160937,-0.001953307898963937,0.003453520135650733
486,BE2C,H3K27me3,MIR,-0.001258401189334345,0.36592863221607963,-0.003986346040520431,0.0014695623912557448
487,BE2C,H3K27me3,L2,0.0013179890255509718,0.4313675793821933,-0.0019649755906959105,0.0046009252318007345
488,BE2C,H3K27me3,ERVL-MaLR,0.0035083137756512866,0.080558038228618,-0.0004266564973227736,0.0074431754048896095
489,BE2C,H3K27me3,hAT-Charlie,-0.0029344418286908263,0.16895985777683326,-0.007115505870218252,0.0012467248119331215
490,BE2C,H3K27me3,ERV1,-0.001682763452663731,0.5841186998223666,-0.007708000703315985,0.004342595981164063
491,BE2C,H3K27me3,ERVL,-0.003958759131343032,0.20557942752147887,-0.010088169690381395,0.0021709489053722882
492,BE2C,H3K27me3,TcMar-Tigger,-0.0010052755788080316,0.7519468465210809,-0.007238860755553167,0.005228387724156015
493,BE2C,H3K27me3,hAT-Tip100,0.00543766921241516,0.21000623323729564,-0.00306440790743483,0.0139389602544377
494,BE2C,H3K27me3,CR1,0.0048853090780890795,0.30084929074758143,-0.00436947583266813,0.014139257180900056
495,BE2C,H3K27me3,Gypsy,0.003016367772348429,0.705856527001805,-0.012647165045474865,0.01867842060745007
496,BE2C,H3K27me3,hAT-Blackjack,-0.006724092510041644,0.41005330029206055,-0.022718704969141818,0.009273961262144161
497,BE2C,H3K27me3,TcMar-Mariner,-0.011641414169619647,0.15717541155068185,-0.02776523696851691,0.004488464738798267
498,BE2C,H3K27me3,RTE-X,-0.013474921632563424,0.19089864685259986,-0.03365794878281199,0.006719091630359762
499,BE2C,H3K27me3,ERVK,-0.0063366048399098015,0.5909369639065039,-0.029436442347253313,0.016769997375693978
500,BE2C,H3K27me3,TcMar-Tc2,0.004161639085064257,0.736831502298071,-0.02010877770920594,0.028427153931606754
501,BE2C,H3K27me3,SVA,-0.006332491235572106,0.658268322913131,-0.03438185379631326,0.02172683965307073
502,BE2C,H3K27me3,RTE-BovB,-0.004530465880789532,0.7589792402778129,-0.03346031805996307,0.02440697186562412
503,BE2C,H3K27me3,tRNA-RTE,0.011041517303556023,0.4921138334919044,-0.0204620897875096,0.04252322005322395
504,BE2C,H3K27me3,hAT-Ac,0.001900817896130818,0.9166477134875205,-0.033686880695547164,0.0374837024097075
505,BE2C,H3K27me3,hAT,-0.01742576281008542,0.3662035961345904,-0.0551779219467186,0.020376148177284555
506,BE2C,H3K27me3,MULE-MuDR,-0.01488162695367402,0.4757257074849489,-0.0557308419285775,0.026017324208052344
507,BE2C,H3K27me3,PiggyBac,0.021023621912717318,0.3376517442090675,-0.021959885928582647,0.06392954994865892
508,BE2C,H3K27me3,5S-Deu-L2,-0.010564035382280009,0.6471293408034109,-0.055747141496190394,0.03466225000347682
509,BE2C,H3K27me3,Helitron,0.04538525012541788,0.06275493691738294,-0.002440632726284299,0.09300398482311299
510,BE2C,H3K27me3,hAT-Tag1,0.00014011136993791009,0.9954212984787068,-0.0476846742201347,0.047964256040301696
511,BE2C,H3K27me3,tRNA,-0.046826168339724306,0.06963729334014895,-0.09720322282327484,0.003790215416828818
512,BE2C,H3K27me3,Penelope,-0.022501134464731728,0.5659935349660401,-0.09906478533069175,0.05432736601324416
513,BE2C,H3K27me3,TcMar-Tc1,0.00023434627800960272,0.9952347555092695,-0.07655091240811247,0.07701684166338853
514,BE2C,H3K27me3,Dong-R4,-0.008767941282482537,0.856473090284094,-0.10347056350681763,0.08609222677127051
515,BE2C,H3K27me3,tRNA-Deu,0.027402585613073283,0.5763839420279733,-0.06871101970411621,0.12301218673828292
516,BE2C,H3K27me3,Kolobok,-0.043045221874863364,0.4187748634078666,-0.14652433505646584,0.0613657698501581
517,BE2C,H3K27me3,PIF-Harbinger,-0.02117631947518783,0.6934103239261625,-0.12588819984046637,0.08400221850963319
518,BE2C,H3K27me3,Crypton,-0.04574310389495626,0.4433707711938042,-0.16153902504863116,0.07129529015981537
519,BE2C,H3K27me3,Merlin,0.006599340449301081,0.9240824653116406,-0.1285852955504619,0.14154319119950307
520,BE2C,H3K27me3,TcMar,0.11624313066637214,0.10031506283768328,-0.022983273942635486,0.25104642462268195
521,BE2C,H3K27me3,L1-Tx1,0.0008634198193507961,0.992010537902635,-0.16687626379098783,0.16855453006452115
522,BE2C,H3K27me3,Crypton-A,0.013844681729067393,0.8752854814034715,-0.15806424529601074,0.18493903515534985
523,BE2C,H3K27me3,I-Jockey,-0.09726624038550645,0.3143337708647034,-0.2806550467530599,0.09297423163640917
524,BE2C,H3K27me3,hAT-Tip100?,0.07632488479262674,0.5521463387766121,-0.175101652224326,0.3184058623184083
525,BE2C,H3K27me3,TcMar-Pogo,0.188049853372434,0.3026913240137926,-0.17502415517661318,0.5061011822623522
526,BE2C,H3K27me3,hAT?,-0.06784759358288771,0.7075420381042201,-0.40214271401675056,0.28240944790241523
527,BE2C,H3K27me3,hAT-hAT19,0.049999999999999996,0.8540995521297436,-0.45730167066061606,0.5327502893761625
528,SJSA1,H3K27ac,Alu,0.00037881136716126716,0.6903381444894964,-0.0014848017399725054,0.0022424218430338507
529,SJSA1,H3K27ac,L1,-0.0006133242594569908,0.6556228191643292,-0.0033088048207243087,0.0020821652141995856
530,SJSA1,H3K27ac,MIR,0.000647521581921844,0.6415883827153988,-0.002078956053511746,0.003373989590448539
531,SJSA1,H3K27ac,L2,0.0002532668614119638,0.8797214455484106,-0.00302710061515023,0.003533628887269319
532,SJSA1,H3K27ac,ERVL-MaLR,-0.002529194616552885,0.2067034821046512,-0.006455000759597456,0.0013966894882001082
533,SJSA1,H3K27ac,hAT-Charlie,0.0003930524867817803,0.8536408086631366,-0.0037829397329800373,0.0045690309977717974
534,SJSA1,H3K27ac,ERV1,-0.0015377791121846025,0.6146332228914376,-0.0075240859501082185,0.00444863794333224
535,SJSA1,H3K27ac,ERVL,-0.0038023708967097904,0.22322126105219206,-0.009920732357147036,0.0023162752596329263
536,SJSA1,H3K27ac,TcMar-Tigger,0.004910421417895658,0.12205731487223669,-0.0013140993949094452,0.011134561739575513
537,SJSA1,H3K27ac,hAT-Tip100,-0.0018494133911174425,0.6696853393957964,-0.010346415384288241,0.006647855663113665
538,SJSA1,H3K27ac,CR1,0.0014626904671031606,0.7565117778118627,-0.0077830923280895565,0.010708223193799582
539,SJSA1,H3K27ac,Gypsy,0.009369724747248656,0.2405327394415792,-0.006277960134241944,0.025012822216166117
540,SJSA1,H3K27ac,hAT-Blackjack,0.009939865420724918,0.22240949943788335,-0.006027546686523464,0.025902210134468057
541,SJSA1,H3K27ac,TcMar-Mariner,-0.002152542166310773,0.7932831572269279,-0.01825046750158971,0.01394649888479079
542,SJSA1,H3K27ac,RTE-X,-7.657586478562468e-05,0.9940651407032042,-0.020251761086412353,0.020098671695622905
543,SJSA1,H3K27ac,ERVK,-0.0055237846624624385,0.6350153348345777,-0.028325225915141004,0.017283401907286104
544,SJSA1,H3K27ac,TcMar-Tc2,0.004019059646816715,0.7454171388701718,-0.02024013804605819,0.02827352768265291
545,SJSA1,H3K27ac,SVA,0.007743755970706585,0.5867995594197426,-0.020182097475202915,0.035657535927276315
546,SJSA1,H3K27ac,RTE-BovB,0.002152804316024318,0.8840071338696375,-0.026764086592039354,0.031066095363448235
547,SJSA1,H3K27ac,tRNA-RTE,-0.0012359845125142898,0.9386993661711398,-0.0327261887334977,0.030256671189010244
548,SJSA1,H3K27ac,hAT-Ac,-0.0409465285405839,0.023874669579161248,-0.07637713126022581,-0.005412650396190847
549,SJSA1,H3K27ac,hAT,-0.010920758919129667,0.5711411258824486,-0.048680407374154744,0.026870060401596233
550,SJSA1,H3K27ac,MULE-MuDR,0.015056474436402506,0.46978423145562487,-0.025771576880117806,0.055834379865923614
551,SJSA1,H3K27ac,PiggyBac,-0.006520930095618314,0.7653144086229757,-0.04930240072884024,0.03628442479922171
552,SJSA1,H3K27ac,5S-Deu-L2,-0.01664270851288402,0.47009033289441626,-0.061735936336236315,0.028518322399589718
553,SJSA1,H3K27ac,Helitron,-0.015207068812506074,0.5315412065595371,-0.06277668948827289,0.03243149074919223
554,SJSA1,H3K27ac,hAT-Tag1,-0.03278132813802016,0.17862669503614723,-0.0804216469964467,0.015008419030059367
555,SJSA1,H3K27ac,tRNA,-0.010057409440179528,0.6966429358766071,-0.060557188358133576,0.040493724205902464
556,SJSA1,H3K27ac,Penelope,0.07903568443771204,0.042692987443741795,0.002499235997133003,0.15465156477670625
557,SJSA1,H3K27ac,TcMar-Tc1,-0.03870265788224086,0.3234085508964243,-0.11511434107877332,0.03816435036723996
558,SJSA1,H3K27ac,Dong-R4,-0.024534103393254063,0.6127462275988633,-0.11905817392773227,0.07043069116625277
559,SJSA1,H3K27ac,tRNA-Deu,0.02301764941954004,0.6388910202856153,-0.07307140342791464,0.11868330205280701
560,SJSA1,H3K27ac,Kolobok,-0.004280342338130923,0.936038668373772,-0.10846757602967086,0.09999990207313059
561,SJSA1,H3K27ac,PIF-Harbinger,0.024052524583890584,0.6543040431506966,-0.08114756648715458,0.1287226097858975
562,SJSA1,H3K27ac,Crypton,0.047289109541850075,0.4280992476577703,-0.06975782703982533,0.16305167185157457
563,SJSA1,H3K27ac,Merlin,-0.054061236404166296,0.4335903981328366,-0.18754028169656442,0.0813782119519797
564,SJSA1,H3K27ac,TcMar,-0.051626695473355896,0.4644658998689626,-0.18808899250518601,0.08679114810163899
565,SJSA1,H3K27ac,L1-Tx1,0.08707472199798813,0.3116488486812816,-0.08215435670270178,0.25142325607994537
566,SJSA1,H3K27ac,Crypton-A,-0.10441831384670243,0.23526088195640216,-0.271525362828591,0.06880036959777695
567,SJSA1,H3K27ac,I-Jockey,0.027967750903530722,0.772824710840466,-0.16101711409353506,0.21497422979936898
568,SJSA1,H3K27ac,hAT-Tip100?,-0.0477106227106227,0.7081248943712366,-0.29024823598081495,0.20058650116091814
569,SJSA1,H3K27ac,TcMar-Pogo,0.08724340175953077,0.6349330944900853,-0.2702952401980708,0.4236350326046256
570,SJSA1,H3K27ac,hAT?,-0.005958747135217723,0.9733190962814824,-0.34343516961186404,0.33288049223090993
571,SJSA1,H3K27ac,hAT-hAT19,0.1176470588235294,0.6643410791623536,-0.403045265536449,0.5807994752518446
572,SJSA1,H3K9me3,Alu,-0.0003354406775335101,0.7241210265191995,-0.002198136287868157,0.0015272572605176955
573,SJSA1,H3K9me3,L1,-0.0007965720000381676,0.5624056598892879,-0.0034917576115969934,0.0018986251842163042
574,SJSA1,H3K9me3,MIR,0.0005778580885445467,0.6777930529538445,-0.002148120753468989,0.0033038283425008397
575,SJSA1,H3K9me3,L2,-0.002865786125290637,0.08684196103123565,-0.006146026482879594,0.0004145159055488046
576,SJSA1,H3K9me3,ERVL-MaLR,-7.226561584464088e-05,0.9712140853706415,-0.003997301776542749,0.0038527727714897262
577,SJSA1,H3K9me3,hAT-Charlie,0.0007009661444234091,0.7421076782382952,-0.003474111250121999,0.004876019101637844
578,SJSA1,H3K9me3,ERV1,-0.005030749042469166,0.09944307357291567,-0.011015097347107834,0.0009539596196290943
579,SJSA1,H3K9me3,ERVL,-0.003969962228320201,0.20339456332140926,-0.010087119288756594,0.0021474919601111287
580,SJSA1,H3K9me3,TcMar-Tigger,-0.004104867388588126,0.1961205396926673,-0.010328382425669975,0.0021189656506918194
581,SJSA1,H3K9me3,hAT-Tip100,-0.0028965681950560316,0.5039885809485987,-0.01139202599179377,0.0055993077326607875
582,SJSA1,H3K9me3,CR1,0.0052363173084556645,0.26703014369732697,-0.00401033300956372,0.014482072272691514
583,SJSA1,H3K9me3,Gypsy,-0.007021422942091956,0.37913111675092526,-0.022665546831033213,0.008626138698178305
584,SJSA1,H3K9me3,hAT-Blackjack,-0.007220636487245342,0.3753694379323087,-0.02318211495332417,0.008744522204730064
585,SJSA1,H3K9me3,TcMar-Mariner,0.00957066061341198,0.24384537641188628,-0.006525452238774745,0.025661815312736508
586,SJSA1,H3K9me3,RTE-X,-0.007604618033184192,0.4600912055608696,-0.02777586454742641,0.012572819059852988
587,SJSA1,H3K9me3,ERVK,0.001406865498020087,0.9037212435470572,-0.02138632769189753,0.02419859696209488
588,SJSA1,H3K9me3,TcMar-Tc2,0.006499493478277407,0.5994167617581512,-0.01775325952609223,0.030744602617058792
589,SJSA1,H3K9me3,SVA,-0.001968812101348116,0.8900687665254268,-0.029879772895740297,0.025945216536928755
590,SJSA1,H3K9me3,RTE-BovB,-0.01602446501512482,0.2775244703002976,-0.044923839855786095,0.01290170795592264
591,SJSA1,H3K9me3,tRNA-RTE,0.008883002096282946,0.5804527275165058,-0.022615411251211352,0.040363797370834543
592,SJSA1,H3K9me3,hAT-Ac,-0.015845646359071965,0.38222971157555485,-0.051351677514851216,0.019700392383204673
593,SJSA1,H3K9me3,hAT,0.004535237808927357,0.8140192542324867,-0.03324224261686806,0.04229977758211469
594,SJSA1,H3K9me3,MULE-MuDR,-0.008595579493157748,0.6799358495397654,-0.04939775466039013,0.032235238023377806
595,SJSA1,H3K9me3,PiggyBac,-0.0010557825668694979,0.9614347231181986,-0.04382820241291273,0.041720500698380306
596,SJSA1,H3K9me3,5S-Deu-L2,-0.012991622243787054,0.5728553839059576,-0.058095941040773966,0.03216562782172515
597,SJSA1,H3K9me3,Helitron,0.041621639785123385,0.08679523469934886,-0.006037306669219078,0.08909193115076906
598,SJSA1,H3K9me3,hAT-Tag1,-0.04551448919842953,0.06177677824979751,-0.09309018113393966,0.00226856958840125
599,SJSA1,H3K9me3,tRNA,-0.025385330544087974,0.3250431388722548,-0.0758254582249402,0.02518438354420898
600,SJSA1,H3K9me3,Penelope,-0.05396457735880449,0.1664494773273968,-0.12985905363084074,0.02255854791426396
601,SJSA1,H3K9me3,TcMar-Tc1,-0.011660763927995532,0.7659738890585617,-0.08825076732540554,0.06506630768761237
602,SJSA1,H3K9me3,Dong-R4,0.017313720468596472,0.720965825652816,-0.07760751815272492,0.11192389359689794
603,SJSA1,H3K9me3,tRNA-Deu,-0.04775386521345988,0.3300753319197167,-0.1430676129791188,0.04843753348963788
604,SJSA1,H3K9me3,Kolobok,0.024984555831871418,0.6394326775571297,-0.07947374858260707,0.1289001145838611
605,SJSA1,H3K9me3,PIF-Harbinger,0.040004262717562085,0.45629686109165957,-0.06529182288146296,0.14441928513114774
606,SJSA1,H3K9me3,Crypton,0.04595488549042118,0.4412606602886533,-0.07108470349414168,0.16174626113202115
607,SJSA1,H3K9me3,Merlin,-0.10376913519694966,0.1320576228215149,-0.23557324043180192,0.0317832866673058
608,SJSA1,H3K9me3,TcMar,-0.020267199662496006,0.7735577767269541,-0.15721455688722066,0.11744492254757273
609,SJSA1,H3K9me3,L1-Tx1,0.0011201121980767084,0.9896354093910307,-0.16662672972376041,0.16880394004000251
610,SJSA1,H3K9me3,Crypton-A,-0.1900273984385874,0.029707609214882975,-0.35150553780175847,-0.017568880449987778
611,SJSA1,H3K9me3,I-Jockey,0.021508664627930687,0.824318679139313,-0.16729120014159077,0.20878681484274925
612,SJSA1,H3K9me3,hAT-Tip100?,0.02184065934065934,0.863986333867577,-0.22520592654203286,0.26624850309474696
613,SJSA1,H3K9me3,TcMar-Pogo,0.038489736070381225,0.8343346615640608,-0.3145456070437762,0.38217117201530393
614,SJSA1,H3K9me3,hAT?,-0.08693659281894575,0.6249200168030122,-0.41351267861691143,0.2594585814272015
615,SJSA1,H3K9me3,hAT-hAT19,0.2676470588235294,0.3162544185483094,-0.2719034465475825,0.6791708185579431
616,SJSA1,H3K36me3,Alu,0.0001758702016980146,0.8532085556627858,-0.0016871049556686816,0.0020388441382883427
617,SJSA1,H3K36me3,L1,0.0003190556320565814,0.8165376145630204,-0.0023763557886819987,0.0030144624167694426
618,SJSA1,H3K36me3,MIR,-0.0012352819278388294,0.3744566021681377,-0.003961258042366039,0.0014907125454660852
619,SJSA1,H3K36me3,L2,0.0011614770093188048,0.487698971773467,-0.0021188419459320894,0.004441770968597273
620,SJSA1,H3K36me3,ERVL-MaLR,-0.0003798720235498487,0.8495542285553608,-0.004304918777024153,0.003545186434571773
621,SJSA1,H3K36me3,hAT-Charlie,0.0032594432130134306,0.12597951376177147,-0.0009155807436171902,0.007434353541960685
622,SJSA1,H3K36me3,ERV1,-0.0010231838025467064,0.7375583372230639,-0.007007784533820225,0.004961490221269412
623,SJSA1,H3K36me3,ERVL,-0.0030934565244879163,0.3216418545639326,-0.00921082377214391,0.003024142261933373
624,SJSA1,H3K36me3,TcMar-Tigger,0.005433943281912571,0.08702984979630451,-0.0007897251681592541,0.011657190790776192
625,SJSA1,H3K36me3,hAT-Tip100,0.0011831427160742447,0.7848809144735274,-0.007312095431712749,0.009678210094433223
626,SJSA1,H3K36me3,CR1,-0.0016379734253556435,0.7284161197981105,-0.010883178815098564,0.007607511981319653
627,SJSA1,H3K36me3,Gypsy,-0.002365084595024302,0.7670281454496802,-0.01800986417546587,0.013280852829663951
628,SJSA1,H3K36me3,hAT-Blackjack,0.0010705201603474113,0.8954299092112675,-0.014892093177695407,0.01703258796857786
629,SJSA1,H3K36me3,TcMar-Mariner,-0.01801028946663489,0.028294063666656308,-0.03409699139563764,-0.0019142576283476258
630,SJSA1,H3K36me3,RTE-X,0.015005936912463934,0.1449215181969093,-0.005171980876597968,0.035171640062564555
631,SJSA1,H3K36me3,ERVK,0.009512467656445898,0.41354231848902123,-0.013289593413695332,0.03230464041094196
632,SJSA1,H3K36me3,TcMar-Tc2,-0.0017834953424074,0.8854175617510116,-0.02603580027420957,0.022470907789808977
633,SJSA1,H3K36me3,SVA,0.01815683909986425,0.20238900838068405,-0.009762984221663346,0.046048374663316835
634,SJSA1,H3K36me3,RTE-BovB,0.01685828730328871,0.2532840610617256,-0.012067988447511425,0.045756370887288296
635,SJSA1,H3K36me3,tRNA-RTE,0.0010843366587491316,0.9461806469613637,-0.030391928744588376,0.03255845358167147
636,SJSA1,H3K36me3,hAT-Ac,-0.017037594580212142,0.34737758494314797,-0.05253524863908127,0.018503061557839862
637,SJSA1,H3K36me3,hAT,0.016092015773902266,0.40385995183950096,-0.02169520659878329,0.05383332734456574
638,SJSA1,H3K36me3,MULE-MuDR,0.0374982899686102,0.07198973054369233,-0.003366544778185485,0.07823809270100726
639,SJSA1,H3K36me3,PiggyBac,-0.0010560121738938646,0.961435531721522,-0.04383862079835069,0.04173046255135281
640,SJSA1,H3K36me3,5S-Deu-L2,-0.03357026560160841,0.14502335286599413,-0.07860031670184733,0.011596494105481156
641,SJSA1,H3K36me3,Helitron,0.02082317681974285,0.3917183079866585,-0.0268349766073258,0.06838688540224093
642,SJSA1,H3K36me3,hAT-Tag1,-0.002018546842097987,0.9340126181602109,-0.049767236680368775,0.0457393491291146
643,SJSA1,H3K36me3,tRNA,-0.03771578615460183,0.1436143083749163,-0.08809505359413036,0.012855937072652823
644,SJSA1,H3K36me3,Penelope,-0.013785690769072123,0.7241122798213326,-0.09012710525280862,0.06271677964975592
645,SJSA1,H3K36me3,TcMar-Tc1,-0.04618978235149871,0.2381590153055785,-0.12246291205500022,0.030625752864722296
646,SJSA1,H3K36me3,Dong-R4,0.011976702749461181,0.8048616382407474,-0.08290760465591653,0.10664581511151751
647,SJSA1,H3K36me3,tRNA-Deu,0.034662314728766866,0.47971380462237223,-0.06148587677403086,0.1301731191052668
648,SJSA1,H3K36me3,Kolobok,-0.007523837443850823,0.8878213738517025,-0.11167287543796565,0.09678868848573166
649,SJSA1,H3K36me3,PIF-Harbinger,0.09439809052857544,0.07821984393539157,-0.010922362519543706,0.19764707169531834
650,SJSA1,H3K36me3,Crypton,0.04767243422964155,0.42436040682865794,-0.06937655571242003,0.16342666205515236
651,SJSA1,H3K36me3,Merlin,-0.02673401440995797,0.6987407065230122,-0.1609269567312514,0.10842942353890322
652,SJSA1,H3K36me3,TcMar,-0.0696457409206366,0.3234608117509299,-0.2055466046373429,0.06889037055417001
653,SJSA1,H3K36me3,L1-Tx1,0.09707639049998139,0.2591060141658618,-0.07220458668930915,0.2609211547148187
654,SJSA1,H3K36me3,Crypton-A,-0.03820833216726426,0.6648103883419855,-0.20842871293447468,0.13425872365451832
655,SJSA1,H3K36me3,I-Jockey,0.22648503382448337,0.017876195269541966,0.03766915304546738,0.39968640413718054
656,SJSA1,H3K36me3,hAT-Tip100?,-0.1456501831501831,0.25081477911402006,-0.37906602224718516,0.10519104626705793
657,SJSA1,H3K36me3,TcMar-Pogo,0.01539589442815249,0.9333489581314992,-0.3351161741179495,0.36216443961932177
658,SJSA1,H3K36me3,hAT?,-0.20733384262796029,0.23936635231499387,-0.512538541641393,0.14438306513366755
659,SJSA1,H3K36me3,hAT-hAT19,0.5147058823529412,0.04134580644224894,-0.009368622988875875,0.8169542300636211
660,SJSA1,H3K27me3,Alu,0.00043721687198299664,0.6455644982049473,-0.00142594498553275,0.0023003756940182
661,SJSA1,H3K27me3,L1,-0.0001432049290650432,0.9170619443479213,-0.0028385035609855883,0.002552095783520149
662,SJSA1,H3K27me3,MIR,0.0002424679739615391,0.8616128758962973,-0.0024836908801539027,0.002968623224065647
663,SJSA1,H3K27me3,L2,-0.0007811118591378594,0.6407012975305487,-0.004061338223374684,0.0024991313145429138
664,SJSA1,H3K27me3,ERVL-MaLR,0.0014252329354235082,0.4766962063863137,-0.002500150939537005,0.005350572888987901
665,SJSA1,H3K27me3,hAT-Charlie,-0.00015225293651304408,0.9430259067775532,-0.004327714825279309,0.004023214261162252
666,SJSA1,H3K27me3,ERV1,-0.0016980443634673588,0.5781831153839387,-0.007683282354405304,0.0042873152886314355
667,SJSA1,H3K27me3,ERVL,0.0017544396957170187,0.574067087423931,-0.0043633473696348705,0.007872095435536958
668,SJSA1,H3K27me3,TcMar-Tigger,0.002671824106505494,0.4001362282802763,-0.0035521242745426484,0.008895565493208921
669,SJSA1,H3K27me3,hAT-Tip100,0.0008300839710855658,0.848132139727062,-0.0076654524375554724,0.009325500560142376
670,SJSA1,H3K27me3,CR1,0.003373366490378762,0.47451036254439505,-0.005871692669285162,0.012617849028630562
671,SJSA1,H3K27me3,Gypsy,0.00881620936566193,0.2694391462715527,-0.006830959480086854,0.02445906205303295
672,SJSA1,H3K27me3,hAT-Blackjack,0.0021215106975654716,0.7945235319220966,-0.013843448340622984,0.01808538834319855
673,SJSA1,H3K27me3,TcMar-Mariner,0.003929512881539287,0.6323692165704216,-0.012169315157551768,0.020026304305355954
674,SJSA1,H3K27me3,RTE-X,-0.018854319994009588,0.06701021879804801,-0.03901648610682936,0.0013231922918534498
675,SJSA1,H3K27me3,ERVK,-0.019773501178419625,0.08918552369140809,-0.04255674669685928,0.003030298807124342
676,SJSA1,H3K27me3,TcMar-Tc2,0.010778443985960121,0.3838374093846748,-0.013481053683286977,0.035025260084595694
677,SJSA1,H3K27me3,SVA,0.005371407394727391,0.7061897077728141,-0.022553247725436924,0.03328768768514182
678,SJSA1,H3K27me3,RTE-BovB,0.018949031114969025,0.19905345087549028,-0.009974219840478967,0.047840601628653855
679,SJSA1,H3K27me3,tRNA-RTE,0.008327483839227795,0.6043490729358517,-0.023170604230062362,0.039809055542015845
680,SJSA1,H3K27me3,hAT-Ac,0.014625184895937178,0.4198095529372795,-0.020908620235255245,0.0501220874718335
681,SJSA1,H3K27me3,hAT,0.013365702967980534,0.48811478753313275,-0.024419902931995745,0.0511131747547932
682,SJSA1,H3K27me3,MULE-MuDR,0.02278744690031608,0.2740335814298654,-0.01805339457531027,0.06355237250571814
683,SJSA1,H3K27me3,PiggyBac,0.008470795727297729,0.6980482527550901,-0.03431679221698319,0.051227387628659055
684,SJSA1,H3K27me3,5S-Deu-L2,-0.0006820994851378199,0.9763839517520675,-0.045817179666619266,0.04445575998143517
685,SJSA1,H3K27me3,Helitron,0.017129389320332675,0.4810924099606425,-0.030525386377918108,0.06470646814805546
686,SJSA1,H3K27me3,hAT-Tag1,-0.06939270996400518,0.00437459069176572,-0.11681595092451559,-0.021653747339816558
687,SJSA1,H3K27me3,tRNA,0.001157449143013053,0.9642147793659572,-0.04937473432492641,0.051683722198017396
688,SJSA1,H3K27me3,Penelope,-0.009507517060917244,0.8075332104307396,-0.08582163173211893,0.066917509175636
689,SJSA1,H3K27me3,TcMar-Tc1,-0.019014638519046886,0.6274046475046056,-0.09554854461255811,0.05774275300007803
690,SJSA1,H3K27me3,Dong-R4,-0.03998481522457972,0.4093016895453381,-0.13430006824714164,0.055048359630873206
691,SJSA1,H3K27me3,tRNA-Deu,0.013689462721068373,0.7802013252645377,-0.08233820408619665,0.109465274854763
692,SJSA1,H3K27me3,Kolobok,0.047270820209712065,0.37521601934173443,-0.05730463644050907,0.1508202186173769
693,SJSA1,H3K27me3,PIF-Harbinger,0.04400641807174366,0.4124695753607184,-0.06130747525977786,0.14835126506276577
694,SJSA1,H3K27me3,Crypton,-0.04129992602210257,0.4889419958168203,-0.15718944108970975,0.07571159051223061
695,SJSA1,H3K27me3,Merlin,-0.03539282999747645,0.6083422520738097,-0.1693754655509155,0.0998742946512079
696,SJSA1,H3K27me3,TcMar,-0.0725061801071566,0.30393640614803336,-0.20831193021740296,0.06604250013365079
697,SJSA1,H3K27me3,L1-Tx1,0.15744810440923668,0.06613975373277936,-0.011591829015245624,0.31773886402880064
698,SJSA1,H3K27me3,Crypton-A,-0.2848609326267047,0.0009746846653452347,-0.4379421710713234,-0.11572614066683153
699,SJSA1,H3K27me3,I-Jockey,0.05368362524325827,0.5792969727972048,-0.13592387188560306,0.2394974589700326
700,SJSA1,H3K27me3,hAT-Tip100?,-0.09459706959706958,0.4571603815450984,-0.3331694383140949,0.15535932559852472
701,SJSA1,H3K27me3,TcMar-Pogo,-0.02602639296187683,0.8875589636676529,-0.3714033964109367,0.32567777593490205
702,SJSA1,H3K27me3,hAT?,-0.07104660045836517,0.6896875744726882,-0.39998440232027965,0.274105388046683
703,SJSA1,H3K27me3,hAT-hAT19,-0.09411764705882353,0.7288144270239805,-0.5643516795393834,0.4222291056157042
704,SJSA1,H3K4me3,Alu,0.0009152472875095543,0.3357847904714075,-0.0009484425371048806,0.002778930754210761
705,SJSA1,H3K4me3,L1,-0.0017315340410841368,0.20803655101864235,-0.004427136287427972,0.0009640933691628576
706,SJSA1,H3K4me3,MIR,0.0007438608481872519,0.5928210300064765,-0.001982522265267765,0.003470232903200337
707,SJSA1,H3K4me3,L2,-0.0028607623271369766,0.08741844199133056,-0.006141232538605572,0.00041976945809187933
708,SJSA1,H3K4me3,ERVL-MaLR,0.0007756203855652777,0.6985853372794226,-0.0031501671273431457,0.00470138399118061
709,SJSA1,H3K4me3,hAT-Charlie,0.0014190740932875372,0.5053817614434684,-0.0027568164544754473,0.005594915149733753
710,SJSA1,H3K4me3,ERV1,0.0040304981161810175,0.18699700682484624,-0.0019563089997758146,0.010017016320293344
711,SJSA1,H3K4me3,ERVL,-0.0025282704919566217,0.4179870463020462,-0.00864638874400407,0.0035900370404176817
712,SJSA1,H3K4me3,TcMar-Tigger,0.004042124203980793,0.20313364847336562,-0.0021829329562352813,0.010266868099411927
713,SJSA1,H3K4me3,hAT-Tip100,-0.0032575699962990247,0.4524311421352506,-0.011754584194299693,0.0052399146209586136
714,SJSA1,H3K4me3,CR1,0.00617799754738018,0.19038222118988324,-0.003069276221879903,0.015424214810287341
715,SJSA1,H3K4me3,Gypsy,-0.0025299097699522815,0.7513261042522424,-0.018175636484515388,0.013117055637572983
716,SJSA1,H3K4me3,hAT-Blackjack,-0.0009459591508281288,0.9075573399872671,-0.016911238812168414,0.015019802756858465
717,SJSA1,H3K4me3,TcMar-Mariner,0.003027895295844831,0.7124887182230644,-0.013075664363106858,0.019129884677856163
718,SJSA1,H3K4me3,RTE-X,-0.014996041069686942,0.14520813529828758,-0.035162820874419805,0.0051829466142727975
719,SJSA1,H3K4me3,ERVK,-0.005521340817074377,0.6352337750505924,-0.028327414952704855,0.01729047842718284
720,SJSA1,H3K4me3,TcMar-Tc2,0.008707372508928174,0.4818401976332135,-0.015557216590070633,0.032961711877579826
721,SJSA1,H3K4me3,SVA,-0.01113946918219247,0.4342775760889125,-0.03904642985172364,0.016784855240414558
722,SJSA1,H3K4me3,RTE-BovB,0.009825233617106452,0.5055054660117917,-0.019096080509458525,0.03873011901026722
723,SJSA1,H3K4me3,tRNA-RTE,-0.001799553576651006,0.9108465622009516,-0.033289158540413866,0.029693620660644536
724,SJSA1,H3K4me3,hAT-Ac,-0.004003272333023171,0.8253198507653188,-0.03953634791562402,0.031539915347473864
725,SJSA1,H3K4me3,hAT,-0.008194250421377695,0.670862804449755,-0.04595926412589082,0.029594152548131362
726,SJSA1,H3K4me3,MULE-MuDR,0.039507843623302216,0.057894023818953914,-0.0013378352038624114,0.0802219144247749
727,SJSA1,H3K4me3,PiggyBac,0.004378395429923909,0.8410701778493526,-0.038403388905366785,0.04714415807174574
728,SJSA1,H3K4me3,5S-Deu-L2,-0.021781876462497095,0.3444391071108386,-0.06685796847242727,0.023382947075501436
729,SJSA1,H3K4me3,Helitron,0.005316494381802515,0.8268664895278051,-0.042306878771396106,0.05291576359327507
730,SJSA1,H3K4me3,hAT-Tag1,-0.018544640436817927,0.4468154577801763,-0.06624350980248839,0.029238792482754704
731,SJSA1,H3K4me3,tRNA,-0.030553982346297894,0.23617051092385757,-0.08096999629321598,0.020017980299849282
732,SJSA1,H3K4me3,Penelope,0.02627169783466712,0.501110478149646,-0.050275175739160204,0.10251171976024172
733,SJSA1,H3K4me3,TcMar-Tc1,-0.0688155435748691,0.07888075592040905,-0.14486522049041126,0.008042417925449588
734,SJSA1,H3K4me3,Dong-R4,-0.03781944267316755,0.4351520705552817,-0.13216597786398532,0.057206192119507955
735,SJSA1,H3K4me3,tRNA-Deu,-0.032995915745167276,0.5010960660500621,-0.12853005906921675,0.06314500605118772
736,SJSA1,H3K4me3,Kolobok,0.016082763834954654,0.7629991895444914,-0.08830712796536307,0.12012322278221567
737,SJSA1,H3K4me3,PIF-Harbinger,-0.0200033664176563,0.7096022508852826,-0.12473192329429701,0.08516601048623437
738,SJSA1,H3K4me3,Crypton,0.04722160415829564,0.4287596453453918,-0.06982496815261663,0.16298563160654403
739,SJSA1,H3K4me3,Merlin,-0.07758613632437923,0.2607210791229495,-0.21033305816683637,0.057969967280629316
740,SJSA1,H3K4me3,TcMar,-0.006667623155809294,0.9245939675987223,-0.14390849725265287,0.130824892799735
741,SJSA1,H3K4me3,L1-Tx1,0.06023870058573365,0.48439521940046615,-0.10872541979702886,0.2258199149177154
742,SJSA1,H3K4me3,Crypton-A,-0.07935535617638378,0.36759866072544145,-0.24776765673858228,0.09371215259259198
743,SJSA1,H3K4me3,I-Jockey,0.02866277453433417,0.7673377950892148,-0.1603413156430118,0.21563935204938092
744,SJSA1,H3K4me3,hAT-Tip100?,-0.08493589743589743,0.5045789763807861,-0.3243857535246488,0.16474366710871438
745,SJSA1,H3K4me3,TcMar-Pogo,0.007697947214076245,0.9666468330034552,-0.3419185588798938,0.35544255181972645
746,SJSA1,H3K4me3,hAT?,-0.041100076394194045,0.8174811393375013,-0.3741945804095909,0.3013877553613485
747,SJSA1,H3K4me3,hAT-hAT19,0.17941176470588235,0.5061395399904385,-0.35099518391573875,0.622654032375277
748,HAP-1,H3K27ac,Alu,0.0010449376534293559,0.27347842165580305,-0.0008252705537155637,0.002915138550882438
749,HAP-1,H3K27ac,L1,-0.0007826711108967665,0.5704239769621857,-0.0034861024519514338,0.0019207716705811543
750,HAP-1,H3K27ac,MIR,0.001415532490825541,0.3093696763072788,-0.0013137059017298478,0.004144749795628404
751,HAP-1,H3K27ac,L2,-0.0007914698386135718,0.6365813344936776,-0.004074635535101616,0.002491712920760785
752,HAP-1,H3K27ac,ERVL-MaLR,-0.001421558089073095,0.47915550152406705,-0.0053587126832375515,0.002515640577347305
753,HAP-1,H3K27ac,hAT-Charlie,0.0006362848047179906,0.7656494099960129,-0.0035476005738357716,0.004820147907181577
754,HAP-1,H3K27ac,ERV1,0.0017581342905825168,0.5677536182946035,-0.004272843567884095,0.007788984255205113
755,HAP-1,H3K27ac,ERVL,0.003544866338461573,0.257288711473404,-0.002588350775181272,0.009677816770468244
756,HAP-1,H3K27ac,TcMar-Tigger,0.006335706678251243,0.04648753157943855,9.851645766680488e-05,0.012572403967818797
757,HAP-1,H3K27ac,hAT-Tip100,-0.0008015664178867573,0.8534638305586868,-0.009307218898110791,0.007704202044440402
758,HAP-1,H3K27ac,CR1,-0.008582843135406722,0.06915300538780092,-0.01783757330571076,0.0006733576184036929
759,HAP-1,H3K27ac,Gypsy,-0.0009767925403816363,0.9027323899112389,-0.016640941965579647,0.014687836242473662
760,HAP-1,H3K27ac,hAT-Blackjack,-0.009280867397457496,0.255563281209741,-0.02527593291680054,0.0067189488151455125
761,HAP-1,H3K27ac,TcMar-Mariner,0.001969343359016436,0.8109658508505628,-0.014167809732236221,0.018105470847089772
762,HAP-1,H3K27ac,RTE-X,0.012797657249336692,0.21424238960457695,-0.007399565671660305,0.032984442815853506
763,HAP-1,H3K27ac,ERVK,0.003134523412030729,0.7904372949726632,-0.019982141016031185,0.026247838238270062
764,HAP-1,H3K27ac,TcMar-Tc2,0.006635015350882757,0.5924510130333029,-0.017658733650938212,0.03092093474258568
765,HAP-1,H3K27ac,SVA,-0.0038176737923077994,0.7901168908797969,-0.03192141934502105,0.024292103696817433
766,HAP-1,H3K27ac,RTE-BovB,0.022774398730692924,0.12309938268826477,-0.006180136754293489,0.051690778223714706
767,HAP-1,H3K27ac,tRNA-RTE,0.007432881600831053,0.6437295897928864,-0.024064652016298503,0.03891567306252786
768,HAP-1,H3K27ac,hAT-Ac,-0.020268903452909375,0.26461522334572757,-0.0558352568717768,0.01534882406915642
769,HAP-1,H3K27ac,hAT,-0.013377372533209392,0.4882206967313555,-0.0511669254358644,0.024450433012189732
770,HAP-1,H3K27ac,MULE-MuDR,-0.01316857938956836,0.5278921536247695,-0.054013248125681576,0.027720082238666816
771,HAP-1,H3K27ac,PiggyBac,0.01617105711050052,0.46051139570907906,-0.02677834472814617,0.059060866227028774
772,HAP-1,H3K27ac,5S-Deu-L2,0.019694891302611737,0.3934015148376343,-0.025540700725977084,0.06484999383928856
773,HAP-1,H3K27ac,Helitron,0.008486964738112852,0.7279779660222294,-0.039325864037398996,0.0562610186561294
774,HAP-1,H3K27ac,hAT-Tag1,-0.01209412720783417,0.6202412327791669,-0.0598714874517158,0.0357385189653515
775,HAP-1,H3K27ac,tRNA,0.012080985803341583,0.6397920022306229,-0.0385072753913581,0.06260747883761142
776,HAP-1,H3K27ac,Penelope,0.005684727712717696,0.8846311168050043,-0.07101314423614911,0.08231577423049273
777,HAP-1,H3K27ac,TcMar-Tc1,-0.049138961328201114,0.21158704200910972,-0.12572978181553163,0.028034161716586025
778,HAP-1,H3K27ac,Dong-R4,0.04698066367085445,0.3322276748462196,-0.04807230721642968,0.1411903579380583
779,HAP-1,H3K27ac,tRNA-Deu,0.01669118260189868,0.7336653745338153,-0.07935759537042043,0.11243289498699183
780,HAP-1,H3K27ac,Kolobok,0.025749730275379797,0.6296940526037668,-0.07886232125358025,0.12980083825014255
781,HAP-1,H3K27ac,PIF-Harbinger,0.040474290838089164,0.4510183285062269,-0.06482401692109493,0.1448812000831575
782,HAP-1,H3K27ac,Crypton,-0.008954258219753337,0.880788090981526,-0.12542314291996112,0.10775808284335389
783,HAP-1,H3K27ac,Merlin,-0.03875164392751612,0.5756386353877692,-0.17296463399266693,0.09687424127371129
784,HAP-1,H3K27ac,TcMar,-0.029717810741091744,0.6746015696195805,-0.16711315561127088,0.10880977494824526
785,HAP-1,H3K27ac,L1-Tx1,0.0942037694253305,0.27353375123900886,-0.07506492719615195,0.25819568999378256
786,HAP-1,H3K27ac,Crypton-A,-0.22432548215143028,0.009999974286656924,-0.38303359942521126,-0.05275330046767385
787,HAP-1,H3K27ac,I-Jockey,-0.0158465387823186,0.8700888613449065,-0.2033536027849691,0.17278176364896494
788,HAP-1,H3K27ac,hAT-Tip100?,-0.03845046082949309,0.76479485982501,-0.2836005282834067,0.21141715195641317
789,HAP-1,H3K27ac,TcMar-Pogo,-0.1510263929618768,0.40931932148187056,-0.4763221580543727,0.21063433384612024
790,HAP-1,H3K27ac,hAT?,-0.15775401069518719,0.38059872273025785,-0.47703661803101266,0.19831285293217812
791,HAP-1,H3K27ac,hAT-hAT19,-0.047058823529411764,0.8626036946668731,-0.5306077414822763,0.45959953959144045
792,HAP-1,H3K4me1,Alu,-0.0004107594834859978,0.6668780308672848,-0.0022811214257186783,0.0014596053326334276
793,HAP-1,H3K4me1,L1,-0.000420447112033373,0.7605366268746188,-0.0031242626776663627,0.002283374601071646
794,HAP-1,H3K4me1,MIR,-0.002697038470324879,0.05277792904924227,-0.005426391567967625,3.235481066769534e-05
795,HAP-1,H3K4me1,L2,0.0007378559529038144,0.6595966696423786,-0.0025453863148062104,0.004021082312980448
796,HAP-1,H3K4me1,ERVL-MaLR,-0.0017009720014796801,0.3971436021195469,-0.005638222960437934,0.0022363316950867584
797,HAP-1,H3K4me1,hAT-Charlie,0.0014297855343500304,0.5029889868796543,-0.0027540799922652374,0.005613601005440234
798,HAP-1,H3K4me1,ERV1,0.00015643514301708498,0.9594554317791271,-0.005874698198093659,0.006187557103627099
799,HAP-1,H3K4me1,ERVL,-0.003021242037108139,0.3342905896608318,-0.009154107877521247,0.003111851083975418
800,HAP-1,H3K4me1,TcMar-Tigger,0.0006377873223220624,0.8411465198649453,-0.00559905131980163,0.006874576347318472
801,HAP-1,H3K4me1,hAT-Tip100,-0.005096397624069274,0.24023108140461136,-0.013601097330173093,0.0034090394091369895
802,HAP-1,H3K4me1,CR1,-0.011213215172043175,0.017574732627526048,-0.02046725537334083,-0.0019572537924246436
803,HAP-1,H3K4me1,Gypsy,0.0004542859500897902,0.9546731860076432,-0.015209723140626935,0.01611807211565889
804,HAP-1,H3K4me1,hAT-Blackjack,0.0029380909418677617,0.7188890877040137,-0.013059965690700875,0.018934643765666385
805,HAP-1,H3K4me1,TcMar-Mariner,-0.00593327401943486,0.47125340650856884,-0.022071819251040927,0.010208362586815104
806,HAP-1,H3K4me1,RTE-X,-0.006165888943109753,0.5495315014379967,-0.026354068560062643,0.014027318087993602
807,HAP-1,H3K4me1,ERVK,0.007282059456384635,0.5372992316060854,-0.015853781017941874,0.030410106449568274
808,HAP-1,H3K4me1,TcMar-Tc2,-0.007864545917580637,0.5258284715456043,-0.03215314553669953,0.016433336980925882
809,HAP-1,H3K4me1,SVA,-0.01625987414264737,0.25688438563834515,-0.044345643473484235,0.01185157735165031
810,HAP-1,H3K4me1,RTE-BovB,-0.005561310368866737,0.7065971755262661,-0.03450584573100207,0.023392546659933216
811,HAP-1,H3K4me1,tRNA-RTE,-0.0008639323425908231,0.9571413690474506,-0.03236265651452259,0.030636506258785105
812,HAP-1,H3K4me1,hAT-Ac,0.012572463548551936,0.4889921160962285,-0.023042253422682603,0.048155309994785095
813,HAP-1,H3K4me1,hAT,-0.0010292094393106633,0.9574566758080036,-0.03882738831099247,0.036771910532157115
814,HAP-1,H3K4me1,MULE-MuDR,0.006994742600238854,0.7373054826595025,-0.03386964461030102,0.047835781000914616
815,HAP-1,H3K4me1,PiggyBac,-0.0303807353176903,0.16552495049663682,-0.07322311748222188,0.012573567334712118
816,HAP-1,H3K4me1,5S-Deu-L2,-0.025853583568378177,0.26265923930120005,-0.07099861223960739,0.01939714550553192
817,HAP-1,H3K4me1,Helitron,-0.020453731180002824,0.4018529975942329,-0.06818807101214791,0.027374040585474553
818,HAP-1,H3K4me1,hAT-Tag1,-0.018994730582191862,0.4364069933657756,-0.0667486485516239,0.028846008779775743
819,HAP-1,H3K4me1,tRNA,-0.0014904857150043823,0.9539589834284385,-0.05204948757332053,0.049076137305800634
820,HAP-1,H3K4me1,Penelope,-0.006465730498357946,0.8691149717998587,-0.08320909927225334,0.07035387753985256
821,HAP-1,H3K4me1,TcMar-Tc1,0.04614922770420916,0.24038188052546086,-0.030962866784021617,0.12271521394017691
822,HAP-1,H3K4me1,Dong-R4,0.0017355122361168093,0.9714421674614218,-0.09306667446859634,0.0965065134339506
823,HAP-1,H3K4me1,tRNA-Deu,0.04407117603786242,0.36877205618522635,-0.05211056555811513,0.13944281350029228
824,HAP-1,H3K4me1,Kolobok,-0.018180456607671674,0.7335580527690269,-0.12233970504235386,0.08637490794199866
825,HAP-1,H3K4me1,PIF-Harbinger,0.06399757505023311,0.23306253067145302,-0.04136736758179385,0.1679547643440113
826,HAP-1,H3K4me1,Crypton,0.007448491075997865,0.9007213470019133,-0.10924550850449945,0.12393997197827789
827,HAP-1,H3K4me1,Merlin,0.03584223667368662,0.6046591104807848,-0.09975224173728828,0.1701297588459218
828,HAP-1,H3K4me1,TcMar,0.05062430479281293,0.4742999019352052,-0.08813029749774501,0.1874517193049918
829,HAP-1,H3K4me1,L1-Tx1,0.17807450382340337,0.03735336086883412,0.009341066313831668,0.33694789727995406
830,HAP-1,H3K4me1,Crypton-A,-0.08331097952754589,0.3441257329290559,-0.2515275359508873,0.08979129695780314
831,HAP-1,H3K4me1,I-Jockey,0.004652024835511075,0.9617091656759051,-0.1836113612931335,0.19258621607494075
832,HAP-1,H3K4me1,hAT-Tip100?,0.051507296466973884,0.6884892894603307,-0.19895582743098553,0.2956543388498486
833,HAP-1,H3K4me1,TcMar-Pogo,-0.344574780058651,0.0534497579170714,-0.6254322349515034,0.015328079486521045
834,HAP-1,H3K4me1,hAT?,0.019050802139037436,0.916194787986969,-0.32642191385203717,0.36003351109392984
835,HAP-1,H3K4me1,hAT-hAT19,-0.032352941176470584,0.9053195187918449,-0.519827000335542,0.47101521392456863
836,HAP-1,H3K9me3,Alu,0.0007214381957520272,0.44946266322795614,-0.0011481535588109733,0.002591024906934352
837,HAP-1,H3K9me3,L1,-0.002982066835628738,0.030607384942930523,-0.005685249320312542,-0.0002788407687637363
838,HAP-1,H3K9me3,MIR,-0.00023480458760143972,0.866079582941243,-0.0029637330785962663,0.002494127400601403
839,HAP-1,H3K9me3,L2,0.00032051319129504743,0.8482560137722227,-0.002962541416617011,0.003603560889951688
840,HAP-1,H3K9me3,ERVL-MaLR,0.001739123127246457,0.38652215965736647,-0.0021971960178172162,0.0056753883788213345
841,HAP-1,H3K9me3,hAT-Charlie,0.0011339663402904624,0.5951991613186471,-0.003049095891260381,0.005316988887858864
842,HAP-1,H3K9me3,ERV1,-0.0004145612640919217,0.8928161302749569,-0.006444731107112693,0.005615638728424427
843,HAP-1,H3K9me3,ERVL,-0.00244468277214071,0.43452930175406623,-0.008575934088683033,0.003686752353226574
844,HAP-1,H3K9me3,TcMar-Tigger,-0.0005233859371606369,0.8693472053552062,-0.0067597380138976655,0.005713006850996351
845,HAP-1,H3K9me3,hAT-Tip100,-0.004654939273947015,0.2834242452159889,-0.013159858524307311,0.003850653461843065
846,HAP-1,H3K9me3,CR1,0.004425730673008626,0.3486882299503278,-0.004830489338083565,0.013681192359334458
847,HAP-1,H3K9me3,Gypsy,0.0033797238273231027,0.6723836827849949,-0.012284371047249268,0.01904216033431801
848,HAP-1,H3K9me3,hAT-Blackjack,0.011765636756930854,0.14948515263261514,-0.004234187966138257,0.02775943903970189
849,HAP-1,H3K9me3,TcMar-Mariner,-0.0036631904813744093,0.6561618168253827,-0.019787290055569094,0.012462814104207163
850,HAP-1,H3K9me3,RTE-X,-0.020218699444549123,0.04970331833063226,-0.040396608609544915,-2.4306083911318385e-05
851,HAP-1,H3K9me3,ERVK,-0.00559228815828964,0.6353252699862881,-0.02869749248340316,0.017518888788354847
852,HAP-1,H3K9me3,TcMar-Tc2,0.015154340695420664,0.22146161437129805,-0.009141054122022594,0.03943185438288918
853,HAP-1,H3K9me3,SVA,0.00397895788185809,0.7813171843388822,-0.024110707019037118,0.03206234505815649
854,HAP-1,H3K9me3,RTE-BovB,-0.004143146606773953,0.7791888686525628,-0.033095485517778085,0.024816139975548098
855,HAP-1,H3K9me3,tRNA-RTE,0.004174038187764897,0.7951608427246397,-0.027333361087350027,0.035673152227030776
856,HAP-1,H3K9me3,hAT-Ac,-0.011332490283606804,0.5327107512234135,-0.046905967039961236,0.024269695210654446
857,HAP-1,H3K9me3,hAT,-0.0070119737988694275,0.7163733370045611,-0.04481430223955617,0.03081040670408898
858,HAP-1,H3K9me3,MULE-MuDR,-0.020034692871183937,0.33706222493075,-0.06087867044732558,0.020876266183587826
859,HAP-1,H3K9me3,PiggyBac,-0.04719435906523008,0.031170614296353517,-0.08996387038559121,-0.004251100567622125
860,HAP-1,H3K9me3,5S-Deu-L2,0.025623256456406816,0.26668157262322945,-0.019603306887462056,0.07074517186494365
861,HAP-1,H3K9me3,Helitron,-0.005675771493045732,0.8160146382697089,-0.0534434732245843,0.042117846547149805
862,HAP-1,H3K9me3,hAT-Tag1,-0.044193579663249515,0.07006751435614494,-0.09183298858414934,0.0036476691875629436
863,HAP-1,H3K9me3,tRNA,0.05248525757974474,0.04190257736806625,0.0018926372504539412,0.10280987900303964
864,HAP-1,H3K9me3,Penelope,-0.010744010689351597,0.7840593506709101,-0.0873991930517862,0.06603765859773741
865,HAP-1,H3K9me3,TcMar-Tc1,0.011670124589988264,0.766841086993318,-0.06541194622349547,0.08861374614412271
866,HAP-1,H3K9me3,Dong-R4,0.019900611734028014,0.6814071667539674,-0.07503707965887309,0.11448077748968637
867,HAP-1,H3K9me3,tRNA-Deu,-0.014986664454012444,0.7599833165887215,-0.11074789734450086,0.08105028357470907
868,HAP-1,H3K9me3,Kolobok,0.05021008823193293,0.3469050907044834,-0.05452401637192826,0.1538513989338347
869,HAP-1,H3K9me3,PIF-Harbinger,-0.014649844929562958,0.7850727103113313,-0.11945180686797326,0.09047498945068035
870,HAP-1,H3K9me3,Crypton,0.005933987941429466,0.9208332426066499,-0.11074116904525765,0.12244780280640098
871,HAP-1,H3K9me3,Merlin,-0.03888066703734566,0.5743669344276103,-0.17309031319722432,0.09674657152157297
872,HAP-1,H3K9me3,TcMar,0.04493960783087516,0.5253833715738612,-0.09376217307619089,0.18193015285251757
873,HAP-1,H3K9me3,L1-Tx1,0.10783646830275578,0.20973676773702218,-0.06147160204857937,0.2711123458529107
874,HAP-1,H3K9me3,Crypton-A,-0.11381625569517867,0.19552312900259392,-0.28039404048820277,0.059416466439577556
875,HAP-1,H3K9me3,I-Jockey,-0.05608377351496618,0.5624289528081933,-0.24177725852723098,0.1335724849619734
876,HAP-1,H3K9me3,hAT-Tip100?,0.08305860805860804,0.5140776394747717,-0.16656320619808251,0.3226753373899342
877,HAP-1,H3K9me3,TcMar-Pogo,-0.11840175953079178,0.5186614988324136,-0.44959237839432853,0.24140900031352958
878,HAP-1,H3K9me3,hAT?,0.07052139037433156,0.6965512193700478,-0.2799656602102686,0.40442010448480437
879,HAP-1,H3K9me3,hAT-hAT19,0.2411764705882353,0.36820660804263405,-0.2962660669272803,0.6626183746983176
880,HAP-1,H3K36me3,Alu,-0.0007811294537510507,0.41283024209610697,-0.0026506350313565082,0.0010883815840484065
881,HAP-1,H3K36me3,L1,0.0012922766244350527,0.3487258548603426,-0.0014106535379214608,0.003995187904581499
882,HAP-1,H3K36me3,MIR,-0.0006726827719782168,0.62896165604445,-0.003401281894155393,0.002055926366827343
883,HAP-1,H3K36me3,L2,0.00013460160443057447,0.9359536029226057,-0.0031484327848446203,0.003417633092151351
884,HAP-1,H3K36me3,ERVL-MaLR,-0.000326503080823612,0.8708421525878818,-0.0042623860981640055,0.003609390052376668
885,HAP-1,H3K36me3,hAT-Charlie,-0.0018060954621594342,0.39736740330958875,-0.005988652364615701,0.0023765246323391295
886,HAP-1,H3K36me3,ERV1,0.00234544844414341,0.4457030095967497,-0.003682629677624434,0.008373356113268398
887,HAP-1,H3K36me3,ERVL,-0.001066297851575119,0.733231947537418,-0.007198013294588249,0.0050654977737707605
888,HAP-1,H3K36me3,TcMar-Tigger,0.005794926219103746,0.06855484688123241,-0.000441105420675606,0.012030507169090071
889,HAP-1,H3K36me3,hAT-Tip100,0.0010078457077054186,0.8163353486541437,-0.007496894234597294,0.009512439856186886
890,HAP-1,H3K36me3,CR1,-0.00026920258773358767,0.9545415605102834,-0.009524846204971283,0.008986487153260496
891,HAP-1,H3K36me3,Gypsy,0.011189734141145333,0.16147586612633355,-0.0044749402608026245,0.02684891826114058
892,HAP-1,H3K36me3,hAT-Blackjack,-0.0069027941418940844,0.39759778444388816,-0.022893071913464437,0.009091014514209872
893,HAP-1,H3K36me3,TcMar-Mariner,-0.00834199539844617,0.3108821935508064,-0.024472389100560987,0.007792740775407838
894,HAP-1,H3K36me3,RTE-X,0.006666635165027029,0.5176560009799616,-0.013529894555641134,0.02685772746978231
895,HAP-1,H3K36me3,ERVK,0.004635151587873687,0.6942031449414094,-0.018470865741114124,0.027736220566520493
896,HAP-1,H3K36me3,TcMar-Tc2,0.01104353501053401,0.3730568495188342,-0.013256996728631011,0.03533102939240747
897,HAP-1,H3K36me3,SVA,0.0079690351414527,0.5782579286300831,-0.02012565936598218,0.036051154373293585
898,HAP-1,H3K36me3,RTE-BovB,0.00712001178528742,0.629701446523314,-0.021822094211513154,0.03605019400018295
899,HAP-1,H3K36me3,tRNA-RTE,-0.015814962954830668,0.32519609386836934,-0.04729296903183893,0.01569442319653725
900,HAP-1,H3K36me3,hAT-Ac,-0.01693172008624096,0.3510961787568311,-0.05248217316180583,0.018661594667753658
901,HAP-1,H3K36me3,hAT,-0.03189881000288623,0.09804664375636378,-0.06961011592212533,0.0059035369012097605
902,HAP-1,H3K36me3,MULE-MuDR,-0.012325241463279325,0.5547413267280594,-0.0531808564222588,0.02857156736479769
903,HAP-1,H3K36me3,PiggyBac,-0.004953001953345354,0.8210946685528049,-0.047850525427062536,0.03796275872136652
904,HAP-1,H3K36me3,5S-Deu-L2,0.0012000869233934268,0.9585066786623035,-0.043986752258587856,0.046382025833768714
905,HAP-1,H3K36me3,Helitron,-0.002891089431694423,0.9056577985173035,-0.050666001450528964,0.04489702383338658
906,HAP-1,H3K36me3,hAT-Tag1,0.004042304768380391,0.8684623905174829,-0.04377658569784296,0.05184271543450963
907,HAP-1,H3K36me3,tRNA,0.01544290461308568,0.5496821484260668,-0.035150449643803885,0.0659573053952589
908,HAP-1,H3K36me3,Penelope,0.0005367037880146417,0.9890784342355979,-0.07619146434432507,0.07725855306122757
909,HAP-1,H3K36me3,TcMar-Tc1,0.012808368721308222,0.7446637102304188,-0.06421934306501068,0.08968436400633484
910,HAP-1,H3K36me3,Dong-R4,-0.0288679861626134,0.5514404041187471,-0.12333686236288684,0.06611940737081806
911,HAP-1,H3K36me3,tRNA-Deu,-0.03409175956503688,0.486978517321044,-0.12961059926369536,0.06205398780170109
912,HAP-1,H3K36me3,Kolobok,0.04537165125535519,0.39539728840789246,-0.05934574309507934,0.1491013311719669
913,HAP-1,H3K36me3,PIF-Harbinger,0.05091823098644927,0.3429086624316565,-0.05442046714156577,0.15513604516013307
914,HAP-1,H3K36me3,Crypton,0.024425168495458963,0.6824388488435147,-0.0924529179300945,0.14063933013433028
915,HAP-1,H3K36me3,Merlin,-0.00234924256412402,0.9729393084266558,-0.13737440237007756,0.1327616339066612
916,HAP-1,H3K36me3,TcMar,-0.009788248860316968,0.8900372042802922,-0.14764300253134702,0.12843957782506984
917,HAP-1,H3K36me3,L1-Tx1,0.1600173617635751,0.06178315629625252,-0.008990748579397634,0.32013724557380696
918,HAP-1,H3K36me3,Crypton-A,-0.0320586991031094,0.7162274148408487,-0.20251351142208376,0.14028157843706246
919,HAP-1,H3K36me3,I-Jockey,-0.025966082846816795,0.7886888097927569,-0.21305795232106842,0.16296267315985163
920,HAP-1,H3K36me3,hAT-Tip100?,0.019825268817204304,0.8774345295247263,-0.2290884898609681,0.26630541927936957
921,HAP-1,H3K36me3,TcMar-Pogo,-0.004765395894428152,0.9793492798696655,-0.35287481830207157,0.344502840462374
922,HAP-1,H3K36me3,hAT?,0.13201871657754014,0.46394743354607615,-0.22280035900902362,0.4559516544123638
923,HAP-1,H3K36me3,hAT-hAT19,-0.24705882352941175,0.35627504151257705,-0.6663264868255478,0.290901544635157
924,HAP-1,H3K27me3,Alu,-0.001293515664439076,0.17507849409313506,-0.0031630672893768457,0.0005760450028096793
925,HAP-1,H3K27me3,L1,0.0015720087107434701,0.2544230665407371,-0.001131474647990868,0.004275469090551788
926,HAP-1,H3K27me3,MIR,-0.00016858922662271454,0.9036161495553217,-0.0028972670105816595,0.0025600910678623035
927,HAP-1,H3K27me3,L2,0.00026437473014174784,0.8745917611188692,-0.003018702382909978,0.003547446144026505
928,HAP-1,H3K27me3,ERVL-MaLR,0.0006741637192343844,0.7370975684397268,-0.0032619004403187236,0.004610206989789745
929,HAP-1,H3K27me3,hAT-Charlie,-0.0006236964030170973,0.7700981198889015,-0.004806511592525401,0.003559140610926888
930,HAP-1,H3K27me3,ERV1,0.002177280542625363,0.47908638664935277,-0.0038520497676304047,0.008206452555694134
931,HAP-1,H3K27me3,ERVL,0.0024652198466286013,0.43068398657890783,-0.0036662755930364547,0.008596529929725235
932,HAP-1,H3K27me3,TcMar-Tigger,-0.0013345848044573811,0.6748968924034044,-0.007570772009954615,0.004901706207041106
933,HAP-1,H3K27me3,hAT-Tip100,-0.004442952122513348,0.3058480320159632,-0.012946537996035639,0.004061276360630195
934,HAP-1,H3K27me3,CR1,-0.00280139268473656,0.5530303043611848,-0.012056455828474833,0.006454150400924572
935,HAP-1,H3K27me3,Gypsy,-0.009664274800260211,0.22655541748487398,-0.025323706783588768,0.005999898765682246
936,HAP-1,H3K27me3,hAT-Blackjack,0.008792654187625084,0.2813260581232729,-0.007203945307356101,0.024784754674796853
937,HAP-1,H3K27me3,TcMar-Mariner,0.010105525721684829,0.21954520404181563,-0.006027635964546971,0.02623342807536713
938,HAP-1,H3K27me3,RTE-X,-0.002911849794605356,0.7774661645560199,-0.02310180313177115,0.01728047778106964
939,HAP-1,H3K27me3,ERVK,0.022532998272009407,0.05609400678147286,-0.0005886173007961062,0.04563053401761209
940,HAP-1,H3K27me3,TcMar-Tc2,0.006243311007850773,0.6144006544230334,-0.018044702693991194,0.03052396070262764
941,HAP-1,H3K27me3,SVA,0.01021630942886638,0.47620567233670463,-0.01789084984575344,0.03830733426322906
942,HAP-1,H3K27me3,RTE-BovB,0.011664282446819848,0.42964281472967336,-0.0172829334624922,0.040591960923325114
943,HAP-1,H3K27me3,tRNA-RTE,-0.01897891295314059,0.23760252372884477,-0.05044306154361463,0.012522872112128018
944,HAP-1,H3K27me3,hAT-Ac,0.01591618636629224,0.38105612082155205,-0.019700227307811725,0.05149225527563695
945,HAP-1,H3K27me3,hAT,-0.003401753555005106,0.8600954096134796,-0.041210308517814286,0.03441652954655455
946,HAP-1,H3K27me3,MULE-MuDR,-0.01699540665342574,0.41545469786487954,-0.057847909155017516,0.023913919351700442
947,HAP-1,H3K27me3,PiggyBac,-0.028726428692600992,0.18968916779154243,-0.07156473799345185,0.014217661174925686
948,HAP-1,H3K27me3,5S-Deu-L2,0.012176361932485889,0.5976635745074363,-0.033039944185029334,0.05734292595493741
949,HAP-1,H3K27me3,Helitron,-0.046504439238839526,0.05639148961460351,-0.09408871580167795,0.0012918306227185019
950,HAP-1,H3K27me3,hAT-Tag1,-0.027474629458230773,0.260235621401021,-0.07519507980799005,0.020371377630290594
951,HAP-1,H3K27me3,tRNA,0.03863788544602872,0.13432890231368957,-0.011967234868641216,0.08904558921026028
952,HAP-1,H3K27me3,Penelope,0.010296300601975885,0.7928487768978385,-0.06648327213161442,0.08695465663877262
953,HAP-1,H3K27me3,TcMar-Tc1,0.05774837000691553,0.1413738977275079,-0.019303258538883417,0.13411809412876494
954,HAP-1,H3K27me3,Dong-R4,0.07049579072475338,0.1453995302079706,-0.024572396236224682,0.16430035894747452
955,HAP-1,H3K27me3,tRNA-Deu,0.03286414173759019,0.502808119339129,-0.06327618816825951,0.12840011383214375
956,HAP-1,H3K27me3,Kolobok,-0.044293367173670294,0.4060668116446574,-0.14789610445484414,0.060270929742950716
957,HAP-1,H3K27me3,PIF-Harbinger,-0.05178615978918831,0.33473422124385177,-0.15598749963694564,0.05355511969133983
958,HAP-1,H3K27me3,Crypton,0.010872470020676712,0.8555049430930153,-0.10586266945526,0.12731200460041406
959,HAP-1,H3K27me3,Merlin,-0.08284050124976317,0.2308235020383503,-0.21571995452226694,0.05305136599255261
960,HAP-1,H3K27me3,TcMar,0.0020994578099921266,0.9763431901851682,-0.1359911076417088,0.1401100001689406
961,HAP-1,H3K27me3,L1-Tx1,0.11693504634504971,0.17356986638934996,-0.052372502281570164,0.27970808661851687
962,HAP-1,H3K27me3,Crypton-A,-0.05297919561215707,0.5478497614721989,-0.22259842531482568,0.11975321943299222
963,HAP-1,H3K27me3,I-Jockey,-0.06043925493466778,0.5324301226454151,-0.24591041336270825,0.12930138547102393
964,HAP-1,H3K27me3,hAT-Tip100?,0.1237999231950845,0.33370422475234407,-0.12883956833899962,0.36134862440959226
965,HAP-1,H3K27me3,TcMar-Pogo,-0.39222873900293254,0.026396336554615422,-0.659611841522705,-0.0367198313391993
966,HAP-1,H3K27me3,hAT?,-0.058489304812834236,0.746455195029992,-0.3941474655771163,0.29093608018577655
967,HAP-1,H3K27me3,hAT-hAT19,-0.35000000000000003,0.18386882202619317,-0.7284608753339697,0.19213463475632778
968,HAP-1,H3K4me3,Alu,-0.001100214567536608,0.2489486234420834,-0.002970593927602504,0.0007701724903732302
969,HAP-1,H3K4me3,L1,-0.000892304737509562,0.517757722969349,-0.003596172200604777,0.0018115757727590854
970,HAP-1,H3K4me3,MIR,0.0004629954760666244,0.7395371106863167,-0.0022664644250964556,0.003192448478658116
971,HAP-1,H3K4me3,L2,-0.00039454898286185694,0.8138024833481226,-0.003677867529508243,0.002888778070426537
972,HAP-1,H3K4me3,ERVL-MaLR,0.0018504909927000504,0.3569534699305289,-0.0020867181224334627,0.005787642737272946
973,HAP-1,H3K4me3,hAT-Charlie,-0.0027939006884479503,0.1906103062395878,-0.0069778362575857985,0.0013901326999739602
974,HAP-1,H3K4me3,ERV1,-0.00367430038633675,0.2324595542468264,-0.009705233432746962,0.002356899959963237
975,HAP-1,H3K4me3,ERVL,-0.003500225049101351,0.26329656608301366,-0.009632758283520858,0.0026325714725212645
976,HAP-1,H3K4me3,TcMar-Tigger,0.0002361601148687865,0.9408464986644084,-0.0060013593454114784,0.006473661198804764
977,HAP-1,H3K4me3,hAT-Tip100,0.0005319476812130362,0.9024573652742885,-0.007974925132247538,0.009038743504555205
978,HAP-1,H3K4me3,CR1,0.0033468434460950597,0.4785011389788216,-0.005908929491835762,0.012602042969439687
979,HAP-1,H3K4me3,Gypsy,-0.0005876864235346723,0.9413786676559225,-0.01624993776628729,0.015074853250774706
980,HAP-1,H3K4me3,hAT-Blackjack,-0.00974752245072785,0.232481704927558,-0.025743960584217063,0.006253906222942041
981,HAP-1,H3K4me3,TcMar-Mariner,0.011617860833878375,0.15836924803675517,-0.004525691632249086,0.027755359192775744
982,HAP-1,H3K4me3,RTE-X,-0.011355112971682131,0.2704962877900314,-0.03154408566039752,0.008843121723730788
983,HAP-1,H3K4me3,ERVK,-0.021395351843658116,0.06978101617576617,-0.04450078847747009,0.0017329621778631964
984,HAP-1,H3K4me3,TcMar-Tc2,0.014583453357728064,0.23950495065167435,-0.009719383320232007,0.03886907179071247
985,HAP-1,H3K4me3,SVA,-0.036423969634524093,0.011086455483297581,-0.06447720710678408,-0.008313208115163773
986,HAP-1,H3K4me3,RTE-BovB,-0.005744608552957101,0.697396538565942,-0.03468894534622481,0.02320935713477408
987,HAP-1,H3K4me3,tRNA-RTE,0.00028441412772025145,0.985880861396065,-0.03120733202351205,0.031775596164923314
988,HAP-1,H3K4me3,hAT-Ac,0.010065766883872831,0.5795495237715564,-0.025541410264172112,0.0456474355434347
989,HAP-1,H3K4me3,hAT,0.013696439826918117,0.4779874279035381,-0.02413862303369825,0.05149232325619549
990,HAP-1,H3K4me3,MULE-MuDR,-0.01765229909150762,0.397144229265072,-0.058458661276514674,0.023212954061827412
991,HAP-1,H3K4me3,PiggyBac,-0.0398163144521485,0.06917446133158117,-0.08263029247459054,0.003144365840730051
992,HAP-1,H3K4me3,5S-Deu-L2,0.03263169890039467,0.15738079631701288,-0.012619449931092827,0.07774946194829183
993,HAP-1,H3K4me3,Helitron,-0.01863358732672786,0.445044571887496,-0.06637462740434238,0.029192573351892778
994,HAP-1,H3K4me3,hAT-Tag1,-0.005824841874175669,0.8113825014930511,-0.05362054903886711,0.04199749390359137
995,HAP-1,H3K4me3,tRNA,0.040946974696603064,0.11243837586429188,-0.009640211888119067,0.09132510502878499
996,HAP-1,H3K4me3,Penelope,0.0061628385624914895,0.875099753895177,-0.07059629360234407,0.08284941416748376
997,HAP-1,H3K4me3,TcMar-Tc1,-0.060047246855582846,0.12676593182977103,-0.13650514388237764,0.017121793759095158
998,HAP-1,H3K4me3,Dong-R4,0.03394036849447945,0.4837324057784662,-0.06107009182350411,0.12834129918485415
999,HAP-1,H3K4me3,tRNA-Deu,-0.027244604680049123,0.5785852892534099,-0.1228562726180732,0.0688681639138807
1000,HAP-1,H3K4me3,Kolobok,-0.01740986337114262,0.744098415508044,-0.12143247581652701,0.08699100774630526
1001,HAP-1,H3K4me3,PIF-Harbinger,-0.017605658404625253,0.7431035013997731,-0.12236764111814574,0.08754432259666256
1002,HAP-1,H3K4me3,Crypton,0.0931361187820813,0.11799212537743431,-0.023972562437021623,0.20772331172566913
1003,HAP-1,H3K4me3,Merlin,-0.11714276407295957,0.08963287305890093,-0.24871960006318652,0.018679249968740777
1004,HAP-1,H3K4me3,TcMar,0.08060927954786691,0.2541113038013217,-0.0583128901178276,0.2164687268650414
1005,HAP-1,H3K4me3,L1-Tx1,0.10482850033750395,0.22280406261281174,-0.06447501005751964,0.26826622071517403
1006,HAP-1,H3K4me3,Crypton-A,-0.08279584099396,0.34712787163035796,-0.2510381067965161,0.09030213802697722
1007,HAP-1,H3K4me3,I-Jockey,0.04818830506903902,0.6187732424139909,-0.14130151317874493,0.23427188344428
1008,HAP-1,H3K4me3,hAT-Tip100?,0.13935291858678955,0.27604120885364225,-0.11349892277020208,0.3752514663514147
1009,HAP-1,H3K4me3,TcMar-Pogo,-0.44868035190615835,0.010003434489403083,-0.6987640610900577,-0.10086814295265382
1010,HAP-1,H3K4me3,hAT?,-0.11731283422459894,0.5155779205106487,-0.44377626544481313,0.23664058678907976
1011,HAP-1,H3K4me3,hAT-hAT19,0.09999999999999999,0.7125163701282782,-0.41746509450285557,0.56848990775716
1012,HL-60,H3K27ac,Alu,0.0011706982035141309,0.21942160026920596,-0.0006977068029549706,0.0030390950363398104
1013,HL-60,H3K27ac,L1,0.00268988851218205,0.05107261162391479,-1.2544652187818107e-05,0.0053922823875471254
1014,HL-60,H3K27ac,MIR,0.001164317365542899,0.4029105190136296,-0.00156395518775155,0.0038925725857985884
1015,HL-60,H3K27ac,L2,0.00015000085897342037,0.9286315831950458,-0.0031324212926643123,0.0034324197783071994
1016,HL-60,H3K27ac,ERVL-MaLR,-0.001116451685106951,0.5780849397867873,-0.005050732873564455,0.0028178640658449625
1017,HL-60,H3K27ac,hAT-Charlie,-0.0018886968959948276,0.37602247906774156,-0.006070261285911587,0.0022929335447472708
1018,HL-60,H3K27ac,ERV1,0.006243680265727743,0.04220082084665082,0.0002199124723057808,0.012266994961971369
1019,HL-60,H3K27ac,ERVL,-0.0031569623043405277,0.3126674066696862,-0.009285200617372334,0.0029715131415933805
1020,HL-60,H3K27ac,TcMar-Tigger,0.0018955431317943527,0.551145753492856,-0.0043375437333610925,0.008128482710998766
1021,HL-60,H3K27ac,hAT-Tip100,0.0034275774162129537,0.42941847341838213,-0.005074148090330429,0.011928807459767897
1022,HL-60,H3K27ac,CR1,0.006168488856943658,0.19139174491223448,-0.003085585365366753,0.015421506646929742
1023,HL-60,H3K27ac,Gypsy,-0.001370371955146993,0.8638204431370518,-0.017028913993307415,0.014288842115947976
1024,HL-60,H3K27ac,hAT-Blackjack,-0.0033355939008605016,0.6828423591583839,-0.01933414675363079,0.012664666668330727
1025,HL-60,H3K27ac,TcMar-Mariner,0.0023204551021678717,0.7779177949129435,-0.013804751730670955,0.018444455278686253
1026,HL-60,H3K27ac,RTE-X,0.0014941941234220596,0.8846725416976284,-0.018694436326262196,0.021681606634196493
1027,HL-60,H3K27ac,ERVK,0.00348362775728893,0.7675303967577478,-0.019612310143683576,0.026575849721324797
1028,HL-60,H3K27ac,TcMar-Tc2,0.026952310294534473,0.02954656837189645,0.0026739280187741315,0.05119893752968115
1029,HL-60,H3K27ac,SVA,-0.05191619991503308,0.0002878507227500556,-0.07989390315631936,-0.023856763941209565
1030,HL-60,H3K27ac,RTE-BovB,-0.0020004107020724937,0.8922477238099307,-0.030935892190632,0.026938420923810484
1031,HL-60,H3K27ac,tRNA-RTE,0.022999480740723777,0.15241191253234582,-0.008506375708587323,0.05445971972727226
1032,HL-60,H3K27ac,hAT-Ac,0.008638634865013052,0.6342721391928978,-0.026949835789242604,0.04420523499458954
1033,HL-60,H3K27ac,hAT,-0.0056150653969617,0.7709384098784149,-0.043391784293978664,0.032177687108199154
1034,HL-60,H3K27ac,MULE-MuDR,0.002808633056772905,0.892862566208197,-0.03805002265192387,0.04365791321218863
1035,HL-60,H3K27ac,PiggyBac,0.019423942221439013,0.3752421981467282,-0.023517422894798433,0.06229376571260988
1036,HL-60,H3K27ac,5S-Deu-L2,-0.004782925953421202,0.8358177573868597,-0.049980848018767,0.04043454663318804
1037,HL-60,H3K27ac,Helitron,-0.014030822686723501,0.564804663873901,-0.061731088695815256,0.03373339060101467
1038,HL-60,H3K27ac,hAT-Tag1,0.02355909132596437,0.3340876374981697,-0.02425664902541943,0.07126728586332909
1039,HL-60,H3K27ac,tRNA,-0.00951965078945249,0.7121202871996986,-0.0600212003864579,0.04103050790976077
1040,HL-60,H3K27ac,Penelope,0.01925126032978809,0.6228597644338223,-0.057448261717132534,0.09572486254696719
1041,HL-60,H3K27ac,TcMar-Tc1,-0.022941742095012155,0.559622735359647,-0.09973696800237786,0.054125182335883495
1042,HL-60,H3K27ac,Dong-R4,-0.01576287138733238,0.7450514048208747,-0.11039058358050517,0.07914805028192051
1043,HL-60,H3K27ac,tRNA-Deu,-0.002303005457860746,0.9625577631150135,-0.09819652454254607,0.0936328874495073
1044,HL-60,H3K27ac,Kolobok,0.04574907269300915,0.39012617815654194,-0.05867258282585297,0.1491804322229932
1045,HL-60,H3K27ac,PIF-Harbinger,0.08126765031475233,0.1297051508599785,-0.02409021436755944,0.18484011006198683
1046,HL-60,H3K27ac,Crypton,0.023528538165659422,0.6934968768099126,-0.09334107377064639,0.13975858399549046
1047,HL-60,H3K27ac,Merlin,0.10689181412417588,0.12164449163485962,-0.028976836237541395,0.23888229252415658
1048,HL-60,H3K27ac,TcMar,0.045898162944367,0.5176309889364792,-0.09316055732521877,0.18320050779903493
1049,HL-60,H3K27ac,L1-Tx1,0.05407808349631175,0.5302479213892122,-0.1147996121142896,0.2199178049847667
1050,HL-60,H3K27ac,Crypton-A,0.09410219761711971,0.28502430085132396,-0.07907419069592878,0.26176519768565054
1051,HL-60,H3K27ac,I-Jockey,-0.021962746733388938,0.8206713340323515,-0.20922216489253737,0.16685049716126535
1052,HL-60,H3K27ac,hAT-Tip100?,0.08693181818181818,0.49109208732558807,-0.16082521088956395,0.32438254817246204
1053,HL-60,H3K27ac,TcMar-Pogo,-0.20967741935483866,0.24941006662614457,-0.5232238657496955,0.1538689571701165
1054,HL-60,H3K27ac,hAT?,-0.11764705882352942,0.5143738825813196,-0.44405400462808553,0.23632724735950145
1055,HL-60,H3K27ac,hAT-hAT19,0.3941176470588235,0.13091285429899105,-0.14658141380581002,0.7534881544337624
1056,MG63,H3K9me3,Alu,0.00012211181972701426,0.8978694631697617,-0.001742544396305664,0.001986767186608441
1057,MG63,H3K9me3,L1,-0.0022011544457227945,0.10962618754731945,-0.004897700987669058,0.0004954241075456757
1058,MG63,H3K9me3,MIR,-0.0004081622405696532,0.7694547263507354,-0.0031376501569477795,0.0023213317575255525
1059,MG63,H3K9me3,L2,0.0005026366642297811,0.7640479128486436,-0.0027793377016802584,0.003784600202016175
1060,MG63,H3K9me3,ERVL-MaLR,0.0005217495820997279,0.7946811880276301,-0.003407780984511037,0.004451264035881953
1061,MG63,H3K9me3,hAT-Charlie,3.7004707656515404e-05,0.9861570041414127,-0.004143139676134033,0.004217147798236019
1062,MG63,H3K9me3,ERV1,-0.004868895142589431,0.11128762784845127,-0.01086122292067653,0.0011237823286904575
1063,MG63,H3K9me3,ERVL,-0.006356259730335379,0.04194470443812257,-0.01248052696149624,-0.00023151563877565713
1064,MG63,H3K9me3,TcMar-Tigger,-0.0009676460379610809,0.7608227820534641,-0.007197988214929533,0.005262771262532723
1065,MG63,H3K9me3,hAT-Tip100,0.0032200169325182623,0.4580274640689821,-0.005284423042442341,0.011723991149493974
1066,MG63,H3K9me3,CR1,-0.005293805077309422,0.26201070799257214,-0.014543359913814077,0.003956655688503035
1067,MG63,H3K9me3,Gypsy,-0.0029698160084135365,0.7100744725200565,-0.018625386428389068,0.012687210345094284
1068,MG63,H3K9me3,hAT-Blackjack,0.0037741479449201116,0.6435073523231942,-0.01220915412586119,0.0197555218883157
1069,MG63,H3K9me3,TcMar-Mariner,-0.007673109405342282,0.35088574111313664,-0.023790708708989507,0.008448477714253395
1070,MG63,H3K9me3,RTE-X,0.004514206694257434,0.6612285845027687,-0.015675379947503926,0.024700113775219062
1071,MG63,H3K9me3,ERVK,0.020430923766172636,0.07955762189380065,-0.002411456284322035,0.04325199414861622
1072,MG63,H3K9me3,TcMar-Tc2,0.005310951310906264,0.6680727732477743,-0.018963666721691176,0.02957931174914565
1073,MG63,H3K9me3,SVA,-0.013909901045262964,0.3290777217203962,-0.04182457648187413,0.014026473440336678
1074,MG63,H3K9me3,RTE-BovB,0.0015484672491252237,0.9165168457197237,-0.0273994878310626,0.030493827373849973
1075,MG63,H3K9me3,tRNA-RTE,-0.025401620574473215,0.11406878027163694,-0.056864853433409426,0.006112017284620234
1076,MG63,H3K9me3,hAT-Ac,0.014992309197310063,0.4085424208140629,-0.020565047757940234,0.05051178770200567
1077,MG63,H3K9me3,hAT,-0.02651777492506038,0.16930488049881795,-0.06426668357032385,0.01130691332453415
1078,MG63,H3K9me3,MULE-MuDR,0.002412151396554716,0.90793377216694,-0.03845478579956497,0.04327103303427086
1079,MG63,H3K9me3,PiggyBac,-0.0396344775511636,0.06998434854979657,-0.08237763645604793,0.0032542257304308446
1080,MG63,H3K9me3,5S-Deu-L2,0.029882888111494112,0.1952793154193793,-0.015356411389532003,0.07500009240731441
1081,MG63,H3K9me3,Helitron,0.002372430998923563,0.922408810222931,-0.04534374219012055,0.05007780331331636
1082,MG63,H3K9me3,hAT-Tag1,0.011811288132508684,0.628750116914591,-0.03606372800785891,0.059632214548355336
1083,MG63,H3K9me3,tRNA,-0.033879099495077905,0.19031026125704018,-0.08442969400899256,0.016845437226329422
1084,MG63,H3K9me3,Penelope,0.019487314480806473,0.6175282926116012,-0.05697943543113336,0.09572676444680073
1085,MG63,H3K9me3,TcMar-Tc1,0.010441219122769184,0.7901585066961293,-0.06639797937254611,0.08715730634422204
1086,MG63,H3K9me3,Dong-R4,-0.020117569895655635,0.6781269945420567,-0.11469517628955533,0.0748214583586251
1087,MG63,H3K9me3,tRNA-Deu,-0.03129438666834387,0.5239377208194804,-0.12696623874213836,0.06495436636697173
1088,MG63,H3K9me3,Kolobok,-0.035461095066847345,0.5060210955222517,-0.13921403828870824,0.06906193734876898
1089,MG63,H3K9me3,PIF-Harbinger,-0.14359003779477447,0.007383553842913054,-0.245676878186598,-0.03835297876432515
1090,MG63,H3K9me3,Crypton,0.1758537743387638,0.002993629037656822,0.05959786280123374,0.28740309889979515
1091,MG63,H3K9me3,Merlin,-0.011555871797208206,0.8674745733661088,-0.14640037739698875,0.12371024582842978
1092,MG63,H3K9me3,TcMar,0.14580789758382837,0.036974332955817944,0.008220788233965168,0.27797685845348236
1093,MG63,H3K9me3,L1-Tx1,-0.15038673706077335,0.08054015963361202,-0.3117157883765827,0.01937011534159789
1094,MG63,H3K9me3,Crypton-A,-0.07024606607329437,0.4270938034432319,-0.23973699501127613,0.10340025864543528
1095,MG63,H3K9me3,I-Jockey,-0.008970438328236494,0.9262402089364603,-0.196743871145169,0.17943775886982066
1096,MG63,H3K9me3,hAT-Tip100?,-0.1726190476190476,0.1725679279971188,-0.402957758878609,0.0782847437411904
1097,MG63,H3K9me3,TcMar-Pogo,0.18365102639296185,0.3143458863903399,-0.17929448407682883,0.5025939485654985
1098,MG63,H3K9me3,hAT?,-0.07349121466768525,0.6795667101841381,-0.4020726948973297,0.27185980800260645
1099,MG63,H3K9me3,hAT-hAT19,0.047058823529411764,0.8626036946668731,-0.45959953959144045,0.5306077414822763
1100,MG63,H3K36me3,Alu,-0.0003723283691006647,0.6955093666924924,-0.0022368367227392394,0.0014921825732601445
1101,MG63,H3K36me3,L1,-0.0006551924981948692,0.6339582754607148,-0.0033520604178374665,0.00204168495204213
1102,MG63,H3K36me3,MIR,-0.0013262677836027512,0.3408915144161484,-0.0040555894545181515,0.0014030736467498717
1103,MG63,H3K36me3,L2,-0.00013793124100196734,0.9343519742061295,-0.003419917687395616,0.003144058176829231
1104,MG63,H3K36me3,ERVL-MaLR,0.00038879837864706226,0.84622799827521,-0.0035405330668872607,0.004318117818397894
1105,MG63,H3K36me3,hAT-Charlie,0.001104110476928286,0.6046477121422705,-0.0030757160244252037,0.005283898398873883
1106,MG63,H3K36me3,ERV1,0.002915133337951573,0.3403603877430841,-0.0030773742620700665,0.008907431577773335
1107,MG63,H3K36me3,ERVL,-0.00045700539810249744,0.8837235140545168,-0.006581439324565665,0.005667462811908193
1108,MG63,H3K36me3,TcMar-Tigger,0.0008536739207741728,0.7882634286664199,-0.005376299264510192,0.007083580840164502
1109,MG63,H3K36me3,hAT-Tip100,-0.0003324253073865495,0.9389299522907024,-0.008836353586266613,0.008171551051637058
1110,MG63,H3K36me3,CR1,0.0022196921970804376,0.6382414610034148,-0.007033551819801081,0.011472556116402573
1111,MG63,H3K36me3,Gypsy,-0.0030411366811843527,0.7034648602535503,-0.01869818319752783,0.012617401018337629
1112,MG63,H3K36me3,hAT-Blackjack,-0.007960575892836254,0.3289166936337786,-0.023938167314316045,0.008021081226728665
1113,MG63,H3K36me3,TcMar-Mariner,0.002871024247022392,0.727010667513279,-0.013247201270391454,0.018987758122109306
1114,MG63,H3K36me3,RTE-X,-0.009421369274011436,0.36037773997307576,-0.029603171217834977,0.01076811101535159
1115,MG63,H3K36me3,ERVK,0.009574668323599624,0.411383297104601,-0.013270731532908395,0.0324100773607031
1116,MG63,H3K36me3,TcMar-Tc2,0.010445228621416584,0.399037305523956,-0.013830942123422315,0.03470909284003103
1117,MG63,H3K36me3,SVA,-0.0012491612111405694,0.9301967282189375,-0.02919191735818159,0.026695545759335575
1118,MG63,H3K36me3,RTE-BovB,0.010998902790181087,0.45652320410534,-0.01795439831086086,0.03993377277983158
1119,MG63,H3K36me3,tRNA-RTE,0.012205276458069332,0.44769630525764503,-0.019302916359050785,0.04368925032268819
1120,MG63,H3K36me3,hAT-Ac,0.015659321403908917,0.3880862083187635,-0.019904185518969855,0.051183252040806725
1121,MG63,H3K36me3,hAT,0.008583672912306545,0.6565027174397324,-0.029240260639533503,0.04638306013198298
1122,MG63,H3K36me3,MULE-MuDR,-0.009197006465954248,0.6591187344869063,-0.05002441367047454,0.03166108693926194
1123,MG63,H3K36me3,PiggyBac,-0.009700527422128038,0.6571467280704382,-0.05249492175159391,0.033129430099819036
1124,MG63,H3K36me3,5S-Deu-L2,0.0373285627430378,0.10556647855316728,-0.007896934876088604,0.08240166293809913
1125,MG63,H3K36me3,Helitron,-0.014604749693187568,0.5485173488083015,-0.06224666452862798,0.03310357003623613
1126,MG63,H3K36me3,hAT-Tag1,0.011368990733858763,0.6413608565329317,-0.036462606845157584,0.059148616761744585
1127,MG63,H3K36me3,tRNA,0.003061312134278535,0.905824235383006,-0.047627284300162685,0.05373418223643213
1128,MG63,H3K36me3,Penelope,0.07669621701697837,0.04906460015197227,0.00021094503513157656,0.15228936264261775
1129,MG63,H3K36me3,TcMar-Tc1,0.012933363697794922,0.7414921374896337,-0.06385822724958773,0.089572696855785
1130,MG63,H3K36me3,Dong-R4,-0.04591110202467892,0.34336457507018403,-0.1401373790074623,0.049139294213339665
1131,MG63,H3K36me3,tRNA-Deu,0.01464956834609188,0.7654965818636381,-0.08150035347125575,0.11052932838181147
1132,MG63,H3K36me3,Kolobok,-0.06599891837936657,0.21479713167609643,-0.16903695652053632,0.038466143899792575
1133,MG63,H3K36me3,PIF-Harbinger,-0.11621330900506412,0.03043817170917242,-0.21915769603539506,-0.010709982376232507
1134,MG63,H3K36me3,Crypton,0.11997996546124665,0.04372339983860297,0.0030096684022766977,0.23371140354655484
1135,MG63,H3K36me3,Merlin,-0.01805812555000389,0.794267973062066,-0.15276493121728782,0.11730746271931364
1136,MG63,H3K36me3,TcMar,0.08411158324450582,0.23050591347381516,-0.05378354085955944,0.2188586864996324
1137,MG63,H3K36me3,L1-Tx1,0.015070176198290382,0.8612481041034592,-0.15304148839252893,0.18233413103723928
1138,MG63,H3K36me3,Crypton-A,-0.00630084270727411,0.943280355375751,-0.17829517284604177,0.16606709571242675
1139,MG63,H3K36me3,I-Jockey,-0.03787415438791586,0.6957976728319193,-0.22444218749493125,0.15137219027569454
1140,MG63,H3K36me3,hAT-Tip100?,0.03768315018315018,0.7675137480832378,-0.21015714101565203,0.28097262231839887
1141,MG63,H3K36me3,TcMar-Pogo,0.13049853372434017,0.47653042810790036,-0.230062477015846,0.4595569004374837
1142,MG63,H3K36me3,hAT?,-0.09243697478991594,0.6030982101830299,-0.41817046320499857,0.25436051580585506
1143,MG63,H3K36me3,hAT-hAT19,0.3941176470588235,0.13091285429899105,-0.14658141380581002,0.7534881544337624
1144,MG63,H3K27me3,Alu,0.001833773067937652,0.0538866300949492,-3.064818092968365e-05,0.003698181568214689
1145,MG63,H3K27me3,L1,0.0019398632669613315,0.15847634220469642,-0.0007562282380607484,0.0046359265707915905
1146,MG63,H3K27me3,MIR,4.9757667759132506e-05,0.9714938312726141,-0.002679321190960477,0.0027788357853015186
1147,MG63,H3K27me3,L2,0.0015549911862574434,0.3529834678037085,-0.0017263084035613093,0.004836257291383764
1148,MG63,H3K27me3,ERVL-MaLR,0.002177724957190937,0.2773285407937227,-0.0017513126514398078,0.006106695330107335
1149,MG63,H3K27me3,hAT-Charlie,0.001748629965700948,0.41220285038608095,-0.002430831388975297,0.005928030231306301
1150,MG63,H3K27me3,ERV1,-0.0014056267195697645,0.6456518868232044,-0.007397056442037193,0.004585903921008492
1151,MG63,H3K27me3,ERVL,-0.004315065796976806,0.16721904541289437,-0.010438015105972738,0.0018082070831616957
1152,MG63,H3K27me3,TcMar-Tigger,0.000816885788904268,0.7971733428547437,-0.00541274008776851,0.007046448262382892
1153,MG63,H3K27me3,hAT-Tip100,0.00048432615997312306,0.9111183752910419,-0.00801934022677474,0.008987922501763666
1154,MG63,H3K27me3,CR1,-0.0017172389290810944,0.7159516171237186,-0.010966552702015088,0.007532368672965286
1155,MG63,H3K27me3,Gypsy,-0.013921863672750083,0.08136965004284248,-0.029572577940890216,0.0017356750698438975
1156,MG63,H3K27me3,hAT-Blackjack,-0.0035398880324413666,0.6640667013905359,-0.019512848017875062,0.012434878481778005
1157,MG63,H3K27me3,TcMar-Mariner,-0.008100880548172578,0.32443696679086276,-0.024210117183141644,0.00801256193911961
1158,MG63,H3K27me3,RTE-X,-0.009230699198816354,0.3700796035047086,-0.029408352887542056,0.01095447426324835
1159,MG63,H3K27me3,ERVK,0.018473158664767408,0.11269543242793827,-0.004355554271417464,0.04128262668711026
1160,MG63,H3K27me3,TcMar-Tc2,0.011850777035888143,0.3385406852919145,-0.01242006717960003,0.03610766535322769
1161,MG63,H3K27me3,SVA,-0.01264466752496059,0.37521817009877534,-0.04057521071778859,0.015305621367993186
1162,MG63,H3K27me3,RTE-BovB,-0.0029754753588677736,0.8403164735295766,-0.031910035169946,0.02596406754237743
1163,MG63,H3K27me3,tRNA-RTE,0.019003790544324203,0.23729103375180988,-0.012518360058315761,0.0504882066482431
1164,MG63,H3K27me3,hAT-Ac,-0.012799623103730005,0.4803788342541634,-0.048317655975009546,0.022750738692533686
1165,MG63,H3K27me3,hAT,-0.0006332202223714122,0.9738224180806535,-0.038439014866488326,0.0371743846047443
1166,MG63,H3K27me3,MULE-MuDR,0.0006859726652536665,0.9737587016380809,-0.04016936706783614,0.04153902253101542
1167,MG63,H3K27me3,PiggyBac,0.02559429289921914,0.24205987708442123,-0.017298060982368742,0.06839261722967784
1168,MG63,H3K27me3,5S-Deu-L2,-0.0013301585159691519,0.954038601039346,-0.04653585130351988,0.04388097143835213
1169,MG63,H3K27me3,Helitron,0.05002653333904392,0.039691384151099476,0.0023337101274706388,0.09749229055516509
1170,MG63,H3K27me3,hAT-Tag1,-0.021423741768535686,0.37947387831875956,-0.06911193743851768,0.026362140547157166
1171,MG63,H3K27me3,tRNA,-0.004505951285654325,0.8618035356549523,-0.055191640781653235,0.04620290119114377
1172,MG63,H3K27me3,Penelope,-0.019181571986876457,0.6227938227303005,-0.09536574284402748,0.057225994733577146
1173,MG63,H3K27me3,TcMar-Tc1,-0.038379618810115486,0.3274666733186262,-0.11479462453956409,0.038486917113746695
1174,MG63,H3K27me3,Dong-R4,-0.04071641057563405,0.4018871270130392,-0.13524142996598507,0.05454308056319768
1175,MG63,H3K27me3,tRNA-Deu,0.010671480266886755,0.8279980544118724,-0.08544894663206895,0.10659509798108517
1176,MG63,H3K27me3,Kolobok,-0.04649125365762494,0.38247490587440336,-0.14990930895585944,0.05793312893473488
1177,MG63,H3K27me3,PIF-Harbinger,-0.04946179549953671,0.3576034666119051,-0.15385607212166189,0.0560245158730532
1178,MG63,H3K27me3,Crypton,0.04940480768054448,0.40770179749433944,-0.06765314117702471,0.16512105536950358
1179,MG63,H3K27me3,Merlin,0.036852066062996056,0.594512611321121,-0.09875350627038808,0.1711139078850457
1180,MG63,H3K27me3,TcMar,0.013180740865976688,0.851210870299005,-0.1240842830272345,0.14995077510643523
1181,MG63,H3K27me3,L1-Tx1,0.08777887111164169,0.30954222991604713,-0.08208699663053008,0.2526887310037573
1182,MG63,H3K27me3,Crypton-A,-0.058818790006005726,0.5062193010344466,-0.22883126451505154,0.11467559338665452
1183,MG63,H3K27me3,I-Jockey,0.01339078862014642,0.8900836643918382,-0.17516038367213435,0.20099444922175225
1184,MG63,H3K27me3,hAT-Tip100?,0.05695970695970695,0.6548318296245563,-0.19172723774556452,0.29877369712420176
1185,MG63,H3K27me3,TcMar-Pogo,-0.03115835777126099,0.8655712457181038,-0.37584554214787197,0.321102666533073
1186,MG63,H3K27me3,hAT?,-0.08785332314744079,0.6212605602324257,-0.4142898704042853,0.25860991047960596
1187,MG63,H3K27me3,hAT-hAT19,-0.02941176470588235,0.9138955872505001,-0.5176571840679537,0.47328372956885056
1188,MG63,H3K4me3,Alu,0.0001880347163502491,0.8433758702606431,-0.001677266743527599,0.0020533348677519627
1189,MG63,H3K4me3,L1,-0.0011731155536547505,0.39388076800563276,-0.0038698654657110944,0.0015236514214051217
1190,MG63,H3K4me3,MIR,-0.001814639779729493,0.19261134622303738,-0.004544409950171737,0.0009151574351732867
1191,MG63,H3K4me3,L2,-0.0002922966491362713,0.8614315597698932,-0.003574345689916657,0.0029897586888056613
1192,MG63,H3K4me3,ERVL-MaLR,-0.004206322292327666,0.03593190350618701,-0.008136344637948661,-0.00027617000617961797
1193,MG63,H3K4me3,hAT-Charlie,-0.0001538586119758319,0.9424979994071625,-0.004334551110235428,0.004026839264630846
1194,MG63,H3K4me3,ERV1,-0.0016759656993439664,0.5836240474146337,-0.007668978282599729,0.00431716727530631
1195,MG63,H3K4me3,ERVL,-0.0003146478657578243,0.9198016049624287,-0.006439685727690612,0.0058104136049828515
1196,MG63,H3K4me3,TcMar-Tigger,-0.0009119557142187025,0.774220793956627,-0.00714280425804409,0.005318963641047461
1197,MG63,H3K4me3,hAT-Tip100,0.0009530655944548816,0.8261524969109268,-0.007551591004894446,0.00945758432700069
1198,MG63,H3K4me3,CR1,0.003425277971466422,0.4680645673146484,-0.005826578650132531,0.01267654823733343
1199,MG63,H3K4me3,Gypsy,-0.002799566895161788,0.7260135129941659,-0.018455690070704325,0.01285792883861762
1200,MG63,H3K4me3,hAT-Blackjack,-0.0008102955541045545,0.9208488506736607,-0.016792058062976054,0.015171880891845865
1201,MG63,H3K4me3,TcMar-Mariner,-0.0012218426422946058,0.8819280074103996,-0.017343993282279337,0.014900943195485225
1202,MG63,H3K4me3,RTE-X,0.02406604207168234,0.019469438622050493,0.0038758770008244796,0.044236594147107455
1203,MG63,H3K4me3,ERVK,0.005785664428226106,0.6197007140710373,-0.017063411409756913,0.028628700498458975
1204,MG63,H3K4me3,TcMar-Tc2,-0.0030689665663002274,0.8043631256554961,-0.027346436604255262,0.02121212171538397
1205,MG63,H3K4me3,SVA,-0.005469137140100322,0.7015326048136619,-0.03342789967428072,0.022498178631576913
1206,MG63,H3K4me3,RTE-BovB,0.006214110574969736,0.6740681675425051,-0.02274328635399927,0.03516108940431875
1207,MG63,H3K4me3,tRNA-RTE,0.005738630113209158,0.7210405851400907,-0.025757749909318534,0.03722362818127254
1208,MG63,H3K4me3,hAT-Ac,-0.011241701052031183,0.535595392890372,-0.046780221925641394,0.024325242356433917
1209,MG63,H3K4me3,hAT,0.01389858862772573,0.47134965282734553,-0.023922517393322722,0.051679966656589145
1210,MG63,H3K4me3,MULE-MuDR,-0.008882195343388218,0.6700186465746784,-0.04970144203865325,0.03196667439087273
1211,MG63,H3K4me3,PiggyBac,0.02859807195521612,0.1910377623945631,-0.014284302217119387,0.07137543992216976
1212,MG63,H3K4me3,5S-Deu-L2,-0.0027494921104867353,0.9052178374661859,-0.047976153942466605,0.042488420507070405
1213,MG63,H3K4me3,Helitron,-0.013208118771856752,0.5871821509909528,-0.06082643622487336,0.034470183528971965
1214,MG63,H3K4me3,hAT-Tag1,-0.00777838924338741,0.7501840914192026,-0.055611377677960094,0.04009022168214109
1215,MG63,H3K4me3,tRNA,-0.02853504457183367,0.2697131783395148,-0.07907826172550296,0.022154506041923337
1216,MG63,H3K4me3,Penelope,0.016452074047081246,0.6733404801829528,-0.06000318906992267,0.09271542985461065
1217,MG63,H3K4me3,TcMar-Tc1,0.03866136936100669,0.324670344861663,-0.0383239944188462,0.11519049480871194
1218,MG63,H3K4me3,Dong-R4,0.028433780715957934,0.557908321766537,-0.06666304153151169,0.12301868109604172
1219,MG63,H3K4me3,tRNA-Deu,-0.03790586049346594,0.4401064108846042,-0.13348420772553382,0.05837110953451112
1220,MG63,H3K4me3,Kolobok,0.06300417661213302,0.23638152990011188,-0.04145853161019878,0.16610435070528876
1221,MG63,H3K4me3,PIF-Harbinger,-0.009305795102820003,0.8626698873533988,-0.11432720613423455,0.09592131227285693
1222,MG63,H3K4me3,Crypton,0.14065249644856467,0.017911167604576082,0.02387851284187435,0.2536400328922258
1223,MG63,H3K4me3,Merlin,0.10839346427867713,0.11646595861572372,-0.027469735802371692,0.2403246490963333
1224,MG63,H3K4me3,TcMar,0.002831856927929258,0.967855410495783,-0.13425552761640336,0.13981288529982472
1225,MG63,H3K4me3,L1-Tx1,-0.006839013627835119,0.9370161823661838,-0.17497239055762456,0.16168193460052227
1226,MG63,H3K4me3,Crypton-A,-0.12471681030991112,0.15742567689384518,-0.29127893959234225,0.049184407108199595
1227,MG63,H3K4me3,I-Jockey,-0.054258178111389124,0.5752378200814734,-0.24004334273689937,0.13536113772284492
1228,MG63,H3K4me3,hAT-Tip100?,-0.010164835164835165,0.9364615557603705,-0.25534219150591236,0.23624082626547535
1229,MG63,H3K4me3,TcMar-Pogo,0.02639296187683284,0.8859854893957696,-0.3253513861385,0.3717210813130147
1230,MG63,H3K4me3,hAT?,-0.20916730328495034,0.23514388498190114,-0.5139991789242295,0.14257105795311475
1231,MG63,H3K4me3,hAT-hAT19,-0.011764705882352941,0.9655081698956276,-0.5045417383784665,0.48679378978142623
1232,VCaP,CTCF,Alu,0.0002664230948567552,0.7791434785559123,-0.0015956079458852288,0.002128452288137661
1233,VCaP,CTCF,L1,-0.0022975832576219253,0.09477814968464493,-0.0049929167757263495,0.0003977836441425512
1234,VCaP,CTCF,MIR,-0.0006116586431494277,0.6600214032719074,-0.0033369802009036212,0.0021136720006778597
1235,VCaP,CTCF,L2,-0.0018127576122797195,0.2787702445206332,-0.005093108713479835,0.001467632502606399
1236,VCaP,CTCF,ERVL-MaLR,-0.0013819530392738396,0.4900385670142148,-0.005305979979347571,0.002542116459933797
1237,VCaP,CTCF,hAT-Charlie,-0.005276629920518233,0.013226149284563496,-0.009450627403512466,-0.0011024485627209484
1238,VCaP,CTCF,ERV1,0.0010822229047174412,0.7228902810958893,-0.0048994975380973515,0.00706386590245318
1239,VCaP,CTCF,ERVL,0.0009108897460082765,0.7703657414562528,-0.005205326930279475,0.00702703827367769
1240,VCaP,CTCF,TcMar-Tigger,-0.004100803518884709,0.1964824987844763,-0.010323189625939847,0.0021219001602678735
1241,VCaP,CTCF,hAT-Tip100,-0.0012615047378089896,0.7710163755795425,-0.00975648544604164,0.007233658046830769
1242,VCaP,CTCF,CR1,-0.003984220859072205,0.39827810332498303,-0.013228208722272285,0.0052604479788947445
1243,VCaP,CTCF,Gypsy,0.004395345588690137,0.5819998212906823,-0.01125441864185964,0.020042957100617004
1244,VCaP,CTCF,hAT-Blackjack,0.0005710211022238814,0.9440995159716264,-0.015389357655852793,0.016531108948883277
1245,VCaP,CTCF,TcMar-Mariner,-9.070759992331362e-05,0.9911858165872337,-0.016182710585485215,0.016001342363706556
1246,VCaP,CTCF,RTE-X,0.010987501606027636,0.28592964970558626,-0.009194639334169967,0.031160694602197062
1247,VCaP,CTCF,ERVK,0.030466571154277904,0.008771804140954891,0.007680285040197054,0.05322123443065389
1248,VCaP,CTCF,TcMar-Tc2,-0.011292336858907813,0.36146354130995817,-0.03553307794149093,0.012961684247313969
1249,VCaP,CTCF,SVA,0.013418032674572268,0.3461761227063297,-0.014501230224282827,0.041316389156489525
1250,VCaP,CTCF,RTE-BovB,-0.005563162947894174,0.7061682022410158,-0.034473032564188336,0.023356009115432
1251,VCaP,CTCF,tRNA-RTE,-0.004598742430902847,0.7746847721692008,-0.03607296493069475,0.02688459417393389
1252,VCaP,CTCF,hAT-Ac,0.002669635234179435,0.8829312997538096,-0.032854588230215885,0.03818712192677847
1253,VCaP,CTCF,hAT,-0.01665343488951071,0.3875688825018695,-0.05438642389923718,0.02112704858544382
1254,VCaP,CTCF,MULE-MuDR,-0.020745745507446504,0.3193498083704239,-0.06151678748509603,0.020094413526228545
1255,VCaP,CTCF,PiggyBac,-0.010009178159920135,0.6470459562206162,-0.05281302162583724,0.03283137745340907
1256,VCaP,CTCF,5S-Deu-L2,-0.026700701731080294,0.24683332550115944,-0.07179456718302574,0.018502093131636286
1257,VCaP,CTCF,Helitron,0.005612158237893106,0.8172444366665761,-0.04196965873008955,0.0531685757895988
1258,VCaP,CTCF,hAT-Tag1,0.003722299028816497,0.8786483716145863,-0.04403913269270865,0.051466754274040676
1259,VCaP,CTCF,tRNA,0.02839438761423533,0.2708034399097393,-0.022160060512292835,0.07880399674883787
1260,VCaP,CTCF,Penelope,-0.020652654410859474,0.5960913824190499,-0.09676734090137043,0.05570218961107754
1261,VCaP,CTCF,TcMar-Tc1,-0.018342681762028586,0.6393652900954163,-0.09482356363468612,0.05835346112482107
1262,VCaP,CTCF,Dong-R4,0.0033750577933337827,0.9444963265955725,-0.09144126960042673,0.09813073885446989
1263,VCaP,CTCF,tRNA-Deu,0.017649994598427508,0.7189948918878449,-0.07840525535268766,0.11338054510269108
1264,VCaP,CTCF,Kolobok,0.0876885211370038,0.09951925456551224,-0.016900122089586612,0.1903789744683537
1265,VCaP,CTCF,PIF-Harbinger,-0.029727725977894193,0.5799281313659648,-0.13431158285902922,0.07551109316493351
1266,VCaP,CTCF,Crypton,0.02003546547546015,0.7371795955541471,-0.09679980255429409,0.1363260773492803
1267,VCaP,CTCF,Merlin,-0.0030970221861393375,0.9642453424396582,-0.13778882219617453,0.1317072443478293
1268,VCaP,CTCF,TcMar,0.18693881006116547,0.0075714761406692095,0.049327232228293744,0.3175852386831244
1269,VCaP,CTCF,L1-Tx1,-0.04978432007035104,0.5634465604500557,-0.21579880538317325,0.11902753075401554
1270,VCaP,CTCF,Crypton-A,-0.14988929860405584,0.08749044597245781,-0.3142331645429338,0.023176946837011117
1271,VCaP,CTCF,I-Jockey,0.08159577425632472,0.3989649051991485,-0.10847899833936378,0.2659149057768963
1272,VCaP,CTCF,hAT-Tip100?,0.05485347985347985,0.666829585750309,-0.19374736696888248,0.29683479393455886
1273,VCaP,CTCF,TcMar-Pogo,0.010263929618768328,0.9555386722428634,-0.33965410171415766,0.35768614062311227
1274,VCaP,CTCF,hAT?,0.3038961038961039,0.08058261549112095,-0.04621619755840393,0.5875147478279472
1275,VCaP,CTCF,hAT-hAT19,0.17941176470588235,0.5061395399904385,-0.35099518391573875,0.622654032375277
1276,VCaP,H3K27ac,Alu,-0.001256692112130243,0.18596669123998127,-0.0031189721083426463,0.0006055966007713375
1277,VCaP,H3K27ac,L1,-0.0016971392033681852,0.21720455253844353,-0.004392696049246612,0.0009984423057244956
1278,VCaP,H3K27ac,MIR,0.0011189186641655622,0.42102111043438595,-0.0016065377925062723,0.003844358498009649
1279,VCaP,H3K27ac,L2,0.000251210084917859,0.8806943660344557,-0.0030292538614290127,0.003531668624506928
1280,VCaP,H3K27ac,ERVL-MaLR,0.0010633036082449481,0.5953861254909543,-0.002861085769761638,0.0049876602349673855
1281,VCaP,H3K27ac,hAT-Charlie,-0.005018478246277157,0.0184612611715973,-0.009192791487704457,-0.000843990100243582
1282,VCaP,H3K27ac,ERV1,0.003045870790215182,0.31833327926993804,-0.002936580131731217,0.009028103696364656
1283,VCaP,H3K27ac,ERVL,-0.0024400663058170304,0.43433229577340726,-0.008557117049614487,0.0036771670508329896
1284,VCaP,H3K27ac,TcMar-Tigger,-0.0014976258999038826,0.637158671316547,-0.007720619912079121,0.004725484107779877
1285,VCaP,H3K27ac,hAT-Tip100,-0.0047077841318454074,0.2774112464430762,-0.013202385077897897,0.003787496294496187
1286,VCaP,H3K27ac,CR1,0.0010583007237340977,0.8224705387293719,-0.008186323186773849,0.010302743746318612
1287,VCaP,H3K27ac,Gypsy,0.01288073789047955,0.10671865694764127,-0.002770381854500902,0.028525548664495692
1288,VCaP,H3K27ac,hAT-Blackjack,0.010789988046242207,0.1852910171886581,-0.005175840343745161,0.02675031678924226
1289,VCaP,H3K27ac,TcMar-Mariner,0.0029664727681908217,0.7179419217287495,-0.013129471378252853,0.019060879943807948
1290,VCaP,H3K27ac,RTE-X,0.006947567241789761,0.499871666702029,-0.013235094870439843,0.02712457062582286
1291,VCaP,H3K27ac,ERVK,0.01458796152176673,0.20972043190996403,-0.008208476208866583,0.03736924403419904
1292,VCaP,H3K27ac,TcMar-Tc2,0.02050017632075831,0.09760632872459808,-0.003757651065414354,0.04473389121799128
1293,VCaP,H3K27ac,SVA,-0.001807633898320769,0.8990078329729358,-0.02971590315454624,0.026103451480267523
1294,VCaP,H3K27ac,RTE-BovB,0.004849269795053229,0.7424374990356496,-0.024069466471254422,0.03375989732118563
1295,VCaP,H3K27ac,tRNA-RTE,0.029475911315528493,0.0663796438020657,-0.0019998784036733205,0.06089335354327868
1296,VCaP,H3K27ac,hAT-Ac,0.0031931966785118887,0.8601435572566208,-0.0323199418584896,0.03869828254896705
1297,VCaP,H3K27ac,hAT,0.011856066929951675,0.5384817849805328,-0.025921445097378572,0.04959976395046414
1298,VCaP,H3K27ac,MULE-MuDR,0.03233645682487755,0.12065014813197078,-0.008513053987796837,0.07307822106235409
1299,VCaP,H3K27ac,PiggyBac,-0.00029146861858152256,0.9893622018387239,-0.0431163422457296,0.04253447412463596
1300,VCaP,H3K27ac,5S-Deu-L2,-0.037109091635897935,0.10735239866416779,-0.08214734277580406,0.008080420851951556
1301,VCaP,H3K27ac,Helitron,-0.041191853555944145,0.08972417158537138,-0.08860853339318525,0.006411096688557897
1302,VCaP,H3K27ac,hAT-Tag1,-0.031107334588051486,0.20185708355173698,-0.07875528859530634,0.016682424682782176
1303,VCaP,H3K27ac,tRNA,-0.05234433456660438,0.0422505692363587,-0.10261984245204667,-0.001802077961808151
1304,VCaP,H3K27ac,Penelope,-0.06810636769133431,0.08039512327805656,-0.1437631708081743,0.00834193870914419
1305,VCaP,H3K27ac,TcMar-Tc1,-0.023276144332508762,0.5520785638528534,-0.09971636765158975,0.05343720892483682
1306,VCaP,H3K27ac,Dong-R4,-0.019501209742657805,0.6874613748150921,-0.1140860697947274,0.07543400319258428
1307,VCaP,H3K27ac,tRNA-Deu,-0.0025207940451967017,0.9590199284824397,-0.0984122347546537,0.09341702763313924
1308,VCaP,H3K27ac,Kolobok,-0.029245939982522923,0.5828614743778222,-0.13295128450450264,0.0750928572027781
1309,VCaP,H3K27ac,PIF-Harbinger,0.012911446631541508,0.8100586236479037,-0.09219796132343036,0.11773628851965924
1310,VCaP,H3K27ac,Crypton,-0.026644024525578052,0.6559432714175809,-0.14302376104822084,0.09046248139160289
1311,VCaP,H3K27ac,Merlin,-0.07199033739269274,0.2967851555967199,-0.20492126464289395,0.06354824287308118
1312,VCaP,H3K27ac,TcMar,0.0870500931926797,0.2168454906942809,-0.05153600652017133,0.22234684527822202
1313,VCaP,H3K27ac,L1-Tx1,-0.05809881957399127,0.5000771564294879,-0.223770862262775,0.1108363582049235
1314,VCaP,H3K27ac,Crypton-A,0.08921238521541325,0.31090810936200597,-0.0839341903118562,0.25712976364767354
1315,VCaP,H3K27ac,I-Jockey,0.0203224909646928,0.833863910908313,-0.1684421581679459,0.20764931200256953
1316,VCaP,H3K27ac,hAT-Tip100?,0.10297619047619046,0.41809608198380444,-0.14719250608122736,0.3407621708153765
1317,VCaP,H3K27ac,TcMar-Pogo,-0.12463343108504396,0.4967322967964647,-0.45473349611652136,0.23557317666697114
1318,VCaP,H3K27ac,hAT?,-0.03101604278074866,0.8617632439576298,-0.36542309582044485,0.31048185266178335
1319,VCaP,H3K27ac,hAT-hAT19,-0.43529411764705883,0.09195235850572929,-0.775975117279085,0.10199791917123996
1320,C4-2B,CTCF,Alu,-0.001392947050233792,0.14382697583226964,-0.0032607296678221274,0.0004748452863273029
1321,C4-2B,CTCF,L1,-0.00036265099597973624,0.7924025352903777,-0.003063267058892133,0.0023379703568084057
1322,C4-2B,CTCF,MIR,0.0020611572520863692,0.13870577597728917,-0.0006672799537680258,0.004789563770122832
1323,C4-2B,CTCF,L2,-0.00012458225577367018,0.9407004355090784,-0.003406978450594823,0.003157816623579258
1324,C4-2B,CTCF,ERVL-MaLR,0.0009932854324460683,0.6207509091832567,-0.002941346276061928,0.004927886386411577
1325,C4-2B,CTCF,hAT-Charlie,-0.0010741806647480683,0.6146873489308639,-0.005256461779211434,0.003108138028105475
1326,C4-2B,CTCF,ERV1,0.0027737113832075524,0.36656021998400035,-0.0032470868531937125,0.008794308530639556
1327,C4-2B,CTCF,ERVL,0.0006358660233648991,0.8388759033014068,-0.005493367723722628,0.006765051995003797
1328,C4-2B,CTCF,TcMar-Tigger,-0.005313544285915977,0.09482748988976089,-0.011547591528085975,0.0009209159994895007
1329,C4-2B,CTCF,hAT-Tip100,0.004201323571197276,0.3327433059971652,-0.004300100311768709,0.012702140192156207
1330,C4-2B,CTCF,CR1,-0.0008085119708546552,0.8640384179532349,-0.010062454554029383,0.008445569089061036
1331,C4-2B,CTCF,Gypsy,0.009557496919097842,0.23160932729419972,-0.006102674061469955,0.025212981095166734
1332,C4-2B,CTCF,hAT-Blackjack,-0.0011635299804105498,0.8866284922069209,-0.017157428095698698,0.014830963430893851
1333,C4-2B,CTCF,TcMar-Mariner,-0.011716829063216371,0.15519008735866405,-0.02786742264900909,0.004439880151315755
1334,C4-2B,CTCF,RTE-X,0.0033407262279897794,0.7456971776170341,-0.016847450695854128,0.023526180379328014
1335,C4-2B,CTCF,ERVK,-0.005986421490800742,0.6106473518419346,-0.029024189841322788,0.01705770329276221
1336,C4-2B,CTCF,TcMar-Tc2,-0.005457352496274421,0.660030811182452,-0.029766636286476734,0.01885838314766478
1337,C4-2B,CTCF,SVA,-0.01865281705987918,0.1924575467763932,-0.04667740513679773,0.009401110906354584
1338,C4-2B,CTCF,RTE-BovB,-0.012603534820055254,0.39333111678377897,-0.04152363005462719,0.016337661633961664
1339,C4-2B,CTCF,tRNA-RTE,-0.010282497444030678,0.5222973754444552,-0.04176127216835987,0.021216670764527944
1340,C4-2B,CTCF,hAT-Ac,-0.010144597555031458,0.576331943196829,-0.04570268146841883,0.025439160721589932
1341,C4-2B,CTCF,hAT,0.0028789006413184695,0.8814255096680303,-0.03493872783865446,0.040688296193675484
1342,C4-2B,CTCF,MULE-MuDR,-0.025604849300576958,0.21913401564599566,-0.06636974898163352,0.015245383565284713
1343,C4-2B,CTCF,PiggyBac,0.004106960160141728,0.8513317151603871,-0.0388280746149288,0.04702685833596016
1344,C4-2B,CTCF,5S-Deu-L2,-0.009774338746293267,0.6716593736151687,-0.054923600513635484,0.0354148111532307
1345,C4-2B,CTCF,Helitron,0.00591768369659513,0.8082103912502114,-0.04184799811825424,0.053656376718666084
1346,C4-2B,CTCF,hAT-Tag1,-0.009404989646423252,0.6999106908574255,-0.057176359287645584,0.03840934873075032
1347,C4-2B,CTCF,tRNA,-0.025139429278250688,0.32991425138529473,-0.07559740374375103,0.02544696247176883
1348,C4-2B,CTCF,Penelope,0.042368438195416185,0.2792884648678277,-0.034444062261465326,0.11868332314794812
1349,C4-2B,CTCF,TcMar-Tc1,0.0031222574160785924,0.936577791765663,-0.0736794730456731,0.07988717186853524
1350,C4-2B,CTCF,Dong-R4,-0.05183264406074957,0.28466189585252105,-0.14596509791475518,0.0432299550571565
1351,C4-2B,CTCF,tRNA-Deu,-0.057470883818329536,0.2410181783341296,-0.1526226515577591,0.03873658343305446
1352,C4-2B,CTCF,Kolobok,-0.042102002855965694,0.4297070850320506,-0.14574312619825402,0.062453193717411884
1353,C4-2B,CTCF,PIF-Harbinger,-0.008547666038684154,0.873579366490684,-0.11342787546547738,0.09652094117395787
1354,C4-2B,CTCF,Crypton,0.08709954913034854,0.14386867653566265,-0.030022350830135717,0.20186210392281564
1355,C4-2B,CTCF,Merlin,0.12097066257399146,0.07956662968277721,-0.014828251614887041,0.2523876975649038
1356,C4-2B,CTCF,TcMar,0.0038531311332483794,0.9565976498592956,-0.13426979755406654,0.14182919432985597
1357,C4-2B,CTCF,L1-Tx1,0.09391907424165268,0.2749926438946521,-0.07534828986170014,0.2579254706705725
1358,C4-2B,CTCF,Crypton-A,-0.029526835937728826,0.7387727752538733,-0.20072896125801337,0.14342538183396394
1359,C4-2B,CTCF,I-Jockey,0.03259197479380965,0.7365415895737387,-0.1565183064878425,0.21939706941834375
1360,C4-2B,CTCF,hAT-Tip100?,-0.0743006993006993,0.5563831383340628,-0.3128458073611938,0.17306161823612684
1361,C4-2B,CTCF,TcMar-Pogo,0.06781524926686217,0.7122892631054462,-0.2880650101459353,0.4072365542574055
1362,C4-2B,CTCF,hAT?,0.03643048128342246,0.8404840126193108,-0.3108724704461879,0.3751507835193537
1363,C4-2B,CTCF,hAT-hAT19,-0.34411764705882353,0.19185563142554293,-0.7250511068377358,0.1980496290026333
1364,C4-2B,H3K27ac,Alu,-0.0006893615873849461,0.4693903434548138,-0.00255691382720419,0.001178195461092604
1365,C4-2B,H3K27ac,L1,0.0023753757961731065,0.08503450940683796,-0.0003279552779077305,0.005078672152016538
1366,C4-2B,H3K27ac,MIR,0.0009385453451969173,0.5074176384852807,-0.0018365565795584822,0.003713632814181531
1367,C4-2B,H3K27ac,L2,-0.001866756099848106,0.2651181698904638,-0.005149972263602281,0.001416500309965687
1368,C4-2B,H3K27ac,ERVL-MaLR,-0.00234278165462957,0.24377445180730722,-0.006282106012187484,0.0015966154165360806
1369,C4-2B,H3K27ac,hAT-Charlie,-0.0011726032734168418,0.586361282196385,-0.005396397389330559,0.003051232682477884
1370,C4-2B,H3K27ac,ERV1,0.0012520079450720435,0.6844113969470281,-0.004785335529542833,0.007289260150755792
1371,C4-2B,H3K27ac,ERVL,-0.0030348611749693795,0.33255458206624033,-0.009173288243636632,0.003103794613205634
1372,C4-2B,H3K27ac,TcMar-Tigger,0.002090790560262896,0.5168655859267546,-0.004231290699634559,0.008412704691438788
1373,C4-2B,H3K27ac,hAT-Tip100,0.0027102984417052803,0.5342342772645825,-0.005836143384374116,0.011256344353780534
1374,C4-2B,H3K27ac,CR1,-0.00215609826948366,0.6488843353363272,-0.011436936467993035,0.0071251113721720535
1375,C4-2B,H3K27ac,Gypsy,0.009061359330840313,0.25783858119632674,-0.006634913410712594,0.024753168027531004
1376,C4-2B,H3K27ac,hAT-Blackjack,-0.004691054612645433,0.5751714399117069,-0.0210935872689663,0.01171400267928942
1377,C4-2B,H3K27ac,TcMar-Mariner,-0.0058450331372476814,0.5030151478679297,-0.02294657894832505,0.01125993238464748
1378,C4-2B,H3K27ac,RTE-X,0.005355386709500894,0.6032074407028418,-0.014837631255903922,0.02554403809081335
1379,C4-2B,H3K27ac,ERVK,-0.01044590428202535,0.37529215678766603,-0.03352792898345025,0.012647257740299017
1380,C4-2B,H3K27ac,TcMar-Tc2,0.01757329332411391,0.16584784109430767,-0.007286198982560909,0.042411077501591204
1381,C4-2B,H3K27ac,SVA,-0.0021471398198295868,0.8808247813960896,-0.030209168109160276,0.025918270540955416
1382,C4-2B,H3K27ac,RTE-BovB,0.014865417076895811,0.31419078509333404,-0.01408579498595928,0.043791725499241554
1383,C4-2B,H3K27ac,tRNA-RTE,-0.0038407653359948464,0.8132894911873699,-0.03570032397157636,0.028026592318708472
1384,C4-2B,H3K27ac,hAT-Ac,-0.014698279293129583,0.41956360972995954,-0.05035340167756625,0.020994261880179863
1385,C4-2B,H3K27ac,hAT,0.022121355743107533,0.2601454416075707,-0.01639046747218303,0.06056763951361259
1386,C4-2B,H3K27ac,MULE-MuDR,-0.002346651362688934,0.910481317441276,-0.04323231609758082,0.03854686042238981
1387,C4-2B,H3K27ac,PiggyBac,-0.019394957362355823,0.3894626944195103,-0.06349700045565952,0.024782689511070974
1388,C4-2B,H3K27ac,5S-Deu-L2,-0.012195730696395823,0.6000246820129196,-0.057726668518833575,0.033385835999678225
1389,C4-2B,H3K27ac,Helitron,0.007022614397428951,0.7756742077430442,-0.04126399192779603,0.055276493499928796
1390,C4-2B,H3K27ac,hAT-Tag1,0.009107811589723477,0.7090366270229935,-0.03872027434558483,0.05689426163713
1391,C4-2B,H3K27ac,tRNA,0.03901591249500151,0.13433451283103254,-0.012085581442141719,0.08991413815388181
1392,C4-2B,H3K27ac,Penelope,-0.06151279429519025,0.1180275988027567,-0.13801060304347113,0.015714576285762016
1393,C4-2B,H3K27ac,TcMar-Tc1,-0.04847997300560701,0.23184716217535772,-0.12742082015865144,0.031071201269156325
1394,C4-2B,H3K27ac,Dong-R4,0.027612383849447843,0.5688896984573641,-0.06736873623679196,0.1220975219101341
1395,C4-2B,H3K27ac,tRNA-Deu,-0.04574852406948962,0.35667336931674043,-0.1422514885791892,0.05161594611449618
1396,C4-2B,H3K27ac,Kolobok,0.031668728600298325,0.5623558398137345,-0.07544836839167413,0.13806326458879817
1397,C4-2B,H3K27ac,PIF-Harbinger,-0.026837448120274627,0.6229588495089733,-0.13315206237424027,0.08008776673214425
1398,C4-2B,H3K27ac,Crypton,-0.016553162854667534,0.7897205714977004,-0.1374732676203922,0.10485309110873571
1399,C4-2B,H3K27ac,Merlin,0.08557835531984447,0.24292415931747477,-0.0585079184900485,0.22617182668099367
1400,C4-2B,H3K27ac,TcMar,-0.08638376695429384,0.2410492155793645,-0.22769241020841413,0.058488308226625714
1401,C4-2B,H3K27ac,L1-Tx1,0.03165717099814297,0.7134439853342744,-0.13682618218178133,0.19836044758671967
1402,C4-2B,H3K27ac,Crypton-A,-0.049563487024936244,0.589285879612004,-0.22616519538933036,0.13019278263465592
1403,C4-2B,H3K27ac,I-Jockey,0.056834399036233905,0.5572020504780559,-0.13283677951538198,0.24248992984780643
1404,C4-2B,H3K27ac,hAT-Tip100?,-0.1272435897435897,0.31636007432167057,-0.3626192868404449,0.1233922981139381
1405,C4-2B,H3K27ac,TcMar-Pogo,-0.22512315270935954,0.2403367977083144,-0.5499199178053161,0.1588180878781846
1406,C4-2B,H3K27ac,hAT?,0.21758021390374332,0.22385304871533357,-0.1400087683146134,0.5249611772648298
1407,C4-2B,H3K27ac,hAT-hAT19,0.38181818181818183,0.24655957577897006,-0.3055020157307742,0.807551403153029
1408,RWPE2,CTCF,Alu,0.0008146959341488058,0.3916214728093417,-0.0010492137281968331,0.0026785999357410812
1409,RWPE2,CTCF,L1,-0.0005824601680732594,0.6718933577409387,-0.00327776006173766,0.0021128481883492213
1410,RWPE2,CTCF,MIR,0.0008191006790044707,0.5560432980724295,-0.0019078051784335358,0.0035459943547979417
1411,RWPE2,CTCF,L2,0.0006741117490665593,0.6871036555097039,-0.002606103092715311,0.003954312084278114
1412,RWPE2,CTCF,ERVL-MaLR,0.0003842361689287653,0.8478724422696807,-0.003541491524601323,0.00430995201930595
1413,RWPE2,CTCF,hAT-Charlie,0.00041081053767266524,0.8471266018203166,-0.0037656938951528595,0.004587300638853019
1414,RWPE2,CTCF,ERV1,-0.0005938676563346769,0.8458099040344249,-0.006579156562892094,0.005391463799593907
1415,RWPE2,CTCF,ERVL,0.0005860155141784214,0.851102315035922,-0.005532724079050551,0.006704711228067556
1416,RWPE2,CTCF,TcMar-Tigger,0.002781456487365595,0.3811600640710109,-0.003443497791402216,0.009006195208742228
1417,RWPE2,CTCF,hAT-Tip100,0.001697956914228084,0.6952821818906023,-0.006798186867916991,0.010193855570535775
1418,RWPE2,CTCF,CR1,-0.007614984406034525,0.10647766236532331,-0.016859809707653675,0.0016311428110078352
1419,RWPE2,CTCF,Gypsy,-0.006440908123366601,0.41988104100431656,-0.022088257337358357,0.009209595835321865
1420,RWPE2,CTCF,hAT-Blackjack,-0.003715577522474736,0.6484792691705352,-0.019687946968338064,0.012258687985517292
1421,RWPE2,CTCF,TcMar-Mariner,-0.00752801507784076,0.3598262091353416,-0.023637508581297595,0.008585386872509721
1422,RWPE2,CTCF,RTE-X,-0.00048410356619381714,0.9624959821118153,-0.020660188394773252,0.019692375402513906
1423,RWPE2,CTCF,ERVK,-0.015362184075300439,0.1867986905410477,-0.038156539285613064,0.007448149944584539
1424,RWPE2,CTCF,TcMar-Tc2,0.01829495466497371,0.13928645519965172,-0.005961274012667781,0.04252966702898015
1425,RWPE2,CTCF,SVA,-0.019578286906886587,0.16951786321764692,-0.047484568841068185,0.008358533698895151
1426,RWPE2,CTCF,RTE-BovB,-0.012526772431950238,0.39585910340170694,-0.04142494757395792,0.016392343485964175
1427,RWPE2,CTCF,tRNA-RTE,-0.03324001016866109,0.038588923042123434,-0.06467650548015451,-0.0017376051938394416
1428,RWPE2,CTCF,hAT-Ac,0.0018623804391357313,0.9181529502280437,-0.03364925899781266,0.037369323272481075
1429,RWPE2,CTCF,hAT,0.012240498709489407,0.525545284891658,-0.025551339002415005,0.04999739918653226
1430,RWPE2,CTCF,MULE-MuDR,-0.01896481417510594,0.3623550490730365,-0.059714500804664686,0.021847976234886806
1431,RWPE2,CTCF,PiggyBac,0.029364903370829996,0.17909280360400434,-0.013486691339450909,0.07210883305258836
1432,RWPE2,CTCF,5S-Deu-L2,0.03551482151012879,0.12322049646370542,-0.009663352106482158,0.0805483006595061
1433,RWPE2,CTCF,Helitron,-0.028991035950042793,0.23303012180700047,-0.07652173113487905,0.018671123215495838
1434,RWPE2,CTCF,hAT-Tag1,-0.0019421680563391816,0.9365041051256127,-0.04969104287424137,0.04581556454957433
1435,RWPE2,CTCF,tRNA,0.04103620917505248,0.1114185815610629,-0.009517246797382528,0.09138043238892779
1436,RWPE2,CTCF,Penelope,-0.037359884779656585,0.33790746415940887,-0.1133798222318809,0.03909493775545611
1437,RWPE2,CTCF,TcMar-Tc1,-0.008711952828121903,0.8242898369450768,-0.0854401290065655,0.06811894672240437
1438,RWPE2,CTCF,Dong-R4,-0.05644417205423061,0.24392175850945585,-0.15050015340993025,0.03862445751819607
1439,RWPE2,CTCF,tRNA-Deu,-0.003587802031737399,0.9416999934412438,-0.09946896263382808,0.09235937157884125
1440,RWPE2,CTCF,Kolobok,0.0643747008033796,0.22764300556051487,-0.04038713627234272,0.1677365887388493
1441,RWPE2,CTCF,PIF-Harbinger,-0.07651288536938447,0.15376957273947417,-0.18019588105086368,0.02885168688379402
1442,RWPE2,CTCF,Crypton,-0.026716910085383565,0.6544861848508308,-0.14288984596171453,0.09018220282864724
1443,RWPE2,CTCF,Merlin,-0.034678084128979464,0.615606783014863,-0.16867863828146612,0.10058105015914966
1444,RWPE2,CTCF,TcMar,-0.037359645358243224,0.5966730850759755,-0.17422027488704214,0.10091699534679412
1445,RWPE2,CTCF,L1-Tx1,0.039252931841350654,0.6488145432030017,-0.1293779874893071,0.20567724037667653
1446,RWPE2,CTCF,Crypton-A,0.21424691685184313,0.013999749924030311,0.04237829275296856,0.37380000574740774
1447,RWPE2,CTCF,I-Jockey,-0.05053285145028265,0.6017889326090745,-0.23650233306027874,0.13900820032805483
1448,RWPE2,CTCF,hAT-Tip100?,0.15673076923076923,0.2161635123281676,-0.09417084717656458,0.388911940326638
1449,RWPE2,CTCF,TcMar-Pogo,0.35153958944281516,0.04849852690239196,-0.00783256551670945,0.63049144626877
1450,RWPE2,CTCF,hAT?,0.05943468296409473,0.738460089138838,-0.2847336428297966,0.39003005203510305
1451,RWPE2,CTCF,hAT-hAT19,0.5970588235294118,0.014609731954981046,0.09819079885829306,0.8561168531112261
1452,RWPE2,H3K27ac,Alu,0.000335984731836562,0.7241101514414716,-0.001529657656178148,0.0022016247809825643
1453,RWPE2,H3K27ac,L1,0.0012088396174420727,0.37947742655785255,-0.001487021685236175,0.0039046833493187614
1454,RWPE2,H3K27ac,MIR,-0.0015764591983601095,0.2573471383832493,-0.004304299436068828,0.0011514045008287593
1455,RWPE2,H3K27ac,L2,0.0004646126577817567,0.781326034192064,-0.0028158302347867275,0.003745045550700999
1456,RWPE2,H3K27ac,ERVL-MaLR,-0.0012815910121555271,0.522428788217822,-0.005208769891695331,0.0026456273991215667
1457,RWPE2,H3K27ac,hAT-Charlie,-0.0015606358421199026,0.464142545258579,-0.005739015487486873,0.0026177982979248165
1458,RWPE2,H3K27ac,ERV1,-0.0009267382228031655,0.7616004210947106,-0.006913771913038596,0.005060361905297235
1459,RWPE2,H3K27ac,ERVL,-0.004108052233011799,0.18834520348227096,-0.010228419402392224,0.002012622723228757
1460,RWPE2,H3K27ac,TcMar-Tigger,-0.0004791671057451341,0.8801182375649647,-0.006706071782901469,0.005747774730419808
1461,RWPE2,H3K27ac,hAT-Tip100,0.0006265863045842141,0.8851149034364562,-0.007872850561837199,0.009125932642209882
1462,RWPE2,H3K27ac,CR1,-0.0014251352992656785,0.7626140701093295,-0.010672318304298814,0.007822291440447134
1463,RWPE2,H3K27ac,Gypsy,0.002069706776111321,0.7955019998441051,-0.013581660065205071,0.01772005966615919
1464,RWPE2,H3K27ac,hAT-Blackjack,0.01756448800180863,0.03126956399980654,0.0015785323123265126,0.03354146872529285
1465,RWPE2,H3K27ac,TcMar-Mariner,-0.004843523965024113,0.5564532505508116,-0.02098249520971184,0.011297970883835969
1466,RWPE2,H3K27ac,RTE-X,0.0004595267842424953,0.9643986738717233,-0.019716942530469385,0.020635621968374807
1467,RWPE2,H3K27ac,ERVK,-0.021579254086670663,0.06396087857587275,-0.04439116106682938,0.0012551444688702579
1468,RWPE2,H3K27ac,TcMar-Tc2,0.004746363515517895,0.7013459414674348,-0.01950943073044742,0.02899657393662359
1469,RWPE2,H3K27ac,SVA,0.00346826278046804,0.807879275966318,-0.024483640678263908,0.03141474765542081
1470,RWPE2,H3K27ac,RTE-BovB,-0.009225476756940533,0.5317916650521222,-0.03812796681883489,0.019692435918674745
1471,RWPE2,H3K27ac,tRNA-RTE,0.01504702071307833,0.3493058584113423,-0.016466235163041926,0.04653041219971172
1472,RWPE2,H3K27ac,hAT-Ac,-0.01250491435069292,0.49018759066904505,-0.04799437237069577,0.023016076508303413
1473,RWPE2,H3K27ac,hAT,0.014237944124292324,0.4603409945132907,-0.02356227367228178,0.05199750948088245
1474,RWPE2,H3K27ac,MULE-MuDR,-0.02125054356380995,0.307504038292175,-0.06200244067614295,0.019572090291188126
1475,RWPE2,H3K27ac,PiggyBac,-0.02097125996189062,0.33758236236426853,-0.06376453557124233,0.021898995515794335
1476,RWPE2,H3K27ac,5S-Deu-L2,0.018157236884542356,0.4311418299789228,-0.02705311666058858,0.06329346177894835
1477,RWPE2,H3K27ac,Helitron,0.02694720273636382,0.2676537926309693,-0.0207144017887159,0.07448660435550658
1478,RWPE2,H3K27ac,hAT-Tag1,-0.0010146537557527808,0.9668021298244789,-0.04876574163565546,0.04674106173612756
1479,RWPE2,H3K27ac,tRNA,-0.05465532525375211,0.033994261227423044,-0.10493225431157628,-0.004099720044983139
1480,RWPE2,H3K27ac,Penelope,0.03409584886067108,0.3818285572766347,-0.04235327554615115,0.11014803688760037
1481,RWPE2,H3K27ac,TcMar-Tc1,-0.013961034140664413,0.7217715125667066,-0.09059273906582396,0.06283502455104951
1482,RWPE2,H3K27ac,Dong-R4,-0.0046158135867971324,0.924144902965462,-0.099359649482088,0.09021096334597807
1483,RWPE2,H3K27ac,tRNA-Deu,-0.03752514852464231,0.44471575388709017,-0.13310904852305044,0.05875036741320705
1484,RWPE2,H3K27ac,Kolobok,-0.011928747522791888,0.8230279383826983,-0.11602331476245373,0.09242501244351356
1485,RWPE2,H3K27ac,PIF-Harbinger,0.018929003902607534,0.7249304776663728,-0.0863832672828608,0.12382292228504133
1486,RWPE2,H3K27ac,Crypton,-0.036381827921418815,0.5421731552667103,-0.15237099832194884,0.08059591932868658
1487,RWPE2,H3K27ac,Merlin,-0.16151324897889852,0.01889413173438066,-0.29105868946605323,-0.026151661870544095
1488,RWPE2,H3K27ac,TcMar,0.10303282003462547,0.1445182929190552,-0.035891234672519506,0.23805019591718793
1489,RWPE2,H3K27ac,L1-Tx1,-0.0577231152742197,0.5028576997413072,-0.22341099110331086,0.11120686259703395
1490,RWPE2,H3K27ac,Crypton-A,0.22894037606111944,0.008531990498689138,0.05751409461732895,0.38725292394689154
1491,RWPE2,H3K27ac,I-Jockey,-0.13779075155221945,0.1530566567271041,-0.31846943507051845,0.05254867809008044
1492,RWPE2,H3K27ac,hAT-Tip100?,-0.027976190476190474,0.8263062768116788,-0.27196102856430054,0.21938819565661793
1493,RWPE2,H3K27ac,TcMar-Pogo,0.09127565982404691,0.6193092452967088,-0.2665841529645584,0.42701790956411606
1494,RWPE2,H3K27ac,hAT?,0.08204736440030558,0.6445843866638995,-0.263978051589331,0.4093616084093416
1495,RWPE2,H3K27ac,hAT-hAT19,-0.10588235294117648,0.6963341050381157,-0.5726105866457505,0.4126799097165957
1496,RWPE2,H3K36me3,Alu,0.0001575726497511883,0.8683083244848981,-0.001705046566743898,0.0020201907728974356
1497,RWPE2,H3K36me3,L1,-0.00027409182673145057,0.8420051487386233,-0.0029691727961639936,0.002420993124418099
1498,RWPE2,H3K36me3,MIR,-0.001326652260022996,0.3401399510947519,-0.004052519123355033,0.001399234318467987
1499,RWPE2,H3K36me3,L2,-0.00023344550980542274,0.8890604926927284,-0.0035134862039772918,0.0030466002074993974
1500,RWPE2,H3K36me3,ERVL-MaLR,0.0029534981087030038,0.14021060789635034,-0.0009710711118205376,0.006877976349547556
1501,RWPE2,H3K36me3,hAT-Charlie,-0.0020435936594857423,0.33731935801810753,-0.006218071858575564,0.002130955765539333
1502,RWPE2,H3K36me3,ERV1,-0.000512810002887645,0.8665898336158393,-0.006495703555765496,0.005470120262308897
1503,RWPE2,H3K36me3,ERVL,-0.005057889879731294,0.105128770905267,-0.011175050552905741,0.0010596493555386241
1504,RWPE2,H3K36me3,TcMar-Tigger,0.0052289433817895355,0.09958710217343396,-0.0009941939835000032,0.011451675755194846
1505,RWPE2,H3K36me3,hAT-Tip100,0.0038135510328383537,0.37889275361914954,-0.004680755976621333,0.012307307749732713
1506,RWPE2,H3K36me3,CR1,-0.00036229923985088076,0.9387716328259404,-0.009606397299134732,0.008881860739222572
1507,RWPE2,H3K36me3,Gypsy,0.0019200189063078995,0.8099387070501308,-0.01372633046765777,0.017565428260355058
1508,RWPE2,H3K36me3,hAT-Blackjack,0.009146490658257216,0.26144751552478845,-0.00681772226836133,0.025106042478360055
1509,RWPE2,H3K36me3,TcMar-Mariner,0.0012579451562806422,0.8782539859484912,-0.014836558129560775,0.017351796768772444
1510,RWPE2,H3K36me3,RTE-X,0.004252692826031118,0.6795380581720143,-0.015923981115715316,0.024425904772334795
1511,RWPE2,H3K36me3,ERVK,0.01564315687475874,0.17877723500665083,-0.007162541286624556,0.03843259065317916
1512,RWPE2,H3K36me3,TcMar-Tc2,-0.0015576328982381102,0.8998081928590673,-0.025800805870164947,0.022687371156061165
1513,RWPE2,H3K36me3,SVA,-0.01084104709446574,0.4471054255067982,-0.038773885441004706,0.017108720807180712
1514,RWPE2,H3K36me3,RTE-BovB,0.011320420865431361,0.44292086273505793,-0.017598310166359772,0.040220227485120406
1515,RWPE2,H3K36me3,tRNA-RTE,0.003349350383918565,0.834810229985333,-0.028124863449918443,0.034816929634078245
1516,RWPE2,H3K36me3,hAT-Ac,-0.005572855699264167,0.7584276042685107,-0.04106856242181805,0.029936900003260908
1517,RWPE2,H3K36me3,hAT,0.006374022469051047,0.7408356277302762,-0.031391487201411376,0.04412135845905845
1518,RWPE2,H3K36me3,MULE-MuDR,0.015459457055042352,0.45788147103748456,-0.025360036229453226,0.056227484939601675
1519,RWPE2,H3K36me3,PiggyBac,-0.03732833313463745,0.08753523106342745,-0.0800304678180019,0.0055105624691214735
1520,RWPE2,H3K36me3,5S-Deu-L2,0.00305252207586128,0.8946621374574157,-0.042113831069294005,0.04820642425151124
1521,RWPE2,H3K36me3,Helitron,-0.029259282384450205,0.22859545067986273,-0.07677480612317593,0.01838884240375148
1522,RWPE2,H3K36me3,hAT-Tag1,0.0016336567272209246,0.9465738622123145,-0.04612341176620189,0.049383274478735285
1523,RWPE2,H3K36me3,tRNA,-0.0436337735280734,0.09061882027372209,-0.09397975306266548,0.006934806419608986
1524,RWPE2,H3K36me3,Penelope,-0.012979132112936118,0.7390777497232168,-0.08915309267835644,0.06334577446098252
1525,RWPE2,H3K36me3,TcMar-Tc1,-0.014308175321375103,0.7151507171913878,-0.09093727623562171,0.06248936519620476
1526,RWPE2,H3K36me3,Dong-R4,-0.053470123349760576,0.26970022044525793,-0.14757576454303095,0.041594965637498586
1527,RWPE2,H3K36me3,tRNA-Deu,-0.04620437047723074,0.34602620995953537,-0.14154270977978037,0.04998320356049741
1528,RWPE2,H3K36me3,Kolobok,0.04414776428724253,0.40694691698389107,-0.06026771382692783,0.1476075406011187
1529,RWPE2,H3K36me3,PIF-Harbinger,-0.042425119262655124,0.4294816190990203,-0.14679798967393337,0.06288203959366181
1530,RWPE2,H3K36me3,Crypton,0.05783397990704201,0.3323338394312456,-0.05926004839748219,0.17335809543412697
1531,RWPE2,H3K36me3,Merlin,-0.023864325491243666,0.7297450490997035,-0.15812371025965968,0.11126144121011945
1532,RWPE2,H3K36me3,TcMar,0.05638070523470358,0.42430393654908605,-0.08207487407747022,0.19270120114106873
1533,RWPE2,H3K36me3,L1-Tx1,-0.008566524748207493,0.9208590331940796,-0.17603211469321228,0.15938097489665348
1534,RWPE2,H3K36me3,Crypton-A,0.05354237815405666,0.5435967080479343,-0.11919905608741727,0.22313762442489576
1535,RWPE2,H3K36me3,I-Jockey,0.061782967287554454,0.5233391114836492,-0.12798263587779785,0.2471845122412848
1536,RWPE2,H3K36me3,hAT-Tip100?,0.0013278388278388277,0.9916915023505243,-0.24456137122588836,0.2470565871163831
1537,RWPE2,H3K36me3,TcMar-Pogo,0.3255131964809384,0.06906519235869603,-0.035656290467715825,0.6114752809850436
1538,RWPE2,H3K36me3,hAT?,0.021543162719633305,0.9037445927076386,-0.31898279423767445,0.3571429098000717
1539,RWPE2,H3K36me3,hAT-hAT19,0.2411764705882353,0.36820660804263405,-0.2962660669272803,0.6626183746983176
1540,22Rv1,CTCF,Alu,0.0008498564143686268,0.3708619191131526,-0.0010115391178167983,0.002711246057414763
1541,22Rv1,CTCF,L1,0.0016402497270204908,0.2329136288661795,-0.0010547532342811286,0.004335228862066746
1542,22Rv1,CTCF,MIR,0.000781934400447399,0.5738043771745323,-0.0019428281059286612,0.003506685296186661
1543,22Rv1,CTCF,L2,0.0012442088848757613,0.45718929175365275,-0.002035765951083667,0.004524156950029292
1544,22Rv1,CTCF,ERVL-MaLR,-0.0017033624924271814,0.3947649549378438,-0.005626343860770935,0.0022196713055270224
1545,22Rv1,CTCF,hAT-Charlie,-0.0008261345773064788,0.6980135933063771,-0.004999244262142888,0.0033470038817582735
1546,22Rv1,CTCF,ERV1,-0.002452713505065331,0.4215291373117681,-0.008433394516546712,0.0035281429726079392
1547,22Rv1,CTCF,ERVL,0.0017313151374814548,0.5789549214400234,-0.004383731434971147,0.007846232231402328
1548,22Rv1,CTCF,TcMar-Tigger,-0.006885614945528718,0.030065272704693263,-0.013106496521465609,-0.0006642003607709341
1549,22Rv1,CTCF,hAT-Tip100,0.004441428703590774,0.30534556807625873,-0.004051056403658209,0.012933273194393234
1550,22Rv1,CTCF,CR1,0.0027075128439147237,0.5659180040739296,-0.006536283559420321,0.011950846565137698
1551,22Rv1,CTCF,Gypsy,0.003049151298102857,0.7024766787082923,-0.012595913196652988,0.01869272325179056
1552,22Rv1,CTCF,hAT-Blackjack,0.011381331280954437,0.1620630234958028,-0.004573906810319896,0.027330776043417646
1553,22Rv1,CTCF,TcMar-Mariner,0.012325024961272885,0.13311884899723045,-0.003759686474819307,0.02840336054660214
1554,22Rv1,CTCF,RTE-X,-0.006799808190838465,0.5088995205469002,-0.026970489148647733,0.01337640763173531
1555,22Rv1,CTCF,ERVK,-0.013944224683025605,0.23044199014833372,-0.03672153687414406,0.008847568215719328
1556,22Rv1,CTCF,TcMar-Tc2,0.0010643201569201415,0.9314275887629541,-0.02317485471842137,0.02530224443915286
1557,22Rv1,CTCF,SVA,0.0008102365128426178,0.9546122039357505,-0.027085988132677825,0.028705200163484185
1558,22Rv1,CTCF,RTE-BovB,-0.015306790688450787,0.2993525477148309,-0.044191543791707456,0.01360353281449199
1559,22Rv1,CTCF,tRNA-RTE,-0.01445304459767316,0.3679180258445899,-0.04588876841740184,0.017011276315561753
1560,22Rv1,CTCF,hAT-Ac,-0.02861810951183934,0.11430735320098295,-0.06407544873572023,0.006911393953111531
1561,22Rv1,CTCF,hAT,0.0241994475413415,0.20916077431035807,-0.013576052594088686,0.06190596873310753
1562,22Rv1,CTCF,MULE-MuDR,-0.001958037768162777,0.9250798598440128,-0.04274688579791399,0.038837326620280006
1563,22Rv1,CTCF,PiggyBac,0.02711647903442619,0.21441025469608765,-0.015704379626860332,0.06983805230294426
1564,22Rv1,CTCF,5S-Deu-L2,-0.03407715339367623,0.13904557575756013,-0.07910501442594815,0.011089478071303505
1565,22Rv1,CTCF,Helitron,-0.015689370389674044,0.5186028836795559,-0.06325736723711979,0.03194975125439176
1566,22Rv1,CTCF,hAT-Tag1,-0.014101024925552538,0.5629747359475552,-0.061815206809438195,0.03367746228009022
1567,22Rv1,CTCF,tRNA,0.0146954788371425,0.5687808922994564,-0.035846349183838375,0.06516232354345754
1568,22Rv1,CTCF,Penelope,-0.007770308513839474,0.8421877533089586,-0.08409626361948869,0.06864629380398944
1569,22Rv1,CTCF,TcMar-Tc1,-0.05180129609762222,0.18546794279718992,-0.12795208767269114,0.024956700867509216
1570,22Rv1,CTCF,Dong-R4,0.009634549473759843,0.842463935120715,-0.08523228119103593,0.10432826411531151
1571,22Rv1,CTCF,tRNA-Deu,0.006628709070681341,0.8925170552761386,-0.08934422677864187,0.1024796832538136
1572,22Rv1,CTCF,Kolobok,-0.01034728208411347,0.8459602872534564,-0.11431498493579671,0.09384462055805831
1573,22Rv1,CTCF,PIF-Harbinger,-0.0020760986819136503,0.9691729280106545,-0.10703297386739681,0.10292653702379916
1574,22Rv1,CTCF,Crypton,0.05118165526649503,0.3910248638237245,-0.06588493623233697,0.16685841395010342
1575,22Rv1,CTCF,Merlin,-0.11507723348822743,0.09468217554465204,-0.2464323659133041,0.020429513801213155
1576,22Rv1,CTCF,TcMar,-0.004318273350662904,0.9512427143721929,-0.14194432855436712,0.13347156381643427
1577,22Rv1,CTCF,L1-Tx1,-0.004116412327931904,0.9619233727785862,-0.17171404769465046,0.1637127980336266
1578,22Rv1,CTCF,Crypton-A,0.047651648912481234,0.5888673863694107,-0.12499144838398321,0.21749389437093927
1579,22Rv1,CTCF,I-Jockey,-0.04170141784820684,0.6668002756655147,-0.22809301043953634,0.14763870569638163
1580,22Rv1,CTCF,hAT-Tip100?,0.010393772893772893,0.9350335651369291,-0.2360249097782795,0.25555648866735114
1581,22Rv1,CTCF,TcMar-Pogo,0.2851906158357771,0.11361434286913259,-0.07780214006404138,0.5814205936869374
1582,22Rv1,CTCF,hAT?,0.05515660809778457,0.7566965835921392,-0.2886334801982703,0.38634806776727076
1583,22Rv1,CTCF,hAT-hAT19,0.32647058823529407,0.2171594905792295,-0.21558387393694425,0.7147192387183534
1584,22Rv1,H3K27ac,Alu,0.00023025467763775883,0.8084989124138104,-0.001631789707734982,0.002092297466329468
1585,22Rv1,H3K27ac,L1,-8.227743168799817e-05,0.9522912734927589,-0.00277760201995501,0.0026130483520335496
1586,22Rv1,H3K27ac,MIR,-0.002293422442061518,0.09904101590095547,-0.005018442292825935,0.0004316314699940757
1587,22Rv1,H3K27ac,L2,-0.0026705317096296153,0.1105493592695514,-0.005950579298864411,0.0006095733439858198
1588,22Rv1,H3K27ac,ERVL-MaLR,0.0007441362028073432,0.7101045810267317,-0.0031795028422672905,0.004667752336133699
1589,22Rv1,H3K27ac,hAT-Charlie,0.0010990427882654151,0.6057891117576859,-0.0030747800201408634,0.005272827304574491
1590,22Rv1,H3K27ac,ERV1,0.002390970245378815,0.4333629808274806,-0.003590553778880506,0.008372323182275895
1591,22Rv1,H3K27ac,ERVL,0.00041149094294136776,0.895081902496069,-0.005704084806584081,0.006527035912874458
1592,22Rv1,H3K27ac,TcMar-Tigger,-0.000687002956279189,0.8286734483204821,-0.006909095808917538,0.005535143090707764
1593,22Rv1,H3K27ac,hAT-Tip100,-0.00012026446373122563,0.9778597009962153,-0.008613582631559091,0.008373071055036126
1594,22Rv1,H3K27ac,CR1,0.004136787609654359,0.38044541546625943,-0.0051075771855754095,0.01338044540134803
1595,22Rv1,H3K27ac,Gypsy,0.005963010716308032,0.4550688378098817,-0.009682957351723996,0.02160605977909623
1596,22Rv1,H3K27ac,hAT-Blackjack,-0.002714335859765821,0.7388447370319734,-0.01867009094811823,0.013242801422965968
1597,22Rv1,H3K27ac,TcMar-Mariner,-0.004843897702373996,0.5551271044597509,-0.020930050289751957,0.011244762190216074
1598,22Rv1,H3K27ac,RTE-X,-0.005158714557627896,0.6162613897916167,-0.02532929183103803,0.015016061369899206
1599,22Rv1,H3K27ac,ERVK,0.007866171914466327,0.49899833876968946,-0.014938608922243994,0.03066277344785564
1600,22Rv1,H3K27ac,TcMar-Tc2,-0.005090527569731149,0.6807276713247039,-0.029331197224996993,0.019156126207934807
1601,22Rv1,H3K27ac,SVA,0.013283296868828101,0.35099207935879784,-0.014633104480885492,0.04117900589079815
1602,22Rv1,H3K27ac,RTE-BovB,0.02792686793854521,0.058314142333765764,-0.0009884632253336922,0.056795538963037254
1603,22Rv1,H3K27ac,tRNA-RTE,0.04258274098793243,0.007966259347841701,0.011124404785921891,0.07395686805116342
1604,22Rv1,H3K27ac,hAT-Ac,0.025737005878529413,0.15558076846777966,-0.009793035397902907,0.06120214290422384
1605,22Rv1,H3K27ac,hAT,-0.014884120776330957,0.4398107149930248,-0.052607215965868225,0.02288139260157444
1606,22Rv1,H3K27ac,MULE-MuDR,-0.002220700296306611,0.9150837555557378,-0.04301791396246181,0.03858390706932377
1607,22Rv1,H3K27ac,PiggyBac,0.019928716491922748,0.3616937577200323,-0.022900044463576276,0.06268446248951078
1608,22Rv1,H3K27ac,5S-Deu-L2,-0.005917968769888177,0.7973038284472204,-0.05104121490591073,0.03922939032810193
1609,22Rv1,H3K27ac,Helitron,0.01194485781065065,0.6231230220502004,-0.03568946401893942,0.05952502708939819
1610,22Rv1,H3K27ac,hAT-Tag1,-0.010785810835422733,0.6581792462385903,-0.05851049873494319,0.036988065940572384
1611,22Rv1,H3K27ac,tRNA,-0.013298049148902707,0.6060956951322065,-0.06376993638435624,0.037241692374364865
1612,22Rv1,H3K27ac,Penelope,0.01552564055393812,0.6905352116869043,-0.06086786007170517,0.0917383122887817
1613,22Rv1,H3K27ac,TcMar-Tc1,-0.017445896028108417,0.6558332251171466,-0.09393387084361512,0.05924681881194857
1614,22Rv1,H3K27ac,Dong-R4,-0.0209188227888624,0.6660659180187584,-0.1154869198955549,0.07402508496247023
1615,22Rv1,H3K27ac,tRNA-Deu,0.011198983269884109,0.8194244759722945,-0.08481019101683203,0.10700211567527118
1616,22Rv1,H3K27ac,Kolobok,-0.028234594363772004,0.5959663209295505,-0.13195536913824196,0.07609774538138338
1617,22Rv1,H3K27ac,PIF-Harbinger,0.05250941026653987,0.32801873393103564,-0.05283392924372923,0.15669693288568548
1618,22Rv1,H3K27ac,Crypton,0.06964662784808573,0.24285893980151818,-0.04747691741508772,0.1848810157459042
1619,22Rv1,H3K27ac,Merlin,-0.10865459638443828,0.11471390358287781,-0.240267828823077,0.026881379914990358
1620,22Rv1,H3K27ac,TcMar,0.06183045872998416,0.38084126675274343,-0.07666262649473475,0.19798282516887195
1621,22Rv1,H3K27ac,L1-Tx1,-0.01780745038234034,0.8363711033163244,-0.18498347085706107,0.1503702103419278
1622,22Rv1,H3K27ac,Crypton-A,0.1232809253329795,0.160661956046534,-0.04994214169248438,0.2893036951962209
1623,22Rv1,H3K27ac,I-Jockey,-0.06477620239088129,0.5033743203363461,-0.2500209431024035,0.1250431902938005
1624,22Rv1,H3K27ac,hAT-Tip100?,0.1574175824175824,0.214132369475659,-0.09348619461510306,0.3895208659367909
1625,22Rv1,H3K27ac,TcMar-Pogo,0.05168621700879765,0.7787591298809273,-0.30267961754041817,0.39349740154645263
1626,22Rv1,H3K27ac,hAT?,0.08113063407181054,0.64829848998344,-0.26482418501250937,0.4085821481749376
1627,22Rv1,H3K27ac,hAT-hAT19,-0.1647058823529412,0.5421481352010777,-0.6128609355396578,0.36361939569317053
1628,RWPE1,CTCF,Alu,-0.00033488305733691474,0.7248076073701839,-0.002199319027685685,0.0015295552412034061
1629,RWPE1,CTCF,L1,0.002334959703644116,0.08999176793410295,-0.0003643049602881394,0.0050341903426481425
1630,RWPE1,CTCF,MIR,-0.0019526998821478973,0.16028932759727588,-0.004678423457154189,0.0007730527087149573
1631,RWPE1,CTCF,L2,-0.002281182721566005,0.17300187460735264,-0.0055623421897532405,0.001000025866072525
1632,RWPE1,CTCF,ERVL-MaLR,8.564534957618238e-07,0.9996590383221633,-0.00392726185879957,0.0039289747393607445
1633,RWPE1,CTCF,hAT-Charlie,0.0002832649013635112,0.8942442959667756,-0.0038930953574113965,0.0044596152787566784
1634,RWPE1,CTCF,ERV1,-0.0008623678758700363,0.7783329318479872,-0.006866741792929455,0.005142068222925849
1635,RWPE1,CTCF,ERVL,-0.0044631138443460144,0.15301172860590256,-0.010584379049362868,0.0016584858503592911
1636,RWPE1,CTCF,TcMar-Tigger,0.0010081615598239832,0.7509956143130412,-0.00521870283540578,0.0072349477753654344
1637,RWPE1,CTCF,hAT-Tip100,-0.008208601681987482,0.05826206497148511,-0.016703300230733978,0.0002872817756553738
1638,RWPE1,CTCF,CR1,0.002764905214660387,0.5580193683006027,-0.006486098762170392,0.012015435964963246
1639,RWPE1,CTCF,Gypsy,-0.0019503238300458354,0.8070518523500438,-0.017600212659654665,0.013700520404323279
1640,RWPE1,CTCF,hAT-Blackjack,0.006376125511238739,0.4339701500492984,-0.009596375357215503,0.02234537354572516
1641,RWPE1,CTCF,TcMar-Mariner,0.008522194105067288,0.2997773037460022,-0.007586918591596137,0.02462688461615823
1642,RWPE1,CTCF,RTE-X,-0.005786431125652916,0.5741843967744765,-0.025965200593105187,0.014397051870082342
1643,RWPE1,CTCF,ERVK,0.0013978578832399022,0.905058705336097,-0.021569938475842234,0.024364179539075857
1644,RWPE1,CTCF,TcMar-Tc2,-0.003969531550540116,0.7483174182889799,-0.028211044637312173,0.020276647905853415
1645,RWPE1,CTCF,SVA,-0.022728314998210267,0.1103870760237793,-0.05060108383373567,0.00517983179443724
1646,RWPE1,CTCF,RTE-BovB,-0.014758444860015117,0.31721152092491844,-0.043656578683140844,0.014164365003810657
1647,RWPE1,CTCF,tRNA-RTE,0.010238436474255045,0.523813806571733,-0.02124039291647174,0.04169698593596059
1648,RWPE1,CTCF,hAT-Ac,-0.01968741504434363,0.27777706889918,-0.05519662887814184,0.015871535498733172
1649,RWPE1,CTCF,hAT,-0.019397197214077674,0.31412617241106144,-0.0571164812635023,0.01837738306241836
1650,RWPE1,CTCF,MULE-MuDR,-0.02218413564631729,0.2868374100458148,-0.06294206501664966,0.01864766863586438
1651,RWPE1,CTCF,PiggyBac,-0.01789561675578881,0.4131923721675679,-0.06069836996352873,0.024972830379875195
1652,RWPE1,CTCF,5S-Deu-L2,0.029292545465044968,0.20365341741065426,-0.015886599286886054,0.07435232248019402
1653,RWPE1,CTCF,Helitron,-0.01906621264409681,0.43331719185176354,-0.06667855294898156,0.028632760168795103
1654,RWPE1,CTCF,hAT-Tag1,-0.01059322916141796,0.6640923923690589,-0.05834684511497399,0.03720875492091708
1655,RWPE1,CTCF,tRNA,0.011906580170816462,0.6444109702815746,-0.038647738973822066,0.06240010365901806
1656,RWPE1,CTCF,Penelope,0.040966843088586495,0.29440683436156206,-0.035667884768325185,0.11712258776462048
1657,RWPE1,CTCF,TcMar-Tc1,0.008555877964797664,0.8271264095982122,-0.06815653278764403,0.08516771421942011
1658,RWPE1,CTCF,Dong-R4,-0.03902002102929245,0.4207052258914261,-0.13334929320283717,0.056009876716160346
1659,RWPE1,CTCF,tRNA-Deu,0.0059919382896775715,0.9027883693101291,-0.08997571202675542,0.10184934245252172
1660,RWPE1,CTCF,Kolobok,0.030482037257462142,0.5675790834869954,-0.07401236454066559,0.13431436993195392
1661,RWPE1,CTCF,PIF-Harbinger,-0.040344292069619064,0.4524747943145142,-0.1447534486484178,0.0649534045717852
1662,RWPE1,CTCF,Crypton,-0.03254275704962876,0.5856329418801431,-0.1486068387544126,0.08440570045981266
1663,RWPE1,CTCF,Merlin,0.029835636055681652,0.666534457669989,-0.10568862142152471,0.16427175282380163
1664,RWPE1,CTCF,TcMar,-0.04221909257205291,0.5497854240993607,-0.17894863451543186,0.09611034130374062
1665,RWPE1,CTCF,L1-Tx1,0.06884956310844834,0.42404176537995886,-0.10021940018838658,0.23405413853911564
1666,RWPE1,CTCF,Crypton-A,-0.08060716950411322,0.3600659577748446,-0.24895793985346054,0.09247178161405085
1667,RWPE1,CTCF,I-Jockey,0.1481975720507831,0.12407415969839482,-0.04208901274948474,0.3281092747124113
1668,RWPE1,CTCF,hAT-Tip100?,0.10654761904761904,0.4020474095186052,-0.14370366562470585,0.34399126427821247
1669,RWPE1,CTCF,TcMar-Pogo,0.05388563049853372,0.7695922440275013,-0.30069398859240715,0.3953776450251379
1670,RWPE1,CTCF,hAT?,0.2430863254392666,0.1659643453351613,-0.10869952718461025,0.5407635142225693
1671,RWPE1,CTCF,hAT-hAT19,0.28823529411764703,0.27898445973708325,-0.252546724911207,0.6918065968482717
1672,RWPE1,H3K27ac,Alu,0.00019106654288026038,0.8407628093686843,-0.0016727963177674216,0.002054928076004322
1673,RWPE1,H3K27ac,L1,-0.0014186360910609834,0.3029228036612395,-0.004117621868344418,0.0012803703546002663
1674,RWPE1,H3K27ac,MIR,0.0010802176571241041,0.43743753364529636,-0.0016462643041623784,0.003806683558450057
1675,RWPE1,H3K27ac,L2,-0.0010519926894609077,0.5297433381736297,-0.004333120299424184,0.0022291575717662197
1676,RWPE1,H3K27ac,ERVL-MaLR,-0.002550514309772094,0.20312732252639581,-0.00647827434582624,0.0013773244234639478
1677,RWPE1,H3K27ac,hAT-Charlie,0.0003746399036388514,0.8604474979028515,-0.003802034678408887,0.004551301414831219
1678,RWPE1,H3K27ac,ERV1,-0.0043114744592410445,0.15924398722082586,-0.010314488847392988,0.0016918506889280409
1679,RWPE1,H3K27ac,ERVL,-0.0008474224489212313,0.7861335902361997,-0.006968612746796168,0.005273831353751895
1680,RWPE1,H3K27ac,TcMar-Tigger,-0.004945125054701687,0.11967632915374524,-0.011173220886786718,0.0012833544450675245
1681,RWPE1,H3K27ac,hAT-Tip100,-0.00019481917153699651,0.9641509810587687,-0.008690285757791908,0.008300675536161706
1682,RWPE1,H3K27ac,CR1,0.0003782155522112635,0.9361342606471074,-0.008872739265204946,0.009629105634572454
1683,RWPE1,H3K27ac,Gypsy,0.0007544058870555056,0.9247301603857545,-0.014895185568786579,0.016403627828754194
1684,RWPE1,H3K27ac,hAT-Blackjack,0.0033748028090767224,0.6790785220345237,-0.01261268465992323,0.019360565247030368
1685,RWPE1,H3K27ac,TcMar-Mariner,-0.0130759728972088,0.11303063492670071,-0.029242283973284447,0.0030971770404536712
1686,RWPE1,H3K27ac,RTE-X,0.017615825548007842,0.0871480428292931,-0.002569356088787049,0.037786658097687074
1687,RWPE1,H3K27ac,ERVK,-0.011827681357767862,0.3128252536032048,-0.03478455138264743,0.011141663986235801
1688,RWPE1,H3K27ac,TcMar-Tc2,-0.008939084928060866,0.47042561767174584,-0.03320250744509524,0.015334868121461454
1689,RWPE1,H3K27ac,SVA,-0.0035264758168179313,0.8044081121607551,-0.031427557909840954,0.024380097939128573
1690,RWPE1,H3K27ac,RTE-BovB,-0.00401547953973436,0.7856193064848571,-0.032939556163384176,0.024915317471443883
1691,RWPE1,H3K27ac,tRNA-RTE,0.012890394367228455,0.4223203724568244,-0.018597737627203056,0.044352981138974845
1692,RWPE1,H3K27ac,hAT-Ac,0.027624593956689075,0.1277512424676416,-0.007934374865323645,0.06311378731520792
1693,RWPE1,H3K27ac,hAT,0.03438027721858494,0.07445074955484927,-0.0034068893893830082,0.07206940155007632
1694,RWPE1,H3K27ac,MULE-MuDR,-0.005976315731997523,0.7742389751539434,-0.04678402104079408,0.0348513043461042
1695,RWPE1,H3K27ac,PiggyBac,0.01388759082962953,0.5254291570537237,-0.02897758726779388,0.05670178502355044
1696,RWPE1,H3K27ac,5S-Deu-L2,-0.01677306126021187,0.4667377353333475,-0.061877829571372535,0.028400077313977413
1697,RWPE1,H3K27ac,Helitron,0.015978808940849725,0.511917606179653,-0.03177358042692697,0.06365841813405701
1698,RWPE1,H3K27ac,hAT-Tag1,0.021802428492060568,0.371389909003367,-0.026012153786737404,0.069517480056962
1699,RWPE1,H3K27ac,tRNA,-0.010259801929373681,0.6907523920944498,-0.06074214383090519,0.040274893244716975
1700,RWPE1,H3K27ac,Penelope,-0.055716746424325926,0.15371801123907675,-0.13170506851491826,0.020922550821483255
1701,RWPE1,H3K27ac,TcMar-Tc1,0.04152599611968163,0.2893385975717752,-0.035344627491492725,0.11790813407354744
1702,RWPE1,H3K27ac,Dong-R4,0.022807851099838114,0.6379737082449927,-0.07214720103226946,0.11735317257309329
1703,RWPE1,H3K27ac,tRNA-Deu,0.026484275228599006,0.589234591871638,-0.06962441633488736,0.12210584076887478
1704,RWPE1,H3K27ac,Kolobok,-0.019631389041942393,0.7128050179788372,-0.12362351991821034,0.08478724959219547
1705,RWPE1,H3K27ac,PIF-Harbinger,-0.04264375997097238,0.4271055229429289,-0.14701277873964316,0.06266435351673116
1706,RWPE1,H3K27ac,Crypton,-0.025083809257354813,0.674358739335924,-0.14128621494637061,0.09180041345539584
1707,RWPE1,H3K27ac,Merlin,-0.1293784437741058,0.06126822990629693,-0.26074114957696776,0.00668803373966107
1708,RWPE1,H3K27ac,TcMar,0.012718840991716628,0.8570710475770278,-0.125215814549443,0.15017113442995741
1709,RWPE1,H3K27ac,L1-Tx1,-0.04345335258413831,0.614130313334583,-0.20971741147291695,0.12525303434389476
1710,RWPE1,H3K27ac,Crypton-A,0.07814091041067611,0.3749984859316715,-0.09491510903011739,0.24661253651848267
1711,RWPE1,H3K27ac,I-Jockey,0.021286257066073584,0.8261065045525894,-0.16750703408292092,0.20857356191471665
1712,RWPE1,H3K27ac,hAT-Tip100?,-0.05725524475524475,0.6505330327143866,-0.29719271665349406,0.1894837661973525
1713,RWPE1,H3K27ac,TcMar-Pogo,-0.35300586510263926,0.04750428555746443,-0.631553776309161,0.006249839348884694
1714,RWPE1,H3K27ac,hAT?,0.024904507257448433,0.8888126888055697,-0.3159709680020459,0.36008552227107554
1715,RWPE1,H3K27ac,hAT-hAT19,-0.28823529411764703,0.27898445973708325,-0.6918065968482717,0.252546724911207
