,cell_line,modification,family_name,r,p_value,ci_low,ci_high
0,Caco-2,H3K4me1,Alu,0.0009777431006695778,0.30492754009348577,-0.0008901755495784465,0.0028456549280098226
1,Caco-2,H3K4me1,L1,0.0009319104423049742,0.49908315815249404,-0.0017702967580422002,0.0036341040332308824
2,Caco-2,H3K4me1,MIR,-0.0033937412466936473,0.014737551714799381,-0.006121145352167956,-0.0006662866494320268
3,Caco-2,H3K4me1,L2,-0.00040324511506878804,0.8097365758649527,-0.003685863518396118,0.002879381978685845
4,Caco-2,H3K4me1,ERVL-MaLR,-0.0033786844211490846,0.09231830917692863,-0.007312607353343668,0.0005553430903677583
5,Caco-2,H3K4me1,hAT-Charlie,0.0007071841402498503,0.7402496733389428,-0.003473683608381112,0.004888027166344868
6,Caco-2,H3K4me1,ERV1,0.0009677762561591046,0.7527731515334155,-0.00505409520870019,0.0069895775329539885
7,Caco-2,H3K4me1,ERVL,0.0031673641889879475,0.3110780491778588,-0.0029611413046066086,0.009295631766032241
8,Caco-2,H3K4me1,TcMar-Tigger,0.0038568075480974687,0.22519679292100767,-0.0023759560820703876,0.01008927153476682
9,Caco-2,H3K4me1,hAT-Tip100,0.00135337934979999,0.7550101685554886,-0.007147299878056672,0.009853862987226902
10,Caco-2,H3K4me1,CR1,0.00254879586255044,0.5893133187311306,-0.006705084237415198,0.011802239451588373
11,Caco-2,H3K4me1,Gypsy,0.007292952642800017,0.36134147225443014,-0.00836661134592804,0.022948940474094914
12,Caco-2,H3K4me1,hAT-Blackjack,0.010721112001526,0.18890596580484675,-0.0052733987112184725,0.026710138521242228
13,Caco-2,H3K4me1,TcMar-Mariner,0.012226886474035869,0.13704327739597288,-0.003890971990155582,0.028338393759771145
14,Caco-2,H3K4me1,RTE-X,-0.004706294390750786,0.6478205695286834,-0.0248953092470868,0.015486557816351902
15,Caco-2,H3K4me1,ERVK,-0.00023215394897193358,0.9842753729967894,-0.023315105100158637,0.022851044598636697
16,Caco-2,H3K4me1,TcMar-Tc2,0.012074219784716907,0.32969668624915394,-0.01220596805494241,0.03634017772351513
17,Caco-2,H3K4me1,SVA,-0.009774994171483059,0.49466811720399373,-0.037814738616952934,0.018280130908855063
18,Caco-2,H3K4me1,RTE-BovB,0.006868068127360562,0.6420153235558899,-0.022086531685908933,0.035811156027416836
19,Caco-2,H3K4me1,tRNA-RTE,0.009339624138764645,0.5610975694145819,-0.022154979405040975,0.040815708827618834
20,Caco-2,H3K4me1,hAT-Ac,0.019749509049662706,0.2767386946288937,-0.015844616004458214,0.05529364193566679
21,Caco-2,H3K4me1,hAT,-0.000174130021837371,0.9927961801616353,-0.03795950834957863,0.037611745535451234
22,Caco-2,H3K4me1,MULE-MuDR,0.02395010440238843,0.25059874369962404,-0.016917634764871795,0.0647379525435393
23,Caco-2,H3K4me1,PiggyBac,-0.00033685331540178306,0.9877323734549156,-0.043253944684406236,0.04258147897419005
24,Caco-2,H3K4me1,5S-Deu-L2,0.01073921714307553,0.6414182879379811,-0.034451232218614465,0.05588584122971302
25,Caco-2,H3K4me1,Helitron,-0.010612961404312254,0.6635990886514735,-0.05838070721100307,0.037203271434818
26,Caco-2,H3K4me1,hAT-Tag1,-0.007202425790238115,0.7678628637938276,-0.05498013456195727,0.04060818942663749
27,Caco-2,H3K4me1,tRNA,0.020511821681830668,0.4266715604207024,-0.030070745270465396,0.07098959905930184
28,Caco-2,H3K4me1,Penelope,0.018826076744900028,0.6302991120999453,-0.05781327131239755,0.09524482987564227
29,Caco-2,H3K4me1,TcMar-Tc1,-0.010814604362793521,0.7826759321879369,-0.0874692842203084,0.06596739340734362
30,Caco-2,H3K4me1,Dong-R4,-0.055506468930977264,0.2518563806592817,-0.14957824169864195,0.03956118105096721
31,Caco-2,H3K4me1,tRNA-Deu,-0.1296917482279349,0.007934723427949701,-0.22321853758061444,-0.033798866598896006
32,Caco-2,H3K4me1,Kolobok,-0.0465408613637269,0.38264280582525,-0.1501034625445479,0.05803198788461166
33,Caco-2,H3K4me1,PIF-Harbinger,-0.013669349332193197,0.7991399949990301,-0.11848427372697992,0.09144684218342372
34,Caco-2,H3K4me1,Crypton,-0.013890754846543103,0.8160288194276725,-0.13028282703436314,0.1028789706625015
35,Caco-2,H3K4me1,Merlin,0.034034635679540085,0.6230111363547362,-0.10153947274471889,0.1683676237626725
36,Caco-2,H3K4me1,TcMar,0.07131441339630715,0.31440012417424945,-0.06792512502706016,0.20782897255072982
37,Caco-2,H3K4me1,L1-Tx1,0.10446679744020834,0.22441335616358507,-0.06483600678071862,0.26792383215513765
38,Caco-2,H3K4me1,Crypton-A,-0.011410451974506092,0.897079821449998,-0.1825840577170119,0.16043452547271192
39,Caco-2,H3K4me1,I-Jockey,0.05908627560003707,0.5416627773913889,-0.13062871979159701,0.24462704008502423
40,Caco-2,H3K4me1,hAT-Tip100?,-0.1292124542124542,0.3088681375530388,-0.36438394289501486,0.12145159577236304
41,Caco-2,H3K4me1,TcMar-Pogo,-0.13636363636363635,0.4567642079229791,-0.46436548437736214,0.22453402926630123
42,Caco-2,H3K4me1,hAT?,-0.16878342245989306,0.34775047527399006,-0.48598663214929183,0.1877116531849893
43,Caco-2,H3K4me1,hAT-hAT19,0.15,0.5792486306642535,-0.3760962642032207,0.6029604660399384
44,Caco-2,H3K9me3,Alu,0.00036407195478104334,0.7023439770691162,-0.0015031327004108408,0.0022312740713363614
45,Caco-2,H3K9me3,L1,-0.0012948266306861314,0.34752174167687977,-0.003996315096251614,0.0014066807344361627
46,Caco-2,H3K9me3,MIR,-0.0008991520883297455,0.5181632238260592,-0.003626409176266805,0.001828118375346514
47,Caco-2,H3K9me3,L2,0.0016901851437811123,0.31286763361026854,-0.0015922466249507009,0.0049725804914922825
48,Caco-2,H3K9me3,ERVL-MaLR,-0.002728017099484216,0.17401301343982345,-0.006661098346449707,0.001205148550012518
49,Caco-2,H3K9me3,hAT-Charlie,-0.0009793325304079741,0.6461235192744166,-0.005159712865337626,0.0032010820336422366
50,Caco-2,H3K9me3,ERV1,-0.0011065148588256899,0.7187001047538949,-0.007127372096337354,0.004914422603777942
51,Caco-2,H3K9me3,ERVL,-0.0010100595165618903,0.7466267218399127,-0.007137281499280128,0.005117238308196754
52,Caco-2,H3K9me3,TcMar-Tigger,-0.0028291421693723813,0.3736097353205945,-0.009061174056726027,0.0034031094851900024
53,Caco-2,H3K9me3,hAT-Tip100,0.00250733460734168,0.5631741768573828,-0.005992919923002878,0.011007226819302973
54,Caco-2,H3K9me3,CR1,0.004912773767798664,0.29808612997014605,-0.004340980063311279,0.014165686274205657
55,Caco-2,H3K9me3,Gypsy,-0.0012575109080744998,0.8749394744186667,-0.016916084102030948,0.014401678971642252
56,Caco-2,H3K9me3,hAT-Blackjack,0.008433311926103927,0.30137639787686354,-0.007560606677575314,0.024422916812665434
57,Caco-2,H3K9me3,TcMar-Mariner,-0.002206764189667315,0.7884428270637613,-0.018323711383678533,0.013911329531902451
58,Caco-2,H3K9me3,RTE-X,0.007183321589741073,0.4856207736511783,-0.013007951555314914,0.02736873903026722
59,Caco-2,H3K9me3,ERVK,-0.0014183049244119827,0.9041253807694783,-0.024492590558553545,0.021657491086980247
60,Caco-2,H3K9me3,TcMar-Tc2,-0.016424657993038782,0.18478312601679697,-0.040682077242850535,0.007852111168541814
61,Caco-2,H3K9me3,SVA,-0.010336858642217542,0.46983360368118243,-0.03835298761533927,0.017695508343658867
62,Caco-2,H3K9me3,RTE-BovB,0.0035553248021938503,0.8097455715508972,-0.025384621525734702,0.03248931696535311
63,Caco-2,H3K9me3,tRNA-RTE,-0.004777092934412967,0.7662254405787392,-0.036255158969153614,0.02671044310768862
64,Caco-2,H3K9me3,hAT-Ac,-0.013562555827490401,0.4551244859816659,-0.04912001065952158,0.022029233598644855
65,Caco-2,H3K9me3,hAT,0.00956129837965954,0.6199903697957386,-0.028228368750125635,0.04732367454070703
66,Caco-2,H3K9me3,MULE-MuDR,0.005060456058708737,0.8082231792706321,-0.035792540125930854,0.04589656732101498
67,Caco-2,H3K9me3,PiggyBac,-0.0033908505451833914,0.8769970591881335,-0.04630195100399954,0.03953274126273015
68,Caco-2,H3K9me3,5S-Deu-L2,-0.0353651228956514,0.1249099358211415,-0.08041119928229415,0.009825115317271899
69,Caco-2,H3K9me3,Helitron,-0.005408517083622614,0.8245335370391116,-0.05317693484818417,0.0423845967077759
70,Caco-2,H3K9me3,hAT-Tag1,-0.025630252636717015,0.293468072201197,-0.07334424313227338,0.022200802022165098
71,Caco-2,H3K9me3,tRNA,0.006469811661750128,0.8020440388504473,-0.04409121468079209,0.056997779170915454
72,Caco-2,H3K9me3,Penelope,0.03938833555639928,0.3141609072500322,-0.03736175616580891,0.11567646364150949
73,Caco-2,H3K9me3,TcMar-Tc1,0.05163309745520539,0.1885992647057199,-0.02542094104190994,0.12807723803846802
74,Caco-2,H3K9me3,Dong-R4,-0.08590158035471206,0.07585974090871417,-0.17939863397464562,0.009133376581786304
75,Caco-2,H3K9me3,tRNA-Deu,-0.10995316847075896,0.024570691170454656,-0.2039980744682705,-0.013897416132224678
76,Caco-2,H3K9me3,Kolobok,-0.04538959034334043,0.39453692373914995,-0.1489728481055543,0.059178976861421075
77,Caco-2,H3K9me3,PIF-Harbinger,0.003359783589461238,0.9501320635982411,-0.10165645652984859,0.10830196898406
78,Caco-2,H3K9me3,Crypton,-0.022737401543100836,0.7033081719150385,-0.13898134817942528,0.09412461719572328
79,Caco-2,H3K9me3,Merlin,0.1023625919865458,0.13834953345293508,-0.0335196359942085,0.23452920852944797
80,Caco-2,H3K9me3,TcMar,-0.08485968906439434,0.2310135593683024,-0.22090123489695024,0.05442101898354772
81,Caco-2,H3K9me3,L1-Tx1,0.14150517412327818,0.09906358447073801,-0.027692313878495942,0.30282031092401335
82,Caco-2,H3K9me3,Crypton-A,0.08738671289949228,0.3209532323350474,-0.0857471285277245,0.25539755998528074
83,Caco-2,H3K9me3,I-Jockey,-0.14956908534890187,0.12059290366319968,-0.3293775362993683,0.04070810905406918
84,Caco-2,H3K9me3,hAT-Tip100?,-0.09867216117216115,0.4379172485615447,-0.33686501860021884,0.15139072310449703
85,Caco-2,H3K9me3,TcMar-Pogo,0.01539589442815249,0.9333489581314992,-0.3351161741179495,0.36216443961932177
86,Caco-2,H3K9me3,hAT?,0.0006684491978609625,0.997054312927772,-0.3427192321034651,0.3438985622567548
87,Caco-2,H3K9me3,hAT-hAT19,-0.1764705882352941,0.5132505967364668,-0.6207039869240245,0.35353200740425916
88,SJCRH30,H3K27ac,Alu,-0.0008039007506628056,0.39839824984027306,-0.0026696669077440546,0.001061871003329891
89,SJCRH30,H3K27ac,L1,-0.00035779250393837996,0.7950605388125764,-0.003057588607155765,0.002342008815116596
90,SJCRH30,H3K27ac,MIR,0.0005329410683558068,0.7015934336509635,-0.0021931166426863258,0.003258990858432167
91,SJCRH30,H3K27ac,L2,0.00040982066219555867,0.8066240220896558,-0.0028715779036734084,0.0036912104025360786
92,SJCRH30,H3K27ac,ERVL-MaLR,-0.0013295833765439263,0.5071748033880108,-0.005258622975339431,0.00259949727324669
93,SJCRH30,H3K27ac,hAT-Charlie,0.0011393833618977356,0.5929425150566129,-0.0030380313530958877,0.005316758310930291
94,SJCRH30,H3K27ac,ERV1,-0.0024113311758648223,0.43143396256357847,-0.008418389508696156,0.003595901187584484
95,SJCRH30,H3K27ac,ERVL,0.0001318080468797003,0.9663395178269514,-0.005989959585920756,0.006253565800408931
96,SJCRH30,H3K27ac,TcMar-Tigger,0.0023305469414331287,0.4632966101629218,-0.0038974483018090643,0.008558361394782788
97,SJCRH30,H3K27ac,hAT-Tip100,0.0032078443837136165,0.45930660935523604,-0.005288600677528788,0.0117038263195665
98,SJCRH30,H3K27ac,CR1,-0.0063869880702852435,0.1759856831863111,-0.01563677284148557,0.0028638897971344484
99,SJCRH30,H3K27ac,Gypsy,-0.006452149632493974,0.4190553136234476,-0.02209899568524108,0.009197856469328622
100,SJCRH30,H3K27ac,hAT-Blackjack,-0.004996955929340845,0.5398950689327378,-0.020972048018115252,0.010980687112355796
101,SJCRH30,H3K27ac,TcMar-Mariner,0.00364676719093028,0.6572036503957737,-0.012459077667472696,0.019750720316422516
102,SJCRH30,H3K27ac,RTE-X,0.020227716841419982,0.049468664787688334,4.510865283800247e-05,0.04039385271753342
103,SJCRH30,H3K27ac,ERVK,0.011526870059779454,0.32609109314705154,-0.011480384435732278,0.0345219262816
104,SJCRH30,H3K27ac,TcMar-Tc2,0.006688822624960952,0.5887391684146182,-0.01755842842968927,0.030928210770270897
105,SJCRH30,H3K27ac,SVA,0.009675461300096102,0.4993368824213802,-0.018396884698227204,0.03773256452927802
106,SJCRH30,H3K27ac,RTE-BovB,-0.00891246112109144,0.5460241956747462,-0.0378310678470548,0.020021061207846094
107,SJCRH30,H3K27ac,tRNA-RTE,-0.000631841542137311,0.9686359523511606,-0.032118607546912335,0.03085617734916577
108,SJCRH30,H3K27ac,hAT-Ac,-0.016655732361366898,0.35876682114329694,-0.05218923206981087,0.018919888931778452
109,SJCRH30,H3K27ac,hAT,0.021708548963052687,0.2599225171129977,-0.016066637268445823,0.05942185285845748
110,SJCRH30,H3K27ac,MULE-MuDR,-0.014553796995053346,0.48474262014617886,-0.05533299413877415,0.02627387221860397
111,SJCRH30,H3K27ac,PiggyBac,-0.03281361361290006,0.1334311778124701,-0.0755647357645265,0.010057920177437844
112,SJCRH30,H3K27ac,5S-Deu-L2,-0.0018660450889133684,0.9354708706395086,-0.047010583013094166,0.04328610025263063
113,SJCRH30,H3K27ac,Helitron,-0.03371800964238314,0.16552301923469637,-0.08124143937395853,0.013958386880635122
114,SJCRH30,H3K27ac,hAT-Tag1,-0.0026560326908117156,0.9132709173051277,-0.05041733885039389,0.04511739420683645
115,SJCRH30,H3K27ac,tRNA,-0.025468836932288914,0.32329264475028474,-0.07589185867497966,0.025084110868808896
116,SJCRH30,H3K27ac,Penelope,0.021113005145421224,0.5896298625674621,-0.05559314550794086,0.09757139703147244
117,SJCRH30,H3K27ac,TcMar-Tc1,-0.026900874160242092,0.492569067898622,-0.10342621707814713,0.0499410713151423
118,SJCRH30,H3K27ac,Dong-R4,-0.00014280209156865536,0.9976496965601531,-0.09492832358376511,0.09464528542240395
119,SJCRH30,H3K27ac,tRNA-Deu,-0.08353387655886411,0.08805982388129302,-0.1781849868925177,0.012648873510751219
120,SJCRH30,H3K27ac,Kolobok,-0.06689472290379361,0.20992026547842588,-0.17020366119340444,0.03786872747068096
121,SJCRH30,H3K27ac,PIF-Harbinger,0.08491389698848074,0.11330924271549792,-0.020436364725256572,0.18839921429411466
122,SJCRH30,H3K27ac,Crypton,0.07598141245893254,0.20252492295644475,-0.04114779724804711,0.19105058020407012
123,SJCRH30,H3K27ac,Merlin,-0.01961981616155452,0.7769249607225225,-0.15429230434603958,0.11576840645196342
124,SJCRH30,H3K27ac,TcMar,-0.09109508988083904,0.19615647839905992,-0.22624273077679422,0.04749351319941733
125,SJCRH30,H3K27ac,L1-Tx1,-0.0747254850141924,0.3854821723693074,-0.23966280077102853,0.09440429725680177
126,SJCRH30,H3K27ac,Crypton-A,0.04022618051644007,0.6482592731442038,-0.13228039108551487,0.21036760680905472
127,SJCRH30,H3K27ac,I-Jockey,-0.04071911778333797,0.6741981217669064,-0.22715636987143503,0.14859732252571722
128,SJCRH30,H3K27ac,hAT-Tip100?,0.11538461538461538,0.3600486150956713,-0.13304846996670597,0.35017535174187064
129,SJCRH30,H3K27ac,TcMar-Pogo,0.1818181818181818,0.3192834589950154,-0.18107060101997674,0.5011301434548393
130,SJCRH30,H3K27ac,hAT?,-0.01145912910618793,0.9487151354121994,-0.3482853850296662,0.32798782187516345
131,SJCRH30,H3K27ac,hAT-hAT19,-0.023529411764705882,0.931073583667659,-0.5133038022421272,0.4778062677491202
132,SJCRH30,H3K4me1,Alu,0.0012002340387543132,0.20768643507293086,-0.0006668336011876007,0.0030672933108302123
133,SJCRH30,H3K4me1,L1,0.0012736684905979435,0.35526902013893336,-0.0014267847360493343,0.003974103141021342
134,SJCRH30,H3K4me1,MIR,0.0018257203178119882,0.18944344243654876,-0.0009012086943993898,0.004552622177572745
135,SJCRH30,H3K4me1,L2,0.004649092623639108,0.005493933573471896,0.0013672964119777597,0.007930788693003728
136,SJCRH30,H3K4me1,ERVL-MaLR,3.831991989268687e-05,0.984756678017646,-0.003892697471956424,0.003969336127434546
137,SJCRH30,H3K4me1,hAT-Charlie,0.0028740065654439353,0.17769806696059015,-0.0013051350942244195,0.007053047836351902
138,SJCRH30,H3K4me1,ERV1,0.00329366798498621,0.2829364250725848,-0.0027184608898648778,0.009305558762856273
139,SJCRH30,H3K4me1,ERVL,0.0011548386714216778,0.7117007782395806,-0.004969620646687794,0.007279211356949144
140,SJCRH30,H3K4me1,TcMar-Tigger,-0.0031413411481300345,0.323032626628721,-0.009371273936854345,0.0030888354964036125
141,SJCRH30,H3K4me1,hAT-Tip100,-0.0029810635327881265,0.4917715725129992,-0.011479306745262744,0.005517610290968914
142,SJCRH30,H3K4me1,CR1,0.0016292474897431496,0.7299968740174134,-0.007623033796297468,0.010881249840938335
143,SJCRH30,H3K4me1,Gypsy,0.01016620811963523,0.20299540061483745,-0.005485979230203762,0.025813415281338552
144,SJCRH30,H3K4me1,hAT-Blackjack,0.0052341519978693,0.520925574017171,-0.010747239969793005,0.021212870683505972
145,SJCRH30,H3K4me1,TcMar-Mariner,-0.0036470342429373434,0.6573535670493761,-0.019759692450553805,0.01246751788213755
146,SJCRH30,H3K4me1,RTE-X,0.0022310589740004586,0.8284732405187492,-0.017950337327233116,0.022410638059360975
147,SJCRH30,H3K4me1,ERVK,0.019603085661838087,0.0953657449954857,-0.003437469353020829,0.04262283820481186
148,SJCRH30,H3K4me1,TcMar-Tc2,0.001533960419429713,0.9014132331587894,-0.02273332079687331,0.025799435064522636
149,SJCRH30,H3K4me1,SVA,0.007038232684085506,0.6229662958125638,-0.02101858050333717,0.035083968918432275
150,SJCRH30,H3K4me1,RTE-BovB,-0.008392596644539842,0.5696035042773369,-0.037305537233808084,0.020534383465974467
151,SJCRH30,H3K4me1,tRNA-RTE,-0.009981601003017997,0.5344385300205182,-0.041452696960783256,0.02150928150908795
152,SJCRH30,H3K4me1,hAT-Ac,-0.00675579852067214,0.7098222382048825,-0.04231969641442177,0.02882519771372324
153,SJCRH30,H3K4me1,hAT,-0.012780322071234163,0.5073672104007609,-0.050529061753058414,0.025004881833495272
154,SJCRH30,H3K4me1,MULE-MuDR,0.012608510856216193,0.5448064028857181,-0.028199836406269094,0.053374900184880954
155,SJCRH30,H3K4me1,PiggyBac,0.0031874459344048683,0.8841842736031325,-0.0396844466458741,0.046047624551156026
156,SJCRH30,H3K4me1,5S-Deu-L2,0.012386826315854043,0.5911487947992948,-0.032805696302393765,0.05752880095227848
157,SJCRH30,H3K4me1,Helitron,-0.015864225611445286,0.514201435498105,-0.06345970392579575,0.031803254955115136
158,SJCRH30,H3K4me1,hAT-Tag1,0.0005480635573133227,0.9820698919289516,-0.04722079487161312,0.04831442090362496
159,SJCRH30,H3K4me1,tRNA,0.016616548414903527,0.5194867851651042,-0.03394471501827745,0.06709297251602268
160,SJCRH30,H3K4me1,Penelope,0.04026426761573223,0.30425428821771844,-0.03660485406580391,0.11665972146912426
161,SJCRH30,H3K4me1,TcMar-Tc1,-0.05305544395627836,0.1756955751562523,-0.12930749249678275,0.023820375951635796
162,SJCRH30,H3K4me1,Dong-R4,-0.03638721269261698,0.45275396619010466,-0.13075407745162085,0.058633068453483705
163,SJCRH30,H3K4me1,tRNA-Deu,-0.05771570086482564,0.23901657414024002,-0.15286321457727983,0.03849199458705891
164,SJCRH30,H3K4me1,Kolobok,0.03355038011090285,0.5292238995018942,-0.07096212236744281,0.13733423986133342
165,SJCRH30,H3K4me1,PIF-Harbinger,0.13087714234218448,0.014415156903969112,0.025807879079961262,0.2330864240973926
166,SJCRH30,H3K4me1,Crypton,0.07835257214715646,0.18875139075665695,-0.038776925660202244,0.19335812743026276
167,SJCRH30,H3K4me1,Merlin,-0.0749464586043013,0.278489835659948,-0.20809281726851778,0.060926937706898526
168,SJCRH30,H3K4me1,TcMar,0.03249600501053399,0.6445075917065808,-0.10538152451978927,0.16914771263508482
169,SJCRH30,H3K4me1,L1-Tx1,0.06522553343425433,0.44889590118494715,-0.1038015771398025,0.23059079959366593
170,SJCRH30,H3K4me1,Crypton-A,0.0431194974615546,0.6248255967341425,-0.12944193465877982,0.21314596332967797
171,SJCRH30,H3K4me1,I-Jockey,0.024918913909739597,0.7970230895441975,-0.16398005109307714,0.21205502612654795
172,SJCRH30,H3K4me1,hAT-Tip100?,0.11586538461538462,0.35803701416286915,-0.13257655528946247,0.35060885833078553
173,SJCRH30,H3K4me1,TcMar-Pogo,0.20784457478005863,0.25366685400233974,-0.15567218156901186,0.5217806100689734
174,SJCRH30,H3K4me1,hAT?,0.015431627196333078,0.9309732374305432,-0.32444582655934223,0.3517800384543005
175,SJCRH30,H3K4me1,hAT-hAT19,-0.3529411764705882,0.17995865788498183,-0.73015934447076,0.18916365264737126
176,SJCRH30,H3K9me3,Alu,-0.00045856821670345907,0.6301993248844538,-0.002325392104421019,0.0014082588672695395
177,SJCRH30,H3K9me3,L1,-0.0009253819056508003,0.5017729181078396,-0.003625543866646005,0.0017747935491102848
178,SJCRH30,H3K9me3,MIR,-0.0001198606226471821,0.9313447370985083,-0.0028466579155462476,0.0026069384526820494
179,SJCRH30,H3K9me3,L2,-0.001340775698595908,0.42326374364556596,-0.004622422767075442,0.0019409002483730382
180,SJCRH30,H3K9me3,ERVL-MaLR,-0.0028502074962397455,0.1552617226438468,-0.006780855899143706,0.0010805289807468935
181,SJCRH30,H3K9me3,hAT-Charlie,-0.0004456337353996386,0.8344314761977696,-0.004624248769223503,0.003732996860749364
182,SJCRH30,H3K9me3,ERV1,-0.0034380658848720247,0.26228338651064054,-0.009448929140240892,0.002573045821623731
183,SJCRH30,H3K9me3,ERVL,0.0009872302451305356,0.7520357744733691,-0.005136805875405433,0.007111192316682035
184,SJCRH30,H3K9me3,TcMar-Tigger,0.0020013866558738673,0.5289231594079956,-0.004228489877026022,0.008231107838942955
185,SJCRH30,H3K9me3,hAT-Tip100,-0.0015891845923226267,0.7139577504674948,-0.010086450640678767,0.0069083109522869324
186,SJCRH30,H3K9me3,CR1,-0.0044261209624043615,0.34843081451093283,-0.013677457171251062,0.004825972962131291
187,SJCRH30,H3K9me3,Gypsy,-0.0007257132402310859,0.9275964149430461,-0.016377437484694942,0.014926366577836013
188,SJCRH30,H3K9me3,hAT-Blackjack,-0.004186466709039878,0.6075555489800195,-0.02016132413710254,0.011790527782025304
189,SJCRH30,H3K9me3,TcMar-Mariner,-0.0027720935771325173,0.7359314004258717,-0.01888069232626778,0.013337943955790736
190,SJCRH30,H3K9me3,RTE-X,0.014254667828400366,0.16629563949460244,-0.0059307662760812434,0.03442849007701337
191,SJCRH30,H3K9me3,ERVK,0.008098661313807456,0.4907379864412541,-0.014934929713485283,0.031123661552874795
192,SJCRH30,H3K9me3,TcMar-Tc2,0.00033626620489760214,0.9783390707142163,-0.023934071207273023,0.02460620746875911
193,SJCRH30,H3K9me3,SVA,-0.007766414182337757,0.587269823181001,-0.03579700227122423,0.020276384318055004
194,SJCRH30,H3K9me3,RTE-BovB,0.010194981396842313,0.48981043165481375,-0.01873908280601774,0.039111983821679214
195,SJCRH30,H3K9me3,tRNA-RTE,-0.01884443918458973,0.24088301833711284,-0.050304782857165754,0.012653264742211486
196,SJCRH30,H3K9me3,hAT-Ac,-0.007043186687502459,0.6979776967570501,-0.04259490837924183,0.028526348927317556
197,SJCRH30,H3K9me3,hAT,0.034459852953978125,0.0737817173810105,-0.003327271905721249,0.07214870888042807
198,SJCRH30,H3K9me3,MULE-MuDR,0.011657727656207725,0.5756349123179769,-0.02915858785383498,0.05243523193977798
199,SJCRH30,H3K9me3,PiggyBac,-0.009969615525310121,0.6485820497166005,-0.052804230359846306,0.032901618810715676
200,SJCRH30,H3K9me3,5S-Deu-L2,-0.0055407535370368115,0.8100674482523336,-0.050688858607045834,0.03962995153914217
201,SJCRH30,H3K9me3,Helitron,-0.009677393991419514,0.690702380710859,-0.05729254318656646,0.037981681021072404
202,SJCRH30,H3K9me3,hAT-Tag1,0.01973196328600213,0.41853301071670435,-0.028080969913224892,0.0674548138288888
203,SJCRH30,H3K9me3,tRNA,0.02007650636449301,0.43640048302035406,-0.03048878775880976,0.07053930209244111
204,SJCRH30,H3K9me3,Penelope,-0.02668902774823808,0.49565289376059785,-0.10315781697223261,0.05009339192255608
205,SJCRH30,H3K9me3,TcMar-Tc1,-0.056110973567066076,0.15207698677879697,-0.13232600334345374,0.02076364138260688
206,SJCRH30,H3K9me3,Dong-R4,-0.009028750247148118,0.8522520302629255,-0.10372870280412676,0.08583343408558876
207,SJCRH30,H3K9me3,tRNA-Deu,-0.01836891875073869,0.7080618038282328,-0.11409101434440003,0.07769109770661731
208,SJCRH30,H3K9me3,Kolobok,0.09106767470529979,0.08709500466672297,-0.01351030732806684,0.19367491698155487
209,SJCRH30,H3K9me3,PIF-Harbinger,0.06510185883430025,0.22508121110613039,-0.04026405594515861,0.16903583100089864
210,SJCRH30,H3K9me3,Crypton,-0.019953267743720332,0.7382184191780664,-0.13624527962340882,0.09688116665548549
211,SJCRH30,H3K9me3,Merlin,0.043994325538807576,0.5250592789739695,-0.09168385142798739,0.17806879873499423
212,SJCRH30,H3K9me3,TcMar,0.06656689558258819,0.34536250497799714,-0.0719537820128362,0.20256830149281949
213,SJCRH30,H3K9me3,L1-Tx1,0.08721240245566839,0.31088145388509775,-0.0820175644676436,0.25155416530997676
214,SJCRH30,H3K9me3,Crypton-A,-0.024750671616279533,0.7790077491070093,-0.1954719394524626,0.14742654610061032
215,SJCRH30,H3K9me3,I-Jockey,0.06454452784728014,0.5049052942869756,-0.12527079120166945,0.2498014905693599
216,SJCRH30,H3K9me3,hAT-Tip100?,0.23732517482517482,0.056969589590050426,-0.010458167953322082,0.4576494940734539
217,SJCRH30,H3K9me3,TcMar-Pogo,0.14479472140762462,0.42913384618079997,-0.21655551006208792,0.4712518763491389
218,SJCRH30,H3K9me3,hAT?,-0.16210847975553858,0.35968295116237003,-0.47605934755082957,0.1884925726424843
219,SJCRH30,H3K9me3,hAT-hAT19,-0.17941176470588235,0.5061395399904385,-0.622654032375277,0.35099518391573875
220,SJCRH30,H3K36me3,Alu,0.0010288916273480284,0.2801443214097075,-0.0008383309955720898,0.002896107075784979
221,SJCRH30,H3K36me3,L1,0.0022871654900102124,0.09691225841200722,-0.0004132801286565605,0.004987577751033393
222,SJCRH30,H3K36me3,MIR,2.179225173264702e-06,0.9987503164141183,-0.002724845983424613,0.0027292044013588015
223,SJCRH30,H3K36me3,L2,0.00046472906801740214,0.7813637245439247,-0.0028171161515664752,0.003746564276893321
224,SJCRH30,H3K36me3,ERVL-MaLR,0.001057520299879469,0.5980283784769078,-0.0028737230453277337,0.004988730958058429
225,SJCRH30,H3K36me3,hAT-Charlie,-0.003034084637822032,0.15477827294104265,-0.007213405171251279,0.0011453418902854645
226,SJCRH30,H3K36me3,ERV1,-0.00018711391136224967,0.9513620687564506,-0.006199476879458068,0.005825262584542095
227,SJCRH30,H3K36me3,ERVL,-0.007696575879636025,0.013780037240905216,-0.013820825919267567,-0.001571748409063239
228,SJCRH30,H3K36me3,TcMar-Tigger,-0.005975207106481046,0.060144244956724234,-0.012205035080557838,0.0002550847233075673
229,SJCRH30,H3K36me3,hAT-Tip100,-0.001757836986522936,0.6851695219591728,-0.01025564632009913,0.006740226231955758
230,SJCRH30,H3K36me3,CR1,-0.0008142622952486635,0.8630507222092195,-0.010066142064867079,0.008437756873836669
231,SJCRH30,H3K36me3,Gypsy,-0.007488859102491295,0.3484027794569242,-0.023138773511523544,0.00816472471250298
232,SJCRH30,H3K36me3,hAT-Blackjack,0.001036811325264409,0.8988149446090579,-0.014943292994557697,0.01701638613404046
233,SJCRH30,H3K36me3,TcMar-Mariner,0.0025100571615514354,0.760165020695277,-0.013605373688573332,0.018624184349540416
234,SJCRH30,H3K36me3,RTE-X,0.019244154215163598,0.061638337563197525,-0.0009397115036601279,0.03941234661352546
235,SJCRH30,H3K36me3,ERVK,0.024977369958282356,0.033664385872101486,0.0019269491217730136,0.04800126274386051
236,SJCRH30,H3K36me3,TcMar-Tc2,0.02761831224691552,0.025696730938971284,0.0033495116086067556,0.051854598696994145
237,SJCRH30,H3K36me3,SVA,0.002440931838535392,0.8646108900460631,-0.025613179792391985,0.030491201784025486
238,SJCRH30,H3K36me3,RTE-BovB,-0.013718573653237563,0.35277631970522516,-0.04263394984578248,0.015219765249350134
239,SJCRH30,H3K36me3,tRNA-RTE,-0.04179700551065289,0.009255323380169917,-0.07319771939462591,-0.010313505595494531
240,SJCRH30,H3K36me3,hAT-Ac,0.002833485702348347,0.8759242655977102,-0.0327259803188326,0.03838578736253017
241,SJCRH30,H3K36me3,hAT,0.011996529151122377,0.533755980443329,-0.025788106111074408,0.049746936140216726
242,SJCRH30,H3K36me3,MULE-MuDR,0.0187634562786096,0.3675785584151189,-0.02205808036662124,0.05952253185129083
243,SJCRH30,H3K36me3,PiggyBac,-0.014504490738581718,0.5076032890592063,-0.057357943032529383,0.028402311727236108
244,SJCRH30,H3K36me3,5S-Deu-L2,-0.0009401981760735413,0.9674780985390504,-0.04611068514038531,0.04423412582728636
245,SJCRH30,H3K36me3,Helitron,-0.012808789860911744,0.5985352537225921,-0.06042838437537794,0.03486897624517726
246,SJCRH30,H3K36me3,hAT-Tag1,-0.006562859443700312,0.787837220493732,-0.05431396444537752,0.041218194463476104
247,SJCRH30,H3K36me3,tRNA,0.01810322258457145,0.48281864528466145,-0.03245988390359393,0.06857390158773372
248,SJCRH30,H3K36me3,Penelope,0.0458693925451894,0.24179552795210538,-0.03100499472216208,0.12220430326150888
249,SJCRH30,H3K36me3,TcMar-Tc1,0.035564801390859706,0.36384593008797605,-0.04123812405704759,0.1119499094497345
250,SJCRH30,H3K36me3,Dong-R4,-0.029802168977071372,0.5386303023769174,-0.12425880270187727,0.06518974704226989
251,SJCRH30,H3K36me3,tRNA-Deu,-0.07490999071261092,0.126239358920361,-0.1697374468089422,0.02129192334672644
252,SJCRH30,H3K36me3,Kolobok,0.0041665038326961995,0.9378247240759108,-0.10026042325502592,0.10850263704444525
253,SJCRH30,H3K36me3,PIF-Harbinger,0.07015332020890172,0.19104913720667271,-0.03521456471028641,0.17397867881880988
254,SJCRH30,H3K36me3,Crypton,0.006183228406592224,0.9175196340924493,-0.11049505669407603,0.1226933949130363
255,SJCRH30,H3K36me3,Merlin,-0.02936425459501729,0.6714942726651614,-0.16381173147592654,0.10615418577151751
256,SJCRH30,H3K36me3,TcMar,0.012580050875720733,0.8586143161373412,-0.1253523283230345,0.15003533077054768
257,SJCRH30,H3K36me3,L1-Tx1,-0.028296834403912847,0.7427324855297446,-0.19511907708355292,0.14011668843668956
258,SJCRH30,H3K36me3,Crypton-A,-0.07342992848435954,0.4045543230916019,-0.24212825635425414,0.0995779073160395
259,SJCRH30,H3K36me3,I-Jockey,-0.035668612732832915,0.7127127664075437,-0.22233653967387593,0.15352185414363112
260,SJCRH30,H3K36me3,hAT-Tip100?,0.26346153846153847,0.033963848725313106,0.01662471622898893,0.4800296318562339
261,SJCRH30,H3K36me3,TcMar-Pogo,0.1946480938416422,0.2857279583286563,-0.1685982785123852,0.5113464141592974
262,SJCRH30,H3K36me3,hAT?,-0.11688311688311688,0.5103392404262999,-0.43871625132492964,0.23152512581866744
263,SJCRH30,H3K36me3,hAT-hAT19,-0.27941176470588236,0.29461765356841446,-0.6864168056824974,0.2608875047387211
264,SJCRH30,H3K27me3,Alu,9.185066601941353e-06,0.9923043028623295,-0.0018572606446627634,0.0018756307138720926
265,SJCRH30,H3K27me3,L1,-0.0009776694106989742,0.47792301287704153,-0.003677866663095764,0.0017225420982895532
266,SJCRH30,H3K27me3,MIR,-0.0016907444619338565,0.22420244075155607,-0.004417165434270561,0.0010357016465692215
267,SJCRH30,H3K27me3,L2,0.0021621294205522324,0.19659067519006473,-0.0011195390905124386,0.005443751362610814
268,SJCRH30,H3K27me3,ERVL-MaLR,3.089128313809754e-05,0.9877092128159286,-0.003899406694196865,0.003961188306103027
269,SJCRH30,H3K27me3,hAT-Charlie,-0.001161057565246908,0.5860176385042717,-0.005339428604687395,0.003017354015949343
270,SJCRH30,H3K27me3,ERV1,-0.0008477798856909952,0.7822246152802177,-0.006858871591640693,0.00516337308696735
271,SJCRH30,H3K27me3,ERVL,0.0006559066638854946,0.8337090180447284,-0.005467282671904086,0.006779046815644665
272,SJCRH30,H3K27me3,TcMar-Tigger,0.0052402790937932115,0.09916694453839114,-0.0009886067051877423,0.011468758272784334
273,SJCRH30,H3K27me3,hAT-Tip100,-0.00048282842079238936,0.9113248494158206,-0.008979949393518375,0.008014362273974158
274,SJCRH30,H3K27me3,CR1,-0.0005338438145108037,0.9099602987367987,-0.00978575021047259,0.008718153974062011
275,SJCRH30,H3K27me3,Gypsy,-0.0019161115499591306,0.810377419239541,-0.017566509247297538,0.013735224852491353
276,SJCRH30,H3K27me3,hAT-Blackjack,-0.01935159002574697,0.017575478277188937,-0.03531618048812541,-0.0033771255569096026
277,SJCRH30,H3K27me3,TcMar-Mariner,0.0008878699479332661,0.913983090031068,-0.015221761903312779,0.016997040971557627
278,SJCRH30,H3K27me3,RTE-X,-0.0016106751729273333,0.8757197807147682,-0.021792682622574663,0.018572644464675388
279,SJCRH30,H3K27me3,ERVK,-0.006222871112259405,0.5964980997486976,-0.029252509487965258,0.01681337018833788
280,SJCRH30,H3K27me3,TcMar-Tc2,-0.0037931719332277647,0.7593239204838438,-0.02805337910873112,0.02047150112919611
281,SJCRH30,H3K27me3,SVA,-0.01942447281698529,0.17469482846901893,-0.0474478365435643,0.008629444123574572
282,SJCRH30,H3K27me3,RTE-BovB,0.006363536700514215,0.6664243150248311,-0.02256869686515357,0.035285120252479936
283,SJCRH30,H3K27me3,tRNA-RTE,0.04577848983060416,0.004363259218763397,0.014299290861352405,0.07716703262776574
284,SJCRH30,H3K27me3,hAT-Ac,-0.004339781213045539,0.8109951894914099,-0.03988989085982693,0.03122130134654974
285,SJCRH30,H3K27me3,hAT,0.026383802522997914,0.17099263535737885,-0.011398701764386778,0.06409107774015536
286,SJCRH30,H3K27me3,MULE-MuDR,-0.03831529344517714,0.06570829261662903,-0.07900775137543206,0.002504639891579619
287,SJCRH30,H3K27me3,PiggyBac,-0.021995176337914733,0.314750687004177,-0.06480560624153832,0.020896067421836036
288,SJCRH30,H3K27me3,5S-Deu-L2,0.013907632684243713,0.5462089769094589,-0.031262637763492494,0.05902121042698739
289,SJCRH30,H3K27me3,Helitron,-0.04400819518397532,0.0703316313954513,-0.09149378515285257,0.003677082630734539
290,SJCRH30,H3K27me3,hAT-Tag1,0.02633254168290501,0.2801501744079623,-0.021470355172365375,0.07401531179172019
291,SJCRH30,H3K27me3,tRNA,-0.012957193595171118,0.6154782665521767,-0.06344704800955357,0.03759882010434912
292,SJCRH30,H3K27me3,Penelope,0.033671435044944326,0.3899597347296897,-0.04312787680935753,0.11007514708695033
293,SJCRH30,H3K27me3,TcMar-Tc1,-0.07276840336867539,0.0631100258932363,-0.14876287015442788,0.004080536723361203
294,SJCRH30,H3K27me3,Dong-R4,-0.034023554921883054,0.48266073721590397,-0.12842334124326166,0.060987253247252064
295,SJCRH30,H3K27me3,tRNA-Deu,-0.050691751924784326,0.301156437127837,-0.14595793850472122,0.04550594606732257
296,SJCRH30,H3K27me3,Kolobok,0.048565864854942374,0.3622599683772806,-0.05601401207639033,0.15209163820656504
297,SJCRH30,H3K27me3,PIF-Harbinger,0.09006359847475995,0.09297556642032637,-0.01527227927895307,0.19342232502678047
298,SJCRH30,H3K27me3,Crypton,0.10913290923202575,0.06676491348080182,-0.007909034653323738,0.22322509339568472
299,SJCRH30,H3K27me3,Merlin,0.034719991109476205,0.6160247025985904,-0.10086191790493489,0.16903581653627608
300,SJCRH30,H3K27me3,TcMar,-0.08694519813365759,0.2162586238388177,-0.2219169960470858,0.05129587307902151
301,SJCRH30,H3K27me3,L1-Tx1,0.024663470461401524,0.7748191528227492,-0.14367141679979906,0.19161127208158552
302,SJCRH30,H3K27me3,Crypton-A,-0.0043079460787959845,0.961051301107035,-0.1757043884553774,0.16734198216082244
303,SJCRH30,H3K27me3,I-Jockey,0.15560189046427578,0.10616795174598452,-0.03462724913862607,0.3349501604996959
304,SJCRH30,H3K27me3,hAT-Tip100?,0.062019230769230764,0.6235778045289848,-0.18490440081506482,0.3015773394064042
305,SJCRH30,H3K27me3,TcMar-Pogo,-0.00659824046920821,0.9714094739442114,-0.354480106109854,0.34288812275702407
306,SJCRH30,H3K27me3,hAT?,0.10832696715049654,0.5419798602848378,-0.23955071606481754,0.4315540574844649
307,SJCRH30,H3K27me3,hAT-hAT19,-0.3764705882352941,0.1506481152876309,-0.7435929814089205,0.16506245786450227
308,SJCRH30,H3K4me3,Alu,-0.0003140519697187845,0.741707889882049,-0.002181599263637036,0.0015534975148610239
309,SJCRH30,H3K4me3,L1,-0.003761802136160139,0.006329126311792312,-0.006462259910410427,-0.0010612894943437285
310,SJCRH30,H3K4me3,MIR,-0.001470716409545237,0.2905269211807088,-0.004197889910376977,0.0012564789683432653
311,SJCRH30,H3K4me3,L2,0.0022693899343940315,0.175327514957101,-0.0010125315912923101,0.005551262573318449
312,SJCRH30,H3K4me3,ERVL-MaLR,-0.003715563091489257,0.0639863218434272,-0.007647043243279318,0.00021603192471308935
313,SJCRH30,H3K4me3,hAT-Charlie,-0.000836106679888699,0.6949923924058075,-0.0050155777902427135,0.0033433936408773413
314,SJCRH30,H3K4me3,ERV1,-0.0008599002332932697,0.7792176331538991,-0.006871726580917457,0.005151988272144369
315,SJCRH30,H3K4me3,ERVL,-0.003214833662839436,0.30358681102816804,-0.009339356840137078,0.002909930701882088
316,SJCRH30,H3K4me3,TcMar-Tigger,0.0035399327457629904,0.26546741831608434,-0.002690687631668107,0.00977027828703291
317,SJCRH30,H3K4me3,hAT-Tip100,-0.002861434305194747,0.5092989942656733,-0.011359371080100699,0.005636915769747907
318,SJCRH30,H3K4me3,CR1,0.00790740387678296,0.09392942396321657,-0.001345308687044626,0.017158762605835463
319,SJCRH30,H3K4me3,Gypsy,0.0004497383491766253,0.9550906670851678,-0.015201778597561444,0.016101034954180873
320,SJCRH30,H3K4me3,hAT-Blackjack,-0.004307180918155853,0.5973370061248995,-0.02028624229485923,0.011674080310641889
321,SJCRH30,H3K4me3,TcMar-Mariner,0.005591923395703653,0.4965742141652615,-0.01052836606882441,0.021709307017082416
322,SJCRH30,H3K4me3,RTE-X,0.010145819405677815,0.3245311832794866,-0.010039458465456256,0.0303228320756155
323,SJCRH30,H3K4me3,ERVK,0.007059497542262835,0.548034428736476,-0.015973814289092232,0.030085320836513607
324,SJCRH30,H3K4me3,TcMar-Tc2,0.011741694942767911,0.3431169403985477,-0.012534716111765,0.03600427217855532
325,SJCRH30,H3K4me3,SVA,0.001850289009273706,0.8972234238736047,-0.02622066852456078,0.029918330859507083
326,SJCRH30,H3K4me3,RTE-BovB,-0.004004890041616854,0.7862163913686915,-0.03293527947019758,0.024932204973445928
327,SJCRH30,H3K4me3,tRNA-RTE,0.010738292271278106,0.5039696160401315,-0.020757035281540607,0.042212327951446735
328,SJCRH30,H3K4me3,hAT-Ac,-0.001958034268215687,0.9141059863802583,-0.037523260138147545,0.033612145688185276
329,SJCRH30,H3K4me3,hAT,-0.005504094872738078,0.7752613109340944,-0.04326697732391409,0.03227449264990485
330,SJCRH30,H3K4me3,MULE-MuDR,-0.03866710523636618,0.06332298184143134,-0.07936695648883911,0.0021614459329008513
331,SJCRH30,H3K4me3,PiggyBac,-0.019988075447133376,0.36106912833068683,-0.06281513087400611,0.022912457658093553
332,SJCRH30,H3K4me3,5S-Deu-L2,0.018295544984308163,0.4272713188055076,-0.026878891338760338,0.06339540709125382
333,SJCRH30,H3K4me3,Helitron,-0.002176840320868032,0.9287247328729951,-0.04984034682994015,0.04549655902253892
334,SJCRH30,H3K4me3,hAT-Tag1,0.021995890489488454,0.36701714904853955,-0.025804612667833196,0.06969603982371121
335,SJCRH30,H3K4me3,tRNA,-0.011770982343380232,0.6481859449324199,-0.06226497330911722,0.03878311200498226
336,SJCRH30,H3K4me3,Penelope,-0.008104104024387113,0.8362458759346266,-0.08477766942750695,0.06866487160615564
337,SJCRH30,H3K4me3,TcMar-Tc1,-0.050365158295750174,0.19866147039147664,-0.12664891845759496,0.026510825905502838
338,SJCRH30,H3K4me3,Dong-R4,0.04091945720975013,0.3984312269605269,-0.054116765986202076,0.1352210047629397
339,SJCRH30,H3K4me3,tRNA-Deu,-0.0850129658558828,0.08255794493633355,-0.17963276794184063,0.01116540054010414
340,SJCRH30,H3K4me3,Kolobok,-0.013664277457407403,0.798082239087357,-0.11788383956607505,0.09085302328598417
341,SJCRH30,H3K4me3,PIF-Harbinger,0.041482310604678975,0.4398148642091859,-0.06382064548534672,0.14587170507476427
342,SJCRH30,H3K4me3,Crypton,-0.0382350492452339,0.5217822476538587,-0.15418715431485874,0.07875591812648607
343,SJCRH30,H3K4me3,Merlin,-0.09319556390598356,0.1774529515434753,-0.22570627545669944,0.04270104145806043
344,SJCRH30,H3K4me3,TcMar,0.08096592182867368,0.2508242644353189,-0.057609922618619774,0.21648076822418477
345,SJCRH30,H3K4me3,L1-Tx1,-0.09894091059636326,0.25002544693949447,-0.26268909653691686,0.07034690173555731
346,SJCRH30,H3K4me3,Crypton-A,-0.012982558690993599,0.882994489113653,-0.18410514864229865,0.158903888987561
347,SJCRH30,H3K4me3,I-Jockey,0.0366323788342137,0.7053035732471906,-0.15258267018842694,0.22325681518323778
348,SJCRH30,H3K4me3,hAT-Tip100?,0.04073426573426574,0.7473226344254404,-0.20530243715644222,0.28192837858578795
349,SJCRH30,H3K4me3,TcMar-Pogo,0.14626099706744866,0.42442464481582676,-0.2151641366149258,0.47244638693026164
350,SJCRH30,H3K4me3,hAT?,0.16455309396485868,0.35238522798012684,-0.1861364442775943,0.4780532877264857
351,SJCRH30,H3K4me3,hAT-hAT19,-0.3911764705882353,0.1340712861972552,-0.7518496897061803,0.14968657863417156
352,BE2C,H3K4me1,Alu,-0.0009361859874250835,0.3262343388535832,-0.0028052239210498756,0.0009328584869905888
353,BE2C,H3K4me1,L1,0.001805333190785032,0.1906169505472575,-0.0008982968826354476,0.004508936871793918
354,BE2C,H3K4me1,MIR,-0.0014915251756599842,0.2839863014742449,-0.004220006169680355,0.0012369780262326503
355,BE2C,H3K4me1,L2,-0.0010860844492187134,0.5167407556020764,-0.0043691580916190974,0.0021970126062562994
356,BE2C,H3K4me1,ERVL-MaLR,0.0013968307044856837,0.4866607341902466,-0.0025387958309984167,0.005332413968903106
357,BE2C,H3K4me1,hAT-Charlie,0.001716586400379037,0.4211070993792999,-0.0024654427566474873,0.005898555514068638
358,BE2C,H3K4me1,ERV1,0.00017969573256028357,0.9534072227457546,-0.005848071841959953,0.006207450248985387
359,BE2C,H3K4me1,ERVL,0.0010769548806763563,0.7306042969107558,-0.005053311213007723,0.007207140031056752
360,BE2C,H3K4me1,TcMar-Tigger,0.0001316058192544891,0.9669990998474263,-0.006103005778131823,0.006366207185520538
361,BE2C,H3K4me1,hAT-Tip100,0.0065211048376912495,0.13276068962656462,-0.001981047972903287,0.015022314935706138
362,BE2C,H3K4me1,CR1,0.0004013641875328135,0.9322623753232471,-0.008853407556232934,0.00965606717747073
363,BE2C,H3K4me1,Gypsy,0.0058791248559497845,0.46195141951542684,-0.009784811177669932,0.02154017633002487
364,BE2C,H3K4me1,hAT-Blackjack,-0.00302525742780506,0.7109369943135748,-0.01902284744915683,0.012973881222844144
365,BE2C,H3K4me1,TcMar-Mariner,-0.0002823517782886366,0.9726312616497791,-0.016411313261004062,0.015846756609678884
366,BE2C,H3K4me1,RTE-X,0.002202309900190009,0.8307736466338508,-0.017994070793423238,0.022396894127821365
367,BE2C,H3K4me1,ERVK,-0.006067361248288417,0.6067790969889018,-0.029165795760638116,0.01703754964941262
368,BE2C,H3K4me1,TcMar-Tc2,0.01631848186985878,0.1877741429266747,-0.007965740624654745,0.0405834677048065
369,BE2C,H3K4me1,SVA,0.01338686178098387,0.3499528741458068,-0.01468660689294065,0.04143924162917618
370,BE2C,H3K4me1,RTE-BovB,-0.006611415421961261,0.6543656676795501,-0.035542174919366065,0.02233041615691665
371,BE2C,H3K4me1,tRNA-RTE,-0.000692452509309311,0.9656379291429765,-0.0321872860183778,0.030803754781609065
372,BE2C,H3K4me1,hAT-Ac,-0.039903287144196234,0.027903692702636134,-0.07538404552906497,-0.004321615093708992
373,BE2C,H3K4me1,hAT,-0.05294898530590863,0.0060262498252976315,-0.09059367785860367,-0.01515319635802843
374,BE2C,H3K4me1,MULE-MuDR,0.011049724584080085,0.596271738550056,-0.02982807728302076,0.05189062721772
375,BE2C,H3K4me1,PiggyBac,-0.0356280390414404,0.10395165502177275,-0.07845988832842044,0.007335101678327234
376,BE2C,H3K4me1,5S-Deu-L2,0.013521026346758839,0.5578415090334528,-0.03169685707504838,0.058683675488527806
377,BE2C,H3K4me1,Helitron,-0.016464909903065622,0.4997991510926981,-0.06421362423648147,0.03135902109265731
378,BE2C,H3K4me1,hAT-Tag1,0.020531451273770752,0.40034716906389944,-0.027324879869319276,0.06829388392977609
379,BE2C,H3K4me1,tRNA,0.0167628713677772,0.5160946921866266,-0.033832248387327804,0.06727229099581934
380,BE2C,H3K4me1,Penelope,0.054533695660137556,0.16459835712825763,-0.02246024976218558,0.13088456997386072
381,BE2C,H3K4me1,TcMar-Tc1,0.03668012235625913,0.34972729139843517,-0.04024285832106323,0.11317087738928905
382,BE2C,H3K4me1,Dong-R4,-0.03450882183647943,0.4764348713975408,-0.1289019131562574,0.060503995925467714
383,BE2C,H3K4me1,tRNA-Deu,-0.03435407527962145,0.4836311938509583,-0.12986922643151458,0.061792801602023724
384,BE2C,H3K4me1,Kolobok,0.03919960061178506,0.46157537608169885,-0.0651942562739612,0.1427446993011028
385,BE2C,H3K4me1,PIF-Harbinger,0.024951153421528906,0.6422708804488044,-0.0802554061609932,0.12960791747728195
386,BE2C,H3K4me1,Crypton,0.10350560751352886,0.08217580598552406,-0.013565081806782838,0.2177769465544656
387,BE2C,H3K4me1,Merlin,-0.08245854174640642,0.23298826527031924,-0.21535119217708637,0.05343272703299875
388,BE2C,H3K4me1,TcMar,-0.037778537190227314,0.594412354182256,-0.1753051136524198,0.10119418347397152
389,BE2C,H3K4me1,L1-Tx1,-0.0004223756413580921,0.996091592384386,-0.16812596088911,0.1673049711780022
390,BE2C,H3K4me1,Crypton-A,0.08849439420228059,0.314833875255361,-0.08464727716973561,0.2564486292316084
391,BE2C,H3K4me1,I-Jockey,-0.0557038272634603,0.5650835365647799,-0.24141646623824986,0.13394481918489468
392,BE2C,H3K4me1,hAT-Tip100?,0.05323540706605223,0.678599060181001,-0.19730198075533337,0.2972453504206657
393,BE2C,H3K4me1,TcMar-Pogo,0.1598240469208211,0.38224521618110574,-0.20223989785523405,0.48345176448878724
394,BE2C,H3K4me1,hAT?,-0.04812834224598931,0.7902624305760928,-0.3852512167251919,0.30032831880497973
395,BE2C,H3K4me1,hAT-hAT19,-0.2764705882352941,0.2999421284923735,-0.684611693761416,0.26365264480027495
396,BE2C,H3K9me3,Alu,1.4570307587941927e-05,0.9878055468585587,-0.0018538614483395556,0.0018830019617844724
397,BE2C,H3K9me3,L1,-0.0001350658751762304,0.921988856317103,-0.0028382922983642028,0.0025681625219829123
398,BE2C,H3K9me3,MIR,-0.0015690521290027276,0.2596533002774775,-0.004297257139712587,0.0011591762391965092
399,BE2C,H3K9me3,L2,0.00026106034521151565,0.8761467160849223,-0.003021896988941369,0.00354401205205666
400,BE2C,H3K9me3,ERVL-MaLR,-0.003917749368826271,0.05101664991686787,-0.007852706710333167,1.732930227866563e-05
401,BE2C,H3K9me3,hAT-Charlie,-0.00010324619073771912,0.9614050482530404,-0.004285014754187185,0.004078525983686064
402,BE2C,H3K9me3,ERV1,-0.00020848754010297597,0.9459323608761332,-0.00623399022354234,0.005817030282356968
403,BE2C,H3K9me3,ERVL,-0.006006718884438225,0.05478520013563773,-0.012136228454127845,0.00012324209029795612
404,BE2C,H3K9me3,TcMar-Tigger,0.004894032328151797,0.12389230921987986,-0.0013401793631090421,0.011127863616510731
405,BE2C,H3K9me3,hAT-Tip100,0.0009035753151660476,0.8349931066721734,-0.007598277411568122,0.009405297420242556
406,BE2C,H3K9me3,CR1,0.005864644496609039,0.21422356725141753,-0.003390048046947258,0.01511833250886682
407,BE2C,H3K9me3,Gypsy,0.005892479839467355,0.4609347892878872,-0.009771457623999457,0.021553526191069185
408,BE2C,H3K9me3,hAT-Blackjack,0.0021239067672714283,0.7947107560952864,-0.013873990938639407,0.018120717387633812
409,BE2C,H3K9me3,TcMar-Mariner,0.014193372750175761,0.08452655622706035,-0.0019341879129093698,0.030313551963772237
410,BE2C,H3K9me3,RTE-X,-0.02008354701524424,0.05123683757490462,-0.04026052340540839,0.00010980168838723982
411,BE2C,H3K9me3,ERVK,-0.006439104723207188,0.5849991449784855,-0.029542074866663645,0.016670741459749273
412,BE2C,H3K9me3,TcMar-Tc2,0.010216995960923455,0.40942072235724636,-0.014059126143712799,0.03448108041376634
413,BE2C,H3K9me3,SVA,-0.003704320892589702,0.7957792271653975,-0.03174768987796582,0.02434487576571991
414,BE2C,H3K9me3,RTE-BovB,-0.01869484314616289,0.20544339817538196,-0.04760570663341002,0.010247316831269065
415,BE2C,H3K9me3,tRNA-RTE,0.018700040825485244,0.24469017624279163,-0.012809856243394636,0.0501728350902653
416,BE2C,H3K9me3,hAT-Ac,-0.012708497927927194,0.4840137386926098,-0.048267631593356106,0.0228828085825428
417,BE2C,H3K9me3,hAT,-0.021491282362821277,0.26516745417819293,-0.05924017230783086,0.016318984756822103
418,BE2C,H3K9me3,MULE-MuDR,-0.007861171463525373,0.7062543060210774,-0.04870924228121916,0.03301315158579531
419,BE2C,H3K9me3,PiggyBac,-0.005209028176003098,0.8122368863086814,-0.04815747450263004,0.03775864409896914
420,BE2C,H3K9me3,5S-Deu-L2,0.0179635145991545,0.43619682743011357,-0.027258708840320153,0.06311236102356405
421,BE2C,H3K9me3,Helitron,0.03670689782030568,0.13191084104440548,-0.011067828226800322,0.08431442356590726
422,BE2C,H3K9me3,hAT-Tag1,-0.02884865154597008,0.23728160958255723,-0.0765773780150658,0.019011984222368907
423,BE2C,H3K9me3,tRNA,0.014927111869679864,0.5632233311028982,-0.035682373199191354,0.06546022908736147
424,BE2C,H3K9me3,Penelope,0.019446876829801975,0.6198678405636828,-0.05737098261042256,0.0960358222338132
425,BE2C,H3K9me3,TcMar-Tc1,-0.0028211823313391412,0.9426824424654333,-0.07958797420300778,0.07397887546087775
426,BE2C,H3K9me3,Dong-R4,0.0029950940287901745,0.9507365054871255,-0.09181798996986622,0.09775435919024925
427,BE2C,H3K9me3,tRNA-Deu,-0.05065905488300398,0.3014687407729126,-0.14592577752913907,0.04553857986800883
428,BE2C,H3K9me3,Kolobok,-0.021986876379111963,0.6797140538551362,-0.1257994892872356,0.08230204887976812
429,BE2C,H3K9me3,PIF-Harbinger,0.015130670993399441,0.7781993926145782,-0.0899983469310182,0.11992622175613406
430,BE2C,H3K9me3,Crypton,-0.02093381653072284,0.7258576343872749,-0.1372090519539578,0.09591048607078687
431,BE2C,H3K9me3,Merlin,-0.0347314882182729,0.6159077940938262,-0.16904702494476945,0.10085055084936397
432,BE2C,H3K9me3,TcMar,-0.05011646701483596,0.47985467378934077,-0.18729707296362225,0.08898155466340489
433,BE2C,H3K9me3,L1-Tx1,0.027004038241965983,0.7541019533984792,-0.141381877711638,0.19387132242154378
434,BE2C,H3K9me3,Crypton-A,-0.015859860966670223,0.8573127602178042,-0.18688749420552514,0.15610088525590854
435,BE2C,H3K9me3,I-Jockey,-0.0020480029654341586,0.9831377329515472,-0.19007669358436677,0.18612561330162442
436,BE2C,H3K9me3,hAT-Tip100?,0.021697388632872506,0.8659627258919251,-0.2273177593967007,0.2680492156122545
437,BE2C,H3K9me3,TcMar-Pogo,-0.005865102639296188,0.9745851155018977,-0.35383817280222857,0.34353419307344907
438,BE2C,H3K9me3,hAT?,0.08021390374331552,0.6572286971168086,-0.27107838008352136,0.4126497559534455
439,BE2C,H3K9me3,hAT-hAT19,-0.2058823529411765,0.4442846410521438,-0.6400119754516044,0.32788695574892646
440,BE2C,H3K36me3,Alu,0.0005806629220739677,0.5424815761530194,-0.0012879044939494628,0.002449226283284329
441,BE2C,H3K36me3,L1,0.0004491392478026496,0.7447215408712298,-0.002254412519930288,0.0031526844498600696
442,BE2C,H3K36me3,MIR,0.0011589643504585057,0.4050470267438182,-0.001569136394073789,0.00388704784381431
443,BE2C,H3K36me3,L2,0.0047612663256876705,0.004476709956862923,0.001478219420124074,0.008044210594496042
444,BE2C,H3K36me3,ERVL-MaLR,-0.0013641296624903442,0.4968589315930769,-0.0052991584211547265,0.002570941342304935
445,BE2C,H3K36me3,hAT-Charlie,0.0006113384012374505,0.7744669966846939,-0.0035703177880185774,0.004792973210564415
446,BE2C,H3K36me3,ERV1,-0.0025786455175556494,0.40169906819802437,-0.008605314009418651,0.003448210297966465
447,BE2C,H3K36me3,ERVL,-0.002853513393225494,0.36159036474577,-0.008983479746822252,0.0032766674196408074
448,BE2C,H3K36me3,TcMar-Tigger,0.0006014675097029009,0.8500214842869582,-0.005632813795887434,0.006835702062037631
449,BE2C,H3K36me3,hAT-Tip100,0.0010637352859126981,0.8062812608353614,-0.007438047023657188,0.009565363823873537
450,BE2C,H3K36me3,CR1,0.002911770756716111,0.5374537178818524,-0.006342745592931004,0.012165788365553067
451,BE2C,H3K36me3,Gypsy,0.004338452120256705,0.5872412763371616,-0.011325791060588305,0.020000566511268962
452,BE2C,H3K36me3,hAT-Blackjack,0.005199425552400484,0.5241091303911434,-0.010797923262673694,0.02119411351444572
453,BE2C,H3K36me3,TcMar-Mariner,0.0014129033882895724,0.8636975217267864,-0.01471756835658491,0.017542639912556595
454,BE2C,H3K36me3,RTE-X,0.010204437591292113,0.32200023883459006,-0.009991558888387977,0.030392112297689886
455,BE2C,H3K36me3,ERVK,-0.004983532557571581,0.6724655639001307,-0.028081148605505566,0.018119402274838197
456,BE2C,H3K36me3,TcMar-Tc2,0.0010814105572741375,0.930451634017939,-0.023200519414004535,0.025362065368480465
457,BE2C,H3K36me3,SVA,-0.012312414616846942,0.3896870859591801,-0.04034898495652552,0.015743528363627756
458,BE2C,H3K36me3,RTE-BovB,-0.035150998588076646,0.017252046312172815,-0.06402887841308154,-0.006214299592348322
459,BE2C,H3K36me3,tRNA-RTE,0.012374816864274052,0.44135434834616183,-0.01912937579153818,0.04385446054020996
460,BE2C,H3K36me3,hAT-Ac,0.013370127109399362,0.4616953429809727,-0.02223329706730282,0.04893968142891966
461,BE2C,H3K36me3,hAT,-0.008642080619719942,0.6540761857871584,-0.046413256885403605,0.029153772250734247
462,BE2C,H3K36me3,MULE-MuDR,-0.03830356374848624,0.06626161663222051,-0.07906667960385433,0.002587431888265183
463,BE2C,H3K36me3,PiggyBac,-0.014681974446806075,0.5029352014458324,-0.05758628881220983,0.02827647236108641
464,BE2C,H3K36me3,5S-Deu-L2,-0.008763801363857638,0.7040604383349529,-0.0539397521319349,0.03644795200116087
465,BE2C,H3K36me3,Helitron,-0.01816700438860108,0.456393919117965,-0.06589554661933714,0.029644478420199162
466,BE2C,H3K36me3,hAT-Tag1,-0.021441699392417194,0.37978365391782787,-0.06920068416346695,0.026415344922552545
467,BE2C,H3K36me3,tRNA,0.016179483371807402,0.5309442349828044,-0.03443173059591723,0.06670792390087141
468,BE2C,H3K36me3,Penelope,0.022459740158842775,0.5667084678772589,-0.05436862326194165,0.09902374095491957
469,BE2C,H3K36me3,TcMar-Tc1,0.07511296400548186,0.055427707133504645,-0.001848472948424227,0.15118983964666513
470,BE2C,H3K36me3,Dong-R4,-0.042062945340628405,0.3853700815847888,-0.1363475583482198,0.052976838156872666
471,BE2C,H3K36me3,tRNA-Deu,-0.09167626149588458,0.06111562525285657,-0.1861511564892849,0.00447836143821911
472,BE2C,H3K36me3,Kolobok,-0.030453962215767717,0.5673859359860511,-0.13414066983624615,0.07389233974057953
473,BE2C,H3K36me3,PIF-Harbinger,0.029131439552919233,0.587554759222643,-0.0761035477880539,0.13372459091282946
474,BE2C,H3K36me3,Crypton,0.0025850590996434933,0.9654663581588048,-0.114047027782541,0.11914685855181818
475,BE2C,H3K36me3,Merlin,-0.01944799825787063,0.7788278224231691,-0.15412428566685143,0.11593775795764788
476,BE2C,H3K36me3,TcMar,-0.05855455292913892,0.4089826224617793,-0.19548087776544318,0.08061101377299529
477,BE2C,H3K36me3,L1-Tx1,0.011089110760959411,0.8976667251822035,-0.15692329281338158,0.17847771149397113
478,BE2C,H3K36me3,Crypton-A,0.06024451731381918,0.49426398029121443,-0.1125980300097404,0.22954836175790408
479,BE2C,H3K36me3,I-Jockey,-0.13699379112223148,0.15546958915474196,-0.31773001139274354,0.053348350202532036
480,BE2C,H3K36me3,hAT-Tip100?,0.08376536098310292,0.5139486708202455,-0.16790647555979601,0.3251862966395594
481,BE2C,H3K36me3,TcMar-Pogo,0.1440615835777126,0.4314992102837436,-0.21725077251812047,0.4706542741402838
482,BE2C,H3K36me3,hAT?,0.046457219251336904,0.7973913857238787,-0.3018385074769192,0.38381195882937114
483,BE2C,H3K36me3,hAT-hAT19,-0.2088235294117647,0.43765851094980035,-0.6419192827135224,0.32528795202893174
484,BE2C,H3K27me3,Alu,0.0010334730068312613,0.27832049518503627,-0.0008349625077161212,0.0029019013055842937
485,BE2C,H3K27me3,L1,0.0005075058942985671,0.7129188518697567,-0.0021959124507061724,0.0032109168211377857
486,BE2C,H3K27me3,MIR,-0.00010462672960112483,0.9400783884639135,-0.002832583384402629,0.002623331482412694
487,BE2C,H3K27me3,L2,-0.002636326759216249,0.11550654450616261,-0.005919235921058419,0.000646639229988636
488,BE2C,H3K27me3,ERVL-MaLR,-0.0018966897185342879,0.34480141180448187,-0.005831602008882434,0.0020382813078241553
489,BE2C,H3K27me3,hAT-Charlie,-0.0010057345253126214,0.6373202465854693,-0.005186856114595255,0.0031754222283562022
490,BE2C,H3K27me3,ERV1,0.0024756943092458994,0.42064190896215803,-0.003549679011044812,0.008500887873021694
491,BE2C,H3K27me3,ERVL,0.0016379435064680261,0.600465409745344,-0.004491737043625954,0.0077675009738541485
492,BE2C,H3K27me3,TcMar-Tigger,-0.0021924271754715573,0.4906144907358968,-0.008425948474758086,0.004041264510646171
493,BE2C,H3K27me3,hAT-Tip100,0.0011811142640761202,0.7854060580137951,-0.007320834821385724,0.009682892603437673
494,BE2C,H3K27me3,CR1,-0.008093612820703772,0.08651251647410356,-0.017346997158202704,0.0011611578484284082
495,BE2C,H3K27me3,Gypsy,-0.00984540601996096,0.21796944174142063,-0.025504752069398336,0.005818770471956496
496,BE2C,H3K27me3,hAT-Blackjack,-0.003697430609816477,0.650558935747439,-0.019693195895308248,0.012300227007903444
497,BE2C,H3K27me3,TcMar-Mariner,0.012497836701664083,0.12883459933262786,-0.0036320149095936923,0.028621186741518506
498,BE2C,H3K27me3,RTE-X,-0.006445993444898293,0.5315446306568123,-0.02663400539979958,0.01374727430065095
499,BE2C,H3K27me3,ERVK,-0.004442240381544298,0.7063263590747442,-0.027543442657210135,0.0186637043023306
500,BE2C,H3K27me3,TcMar-Tc2,-0.002031074119568225,0.8697243590874816,-0.02629808373359899,0.022238327889524477
501,BE2C,H3K27me3,SVA,0.0030913300771986084,0.8290513854820554,-0.024966091943037363,0.03114388578797295
502,BE2C,H3K27me3,RTE-BovB,0.000660647740686658,0.9643133413166294,-0.028273985837471843,0.02959417515487167
503,BE2C,H3K27me3,tRNA-RTE,-0.021216045163683896,0.18681176050026876,-0.05267991329424152,0.01028990479981478
504,BE2C,H3K27me3,hAT-Ac,-0.041020236446175654,0.02385313154218537,-0.07650884951872294,-0.005427821300861642
505,BE2C,H3K27me3,hAT,0.014197792660548922,0.46160700238401065,-0.023602400136484594,0.051957447635686986
506,BE2C,H3K27me3,MULE-MuDR,-0.011879255789684615,0.5691555881813362,-0.052735946335645045,0.029017138249774813
507,BE2C,H3K27me3,PiggyBac,-0.02656224775994889,0.22570650214949595,-0.06944948518650813,0.016422994794265223
508,BE2C,H3K27me3,5S-Deu-L2,0.04050698331009068,0.07910660227416046,-0.004728666476298172,0.08557719196906198
509,BE2C,H3K27me3,Helitron,0.0008312928052945118,0.9728230841039371,-0.046966598411811104,0.048625385914666586
510,BE2C,H3K27me3,hAT-Tag1,-0.04441973502697662,0.06872693089846572,-0.09207206020489689,0.0034355817242545748
511,BE2C,H3K27me3,tRNA,-0.007618001009807337,0.7679946276990933,-0.05817604748238424,0.04297902273856745
512,BE2C,H3K27me3,Penelope,0.004313088429165402,0.9124050737553959,-0.0724362630125939,0.08101166036987667
513,BE2C,H3K27me3,TcMar-Tc1,0.028722815923779153,0.46407063356008327,-0.04818312423094925,0.10529020890103978
514,BE2C,H3K27me3,Dong-R4,-0.04716157693155557,0.33036715426084307,-0.14136845042085125,0.047891813307386004
515,BE2C,H3K27me3,tRNA-Deu,-0.044769972614203284,0.3612209063346348,-0.14013077327080928,0.05141375190384421
516,BE2C,H3K27me3,Kolobok,-0.06659940903152906,0.2106450717627449,-0.1696248221422624,0.03786595485765503
517,BE2C,H3K27me3,PIF-Harbinger,-0.04647039581528145,0.3867689236578743,-0.1507708053248841,0.05885320526203216
518,BE2C,H3K27me3,Crypton,0.04220807197615552,0.47942836944505784,-0.07480921854837327,0.158078732172811
519,BE2C,H3K27me3,Merlin,-0.01588900435702804,0.8185234070200771,-0.15064267561830377,0.11944433813951089
520,BE2C,H3K27me3,TcMar,-0.013463254242076549,0.8495499198878348,-0.15158171665236705,0.12517088866502193
521,BE2C,H3K27me3,L1-Tx1,0.006662334011477089,0.9384111685793108,-0.16123514207300807,0.1741850153809049
522,BE2C,H3K27me3,Crypton-A,-0.018270068717074664,0.8359133046116909,-0.18921658195292462,0.1537513192681941
523,BE2C,H3K27me3,I-Jockey,0.05356315448058568,0.5801497635143278,-0.13604185287574536,0.2393829882741808
524,BE2C,H3K27me3,hAT-Tip100?,0.1107430875576037,0.3875570307282368,-0.14164680681828576,0.3496140884705164
525,BE2C,H3K27me3,TcMar-Pogo,0.03372434017595308,0.854613270282663,-0.3188105373761245,0.3780622245923417
526,BE2C,H3K27me3,hAT?,0.08021390374331552,0.6572286971168086,-0.27107838008352136,0.4126497559534455
527,BE2C,H3K27me3,hAT-hAT19,-0.1176470588235294,0.6643410791623536,-0.5807994752518446,0.403045265536449
528,SJSA1,H3K27ac,Alu,-0.0009592604554408843,0.3130440894106014,-0.002822867829813943,0.0009043535820475001
529,SJSA1,H3K27ac,L1,0.001125455197956351,0.41315794211942236,-0.0015700361964574722,0.0038209302380678664
530,SJSA1,H3K27ac,MIR,-0.002795720397468686,0.04445840885756585,-0.005522157311856295,-6.924191838086735e-05
531,SJSA1,H3K27ac,L2,-0.00010029645463312275,0.9522151246075367,-0.003380660259635058,0.003180069508907763
532,SJSA1,H3K27ac,ERVL-MaLR,-0.0032419806302217834,0.10554694022973356,-0.007167763675672399,0.0006839023481589003
533,SJSA1,H3K27ac,hAT-Charlie,-0.001028915709846335,0.6291590446440427,-0.005204880300296921,0.0031470847668147875
534,SJSA1,H3K27ac,ERV1,0.005898709711067506,0.053450780631847876,-8.771802217837504e-05,0.011884714671601498
535,SJSA1,H3K27ac,ERVL,0.0020960959431733325,0.501942032644543,-0.004022532519617045,0.008214567463637041
536,SJSA1,H3K27ac,TcMar-Tigger,0.0033040743929321783,0.2981610738869447,-0.0029204457840004945,0.009528338547179415
537,SJSA1,H3K27ac,hAT-Tip100,0.006902976181681567,0.11133158017585669,-0.001594375877121886,0.015399331451244202
538,SJSA1,H3K27ac,CR1,-0.008040625060321502,0.08828812128931303,-0.017285162065956355,0.001205286565726475
539,SJSA1,H3K27ac,Gypsy,-0.004532491335533121,0.5702166121113237,-0.020177561884089312,0.011114798393127723
540,SJSA1,H3K27ac,hAT-Blackjack,-0.010742105709135029,0.1872932462442797,-0.026704047312240152,0.0052253122281906905
541,SJSA1,H3K27ac,TcMar-Mariner,-0.000597723280044726,0.941991909186905,-0.01669610318075953,0.015500966436085969
542,SJSA1,H3K27ac,RTE-X,-0.01895750910645447,0.06552905493832001,-0.0391195742113599,0.0012199861305134934
543,SJSA1,H3K27ac,ERVK,0.001421646605200723,0.9027670926793612,-0.021383893673351476,0.024225708200696406
544,SJSA1,H3K27ac,TcMar-Tc2,-0.0015909721777211977,0.8977299042009037,-0.02584711655845472,0.022667044482757078
545,SJSA1,H3K27ac,SVA,-0.003402269763225909,0.8112773658159461,-0.03132044659874199,0.02452121176691272
546,SJSA1,H3K27ac,RTE-BovB,-0.002562607844627855,0.8621302705198737,-0.0314755143951081,0.026354583824635805
547,SJSA1,H3K27ac,tRNA-RTE,0.011465699841827093,0.4755765555674426,-0.020034034404688962,0.04294269422725186
548,SJSA1,H3K27ac,hAT-Ac,-0.012898434933841886,0.4768514838460385,-0.048404609044087034,0.022640296228076177
549,SJSA1,H3K27ac,hAT,-0.010328987010927855,0.5921800167581288,-0.0480898356785404,0.027461343626793082
550,SJSA1,H3K27ac,MULE-MuDR,-0.004591384068641519,0.8255506808042055,-0.045392998145056214,0.03622552327274791
551,SJSA1,H3K27ac,PiggyBac,0.028152807322596698,0.19739941287148793,-0.014668111406350414,0.07087064915415567
552,SJSA1,H3K27ac,5S-Deu-L2,0.02288763458557889,0.32049671416405096,-0.022277771098821505,0.06795980658036671
553,SJSA1,H3K27ac,Helitron,-0.005149188875733143,0.8322325911952156,-0.052748899711675526,0.04247386739199647
554,SJSA1,H3K27ac,hAT-Tag1,-0.022840862380262603,0.34875066631811,-0.07052358707782357,0.024946007400925112
555,SJSA1,H3K27ac,tRNA,-0.00510075168163453,0.843266400361283,-0.055616024254703536,0.045440567113996654
556,SJSA1,H3K27ac,Penelope,0.006002436419917015,0.8778619043716772,-0.07046334380311048,0.08239808581550462
557,SJSA1,H3K27ac,TcMar-Tc1,-0.02083450479847655,0.5951140773152845,-0.09741209015785167,0.05598832190472373
558,SJSA1,H3K27ac,Dong-R4,-0.009951377265343033,0.8373543886805357,-0.10464180899032682,0.08491786277654792
559,SJSA1,H3K27ac,tRNA-Deu,0.008242694203386802,0.8665671622908052,-0.08774337954773007,0.10407711236216359
560,SJSA1,H3K27ac,Kolobok,0.015222691887276374,0.7753248495869995,-0.08915993852978783,0.11927457198488509
561,SJSA1,H3K27ac,PIF-Harbinger,-0.024285915423918066,0.6511700322532715,-0.12895255290266125,0.08091586779464269
562,SJSA1,H3K27ac,Crypton,0.04649479619535951,0.4359071640992186,-0.0705478036112807,0.16227454887409593
563,SJSA1,H3K27ac,Merlin,0.004877274670933136,0.9437202855840777,-0.12995790986274533,0.13953534509436505
564,SJSA1,H3K27ac,TcMar,-0.026244601262479142,0.7101288961273982,-0.1633872380742051,0.11189310627603134
565,SJSA1,H3K27ac,L1-Tx1,-0.049114586318584334,0.5687127619496526,-0.2151559303729822,0.11968657964258815
566,SJSA1,H3K27ac,Crypton-A,-0.06599378364202646,0.45391079590899364,-0.23503885649209802,0.10692633306704519
567,SJSA1,H3K27ac,I-Jockey,0.12958947270873877,0.1792634048983307,-0.06076883756020775,0.310852105110064
568,SJSA1,H3K27ac,hAT-Tip100?,-0.011584249084249085,0.9276114011625278,-0.2566705446748262,0.23490185179258538
569,SJSA1,H3K27ac,TcMar-Pogo,0.09860703812316715,0.591319882378066,-0.2598162154176022,0.43315052253526565
570,SJSA1,H3K27ac,hAT?,0.13277310924369748,0.454123019377329,-0.21652402827915482,0.45193526893504254
571,SJSA1,H3K27ac,hAT-hAT19,-0.10882352941176471,0.688288293957414,-0.5746643593600581,0.4102793190048086
572,SJSA1,H3K9me3,Alu,0.002481573917874296,0.009023584282178638,0.0006188769794916941,0.004344253635974368
573,SJSA1,H3K9me3,L1,-0.0004938578554479977,0.7194930560470799,-0.0031890464555542138,0.0022013379194870714
574,SJSA1,H3K9me3,MIR,0.0010654948618644521,0.44362589123467444,-0.0016604859653937386,0.003791459853872812
575,SJSA1,H3K9me3,L2,-0.002229914640548435,0.18274030225576854,-0.005510169811816627,0.001050388519753474
576,SJSA1,H3K9me3,ERVL-MaLR,0.000689168923538492,0.7307451187703236,-0.0032358775849931805,0.00461419419751574
577,SJSA1,H3K9me3,hAT-Charlie,-8.328320712540534e-05,0.9688132933760334,-0.004258348448107846,0.004091784937306519
578,SJSA1,H3K9me3,ERV1,0.0023408068327201697,0.4433161282160958,-0.0036438944884701783,0.008325340477972072
579,SJSA1,H3K9me3,ERVL,0.0013171954235435656,0.6730134071070798,-0.00480022384099817,0.007434516103172601
580,SJSA1,H3K9me3,TcMar-Tigger,-0.0017532111085564574,0.5808728293575518,-0.007976881538437364,0.004470595142722235
581,SJSA1,H3K9me3,hAT-Tip100,0.0009919011439655124,0.8190030912890689,-0.007503884498322437,0.009487543600902981
582,SJSA1,H3K9me3,CR1,0.006205089365602779,0.18841602318738293,-0.0030415669136036683,0.015450684647332532
583,SJSA1,H3K9me3,Gypsy,-0.00196864021832432,0.8052273615011242,-0.017614533957797426,0.013678217406853325
584,SJSA1,H3K9me3,hAT-Blackjack,0.003844591791812443,0.6369360356811142,-0.012120153719249363,0.019807377748406556
585,SJSA1,H3K9me3,TcMar-Mariner,0.006314376729452775,0.4419538084948511,-0.009781516934564622,0.022406999098426368
586,SJSA1,H3K9me3,RTE-X,0.01581535057390975,0.1244540556207885,-0.004362519178491617,0.035980346995662556
587,SJSA1,H3K9me3,ERVK,-0.00749251659848647,0.5194373301404784,-0.030280161396235978,0.015302912673877548
588,SJSA1,H3K9me3,TcMar-Tc2,-0.017284382218320977,0.16244925300245672,-0.04151848806103908,0.006970048678540727
589,SJSA1,H3K9me3,SVA,-0.022909788079997485,0.10771405536936499,-0.050793539002301866,0.0050096520552347645
590,SJSA1,H3K9me3,RTE-BovB,-0.008395709461875834,0.5694183009238083,-0.03730549979232614,0.020528122539236325
591,SJSA1,H3K9me3,tRNA-RTE,0.007101866886142507,0.6585662565204263,-0.024395451999029916,0.03858510010673949
592,SJSA1,H3K9me3,hAT-Ac,0.005595567026105082,0.7576668558039921,-0.02994338191387255,0.041120386551906384
593,SJSA1,H3K9me3,hAT,-0.00036918605476446957,0.984721689794017,-0.038140247340323286,0.03740292866115448
594,SJSA1,H3K9me3,MULE-MuDR,0.016410982906067007,0.43087527607869625,-0.024426880462851783,0.05719416662745173
595,SJSA1,H3K9me3,PiggyBac,0.001898971106548429,0.930695315401861,-0.04087877512771146,0.044669768455157945
596,SJSA1,H3K9me3,5S-Deu-L2,-0.016983859768600708,0.46103663806015294,-0.06207600530864604,0.02817747832893787
597,SJSA1,H3K9me3,Helitron,0.00800478447285319,0.7419857397854445,-0.03963747165091342,0.055610727694283164
598,SJSA1,H3K9me3,hAT-Tag1,-0.0019270974778073852,0.9369957837267544,-0.04967600874549322,0.04583060284465465
599,SJSA1,H3K9me3,tRNA,-0.01501842349388548,0.5604465178970945,-0.06550083728118924,0.035540671990809264
600,SJSA1,H3K9me3,Penelope,0.010488116751519484,0.7881323522084632,-0.06594151260943013,0.08679539638429772
601,SJSA1,H3K9me3,TcMar-Tc1,0.0758805602388141,0.05242703675641241,-0.0009008387458885835,0.1517725121683372
602,SJSA1,H3K9me3,Dong-R4,0.09258419784665103,0.05563194479641189,-0.0024256256643873458,0.1859374746376114
603,SJSA1,H3K9me3,tRNA-Deu,0.023044513571957567,0.6384995479728265,-0.07304469808184778,0.11870983111591613
604,SJSA1,H3K9me3,Kolobok,0.05573358192794292,0.2956878819680224,-0.04886599816790145,0.1591239344894661
605,SJSA1,H3K9me3,PIF-Harbinger,-0.003852677942878817,0.942827908926559,-0.10878915486389092,0.10116871769303172
606,SJSA1,H3K9me3,Crypton,-0.082255177497586,0.16759854832118154,-0.1971539359759049,0.03487261616069208
607,SJSA1,H3K9me3,Merlin,-0.05457194909081921,0.42925272072130394,-0.18803625507491784,0.08087122577830899
608,SJSA1,H3K9me3,TcMar,0.025418458022800863,0.7181923992257979,-0.11236704997339057,0.16224493299000883
609,SJSA1,H3K9me3,L1-Tx1,-0.12068508864152734,0.1600867348430213,-0.28324506265767385,0.04861595535099553
610,SJSA1,H3K9me3,Crypton-A,-0.1341095109845751,0.12672380609442382,-0.29947016943627836,0.03907296631092574
611,SJSA1,H3K9me3,I-Jockey,0.026466499860995276,0.7847143978644466,-0.16247638641086568,0.21353712266652208
612,SJSA1,H3K9me3,hAT-Tip100?,0.11176739926739926,0.37925173575007587,-0.13859604881896204,0.34870301913094404
613,SJSA1,H3K9me3,TcMar-Pogo,0.1601906158357771,0.3811402599786654,-0.20188923060160985,0.4837481090164355
614,SJSA1,H3K9me3,hAT?,-0.10068754774637127,0.5709947261743773,-0.42513301747130106,0.24668610778728456
615,SJSA1,H3K9me3,hAT-hAT19,-0.25,0.3503914791072017,-0.668174158635457,0.288208840877694
616,SJSA1,H3K36me3,Alu,-0.0005382346454861966,0.5712201039864232,-0.002401206962873016,0.0013247414079744103
617,SJSA1,H3K36me3,L1,-0.0031754961022160393,0.020940257445756272,-0.005870861955290763,-0.0004800841079463493
618,SJSA1,H3K36me3,MIR,-0.0007723518452442832,0.5786800354297313,-0.003498333299929505,0.001953641088150459
619,SJSA1,H3K36me3,L2,0.001321208720380677,0.4298713759168449,-0.0019591109780203353,0.004601499985252717
620,SJSA1,H3K36me3,ERVL-MaLR,-0.0013928293373984527,0.4867402559528391,-0.005317855199239935,0.0025322394403739755
621,SJSA1,H3K36me3,hAT-Charlie,0.0008021217887986298,0.7065033663712874,-0.003372890586664484,0.004977106201297056
622,SJSA1,H3K36me3,ERV1,-0.005526339471952661,0.07031644677680018,-0.011510646544039225,0.00045836345618364917
623,SJSA1,H3K36me3,ERVL,-0.0012855106248146574,0.68044615830256,-0.00740298185546196,0.004832056824001114
624,SJSA1,H3K36me3,TcMar-Tigger,0.001487854268919275,0.6393860070306083,-0.0047357888293984235,0.007711382108815156
625,SJSA1,H3K36me3,hAT-Tip100,0.004021865221816477,0.35346373552064114,-0.004473483654227564,0.012516633604450437
626,SJSA1,H3K36me3,CR1,-0.007187232107319847,0.12759951454466578,-0.016431623623120874,0.0020583880593116025
627,SJSA1,H3K36me3,Gypsy,-0.003039550663687865,0.7033870015818603,-0.018684122388481935,0.012606509092377236
628,SJSA1,H3K36me3,hAT-Blackjack,0.011027379663855722,0.17574799080601172,-0.004936328736857352,0.026985468925070567
629,SJSA1,H3K36me3,TcMar-Mariner,-5.7404186310478135e-05,0.9944230158287104,-0.01615267113471421,0.016037892504131863
630,SJSA1,H3K36me3,RTE-X,-0.011389465079311413,0.2685669767810366,-0.03155808384569846,0.008788425007100906
631,SJSA1,H3K36me3,ERVK,-0.009452192527207377,0.4165079740954061,-0.032244416143078415,0.013349856753256614
632,SJSA1,H3K36me3,TcMar-Tc2,0.01446200429228461,0.24257348426664183,-0.009796111373551868,0.03870310782499063
633,SJSA1,H3K36me3,SVA,-0.0018943318189488284,0.8942025388913015,-0.029805356659715877,0.026019644809405038
634,SJSA1,H3K36me3,RTE-BovB,0.01574846839999171,0.28588515647203405,-0.013177663903395132,0.04464826401390339
635,SJSA1,H3K36me3,tRNA-RTE,-0.003988277014288885,0.8039137127644636,-0.0354591697096769,0.027490517905890122
636,SJSA1,H3K36me3,hAT-Ac,0.001661566103262826,0.9269879665532685,-0.033867337237376165,0.03718627512787087
637,SJSA1,H3K36me3,hAT,-0.004742111140476133,0.8057017155269075,-0.04250630149426041,0.033035610136427085
638,SJSA1,H3K36me3,MULE-MuDR,-0.01681573912859642,0.419897430213499,-0.057624378238822875,0.024049000856174313
639,SJSA1,H3K36me3,PiggyBac,0.0062051827224832105,0.7763162201619669,-0.03658952010923727,0.04897716856758754
640,SJSA1,H3K36me3,5S-Deu-L2,0.04946275885999908,0.031716586723644934,0.004308336520992046,0.09441588648653863
641,SJSA1,H3K36me3,Helitron,-0.02652652665038791,0.2751976373605543,-0.07406768338325921,0.02113492661523092
642,SJSA1,H3K36me3,hAT-Tag1,-0.009214903338492033,0.7054398073098581,-0.0569442955019681,0.038556514209062774
643,SJSA1,H3K36me3,tRNA,0.023058174787556462,0.371374313628166,-0.027509864911237896,0.0735085010638333
644,SJSA1,H3K36me3,Penelope,0.0025444408120413823,0.9480587453167622,-0.07390282175466306,0.0789619743914438
645,SJSA1,H3K36me3,TcMar-Tc1,0.055286158462948994,0.1578816919652034,-0.021529803581084448,0.131453195626472
646,SJSA1,H3K36me3,Dong-R4,0.005195899253512249,0.914646214423023,-0.08963568870675954,0.09993412294444362
647,SJSA1,H3K36me3,tRNA-Deu,-0.008052591302181446,0.8696167853041924,-0.10388897875625046,0.08793195430774545
648,SJSA1,H3K36me3,Kolobok,-0.031707832518007545,0.5520982793730225,-0.1355209740633764,0.07279397646200872
649,SJSA1,H3K36me3,PIF-Harbinger,-0.04947970498334067,0.3567343452142303,-0.15372456730922943,0.05585445242800253
650,SJSA1,H3K36me3,Crypton,-0.07139475255515136,0.23120591343683547,-0.1865842339375318,0.045731066539739365
651,SJSA1,H3K36me3,Merlin,-0.10425654779802161,0.13024158349695839,-0.23604182152985476,0.03129445729961559
652,SJSA1,H3K36me3,TcMar,0.0595427529161914,0.3987454349987263,-0.078935337387141,0.1957664223132565
653,SJSA1,H3K36me3,L1-Tx1,-0.023893393325223784,0.7816709919927372,-0.19086739634035935,0.14442441003661347
654,SJSA1,H3K36me3,Crypton-A,-0.11330645538473876,0.19754537309844197,-0.27991350853759894,0.05992610738102597
655,SJSA1,H3K36me3,I-Jockey,0.04258178111389121,0.6601971387443738,-0.14677934132181542,0.22893223276117872
656,SJSA1,H3K36me3,hAT-Tip100?,0.1542124542124542,0.22372668316521155,-0.09667965419195611,0.3866778556988407
657,SJSA1,H3K36me3,TcMar-Pogo,0.13086510263929618,0.4752821647106642,-0.2297174704265644,0.4598578710245501
658,SJSA1,H3K36me3,hAT?,0.0374331550802139,0.8335270790276674,-0.304700057458655,0.37101005563568723
659,SJSA1,H3K36me3,hAT-hAT19,0.5735294117647058,0.020191038046523092,0.0660726210882521,0.8452741027675245
660,SJSA1,H3K27me3,Alu,7.669895763517586e-05,0.9356933449498679,-0.0017864619072886008,0.0019398592900584245
661,SJSA1,H3K27me3,L1,0.0009387876536285728,0.4948185435313196,-0.0017565170984745792,0.003634078765828028
662,SJSA1,H3K27me3,MIR,0.0005865782062926568,0.673230753354024,-0.002139582621935701,0.003312730315702742
663,SJSA1,H3K27me3,L2,-0.0022662380950250758,0.17570739405266267,-0.005546437345524644,0.001014009924566381
664,SJSA1,H3K27me3,ERVL-MaLR,0.004858762503607097,0.015265478934755685,0.000933389244585651,0.00878398603178453
665,SJSA1,H3K27me3,hAT-Charlie,-0.0006178492859806318,0.7718030344569643,-0.00479330193447286,0.003557624906300117
666,SJSA1,H3K27me3,ERV1,-0.001621523234239514,0.595430572414444,-0.007606765106691215,0.0043638348168164205
667,SJSA1,H3K27me3,ERVL,-0.003957769951798452,0.20481252007702608,-0.010075285483485212,0.0021600418300101137
668,SJSA1,H3K27me3,TcMar-Tigger,-0.0027408709835322056,0.38807070444395264,-0.008964607951149062,0.0034830783276613812
669,SJSA1,H3K27me3,hAT-Tip100,0.009339914925853855,0.03117859899290771,0.0008443157697245976,0.0178341659577739
670,SJSA1,H3K27me3,CR1,-0.0032279728401773612,0.49376312579524373,-0.012472474458898816,0.006017080547572411
671,SJSA1,H3K27me3,Gypsy,-0.005768947195704591,0.4699045921491255,-0.021413067191674132,0.009877997170917915
672,SJSA1,H3K27me3,hAT-Blackjack,-0.0013302644262445046,0.870277551769888,-0.01729437642393761,0.014634525644867087
673,SJSA1,H3K27me3,TcMar-Mariner,-0.0093561473486324,0.25467152746100435,-0.02545066234397879,0.006743216641090974
674,SJSA1,H3K27me3,RTE-X,0.030371275289688433,0.0031691092749430833,0.010197658157202558,0.05052017922075728
675,SJSA1,H3K27me3,ERVK,-0.027940328596854188,0.016307670523277612,-0.05071266974918747,-0.00513894925898147
676,SJSA1,H3K27me3,TcMar-Tc2,-0.004993614551655229,0.6866162227324251,-0.029245492405249762,0.01926413889612202
677,SJSA1,H3K27me3,SVA,0.03461092972299946,0.015107616032674548,0.006687967185327906,0.06247996018000742
678,SJSA1,H3K27me3,RTE-BovB,0.013385406263241188,0.36433135599382016,-0.01553709332488492,0.042285525091687926
679,SJSA1,H3K27me3,tRNA-RTE,0.0015149971899260494,0.9248984385386132,-0.029977917102438197,0.03300490660264182
680,SJSA1,H3K27me3,hAT-Ac,0.005617370299449625,0.7566748772945594,-0.029909922478683224,0.041130487927410496
681,SJSA1,H3K27me3,hAT,0.003993929964482758,0.8358801454999185,-0.03378290878754778,0.04175937258218083
682,SJSA1,H3K27me3,MULE-MuDR,-0.012280909643426876,0.5555648558937132,-0.05307459424820803,0.02855369606494681
683,SJSA1,H3K27me3,PiggyBac,-0.03525366198921091,0.10629643077689614,-0.07792377925169439,0.007545378803745531
684,SJSA1,H3K27me3,5S-Deu-L2,0.03473299630190298,0.13159471507833284,-0.010433443331844181,0.07975799794382973
685,SJSA1,H3K27me3,Helitron,-0.0010908927112047626,0.9642140494468157,-0.04871475863109497,0.04653792208926405
686,SJSA1,H3K27me3,hAT-Tag1,-0.001360598533775515,0.9554936063530728,-0.049110868171094446,0.0463958764908068
687,SJSA1,H3K27me3,tRNA,0.002447973862567126,0.9244032003939431,-0.04808732873615809,0.0529707761255985
688,SJSA1,H3K27me3,Penelope,0.04318255114963737,0.268315145706678,-0.03333762171269952,0.11919941491358606
689,SJSA1,H3K27me3,TcMar-Tc1,0.06254610797116328,0.11003783509752091,-0.014263307907433425,0.1386216990540649
690,SJSA1,H3K27me3,Dong-R4,-0.03183445855032818,0.5112858364845199,-0.12626403634108216,0.06316686839889087
691,SJSA1,H3K27me3,tRNA-Deu,0.07542180621585612,0.12366315458357503,-0.020779274704044576,0.1702390916514221
692,SJSA1,H3K27me3,Kolobok,-0.01840775782466839,0.7299859656945138,-0.12241677216993076,0.08600118908468987
693,SJSA1,H3K27me3,PIF-Harbinger,-0.07092187970327708,0.186220838561892,-0.17473036665506742,0.0344459482474104
694,SJSA1,H3K27me3,Crypton,0.021735674596551836,0.7158017774328771,-0.0951165740525205,0.1379970682057257
695,SJSA1,H3K27me3,Merlin,0.010464887086064155,0.8796015494525766,-0.12446325480995683,0.1450130213440463
696,SJSA1,H3K27me3,TcMar,-0.020610511540785408,0.7703843131402611,-0.15788660947635486,0.11744713986898393
697,SJSA1,H3K27me3,L1-Tx1,-0.14424244830732813,0.0926364794660776,-0.3053861043655127,0.024932851823576265
698,SJSA1,H3K27me3,Crypton-A,-0.17075641288164378,0.05117472054146443,-0.3336606856174261,0.0020505227688563106
699,SJSA1,H3K27me3,I-Jockey,0.1566305254378649,0.1038489616239692,-0.033589319635188464,0.33589935297286583
700,SJSA1,H3K27me3,hAT-Tip100?,0.10728021978021977,0.3988005236027551,-0.1429874199419749,0.34465311404245175
701,SJSA1,H3K27me3,TcMar-Pogo,0.14809384164222872,0.4185786682699443,-0.2134233258104826,0.4739382243133909
702,SJSA1,H3K27me3,hAT?,-0.22077922077922077,0.2095685387585165,-0.5232167793492977,0.13105059883490056
703,SJSA1,H3K27me3,hAT-hAT19,-0.06176470588235294,0.8202418775044894,-0.5412754497566349,0.44806050764011357
704,SJSA1,H3K4me3,Alu,-0.0009588076944221909,0.31329223018538804,-0.0028224908957181407,0.0009048821673861234
705,SJSA1,H3K4me3,L1,-0.0008953119016560098,0.5150640129867345,-0.0035909246652098717,0.0018003138732312711
706,SJSA1,H3K4me3,MIR,0.00016435841949427295,0.905944651520549,-0.0025620214626314625,0.0028907358582214607
707,SJSA1,H3K4me3,L2,-0.0008862979222634431,0.5964435516603168,-0.004166807585328651,0.0023942308171497513
708,SJSA1,H3K4me3,ERVL-MaLR,0.0012959556545549921,0.5176255072097893,-0.0026298367039193564,0.005221708067231699
709,SJSA1,H3K4me3,hAT-Charlie,0.0019941364323456468,0.34929724385379346,-0.0021817579960335177,0.006169961313728315
710,SJSA1,H3K4me3,ERV1,0.0009352233953483111,0.7594716377893993,-0.005051541795028058,0.006921921547064733
711,SJSA1,H3K4me3,ERVL,0.0048768103108666454,0.11822489106994363,-0.0012415053323369671,0.010994760852224558
712,SJSA1,H3K4me3,TcMar-Tigger,0.00043697253718464945,0.8905711866395627,-0.005788020310559547,0.006661931519266592
713,SJSA1,H3K4me3,hAT-Tip100,-0.003415988510252554,0.4307505053345049,-0.011912984532795611,0.005081500808191819
714,SJSA1,H3K4me3,CR1,-0.001657134676159973,0.7254138080397109,-0.010903984133559273,0.007589998174734623
715,SJSA1,H3K4me3,Gypsy,0.006109653786958645,0.4440997509958555,-0.009537825118663275,0.021754141333663126
716,SJSA1,H3K4me3,hAT-Blackjack,0.0029514117868908356,0.7171294598603571,-0.013014767740196536,0.018916086701449234
717,SJSA1,H3K4me3,TcMar-Mariner,-0.0014202758824074764,0.8627637874331002,-0.01752276846046047,0.014682953258247812
718,SJSA1,H3K4me3,RTE-X,0.00025065310849061237,0.9805764009057009,-0.01992573342108646,0.02042683556508888
719,SJSA1,H3K4me3,ERVK,0.020214896578541613,0.08239536479303136,-0.0025980987112008778,0.04300686168252536
720,SJSA1,H3K4me3,TcMar-Tc2,0.013709621635851606,0.2681045219964629,-0.010555871923904205,0.037958978060098014
721,SJSA1,H3K4me3,SVA,0.0027333061105134426,0.8478609066456118,-0.025186906650927657,0.030649258056954256
722,SJSA1,H3K4me3,RTE-BovB,0.008675982356612082,0.5565558378749174,-0.020244831727110578,0.037582289211225695
723,SJSA1,H3K4me3,tRNA-RTE,-0.0026542596725460813,0.8688243538535341,-0.03414292720978889,0.028839672370801296
724,SJSA1,H3K4me3,hAT-Ac,-0.0028850256142523385,0.873624292814365,-0.03841971852900282,0.032656954782136045
725,SJSA1,H3K4me3,hAT,0.011692976629671194,0.5442338610390545,-0.02609845055594529,0.04945102911765833
726,SJSA1,H3K4me3,MULE-MuDR,-0.004857864396383172,0.8156814622239813,-0.045676654889969276,0.0359771209934019
727,SJSA1,H3K4me3,PiggyBac,0.00533049242128021,0.8071300276021178,-0.03745273790395644,0.04809421717119997
728,SJSA1,H3K4me3,5S-Deu-L2,0.007344183776762816,0.7499261042726671,-0.03780544188177886,0.05246388559478633
729,SJSA1,H3K4me3,Helitron,-0.05109243654283675,0.03543807782020996,-0.0984960191862863,-0.0034575097833561643
730,SJSA1,H3K4me3,hAT-Tag1,-0.014715425150390983,0.5460868358648707,-0.062427573804425485,0.033063830100389296
731,SJSA1,H3K4me3,tRNA,-0.016685560930849306,0.5177534052038658,-0.06716172203349932,0.0338757917643514
732,SJSA1,H3K4me3,Penelope,-0.0010071911612417027,0.9794273442326996,-0.0774340162062427,0.07543140183458213
733,SJSA1,H3K4me3,TcMar-Tc1,-0.031256476278537004,0.42522555090697045,-0.10774172089035962,0.04559658664883231
734,SJSA1,H3K4me3,Dong-R4,0.004097409852453042,0.932642742971362,-0.09072502750500262,0.09884622114677763
735,SJSA1,H3K4me3,tRNA-Deu,0.04227201720623005,0.38865958448581783,-0.05390429497035649,0.13767123699145986
736,SJSA1,H3K4me3,Kolobok,0.007323933946654959,0.8907830271665635,-0.09698664946155702,0.11147537295536568
737,SJSA1,H3K4me3,PIF-Harbinger,-0.004420805025497877,0.9344148606879771,-0.10935065531865114,0.10060648611731295
738,SJSA1,H3K4me3,Crypton,0.021356850267663992,0.7205465117598764,-0.09549165829065877,0.13762479695692725
739,SJSA1,H3K4me3,Merlin,0.09938934883977214,0.14926059700275288,-0.036173581580927004,0.23136056801803265
740,SJSA1,H3K4me3,TcMar,0.045109644024921146,0.5217424597639884,-0.09290652722658317,0.1814249936466035
741,SJSA1,H3K4me3,L1-Tx1,0.0719578744581112,0.4033731573163043,-0.09714434809676054,0.2370221073153954
742,SJSA1,H3K4me3,Crypton-A,-0.1406381578920937,0.10910612611469989,-0.3055856155855199,0.03250448696513807
743,SJSA1,H3K4me3,I-Jockey,0.13785562042442778,0.1528614982808241,-0.05248358016858002,0.31852961321651463
744,SJSA1,H3K4me3,hAT-Tip100?,-0.14665750915750914,0.24751692516346055,-0.3799628105243879,0.10419118822864212
745,SJSA1,H3K4me3,TcMar-Pogo,0.09640762463343108,0.5996586686315053,-0.26184938464838753,0.4313131852628577
746,SJSA1,H3K4me3,hAT?,-0.27639419404125287,0.11356725320617685,-0.5665679575890302,0.07476638348843005
747,SJSA1,H3K4me3,hAT-hAT19,-0.15588235294117647,0.5642819694728023,-0.6069335613825662,0.3711229460356745
748,HAP-1,H3K27ac,Alu,-0.0001119893160614191,0.9065716301785955,-0.001982194990612946,0.0017582171418936232
749,HAP-1,H3K27ac,L1,-0.000419411796000379,0.7610757019346672,-0.0031228466773342814,0.002284029215941188
750,HAP-1,H3K27ac,MIR,0.0007099876674559819,0.6101440403953788,-0.002019248539358425,0.003439213297292784
751,HAP-1,H3K27ac,L2,0.0012597832799144833,0.4520189103272686,-0.002023402162106192,0.004542941562936155
752,HAP-1,H3K27ac,ERVL-MaLR,0.0002608002270893542,0.8967024305986625,-0.003676386212307606,0.00419797858094576
753,HAP-1,H3K27ac,hAT-Charlie,-0.001508790677548573,0.4796907784586528,-0.0056926326342173405,0.0026751041012613003
754,HAP-1,H3K27ac,ERV1,-0.0019651669994076126,0.5230538204667512,-0.007996005947304992,0.004065814902680562
755,HAP-1,H3K27ac,ERVL,0.008133883630086788,0.00933987026761835,0.002000740429489395,0.014266414931938526
756,HAP-1,H3K27ac,TcMar-Tigger,-0.00034489269797526186,0.9136955475746997,-0.0065820102487617925,0.005892251686709846
757,HAP-1,H3K27ac,hAT-Tip100,-0.013289649576617683,0.002195716465351342,-0.021793276102278113,-0.004784100283431272
758,HAP-1,H3K27ac,CR1,-0.0018146436484181962,0.7007973028169774,-0.01107044213520548,0.007441465770175059
759,HAP-1,H3K27ac,Gypsy,0.00011043814665923752,0.9889756984894577,-0.01555398911898407,0.015774811215127613
760,HAP-1,H3K27ac,hAT-Blackjack,0.005257846485914999,0.5195131766448531,-0.010741641751469893,0.021254643256527844
761,HAP-1,H3K27ac,TcMar-Mariner,0.0002439688008852624,0.976361811834011,-0.015892781220155944,0.01638059176655327
762,HAP-1,H3K27ac,RTE-X,-0.00517188459069693,0.6157359560890421,-0.02536385434958366,0.015024303478563832
763,HAP-1,H3K27ac,ERVK,0.013051234646815712,0.26850178280149295,-0.010067946612025076,0.036156470266395804
764,HAP-1,H3K27ac,TcMar-Tc2,-0.0037471548744701785,0.7624204728911566,-0.028035324004188202,0.02054543612915135
765,HAP-1,H3K27ac,SVA,-0.012265770103944583,0.39245794161149394,-0.04035998036700247,0.015847818798393625
766,HAP-1,H3K27ac,RTE-BovB,-0.011283216424326007,0.44496722679067957,-0.04021771080827287,0.017670185441988746
767,HAP-1,H3K27ac,tRNA-RTE,-0.004895801985702383,0.7606514897428489,-0.036381847326155056,0.026599953693904846
768,HAP-1,H3K27ac,hAT-Ac,-0.008066549971585108,0.6570974872797177,-0.04365758702432312,0.027544936304895927
769,HAP-1,H3K27ac,hAT,0.025101499353927543,0.1933379218169679,-0.0127302829168344,0.06286151997528043
770,HAP-1,H3K27ac,MULE-MuDR,-0.001009374380582463,0.9614121297085989,-0.04187962844379136,0.03986425203715073
771,HAP-1,H3K27ac,PiggyBac,-0.02808172760458538,0.1999317483957438,-0.07093266222983385,0.01487266507636035
772,HAP-1,H3K27ac,5S-Deu-L2,0.008850626126591328,0.7013444137714717,-0.036373283301216794,0.054038359044351086
773,HAP-1,H3K27ac,Helitron,0.033357278128394785,0.17149412613640683,-0.014475097092139469,0.08103733129332091
774,HAP-1,H3K27ac,hAT-Tag1,0.04758181992376176,0.051115571994300744,-0.00025600981874332934,0.09520236890133525
775,HAP-1,H3K27ac,tRNA,-0.012259219293805171,0.6348621677870565,-0.0627850926896096,0.03832933340639393
776,HAP-1,H3K27ac,Penelope,-0.005851798781530905,0.8812652117168085,-0.08248175324530378,0.07084694501078381
777,HAP-1,H3K27ac,TcMar-Tc1,0.07929378804472764,0.04361510733545996,0.002165882584007368,0.15548387581264042
778,HAP-1,H3K27ac,Dong-R4,0.030457099469914112,0.5297390251724277,-0.06453791333316745,0.12490507733997451
779,HAP-1,H3K27ac,tRNA-Deu,0.00989972770265735,0.8400736620859874,-0.08609944777085311,0.10571676287876544
780,HAP-1,H3K27ac,Kolobok,-0.017500407340757057,0.7431674799627238,-0.12166893904299897,0.08704942811344504
781,HAP-1,H3K27ac,PIF-Harbinger,0.017770732845152702,0.7407806103197889,-0.08738061229729313,0.12253044287204579
782,HAP-1,H3K27ac,Crypton,0.0849355383151887,0.1541313936653459,-0.03218951228199998,0.19975943385572278
783,HAP-1,H3K27ac,Merlin,0.10558242117788601,0.12630435732897644,-0.03029059578625419,0.23762423773033486
784,HAP-1,H3K27ac,TcMar,-0.10124715365094486,0.1516438432094463,-0.2363352991247384,0.03768066442879812
785,HAP-1,H3K27ac,L1-Tx1,0.002965963757823951,0.9725600153920269,-0.16483187973208283,0.17059695182101162
786,HAP-1,H3K27ac,Crypton-A,0.06665038508898051,0.4494220678065918,-0.10627805037638957,0.23566538775633425
787,HAP-1,H3K27ac,I-Jockey,-0.07377444166434993,0.4458286602251569,-0.2585333890855348,0.11619150284006656
788,HAP-1,H3K27ac,hAT-Tip100?,0.04603494623655914,0.7201456431800342,-0.20418597313573977,0.29060943816381346
789,HAP-1,H3K27ac,TcMar-Pogo,0.2067448680351906,0.25624382755029373,-0.15675318120833479,0.5209139611214356
790,HAP-1,H3K27ac,hAT?,-0.23195187165775402,0.193983977201724,-0.536245929199234,0.12570023735982977
791,HAP-1,H3K27ac,hAT-hAT19,0.01764705882352941,0.9482801500547112,-0.4823095822381911,0.5089320166324547
792,HAP-1,H3K4me1,Alu,-0.00012446104620791808,0.8962315565229013,-0.00199482420493684,0.0017459029833152096
793,HAP-1,H3K4me1,L1,-0.0003486095756539995,0.8004983806828225,-0.0030524257784978344,0.0023552117243057706
794,HAP-1,H3K4me1,MIR,1.2254337485224194e-05,0.9929788827464794,-0.002717133832942282,0.0027416423253339033
795,HAP-1,H3K4me1,L2,-0.0026592597990646415,0.11240558351169316,-0.005942449374523478,0.0006239871078987386
796,HAP-1,H3K4me1,ERVL-MaLR,0.0014386332074280105,0.47390316593960746,-0.0024986688544627435,0.005375890665347864
797,HAP-1,H3K4me1,hAT-Charlie,0.0007698362557644374,0.718371813517956,-0.0034140222737326148,0.00495366783395653
798,HAP-1,H3K4me1,ERV1,0.0033802960050868577,0.27198485295753444,-0.0026509030286496365,0.009411249127060142
799,HAP-1,H3K4me1,ERVL,-0.002245860672702932,0.4729324626461512,-0.008378774462788683,0.003887222068349159
800,HAP-1,H3K4me1,TcMar-Tigger,0.002583274520492927,0.4169033081711183,-0.003653610485382636,0.00881995855928335
801,HAP-1,H3K4me1,hAT-Tip100,-0.003892881131151342,0.3696817315008438,-0.012397736903275936,0.004612537851009506
802,HAP-1,H3K4me1,CR1,0.0030672161583112697,0.5160278625947952,-0.006188854907626761,0.012322761682567506
803,HAP-1,H3K4me1,Gypsy,-0.006133029197938873,0.4428679663259818,-0.021794982719090333,0.009531933839299258
804,HAP-1,H3K4me1,hAT-Blackjack,-0.0155030598899512,0.05751435485590811,-0.03149361802866791,0.0004954322906630575
805,HAP-1,H3K4me1,TcMar-Mariner,1.532334991008572e-05,0.998515453426336,-0.016125197595359374,0.01615583631121508
806,HAP-1,H3K4me1,RTE-X,0.013278100546657857,0.19746087013160057,-0.006915912209651823,0.03346128763015788
807,HAP-1,H3K4me1,ERVK,0.00898999001671465,0.446301502675719,-0.01414628241959784,0.03211664122636117
808,HAP-1,H3K4me1,TcMar-Tc2,0.006098149550555797,0.6227908361578243,-0.018199139981515927,0.030388240761926637
809,HAP-1,H3K4me1,SVA,0.006681748192608533,0.6412967659142822,-0.021426767780759318,0.03477970931235748
810,HAP-1,H3K4me1,RTE-BovB,0.0373932373361061,0.011344206088202644,0.008442400177804288,0.06628144017076941
811,HAP-1,H3K4me1,tRNA-RTE,-0.0038189100325700495,0.812224447752101,-0.03531437567695495,0.027684133990631646
812,HAP-1,H3K4me1,hAT-Ac,-0.004473141372817681,0.8055535057908184,-0.04006993461255741,0.031134991823499467
813,HAP-1,H3K4me1,hAT,-0.037780145674199746,0.050124574810879105,-0.07548546055638078,3.3053931142016976e-05
814,HAP-1,H3K4me1,MULE-MuDR,-0.0014088126853259565,0.9461383078014238,-0.04226060977522469,0.0394476872037744
815,HAP-1,H3K4me1,PiggyBac,-0.006783634235477142,0.7568873959622726,-0.04969766338978116,0.03615539629596575
816,HAP-1,H3K4me1,5S-Deu-L2,-0.023767640754997273,0.3031386039675534,-0.06892043515304931,0.02148233085095705
817,HAP-1,H3K4me1,Helitron,-0.011031601122018755,0.6511914908323182,-0.05879806670715327,0.03678526389117086
818,HAP-1,H3K4me1,hAT-Tag1,0.03892170632591055,0.11066587399930776,-0.008923215653752627,0.08658882695812621
819,HAP-1,H3K4me1,tRNA,-0.005320281795350119,0.8367210540261099,-0.05586850620172382,0.0452551459613266
820,HAP-1,H3K4me1,Penelope,0.03481648269121081,0.3747681189196662,-0.04210316171267523,0.11132583471842124
821,HAP-1,H3K4me1,TcMar-Tc1,0.04696830605548405,0.23212886279958747,-0.030144243539533017,0.1235250759527502
822,HAP-1,H3K4me1,Dong-R4,0.03367167709925032,0.4872026565676182,-0.06133765294823002,0.12807629746210208
823,HAP-1,H3K4me1,tRNA-Deu,0.05155814137859232,0.2929593905158126,-0.044641176006261156,0.14681006830563487
824,HAP-1,H3K4me1,Kolobok,-0.03789833880703818,0.47784389663595594,-0.14175742936849167,0.06678603066138947
825,HAP-1,H3K4me1,PIF-Harbinger,0.05878527372267651,0.2734259487337317,-0.046572462761318066,0.16284950010029123
826,HAP-1,H3K4me1,Crypton,0.05600643710167705,0.3478636826495882,-0.06108082821904887,0.1715732420274783
827,HAP-1,H3K4me1,Merlin,0.029783899066096537,0.6670781259533722,-0.10573972212419472,0.16422126481782304
828,HAP-1,H3K4me1,TcMar,-0.10171086884684119,0.1497683948155582,-0.23678069816077957,0.0372160373561898
829,HAP-1,H3K4me1,L1-Tx1,-0.05003867888199762,0.5614526138028704,-0.21604293515708967,0.11877720066970997
830,HAP-1,H3K4me1,Crypton-A,0.19413783026098258,0.026290266855837702,0.021767388700285297,0.3552997059410811
831,HAP-1,H3K4me1,I-Jockey,-0.03406542489111297,0.7250967909805469,-0.22080514472635038,0.15508358367376715
832,HAP-1,H3K4me1,hAT-Tip100?,-0.18341973886328727,0.1501688502960904,-0.41419861496194127,0.06951803344163841
833,HAP-1,H3K4me1,TcMar-Pogo,0.1000733137829912,0.5857889606625799,-0.2584594371452086,0.4343742498174471
834,HAP-1,H3K4me1,hAT?,-0.008355614973262033,0.9631912536997345,-0.35066420508366375,0.33592252045003645
835,HAP-1,H3K4me1,hAT-hAT19,-0.26176470588235295,0.3274104118125859,-0.6755222880989646,0.2773673136231458
836,HAP-1,H3K9me3,Alu,-0.0007356660333285388,0.4405725468145917,-0.002605252665710024,0.0011339257418965603
837,HAP-1,H3K9me3,L1,-0.0023545887513496595,0.08778726451823597,-0.0050577826102834985,0.0003486395193834717
838,HAP-1,H3K9me3,MIR,0.0025165978205043964,0.07069020968234098,-0.00021233831093029032,0.005245496469543475
839,HAP-1,H3K9me3,L2,-0.0029726894617823738,0.07595100929392325,-0.006255687068471519,0.00031037222645358635
840,HAP-1,H3K9me3,ERVL-MaLR,0.002801759810582979,0.16300080935978287,-0.0011345615541254713,0.006737994352084785
841,HAP-1,H3K9me3,hAT-Charlie,0.004625807224570771,0.030202788543877014,0.00044274699111945516,0.008808705576138864
842,HAP-1,H3K9me3,ERV1,0.002497136230300139,0.41700612784883606,-0.003533112067432547,0.008527202921172757
843,HAP-1,H3K9me3,ERVL,-0.003047113233565988,0.3300378521652829,-0.00917832668943381,0.0030843293258006146
844,HAP-1,H3K9me3,TcMar-Tigger,0.0035709136734180334,0.2617533586591966,-0.002665539280904621,0.00980708886701206
845,HAP-1,H3K9me3,hAT-Tip100,-0.005571770355703591,0.19916598547117906,-0.014076563476163841,0.0029338288952645663
846,HAP-1,H3K9me3,CR1,-7.768840008497239e-05,0.9868752057308139,-0.009333658512400292,0.009178295023843487
847,HAP-1,H3K9me3,Gypsy,-0.00659031624235857,0.40959752260958493,-0.02225158914506604,0.009074190354125876
848,HAP-1,H3K9me3,hAT-Blackjack,0.004374457645022824,0.5920428085171736,-0.011624906567695019,0.020371582584017778
849,HAP-1,H3K9me3,TcMar-Mariner,-0.008030017537309754,0.32908008152000956,-0.024152364317441524,0.008096505079287311
850,HAP-1,H3K9me3,RTE-X,-0.017546248507852923,0.08855560484167119,-0.03772677488102656,0.0026485839484120355
851,HAP-1,H3K9me3,ERVK,0.000513040369936542,0.965297211031422,-0.022595961383458704,0.023621494182425942
852,HAP-1,H3K9me3,TcMar-Tc2,0.0006599973709743189,0.9575363229352621,-0.02363101982201356,0.02495023572105682
853,HAP-1,H3K9me3,SVA,-0.0027341803900116845,0.8487158161138533,-0.03081872539448547,0.025354678433215413
854,HAP-1,H3K9me3,RTE-BovB,0.013804110831019104,0.3502026232148554,-0.015159512745091289,0.04274458820281049
855,HAP-1,H3K9me3,tRNA-RTE,-0.004645257660219493,0.7726396214042345,-0.03614380595077555,0.026862511191743176
856,HAP-1,H3K9me3,hAT-Ac,-0.020709190593655356,0.25421850576127275,-0.05626278392410002,0.014896857712962319
857,HAP-1,H3K9me3,hAT,0.004081638122856053,0.832513226081196,-0.03373747304614799,0.04188907688804699
858,HAP-1,H3K9me3,MULE-MuDR,-0.01436378192870545,0.4913116859458756,-0.05522320941844325,0.02654367230466995
859,HAP-1,H3K9me3,PiggyBac,-0.0028147594888969897,0.8977927347098738,-0.045737326289148346,0.04011818142622041
860,HAP-1,H3K9me3,5S-Deu-L2,-0.0015583339297586091,0.9461511580252138,-0.04675151825687805,0.04364121686650668
861,HAP-1,H3K9me3,Helitron,0.022211811199382127,0.3624739267476659,-0.025603060743841995,0.06992528445917119
862,HAP-1,H3K9me3,hAT-Tag1,-0.009290654812844672,0.7034691245604088,-0.05707656663891757,0.038537728688197666
863,HAP-1,H3K9me3,tRNA,-0.015281573960606651,0.5538599430500126,-0.06579657452822742,0.035311555454883084
864,HAP-1,H3K9me3,Penelope,0.008772016773904153,0.8229644740197346,-0.06800024584765538,0.08544100635847977
865,HAP-1,H3K9me3,TcMar-Tc1,0.034604889454854654,0.3791522834892981,-0.04255218351640596,0.11135164157227322
866,HAP-1,H3K9me3,Dong-R4,-0.010744212028821743,0.8245985525083527,-0.10542636671721815,0.08413099522318711
867,HAP-1,H3K9me3,tRNA-Deu,-0.008992590176680882,0.8545570743377607,-0.10481918996978634,0.08699946133032896
868,HAP-1,H3K9me3,Kolobok,-0.07943747492291559,0.13634107912665105,-0.18246831072633093,0.02531901117067105
869,HAP-1,H3K9me3,PIF-Harbinger,-0.01954286589416694,0.7159955477802514,-0.12427791165051257,0.08562285557266756
870,HAP-1,H3K9me3,Crypton,-0.01402603034064631,0.814269597105667,-0.1304159386816947,0.10274520840142055
871,HAP-1,H3K9me3,Merlin,0.026603671027278297,0.7008205415072668,-0.10887980817111644,0.16111679655664735
872,HAP-1,H3K9me3,TcMar,-0.0347233141743462,0.6237119543411216,-0.17199069208228646,0.10386680443821324
873,HAP-1,H3K9me3,L1-Tx1,-0.005915592546092616,0.945302916063226,-0.17346042201900913,0.16196202463195752
874,HAP-1,H3K9me3,Crypton-A,-0.0699467378816156,0.427266949440975,-0.23880917742493585,0.10302178362001937
875,HAP-1,H3K9me3,I-Jockey,-0.04892039662681865,0.6134476764470822,-0.2349685059030857,0.14058558332287524
876,HAP-1,H3K9me3,hAT-Tip100?,-0.04697802197802197,0.7124105268152547,-0.2895717172679459,0.2012869281328385
877,HAP-1,H3K9me3,TcMar-Pogo,0.13526392961876832,0.4604367043837351,-0.22557197150802388,0.46346500335710733
878,HAP-1,H3K9me3,hAT?,-0.03810160427807487,0.8332667138980836,-0.37659736844692304,0.3093700349070296
879,HAP-1,H3K9me3,hAT-hAT19,-0.14411764705882352,0.5943782881736932,-0.5989701306371717,0.3810466250670312
880,HAP-1,H3K36me3,Alu,0.00022995864282408725,0.8094893938307699,-0.0016395512499789995,0.002099466928186633
881,HAP-1,H3K36me3,L1,0.0006676478584809635,0.6282944805147896,-0.0020352802221930036,0.0033705661837553566
882,HAP-1,H3K36me3,MIR,-2.589909993207644e-05,0.9851575283839038,-0.002754503962241734,0.00270270614802997
883,HAP-1,H3K36me3,L2,0.0007306840807401084,0.6626802375735208,-0.00255235546331093,0.004013707873722759
884,HAP-1,H3K36me3,ERVL-MaLR,0.0001037735758241134,0.9587867276849474,-0.003832116389918188,0.004039660326408381
885,HAP-1,H3K36me3,hAT-Charlie,-0.0003195976565703217,0.8809518962354693,-0.004502190476035514,0.0038630063450615735
886,HAP-1,H3K36me3,ERV1,0.0018867596198526189,0.5395721831675335,-0.004141310610820013,0.007914692732407566
887,HAP-1,H3K36me3,ERVL,-0.0015134787894266826,0.6285521415725452,-0.007645172114045672,0.004618328344096381
888,HAP-1,H3K36me3,TcMar-Tigger,-0.0010174537186637652,0.7491331649100545,-0.007253372659550327,0.005218544354113456
889,HAP-1,H3K36me3,hAT-Tip100,0.0008202308712801609,0.8500735793263379,-0.00768449768844644,0.00932484077731541
890,HAP-1,H3K36me3,CR1,-0.00767744767874933,0.10400294182812157,-0.016932048034380955,0.0015784680516955595
891,HAP-1,H3K36me3,Gypsy,-0.0035559484891940427,0.6563713665296522,-0.01921832740714124,0.012108175265426254
892,HAP-1,H3K36me3,hAT-Blackjack,0.0019385112420121705,0.8122248235172832,-0.014054554078067084,0.017930584962256548
893,HAP-1,H3K36me3,TcMar-Mariner,-0.013035792796332471,0.11328303991614708,-0.029163751063763427,0.0030989509845437105
894,HAP-1,H3K36me3,RTE-X,-0.02165936853507805,0.035539778299882835,-0.041837918023668035,-0.0014631570648916744
895,HAP-1,H3K36me3,ERVK,0.020239118595952555,0.08600366828609936,-0.002868503086256252,0.04332513778755656
896,HAP-1,H3K36me3,TcMar-Tc2,-0.006692917087391411,0.5893111605365254,-0.0309843846318512,0.017606452031703114
897,HAP-1,H3K36me3,SVA,-0.0021002623161559216,0.8835147709430208,-0.03018825591231222,0.025991045628176262
898,HAP-1,H3K36me3,RTE-BovB,-0.017000011143427543,0.24962471779422504,-0.045916754324213785,0.01194519832318786
899,HAP-1,H3K36me3,tRNA-RTE,-0.003272785201063719,0.838677699915862,-0.034768884111088055,0.028229808351095512
900,HAP-1,H3K36me3,hAT-Ac,0.016765349106400984,0.355850117745226,-0.018827904549008276,0.05231616212312615
901,HAP-1,H3K36me3,hAT,0.007738117065946629,0.6882484667894159,-0.030056864274252634,0.0455110028164181
902,HAP-1,H3K36me3,MULE-MuDR,-0.005120910775792236,0.8061429107171652,-0.045992411258436214,0.0357677060740684
903,HAP-1,H3K36me3,PiggyBac,0.0074437067937996775,0.7339642137871238,-0.035475647497556856,0.050335653406461275
904,HAP-1,H3K36me3,5S-Deu-L2,0.01821226660186764,0.4297464839547376,-0.026998131550956185,0.06334831151416329
905,HAP-1,H3K36me3,Helitron,0.0008530047156653155,0.972105258484182,-0.04693072818862992,0.04863284262867758
906,HAP-1,H3K36me3,hAT-Tag1,0.04409111256326917,0.0707202222495917,-0.0037502267800767802,0.09173107904965798
907,HAP-1,H3K36me3,tRNA,-0.009533129937087183,0.7119142115962718,-0.060068218308203046,0.04105070115026139
908,HAP-1,H3K36me3,Penelope,0.03169004547105315,0.41882889260250045,-0.04516400462641275,0.10817118018167148
909,HAP-1,H3K36me3,TcMar-Tc1,0.030191697301920003,0.4425820947730241,-0.04689602273586518,0.10692192620535938
910,HAP-1,H3K36me3,Dong-R4,0.01437992572991696,0.766741723657888,-0.08052150938445203,0.109022993250697
911,HAP-1,H3K36me3,tRNA-Deu,0.06512831740452232,0.18385605305351949,-0.03108216566384246,0.1601429991457498
912,HAP-1,H3K36me3,Kolobok,-0.027063928382307662,0.6123131467148007,-0.13109536109245487,0.07755705675840319
913,HAP-1,H3K36me3,PIF-Harbinger,0.029123252876946087,0.5876597893267557,-0.07611168146756138,0.13371653146155474
914,HAP-1,H3K36me3,Crypton,-0.0053551623683244474,0.9285338070397898,-0.12187740879876348,0.1113126886772937
915,HAP-1,H3K36me3,Merlin,0.06833370486140407,0.32321966084095244,-0.06751437559445811,0.2016941979226041
916,HAP-1,H3K36me3,TcMar,-0.12857795948254833,0.06820158125448285,-0.2625124032717413,0.010217232468313481
917,HAP-1,H3K36me3,L1-Tx1,0.012150883782052962,0.8879295747496667,-0.15588837274908557,0.1795066169955188
918,HAP-1,H3K36me3,Crypton-A,-0.0457859399229655,0.603555743195181,-0.2157046341285039,0.12682417079569663
919,HAP-1,H3K36me3,I-Jockey,-0.2702622555833565,0.004480585555629454,-0.4389748848880541,-0.08314078728267024
920,HAP-1,H3K36me3,hAT-Tip100?,-0.08914170506912443,0.48720767720133606,-0.33007406693335467,0.1626947475604975
921,HAP-1,H3K36me3,TcMar-Pogo,0.12646627565982405,0.4903730755409518,-0.23385298127055562,0.45624240260349863
922,HAP-1,H3K36me3,hAT?,-0.23930481283422458,0.1798296835405918,-0.5419852558321719,0.1183321739314776
923,HAP-1,H3K36me3,hAT-hAT19,-0.02647058823529412,0.9224805705017287,-0.5154827882170895,0.4755474090858023
924,HAP-1,H3K27me3,Alu,0.0007273626557462794,0.44574086551764147,-0.0011421976369133066,0.002596917863780084
925,HAP-1,H3K27me3,L1,7.902122486304035e-05,0.9543152878417467,-0.0026244562199076987,0.0027824975145351425
926,HAP-1,H3K27me3,MIR,0.0026500474401582545,0.05697745380609621,-7.863701654599354e-05,0.005378692434139654
927,HAP-1,H3K27me3,L2,-0.0020963111195039137,0.21076107927343066,-0.00537935213932655,0.001186775090724205
928,HAP-1,H3K27me3,ERVL-MaLR,-0.00022887852688514867,0.909261652272134,-0.00416492988306124,0.0037071799211053744
929,HAP-1,H3K27me3,hAT-Charlie,0.0013702349785549917,0.5208383002373885,-0.002812610427177155,0.005553032436948086
930,HAP-1,H3K27me3,ERV1,0.007320382466963287,0.017327686746361103,0.0012910860827989176,0.013349146642426429
931,HAP-1,H3K27me3,ERVL,0.001403734374839331,0.6536399103527566,-0.004727740043966575,0.007535103248526691
932,HAP-1,H3K27me3,TcMar-Tigger,-0.0005365400757316212,0.8660914756114055,-0.006772765301639818,0.005699726883096934
933,HAP-1,H3K27me3,hAT-Tip100,-0.004608389778519089,0.28818937219203167,-0.01311195413815007,0.003895841118430179
934,HAP-1,H3K27me3,CR1,0.0008149672997010317,0.8629832295678581,-0.00844045548712052,0.010070250463691494
935,HAP-1,H3K27me3,Gypsy,-0.004047943842582734,0.6125022931946615,-0.019709658026032823,0.011615756459794143
936,HAP-1,H3K27me3,hAT-Blackjack,-0.0016768157001760171,0.837218340937322,-0.01767163017800658,0.014318856799330053
937,HAP-1,H3K27me3,TcMar-Mariner,-0.0009225622827023418,0.9107592614076141,-0.017054079168260048,0.015209434766640408
938,HAP-1,H3K27me3,RTE-X,-0.00884530323369373,0.39059690150548587,-0.02903178174212457,0.011348387228945064
939,HAP-1,H3K27me3,ERVK,0.006014946819045569,0.6101386269286018,-0.01710601655287813,0.02912948081876386
940,HAP-1,H3K27me3,TcMar-Tc2,0.015167479797127612,0.22095487407795505,-0.00912231785286055,0.039439389060211744
941,HAP-1,H3K27me3,SVA,0.017157849285825606,0.2314886890527648,-0.01095078811350522,0.04523939216434796
942,HAP-1,H3K27me3,RTE-BovB,0.0024339478031916127,0.8691011991177995,-0.026508359990916795,0.03137217851985046
943,HAP-1,H3K27me3,tRNA-RTE,0.00290948251328014,0.8563421462708618,-0.02858466913328241,0.034397863444283146
944,HAP-1,H3K27me3,hAT-Ac,0.01836070796159324,0.3122518941197182,-0.017256568214926313,0.05393144488414936
945,HAP-1,H3K27me3,hAT,-0.016440603542963665,0.39428027012986977,-0.05422319112424387,0.021388993856579157
946,HAP-1,H3K27me3,MULE-MuDR,0.029734195630855085,0.15417995087498468,-0.011178181705022713,0.07054718736377287
947,HAP-1,H3K27me3,PiggyBac,-0.012990828910515092,0.5531836619902865,-0.055879196822407516,0.029945391375273852
948,HAP-1,H3K27me3,5S-Deu-L2,0.02677784544939205,0.24572137473494537,-0.01844902671978201,0.07189535753156709
949,HAP-1,H3K27me3,Helitron,-0.0371971762048573,0.12704994249530152,-0.08483050935141113,0.01060578867221144
950,HAP-1,H3K27me3,hAT-Tag1,-0.02631545203482738,0.2808920052037455,-0.07404078052708284,0.02153013959778788
951,HAP-1,H3K27me3,tRNA,-0.02987486577220626,0.2470682272974311,-0.08032765690952529,0.020730613920307436
952,HAP-1,H3K27me3,Penelope,-0.013331358789692915,0.7338338201648917,-0.08996775199696758,0.06346197678277302
953,HAP-1,H3K27me3,TcMar-Tc1,0.03752667497091981,0.3394557354994461,-0.039516364676928754,0.11412616582734146
954,HAP-1,H3K27me3,Dong-R4,0.00632385210861965,0.8962123358829183,-0.08851695495638363,0.10105102763220118
955,HAP-1,H3K27me3,tRNA-Deu,0.0188742441376506,0.7004126015669032,-0.07718907841812643,0.11459035292246392
956,HAP-1,H3K27me3,Kolobok,-0.048736959526087684,0.3605693967487935,-0.15225959237521555,0.05584348171780556
957,HAP-1,H3K27me3,PIF-Harbinger,0.01858220181359419,0.7293963423592222,-0.08657578723441986,0.12333067838023623
958,HAP-1,H3K27me3,Crypton,0.07915813639090612,0.18423208005699718,-0.03797123175557966,0.1941418609407324
959,HAP-1,H3K27me3,Merlin,0.02537028674469986,0.7140707141989056,-0.11009707904686605,0.15991225686328903
960,HAP-1,H3K27me3,TcMar,-0.17560683358064863,0.012426000020946905,-0.3072005537839714,-0.03742340729533792
961,HAP-1,H3K27me3,L1-Tx1,-0.06988800045874863,0.4170695237905512,-0.2350459483948166,0.09919234542210091
962,HAP-1,H3K27me3,Crypton-A,-0.03494667782507795,0.6919054117796752,-0.2052925583904591,0.1374543267576934
963,HAP-1,H3K27me3,I-Jockey,-0.051561486423871754,0.5944033326603209,-0.2374804455507789,0.13800156135297262
964,HAP-1,H3K27me3,hAT-Tip100?,-0.04536290322580645,0.7240670148568455,-0.2899891866158208,0.20482753584357893
965,HAP-1,H3K27me3,TcMar-Pogo,0.18401759530791786,0.313364121596079,-0.17893903621629784,0.5028865361152717
966,HAP-1,H3K27me3,hAT?,-0.19084224598930483,0.2873967833049059,-0.5037311248641573,0.16631187849083012
967,HAP-1,H3K27me3,hAT-hAT19,-0.5941176470588235,0.015232400876328003,-0.8547766578683204,-0.09410963936806391
968,HAP-1,H3K4me3,Alu,0.0012877527472207374,0.17719988940923048,-0.0005826343385437907,0.0031581308229996163
969,HAP-1,H3K4me3,L1,-0.0004370164513154897,0.7514102172580899,-0.0031408884703242753,0.0022668619576976506
970,HAP-1,H3K4me3,MIR,0.002873143215028739,0.039099123355114625,0.00014368181825281188,0.005602561802521437
971,HAP-1,H3K4me3,L2,-0.0011824144917435097,0.48029084674958333,-0.004465721485589764,0.0021009179954406426
972,HAP-1,H3K4me3,ERVL-MaLR,0.0004941238283397055,0.8056995215010235,-0.0034430736516767656,0.004431305989067277
973,HAP-1,H3K4me3,hAT-Charlie,-0.0020152639960589794,0.3451542787338209,-0.006199224946216747,0.0021687675121007926
974,HAP-1,H3K4me3,ERV1,0.0030250683140018563,0.3255762611957722,-0.003006128090619413,0.009056044648922687
975,HAP-1,H3K4me3,ERVL,0.00323883502397491,0.3006242792733409,-0.0028939597687938925,0.009371386191104253
976,HAP-1,H3K4me3,TcMar-Tigger,-0.003936649639525231,0.21609658509144983,-0.010173934517011334,0.0023009415584022094
977,HAP-1,H3K4me3,hAT-Tip100,0.0006374217335353499,0.8832438645964109,-0.0078694579258342,0.009144209137268782
978,HAP-1,H3K4me3,CR1,-0.00010907563237846685,0.9815725852064566,-0.00936463018553181,0.00914649760880421
979,HAP-1,H3K4me3,Gypsy,0.007027597421685499,0.3791987150757331,-0.008635946052212443,0.022687693090169877
980,HAP-1,H3K4me3,hAT-Blackjack,-0.016942322646940202,0.03795009939488968,-0.032934615376140605,-0.0009413566139830747
981,HAP-1,H3K4me3,TcMar-Mariner,0.007116664292392992,0.3875612854301974,-0.00902673615723496,0.02325635606743578
982,HAP-1,H3K4me3,RTE-X,-0.0038891758449844283,0.7058750226139092,-0.02408291650596733,0.016307737274254632
983,HAP-1,H3K4me3,ERVK,-0.002892186900469578,0.8063827020263798,-0.02601530650342426,0.020234025923319778
984,HAP-1,H3K4me3,TcMar-Tc2,0.008219165829996301,0.507400449538206,-0.016082557331062144,0.032511184165180916
985,HAP-1,H3K4me3,SVA,0.02750147412891307,0.055175259087009064,-0.0006142717255824584,0.05557377474560979
986,HAP-1,H3K4me3,RTE-BovB,0.028136150388158546,0.05680315238223032,-0.0008201105782109444,0.05704526849302597
987,HAP-1,H3K4me3,tRNA-RTE,-0.006090464558999892,0.7047171077222715,-0.03757501553464171,0.025406166171711334
988,HAP-1,H3K4me3,hAT-Ac,0.02373685988909464,0.19132070403144222,-0.01187530955337341,0.05928888968637711
989,HAP-1,H3K4me3,hAT,-0.004450116944524487,0.8176812217105645,-0.04226397689044967,0.03337647387579168
990,HAP-1,H3K4me3,MULE-MuDR,-0.0156502347015497,0.4528413810949271,-0.05646197475186719,0.025213718839491733
991,HAP-1,H3K4me3,PiggyBac,0.01566908553135556,0.4746573800990257,-0.027290217573870033,0.05857061757912613
992,HAP-1,H3K4me3,5S-Deu-L2,-0.013555560487269245,0.5570460776171781,-0.05874212737306893,0.03168644068200034
993,HAP-1,H3K4me3,Helitron,0.01955976888021009,0.4227442498086471,-0.028267241287045643,0.06729742910809135
994,HAP-1,H3K4me3,hAT-Tag1,0.034210764936240506,0.1609127460448665,-0.013635745158350974,0.0819009671783112
995,HAP-1,H3K4me3,tRNA,-0.03598791883537834,0.16302949181106272,-0.08639312945499883,0.01460106446290432
996,HAP-1,H3K4me3,Penelope,-0.03222280591811117,0.411046681843641,-0.10869886111625876,0.04463242755074007
997,HAP-1,H3K4me3,TcMar-Tc1,0.07723283796488757,0.04939488554876152,9.844812406547807e-05,0.15345363679273763
998,HAP-1,H3K4me3,Dong-R4,0.017323898752722215,0.7208086284882069,-0.07759740645663833,0.11193395565603254
999,HAP-1,H3K4me3,tRNA-Deu,0.04016987674121592,0.4127028990680066,-0.05599950065289123,0.13560074220842513
1000,HAP-1,H3K4me3,Kolobok,-0.13733762490198792,0.009678106519411044,-0.23862754841989933,-0.033091630215229435
1001,HAP-1,H3K4me3,PIF-Harbinger,0.059586015322601465,0.26693364494188015,-0.04577310880034279,0.16363407160016882
1002,HAP-1,H3K4me3,Crypton,0.03775086357260226,0.5270716171023124,-0.07923670759177001,0.15371270936782977
1003,HAP-1,H3K4me3,Merlin,-0.002160178997245089,0.9751163810552258,-0.13718887257921958,0.13294733293193955
1004,HAP-1,H3K4me3,TcMar,-0.15553750197049854,0.027080603942596614,-0.28818542979667217,-0.017032698424697602
1005,HAP-1,H3K4me3,L1-Tx1,-0.06069607973328164,0.4810778864963836,-0.22625773731420815,0.10827407796943915
1006,HAP-1,H3K4me3,Crypton-A,0.08479233645055194,0.335584249429429,-0.08832191319438965,0.2529345984051669
1007,HAP-1,H3K4me3,I-Jockey,-0.07217125382262997,0.4558024857287981,-0.257018336365229,0.11777024855155038
1008,HAP-1,H3K4me3,hAT-Tip100?,0.028273809523809527,0.8258973125958473,-0.2210877564978205,0.2741653336630998
1009,HAP-1,H3K4me3,TcMar-Pogo,0.1004398826979472,0.5844097997151299,-0.25812007580036633,0.43468003615426726
1010,HAP-1,H3K4me3,hAT?,0.013368983957219253,0.941136987858924,-0.3314755508484913,0.35506239128214073
1011,HAP-1,H3K4me3,hAT-hAT19,0.10588235294117648,0.6963341050381157,-0.4126799097165957,0.5726105866457505
1012,HL-60,H3K27ac,Alu,0.0002056588221620359,0.8291928052603501,-0.001662744676683253,0.002074060885126591
1013,HL-60,H3K27ac,L1,-0.00014858337865501653,0.9141849460320226,-0.0028510104336402905,0.002553845846574156
1014,HL-60,H3K27ac,MIR,-0.0006266562507679178,0.6525779433993686,-0.0033549174434127616,0.002101614270830212
1015,HL-60,H3K27ac,L2,0.0005022427480541787,0.7642587840564906,-0.002780182633148088,0.0037846573066448613
1016,HL-60,H3K27ac,ERVL-MaLR,0.0009631450744581791,0.6313616440979715,-0.0029711692442286755,0.004897429576627218
1017,HL-60,H3K27ac,hAT-Charlie,-0.0008337162214367634,0.6959673945189583,-0.00501530806585075,0.003347904779441514
1018,HL-60,H3K27ac,ERV1,0.0008464958429727178,0.7829893364009479,-0.005177248994839261,0.0068701792503141675
1019,HL-60,H3K27ac,ERVL,-0.002506420751612863,0.4227914561345719,-0.00863470043034225,0.0036220471954150546
1020,HL-60,H3K27ac,TcMar-Tigger,0.0022903591641462774,0.4714065694702727,-0.003942735314264896,0.008523275679079177
1021,HL-60,H3K27ac,hAT-Tip100,0.00048111827544330136,0.9116831399157155,-0.00802046770061937,0.008982634704522152
1022,HL-60,H3K27ac,CR1,0.007769908365055513,0.09983387887069461,-0.0014841480733442064,0.017022634122484025
1023,HL-60,H3K27ac,Gypsy,0.005491701124206298,0.4918716705018745,-0.010168191432669851,0.02114890057879229
1024,HL-60,H3K27ac,hAT-Blackjack,0.0013678640206349997,0.8669344373508794,-0.01463200387045907,0.01736703160625867
1025,HL-60,H3K27ac,TcMar-Mariner,-0.010320552112967472,0.2096909333841797,-0.02644124966086113,0.005805511938192056
1026,HL-60,H3K27ac,RTE-X,0.0071552087642804026,0.4873068072267309,-0.013034987749779486,0.02733957310849245
1027,HL-60,H3K27ac,ERVK,-0.0061258361885438185,0.6031908766616283,-0.02921620946648659,0.016971071350162365
1028,HL-60,H3K27ac,TcMar-Tc2,-0.0009318805206831455,0.9400349587630566,-0.025207041159523828,0.023344378452291425
1029,HL-60,H3K27ac,SVA,-0.0031965406454024414,0.8234524309449991,-0.031269136774962056,0.024881094639776266
1030,HL-60,H3K27ac,RTE-BovB,0.00966337936204175,0.5128645887891623,-0.01927993052611921,0.038590506472064585
1031,HL-60,H3K27ac,tRNA-RTE,0.013024275100848063,0.41775739878200724,-0.01848017236919978,0.04450288541821742
1032,HL-60,H3K27ac,hAT-Ac,0.0013650365869713112,0.9400794049032226,-0.03421616577776776,0.03694278294838911
1033,HL-60,H3K27ac,hAT,0.002260986918610111,0.9066746148208955,-0.03552772436363717,0.04004324195259456
1034,HL-60,H3K27ac,MULE-MuDR,-0.02701200659445327,0.19513197552499345,-0.06779882580398668,0.013864949433877876
1035,HL-60,H3K27ac,PiggyBac,-0.008831098277236549,0.68686978108939,-0.051730042870809706,0.03410037758579939
1036,HL-60,H3K27ac,5S-Deu-L2,-0.038163313238954596,0.09808203220185813,-0.08324454541480879,0.007073802288467733
1037,HL-60,H3K27ac,Helitron,0.02102295257824848,0.3883150180128244,-0.026748433042394673,0.06869853510423632
1038,HL-60,H3K27ac,hAT-Tag1,-0.005312704973963129,0.8275926984827164,-0.05308137819724251,0.042480226797412195
1039,HL-60,H3K27ac,tRNA,0.010956459024245175,0.67104950516166,-0.03959625570612854,0.06145322886350719
1040,HL-60,H3K27ac,Penelope,0.04782547161490728,0.2215725188906257,-0.028931931128842986,0.12402216200429457
1041,HL-60,H3K27ac,TcMar-Tc1,0.07420099125441826,0.058856099324881665,-0.0028821924412879276,0.15040759867092546
1042,HL-60,H3K27ac,Dong-R4,-0.031819688559078046,0.5114819281156131,-0.12624946507268117,0.0631815721089951
1043,HL-60,H3K27ac,tRNA-Deu,0.008331337691027502,0.8651458205165212,-0.08765544685795562,0.10416483582607752
1044,HL-60,H3K27ac,Kolobok,0.02423273153513942,0.6490832034385435,-0.08007249758908751,0.1280130221494247
1045,HL-60,H3K27ac,PIF-Harbinger,-0.040069262101797135,0.45556484760212346,-0.14448316459688984,0.06522713286829653
1046,HL-60,H3K27ac,Crypton,-0.07556129071892903,0.20503940738579868,-0.19064162878536076,0.041567763746483556
1047,HL-60,H3K27ac,Merlin,-0.07719094973272213,0.26430703412671563,-0.21026266922336959,0.058689001803846085
1048,HL-60,H3K27ac,TcMar,0.030284748456176472,0.6695392056554239,-0.10859654987364774,0.16800647220410828
1049,HL-60,H3K27ac,L1-Tx1,-0.037068713055101066,0.6671588618490493,-0.20357466838935778,0.13152123463330143
1050,HL-60,H3K27ac,Crypton-A,0.06802230843749421,0.44012396059001235,-0.10492315051258588,0.2369741395845003
1051,HL-60,H3K27ac,I-Jockey,-0.12222222222222225,0.20548486835358337,-0.30399404951099096,0.06813608444230457
1052,HL-60,H3K27ac,hAT-Tip100?,0.049825174825174824,0.6934673265882868,-0.19660986949852827,0.2903391370342732
1053,HL-60,H3K27ac,TcMar-Pogo,-0.02785923753665689,0.8796959152871044,-0.3729912224439707,0.3240452063823667
1054,HL-60,H3K27ac,hAT?,-0.04812834224598931,0.7902624305760928,-0.3852512167251919,0.30032831880497973
1055,HL-60,H3K27ac,hAT-hAT19,-0.34411764705882353,0.19185563142554293,-0.7250511068377358,0.1980496290026333
1056,MG63,H3K9me3,Alu,0.0005103279375985329,0.5916739299441265,-0.001354329284877515,0.002374981611314479
1057,MG63,H3K9me3,L1,-0.0004056200798573556,0.7681325855285924,-0.00310218914402671,0.0022909548832462977
1058,MG63,H3K9me3,MIR,-0.0014037583814058914,0.3134571886488275,-0.0041332351876269095,0.0013257393411390168
1059,MG63,H3K9me3,L2,0.00015542641259574147,0.9260473179405314,-0.0031265447758077568,0.003437394252702696
1060,MG63,H3K9me3,ERVL-MaLR,0.0042504714939101415,0.03400208069530301,0.0003209357938789635,0.008179875930761806
1061,MG63,H3K9me3,hAT-Charlie,-0.0012327196040199764,0.5632717850629056,-0.005412837041450384,0.0029474409134804353
1062,MG63,H3K9me3,ERV1,0.006060243935817816,0.04746984489561931,6.75822021932745e-05,0.012052470414175611
1063,MG63,H3K9me3,ERVL,-0.0009927680694983814,0.7507179422809553,-0.007117417545767348,0.005131955887853471
1064,MG63,H3K9me3,TcMar-Tigger,0.004283913590213478,0.17777664718047542,-0.0019465510622268666,0.010514045662478532
1065,MG63,H3K9me3,hAT-Tip100,0.01076015898404567,0.013142017791441429,0.002255846050158843,0.019262915601330113
1066,MG63,H3K9me3,CR1,0.010037715258474003,0.033434239286116156,0.0007873531722261499,0.019286359652135168
1067,MG63,H3K9me3,Gypsy,-0.005971298523655077,0.45477319857709264,-0.02162581819148193,0.009686148496271526
1068,MG63,H3K9me3,hAT-Blackjack,0.000738447976686086,0.9278493528732262,-0.015244242821178361,0.016720761515487872
1069,MG63,H3K9me3,TcMar-Mariner,0.005934727950831313,0.4705887931108609,-0.010186693386413209,0.022053064895376163
1070,MG63,H3K9me3,RTE-X,0.0066398414653520066,0.519207299023273,-0.013550252622455183,0.0268245234370263
1071,MG63,H3K9me3,ERVK,-0.000363571635461882,0.9751130150300185,-0.023202252017359128,0.022475488034584004
1072,MG63,H3K9me3,TcMar-Tc2,0.0038234758308402866,0.7575512889709357,-0.020450513096966216,0.028092959742160924
1073,MG63,H3K9me3,SVA,-0.014350435106383503,0.3139895697422818,-0.042264506404419956,0.01358602232194022
1074,MG63,H3K9me3,RTE-BovB,-0.0004023920176905041,0.978268636845911,-0.029348760945905182,0.028544651248668045
1075,MG63,H3K9me3,tRNA-RTE,0.007182970218282716,0.6550433870365584,-0.024326608668256772,0.038678291547967585
1076,MG63,H3K9me3,hAT-Ac,-0.037241540179607714,0.040018051448603445,-0.0727019828651278,-0.0016870604725626442
1077,MG63,H3K9me3,hAT,0.012463623328985962,0.5183359507427168,-0.025356503237743654,0.05024812296298439
1078,MG63,H3K9me3,MULE-MuDR,0.018011367945651575,0.38781689546774956,-0.022871864786986724,0.05883445994336812
1079,MG63,H3K9me3,PiggyBac,-0.04655738815755923,0.033268150099965074,-0.089268690116848,-0.003675170858799848
1080,MG63,H3K9me3,5S-Deu-L2,0.05416494756653079,0.018839160249733703,0.008945295613650624,0.09916351909511444
1081,MG63,H3K9me3,Helitron,0.015114340117468103,0.5348942365736492,-0.032622880475701034,0.06278275788477922
1082,MG63,H3K9me3,hAT-Tag1,0.001904891891169295,0.9378497148610611,-0.04595230587927295,0.049753365629423514
1083,MG63,H3K9me3,tRNA,0.02485246449844862,0.33675712656534873,-0.025869024044581853,0.07544632163328108
1084,MG63,H3K9me3,Penelope,0.005568891326526021,0.8865360525001548,-0.0708365419934708,0.08190935787874329
1085,MG63,H3K9me3,TcMar-Tc1,-0.014361948841413015,0.7143371961535213,-0.091049361491137,0.062494795805689125
1086,MG63,H3K9me3,Dong-R4,-0.04038375804523749,0.4046403913176816,-0.13469317600346684,0.054650733177678434
1087,MG63,H3K9me3,tRNA-Deu,-0.010292421661952097,0.8340174629962454,-0.10622010092125321,0.08582507672436632
1088,MG63,H3K9me3,Kolobok,0.07223360035616498,0.17508890515825434,-0.032380561468610486,0.1752821877211409
1089,MG63,H3K9me3,PIF-Harbinger,-0.046321729553362,0.3896641745902166,-0.1509239134259295,0.05930626547658124
1090,MG63,H3K9me3,Crypton,-0.13481407495208875,0.023313941021541794,-0.2480192211435815,-0.017976649587169304
1091,MG63,H3K9me3,Merlin,0.0769348196978625,0.2659000406276687,-0.058944436074816024,0.21001510680315427
1092,MG63,H3K9me3,TcMar,0.11539538392337018,0.09943143791493046,-0.022445412752091814,0.2489307704488752
1093,MG63,H3K9me3,L1-Tx1,-0.19581477177597814,0.022332819309058713,-0.35394669040575893,-0.02679847656416087
1094,MG63,H3K9me3,Crypton-A,-0.10960789749819011,0.21445939702531533,-0.27705582835953,0.06430138772666939
1095,MG63,H3K9me3,I-Jockey,0.12800481883050693,0.18468532163787765,-0.062354841717320336,0.30937820336123645
1096,MG63,H3K9me3,hAT-Tip100?,0.024862637362637358,0.8453843212309314,-0.22234211750985625,0.26906373640712644
1097,MG63,H3K9me3,TcMar-Pogo,0.19391495601173017,0.2875820379396089,-0.16931347933684332,0.5107645364188862
1098,MG63,H3K9me3,hAT?,0.07288006111535524,0.6820918588412582,-0.27242146678098406,0.4015508613933929
1099,MG63,H3K9me3,hAT-hAT19,0.044117647058823525,0.8711220048065985,-0.46189247481035667,0.5284606726859619
1100,MG63,H3K36me3,Alu,0.001433981048799418,0.13170982146671004,-0.0004305309026501811,0.0032984830300845777
1101,MG63,H3K36me3,L1,0.00037086716155918225,0.7875228415268947,-0.0023260088108185547,0.003067737739209386
1102,MG63,H3K36me3,MIR,0.0021176364302476543,0.12833628577022538,-0.0006117053163373644,0.004846946627210794
1103,MG63,H3K36me3,L2,0.0002528774972202406,0.8799638957590341,-0.003029113048174391,0.0035348625949028927
1104,MG63,H3K36me3,ERVL-MaLR,0.00041512734474660355,0.8359580134764913,-0.0035142044449197845,0.004344446315612185
1105,MG63,H3K36me3,hAT-Charlie,-0.002707035412201251,0.20431339220475533,-0.006886776179416352,0.0014727999429256001
1106,MG63,H3K36me3,ERV1,0.007324070726430513,0.01659713707449223,0.0013316076996873587,0.01331600776203653
1107,MG63,H3K36me3,ERVL,-0.004654008387627307,0.13638689920525346,-0.010778186362818735,0.0014705187173711986
1108,MG63,H3K36me3,TcMar-Tigger,0.0017223409719805845,0.5879219797995818,-0.004507655472973607,0.00795220372146409
1109,MG63,H3K36me3,hAT-Tip100,0.002676556805549161,0.5373182214033149,-0.005827544090686872,0.011180270580892935
1110,MG63,H3K36me3,CR1,0.002151858412062971,0.6485403780200819,-0.007101381854692397,0.011404730196984283
1111,MG63,H3K36me3,Gypsy,-0.015022027783941327,0.060060180010411975,-0.030673596399761804,0.0006369058975800534
1112,MG63,H3K36me3,hAT-Blackjack,0.008424961798414761,0.30148539420295534,-0.007556722723351354,0.02440234346304913
1113,MG63,H3K36me3,TcMar-Mariner,0.0030471937695641205,0.7109903536769817,-0.013071064912223668,0.019163869280871534
1114,MG63,H3K36me3,RTE-X,-0.0027346452138615326,0.7906401139034321,-0.022920402072514036,0.01745334045074338
1115,MG63,H3K36me3,ERVK,-0.013532458439182736,0.2456223027925404,-0.03636423691250726,0.009313440018653583
1116,MG63,H3K36me3,TcMar-Tc2,-0.0003043776820345096,0.9803942707126206,-0.0245761990491033,0.023967802321125626
1117,MG63,H3K36me3,SVA,-0.0186207017381996,0.19159069919694685,-0.04654266708376401,0.009330338666749264
1118,MG63,H3K36me3,RTE-BovB,0.03791616030042044,0.010239755093020357,0.008968902008984585,0.0667999234695237
1119,MG63,H3K36me3,tRNA-RTE,0.005531480071237155,0.7307785731519602,-0.025972885253716816,0.03702486862118663
1120,MG63,H3K36me3,hAT-Ac,0.02168922288204033,0.23188781908422218,-0.013875902903205345,0.05719953899256758
1121,MG63,H3K36me3,hAT,0.018554657983171716,0.33633113548355575,-0.019275865571506314,0.05633212880962233
1122,MG63,H3K36me3,MULE-MuDR,0.004835463660622928,0.8165945157579985,-0.036017225255249634,0.0456720183549738
1123,MG63,H3K36me3,PiggyBac,-0.014480264742276363,0.5076020880074461,-0.05726219485340563,0.028354748538752646
1124,MG63,H3K36me3,5S-Deu-L2,-0.024437615652822032,0.28945171034501976,-0.06956395905003605,0.02078853636297028
1125,MG63,H3K36me3,Helitron,-0.0020984449722488514,0.9313054272435366,-0.04977624341234428,0.04558889567390293
1126,MG63,H3K36me3,hAT-Tag1,0.015906129690265218,0.5145899254924253,-0.03193140926195623,0.06367096076238729
1127,MG63,H3K36me3,tRNA,0.022991463560959834,0.37419571293072174,-0.027728625150906495,0.07359347290685812
1128,MG63,H3K36me3,Penelope,0.02702379953796151,0.48859997673037747,-0.04946691868035484,0.10319936717016685
1129,MG63,H3K36me3,TcMar-Tc1,-0.02760842387875224,0.4812556244257866,-0.10412740017638804,0.049235476062939425
1130,MG63,H3K36me3,Dong-R4,-0.03765582484263498,0.43714277560025394,-0.13200469703311365,0.057369213108522395
1131,MG63,H3K36me3,tRNA-Deu,-0.09237462094662433,0.0594686941843181,-0.1869462717283764,0.0038935066431849937
1132,MG63,H3K36me3,Kolobok,0.021684988169616094,0.6838733052440764,-0.08260168585145193,0.12550188673467869
1133,MG63,H3K36me3,PIF-Harbinger,-0.1768471483451094,0.0009378869445891526,-0.27773250430893487,-0.07210360881496204
1134,MG63,H3K36me3,Crypton,-0.15366025440551628,0.009627807010701523,-0.2661416145332856,-0.03705046896939105
1135,MG63,H3K36me3,Merlin,-0.06252702619080824,0.36612967580394296,-0.19606845012560514,0.0732914547286574
1136,MG63,H3K36me3,TcMar,-0.00041962464315725,0.9952355622141422,-0.1374467404444628,0.13662325107917997
1137,MG63,H3K36me3,L1-Tx1,-0.08927760932087232,0.2995185851200311,-0.25351725600030095,0.07996509985552865
1138,MG63,H3K36me3,Crypton-A,0.0819819659923047,0.353785103024565,-0.09178522548595314,0.250903747546217
1139,MG63,H3K36me3,I-Jockey,0.02737466407191178,0.7775157604040691,-0.1615936906145813,0.2144065561591298
1140,MG63,H3K36me3,hAT-Tip100?,-0.028571428571428574,0.8226700110051012,-0.272514547239657,0.218823089872904
1141,MG63,H3K36me3,TcMar-Pogo,0.2162756598240469,0.23447947802069363,-0.14736113381856297,0.5284075830577603
1142,MG63,H3K36me3,hAT?,-0.07074102368220014,0.6909564511123021,-0.3997231859761521,0.2743858878696849
1143,MG63,H3K36me3,hAT-hAT19,0.02941176470588235,0.9138955872505001,-0.47328372956885056,0.5176571840679537
1144,MG63,H3K27me3,Alu,-0.0016414444240814426,0.08442628439552904,-0.0035058545275109113,0.0002229770908524377
1145,MG63,H3K27me3,L1,-0.000208907811276512,0.8792904763196383,-0.002904991218046654,0.0024871786325428467
1146,MG63,H3K27me3,MIR,0.00016777306357789967,0.9040944667537075,-0.0025613066215597587,0.002896850249611853
1147,MG63,H3K27me3,L2,-0.00035432985360804483,0.8323831911227769,-0.0036356145276379578,0.002926962450458534
1148,MG63,H3K27me3,ERVL-MaLR,-0.00016756908296377608,0.9333821350372576,-0.004096584378970638,0.003761451386631934
1149,MG63,H3K27me3,hAT-Charlie,-0.000789444434133136,0.7112251311228921,-0.004968869085431075,0.003390007796748048
1150,MG63,H3K27me3,ERV1,0.0023750756673202303,0.4371944661826689,-0.0036164733049035024,0.008366454119371822
1151,MG63,H3K27me3,ERVL,-0.004248269849495945,0.17388872578652695,-0.010371224289599513,0.0018750031530553252
1152,MG63,H3K27me3,TcMar-Tigger,0.005237255334696765,0.09940476013248402,-0.0009924170532372221,0.011466521234626879
1153,MG63,H3K27me3,hAT-Tip100,-0.007838523730601885,0.07081551297160134,-0.01634119795005957,0.0006652840891091953
1154,MG63,H3K27me3,CR1,0.004404843528314867,0.3506295113049398,-0.004844879871159824,0.01365381324081253
1155,MG63,H3K27me3,Gypsy,0.004547283749488407,0.5692053211896149,-0.011109990065587744,0.020202328300653494
1156,MG63,H3K27me3,hAT-Blackjack,0.001466256482487519,0.8572364952086369,-0.014508105244177678,0.01743986992325701
1157,MG63,H3K27me3,TcMar-Mariner,0.004720560662061761,0.5658345827673519,-0.011392527944770737,0.02083119837345723
1158,MG63,H3K27me3,RTE-X,-0.009847466226268215,0.3389627555999635,-0.03002469066880693,0.010337780390632312
1159,MG63,H3K27me3,ERVK,-0.009760247455248477,0.402025188580182,-0.03257846267659871,0.013068137019016407
1160,MG63,H3K27me3,TcMar-Tc2,-0.0025023862804221778,0.8398522016226759,-0.026767219567620692,0.021765394103797093
1161,MG63,H3K27me3,SVA,-0.02717899162741057,0.05661442099858039,-0.0550860685220838,0.000770515241213246
1162,MG63,H3K27me3,RTE-BovB,0.013019377839999844,0.37795976602782333,-0.01592509097030922,0.04194204457854275
1163,MG63,H3K27me3,tRNA-RTE,-0.030800575809239575,0.05540700620835724,-0.06225941173528045,0.0007194006982866032
1164,MG63,H3K27me3,hAT-Ac,0.02365211918462705,0.19217799681726017,-0.011901410019536676,0.059145920342955585
1165,MG63,H3K27me3,hAT,0.006130180281654898,0.7507276640918128,-0.03168422891853428,0.04392706549596939
1166,MG63,H3K27me3,MULE-MuDR,0.035426324045033326,0.08925597884459521,-0.005448575394055869,0.07618303984539686
1167,MG63,H3K27me3,PiggyBac,-0.017329695071739506,0.42834409064285806,-0.06015458112210893,0.025558868930208038
1168,MG63,H3K27me3,5S-Deu-L2,0.016577495908755773,0.4725387997648235,-0.028655554134539338,0.061742792873326104
1169,MG63,H3K27me3,Helitron,-0.027009789802444617,0.26696818495092517,-0.07459103675215735,0.02069416103244853
1170,MG63,H3K27me3,hAT-Tag1,-0.032299766126187006,0.18509589778701868,-0.07994230190601515,0.015490005148110601
1171,MG63,H3K27me3,tRNA,-0.030337415706158683,0.24107991381873667,-0.08092260885554525,0.020403657851028965
1172,MG63,H3K27me3,Penelope,0.044222522438491244,0.2565854407384802,-0.03224029166405892,0.12017071097752627
1173,MG63,H3K27me3,TcMar-Tc1,-0.012277443743581052,0.7541691025425521,-0.0889215826620319,0.06451123234465282
1174,MG63,H3K27me3,Dong-R4,0.02497852783843635,0.6071706016066898,-0.0702121302612776,0.11971837453391497
1175,MG63,H3K27me3,tRNA-Deu,-0.04238646394219043,0.3879472797520874,-0.1378979141844558,0.0539060493723358
1176,MG63,H3K27me3,Kolobok,0.01411726365365305,0.7909595940896573,-0.09010836078927727,0.11803701611761021
1177,MG63,H3K27me3,PIF-Harbinger,-0.04759326171803846,0.3760767543019038,-0.15202226722064432,0.057886618833982904
1178,MG63,H3K27me3,Crypton,-0.04268140384201958,0.47450992260279734,-0.1585421807577029,0.07433883902389588
1179,MG63,H3K27me3,Merlin,0.05811916242380991,0.4009505468536295,-0.0776722629920865,0.19179349850315483
1180,MG63,H3K27me3,TcMar,0.02132285188810089,0.7615359153754254,-0.11606672356451501,0.15791177853047844
1181,MG63,H3K27me3,L1-Tx1,-0.14551092825181103,0.09097441189035742,-0.3071530441558016,0.02429172696126964
1182,MG63,H3K27me3,Crypton-A,-0.0740151007226391,0.40264870189564883,-0.24332694722609843,0.09967393983320115
1183,MG63,H3K27me3,I-Jockey,0.1473079418033547,0.12637327711381344,-0.042984430983411225,0.3272863479531594
1184,MG63,H3K27me3,hAT-Tip100?,0.10164835164835163,0.42415544999630084,-0.14848843206357437,0.33956052022943695
1185,MG63,H3K27me3,TcMar-Pogo,0.13856304985337242,0.4494663153564632,-0.22245625725496276,0.4661648843197609
1186,MG63,H3K27me3,hAT?,0.0267379679144385,0.8806834920967785,-0.3143260062623658,0.3616885040452226
1187,MG63,H3K27me3,hAT-hAT19,-0.2764705882352941,0.2999421284923735,-0.684611693761416,0.26365264480027495
1188,MG63,H3K4me3,Alu,-0.0001039253079663687,0.9130443630106491,-0.0019692257863678456,0.0017613758936195797
1189,MG63,H3K4me3,L1,0.0002726995870295509,0.842893733744169,-0.002424063472775834,0.0029694586804080735
1190,MG63,H3K4me3,MIR,0.0001577548037126595,0.9098194760102072,-0.002572036755242764,0.0028875440115675604
1191,MG63,H3K4me3,L2,-0.0022779575402555007,0.17372231094727006,-0.005559972629105024,0.0010041066241823521
1192,MG63,H3K4me3,ERVL-MaLR,-0.0005959631095059849,0.7663091512690734,-0.004526092325112466,0.0033341845165851198
1193,MG63,H3K4me3,hAT-Charlie,-0.0014287819282222853,0.5029670341974857,-0.005609445816560447,0.002751931905174273
1194,MG63,H3K4me3,ERV1,-0.0017770754418130737,0.5611290768291908,-0.007770082824276377,0.004216059595144194
1195,MG63,H3K4me3,ERVL,0.0007490257204011599,0.8105787389959991,-0.005376049924147181,0.006874045163709398
1196,MG63,H3K4me3,TcMar-Tigger,0.001126946173418977,0.7229760043943585,-0.005103979480246219,0.007357784322106153
1197,MG63,H3K4me3,hAT-Tip100,-0.0038894530758907123,0.37006733660116176,-0.012393668735548417,0.004615325213090723
1198,MG63,H3K4me3,CR1,-0.003848495751297658,0.4149066855055462,-0.013099708435121342,0.005403375735720655
1199,MG63,H3K4me3,Gypsy,0.0020275173043908298,0.799655893609877,-0.013629832922203888,0.017683873487669317
1200,MG63,H3K4me3,hAT-Blackjack,0.010925098272332949,0.18032426176908836,-0.005058239096426001,0.026902854918230242
1201,MG63,H3K4me3,TcMar-Mariner,0.0005422295971292272,0.9474473368705452,-0.015580394078542574,0.016664571384414587
1202,MG63,H3K4me3,RTE-X,0.008394843112942049,0.4151306362983421,-0.011796638144305684,0.028579481121348782
1203,MG63,H3K4me3,ERVK,0.0024961261809574612,0.8304630476005241,-0.020351699217084532,0.025341345788804776
1204,MG63,H3K4me3,TcMar-Tc2,-0.008115133455150553,0.512465752176178,-0.03238860192098688,0.01616790230381911
1205,MG63,H3K4me3,SVA,-0.0041262408238309425,0.772468588407844,-0.032086323438012744,0.023840294900593324
1206,MG63,H3K4me3,RTE-BovB,-0.018376032321069807,0.21357918220595581,-0.047306329620321885,0.010585068216531171
1207,MG63,H3K4me3,tRNA-RTE,0.025613851342764855,0.11093812787424281,-0.005887525727856924,0.05706444191791343
1208,MG63,H3K4me3,hAT-Ac,0.004644596082583529,0.7979977254272808,-0.030916798895095913,0.040194247454837524
1209,MG63,H3K4me3,hAT,0.00038109483179698265,0.9842435821907853,-0.037426156860536366,0.03818725709039287
1210,MG63,H3K4me3,MULE-MuDR,-0.012141476553883574,0.5602325809801614,-0.052953193982558704,0.02871073256868774
1211,MG63,H3K4me3,PiggyBac,-0.019821434460837974,0.3648577377556026,-0.06262854514927844,0.0230584718868578
1212,MG63,H3K4me3,5S-Deu-L2,-0.024021624462315743,0.29812824599750404,-0.0691854984502536,0.02124051689485037
1213,MG63,H3K4me3,Helitron,0.00163030824521476,0.9465725749137102,-0.04602782905935614,0.0492810408488766
1214,MG63,H3K4me3,hAT-Tag1,-0.03716644551041788,0.12804537272012886,-0.08488488651400011,0.010722093483783602
1215,MG63,H3K4me3,tRNA,0.028081159980370276,0.27740809087075063,-0.02260820167679635,0.07862651394145732
1216,MG63,H3K4me3,Penelope,0.04530417532361736,0.24548264002353215,-0.031217637159668833,0.12129799978985098
1217,MG63,H3K4me3,TcMar-Tc1,0.013784059927403178,0.7255606231162699,-0.06312931663735627,0.0905346668651192
1218,MG63,H3K4me3,Dong-R4,0.03935153189736388,0.4173141308286339,-0.05579124943227204,0.13378608787352808
1219,MG63,H3K4me3,tRNA-Deu,-0.08978533872317632,0.06700122612290858,-0.18441440413452462,0.006493043046933603
1220,MG63,H3K4me3,Kolobok,-0.04889864784001302,0.3582936355692842,-0.15227296652910646,0.05553398698227561
1221,MG63,H3K4me3,PIF-Harbinger,-0.095786754943776,0.07433351194856429,-0.19914684395087176,0.009681046274919544
1222,MG63,H3K4me3,Crypton,-0.020988615018549383,0.7251689019019023,-0.13726290801281973,0.09585623415792036
1223,MG63,H3K4me3,Merlin,-0.050376498377504485,0.4666893211133386,-0.18427503958177577,0.08535785028966503
1224,MG63,H3K4me3,TcMar,0.023756326582194547,0.735282781517487,-0.11366786835674589,0.16028854627131775
1225,MG63,H3K4me3,L1-Tx1,-0.12146822913951592,0.15892462620149653,-0.2845694164637088,0.04846718299934848
1226,MG63,H3K4me3,Crypton-A,0.01678312892769805,0.8496834855958081,-0.15586530114970873,0.18843651956999294
1227,MG63,H3K4me3,I-Jockey,0.1126401630988787,0.2435515948859306,-0.07769430750720502,0.29505253053524894
1228,MG63,H3K4me3,hAT-Tip100?,0.13429487179487176,0.29006190087241146,-0.11643504163567658,0.36893320892995823
1229,MG63,H3K4me3,TcMar-Pogo,0.02309384164222874,0.9001614122502035,-0.32828666310359583,0.3688597607831233
1230,MG63,H3K4me3,hAT?,-0.02796027501909855,0.8752706198485265,-0.36275634397812917,0.3132285215645925
1231,MG63,H3K4me3,hAT-hAT19,0.26176470588235295,0.3274104118125859,-0.2773673136231458,0.6755222880989646
1232,VCaP,CTCF,Alu,0.000409787075905536,0.6662215276874712,-0.0014522443265174861,0.002271815636736928
1233,VCaP,CTCF,L1,0.0009979578130332436,0.468037567291707,-0.001697408305092315,0.0036933094308983175
1234,VCaP,CTCF,MIR,-0.00048738159769487976,0.7259575802321864,-0.0032127043576825973,0.002237948402254495
1235,VCaP,CTCF,L2,0.003717793205836954,0.026329828895422545,0.00043740851248085823,0.006998097886260443
1236,VCaP,CTCF,ERVL-MaLR,-0.0002169523435089727,0.9137088047708133,-0.004141002704462198,0.0037071046987946134
1237,VCaP,CTCF,hAT-Charlie,-0.003459331967893026,0.1043097717881383,-0.007633410815330662,0.0007148674278952053
1238,VCaP,CTCF,ERV1,-0.00041346336240595554,0.8922367900321474,-0.006395134775954636,0.00556823763905725
1239,VCaP,CTCF,ERVL,-0.00369998472075232,0.23575199360377652,-0.009815969926373635,0.0024162772990788486
1240,VCaP,CTCF,TcMar-Tigger,-0.0025270420258352994,0.4260638304819365,-0.00874953774737728,0.003695649394480854
1241,VCaP,CTCF,hAT-Tip100,0.002638506323662819,0.5426975612110903,-0.005856721620299945,0.011133353445859891
1242,VCaP,CTCF,CR1,0.004286012097677413,0.36351683340523266,-0.004958665227236388,0.013529956867205808
1243,VCaP,CTCF,Gypsy,-0.005890559165849757,0.4606804121453909,-0.02153762407138872,0.009759390750360863
1244,VCaP,CTCF,hAT-Blackjack,-0.004019591619357742,0.6215986513190052,-0.019978611574709024,0.011941476133942388
1245,VCaP,CTCF,TcMar-Mariner,0.02091152521893671,0.010863256156945859,0.004819361751795397,0.03699286083654681
1246,VCaP,CTCF,RTE-X,-0.028023413313920564,0.006487757301391299,-0.04817961616414426,-0.007844396489751803
1247,VCaP,CTCF,ERVK,-0.012273212376008348,0.29116393790855394,-0.03505060145259497,0.010516920662619125
1248,VCaP,CTCF,TcMar-Tc2,-0.005236143940043337,0.6721904973102751,-0.02948226542962231,0.019016135672028023
1249,VCaP,CTCF,SVA,0.016959878870514603,0.2337616788581588,-0.010959891701864103,0.044853225954304306
1250,VCaP,CTCF,RTE-BovB,0.008707718770352244,0.5551130456548257,-0.020213109890942833,0.037613987139658245
1251,VCaP,CTCF,tRNA-RTE,0.005826550018755154,0.7168443206397008,-0.025657701345507176,0.037299253997993526
1252,VCaP,CTCF,hAT-Ac,0.026072322483503232,0.15033076548141014,-0.00946351890944104,0.06154239299102722
1253,VCaP,CTCF,hAT,0.01273438004574735,0.5088161365590567,-0.025043773483085473,0.05047621389896562
1254,VCaP,CTCF,MULE-MuDR,-0.00947795870790966,0.6491791158378424,-0.050278176510036986,0.03135384147256835
1255,VCaP,CTCF,PiggyBac,-0.042736922748566594,0.05048340759143549,-0.08542544065281905,0.00010821247209804871
1256,VCaP,CTCF,5S-Deu-L2,-0.020911491727231963,0.3644488824414791,-0.06602648152683156,0.024288821298965875
1257,VCaP,CTCF,Helitron,0.012941622172570907,0.5940942346896727,-0.03465193864963,0.060476615978828314
1258,VCaP,CTCF,hAT-Tag1,-0.01563444127412827,0.5213036024915666,-0.06334349833762948,0.032145912373710596
1259,VCaP,CTCF,tRNA,-0.016488681873758987,0.5225679589906282,-0.066948840007056,0.034055607002285236
1260,VCaP,CTCF,Penelope,0.023835251611782095,0.5407167650523184,-0.05253003825394116,0.09992339489433484
1261,VCaP,CTCF,TcMar-Tc1,-0.0062752248959219575,0.8726475585663607,-0.08284387015924756,0.0703670742899204
1262,VCaP,CTCF,Dong-R4,0.043460967103102245,0.3697606243917959,-0.0515829161101339,0.13772462696061694
1263,VCaP,CTCF,tRNA-Deu,-0.029522389052918496,0.5472337753753327,-0.12510391492552808,0.06660209723674161
1264,VCaP,CTCF,Kolobok,0.025357447538075072,0.6344401931018437,-0.07910345400618031,0.1292675081049814
1265,VCaP,CTCF,PIF-Harbinger,-0.02877884788773106,0.5920861093462039,-0.1333774692790381,0.07645384743044448
1266,VCaP,CTCF,Crypton,0.0310553884319793,0.6028923119606808,-0.08588103198603947,0.14714781419851852
1267,VCaP,CTCF,Merlin,-0.011716164654965916,0.8653348082808492,-0.14623883455346137,0.12323194430564306
1268,VCaP,CTCF,TcMar,-0.030247638148128114,0.6683604375322443,-0.16729157148978546,0.10794301543036859
1269,VCaP,CTCF,L1-Tx1,-0.09214089612720588,0.28422349871270475,-0.25623726554633125,0.07711767471916796
1270,VCaP,CTCF,Crypton-A,-0.10499217283489395,0.23268343502695282,-0.2720675270558096,0.06822803923544744
1271,VCaP,CTCF,I-Jockey,0.0631452136039292,0.5142035593827985,-0.1266451808209925,0.24847569242751322
1272,VCaP,CTCF,hAT-Tip100?,0.14880952380952378,0.24057106965005903,-0.10205380649085885,0.3818775345063321
1273,VCaP,CTCF,TcMar-Pogo,-0.07624633431085043,0.678318447814448,-0.41437307763678594,0.2803760427532218
1274,VCaP,CTCF,hAT?,-0.10832696715049654,0.5419798602848378,-0.4315540574844649,0.23955071606481754
1275,VCaP,CTCF,hAT-hAT19,-0.07352941176470588,0.7866792491258565,-0.5497289631077525,0.43873896787471733
1276,VCaP,H3K27ac,Alu,0.0006045543559322288,0.5246051089242454,-0.001257733790598176,0.002466838309139895
1277,VCaP,H3K27ac,L1,-0.00013295413670044126,0.9229874107659497,-0.002828528135358443,0.0025626217940801855
1278,VCaP,H3K27ac,MIR,-0.002108128011744023,0.12951303740955336,-0.004833553972541557,0.0006173292676774625
1279,VCaP,H3K27ac,L2,-1.58379828719646e-05,0.9924500277585496,-0.00329629921004548,0.0032646235851801434
1280,VCaP,H3K27ac,ERVL-MaLR,-0.0011682088434233817,0.559597058937195,-0.005092563165528283,0.0027561814611939475
1281,VCaP,H3K27ac,hAT-Charlie,0.0018886107678555742,0.37522959282768764,-0.002285890520474125,0.006063046233384584
1282,VCaP,H3K27ac,ERV1,-0.003269093226374771,0.28415982265444417,-0.009251311819196856,0.002713359359781808
1283,VCaP,H3K27ac,ERVL,-0.004250860515410507,0.1732028975723117,-0.01036778791647656,0.001866385015150745
1284,VCaP,H3K27ac,TcMar-Tigger,0.005462945712209108,0.0853308978892372,-0.0007601890378008708,0.01168565734692635
1285,VCaP,H3K27ac,hAT-Tip100,-0.002305640091617173,0.5947662309377764,-0.010800521720082426,0.0061895743155287
1286,VCaP,H3K27ac,CR1,-0.0029535249396204755,0.5312014532400243,-0.012197753282452704,0.006291208226604864
1287,VCaP,H3K27ac,Gypsy,0.003929514267871566,0.6226527935664097,-0.011721179198387527,0.019578282917655968
1288,VCaP,H3K27ac,hAT-Blackjack,-0.006855751069350385,0.39999208958161425,-0.022817913426167204,0.009109905778763245
1289,VCaP,H3K27ac,TcMar-Mariner,-0.0058034450503734215,0.479779466137102,-0.021896817050814855,0.010292933758322999
1290,VCaP,H3K27ac,RTE-X,-0.010762529458148271,0.29593622711553863,-0.030936957164724183,0.009420663931456203
1291,VCaP,H3K27ac,ERVK,0.00412929915760284,0.7225617189138741,-0.018665050816493278,0.026919358843932005
1292,VCaP,H3K27ac,TcMar-Tc2,-0.012336650561133205,0.3188477091905819,-0.03658003945673072,0.01192125075697543
1293,VCaP,H3K27ac,SVA,-0.03726459690146942,0.008863589001276127,-0.06511627767846202,-0.009354901641117363
1294,VCaP,H3K27ac,RTE-BovB,0.02618576807130261,0.07592082420279267,-0.0027364491808638904,0.05506421310108933
1295,VCaP,H3K27ac,tRNA-RTE,0.003463982951879133,0.8292205137568611,-0.02800626887140406,0.034927374892119584
1296,VCaP,H3K27ac,hAT-Ac,0.015442884823377384,0.39413490271813945,-0.02007962547095094,0.05092645538415634
1297,VCaP,H3K27ac,hAT,0.00015474959801754087,0.9935943659491961,-0.03761005016946318,0.03791910796905199
1298,VCaP,H3K27ac,MULE-MuDR,-0.004076410841323644,0.8449194787129821,-0.04489671728843068,0.03675748538001523
1299,VCaP,H3K27ac,PiggyBac,0.009056730772433309,0.6786556919755423,-0.03378266038531338,0.05186290291438235
1300,VCaP,H3K27ac,5S-Deu-L2,-0.005724420441550211,0.8038976627399655,-0.05087208102507376,0.03944658927723973
1301,VCaP,H3K27ac,Helitron,0.02431367388500524,0.3166823719072529,-0.023290525455148155,0.07180786550625289
1302,VCaP,H3K27ac,hAT-Tag1,-0.007664355205610723,0.7532298943091111,-0.05539821787883247,0.040104461895493125
1303,VCaP,H3K27ac,tRNA,-0.018525586309269055,0.47251615639907063,-0.0689778547360997,0.032021202462857286
1304,VCaP,H3K27ac,Penelope,0.026247255917210756,0.5008569681982521,-0.05018317036719354,0.102372045443335
1305,VCaP,H3K27ac,TcMar-Tc1,0.003547684528184077,0.9277924463704837,-0.07308013738621419,0.08013386580674892
1306,VCaP,H3K27ac,Dong-R4,0.03749014074389643,0.4391639342519299,-0.057534288948575575,0.131841375622222
1307,VCaP,H3K27ac,tRNA-Deu,0.019092854258699627,0.6971127644438311,-0.0769718872389467,0.11480636183787492
1308,VCaP,H3K27ac,Kolobok,0.017815293635278572,0.7379958323019011,-0.08644127179471227,0.12168588612047325
1309,VCaP,H3K27ac,PIF-Harbinger,0.05637105120811343,0.29364671126477104,-0.04898188580338396,0.16048342929876663
1310,VCaP,H3K27ac,Crypton,-0.005009399815155024,0.9332559907995321,-0.12174327661861842,0.11186116443758187
1311,VCaP,H3K27ac,Merlin,-0.03502632594860839,0.6120625921521986,-0.16901816227281238,0.10023671423418257
1312,VCaP,H3K27ac,TcMar,0.03504898717384649,0.6195839545339852,-0.10320085204525814,0.17197028545780388
1313,VCaP,H3K27ac,L1-Tx1,0.09085043353233835,0.29105094551668165,-0.07840124837829919,0.2550116213915989
1314,VCaP,H3K27ac,Crypton-A,0.13724571708283118,0.11800541581504351,-0.03591907418462124,0.3024092003264329
1315,VCaP,H3K27ac,I-Jockey,-0.084070058381985,0.3847715957128205,-0.2682466540196074,0.10603553203992663
1316,VCaP,H3K27ac,hAT-Tip100?,0.1672161172161172,0.18660680247705808,-0.083698193560984,0.3981909139953895
1317,VCaP,H3K27ac,TcMar-Pogo,-0.16752199413489735,0.3594340541212673,-0.48966286389452485,0.19486065891139318
1318,VCaP,H3K27ac,hAT?,-0.1920550038197097,0.27653114853371397,-0.5003112063792758,0.15940991216640504
1319,VCaP,H3K27ac,hAT-hAT19,0.12941176470588234,0.63288233246826,-0.39332360678280714,0.5889186780225588
1320,C4-2B,CTCF,Alu,-0.0009458355353097879,0.32094832928541256,-0.0028136211775584025,0.0009219567062956414
1321,C4-2B,CTCF,L1,0.0023015599292843443,0.09485066213685361,-0.0003990651017862496,0.005002151388312576
1322,C4-2B,CTCF,MIR,0.0012168727560173426,0.3820434912047799,-0.0015115638280757402,0.00394529122251109
1323,C4-2B,CTCF,L2,-0.00015314525388217482,0.9271391349804088,-0.003435541121433225,0.0031292539136837617
1324,C4-2B,CTCF,ERVL-MaLR,0.0011882478549414,0.5539153376553005,-0.002746385616744103,0.00512284453557956
1325,C4-2B,CTCF,hAT-Charlie,0.0005878938082751826,0.7829283121781174,-0.0035944189138182193,0.004770185963891675
1326,C4-2B,CTCF,ERV1,0.0052472453100404805,0.08760640251432372,-0.0007735530012383883,0.011267663209467536
1327,C4-2B,CTCF,ERVL,0.0010879811502897086,0.7279115780183183,-0.005041265998914928,0.007217146554652835
1328,C4-2B,CTCF,TcMar-Tigger,-0.002507268886528177,0.4305637504204557,-0.00874152781729116,0.0037271849464999996
1329,C4-2B,CTCF,hAT-Tip100,0.0010947886208084263,0.8007324315286601,-0.0074065156451146846,0.009595934643979568
1330,C4-2B,CTCF,CR1,-0.0015835069350745915,0.737343734258834,-0.01083737028516267,0.007670627627666287
1331,C4-2B,CTCF,Gypsy,-0.014463232495791805,0.0702519913087143,-0.030116130338858932,0.0011967574080604525
1332,C4-2B,CTCF,hAT-Blackjack,0.009640140011427064,0.23749581083366925,-0.006355423456938561,0.02563077152760085
1333,C4-2B,CTCF,TcMar-Mariner,-0.002282938924174394,0.7818205768568234,-0.018437594365392704,0.013872908181500571
1334,C4-2B,CTCF,RTE-X,0.00821703482930501,0.42503178164115296,-0.011972276224134748,0.02839964898967171
1335,C4-2B,CTCF,ERVK,-0.01802028365235294,0.1253376351397364,-0.04104667440896409,0.005025238431117578
1336,C4-2B,CTCF,TcMar-Tc2,0.016912820488757776,0.17279254340990374,-0.00740501503586061,0.04121066370592018
1337,C4-2B,CTCF,SVA,0.00964622903023509,0.5003266819712742,-0.018405973998836467,0.03768325712121741
1338,C4-2B,CTCF,RTE-BovB,-0.004819309326836461,0.7441343169277087,-0.033748861148060104,0.02411831167459964
1339,C4-2B,CTCF,tRNA-RTE,0.007304509324412384,0.6494670436322683,-0.024192941630653997,0.038787472720098026
1340,C4-2B,CTCF,hAT-Ac,-0.007438637691780994,0.6820222559690865,-0.04300141328273898,0.0281429643554991
1341,C4-2B,CTCF,hAT,0.012475456936562605,0.5180167543510263,-0.025351719612912743,0.0502669594587574
1342,C4-2B,CTCF,MULE-MuDR,-0.020985115228603992,0.31390186350621024,-0.06176429033353594,0.019864004411161016
1343,C4-2B,CTCF,PiggyBac,-0.03144918841112122,0.15113884191955224,-0.07428748032014752,0.011504956265118991
1344,C4-2B,CTCF,5S-Deu-L2,0.028677522709163687,0.2135551707851065,-0.016525598724609444,0.0737636564009099
1345,C4-2B,CTCF,Helitron,0.030752780168087537,0.2070478113989112,-0.017036955836722878,0.07840232563752117
1346,C4-2B,CTCF,hAT-Tag1,-0.053924026554744375,0.02700070591742027,-0.10149295012280025,-0.0061090866603584855
1347,C4-2B,CTCF,tRNA,0.014413127674517022,0.5764851875026656,-0.03616191845774371,0.06491453305558521
1348,C4-2B,CTCF,Penelope,-0.026217993340039495,0.5032937470854324,-0.10269097263679483,0.0505630849582777
1349,C4-2B,CTCF,TcMar-Tc1,0.014050796977048731,0.7202637158932268,-0.06280461960234222,0.09074054941274157
1350,C4-2B,CTCF,Dong-R4,-0.0073353286596715885,0.8797290592271381,-0.10205244475254704,0.08751359301600636
1351,C4-2B,CTCF,tRNA-Deu,-0.06341960943469942,0.19565258951733586,-0.15846560243116797,0.032790939457656154
1352,C4-2B,CTCF,Kolobok,0.05387791482271474,0.3120853581444645,-0.05071733885981789,0.15730408452332545
1353,C4-2B,CTCF,PIF-Harbinger,-0.08654953838808066,0.10650395129405296,-0.18999509450283159,0.018796617850251888
1354,C4-2B,CTCF,Crypton,0.04037245499746345,0.49876152904799786,-0.07663301605674298,0.15628108037235125
1355,C4-2B,CTCF,Merlin,-0.036336612351944374,0.5996821099413348,-0.1706115874807325,0.09926332285645273
1356,C4-2B,CTCF,TcMar,-0.0951977450514183,0.17776120842439722,-0.2305208629187224,0.04373777185831602
1357,C4-2B,CTCF,L1-Tx1,-0.1740210978066133,0.0419771485615021,-0.33318125418657835,-0.005218181686748165
1358,C4-2B,CTCF,Crypton-A,-0.008966478807100522,0.9193534144014772,-0.1808767018114859,0.1634754008977191
1359,C4-2B,CTCF,I-Jockey,-0.036169029747011396,0.7088622973357721,-0.22281440613294165,0.15303423288644302
1360,C4-2B,CTCF,hAT-Tip100?,0.08221153846153846,0.5150120188376537,-0.16540472436864131,0.3200774688228242
1361,C4-2B,CTCF,TcMar-Pogo,-0.07184750733137829,0.6959699616344138,-0.4106535454804418,0.2843919480075432
1362,C4-2B,CTCF,hAT?,-0.056149732620320865,0.7562846412420678,-0.39214271674113094,0.29306129732443026
1363,C4-2B,CTCF,hAT-hAT19,-0.011764705882352941,0.9655081698956276,-0.5045417383784665,0.48679378978142623
1364,C4-2B,H3K27ac,Alu,-0.0011627622360018718,0.22235259045309735,-0.0030303115966183788,0.0007047952354869777
1365,C4-2B,H3K27ac,L1,-0.00016392697005255296,0.905394155527758,-0.0028672508724426862,0.0025393993282832876
1366,C4-2B,H3K27ac,MIR,1.8283880869134498e-05,0.9896969579110295,-0.0027568127894660906,0.002793380269590148
1367,C4-2B,H3K27ac,L2,0.0007988159112563755,0.6334622528134823,-0.0024844359961847472,0.0040820505967162505
1368,C4-2B,H3K27ac,ERVL-MaLR,-0.00040770154735329534,0.8392573463277007,-0.004347071659704206,0.0035316812189849054
1369,C4-2B,H3K27ac,hAT-Charlie,0.0004543474417741024,0.8330213018136283,-0.0037694794017733547,0.004678158073615628
1370,C4-2B,H3K27ac,ERV1,0.0050985379241798735,0.09788491578300658,-0.0009388351462642543,0.011135539325718015
1371,C4-2B,H3K27ac,ERVL,0.003555541443800636,0.2562803116114772,-0.0025831181665913663,0.009693933094557346
1372,C4-2B,H3K27ac,TcMar-Tigger,-0.0009359404396668699,0.7716946317492436,-0.007257917300512144,0.005386111236325116
1373,C4-2B,H3K27ac,hAT-Tip100,-0.0011913520205602923,0.784689096943519,-0.009737546858016434,0.007355016847304858
1374,C4-2B,H3K27ac,CR1,0.008645382673105505,0.06789320099495097,-0.0006358980383934226,0.017925174048220527
1375,C4-2B,H3K27ac,Gypsy,-0.013302592107516133,0.09667985694454932,-0.028992239930883044,0.0023936088774224318
1376,C4-2B,H3K27ac,hAT-Blackjack,-0.012363303170805988,0.13964294715511177,-0.028762162096156882,0.00404220901194561
1377,C4-2B,H3K27ac,TcMar-Mariner,0.0019886204419870424,0.819751682428703,-0.01511560437106838,0.0190916817698466
1378,C4-2B,H3K27ac,RTE-X,0.0004783498438198083,0.9629688929087361,-0.019713110507809883,0.020669420161147405
1379,C4-2B,H3K27ac,ERVK,-0.01984707079755535,0.09205515349694657,-0.042919155552225155,0.0032461716970168543
1380,C4-2B,H3K27ac,TcMar-Tc2,-0.00039309264771685514,0.9752748779578788,-0.025247238559499695,0.024461538922748306
1381,C4-2B,H3K27ac,SVA,0.031924153606391885,0.025769671121340095,0.0038566477797382604,0.05994139954822256
1382,C4-2B,H3K27ac,RTE-BovB,-0.040731630021929185,0.005802479728304044,-0.06960508608272607,-0.011789986445293221
1383,C4-2B,H3K27ac,tRNA-RTE,0.02294614154222263,0.1581757506617697,-0.008928388759938378,0.05477408955543531
1384,C4-2B,H3K27ac,hAT-Ac,0.01398070833300049,0.4426249638866525,-0.02171146962898992,0.049637293928051524
1385,C4-2B,H3K27ac,hAT,0.008381945462115797,0.66965394526487,-0.03012160922876536,0.04686066157445594
1386,C4-2B,H3K27ac,MULE-MuDR,-0.023263389291567977,0.26496534168115893,-0.06409769164183736,0.0176486835253915
1387,C4-2B,H3K27ac,PiggyBac,-0.03577220273923539,0.112367450049359,-0.07981248509225186,0.008407460839467864
1388,C4-2B,H3K27ac,5S-Deu-L2,0.010532649052424337,0.6506529851424563,-0.035046754811694864,0.05606832726984034
1389,C4-2B,H3K27ac,Helitron,-0.006930736887549638,0.7785320798910571,-0.05518487636141946,0.04135570165642307
1390,C4-2B,H3K27ac,hAT-Tag1,0.009590586665006057,0.6943707449846586,-0.038238279771448974,0.05737561042969041
1391,C4-2B,H3K27ac,tRNA,0.013220485214422706,0.6120413079457867,-0.03786531874868457,0.06423736565976428
1392,C4-2B,H3K27ac,Penelope,-0.060184344895329936,0.12619332547587733,-0.1366993130774419,0.017044487054143853
1393,C4-2B,H3K27ac,TcMar-Tc1,-0.09463393506262638,0.019400732031991944,-0.17289404830422922,-0.01518640097486677
1394,C4-2B,H3K27ac,Dong-R4,0.019710055888365663,0.6842931261149309,-0.07522645583908086,0.11429246409937897
1395,C4-2B,H3K27ac,tRNA-Deu,-0.03528875780306156,0.47718804471594833,-0.13195121870771478,0.06203851676833315
1396,C4-2B,H3K27ac,Kolobok,-0.0498510555760446,0.3616051165689965,-0.15592116676915638,0.05735563530413141
1397,C4-2B,H3K27ac,PIF-Harbinger,-0.07725573003548952,0.15642841505332505,-0.18258343148551792,0.02982510447812198
1398,C4-2B,H3K27ac,Crypton,-0.05688674495896523,0.35907318162905566,-0.17695059679060937,0.06484537649887936
1399,C4-2B,H3K27ac,Merlin,0.0022385879648186054,0.9756768267163948,-0.14091697597862693,0.14530245714466736
1400,C4-2B,H3K27ac,TcMar,-0.04350822128770757,0.5554238225136534,-0.18628801702256756,0.10107126417999056
1401,C4-2B,H3K27ac,L1-Tx1,0.07654333376898774,0.3739961172967251,-0.09260349589599423,0.24139628330142676
1402,C4-2B,H3K27ac,Crypton-A,-0.09218341166340906,0.31459109738185226,-0.26665387735462603,0.08813705621270894
1403,C4-2B,H3K27ac,I-Jockey,-0.012501158372718008,0.8973447855561636,-0.2001394109874092,0.17602166677202208
1404,C4-2B,H3K27ac,hAT-Tip100?,0.10018315018315017,0.430899416882357,-0.14991766162381218,0.33823387510361774
1405,C4-2B,H3K27ac,TcMar-Pogo,0.038916256157635463,0.8411461270131033,-0.3324588759307719,0.39984295659130137
1406,C4-2B,H3K27ac,hAT?,0.15909090909090912,0.3765234818652653,-0.1970313079704332,0.4781242286931117
1407,C4-2B,H3K27ac,hAT-hAT19,-0.3727272727272728,0.25892587368422215,-0.803425817087778,0.3140465341131191
1408,RWPE2,CTCF,Alu,0.00028655882054500734,0.7631656767875297,-0.001577349820025384,0.002150465470017603
1409,RWPE2,CTCF,L1,-0.0004702720217794345,0.73237316368503,-0.0031655729691961137,0.0022250357583767275
1410,RWPE2,CTCF,MIR,0.0010817281203120833,0.436868395128288,-0.001645178669054133,0.0038086188222491296
1411,RWPE2,CTCF,L2,0.0015817294083512378,0.3446077605739457,-0.0016984901621961116,0.0048619149408545585
1412,RWPE2,CTCF,ERVL-MaLR,0.0008998223531734676,0.6532546718819401,-0.0030259113369876345,0.004825528308490614
1413,RWPE2,CTCF,hAT-Charlie,0.006353049941092783,0.002869324098715306,0.00217656775654691,0.010529310495910656
1414,RWPE2,CTCF,ERV1,-0.002299034959852414,0.45154543789732693,-0.008284240637986528,0.003686335438905099
1415,RWPE2,CTCF,ERVL,0.0002864528234173929,0.9268915932908559,-0.0058322767539065856,0.006405160951885284
1416,RWPE2,CTCF,TcMar-Tigger,-0.0033084005959729376,0.29756299781459045,-0.009533103917727777,0.0029165591198906946
1417,RWPE2,CTCF,hAT-Tip100,-0.0040975535471314455,0.3445280048962457,-0.012593190387762587,0.004398674833398278
1418,RWPE2,CTCF,CR1,-0.005260216164494118,0.26482656406672184,-0.014505452978780784,0.003985919989831019
1419,RWPE2,CTCF,Gypsy,0.01196936585971439,0.13386775881683677,-0.0036812975033010667,0.02761416694813301
1420,RWPE2,CTCF,hAT-Blackjack,-0.004823829500001347,0.5539496077070807,-0.02079580283376422,0.011150605426100375
1421,RWPE2,CTCF,TcMar-Mariner,-0.004823340841203351,0.5574059215489566,-0.020933940021326997,0.011289762596170424
1422,RWPE2,CTCF,RTE-X,0.016597596174340094,0.10690579939719623,-0.003581277758925717,0.036762958786715524
1423,RWPE2,CTCF,ERVK,-0.0035414882878856795,0.7608906129347004,-0.02634581116644407,0.019266518642830827
1424,RWPE2,CTCF,TcMar-Tc2,-0.006851724379306032,0.5798099868666337,-0.03109839652147215,0.017403007091767002
1425,RWPE2,CTCF,SVA,0.005824618843632132,0.6827878610595441,-0.02210878930228799,0.033748940025868444
1426,RWPE2,CTCF,RTE-BovB,-0.007712978747783333,0.6011428650089183,-0.036617288025819275,0.021204224803074847
1427,RWPE2,CTCF,tRNA-RTE,0.02474210107789531,0.12367630668246056,-0.006763518629296507,0.056198649028500414
1428,RWPE2,CTCF,hAT-Ac,0.006622009626090149,0.7148228770551275,-0.028894557144190283,0.04212187716206124
1429,RWPE2,CTCF,hAT,0.012539128383618184,0.51549222388659,-0.025252926080478258,0.050295393386413235
1430,RWPE2,CTCF,MULE-MuDR,0.024630077207118496,0.23678361902543518,-0.01618458867311047,0.06536279874325665
1431,RWPE2,CTCF,PiggyBac,-0.012766771888808337,0.5592034032678719,-0.055563545486117465,0.030076826824090817
1432,RWPE2,CTCF,5S-Deu-L2,0.0002571897478808923,0.9910966753768767,-0.04489179154406709,0.04540512253725088
1433,RWPE2,CTCF,Helitron,-0.005558925042818963,0.8191577463429207,-0.0531715978110488,0.042078965648706404
1434,RWPE2,CTCF,hAT-Tag1,-0.03016112835073889,0.2159239968827638,-0.07781330954078873,0.017628548729022524
1435,RWPE2,CTCF,tRNA,-0.00548750393930912,0.8314989317247045,-0.05598486037041399,0.04503785493781638
1436,RWPE2,CTCF,Penelope,-0.030273250180186298,0.43749066394136393,-0.10636167117514435,0.04616764847872962
1437,RWPE2,CTCF,TcMar-Tc1,0.008704224629516283,0.8244431705380757,-0.0681266370632771,0.08543245406721595
1438,RWPE2,CTCF,Dong-R4,0.06306235258952392,0.19287365067421086,-0.032009604716885874,0.15700337281595142
1439,RWPE2,CTCF,tRNA-Deu,-0.092890981244036,0.05775168748762682,-0.18733877779663324,0.003258607316580459
1440,RWPE2,CTCF,Kolobok,-0.006192260860667103,0.9077076377795857,-0.11050469978863259,0.09825511459285481
1441,RWPE2,CTCF,PIF-Harbinger,0.08048010620109444,0.1334762606297356,-0.024879120089012684,0.18407111666306256
1442,RWPE2,CTCF,Crypton,0.04096703182673117,0.49245452483507623,-0.07604233209859494,0.15686342304542944
1443,RWPE2,CTCF,Merlin,-0.05143336458985978,0.4563039234364584,-0.18498744068462342,0.08398607507854905
1444,RWPE2,CTCF,TcMar,0.08369510214580222,0.23515185638304673,-0.054886305177294106,0.2191130368898211
1445,RWPE2,CTCF,L1-Tx1,0.04330167072398209,0.6153686626485111,-0.1254020671858533,0.20957159049816412
1446,RWPE2,CTCF,Crypton-A,0.05826136741509216,0.5086106306644431,-0.11455245737385666,0.22765258768702826
1447,RWPE2,CTCF,I-Jockey,0.18591418774905014,0.05292487909515809,-0.003904722339672157,0.3628014154559879
1448,RWPE2,CTCF,hAT-Tip100?,-0.12335164835164833,0.33150897416316916,-0.3591271895778657,0.12722423758547863
1449,RWPE2,CTCF,TcMar-Pogo,-0.09860703812316715,0.591319882378066,-0.43315052253526565,0.2598162154176022
1450,RWPE2,CTCF,hAT?,0.10954927425515659,0.5374033954573788,-0.23840640726074963,0.4325791270612775
1451,RWPE2,CTCF,hAT-hAT19,0.09705882352941177,0.7206513082372035,-0.4198497353097381,0.5664229902492608
1452,RWPE2,H3K27ac,Alu,-0.00011798398341663156,0.9013557574489882,-0.001983624929814942,0.001747657784295966
1453,RWPE2,H3K27ac,L1,0.0006474674118029802,0.6378360958369109,-0.002048391917987041,0.003343317330479093
1454,RWPE2,H3K27ac,MIR,-0.00033654948954413803,0.8089272574211674,-0.0030644038063960995,0.0023913098359744232
1455,RWPE2,H3K27ac,L2,0.002034516933046457,0.22415225419807458,-0.0012459332009106196,0.005314923279096643
1456,RWPE2,H3K27ac,ERVL-MaLR,-0.0005472541708395474,0.7847616988597619,-0.004474448331564646,0.0033799568704054946
1457,RWPE2,H3K27ac,hAT-Charlie,0.0031666362397832493,0.1374466054647748,-0.0010118021478713955,0.007344964054451085
1458,RWPE2,H3K27ac,ERV1,0.0011608932229278683,0.7039205062056357,-0.004826213103542276,0.007147916324980975
1459,RWPE2,H3K27ac,ERVL,-0.0024534855003551953,0.4320674031641084,-0.008573964486211245,0.0036671773085524533
1460,RWPE2,H3K27ac,TcMar-Tigger,-0.0012357516834544764,0.6973081077954547,-0.007462620965160596,0.004991213429699803
1461,RWPE2,H3K27ac,hAT-Tip100,-0.006918614199218669,0.11061753666175629,-0.015417203404324087,0.0015809745791942665
1462,RWPE2,H3K27ac,CR1,-0.006289564629848051,0.1825146598794305,-0.015536071422214944,0.0029580178191660313
1463,RWPE2,H3K27ac,Gypsy,0.011903440070241756,0.13606049304607845,-0.003748722776460769,0.02754977181119462
1464,RWPE2,H3K27ac,hAT-Blackjack,-0.00881923084597937,0.2795702049675999,-0.02480121143862099,0.007167256648900842
1465,RWPE2,H3K27ac,TcMar-Mariner,0.008397789765225252,0.30787016781370236,-0.007744061392609177,0.024535265555276613
1466,RWPE2,H3K27ac,RTE-X,-0.004175168193003256,0.685079513331843,-0.02434949034568216,0.016002553205827275
1467,RWPE2,H3K27ac,ERVK,-0.004505318260225304,0.6989693632854248,-0.027333745741938056,0.018327806059953787
1468,RWPE2,H3K27ac,TcMar-Tc2,0.012517871694845337,0.31179018562339045,-0.01174005431095822,0.036761072128816
1469,RWPE2,H3K27ac,SVA,0.01006460445818834,0.4804035824925863,-0.017890581806802728,0.03800406715376787
1470,RWPE2,H3K27ac,RTE-BovB,0.016214470271629634,0.27176201426710844,-0.01270543076005962,0.045107267306068635
1471,RWPE2,H3K27ac,tRNA-RTE,0.0031842688755802893,0.8430033436100014,-0.0283223199858089,0.0346845371156904
1472,RWPE2,H3K27ac,hAT-Ac,0.006760634366914124,0.709121869170136,-0.02875605784655933,0.04226027778112719
1473,RWPE2,H3K27ac,hAT,-0.009734594258967605,0.6137288531739244,-0.04750364278812109,0.028062250160828892
1474,RWPE2,H3K27ac,MULE-MuDR,0.002493202989222798,0.9047105962687665,-0.03831181877935633,0.043289923780920884
1475,RWPE2,H3K27ac,PiggyBac,-0.0027581314503139116,0.8996468393645132,-0.04559869578148712,0.04009255942526355
1476,RWPE2,H3K27ac,5S-Deu-L2,-0.007695010690453254,0.738675164380324,-0.05286173637620036,0.0375031348494023
1477,RWPE2,H3K27ac,Helitron,-0.06538300778636895,0.007103702779470032,-0.11270884152864634,-0.017761195900799952
1478,RWPE2,H3K27ac,hAT-Tag1,0.015258577345126761,0.531369265663626,-0.032521334382217944,0.06296890610956991
1479,RWPE2,H3K27ac,tRNA,0.029500485846600352,0.2527275029965861,-0.021071183090763362,0.07992157841361679
1480,RWPE2,H3K27ac,Penelope,-0.025521188372137144,0.5127800897854282,-0.10165234105374962,0.05090715190916634
1481,RWPE2,H3K27ac,TcMar-Tc1,-0.04344644337861854,0.26759374346680226,-0.1198079650194283,0.0334261132923218
1482,RWPE2,H3K27ac,Dong-R4,-0.04526405396239972,0.35021604510651716,-0.13950028505266923,0.049784705463397576
1483,RWPE2,H3K27ac,tRNA-Deu,0.02019751097252357,0.6808901484052529,-0.0759897648318523,0.11601234753117705
1484,RWPE2,H3K27ac,Kolobok,-0.06406068518359768,0.22926013232243303,-0.16728379292901724,0.040551630425769404
1485,RWPE2,H3K27ac,PIF-Harbinger,0.014464782064095594,0.7880218504786894,-0.09080978135297373,0.11941963363005685
1486,RWPE2,H3K27ac,Crypton,0.019380927981976426,0.7454647998323574,-0.09744766943587274,0.13568265590523546
1487,RWPE2,H3K27ac,Merlin,-0.07722669385207118,0.2640852433210922,-0.21029721666509948,0.05865335370994336
1488,RWPE2,H3K27ac,TcMar,-0.05273247901697955,0.45606798936106807,-0.18949774483101553,0.08604001486945052
1489,RWPE2,H3K27ac,L1-Tx1,0.12798915359981922,0.1360966313735162,-0.041288619912137475,0.29012437119315737
1490,RWPE2,H3K27ac,Crypton-A,0.0965898096031407,0.27242557915049825,-0.07659934017672271,0.2641211431105016
1491,RWPE2,H3K27ac,I-Jockey,0.09915670466129183,0.30497547932851454,-0.09109900549144208,0.2824288467091034
1492,RWPE2,H3K27ac,hAT-Tip100?,-0.0921245421245421,0.46905806408969064,-0.3309244619709772,0.1577642625149249
1493,RWPE2,H3K27ac,TcMar-Pogo,0.07441348973607037,0.6856535457189803,-0.2820504714179574,0.41282429829419687
1494,RWPE2,H3K27ac,hAT?,0.31367456073338423,0.07083888205509593,-0.03594364946383209,0.5948835490320327
1495,RWPE2,H3K27ac,hAT-hAT19,0.15882352941176472,0.5568612810855389,-0.36862760305346826,0.6089136522221239
1496,RWPE2,H3K36me3,Alu,-0.00041312894279003985,0.6637658639572399,-0.0022757459755811957,0.0014494909565773762
1497,RWPE2,H3K36me3,L1,0.0006039309212469693,0.6605165837904408,-0.002091155840299193,0.0032990089095228732
1498,RWPE2,H3K36me3,MIR,-0.0009415607086947606,0.4984057604951735,-0.0036674322191318693,0.0017843247941258052
1499,RWPE2,H3K36me3,L2,0.0012695381452013316,0.44809151050512497,-0.0020105148882923855,0.004549563861596812
1500,RWPE2,H3K36me3,ERVL-MaLR,0.002328774283929871,0.24482432353060493,-0.0015957950276749714,0.00625327185975613
1501,RWPE2,H3K36me3,hAT-Charlie,-0.000789614279444368,0.7108411052812946,-0.004964125454354832,0.003384924416159941
1502,RWPE2,H3K36me3,ERV1,-0.006535520644235077,0.03227428143799299,-0.01251800814093876,-0.0005525652763456466
1503,RWPE2,H3K36me3,ERVL,-0.00012776860046440067,0.9673476083399157,-0.00624523106843302,0.005989703430576678
1504,RWPE2,H3K36me3,TcMar-Tigger,-0.00214374228295667,0.49956840215944154,-0.00836670029289993,0.004079381765904424
1505,RWPE2,H3K36me3,hAT-Tip100,-0.0015584134441105851,0.7191559880629281,-0.010052410038637504,0.006935808029674235
1506,RWPE2,H3K36me3,CR1,0.0016290289003856174,0.7298063278675686,-0.00761522183862453,0.010873001225895356
1507,RWPE2,H3K36me3,Gypsy,0.00033039629679533565,0.966988164417411,-0.015315605912922367,0.01597623674786873
1508,RWPE2,H3K36me3,hAT-Blackjack,-0.00171598289196954,0.8331381114676004,-0.017678394085381324,0.014247302811902987
1509,RWPE2,H3K36me3,TcMar-Mariner,0.009052397994859792,0.2703077289273331,-0.0070431543485324774,0.025143260968834485
1510,RWPE2,H3K36me3,RTE-X,-0.009844659856738922,0.3389211986270243,-0.030014403480370704,0.010333097706797426
1511,RWPE2,H3K36me3,ERVK,-0.008184085968019254,0.48181211415789404,-0.030980435012569998,0.014620772927520283
1512,RWPE2,H3K36me3,TcMar-Tc2,-0.013149407405890413,0.28782120103125713,-0.03738266960799565,0.011099311324511807
1513,RWPE2,H3K36me3,SVA,-0.011827206134468924,0.4068721498681602,-0.039758806442681115,0.0161228635245251
1514,RWPE2,H3K36me3,RTE-BovB,0.01260812836526986,0.3927978488358427,-0.016311011237314273,0.04150619121225862
1515,RWPE2,H3K36me3,tRNA-RTE,-0.009806652845833964,0.5414696923469462,-0.041265833977449574,0.02167195303719663
1516,RWPE2,H3K36me3,hAT-Ac,-0.004427015368967555,0.8069902082588433,-0.0399244710570076,0.031081600738318074
1517,RWPE2,H3K36me3,hAT,0.01202805087421946,0.5325292210410404,-0.025742576391800488,0.04976438541511542
1518,RWPE2,H3K36me3,MULE-MuDR,0.013174875457929416,0.5269770497439767,-0.027642814226515655,0.05394870381057805
1519,RWPE2,H3K36me3,PiggyBac,0.0003541361621326812,0.9870721043907369,-0.04246170056807566,0.04316867452964824
1520,RWPE2,H3K36me3,5S-Deu-L2,-0.031498013246497335,0.17174910685265388,-0.07656070852368227,0.0136930966346945
1521,RWPE2,H3K36me3,Helitron,-0.0026994612186704123,0.9115718981884808,-0.05030541015605885,0.04491872667388293
1522,RWPE2,H3K36me3,hAT-Tag1,0.0029912910618326858,0.9023463131860352,-0.04476864902940288,0.05073758858817426
1523,RWPE2,H3K36me3,tRNA,0.00042441931654779534,0.9868742875649115,-0.05010593639468115,0.050952607766361416
1524,RWPE2,H3K36me3,Penelope,-0.018924020335098057,0.6272099011734811,-0.09505264246107833,0.0574246655332377
1525,RWPE2,H3K36me3,TcMar-Tc1,-0.054036828217977846,0.16782940253641915,-0.130277103127502,0.02283872280520553
1526,RWPE2,H3K36me3,Dong-R4,-0.020370496429757676,0.6743106826387821,-0.11494511081822123,0.07457008191312851
1527,RWPE2,H3K36me3,tRNA-Deu,-0.027750340833817562,0.5715521516896219,-0.12335537991346929,0.0683650937089176
1528,RWPE2,H3K36me3,Kolobok,0.010232816696816837,0.847643438299104,-0.09395802768707819,0.11420194121216763
1529,RWPE2,H3K36me3,PIF-Harbinger,0.0242207043153044,0.6520450831315332,-0.0809806069632615,0.12888830596290274
1530,RWPE2,H3K36me3,Crypton,0.041073716805446615,0.491327376335257,-0.07593633908843599,0.1569679064415517
1531,RWPE2,H3K36me3,Merlin,-0.014083327403582787,0.8384675139528948,-0.14855697819012403,0.12090170395574235
1532,RWPE2,H3K36me3,TcMar,0.11572298353890091,0.1001461340852285,-0.02280589275338526,0.24989175768284405
1533,RWPE2,H3K36me3,L1-Tx1,-0.05041438318176918,0.5585136149685996,-0.21640350198072836,0.11840741755722739
1534,RWPE2,H3K36me3,Crypton-A,-0.018595700328978698,0.8330309467932242,-0.1895311435502876,0.15343376906482087
1535,RWPE2,H3K36me3,I-Jockey,-0.08042813455657492,0.4057693721235379,-0.26481396269144625,0.10963149117745463
1536,RWPE2,H3K36me3,hAT-Tip100?,-0.034249084249084245,0.7881826334726463,-0.2777882139548092,0.2134266198757133
1537,RWPE2,H3K36me3,TcMar-Pogo,0.18951612903225803,0.29886789838059397,-0.17359830300630236,0.5072684093066281
1538,RWPE2,H3K36me3,hAT?,0.14102368220015277,0.42630392886081303,-0.20868486232693287,0.45875689525696256
1539,RWPE2,H3K36me3,hAT-hAT19,0.12941176470588234,0.63288233246826,-0.39332360678280714,0.5889186780225588
1540,22Rv1,CTCF,Alu,-0.0009295109085615214,0.32771211707795234,-0.002790900077754931,0.0009318847017420924
1541,22Rv1,CTCF,L1,-0.000945423446584567,0.49172501371923294,-0.003640411259481154,0.0017495780995383276
1542,22Rv1,CTCF,MIR,0.0012483771727618141,0.36919773173182713,-0.0014763868613283054,0.003973122670198386
1543,22Rv1,CTCF,L2,0.0027252500793082416,0.10342129386071737,-0.0005547262279527824,0.006005167749368286
1544,22Rv1,CTCF,ERVL-MaLR,0.005418599402188887,0.006785833969229325,0.0014955862789243443,0.009341445742811153
1545,22Rv1,CTCF,hAT-Charlie,-0.00022530359870995736,0.9157280835348479,-0.004398425724202237,0.003947826374098513
1546,22Rv1,CTCF,ERV1,0.004432844703346625,0.1463129502655111,-0.001548021445993325,0.01041339373082324
1547,22Rv1,CTCF,ERVL,-0.001008752396316215,0.7464530741246653,-0.007123705588883232,0.005106276237114004
1548,22Rv1,CTCF,TcMar-Tigger,-0.002999500658263274,0.34468583725183444,-0.009220711882210285,0.003221942758600504
1549,22Rv1,CTCF,hAT-Tip100,0.002660756916833694,0.5391663262738446,-0.00583168031632965,0.01115281036911649
1550,22Rv1,CTCF,CR1,-0.000403534824716798,0.9318151779044029,-0.009647115094807196,0.008840114404977796
1551,22Rv1,CTCF,Gypsy,0.01044403417821551,0.19073818484355556,-0.005201669573709364,0.02608462589375209
1552,22Rv1,CTCF,hAT-Blackjack,-0.0023918048551104837,0.7688970930808658,-0.018345018647801123,0.01356262649019601
1553,22Rv1,CTCF,TcMar-Mariner,-0.006810164204976222,0.4066189375119774,-0.022891198802804325,0.009274393540403986
1554,22Rv1,CTCF,RTE-X,-0.02219883302032759,0.031029281709834815,-0.04235649389830848,-0.002023106911472759
1555,22Rv1,CTCF,ERVK,-0.010371254490667546,0.37243489015187714,-0.033151905808753254,0.012420167567946231
1556,22Rv1,CTCF,TcMar-Tc2,-0.00978324533539295,0.4289551653404168,-0.034014329164437127,0.014459333419246977
1557,22Rv1,CTCF,SVA,0.0319093921340179,0.024956334576363204,0.004010258527087867,0.05975888948304104
1558,22Rv1,CTCF,RTE-BovB,-0.0066530389447580825,0.6519431697756393,-0.03554913566747468,0.022254172911185924
1559,22Rv1,CTCF,tRNA-RTE,0.014942184774449828,0.35192840146207993,-0.016522281058385,0.046377085903271255
1560,22Rv1,CTCF,hAT-Ac,0.007613410204141654,0.6744692826327021,-0.027909863313438584,0.04311747822710532
1561,22Rv1,CTCF,hAT,0.03749524190309039,0.051620341624751695,-0.0002759763085218935,0.07515962622975313
1562,22Rv1,CTCF,MULE-MuDR,-0.04172717198072778,0.04497760965873336,-0.08239681588349329,-0.0009187804303253493
1563,22Rv1,CTCF,PiggyBac,0.015043148733101745,0.49103495490496596,-0.027771923822183228,0.05780312768192106
1564,22Rv1,CTCF,5S-Deu-L2,-0.04595309248001211,0.04600073262029373,-0.0909246760410375,-0.000794465811631492
1565,22Rv1,CTCF,Helitron,-0.0125741847568293,0.6049310613577905,-0.060152378028118896,0.03506101370870931
1566,22Rv1,CTCF,hAT-Tag1,-0.00042958137269776046,0.9859414478733548,-0.048182033631673865,0.047324830112991635
1567,22Rv1,CTCF,tRNA,0.005090370092325795,0.8435299106818008,-0.04543413423343355,0.055588898470967096
1568,22Rv1,CTCF,Penelope,-0.033723379209878515,0.38741485537283726,-0.10983674392848083,0.042783186769162526
1569,22Rv1,CTCF,TcMar-Tc1,-0.042917650954384746,0.27272994880408546,-0.1191685163280981,0.03383649857143412
1570,22Rv1,CTCF,Dong-R4,0.02141755871102367,0.6586015370188492,-0.07352934040274932,0.11597969131214293
1571,22Rv1,CTCF,tRNA-Deu,-0.023895376038588455,0.6261529453314237,-0.11955002736861274,0.07219881197562902
1572,22Rv1,CTCF,Kolobok,-0.0003759185478529174,0.994368682621123,-0.10445989557420694,0.1037162041249175
1573,22Rv1,CTCF,PIF-Harbinger,0.01911758219232067,0.7219175910495277,-0.08604473394436092,0.12385859138796441
1574,22Rv1,CTCF,Crypton,0.12664804135795632,0.03319615023991874,0.00973246185426753,0.2401476232597839
1575,22Rv1,CTCF,Merlin,-0.057213675010065745,0.4072189198379045,-0.19060092193275163,0.07824793286610532
1576,22Rv1,CTCF,TcMar,-0.02257150470426226,0.7492342154361586,-0.15980187489895528,0.1155147447334246
1577,22Rv1,CTCF,L1-Tx1,-0.05639764917316228,0.5127314825364121,-0.22214111195167185,0.11251370146599272
1578,22Rv1,CTCF,Crypton-A,-0.06186199892704742,0.4827230328952774,-0.2310938626823517,0.11100322890434547
1579,22Rv1,CTCF,I-Jockey,-0.032406635158928734,0.7379853356615539,-0.2192199117652486,0.15669873247336977
1580,22Rv1,CTCF,hAT-Tip100?,0.09597069597069595,0.45062270886045097,-0.15402227811811636,0.3344157616064495
1581,22Rv1,CTCF,TcMar-Pogo,-0.0377565982404692,0.8374479866660937,-0.3815396811709677,0.3152024384545879
1582,22Rv1,CTCF,hAT?,0.27364400305576775,0.11735290012643525,-0.07759442163242156,0.564455335555953
1583,22Rv1,CTCF,hAT-hAT19,-0.45294117647058824,0.07809874141672511,-0.7853538738725695,0.08221574582333913
1584,22Rv1,H3K27ac,Alu,-0.0008285138835088492,0.38316324058323703,-0.002690553713327389,0.0010335316915653214
1585,22Rv1,H3K27ac,L1,0.0011953448862396154,0.3847270886645896,-0.0014999861089595847,0.003890658513620922
1586,22Rv1,H3K27ac,MIR,0.002063414306297586,0.1377852370578053,-0.0006616399458405312,0.004788437913147933
1587,22Rv1,H3K27ac,L2,0.0019640899678390103,0.24055283284425893,-0.0013160155396495987,0.0052441532120592665
1588,22Rv1,H3K27ac,ERVL-MaLR,-0.0017070633534507764,0.3938125889737073,-0.005630657717002517,0.002216583570048382
1589,22Rv1,H3K27ac,hAT-Charlie,0.001246102640267146,0.5584464739555112,-0.0029277216504477364,0.005419883515133521
1590,22Rv1,H3K27ac,ERV1,-0.0039332042904854465,0.19746857860634168,-0.00991445829718511,0.002048331157719802
1591,22Rv1,H3K27ac,ERVL,-0.0020377313212976427,0.5137159411439505,-0.0081531972017632,0.004077886981512997
1592,22Rv1,H3K27ac,TcMar-Tigger,0.004251931259950602,0.1804575630567902,-0.001970270639574422,0.0104738039371331
1593,22Rv1,H3K27ac,hAT-Tip100,0.0007183336178312147,0.8683433163311854,-0.0077750418490499275,0.009211605448445888
1594,22Rv1,H3K27ac,CR1,-0.0013630939711073331,0.7725812501779998,-0.010607094537947972,0.007881139559012693
1595,22Rv1,H3K27ac,Gypsy,-0.0008632784264353269,0.9138825307840348,-0.016507984063440867,0.014781849808855465
1596,22Rv1,H3K27ac,hAT-Blackjack,-0.008638198358321327,0.2886946250970491,-0.0245916406307231,0.007319642510444753
1597,22Rv1,H3K27ac,TcMar-Mariner,-0.005447661911812809,0.5069157788659011,-0.021533583290232725,0.010641079284348997
1598,22Rv1,H3K27ac,RTE-X,-0.004088574863057564,0.691224694732672,-0.02425973727681851,0.01608591523948849
1599,22Rv1,H3K27ac,ERVK,-0.009586288881696235,0.4099906247919739,-0.03238148307563231,0.013218873056271495
1600,22Rv1,H3K27ac,TcMar-Tc2,-0.008937528350901594,0.47002679288231886,-0.03317495632861047,0.01531040577193584
1601,22Rv1,H3K27ac,SVA,-0.01722670842074357,0.22643863470592998,-0.045116830077512965,0.010690246880325261
1602,22Rv1,H3K27ac,RTE-BovB,-0.009164880962520598,0.5344458023310735,-0.03806430254229894,0.019749858605780657
1603,22Rv1,H3K27ac,tRNA-RTE,-0.009944493683596081,0.5356434004771871,-0.04139131848735759,0.021522013652082637
1604,22Rv1,H3K27ac,hAT-Ac,-0.0072774117026067,0.6880630612075856,-0.04278203658404466,0.028245571133628945
1605,22Rv1,H3K27ac,hAT,-0.02542461991233992,0.18692713082251938,-0.063120688827379,0.012343891133326398
1606,22Rv1,H3K27ac,MULE-MuDR,-0.008936618387480642,0.6678461824329164,-0.049720363670182774,0.031876879762156154
1607,22Rv1,H3K27ac,PiggyBac,-0.0029014075807408664,0.8943632178128145,-0.045700801286305645,0.03990861838269176
1608,22Rv1,H3K27ac,5S-Deu-L2,-0.0432714147359422,0.06026777375792841,-0.08825653903549974,0.0018898585444636715
1609,22Rv1,H3K27ac,Helitron,-0.00946800816629329,0.6968895657023313,-0.05705568061901358,0.038162589063021564
1610,22Rv1,H3K27ac,hAT-Tag1,-0.0010225643502537888,0.9665434586755766,-0.048773633615217006,0.04673316860512632
1611,22Rv1,H3K27ac,tRNA,-0.002112380049947538,0.9347201804431002,-0.052619316965551936,0.04840533636851889
1612,22Rv1,H3K27ac,Penelope,0.01619683831856892,0.6778909794234933,-0.06019935901630457,0.0924043912403906
1613,22Rv1,H3K27ac,TcMar-Tc1,0.0178954631312114,0.6475561832429892,-0.05879898173712302,0.09437989364125189
1614,22Rv1,H3K27ac,Dong-R4,0.07625585772694952,0.1151931730214392,-0.018803927405025716,0.1699493548460474
1615,22Rv1,H3K27ac,tRNA-Deu,0.021254884531396852,0.6647933582523295,-0.07482352195976576,0.11694230105685859
1616,22Rv1,H3K27ac,Kolobok,-0.011812667033494458,0.8244769925201723,-0.11576199155629532,0.09239260441910636
1617,22Rv1,H3K27ac,PIF-Harbinger,0.030020964242277074,0.5761945834259108,-0.07521971882866649,0.1346002301382058
1618,22Rv1,H3K27ac,Crypton,0.020220906734989105,0.734837725405021,-0.09661623769893106,0.1365083558828394
1619,22Rv1,H3K27ac,Merlin,-0.04960210380960496,0.472516889225185,-0.1832076636350356,0.0858025676528838
1620,22Rv1,H3K27ac,TcMar,-0.04388851890270118,0.5341040233729246,-0.18057193285993997,0.09445793280980551
1621,22Rv1,H3K27ac,L1-Tx1,0.05314465666458116,0.53738062522407,-0.1157191162783275,0.2190227482452438
1622,22Rv1,H3K27ac,Crypton-A,0.08090611000028741,0.35828137264463744,-0.09217551344204711,0.24924212961695066
1623,22Rv1,H3K27ac,I-Jockey,-0.142331572606802,0.13984159917597952,-0.3226791768655261,0.0479887894774273
1624,22Rv1,H3K27ac,hAT-Tip100?,0.09752747252747253,0.4432762067584125,-0.15250611741934522,0.3358274965581725
1625,22Rv1,H3K27ac,TcMar-Pogo,-0.12390029325513194,0.4992876116300389,-0.45412952801071327,0.2362607730209326
1626,22Rv1,H3K27ac,hAT?,0.006569900687547746,0.9705837193985889,-0.3323375278043806,0.3439747410853186
1627,22Rv1,H3K27ac,hAT-hAT19,-0.3411764705882353,0.1959326248678891,-0.7233398097217669,0.20099378276835864
1628,RWPE1,CTCF,Alu,-0.0016176334713007418,0.08903421013501367,-0.0034820614804239674,0.0002468057840046419
1629,RWPE1,CTCF,L1,-0.002273581518799734,0.09876438502661299,-0.004972813177641262,0.0004256832705745483
1630,RWPE1,CTCF,MIR,0.0011011372606005482,0.42849010968417,-0.0016246143196995712,0.003826872478692298
1631,RWPE1,CTCF,L2,-6.65402017939738e-05,0.9682952456893881,-0.003347736308300092,0.0032146573374893903
1632,RWPE1,CTCF,ERVL-MaLR,-0.00023448316714442074,0.9068627112266268,-0.004162597686144861,0.0036936385880595272
1633,RWPE1,CTCF,hAT-Charlie,-4.478909589229431e-05,0.9832301579941378,-0.004221143877809041,0.004131567248442421
1634,RWPE1,CTCF,ERV1,0.004281984069988009,0.16219665496038496,-0.001722496096304576,0.010286155483055297
1635,RWPE1,CTCF,ERVL,-0.0005792244710884537,0.8528746620127219,-0.006700725124993471,0.0055423195934300356
1636,RWPE1,CTCF,TcMar-Tigger,-0.004234169559346436,0.18261581132551105,-0.010460751715653964,0.0019927409404236537
1637,RWPE1,CTCF,hAT-Tip100,0.0016718889752337254,0.6997204588261239,-0.006823934205981527,0.010167470812043286
1638,RWPE1,CTCF,CR1,-0.0020895447063747283,0.6579823804289499,-0.011340155996524446,0.007161424219762606
1639,RWPE1,CTCF,Gypsy,0.005518066055062178,0.48955958677628486,-0.010133339349696178,0.021166768361863694
1640,RWPE1,CTCF,hAT-Blackjack,0.009684032661393968,0.23469716977737679,-0.006288675702977396,0.025651800766395498
1641,RWPE1,CTCF,TcMar-Mariner,0.002987415761135189,0.7162473995810736,-0.013121030344517275,0.019094311640706532
1642,RWPE1,CTCF,RTE-X,0.011206885498931436,0.2764690214216551,-0.008977411319037704,0.03138205379905213
1643,RWPE1,CTCF,ERVK,-0.0048932769657431706,0.6762940788351677,-0.02785737629332414,0.01807598458342278
1644,RWPE1,CTCF,TcMar-Tc2,-0.0311228272035196,0.011860435883113293,-0.05533106775493152,-0.00687801775072775
1645,RWPE1,CTCF,SVA,-0.004966168728096287,0.7272507871640348,-0.0328630474657573,0.022938442043676174
1646,RWPE1,CTCF,RTE-BovB,-0.0007855183089398885,0.9575462606450295,-0.029700039569140073,0.028130316476179917
1647,RWPE1,CTCF,tRNA-RTE,-0.019878548858727745,0.21579339254384539,-0.051320707243722605,0.01160297853387655
1648,RWPE1,CTCF,hAT-Ac,0.007012588272948401,0.6990843538105,-0.028539363894981,0.042546821404710396
1649,RWPE1,CTCF,hAT,-0.044882595585870405,0.019800818029078373,-0.0825192471864188,-0.007118100569354539
1650,RWPE1,CTCF,MULE-MuDR,-0.026917086111473833,0.19622056509252295,-0.06766003707975458,0.013915490457446306
1651,RWPE1,CTCF,PiggyBac,-0.0033777695409916235,0.8772637829394365,-0.04621707444811665,0.039473936902823525
1652,RWPE1,CTCF,5S-Deu-L2,-0.02020156036031754,0.38070912889746045,-0.06529505975531268,0.02497427931797989
1653,RWPE1,CTCF,Helitron,-0.02335908152811101,0.3370615221388952,-0.0709551766856909,0.02434314230496074
1654,RWPE1,CTCF,hAT-Tag1,-0.028351636956592922,0.24504138722804186,-0.07604000322901,0.01946613673154866
1655,RWPE1,CTCF,tRNA,0.03030211984134378,0.24005735124628463,-0.020269780255642886,0.08071935557099845
1656,RWPE1,CTCF,Penelope,-0.06666579287733793,0.0877432360804808,-0.14251382361505976,0.009960615357327555
1657,RWPE1,CTCF,TcMar-Tc1,0.03324502310373475,0.3959941001136452,-0.04355341796725104,0.10965286865741217
1658,RWPE1,CTCF,Dong-R4,0.01953633630215942,0.686928111517493,-0.07539909551290391,0.11412078439881303
1659,RWPE1,CTCF,tRNA-Deu,0.02661966398451362,0.5873317334430874,-0.06948975962426726,0.12223947310246683
1660,RWPE1,CTCF,Kolobok,0.06682335692495271,0.2097585981238,-0.03779076574176495,0.16998862192120545
1661,RWPE1,CTCF,PIF-Harbinger,-0.0018373441576279013,0.9727166229352756,-0.10679692326475324,0.10316273295854168
1662,RWPE1,CTCF,Crypton,0.04626554261826876,0.4381757689016419,-0.07077578498203209,0.16205023666598037
1663,RWPE1,CTCF,Merlin,-0.003932011208468589,0.9547230815900565,-0.1389273094488483,0.13120675338028856
1664,RWPE1,CTCF,TcMar,-0.008780716279182007,0.9010494051667219,-0.14631624091841636,0.12908783081142325
1665,RWPE1,CTCF,L1-Tx1,-0.03609094844886328,0.6754357024652864,-0.20263307967265248,0.1324802755806694
1666,RWPE1,CTCF,Crypton-A,0.03119924517660859,0.7235221926282682,-0.14112255387555583,0.2016860779381827
1667,RWPE1,CTCF,I-Jockey,-0.0897970530998054,0.35310780605842307,-0.2736374660846993,0.10037318559922973
1668,RWPE1,CTCF,hAT-Tip100?,0.17353479853479853,0.17026695777408227,-0.07736605178635328,0.4037647229038476
1669,RWPE1,CTCF,TcMar-Pogo,0.374266862170088,0.03483063838120962,0.01688838903107764,0.6468490236724151
1670,RWPE1,CTCF,hAT?,-0.012681436210847974,0.9432531185190536,-0.34936140165428253,0.326898728739541
1671,RWPE1,CTCF,hAT-hAT19,-0.07058823529411765,0.795039302337628,-0.5476222736656013,0.4410769542672359
1672,RWPE1,H3K27ac,Alu,0.00032560783677419795,0.7320528671976946,-0.0015382553940944581,0.002189468805331134
1673,RWPE1,H3K27ac,L1,-0.0005573343339772374,0.6856795758059524,-0.0032563298305515976,0.00214166928251347
1674,RWPE1,H3K27ac,MIR,-0.00106336904669011,0.44461951976275127,-0.003789835147115362,0.0016631128632019782
1675,RWPE1,H3K27ac,L2,-0.002055733875134515,0.21945669056166694,-0.005336843002767312,0.0012254195160167015
1676,RWPE1,H3K27ac,ERVL-MaLR,-0.001321738831006506,0.5095494821484625,-0.005249531840807556,0.0026060949616940037
1677,RWPE1,H3K27ac,hAT-Charlie,-0.0034836348301432946,0.10210253280774449,-0.007660204531741022,0.0006930564116680948
1678,RWPE1,H3K27ac,ERV1,0.0005768962095718338,0.8506059265313712,-0.005426376543228478,0.006580127380793947
1679,RWPE1,H3K27ac,ERVL,-0.00015915558112647324,0.9593575988896796,-0.006280374848367519,0.005962075613042604
1680,RWPE1,H3K27ac,TcMar-Tigger,0.004452050567625885,0.16122270829325994,-0.001776431448880415,0.01068018717084748
1681,RWPE1,H3K27ac,hAT-Tip100,-0.004475487845893889,0.30183325932873506,-0.01297051811362649,0.004020188435888116
1682,RWPE1,H3K27ac,CR1,0.0023245647038187454,0.6223747182774864,-0.006926520185471641,0.011575251723620826
1683,RWPE1,H3K27ac,Gypsy,-0.006373763222173174,0.42474365871294384,-0.022021138975813745,0.009276734390060448
1684,RWPE1,H3K27ac,hAT-Blackjack,0.006377600376523251,0.4343068630738439,-0.009610303478572974,0.022362244367790125
1685,RWPE1,H3K27ac,TcMar-Mariner,-0.011453478690044561,0.16511627292319345,-0.027620696626030186,0.004719729646412534
1686,RWPE1,H3K27ac,RTE-X,-0.00967790851370619,0.34734508900844485,-0.029855252108988418,0.010507319139896077
1687,RWPE1,H3K27ac,ERVK,-0.0026816621969649995,0.8190000996253911,-0.02564564001457117,0.020285144307799426
1688,RWPE1,H3K27ac,TcMar-Tc2,0.006899512415499775,0.5774612493276647,-0.017373827017960385,0.03116472386796042
1689,RWPE1,H3K27ac,SVA,0.011393905198961949,0.423618763073204,-0.01651633923142336,0.039286407322076826
1690,RWPE1,H3K27ac,RTE-BovB,0.017691708357851325,0.2307212519130855,-0.011244095159484059,0.046597907066988124
1691,RWPE1,H3K27ac,tRNA-RTE,0.007684196869092424,0.6324270186963478,-0.023801303271214463,0.0391544682260886
1692,RWPE1,H3K27ac,hAT-Ac,0.026544831223429752,0.1433367010399974,-0.009014332839351394,0.06203694517568862
1693,RWPE1,H3K27ac,hAT,-0.00752897847740029,0.6961418100915138,-0.04528822577964737,0.0302517513011408
1694,RWPE1,H3K27ac,MULE-MuDR,-0.0172963392713971,0.4064278048321237,-0.05807713634656643,0.023542086505825996
1695,RWPE1,H3K27ac,PiggyBac,-0.0027777972025872224,0.8989351340341052,-0.04561832194110213,0.04007292628304952
1696,RWPE1,H3K27ac,5S-Deu-L2,-0.003748574035664286,0.8707996046650288,-0.04888891759557879,0.041407051479158255
1697,RWPE1,H3K27ac,Helitron,0.02870767028418449,0.23860447469438423,-0.01905337264248167,0.07633799282168129
1698,RWPE1,H3K27ac,hAT-Tag1,-0.022450331450199305,0.35734145824319763,-0.07016287961745303,0.025364703719483437
1699,RWPE1,H3K27ac,tRNA,0.03290134358231478,0.20192199599650673,-0.01765414431468404,0.08328902578486345
1700,RWPE1,H3K27ac,Penelope,0.019105436642462902,0.624967119342865,-0.05747647055262677,0.09546381765203422
1701,RWPE1,H3K27ac,TcMar-Tc1,-0.002619370153725581,0.9467354285185748,-0.07932858361983006,0.07412068225445748
1702,RWPE1,H3K27ac,Dong-R4,0.04151722094889416,0.39157061960155937,-0.053520886641907295,0.13580993875764338
1703,RWPE1,H3K27ac,tRNA-Deu,0.07106989567758847,0.14691608488398578,-0.025137047549036683,0.16597247356784262
1704,RWPE1,H3K27ac,Kolobok,-0.01765818733653613,0.7405783433030492,-0.12167743025587643,0.08674470786465086
1705,RWPE1,H3K27ac,PIF-Harbinger,-0.0018151836726661144,0.9730455664296972,-0.10677501330025949,0.1031846555129727
1706,RWPE1,H3K27ac,Crypton,0.07902021362685958,0.18500013687481806,-0.03810918491161975,0.194007683769271
1707,RWPE1,H3K27ac,Merlin,-0.13922128676983025,0.04387414610181759,-0.27014183075367215,-0.003245942546648131
1708,RWPE1,H3K27ac,TcMar,-0.12790567149854037,0.06897266907467169,-0.26154502480550873,0.01054556136095358
1709,RWPE1,H3K27ac,L1-Tx1,0.057730115975457685,0.502805814603462,-0.11119995911163208,0.22341769708796783
1710,RWPE1,H3K27ac,Crypton-A,0.039254623903873936,0.6562075275728467,-0.13323305024059434,0.2094341905727959
1711,RWPE1,H3K27ac,I-Jockey,-0.07438606245945696,0.4420561683173905,-0.2591112052517099,0.11558901571136566
1712,RWPE1,H3K27ac,hAT-Tip100?,0.001486013986013986,0.9906265349444487,-0.24250111719206213,0.24529634898151764
1713,RWPE1,H3K27ac,TcMar-Pogo,0.1378299120234604,0.451891946463031,-0.2231491278835734,0.4655653157434956
1714,RWPE1,H3K27ac,hAT?,0.16455309396485868,0.35238522798012684,-0.1861364442775943,0.4780532877264857
1715,RWPE1,H3K27ac,hAT-hAT19,0.01764705882352941,0.9482801500547112,-0.4823095822381911,0.5089320166324547
